{
    "blade_rows": [
        {
            "StageID": -1,
            "RowType": "Inlet",
            "R": 287.0025066673538,
            "gamma": 1.3685617544972988,
            "Cp": 1065.7119174113197,
            "Cv": 778.7094107439659,
            "P0_P": 0,
            "rp": 0.4,
            "total_massflow": 25.41744241435309,
            "massflow": [
                0.0,
                12.708721207176545,
                25.41744241435309
            ],
            "calculated_massflow": 0,
            "alpha1": [
                0.0,
                0.0,
                0.0
            ],
            "alpha2": [
                0.0,
                0.0,
                0.0
            ],
            "beta1": [
                0.0,
                0.0,
                0.0
            ],
            "beta2": [
                0.0,
                0.0,
                0.0
            ],
            "beta1_metal": [
                0.0,
                0.0,
                0.0
            ],
            "beta2_metal": [
                0.0,
                0.0,
                0.0
            ],
            "Vm": [
                103.03842697796618,
                105.68722972804241,
                100.38962422788995
            ],
            "Vx": [
                0.0,
                0.0,
                0.0
            ],
            "Vr": [
                3.332309938268999,
                4.69345583411684e-14,
                -3.2466464437119114
            ],
            "Vt": [
                0.0,
                0.0,
                0.0
            ],
            "V": [
                103.03842697796618,
                105.68722972804241,
                100.38962422788995
            ],
            "M": [
                0.20065951425183073,
                0.20585763129294932,
                0.19546437091152183
            ],
            "M_rel": [
                0.0,
                0.0,
                0.0
            ],
            "U": [
                0.0,
                0.0,
                0.0
            ],
            "W": [
                0.0,
                0.0,
                0.0
            ],
            "Wt": [
                0.0,
                0.0,
                0.0
            ],
            "omega": 0.0,
            "P0": [
                500000.0,
                500000.0,
                500000.0
            ],
            "T0": [
                676.3,
                676.3,
                676.3
            ],
            "P0R": [
                0.0,
                0.0,
                0.0
            ],
            "T0R": [
                0.0,
                0.0,
                0.0
            ],
            "P": [
                486461.5004669976,
                485763.9080335157,
                487142.09160211356
            ],
            "T": [
                671.3188612884435,
                671.0594698330235,
                671.5716692033711
            ],
            "rho": [
                2.5248192702853287,
                2.5248192702853287,
                2.5248192702853287
            ],
            "Yp": 0,
            "Power": 0,
            "eta_total": 0,
            "eta_static": 0,
            "euler_power": 0,
            "axial_chord": -1,
            "aspect_ratio": 0.9,
            "area": 0
        },
        {
            "StageID": 0,
            "RowType": "Stator",
            "R": 287.00250666735406,
            "gamma": 1.3775668311054612,
            "Cp": 1047.1394758684146,
            "Cv": 760.1369692010605,
            "P0_P": [
                3.96,
                3.96,
                3.96
            ],
            "rp": [
                0.4650939289817091,
                0.4605050198411827,
                0.46509392898003715
            ],
            "total_massflow": 25.442914531872255,
            "massflow": [
                0.0,
                12.721458085719675,
                25.44293292571109
            ],
            "calculated_massflow": 25.44293292571109,
            "alpha1": [
                0.0,
                0.0,
                0.0
            ],
            "alpha2": [
                73.0,
                73.0,
                73.0
            ],
            "beta1": [
                0.0,
                0.0,
                0.0
            ],
            "beta2": [
                44.69596179866825,
                40.510349771332,
                35.004409671891096
            ],
            "beta1_metal": [
                0.0,
                0.0,
                0.0
            ],
            "beta2_metal": [
                73.0,
                73.0,
                73.0
            ],
            "Vm": [
                126.65777074204719,
                126.6577707422839,
                126.65777074228606
            ],
            "Vx": [
                125.93720656177084,
                126.65712677135141,
                125.93720656200836
            ],
            "Vr": [
                -13.491141269842625,
                0.40389036973476655,
                13.491141269868015
            ],
            "Vt": [
                411.9220418471462,
                414.2767947497525,
                411.9220418479231
            ],
            "V": [
                430.95470695754915,
                433.20601745305146,
                430.9547069583619
            ],
            "M": [
                0.8941031231216171,
                0.8994726400109473,
                0.8941031231235533
            ],
            "M_rel": [
                0.3686231039298316,
                0.34589592236873445,
                0.32020551405681874
            ],
            "U": [
                287.3143561340546,
                306.06181475303015,
                323.72541498916024
            ],
            "W": [
                177.6774218298926,
                166.5913346638893,
                154.34000090277743
            ],
            "Wt": [
                124.6076857130916,
                108.21497999672238,
                88.19662685876284
            ],
            "omega": 785.3981633974483,
            "P0": [
                500000.0,
                500000.0,
                500000.0
            ],
            "T0": [
                676.3,
                676.3,
                676.3
            ],
            "P0R": [
                328388.2486832952,
                322955.9356125179,
                321092.8091407345
            ],
            "T0R": [
                602.7000688562239,
                599.9509510480924,
                599.0002606985182
            ],
            "P": [
                299400.7437533678,
                297681.4606845206,
                299400.74375274725
            ],
            "T": [
                587.6260185717875,
                586.6992909661916,
                587.6260185714538
            ],
            "rho": [
                1.7728109933036942,
                1.7728109933036942,
                1.7728109933036942
            ],
            "Yp": 0,
            "Power": 0,
            "eta_total": 0,
            "eta_static": 0,
            "euler_power": 0,
            "axial_chord": 0.098710183535293,
            "aspect_ratio": 0.9,
            "area": 0.11331121515708886
        },
        {
            "StageID": 0,
            "RowType": "Rotor",
            "R": 287.00250666735394,
            "gamma": 1.3868788058817347,
            "Cp": 1028.8433682085983,
            "Cv": 741.8408615412444,
            "P0_P": [
                3.96,
                3.96,
                3.96
            ],
            "rp": 0.4,
            "total_massflow": 25.427876328124867,
            "massflow": [
                0.0,
                12.71395537369996,
                25.427958244668964
            ],
            "calculated_massflow": 25.427958244668964,