This is a NASA-IGES-NURBS-Only file converted by:                       S      1
NIGES Translator Version 3.2 developed at NASA Ames Research Center.    S      2
Conversion done on: Mon May 20 14:04:31 1996.                           S      3
>>>>>>>>>>>>>>>>>>>> Original Start Section follows <<<<<<<<<<<<<<<<<<<<S      4
                                                                        S      5
1H,,1H;,,20Hcmpr rotor3     srf ,22HIBM PROFESSIONAL CADAM,47HIBM IGES PG      1
rocessor for AIX and UNIX V2R2 (1994),32,75,6,75,15,,1.,1,4HINCH,1000,  G      2
0.125984,13H960520.101115,1.00000E-06,217.825,,,8,0,;                   G      3
     406       1       1       1       0       0       0       000020101D      1
     406       0       0       1      15                               0D      2
     406       2       1       1       0       0       0       000020101D      3
     406       0       0       1      15                               0D      4
     126       3       0       1       0       0       0       000000000D      5
     126     109       0      32       0                               0D      6
     126      35       0       1       0       0       0       000000000D      7
     126     109       0      32       0                               0D      8
     126      67       0       1       0       0       0       000000000D      9
     126     109       0      33       0                               0D     10
     126     100       0       1       0       0       0       000000000D     11
     126     109       0      34       0                               0D     12
     126     134       0       1       0       0       0       000000000D     13
     126     109       0      34       0                               0D     14
     126     168       0       1       0       0       0       000000000D     15
     126     109       0      34       0                               0D     16
     126     202       0       1       0       0       0       000000000D     17
     126     109       0      34       0                               0D     18
     126     236       0       1       0       0       0       000000000D     19
     126     109       0      34       0                               0D     20
     126     270       0       1       0       0       0       000000000D     21
     126     109       0      35       0                               0D     22
     126     305       0       1       0       0       0       000000000D     23
     126     109       0      34       0                               0D     24
     126     339       0       1       0       0       0       000000000D     25
     126     109       0      32       0                               0D     26
     126     371       0       1       0       0       0       000000000D     27
     126     109       0      32       0                               0D     28
     128     403       0       1       0       0       0       000000000D     29
     128     109       2    2643       0                               0D     30
406,1,23Hcmpr rotor3     srf ,3d;                                      1P      1
406,1,2H3d;                                                            3P      2
126,53,3,0,1,1,0,0.,0.,0.,0.,0.0108049,0.0216058,0.0324036,            5P      3
0.0432975,0.0432975,0.0841681,0.145495,0.227017,0.328803,              5P      4
0.450378,0.571598,0.692349,0.812678,0.932513,1.0519,1.1709,            5P      5
1.28947,1.40776,1.52576,1.64389,1.76246,1.86186,1.942,2.0026,          5P      6
2.0432,2.0432,2.06274,2.08228,2.10181,2.12123,2.12123,2.15771,         5P      7
2.21203,2.28399,2.37342,2.48044,2.58752,2.69492,2.80291,2.91145,       5P      8
3.02084,3.1308,3.24136,3.35253,3.46439,3.57689,3.69001,3.78473,        5P      9
3.8608,3.91814,3.95638,3.95638,3.95638,3.95638,1.,1.,1.,1.,1.,         5P     10
1.,1.,1.,1.,1.,1.,1.,1.,1.,1.,1.,1.,1.,1.,1.,1.,1.,1.,1.,1.,1.,        5P     11
1.,1.,1.,1.,1.,1.,1.,1.,1.,1.,1.,1.,1.,1.,1.,1.,1.,1.,1.,1.,1.,        5P     12
1.,1.,1.,1.,1.,1.,1.,216.191,0.5899,9.762,216.189,0.592241,            5P     13
9.762,216.181,0.594814,9.762,216.17,0.590791,9.762,216.164,            5P     14
0.580649,9.762,216.166,0.5729,9.762,216.174,0.557694,9.762,            5P     15
216.19,0.527854,9.762,216.221,0.475036,9.762,216.265,0.406172,         5P     16
9.762,216.323,0.323068,9.762,216.395,0.233139,9.762,216.477,           5P     17
0.143358,9.762,216.564,0.0596008,9.762,216.656,-0.0178891,9.762,       5P     18
216.753,-0.0885557,9.762,216.854,-0.152139,9.762,216.959,              5P     19
-0.207085,9.762,217.07,-0.251414,9.762,217.183,-0.284565,9.762,        5P     20
217.3,-0.305154,9.762,217.418,-0.312247,9.762,217.53,-0.305069,        5P     21
9.762,217.628,-0.286872,9.762,217.705,-0.264375,9.762,217.762,         5P     22
-0.24284,9.762,217.792,-0.228964,9.762,217.81,-0.220278,9.762,         5P     23
217.822,-0.212532,9.762,217.825,-0.190881,9.762,217.814,               5P     24
-0.173415,9.762,217.8,-0.168418,9.762,217.782,-0.172396,9.762,         5P     25
217.752,-0.178208,9.762,217.699,-0.185672,9.762,217.627,               5P     26
-0.190364,9.762,217.537,-0.187968,9.762,217.437,-0.175377,9.762,       5P     27
217.332,-0.151344,9.762,217.23,-0.117785,9.762,217.13,-0.075933,       5P     28
9.762,217.033,-0.0265247,9.762,216.94,0.0301693,9.762,216.848,         5P     29
0.0904088,9.762,216.756,0.152194,9.762,216.665,0.216273,9.762,         5P     30
216.575,0.282284,9.762,216.485,0.350156,9.762,216.401,0.416101,        5P     31
9.762,216.328,0.475533,9.762,216.269,0.523993,9.762,216.225,           5P     32
0.560959,9.762,216.201,0.581616,9.762,216.191,0.5899,9.762,0.,         5P     33
3.95638,0.,0.,0.;                                                      5P     34
126,53,3,0,1,1,0,0.,0.,0.,0.,0.0107029,0.021389,0.0320711,             7P     35
0.0426925,0.0426925,0.0840351,0.145928,0.228246,0.33105,               7P     36
0.454052,0.576803,0.69918,0.821287,0.942969,1.06432,1.18535,           7P     37
1.30603,1.42627,1.54633,1.66611,1.78573,1.88555,1.96567,2.02584,       7P     38
2.06605,2.06605,2.08393,2.10182,2.11969,2.13748,2.13748,2.17411,       7P     39
2.22896,2.3021,2.39379,2.50403,2.61486,2.72621,2.83814,2.95065,        7P     40
3.06374,3.17725,3.2914,3.40587,3.52097,3.63653,3.75254,3.8495,         7P     41
3.92739,3.98597,4.02506,4.02506,4.02506,4.02506,1.,1.,1.,1.,1.,        7P     42
1.,1.,1.,1.,1.,1.,1.,1.,1.,1.,1.,1.,1.,1.,1.,1.,1.,1.,1.,1.,1.,        7P     43
1.,1.,1.,1.,1.,1.,1.,1.,1.,1.,1.,1.,1.,1.,1.,1.,1.,1.,1.,1.,1.,        7P     44
1.,1.,1.,1.,1.,1.,1.,216.194,0.6417,9.968,216.191,0.64409,9.968,       7P     45
216.184,0.646781,9.968,216.173,0.643009,9.968,216.167,0.633057,        7P     46
9.968,216.168,0.625443,9.968,216.176,0.610067,9.968,216.193,           7P     47
0.579686,9.968,216.223,0.525825,9.968,216.266,0.455485,9.968,          7P     48
216.323,0.370114,9.968,216.393,0.277191,9.968,216.472,0.183689,        7P     49
9.968,216.557,0.095227,9.968,216.647,0.0126306,9.968,216.742,          7P     50
-0.0639724,9.968,216.841,-0.134123,9.968,216.944,-0.197001,            7P     51
9.968,217.052,-0.251553,9.968,217.164,-0.296888,9.968,217.278,         7P     52
-0.332468,9.968,217.396,-0.357243,9.968,217.508,-0.369562,9.968,       7P     53
217.608,-0.370881,9.968,217.688,-0.365141,9.968,217.748,               7P     54
-0.357022,9.968,217.781,-0.35077,9.968,217.8,-0.346769,9.968,          7P     55
217.812,-0.341671,9.968,217.819,-0.323176,9.968,217.812,               7P     56
-0.305206,9.968,217.801,-0.298022,9.968,217.783,-0.29673,9.968,        7P     57
217.752,-0.294081,9.968,217.698,-0.286974,9.968,217.626,               7P     58
-0.274089,9.968,217.537,-0.252215,9.968,217.437,-0.220663,9.968,       7P     59
217.334,-0.179734,9.968,217.233,-0.132573,9.968,217.135,               7P     60
-0.0793935,9.968,217.038,-0.0211891,9.968,216.945,0.0420587,           7P     61
9.968,216.852,0.108138,9.968,216.76,0.17562,9.968,216.669,             7P     62
0.244876,9.968,216.578,0.315924,9.968,216.488,0.388326,9.968,          7P     63
216.404,0.458476,9.968,216.33,0.521293,9.968,216.272,0.572518,         7P     64
9.968,216.228,0.611225,9.968,216.204,0.632972,9.968,216.194,           7P     65
0.6417,9.968,0.,4.02506,0.,0.,0.;                                      7P     66
126,54,3,0,1,1,0,0.,0.,0.,0.,0.0102926,0.020563,0.0308245,             9P     67
0.0410315,0.0410315,0.0410315,0.082632,0.144929,0.227983,              9P     68
0.331664,0.455938,0.580037,0.704018,0.827791,0.951358,1.07488,         9P     69
1.19817,1.32131,1.44422,1.56709,1.68972,1.81234,1.91444,1.99609,       9P     70
2.05744,2.09835,2.09835,2.11434,2.13034,2.14632,2.16226,2.16226,       9P     71
2.2008,2.25859,2.33582,2.43252,2.54884,2.66557,2.78241,2.89963,        9P     72
3.01722,3.135,3.25306,3.37137,3.48992,3.60865,3.72763,3.84689,         9P     73
3.9465,4.02621,4.0861,4.12605,4.12605,4.12605,4.12605,1.,1.,1.,        9P     74
1.,1.,1.,1.,1.,1.,1.,1.,1.,1.,1.,1.,1.,1.,1.,1.,1.,1.,1.,1.,1.,        9P     75
1.,1.,1.,1.,1.,1.,1.,1.,1.,1.,1.,1.,1.,1.,1.,1.,1.,1.,1.,1.,1.,        9P     76
1.,1.,1.,1.,1.,1.,1.,1.,1.,1.,216.203,0.7101,10.311,216.2,             9P     77
0.712503,10.311,216.193,0.715327,10.311,216.183,0.712028,10.311,       9P     78
216.177,0.702592,10.311,216.178,0.69523,10.311,216.179,0.6922,         9P     79
10.311,216.186,0.67985,10.311,216.202,0.649136,10.311,216.232,         9P     80
0.594384,10.311,216.273,0.522732,10.311,216.329,0.435208,10.311,       9P     81
216.396,0.339094,10.311,216.473,0.24135,10.311,216.554,0.147816,       9P     82
10.311,216.641,0.0588253,10.311,216.731,-0.0251212,10.311,             9P     83
216.826,-0.103971,10.311,216.926,-0.177234,10.311,217.029,             9P     84
-0.244592,10.311,217.136,-0.305695,10.311,217.246,-0.360097,           9P     85
10.311,217.359,-0.407086,10.311,217.469,-0.444125,10.311,              9P     86
217.568,-0.470326,10.311,217.648,-0.486642,10.311,217.708,             9P     87
-0.496147,10.311,217.742,-0.500311,10.311,217.761,-0.502382,           9P     88
10.311,217.773,-0.500312,10.311,217.783,-0.486347,10.311,              9P     89
217.782,-0.46913,10.311,217.774,-0.460533,10.311,217.757,              9P     90
-0.453243,10.311,217.728,-0.440157,10.311,217.676,-0.41576,            9P     91
10.311,217.606,-0.381395,10.311,217.521,-0.335946,10.311,              9P     92
217.426,-0.281178,10.311,217.326,-0.21977,10.311,217.229,              9P     93
-0.155271,10.311,217.133,-0.0879446,10.311,217.038,-0.0179431,         9P     94
10.311,216.946,0.0545205,10.311,216.854,0.128548,10.311,216.762,       9P     95
0.203985,10.311,216.672,0.280556,10.311,216.582,0.358359,10.311,       9P     96
216.493,0.437505,10.311,216.41,0.513311,10.311,216.337,0.581129,       9P     97
10.311,216.279,0.636112,10.311,216.236,0.677518,10.311,216.212,        9P     98
0.700771,10.311,216.203,0.7101,10.311,0.,4.12605,0.,0.,0.;             9P     99
126,54,3,0,1,1,0,0.,0.,0.,0.,0.00965594,0.0193297,0.0289929,          11P    100
0.0386664,0.0386664,0.0386664,0.0802596,0.142583,0.225662,            11P    101
0.329473,0.453948,0.578398,0.702837,0.827135,0.951401,1.07568,        11P    102
1.19987,1.32394,1.44808,1.57223,1.69625,1.82041,1.92381,2.00656,      11P    103
2.06868,2.11005,2.11005,2.12459,2.13914,2.15367,2.16813,2.16813,      11P    104
2.20811,2.26806,2.34807,2.44808,2.56822,2.68838,2.80864,2.92897,      11P    105
3.0494,3.16987,3.29049,3.41119,3.53192,3.65263,3.7736,3.8945,         11P    106
3.9954,4.07609,4.1367,4.17709,4.17709,4.17709,4.17709,1.,1.,1.,       11P    107
1.,1.,1.,1.,1.,1.,1.,1.,1.,1.,1.,1.,1.,1.,1.,1.,1.,1.,1.,1.,1.,       11P    108
1.,1.,1.,1.,1.,1.,1.,1.,1.,1.,1.,1.,1.,1.,1.,1.,1.,1.,1.,1.,1.,       11P    109
1.,1.,1.,1.,1.,1.,1.,1.,1.,1.,216.223,0.7641,10.646,216.221,          11P    110
0.766456,10.646,216.214,0.769491,10.646,216.204,0.766635,10.646,      11P    111
216.198,0.757877,10.646,216.199,0.750879,10.646,216.201,0.748,        11P    112
10.646,216.207,0.735618,10.646,216.223,0.704804,10.646,216.252,       11P    113
0.649902,10.646,216.294,0.577707,10.646,216.348,0.489082,10.646,      11P    114
216.413,0.391193,10.646,216.486,0.29066,10.646,216.564,0.193431,      11P    115
10.646,216.646,0.0998805,10.646,216.732,0.0101341,10.646,             11P    116
216.822,-0.0756067,10.646,216.916,-0.156954,10.646,217.013,           11P    117
-0.234181,10.646,217.114,-0.306802,10.646,217.218,-0.374609,          11P    118
10.646,217.325,-0.437425,10.646,217.429,-0.491632,10.646,             11P    119
217.523,-0.535198,10.646,217.599,-0.567045,10.646,217.657,            11P    120
-0.589001,10.646,217.69,-0.600513,10.646,217.707,-0.606577,           11P    121
10.646,217.718,-0.606677,10.646,217.73,-0.596131,10.646,217.732,      11P    122
-0.580532,10.646,217.726,-0.571604,10.646,217.711,-0.561048,          11P    123
10.646,217.684,-0.541629,10.646,217.635,-0.506573,10.646,             11P    124
217.571,-0.459043,10.646,217.491,-0.398716,10.646,217.402,            11P    125
-0.329102,10.646,217.308,-0.254107,10.646,217.215,-0.177697,          11P    126
10.646,217.123,-0.099966,10.646,217.032,-0.0210675,10.646,            11P    127
216.942,0.0589636,10.646,216.853,0.140061,10.646,216.764,             11P    128
0.222166,10.646,216.676,0.305137,10.646,216.589,0.389108,10.646,      11P    129
216.503,0.474046,10.646,216.423,0.555122,10.646,216.353,              11P    130
0.627346,10.646,216.297,0.685731,10.646,216.255,0.729647,10.646,      11P    131
216.232,0.754243,10.646,216.223,0.7641,10.646,0.,4.17709,0.,0.,       11P    132
0.;                                                                   11P    133
126,55,3,0,1,1,0,0.,0.,0.,0.,0.00898937,0.0179741,0.0269503,          13P    134
0.0360099,0.0360099,0.0360099,0.0773796,0.139474,0.222208,            13P    135
0.325692,0.449886,0.573987,0.698149,0.822291,0.946441,1.07055,        13P    136
1.19472,1.31882,1.44303,1.56722,1.69142,1.8156,1.91921,2.0021,        13P    137
2.06426,2.10566,2.10566,2.10566,2.11926,2.13287,2.14647,2.16003,      13P    138
2.16003,2.20065,2.26151,2.34267,2.44413,2.56587,2.68759,2.8093,       13P    139
2.93107,3.05284,3.1746,3.2963,3.41801,3.53975,3.66145,3.78319,        13P    140
3.90486,4.00631,4.0874,4.14832,4.18889,4.18889,4.18889,4.18889,       13P    141
1.,1.,1.,1.,1.,1.,1.,1.,1.,1.,1.,1.,1.,1.,1.,1.,1.,1.,1.,1.,1.,       13P    142
1.,1.,1.,1.,1.,1.,1.,1.,1.,1.,1.,1.,1.,1.,1.,1.,1.,1.,1.,1.,1.,       13P    143
1.,1.,1.,1.,1.,1.,1.,1.,1.,1.,1.,1.,1.,1.,216.25,0.8059,10.966,       13P    144
216.248,0.808186,10.966,216.242,0.811241,10.966,216.233,0.80893,      13P    145
10.966,216.227,0.800861,10.966,216.228,0.794295,10.966,216.229,       13P    146
0.7916,10.966,216.235,0.779295,10.966,216.251,0.748617,10.966,        13P    147
216.28,0.693839,10.966,216.321,0.621616,10.966,216.374,0.532589,      13P    148
10.966,216.437,0.433723,10.966,216.507,0.331465,10.966,216.581,       13P    149
0.231733,10.966,216.659,0.134818,10.966,216.74,0.0407946,10.966,      13P    150
216.824,-0.0501421,10.966,216.912,-0.1379,10.966,217.003,             13P    151
-0.22259,10.966,217.097,-0.303878,10.966,217.194,-0.381698,           13P    152
10.966,217.293,-0.455939,10.966,217.39,-0.522437,10.966,217.477,      13P    153
-0.578268,10.966,217.548,-0.620829,10.966,217.602,-0.651658,          13P    154
10.966,217.633,-0.668248,10.966,217.645,-0.6748,10.966,217.649,       13P    155
-0.676953,10.966,217.659,-0.6785,10.966,217.671,-0.670286,            13P    156
10.966,217.675,-0.656041,10.966,217.671,-0.647057,10.966,             13P    157
217.657,-0.634842,10.966,217.632,-0.611945,10.966,217.588,            13P    158
-0.570614,10.966,217.528,-0.515435,10.966,217.454,-0.446167,          13P    159
10.966,217.371,-0.367043,10.966,217.282,-0.283034,10.966,             13P    160
217.195,-0.198237,10.966,217.108,-0.113123,10.966,217.022,            13P    161
-0.0272651,10.966,216.936,0.0589664,10.966,216.851,0.145895,          13P    162
10.966,216.766,0.233469,10.966,216.682,0.321867,10.966,216.599,       13P    163
0.411014,10.966,216.517,0.500716,10.966,216.441,0.586377,10.966,      13P    164
216.373,0.662417,10.966,216.32,0.723669,10.966,216.281,0.76982,       13P    165
10.966,216.259,0.795583,10.966,216.25,0.8059,10.966,0.,4.18889,       13P    166
0.,0.,0.;                                                             13P    167
126,55,3,0,1,1,0,0.,0.,0.,0.,0.00836063,0.0166877,0.0250126,          15P    168
0.0333428,0.0333428,0.0333428,0.0744,0.136088,0.218396,0.321222,      15P    169
0.444673,0.56821,0.69171,0.815193,0.938684,1.06223,1.18578,           15P    170
1.30931,1.43277,1.55634,1.67991,1.80345,1.9063,1.98861,2.05043,       15P    171
2.09162,2.09162,2.09162,2.10466,2.1177,2.13073,2.14391,2.14391,       15P    172
2.18445,2.24552,2.32676,2.42838,2.55032,2.67235,2.79425,2.91623,      15P    173
3.03824,3.16014,3.28207,3.40399,3.52584,3.64777,3.76959,3.89136,      15P    174
3.99283,4.07401,4.13486,4.17536,4.17536,4.17536,4.17536,1.,1.,        15P    175
1.,1.,1.,1.,1.,1.,1.,1.,1.,1.,1.,1.,1.,1.,1.,1.,1.,1.,1.,1.,1.,       15P    176
1.,1.,1.,1.,1.,1.,1.,1.,1.,1.,1.,1.,1.,1.,1.,1.,1.,1.,1.,1.,1.,       15P    177
1.,1.,1.,1.,1.,1.,1.,1.,1.,1.,1.,1.,216.279,0.8397,11.275,            15P    178
216.277,0.841913,11.275,216.272,0.845001,11.275,216.263,              15P    179
0.843175,11.275,216.257,0.835747,11.275,216.258,0.829675,11.275,      15P    180
216.259,0.8272,11.275,216.266,0.815003,11.275,216.281,0.784555,       15P    181
11.275,216.31,0.730065,11.275,216.35,0.657978,11.275,216.401,         15P    182
0.568941,11.275,216.462,0.469565,11.275,216.53,0.366182,11.275,       15P    183
216.601,0.264758,11.275,216.674,0.165426,11.275,216.75,               15P    184
0.0683141,11.275,216.829,-0.0265812,11.275,216.911,-0.119217,         15P    185
11.275,216.996,-0.209283,11.275,217.083,-0.296964,11.275,             15P    186
217.172,-0.382027,11.275,217.264,-0.464547,11.275,217.353,            15P    187
-0.539875,11.275,217.434,-0.60437,11.275,217.499,-0.654399,           15P    188
11.275,217.548,-0.691351,11.275,217.576,-0.711431,11.275,             15P    189
217.588,-0.7194,11.275,217.591,-0.721923,11.275,217.6,-0.724481,      15P    190
11.275,217.613,-0.717912,11.275,217.618,-0.704571,11.275,             15P    191
217.614,-0.695516,11.275,217.602,-0.682406,11.275,217.579,            15P    192
-0.657598,11.275,217.538,-0.612858,11.275,217.483,-0.553242,          15P    193
11.275,217.414,-0.47854,11.275,217.336,-0.393691,11.275,217.253,      15P    194
-0.303801,11.275,217.171,-0.213476,11.275,217.089,-0.123179,          15P    195
11.275,217.008,-0.0323676,11.275,216.927,0.0586603,11.275,            15P    196
216.846,0.149956,11.275,216.766,0.242104,11.275,216.687,0.33471,      15P    197
11.275,216.608,0.42795,11.275,216.531,0.521893,11.275,216.458,        15P    198
0.611121,11.275,216.395,0.690429,11.275,216.345,0.754241,11.275,      15P    199
216.307,0.8022,11.275,216.287,0.82898,11.275,216.279,0.8397,          15P    200
11.275,0.,4.17536,0.,0.,0.;                                           15P    201
126,55,3,0,1,1,0,0.,0.,0.,0.,0.00675321,0.0135013,0.0202493,          17P    202
0.0269974,0.0269974,0.0269974,0.0676493,0.12852,0.209709,             17P    203
0.311249,0.433015,0.554883,0.676572,0.798399,0.920156,1.04185,        17P    204
1.16351,1.28511,1.40656,1.52803,1.64938,1.77056,1.87146,1.95213,      17P    205
2.01261,2.05293,2.05293,2.05293,2.06575,2.07859,2.09142,2.10426,      17P    206
2.10426,2.14434,2.20452,2.28477,2.38513,2.50572,2.62642,2.74716,      17P    207
2.86794,2.98884,3.1098,3.23071,3.35169,3.47269,3.59376,3.71472,       17P    208
3.83567,3.93655,4.01718,4.07765,4.11798,4.11798,4.11798,4.11798,      17P    209
1.,1.,1.,1.,1.,1.,1.,1.,1.,1.,1.,1.,1.,1.,1.,1.,1.,1.,1.,1.,1.,       17P    210
1.,1.,1.,1.,1.,1.,1.,1.,1.,1.,1.,1.,1.,1.,1.,1.,1.,1.,1.,1.,1.,       17P    211
1.,1.,1.,1.,1.,1.,1.,1.,1.,1.,1.,1.,1.,1.,216.332,0.8946,11.864,      17P    212
216.33,0.8965,11.864,216.326,0.899351,11.864,216.319,0.89828,         17P    213
11.864,216.314,0.892518,11.864,216.315,0.887512,11.864,216.316,       17P    214
0.8855,11.864,216.322,0.873377,11.864,216.337,0.843156,11.864,        17P    215
216.365,0.789053,11.864,216.403,0.717204,11.864,216.452,              17P    216
0.628181,11.864,216.508,0.528056,11.864,216.571,0.423372,11.864,      17P    217
216.635,0.319747,11.864,216.701,0.21744,11.864,216.768,0.116207,      17P    218
11.864,216.838,0.0162778,11.864,216.909,-0.0822083,11.864,            17P    219
216.982,-0.179288,11.864,217.057,-0.274948,11.864,217.134,            17P    220
-0.369097,11.864,217.212,-0.461791,11.864,217.288,-0.547934,          17P    221
11.864,217.355,-0.622854,11.864,217.41,-0.682067,11.864,217.452,      17P    222
-0.726045,11.864,217.475,-0.750384,11.864,217.484,-0.7601,            17P    223
11.864,217.487,-0.763191,11.864,217.496,-0.767098,11.864,             17P    224
217.509,-0.762371,11.864,217.516,-0.749897,11.864,217.513,            17P    225
-0.740795,11.864,217.502,-0.726796,11.864,217.482,-0.700274,          17P    226
11.864,217.445,-0.652627,11.864,217.396,-0.588864,11.864,             17P    227
217.335,-0.509174,11.864,217.266,-0.418605,11.864,217.193,            17P    228
-0.322416,11.864,217.121,-0.226017,11.864,217.048,-0.129402,          17P    229
11.864,216.976,-0.0325246,11.864,216.904,0.0646333,11.864,            17P    230
216.832,0.162124,11.864,216.761,0.260199,11.864,216.691,              17P    231
0.358958,11.864,216.622,0.458066,11.864,216.553,0.557796,11.864,      17P    232
216.49,0.652549,11.864,216.434,0.736611,11.864,216.39,0.804133,       17P    233
11.864,216.357,0.854925,11.864,216.339,0.883251,11.864,216.332,       17P    234
0.8946,11.864,0.,4.11798,0.,0.,0.;                                    17P    235
126,55,3,0,1,1,0,0.,0.,0.,0.,0.00593374,0.0118914,0.0178491,          19P    236
0.0238068,0.0238068,0.0238068,0.0642821,0.124924,0.205782,            19P    237
0.306868,0.42817,0.549368,0.670528,0.791726,0.912768,1.0338,          19P    238
1.15472,1.27557,1.39635,1.517,1.63752,1.7579,1.8581,1.93822,          19P    239
1.99826,2.03823,2.03823,2.03823,2.05112,2.06401,2.07689,2.08976,      19P    240
2.08976,2.12967,2.1895,2.26928,2.36917,2.48912,2.60922,2.72939,       19P    241
2.84958,2.96993,3.09039,3.21084,3.3313,3.45193,3.57254,3.69315,       19P    242
3.81384,3.91439,3.99481,4.05519,4.09544,4.09544,4.09544,4.09544,      19P    243
1.,1.,1.,1.,1.,1.,1.,1.,1.,1.,1.,1.,1.,1.,1.,1.,1.,1.,1.,1.,1.,       19P    244
1.,1.,1.,1.,1.,1.,1.,1.,1.,1.,1.,1.,1.,1.,1.,1.,1.,1.,1.,1.,1.,       19P    245
1.,1.,1.,1.,1.,1.,1.,1.,1.,1.,1.,1.,1.,1.,216.356,0.9225,12.158,      19P    246
216.355,0.924206,12.158,216.352,0.926943,12.158,216.345,              19P    247
0.926131,12.158,216.341,0.921112,12.158,216.341,0.916689,12.158,      19P    248
216.342,0.9149,12.158,216.348,0.902746,12.158,216.363,0.872429,       19P    249
12.158,216.39,0.818143,12.158,216.426,0.746019,12.158,216.473,        19P    250
0.656426,12.158,216.528,0.555674,12.158,216.587,0.449972,12.158,      19P    251
216.648,0.345133,12.158,216.71,0.241276,12.158,216.774,0.138469,      19P    252
12.158,216.839,0.0365496,12.158,216.906,-0.0642423,12.158,            19P    253
216.974,-0.16399,12.158,217.044,-0.26241,12.158,217.116,              19P    254
-0.359864,12.158,217.188,-0.456017,12.158,217.258,-0.545852,          19P    255
12.158,217.32,-0.624289,12.158,217.371,-0.686437,12.158,217.409,      19P    256
-0.732897,12.158,217.43,-0.758492,12.158,217.439,-0.7687,12.158,      19P    257
217.442,-0.771991,12.158,217.45,-0.776429,12.158,217.464,             19P    258
-0.77234,12.158,217.471,-0.760042,12.158,217.468,-0.750781,           19P    259
12.158,217.458,-0.736502,12.158,217.439,-0.709509,12.158,             19P    260
217.404,-0.660912,12.158,217.357,-0.595964,12.158,217.299,            19P    261
-0.514565,12.158,217.234,-0.422114,12.158,217.165,-0.323813,          19P    262
12.158,217.096,-0.225248,12.158,217.028,-0.126298,12.158,216.96,      19P    263
-0.0270207,12.158,216.892,0.0726264,12.158,216.825,0.172738,          19P    264
12.158,216.759,0.273272,12.158,216.693,0.374308,12.158,216.628,       19P    265
0.475915,12.158,216.564,0.578041,12.158,216.504,0.674978,12.158,      19P    266
216.452,0.761023,12.158,216.411,0.830011,12.158,216.38,0.882014,      19P    267
12.158,216.363,0.910928,12.158,216.356,0.9225,12.158,0.,4.09544,      19P    268
0.,0.,0.;                                                             19P    269
126,56,3,0,1,1,0,0.,0.,0.,0.,0.00511851,0.0102539,0.0153892,          21P    270
0.0205246,0.0205246,0.0205246,0.0609707,0.121631,0.202544,            21P    271
0.303527,0.424769,0.545896,0.667063,0.788017,0.90905,1.02986,         21P    272
1.1507,1.27139,1.39199,1.51244,1.63278,1.75307,1.85327,1.93331,       21P    273
1.99334,2.03337,2.03337,2.03337,2.04632,2.05928,2.07223,2.08521,      21P    274
2.08521,2.08521,2.12508,2.1849,2.26467,2.36441,2.48429,2.60424,       21P    275
2.72423,2.8444,2.96461,3.08499,3.20542,3.32588,3.44638,3.56703,       21P    276
3.68759,3.80833,3.90888,3.98944,4.0498,4.09003,4.09003,4.09003,       21P    277
4.09003,1.,1.,1.,1.,1.,1.,1.,1.,1.,1.,1.,1.,1.,1.,1.,1.,1.,1.,        21P    278
1.,1.,1.,1.,1.,1.,1.,1.,1.,1.,1.,1.,1.,1.,1.,1.,1.,1.,1.,1.,1.,       21P    279
1.,1.,1.,1.,1.,1.,1.,1.,1.,1.,1.,1.,1.,1.,1.,1.,1.,1.,216.378,        21P    280
0.9543,12.454,216.377,0.955803,12.454,216.374,0.958295,12.454,        21P    281
216.369,0.957803,12.454,216.365,0.953584,12.454,216.365,              21P    282
0.949755,12.454,216.366,0.9482,12.454,216.371,0.935954,12.454,        21P    283
216.386,0.905372,12.454,216.411,0.850472,12.454,216.446,              21P    284
0.777494,12.454,216.491,0.68686,12.454,216.543,0.584821,12.454,       21P    285
216.599,0.477461,12.454,216.656,0.37095,12.454,216.715,0.26514,       21P    286
12.454,216.775,0.160257,12.454,216.837,0.0560542,12.454,216.899,      21P    287
-0.0472309,12.454,216.964,-0.149421,12.454,217.029,-0.250625,         21P    288
12.454,217.096,-0.35073,12.454,217.165,-0.449768,12.454,217.231,      21P    289
-0.542241,12.454,217.29,-0.622904,12.454,217.338,-0.686891,           21P    290
12.454,217.375,-0.734375,12.454,217.396,-0.760623,12.454,             21P    291
217.404,-0.7711,12.454,217.406,-0.77449,12.454,217.415,               21P    292
-0.779189,12.454,217.429,-0.775387,12.454,217.436,-0.763122,          21P    293
12.454,217.434,-0.753721,12.454,217.431,-0.7502,12.454,217.423,       21P    294
-0.739389,12.454,217.404,-0.71231,12.454,217.37,-0.663262,            21P    295
12.454,217.325,-0.597676,12.454,217.268,-0.515237,12.454,             21P    296
217.205,-0.421134,12.454,217.139,-0.321077,12.454,217.074,            21P    297
-0.220419,12.454,217.009,-0.119273,12.454,216.945,-0.0175038,         21P    298
12.454,216.881,0.0846303,12.454,216.818,0.18735,12.454,216.756,       21P    299
0.290454,12.454,216.694,0.393958,12.454,216.634,0.498021,12.454,      21P    300
216.573,0.602469,12.454,216.517,0.701575,12.454,216.468,              21P    301
0.789413,12.454,216.429,0.859987,12.454,216.4,0.912976,12.454,        21P    302
216.384,0.942489,12.454,216.378,0.9543,12.454,0.,4.09003,0.,0.,       21P    303
0.;                                                                   21P    304
126,55,3,0,1,1,0,0.,0.,0.,0.,0.00443158,0.00887996,0.0133283,         23P    305
0.0177767,0.0177767,0.0587866,0.120154,0.201914,0.303956,             23P    306
0.426149,0.548149,0.669929,0.791596,0.913026,1.03437,1.15559,         23P    307
1.27669,1.3976,1.51837,1.63913,1.75974,1.8603,1.94078,2.0012,         23P    308
2.04151,2.04151,2.04151,2.05458,2.06765,2.08071,2.09378,2.09378,      23P    309
2.09378,2.1336,2.19354,2.27329,2.37314,2.49295,2.61284,2.73299,       23P    310
2.85319,2.97359,3.09412,3.21478,3.33558,3.4566,3.57777,3.69908,       23P    311
3.82063,3.92208,4.00339,4.06439,4.10509,4.10509,4.10509,4.10509,      23P    312
1.,1.,1.,1.,1.,1.,1.,1.,1.,1.,1.,1.,1.,1.,1.,1.,1.,1.,1.,1.,1.,       23P    313
1.,1.,1.,1.,1.,1.,1.,1.,1.,1.,1.,1.,1.,1.,1.,1.,1.,1.,1.,1.,1.,       23P    314
1.,1.,1.,1.,1.,1.,1.,1.,1.,1.,1.,1.,1.,1.,216.379,0.9877,12.683,      23P    315
216.378,0.989019,12.683,216.376,0.991138,12.683,216.371,              23P    316
0.990715,12.683,216.368,0.987062,12.683,216.368,0.983757,12.683,      23P    317
216.374,0.96989,12.683,216.388,0.938684,12.683,216.413,0.88268,       23P    318
12.683,216.447,0.808281,12.683,216.49,0.715961,12.683,216.54,         23P    319
0.611945,12.683,216.594,0.502676,12.683,216.65,0.394104,12.683,       23P    320
216.706,0.286477,12.683,216.764,0.179534,12.683,216.822,              23P    321
0.0732717,12.683,216.883,-0.0319083,12.683,216.945,-0.135504,         23P    322
12.683,217.01,-0.237446,12.683,217.078,-0.337554,12.683,217.149,      23P    323
-0.435451,12.683,217.218,-0.525675,12.683,217.283,-0.603132,          23P    324
12.683,217.336,-0.663457,12.683,217.377,-0.707676,12.683,217.4,       23P    325
-0.731745,12.683,217.41,-0.7413,12.683,217.413,-0.744396,12.683,      23P    326
217.422,-0.748587,12.683,217.435,-0.743562,12.683,217.442,            23P    327
-0.730665,12.683,217.438,-0.721356,12.683,217.436,-0.7181,            23P    328
12.683,217.427,-0.708186,12.683,217.405,-0.683216,12.683,             23P    329
217.366,-0.637707,12.683,217.316,-0.575781,12.683,217.254,            23P    330
-0.496864,12.683,217.187,-0.405699,12.683,217.119,-0.307144,          23P    331
12.683,217.052,-0.207198,12.683,216.988,-0.105838,12.683,             23P    332
216.925,-0.00320451,12.683,216.863,0.100414,12.683,216.803,           23P    333
0.204893,12.683,216.743,0.309789,12.683,216.684,0.415291,12.683,      23P    334
216.625,0.521249,12.683,216.567,0.627917,12.683,216.513,              23P    335
0.729115,12.683,216.466,0.818906,12.683,216.428,0.891057,12.683,      23P    336
216.4,0.945352,12.683,216.385,0.97559,12.683,216.379,0.9877,          23P    337
12.683,0.,4.10509,0.,0.,0.;                                           23P    338
126,53,3,0,1,1,0,0.,0.,0.,0.,0.00371871,0.00743775,0.0111568,         25P    339
0.0148758,0.0148758,0.0578144,0.122116,0.207491,0.313727,             25P    340
0.44064,0.566793,0.69256,0.81778,0.942603,1.06722,1.19146,            25P    341
1.31545,1.43933,1.56358,1.68846,1.81475,1.9216,2.00866,2.07501,       25P    342
2.12005,2.12005,2.13385,2.14766,2.16146,2.17518,2.17518,2.21879,      25P    343
2.28342,2.36834,2.47295,2.59704,2.72001,2.84262,2.96492,3.08738,      25P    344
3.21013,3.33313,3.45654,3.58039,3.70464,3.8294,3.95478,4.05974,       25P    345
4.14409,4.20762,4.25008,4.25008,4.25008,4.25008,1.,1.,1.,1.,1.,       25P    346
1.,1.,1.,1.,1.,1.,1.,1.,1.,1.,1.,1.,1.,1.,1.,1.,1.,1.,1.,1.,1.,       25P    347
1.,1.,1.,1.,1.,1.,1.,1.,1.,1.,1.,1.,1.,1.,1.,1.,1.,1.,1.,1.,1.,       25P    348
1.,1.,1.,1.,1.,1.,1.,216.324,1.0682,12.929,216.324,1.06933,           25P    349
12.929,216.322,1.07105,12.929,216.318,1.07075,12.929,216.315,         25P    350
1.06769,12.929,216.315,1.06494,12.929,216.321,1.05059,12.929,         25P    351
216.335,1.01762,12.929,216.36,0.958515,12.929,216.393,0.880147,       25P    352
12.929,216.437,0.783151,12.929,216.486,0.674125,12.929,216.54,        25P    353
0.559803,12.929,216.595,0.446672,12.929,216.65,0.33449,12.929,        25P    354
216.708,0.223417,12.929,216.765,0.112895,12.929,216.826,              25P    355
0.00452696,12.929,216.893,-0.0997744,12.929,216.967,-0.199859,        25P    356
12.929,217.047,-0.294993,12.929,217.135,-0.384488,12.929,             25P    357
217.225,-0.462615,12.929,217.312,-0.525211,12.929,217.385,            25P    358
-0.570869,12.929,217.444,-0.602058,12.929,217.477,-0.618136,          25P    359
12.929,217.495,-0.62632,12.929,217.505,-0.628076,12.929,217.517,      25P    360
-0.618599,12.929,217.52,-0.603795,12.929,217.514,-0.595086,           25P    361
12.929,217.497,-0.585955,12.929,217.465,-0.56825,12.929,217.411,      25P    362
-0.534572,12.929,217.341,-0.486532,12.929,217.258,-0.421866,          25P    363
12.929,217.172,-0.342874,12.929,217.086,-0.253759,12.929,             25P    364
217.007,-0.159878,12.929,216.934,-0.0619357,12.929,216.865,           25P    365
0.0395232,12.929,216.801,0.144515,12.929,216.74,0.251331,12.929,      25P    366
216.68,0.359,12.929,216.621,0.467787,12.929,216.563,0.577759,         25P    367
12.929,216.506,0.688745,12.929,216.453,0.794803,12.929,216.407,       25P    368
0.889237,12.929,216.371,0.965461,12.929,216.345,1.02308,12.929,       25P    369
216.33,1.05528,12.929,216.324,1.0682,12.929,0.,4.25008,0.,0.,0.;      25P    370
126,53,3,0,1,1,0,0.,0.,0.,0.,0.0108049,0.0216058,0.0324036,           27P    371
0.0432975,0.0432975,0.0841681,0.145495,0.227017,0.328803,             27P    372
0.450378,0.571598,0.692349,0.812678,0.932513,1.0519,1.1709,           27P    373
1.28947,1.40776,1.52576,1.64389,1.76246,1.86186,1.942,2.0026,         27P    374
2.0432,2.0432,2.06274,2.08228,2.10181,2.12123,2.12123,2.15771,        27P    375
2.21203,2.28399,2.37342,2.48044,2.58752,2.69492,2.80291,2.91145,      27P    376
3.02084,3.1308,3.24136,3.35253,3.46439,3.57689,3.69001,3.78473,       27P    377
3.8608,3.91814,3.95638,3.95638,3.95638,3.95638,1.,1.,1.,1.,1.,        27P    378
1.,1.,1.,1.,1.,1.,1.,1.,1.,1.,1.,1.,1.,1.,1.,1.,1.,1.,1.,1.,1.,       27P    379
1.,1.,1.,1.,1.,1.,1.,1.,1.,1.,1.,1.,1.,1.,1.,1.,1.,1.,1.,1.,1.,       27P    380
1.,1.,1.,1.,1.,1.,1.,216.191,0.5899,9.742,216.189,0.592241,           27P    381
9.742,216.181,0.594814,9.742,216.17,0.590791,9.742,216.164,           27P    382
0.580649,9.742,216.166,0.5729,9.742,216.174,0.557694,9.742,           27P    383
216.19,0.527854,9.742,216.221,0.475036,9.742,216.265,0.406172,        27P    384
9.742,216.323,0.323068,9.742,216.395,0.233139,9.742,216.477,          27P    385
0.143358,9.742,216.564,0.0596008,9.742,216.656,-0.0178891,9.742,      27P    386
216.753,-0.0885557,9.742,216.854,-0.152139,9.742,216.959,             27P    387
-0.207085,9.742,217.07,-0.251414,9.742,217.183,-0.284565,9.742,       27P    388
217.3,-0.305154,9.742,217.418,-0.312247,9.742,217.53,-0.305069,       27P    389
9.742,217.628,-0.286872,9.742,217.705,-0.264375,9.742,217.762,        27P    390
-0.24284,9.742,217.792,-0.228964,9.742,217.81,-0.220278,9.742,        27P    391
217.822,-0.212532,9.742,217.825,-0.190881,9.742,217.814,              27P    392
-0.173415,9.742,217.8,-0.168418,9.742,217.782,-0.172396,9.742,        27P    393
217.752,-0.178208,9.742,217.699,-0.185672,9.742,217.627,              27P    394
-0.190364,9.742,217.537,-0.187968,9.742,217.437,-0.175377,9.742,      27P    395
217.332,-0.151344,9.742,217.23,-0.117785,9.742,217.13,-0.075933,      27P    396
9.742,217.033,-0.0265247,9.742,216.94,0.0301693,9.742,216.848,        27P    397
0.0904088,9.742,216.756,0.152194,9.742,216.665,0.216273,9.742,        27P    398
216.575,0.282284,9.742,216.485,0.350156,9.742,216.401,0.416101,       27P    399
9.742,216.328,0.475533,9.742,216.269,0.523993,9.742,216.225,          27P    400
0.560959,9.742,216.201,0.581616,9.742,216.191,0.5899,9.742,0.,        27P    401
3.95638,0.,0.,0.;                                                     27P    402
128,426,12,3,3,1,0,1,0,0,0.,0.,0.,0.,0.00346172,0.00495125,           29P    403
0.00648819,0.00849038,0.00986931,0.0108049,0.0129714,0.0129714,       29P    404
0.0158125,0.0169764,0.0169764,0.0183083,0.0197174,0.0197174,          29P    405
0.0216058,0.0237007,0.0237007,0.0254544,0.0254544,0.0274609,          29P    406
0.0295569,0.0324036,0.0324036,0.034011,0.034011,0.0366232,            29P    407
0.0366232,0.0393441,0.0393441,0.041964,0.041964,0.0432975,            29P    408
0.0432975,0.0538191,0.056657,0.0589783,0.0620993,0.0649945,           29P    409
0.0704979,0.0730844,0.0760187,0.0792339,0.0826012,0.0841681,          29P    410
0.113677,0.115802,0.117656,0.120682,0.123476,0.128951,0.131732,       29P    411
0.135049,0.138969,0.143438,0.145495,0.193152,0.194599,0.195926,       29P    412
0.198794,0.201479,0.206942,0.209874,0.213738,0.218607,0.224352,       29P    413
0.227017,0.292046,0.293609,0.296448,0.299035,0.307613,0.312064,       29P    414
0.318025,0.325402,0.328803,0.410889,0.413631,0.416022,0.421351,       29P    415
0.424914,0.429961,0.437188,0.446304,0.450378,0.528058,0.530714,       29P    416
0.533108,0.542126,0.547835,0.556184,0.566961,0.571598,0.645265,       29P    417
0.647759,0.650021,0.655432,0.659396,0.665699,0.675067,0.68725,        29P    418
0.692349,0.761266,0.762266,0.764842,0.767067,0.772438,0.776647,       29P    419
0.783429,0.793749,0.807273,0.812678,0.877464,0.879345,0.881773,       29P    420
0.884046,0.889453,0.893906,0.901129,0.912235,0.926879,0.932513,       29P    421
0.993471,0.996205,0.998691,1.00097,1.00652,1.01113,1.01884,           29P    422
1.03067,1.04616,1.0519,1.10912,1.1131,1.11551,1.11785,1.12359,        29P    423
1.1284,1.13647,1.1489,1.16513,1.1709,1.22454,1.22984,1.23226,         29P    424
1.23468,1.24064,1.24562,1.25398,1.26697,1.28375,1.28947,1.33986,      29P    425
1.3465,1.34894,1.35136,1.35762,1.38483,1.40194,1.40776,1.45553,       29P    426
1.46302,1.46549,1.46807,1.47472,1.48022,1.48915,1.50264,1.51995,      29P    427
1.52576,1.57178,1.57942,1.58192,1.58465,1.59181,1.59753,1.60662,      29P    428
1.62024,1.63768,1.64389,1.68934,1.69578,1.69821,1.70108,1.70886,      29P    429
1.71482,1.72422,1.73781,1.75526,1.76246,1.78881,1.79271,1.79501,      29P    430
1.79801,1.80632,1.81268,1.82215,1.83571,1.85338,1.86186,1.87014,      29P    431
1.8724,1.87552,1.88431,1.89096,1.90053,1.91401,1.9282,1.9304,         29P    432
1.93213,1.93363,1.942,1.94968,1.95938,1.96692,1.96692,1.96902,        29P    433
1.96902,1.97283,1.97283,1.97945,1.98192,1.98192,1.98469,1.98639,      29P    434
1.98878,1.98878,1.99127,1.99274,1.99427,1.99702,1.99856,1.99856,      29P    435
2.00163,2.0026,2.00451,2.00663,2.00935,2.01206,2.01206,2.01448,       29P    436
2.01707,2.01707,2.01898,2.01898,2.02168,2.02168,2.02487,2.02487,      29P    437
2.02611,2.02739,2.0308,2.0308,2.03987,2.03987,2.0432,2.0432,          29P    438
2.04837,2.05357,2.05357,2.05564,2.05806,2.06019,2.06274,2.06596,      29P    439
2.06988,2.07334,2.07334,2.0785,2.08228,2.08352,2.09144,2.10181,       29P    440
2.10181,2.11029,2.1135,2.11515,2.11801,2.12123,2.12123,2.12562,       29P    441
2.12775,2.13598,2.13701,2.14821,2.15771,2.16571,2.19092,2.19222,      29P    442
2.19511,2.20472,2.21203,2.224,2.23976,2.26281,2.28399,2.28715,        29P    443
2.28872,2.29153,2.30102,2.30206,2.30846,2.31872,2.33249,2.35295,      29P    444
2.37342,2.40311,2.4046,2.40738,2.41657,2.41756,2.42344,2.43251,       29P    445
2.44402,2.4613,2.48044,2.51914,2.52062,2.52335,2.53219,2.53841,       29P    446
2.54632,2.55596,2.57025,2.58752,2.63398,2.63521,2.63671,2.63935,      29P    447
2.64617,2.6477,2.65336,2.66023,2.66799,2.67969,2.69492,2.74983,       29P    448
2.75145,2.75282,2.76003,2.76328,2.76837,2.7742,2.78971,2.80291,       29P    449
2.86586,2.86774,2.86909,2.87155,2.87403,2.8789,2.88338,2.88827,       29P    450
2.89314,2.9003,2.91145,2.98203,2.98418,2.98545,2.98776,2.9944,        29P    451
2.99838,3.00608,3.01146,3.02084,3.09832,3.10067,3.10182,3.10279,      29P    452
3.10392,3.10993,3.11333,3.11662,3.11928,3.12303,3.1308,3.21474,       29P    453
3.2172,3.22016,3.22546,3.22828,3.23094,3.23273,3.23524,3.24136,       29P    454
3.33138,3.33296,3.33471,3.33641,3.34092,3.34327,3.34529,3.34776,      29P    455
3.35253,3.44816,3.45123,3.45273,3.45646,3.45821,3.45962,3.46089,      29P    456
3.46439,3.56507,3.56774,3.56894,3.57188,3.57319,3.57448,3.57689,      29P    457
3.68222,3.68388,3.68515,3.68727,3.68851,3.69001,3.77918,3.78206,      29P    458
3.78341,3.78473,3.85836,3.85953,3.8608,3.91715,3.91814,3.95638,       29P    459
3.95638,3.95638,3.95638,0.,0.,0.,0.,0.231876,0.58174,0.921659,        29P    460
1.24551,1.55767,2.1516,2.44793,2.74643,2.97786,3.24241,3.24241,       29P    461
3.24241,3.24241,1.,1.,1.,1.,1.,1.,1.,1.,1.,1.,1.,1.,1.,1.,1.,1.,      29P    462
1.,1.,1.,1.,1.,1.,1.,1.,1.,1.,1.,1.,1.,1.,1.,1.,1.,1.,1.,1.,1.,       29P    463
1.,1.,1.,1.,1.,1.,1.,1.,1.,1.,1.,1.,1.,1.,1.,1.,1.,1.,1.,1.,1.,       29P    464
1.,1.,1.,1.,1.,1.,1.,1.,1.,1.,1.,1.,1.,1.,1.,1.,1.,1.,1.,1.,1.,       29P    465
1.,1.,1.,1.,1.,1.,1.,1.,1.,1.,1.,1.,1.,1.,1.,1.,1.,1.,1.,1.,1.,       29P    466
1.,1.,1.,1.,1.,1.,1.,1.,1.,1.,1.,1.,1.,1.,1.,1.,1.,1.,1.,1.,1.,       29P    467
1.,1.,1.,1.,1.,1.,1.,1.,1.,1.,1.,1.,1.,1.,1.,1.,1.,1.,1.,1.,1.,       29P    468
1.,1.,1.,1.,1.,1.,1.,1.,1.,1.,1.,1.,1.,1.,1.,1.,1.,1.,1.,1.,1.,       29P    469
1.,1.,1.,1.,1.,1.,1.,1.,1.,1.,1.,1.,1.,1.,1.,1.,1.,1.,1.,1.,1.,       29P    470
1.,1.,1.,1.,1.,1.,1.,1.,1.,1.,1.,1.,1.,1.,1.,1.,1.,1.,1.,1.,1.,       29P    471
1.,1.,1.,1.,1.,1.,1.,1.,1.,1.,1.,1.,1.,1.,1.,1.,1.,1.,1.,1.,1.,       29P    472
1.,1.,1.,1.,1.,1.,1.,1.,1.,1.,1.,1.,1.,1.,1.,1.,1.,1.,1.,1.,1.,       29P    473
1.,1.,1.,1.,1.,1.,1.,1.,1.,1.,1.,1.,1.,1.,1.,1.,1.,1.,1.,1.,1.,       29P    474
1.,1.,1.,1.,1.,1.,1.,1.,1.,1.,1.,1.,1.,1.,1.,1.,1.,1.,1.,1.,1.,       29P    475
1.,1.,1.,1.,1.,1.,1.,1.,1.,1.,1.,1.,1.,1.,1.,1.,1.,1.,1.,1.,1.,       29P    476
1.,1.,1.,1.,1.,1.,1.,1.,1.,1.,1.,1.,1.,1.,1.,1.,1.,1.,1.,1.,1.,       29P    477
1.,1.,1.,1.,1.,1.,1.,1.,1.,1.,1.,1.,1.,1.,1.,1.,1.,1.,1.,1.,1.,       29P    478
1.,1.,1.,1.,1.,1.,1.,1.,1.,1.,1.,1.,1.,1.,1.,1.,1.,1.,1.,1.,1.,       29P    479
1.,1.,1.,1.,1.,1.,1.,1.,1.,1.,1.,1.,1.,1.,1.,1.,1.,1.,1.,1.,1.,       29P    480
1.,1.,1.,1.,1.,1.,1.,1.,1.,1.,1.,1.,1.,1.,1.,1.,1.,1.,1.,1.,1.,       29P    481
1.,1.,1.,1.,1.,1.,1.,1.,1.,1.,1.,1.,1.,1.,1.,1.,1.,1.,1.,1.,1.,       29P    482
1.,1.,1.,1.,1.,1.,1.,1.,1.,1.,1.,1.,1.,1.,1.,1.,1.,1.,1.,1.,1.,       29P    483
1.,1.,1.,1.,1.,1.,1.,1.,1.,1.,1.,1.,1.,1.,1.,1.,1.,1.,1.,1.,1.,       29P    484
1.,1.,1.,1.,1.,1.,1.,1.,1.,1.,1.,1.,1.,1.,1.,1.,1.,1.,1.,1.,1.,       29P    485
1.,1.,1.,1.,1.,1.,1.,1.,1.,1.,1.,1.,1.,1.,1.,1.,1.,1.,1.,1.,1.,       29P    486
1.,1.,1.,1.,1.,1.,1.,1.,1.,1.,1.,1.,1.,1.,1.,1.,1.,1.,1.,1.,1.,       29P    487
1.,1.,1.,1.,1.,1.,1.,1.,1.,1.,1.,1.,1.,1.,1.,1.,1.,1.,1.,1.,1.,       29P    488
1.,1.,1.,1.,1.,1.,1.,1.,1.,1.,1.,1.,1.,1.,1.,1.,1.,1.,1.,1.,1.,       29P    489
1.,1.,1.,1.,1.,1.,1.,1.,1.,1.,1.,1.,1.,1.,1.,1.,1.,1.,1.,1.,1.,       29P    490
1.,1.,1.,1.,1.,1.,1.,1.,1.,1.,1.,1.,1.,1.,1.,1.,1.,1.,1.,1.,1.,       29P    491
1.,1.,1.,1.,1.,1.,1.,1.,1.,1.,1.,1.,1.,1.,1.,1.,1.,1.,1.,1.,1.,       29P    492
1.,1.,1.,1.,1.,1.,1.,1.,1.,1.,1.,1.,1.,1.,1.,1.,1.,1.,1.,1.,1.,       29P    493
1.,1.,1.,1.,1.,1.,1.,1.,1.,1.,1.,1.,1.,1.,1.,1.,1.,1.,1.,1.,1.,       29P    494
1.,1.,1.,1.,1.,1.,1.,1.,1.,1.,1.,1.,1.,1.,1.,1.,1.,1.,1.,1.,1.,       29P    495
1.,1.,1.,1.,1.,1.,1.,1.,1.,1.,1.,1.,1.,1.,1.,1.,1.,1.,1.,1.,1.,       29P    496
1.,1.,1.,1.,1.,1.,1.,1.,1.,1.,1.,1.,1.,1.,1.,1.,1.,1.,1.,1.,1.,       29P    497
1.,1.,1.,1.,1.,1.,1.,1.,1.,1.,1.,1.,1.,1.,1.,1.,1.,1.,1.,1.,1.,       29P    498
1.,1.,1.,1.,1.,1.,1.,1.,1.,1.,1.,1.,1.,1.,1.,1.,1.,1.,1.,1.,1.,       29P    499
1.,1.,1.,1.,1.,1.,1.,1.,1.,1.,1.,1.,1.,1.,1.,1.,1.,1.,1.,1.,1.,       29P    500
1.,1.,1.,1.,1.,1.,1.,1.,1.,1.,1.,1.,1.,1.,1.,1.,1.,1.,1.,1.,1.,       29P    501
1.,1.,1.,1.,1.,1.,1.,1.,1.,1.,1.,1.,1.,1.,1.,1.,1.,1.,1.,1.,1.,       29P    502
1.,1.,1.,1.,1.,1.,1.,1.,1.,1.,1.,1.,1.,1.,1.,1.,1.,1.,1.,1.,1.,       29P    503
1.,1.,1.,1.,1.,1.,1.,1.,1.,1.,1.,1.,1.,1.,1.,1.,1.,1.,1.,1.,1.,       29P    504
1.,1.,1.,1.,1.,1.,1.,1.,1.,1.,1.,1.,1.,1.,1.,1.,1.,1.,1.,1.,1.,       29P    505
1.,1.,1.,1.,1.,1.,1.,1.,1.,1.,1.,1.,1.,1.,1.,1.,1.,1.,1.,1.,1.,       29P    506
1.,1.,1.,1.,1.,1.,1.,1.,1.,1.,1.,1.,1.,1.,1.,1.,1.,1.,1.,1.,1.,       29P    507
1.,1.,1.,1.,1.,1.,1.,1.,1.,1.,1.,1.,1.,1.,1.,1.,1.,1.,1.,1.,1.,       29P    508
1.,1.,1.,1.,1.,1.,1.,1.,1.,1.,1.,1.,1.,1.,1.,1.,1.,1.,1.,1.,1.,       29P    509
1.,1.,1.,1.,1.,1.,1.,1.,1.,1.,1.,1.,1.,1.,1.,1.,1.,1.,1.,1.,1.,       29P    510
1.,1.,1.,1.,1.,1.,1.,1.,1.,1.,1.,1.,1.,1.,1.,1.,1.,1.,1.,1.,1.,       29P    511
1.,1.,1.,1.,1.,1.,1.,1.,1.,1.,1.,1.,1.,1.,1.,1.,1.,1.,1.,1.,1.,       29P    512
1.,1.,1.,1.,1.,1.,1.,1.,1.,1.,1.,1.,1.,1.,1.,1.,1.,1.,1.,1.,1.,       29P    513
1.,1.,1.,1.,1.,1.,1.,1.,1.,1.,1.,1.,1.,1.,1.,1.,1.,1.,1.,1.,1.,       29P    514
1.,1.,1.,1.,1.,1.,1.,1.,1.,1.,1.,1.,1.,1.,1.,1.,1.,1.,1.,1.,1.,       29P    515
1.,1.,1.,1.,1.,1.,1.,1.,1.,1.,1.,1.,1.,1.,1.,1.,1.,1.,1.,1.,1.,       29P    516
1.,1.,1.,1.,1.,1.,1.,1.,1.,1.,1.,1.,1.,1.,1.,1.,1.,1.,1.,1.,1.,       29P    517
1.,1.,1.,1.,1.,1.,1.,1.,1.,1.,1.,1.,1.,1.,1.,1.,1.,1.,1.,1.,1.,       29P    518
1.,1.,1.,1.,1.,1.,1.,1.,1.,1.,1.,1.,1.,1.,1.,1.,1.,1.,1.,1.,1.,       29P    519
1.,1.,1.,1.,1.,1.,1.,1.,1.,1.,1.,1.,1.,1.,1.,1.,1.,1.,1.,1.,1.,       29P    520
1.,1.,1.,1.,1.,1.,1.,1.,1.,1.,1.,1.,1.,1.,1.,1.,1.,1.,1.,1.,1.,       29P    521
1.,1.,1.,1.,1.,1.,1.,1.,1.,1.,1.,1.,1.,1.,1.,1.,1.,1.,1.,1.,1.,       29P    522
1.,1.,1.,1.,1.,1.,1.,1.,1.,1.,1.,1.,1.,1.,1.,1.,1.,1.,1.,1.,1.,       29P    523
1.,1.,1.,1.,1.,1.,1.,1.,1.,1.,1.,1.,1.,1.,1.,1.,1.,1.,1.,1.,1.,       29P    524
1.,1.,1.,1.,1.,1.,1.,1.,1.,1.,1.,1.,1.,1.,1.,1.,1.,1.,1.,1.,1.,       29P    525
1.,1.,1.,1.,1.,1.,1.,1.,1.,1.,1.,1.,1.,1.,1.,1.,1.,1.,1.,1.,1.,       29P    526
1.,1.,1.,1.,1.,1.,1.,1.,1.,1.,1.,1.,1.,1.,1.,1.,1.,1.,1.,1.,1.,       29P    527
1.,1.,1.,1.,1.,1.,1.,1.,1.,1.,1.,1.,1.,1.,1.,1.,1.,1.,1.,1.,1.,       29P    528
1.,1.,1.,1.,1.,1.,1.,1.,1.,1.,1.,1.,1.,1.,1.,1.,1.,1.,1.,1.,1.,       29P    529
1.,1.,1.,1.,1.,1.,1.,1.,1.,1.,1.,1.,1.,1.,1.,1.,1.,1.,1.,1.,1.,       29P    530
1.,1.,1.,1.,1.,1.,1.,1.,1.,1.,1.,1.,1.,1.,1.,1.,1.,1.,1.,1.,1.,       29P    531
1.,1.,1.,1.,1.,1.,1.,1.,1.,1.,1.,1.,1.,1.,1.,1.,1.,1.,1.,1.,1.,       29P    532
1.,1.,1.,1.,1.,1.,1.,1.,1.,1.,1.,1.,1.,1.,1.,1.,1.,1.,1.,1.,1.,       29P    533
1.,1.,1.,1.,1.,1.,1.,1.,1.,1.,1.,1.,1.,1.,1.,1.,1.,1.,1.,1.,1.,       29P    534
1.,1.,1.,1.,1.,1.,1.,1.,1.,1.,1.,1.,1.,1.,1.,1.,1.,1.,1.,1.,1.,       29P    535
1.,1.,1.,1.,1.,1.,1.,1.,1.,1.,1.,1.,1.,1.,1.,1.,1.,1.,1.,1.,1.,       29P    536
1.,1.,1.,1.,1.,1.,1.,1.,1.,1.,1.,1.,1.,1.,1.,1.,1.,1.,1.,1.,1.,       29P    537
1.,1.,1.,1.,1.,1.,1.,1.,1.,1.,1.,1.,1.,1.,1.,1.,1.,1.,1.,1.,1.,       29P    538
1.,1.,1.,1.,1.,1.,1.,1.,1.,1.,1.,1.,1.,1.,1.,1.,1.,1.,1.,1.,1.,       29P    539
1.,1.,1.,1.,1.,1.,1.,1.,1.,1.,1.,1.,1.,1.,1.,1.,1.,1.,1.,1.,1.,       29P    540
1.,1.,1.,1.,1.,1.,1.,1.,1.,1.,1.,1.,1.,1.,1.,1.,1.,1.,1.,1.,1.,       29P    541
1.,1.,1.,1.,1.,1.,1.,1.,1.,1.,1.,1.,1.,1.,1.,1.,1.,1.,1.,1.,1.,       29P    542
1.,1.,1.,1.,1.,1.,1.,1.,1.,1.,1.,1.,1.,1.,1.,1.,1.,1.,1.,1.,1.,       29P    543
1.,1.,1.,1.,1.,1.,1.,1.,1.,1.,1.,1.,1.,1.,1.,1.,1.,1.,1.,1.,1.,       29P    544
1.,1.,1.,1.,1.,1.,1.,1.,1.,1.,1.,1.,1.,1.,1.,1.,1.,1.,1.,1.,1.,       29P    545
1.,1.,1.,1.,1.,1.,1.,1.,1.,1.,1.,1.,1.,1.,1.,1.,1.,1.,1.,1.,1.,       29P    546
1.,1.,1.,1.,1.,1.,1.,1.,1.,1.,1.,1.,1.,1.,1.,1.,1.,1.,1.,1.,1.,       29P    547
1.,1.,1.,1.,1.,1.,1.,1.,1.,1.,1.,1.,1.,1.,1.,1.,1.,1.,1.,1.,1.,       29P    548
1.,1.,1.,1.,1.,1.,1.,1.,1.,1.,1.,1.,1.,1.,1.,1.,1.,1.,1.,1.,1.,       29P    549
1.,1.,1.,1.,1.,1.,1.,1.,1.,1.,1.,1.,1.,1.,1.,1.,1.,1.,1.,1.,1.,       29P    550
1.,1.,1.,1.,1.,1.,1.,1.,1.,1.,1.,1.,1.,1.,1.,1.,1.,1.,1.,1.,1.,       29P    551
1.,1.,1.,1.,1.,1.,1.,1.,1.,1.,1.,1.,1.,1.,1.,1.,1.,1.,1.,1.,1.,       29P    552
1.,1.,1.,1.,1.,1.,1.,1.,1.,1.,1.,1.,1.,1.,1.,1.,1.,1.,1.,1.,1.,       29P    553
1.,1.,1.,1.,1.,1.,1.,1.,1.,1.,1.,1.,1.,1.,1.,1.,1.,1.,1.,1.,1.,       29P    554
1.,1.,1.,1.,1.,1.,1.,1.,1.,1.,1.,1.,1.,1.,1.,1.,1.,1.,1.,1.,1.,       29P    555
1.,1.,1.,1.,1.,1.,1.,1.,1.,1.,1.,1.,1.,1.,1.,1.,1.,1.,1.,1.,1.,       29P    556
1.,1.,1.,1.,1.,1.,1.,1.,1.,1.,1.,1.,1.,1.,1.,1.,1.,1.,1.,1.,1.,       29P    557
1.,1.,1.,1.,1.,1.,1.,1.,1.,1.,1.,1.,1.,1.,1.,1.,1.,1.,1.,1.,1.,       29P    558
1.,1.,1.,1.,1.,1.,1.,1.,1.,1.,1.,1.,1.,1.,1.,1.,1.,1.,1.,1.,1.,       29P    559
1.,1.,1.,1.,1.,1.,1.,1.,1.,1.,1.,1.,1.,1.,1.,1.,1.,1.,1.,1.,1.,       29P    560
1.,1.,1.,1.,1.,1.,1.,1.,1.,1.,1.,1.,1.,1.,1.,1.,1.,1.,1.,1.,1.,       29P    561
1.,1.,1.,1.,1.,1.,1.,1.,1.,1.,1.,1.,1.,1.,1.,1.,1.,1.,1.,1.,1.,       29P    562
1.,1.,1.,1.,1.,1.,1.,1.,1.,1.,1.,1.,1.,1.,1.,1.,1.,1.,1.,1.,1.,       29P    563
1.,1.,1.,1.,1.,1.,1.,1.,1.,1.,1.,1.,1.,1.,1.,1.,1.,1.,1.,1.,1.,       29P    564
1.,1.,1.,1.,1.,1.,1.,1.,1.,1.,1.,1.,1.,1.,1.,1.,1.,1.,1.,1.,1.,       29P    565
1.,1.,1.,1.,1.,1.,1.,1.,1.,1.,1.,1.,1.,1.,1.,1.,1.,1.,1.,1.,1.,       29P    566
1.,1.,1.,1.,1.,1.,1.,1.,1.,1.,1.,1.,1.,1.,1.,1.,1.,1.,1.,1.,1.,       29P    567
1.,1.,1.,1.,1.,1.,1.,1.,1.,1.,1.,1.,1.,1.,1.,1.,1.,1.,1.,1.,1.,       29P    568
1.,1.,1.,1.,1.,1.,1.,1.,1.,1.,1.,1.,1.,1.,1.,1.,1.,1.,1.,1.,1.,       29P    569
1.,1.,1.,1.,1.,1.,1.,1.,1.,1.,1.,1.,1.,1.,1.,1.,1.,1.,1.,1.,1.,       29P    570
1.,1.,1.,1.,1.,1.,1.,1.,1.,1.,1.,1.,1.,1.,1.,1.,1.,1.,1.,1.,1.,       29P    571
1.,1.,1.,1.,1.,1.,1.,1.,1.,1.,1.,1.,1.,1.,1.,1.,1.,1.,1.,1.,1.,       29P    572
1.,1.,1.,1.,1.,1.,1.,1.,1.,1.,1.,1.,1.,1.,1.,1.,1.,1.,1.,1.,1.,       29P    573
1.,1.,1.,1.,1.,1.,1.,1.,1.,1.,1.,1.,1.,1.,1.,1.,1.,1.,1.,1.,1.,       29P    574
1.,1.,1.,1.,1.,1.,1.,1.,1.,1.,1.,1.,1.,1.,1.,1.,1.,1.,1.,1.,1.,       29P    575
1.,1.,1.,1.,1.,1.,1.,1.,1.,1.,1.,1.,1.,1.,1.,1.,1.,1.,1.,1.,1.,       29P    576
1.,1.,1.,1.,1.,1.,1.,1.,1.,1.,1.,1.,1.,1.,1.,1.,1.,1.,1.,1.,1.,       29P    577
1.,1.,1.,1.,1.,1.,1.,1.,1.,1.,1.,1.,1.,1.,1.,1.,1.,1.,1.,1.,1.,       29P    578
1.,1.,1.,1.,1.,1.,1.,1.,1.,1.,1.,1.,1.,1.,1.,1.,1.,1.,1.,1.,1.,       29P    579
1.,1.,1.,1.,1.,1.,1.,1.,1.,1.,1.,1.,1.,1.,1.,1.,1.,1.,1.,1.,1.,       29P    580
1.,1.,1.,1.,1.,1.,1.,1.,1.,1.,1.,1.,1.,1.,1.,1.,1.,1.,1.,1.,1.,       29P    581
1.,1.,1.,1.,1.,1.,1.,1.,1.,1.,1.,1.,1.,1.,1.,1.,1.,1.,1.,1.,1.,       29P    582
1.,1.,1.,1.,1.,1.,1.,1.,1.,1.,1.,1.,1.,1.,1.,1.,1.,1.,1.,1.,1.,       29P    583
1.,1.,1.,1.,1.,1.,1.,1.,1.,1.,1.,1.,1.,1.,1.,1.,1.,1.,1.,1.,1.,       29P    584
1.,1.,1.,1.,1.,1.,1.,1.,1.,1.,1.,1.,1.,1.,1.,1.,1.,1.,1.,1.,1.,       29P    585
1.,1.,1.,1.,1.,1.,1.,1.,1.,1.,1.,1.,1.,1.,1.,1.,1.,1.,1.,1.,1.,       29P    586
1.,1.,1.,1.,1.,1.,1.,1.,1.,1.,1.,1.,1.,1.,1.,1.,1.,1.,1.,1.,1.,       29P    587
1.,1.,1.,1.,1.,1.,1.,1.,1.,1.,1.,1.,1.,1.,1.,1.,1.,1.,1.,1.,1.,       29P    588
1.,1.,1.,1.,1.,1.,1.,1.,1.,1.,1.,1.,1.,1.,1.,1.,1.,1.,1.,1.,1.,       29P    589
1.,1.,1.,1.,1.,1.,1.,1.,1.,1.,1.,1.,1.,1.,1.,1.,1.,1.,1.,1.,1.,       29P    590
1.,1.,1.,1.,1.,1.,1.,1.,1.,1.,1.,1.,1.,1.,1.,1.,1.,1.,1.,1.,1.,       29P    591
1.,1.,1.,1.,1.,1.,1.,1.,1.,1.,1.,1.,1.,1.,1.,1.,1.,1.,1.,1.,1.,       29P    592
1.,1.,1.,1.,1.,1.,1.,1.,1.,1.,1.,1.,1.,1.,1.,1.,1.,1.,1.,1.,1.,       29P    593
1.,1.,1.,1.,1.,1.,1.,1.,1.,1.,1.,1.,1.,1.,1.,1.,1.,1.,1.,1.,1.,       29P    594
1.,1.,1.,1.,1.,1.,1.,1.,1.,1.,1.,1.,1.,1.,1.,1.,1.,1.,1.,1.,1.,       29P    595
1.,1.,1.,1.,1.,1.,1.,1.,1.,1.,1.,1.,1.,1.,1.,1.,1.,1.,1.,1.,1.,       29P    596
1.,1.,1.,1.,1.,1.,1.,1.,1.,1.,1.,1.,1.,1.,1.,1.,1.,1.,1.,1.,1.,       29P    597
1.,1.,1.,1.,1.,1.,1.,1.,1.,1.,1.,1.,1.,1.,1.,1.,1.,1.,1.,1.,1.,       29P    598
1.,1.,1.,1.,1.,1.,1.,1.,1.,1.,1.,1.,1.,1.,1.,1.,1.,1.,1.,1.,1.,       29P    599
1.,1.,1.,1.,1.,1.,1.,1.,1.,1.,1.,1.,1.,1.,1.,1.,1.,1.,1.,1.,1.,       29P    600
1.,1.,1.,1.,1.,1.,1.,1.,1.,1.,1.,1.,1.,1.,1.,1.,1.,1.,1.,1.,1.,       29P    601
1.,1.,1.,1.,1.,1.,1.,1.,1.,1.,1.,1.,1.,1.,1.,1.,1.,1.,1.,1.,1.,       29P    602
1.,1.,1.,1.,1.,1.,1.,1.,1.,1.,1.,1.,1.,1.,1.,1.,1.,1.,1.,1.,1.,       29P    603
1.,1.,1.,1.,1.,1.,1.,1.,1.,1.,1.,1.,1.,1.,1.,1.,1.,1.,1.,1.,1.,       29P    604
1.,1.,1.,1.,1.,1.,1.,1.,1.,1.,1.,1.,1.,1.,1.,1.,1.,1.,1.,1.,1.,       29P    605
1.,1.,1.,1.,1.,1.,1.,1.,1.,1.,1.,1.,1.,1.,1.,1.,1.,1.,1.,1.,1.,       29P    606
1.,1.,1.,1.,1.,1.,1.,1.,1.,1.,1.,1.,1.,1.,1.,1.,1.,1.,1.,1.,1.,       29P    607
1.,1.,1.,1.,1.,1.,1.,1.,1.,1.,1.,1.,1.,1.,1.,1.,1.,1.,1.,1.,1.,       29P    608
1.,1.,1.,1.,1.,1.,1.,1.,1.,1.,1.,1.,1.,1.,1.,1.,1.,1.,1.,1.,1.,       29P    609
1.,1.,1.,1.,1.,1.,1.,1.,1.,1.,1.,1.,1.,1.,1.,1.,1.,1.,1.,1.,1.,       29P    610
1.,1.,1.,1.,1.,1.,1.,1.,1.,1.,1.,1.,1.,1.,1.,1.,1.,1.,1.,1.,1.,       29P    611
1.,1.,1.,1.,1.,1.,1.,1.,1.,1.,1.,1.,1.,1.,1.,1.,1.,1.,1.,1.,1.,       29P    612
1.,1.,1.,1.,1.,1.,1.,1.,1.,1.,1.,1.,1.,1.,1.,1.,1.,1.,1.,1.,1.,       29P    613
1.,1.,1.,1.,1.,1.,1.,1.,1.,1.,1.,1.,1.,1.,1.,1.,1.,1.,1.,1.,1.,       29P    614
1.,1.,1.,1.,1.,1.,1.,1.,1.,1.,1.,1.,1.,1.,1.,1.,1.,1.,1.,1.,1.,       29P    615
1.,1.,1.,1.,1.,1.,1.,1.,1.,1.,1.,1.,1.,1.,1.,1.,1.,1.,1.,1.,1.,       29P    616
1.,1.,1.,1.,1.,1.,1.,1.,1.,1.,1.,1.,1.,1.,1.,1.,1.,1.,1.,1.,1.,       29P    617
1.,1.,1.,1.,1.,1.,1.,1.,1.,1.,1.,1.,1.,1.,1.,1.,1.,1.,1.,1.,1.,       29P    618
1.,1.,1.,1.,1.,1.,1.,1.,1.,1.,1.,1.,1.,1.,1.,1.,1.,1.,1.,1.,1.,       29P    619
1.,1.,1.,1.,1.,1.,1.,1.,1.,1.,1.,1.,1.,1.,1.,1.,1.,1.,1.,1.,1.,       29P    620
1.,1.,1.,1.,1.,1.,1.,1.,1.,1.,1.,1.,1.,1.,1.,1.,1.,1.,1.,1.,1.,       29P    621
1.,1.,1.,1.,1.,1.,1.,1.,1.,1.,1.,1.,1.,1.,1.,1.,1.,1.,1.,1.,1.,       29P    622
1.,1.,1.,1.,1.,1.,1.,1.,1.,1.,1.,1.,1.,1.,1.,1.,1.,1.,1.,1.,1.,       29P    623
1.,1.,1.,1.,1.,1.,1.,1.,1.,1.,1.,1.,1.,1.,1.,1.,1.,1.,1.,1.,1.,       29P    624
1.,1.,1.,1.,1.,1.,1.,1.,1.,1.,1.,1.,1.,1.,1.,1.,1.,1.,1.,1.,1.,       29P    625
1.,1.,1.,1.,1.,1.,1.,1.,1.,1.,1.,1.,1.,1.,1.,1.,1.,1.,1.,1.,1.,       29P    626
1.,1.,1.,1.,1.,1.,1.,1.,1.,1.,1.,1.,1.,1.,1.,1.,1.,1.,1.,1.,1.,       29P    627
1.,1.,1.,1.,1.,1.,1.,1.,1.,1.,1.,1.,1.,1.,1.,1.,1.,1.,1.,1.,1.,       29P    628
1.,1.,1.,1.,1.,1.,1.,1.,1.,1.,1.,1.,1.,1.,1.,1.,1.,1.,1.,1.,1.,       29P    629
1.,1.,1.,1.,1.,1.,1.,1.,1.,1.,1.,1.,1.,1.,1.,1.,1.,1.,1.,1.,1.,       29P    630
1.,1.,1.,1.,1.,1.,1.,1.,1.,1.,1.,1.,1.,1.,1.,1.,1.,1.,1.,1.,1.,       29P    631
1.,1.,1.,1.,1.,1.,1.,1.,1.,1.,1.,1.,1.,1.,1.,1.,1.,1.,1.,1.,1.,       29P    632
1.,1.,1.,1.,1.,1.,1.,1.,1.,1.,1.,1.,1.,1.,1.,1.,1.,1.,1.,1.,1.,       29P    633
1.,1.,1.,1.,1.,1.,1.,1.,1.,1.,1.,1.,1.,1.,1.,1.,1.,1.,1.,1.,1.,       29P    634
1.,1.,1.,1.,1.,1.,1.,1.,1.,1.,1.,1.,1.,1.,1.,1.,1.,1.,1.,1.,1.,       29P    635
1.,1.,1.,1.,1.,1.,1.,1.,1.,1.,1.,1.,1.,1.,1.,1.,1.,1.,1.,1.,1.,       29P    636
1.,1.,1.,1.,1.,1.,1.,1.,1.,1.,1.,1.,1.,1.,1.,1.,1.,1.,1.,1.,1.,       29P    637
1.,1.,1.,1.,1.,1.,1.,1.,1.,1.,1.,1.,1.,1.,1.,1.,1.,1.,1.,1.,1.,       29P    638
1.,1.,1.,1.,1.,1.,1.,1.,1.,1.,1.,1.,1.,1.,1.,1.,1.,1.,1.,1.,1.,       29P    639
1.,1.,1.,1.,1.,1.,1.,1.,1.,1.,1.,1.,1.,1.,1.,1.,1.,1.,1.,1.,1.,       29P    640
1.,1.,1.,1.,1.,1.,1.,1.,1.,1.,1.,1.,1.,1.,1.,1.,1.,1.,1.,1.,1.,       29P    641
1.,1.,1.,1.,1.,1.,1.,1.,1.,1.,1.,1.,1.,1.,1.,1.,1.,1.,1.,1.,1.,       29P    642
1.,1.,1.,1.,1.,1.,1.,1.,1.,1.,1.,1.,1.,1.,1.,1.,1.,1.,1.,1.,1.,       29P    643
1.,1.,1.,1.,1.,1.,1.,1.,1.,1.,1.,1.,1.,1.,1.,1.,1.,1.,1.,1.,1.,       29P    644
1.,1.,1.,1.,1.,1.,1.,1.,1.,1.,1.,1.,1.,1.,1.,1.,1.,1.,1.,1.,1.,       29P    645
1.,1.,1.,1.,1.,1.,1.,1.,1.,1.,1.,1.,1.,1.,1.,1.,1.,1.,1.,1.,1.,       29P    646
1.,1.,1.,1.,1.,1.,1.,1.,1.,1.,1.,1.,1.,1.,1.,1.,1.,1.,1.,1.,1.,       29P    647
1.,1.,1.,1.,1.,1.,1.,1.,1.,1.,1.,1.,1.,1.,1.,1.,1.,1.,1.,1.,1.,       29P    648
1.,1.,1.,1.,1.,1.,1.,1.,1.,1.,1.,1.,1.,1.,1.,1.,1.,1.,1.,1.,1.,       29P    649
1.,1.,1.,1.,1.,1.,1.,1.,1.,1.,1.,1.,1.,1.,1.,1.,1.,1.,1.,1.,1.,       29P    650
1.,1.,1.,1.,1.,1.,1.,1.,1.,1.,1.,1.,1.,1.,1.,1.,1.,1.,1.,1.,1.,       29P    651
1.,1.,1.,1.,1.,1.,1.,1.,1.,1.,1.,1.,1.,1.,1.,1.,1.,1.,1.,1.,1.,       29P    652
1.,1.,1.,1.,1.,1.,1.,1.,1.,1.,1.,1.,1.,1.,1.,1.,1.,1.,1.,1.,1.,       29P    653
1.,1.,1.,1.,1.,1.,1.,1.,1.,1.,1.,1.,1.,1.,1.,1.,1.,1.,1.,1.,1.,       29P    654
1.,1.,1.,1.,1.,1.,1.,1.,1.,1.,1.,1.,1.,1.,1.,1.,1.,1.,1.,1.,1.,       29P    655
1.,1.,1.,1.,1.,1.,1.,1.,1.,1.,1.,1.,1.,1.,1.,1.,1.,1.,1.,1.,1.,       29P    656
1.,1.,1.,1.,1.,1.,1.,1.,1.,1.,1.,1.,1.,1.,1.,1.,1.,1.,1.,1.,1.,       29P    657
1.,1.,1.,1.,1.,1.,1.,1.,1.,1.,1.,1.,1.,1.,1.,1.,1.,1.,1.,1.,1.,       29P    658
1.,1.,1.,1.,1.,1.,1.,1.,1.,1.,1.,1.,1.,1.,1.,1.,1.,1.,1.,1.,1.,       29P    659
1.,1.,1.,1.,1.,1.,1.,1.,1.,1.,1.,1.,1.,1.,1.,1.,1.,1.,1.,1.,1.,       29P    660
1.,1.,1.,1.,1.,1.,1.,1.,1.,1.,1.,1.,1.,1.,1.,1.,1.,1.,1.,1.,1.,       29P    661
1.,1.,1.,1.,1.,1.,1.,1.,1.,1.,1.,1.,1.,1.,1.,1.,1.,1.,1.,1.,1.,       29P    662
1.,1.,1.,1.,1.,1.,1.,1.,1.,1.,1.,1.,1.,1.,1.,1.,1.,1.,1.,1.,1.,       29P    663
1.,1.,1.,1.,1.,1.,1.,1.,1.,1.,1.,1.,1.,1.,1.,1.,1.,1.,1.,1.,1.,       29P    664
1.,1.,1.,1.,1.,1.,1.,1.,1.,1.,1.,1.,1.,1.,1.,1.,1.,1.,1.,1.,1.,       29P    665
1.,1.,1.,1.,1.,1.,1.,1.,1.,1.,1.,1.,1.,1.,1.,1.,1.,1.,1.,1.,1.,       29P    666
1.,1.,1.,1.,1.,1.,1.,1.,1.,1.,1.,1.,1.,1.,1.,1.,1.,1.,1.,1.,1.,       29P    667
1.,1.,1.,1.,1.,1.,1.,1.,1.,1.,1.,1.,1.,1.,1.,1.,1.,1.,1.,1.,1.,       29P    668
1.,1.,1.,1.,1.,1.,1.,1.,1.,1.,1.,1.,1.,1.,1.,1.,1.,1.,1.,1.,1.,       29P    669
1.,1.,1.,1.,1.,1.,1.,1.,1.,1.,1.,1.,1.,1.,1.,1.,1.,1.,1.,1.,1.,       29P    670
1.,1.,1.,1.,1.,1.,1.,1.,1.,1.,1.,1.,1.,1.,1.,1.,1.,1.,1.,1.,1.,       29P    671
1.,1.,1.,1.,1.,1.,1.,1.,1.,1.,1.,1.,1.,1.,1.,1.,1.,1.,1.,1.,1.,       29P    672
1.,1.,1.,1.,1.,1.,1.,1.,1.,1.,1.,1.,1.,1.,1.,1.,1.,1.,1.,1.,1.,       29P    673
1.,1.,1.,1.,1.,1.,1.,1.,1.,1.,1.,1.,1.,1.,1.,1.,1.,1.,1.,1.,1.,       29P    674
1.,1.,1.,1.,1.,1.,1.,1.,1.,1.,1.,1.,1.,1.,1.,1.,1.,1.,1.,1.,1.,       29P    675
1.,1.,1.,1.,1.,1.,1.,1.,1.,1.,1.,1.,1.,1.,1.,1.,1.,1.,1.,1.,1.,       29P    676
1.,1.,1.,1.,1.,1.,1.,1.,1.,1.,1.,1.,1.,1.,1.,1.,1.,1.,1.,1.,1.,       29P    677
1.,1.,1.,1.,1.,1.,1.,1.,1.,1.,1.,1.,1.,1.,1.,1.,1.,1.,1.,1.,1.,       29P    678
1.,1.,1.,1.,1.,1.,1.,1.,1.,1.,1.,1.,1.,1.,1.,1.,1.,1.,1.,1.,1.,       29P    679
1.,1.,1.,1.,1.,1.,1.,1.,1.,1.,1.,1.,1.,1.,1.,1.,1.,1.,1.,1.,1.,       29P    680
1.,1.,1.,1.,1.,1.,1.,1.,1.,1.,1.,1.,1.,1.,1.,1.,1.,1.,1.,1.,1.,       29P    681
1.,1.,1.,1.,1.,1.,1.,1.,1.,1.,1.,1.,1.,1.,1.,1.,1.,1.,1.,1.,1.,       29P    682
1.,1.,1.,1.,1.,1.,1.,1.,1.,1.,1.,1.,1.,1.,1.,1.,1.,1.,1.,1.,1.,       29P    683
1.,1.,1.,1.,1.,1.,1.,1.,1.,1.,1.,1.,1.,1.,1.,1.,1.,1.,1.,1.,1.,       29P    684
1.,1.,1.,1.,1.,1.,1.,1.,1.,1.,1.,1.,1.,1.,1.,1.,1.,1.,1.,1.,1.,       29P    685
1.,1.,1.,1.,1.,1.,1.,1.,1.,1.,1.,1.,1.,1.,1.,1.,1.,1.,1.,1.,1.,       29P    686
1.,1.,1.,1.,1.,1.,1.,1.,1.,1.,1.,1.,1.,1.,1.,1.,1.,1.,1.,1.,1.,       29P    687
1.,1.,1.,1.,1.,1.,1.,1.,1.,1.,1.,1.,1.,1.,1.,1.,1.,1.,1.,1.,1.,       29P    688
1.,1.,1.,1.,1.,1.,1.,1.,1.,1.,1.,1.,1.,1.,1.,1.,1.,1.,1.,1.,1.,       29P    689
1.,1.,1.,1.,1.,1.,1.,1.,1.,1.,1.,1.,1.,1.,1.,1.,1.,1.,1.,1.,1.,       29P    690
1.,1.,1.,1.,1.,1.,1.,1.,1.,1.,1.,1.,1.,1.,1.,1.,1.,1.,1.,1.,1.,       29P    691
1.,1.,1.,1.,1.,1.,1.,1.,1.,1.,1.,1.,1.,1.,1.,1.,1.,1.,1.,1.,1.,       29P    692
1.,1.,1.,1.,1.,1.,1.,1.,1.,1.,1.,1.,1.,1.,1.,1.,1.,1.,1.,1.,1.,       29P    693
1.,1.,1.,1.,1.,1.,1.,1.,1.,1.,1.,1.,1.,1.,1.,1.,1.,1.,1.,1.,1.,       29P    694
1.,1.,1.,1.,1.,1.,1.,1.,1.,1.,1.,1.,1.,1.,1.,1.,1.,1.,1.,1.,1.,       29P    695
1.,1.,1.,1.,1.,1.,1.,1.,1.,1.,1.,1.,1.,1.,1.,1.,1.,1.,1.,1.,1.,       29P    696
1.,1.,1.,1.,1.,1.,1.,1.,1.,1.,1.,1.,1.,1.,1.,1.,1.,1.,1.,1.,1.,       29P    697
1.,1.,1.,1.,1.,1.,1.,1.,1.,1.,1.,1.,1.,1.,1.,1.,1.,1.,1.,1.,1.,       29P    698
1.,1.,1.,1.,1.,1.,1.,1.,1.,1.,1.,1.,1.,1.,1.,1.,1.,1.,1.,1.,1.,       29P    699
1.,1.,1.,1.,1.,1.,1.,1.,1.,1.,1.,1.,1.,1.,1.,1.,1.,1.,1.,1.,1.,       29P    700
1.,1.,1.,1.,1.,1.,1.,1.,1.,1.,1.,1.,1.,1.,1.,1.,1.,1.,1.,1.,1.,       29P    701
1.,1.,1.,1.,1.,1.,1.,1.,1.,1.,1.,1.,1.,1.,1.,1.,1.,1.,1.,1.,1.,       29P    702
1.,1.,1.,1.,1.,1.,1.,1.,1.,1.,1.,1.,1.,1.,1.,1.,1.,1.,1.,1.,1.,       29P    703
1.,1.,1.,1.,1.,1.,1.,1.,1.,1.,1.,1.,1.,1.,1.,1.,1.,1.,1.,1.,1.,       29P    704
1.,1.,1.,1.,1.,1.,1.,1.,1.,1.,1.,1.,1.,1.,1.,1.,1.,1.,1.,1.,1.,       29P    705
1.,1.,1.,1.,1.,1.,1.,1.,1.,1.,1.,1.,1.,1.,1.,1.,1.,1.,1.,1.,1.,       29P    706
1.,1.,1.,1.,1.,1.,1.,1.,1.,1.,1.,1.,1.,1.,1.,1.,1.,1.,1.,1.,1.,       29P    707
1.,1.,1.,1.,1.,1.,1.,1.,1.,1.,1.,1.,1.,1.,1.,1.,1.,1.,1.,1.,1.,       29P    708
1.,1.,1.,1.,1.,1.,1.,1.,1.,1.,1.,1.,1.,1.,1.,1.,1.,1.,1.,1.,1.,       29P    709
1.,1.,1.,1.,1.,1.,1.,1.,1.,1.,1.,1.,1.,1.,1.,1.,1.,1.,1.,1.,1.,       29P    710
1.,1.,1.,1.,1.,1.,1.,1.,1.,1.,1.,1.,1.,1.,1.,1.,1.,1.,1.,1.,1.,       29P    711
1.,1.,1.,1.,1.,1.,1.,1.,1.,1.,1.,1.,1.,1.,1.,1.,1.,1.,1.,1.,1.,       29P    712
1.,1.,1.,1.,1.,1.,1.,1.,1.,1.,1.,1.,1.,1.,1.,1.,1.,1.,1.,1.,1.,       29P    713
1.,1.,1.,1.,1.,1.,1.,1.,1.,1.,1.,1.,1.,1.,1.,1.,1.,1.,1.,1.,1.,       29P    714
1.,1.,1.,1.,1.,1.,1.,1.,1.,1.,1.,1.,1.,1.,1.,1.,1.,1.,1.,1.,1.,       29P    715
1.,1.,1.,1.,1.,1.,1.,1.,1.,1.,1.,1.,1.,1.,1.,1.,1.,1.,1.,1.,1.,       29P    716
1.,1.,1.,1.,1.,1.,1.,1.,1.,1.,1.,1.,1.,1.,1.,1.,1.,1.,1.,1.,1.,       29P    717
1.,1.,1.,1.,1.,1.,1.,1.,1.,1.,1.,1.,1.,1.,1.,1.,1.,1.,1.,1.,1.,       29P    718
1.,1.,1.,1.,1.,1.,1.,1.,1.,1.,1.,1.,1.,1.,1.,1.,1.,1.,1.,1.,1.,       29P    719
1.,1.,1.,1.,1.,1.,1.,1.,1.,1.,1.,1.,1.,1.,1.,1.,1.,1.,1.,1.,1.,       29P    720
1.,1.,1.,1.,1.,1.,1.,1.,1.,1.,1.,1.,1.,1.,1.,1.,1.,1.,1.,1.,1.,       29P    721
1.,1.,1.,1.,1.,1.,1.,1.,1.,1.,1.,1.,1.,1.,1.,1.,1.,1.,1.,1.,1.,       29P    722
1.,1.,1.,1.,1.,1.,1.,1.,1.,1.,1.,1.,1.,1.,1.,1.,1.,1.,1.,1.,1.,       29P    723
1.,1.,1.,1.,1.,1.,1.,1.,1.,1.,1.,1.,1.,1.,1.,1.,1.,1.,1.,1.,1.,       29P    724
1.,1.,1.,1.,1.,1.,1.,1.,1.,1.,1.,1.,1.,1.,1.,1.,1.,1.,1.,1.,1.,       29P    725
1.,1.,1.,1.,1.,1.,1.,1.,1.,1.,1.,1.,216.191,0.5899,9.742,216.19,      29P    726
0.59065,9.742,216.189,0.591568,9.742,216.187,0.592458,9.742,          29P    727
216.185,0.592994,9.742,216.184,0.593339,9.742,216.182,0.593484,       29P    728
9.742,216.181,0.59352,9.742,216.18,0.593436,9.742,216.178,            29P    729
0.593185,9.742,216.177,0.592861,9.742,216.175,0.592376,9.742,         29P    730
216.175,0.592046,9.742,216.174,0.591647,9.742,216.173,0.591177,       29P    731
9.742,216.172,0.590568,9.742,216.171,0.589765,9.742,216.17,           29P    732
0.588823,9.742,216.169,0.587854,9.742,216.169,0.587389,9.742,         29P    733
216.168,0.586351,9.742,216.167,0.585166,9.742,216.166,0.583013,       29P    734
9.742,216.166,0.581389,9.742,216.165,0.579899,9.742,216.165,          29P    735
0.579355,9.742,216.165,0.577923,9.742,216.165,0.577031,9.742,         29P    736
216.166,0.575222,9.742,216.166,0.574306,9.742,216.166,0.572552,       29P    737
9.742,216.166,0.571711,9.742,216.167,0.570494,9.742,216.167,          29P    738
0.570092,9.742,216.169,0.566609,9.742,216.171,0.562691,9.742,         29P    739
216.174,0.558101,9.742,216.175,0.555679,9.742,216.176,0.553242,       29P    740
9.742,216.178,0.549878,9.742,216.18,0.546675,9.742,216.182,           29P    741
0.543464,9.742,216.183,0.540921,9.742,216.185,0.538154,9.742,         29P    742
216.186,0.535787,9.742,216.192,0.52579,9.742,216.197,0.516198,        29P    743
9.742,216.203,0.50657,9.742,216.204,0.504556,9.742,216.205,           29P    744
0.502353,9.742,216.207,0.499112,9.742,216.209,0.495946,9.742,         29P    745
216.211,0.492634,9.742,216.213,0.489769,9.742,216.215,0.486426,       29P    746
9.742,216.217,0.483446,9.742,216.226,0.468003,9.742,216.235,          29P    747
0.453529,9.742,216.244,0.439375,9.742,216.245,0.437792,9.742,         29P    748
216.246,0.435863,9.742,216.248,0.432778,9.742,216.25,0.429679,        29P    749
9.742,216.253,0.426255,9.742,216.255,0.423,9.742,216.257,             29P    750
0.418967,9.742,216.26,0.415275,9.742,216.273,0.394884,9.742,          29P    751
216.286,0.375882,9.742,216.3,0.357067,9.742,216.301,0.355175,         29P    752
9.742,216.304,0.351387,9.742,216.307,0.347172,9.742,216.311,          29P    753
0.342059,9.742,216.314,0.337279,9.742,216.318,0.332792,9.742,         29P    754
216.336,0.307954,9.742,216.354,0.284747,9.742,216.373,0.262219,       29P    755
9.742,216.375,0.259519,9.742,216.377,0.256613,9.742,216.38,           29P    756
0.25303,9.742,216.383,0.248966,9.742,216.388,0.243493,9.742,          29P    757
216.392,0.238287,9.742,216.412,0.215189,9.742,216.431,0.194131,       29P    758
9.742,216.449,0.173908,9.742,216.453,0.170473,9.742,216.456,          29P    759
0.166305,9.742,216.462,0.160709,9.742,216.467,0.15471,9.742,          29P    760
216.473,0.148998,9.742,216.494,0.127676,9.742,216.513,0.108749,       29P    761
9.742,216.532,0.090779,9.742,216.534,0.0884526,9.742,216.537,         29P    762
0.085796,9.742,216.541,0.0822265,9.742,216.546,0.0777697,9.742,       29P    763
216.552,0.0714769,9.742,216.559,0.0654953,9.742,216.58,               29P    764
0.0462489,9.742,216.599,0.0298789,9.742,216.618,0.0144272,9.742,      29P    765
216.619,0.0131923,9.742,216.622,0.0110304,9.742,216.625,              29P    766
0.00852778,9.742,216.629,0.00507079,9.742,216.635,0.000585363,        29P    767
9.742,216.643,-0.00582189,9.742,216.65,-0.0118892,9.742,216.672,      29P    768
-0.0291354,9.742,216.691,-0.0436004,9.742,216.71,-0.0571098,          29P    769
9.742,216.712,-0.0583945,9.742,216.715,-0.0603637,9.742,216.718,      29P    770
-0.0627201,9.742,216.723,-0.0660248,9.742,216.729,-0.070411,          29P    771
9.742,216.738,-0.0767118,9.742,216.746,-0.0826453,9.742,216.769,      29P    772
-0.097873,9.742,216.788,-0.110501,9.742,216.807,-0.122178,9.742,      29P    773
216.809,-0.123497,9.742,216.812,-0.125307,9.742,216.815,              29P    774
-0.127481,9.742,216.82,-0.130589,9.742,216.827,-0.134763,9.742,       29P    775
216.837,-0.140752,9.742,216.847,-0.146318,9.742,216.87,               29P    776
-0.159361,9.742,216.889,-0.170073,9.742,216.908,-0.179822,9.742,      29P    777
216.911,-0.181153,9.742,216.914,-0.182749,9.742,216.918,              29P    778
-0.184697,9.742,216.923,-0.187488,9.742,216.931,-0.191245,9.742,      29P    779
216.942,-0.196608,9.742,216.952,-0.201518,9.742,216.975,              29P    780
-0.212103,9.742,216.995,-0.220684,9.742,217.014,-0.22836,9.742,       29P    781
217.017,-0.229619,9.742,217.02,-0.230952,9.742,217.024,               29P    782
-0.232587,9.742,217.03,-0.234923,9.742,217.038,-0.238065,9.742,       29P    783
217.05,-0.242509,9.742,217.062,-0.246507,9.742,217.084,               29P    784
-0.254506,9.742,217.104,-0.260929,9.742,217.123,-0.266544,9.742,      29P    785
217.127,-0.267614,9.742,217.131,-0.268642,9.742,217.142,              29P    786
-0.271917,9.742,217.158,-0.276291,9.742,217.175,-0.280302,9.742,      29P    787
217.198,-0.285718,9.742,217.218,-0.289908,9.742,217.236,              29P    788
-0.293375,9.742,217.241,-0.294109,9.742,217.244,-0.294784,9.742,      29P    789
217.249,-0.295614,9.742,217.256,-0.296761,9.742,217.265,              29P    790
-0.298217,9.742,217.279,-0.300148,9.742,217.291,-0.301748,9.742,      29P    791
217.314,-0.304513,9.742,217.333,-0.306394,9.742,217.352,              29P    792
-0.307669,9.742,217.356,-0.307939,9.742,217.36,-0.308188,9.742,       29P    793
217.366,-0.308476,9.742,217.373,-0.308834,9.742,217.382,              29P    794
-0.309226,9.742,217.396,-0.309623,9.742,217.408,-0.309793,9.742,      29P    795
217.431,-0.309824,9.742,217.451,-0.309326,9.742,217.469,              29P    796
-0.308359,9.742,217.473,-0.308132,9.742,217.477,-0.307866,9.742,      29P    797
217.482,-0.307497,9.742,217.49,-0.306926,9.742,217.5,-0.306133,       29P    798
9.742,217.513,-0.304857,9.742,217.526,-0.303436,9.742,217.543,        29P    799
-0.301313,9.742,217.555,-0.299525,9.742,217.566,-0.297792,9.742,      29P    800
217.569,-0.297291,9.742,217.573,-0.296538,9.742,217.579,              29P    801
-0.295524,9.742,217.587,-0.294074,9.742,217.597,-0.292224,9.742,      29P    802
217.61,-0.289492,9.742,217.623,-0.2866,9.742,217.634,-0.28393,        29P    803
9.742,217.64,-0.282396,9.742,217.645,-0.281269,9.742,217.649,         29P    804
-0.280085,9.742,217.655,-0.278496,9.742,217.663,-0.276283,9.742,      29P    805
217.673,-0.273569,9.742,217.685,-0.270012,9.742,217.694,              29P    806
-0.26701,9.742,217.7,-0.265136,9.742,217.702,-0.264571,9.742,         29P    807
217.705,-0.263356,9.742,217.711,-0.261487,9.742,217.719,              29P    808
-0.258672,9.742,217.727,-0.255871,9.742,217.732,-0.253879,9.742,      29P    809
217.735,-0.252752,9.742,217.736,-0.252506,9.742,217.738,              29P    810
-0.251811,9.742,217.739,-0.25136,9.742,217.742,-0.250118,9.742,       29P    811
217.745,-0.249027,9.742,217.748,-0.24792,9.742,217.749,-0.24728,      29P    812
9.742,217.751,-0.24673,9.742,217.753,-0.245882,9.742,217.754,         29P    813
-0.245374,9.742,217.756,-0.244765,9.742,217.757,-0.244269,9.742,      29P    814
217.759,-0.243577,9.742,217.76,-0.242849,9.742,217.762,               29P    815
-0.242109,9.742,217.763,-0.241561,9.742,217.765,-0.24097,9.742,       29P    816
217.766,-0.24045,9.742,217.768,-0.239678,9.742,217.769,               29P    817
-0.239027,9.742,217.771,-0.238144,9.742,217.774,-0.23715,9.742,       29P    818
217.775,-0.23643,9.742,217.777,-0.235746,9.742,217.779,               29P    819
-0.235076,9.742,217.78,-0.234402,9.742,217.781,-0.233795,9.742,       29P    820
217.782,-0.233537,9.742,217.783,-0.232912,9.742,217.784,              29P    821
-0.232544,9.742,217.786,-0.23174,9.742,217.787,-0.231302,9.742,       29P    822
217.788,-0.230692,9.742,217.789,-0.230344,9.742,217.791,              29P    823
-0.229522,9.742,217.792,-0.228868,9.742,217.796,-0.227121,9.742,      29P    824
217.799,-0.225838,9.742,217.803,-0.224061,9.742,217.804,              29P    825
-0.223582,9.742,217.806,-0.222353,9.742,217.809,-0.220708,9.742,      29P    826
217.812,-0.218722,9.742,217.814,-0.217192,9.742,217.815,              29P    827
-0.216213,9.742,217.817,-0.214657,9.742,217.818,-0.212862,9.742,      29P    828
217.82,-0.210707,9.742,217.822,-0.207819,9.742,217.823,               29P    829
-0.204405,9.742,217.823,-0.201913,9.742,217.824,-0.198974,9.742,      29P    830
217.824,-0.195878,9.742,217.823,-0.192408,9.742,217.822,              29P    831
-0.188115,9.742,217.82,-0.18199,9.742,217.815,-0.177261,9.742,        29P    832
217.81,-0.173241,9.742,217.807,-0.171182,9.742,217.802,               29P    833
-0.169916,9.742,217.8,-0.169481,9.742,217.797,-0.16934,9.742,         29P    834
217.795,-0.169571,9.742,217.792,-0.170113,9.742,217.79,               29P    835
-0.170571,9.742,217.786,-0.17159,9.742,217.782,-0.172353,9.742,       29P    836
217.775,-0.173686,9.742,217.768,-0.175049,9.742,217.759,              29P    837
-0.176731,9.742,217.745,-0.179085,9.742,217.733,-0.18076,9.742,       29P    838
217.723,-0.182034,9.742,217.719,-0.182622,9.742,217.712,              29P    839
-0.183417,9.742,217.703,-0.184482,9.742,217.691,-0.185646,9.742,      29P    840
217.674,-0.187063,9.742,217.654,-0.188294,9.742,217.639,              29P    841
-0.188867,9.742,217.63,-0.189061,9.742,217.627,-0.189111,9.742,       29P    842
217.623,-0.18919,9.742,217.618,-0.189236,9.742,217.613,               29P    843
-0.189261,9.742,217.607,-0.189263,9.742,217.597,-0.189173,9.742,      29P    844
217.582,-0.188849,9.742,217.564,-0.188119,9.742,217.54,               29P    845
-0.186682,9.742,217.523,-0.185201,9.742,217.512,-0.184055,9.742,      29P    846
217.507,-0.183592,9.742,217.503,-0.18312,9.742,217.498,               29P    847
-0.182509,9.742,217.492,-0.181885,9.742,217.483,-0.180786,9.742,      29P    848
217.471,-0.179088,9.742,217.455,-0.17672,9.742,217.43,-0.172578,      29P    849
9.742,217.411,-0.168775,9.742,217.397,-0.165767,9.742,217.393,        29P    850
-0.164844,9.742,217.387,-0.163555,9.742,217.38,-0.161841,9.742,       29P    851
217.372,-0.160018,9.742,217.362,-0.157496,9.742,217.348,              29P    852
-0.154092,9.742,217.323,-0.147302,9.742,217.302,-0.141082,9.742,      29P    853
217.287,-0.136073,9.742,217.285,-0.135524,9.742,217.282,              29P    854
-0.134398,9.742,217.278,-0.133256,9.742,217.274,-0.131785,9.742,      29P    855
217.269,-0.130297,9.742,217.263,-0.128117,9.742,217.254,              29P    856
-0.125241,9.742,217.244,-0.12137,9.742,217.218,-0.111973,9.742,       29P    857
217.196,-0.103145,9.742,217.178,-0.0956634,9.742,217.175,             29P    858
-0.094342,9.742,217.171,-0.0927981,9.742,217.166,-0.090751,           29P    859
9.742,217.162,-0.0888719,9.742,217.154,-0.0853385,9.742,217.143,      29P    860
-0.0806423,9.742,217.116,-0.0679013,9.742,217.092,-0.0564402,         29P    861
9.742,217.073,-0.04629,9.742,217.071,-0.0454164,9.742,217.069,        29P    862
-0.0444475,9.742,217.066,-0.0429312,9.742,217.063,-0.0410936,         29P    863
9.742,217.059,-0.0388687,9.742,217.054,-0.0366297,9.742,217.049,      29P    864
-0.0339539,9.742,217.043,-0.0302598,9.742,217.017,-0.0159388,         29P    865
9.742,216.993,-0.00175406,9.742,216.972,0.0110999,9.742,216.97,       29P    866
0.0120974,9.742,216.967,0.0138769,9.742,216.963,0.0161358,9.742,      29P    867
216.958,0.019347,9.742,216.953,0.0223495,9.742,216.947,               29P    868
0.0263157,9.742,216.921,0.0426716,9.742,216.896,0.0588333,9.742,      29P    869
216.873,0.073663,9.742,216.872,0.0744825,9.742,216.871,               29P    870
0.0750781,9.742,216.869,0.0765657,9.742,216.866,0.0784992,9.742,      29P    871
216.863,0.0808311,9.742,216.86,0.0825497,9.742,216.857,0.084335,      29P    872
9.742,216.853,0.0869453,9.742,216.827,0.104539,9.742,216.801,         29P    873
0.122038,9.742,216.776,0.138828,9.742,216.773,0.140845,9.742,         29P    874
216.77,0.142931,9.742,216.767,0.144964,9.742,216.765,0.146334,        29P    875
9.742,216.763,0.147646,9.742,216.76,0.149613,9.742,216.733,           29P    876
0.168258,9.742,216.707,0.186976,9.742,216.681,0.205043,9.742,         29P    877
216.68,0.206017,9.742,216.678,0.207559,9.742,216.676,0.209217,        29P    878
9.742,216.673,0.21094,9.742,216.671,0.212266,9.742,216.669,           29P    879
0.214066,9.742,216.641,0.234052,9.742,216.613,0.254373,9.742,         29P    880
216.586,0.274246,9.742,216.584,0.275893,9.742,216.582,0.277279,       29P    881
9.742,216.58,0.278649,9.742,216.579,0.279529,9.742,216.577,           29P    882
0.280757,9.742,216.549,0.301726,9.742,216.521,0.323191,9.742,         29P    883
216.493,0.34442,9.742,216.491,0.345804,9.742,216.49,0.346912,         29P    884
9.742,216.488,0.348037,9.742,216.487,0.349056,9.742,216.458,          29P    885
0.371235,9.742,216.43,0.393739,9.742,216.401,0.416204,9.742,          29P    886
216.4,0.417252,9.742,216.399,0.418214,9.742,216.398,0.419222,         29P    887
9.742,216.374,0.438314,9.742,216.349,0.457889,9.742,216.325,          29P    888
0.477589,9.742,216.324,0.47876,9.742,216.304,0.49486,9.742,           29P    889
216.285,0.511025,9.742,216.265,0.527305,9.742,216.25,0.539891,        29P    890
9.742,216.235,0.552512,9.742,216.211,0.573139,9.742,216.201,          29P    891
0.581616,9.742,216.191,0.5899,9.742,216.192,0.608026,9.81716,         29P    892
216.191,0.608776,9.81716,216.19,0.609698,9.81716,216.188,             29P    893
0.610597,9.81716,216.186,0.611144,9.81716,216.184,0.611502,           29P    894
9.81716,216.183,0.611663,9.81716,216.181,0.611716,9.81716,            29P    895
216.18,0.611647,9.81716,216.179,0.611419,9.81716,216.177,             29P    896
0.611116,9.81716,216.176,0.610651,9.81716,216.175,0.610333,           29P    897
9.81716,216.174,0.609947,9.81716,216.174,0.609489,9.81716,            29P    898
216.173,0.608895,9.81716,216.172,0.608107,9.81716,216.171,            29P    899
0.607175,9.81716,216.17,0.606212,9.81716,216.169,0.605749,            29P    900
9.81716,216.168,0.604712,9.81716,216.168,0.603526,9.81716,            29P    901
216.167,0.601358,9.81716,216.166,0.599712,9.81716,216.166,            29P    902
0.598196,9.81716,216.166,0.597643,9.81716,216.166,0.596179,           29P    903
9.81716,216.166,0.595264,9.81716,216.166,0.593404,9.81716,            29P    904
216.166,0.592459,9.81716,216.167,0.590643,9.81716,216.167,            29P    905
0.589774,9.81716,216.168,0.588519,9.81716,216.168,0.588118,           29P    906
9.81716,216.17,0.584605,9.81716,216.172,0.580651,9.81716,             29P    907
216.174,0.57602,9.81716,216.176,0.573577,9.81716,216.177,             29P    908
0.571118,9.81716,216.179,0.567724,9.81716,216.181,0.564491,           29P    909
9.81716,216.182,0.561251,9.81716,216.184,0.558686,9.81716,            29P    910
216.185,0.555893,9.81716,216.187,0.553504,9.81716,216.192,            29P    911
0.543416,9.81716,216.198,0.533735,9.81716,216.203,0.524015,           29P    912
9.81716,216.204,0.521983,9.81716,216.206,0.519759,9.81716,            29P    913
216.208,0.516487,9.81716,216.21,0.513291,9.81716,216.211,             29P    914
0.509947,9.81716,216.213,0.507055,9.81716,216.215,0.503679,           29P    915
9.81716,216.217,0.50067,9.81716,216.226,0.485077,9.81716,             29P    916
216.235,0.470459,9.81716,216.244,0.456158,9.81716,216.245,            29P    917
0.454559,9.81716,216.247,0.45261,9.81716,216.249,0.449493,            29P    918
9.81716,216.251,0.446361,9.81716,216.253,0.442901,9.81716,            29P    919
216.255,0.439612,9.81716,216.257,0.435536,9.81716,216.26,             29P    920
0.431803,9.81716,216.273,0.411191,9.81716,216.286,0.391971,           29P    921
9.81716,216.3,0.372931,9.81716,216.301,0.371016,9.81716,216.304,      29P    922
0.367182,9.81716,216.307,0.362916,9.81716,216.311,0.35774,            29P    923
9.81716,216.314,0.352902,9.81716,216.317,0.34836,9.81716,             29P    924
216.336,0.323212,9.81716,216.354,0.299703,9.81716,216.372,            29P    925
0.276866,9.81716,216.374,0.274129,9.81716,216.377,0.271183,           29P    926
9.81716,216.379,0.26755,9.81716,216.383,0.26343,9.81716,216.387,      29P    927
0.257879,9.81716,216.392,0.2526,9.81716,216.411,0.22917,9.81716,      29P    928
216.43,0.207794,9.81716,216.448,0.187238,9.81716,216.452,             29P    929
0.183746,9.81716,216.455,0.179509,9.81716,216.461,0.173818,           29P    930
9.81716,216.466,0.167715,9.81716,216.472,0.161903,9.81716,            29P    931
216.492,0.140198,9.81716,216.511,0.120899,9.81716,216.53,             29P    932
0.102559,9.81716,216.533,0.100184,9.81716,216.535,0.0974724,          29P    933
9.81716,216.539,0.0938283,9.81716,216.544,0.0892778,9.81716,          29P    934
216.551,0.0828516,9.81716,216.557,0.0767419,9.81716,216.578,          29P    935
0.0570804,9.81716,216.597,0.0403461,9.81716,216.616,0.0245316,        29P    936
9.81716,216.617,0.0232676,9.81716,216.62,0.0210546,9.81716,           29P    937
216.623,0.0184924,9.81716,216.627,0.0149526,9.81716,216.632,          29P    938
0.0103587,9.81716,216.64,0.00379415,9.81716,216.648,-0.00242539,      29P    939
9.81716,216.67,-0.0201123,9.81716,216.689,-0.0349726,9.81716,         29P    940
216.707,-0.0488721,9.81716,216.709,-0.0501941,9.81716,216.712,        29P    941
-0.0522206,9.81716,216.715,-0.054646,9.81716,216.72,-0.0580482,       29P    942
9.81716,216.726,-0.0625651,9.81716,216.735,-0.0690563,9.81716,        29P    943
216.743,-0.0751727,9.81716,216.766,-0.090877,9.81716,216.785,         29P    944
-0.10392,9.81716,216.803,-0.116008,9.81716,216.806,-0.117374,         29P    945
9.81716,216.808,-0.119249,9.81716,216.812,-0.121502,9.81716,          29P    946
216.817,-0.124723,9.81716,216.824,-0.12905,9.81716,216.834,           29P    947
-0.135266,9.81716,216.843,-0.141051,9.81716,216.866,-0.15462,         29P    948
9.81716,216.885,-0.165805,9.81716,216.904,-0.176032,9.81716,          29P    949
216.907,-0.17743,9.81716,216.91,-0.179105,9.81716,216.913,            29P    950
-0.181152,9.81716,216.919,-0.184088,9.81716,216.926,-0.188044,        29P    951
9.81716,216.937,-0.193702,9.81716,216.948,-0.198899,9.81716,          29P    952
216.97,-0.210129,9.81716,216.99,-0.219302,9.81716,217.009,            29P    953
-0.227571,9.81716,217.012,-0.228928,9.81716,217.015,-0.230367,        29P    954
9.81716,217.02,-0.232134,9.81716,217.026,-0.234662,9.81716,           29P    955
217.034,-0.238068,9.81716,217.046,-0.242903,9.81716,217.057,          29P    956
-0.247274,9.81716,217.079,-0.256051,9.81716,217.099,-0.263171,        29P    957
9.81716,217.118,-0.26948,9.81716,217.122,-0.270686,9.81716,           29P    958
217.125,-0.271845,9.81716,217.137,-0.275548,9.81716,217.153,          29P    959
-0.280542,9.81716,217.169,-0.285195,9.81716,217.192,-0.291535,        29P    960
9.81716,217.212,-0.296565,9.81716,217.231,-0.300864,9.81716,          29P    961
217.235,-0.30178,9.81716,217.239,-0.302626,9.81716,217.244,           29P    962
-0.303672,9.81716,217.25,-0.305132,9.81716,217.26,-0.307008,          29P    963
9.81716,217.273,-0.309546,9.81716,217.285,-0.311718,9.81716,          29P    964
217.308,-0.315582,9.81716,217.327,-0.318444,9.81716,217.346,          29P    965
-0.320678,9.81716,217.35,-0.321169,9.81716,217.355,-0.321633,         29P    966
9.81716,217.36,-0.322192,9.81716,217.367,-0.322934,9.81716,           29P    967
217.377,-0.323829,9.81716,217.39,-0.324947,9.81716,217.402,           29P    968
-0.325798,9.81716,217.426,-0.327111,9.81716,217.445,-0.327725,        29P    969
9.81716,217.463,-0.327829,9.81716,217.467,-0.327834,9.81716,          29P    970
217.472,-0.327829,9.81716,217.477,-0.327791,9.81716,217.485,          29P    971
-0.327686,9.81716,217.495,-0.32748,9.81716,217.508,-0.327035,         29P    972
9.81716,217.521,-0.326412,9.81716,217.538,-0.325366,9.81716,          29P    973
217.551,-0.324382,9.81716,217.562,-0.323356,9.81716,217.565,          29P    974
-0.323056,9.81716,217.569,-0.3226,9.81716,217.575,-0.321973,          29P    975
9.81716,217.583,-0.321054,9.81716,217.593,-0.319855,9.81716,          29P    976
217.606,-0.318029,9.81716,217.62,-0.316029,9.81716,217.631,           29P    977
-0.314136,9.81716,217.637,-0.313033,9.81716,217.642,-0.312217,        29P    978
9.81716,217.646,-0.311355,9.81716,217.653,-0.310188,9.81716,          29P    979
217.661,-0.308548,9.81716,217.671,-0.306517,9.81716,217.683,          29P    980
-0.30382,9.81716,217.693,-0.301514,9.81716,217.698,-0.300064,         29P    981
9.81716,217.7,-0.299627,9.81716,217.704,-0.298684,9.81716,            29P    982
217.71,-0.297228,9.81716,217.718,-0.295021,9.81716,217.726,           29P    983
-0.292809,9.81716,217.732,-0.291226,9.81716,217.735,-0.290327,        29P    984
9.81716,217.735,-0.290131,9.81716,217.737,-0.289576,9.81716,          29P    985
217.739,-0.289216,9.81716,217.742,-0.288221,9.81716,217.745,          29P    986
-0.287345,9.81716,217.748,-0.286453,9.81716,217.749,-0.285937,        29P    987
9.81716,217.751,-0.285493,9.81716,217.753,-0.284808,9.81716,          29P    988
217.754,-0.284396,9.81716,217.756,-0.283902,9.81716,217.757,          29P    989
-0.283499,9.81716,217.759,-0.282937,9.81716,217.761,-0.282346,        29P    990
9.81716,217.763,-0.281742,9.81716,217.764,-0.281295,9.81716,          29P    991
217.766,-0.280813,9.81716,217.767,-0.280387,9.81716,217.769,          29P    992
-0.279756,9.81716,217.77,-0.279223,9.81716,217.772,-0.278498,         29P    993
9.81716,217.775,-0.277681,9.81716,217.777,-0.277088,9.81716,          29P    994
217.778,-0.276525,9.81716,217.78,-0.275981,9.81716,217.781,           29P    995
-0.275446,9.81716,217.783,-0.274972,9.81716,217.783,-0.274773,        29P    996
9.81716,217.785,-0.274295,9.81716,217.786,-0.274018,9.81716,          29P    997
217.788,-0.273421,9.81716,217.789,-0.273103,9.81716,217.79,           29P    998
-0.272668,9.81716,217.791,-0.272421,9.81716,217.793,-0.271848,        29P    999
9.81716,217.794,-0.271406,9.81716,217.798,-0.270238,9.81716,          29P   1000
217.801,-0.26923,9.81716,217.805,-0.267562,9.81716,217.806,           29P   1001
-0.267085,9.81716,217.809,-0.265789,9.81716,217.812,-0.263993,        29P   1002
9.81716,217.815,-0.261667,9.81716,217.817,-0.259872,9.81716,          29P   1003
217.818,-0.258723,9.81716,217.819,-0.256907,9.81716,217.82,           29P   1004
-0.254837,9.81716,217.822,-0.252399,9.81716,217.823,-0.249227,        29P   1005
9.81716,217.824,-0.245591,9.81716,217.824,-0.242995,9.81716,          29P   1006
217.824,-0.239958,9.81716,217.823,-0.236831,9.81716,217.822,          29P   1007
-0.233458,9.81716,217.821,-0.229379,9.81716,217.817,-0.223793,        29P   1008
9.81716,217.812,-0.220262,9.81716,217.806,-0.218101,9.81716,          29P   1009
217.802,-0.216981,9.81716,217.798,-0.216267,9.81716,217.795,          29P   1010
-0.216009,9.81716,217.793,-0.215905,9.81716,217.79,-0.216004,         29P   1011
9.81716,217.788,-0.216259,9.81716,217.786,-0.216474,9.81716,          29P   1012
217.781,-0.216942,9.81716,217.777,-0.217284,9.81716,217.77,           29P   1013
-0.217862,9.81716,217.763,-0.218425,9.81716,217.753,-0.219058,        29P   1014
9.81716,217.739,-0.219863,9.81716,217.727,-0.220309,9.81716,          29P   1015
217.718,-0.220558,9.81716,217.713,-0.220665,9.81716,217.706,          29P   1016
-0.220777,9.81716,217.697,-0.220859,9.81716,217.685,-0.220845,        29P   1017
9.81716,217.668,-0.220588,9.81716,217.648,-0.219892,9.81716,          29P   1018
217.632,-0.218986,9.81716,217.623,-0.218386,9.81716,217.621,          29P   1019
-0.218205,9.81716,217.616,-0.217863,9.81716,217.612,-0.217507,        29P   1020
9.81716,217.606,-0.217025,9.81716,217.6,-0.216501,9.81716,            29P   1021
217.59,-0.215518,9.81716,217.575,-0.213914,9.81716,217.557,           29P   1022
-0.211653,9.81716,217.534,-0.208307,9.81716,217.516,-0.205486,        29P   1023
9.81716,217.505,-0.20348,9.81716,217.501,-0.202677,9.81716,           29P   1024
217.497,-0.201881,9.81716,217.491,-0.200872,9.81716,217.486,          29P   1025
-0.199855,9.81716,217.477,-0.198112,9.81716,217.465,-0.195509,        29P   1026
9.81716,217.449,-0.192021,9.81716,217.425,-0.186178,9.81716,          29P   1027
217.406,-0.181101,9.81716,217.392,-0.177209,9.81716,217.387,          29P   1028
-0.176018,9.81716,217.382,-0.174368,9.81716,217.374,-0.172195,        29P   1029
9.81716,217.367,-0.169905,9.81716,217.356,-0.166769,9.81716,          29P   1030
217.343,-0.162591,9.81716,217.318,-0.154391,9.81716,217.298,          29P   1031
-0.147083,9.81716,217.283,-0.141292,9.81716,217.281,-0.140658,        29P   1032
9.81716,217.277,-0.139359,9.81716,217.274,-0.138045,9.81716,          29P   1033
217.27,-0.136357,9.81716,217.265,-0.134653,9.81716,217.259,           29P   1034
-0.132166,9.81716,217.251,-0.128898,9.81716,217.24,-0.124519,         29P   1035
9.81716,217.215,-0.113957,9.81716,217.193,-0.104181,9.81716,          29P   1036
217.175,-0.0959842,9.81716,217.172,-0.0945372,9.81716,217.168,        29P   1037
-0.0928491,9.81716,217.164,-0.0906151,9.81716,217.159,                29P   1038
-0.0885674,9.81716,217.151,-0.0847243,9.81716,217.141,                29P   1039
-0.0796349,9.81716,217.113,-0.065892,9.81716,217.09,-0.0536678,       29P   1040
9.81716,217.071,-0.0429286,9.81716,217.069,-0.0420047,9.81716,        29P   1041
217.067,-0.0409804,9.81716,217.064,-0.0393783,9.81716,217.061,        29P   1042
-0.0374385,9.81716,217.057,-0.0350923,9.81716,217.053,                29P   1043
-0.0327337,9.81716,217.048,-0.0299181,9.81716,217.041,                29P   1044
-0.0260358,9.81716,217.015,-0.0110143,9.81716,216.991,                29P   1045
0.00373547,9.81716,216.97,0.0170448,9.81716,216.969,0.0180773,        29P   1046
9.81716,216.966,0.0199192,9.81716,216.962,0.022256,9.81716,           29P   1047
216.957,0.0255763,9.81716,216.952,0.0286792,9.81716,216.946,          29P   1048
0.0327756,9.81716,216.92,0.0496589,9.81716,216.895,0.0662972,         29P   1049
9.81716,216.873,0.0815444,9.81716,216.871,0.0823869,9.81716,          29P   1050
216.87,0.0829991,9.81716,216.868,0.0845285,9.81716,216.865,           29P   1051
0.0865159,9.81716,216.862,0.0889125,9.81716,216.859,0.0906788,        29P   1052
9.81716,216.857,0.0925134,9.81716,216.853,0.0951954,9.81716,          29P   1053
216.826,0.113271,9.81716,216.8,0.131239,9.81716,216.776,              29P   1054
0.148459,9.81716,216.773,0.150527,9.81716,216.77,0.152667,            29P   1055
9.81716,216.767,0.15475,9.81716,216.765,0.156155,9.81716,             29P   1056
216.763,0.1575,9.81716,216.76,0.159516,9.81716,216.733,0.178625,      29P   1057
9.81716,216.706,0.197777,9.81716,216.681,0.216259,9.81716,            29P   1058
216.68,0.217255,9.81716,216.678,0.218832,9.81716,216.675,             29P   1059
0.220528,9.81716,216.673,0.222291,9.81716,216.671,0.223648,           29P   1060
9.81716,216.669,0.225488,9.81716,216.641,0.245932,9.81716,            29P   1061
216.613,0.266706,9.81716,216.586,0.286991,9.81716,216.584,            29P   1062
0.288672,9.81716,216.582,0.290087,9.81716,216.58,0.291485,            29P   1063
9.81716,216.579,0.292383,9.81716,216.577,0.293636,9.81716,            29P   1064
216.549,0.315031,9.81716,216.521,0.336883,9.81716,216.493,            29P   1065
0.358504,9.81716,216.492,0.359913,9.81716,216.49,0.361042,            29P   1066
9.81716,216.489,0.362188,9.81716,216.487,0.363225,9.81716,            29P   1067
216.459,0.385816,9.81716,216.43,0.408738,9.81716,216.402,             29P   1068
0.431547,9.81716,216.4,0.432611,9.81716,216.399,0.433587,             29P   1069
9.81716,216.398,0.43461,9.81716,216.374,0.453987,9.81716,216.35,      29P   1070
0.473851,9.81716,216.326,0.493859,9.81716,216.324,0.495048,           29P   1071
9.81716,216.305,0.511401,9.81716,216.285,0.527833,9.81716,            29P   1072
216.266,0.544373,9.81716,216.251,0.55716,9.81716,216.236,             29P   1073
0.569977,9.81716,216.211,0.590956,9.81716,216.201,0.599588,           29P   1074
9.81716,216.192,0.608026,9.81716,216.194,0.651275,10.0061,            29P   1075
216.194,0.652028,10.0061,216.192,0.652961,10.0061,216.19,             29P   1076
0.653889,10.0061,216.189,0.654464,10.0061,216.187,0.654854,           29P   1077
10.0061,216.186,0.655045,10.0061,216.184,0.655134,10.0061,            29P   1078
216.183,0.655088,10.0061,216.181,0.654897,10.0061,216.18,             29P   1079
0.654622,10.0061,216.179,0.654182,10.0061,216.178,0.653879,           29P   1080
10.0061,216.177,0.653509,10.0061,216.176,0.653065,10.0061,            29P   1081
216.175,0.652486,10.0061,216.174,0.651713,10.0061,216.173,            29P   1082
0.650786,10.0061,216.172,0.649823,10.0061,216.172,0.649357,           29P   1083
10.0061,216.171,0.648311,10.0061,216.17,0.647108,10.0061,             29P   1084
216.169,0.644896,10.0061,216.169,0.643202,10.0061,216.169,            29P   1085
0.641632,10.0061,216.169,0.641056,10.0061,216.168,0.639531,           29P   1086
10.0061,216.168,0.638575,10.0061,216.169,0.636629,10.0061,            29P   1087
216.169,0.635635,10.0061,216.17,0.633708,10.0061,216.17,              29P   1088
0.632787,10.0061,216.171,0.631461,10.0061,216.171,0.631062,           29P   1089
10.0061,216.173,0.627478,10.0061,216.175,0.623445,10.0061,            29P   1090
216.177,0.61872,10.0061,216.179,0.616226,10.0061,216.18,              29P   1091
0.613717,10.0061,216.182,0.610254,10.0061,216.183,0.606955,           29P   1092
10.0061,216.185,0.603647,10.0061,216.187,0.601029,10.0061,            29P   1093
216.188,0.598178,10.0061,216.189,0.59574,10.0061,216.195,             29P   1094
0.58544,10.0061,216.2,0.575554,10.0061,216.206,0.565625,10.0061,      29P   1095
216.207,0.563549,10.0061,216.208,0.561276,10.0061,216.21,             29P   1096
0.557934,10.0061,216.212,0.554668,10.0061,216.214,0.55125,            29P   1097
10.0061,216.216,0.548294,10.0061,216.218,0.544844,10.0061,            29P   1098
216.22,0.541768,10.0061,216.229,0.525828,10.0061,216.238,             29P   1099
0.510875,10.0061,216.247,0.496235,10.0061,216.248,0.494598,           29P   1100
10.0061,216.249,0.492602,10.0061,216.251,0.48941,10.0061,             29P   1101
216.253,0.486203,10.0061,216.255,0.482659,10.0061,216.257,            29P   1102
0.47929,10.0061,216.26,0.475114,10.0061,216.262,0.471289,             29P   1103
10.0061,216.275,0.450163,10.0061,216.288,0.430436,10.0061,            29P   1104
216.301,0.410871,10.0061,216.303,0.408903,10.0061,216.305,            29P   1105
0.404963,10.0061,216.308,0.400578,10.0061,216.312,0.395257,           29P   1106
10.0061,216.316,0.390281,10.0061,216.319,0.38561,10.0061,             29P   1107
216.337,0.35974,10.0061,216.355,0.335523,10.0061,216.373,             29P   1108
0.311959,10.0061,216.375,0.309135,10.0061,216.377,0.306095,           29P   1109
10.0061,216.38,0.302344,10.0061,216.383,0.29809,10.0061,216.388,      29P   1110
0.292358,10.0061,216.392,0.286904,10.0061,216.411,0.262692,           29P   1111
10.0061,216.43,0.240562,10.0061,216.448,0.219221,10.0061,             29P   1112
216.451,0.215596,10.0061,216.455,0.211194,10.0061,216.46,             29P   1113
0.205279,10.0061,216.466,0.198931,10.0061,216.471,0.192882,           29P   1114
10.0061,216.491,0.170275,10.0061,216.51,0.150106,10.0061,             29P   1115
216.528,0.130894,10.0061,216.531,0.128406,10.0061,216.533,            29P   1116
0.125564,10.0061,216.537,0.121745,10.0061,216.542,0.116973,           29P   1117
10.0061,216.548,0.110233,10.0061,216.555,0.10382,10.0061,             29P   1118
216.576,0.0831762,10.0061,216.594,0.0655739,10.0061,216.612,          29P   1119
0.0488927,10.0061,216.614,0.0475593,10.0061,216.616,0.0452242,        29P   1120
10.0061,216.619,0.0425199,10.0061,216.623,0.038782,10.0061,           29P   1121
216.629,0.0339287,10.0061,216.637,0.0269881,10.0061,216.644,          29P   1122
0.0204045,10.0061,216.665,0.00166382,10.0061,216.684,-0.0141416,      29P   1123
10.0061,216.702,-0.0289757,10.0061,216.704,-0.0303869,10.0061,        29P   1124
216.707,-0.0325507,10.0061,216.71,-0.0351415,10.0061,216.715,         29P   1125
-0.0387775,10.0061,216.721,-0.0436077,10.0061,216.729,                29P   1126
-0.0505559,10.0061,216.738,-0.0571117,10.0061,216.76,-0.0739621,      29P   1127
10.0061,216.779,-0.0880056,10.0061,216.797,-0.101088,10.0061,         29P   1128
216.799,-0.102566,10.0061,216.802,-0.104597,10.0061,216.805,          29P   1129
-0.107038,10.0061,216.81,-0.110532,10.0061,216.817,-0.115231,         29P   1130
10.0061,216.827,-0.121993,10.0061,216.836,-0.128304,10.0061,          29P   1131
216.858,-0.143142,10.0061,216.878,-0.155462,10.0061,216.896,          29P   1132
-0.166836,10.0061,216.899,-0.168392,10.0061,216.902,-0.170259,        29P   1133
10.0061,216.905,-0.172543,10.0061,216.911,-0.175825,10.0061,          29P   1134
216.918,-0.180257,10.0061,216.929,-0.186622,10.0061,216.939,          29P   1135
-0.192502,10.0061,216.961,-0.20527,10.0061,216.981,-0.215846,         29P   1136
10.0061,216.999,-0.225521,10.0061,217.002,-0.227111,10.0061,          29P   1137
217.006,-0.2288,10.0061,217.01,-0.230879,10.0061,217.015,             29P   1138
-0.233862,10.0061,217.024,-0.237896,10.0061,217.035,-0.243656,        29P   1139
10.0061,217.046,-0.248908,10.0061,217.068,-0.259525,10.0061,          29P   1140
217.088,-0.268296,10.0061,217.107,-0.276247,10.0061,217.11,           29P   1141
-0.277773,10.0061,217.114,-0.279243,10.0061,217.125,-0.283956,        29P   1142
10.0061,217.141,-0.290415,10.0061,217.157,-0.296579,10.0061,          29P   1143
217.18,-0.305095,10.0061,217.199,-0.312098,10.0061,217.218,           29P   1144
-0.31835,10.0061,217.222,-0.319694,10.0061,217.226,-0.32094,          29P   1145
10.0061,217.23,-0.322494,10.0061,217.237,-0.324689,10.0061,           29P   1146
217.246,-0.327548,10.0061,217.259,-0.331509,10.0061,217.271,          29P   1147
-0.335023,10.0061,217.294,-0.341463,10.0061,217.314,-0.346623,        29P   1148
10.0061,217.332,-0.351106,10.0061,217.337,-0.352117,10.0061,          29P   1149
217.341,-0.353082,10.0061,217.346,-0.354277,10.0061,217.353,          29P   1150
-0.355922,10.0061,217.363,-0.357995,10.0061,217.376,-0.360803,        29P   1151
10.0061,217.389,-0.363254,10.0061,217.412,-0.367576,10.0061,          29P   1152
217.432,-0.370802,10.0061,217.45,-0.373423,10.0061,217.454,           29P   1153
-0.373974,10.0061,217.459,-0.374579,10.0061,217.464,-0.375323,        29P   1154
10.0061,217.472,-0.376314,10.0061,217.482,-0.377489,10.0061,          29P   1155
217.496,-0.378999,10.0061,217.509,-0.380256,10.0061,217.526,          29P   1156
-0.381748,10.0061,217.539,-0.38266,10.0061,217.55,-0.383303,          29P   1157
10.0061,217.553,-0.383477,10.0061,217.558,-0.383722,10.0061,          29P   1158
217.564,-0.38401,10.0061,217.572,-0.384348,10.0061,217.582,           29P   1159
-0.384688,10.0061,217.596,-0.385012,10.0061,217.61,-0.385129,         29P   1160
10.0061,217.622,-0.385084,10.0061,217.628,-0.385008,10.0061,          29P   1161
217.633,-0.384929,10.0061,217.638,-0.384836,10.0061,217.644,          29P   1162
-0.384678,10.0061,217.653,-0.384404,10.0061,217.663,-0.384003,        29P   1163
10.0061,217.676,-0.383364,10.0061,217.686,-0.382724,10.0061,          29P   1164
217.692,-0.38229,10.0061,217.694,-0.382157,10.0061,217.698,           29P   1165
-0.381867,10.0061,217.704,-0.3814,10.0061,217.713,-0.380651,          29P   1166
10.0061,217.722,-0.379855,10.0061,217.728,-0.379254,10.0061,          29P   1167
217.731,-0.378906,10.0061,217.732,-0.378829,10.0061,217.734,          29P   1168
-0.378612,10.0061,217.735,-0.378469,10.0061,217.738,-0.37807,         29P   1169
10.0061,217.742,-0.377713,10.0061,217.745,-0.377341,10.0061,          29P   1170
217.746,-0.377125,10.0061,217.748,-0.376937,10.0061,217.75,           29P   1171
-0.376642,10.0061,217.752,-0.376462,10.0061,217.753,-0.376245,        29P   1172
10.0061,217.755,-0.376068,10.0061,217.757,-0.375823,10.0061,          29P   1173
217.759,-0.375566,10.0061,217.761,-0.375306,10.0061,217.762,          29P   1174
-0.375115,10.0061,217.764,-0.37491,10.0061,217.765,-0.374721,         29P   1175
10.0061,217.767,-0.374426,10.0061,217.769,-0.374166,10.0061,          29P   1176
217.771,-0.373794,10.0061,217.774,-0.373347,10.0061,217.775,          29P   1177
-0.373,10.0061,217.777,-0.372659,10.0061,217.779,-0.372338,           29P   1178
10.0061,217.781,-0.372044,10.0061,217.782,-0.371793,10.0061,          29P   1179
217.783,-0.37169,10.0061,217.784,-0.371454,10.0061,217.785,           29P   1180
-0.371324,10.0061,217.787,-0.371061,10.0061,217.788,-0.370932,        29P   1181
10.0061,217.79,-0.370772,10.0061,217.791,-0.370686,10.0061,           29P   1182
217.793,-0.370504,10.0061,217.794,-0.370391,10.0061,217.799,          29P   1183
-0.370129,10.0061,217.802,-0.369498,10.0061,217.806,-0.36785,         29P   1184
10.0061,217.807,-0.36733,10.0061,217.81,-0.365801,10.0061,            29P   1185
217.812,-0.363627,10.0061,217.815,-0.36066,10.0061,217.816,           29P   1186
-0.358402,10.0061,217.817,-0.356957,10.0061,217.817,-0.35469,         29P   1187
10.0061,217.818,-0.352152,10.0061,217.819,-0.349241,10.0061,          29P   1188
217.819,-0.345612,10.0061,217.819,-0.341646,10.0061,217.818,          29P   1189
-0.338914,10.0061,217.817,-0.335756,10.0061,217.816,-0.332639,        29P   1190
10.0061,217.814,-0.329518,10.0061,217.811,-0.325917,10.0061,          29P   1191
217.805,-0.321434,10.0061,217.799,-0.320155,10.0061,217.792,          29P   1192
-0.321417,10.0061,217.787,-0.322002,10.0061,217.783,-0.322216,        29P   1193
10.0061,217.78,-0.322218,10.0061,217.777,-0.322099,10.0061,           29P   1194
217.775,-0.321867,10.0061,217.772,-0.321475,10.0061,217.77,           29P   1195
-0.321137,10.0061,217.765,-0.320362,10.0061,217.761,-0.31975,         29P   1196
10.0061,217.754,-0.318619,10.0061,217.746,-0.317375,10.0061,          29P   1197
217.737,-0.315641,10.0061,217.722,-0.312955,10.0061,217.71,           29P   1198
-0.310633,10.0061,217.7,-0.308569,10.0061,217.696,-0.307594,          29P   1199
10.0061,217.689,-0.306167,10.0061,217.679,-0.30403,10.0061,           29P   1200
217.667,-0.301361,10.0061,217.65,-0.297326,10.0061,217.63,            29P   1201
-0.292287,10.0061,217.614,-0.288051,10.0061,217.605,-0.285663,        29P   1202
10.0061,217.603,-0.284964,10.0061,217.598,-0.283672,10.0061,          29P   1203
217.594,-0.282411,10.0061,217.588,-0.28079,10.0061,217.582,           29P   1204
-0.279081,10.0061,217.572,-0.276089,10.0061,217.558,-0.271602,        29P   1205
10.0061,217.54,-0.265896,10.0061,217.517,-0.258251,10.0061,           29P   1206
217.5,-0.252409,10.0061,217.489,-0.248466,10.0061,217.484,            29P   1207
-0.246898,10.0061,217.48,-0.245372,10.0061,217.475,-0.243467,         29P   1208
10.0061,217.47,-0.241565,10.0061,217.461,-0.238371,10.0061,           29P   1209
217.449,-0.233727,10.0061,217.434,-0.227718,10.0061,217.41,           29P   1210
-0.218042,10.0061,217.391,-0.210095,10.0061,217.378,-0.204206,        29P   1211
10.0061,217.374,-0.20241,10.0061,217.368,-0.199946,10.0061,           29P   1212
217.361,-0.196736,10.0061,217.354,-0.19339,10.0061,217.344,           29P   1213
-0.188865,10.0061,217.331,-0.182937,10.0061,217.307,-0.171538,        29P   1214
10.0061,217.287,-0.161755,10.0061,217.272,-0.154181,10.0061,          29P   1215
217.27,-0.153353,10.0061,217.267,-0.151659,10.0061,217.264,           29P   1216
-0.149954,10.0061,217.259,-0.147771,10.0061,217.255,-0.145574,        29P   1217
10.0061,217.249,-0.142386,10.0061,217.241,-0.13822,10.0061,           29P   1218
217.231,-0.132682,10.0061,217.206,-0.119458,10.0061,217.185,          29P   1219
-0.10751,10.0061,217.167,-0.0976698,10.0061,217.164,-0.0959344,       29P   1220
10.0061,217.161,-0.0939152,10.0061,217.156,-0.0912515,10.0061,        29P   1221
217.152,-0.088816,10.0061,217.144,-0.08426,10.0061,217.134,           29P   1222
-0.0782641,10.0061,217.107,-0.0622059,10.0061,217.085,                29P   1223
-0.0482067,10.0061,217.066,-0.0360903,10.0061,217.064,                29P   1224
-0.0350486,10.0061,217.062,-0.0338948,10.0061,217.06,-0.0320921,      29P   1225
10.0061,217.056,-0.0299127,10.0061,217.052,-0.0272823,10.0061,        29P   1226
217.048,-0.0246431,10.0061,217.043,-0.021499,10.0061,217.037,         29P   1227
-0.0171746,10.0061,217.011,-0.000504141,10.0061,216.988,              29P   1228
0.0155924,10.0061,216.967,0.0299949,10.0061,216.966,0.0311118,        29P   1229
10.0061,216.963,0.0331034,10.0061,216.959,0.0356278,10.0061,          29P   1230
216.954,0.0392108,10.0061,216.949,0.0425555,10.0061,216.943,          29P   1231
0.0469662,10.0061,216.917,0.0651237,10.0061,216.893,0.0829192,        29P   1232
10.0061,216.871,0.0991841,10.0061,216.869,0.100083,10.0061,           29P   1233
216.869,0.100736,10.0061,216.866,0.102367,10.0061,216.863,            29P   1234
0.104486,10.0061,216.86,0.107041,10.0061,216.857,0.108923,            29P   1235
10.0061,216.855,0.110878,10.0061,216.851,0.113736,10.0061,            29P   1236
216.825,0.132989,10.0061,216.799,0.152108,10.0061,216.775,            29P   1237
0.170383,10.0061,216.772,0.172577,10.0061,216.769,0.174847,           29P   1238
10.0061,216.766,0.177057,10.0061,216.764,0.178546,10.0061,            29P   1239
216.762,0.179973,10.0061,216.759,0.182109,10.0061,216.732,            29P   1240
0.202362,10.0061,216.706,0.222591,10.0061,216.681,0.242097,           29P   1241
10.0061,216.68,0.243149,10.0061,216.677,0.244813,10.0061,             29P   1242
216.675,0.246603,10.0061,216.673,0.248463,10.0061,216.671,            29P   1243
0.249894,10.0061,216.668,0.251836,10.0061,216.641,0.273408,           29P   1244
10.0061,216.613,0.295298,10.0061,216.587,0.316612,10.0061,            29P   1245
216.585,0.318378,10.0061,216.583,0.319864,10.0061,216.581,            29P   1246
0.321332,10.0061,216.58,0.322276,10.0061,216.578,0.323591,            29P   1247
10.0061,216.55,0.346047,10.0061,216.522,0.368892,10.0061,             29P   1248
216.494,0.391503,10.0061,216.493,0.392976,10.0061,216.491,            29P   1249
0.394157,10.0061,216.49,0.395355,10.0061,216.488,0.39644,             29P   1250
10.0061,216.46,0.42007,10.0061,216.431,0.44404,10.0061,216.404,       29P   1251
0.467746,10.0061,216.402,0.468851,10.0061,216.401,0.469865,           29P   1252
10.0061,216.4,0.470928,10.0061,216.376,0.491053,10.0061,216.352,      29P   1253
0.511671,10.0061,216.328,0.532469,10.0061,216.327,0.533705,           29P   1254
10.0061,216.307,0.550706,10.0061,216.288,0.567811,10.0061,            29P   1255
216.268,0.585007,10.0061,216.253,0.598299,10.0061,216.238,            29P   1256
0.61161,10.0061,216.214,0.633458,10.0061,216.204,0.642464,            29P   1257
10.0061,216.194,0.651275,10.0061,216.2,0.711784,10.3074,216.199,      29P   1258
0.712673,10.3074,216.198,0.713736,10.3074,216.196,0.714727,           29P   1259
10.3074,216.194,0.715303,10.3074,216.192,0.715644,10.3074,            29P   1260
216.191,0.715754,10.3074,216.189,0.715735,10.3074,216.188,            29P   1261
0.71561,10.3074,216.186,0.715282,10.3074,216.185,0.714886,            29P   1262
10.3074,216.183,0.714306,10.3074,216.183,0.713911,10.3074,            29P   1263
216.182,0.713435,10.3074,216.181,0.712873,10.3074,216.18,             29P   1264
0.712145,10.3074,216.179,0.711185,10.3074,216.178,0.71008,            29P   1265
10.3074,216.177,0.708955,10.3074,216.177,0.70842,10.3074,             29P   1266
216.176,0.707236,10.3074,216.176,0.705896,10.3074,216.175,            29P   1267
0.703499,10.3074,216.175,0.701727,10.3074,216.175,0.700143,           29P   1268
10.3074,216.175,0.699581,10.3074,216.175,0.698108,10.3074,            29P   1269
216.175,0.697198,10.3074,216.176,0.695385,10.3074,216.176,            29P   1270
0.69451,10.3074,216.177,0.692948,10.3074,216.178,0.692174,            29P   1271
10.3074,216.178,0.690988,10.3074,216.178,0.690574,10.3074,            29P   1272
216.18,0.6869,10.3074,216.182,0.682764,10.3074,216.185,0.677915,      29P   1273
10.3074,216.186,0.675356,10.3074,216.188,0.67278,10.3074,             29P   1274
216.189,0.669223,10.3074,216.191,0.665833,10.3074,216.193,            29P   1275
0.662434,10.3074,216.194,0.659741,10.3074,216.196,0.65681,            29P   1276
10.3074,216.197,0.6543,10.3074,216.203,0.643699,10.3074,216.208,      29P   1277
0.633506,10.3074,216.214,0.62326,10.3074,216.215,0.621118,            29P   1278
10.3074,216.217,0.618772,10.3074,216.218,0.615323,10.3074,            29P   1279
216.22,0.611951,10.3074,216.222,0.608424,10.3074,216.224,             29P   1280
0.605372,10.3074,216.226,0.601811,10.3074,216.228,0.598636,           29P   1281
10.3074,216.237,0.582183,10.3074,216.246,0.566752,10.3074,            29P   1282
216.255,0.551637,10.3074,216.256,0.549947,10.3074,216.257,            29P   1283
0.547886,10.3074,216.259,0.54459,10.3074,216.261,0.541278,            29P   1284
10.3074,216.263,0.537617,10.3074,216.265,0.534136,10.3074,            29P   1285
216.268,0.529822,10.3074,216.27,0.525869,10.3074,216.284,             29P   1286
0.504033,10.3074,216.297,0.483616,10.3074,216.31,0.463325,            29P   1287
10.3074,216.311,0.461284,10.3074,216.314,0.457197,10.3074,            29P   1288
216.317,0.452646,10.3074,216.32,0.447122,10.3074,216.324,             29P   1289
0.441954,10.3074,216.327,0.437101,10.3074,216.345,0.410212,           29P   1290
10.3074,216.363,0.384967,10.3074,216.38,0.360345,10.3074,             29P   1291
216.383,0.357394,10.3074,216.385,0.354216,10.3074,216.388,            29P   1292
0.350294,10.3074,216.391,0.345846,10.3074,216.395,0.339849,           29P   1293
10.3074,216.4,0.334141,10.3074,216.419,0.308793,10.3074,216.437,      29P   1294
0.285572,10.3074,216.455,0.263135,10.3074,216.458,0.259323,           29P   1295
10.3074,216.462,0.254694,10.3074,216.467,0.24847,10.3074,             29P   1296
216.472,0.24179,10.3074,216.478,0.23542,10.3074,216.498,              29P   1297
0.211611,10.3074,216.516,0.190329,10.3074,216.534,0.169974,           29P   1298
10.3074,216.537,0.167338,10.3074,216.539,0.164325,10.3074,            29P   1299
216.543,0.160273,10.3074,216.548,0.155208,10.3074,216.554,            29P   1300
0.148046,10.3074,216.561,0.141222,10.3074,216.581,0.119228,           29P   1301
10.3074,216.599,0.100375,10.3074,216.617,0.0824488,10.3074,           29P   1302
216.618,0.0810155,10.3074,216.621,0.0785051,10.3074,216.624,          29P   1303
0.0755967,10.3074,216.628,0.071575,10.3074,216.633,0.0663508,         29P   1304
10.3074,216.641,0.0588743,10.3074,216.648,0.051776,10.3074,           29P   1305
216.669,0.0315556,10.3074,216.688,0.0144531,10.3074,216.705,          29P   1306
-0.00166927,10.3074,216.707,-0.00320348,10.3074,216.71,               29P   1307
-0.00555671,10.3074,216.713,-0.0083757,10.3074,216.717,               29P   1308
-0.0123349,10.3074,216.723,-0.0175991,10.3074,216.732,                29P   1309
-0.0251824,10.3074,216.74,-0.0323528,10.3074,216.762,-0.0508151,      29P   1310
10.3074,216.78,-0.0662946,10.3074,216.798,-0.0808068,10.3074,         29P   1311
216.8,-0.0824481,10.3074,216.803,-0.0847029,10.3074,216.806,          29P   1312
-0.0874157,10.3074,216.811,-0.091303,10.3074,216.818,-0.0965386,      29P   1313
10.3074,216.828,-0.104088,10.3074,216.837,-0.111154,10.3074,          29P   1314
216.858,-0.12781,10.3074,216.877,-0.141744,10.3074,216.895,           29P   1315
-0.154721,10.3074,216.898,-0.156498,10.3074,216.901,-0.158632,        29P   1316
10.3074,216.904,-0.161245,10.3074,216.909,-0.165006,10.3074,          29P   1317
216.917,-0.170095,10.3074,216.927,-0.177428,10.3074,216.937,          29P   1318
-0.184235,10.3074,216.959,-0.199074,10.3074,216.978,-0.211502,        29P   1319
10.3074,216.996,-0.223031,10.3074,216.999,-0.224931,10.3074,          29P   1320
217.002,-0.226949,10.3074,217.006,-0.22944,10.3074,217.012,           29P   1321
-0.233024,10.3074,217.019,-0.237887,10.3074,217.031,-0.244873,        29P   1322
10.3074,217.041,-0.2513,10.3074,217.063,-0.264384,10.3074,            29P   1323
217.082,-0.275397,10.3074,217.1,-0.285578,10.3074,217.104,            29P   1324
-0.287538,10.3074,217.107,-0.289431,10.3074,217.118,-0.295515,        29P   1325
10.3074,217.134,-0.303961,10.3074,217.149,-0.312161,10.3074,          29P   1326
217.171,-0.323595,10.3074,217.19,-0.333212,10.3074,217.208,           29P   1327
-0.342034,10.3074,217.212,-0.34394,10.3074,217.216,-0.345712,         29P   1328
10.3074,217.22,-0.347934,10.3074,217.227,-0.351091,10.3074,           29P   1329
217.236,-0.355238,10.3074,217.249,-0.361059,10.3074,217.26,           29P   1330
-0.366325,10.3074,217.282,-0.37613,10.3074,217.301,-0.384293,         29P   1331
10.3074,217.32,-0.391734,10.3074,217.324,-0.393428,10.3074,           29P   1332
217.328,-0.395052,10.3074,217.333,-0.397086,10.3074,217.34,           29P   1333
-0.399923,10.3074,217.349,-0.403556,10.3074,217.362,-0.408606,        29P   1334
10.3074,217.375,-0.413192,10.3074,217.397,-0.421544,10.3074,          29P   1335
217.416,-0.428292,10.3074,217.434,-0.434332,10.3074,217.438,          29P   1336
-0.435627,10.3074,217.443,-0.437063,10.3074,217.448,-0.438871,        29P   1337
10.3074,217.456,-0.441358,10.3074,217.466,-0.444425,10.3074,          29P   1338
217.479,-0.448617,10.3074,217.492,-0.452464,10.3074,217.509,          29P   1339
-0.457465,10.3074,217.522,-0.461009,10.3074,217.533,-0.463984,        29P   1340
10.3074,217.536,-0.46482,10.3074,217.541,-0.466047,10.3074,           29P   1341
217.547,-0.46762,10.3074,217.555,-0.469731,10.3074,217.565,           29P   1342
-0.47225,10.3074,217.579,-0.475636,10.3074,217.592,-0.478805,         29P   1343
10.3074,217.604,-0.481454,10.3074,217.61,-0.482884,10.3074,           29P   1344
217.615,-0.483894,10.3074,217.62,-0.484935,10.3074,217.626,           29P   1345
-0.486274,10.3074,217.635,-0.488036,10.3074,217.645,-0.490076,        29P   1346
10.3074,217.658,-0.492541,10.3074,217.668,-0.494423,10.3074,          29P   1347
217.675,-0.495532,10.3074,217.677,-0.495862,10.3074,217.681,          29P   1348
-0.496563,10.3074,217.687,-0.497604,10.3074,217.696,-0.499084,        29P   1349
10.3074,217.704,-0.500471,10.3074,217.71,-0.501394,10.3074,           29P   1350
217.714,-0.501902,10.3074,217.714,-0.502012,10.3074,217.716,          29P   1351
-0.502321,10.3074,217.718,-0.502518,10.3074,217.721,-0.503055,        29P   1352
10.3074,217.725,-0.503514,10.3074,217.728,-0.503961,10.3074,          29P   1353
217.73,-0.504217,10.3074,217.731,-0.504437,10.3074,217.733,           29P   1354
-0.504778,10.3074,217.735,-0.504984,10.3074,217.737,-0.505232,        29P   1355
10.3074,217.738,-0.505424,10.3074,217.74,-0.505667,10.3074,           29P   1356
217.742,-0.505904,10.3074,217.744,-0.506117,10.3074,217.745,          29P   1357
-0.506252,10.3074,217.747,-0.506389,10.3074,217.749,-0.506541,        29P   1358
10.3074,217.751,-0.506833,10.3074,217.752,-0.507123,10.3074,          29P   1359
217.754,-0.507602,10.3074,217.757,-0.508262,10.3074,217.759,          29P   1360
-0.508843,10.3074,217.761,-0.509445,10.3074,217.762,-0.50993,         29P   1361
10.3074,217.764,-0.510193,10.3074,217.766,-0.510319,10.3074,          29P   1362
217.767,-0.510338,10.3074,217.768,-0.510298,10.3074,217.769,          29P   1363
-0.510204,10.3074,217.772,-0.509835,10.3074,217.773,-0.50953,         29P   1364
10.3074,217.774,-0.508951,10.3074,217.775,-0.508588,10.3074,          29P   1365
217.777,-0.507564,10.3074,217.779,-0.506514,10.3074,217.782,          29P   1366
-0.503413,10.3074,217.784,-0.500603,10.3074,217.786,-0.496314,        29P   1367
10.3074,217.787,-0.495111,10.3074,217.788,-0.491891,10.3074,          29P   1368
217.788,-0.487543,10.3074,217.788,-0.483092,10.3074,217.788,          29P   1369
-0.479987,10.3074,217.787,-0.478114,10.3074,217.786,-0.475526,        29P   1370
10.3074,217.785,-0.472985,10.3074,217.783,-0.470443,10.3074,          29P   1371
217.78,-0.467803,10.3074,217.777,-0.465708,10.3074,217.774,           29P   1372
-0.464954,10.3074,217.771,-0.464525,10.3074,217.767,-0.464026,        29P   1373
10.3074,217.764,-0.46332,10.3074,217.759,-0.462306,10.3074,           29P   1374
217.752,-0.460471,10.3074,217.747,-0.457837,10.3074,217.741,          29P   1375
-0.454322,10.3074,217.737,-0.452193,10.3074,217.733,-0.449889,        29P   1376
10.3074,217.731,-0.44859,10.3074,217.728,-0.447323,10.3074,           29P   1377
217.726,-0.446365,10.3074,217.724,-0.445194,10.3074,217.722,          29P   1378
-0.444189,10.3074,217.717,-0.441911,10.3074,217.714,-0.440146,        29P   1379
10.3074,217.707,-0.436968,10.3074,217.7,-0.433584,10.3074,            29P   1380
217.691,-0.42909,10.3074,217.678,-0.422366,10.3074,217.667,           29P   1381
-0.416858,10.3074,217.658,-0.412131,10.3074,217.654,-0.409909,        29P   1382
10.3074,217.647,-0.406709,10.3074,217.638,-0.402016,10.3074,          29P   1383
217.627,-0.396291,10.3074,217.612,-0.387947,10.3074,217.593,          29P   1384
-0.377966,10.3074,217.579,-0.369997,10.3074,217.571,-0.365614,        29P   1385
10.3074,217.568,-0.364336,10.3074,217.564,-0.361985,10.3074,          29P   1386
217.56,-0.359717,10.3074,217.555,-0.35683,10.3074,217.549,            29P   1387
-0.353806,10.3074,217.54,-0.348586,10.3074,217.527,-0.34091,          29P   1388
10.3074,217.51,-0.331391,10.3074,217.489,-0.318977,10.3074,           29P   1389
217.473,-0.30979,10.3074,217.463,-0.303707,10.3074,217.459,           29P   1390
-0.301294,10.3074,217.455,-0.298963,10.3074,217.45,-0.29607,          29P   1391
10.3074,217.445,-0.293193,10.3074,217.437,-0.288404,10.3074,          29P   1392
217.426,-0.281521,10.3074,217.412,-0.272756,10.3074,217.389,          29P   1393
-0.25892,10.3074,217.372,-0.24787,10.3074,217.359,-0.239814,          29P   1394
10.3074,217.355,-0.237363,10.3074,217.35,-0.234012,10.3074,           29P   1395
217.343,-0.229673,10.3074,217.336,-0.225173,10.3074,217.327,          29P   1396
-0.219125,10.3074,217.315,-0.211262,10.3074,217.292,-0.196285,        29P   1397
10.3074,217.273,-0.183672,10.3074,217.259,-0.174047,10.3074,          29P   1398
217.258,-0.172996,10.3074,217.255,-0.170848,10.3074,217.251,          29P   1399
-0.168692,10.3074,217.247,-0.165939,10.3074,217.243,-0.163174,        29P   1400
10.3074,217.237,-0.159176,10.3074,217.23,-0.153976,10.3074,           29P   1401
217.22,-0.147104,10.3074,217.196,-0.130825,10.3074,217.176,           29P   1402
-0.1164,10.3074,217.159,-0.10466,10.3074,217.157,-0.102591,           29P   1403
10.3074,217.153,-0.100187,10.3074,217.149,-0.097023,10.3074,          29P   1404
217.145,-0.0941345,10.3074,217.137,-0.0887417,10.3074,217.128,        29P   1405
-0.081671,10.3074,217.102,-0.0628202,10.3074,217.08,-0.0465873,       29P   1406
10.3074,217.061,-0.0326985,10.3074,217.06,-0.0315052,10.3074,         29P   1407
217.058,-0.0301842,10.3074,217.055,-0.0281222,10.3074,217.052,        29P   1408
-0.0256326,10.3074,217.048,-0.0226326,10.3074,217.044,                29P   1409
-0.0196278,10.3074,217.039,-0.0160542,10.3074,217.033,                29P   1410
-0.0111498,10.3074,217.008,0.00769223,10.3074,216.985,0.0256462,      29P   1411
10.3074,216.965,0.0415841,10.3074,216.963,0.0428197,10.3074,          29P   1412
216.961,0.0450219,10.3074,216.957,0.0478108,10.3074,216.952,          29P   1413
0.0517651,10.3074,216.947,0.0554522,10.3074,216.941,0.0603088,        29P   1414
10.3074,216.916,0.0802775,10.3074,216.892,0.0997157,10.3074,          29P   1415
216.87,0.117472,10.3074,216.869,0.118453,10.3074,216.868,             29P   1416
0.119166,10.3074,216.865,0.120947,10.3074,216.863,0.12326,            29P   1417
10.3074,216.859,0.126049,10.3074,216.857,0.128104,10.3074,            29P   1418
216.854,0.130239,10.3074,216.85,0.133359,10.3074,216.824,             29P   1419
0.154385,10.3074,216.799,0.175276,10.3074,216.775,0.195201,           29P   1420
10.3074,216.772,0.197593,10.3074,216.769,0.200066,10.3074,            29P   1421
216.766,0.202474,10.3074,216.764,0.204097,10.3074,216.762,            29P   1422
0.205651,10.3074,216.76,0.207978,10.3074,216.733,0.230028,            29P   1423
10.3074,216.707,0.251987,10.3074,216.683,0.272997,10.3074,            29P   1424
216.681,0.274129,10.3074,216.679,0.275921,10.3074,216.677,            29P   1425
0.277847,10.3074,216.674,0.279846,10.3074,216.673,0.281385,           29P   1426
10.3074,216.67,0.283471,10.3074,216.643,0.306631,10.3074,             29P   1427
216.616,0.330166,10.3074,216.589,0.353113,10.3074,216.587,            29P   1428
0.355015,10.3074,216.585,0.356615,10.3074,216.584,0.358196,           29P   1429
10.3074,216.582,0.359212,10.3074,216.581,0.360628,10.3074,            29P   1430
216.553,0.384852,10.3074,216.525,0.409805,10.3074,216.498,            29P   1431
0.434178,10.3074,216.496,0.435766,10.3074,216.495,0.437037,           29P   1432
10.3074,216.493,0.438327,10.3074,216.492,0.439494,10.3074,            29P   1433
216.464,0.464882,10.3074,216.435,0.49049,10.3074,216.407,             29P   1434
0.515941,10.3074,216.406,0.517128,10.3074,216.405,0.518217,           29P   1435
10.3074,216.404,0.519358,10.3074,216.38,0.540978,10.3074,             29P   1436
216.356,0.563125,10.3074,216.333,0.585384,10.3074,216.331,            29P   1437
0.586707,10.3074,216.312,0.604897,10.3074,216.292,0.623139,           29P   1438
10.3074,216.273,0.64144,10.3074,216.258,0.655587,10.3074,             29P   1439
216.244,0.669731,10.3074,216.22,0.692908,10.3074,216.21,              29P   1440
0.702451,10.3074,216.2,0.711784,10.3074,216.221,0.764983,             29P   1441
10.6406,216.22,0.765751,10.6406,216.219,0.766768,10.6406,             29P   1442
216.217,0.76784,10.6406,216.216,0.768524,10.6406,216.214,             29P   1443
0.768998,10.6406,216.212,0.76922,10.6406,216.211,0.769289,            29P   1444
10.6406,216.21,0.769162,10.6406,216.208,0.768786,10.6406,             29P   1445
216.206,0.768307,10.6406,216.205,0.767623,10.6406,216.204,            29P   1446
0.767165,10.6406,216.203,0.76662,10.6406,216.202,0.766,10.6406,       29P   1447
216.201,0.765207,10.6406,216.2,0.764171,10.6406,216.2,0.763,          29P   1448
10.6406,216.199,0.76181,10.6406,216.199,0.761243,10.6406,             29P   1449
216.198,0.759991,10.6406,216.198,0.758581,10.6406,216.197,            29P   1450
0.756118,10.6406,216.197,0.754345,10.6406,216.198,0.752743,           29P   1451
10.6406,216.198,0.752138,10.6406,216.198,0.750617,10.6406,            29P   1452
216.198,0.749738,10.6406,216.199,0.748097,10.6406,216.2,              29P   1453
0.747248,10.6406,216.201,0.745543,10.6406,216.201,0.744709,           29P   1454
10.6406,216.202,0.743455,10.6406,216.202,0.743036,10.6406,            29P   1455
216.204,0.739307,10.6406,216.206,0.735109,10.6406,216.208,            29P   1456
0.730189,10.6406,216.21,0.727593,10.6406,216.211,0.724979,            29P   1457
10.6406,216.213,0.721371,10.6406,216.215,0.717934,10.6406,            29P   1458
216.217,0.714487,10.6406,216.218,0.711758,10.6406,216.22,             29P   1459
0.708786,10.6406,216.221,0.706244,10.6406,216.227,0.695503,           29P   1460
10.6406,216.232,0.685186,10.6406,216.238,0.674812,10.6406,            29P   1461
216.239,0.672643,10.6406,216.24,0.670268,10.6406,216.242,             29P   1462
0.666774,10.6406,216.244,0.663358,10.6406,216.246,0.659784,           29P   1463
10.6406,216.248,0.656692,10.6406,216.25,0.653081,10.6406,             29P   1464
216.251,0.649861,10.6406,216.261,0.63317,10.6406,216.27,              29P   1465
0.617482,10.6406,216.278,0.602091,10.6406,216.279,0.60037,            29P   1466
10.6406,216.281,0.598271,10.6406,216.283,0.594913,10.6406,            29P   1467
216.285,0.591539,10.6406,216.287,0.587808,10.6406,216.289,            29P   1468
0.584261,10.6406,216.291,0.579862,10.6406,216.294,0.575831,           29P   1469
10.6406,216.307,0.553559,10.6406,216.32,0.5327,10.6406,216.333,       29P   1470
0.511948,10.6406,216.334,0.50986,10.6406,216.337,0.505679,            29P   1471
10.6406,216.339,0.501023,10.6406,216.343,0.495369,10.6406,            29P   1472
216.346,0.49008,10.6406,216.35,0.485111,10.6406,216.367,              29P   1473
0.457579,10.6406,216.385,0.43169,10.6406,216.402,0.406368,            29P   1474
10.6406,216.404,0.403332,10.6406,216.406,0.400062,10.6406,            29P   1475
216.409,0.396026,10.6406,216.412,0.391445,10.6406,216.417,            29P   1476
0.385269,10.6406,216.421,0.379385,10.6406,216.439,0.353244,           29P   1477
10.6406,216.457,0.329217,10.6406,216.474,0.305925,10.6406,            29P   1478
216.477,0.301967,10.6406,216.481,0.297158,10.6406,216.486,            29P   1479
0.290689,10.6406,216.491,0.283741,10.6406,216.496,0.277111,           29P   1480
10.6406,216.516,0.252311,10.6406,216.533,0.23007,10.6406,             29P   1481
216.551,0.208742,10.6406,216.553,0.205979,10.6406,216.556,            29P   1482
0.202821,10.6406,216.559,0.198572,10.6406,216.564,0.19326,            29P   1483
10.6406,216.57,0.185743,10.6406,216.576,0.178577,10.6406,             29P   1484
216.596,0.155465,10.6406,216.613,0.1356,10.6406,216.631,0.11663,      29P   1485
10.6406,216.632,0.115113,10.6406,216.634,0.112455,10.6406,            29P   1486
216.637,0.109374,10.6406,216.641,0.105111,10.6406,216.646,            29P   1487
0.0995696,10.6406,216.653,0.0916291,10.6406,216.66,0.0840768,         29P   1488
10.6406,216.681,0.0625323,10.6406,216.698,0.0442133,10.6406,          29P   1489
216.715,0.0268681,10.6406,216.717,0.025217,10.6406,216.719,           29P   1490
0.022684,10.6406,216.722,0.0196478,10.6406,216.727,0.0153809,         29P   1491
10.6406,216.732,0.00970328,10.6406,216.741,0.00151481,10.6406,        29P   1492
216.749,-0.00623978,10.6406,216.769,-0.0262313,10.6406,216.787,       29P   1493
-0.0430627,10.6406,216.804,-0.0589095,10.6406,216.806,                29P   1494
-0.0607024,10.6406,216.809,-0.063166,10.6406,216.812,-0.0661319,      29P   1495
10.6406,216.816,-0.0703848,10.6406,216.823,-0.0761178,10.6406,        29P   1496
216.832,-0.0843954,10.6406,216.841,-0.0921604,10.6406,216.861,        29P   1497
-0.110496,10.6406,216.879,-0.125922,10.6406,216.896,-0.140388,        29P   1498
10.6406,216.899,-0.14237,10.6406,216.902,-0.144752,10.6406,           29P   1499
216.905,-0.147671,10.6406,216.91,-0.151879,10.6406,216.917,           29P   1500
-0.157582,10.6406,216.927,-0.165822,10.6406,216.936,-0.173498,        29P   1501
10.6406,216.957,-0.19028,10.6406,216.975,-0.204446,10.6406,           29P   1502
216.992,-0.217683,10.6406,216.995,-0.219866,10.6406,216.998,          29P   1503
-0.222187,10.6406,217.002,-0.225053,10.6406,217.007,-0.229184,        29P   1504
10.6406,217.015,-0.234799,10.6406,217.025,-0.242885,10.6406,          29P   1505
217.035,-0.250352,10.6406,217.056,-0.265596,10.6406,217.074,          29P   1506
-0.278521,10.6406,217.091,-0.290573,10.6406,217.095,-0.292897,        29P   1507
10.6406,217.098,-0.295141,10.6406,217.108,-0.302369,10.6406,          29P   1508
217.123,-0.312457,10.6406,217.138,-0.322327,10.6406,217.158,          29P   1509
-0.33615,10.6406,217.176,-0.347904,10.6406,217.194,-0.358825,         29P   1510
10.6406,217.197,-0.36119,10.6406,217.201,-0.363392,10.6406,           29P   1511
217.205,-0.366159,10.6406,217.212,-0.370102,10.6406,217.22,           29P   1512
-0.375303,10.6406,217.232,-0.382647,10.6406,217.243,-0.38935,         29P   1513
10.6406,217.264,-0.40191,10.6406,217.282,-0.412528,10.6406,           29P   1514
217.299,-0.422365,10.6406,217.303,-0.424611,10.6406,217.307,          29P   1515
-0.426769,10.6406,217.312,-0.429479,10.6406,217.319,-0.433273,        29P   1516
10.6406,217.327,-0.438158,10.6406,217.34,-0.444996,10.6406,           29P   1517
217.351,-0.451269,10.6406,217.373,-0.462792,10.6406,217.391,          29P   1518
-0.472284,10.6406,217.408,-0.480972,10.6406,217.412,-0.482842,        29P   1519
10.6406,217.416,-0.484922,10.6406,217.421,-0.487552,10.6406,          29P   1520
217.429,-0.491194,10.6406,217.438,-0.495721,10.6406,217.451,          29P   1521
-0.501982,10.6406,217.463,-0.507824,10.6406,217.479,-0.515531,        29P   1522
10.6406,217.491,-0.521105,10.6406,217.502,-0.525881,10.6406,          29P   1523
217.505,-0.527228,10.6406,217.509,-0.529214,10.6406,217.515,          29P   1524
-0.53178,10.6406,217.523,-0.53526,10.6406,217.532,-0.539465,          29P   1525
10.6406,217.545,-0.545222,10.6406,217.558,-0.55075,10.6406,           29P   1526
217.569,-0.555473,10.6406,217.576,-0.55806,10.6406,217.58,            29P   1527
-0.559904,10.6406,217.585,-0.561813,10.6406,217.591,-0.564295,        29P   1528
10.6406,217.599,-0.56761,10.6406,217.609,-0.571505,10.6406,           29P   1529
217.621,-0.576318,10.6406,217.631,-0.580126,10.6406,217.637,          29P   1530
-0.582411,10.6406,217.639,-0.583093,10.6406,217.643,-0.584548,        29P   1531
10.6406,217.648,-0.586734,10.6406,217.657,-0.589912,10.6406,          29P   1532
217.665,-0.592944,10.6406,217.671,-0.595031,10.6406,217.674,          29P   1533
-0.596194,10.6406,217.675,-0.596446,10.6406,217.677,-0.597158,        29P   1534
10.6406,217.678,-0.597615,10.6406,217.682,-0.59886,10.6406,           29P   1535
217.685,-0.599944,10.6406,217.688,-0.601034,10.6406,217.689,          29P   1536
-0.601663,10.6406,217.691,-0.60219,10.6406,217.693,-0.602969,         29P   1537
10.6406,217.695,-0.603417,10.6406,217.696,-0.60394,10.6406,           29P   1538
217.697,-0.604394,10.6406,217.699,-0.605092,10.6406,217.701,          29P   1539
-0.605876,10.6406,217.703,-0.606751,10.6406,217.704,-0.607462,        29P   1540
10.6406,217.706,-0.608252,10.6406,217.707,-0.60883,10.6406,           29P   1541
217.709,-0.60943,10.6406,217.711,-0.609775,10.6406,217.714,           29P   1542
-0.609922,10.6406,217.717,-0.609639,10.6406,217.719,-0.609052,        29P   1543
10.6406,217.721,-0.608307,10.6406,217.722,-0.607465,10.6406,          29P   1544
217.724,-0.60641,10.6406,217.725,-0.605378,10.6406,217.726,           29P   1545
-0.604914,10.6406,217.727,-0.603732,10.6406,217.728,-0.60299,         29P   1546
10.6406,217.729,-0.60128,10.6406,217.73,-0.600297,10.6406,            29P   1547
217.731,-0.59887,10.6406,217.731,-0.598042,10.6406,217.732,           29P   1548
-0.596037,10.6406,217.733,-0.594336,10.6406,217.734,-0.589828,        29P   1549
10.6406,217.734,-0.586296,10.6406,217.733,-0.581413,10.6406,          29P   1550
217.733,-0.580115,10.6406,217.731,-0.577047,10.6406,217.729,          29P   1551
-0.573762,10.6406,217.726,-0.571574,10.6406,217.723,-0.57057,         29P   1552
10.6406,217.722,-0.569939,10.6406,217.72,-0.568962,10.6406,           29P   1553
217.717,-0.567857,10.6406,217.715,-0.566551,10.6406,217.712,          29P   1554
-0.56483,10.6406,217.709,-0.562748,10.6406,217.707,-0.561121,         29P   1555
10.6406,217.705,-0.55911,10.6406,217.702,-0.557035,10.6406,           29P   1556
217.7,-0.554706,10.6406,217.696,-0.551774,10.6406,217.69,             29P   1557
-0.547425,10.6406,217.685,-0.54358,10.6406,217.68,-0.539813,          29P   1558
10.6406,217.676,-0.537463,10.6406,217.673,-0.534748,10.6406,          29P   1559
217.67,-0.533168,10.6406,217.668,-0.531577,10.6406,217.666,           29P   1560
-0.530316,10.6406,217.664,-0.528727,10.6406,217.662,-0.527366,        29P   1561
10.6406,217.658,-0.524286,10.6406,217.655,-0.521906,10.6406,          29P   1562
217.649,-0.517625,10.6406,217.643,-0.513074,10.6406,217.635,          29P   1563
-0.507046,10.6406,217.623,-0.498053,10.6406,217.613,-0.490803,        29P   1564
10.6406,217.605,-0.484592,10.6406,217.601,-0.481674,10.6406,          29P   1565
217.595,-0.477476,10.6406,217.587,-0.471338,10.6406,217.577,          29P   1566
-0.463885,10.6406,217.563,-0.452988,10.6406,217.546,-0.440165,        29P   1567
10.6406,217.533,-0.430002,10.6406,217.525,-0.424436,10.6406,          29P   1568
217.523,-0.422815,10.6406,217.519,-0.419834,10.6406,217.516,          29P   1569
-0.416966,10.6406,217.511,-0.413321,10.6406,217.506,-0.409508,        29P   1570
10.6406,217.497,-0.402945,10.6406,217.485,-0.393337,10.6406,          29P   1571
217.47,-0.381494,10.6406,217.45,-0.366164,10.6406,217.436,            29P   1572
-0.354913,10.6406,217.426,-0.347499,10.6406,217.422,-0.34456,         29P   1573
10.6406,217.419,-0.341726,10.6406,217.414,-0.338214,10.6406,          29P   1574
217.41,-0.334725,10.6406,217.403,-0.328931,10.6406,217.392,           29P   1575
-0.320628,10.6406,217.379,-0.310097,10.6406,217.358,-0.29355,         29P   1576
10.6406,217.342,-0.280433,10.6406,217.33,-0.270918,10.6406,           29P   1577
217.326,-0.268023,10.6406,217.322,-0.264073,10.6406,217.315,          29P   1578
-0.258967,10.6406,217.309,-0.25368,10.6406,217.3,-0.246589,           29P   1579
10.6406,217.289,-0.237397,10.6406,217.267,-0.219951,10.6406,          29P   1580
217.25,-0.205359,10.6406,217.236,-0.194273,10.6406,217.235,           29P   1581
-0.193062,10.6406,217.232,-0.190589,10.6406,217.229,-0.18811,         29P   1582
10.6406,217.225,-0.184946,10.6406,217.221,-0.18177,10.6406,           29P   1583
217.216,-0.177182,10.6406,217.209,-0.171222,10.6406,217.199,          29P   1584
-0.163358,10.6406,217.177,-0.14477,10.6406,217.158,-0.128393,         29P   1585
10.6406,217.142,-0.11514,10.6406,217.14,-0.112804,10.6406,            29P   1586
217.137,-0.110094,10.6406,217.132,-0.106529,10.6406,217.129,          29P   1587
-0.103278,10.6406,217.121,-0.0972155,10.6406,217.112,-0.089284,       29P   1588
10.6406,217.088,-0.0682011,10.6406,217.067,-0.050182,10.6406,         29P   1589
217.049,-0.0348437,10.6406,217.048,-0.0335262,10.6406,217.046,        29P   1590
-0.0320681,10.6406,217.044,-0.029793,10.6406,217.04,-0.0270476,       29P   1591
10.6406,217.037,-0.0237418,10.6406,217.033,-0.0204328,10.6406,        29P   1592
217.028,-0.0165004,10.6406,217.022,-0.0111082,10.6406,216.999,        29P   1593
0.00958357,10.6406,216.976,0.0291993,10.6406,216.957,0.046574,        29P   1594
10.6406,216.956,0.0479208,10.6406,216.953,0.0503211,10.6406,          29P   1595
216.949,0.0533601,10.6406,216.945,0.0576677,10.6406,216.94,           29P   1596
0.0616833,10.6406,216.934,0.0669713,10.6406,216.91,0.0887074,         29P   1597
10.6406,216.887,0.109831,10.6406,216.866,0.129085,10.6406,            29P   1598
216.864,0.130148,10.6406,216.864,0.130921,10.6406,216.861,            29P   1599
0.132852,10.6406,216.859,0.135359,10.6406,216.855,0.138381,           29P   1600
10.6406,216.853,0.140608,10.6406,216.85,0.14292,10.6406,216.847,      29P   1601
0.146299,10.6406,216.822,0.169061,10.6406,216.798,0.191618,           29P   1602
10.6406,216.775,0.213104,10.6406,216.772,0.215683,10.6406,            29P   1603
216.769,0.21835,10.6406,216.766,0.220945,10.6406,216.764,             29P   1604
0.222695,10.6406,216.763,0.224369,10.6406,216.76,0.226877,            29P   1605
10.6406,216.734,0.250642,10.6406,216.709,0.274281,10.6406,            29P   1606
216.685,0.296987,10.6406,216.684,0.298211,10.6406,216.682,            29P   1607
0.300148,10.6406,216.68,0.302229,10.6406,216.678,0.304393,            29P   1608
10.6406,216.676,0.306058,10.6406,216.674,0.308316,10.6406,            29P   1609
216.647,0.333391,10.6406,216.621,0.358719,10.6406,216.596,            29P   1610
0.383369,10.6406,216.594,0.385411,10.6406,216.592,0.38713,            29P   1611
10.6406,216.59,0.388827,10.6406,216.589,0.389918,10.6406,             29P   1612
216.587,0.391439,10.6406,216.561,0.41731,10.6406,216.534,             29P   1613
0.443696,10.6406,216.508,0.469698,10.6406,216.506,0.471393,           29P   1614
10.6406,216.505,0.47275,10.6406,216.504,0.474127,10.6406,             29P   1615
216.502,0.475374,10.6406,216.475,0.502568,10.6406,216.448,            29P   1616
0.529988,10.6406,216.421,0.557136,10.6406,216.42,0.558402,            29P   1617
10.6406,216.418,0.559563,10.6406,216.417,0.560783,10.6406,            29P   1618
216.395,0.583833,10.6406,216.372,0.607358,10.6406,216.349,0.631,      29P   1619
10.6406,216.347,0.632404,10.6406,216.329,0.651725,10.6406,            29P   1620
216.31,0.671114,10.6406,216.292,0.690526,10.6406,216.277,             29P   1621
0.70553,10.6406,216.263,0.720505,10.6406,216.24,0.745031,             29P   1622
10.6406,216.23,0.755127,10.6406,216.221,0.764983,10.6406,             29P   1623
216.249,0.806524,10.9621,216.248,0.807514,10.9621,216.247,            29P   1624
0.808703,10.9621,216.245,0.809795,10.9621,216.243,0.810413,           29P   1625
10.9621,216.241,0.810745,10.9621,216.24,0.810806,10.9621,             29P   1626
216.238,0.810727,10.9621,216.237,0.810537,10.9621,216.235,            29P   1627
0.810075,10.9621,216.234,0.809544,10.9621,216.233,0.808799,           29P   1628
10.9621,216.232,0.808295,10.9621,216.231,0.807692,10.9621,            29P   1629
216.231,0.806994,10.9621,216.23,0.806106,10.9621,216.229,             29P   1630
0.804951,10.9621,216.228,0.803649,10.9621,216.228,0.802352,           29P   1631
10.9621,216.227,0.80175,10.9621,216.227,0.800441,10.9621,             29P   1632
216.227,0.798976,10.9621,216.227,0.796329,10.9621,216.227,            29P   1633
0.794452,10.9621,216.228,0.792937,10.9621,216.228,0.792514,           29P   1634
10.9621,216.229,0.791323,10.9621,216.229,0.790514,10.9621,            29P   1635
216.23,0.788823,10.9621,216.231,0.787964,10.9621,216.231,             29P   1636
0.786288,10.9621,216.232,0.785465,10.9621,216.232,0.784223,           29P   1637
10.9621,216.233,0.783803,10.9621,216.235,0.780072,10.9621,            29P   1638
216.237,0.77587,10.9621,216.239,0.770943,10.9621,216.241,             29P   1639
0.768343,10.9621,216.242,0.765726,10.9621,216.244,0.762111,           29P   1640
10.9621,216.246,0.758666,10.9621,216.247,0.755212,10.9621,            29P   1641
216.249,0.752475,10.9621,216.25,0.749496,10.9621,216.252,             29P   1642
0.746945,10.9621,216.257,0.736171,10.9621,216.263,0.725811,           29P   1643
10.9621,216.268,0.715389,10.9621,216.27,0.713209,10.9621,             29P   1644
216.271,0.710823,10.9621,216.273,0.707312,10.9621,216.275,            29P   1645
0.70388,10.9621,216.277,0.700288,10.9621,216.278,0.69718,             29P   1646
10.9621,216.28,0.693551,10.9621,216.282,0.690315,10.9621,             29P   1647
216.291,0.673538,10.9621,216.3,0.657765,10.9621,216.309,              29P   1648
0.642278,10.9621,216.31,0.640546,10.9621,216.311,0.638434,            29P   1649
10.9621,216.313,0.635055,10.9621,216.315,0.631658,10.9621,            29P   1650
216.317,0.627902,10.9621,216.319,0.62433,10.9621,216.322,             29P   1651
0.619899,10.9621,216.324,0.615839,10.9621,216.337,0.5934,             29P   1652
10.9621,216.35,0.572354,10.9621,216.362,0.551384,10.9621,             29P   1653
216.364,0.549274,10.9621,216.366,0.545048,10.9621,216.369,            29P   1654
0.540341,10.9621,216.373,0.534623,10.9621,216.376,0.529273,           29P   1655
10.9621,216.379,0.524244,10.9621,216.396,0.496375,10.9621,            29P   1656
216.413,0.470112,10.9621,216.43,0.444367,10.9621,216.432,             29P   1657
0.441281,10.9621,216.434,0.437955,10.9621,216.437,0.433849,           29P   1658
10.9621,216.44,0.429188,10.9621,216.444,0.422901,10.9621,             29P   1659
216.448,0.41691,10.9621,216.466,0.390282,10.9621,216.483,             29P   1660
0.365751,10.9621,216.5,0.341908,10.9621,216.503,0.337855,             29P   1661
10.9621,216.507,0.332929,10.9621,216.511,0.326299,10.9621,            29P   1662
216.516,0.319176,10.9621,216.521,0.312374,10.9621,216.54,             29P   1663
0.286917,10.9621,216.557,0.264024,10.9621,216.574,0.242008,           29P   1664
10.9621,216.576,0.239155,10.9621,216.578,0.235893,10.9621,            29P   1665
216.582,0.231504,10.9621,216.586,0.226013,10.9621,216.592,            29P   1666
0.218239,10.9621,216.598,0.210821,10.9621,216.617,0.186879,           29P   1667
10.9621,216.633,0.166233,10.9621,216.65,0.146456,10.9621,             29P   1668
216.651,0.144874,10.9621,216.653,0.142102,10.9621,216.656,            29P   1669
0.138887,10.9621,216.66,0.134438,10.9621,216.664,0.128651,            29P   1670
10.9621,216.671,0.120353,10.9621,216.678,0.112452,10.9621,            29P   1671
216.697,0.089895,10.9621,216.714,0.0706553,10.9621,216.73,            29P   1672
0.0523833,10.9621,216.732,0.0506437,10.9621,216.734,0.0479735,        29P   1673
10.9621,216.737,0.0447726,10.9621,216.741,0.0402722,10.9621,          29P   1674
216.746,0.0342806,10.9621,216.754,0.0256317,10.9621,216.762,          29P   1675
0.0174303,10.9621,216.781,-0.00373554,10.9621,216.798,                29P   1676
-0.0216232,10.9621,216.814,-0.0385387,10.9621,216.816,                29P   1677
-0.0404532,10.9621,216.818,-0.0430856,10.9621,216.821,                29P   1678
-0.0462556,10.9621,216.826,-0.0508044,10.9621,216.832,-0.056942,      29P   1679
10.9621,216.84,-0.0658172,10.9621,216.848,-0.0741601,10.9621,         29P   1680
216.868,-0.0938906,10.9621,216.885,-0.110569,10.9621,216.901,         29P   1681
-0.126276,10.9621,216.903,-0.12843,10.9621,216.906,-0.131018,         29P   1682
10.9621,216.909,-0.134192,10.9621,216.914,-0.13877,10.9621,           29P   1683
216.92,-0.14498,10.9621,216.93,-0.153964,10.9621,216.938,             29P   1684
-0.162348,10.9621,216.958,-0.180707,10.9621,216.975,-0.196266,        29P   1685
10.9621,216.991,-0.210872,10.9621,216.993,-0.213282,10.9621,          29P   1686
216.996,-0.215846,10.9621,217.,-0.219015,10.9621,217.005,             29P   1687
-0.223585,10.9621,217.012,-0.229803,10.9621,217.022,-0.238775,        29P   1688
10.9621,217.031,-0.247082,10.9621,217.05,-0.264077,10.9621,           29P   1689
217.067,-0.278563,10.9621,217.083,-0.292149,10.9621,217.086,          29P   1690
-0.294771,10.9621,217.089,-0.297305,10.9621,217.099,-0.305472,        29P   1691
10.9621,217.113,-0.31691,10.9621,217.127,-0.328156,10.9621,           29P   1692
217.146,-0.343945,10.9621,217.163,-0.35745,10.9621,217.179,           29P   1693
-0.370077,10.9621,217.183,-0.372814,10.9621,217.186,-0.375365,        29P   1694
10.9621,217.19,-0.378572,10.9621,217.196,-0.383151,10.9621,           29P   1695
217.204,-0.389199,10.9621,217.215,-0.397763,10.9621,217.225,          29P   1696
-0.405607,10.9621,217.245,-0.420347,10.9621,217.261,-0.432891,        29P   1697
10.9621,217.278,-0.444598,10.9621,217.281,-0.447275,10.9621,          29P   1698
217.285,-0.449849,10.9621,217.289,-0.453086,10.9621,217.296,          29P   1699
-0.457627,10.9621,217.304,-0.463484,10.9621,217.315,-0.471714,        29P   1700
10.9621,217.326,-0.479302,10.9621,217.346,-0.493294,10.9621,          29P   1701
217.363,-0.504923,10.9621,217.379,-0.515668,10.9621,217.383,          29P   1702
-0.517986,10.9621,217.386,-0.520565,10.9621,217.391,-0.523833,        29P   1703
10.9621,217.398,-0.528371,10.9621,217.407,-0.534028,10.9621,          29P   1704
217.419,-0.541889,10.9621,217.43,-0.549269,10.9621,217.445,           29P   1705
-0.559052,10.9621,217.456,-0.566178,10.9621,217.466,-0.572321,        29P   1706
10.9621,217.469,-0.574056,10.9621,217.473,-0.576618,10.9621,          29P   1707
217.478,-0.579934,10.9621,217.485,-0.584446,10.9621,217.494,          29P   1708
-0.589916,10.9621,217.507,-0.597443,10.9621,217.519,-0.604728,        29P   1709
10.9621,217.529,-0.611,10.9621,217.535,-0.614452,10.9621,             29P   1710
217.539,-0.616923,10.9621,217.543,-0.619485,10.9621,217.549,          29P   1711
-0.622829,10.9621,217.557,-0.627319,10.9621,217.566,-0.63263,         29P   1712
10.9621,217.577,-0.639253,10.9621,217.586,-0.644484,10.9621,          29P   1713
217.592,-0.647653,10.9621,217.594,-0.648603,10.9621,217.597,          29P   1714
-0.650633,10.9621,217.603,-0.653705,10.9621,217.61,-0.658191,         29P   1715
10.9621,217.618,-0.662559,10.9621,217.624,-0.665535,10.9621,          29P   1716
217.627,-0.667194,10.9621,217.627,-0.667554,10.9621,217.629,          29P   1717
-0.668568,10.9621,217.63,-0.669223,10.9621,217.633,-0.671026,         29P   1718
10.9621,217.636,-0.672577,10.9621,217.639,-0.674087,10.9621,          29P   1719
217.641,-0.674949,10.9621,217.642,-0.675719,10.9621,217.644,          29P   1720
-0.676992,10.9621,217.645,-0.677802,10.9621,217.647,-0.678808,        29P   1721
10.9621,217.648,-0.679517,10.9621,217.65,-0.68026,10.9621,            29P   1722
217.652,-0.68084,10.9621,217.654,-0.681138,10.9621,217.656,           29P   1723
-0.681122,10.9621,217.657,-0.681007,10.9621,217.659,-0.680779,        29P   1724
10.9621,217.661,-0.680175,10.9621,217.663,-0.679515,10.9621,          29P   1725
217.665,-0.678366,10.9621,217.667,-0.676775,10.9621,217.669,          29P   1726
-0.675422,10.9621,217.67,-0.674055,10.9621,217.671,-0.672634,         29P   1727
10.9621,217.672,-0.671056,10.9621,217.673,-0.669583,10.9621,          29P   1728
217.673,-0.66894,10.9621,217.674,-0.667353,10.9621,217.674,           29P   1729
-0.666398,10.9621,217.675,-0.664282,10.9621,217.675,-0.663111,        29P   1730
10.9621,217.675,-0.661473,10.9621,217.675,-0.660538,10.9621,          29P   1731
217.675,-0.658339,10.9621,217.675,-0.656642,10.9621,217.673,          29P   1732
-0.6518,10.9621,217.671,-0.648669,10.9621,217.667,-0.646191,          29P   1733
10.9621,217.666,-0.645637,10.9621,217.664,-0.644009,10.9621,          29P   1734
217.661,-0.641792,10.9621,217.658,-0.639304,10.9621,217.656,          29P   1735
-0.637424,10.9621,217.655,-0.636267,10.9621,217.654,-0.634573,        29P   1736
10.9621,217.652,-0.632771,10.9621,217.65,-0.63079,10.9621,            29P   1737
217.647,-0.62838,10.9621,217.645,-0.625793,10.9621,217.643,           29P   1738
-0.624035,10.9621,217.64,-0.622011,10.9621,217.638,-0.619908,         29P   1739
10.9621,217.635,-0.617503,10.9621,217.632,-0.61444,10.9621,           29P   1740
217.627,-0.609795,10.9621,217.622,-0.605387,10.9621,217.617,          29P   1741
-0.600791,10.9621,217.614,-0.597946,10.9621,217.611,-0.594704,        29P   1742
10.9621,217.609,-0.592831,10.9621,217.607,-0.590957,10.9621,          29P   1743
217.605,-0.589487,10.9621,217.603,-0.587646,10.9621,217.602,          29P   1744
-0.586069,10.9621,217.598,-0.582501,10.9621,217.595,-0.579745,        29P   1745
10.9621,217.59,-0.574795,10.9621,217.584,-0.569541,10.9621,           29P   1746
217.577,-0.562601,10.9621,217.566,-0.552274,10.9621,217.557,          29P   1747
-0.543771,10.9621,217.549,-0.536605,10.9621,217.545,-0.533244,        29P   1748
10.9621,217.54,-0.528442,10.9621,217.533,-0.521452,10.9621,           29P   1749
217.524,-0.512973,10.9621,217.511,-0.500923,10.9621,217.495,          29P   1750
-0.486384,10.9621,217.483,-0.474883,10.9621,217.477,-0.46859,         29P   1751
10.9621,217.475,-0.466757,10.9621,217.471,-0.463389,10.9621,          29P   1752
217.468,-0.460148,10.9621,217.463,-0.456031,10.9621,217.459,          29P   1753
-0.451725,10.9621,217.451,-0.444318,10.9621,217.44,-0.43348,          29P   1754
10.9621,217.426,-0.420138,10.9621,217.407,-0.402894,10.9621,          29P   1755
217.394,-0.390269,10.9621,217.386,-0.381965,10.9621,217.382,          29P   1756
-0.378674,10.9621,217.379,-0.375503,10.9621,217.375,-0.371575,        29P   1757
10.9621,217.371,-0.367675,10.9621,217.364,-0.361204,10.9621,          29P   1758
217.354,-0.351943,10.9621,217.342,-0.340216,10.9621,217.323,          29P   1759
-0.321825,10.9621,217.308,-0.307287,10.9621,217.297,-0.296756,        29P   1760
10.9621,217.293,-0.293553,10.9621,217.289,-0.289184,10.9621,          29P   1761
217.283,-0.283539,10.9621,217.277,-0.277695,10.9621,217.269,          29P   1762
-0.269863,10.9621,217.259,-0.259718,10.9621,217.239,-0.240486,        29P   1763
10.9621,217.222,-0.224447,10.9621,217.21,-0.212295,10.9621,           29P   1764
217.208,-0.210968,10.9621,217.206,-0.208259,10.9621,217.203,          29P   1765
-0.205544,10.9621,217.199,-0.202081,10.9621,217.196,-0.198606,        29P   1766
10.9621,217.191,-0.193591,10.9621,217.184,-0.187083,10.9621,          29P   1767
217.175,-0.178505,10.9621,217.155,-0.15826,10.9621,217.137,           29P   1768
-0.140485,10.9621,217.122,-0.126118,10.9621,217.119,-0.123587,        29P   1769
10.9621,217.116,-0.12065,10.9621,217.112,-0.116788,10.9621,           29P   1770
217.109,-0.113266,10.9621,217.102,-0.106699,10.9621,217.094,          29P   1771
-0.0981106,10.9621,217.071,-0.0752932,10.9621,217.051,                29P   1772
-0.0558228,10.9621,217.034,-0.0392902,10.9621,217.033,                29P   1773
-0.0378702,10.9621,217.031,-0.036299,10.9621,217.029,-0.0338479,      29P   1774
10.9621,217.026,-0.030891,10.9621,217.023,-0.0273318,10.9621,         29P   1775
217.019,-0.0237707,10.9621,217.015,-0.0195404,10.9621,217.009,        29P   1776
-0.0137424,10.9621,216.987,0.00849045,10.9621,216.966,0.0295057,      29P   1777
10.9621,216.947,0.0480928,10.9621,216.946,0.0495337,10.9621,          29P   1778
216.943,0.0521011,10.9621,216.94,0.0553512,10.9621,216.936,           29P   1779
0.0599572,10.9621,216.931,0.0642501,10.9621,216.926,0.0699019,        29P   1780
10.9621,216.903,0.0931271,10.9621,216.881,0.115659,10.9621,           29P   1781
216.861,0.136154,10.9621,216.86,0.137286,10.9621,216.859,             29P   1782
0.138109,10.9621,216.857,0.140163,10.9621,216.854,0.142831,           29P   1783
10.9621,216.851,0.146046,10.9621,216.849,0.148414,10.9621,            29P   1784
216.847,0.150872,10.9621,216.843,0.154465,10.9621,216.82,             29P   1785
0.178661,10.9621,216.796,0.202591,10.9621,216.775,0.225389,           29P   1786
10.9621,216.772,0.228125,10.9621,216.769,0.230955,10.9621,            29P   1787
216.767,0.233709,10.9621,216.765,0.235566,10.9621,216.763,            29P   1788
0.237343,10.9621,216.761,0.240004,10.9621,216.737,0.265221,           29P   1789
10.9621,216.713,0.290314,10.9621,216.69,0.314357,10.9621,             29P   1790
216.689,0.315653,10.9621,216.687,0.317703,10.9621,216.685,            29P   1791
0.319911,10.9621,216.683,0.3222,10.9621,216.681,0.323962,             29P   1792
10.9621,216.679,0.326351,10.9621,216.654,0.352871,10.9621,            29P   1793
216.629,0.379644,10.9621,216.605,0.405624,10.9621,216.603,            29P   1794
0.407777,10.9621,216.601,0.40959,10.9621,216.6,0.411379,10.9621,      29P   1795
216.599,0.412528,10.9621,216.597,0.41413,10.9621,216.572,             29P   1796
0.441514,10.9621,216.546,0.469319,10.9621,216.522,0.496662,           29P   1797
10.9621,216.52,0.498444,10.9621,216.519,0.499873,10.9621,             29P   1798
216.517,0.501321,10.9621,216.516,0.502632,10.9621,216.49,             29P   1799
0.531007,10.9621,216.465,0.559793,10.9621,216.439,0.588236,           29P   1800
10.9621,216.438,0.589563,10.9621,216.437,0.590779,10.9621,            29P   1801
216.436,0.592046,10.9621,216.414,0.616192,10.9621,216.393,            29P   1802
0.640996,10.9621,216.371,0.665843,10.9621,216.369,0.667319,           29P   1803
10.9621,216.352,0.687617,10.9621,216.334,0.707884,10.9621,            29P   1804
216.316,0.728284,10.9621,216.303,0.744054,10.9621,216.289,            29P   1805
0.759867,10.9621,216.267,0.785636,10.9621,216.258,0.796206,           29P   1806
10.9621,216.249,0.806524,10.9621,216.287,0.850513,11.3679,            29P   1807
216.287,0.851329,11.3679,216.286,0.852447,11.3679,216.284,            29P   1808
0.853636,11.3679,216.282,0.854387,11.3679,216.28,0.854878,            29P   1809
11.3679,216.279,0.855026,11.3679,216.277,0.854913,11.3679,            29P   1810
216.276,0.854667,11.3679,216.274,0.854111,11.3679,216.273,            29P   1811
0.853498,11.3679,216.271,0.852619,11.3679,216.271,0.852031,           29P   1812
11.3679,216.27,0.851333,11.3679,216.269,0.850563,11.3679,             29P   1813
216.269,0.849594,11.3679,216.268,0.848364,11.3679,216.268,            29P   1814
0.847096,11.3679,216.267,0.845792,11.3679,216.267,0.84514,            29P   1815
11.3679,216.267,0.843698,11.3679,216.267,0.842114,11.3679,            29P   1816
216.268,0.840142,11.3679,216.268,0.839076,11.3679,216.269,            29P   1817
0.837741,11.3679,216.27,0.836755,11.3679,216.271,0.834921,            29P   1818
11.3679,216.271,0.834096,11.3679,216.272,0.832432,11.3679,            29P   1819
216.272,0.831582,11.3679,216.273,0.829908,11.3679,216.274,            29P   1820
0.829087,11.3679,216.274,0.82785,11.3679,216.274,0.827433,            29P   1821
11.3679,216.276,0.823726,11.3679,216.278,0.819552,11.3679,            29P   1822
216.281,0.814656,11.3679,216.282,0.812071,11.3679,216.284,            29P   1823
0.80947,11.3679,216.286,0.805876,11.3679,216.287,0.802452,            29P   1824
11.3679,216.289,0.799016,11.3679,216.291,0.796295,11.3679,            29P   1825
216.292,0.793332,11.3679,216.293,0.790795,11.3679,216.299,            29P   1826
0.780078,11.3679,216.305,0.769766,11.3679,216.31,0.759383,            29P   1827
11.3679,216.311,0.757211,11.3679,216.313,0.754833,11.3679,            29P   1828
216.314,0.751333,11.3679,216.316,0.747912,11.3679,216.318,            29P   1829
0.744329,11.3679,216.32,0.741229,11.3679,216.322,0.737607,            29P   1830
11.3679,216.324,0.734377,11.3679,216.333,0.717628,11.3679,            29P   1831
216.341,0.701855,11.3679,216.35,0.686354,11.3679,216.351,             29P   1832
0.68462,11.3679,216.352,0.682506,11.3679,216.354,0.679123,            29P   1833
11.3679,216.356,0.675722,11.3679,216.358,0.671961,11.3679,            29P   1834
216.36,0.668384,11.3679,216.362,0.663947,11.3679,216.365,             29P   1835
0.659881,11.3679,216.377,0.637405,11.3679,216.39,0.616303,            29P   1836
11.3679,216.402,0.595242,11.3679,216.403,0.593123,11.3679,            29P   1837
216.406,0.588875,11.3679,216.408,0.584145,11.3679,216.412,            29P   1838
0.578398,11.3679,216.415,0.573018,11.3679,216.418,0.56796,            29P   1839
11.3679,216.435,0.539921,11.3679,216.451,0.513433,11.3679,            29P   1840
216.467,0.487396,11.3679,216.469,0.484273,11.3679,216.471,            29P   1841
0.480908,11.3679,216.474,0.476752,11.3679,216.477,0.472034,           29P   1842
11.3679,216.481,0.465667,11.3679,216.485,0.459596,11.3679,            29P   1843
216.502,0.432598,11.3679,216.518,0.407662,11.3679,216.534,            29P   1844
0.383369,11.3679,216.537,0.379241,11.3679,216.54,0.374219,            29P   1845
11.3679,216.544,0.367459,11.3679,216.549,0.360191,11.3679,            29P   1846
216.554,0.353248,11.3679,216.571,0.327245,11.3679,216.587,            29P   1847
0.303801,11.3679,216.603,0.281176,11.3679,216.605,0.278246,           29P   1848
11.3679,216.608,0.274892,11.3679,216.611,0.270376,11.3679,            29P   1849
216.615,0.264725,11.3679,216.62,0.256718,11.3679,216.626,             29P   1850
0.249071,11.3679,216.643,0.224364,11.3679,216.659,0.202993,           29P   1851
11.3679,216.674,0.18247,11.3679,216.675,0.180828,11.3679,             29P   1852
216.677,0.177954,11.3679,216.68,0.174616,11.3679,216.683,             29P   1853
0.169995,11.3679,216.688,0.163981,11.3679,216.694,0.155353,           29P   1854
11.3679,216.7,0.14713,11.3679,216.718,0.123631,11.3679,216.734,       29P   1855
0.103527,11.3679,216.749,0.0843598,11.3679,216.75,0.0825345,          29P   1856
11.3679,216.752,0.0797353,11.3679,216.755,0.0763743,11.3679,          29P   1857
216.759,0.0716458,11.3679,216.763,0.0653461,11.3679,216.771,          29P   1858
0.0562422,11.3679,216.778,0.0475954,11.3679,216.795,0.0252486,        29P   1859
11.3679,216.811,0.00628709,11.3679,216.826,-0.011715,11.3679,         29P   1860
216.827,-0.0137532,11.3679,216.83,-0.0165527,11.3679,216.832,         29P   1861
-0.0199301,11.3679,216.836,-0.0247797,11.3679,216.842,-0.031328,      29P   1862
11.3679,216.85,-0.0408081,11.3679,216.857,-0.0497334,11.3679,         29P   1863
216.875,-0.0708681,11.3679,216.89,-0.0887897,11.3679,216.905,         29P   1864
-0.105705,11.3679,216.907,-0.108025,11.3679,216.909,-0.110811,        29P   1865
11.3679,216.912,-0.114232,11.3679,216.917,-0.119167,11.3679,          29P   1866
216.922,-0.125865,11.3679,216.931,-0.135562,11.3679,216.939,          29P   1867
-0.144624,11.3679,216.957,-0.164491,11.3679,216.972,-0.181379,        29P   1868
11.3679,216.987,-0.197299,11.3679,216.989,-0.199927,11.3679,          29P   1869
216.992,-0.202721,11.3679,216.995,-0.206181,11.3679,217.,             29P   1870
-0.211173,11.3679,217.006,-0.217975,11.3679,217.015,-0.227805,        29P   1871
11.3679,217.024,-0.236927,11.3679,217.041,-0.255623,11.3679,          29P   1872
217.056,-0.271624,11.3679,217.071,-0.286693,11.3679,217.074,          29P   1873
-0.289602,11.3679,217.076,-0.292413,11.3679,217.085,-0.301486,        29P   1874
11.3679,217.098,-0.31422,11.3679,217.11,-0.326781,11.3679,            29P   1875
217.128,-0.344448,11.3679,217.143,-0.359621,11.3679,217.158,          29P   1876
-0.373872,11.3679,217.161,-0.376964,11.3679,217.164,-0.379845,        29P   1877
11.3679,217.167,-0.383473,11.3679,217.173,-0.388656,11.3679,          29P   1878
217.18,-0.395513,11.3679,217.19,-0.40524,11.3679,217.199,             29P   1879
-0.414174,11.3679,217.217,-0.431003,11.3679,217.232,-0.445393,        29P   1880
11.3679,217.246,-0.458896,11.3679,217.25,-0.461987,11.3679,           29P   1881
217.253,-0.464959,11.3679,217.257,-0.468702,11.3679,217.263,          29P   1882
-0.47396,11.3679,217.27,-0.480753,11.3679,217.281,-0.490322,          29P   1883
11.3679,217.29,-0.499172,11.3679,217.308,-0.515537,11.3679,           29P   1884
217.324,-0.529214,11.3679,217.338,-0.541926,11.3679,217.341,          29P   1885
-0.544671,11.3679,217.344,-0.547726,11.3679,217.349,-0.551603,        29P   1886
11.3679,217.355,-0.556995,11.3679,217.363,-0.563729,11.3679,          29P   1887
217.373,-0.573108,11.3679,217.384,-0.581945,11.3679,217.397,          29P   1888
-0.593692,11.3679,217.407,-0.602278,11.3679,217.416,-0.609705,        29P   1889
11.3679,217.419,-0.611803,11.3679,217.422,-0.614903,11.3679,          29P   1890
217.427,-0.618923,11.3679,217.433,-0.6244,11.3679,217.441,            29P   1891
-0.631053,11.3679,217.453,-0.640239,11.3679,217.463,-0.64917,         29P   1892
11.3679,217.473,-0.656893,11.3679,217.478,-0.661155,11.3679,          29P   1893
217.482,-0.664211,11.3679,217.485,-0.667381,11.3679,217.491,          29P   1894
-0.67153,11.3679,217.497,-0.677117,11.3679,217.506,-0.683739,         29P   1895
11.3679,217.516,-0.692021,11.3679,217.524,-0.698859,11.3679,          29P   1896
217.529,-0.702938,11.3679,217.531,-0.704151,11.3679,217.534,          29P   1897
-0.706735,11.3679,217.539,-0.71059,11.3679,217.546,-0.716222,         29P   1898
11.3679,217.553,-0.721401,11.3679,217.557,-0.725124,11.3679,          29P   1899
217.56,-0.727214,11.3679,217.561,-0.727667,11.3679,217.562,           29P   1900
-0.728954,11.3679,217.563,-0.729772,11.3679,217.566,-0.73195,         29P   1901
11.3679,217.569,-0.73392,11.3679,217.571,-0.736076,11.3679,           29P   1902
217.572,-0.737353,11.3679,217.574,-0.738274,11.3679,217.576,          29P   1903
-0.739227,11.3679,217.578,-0.739533,11.3679,217.58,-0.739704,         29P   1904
11.3679,217.581,-0.739756,11.3679,217.583,-0.739598,11.3679,          29P   1905
217.585,-0.739241,11.3679,217.587,-0.738584,11.3679,217.589,          29P   1906
-0.737917,11.3679,217.59,-0.737158,11.3679,217.592,-0.736366,         29P   1907
11.3679,217.593,-0.735009,11.3679,217.595,-0.73375,11.3679,           29P   1908
217.596,-0.731835,11.3679,217.598,-0.729424,11.3679,217.598,          29P   1909
-0.727506,11.3679,217.599,-0.725653,11.3679,217.599,-0.723806,        29P   1910
11.3679,217.599,-0.721917,11.3679,217.599,-0.72022,11.3679,           29P   1911
217.599,-0.719504,11.3679,217.599,-0.717775,11.3679,217.599,          29P   1912
-0.716749,11.3679,217.598,-0.714531,11.3679,217.598,-0.713361,        29P   1913
11.3679,217.597,-0.711795,11.3679,217.596,-0.710914,11.3679,          29P   1914
217.595,-0.708912,11.3679,217.593,-0.707364,11.3679,217.59,           29P   1915
-0.705074,11.3679,217.588,-0.703493,11.3679,217.585,-0.700237,        29P   1916
11.3679,217.585,-0.699221,11.3679,217.583,-0.696744,11.3679,          29P   1917
217.58,-0.693854,11.3679,217.578,-0.691111,11.3679,217.576,           29P   1918
-0.689282,11.3679,217.575,-0.688144,11.3679,217.574,-0.686448,        29P   1919
11.3679,217.572,-0.684625,11.3679,217.57,-0.682549,11.3679,           29P   1920
217.568,-0.680026,11.3679,217.565,-0.677239,11.3679,217.564,          29P   1921
-0.675274,11.3679,217.562,-0.672966,11.3679,217.56,-0.670572,         29P   1922
11.3679,217.557,-0.66785,11.3679,217.554,-0.664395,11.3679,           29P   1923
217.55,-0.659189,11.3679,217.545,-0.654345,11.3679,217.541,           29P   1924
-0.649377,11.3679,217.538,-0.646294,11.3679,217.535,-0.642773,        29P   1925
11.3679,217.533,-0.640736,11.3679,217.532,-0.638697,11.3679,          29P   1926
217.53,-0.637091,11.3679,217.528,-0.635078,11.3679,217.527,           29P   1927
-0.633354,11.3679,217.524,-0.629453,11.3679,217.521,-0.626442,        29P   1928
11.3679,217.516,-0.621034,11.3679,217.511,-0.615292,11.3679,          29P   1929
217.504,-0.607709,11.3679,217.494,-0.596419,11.3679,217.486,          29P   1930
-0.587381,11.3679,217.48,-0.579639,11.3679,217.476,-0.576004,         29P   1931
11.3679,217.472,-0.570772,11.3679,217.465,-0.563127,11.3679,          29P   1932
217.457,-0.553851,11.3679,217.445,-0.540266,11.3679,217.431,          29P   1933
-0.524371,11.3679,217.42,-0.511813,11.3679,217.414,-0.504947,         29P   1934
11.3679,217.412,-0.502948,11.3679,217.409,-0.499274,11.3679,          29P   1935
217.406,-0.495742,11.3679,217.402,-0.491257,11.3679,217.398,          29P   1936
-0.486568,11.3679,217.391,-0.478507,11.3679,217.381,-0.466727,        29P   1937
11.3679,217.368,-0.452246,11.3679,217.352,-0.433556,11.3679,          29P   1938
217.34,-0.419887,11.3679,217.332,-0.410898,11.3679,217.329,           29P   1939
-0.407333,11.3679,217.326,-0.403901,11.3679,217.322,-0.399651,        29P   1940
11.3679,217.318,-0.395431,11.3679,217.312,-0.388428,11.3679,          29P   1941
217.303,-0.378405,11.3679,217.292,-0.365716,11.3679,217.275,          29P   1942
-0.345827,11.3679,217.261,-0.330111,11.3679,217.251,-0.318736,        29P   1943
11.3679,217.248,-0.315272,11.3679,217.244,-0.310554,11.3679,          29P   1944
217.239,-0.304461,11.3679,217.233,-0.298156,11.3679,217.226,          29P   1945
-0.28971,11.3679,217.216,-0.278777,11.3679,217.198,-0.25807,          29P   1946
11.3679,217.183,-0.240826,11.3679,217.172,-0.227773,11.3679,          29P   1947
217.17,-0.226349,11.3679,217.168,-0.223439,11.3679,217.165,           29P   1948
-0.220523,11.3679,217.162,-0.216805,11.3679,217.159,-0.213076,        29P   1949
11.3679,217.154,-0.207693,11.3679,217.148,-0.200709,11.3679,          29P   1950
217.14,-0.191506,11.3679,217.121,-0.169795,11.3679,217.105,           29P   1951
-0.150749,11.3679,217.091,-0.135367,11.3679,217.089,-0.132656,        29P   1952
11.3679,217.086,-0.129512,11.3679,217.082,-0.125379,11.3679,          29P   1953
217.079,-0.121609,11.3679,217.073,-0.114583,11.3679,217.065,          29P   1954
-0.105396,11.3679,217.044,-0.0810021,11.3679,217.026,-0.0602093,      29P   1955
11.3679,217.011,-0.0425622,11.3679,217.01,-0.0410466,11.3679,         29P   1956
217.008,-0.0393696,11.3679,217.006,-0.0367534,11.3679,217.003,        29P   1957
-0.0335977,11.3679,217.,-0.0297994,11.3679,216.997,-0.0259991,        29P   1958
11.3679,216.993,-0.0214849,11.3679,216.987,-0.0152983,11.3679,        29P   1959
216.967,0.00842048,11.3679,216.948,0.0308178,11.3679,216.931,         29P   1960
0.050581,11.3679,216.93,0.0521124,11.3679,216.927,0.0548416,          29P   1961
11.3679,216.924,0.0582955,11.3679,216.92,0.0631888,11.3679,           29P   1962
216.916,0.0677473,11.3679,216.911,0.0737463,11.3679,216.89,           29P   1963
0.0983881,11.3679,216.869,0.122247,11.3679,216.851,0.143983,          29P   1964
11.3679,216.85,0.145183,11.3679,216.849,0.146056,11.3679,             29P   1965
216.847,0.148235,11.3679,216.845,0.151065,11.3679,216.842,            29P   1966
0.154477,11.3679,216.84,0.15699,11.3679,216.838,0.1596,11.3679,       29P   1967
216.835,0.163414,11.3679,216.813,0.189105,11.3679,216.792,            29P   1968
0.214547,11.3679,216.772,0.238712,11.3679,216.769,0.241612,           29P   1969
11.3679,216.767,0.244611,11.3679,216.764,0.247528,11.3679,            29P   1970
216.763,0.249493,11.3679,216.761,0.251375,11.3679,216.759,            29P   1971
0.254192,11.3679,216.736,0.280891,11.3679,216.714,0.307353,           29P   1972
11.3679,216.694,0.332705,11.3679,216.692,0.334071,11.3679,            29P   1973
216.691,0.336233,11.3679,216.689,0.338544,11.3679,216.687,            29P   1974
0.340958,11.3679,216.685,0.342815,11.3679,216.683,0.345334,           29P   1975
11.3679,216.66,0.373313,11.3679,216.637,0.401538,11.3679,             29P   1976
216.615,0.428977,11.3679,216.613,0.431251,11.3679,216.612,            29P   1977
0.433153,11.3679,216.61,0.435042,11.3679,216.609,0.436257,            29P   1978
11.3679,216.608,0.437949,11.3679,216.584,0.466853,11.3679,            29P   1979
216.561,0.496255,11.3679,216.538,0.525071,11.3679,216.537,            29P   1980
0.526949,11.3679,216.536,0.528443,11.3679,216.534,0.529969,           29P   1981
11.3679,216.533,0.531349,11.3679,216.509,0.561461,11.3679,            29P   1982
216.485,0.591672,11.3679,216.462,0.621766,11.3679,216.461,            29P   1983
0.623169,11.3679,216.46,0.624456,11.3679,216.459,0.625847,            29P   1984
11.3679,216.439,0.651402,11.3679,216.419,0.677433,11.3679,            29P   1985
216.399,0.703395,11.3679,216.397,0.704937,11.3679,216.381,            29P   1986
0.726145,11.3679,216.365,0.747428,11.3679,216.349,0.768707,           29P   1987
11.3679,216.336,0.785153,11.3679,216.324,0.801535,11.3679,            29P   1988
216.304,0.828519,11.3679,216.295,0.839669,11.3679,216.287,            29P   1989
0.850513,11.3679,216.324,0.885293,11.7654,216.323,0.886458,           29P   1990
11.7654,216.322,0.887775,11.7654,216.32,0.888833,11.7654,             29P   1991
216.318,0.889334,11.7654,216.316,0.889491,11.7654,216.315,            29P   1992
0.889517,11.7654,216.314,0.889318,11.7654,216.312,0.889039,           29P   1993
11.7654,216.311,0.888301,11.7654,216.31,0.887408,11.7654,             29P   1994
216.309,0.88635,11.7654,216.308,0.88566,11.7654,216.307,              29P   1995
0.884875,11.7654,216.307,0.883924,11.7654,216.307,0.882728,           29P   1996
11.7654,216.306,0.881142,11.7654,216.306,0.879036,11.7654,            29P   1997
216.306,0.877262,11.7654,216.307,0.876716,11.7654,216.307,            29P   1998
0.875804,11.7654,216.308,0.874868,11.7654,216.309,0.87297,            29P   1999
11.7654,216.31,0.871363,11.7654,216.31,0.869974,11.7654,216.311,      29P   2000
0.869552,11.7654,216.311,0.868326,11.7654,216.312,0.867518,           29P   2001
11.7654,216.312,0.865865,11.7654,216.313,0.865023,11.7654,            29P   2002
216.314,0.86337,11.7654,216.314,0.862559,11.7654,216.315,             29P   2003
0.861335,11.7654,216.315,0.860923,11.7654,216.317,0.857253,           29P   2004
11.7654,216.319,0.853121,11.7654,216.321,0.848273,11.7654,            29P   2005
216.323,0.845714,11.7654,216.324,0.843138,11.7654,216.326,            29P   2006
0.839579,11.7654,216.328,0.836188,11.7654,216.329,0.832785,           29P   2007
11.7654,216.331,0.83009,11.7654,216.332,0.827154,11.7654,             29P   2008
216.334,0.824642,11.7654,216.339,0.814023,11.7654,216.345,            29P   2009
0.803802,11.7654,216.35,0.793503,11.7654,216.351,0.791348,            29P   2010
11.7654,216.352,0.788989,11.7654,216.354,0.785517,11.7654,            29P   2011
216.356,0.782121,11.7654,216.358,0.778565,11.7654,216.359,            29P   2012
0.775487,11.7654,216.361,0.771891,11.7654,216.363,0.768684,           29P   2013
11.7654,216.372,0.752051,11.7654,216.38,0.736374,11.7654,             29P   2014
216.389,0.720962,11.7654,216.39,0.719238,11.7654,216.391,             29P   2015
0.717137,11.7654,216.393,0.713773,11.7654,216.394,0.710391,           29P   2016
11.7654,216.396,0.706651,11.7654,216.398,0.703093,11.7654,            29P   2017
216.401,0.69868,11.7654,216.403,0.694635,11.7654,216.415,             29P   2018
0.672254,11.7654,216.427,0.651237,11.7654,216.439,0.630216,           29P   2019
11.7654,216.44,0.628101,11.7654,216.443,0.62388,11.7654,216.445,      29P   2020
0.619156,11.7654,216.449,0.613413,11.7654,216.452,0.608035,           29P   2021
11.7654,216.454,0.602977,11.7654,216.47,0.574927,11.7654,             29P   2022
216.486,0.548366,11.7654,216.501,0.522238,11.7654,216.503,            29P   2023
0.519107,11.7654,216.505,0.515729,11.7654,216.507,0.511558,           29P   2024
11.7654,216.51,0.506823,11.7654,216.514,0.500431,11.7654,             29P   2025
216.518,0.494335,11.7654,216.534,0.467233,11.7654,216.549,            29P   2026
0.442166,11.7654,216.564,0.417691,11.7654,216.567,0.413522,           29P   2027
11.7654,216.57,0.408461,11.7654,216.574,0.401644,11.7654,             29P   2028
216.579,0.394314,11.7654,216.583,0.387305,11.7654,216.6,              29P   2029
0.361067,11.7654,216.615,0.337352,11.7654,216.629,0.314436,           29P   2030
11.7654,216.631,0.311453,11.7654,216.634,0.308055,11.7654,            29P   2031
216.637,0.30348,11.7654,216.64,0.297753,11.7654,216.646,              29P   2032
0.289636,11.7654,216.651,0.281879,11.7654,216.667,0.256829,           29P   2033
11.7654,216.681,0.235099,11.7654,216.696,0.214159,11.7654,            29P   2034
216.697,0.212484,11.7654,216.699,0.209529,11.7654,216.701,            29P   2035
0.206121,11.7654,216.704,0.2014,11.7654,216.708,0.195253,             29P   2036
11.7654,216.714,0.186427,11.7654,216.72,0.178006,11.7654,             29P   2037
216.736,0.153942,11.7654,216.75,0.133282,11.7654,216.764,             29P   2038
0.113556,11.7654,216.765,0.111677,11.7654,216.767,0.108777,           29P   2039
11.7654,216.77,0.105317,11.7654,216.773,0.100448,11.7654,             29P   2040
216.778,0.0939595,11.7654,216.784,0.0845795,11.7654,216.791,          29P   2041
0.0756659,11.7654,216.807,0.052641,11.7654,216.821,0.033061,          29P   2042
11.7654,216.835,0.0144467,11.7654,216.836,0.012339,11.7654,           29P   2043
216.838,0.00942229,11.7654,216.841,0.00592878,11.7654,216.845,        29P   2044
0.000911479,11.7654,216.85,-0.00586513,11.7654,216.857,               29P   2045
-0.0156803,11.7654,216.864,-0.0249277,11.7654,216.88,-0.0468208,      29P   2046
11.7654,216.894,-0.0654377,11.7654,216.907,-0.0830598,11.7654,        29P   2047
216.909,-0.0854775,11.7654,216.911,-0.0883997,11.7654,216.914,        29P   2048
-0.0919669,11.7654,216.918,-0.0971162,11.7654,216.923,-0.104109,      29P   2049
11.7654,216.931,-0.114243,11.7654,216.938,-0.123726,11.7654,          29P   2050
216.954,-0.144521,11.7654,216.968,-0.16226,11.7654,216.982,           29P   2051
-0.179024,11.7654,216.984,-0.181793,11.7654,216.986,-0.184755,        29P   2052
11.7654,216.989,-0.1884,11.7654,216.993,-0.193664,11.7654,            29P   2053
216.999,-0.20084,11.7654,217.007,-0.211216,11.7654,217.015,           29P   2054
-0.220856,11.7654,217.031,-0.240615,11.7654,217.044,-0.25757,         29P   2055
11.7654,217.058,-0.273567,11.7654,217.06,-0.276657,11.7654,           29P   2056
217.063,-0.279656,11.7654,217.07,-0.289294,11.7654,217.082,           29P   2057
-0.302839,11.7654,217.093,-0.316223,11.7654,217.109,-0.335056,        29P   2058
11.7654,217.122,-0.351272,11.7654,217.135,-0.366546,11.7654,          29P   2059
217.138,-0.369862,11.7654,217.141,-0.372961,11.7654,217.144,          29P   2060
-0.376854,11.7654,217.149,-0.382419,11.7654,217.155,-0.389785,        29P   2061
11.7654,217.164,-0.400247,11.7654,217.173,-0.40987,11.7654,           29P   2062
217.189,-0.428006,11.7654,217.202,-0.443557,11.7654,217.215,          29P   2063
-0.458184,11.7654,217.218,-0.461534,11.7654,217.221,-0.464765,        29P   2064
11.7654,217.225,-0.468824,11.7654,217.23,-0.474529,11.7654,           29P   2065
217.236,-0.481906,11.7654,217.246,-0.492305,11.7654,217.254,          29P   2066
-0.501938,11.7654,217.27,-0.519761,11.7654,217.284,-0.534695,         29P   2067
11.7654,217.297,-0.548606,11.7654,217.3,-0.551611,11.7654,            29P   2068
217.303,-0.554962,11.7654,217.307,-0.559209,11.7654,217.312,          29P   2069
-0.56512,11.7654,217.319,-0.572506,11.7654,217.329,-0.582807,         29P   2070
11.7654,217.338,-0.59253,11.7654,217.35,-0.605472,11.7654,            29P   2071
217.359,-0.614959,11.7654,217.367,-0.623187,11.7654,217.369,          29P   2072
-0.625513,11.7654,217.372,-0.628956,11.7654,217.376,-0.633419,        29P   2073
11.7654,217.382,-0.639507,11.7654,217.389,-0.646912,11.7654,          29P   2074
217.399,-0.657148,11.7654,217.408,-0.667108,11.7654,217.417,          29P   2075
-0.675709,11.7654,217.421,-0.680459,11.7654,217.425,-0.683863,        29P   2076
11.7654,217.428,-0.687403,11.7654,217.433,-0.692021,11.7654,          29P   2077
217.439,-0.698236,11.7654,217.446,-0.705605,11.7654,217.455,          29P   2078
-0.714823,11.7654,217.462,-0.722189,11.7654,217.467,-0.726667,        29P   2079
11.7654,217.468,-0.72802,11.7654,217.471,-0.730892,11.7654,           29P   2080
217.475,-0.735247,11.7654,217.481,-0.741637,11.7654,217.487,          29P   2081
-0.747666,11.7654,217.491,-0.751779,11.7654,217.494,-0.754111,        29P   2082
11.7654,217.494,-0.754626,11.7654,217.496,-0.756038,11.7654,          29P   2083
217.497,-0.757025,11.7654,217.499,-0.760075,11.7654,217.502,          29P   2084
-0.762288,11.7654,217.505,-0.763377,11.7654,217.507,-0.763798,        29P   2085
11.7654,217.509,-0.764041,11.7654,217.511,-0.7641,11.7654,            29P   2086
217.513,-0.76395,11.7654,217.514,-0.763625,11.7654,217.516,           29P   2087
-0.763224,11.7654,217.518,-0.76247,11.7654,217.52,-0.76154,           29P   2088
11.7654,217.521,-0.760416,11.7654,217.522,-0.759491,11.7654,          29P   2089
217.524,-0.758337,11.7654,217.524,-0.757226,11.7654,217.526,          29P   2090
-0.755398,11.7654,217.527,-0.753785,11.7654,217.527,-0.751516,        29P   2091
11.7654,217.528,-0.748852,11.7654,217.528,-0.746993,11.7654,          29P   2092
217.528,-0.745153,11.7654,217.528,-0.743338,11.7654,217.527,          29P   2093
-0.74157,11.7654,217.527,-0.740022,11.7654,217.526,-0.739359,         29P   2094
11.7654,217.526,-0.737834,11.7654,217.525,-0.737082,11.7654,          29P   2095
217.524,-0.735606,11.7654,217.523,-0.734788,11.7654,217.522,          29P   2096
-0.733639,11.7654,217.522,-0.73298,11.7654,217.52,-0.731421,          29P   2097
11.7654,217.519,-0.730183,11.7654,217.517,-0.726603,11.7654,          29P   2098
217.515,-0.723988,11.7654,217.512,-0.720585,11.7654,217.511,          29P   2099
-0.719692,11.7654,217.51,-0.717397,11.7654,217.507,-0.71458,          29P   2100
11.7654,217.505,-0.71174,11.7654,217.504,-0.709606,11.7654,           29P   2101
217.503,-0.708321,11.7654,217.501,-0.706499,11.7654,217.5,            29P   2102
-0.704532,11.7654,217.498,-0.70256,11.7654,217.496,-0.699899,         29P   2103
11.7654,217.494,-0.696994,11.7654,217.492,-0.694974,11.7654,          29P   2104
217.49,-0.692622,11.7654,217.488,-0.69018,11.7654,217.486,            29P   2105
-0.6874,11.7654,217.483,-0.683866,11.7654,217.479,-0.678531,          29P   2106
11.7654,217.475,-0.67353,11.7654,217.471,-0.668368,11.7654,           29P   2107
217.469,-0.665182,11.7654,217.466,-0.66153,11.7654,217.464,           29P   2108
-0.659417,11.7654,217.463,-0.657288,11.7654,217.461,-0.655625,        29P   2109
11.7654,217.46,-0.653541,11.7654,217.458,-0.651755,11.7654,           29P   2110
217.455,-0.647714,11.7654,217.453,-0.644593,11.7654,217.448,          29P   2111
-0.638985,11.7654,217.444,-0.63303,11.7654,217.437,-0.625162,         29P   2112
11.7654,217.428,-0.613471,11.7654,217.421,-0.603993,11.7654,          29P   2113
217.415,-0.595931,11.7654,217.412,-0.592126,11.7654,217.408,          29P   2114
-0.586698,11.7654,217.401,-0.578784,11.7654,217.394,-0.569189,        29P   2115
11.7654,217.383,-0.555305,11.7654,217.37,-0.538882,11.7654,           29P   2116
217.36,-0.525904,11.7654,217.354,-0.518806,11.7654,217.353,           29P   2117
-0.516739,11.7654,217.35,-0.512939,11.7654,217.347,-0.509286,         29P   2118
11.7654,217.343,-0.504645,11.7654,217.34,-0.499792,11.7654,           29P   2119
217.333,-0.491447,11.7654,217.324,-0.479244,11.7654,217.312,          29P   2120
-0.464232,11.7654,217.297,-0.444831,11.7654,217.286,-0.430643,        29P   2121
11.7654,217.279,-0.421312,11.7654,217.276,-0.417626,11.7654,          29P   2122
217.273,-0.414063,11.7654,217.27,-0.409651,11.7654,217.266,           29P   2123
-0.405269,11.7654,217.261,-0.397999,11.7654,217.252,-0.387594,        29P   2124
11.7654,217.242,-0.374421,11.7654,217.226,-0.353746,11.7654,          29P   2125
217.214,-0.337434,11.7654,217.205,-0.32563,11.7654,217.202,           29P   2126
-0.322064,11.7654,217.198,-0.317169,11.7654,217.193,-0.310847,        29P   2127
11.7654,217.188,-0.304307,11.7654,217.181,-0.295545,11.7654,          29P   2128
217.173,-0.284204,11.7654,217.156,-0.262723,11.7654,217.142,          29P   2129
-0.244833,11.7654,217.132,-0.231285,11.7654,217.131,-0.229806,        29P   2130
11.7654,217.128,-0.226786,11.7654,217.126,-0.223759,11.7654,          29P   2131
217.123,-0.219899,11.7654,217.12,-0.216027,11.7654,217.116,           29P   2132
-0.210437,11.7654,217.11,-0.203184,11.7654,217.103,-0.193626,         29P   2133
11.7654,217.085,-0.171072,11.7654,217.07,-0.151288,11.7654,           29P   2134
217.058,-0.135319,11.7654,217.056,-0.132506,11.7654,217.053,          29P   2135
-0.129243,11.7654,217.05,-0.124952,11.7654,217.047,-0.121041,         29P   2136
11.7654,217.041,-0.113751,11.7654,217.034,-0.104222,11.7654,          29P   2137
217.015,-0.0789245,11.7654,216.998,-0.0573761,11.7654,216.984,        29P   2138
-0.0390898,11.7654,216.983,-0.0375193,11.7654,216.982,                29P   2139
-0.0357816,11.7654,216.979,-0.0330707,11.7654,216.977,                29P   2140
-0.0298007,11.7654,216.974,-0.0258649,11.7654,216.971,                29P   2141
-0.0219271,11.7654,216.967,-0.0172495,11.7654,216.963,                29P   2142
-0.0108391,11.7654,216.944,0.0137384,11.7654,216.926,0.0369503,       29P   2143
11.7654,216.911,0.0574457,11.7654,216.909,0.059036,11.7654,           29P   2144
216.907,0.0618666,11.7654,216.904,0.0654489,11.7654,216.901,          29P   2145
0.0705228,11.7654,216.897,0.0752521,11.7654,216.892,0.0814767,        29P   2146
11.7654,216.873,0.107048,11.7654,216.854,0.131817,11.7654,            29P   2147
216.837,0.15435,11.7654,216.836,0.155594,11.7654,216.836,             29P   2148
0.156499,11.7654,216.834,0.158758,11.7654,216.832,0.161691,           29P   2149
11.7654,216.829,0.165226,11.7654,216.827,0.167829,11.7654,            29P   2150
216.825,0.170533,11.7654,216.822,0.174483,11.7654,216.802,            29P   2151
0.20109,11.7654,216.783,0.227409,11.7654,216.764,0.25246,             29P   2152
11.7654,216.762,0.255467,11.7654,216.76,0.258575,11.7654,             29P   2153
216.758,0.261601,11.7654,216.756,0.26364,11.7654,216.755,             29P   2154
0.265592,11.7654,216.753,0.268515,11.7654,216.732,0.296135,           29P   2155
11.7654,216.713,0.323655,11.7654,216.694,0.349969,11.7654,            29P   2156
216.692,0.351387,11.7654,216.691,0.353631,11.7654,216.689,            29P   2157
0.356125,11.7654,216.687,0.358629,11.7654,216.686,0.360556,           29P   2158
11.7654,216.684,0.363169,11.7654,216.663,0.392111,11.7654,            29P   2159
216.642,0.421316,11.7654,216.622,0.449674,11.7654,216.62,             29P   2160
0.452022,11.7654,216.619,0.454065,11.7654,216.617,0.456017,           29P   2161
11.7654,216.616,0.457272,11.7654,216.615,0.459021,11.7654,            29P   2162
216.594,0.488835,11.7654,216.572,0.519189,11.7654,216.552,            29P   2163
0.548992,11.7654,216.55,0.550935,11.7654,216.549,0.552547,            29P   2164
11.7654,216.548,0.554124,11.7654,216.547,0.555553,11.7654,            29P   2165
216.525,0.586863,11.7654,216.504,0.618179,11.7654,216.482,            29P   2166
0.649216,11.7654,216.481,0.650666,11.7654,216.48,0.651993,            29P   2167
11.7654,216.48,0.653146,11.7654,216.461,0.679592,11.7654,             29P   2168
216.443,0.706484,11.7654,216.425,0.733432,11.7654,216.424,            29P   2169
0.735033,11.7654,216.409,0.757024,11.7654,216.394,0.779028,           29P   2170
11.7654,216.38,0.800952,11.7654,216.368,0.817895,11.7654,             29P   2171
216.357,0.834828,11.7654,216.339,0.862561,11.7654,216.331,            29P   2172
0.873977,11.7654,216.324,0.885293,11.7654,216.356,0.921774,           29P   2173
12.159,216.356,0.922571,12.159,216.355,0.923757,12.159,216.353,       29P   2174
0.924955,12.159,216.351,0.925624,12.159,216.349,0.925817,12.159,      29P   2175
216.347,0.925358,12.159,216.345,0.924727,12.159,216.344,              29P   2176
0.924018,12.159,216.343,0.92281,12.159,216.342,0.921782,12.159,       29P   2177
216.342,0.920459,12.159,216.342,0.919672,12.159,216.341,              29P   2178
0.918837,12.159,216.341,0.917954,12.159,216.341,0.916898,12.159,      29P   2179
216.341,0.915728,12.159,216.342,0.914881,12.159,216.342,              29P   2180
0.913798,12.159,216.343,0.912922,12.159,216.344,0.911376,12.159,      29P   2181
216.344,0.910038,12.159,216.345,0.907833,12.159,216.346,              29P   2182
0.906314,12.159,216.347,0.904934,12.159,216.347,0.904421,12.159,      29P   2183
216.348,0.903096,12.159,216.348,0.902286,12.159,216.349,              29P   2184
0.900633,12.159,216.349,0.899789,12.159,216.35,0.898133,12.159,       29P   2185
216.35,0.897321,12.159,216.351,0.896096,12.159,216.351,0.895683,      29P   2186
12.159,216.353,0.892009,12.159,216.355,0.887872,12.159,216.357,       29P   2187
0.883019,12.159,216.359,0.880457,12.159,216.36,0.877878,12.159,       29P   2188
216.362,0.874316,12.159,216.363,0.870922,12.159,216.365,              29P   2189
0.867516,12.159,216.366,0.864818,12.159,216.368,0.86188,12.159,       29P   2190
216.369,0.859365,12.159,216.374,0.848738,12.159,216.38,0.838508,      29P   2191
12.159,216.385,0.828199,12.159,216.386,0.826043,12.159,216.387,       29P   2192
0.823681,12.159,216.389,0.820205,12.159,216.39,0.816806,12.159,       29P   2193
216.392,0.813246,12.159,216.394,0.810166,12.159,216.396,              29P   2194
0.806566,12.159,216.397,0.803356,12.159,216.406,0.786703,12.159,      29P   2195
216.414,0.771,12.159,216.422,0.755545,12.159,216.423,0.753816,        29P   2196
12.159,216.424,0.751708,12.159,216.425,0.748334,12.159,216.427,       29P   2197
0.744941,12.159,216.429,0.741187,12.159,216.431,0.737616,12.159,      29P   2198
216.433,0.733186,12.159,216.435,0.729124,12.159,216.447,              29P   2199
0.706694,12.159,216.458,0.68556,12.159,216.469,0.664424,12.159,       29P   2200
216.47,0.662297,12.159,216.473,0.658004,12.159,216.475,0.653254,      29P   2201
12.159,216.478,0.647481,12.159,216.481,0.642075,12.159,216.484,       29P   2202
0.63699,12.159,216.499,0.608796,12.159,216.514,0.58209,12.159,        29P   2203
216.528,0.555774,12.159,216.53,0.552614,12.159,216.532,0.549211,      29P   2204
12.159,216.534,0.545008,12.159,216.537,0.540235,12.159,216.54,        29P   2205
0.533791,12.159,216.544,0.527644,12.159,216.559,0.500284,12.159,      29P   2206
216.573,0.474955,12.159,216.588,0.450192,12.159,216.59,0.445995,      29P   2207
12.159,216.593,0.440872,12.159,216.597,0.433972,12.159,216.601,       29P   2208
0.426549,12.159,216.605,0.41945,12.159,216.621,0.392833,12.159,       29P   2209
216.635,0.368774,12.159,216.648,0.345492,12.159,216.65,0.342495,      29P   2210
12.159,216.652,0.339042,12.159,216.655,0.334392,12.159,216.658,       29P   2211
0.328569,12.159,216.663,0.320315,12.159,216.668,0.312425,12.159,      29P   2212
216.683,0.286892,12.159,216.697,0.264762,12.159,216.71,0.243443,      29P   2213
12.159,216.711,0.241737,12.159,216.713,0.238776,12.159,216.715,       29P   2214
0.235307,12.159,216.718,0.2305,12.159,216.721,0.224242,12.159,        29P   2215
216.727,0.215256,12.159,216.732,0.206682,12.159,216.748,              29P   2216
0.182133,12.159,216.761,0.161078,12.159,216.773,0.140935,12.159,      29P   2217
216.775,0.139016,12.159,216.776,0.136098,12.159,216.779,              29P   2218
0.132562,12.159,216.782,0.127586,12.159,216.786,0.120953,12.159,      29P   2219
216.792,0.111358,12.159,216.798,0.102233,12.159,216.813,              29P   2220
0.0786011,12.159,216.826,0.0585087,12.159,216.838,0.0393839,          29P   2221
12.159,216.84,0.0372181,12.159,216.842,0.0342707,12.159,216.844,      29P   2222
0.0306801,12.159,216.847,0.0255222,12.159,216.852,0.0185538,          29P   2223
12.159,216.859,0.00845661,12.159,216.865,-0.00106236,12.159,          29P   2224
216.88,-0.0236525,12.159,216.893,-0.0428559,12.159,216.905,           29P   2225
-0.0610606,12.159,216.907,-0.0635586,12.159,216.909,-0.0665334,       29P   2226
12.159,216.911,-0.0702204,12.159,216.915,-0.075544,12.159,            29P   2227
216.92,-0.0827751,12.159,216.927,-0.0932595,12.159,216.933,           29P   2228
-0.103076,12.159,216.948,-0.124646,12.159,216.961,-0.143029,          29P   2229
12.159,216.973,-0.160396,12.159,216.975,-0.163263,12.159,             29P   2230
216.977,-0.16629,12.159,216.979,-0.170067,12.159,216.983,             29P   2231
-0.17552,12.159,216.989,-0.182952,12.159,216.996,-0.193703,           29P   2232
12.159,217.003,-0.203694,12.159,217.018,-0.224212,12.159,217.03,      29P   2233
-0.241817,12.159,217.042,-0.258466,12.159,217.045,-0.261683,          29P   2234
12.159,217.047,-0.264775,12.159,217.054,-0.274817,12.159,             29P   2235
217.064,-0.288952,12.159,217.074,-0.30294,12.159,217.089,             29P   2236
-0.322657,12.159,217.101,-0.339643,12.159,217.113,-0.355646,          29P   2237
12.159,217.116,-0.35912,12.159,217.118,-0.362344,12.159,217.121,      29P   2238
-0.366423,12.159,217.125,-0.372255,12.159,217.131,-0.379975,          29P   2239
12.159,217.139,-0.390942,12.159,217.147,-0.401034,12.159,             29P   2240
217.161,-0.420082,12.159,217.174,-0.436418,12.159,217.186,            29P   2241
-0.45181,12.159,217.188,-0.455337,12.159,217.191,-0.458717,           29P   2242
12.159,217.194,-0.462992,12.159,217.199,-0.469004,12.159,             29P   2243
217.205,-0.476781,12.159,217.213,-0.487755,12.159,217.221,            29P   2244
-0.49793,12.159,217.236,-0.516784,12.159,217.248,-0.532599,           29P   2245
12.159,217.26,-0.54735,12.159,217.262,-0.550537,12.159,217.265,       29P   2246
-0.554079,12.159,217.268,-0.558586,12.159,217.273,-0.56486,           29P   2247
12.159,217.279,-0.572703,12.159,217.288,-0.583646,12.159,             29P   2248
217.296,-0.593981,12.159,217.307,-0.607752,12.159,217.315,            29P   2249
-0.617843,12.159,217.322,-0.626595,12.159,217.324,-0.629069,          29P   2250
12.159,217.327,-0.632719,12.159,217.331,-0.637466,12.159,             29P   2251
217.336,-0.643944,12.159,217.343,-0.651827,12.159,217.352,            29P   2252
-0.662735,12.159,217.36,-0.673371,12.159,217.368,-0.682604,           29P   2253
12.159,217.372,-0.6877,12.159,217.375,-0.691357,12.159,217.378,       29P   2254
-0.69514,12.159,217.382,-0.700112,12.159,217.388,-0.706812,           29P   2255
12.159,217.394,-0.714762,12.159,217.402,-0.724738,12.159,             29P   2256
217.409,-0.732714,12.159,217.413,-0.737542,12.159,217.414,            29P   2257
-0.738968,12.159,217.416,-0.742055,12.159,217.42,-0.746716,           29P   2258
12.159,217.426,-0.753546,12.159,217.432,-0.760194,12.159,             29P   2259
217.435,-0.764806,12.159,217.438,-0.767366,12.159,217.438,            29P   2260
-0.767911,12.159,217.439,-0.769523,12.159,217.44,-0.770442,           29P   2261
12.159,217.443,-0.772406,12.159,217.446,-0.773638,12.159,             29P   2262
217.449,-0.774183,12.159,217.451,-0.774389,12.159,217.452,            29P   2263
-0.774375,12.159,217.455,-0.773945,12.159,217.457,-0.773519,          29P   2264
12.159,217.458,-0.772943,12.159,217.459,-0.772423,12.159,             29P   2265
217.461,-0.771457,12.159,217.463,-0.770246,12.159,217.464,            29P   2266
-0.768726,12.159,217.465,-0.767355,12.159,217.466,-0.766015,          29P   2267
12.159,217.467,-0.764758,12.159,217.468,-0.76287,12.159,217.468,      29P   2268
-0.761219,12.159,217.469,-0.75887,12.159,217.469,-0.756218,           29P   2269
12.159,217.468,-0.75414,12.159,217.468,-0.752359,12.159,217.467,      29P   2270
-0.750685,12.159,217.467,-0.74912,12.159,217.466,-0.747801,           29P   2271
12.159,217.465,-0.747299,12.159,217.465,-0.746098,12.159,             29P   2272
217.464,-0.745272,12.159,217.463,-0.743541,12.159,217.462,            29P   2273
-0.742631,12.159,217.461,-0.741375,12.159,217.461,-0.740661,          29P   2274
12.159,217.459,-0.738987,12.159,217.458,-0.737663,12.159,             29P   2275
217.456,-0.734199,12.159,217.454,-0.731685,12.159,217.452,            29P   2276
-0.728213,12.159,217.451,-0.727275,12.159,217.449,-0.724886,          29P   2277
12.159,217.447,-0.72198,12.159,217.445,-0.719078,12.159,217.444,      29P   2278
-0.717273,12.159,217.443,-0.716101,12.159,217.442,-0.714249,          29P   2279
12.159,217.44,-0.71229,12.159,217.438,-0.709741,12.159,217.436,       29P   2280
-0.707028,12.159,217.434,-0.704061,12.159,217.433,-0.701995,          29P   2281
12.159,217.431,-0.699583,12.159,217.429,-0.69708,12.159,217.427,      29P   2282
-0.694229,12.159,217.425,-0.690607,12.159,217.421,-0.685139,          29P   2283
12.159,217.417,-0.680019,12.159,217.413,-0.67474,12.159,217.411,      29P   2284
-0.671444,12.159,217.408,-0.667707,12.159,217.406,-0.665545,          29P   2285
12.159,217.405,-0.663404,12.159,217.404,-0.661702,12.159,             29P   2286
217.402,-0.659569,12.159,217.401,-0.657742,12.159,217.398,            29P   2287
-0.653608,12.159,217.396,-0.650415,12.159,217.392,-0.644679,          29P   2288
12.159,217.387,-0.638588,12.159,217.381,-0.630541,12.159,             29P   2289
217.373,-0.618524,12.159,217.366,-0.608839,12.159,217.36,             29P   2290
-0.600587,12.159,217.357,-0.596748,12.159,217.353,-0.591186,          29P   2291
12.159,217.347,-0.583071,12.159,217.34,-0.573227,12.159,217.33,       29P   2292
-0.558951,12.159,217.318,-0.542087,12.159,217.309,-0.528764,          29P   2293
12.159,217.304,-0.52148,12.159,217.302,-0.51936,12.159,217.299,       29P   2294
-0.515463,12.159,217.297,-0.511715,12.159,217.293,-0.506957,          29P   2295
12.159,217.29,-0.501981,12.159,217.284,-0.493427,12.159,217.275,      29P   2296
-0.480922,12.159,217.264,-0.465542,12.159,217.25,-0.445699,           29P   2297
12.159,217.239,-0.43116,12.159,217.233,-0.421593,12.159,217.23,       29P   2298
-0.417781,12.159,217.227,-0.414127,12.159,217.224,-0.409601,          29P   2299
12.159,217.221,-0.405106,12.159,217.216,-0.397646,12.159,             29P   2300
217.208,-0.386967,12.159,217.199,-0.373443,12.159,217.184,            29P   2301
-0.352276,12.159,217.172,-0.33552,12.159,217.164,-0.323397,           29P   2302
12.159,217.161,-0.319668,12.159,217.158,-0.314641,12.159,             29P   2303
217.153,-0.308148,12.159,217.148,-0.301431,12.159,217.142,            29P   2304
-0.292432,12.159,217.134,-0.280783,12.159,217.119,-0.258716,          29P   2305
12.159,217.106,-0.24033,12.159,217.096,-0.226398,12.159,217.095,      29P   2306
-0.224877,12.159,217.093,-0.221771,12.159,217.091,-0.218658,          29P   2307
12.159,217.088,-0.214688,12.159,217.085,-0.210704,12.159,             29P   2308
217.081,-0.204953,12.159,217.076,-0.19749,12.159,217.069,             29P   2309
-0.187652,12.159,217.053,-0.164434,12.159,217.039,-0.144058,          29P   2310
12.159,217.028,-0.127609,12.159,217.026,-0.124711,12.159,             29P   2311
217.024,-0.12135,12.159,217.021,-0.11693,12.159,217.018,              29P   2312
-0.112901,12.159,217.013,-0.105391,12.159,217.006,-0.0955737,         29P   2313
12.159,216.988,-0.0695094,12.159,216.973,-0.047301,12.159,            29P   2314
216.96,-0.0284474,12.159,216.959,-0.0268281,12.159,216.958,           29P   2315
-0.0250364,12.159,216.956,-0.0222412,12.159,216.954,-0.0188693,       29P   2316
12.159,216.951,-0.0148107,12.159,216.948,-0.0107497,12.159,           29P   2317
216.945,-0.00592563,12.159,216.94,0.000686125,12.159,216.923,         29P   2318
0.0260385,12.159,216.907,0.0499952,12.159,216.893,0.0711595,          29P   2319
12.159,216.891,0.0727969,12.159,216.889,0.0757199,12.159,             29P   2320
216.887,0.0794196,12.159,216.883,0.084665,12.159,216.88,              29P   2321
0.0895497,12.159,216.876,0.0959791,12.159,216.858,0.122393,           29P   2322
12.159,216.841,0.147979,12.159,216.826,0.171228,12.159,216.825,       29P   2323
0.172512,12.159,216.824,0.173445,12.159,216.823,0.175776,12.159,      29P   2324
216.821,0.178802,12.159,216.818,0.182448,12.159,216.816,              29P   2325
0.185133,12.159,216.815,0.187921,12.159,216.812,0.191995,12.159,      29P   2326
216.794,0.219426,12.159,216.776,0.24652,12.159,216.759,0.272274,      29P   2327
12.159,216.757,0.275365,12.159,216.755,0.278564,12.159,216.753,       29P   2328
0.281673,12.159,216.751,0.283769,12.159,216.75,0.285774,12.159,       29P   2329
216.748,0.288778,12.159,216.729,0.317369,12.159,216.711,              29P   2330
0.345614,12.159,216.694,0.37265,12.159,216.693,0.374107,12.159,       29P   2331
216.691,0.376413,12.159,216.69,0.378751,12.159,216.688,0.381325,      29P   2332
12.159,216.687,0.383305,12.159,216.685,0.385991,12.159,216.666,       29P   2333
0.415912,12.159,216.646,0.44598,12.159,216.628,0.475159,12.159,       29P   2334
216.626,0.47758,12.159,216.625,0.479502,12.159,216.624,0.481511,      29P   2335
12.159,216.623,0.482802,12.159,216.622,0.484601,12.159,216.603,       29P   2336
0.515425,12.159,216.583,0.546639,12.159,216.564,0.577238,12.159,      29P   2337
216.563,0.57923,12.159,216.562,0.58073,12.159,216.561,0.58235,        29P   2338
12.159,216.56,0.583816,12.159,216.54,0.615343,12.159,216.52,          29P   2339
0.647426,12.159,216.501,0.679294,12.159,216.5,0.680776,12.159,        29P   2340
216.499,0.682139,12.159,216.498,0.683979,12.159,216.482,0.71089,      29P   2341
12.159,216.465,0.738509,12.159,216.449,0.766098,12.159,216.448,       29P   2342
0.767736,12.159,216.434,0.790316,12.159,216.42,0.812807,12.159,       29P   2343
216.407,0.835275,12.159,216.397,0.852637,12.159,216.387,              29P   2344
0.870142,12.159,216.37,0.898596,12.159,216.363,0.910244,12.159,       29P   2345
216.356,0.921774,12.159,216.378,0.951567,12.431,216.378,              29P   2346
0.952737,12.431,216.377,0.954115,12.431,216.374,0.955075,12.431,      29P   2347
216.373,0.955361,12.431,216.371,0.955254,12.431,216.37,0.954827,      29P   2348
12.431,216.368,0.954047,12.431,216.368,0.953526,12.431,216.367,       29P   2349
0.952427,12.431,216.366,0.951261,12.431,216.365,0.949851,12.431,      29P   2350
216.365,0.948716,12.431,216.365,0.947211,12.431,216.366,0.94616,      29P   2351
12.431,216.366,0.945135,12.431,216.367,0.943945,12.431,216.367,       29P   2352
0.942689,12.431,216.368,0.941463,12.431,216.368,0.940982,12.431,      29P   2353
216.369,0.939882,12.431,216.369,0.938612,12.431,216.37,0.936449,      29P   2354
12.431,216.371,0.9349,12.431,216.372,0.933507,12.431,216.372,         29P   2355
0.933008,12.431,216.372,0.931692,12.431,216.373,0.930875,12.431,      29P   2356
216.374,0.929208,12.431,216.374,0.928357,12.431,216.375,              29P   2357
0.926688,12.431,216.375,0.925869,12.431,216.376,0.924633,12.431,      29P   2358
216.376,0.924217,12.431,216.378,0.920512,12.431,216.38,0.916338,      29P   2359
12.431,216.382,0.911441,12.431,216.383,0.908855,12.431,216.384,       29P   2360
0.906252,12.431,216.386,0.902655,12.431,216.388,0.899227,12.431,      29P   2361
216.389,0.895787,12.431,216.391,0.893061,12.431,216.392,              29P   2362
0.890092,12.431,216.393,0.88755,12.431,216.398,0.876807,12.431,       29P   2363
216.403,0.866459,12.431,216.408,0.856028,12.431,216.409,              29P   2364
0.853845,12.431,216.41,0.851455,12.431,216.412,0.847938,12.431,       29P   2365
216.414,0.844497,12.431,216.415,0.840894,12.431,216.417,              29P   2366
0.837776,12.431,216.418,0.834132,12.431,216.42,0.830882,12.431,       29P   2367
216.428,0.814024,12.431,216.436,0.798125,12.431,216.443,              29P   2368
0.782482,12.431,216.444,0.780732,12.431,216.445,0.778599,12.431,      29P   2369
216.447,0.775183,12.431,216.449,0.771749,12.431,216.45,0.767951,      29P   2370
12.431,216.452,0.764337,12.431,216.454,0.759854,12.431,216.456,       29P   2371
0.755743,12.431,216.468,0.732911,12.431,216.478,0.711527,12.431,      29P   2372
216.489,0.690135,12.431,216.49,0.687982,12.431,216.492,0.683776,      29P   2373
12.431,216.495,0.678967,12.431,216.498,0.673122,12.431,216.5,         29P   2374
0.667649,12.431,216.503,0.6625,12.431,216.517,0.63393,12.431,         29P   2375
216.531,0.606865,12.431,216.545,0.580166,12.431,216.547,              29P   2376
0.576978,12.431,216.549,0.573525,12.431,216.551,0.56926,12.431,       29P   2377
216.553,0.564416,12.431,216.557,0.557875,12.431,216.56,0.551635,      29P   2378
12.431,216.575,0.523918,12.431,216.588,0.498188,12.431,216.602,       29P   2379
0.47304,12.431,216.604,0.468717,12.431,216.607,0.463515,12.431,       29P   2380
216.61,0.456508,12.431,216.615,0.44897,12.431,216.618,0.441762,       29P   2381
12.431,216.633,0.414828,12.431,216.646,0.390389,12.431,216.66,        29P   2382
0.366709,12.431,216.661,0.363564,12.431,216.663,0.360051,12.431,      29P   2383
216.666,0.35532,12.431,216.669,0.349395,12.431,216.674,0.340994,      29P   2384
12.431,216.678,0.332961,12.431,216.693,0.307093,12.431,216.705,       29P   2385
0.28454,12.431,216.718,0.2628,12.431,216.719,0.26106,12.431,          29P   2386
216.72,0.257907,12.431,216.722,0.254369,12.431,216.725,0.249467,      29P   2387
12.431,216.729,0.243084,12.431,216.734,0.233917,12.431,216.739,       29P   2388
0.22517,12.431,216.753,0.200242,12.431,216.766,0.178751,12.431,       29P   2389
216.778,0.158183,12.431,216.779,0.156223,12.431,216.781,0.15312,      29P   2390
12.431,216.783,0.149509,12.431,216.786,0.144428,12.431,216.79,        29P   2391
0.137653,12.431,216.796,0.127853,12.431,216.801,0.118532,12.431,      29P   2392
216.815,0.0945235,12.431,216.828,0.0739885,12.431,216.839,            29P   2393
0.0544213,12.431,216.841,0.0522053,12.431,216.843,0.0490489,          29P   2394
12.431,216.845,0.0453744,12.431,216.848,0.0400953,12.431,             29P   2395
216.852,0.0329623,12.431,216.859,0.0226244,12.431,216.865,            29P   2396
0.0128764,12.431,216.879,-0.0101389,12.431,216.891,-0.0298065,        29P   2397
12.431,216.902,-0.048451,12.431,216.904,-0.0510092,12.431,            29P   2398
216.906,-0.0541819,12.431,216.908,-0.0579575,12.431,216.911,          29P   2399
-0.0634088,12.431,216.916,-0.0708133,12.431,216.923,-0.0815493,       29P   2400
12.431,216.929,-0.0916026,12.431,216.943,-0.113589,12.431,            29P   2401
216.955,-0.132427,12.431,216.966,-0.150263,12.431,216.968,            29P   2402
-0.153209,12.431,216.97,-0.156435,12.431,216.973,-0.160316,           29P   2403
12.431,216.976,-0.165922,12.431,216.981,-0.173565,12.431,             29P   2404
216.988,-0.184627,12.431,216.995,-0.194912,12.431,217.009,            29P   2405
-0.215957,12.431,217.02,-0.234091,12.431,217.032,-0.251241,           29P   2406
12.431,217.034,-0.254554,12.431,217.036,-0.257829,12.431,             29P   2407
217.043,-0.268171,12.431,217.052,-0.282723,12.431,217.062,            29P   2408
-0.297125,12.431,217.075,-0.31737,12.431,217.087,-0.334865,           29P   2409
12.431,217.098,-0.351375,12.431,217.101,-0.354961,12.431,             29P   2410
217.103,-0.358353,12.431,217.106,-0.362564,12.431,217.11,             29P   2411
-0.368587,12.431,217.115,-0.376563,12.431,217.123,-0.387898,          29P   2412
12.431,217.13,-0.398335,12.431,217.143,-0.417985,12.431,217.155,      29P   2413
-0.43489,12.431,217.166,-0.450825,12.431,217.168,-0.454475,           29P   2414
12.431,217.171,-0.458035,12.431,217.174,-0.46246,12.431,217.178,      29P   2415
-0.468684,12.431,217.184,-0.476734,12.431,217.192,-0.488092,          29P   2416
12.431,217.199,-0.498625,12.431,217.212,-0.518106,12.431,             29P   2417
217.224,-0.534474,12.431,217.235,-0.549747,12.431,217.237,            29P   2418
-0.553047,12.431,217.24,-0.556751,12.431,217.243,-0.561418,           29P   2419
12.431,217.248,-0.567916,12.431,217.253,-0.576039,12.431,             29P   2420
217.261,-0.587378,12.431,217.269,-0.598093,12.431,217.279,            29P   2421
-0.612349,12.431,217.287,-0.622828,12.431,217.293,-0.631929,          29P   2422
12.431,217.295,-0.634503,12.431,217.298,-0.638335,12.431,             29P   2423
217.301,-0.643276,12.431,217.306,-0.650021,12.431,217.312,            29P   2424
-0.658231,12.431,217.32,-0.66959,12.431,217.328,-0.680657,            29P   2425
12.431,217.335,-0.690187,12.431,217.339,-0.695476,12.431,             29P   2426
217.342,-0.699267,12.431,217.345,-0.70325,12.431,217.348,             29P   2427
-0.708398,12.431,217.353,-0.715331,12.431,217.36,-0.723555,           29P   2428
12.431,217.367,-0.733794,12.431,217.373,-0.742056,12.431,             29P   2429
217.377,-0.747063,12.431,217.378,-0.74863,12.431,217.38,              29P   2430
-0.751839,12.431,217.384,-0.7567,12.431,217.389,-0.763824,            29P   2431
12.431,217.394,-0.77063,12.431,217.398,-0.775312,12.431,217.4,        29P   2432
-0.777976,12.431,217.4,-0.778593,12.431,217.402,-0.780065,            29P   2433
12.431,217.403,-0.780869,12.431,217.406,-0.782696,12.431,             29P   2434
217.409,-0.783812,12.431,217.412,-0.78396,12.431,217.414,             29P   2435
-0.783871,12.431,217.416,-0.783679,12.431,217.418,-0.783082,          29P   2436
12.431,217.42,-0.782509,12.431,217.422,-0.781623,12.431,217.423,      29P   2437
-0.780862,12.431,217.424,-0.779617,12.431,217.426,-0.778258,          29P   2438
12.431,217.427,-0.776925,12.431,217.428,-0.775662,12.431,             29P   2439
217.428,-0.774245,12.431,217.429,-0.772953,12.431,217.429,            29P   2440
-0.771079,12.431,217.43,-0.76934,12.431,217.43,-0.766943,12.431,      29P   2441
217.43,-0.764102,12.431,217.429,-0.762248,12.431,217.429,             29P   2442
-0.760517,12.431,217.428,-0.759001,12.431,217.428,-0.757595,          29P   2443
12.431,217.427,-0.756286,12.431,217.426,-0.755613,12.431,             29P   2444
217.425,-0.75414,12.431,217.425,-0.753368,12.431,217.424,             29P   2445
-0.751683,12.431,217.423,-0.750772,12.431,217.422,-0.749515,          29P   2446
12.431,217.422,-0.748799,12.431,217.421,-0.747113,12.431,217.42,      29P   2447
-0.745779,12.431,217.417,-0.742221,12.431,217.416,-0.739634,          29P   2448
12.431,217.413,-0.736101,12.431,217.413,-0.735151,12.431,             29P   2449
217.411,-0.732728,12.431,217.409,-0.729774,12.431,217.407,            29P   2450
-0.726817,12.431,217.406,-0.724782,12.431,217.405,-0.723483,          29P   2451
12.431,217.403,-0.721592,12.431,217.402,-0.719474,12.431,             29P   2452
217.401,-0.717291,12.431,217.399,-0.714519,12.431,217.397,            29P   2453
-0.711488,12.431,217.395,-0.70937,12.431,217.394,-0.706906,           29P   2454
12.431,217.392,-0.704348,12.431,217.39,-0.701434,12.431,217.388,      29P   2455
-0.697731,12.431,217.384,-0.69214,12.431,217.38,-0.686901,            29P   2456
12.431,217.377,-0.6815,12.431,217.375,-0.678231,12.431,217.372,       29P   2457
-0.67441,12.431,217.371,-0.6722,12.431,217.369,-0.669907,12.431,      29P   2458
217.368,-0.668167,12.431,217.366,-0.665988,12.431,217.365,            29P   2459
-0.66412,12.431,217.362,-0.659896,12.431,217.36,-0.656634,            29P   2460
12.431,217.356,-0.650776,12.431,217.352,-0.644556,12.431,             29P   2461
217.347,-0.636341,12.431,217.339,-0.624239,12.431,217.332,            29P   2462
-0.614356,12.431,217.327,-0.605937,12.431,217.324,-0.601859,          29P   2463
12.431,217.32,-0.596185,12.431,217.315,-0.587906,12.431,217.308,      29P   2464
-0.577862,12.431,217.298,-0.563299,12.431,217.287,-0.54608,           29P   2465
12.431,217.278,-0.532466,12.431,217.273,-0.525016,12.431,             29P   2466
217.272,-0.522846,12.431,217.269,-0.518856,12.431,217.266,            29P   2467
-0.51502,12.431,217.263,-0.510148,12.431,217.26,-0.505053,            29P   2468
12.431,217.254,-0.496289,12.431,217.246,-0.483474,12.431,             29P   2469
217.236,-0.467707,12.431,217.222,-0.447276,12.431,217.212,            29P   2470
-0.432379,12.431,217.206,-0.422584,12.431,217.204,-0.418771,          29P   2471
12.431,217.201,-0.415032,12.431,217.198,-0.410401,12.431,             29P   2472
217.195,-0.405803,12.431,217.19,-0.398173,12.431,217.183,             29P   2473
-0.387255,12.431,217.174,-0.373432,12.431,217.16,-0.351619,           29P   2474
12.431,217.149,-0.334493,12.431,217.141,-0.322093,12.431,             29P   2475
217.138,-0.318466,12.431,217.135,-0.313323,12.431,217.131,            29P   2476
-0.306679,12.431,217.126,-0.299801,12.431,217.12,-0.290589,           29P   2477
12.431,217.112,-0.278661,12.431,217.098,-0.256061,12.431,             29P   2478
217.086,-0.237225,12.431,217.077,-0.222957,12.431,217.076,            29P   2479
-0.2214,12.431,217.074,-0.218219,12.431,217.072,-0.215031,            29P   2480
12.431,217.069,-0.210965,12.431,217.066,-0.206885,12.431,             29P   2481
217.063,-0.200997,12.431,217.058,-0.193355,12.431,217.051,            29P   2482
-0.183282,12.431,217.036,-0.15951,12.431,217.023,-0.138643,           29P   2483
12.431,217.012,-0.121789,12.431,217.01,-0.11882,12.431,217.008,       29P   2484
-0.115375,12.431,217.005,-0.110846,12.431,217.002,-0.106717,          29P   2485
12.431,216.998,-0.099019,12.431,216.991,-0.0889556,12.431,            29P   2486
216.974,-0.0622335,12.431,216.96,-0.0394601,12.431,216.948,           29P   2487
-0.0201341,12.431,216.947,-0.0184743,12.431,216.946,-0.0166378,       29P   2488
12.431,216.944,-0.0137728,12.431,216.942,-0.0103168,12.431,           29P   2489
216.939,-0.00615719,12.431,216.936,-0.00199537,12.431,216.933,        29P   2490
0.00294834,12.431,216.929,0.00972367,12.431,216.913,0.0357015,        29P   2491
12.431,216.898,0.0602426,12.431,216.884,0.081925,12.431,216.883,      29P   2492
0.0836163,12.431,216.881,0.0866109,12.431,216.879,0.0904013,          29P   2493
12.431,216.876,0.0957614,12.431,216.872,0.100766,12.431,216.868,      29P   2494
0.107353,12.431,216.852,0.134416,12.431,216.836,0.160634,12.431,      29P   2495
216.821,0.184465,12.431,216.82,0.185781,12.431,216.82,0.186738,       29P   2496
12.431,216.818,0.189126,12.431,216.816,0.192228,12.431,216.814,       29P   2497
0.195965,12.431,216.812,0.198718,12.431,216.811,0.201575,12.431,      29P   2498
216.808,0.205751,12.431,216.791,0.23387,12.431,216.774,0.261656,      29P   2499
12.431,216.758,0.288042,12.431,216.756,0.291209,12.431,216.754,       29P   2500
0.294473,12.431,216.752,0.297658,12.431,216.751,0.299805,12.431,      29P   2501
216.75,0.301859,12.431,216.748,0.304936,12.431,216.731,0.333609,      29P   2502
12.431,216.713,0.362507,12.431,216.697,0.390194,12.431,216.696,       29P   2503
0.391687,12.431,216.695,0.394048,12.431,216.693,0.397076,12.431,      29P   2504
216.691,0.399713,12.431,216.69,0.401741,12.431,216.688,0.404492,      29P   2505
12.431,216.671,0.43466,12.431,216.653,0.465437,12.431,216.635,        29P   2506
0.495272,12.431,216.634,0.497734,12.431,216.632,0.500205,12.431,      29P   2507
216.631,0.502258,12.431,216.63,0.503578,12.431,216.629,0.505417,      29P   2508
12.431,216.611,0.536492,12.431,216.593,0.568337,12.431,216.575,       29P   2509
0.599586,12.431,216.573,0.601629,12.431,216.572,0.603594,12.431,      29P   2510
216.571,0.605248,12.431,216.57,0.606745,12.431,216.552,0.63941,       29P   2511
12.431,216.533,0.67221,12.431,216.515,0.704713,12.431,216.514,        29P   2512
0.706244,12.431,216.513,0.707634,12.431,216.512,0.709009,12.431,      29P   2513
216.497,0.736206,12.431,216.481,0.764326,12.431,216.466,              29P   2514
0.792499,12.431,216.465,0.794173,12.431,216.452,0.817393,12.431,      29P   2515
216.439,0.840411,12.431,216.427,0.863239,12.431,216.417,              29P   2516
0.880885,12.431,216.407,0.898712,12.431,216.391,0.927745,12.431,      29P   2517
216.385,0.939654,12.431,216.378,0.951567,12.431,216.389,              29P   2518
0.981699,12.697,216.388,0.982521,12.697,216.387,0.983747,12.697,      29P   2519
216.385,0.984693,12.697,216.383,0.984957,12.697,216.381,              29P   2520
0.984424,12.697,216.38,0.983541,12.697,216.379,0.982542,12.697,       29P   2521
216.378,0.981539,12.697,216.377,0.97968,12.697,216.377,0.977992,      29P   2522
12.697,216.378,0.976461,12.697,216.378,0.975764,12.697,216.379,       29P   2523
0.975132,12.697,216.379,0.974387,12.697,216.38,0.973347,12.697,       29P   2524
216.38,0.972079,12.697,216.381,0.970831,12.697,216.381,0.969626,      29P   2525
12.697,216.381,0.969055,12.697,216.382,0.967848,12.697,216.383,       29P   2526
0.966553,12.697,216.384,0.964363,12.697,216.384,0.962809,12.697,      29P   2527
216.385,0.961407,12.697,216.385,0.9609,12.697,216.386,0.959572,       29P   2528
12.697,216.386,0.95875,12.697,216.387,0.957072,12.697,216.387,        29P   2529
0.956216,12.697,216.388,0.954535,12.697,216.388,0.953711,12.697,      29P   2530
216.389,0.952468,12.697,216.389,0.952048,12.697,216.391,              29P   2531
0.948319,12.697,216.393,0.944118,12.697,216.395,0.939189,12.697,      29P   2532
216.396,0.936586,12.697,216.397,0.933966,12.697,216.399,              29P   2533
0.930345,12.697,216.4,0.926894,12.697,216.402,0.923431,12.697,        29P   2534
216.403,0.920687,12.697,216.404,0.917698,12.697,216.405,              29P   2535
0.915139,12.697,216.41,0.904324,12.697,216.415,0.893906,12.697,       29P   2536
216.42,0.883403,12.697,216.421,0.881205,12.697,216.422,0.878799,      29P   2537
12.697,216.423,0.875257,12.697,216.425,0.871793,12.697,216.427,       29P   2538
0.868165,12.697,216.428,0.865025,12.697,216.43,0.861357,12.697,       29P   2539
216.431,0.858084,12.697,216.439,0.841109,12.697,216.446,              29P   2540
0.825099,12.697,216.453,0.809342,12.697,216.454,0.807579,12.697,      29P   2541
216.455,0.805429,12.697,216.457,0.801989,12.697,216.458,              29P   2542
0.798529,12.697,216.46,0.794702,12.697,216.462,0.791061,12.697,       29P   2543
216.464,0.786544,12.697,216.466,0.782402,12.697,216.476,              29P   2544
0.759814,12.697,216.486,0.738261,12.697,216.497,0.716673,12.697,      29P   2545
216.498,0.7145,12.697,216.5,0.709826,12.697,216.502,0.704972,         29P   2546
12.697,216.505,0.699072,12.697,216.508,0.693546,12.697,216.51,        29P   2547
0.688347,12.697,216.524,0.659554,12.697,216.537,0.632207,12.697,      29P   2548
216.55,0.605236,12.697,216.552,0.601959,12.697,216.553,0.598472,      29P   2549
12.697,216.556,0.594163,12.697,216.558,0.58927,12.697,216.561,        29P   2550
0.582663,12.697,216.564,0.576359,12.697,216.578,0.548171,12.697,      29P   2551
216.591,0.522168,12.697,216.604,0.496717,12.697,216.606,              29P   2552
0.492528,12.697,216.608,0.487262,12.697,216.612,0.480167,12.697,      29P   2553
216.616,0.472533,12.697,216.62,0.465232,12.697,216.633,0.437647,      29P   2554
12.697,216.646,0.412876,12.697,216.658,0.388896,12.697,216.66,        29P   2555
0.386011,12.697,216.662,0.382454,12.697,216.664,0.377663,12.697,      29P   2556
216.667,0.371666,12.697,216.672,0.363162,12.697,216.676,              29P   2557
0.355031,12.697,216.69,0.328437,12.697,216.702,0.305603,12.697,       29P   2558
216.714,0.283568,12.697,216.714,0.281805,12.697,216.716,              29P   2559
0.279022,12.697,216.718,0.275435,12.697,216.72,0.270464,12.697,       29P   2560
216.724,0.26399,12.697,216.729,0.25469,12.697,216.734,0.245812,       29P   2561
12.697,216.747,0.220132,12.697,216.759,0.198288,12.697,216.77,        29P   2562
0.177385,12.697,216.771,0.175394,12.697,216.773,0.172621,12.697,      29P   2563
216.775,0.168952,12.697,216.778,0.163787,12.697,216.781,              29P   2564
0.156901,12.697,216.787,0.14694,12.697,216.792,0.137464,12.697,       29P   2565
216.806,0.112637,12.697,216.817,0.091748,12.697,216.828,              29P   2566
0.0718613,12.697,216.829,0.0696091,12.697,216.831,0.066835,           29P   2567
12.697,216.833,0.0631005,12.697,216.836,0.0577354,12.697,216.84,      29P   2568
0.0504864,12.697,216.846,0.0399812,12.697,216.852,0.0300761,          29P   2569
12.697,216.865,0.00631749,12.697,216.877,-0.0136802,12.697,           29P   2570
216.888,-0.0326174,12.697,216.889,-0.0352157,12.697,216.891,          29P   2571
-0.0380484,12.697,216.893,-0.0418834,12.697,216.896,-0.0474201,       29P   2572
12.697,216.9,-0.0549401,12.697,216.907,-0.0658422,12.697,             29P   2573
216.913,-0.0760485,12.697,216.926,-0.0987034,12.697,216.938,          29P   2574
-0.117831,12.697,216.949,-0.135895,12.697,216.95,-0.138878,           29P   2575
12.697,216.952,-0.141785,12.697,216.955,-0.145713,12.697,             29P   2576
216.958,-0.151387,12.697,216.963,-0.159121,12.697,216.97,             29P   2577
-0.170308,12.697,216.976,-0.180704,12.697,216.989,-0.202228,          29P   2578
12.697,217.001,-0.220553,12.697,217.012,-0.237848,12.697,             29P   2579
217.014,-0.241189,12.697,217.016,-0.24421,12.697,217.022,             29P   2580
-0.254637,12.697,217.032,-0.269301,12.697,217.041,-0.283799,          29P   2581
12.697,217.055,-0.304347,12.697,217.066,-0.321937,12.697,             29P   2582
217.077,-0.338481,12.697,217.08,-0.342072,12.697,217.082,             29P   2583
-0.34527,12.697,217.085,-0.349485,12.697,217.089,-0.355511,           29P   2584
12.697,217.094,-0.363485,12.697,217.102,-0.374808,12.697,             29P   2585
217.109,-0.385219,12.697,217.123,-0.404972,12.697,217.134,            29P   2586
-0.421803,12.697,217.145,-0.437616,12.697,217.148,-0.441238,          29P   2587
12.697,217.15,-0.444583,12.697,217.154,-0.448971,12.697,217.158,      29P   2588
-0.455139,12.697,217.164,-0.463112,12.697,217.172,-0.474352,          29P   2589
12.697,217.179,-0.48476,12.697,217.194,-0.504097,12.697,217.206,      29P   2590
-0.520224,12.697,217.217,-0.535221,12.697,217.219,-0.538459,          29P   2591
12.697,217.222,-0.541979,12.697,217.226,-0.546555,12.697,217.23,      29P   2592
-0.55292,12.697,217.237,-0.56087,12.697,217.245,-0.571948,            29P   2593
12.697,217.253,-0.582389,12.697,217.264,-0.596347,12.697,             29P   2594
217.272,-0.606507,12.697,217.28,-0.615294,12.697,217.282,             29P   2595
-0.617776,12.697,217.284,-0.621367,12.697,217.288,-0.626124,          29P   2596
12.697,217.294,-0.63261,12.697,217.3,-0.64049,12.697,217.309,         29P   2597
-0.651369,12.697,217.318,-0.661941,12.697,217.326,-0.671218,          29P   2598
12.697,217.33,-0.676255,12.697,217.333,-0.679865,12.697,217.336,      29P   2599
-0.683469,12.697,217.341,-0.688365,12.697,217.346,-0.69495,           29P   2600
12.697,217.353,-0.702747,12.697,217.362,-0.712684,12.697,             29P   2601
217.369,-0.720456,12.697,217.373,-0.725171,12.697,217.374,            29P   2602
-0.726382,12.697,217.377,-0.729386,12.697,217.381,-0.733905,          29P   2603
12.697,217.387,-0.740538,12.697,217.393,-0.74718,12.697,217.397,      29P   2604
-0.751835,12.697,217.4,-0.754299,12.697,217.4,-0.754586,12.697,       29P   2605
217.401,-0.755751,12.697,217.402,-0.756519,12.697,217.406,            29P   2606
-0.758438,12.697,217.409,-0.75934,12.697,217.412,-0.759197,           29P   2607
12.697,217.414,-0.759052,12.697,217.415,-0.758757,12.697,             29P   2608
217.418,-0.757979,12.697,217.419,-0.757364,12.697,217.42,             29P   2609
-0.756548,12.697,217.422,-0.755782,12.697,217.423,-0.754534,          29P   2610
12.697,217.425,-0.753066,12.697,217.426,-0.751375,12.697,             29P   2611
217.426,-0.750083,12.697,217.427,-0.748631,12.697,217.428,            29P   2612
-0.74725,12.697,217.428,-0.744733,12.697,217.429,-0.742965,           29P   2613
12.697,217.429,-0.74056,12.697,217.428,-0.73833,12.697,217.428,       29P   2614
-0.736465,12.697,217.427,-0.734775,12.697,217.426,-0.732752,          29P   2615
12.697,217.425,-0.730984,12.697,217.423,-0.729909,12.697,             29P   2616
217.423,-0.729795,12.697,217.423,-0.729021,12.697,217.422,            29P   2617
-0.728347,12.697,217.421,-0.72685,12.697,217.42,-0.72602,12.697,      29P   2618
217.419,-0.724831,12.697,217.418,-0.724153,12.697,217.417,            29P   2619
-0.72256,12.697,217.416,-0.721299,12.697,217.413,-0.717949,           29P   2620
12.697,217.411,-0.715512,12.697,217.408,-0.712175,12.697,             29P   2621
217.408,-0.711277,12.697,217.406,-0.708985,12.697,217.403,            29P   2622
-0.706193,12.697,217.401,-0.703398,12.697,217.399,-0.701182,          29P   2623
12.697,217.398,-0.699975,12.697,217.397,-0.698188,12.697,             29P   2624
217.396,-0.696542,12.697,217.394,-0.69437,12.697,217.392,             29P   2625
-0.691749,12.697,217.389,-0.68888,12.697,217.388,-0.686899,           29P   2626
12.697,217.386,-0.684566,12.697,217.384,-0.682144,12.697,             29P   2627
217.382,-0.679383,12.697,217.379,-0.675872,12.697,217.375,            29P   2628
-0.670568,12.697,217.371,-0.66559,12.697,217.366,-0.660452,           29P   2629
12.697,217.364,-0.657026,12.697,217.361,-0.653381,12.697,             29P   2630
217.359,-0.651271,12.697,217.358,-0.649395,12.697,217.356,            29P   2631
-0.647732,12.697,217.355,-0.645647,12.697,217.353,-0.64386,           29P   2632
12.697,217.35,-0.639815,12.697,217.348,-0.636687,12.697,217.343,      29P   2633
-0.631062,12.697,217.339,-0.625083,12.697,217.333,-0.617166,          29P   2634
12.697,217.324,-0.605328,12.697,217.317,-0.595758,12.697,217.31,      29P   2635
-0.58759,12.697,217.308,-0.583788,12.697,217.304,-0.578277,           29P   2636
12.697,217.298,-0.570228,12.697,217.29,-0.560453,12.697,217.28,       29P   2637
-0.546254,12.697,217.268,-0.529437,12.697,217.258,-0.516108,          29P   2638
12.697,217.253,-0.508815,12.697,217.251,-0.506691,12.697,             29P   2639
217.249,-0.502794,12.697,217.246,-0.499037,12.697,217.243,            29P   2640
-0.494264,12.697,217.239,-0.489271,12.697,217.233,-0.480678,          29P   2641
12.697,217.224,-0.468101,12.697,217.213,-0.452603,12.697,             29P   2642
217.199,-0.432747,12.697,217.189,-0.418026,12.697,217.183,            29P   2643
-0.408323,12.697,217.18,-0.404271,12.697,217.178,-0.400562,           29P   2644
12.697,217.174,-0.395966,12.697,217.171,-0.3914,12.697,217.166,       29P   2645
-0.383817,12.697,217.159,-0.372951,12.697,217.15,-0.359174,           29P   2646
12.697,217.136,-0.337961,12.697,217.125,-0.320836,12.697,             29P   2647
217.117,-0.308433,12.697,217.114,-0.304229,12.697,217.111,            29P   2648
-0.299083,12.697,217.106,-0.292434,12.697,217.102,-0.285561,          29P   2649
12.697,217.096,-0.276339,12.697,217.088,-0.264394,12.697,             29P   2650
217.074,-0.241748,12.697,217.062,-0.222849,12.697,217.053,            29P   2651
-0.208512,12.697,217.052,-0.206947,12.697,217.05,-0.20375,            29P   2652
12.697,217.048,-0.200545,12.697,217.045,-0.196456,12.697,             29P   2653
217.043,-0.192353,12.697,217.039,-0.186429,12.697,217.034,            29P   2654
-0.178737,12.697,217.028,-0.168593,12.697,217.013,-0.144637,          29P   2655
12.697,217.,-0.123572,12.697,216.99,-0.106542,12.697,216.988,         29P   2656
-0.103541,12.697,216.986,-0.100059,12.697,216.983,-0.0954811,         29P   2657
12.697,216.981,-0.0913059,12.697,216.976,-0.083521,12.697,            29P   2658
216.97,-0.0733403,12.697,216.954,-0.0462935,12.697,216.94,            29P   2659
-0.0232144,12.697,216.928,-0.00361147,12.697,216.927,                 29P   2660
-0.00192777,12.697,216.926,-6.47593E-05,12.697,216.924,               29P   2661
0.00284181,12.697,216.922,0.00634819,12.697,216.92,0.010569,          29P   2662
12.697,216.917,0.0147925,12.697,216.914,0.0198101,12.697,216.91,      29P   2663
0.0266877,12.697,216.895,0.0530628,12.697,216.88,0.0780004,           29P   2664
12.697,216.868,0.100043,12.697,216.867,0.10172,12.697,216.865,        29P   2665
0.104764,12.697,216.863,0.108618,12.697,216.86,0.11411,12.697,        29P   2666
216.857,0.119199,12.697,216.853,0.125897,12.697,216.837,              29P   2667
0.153416,12.697,216.822,0.180079,12.697,216.808,0.204294,12.697,      29P   2668
216.807,0.205632,12.697,216.807,0.206604,12.697,216.805,              29P   2669
0.209031,12.697,216.804,0.212182,12.697,216.801,0.215979,12.697,      29P   2670
216.8,0.218776,12.697,216.798,0.221679,12.697,216.796,0.225921,       29P   2671
12.697,216.78,0.254484,12.697,216.764,0.282658,12.697,216.749,        29P   2672
0.309464,12.697,216.747,0.312682,12.697,216.745,0.316037,12.697,      29P   2673
216.743,0.319274,12.697,216.742,0.321455,12.697,216.741,              29P   2674
0.323542,12.697,216.739,0.326669,12.697,216.722,0.356403,12.697,      29P   2675
216.706,0.385788,12.697,216.691,0.41387,12.697,216.69,0.415383,       29P   2676
12.697,216.688,0.417778,12.697,216.687,0.420228,12.697,216.686,       29P   2677
0.422901,12.697,216.684,0.424957,12.697,216.683,0.427745,12.697,      29P   2678
216.666,0.458762,12.697,216.649,0.489926,12.697,216.632,              29P   2679
0.520179,12.697,216.631,0.522715,12.697,216.63,0.524726,12.697,       29P   2680
216.628,0.526808,12.697,216.628,0.528147,12.697,216.627,              29P   2681
0.530012,12.697,216.609,0.561974,12.697,216.592,0.59434,12.697,       29P   2682
216.575,0.62603,12.697,216.574,0.628076,12.697,216.573,0.629645,      29P   2683
12.697,216.572,0.631322,12.697,216.571,0.63284,12.697,216.553,        29P   2684
0.665912,12.697,216.536,0.699104,12.697,216.518,0.732012,12.697,      29P   2685
216.518,0.7335,12.697,216.517,0.734908,12.697,216.516,0.736408,       29P   2686
12.697,216.501,0.764454,12.697,216.486,0.792948,12.697,216.471,       29P   2687
0.821429,12.697,216.47,0.82312,12.697,216.458,0.846373,12.697,        29P   2688
216.446,0.869603,12.697,216.434,0.892896,12.697,216.425,              29P   2689
0.910879,12.697,216.416,0.92879,12.697,216.401,0.958045,12.697,       29P   2690
216.395,0.970047,12.697,216.389,0.981699,12.697,216.352,1.03384,      29P   2691
12.8498,216.352,1.03484,12.8498,216.351,1.03607,12.8498,216.348,      29P   2692
1.03666,12.8498,216.346,1.03651,12.8498,216.345,1.03556,12.8498,      29P   2693
216.344,1.03446,12.8498,216.343,1.03293,12.8498,216.343,1.03172,      29P   2694
12.8498,216.343,1.02995,12.8498,216.343,1.02862,12.8498,216.344,      29P   2695
1.02737,12.8498,216.344,1.0266,12.8498,216.344,1.02583,12.8498,       29P   2696
216.345,1.025,12.8498,216.345,1.02393,12.8498,216.346,1.02263,        29P   2697
12.8498,216.346,1.02133,12.8498,216.347,1.02008,12.8498,216.347,      29P   2698
1.01951,12.8498,216.348,1.0183,12.8498,216.348,1.01697,12.8498,       29P   2699
216.349,1.01472,12.8498,216.35,1.01312,12.8498,216.35,1.01167,        29P   2700
12.8498,216.351,1.01115,12.8498,216.351,1.00979,12.8498,216.352,      29P   2701
1.00894,12.8498,216.352,1.00721,12.8498,216.353,1.00633,12.8498,      29P   2702
216.354,1.0046,12.8498,216.354,1.00375,12.8498,216.354,1.00247,       29P   2703
12.8498,216.355,1.00204,12.8498,216.356,0.998205,12.8498,             29P   2704
216.358,0.993881,12.8498,216.36,0.988807,12.8498,216.361,             29P   2705
0.986128,12.8498,216.363,0.983431,12.8498,216.364,0.979705,           29P   2706
12.8498,216.366,0.976152,12.8498,216.367,0.972587,12.8498,            29P   2707
216.368,0.969762,12.8498,216.37,0.966685,12.8498,216.371,             29P   2708
0.964051,12.8498,216.376,0.952917,12.8498,216.38,0.942191,            29P   2709
12.8498,216.385,0.931376,12.8498,216.386,0.929114,12.8498,            29P   2710
216.387,0.926636,12.8498,216.389,0.92299,12.8498,216.39,              29P   2711
0.919423,12.8498,216.392,0.915688,12.8498,216.393,0.912455,           29P   2712
12.8498,216.395,0.908678,12.8498,216.396,0.905308,12.8498,            29P   2713
216.404,0.88783,12.8498,216.411,0.871344,12.8498,216.419,             29P   2714
0.855119,12.8498,216.419,0.853304,12.8498,216.42,0.851091,            29P   2715
12.8498,216.422,0.847548,12.8498,216.424,0.843986,12.8498,            29P   2716
216.425,0.840046,12.8498,216.427,0.836296,12.8498,216.429,            29P   2717
0.831645,12.8498,216.431,0.82738,12.8498,216.442,0.803941,            29P   2718
12.8498,216.452,0.781743,12.8498,216.462,0.759511,12.8498,            29P   2719
216.463,0.757273,12.8498,216.465,0.752641,12.8498,216.467,            29P   2720
0.747643,12.8498,216.47,0.741565,12.8498,216.473,0.735874,            29P   2721
12.8498,216.475,0.730519,12.8498,216.489,0.700971,12.8498,            29P   2722
216.502,0.672798,12.8498,216.515,0.645007,12.8498,216.516,            29P   2723
0.641523,12.8498,216.518,0.637929,12.8498,216.52,0.63349,             29P   2724
12.8498,216.523,0.628447,12.8498,216.526,0.621639,12.8498,            29P   2725
216.529,0.615142,12.8498,216.543,0.586256,12.8498,216.556,            29P   2726
0.559458,12.8498,216.568,0.53324,12.8498,216.57,0.528765,             29P   2727
12.8498,216.573,0.523341,12.8498,216.577,0.516032,12.8498,            29P   2728
216.58,0.50817,12.8498,216.584,0.50065,12.8498,216.598,0.472471,      29P   2729
12.8498,216.61,0.446957,12.8498,216.623,0.422243,12.8498,             29P   2730
216.624,0.419037,12.8498,216.626,0.415371,12.8498,216.629,            29P   2731
0.410433,12.8498,216.632,0.40425,12.8498,216.636,0.395483,            29P   2732
12.8498,216.64,0.3871,12.8498,216.654,0.359855,12.8498,216.666,       29P   2733
0.33631,12.8498,216.678,0.313597,12.8498,216.679,0.311779,            29P   2734
12.8498,216.68,0.308735,12.8498,216.682,0.305038,12.8498,             29P   2735
216.685,0.299914,12.8498,216.688,0.293243,12.8498,216.693,            29P   2736
0.283659,12.8498,216.698,0.27451,12.8498,216.711,0.248207,            29P   2737
12.8498,216.723,0.225701,12.8498,216.734,0.20415,12.8498,             29P   2738
216.736,0.202097,12.8498,216.737,0.199076,12.8498,216.739,            29P   2739
0.195292,12.8498,216.742,0.189966,12.8498,216.746,0.182866,           29P   2740
12.8498,216.751,0.172593,12.8498,216.756,0.162822,12.8498,            29P   2741
216.77,0.137403,12.8498,216.781,0.11588,12.8498,216.792,              29P   2742
0.0954162,12.8498,216.794,0.0930989,12.8498,216.795,0.0900613,        29P   2743
12.8498,216.797,0.0862201,12.8498,216.8,0.0807035,12.8498,            29P   2744
216.805,0.0732525,12.8498,216.811,0.0624613,12.8498,216.816,          29P   2745
0.052297,12.8498,216.83,0.0280957,12.8498,216.842,0.00765815,         29P   2746
12.8498,216.853,-0.0116256,12.8498,216.855,-0.0142704,12.8498,        29P   2747
216.856,-0.0173146,12.8498,216.859,-0.0212147,12.8498,216.862,        29P   2748
-0.0268414,12.8498,216.867,-0.0344773,12.8498,216.873,                29P   2749
-0.0455319,12.8498,216.88,-0.0558607,12.8498,216.894,-0.0786135,      29P   2750
12.8498,216.906,-0.0978517,12.8498,216.918,-0.11595,12.8498,          29P   2751
216.92,-0.118937,12.8498,216.922,-0.121992,12.8498,216.924,           29P   2752
-0.125922,12.8498,216.928,-0.131593,12.8498,216.933,-0.139315,        29P   2753
12.8498,216.941,-0.150465,12.8498,216.948,-0.160801,12.8498,          29P   2754
216.962,-0.182055,12.8498,216.975,-0.200139,12.8498,216.987,          29P   2755
-0.217117,12.8498,216.99,-0.220394,12.8498,216.992,-0.223464,         29P   2756
12.8498,216.999,-0.233676,12.8498,217.01,-0.247987,12.8498,           29P   2757
217.02,-0.262068,12.8498,217.035,-0.281904,12.8498,217.049,           29P   2758
-0.298834,12.8498,217.061,-0.314655,12.8498,217.064,-0.318084,        29P   2759
12.8498,217.067,-0.321211,12.8498,217.07,-0.32523,12.8498,            29P   2760
217.075,-0.330966,12.8498,217.081,-0.338542,12.8498,217.09,           29P   2761
-0.349267,12.8498,217.098,-0.359087,12.8498,217.114,-0.377595,        29P   2762
12.8498,217.128,-0.393289,12.8498,217.141,-0.407911,12.8498,          29P   2763
217.144,-0.411254,12.8498,217.147,-0.414403,12.8498,217.151,          29P   2764
-0.418443,12.8498,217.156,-0.424109,12.8498,217.163,-0.431414,        29P   2765
12.8498,217.172,-0.441669,12.8498,217.181,-0.45111,12.8498,           29P   2766
217.198,-0.468535,12.8498,217.213,-0.482945,12.8498,217.226,          29P   2767
-0.496197,12.8498,217.229,-0.499053,12.8498,217.232,-0.50219,         29P   2768
12.8498,217.237,-0.506211,12.8498,217.243,-0.511788,12.8498,          29P   2769
217.25,-0.518729,12.8498,217.26,-0.528351,12.8498,217.27,             29P   2770
-0.537355,12.8498,217.284,-0.549294,12.8498,217.293,-0.557936,        29P   2771
12.8498,217.302,-0.565357,12.8498,217.304,-0.567451,12.8498,          29P   2772
217.308,-0.570506,12.8498,217.313,-0.574501,12.8498,217.319,          29P   2773
-0.579928,12.8498,217.327,-0.586495,12.8498,217.338,-0.595504,        29P   2774
12.8498,217.349,-0.604183,12.8498,217.358,-0.611659,12.8498,          29P   2775
217.364,-0.615741,12.8498,217.367,-0.618656,12.8498,217.371,          29P   2776
-0.621639,12.8498,217.376,-0.625572,12.8498,217.383,-0.630835,        29P   2777
12.8498,217.392,-0.637037,12.8498,217.402,-0.64482,12.8498,           29P   2778
217.411,-0.650908,12.8498,217.416,-0.654531,12.8498,217.417,          29P   2779
-0.655536,12.8498,217.42,-0.657873,12.8498,217.426,-0.661431,         29P   2780
12.8498,217.433,-0.666551,12.8498,217.44,-0.671575,12.8498,           29P   2781
217.445,-0.675055,12.8498,217.448,-0.676932,12.8498,217.449,          29P   2782
-0.677225,12.8498,217.45,-0.678277,12.8498,217.452,-0.678988,         29P   2783
12.8498,217.455,-0.680698,12.8498,217.458,-0.68161,12.8498,           29P   2784
217.461,-0.681704,12.8498,217.463,-0.681666,12.8498,217.465,          29P   2785
-0.68149,12.8498,217.467,-0.68088,12.8498,217.468,-0.680336,          29P   2786
12.8498,217.47,-0.679579,12.8498,217.471,-0.678856,12.8498,           29P   2787
217.473,-0.677656,12.8498,217.474,-0.676243,12.8498,217.476,          29P   2788
-0.674503,12.8498,217.477,-0.673087,12.8498,217.477,-0.671632,        29P   2789
12.8498,217.478,-0.67041,12.8498,217.479,-0.668283,12.8498,           29P   2790
217.479,-0.666514,12.8498,217.479,-0.664085,12.8498,217.479,          29P   2791
-0.661549,12.8498,217.479,-0.659609,12.8498,217.478,-0.657824,        29P   2792
12.8498,217.477,-0.655924,12.8498,217.476,-0.654193,12.8498,          29P   2793
217.475,-0.65291,12.8498,217.475,-0.652536,12.8498,217.474,           29P   2794
-0.651441,12.8498,217.473,-0.650734,12.8498,217.472,-0.649273,        29P   2795
12.8498,217.471,-0.648534,12.8498,217.47,-0.647597,12.8498,           29P   2796
217.469,-0.647063,12.8498,217.468,-0.645806,12.8498,217.466,          29P   2797
-0.64481,12.8498,217.463,-0.642159,12.8498,217.46,-0.640226,          29P   2798
12.8498,217.457,-0.637574,12.8498,217.456,-0.63686,12.8498,           29P   2799
217.454,-0.635036,12.8498,217.451,-0.63281,12.8498,217.448,           29P   2800
-0.630575,12.8498,217.446,-0.628881,12.8498,217.445,-0.62791,         29P   2801
12.8498,217.443,-0.626476,12.8498,217.441,-0.625063,12.8498,          29P   2802
217.439,-0.62339,12.8498,217.436,-0.62128,12.8498,217.433,            29P   2803
-0.618966,12.8498,217.431,-0.617306,12.8498,217.429,-0.615418,        29P   2804
12.8498,217.427,-0.613456,12.8498,217.424,-0.611214,12.8498,          29P   2805
217.42,-0.60836,12.8498,217.415,-0.604038,12.8498,217.41,             29P   2806
-0.599963,12.8498,217.405,-0.595747,12.8498,217.402,-0.593015,        29P   2807
12.8498,217.398,-0.590009,12.8498,217.396,-0.588268,12.8498,          29P   2808
217.394,-0.58663,12.8498,217.393,-0.585254,12.8498,217.391,           29P   2809
-0.583528,12.8498,217.389,-0.582046,12.8498,217.385,-0.578687,        29P   2810
12.8498,217.382,-0.576084,12.8498,217.377,-0.571393,12.8498,          29P   2811
217.371,-0.566391,12.8498,217.363,-0.559739,12.8498,217.352,          29P   2812
-0.549764,12.8498,217.343,-0.541629,12.8498,217.336,-0.534646,        29P   2813
12.8498,217.332,-0.531385,12.8498,217.327,-0.526656,12.8498,          29P   2814
217.32,-0.519724,12.8498,217.311,-0.511264,12.8498,217.298,           29P   2815
-0.498913,12.8498,217.283,-0.484168,12.8498,217.272,-0.472381,        29P   2816
12.8498,217.265,-0.4659,12.8498,217.263,-0.464011,12.8498,            29P   2817
217.26,-0.460538,12.8498,217.257,-0.457185,12.8498,217.253,           29P   2818
-0.452917,12.8498,217.248,-0.448446,12.8498,217.241,-0.440729,        29P   2819
12.8498,217.23,-0.429385,12.8498,217.217,-0.415325,12.8498,           29P   2820
217.201,-0.3971,12.8498,217.189,-0.383554,12.8498,217.181,            29P   2821
-0.374588,12.8498,217.177,-0.370937,12.8498,217.175,-0.367503,        29P   2822
12.8498,217.171,-0.36324,12.8498,217.167,-0.359002,12.8498,           29P   2823
217.161,-0.35195,12.8498,217.153,-0.341817,12.8498,217.142,           29P   2824
-0.32892,12.8498,217.125,-0.308768,12.8498,217.112,-0.292542,         29P   2825
12.8498,217.103,-0.28073,12.8498,217.1,-0.27696,12.8498,217.096,      29P   2826
-0.272049,12.8498,217.091,-0.265694,12.8498,217.086,-0.259086,        29P   2827
12.8498,217.079,-0.250237,12.8498,217.07,-0.238744,12.8498,           29P   2828
217.053,-0.21688,12.8498,217.04,-0.198512,12.8498,217.03,             29P   2829
-0.184517,12.8498,217.029,-0.182989,12.8498,217.026,-0.179867,        29P   2830
12.8498,217.024,-0.176734,12.8498,217.021,-0.172734,12.8498,          29P   2831
217.018,-0.168718,12.8498,217.014,-0.162913,12.8498,217.009,          29P   2832
-0.155366,12.8498,217.002,-0.145398,12.8498,216.985,-0.121804,        29P   2833
12.8498,216.971,-0.100945,12.8498,216.96,-0.0840134,12.8498,          29P   2834
216.958,-0.0810295,12.8498,216.955,-0.0775652,12.8498,216.952,        29P   2835
-0.0730066,12.8498,216.95,-0.0688471,12.8498,216.944,-0.0610855,      29P   2836
12.8498,216.938,-0.0509206,12.8498,216.92,-0.0238623,12.8498,         29P   2837
216.905,-0.000652416,12.8498,216.893,0.0191517,12.8498,216.892,       29P   2838
0.0208531,12.8498,216.891,0.0227361,12.8498,216.889,0.025675,         29P   2839
12.8498,216.887,0.0292221,12.8498,216.884,0.0334948,12.8498,          29P   2840
216.882,0.0377727,12.8498,216.879,0.0428582,12.8498,216.874,          29P   2841
0.049834,12.8498,216.858,0.0766145,12.8498,216.843,0.102047,          29P   2842
12.8498,216.83,0.124568,12.8498,216.829,0.126394,12.8498,             29P   2843
216.827,0.129505,12.8498,216.825,0.133443,12.8498,216.822,            29P   2844
0.138946,12.8498,216.819,0.14415,12.8498,216.815,0.151001,            29P   2845
12.8498,216.799,0.179157,12.8498,216.783,0.206481,12.8498,            29P   2846
216.769,0.231315,12.8498,216.768,0.232686,12.8498,216.768,            29P   2847
0.233683,12.8498,216.766,0.236172,12.8498,216.764,0.239405,           29P   2848
12.8498,216.762,0.243299,12.8498,216.761,0.246168,12.8498,            29P   2849
216.759,0.249146,12.8498,216.757,0.253498,12.8498,216.74,             29P   2850
0.282802,12.8498,216.724,0.311831,12.8498,216.709,0.339368,           29P   2851
12.8498,216.707,0.342674,12.8498,216.705,0.346018,12.8498,            29P   2852
216.703,0.349343,12.8498,216.702,0.351584,12.8498,216.701,            29P   2853
0.353729,12.8498,216.699,0.356942,12.8498,216.682,0.387431,           29P   2854
12.8498,216.666,0.417651,12.8498,216.65,0.446572,12.8498,             29P   2855
216.649,0.448131,12.8498,216.648,0.450597,12.8498,216.646,            29P   2856
0.45319,12.8498,216.645,0.455944,12.8498,216.644,0.458062,            29P   2857
12.8498,216.642,0.460935,12.8498,216.625,0.492941,12.8498,            29P   2858
216.608,0.525087,12.8498,216.591,0.556287,12.8498,216.59,0.5588,      29P   2859
12.8498,216.589,0.560929,12.8498,216.588,0.563077,12.8498,            29P   2860
216.587,0.564457,12.8498,216.586,0.566381,12.8498,216.569,            29P   2861
0.599229,12.8498,216.551,0.632606,12.8498,216.535,0.665336,           29P   2862
12.8498,216.533,0.667517,12.8498,216.533,0.669186,12.8498,            29P   2863
216.532,0.670918,12.8498,216.531,0.672487,12.8498,216.513,            29P   2864
0.706514,12.8498,216.496,0.740854,12.8498,216.479,0.774907,           29P   2865
12.8498,216.478,0.776612,12.8498,216.477,0.778068,12.8498,            29P   2866
216.476,0.779595,12.8498,216.462,0.808569,12.8498,216.447,            29P   2867
0.83806,12.8498,216.433,0.86756,12.8498,216.432,0.869312,             29P   2868
12.8498,216.42,0.89328,12.8498,216.408,0.917358,12.8498,216.397,      29P   2869
0.941493,12.8498,216.387,0.960202,12.8498,216.379,0.978792,           29P   2870
12.8498,216.364,1.00917,12.8498,216.358,1.0217,12.8498,216.352,       29P   2871
1.03384,12.8498,216.324,1.0682,12.929,216.324,1.06933,12.929,         29P   2872
216.322,1.07056,12.929,216.32,1.07091,12.929,216.318,1.07048,         29P   2873
12.929,216.316,1.06927,12.929,216.315,1.06804,12.929,216.315,         29P   2874
1.06615,12.929,216.315,1.06481,12.929,216.316,1.06315,12.929,         29P   2875
216.316,1.06212,12.929,216.317,1.06108,12.929,216.317,1.06026,        29P   2876
12.929,216.317,1.05935,12.929,216.318,1.05845,12.929,216.318,         29P   2877
1.05736,12.929,216.319,1.05604,12.929,216.319,1.05473,12.929,         29P   2878
216.32,1.05345,12.929,216.32,1.05287,12.929,216.32,1.05163,           29P   2879
12.929,216.321,1.05028,12.929,216.322,1.04798,12.929,216.323,         29P   2880
1.04635,12.929,216.323,1.04488,12.929,216.324,1.04435,12.929,         29P   2881
216.324,1.04295,12.929,216.324,1.04209,12.929,216.325,1.04033,        29P   2882
12.929,216.326,1.03943,12.929,216.326,1.03767,12.929,216.327,         29P   2883
1.0368,12.929,216.327,1.0355,12.929,216.327,1.03506,12.929,           29P   2884
216.329,1.03115,12.929,216.331,1.02674,12.929,216.333,1.02156,        29P   2885
12.929,216.334,1.01883,12.929,216.335,1.01608,12.929,216.337,         29P   2886
1.01228,12.929,216.339,1.00865,12.929,216.34,1.00502,12.929,          29P   2887
216.341,1.00214,12.929,216.343,0.999,12.929,216.344,0.996313,         29P   2888
12.929,216.349,0.984958,12.929,216.353,0.974019,12.929,216.358,       29P   2889
0.962989,12.929,216.359,0.960682,12.929,216.36,0.958155,12.929,       29P   2890
216.362,0.954436,12.929,216.363,0.950798,12.929,216.365,              29P   2891
0.946989,12.929,216.366,0.943691,12.929,216.368,0.939839,12.929,      29P   2892
216.369,0.936402,12.929,216.377,0.918577,12.929,216.384,              29P   2893
0.901763,12.929,216.392,0.885215,12.929,216.392,0.883364,12.929,      29P   2894
216.393,0.881107,12.929,216.395,0.877494,12.929,216.396,              29P   2895
0.873861,12.929,216.398,0.869842,12.929,216.4,0.866018,12.929,        29P   2896
216.402,0.861274,12.929,216.404,0.856924,12.929,216.415,              29P   2897
0.832871,12.929,216.425,0.810228,12.929,216.435,0.787552,12.929,      29P   2898
216.436,0.78527,12.929,216.438,0.780697,12.929,216.44,0.775599,       29P   2899
12.929,216.443,0.769401,12.929,216.446,0.763596,12.929,216.448,       29P   2900
0.758134,12.929,216.462,0.72807,12.929,216.475,0.699335,12.929,       29P   2901
216.488,0.670985,12.929,216.49,0.667358,12.929,216.491,0.663691,      29P   2902
12.929,216.493,0.659163,12.929,216.496,0.654019,12.929,216.499,       29P   2903
0.647073,12.929,216.502,0.640446,12.929,216.516,0.611102,12.929,      29P   2904
216.529,0.583766,12.929,216.542,0.557029,12.929,216.544,              29P   2905
0.552343,12.929,216.546,0.546812,12.929,216.55,0.53936,12.929,        29P   2906
216.554,0.531344,12.929,216.558,0.523676,12.929,216.571,              29P   2907
0.495126,12.929,216.584,0.469114,12.929,216.596,0.443906,12.929,      29P   2908
216.598,0.440457,12.929,216.6,0.436718,12.929,216.602,0.431681,       29P   2909
12.929,216.605,0.425374,12.929,216.61,0.41643,12.929,216.614,         29P   2910
0.407878,12.929,216.628,0.380225,12.929,216.64,0.356204,12.929,       29P   2911
216.652,0.333038,12.929,216.652,0.331184,12.929,216.654,              29P   2912
0.327935,12.929,216.656,0.324164,12.929,216.659,0.318939,12.929,      29P   2913
216.662,0.312136,12.929,216.667,0.302364,12.929,216.672,              29P   2914
0.293036,12.929,216.686,0.26635,12.929,216.697,0.243409,12.929,       29P   2915
216.709,0.221431,12.929,216.71,0.219337,12.929,216.711,0.216122,      29P   2916
12.929,216.713,0.212264,12.929,216.716,0.206832,12.929,216.72,        29P   2917
0.199589,12.929,216.725,0.189112,12.929,216.731,0.179146,12.929,      29P   2918
216.744,0.153371,12.929,216.756,0.131435,12.929,216.767,              29P   2919
0.110595,12.929,216.768,0.108236,12.929,216.77,0.104991,12.929,       29P   2920
216.772,0.101081,12.929,216.775,0.0954657,12.929,216.779,             29P   2921
0.087884,12.929,216.786,0.0769086,12.929,216.791,0.066578,            29P   2922
12.929,216.805,0.042127,12.929,216.817,0.0214157,12.929,216.829,      29P   2923
0.00192219,12.929,216.831,-0.000750571,12.929,216.833,                29P   2924
-0.00396172,12.929,216.835,-0.00790061,12.929,216.838,                29P   2925
-0.0135806,12.929,216.843,-0.0212839,12.929,216.85,-0.0324254,        29P   2926
12.929,216.857,-0.0428209,12.929,216.872,-0.065578,12.929,            29P   2927
216.884,-0.0848538,12.929,216.897,-0.102939,12.929,216.899,           29P   2928
-0.105922,12.929,216.901,-0.109096,12.929,216.904,-0.113019,          29P   2929
12.929,216.908,-0.118675,12.929,216.913,-0.126371,12.929,             29P   2930
216.921,-0.13747,12.929,216.929,-0.14774,12.929,216.944,              29P   2931
-0.168738,12.929,216.958,-0.186606,12.929,216.971,-0.203318,          29P   2932
12.929,216.974,-0.206542,12.929,216.976,-0.209656,12.929,             29P   2933
216.984,-0.21969,12.929,216.996,-0.233716,12.929,217.007,             29P   2934
-0.247466,12.929,217.024,-0.266737,12.929,217.038,-0.283153,          29P   2935
12.929,217.052,-0.298421,12.929,217.055,-0.301727,12.929,             29P   2936
217.058,-0.304806,12.929,217.062,-0.308675,12.929,217.067,            29P   2937
-0.31419,12.929,217.074,-0.321464,12.929,217.083,-0.331737,           29P   2938
12.929,217.093,-0.341111,12.929,217.11,-0.358676,12.929,217.125,      29P   2939
-0.373519,12.929,217.14,-0.387255,12.929,217.143,-0.390391,           29P   2940
12.929,217.147,-0.393403,12.929,217.151,-0.397184,12.929,             29P   2941
217.157,-0.402478,12.929,217.164,-0.409288,12.929,217.175,            29P   2942
-0.418816,12.929,217.185,-0.427544,12.929,217.204,-0.443556,          29P   2943
12.929,217.22,-0.456705,12.929,217.235,-0.468681,12.929,217.239,      29P   2944
-0.471257,12.929,217.242,-0.47412,12.929,217.247,-0.477736,           29P   2945
12.929,217.254,-0.482737,12.929,217.262,-0.488941,12.929,             29P   2946
217.274,-0.497502,12.929,217.285,-0.50546,12.929,217.3,               29P   2947
-0.515927,12.929,217.311,-0.523465,12.929,217.321,-0.529898,          29P   2948
12.929,217.323,-0.53171,12.929,217.328,-0.534382,12.929,217.333,      29P   2949
-0.537826,12.929,217.34,-0.542487,12.929,217.349,-0.548104,           29P   2950
12.929,217.361,-0.555764,12.929,217.374,-0.563077,12.929,             29P   2951
217.384,-0.569244,12.929,217.39,-0.572639,12.929,217.394,             29P   2952
-0.575055,12.929,217.399,-0.577602,12.929,217.405,-0.580842,          29P   2953
12.929,217.413,-0.585156,12.929,217.422,-0.590212,12.929,             29P   2954
217.434,-0.596436,12.929,217.443,-0.601318,12.929,217.449,            29P   2955
-0.604157,12.929,217.451,-0.605029,12.929,217.454,-0.606889,          29P   2956
12.929,217.46,-0.609761,12.929,217.468,-0.613799,12.929,217.476,      29P   2957
-0.617649,12.929,217.482,-0.620274,12.929,217.485,-0.621732,          29P   2958
12.929,217.486,-0.622049,12.929,217.488,-0.623046,12.929,             29P   2959
217.489,-0.623724,12.929,217.493,-0.625283,12.929,217.496,            29P   2960
-0.626222,12.929,217.499,-0.626528,12.929,217.501,-0.626588,          29P   2961
12.929,217.502,-0.626513,12.929,217.505,-0.626047,12.929,             29P   2962
217.506,-0.625565,12.929,217.508,-0.624862,12.929,217.509,            29P   2963
-0.624183,12.929,217.511,-0.623031,12.929,217.513,-0.621673,          29P   2964
12.929,217.514,-0.619913,12.929,217.515,-0.618404,12.929,             29P   2965
217.516,-0.616953,12.929,217.517,-0.615853,12.929,217.517,            29P   2966
-0.614053,12.929,217.518,-0.612292,12.929,217.518,-0.609848,          29P   2967
12.929,217.518,-0.607056,12.929,217.518,-0.605051,12.929,             29P   2968
217.518,-0.603191,12.929,217.517,-0.601407,12.929,217.516,            29P   2969
-0.59972,12.929,217.515,-0.59827,12.929,217.515,-0.597678,            29P   2970
12.929,217.514,-0.596316,12.929,217.513,-0.595575,12.929,             29P   2971
217.512,-0.594125,12.929,217.511,-0.593445,12.929,217.509,            29P   2972
-0.592688,12.929,217.509,-0.592256,12.929,217.507,-0.591238,          29P   2973
12.929,217.505,-0.59043,12.929,217.501,-0.588279,12.929,217.498,      29P   2974
-0.586706,12.929,217.495,-0.584541,12.929,217.493,-0.583958,          29P   2975
12.929,217.491,-0.582467,12.929,217.488,-0.580644,12.929,             29P   2976
217.484,-0.578809,12.929,217.482,-0.577518,12.929,217.481,            29P   2977
-0.576719,12.929,217.479,-0.575538,12.929,217.476,-0.574268,          29P   2978
12.929,217.474,-0.57294,12.929,217.471,-0.571194,12.929,217.468,      29P   2979
-0.569275,12.929,217.465,-0.567842,12.929,217.463,-0.566273,          29P   2980
12.929,217.46,-0.564638,12.929,217.457,-0.562767,12.929,217.453,      29P   2981
-0.560381,12.929,217.447,-0.55676,12.929,217.441,-0.553331,           29P   2982
12.929,217.436,-0.549773,12.929,217.432,-0.547556,12.929,             29P   2983
217.428,-0.545007,12.929,217.426,-0.543529,12.929,217.423,            29P   2984
-0.542045,12.929,217.422,-0.540874,12.929,217.419,-0.539404,          29P   2985
12.929,217.417,-0.538142,12.929,217.413,-0.535274,12.929,             29P   2986
217.409,-0.533047,12.929,217.403,-0.529025,12.929,217.397,            29P   2987
-0.524725,12.929,217.388,-0.51898,12.929,217.376,-0.510347,           29P   2988
12.929,217.366,-0.503245,12.929,217.357,-0.497115,12.929,             29P   2989
217.353,-0.494241,12.929,217.347,-0.490075,12.929,217.339,            29P   2990
-0.483948,12.929,217.329,-0.476437,12.929,217.314,-0.46542,           29P   2991
12.929,217.297,-0.452173,12.929,217.284,-0.441503,12.929,             29P   2992
217.277,-0.43561,12.929,217.275,-0.43389,12.929,217.271,              29P   2993
-0.430724,12.929,217.267,-0.427665,12.929,217.263,-0.423763,          29P   2994
12.929,217.258,-0.419671,12.929,217.25,-0.41259,12.929,217.238,       29P   2995
-0.402142,12.929,217.223,-0.389129,12.929,217.204,-0.372081,          29P   2996
12.929,217.191,-0.359397,12.929,217.182,-0.350972,12.929,             29P   2997
217.179,-0.347629,12.929,217.175,-0.344396,12.929,217.171,            29P   2998
-0.34038,12.929,217.167,-0.336383,12.929,217.16,-0.329722,            29P   2999
12.929,217.151,-0.320131,12.929,217.139,-0.307887,12.929,217.12,      29P   3000
-0.288499,12.929,217.106,-0.272945,12.929,217.095,-0.261578,          29P   3001
12.929,217.092,-0.258156,12.929,217.088,-0.253424,12.929,             29P   3002
217.082,-0.24729,12.929,217.077,-0.240883,12.929,217.069,             29P   3003
-0.232317,12.929,217.059,-0.221168,12.929,217.041,-0.199903,          29P   3004
12.929,217.027,-0.181948,12.929,217.015,-0.168225,12.929,             29P   3005
217.014,-0.166726,12.929,217.012,-0.163662,12.929,217.009,            29P   3006
-0.160587,12.929,217.006,-0.156658,12.929,217.003,-0.152712,          29P   3007
12.929,216.999,-0.147002,12.929,216.993,-0.139574,12.929,             29P   3008
216.985,-0.12975,12.929,216.967,-0.106461,12.929,216.952,             29P   3009
-0.0857891,12.929,216.94,-0.0689625,12.929,216.938,-0.0659966,        29P   3010
12.929,216.935,-0.0625518,12.929,216.932,-0.0580165,12.929,           29P   3011
216.929,-0.0538765,12.929,216.924,-0.0461475,12.929,216.917,          29P   3012
-0.0360145,12.929,216.898,-0.00900345,12.929,216.883,0.014252,        29P   3013
12.929,216.87,0.0341595,12.929,216.869,0.03587,12.929,216.867,        29P   3014
0.0377636,12.929,216.865,0.0407195,12.929,216.863,0.0442886,          29P   3015
12.929,216.86,0.0485896,12.929,216.858,0.0528979,12.929,216.854,      29P   3016
0.0580216,12.929,216.85,0.0650535,12.929,216.833,0.09207,12.929,      29P   3017
216.818,0.117806,12.929,216.804,0.140624,12.929,216.803,              29P   3018
0.142556,12.929,216.801,0.145708,12.929,216.799,0.1497,12.929,        29P   3019
216.796,0.155195,12.929,216.793,0.160471,12.929,216.788,              29P   3020
0.167418,12.929,216.772,0.195972,12.929,216.756,0.223715,12.929,      29P   3021
216.742,0.248943,12.929,216.741,0.250337,12.929,216.74,0.251349,      29P   3022
12.929,216.739,0.253878,12.929,216.737,0.257162,12.929,216.735,       29P   3023
0.261119,12.929,216.733,0.264033,12.929,216.731,0.26706,12.929,       29P   3024
216.729,0.271481,12.929,216.712,0.30126,12.929,216.696,0.330848,      29P   3025
12.929,216.68,0.358857,12.929,216.678,0.362219,12.929,216.676,        29P   3026
0.365545,12.929,216.675,0.368928,12.929,216.673,0.371208,12.929,      29P   3027
216.672,0.37339,12.929,216.67,0.376658,12.929,216.653,0.40762,        29P   3028
12.929,216.637,0.438381,12.929,216.621,0.467852,12.929,216.62,        29P   3029
0.46944,12.929,216.619,0.471954,12.929,216.617,0.474655,12.929,       29P   3030
216.616,0.477462,12.929,216.615,0.479621,12.929,216.613,              29P   3031
0.482549,12.929,216.596,0.515204,12.929,216.578,0.548002,12.929,      29P   3032
216.562,0.57983,12.929,216.56,0.582319,12.929,216.559,0.584537,       29P   3033
12.929,216.558,0.586729,12.929,216.557,0.588137,12.929,216.556,       29P   3034
0.590099,12.929,216.539,0.623518,12.929,216.522,0.657562,12.929,      29P   3035
216.505,0.690987,12.929,216.504,0.693263,12.929,216.503,              29P   3036
0.695008,12.929,216.502,0.696777,12.929,216.501,0.698379,12.929,      29P   3037
216.484,0.733016,12.929,216.466,0.768128,12.929,216.449,              29P   3038
0.802953,12.929,216.448,0.804816,12.929,216.448,0.806305,12.929,      29P   3039
216.447,0.807867,12.929,216.432,0.837443,12.929,216.418,              29P   3040
0.867608,12.929,216.403,0.897799,12.929,216.402,0.899592,12.929,      29P   3041
216.391,0.924046,12.929,216.379,0.9487,12.929,216.368,0.973396,       29P   3042
12.929,216.359,0.992596,12.929,216.35,1.01166,12.929,216.336,         29P   3043
1.04281,12.929,216.33,1.05571,12.929,216.324,1.0682,12.929,0.,        29P   3044
3.95638,0.,3.24241;                                                   29P   3045
S      5G      3D     30P   3045                                        T      1
