This is a NASA-IGES-NURBS-Only file converted by:                       S      1
NIGES Translator Version 3.2 developed at NASA Ames Research Center.    S      2
Conversion done on: Mon May 20 14:05:11 1996.                           S      3
>>>>>>>>>>>>>>>>>>>> Original Start Section follows <<<<<<<<<<<<<<<<<<<<S      4
                                                                        S      5
1H,,1H;,,20Hcmpr rotor9     srf ,22HIBM PROFESSIONAL CADAM,47HIBM IGES PG      1
rocessor for AIX and UNIX V2R2 (1994),32,75,6,75,15,,1.,1,4HINCH,1000,  G      2
0.125984,13H960520.101248,1.00000E-06,233.252,,,8,0,;                   G      3
     406       1       1       1       0       0       0       000020101D      1
     406       0       0       1      15                               0D      2
     406       2       1       1       0       0       0       000020101D      3
     406       0       0       1      15                               0D      4
     126       3       0       1       0       0       0       000000000D      5
     126     109       0      34       0                               0D      6
     126      37       0       1       0       0       0       000000000D      7
     126     109       0      35       0                               0D      8
     126      72       0       1       0       0       0       000000000D      9
     126     109       0      35       0                               0D     10
     126     107       0       1       0       0       0       000000000D     11
     126     109       0      34       0                               0D     12
     126     141       0       1       0       0       0       000000000D     13
     126     109       0      35       0                               0D     14
     126     176       0       1       0       0       0       000000000D     15
     126     109       0      35       0                               0D     16
     126     211       0       1       0       0       0       000000000D     17
     126     109       0      34       0                               0D     18
     126     245       0       1       0       0       0       000000000D     19
     126     109       0      35       0                               0D     20
     126     280       0       1       0       0       0       000000000D     21
     126     109       0      34       0                               0D     22
     126     314       0       1       0       0       0       000000000D     23
     126     109       0      34       0                               0D     24
     126     348       0       1       0       0       0       000000000D     25
     126     109       0      34       0                               0D     26
     126     382       0       1       0       0       0       000000000D     27
     126     109       0      34       0                               0D     28
     128     416       0       1       0       0       0       000000000D     29
     128     109       2    1954       0                               0D     30
406,1,23Hcmpr rotor9     srf ,3d;                                      1P      1
406,1,2H3d;                                                            3P      2
126,54,3,0,1,1,0,0.,0.,0.,0.,0.00553474,0.0110255,0.0165162,           5P      3
0.022007,0.022007,0.0422599,0.0726464,0.113138,0.163732,               5P      4
0.224433,0.285131,0.345711,0.406288,0.466933,0.527404,0.588012,        5P      5
0.648539,0.708992,0.769529,0.829925,0.890444,0.940792,0.981041,        5P      6
1.01129,1.03146,1.03146,1.04269,1.05391,1.06512,1.07637,1.07637,       5P      7
1.07637,1.09591,1.12521,1.1643,1.21308,1.27166,1.33033,1.38897,        5P      8
1.44757,1.5062,1.56493,1.62364,1.68233,1.74107,1.79986,1.85865,        5P      9
1.91752,1.96656,2.00581,2.03524,2.0549,2.0549,2.0549,2.0549,1.,        5P     10
1.,1.,1.,1.,1.,1.,1.,1.,1.,1.,1.,1.,1.,1.,1.,1.,1.,1.,1.,1.,1.,        5P     11
1.,1.,1.,1.,1.,1.,1.,1.,1.,1.,1.,1.,1.,1.,1.,1.,1.,1.,1.,1.,1.,        5P     12
1.,1.,1.,1.,1.,1.,1.,1.,1.,1.,1.,1.,232.558,0.3828,10.771,             5P     13
232.557,0.384286,10.771,232.554,0.386338,10.771,232.548,               5P     14
0.385542,10.771,232.544,0.381047,10.771,232.544,0.377024,10.771,       5P     15
232.547,0.368939,10.771,232.552,0.353101,10.771,232.564,0.32493,       5P     16
10.771,232.58,0.287809,10.771,232.602,0.242297,10.771,232.63,          5P     17
0.192017,10.771,232.662,0.140519,10.771,232.697,0.0909399,             5P     18
10.771,232.735,0.0435397,10.771,232.775,-0.00177465,10.771,            5P     19
232.818,-0.0445949,10.771,232.862,-0.0852066,10.771,232.909,           5P     20
-0.124469,10.771,232.956,-0.162011,10.771,233.005,-0.197764,           5P     21
10.771,233.055,-0.231783,10.771,233.103,-0.262416,10.771,              5P     22
233.146,-0.28791,10.771,233.182,-0.307373,10.771,233.208,              5P     23
-0.321647,10.771,233.223,-0.329216,10.771,233.233,-0.33386,            5P     24
10.771,233.241,-0.334721,10.771,233.251,-0.32696,10.771,233.252,       5P     25
-0.314756,10.771,233.247,-0.307953,10.771,233.244,-0.306,10.771,       5P     26
233.239,-0.302607,10.771,233.225,-0.294038,10.771,233.2,               5P     27
-0.278048,10.771,233.168,-0.256476,10.771,233.128,-0.228148,           5P     28
10.771,233.084,-0.194979,10.771,233.038,-0.158045,10.771,              5P     29
232.994,-0.119679,10.771,232.951,-0.0797002,10.771,232.909,            5P     30
-0.0384531,10.771,232.869,0.00448108,10.771,232.83,0.0481111,          5P     31
10.771,232.791,0.0922381,10.771,232.753,0.136834,10.771,232.715,       5P     32
0.181942,10.771,232.678,0.227417,10.771,232.643,0.27098,10.771,        5P     33
232.613,0.309664,10.771,232.59,0.340879,10.771,232.572,0.364369,       5P     34
10.771,232.562,0.377521,10.771,232.558,0.3828,10.771,0.,2.0549,        5P     35
0.,0.,0.;                                                              5P     36
126,56,3,0,1,1,0,0.,0.,0.,0.,0.00542887,0.0108801,0.0163313,           7P     37
0.0217826,0.0217826,0.0217826,0.0419305,0.0720922,0.112372,            7P     38
0.162728,0.223065,0.283421,0.343752,0.404034,0.464342,0.524551,        7P     39
0.584799,0.645031,0.705316,0.765521,0.825702,0.885867,0.936044,        7P     40
0.97621,1.00633,1.02635,1.02635,1.02635,1.03737,1.04839,1.05941,       7P     41
1.0704,1.0704,1.0704,1.08993,1.11923,1.15825,1.20708,1.26569,          7P     42
1.32425,1.38291,1.44146,1.50009,1.55878,1.61746,1.67618,1.7349,        7P     43
1.79361,1.85233,1.9112,1.96016,1.99932,2.02866,2.04828,2.04828,        7P     44
2.04828,2.04828,1.,1.,1.,1.,1.,1.,1.,1.,1.,1.,1.,1.,1.,1.,1.,1.,       7P     45
1.,1.,1.,1.,1.,1.,1.,1.,1.,1.,1.,1.,1.,1.,1.,1.,1.,1.,1.,1.,1.,        7P     46
1.,1.,1.,1.,1.,1.,1.,1.,1.,1.,1.,1.,1.,1.,1.,1.,1.,1.,1.,1.,           7P     47
232.557,0.3922,10.834,232.556,0.393668,10.834,232.553,0.395955,        7P     48
10.834,232.547,0.395081,10.834,232.543,0.390611,10.834,232.543,        7P     49
0.386591,10.834,232.544,0.3849,10.834,232.546,0.378649,10.834,         7P     50
232.553,0.363086,10.834,232.564,0.335245,10.834,232.581,               7P     51
0.298545,10.834,232.603,0.253468,10.834,232.631,0.203533,10.834,       7P     52
232.663,0.152252,10.834,232.697,0.102518,10.834,232.734,               7P     53
0.0545675,10.834,232.773,0.00860404,10.834,232.814,-0.035429,          7P     54
10.834,232.857,-0.0775246,10.834,232.901,-0.118267,10.834,             7P     55
232.947,-0.157469,10.834,232.994,-0.194945,10.834,233.042,             7P     56
-0.230898,10.834,233.089,-0.263148,10.834,233.131,-0.290525,           7P     57
10.834,233.166,-0.311372,10.834,233.192,-0.326562,10.834,              7P     58
233.206,-0.334827,10.834,233.212,-0.3381,10.834,233.215,               7P     59
-0.339901,10.834,233.223,-0.341044,10.834,233.233,-0.333863,           7P     60
10.834,233.235,-0.321947,10.834,233.231,-0.315185,10.834,              7P     61
233.228,-0.3131,10.834,233.222,-0.309393,10.834,233.209,               7P     62
-0.300057,10.834,233.185,-0.282972,10.834,233.154,-0.259621,           7P     63
10.834,233.115,-0.229791,10.834,233.072,-0.194598,10.834,              7P     64
233.028,-0.156214,10.834,232.985,-0.116406,10.834,232.943,             7P     65
-0.0754986,10.834,232.902,-0.0332866,10.834,232.863,0.0101568,         7P     66
10.834,232.825,0.0544801,10.834,232.786,0.098993,10.834,232.749,       7P     67
0.144146,10.834,232.712,0.189607,10.834,232.675,0.235686,10.834,       7P     68
232.641,0.279512,10.834,232.611,0.318559,10.834,232.588,               7P     69
0.349923,10.834,232.571,0.373671,10.834,232.561,0.386893,10.834,       7P     70
232.557,0.3922,10.834,0.,2.04828,0.,0.,0.;                             7P     71
126,56,3,0,1,1,0,0.,0.,0.,0.,0.00517417,0.0103754,0.0155766,           9P     72
0.0207777,0.0207777,0.0207777,0.0408549,0.0708992,0.110892,            9P     73
0.160981,0.221006,0.281101,0.341147,0.401192,0.461179,0.52115,         9P     74
0.581146,0.641108,0.701035,0.760987,0.820885,0.880807,0.930736,        9P     75
0.970677,1.00058,1.02058,1.02058,1.02058,1.03152,1.04246,1.0534,       9P     76
1.06295,1.06295,1.06295,1.08254,1.11177,1.15085,1.19972,1.25828,       9P     77
1.31693,1.37555,1.43418,1.49278,1.55147,1.6101,1.6688,1.72755,         9P     78
1.78624,1.84494,1.90375,1.95269,1.99182,2.02123,2.04076,2.04076,       9P     79
2.04076,2.04076,1.,1.,1.,1.,1.,1.,1.,1.,1.,1.,1.,1.,1.,1.,1.,1.,       9P     80
1.,1.,1.,1.,1.,1.,1.,1.,1.,1.,1.,1.,1.,1.,1.,1.,1.,1.,1.,1.,1.,        9P     81
1.,1.,1.,1.,1.,1.,1.,1.,1.,1.,1.,1.,1.,1.,1.,1.,1.,1.,1.,1.,           9P     82
232.558,0.4033,10.924,232.557,0.404715,10.924,232.554,0.406973,        9P     83
10.924,232.548,0.406147,10.924,232.545,0.401841,10.924,232.545,        9P     84
0.398002,10.924,232.546,0.3964,10.924,232.548,0.390217,10.924,         9P     85
232.555,0.374824,10.924,232.567,0.347316,10.924,232.584,               9P     86
0.311085,10.924,232.606,0.266404,10.924,232.634,0.216773,10.924,       9P     87
232.665,0.165482,10.924,232.698,0.115575,10.924,232.734,               9P     88
0.0670501,10.924,232.771,0.0201378,10.924,232.811,-0.0251651,          9P     89
10.924,232.852,-0.0689071,10.924,232.894,-0.111349,10.924,             9P     90
232.938,-0.152237,10.924,232.983,-0.191724,10.924,233.029,             9P     91
-0.229796,10.924,233.074,-0.264098,10.924,233.115,-0.293372,           9P     92
10.924,233.148,-0.315812,10.924,233.173,-0.332277,10.924,              9P     93
233.187,-0.34117,10.924,233.193,-0.3447,10.924,233.196,                9P     94
-0.346631,10.924,233.204,-0.348072,10.924,233.214,-0.341012,           9P     95
10.924,233.215,-0.329617,10.924,233.212,-0.323257,10.924,              9P     96
233.209,-0.3213,10.924,233.204,-0.317288,10.924,233.191,               9P     97
-0.307238,10.924,233.168,-0.288868,10.924,233.138,-0.264146,           9P     98
10.924,233.101,-0.232306,10.924,233.06,-0.195362,10.924,233.017,       9P     99
-0.155165,10.924,232.975,-0.113998,10.924,232.935,-0.0716358,          9P    100
10.924,232.895,-0.0284814,10.924,232.857,0.0158921,10.924,             9P    101
232.819,0.0608394,10.924,232.782,0.106267,10.924,232.745,              9P    102
0.151999,10.924,232.709,0.198245,10.924,232.673,0.244849,10.924,       9P    103
232.64,0.289311,10.924,232.611,0.328801,10.924,232.588,0.360648,       9P    104
10.924,232.571,0.384592,10.924,232.562,0.397958,10.924,232.558,        9P    105
0.4033,10.924,0.,2.04076,0.,0.,0.;                                     9P    106
126,56,3,0,1,1,0,0.,0.,0.,0.,0.00488652,0.00977116,0.0146558,         11P    107
0.0195404,0.0195404,0.0195404,0.0395127,0.0694556,0.109444,           11P    108
0.15931,0.219239,0.279075,0.338931,0.398801,0.458561,0.518409,        11P    109
0.578154,0.637872,0.697694,0.75747,0.817189,0.876905,0.926617,        11P    110
0.966417,0.996305,1.0162,1.0162,1.0162,1.02651,1.03683,1.04713,       11P    111
1.05746,1.05746,1.05746,1.07704,1.10631,1.14533,1.19417,1.2528,       11P    112
1.31149,1.37012,1.42873,1.48742,1.54614,1.60482,1.66349,1.72224,      11P    113
1.78092,1.8397,1.89837,1.94737,1.98654,2.01597,2.03555,2.03555,       11P    114
2.03555,2.03555,1.,1.,1.,1.,1.,1.,1.,1.,1.,1.,1.,1.,1.,1.,1.,1.,      11P    115
1.,1.,1.,1.,1.,1.,1.,1.,1.,1.,1.,1.,1.,1.,1.,1.,1.,1.,1.,1.,1.,       11P    116
1.,1.,1.,1.,1.,1.,1.,1.,1.,1.,1.,1.,1.,1.,1.,1.,1.,1.,1.,1.,          11P    117
232.56,0.413,11.013,232.559,0.414349,11.013,232.556,0.416414,         11P    118
11.013,232.551,0.415681,11.013,232.547,0.411603,11.013,232.548,       11P    119
0.407995,11.013,232.548,0.4065,11.013,232.551,0.400388,11.013,        11P    120
232.558,0.385145,11.013,232.57,0.357805,11.013,232.587,0.32175,       11P    121
11.013,232.61,0.277318,11.013,232.637,0.227726,11.013,232.668,        11P    122
0.176418,11.013,232.7,0.126185,11.013,232.735,0.0772394,11.013,       11P    123
232.771,0.0294362,11.013,232.809,-0.0168897,11.013,232.848,           11P    124
-0.0619095,11.013,232.889,-0.105624,11.013,232.931,-0.148153,         11P    125
11.013,232.974,-0.189102,11.013,233.019,-0.228736,11.013,             11P    126
233.062,-0.264804,11.013,233.102,-0.295539,11.013,233.133,            11P    127
-0.319351,11.013,233.158,-0.336711,11.013,233.171,-0.346224,          11P    128
11.013,233.177,-0.35,11.013,233.18,-0.351958,11.013,233.187,          11P    129
-0.35373,11.013,233.197,-0.34791,11.013,233.2,-0.337012,11.013,       11P    130
233.196,-0.330223,11.013,233.194,-0.328,11.013,233.189,               11P    131
-0.323785,11.013,233.176,-0.313221,11.013,233.154,-0.294016,          11P    132
11.013,233.125,-0.267983,11.013,233.089,-0.234894,11.013,             11P    133
233.049,-0.196555,11.013,233.008,-0.154942,11.013,232.967,            11P    134
-0.112562,11.013,232.928,-0.0692438,11.013,232.889,-0.0249193,        11P    135
11.013,232.852,0.0201763,11.013,232.815,0.0659433,11.013,             11P    136
232.779,0.11206,11.013,232.743,0.158528,11.013,232.707,0.205353,      11P    137
11.013,232.673,0.252602,11.013,232.64,0.297641,11.013,232.612,        11P    138
0.337566,11.013,232.59,0.369804,11.013,232.573,0.394081,11.013,       11P    139
232.564,0.407596,11.013,232.56,0.413,11.013,0.,2.03555,0.,0.,0.;      11P    140
126,56,3,0,1,1,0,0.,0.,0.,0.,0.0046239,0.00924952,0.0138751,          13P    141
0.0185007,0.0185007,0.0185007,0.0383814,0.0683656,0.108217,           13P    142
0.157992,0.217825,0.277526,0.337343,0.397057,0.456786,0.516471,       13P    143
0.576073,0.635809,0.695453,0.755062,0.814697,0.874274,0.923965,       13P    144
0.963602,0.993484,1.01334,1.01334,1.01334,1.02339,1.03344,            13P    145
1.04348,1.05352,1.05352,1.05352,1.07306,1.10237,1.14141,1.19028,      13P    146
1.2489,1.30761,1.36623,1.42491,1.48363,1.54225,1.60106,1.65972,       13P    147
1.71848,1.77725,1.83605,1.89475,1.94376,1.98289,2.0124,2.03198,       13P    148
2.03198,2.03198,2.03198,1.,1.,1.,1.,1.,1.,1.,1.,1.,1.,1.,1.,1.,       13P    149
1.,1.,1.,1.,1.,1.,1.,1.,1.,1.,1.,1.,1.,1.,1.,1.,1.,1.,1.,1.,1.,       13P    150
1.,1.,1.,1.,1.,1.,1.,1.,1.,1.,1.,1.,1.,1.,1.,1.,1.,1.,1.,1.,1.,       13P    151
1.,1.,232.563,0.4217,11.099,232.562,0.422993,11.099,232.559,          13P    152
0.42498,11.099,232.554,0.424304,11.099,232.551,0.420427,11.099,       13P    153
232.551,0.417015,11.099,232.552,0.4156,11.099,232.554,0.40952,        13P    154
11.099,232.561,0.394308,11.099,232.573,0.367051,11.099,232.591,       13P    155
0.331189,11.099,232.613,0.286678,11.099,232.64,0.237206,11.099,       13P    156
232.671,0.185591,11.099,232.703,0.135068,11.099,232.736,              13P    157
0.0854984,11.099,232.771,0.0371502,11.099,232.807,-0.0101981,         13P    158
11.099,232.845,-0.0562299,11.099,232.885,-0.101076,11.099,            13P    159
232.925,-0.144733,11.099,232.968,-0.186917,11.099,233.011,            13P    160
-0.227819,11.099,233.053,-0.265135,11.099,233.091,-0.297028,          13P    161
11.099,233.122,-0.321779,11.099,233.146,-0.339924,11.099,             13P    162
233.159,-0.349859,11.099,233.164,-0.3538,11.099,233.167,              13P    163
-0.355793,11.099,233.174,-0.357677,11.099,233.184,-0.352243,          13P    164
11.099,233.187,-0.341711,11.099,233.184,-0.335038,11.099,             13P    165
233.181,-0.3328,11.099,233.177,-0.328447,11.099,233.164,              13P    166
-0.317529,11.099,233.143,-0.297758,11.099,233.114,-0.270919,          13P    167
11.099,233.079,-0.236805,11.099,233.04,-0.197548,11.099,233.,         13P    168
-0.15497,11.099,232.961,-0.111495,11.099,232.922,-0.0673493,          13P    169
11.099,232.884,-0.0222513,11.099,232.848,0.0236472,11.099,            13P    170
232.812,0.0701297,11.099,232.776,0.116838,11.099,232.741,             13P    171
0.164067,11.099,232.707,0.21154,11.099,232.673,0.259408,11.099,       13P    172
232.641,0.304995,11.099,232.613,0.34544,11.099,232.592,0.378018,      13P    173
11.099,232.575,0.402516,11.099,232.566,0.416223,11.099,232.563,       13P    174
0.4217,11.099,0.,2.03198,0.,0.,0.;                                    13P    175
126,56,3,0,1,1,0,0.,0.,0.,0.,0.00435007,0.00872322,0.0130964,         15P    176
0.0174695,0.0174695,0.0174695,0.0373906,0.0672838,0.107091,           15P    177
0.156911,0.216641,0.276265,0.335966,0.39571,0.45535,0.514992,         15P    178
0.574623,0.63425,0.693885,0.753444,0.812984,0.872565,0.922104,        15P    179
0.961859,0.991595,1.01148,1.01148,1.01148,1.02123,1.03099,            15P    180
1.04074,1.05049,1.05049,1.05049,1.07008,1.09937,1.13847,1.18734,      15P    181
1.24604,1.30479,1.36346,1.42215,1.48083,1.53957,1.59837,1.65718,      15P    182
1.71593,1.77472,1.83347,1.89232,1.94133,1.98052,2.0099,2.02954,       15P    183
2.02954,2.02954,2.02954,1.,1.,1.,1.,1.,1.,1.,1.,1.,1.,1.,1.,1.,       15P    184
1.,1.,1.,1.,1.,1.,1.,1.,1.,1.,1.,1.,1.,1.,1.,1.,1.,1.,1.,1.,1.,       15P    185
1.,1.,1.,1.,1.,1.,1.,1.,1.,1.,1.,1.,1.,1.,1.,1.,1.,1.,1.,1.,1.,       15P    186
1.,1.,232.566,0.4293,11.184,232.565,0.430528,11.184,232.562,          15P    187
0.432503,11.184,232.557,0.431895,11.184,232.554,0.428278,11.184,      15P    188
232.554,0.425034,11.184,232.555,0.4237,11.184,232.558,0.417624,       15P    189
11.184,232.564,0.402457,11.184,232.577,0.375248,11.184,232.594,       15P    190
0.339352,11.184,232.616,0.294843,11.184,232.643,0.245202,11.184,      15P    191
232.673,0.193434,11.184,232.704,0.142526,11.184,232.737,              15P    192
0.092585,11.184,232.771,0.0435209,11.184,232.806,-0.00444018,         15P    193
11.184,232.843,-0.0515396,11.184,232.881,-0.0971927,11.184,           15P    194
232.921,-0.141683,11.184,232.962,-0.18494,11.184,233.004,             15P    195
-0.226718,11.184,233.046,-0.264973,11.184,233.083,-0.297593,          15P    196
11.184,233.113,-0.323083,11.184,233.137,-0.341716,11.184,233.15,      15P    197
-0.351865,11.184,233.155,-0.3559,11.184,233.157,-0.357879,            15P    198
11.184,233.164,-0.359886,11.184,233.174,-0.354802,11.184,             15P    199
233.177,-0.344641,11.184,233.174,-0.338113,11.184,233.172,            15P    200
-0.3359,11.184,233.167,-0.331449,11.184,233.155,-0.320309,            15P    201
11.184,233.134,-0.300073,11.184,233.106,-0.272805,11.184,             15P    202
233.071,-0.238073,11.184,233.033,-0.197908,11.184,232.994,            15P    203
-0.154672,11.184,232.955,-0.110517,11.184,232.917,-0.065646,          15P    204
11.184,232.88,-0.0199074,11.184,232.844,0.0266154,11.184,             15P    205
232.809,0.0737664,11.184,232.774,0.121125,11.184,232.74,              15P    206
0.168846,11.184,232.706,0.216935,11.184,232.673,0.265378,11.184,      15P    207
232.642,0.311426,11.184,232.615,0.352312,11.184,232.594,              15P    208
0.385257,11.184,232.578,0.409941,11.184,232.569,0.423755,11.184,      15P    209
232.566,0.4293,11.184,0.,2.02954,0.,0.,0.;                            15P    210
126,56,3,0,1,1,0,0.,0.,0.,0.,0.00379108,0.00759569,0.0114003,         17P    211
0.0152049,0.0152049,0.0152049,0.0350856,0.0649876,0.104848,           17P    212
0.154668,0.214378,0.274093,0.333794,0.393568,0.453199,0.512922,       17P    213
0.572504,0.632164,0.691767,0.751379,0.810926,0.870544,0.9201,         17P    214
0.959809,0.989642,1.00941,1.00941,1.00941,1.01863,1.02785,            17P    215
1.03707,1.04626,1.04626,1.04626,1.06585,1.09513,1.1343,1.18324,       17P    216
1.24197,1.30076,1.35951,1.41831,1.47713,1.536,1.59485,1.65367,        17P    217
1.71252,1.77143,1.83032,1.88927,1.93832,1.9776,2.00708,2.02668,       17P    218
2.02668,2.02668,2.02668,1.,1.,1.,1.,1.,1.,1.,1.,1.,1.,1.,1.,1.,       17P    219
1.,1.,1.,1.,1.,1.,1.,1.,1.,1.,1.,1.,1.,1.,1.,1.,1.,1.,1.,1.,1.,       17P    220
1.,1.,1.,1.,1.,1.,1.,1.,1.,1.,1.,1.,1.,1.,1.,1.,1.,1.,1.,1.,1.,       17P    221
1.,1.,232.569,0.4408,11.35,232.569,0.441884,11.35,232.566,            17P    222
0.44367,11.35,232.562,0.443222,11.35,232.559,0.440084,11.35,          17P    223
232.56,0.437262,11.35,232.56,0.4361,11.35,232.563,0.430027,           17P    224
11.35,232.569,0.41484,11.35,232.582,0.387529,11.35,232.599,           17P    225
0.351445,11.35,232.621,0.306781,11.35,232.646,0.256646,11.35,         17P    226
232.676,0.204501,11.35,232.706,0.152955,11.35,232.737,0.102179,       17P    227
11.35,232.77,0.0523614,11.35,232.804,0.00327593,11.35,232.839,        17P    228
-0.0448444,11.35,232.876,-0.0915882,11.35,232.915,-0.137123,          17P    229
11.35,232.955,-0.181305,11.35,232.996,-0.224165,11.35,233.037,        17P    230
-0.263208,11.35,233.073,-0.296578,11.35,233.104,-0.322472,11.35,      17P    231
233.126,-0.341421,11.35,233.139,-0.351792,11.35,233.145,-0.3559,      17P    232
11.35,233.147,-0.357814,11.35,233.154,-0.359768,11.35,233.162,        17P    233
-0.355035,11.35,233.166,-0.345469,11.35,233.163,-0.339301,11.35,      17P    234
233.161,-0.3372,11.35,233.156,-0.33272,11.35,233.144,-0.321501,       17P    235
11.35,233.123,-0.301017,11.35,233.095,-0.27352,11.35,233.061,         17P    236
-0.238218,11.35,233.023,-0.197663,11.35,232.984,-0.153641,11.35,      17P    237
232.946,-0.108831,11.35,232.909,-0.0631439,11.35,232.874,             17P    238
-0.0165248,11.35,232.839,0.0309178,11.35,232.805,0.0788403,           17P    239
11.35,232.771,0.127049,11.35,232.738,0.175653,11.35,232.705,          17P    240
0.224644,11.35,232.673,0.273955,11.35,232.643,0.320877,11.35,         17P    241
232.617,0.362478,11.35,232.596,0.396009,11.35,232.581,0.42117,        17P    242
11.35,232.573,0.435194,11.35,232.569,0.4408,11.35,0.,2.02668,0.,      17P    243
0.,0.;                                                                17P    244
126,56,3,0,1,1,0,0.,0.,0.,0.,0.00347574,0.00699644,0.0105171,         19P    245
0.0140378,0.0140378,0.0140378,0.0339702,0.063923,0.103839,            19P    246
0.153664,0.213503,0.273328,0.333088,0.392856,0.45255,0.51232,         19P    247
0.571991,0.631718,0.691345,0.750973,0.810591,0.870282,0.919919,       19P    248
0.959639,0.989422,1.00929,1.00929,1.00929,1.0182,1.02713,             19P    249
1.03605,1.04496,1.04496,1.04496,1.06456,1.09398,1.13309,1.18209,      19P    250
1.24089,1.29968,1.35851,1.41733,1.47625,1.5351,1.59402,1.65294,       19P    251
1.71185,1.77081,1.82976,1.88868,1.9379,1.97722,2.00667,2.02643,       19P    252
2.02643,2.02643,2.02643,1.,1.,1.,1.,1.,1.,1.,1.,1.,1.,1.,1.,1.,       19P    253
1.,1.,1.,1.,1.,1.,1.,1.,1.,1.,1.,1.,1.,1.,1.,1.,1.,1.,1.,1.,1.,       19P    254
1.,1.,1.,1.,1.,1.,1.,1.,1.,1.,1.,1.,1.,1.,1.,1.,1.,1.,1.,1.,1.,       19P    255
1.,1.,232.57,0.4468,11.437,232.57,0.447804,11.437,232.568,            19P    256
0.449515,11.437,232.564,0.449069,11.437,232.561,0.446193,11.437,      19P    257
232.561,0.443579,11.437,232.562,0.4425,11.437,232.564,0.436391,       19P    258
11.437,232.571,0.421125,11.437,232.583,0.39374,11.437,232.6,          19P    259
0.357444,11.437,232.621,0.312513,11.437,232.647,0.262194,11.437,      19P    260
232.675,0.209587,11.437,232.705,0.157793,11.437,232.736,              19P    261
0.106665,11.437,232.769,0.0564709,11.437,232.802,0.00695057,          19P    262
11.437,232.837,-0.0415186,11.437,232.873,-0.0887294,11.437,           19P    263
232.912,-0.134396,11.437,232.952,-0.178859,11.437,232.993,            19P    264
-0.221769,11.437,233.034,-0.260856,11.437,233.071,-0.29405,           19P    265
11.437,233.101,-0.319898,11.437,233.124,-0.338682,11.437,             19P    266
233.137,-0.348932,11.437,233.142,-0.353,11.437,233.144,               19P    267
-0.354826,11.437,233.151,-0.356721,11.437,233.159,-0.35209,           19P    268
11.437,233.163,-0.342816,11.437,233.16,-0.336825,11.437,233.158,      19P    269
-0.3348,11.437,233.153,-0.330349,11.437,233.141,-0.319174,            19P    270
11.437,233.12,-0.298925,11.437,233.092,-0.271459,11.437,233.057,      19P    271
-0.236512,11.437,233.019,-0.195826,11.437,232.98,-0.151996,           19P    272
11.437,232.942,-0.106916,11.437,232.905,-0.0611342,11.437,            19P    273
232.87,-0.0143754,11.437,232.835,0.0333436,11.437,232.801,            19P    274
0.0815305,11.437,232.768,0.130129,11.437,232.735,0.179157,            19P    275
11.437,232.703,0.228552,11.437,232.671,0.278205,11.437,232.642,       19P    276
0.325607,11.437,232.617,0.367637,11.437,232.597,0.40145,11.437,       19P    277
232.582,0.426896,11.437,232.573,0.441092,11.437,232.57,0.4468,        19P    278
11.437,0.,2.02643,0.,0.,0.;                                           19P    279
126,56,3,0,1,1,0,0.,0.,0.,0.,0.00316232,0.00627585,0.00938937,        21P    280
0.0125029,0.0125029,0.0125029,0.0325414,0.062558,0.102532,            21P    281
0.152457,0.212429,0.272329,0.33219,0.392095,0.451911,0.511791,        21P    282
0.571612,0.631297,0.69109,0.750851,0.810537,0.870309,0.91998,         21P    283
0.959825,0.989733,1.00957,1.00957,1.00957,1.01824,1.02691,            21P    284
1.03557,1.0442,1.0442,1.0442,1.06381,1.09325,1.13243,1.18143,         21P    285
1.24036,1.29913,1.35808,1.41696,1.47588,1.53483,1.59383,1.65282,      21P    286
1.71182,1.77085,1.8299,1.88893,1.93819,1.97756,2.00716,2.0268,        21P    287
2.0268,2.0268,2.0268,1.,1.,1.,1.,1.,1.,1.,1.,1.,1.,1.,1.,1.,1.,       21P    288
1.,1.,1.,1.,1.,1.,1.,1.,1.,1.,1.,1.,1.,1.,1.,1.,1.,1.,1.,1.,1.,       21P    289
1.,1.,1.,1.,1.,1.,1.,1.,1.,1.,1.,1.,1.,1.,1.,1.,1.,1.,1.,1.,1.,       21P    290
1.,232.57,0.4533,11.525,232.57,0.454224,11.525,232.568,0.455583,      21P    291
11.525,232.565,0.455388,11.525,232.562,0.452872,11.525,232.562,       21P    292
0.45056,11.525,232.563,0.4496,11.525,232.565,0.443423,11.525,         21P    293
232.572,0.428021,11.525,232.583,0.400417,11.525,232.6,0.363928,       21P    294
11.525,232.621,0.318696,11.525,232.646,0.267989,11.525,232.674,       21P    295
0.215108,11.525,232.704,0.162866,11.525,232.734,0.111377,11.525,      21P    296
232.766,0.0607741,11.525,232.799,0.0108432,11.525,232.834,            21P    297
-0.0380143,11.525,232.87,-0.0853418,11.525,232.908,-0.131372,         21P    298
11.525,232.948,-0.175721,11.525,232.99,-0.218628,11.525,233.031,      21P    299
-0.257377,11.525,233.068,-0.290246,11.525,233.099,-0.315633,          21P    300
11.525,233.122,-0.334107,11.525,233.136,-0.344136,11.525,             21P    301
233.141,-0.3481,11.525,233.143,-0.349831,11.525,233.149,              21P    302
-0.35154,11.525,233.158,-0.346903,11.525,233.161,-0.337841,           21P    303
11.525,233.158,-0.332107,11.525,233.156,-0.3302,11.525,233.151,       21P    304
-0.325864,11.525,233.139,-0.314948,11.525,233.117,-0.294938,          21P    305
11.525,233.089,-0.267817,11.525,233.054,-0.233211,11.525,             21P    306
233.016,-0.192916,11.525,232.976,-0.149138,11.525,232.938,            21P    307
-0.104272,11.525,232.901,-0.0584466,11.525,232.865,-0.0116715,        21P    308
11.525,232.831,0.0362094,11.525,232.797,0.0847379,11.525,             21P    309
232.764,0.133637,11.525,232.732,0.182924,11.525,232.7,0.232752,       21P    310
11.525,232.669,0.282914,11.525,232.64,0.330759,11.525,232.615,        21P    311
0.373191,11.525,232.596,0.407455,11.525,232.581,0.433186,11.525,      21P    312
232.574,0.447557,11.525,232.57,0.4533,11.525,0.,2.0268,0.,0.,0.;      21P    313
126,55,3,0,1,1,0,0.,0.,0.,0.,0.00291326,0.00581672,0.00872019,        23P    314
0.0116236,0.0116236,0.0116236,0.0317346,0.0618193,0.101868,           23P    315
0.151996,0.212063,0.272082,0.332138,0.392135,0.452164,0.512075,       23P    316
0.572051,0.631913,0.691783,0.751678,0.811572,0.871431,0.921282,       23P    317
0.961184,0.991164,1.01105,1.01105,1.01105,1.0195,1.02795,1.0364,      23P    318
1.04482,1.04482,1.06445,1.09391,1.13318,1.18233,1.24131,1.3002,       23P    319
1.35927,1.41821,1.47723,1.53629,1.59534,1.65441,1.71347,1.77266,      23P    320
1.83178,1.89092,1.94021,1.97972,2.00929,2.02907,2.02907,2.02907,      23P    321
2.02907,1.,1.,1.,1.,1.,1.,1.,1.,1.,1.,1.,1.,1.,1.,1.,1.,1.,1.,        23P    322
1.,1.,1.,1.,1.,1.,1.,1.,1.,1.,1.,1.,1.,1.,1.,1.,1.,1.,1.,1.,1.,       23P    323
1.,1.,1.,1.,1.,1.,1.,1.,1.,1.,1.,1.,1.,1.,1.,1.,1.,232.572,           23P    324
0.4602,11.594,232.571,0.461061,11.594,232.57,0.46242,11.594,          23P    325
232.566,0.46225,11.594,232.564,0.459962,11.594,232.564,0.457802,      23P    326
11.594,232.565,0.4569,11.594,232.567,0.450651,11.594,232.573,         23P    327
0.43509,11.594,232.585,0.407315,11.594,232.601,0.370471,11.594,       23P    328
232.621,0.324786,11.594,232.646,0.273715,11.594,232.673,0.22026,      23P    329
11.594,232.702,0.167599,11.594,232.732,0.115644,11.594,232.764,       23P    330
0.0646105,11.594,232.796,0.0143188,11.594,232.83,-0.0349476,          23P    331
11.594,232.867,-0.0825332,11.594,232.905,-0.128711,11.594,            23P    332
232.945,-0.173068,11.594,232.987,-0.215812,11.594,233.029,            23P    333
-0.254351,11.594,233.066,-0.286857,11.594,233.097,-0.311926,          23P    334
11.594,233.121,-0.329919,11.594,233.135,-0.339794,11.594,233.14,      23P    335
-0.3437,11.594,233.142,-0.345361,11.594,233.148,-0.346975,            23P    336
11.594,233.157,-0.342357,11.594,233.159,-0.333425,11.594,             23P    337
233.156,-0.327956,11.594,233.149,-0.321774,11.594,233.137,            23P    338
-0.310918,11.594,233.115,-0.291441,11.594,233.086,-0.264505,          23P    339
11.594,233.051,-0.230297,11.594,233.012,-0.190197,11.594,             23P    340
232.973,-0.14666,11.594,232.934,-0.101907,11.594,232.897,             23P    341
-0.056079,11.594,232.861,-0.00905526,11.594,232.827,0.0389826,        23P    342
11.594,232.794,0.0877383,11.594,232.761,0.136903,11.594,232.729,      23P    343
0.186658,11.594,232.698,0.236904,11.594,232.667,0.287623,11.594,      23P    344
232.639,0.335992,11.594,232.615,0.379002,11.594,232.596,              23P    345
0.413654,11.594,232.583,0.439803,11.594,232.575,0.45436,11.594,       23P    346
232.572,0.4602,11.594,0.,2.02907,0.,0.,0.;                            23P    347
126,56,3,0,1,1,0,0.,0.,0.,0.,0.00258037,0.00518505,0.00778973,        25P    348
0.0103944,0.0103944,0.0103944,0.0305145,0.0606409,0.1009,             25P    349
0.151139,0.21138,0.271624,0.331916,0.392126,0.452289,0.512466,        25P    350
0.57257,0.63271,0.692939,0.753042,0.813075,0.873166,0.923216,         25P    351
0.963323,0.993284,1.01337,1.01337,1.01337,1.02146,1.02955,            25P    352
1.03763,1.0457,1.0457,1.0457,1.06536,1.09498,1.13434,1.18364,         25P    353
1.24269,1.30185,1.36105,1.42019,1.47937,1.53863,1.59774,1.65699,      25P    354
1.71621,1.77548,1.83477,1.89406,1.94348,1.98306,2.01271,2.03253,      25P    355
2.03253,2.03253,2.03253,1.,1.,1.,1.,1.,1.,1.,1.,1.,1.,1.,1.,1.,       25P    356
1.,1.,1.,1.,1.,1.,1.,1.,1.,1.,1.,1.,1.,1.,1.,1.,1.,1.,1.,1.,1.,       25P    357
1.,1.,1.,1.,1.,1.,1.,1.,1.,1.,1.,1.,1.,1.,1.,1.,1.,1.,1.,1.,1.,       25P    358
1.,1.,232.576,0.4712,11.696,232.575,0.471978,11.696,232.574,          25P    359
0.473348,11.696,232.571,0.473251,11.696,232.569,0.471256,11.696,      25P    360
232.569,0.469317,11.696,232.569,0.4685,11.696,232.572,0.462191,       25P    361
11.696,232.577,0.446461,11.696,232.588,0.418199,11.696,232.603,       25P    362
0.380875,11.696,232.622,0.334543,11.696,232.646,0.282683,11.696,      25P    363
232.672,0.228466,11.696,232.7,0.174975,11.696,232.729,0.1224,         25P    364
11.696,232.76,0.0705401,11.696,232.792,0.0196467,11.696,232.825,      25P    365
-0.0301995,11.696,232.862,-0.0783201,11.696,232.9,-0.12466,           25P    366
11.696,232.94,-0.169223,11.696,232.983,-0.211711,11.696,233.025,      25P    367
-0.250142,11.696,233.063,-0.282196,11.696,233.095,-0.306885,          25P    368
11.696,233.119,-0.324745,11.696,233.133,-0.334378,11.696,             25P    369
233.138,-0.3382,11.696,233.14,-0.339739,11.696,233.146,               25P    370
-0.341128,11.696,233.154,-0.336538,11.696,233.156,-0.327963,          25P    371
11.696,233.153,-0.322725,11.696,233.151,-0.321,11.696,233.146,        25P    372
-0.316798,11.696,233.134,-0.30619,11.696,233.111,-0.2867,11.696,      25P    373
233.082,-0.260305,11.696,233.046,-0.226318,11.696,233.007,            25P    374
-0.186583,11.696,232.967,-0.143237,11.696,232.928,-0.098381,          25P    375
11.696,232.891,-0.0525193,11.696,232.855,-0.00526842,11.696,          25P    376
232.821,0.0431159,11.696,232.788,0.0923594,11.696,232.756,            25P    377
0.142079,11.696,232.725,0.192529,11.696,232.695,0.243497,11.696,      25P    378
232.666,0.295133,11.696,232.639,0.34429,11.696,232.616,0.388241,      25P    379
11.696,232.598,0.423588,11.696,232.586,0.450333,11.696,232.579,       25P    380
0.465226,11.696,232.576,0.4712,11.696,0.,2.03253,0.,0.,0.;            25P    381
126,54,3,0,1,1,0,0.,0.,0.,0.,0.00553474,0.0110255,0.0165162,          27P    382
0.022007,0.022007,0.0422599,0.0726464,0.113138,0.163732,              27P    383
0.224433,0.285131,0.345711,0.406288,0.466933,0.527404,0.588012,       27P    384
0.648539,0.708992,0.769529,0.829925,0.890444,0.940792,0.981041,       27P    385
1.01129,1.03146,1.03146,1.04269,1.05391,1.06512,1.07637,1.07637,      27P    386
1.07637,1.09591,1.12521,1.1643,1.21308,1.27166,1.33033,1.38897,       27P    387
1.44757,1.5062,1.56493,1.62364,1.68233,1.74107,1.79986,1.85865,       27P    388
1.91752,1.96656,2.00581,2.03524,2.0549,2.0549,2.0549,2.0549,1.,       27P    389
1.,1.,1.,1.,1.,1.,1.,1.,1.,1.,1.,1.,1.,1.,1.,1.,1.,1.,1.,1.,1.,       27P    390
1.,1.,1.,1.,1.,1.,1.,1.,1.,1.,1.,1.,1.,1.,1.,1.,1.,1.,1.,1.,1.,       27P    391
1.,1.,1.,1.,1.,1.,1.,1.,1.,1.,1.,1.,232.558,0.3828,10.761,            27P    392
232.557,0.384286,10.761,232.554,0.386338,10.761,232.548,              27P    393
0.385542,10.761,232.544,0.381047,10.761,232.544,0.377024,10.761,      27P    394
232.547,0.368939,10.761,232.552,0.353101,10.761,232.564,0.32493,      27P    395
10.761,232.58,0.287809,10.761,232.602,0.242297,10.761,232.63,         27P    396
0.192017,10.761,232.662,0.140519,10.761,232.697,0.0909399,            27P    397
10.761,232.735,0.0435397,10.761,232.775,-0.00177465,10.761,           27P    398
232.818,-0.0445949,10.761,232.862,-0.0852066,10.761,232.909,          27P    399
-0.124469,10.761,232.956,-0.162011,10.761,233.005,-0.197764,          27P    400
10.761,233.055,-0.231783,10.761,233.103,-0.262416,10.761,             27P    401
233.146,-0.28791,10.761,233.182,-0.307373,10.761,233.208,             27P    402
-0.321647,10.761,233.223,-0.329216,10.761,233.233,-0.33386,           27P    403
10.761,233.241,-0.334721,10.761,233.251,-0.32696,10.761,233.252,      27P    404
-0.314756,10.761,233.247,-0.307953,10.761,233.244,-0.306,10.761,      27P    405
233.239,-0.302607,10.761,233.225,-0.294038,10.761,233.2,              27P    406
-0.278048,10.761,233.168,-0.256476,10.761,233.128,-0.228148,          27P    407
10.761,233.084,-0.194979,10.761,233.038,-0.158045,10.761,             27P    408
232.994,-0.119679,10.761,232.951,-0.0797002,10.761,232.909,           27P    409
-0.0384531,10.761,232.869,0.00448108,10.761,232.83,0.0481111,         27P    410
10.761,232.791,0.0922381,10.761,232.753,0.136834,10.761,232.715,      27P    411
0.181942,10.761,232.678,0.227417,10.761,232.643,0.27098,10.761,       27P    412
232.613,0.309664,10.761,232.59,0.340879,10.761,232.572,0.364369,      27P    413
10.761,232.562,0.377521,10.761,232.558,0.3828,10.761,0.,2.0549,       27P    414
0.,0.,0.;                                                             27P    415
128,312,12,3,3,1,0,1,0,0,0.,0.,0.,0.,0.00320615,0.00440443,           29P    416
0.00553474,0.00770145,0.00883222,0.00986405,0.00986405,               29P    417
0.0110255,0.0110255,0.01326,0.01326,0.0147951,0.0147951,              29P    418
0.0165162,0.0176878,0.0176878,0.0187094,0.0187094,0.0197262,          29P    419
0.0197262,0.0209217,0.0209217,0.022007,0.022007,0.0308504,            29P    420
0.0329925,0.0344475,0.0355741,0.0388143,0.0398883,0.0411379,          29P    421
0.0422599,0.0613084,0.0634252,0.0648211,0.0658925,0.0681245,          29P    422
0.0701159,0.0713904,0.0726464,0.10201,0.103954,0.106307,              29P    423
0.109437,0.110484,0.111661,0.113138,0.152802,0.15457,0.156822,        29P    424
0.159774,0.160825,0.162096,0.163732,0.213707,0.215373,0.217363,       29P    425
0.220282,0.221323,0.222538,0.224433,0.274614,0.276104,0.277909,       29P    426
0.280657,0.281728,0.283049,0.285131,0.335569,0.336794,0.338442,       29P    427
0.340164,0.342153,0.343511,0.345711,0.396442,0.39753,0.399048,        29P    428
0.401535,0.402592,0.403972,0.406288,0.458175,0.459509,0.46104,        29P    429
0.462921,0.464374,0.465841,0.466933,0.518885,0.520064,0.522296,       29P    430
0.523338,0.524761,0.526246,0.527404,0.579335,0.580476,0.58257,        29P    431
0.583651,0.585173,0.586688,0.588012,0.639674,0.640966,0.642176,       29P    432
0.643936,0.645551,0.647114,0.648539,0.701399,0.703297,0.704327,       29P    433
0.705893,0.707594,0.708992,0.761841,0.763578,0.764672,0.766261,       29P    434
0.767994,0.769529,0.822217,0.823886,0.824958,0.826573,0.828369,       29P    435
0.829925,0.882666,0.884135,0.885242,0.886911,0.888729,0.890444,       29P    436
0.932912,0.934387,0.935426,0.937186,0.939067,0.940792,0.973174,       29P    437
0.974471,0.975605,0.977403,0.979363,0.981041,1.00399,1.00578,         29P    438
1.00751,1.01129,1.02347,1.02347,1.02477,1.02477,1.02586,1.02586,      29P    439
1.02765,1.02765,1.02966,1.02966,1.03146,1.03146,1.03281,1.03493,      29P    440
1.03627,1.03867,1.04072,1.04269,1.04388,1.04509,1.04668,1.04968,      29P    441
1.05178,1.05391,1.05525,1.05709,1.05709,1.05812,1.05812,1.05964,      29P    442
1.05964,1.0607,1.0607,1.06283,1.06283,1.06512,1.06512,1.06751,        29P    443
1.06751,1.07032,1.07032,1.07385,1.07385,1.07637,1.07637,1.078,        29P    444
1.07952,1.08069,1.08346,1.08517,1.08728,1.09004,1.09345,1.09591,      29P    445
1.10784,1.10935,1.11037,1.11311,1.1148,1.11683,1.11948,1.12285,       29P    446
1.12521,1.14761,1.14901,1.15009,1.1527,1.15429,1.15622,1.15883,       29P    447
1.16199,1.1643,1.19738,1.1987,1.19972,1.20217,1.2037,1.20803,         29P    448
1.21098,1.21308,1.25637,1.25755,1.25926,1.26161,1.26299,1.26471,      29P    449
1.267,1.26978,1.27166,1.31714,1.31888,1.32109,1.32236,1.32396,        29P    450
1.32605,1.32852,1.33033,1.3769,1.37844,1.3805,1.38164,1.38315,        29P    451
1.38508,1.38738,1.38897,1.4366,1.43806,1.43992,1.44098,1.44231,       29P    452
1.44412,1.44612,1.44757,1.49634,1.4977,1.49933,1.50156,1.50313,       29P    453
1.50494,1.5062,1.55611,1.55738,1.55965,1.56084,1.56222,1.56381,       29P    454
1.56493,1.61592,1.61706,1.61835,1.62007,1.62126,1.62364,1.67548,      29P    455
1.67669,1.67788,1.67931,1.68036,1.68233,1.73529,1.73637,1.73787,      29P    456
1.73952,1.74107,1.79502,1.7961,1.79729,1.79862,1.79986,1.8558,        29P    457
1.85719,1.85865,1.91521,1.91642,1.91752,1.96531,1.96656,2.00581,      29P    458
2.03524,2.0549,2.0549,2.0549,2.0549,0.,0.,0.,0.,0.0736082,            29P    459
0.164294,0.253843,0.340327,0.425706,0.592145,0.679356,0.767597,       29P    460
0.836955,0.93962,0.93962,0.93962,0.93962,1.,1.,1.,1.,1.,1.,1.,        29P    461
1.,1.,1.,1.,1.,1.,1.,1.,1.,1.,1.,1.,1.,1.,1.,1.,1.,1.,1.,1.,1.,       29P    462
1.,1.,1.,1.,1.,1.,1.,1.,1.,1.,1.,1.,1.,1.,1.,1.,1.,1.,1.,1.,1.,       29P    463
1.,1.,1.,1.,1.,1.,1.,1.,1.,1.,1.,1.,1.,1.,1.,1.,1.,1.,1.,1.,1.,       29P    464
1.,1.,1.,1.,1.,1.,1.,1.,1.,1.,1.,1.,1.,1.,1.,1.,1.,1.,1.,1.,1.,       29P    465
1.,1.,1.,1.,1.,1.,1.,1.,1.,1.,1.,1.,1.,1.,1.,1.,1.,1.,1.,1.,1.,       29P    466
1.,1.,1.,1.,1.,1.,1.,1.,1.,1.,1.,1.,1.,1.,1.,1.,1.,1.,1.,1.,1.,       29P    467
1.,1.,1.,1.,1.,1.,1.,1.,1.,1.,1.,1.,1.,1.,1.,1.,1.,1.,1.,1.,1.,       29P    468
1.,1.,1.,1.,1.,1.,1.,1.,1.,1.,1.,1.,1.,1.,1.,1.,1.,1.,1.,1.,1.,       29P    469
1.,1.,1.,1.,1.,1.,1.,1.,1.,1.,1.,1.,1.,1.,1.,1.,1.,1.,1.,1.,1.,       29P    470
1.,1.,1.,1.,1.,1.,1.,1.,1.,1.,1.,1.,1.,1.,1.,1.,1.,1.,1.,1.,1.,       29P    471
1.,1.,1.,1.,1.,1.,1.,1.,1.,1.,1.,1.,1.,1.,1.,1.,1.,1.,1.,1.,1.,       29P    472
1.,1.,1.,1.,1.,1.,1.,1.,1.,1.,1.,1.,1.,1.,1.,1.,1.,1.,1.,1.,1.,       29P    473
1.,1.,1.,1.,1.,1.,1.,1.,1.,1.,1.,1.,1.,1.,1.,1.,1.,1.,1.,1.,1.,       29P    474
1.,1.,1.,1.,1.,1.,1.,1.,1.,1.,1.,1.,1.,1.,1.,1.,1.,1.,1.,1.,1.,       29P    475
1.,1.,1.,1.,1.,1.,1.,1.,1.,1.,1.,1.,1.,1.,1.,1.,1.,1.,1.,1.,1.,       29P    476
1.,1.,1.,1.,1.,1.,1.,1.,1.,1.,1.,1.,1.,1.,1.,1.,1.,1.,1.,1.,1.,       29P    477
1.,1.,1.,1.,1.,1.,1.,1.,1.,1.,1.,1.,1.,1.,1.,1.,1.,1.,1.,1.,1.,       29P    478
1.,1.,1.,1.,1.,1.,1.,1.,1.,1.,1.,1.,1.,1.,1.,1.,1.,1.,1.,1.,1.,       29P    479
1.,1.,1.,1.,1.,1.,1.,1.,1.,1.,1.,1.,1.,1.,1.,1.,1.,1.,1.,1.,1.,       29P    480
1.,1.,1.,1.,1.,1.,1.,1.,1.,1.,1.,1.,1.,1.,1.,1.,1.,1.,1.,1.,1.,       29P    481
1.,1.,1.,1.,1.,1.,1.,1.,1.,1.,1.,1.,1.,1.,1.,1.,1.,1.,1.,1.,1.,       29P    482
1.,1.,1.,1.,1.,1.,1.,1.,1.,1.,1.,1.,1.,1.,1.,1.,1.,1.,1.,1.,1.,       29P    483
1.,1.,1.,1.,1.,1.,1.,1.,1.,1.,1.,1.,1.,1.,1.,1.,1.,1.,1.,1.,1.,       29P    484
1.,1.,1.,1.,1.,1.,1.,1.,1.,1.,1.,1.,1.,1.,1.,1.,1.,1.,1.,1.,1.,       29P    485
1.,1.,1.,1.,1.,1.,1.,1.,1.,1.,1.,1.,1.,1.,1.,1.,1.,1.,1.,1.,1.,       29P    486
1.,1.,1.,1.,1.,1.,1.,1.,1.,1.,1.,1.,1.,1.,1.,1.,1.,1.,1.,1.,1.,       29P    487
1.,1.,1.,1.,1.,1.,1.,1.,1.,1.,1.,1.,1.,1.,1.,1.,1.,1.,1.,1.,1.,       29P    488
1.,1.,1.,1.,1.,1.,1.,1.,1.,1.,1.,1.,1.,1.,1.,1.,1.,1.,1.,1.,1.,       29P    489
1.,1.,1.,1.,1.,1.,1.,1.,1.,1.,1.,1.,1.,1.,1.,1.,1.,1.,1.,1.,1.,       29P    490
1.,1.,1.,1.,1.,1.,1.,1.,1.,1.,1.,1.,1.,1.,1.,1.,1.,1.,1.,1.,1.,       29P    491
1.,1.,1.,1.,1.,1.,1.,1.,1.,1.,1.,1.,1.,1.,1.,1.,1.,1.,1.,1.,1.,       29P    492
1.,1.,1.,1.,1.,1.,1.,1.,1.,1.,1.,1.,1.,1.,1.,1.,1.,1.,1.,1.,1.,       29P    493
1.,1.,1.,1.,1.,1.,1.,1.,1.,1.,1.,1.,1.,1.,1.,1.,1.,1.,1.,1.,1.,       29P    494
1.,1.,1.,1.,1.,1.,1.,1.,1.,1.,1.,1.,1.,1.,1.,1.,1.,1.,1.,1.,1.,       29P    495
1.,1.,1.,1.,1.,1.,1.,1.,1.,1.,1.,1.,1.,1.,1.,1.,1.,1.,1.,1.,1.,       29P    496
1.,1.,1.,1.,1.,1.,1.,1.,1.,1.,1.,1.,1.,1.,1.,1.,1.,1.,1.,1.,1.,       29P    497
1.,1.,1.,1.,1.,1.,1.,1.,1.,1.,1.,1.,1.,1.,1.,1.,1.,1.,1.,1.,1.,       29P    498
1.,1.,1.,1.,1.,1.,1.,1.,1.,1.,1.,1.,1.,1.,1.,1.,1.,1.,1.,1.,1.,       29P    499
1.,1.,1.,1.,1.,1.,1.,1.,1.,1.,1.,1.,1.,1.,1.,1.,1.,1.,1.,1.,1.,       29P    500
1.,1.,1.,1.,1.,1.,1.,1.,1.,1.,1.,1.,1.,1.,1.,1.,1.,1.,1.,1.,1.,       29P    501
1.,1.,1.,1.,1.,1.,1.,1.,1.,1.,1.,1.,1.,1.,1.,1.,1.,1.,1.,1.,1.,       29P    502
1.,1.,1.,1.,1.,1.,1.,1.,1.,1.,1.,1.,1.,1.,1.,1.,1.,1.,1.,1.,1.,       29P    503
1.,1.,1.,1.,1.,1.,1.,1.,1.,1.,1.,1.,1.,1.,1.,1.,1.,1.,1.,1.,1.,       29P    504
1.,1.,1.,1.,1.,1.,1.,1.,1.,1.,1.,1.,1.,1.,1.,1.,1.,1.,1.,1.,1.,       29P    505
1.,1.,1.,1.,1.,1.,1.,1.,1.,1.,1.,1.,1.,1.,1.,1.,1.,1.,1.,1.,1.,       29P    506
1.,1.,1.,1.,1.,1.,1.,1.,1.,1.,1.,1.,1.,1.,1.,1.,1.,1.,1.,1.,1.,       29P    507
1.,1.,1.,1.,1.,1.,1.,1.,1.,1.,1.,1.,1.,1.,1.,1.,1.,1.,1.,1.,1.,       29P    508
1.,1.,1.,1.,1.,1.,1.,1.,1.,1.,1.,1.,1.,1.,1.,1.,1.,1.,1.,1.,1.,       29P    509
1.,1.,1.,1.,1.,1.,1.,1.,1.,1.,1.,1.,1.,1.,1.,1.,1.,1.,1.,1.,1.,       29P    510
1.,1.,1.,1.,1.,1.,1.,1.,1.,1.,1.,1.,1.,1.,1.,1.,1.,1.,1.,1.,1.,       29P    511
1.,1.,1.,1.,1.,1.,1.,1.,1.,1.,1.,1.,1.,1.,1.,1.,1.,1.,1.,1.,1.,       29P    512
1.,1.,1.,1.,1.,1.,1.,1.,1.,1.,1.,1.,1.,1.,1.,1.,1.,1.,1.,1.,1.,       29P    513
1.,1.,1.,1.,1.,1.,1.,1.,1.,1.,1.,1.,1.,1.,1.,1.,1.,1.,1.,1.,1.,       29P    514
1.,1.,1.,1.,1.,1.,1.,1.,1.,1.,1.,1.,1.,1.,1.,1.,1.,1.,1.,1.,1.,       29P    515
1.,1.,1.,1.,1.,1.,1.,1.,1.,1.,1.,1.,1.,1.,1.,1.,1.,1.,1.,1.,1.,       29P    516
1.,1.,1.,1.,1.,1.,1.,1.,1.,1.,1.,1.,1.,1.,1.,1.,1.,1.,1.,1.,1.,       29P    517
1.,1.,1.,1.,1.,1.,1.,1.,1.,1.,1.,1.,1.,1.,1.,1.,1.,1.,1.,1.,1.,       29P    518
1.,1.,1.,1.,1.,1.,1.,1.,1.,1.,1.,1.,1.,1.,1.,1.,1.,1.,1.,1.,1.,       29P    519
1.,1.,1.,1.,1.,1.,1.,1.,1.,1.,1.,1.,1.,1.,1.,1.,1.,1.,1.,1.,1.,       29P    520
1.,1.,1.,1.,1.,1.,1.,1.,1.,1.,1.,1.,1.,1.,1.,1.,1.,1.,1.,1.,1.,       29P    521
1.,1.,1.,1.,1.,1.,1.,1.,1.,1.,1.,1.,1.,1.,1.,1.,1.,1.,1.,1.,1.,       29P    522
1.,1.,1.,1.,1.,1.,1.,1.,1.,1.,1.,1.,1.,1.,1.,1.,1.,1.,1.,1.,1.,       29P    523
1.,1.,1.,1.,1.,1.,1.,1.,1.,1.,1.,1.,1.,1.,1.,1.,1.,1.,1.,1.,1.,       29P    524
1.,1.,1.,1.,1.,1.,1.,1.,1.,1.,1.,1.,1.,1.,1.,1.,1.,1.,1.,1.,1.,       29P    525
1.,1.,1.,1.,1.,1.,1.,1.,1.,1.,1.,1.,1.,1.,1.,1.,1.,1.,1.,1.,1.,       29P    526
1.,1.,1.,1.,1.,1.,1.,1.,1.,1.,1.,1.,1.,1.,1.,1.,1.,1.,1.,1.,1.,       29P    527
1.,1.,1.,1.,1.,1.,1.,1.,1.,1.,1.,1.,1.,1.,1.,1.,1.,1.,1.,1.,1.,       29P    528
1.,1.,1.,1.,1.,1.,1.,1.,1.,1.,1.,1.,1.,1.,1.,1.,1.,1.,1.,1.,1.,       29P    529
1.,1.,1.,1.,1.,1.,1.,1.,1.,1.,1.,1.,1.,1.,1.,1.,1.,1.,1.,1.,1.,       29P    530
1.,1.,1.,1.,1.,1.,1.,1.,1.,1.,1.,1.,1.,1.,1.,1.,1.,1.,1.,1.,1.,       29P    531
1.,1.,1.,1.,1.,1.,1.,1.,1.,1.,1.,1.,1.,1.,1.,1.,1.,1.,1.,1.,1.,       29P    532
1.,1.,1.,1.,1.,1.,1.,1.,1.,1.,1.,1.,1.,1.,1.,1.,1.,1.,1.,1.,1.,       29P    533
1.,1.,1.,1.,1.,1.,1.,1.,1.,1.,1.,1.,1.,1.,1.,1.,1.,1.,1.,1.,1.,       29P    534
1.,1.,1.,1.,1.,1.,1.,1.,1.,1.,1.,1.,1.,1.,1.,1.,1.,1.,1.,1.,1.,       29P    535
1.,1.,1.,1.,1.,1.,1.,1.,1.,1.,1.,1.,1.,1.,1.,1.,1.,1.,1.,1.,1.,       29P    536
1.,1.,1.,1.,1.,1.,1.,1.,1.,1.,1.,1.,1.,1.,1.,1.,1.,1.,1.,1.,1.,       29P    537
1.,1.,1.,1.,1.,1.,1.,1.,1.,1.,1.,1.,1.,1.,1.,1.,1.,1.,1.,1.,1.,       29P    538
1.,1.,1.,1.,1.,1.,1.,1.,1.,1.,1.,1.,1.,1.,1.,1.,1.,1.,1.,1.,1.,       29P    539
1.,1.,1.,1.,1.,1.,1.,1.,1.,1.,1.,1.,1.,1.,1.,1.,1.,1.,1.,1.,1.,       29P    540
1.,1.,1.,1.,1.,1.,1.,1.,1.,1.,1.,1.,1.,1.,1.,1.,1.,1.,1.,1.,1.,       29P    541
1.,1.,1.,1.,1.,1.,1.,1.,1.,1.,1.,1.,1.,1.,1.,1.,1.,1.,1.,1.,1.,       29P    542
1.,1.,1.,1.,1.,1.,1.,1.,1.,1.,1.,1.,1.,1.,1.,1.,1.,1.,1.,1.,1.,       29P    543
1.,1.,1.,1.,1.,1.,1.,1.,1.,1.,1.,1.,1.,1.,1.,1.,1.,1.,1.,1.,1.,       29P    544
1.,1.,1.,1.,1.,1.,1.,1.,1.,1.,1.,1.,1.,1.,1.,1.,1.,1.,1.,1.,1.,       29P    545
1.,1.,1.,1.,1.,1.,1.,1.,1.,1.,1.,1.,1.,1.,1.,1.,1.,1.,1.,1.,1.,       29P    546
1.,1.,1.,1.,1.,1.,1.,1.,1.,1.,1.,1.,1.,1.,1.,1.,1.,1.,1.,1.,1.,       29P    547
1.,1.,1.,1.,1.,1.,1.,1.,1.,1.,1.,1.,1.,1.,1.,1.,1.,1.,1.,1.,1.,       29P    548
1.,1.,1.,1.,1.,1.,1.,1.,1.,1.,1.,1.,1.,1.,1.,1.,1.,1.,1.,1.,1.,       29P    549
1.,1.,1.,1.,1.,1.,1.,1.,1.,1.,1.,1.,1.,1.,1.,1.,1.,1.,1.,1.,1.,       29P    550
1.,1.,1.,1.,1.,1.,1.,1.,1.,1.,1.,1.,1.,1.,1.,1.,1.,1.,1.,1.,1.,       29P    551
1.,1.,1.,1.,1.,1.,1.,1.,1.,1.,1.,1.,1.,1.,1.,1.,1.,1.,1.,1.,1.,       29P    552
1.,1.,1.,1.,1.,1.,1.,1.,1.,1.,1.,1.,1.,1.,1.,1.,1.,1.,1.,1.,1.,       29P    553
1.,1.,1.,1.,1.,1.,1.,1.,1.,1.,1.,1.,1.,1.,1.,1.,1.,1.,1.,1.,1.,       29P    554
1.,1.,1.,1.,1.,1.,1.,1.,1.,1.,1.,1.,1.,1.,1.,1.,1.,1.,1.,1.,1.,       29P    555
1.,1.,1.,1.,1.,1.,1.,1.,1.,1.,1.,1.,1.,1.,1.,1.,1.,1.,1.,1.,1.,       29P    556
1.,1.,1.,1.,1.,1.,1.,1.,1.,1.,1.,1.,1.,1.,1.,1.,1.,1.,1.,1.,1.,       29P    557
1.,1.,1.,1.,1.,1.,1.,1.,1.,1.,1.,1.,1.,1.,1.,1.,1.,1.,1.,1.,1.,       29P    558
1.,1.,1.,1.,1.,1.,1.,1.,1.,1.,1.,1.,1.,1.,1.,1.,1.,1.,1.,1.,1.,       29P    559
1.,1.,1.,1.,1.,1.,1.,1.,1.,1.,1.,1.,1.,1.,1.,1.,1.,1.,1.,1.,1.,       29P    560
1.,1.,1.,1.,1.,1.,1.,1.,1.,1.,1.,1.,1.,1.,1.,1.,1.,1.,1.,1.,1.,       29P    561
1.,1.,1.,1.,1.,1.,1.,1.,1.,1.,1.,1.,1.,1.,1.,1.,1.,1.,1.,1.,1.,       29P    562
1.,1.,1.,1.,1.,1.,1.,1.,1.,1.,1.,1.,1.,1.,1.,1.,1.,1.,1.,1.,1.,       29P    563
1.,1.,1.,1.,1.,1.,1.,1.,1.,1.,1.,1.,1.,1.,1.,1.,1.,1.,1.,1.,1.,       29P    564
1.,1.,1.,1.,1.,1.,1.,1.,1.,1.,1.,1.,1.,1.,1.,1.,1.,1.,1.,1.,1.,       29P    565
1.,1.,1.,1.,1.,1.,1.,1.,1.,1.,1.,1.,1.,1.,1.,1.,1.,1.,1.,1.,1.,       29P    566
1.,1.,1.,1.,1.,1.,1.,1.,1.,1.,1.,1.,1.,1.,1.,1.,1.,1.,1.,1.,1.,       29P    567
1.,1.,1.,1.,1.,1.,1.,1.,1.,1.,1.,1.,1.,1.,1.,1.,1.,1.,1.,1.,1.,       29P    568
1.,1.,1.,1.,1.,1.,1.,1.,1.,1.,1.,1.,1.,1.,1.,1.,1.,1.,1.,1.,1.,       29P    569
1.,1.,1.,1.,1.,1.,1.,1.,1.,1.,1.,1.,1.,1.,1.,1.,1.,1.,1.,1.,1.,       29P    570
1.,1.,1.,1.,1.,1.,1.,1.,1.,1.,1.,1.,1.,1.,1.,1.,1.,1.,1.,1.,1.,       29P    571
1.,1.,1.,1.,1.,1.,1.,1.,1.,1.,1.,1.,1.,1.,1.,1.,1.,1.,1.,1.,1.,       29P    572
1.,1.,1.,1.,1.,1.,1.,1.,1.,1.,1.,1.,1.,1.,1.,1.,1.,1.,1.,1.,1.,       29P    573
1.,1.,1.,1.,1.,1.,1.,1.,1.,1.,1.,1.,1.,1.,1.,1.,1.,1.,1.,1.,1.,       29P    574
1.,1.,1.,1.,1.,1.,1.,1.,1.,1.,1.,1.,1.,1.,1.,1.,1.,1.,1.,1.,1.,       29P    575
1.,1.,1.,1.,1.,1.,1.,1.,1.,1.,1.,1.,1.,1.,1.,1.,1.,1.,1.,1.,1.,       29P    576
1.,1.,1.,1.,1.,1.,1.,1.,1.,1.,1.,1.,1.,1.,1.,1.,1.,1.,1.,1.,1.,       29P    577
1.,1.,1.,1.,1.,1.,1.,1.,1.,1.,1.,1.,1.,1.,1.,1.,1.,1.,1.,1.,1.,       29P    578
1.,1.,1.,1.,1.,1.,1.,1.,1.,1.,1.,1.,1.,1.,1.,1.,1.,1.,1.,1.,1.,       29P    579
1.,1.,1.,1.,1.,1.,1.,1.,1.,1.,1.,1.,1.,1.,1.,1.,1.,1.,1.,1.,1.,       29P    580
1.,1.,1.,1.,1.,1.,1.,1.,1.,1.,1.,1.,1.,1.,1.,1.,1.,1.,1.,1.,1.,       29P    581
1.,1.,1.,1.,1.,1.,1.,1.,1.,1.,1.,1.,1.,1.,1.,1.,1.,1.,1.,1.,1.,       29P    582
1.,1.,1.,1.,1.,1.,1.,1.,1.,1.,1.,1.,1.,1.,1.,1.,1.,1.,1.,1.,1.,       29P    583
1.,1.,1.,1.,1.,1.,1.,1.,1.,1.,1.,1.,1.,1.,1.,1.,1.,1.,1.,1.,1.,       29P    584
1.,1.,1.,1.,1.,1.,1.,1.,1.,1.,1.,1.,1.,1.,1.,1.,1.,1.,1.,1.,1.,       29P    585
1.,1.,1.,1.,1.,1.,1.,1.,1.,1.,1.,1.,1.,1.,1.,1.,1.,1.,1.,1.,1.,       29P    586
1.,1.,1.,1.,1.,1.,1.,1.,1.,1.,1.,1.,1.,1.,1.,1.,1.,1.,1.,1.,1.,       29P    587
1.,1.,1.,1.,1.,1.,1.,1.,1.,1.,1.,1.,1.,1.,1.,1.,1.,1.,1.,1.,1.,       29P    588
1.,1.,1.,1.,1.,1.,1.,1.,1.,1.,1.,1.,1.,1.,1.,1.,1.,1.,1.,1.,1.,       29P    589
1.,1.,1.,1.,1.,1.,1.,1.,1.,1.,1.,1.,1.,1.,1.,1.,1.,1.,1.,1.,1.,       29P    590
1.,1.,1.,1.,1.,1.,1.,1.,1.,1.,1.,1.,1.,1.,1.,1.,1.,1.,1.,1.,1.,       29P    591
1.,1.,1.,1.,1.,1.,1.,1.,1.,1.,1.,1.,1.,1.,1.,1.,1.,1.,1.,1.,1.,       29P    592
1.,1.,1.,1.,1.,1.,1.,1.,1.,1.,1.,1.,1.,1.,1.,1.,1.,1.,1.,1.,1.,       29P    593
1.,1.,1.,1.,1.,1.,1.,1.,1.,1.,1.,1.,1.,1.,1.,1.,1.,1.,1.,1.,1.,       29P    594
1.,1.,1.,1.,1.,1.,1.,1.,1.,1.,1.,1.,1.,1.,1.,1.,1.,1.,1.,1.,1.,       29P    595
1.,1.,1.,1.,1.,1.,1.,1.,1.,1.,1.,1.,1.,1.,1.,1.,1.,1.,1.,1.,1.,       29P    596
1.,1.,1.,1.,1.,1.,1.,1.,1.,1.,1.,1.,1.,1.,1.,1.,1.,1.,1.,1.,1.,       29P    597
1.,1.,1.,1.,1.,1.,1.,1.,1.,1.,1.,1.,1.,1.,1.,1.,1.,1.,1.,1.,1.,       29P    598
1.,1.,1.,1.,1.,1.,1.,1.,1.,1.,1.,1.,1.,1.,1.,1.,1.,1.,1.,1.,1.,       29P    599
1.,1.,1.,1.,1.,1.,1.,1.,1.,1.,1.,1.,1.,1.,1.,1.,1.,1.,1.,1.,1.,       29P    600
1.,1.,1.,1.,1.,1.,1.,1.,1.,1.,1.,1.,1.,1.,1.,1.,1.,1.,1.,1.,1.,       29P    601
1.,1.,1.,1.,1.,1.,1.,1.,1.,1.,1.,1.,1.,1.,1.,1.,1.,1.,1.,1.,1.,       29P    602
1.,1.,1.,1.,1.,1.,1.,1.,1.,1.,1.,1.,1.,1.,1.,1.,1.,1.,1.,1.,1.,       29P    603
1.,1.,1.,1.,1.,1.,1.,1.,1.,1.,1.,1.,1.,1.,1.,1.,1.,1.,1.,1.,1.,       29P    604
1.,1.,1.,1.,1.,1.,1.,1.,1.,1.,1.,1.,1.,1.,1.,1.,1.,1.,1.,1.,1.,       29P    605
1.,1.,1.,1.,1.,1.,1.,1.,1.,1.,1.,1.,1.,1.,1.,1.,1.,1.,1.,1.,1.,       29P    606
1.,1.,1.,1.,1.,1.,1.,1.,1.,1.,1.,1.,1.,1.,1.,1.,1.,1.,1.,1.,1.,       29P    607
1.,1.,1.,1.,1.,1.,1.,1.,1.,1.,1.,1.,1.,1.,1.,1.,1.,1.,1.,1.,1.,       29P    608
1.,1.,1.,1.,1.,1.,1.,1.,1.,1.,1.,1.,1.,1.,1.,1.,1.,1.,1.,1.,1.,       29P    609
1.,1.,1.,1.,1.,1.,1.,1.,1.,1.,1.,1.,1.,1.,1.,1.,1.,1.,1.,1.,1.,       29P    610
1.,1.,1.,1.,1.,1.,1.,1.,1.,1.,1.,1.,1.,1.,1.,1.,1.,1.,1.,1.,1.,       29P    611
1.,1.,1.,1.,1.,1.,1.,1.,1.,1.,1.,1.,1.,1.,1.,1.,1.,1.,1.,1.,1.,       29P    612
1.,1.,1.,1.,1.,1.,1.,1.,1.,1.,1.,1.,1.,1.,1.,1.,1.,1.,1.,1.,1.,       29P    613
1.,1.,1.,1.,1.,1.,1.,1.,1.,1.,1.,1.,1.,1.,1.,1.,1.,1.,1.,1.,1.,       29P    614
1.,1.,1.,1.,1.,1.,1.,1.,1.,1.,1.,1.,1.,1.,1.,1.,1.,1.,1.,1.,1.,       29P    615
1.,1.,1.,1.,1.,1.,1.,1.,1.,1.,1.,1.,1.,1.,1.,1.,1.,1.,1.,1.,1.,       29P    616
1.,1.,1.,1.,1.,1.,1.,1.,1.,1.,1.,1.,1.,1.,1.,1.,1.,1.,1.,1.,1.,       29P    617
1.,1.,1.,1.,1.,1.,1.,1.,1.,1.,1.,1.,1.,1.,1.,1.,1.,1.,1.,1.,1.,       29P    618
1.,1.,1.,1.,1.,1.,1.,1.,1.,1.,1.,1.,1.,1.,1.,1.,1.,1.,1.,1.,1.,       29P    619
1.,1.,1.,1.,1.,1.,1.,1.,1.,1.,1.,1.,1.,1.,1.,1.,1.,1.,1.,1.,1.,       29P    620
1.,1.,1.,1.,1.,1.,1.,1.,1.,1.,1.,1.,1.,1.,1.,1.,1.,1.,1.,1.,1.,       29P    621
1.,1.,1.,1.,1.,1.,1.,1.,1.,1.,1.,1.,1.,1.,1.,1.,1.,1.,1.,1.,1.,       29P    622
1.,1.,1.,1.,1.,1.,1.,1.,1.,1.,1.,1.,1.,1.,1.,1.,1.,1.,1.,1.,1.,       29P    623
1.,1.,1.,1.,1.,1.,1.,1.,1.,1.,1.,1.,1.,1.,1.,1.,1.,1.,1.,1.,1.,       29P    624
1.,1.,1.,1.,1.,1.,1.,1.,1.,1.,1.,1.,1.,1.,1.,1.,1.,1.,1.,1.,1.,       29P    625
1.,1.,1.,1.,1.,1.,1.,1.,1.,1.,1.,1.,1.,1.,1.,1.,1.,1.,1.,1.,1.,       29P    626
1.,1.,1.,1.,1.,1.,1.,1.,1.,1.,1.,1.,1.,1.,1.,1.,1.,1.,1.,1.,1.,       29P    627
1.,1.,1.,1.,1.,1.,1.,1.,1.,1.,1.,1.,1.,1.,1.,1.,1.,1.,1.,1.,1.,       29P    628
1.,1.,1.,1.,1.,1.,1.,1.,1.,1.,1.,1.,1.,1.,1.,1.,1.,1.,1.,1.,1.,       29P    629
1.,1.,1.,1.,1.,1.,1.,1.,1.,1.,1.,1.,1.,1.,1.,1.,1.,1.,1.,1.,1.,       29P    630
1.,1.,1.,1.,1.,1.,1.,1.,1.,1.,1.,1.,1.,1.,1.,1.,1.,1.,1.,1.,1.,       29P    631
1.,1.,1.,1.,1.,1.,1.,1.,1.,1.,1.,1.,1.,1.,1.,1.,1.,1.,1.,1.,1.,       29P    632
1.,1.,1.,1.,1.,1.,1.,1.,1.,1.,1.,1.,1.,1.,1.,1.,1.,1.,1.,1.,1.,       29P    633
1.,1.,1.,1.,1.,1.,1.,1.,1.,1.,1.,1.,1.,1.,1.,1.,1.,1.,1.,1.,1.,       29P    634
1.,1.,1.,1.,1.,1.,1.,1.,1.,1.,1.,1.,1.,1.,1.,1.,1.,1.,1.,1.,1.,       29P    635
1.,1.,1.,1.,1.,1.,1.,1.,1.,1.,1.,1.,1.,1.,1.,1.,1.,1.,1.,1.,1.,       29P    636
1.,1.,1.,1.,1.,1.,1.,1.,1.,1.,1.,1.,1.,1.,1.,1.,1.,1.,1.,1.,1.,       29P    637
1.,1.,1.,1.,1.,1.,1.,1.,1.,1.,1.,1.,1.,1.,1.,1.,1.,1.,1.,1.,1.,       29P    638
1.,1.,1.,1.,1.,1.,1.,1.,1.,1.,1.,1.,1.,1.,1.,1.,1.,1.,1.,1.,1.,       29P    639
1.,1.,1.,1.,1.,1.,1.,1.,1.,1.,1.,1.,1.,1.,1.,1.,1.,1.,1.,1.,1.,       29P    640
1.,1.,1.,1.,1.,1.,1.,1.,1.,1.,1.,1.,1.,1.,1.,1.,1.,1.,1.,1.,1.,       29P    641
1.,1.,1.,1.,1.,1.,1.,1.,1.,1.,1.,1.,1.,1.,1.,1.,1.,1.,1.,1.,1.,       29P    642
1.,1.,1.,1.,1.,1.,1.,1.,1.,1.,1.,1.,1.,1.,1.,1.,1.,1.,1.,1.,1.,       29P    643
1.,1.,1.,1.,1.,1.,1.,1.,1.,1.,1.,1.,1.,1.,1.,1.,1.,1.,1.,1.,1.,       29P    644
1.,1.,1.,1.,1.,1.,1.,1.,1.,1.,1.,1.,1.,1.,1.,1.,1.,1.,1.,1.,1.,       29P    645
1.,1.,1.,1.,1.,1.,1.,1.,1.,1.,1.,1.,1.,1.,1.,1.,1.,1.,1.,1.,1.,       29P    646
1.,1.,1.,1.,1.,1.,1.,1.,1.,1.,1.,1.,1.,1.,1.,1.,1.,1.,1.,1.,1.,       29P    647
1.,1.,1.,1.,1.,1.,1.,1.,1.,1.,1.,1.,1.,1.,1.,1.,1.,1.,1.,1.,1.,       29P    648
1.,1.,1.,1.,1.,1.,1.,1.,1.,1.,1.,1.,1.,1.,1.,1.,1.,1.,1.,1.,1.,       29P    649
1.,1.,1.,1.,1.,1.,1.,1.,1.,1.,1.,1.,1.,1.,1.,1.,1.,1.,1.,1.,1.,       29P    650
1.,1.,1.,1.,1.,1.,1.,1.,1.,1.,1.,1.,1.,1.,1.,1.,1.,1.,1.,1.,1.,       29P    651
1.,1.,1.,1.,1.,1.,1.,1.,1.,1.,1.,1.,1.,1.,1.,1.,1.,1.,1.,1.,1.,       29P    652
1.,1.,1.,1.,1.,1.,1.,1.,1.,1.,1.,1.,1.,1.,1.,1.,1.,1.,1.,1.,1.,       29P    653
1.,1.,1.,1.,1.,1.,1.,1.,1.,1.,1.,1.,1.,1.,1.,1.,1.,1.,1.,1.,1.,       29P    654
1.,1.,1.,1.,1.,1.,1.,1.,1.,232.558,0.3828,10.761,232.558,             29P    655
0.383661,10.761,232.556,0.384633,10.761,232.555,0.385402,10.761,      29P    656
232.553,0.385818,10.761,232.552,0.385918,10.761,232.55,0.385716,      29P    657
10.761,232.549,0.385518,10.761,232.549,0.385271,10.761,232.548,       29P    658
0.385112,10.761,232.547,0.384567,10.761,232.547,0.384106,10.761,      29P    659
232.546,0.383197,10.761,232.546,0.38279,10.761,232.545,0.381866,      29P    660
10.761,232.544,0.380983,10.761,232.544,0.38003,10.761,232.544,        29P    661
0.379295,10.761,232.544,0.378948,10.761,232.544,0.378253,10.761,      29P    662
232.544,0.377905,10.761,232.544,0.377151,10.761,232.544,              29P    663
0.376747,10.761,232.544,0.375993,10.761,232.544,0.375641,10.761,      29P    664
232.545,0.372523,10.761,232.547,0.369079,10.761,232.548,              29P    665
0.365188,10.761,232.549,0.363712,10.761,232.549,0.361893,10.761,      29P    666
232.55,0.360196,10.761,232.551,0.358461,10.761,232.551,0.357388,      29P    667
10.761,232.554,0.350718,10.761,232.556,0.34381,10.761,232.559,        29P    668
0.336845,10.761,232.56,0.335431,10.761,232.56,0.333982,10.761,        29P    669
232.561,0.33235,10.761,232.562,0.330657,10.761,232.562,0.329265,      29P    670
10.761,232.566,0.319452,10.761,232.571,0.309483,10.761,232.575,       29P    671
0.29924,10.761,232.576,0.296982,10.761,232.577,0.294999,10.761,       29P    672
232.578,0.293375,10.761,232.578,0.292252,10.761,232.584,              29P    673
0.279424,10.761,232.59,0.266529,10.761,232.597,0.253521,10.761,       29P    674
232.598,0.251446,10.761,232.599,0.249588,10.761,232.6,0.248022,       29P    675
10.761,232.6,0.246847,10.761,232.608,0.231166,10.761,232.617,         29P    676
0.215552,10.761,232.626,0.200043,10.761,232.627,0.198144,10.761,      29P    677
232.628,0.196427,10.761,232.629,0.194936,10.761,232.629,0.19374,      29P    678
10.761,232.638,0.178402,10.761,232.648,0.1632,10.761,232.657,         29P    679
0.148256,10.761,232.659,0.146569,10.761,232.66,0.145001,10.761,       29P    680
232.66,0.14357,10.761,232.661,0.142324,10.761,232.671,0.127358,       29P    681
10.761,232.681,0.112659,10.761,232.692,0.098343,10.761,232.693,       29P    682
0.0971103,10.761,232.694,0.0956744,10.761,232.695,0.0943181,          29P    683
10.761,232.696,0.0928359,10.761,232.707,0.0783468,10.761,             29P    684
232.718,0.0642106,10.761,232.729,0.050513,10.761,232.73,              29P    685
0.0492062,10.761,232.732,0.0479093,10.761,232.733,0.0466494,          29P    686
10.761,232.734,0.0454343,10.761,232.746,0.0312451,10.761,             29P    687
232.758,0.0173487,10.761,232.77,0.0039715,10.761,232.771,             29P    688
0.00281357,10.761,232.772,0.00162836,10.761,232.773,0.000460491,      29P    689
10.761,232.774,-0.000514302,10.761,232.787,-0.0137403,10.761,         29P    690
232.8,-0.0265694,10.761,232.813,-0.0393705,10.761,232.814,            29P    691
-0.0403985,10.761,232.815,-0.0414816,10.761,232.816,-0.0423912,       29P    692
10.761,232.817,-0.0433267,10.761,232.83,-0.0558649,10.761,            29P    693
232.844,-0.068039,10.761,232.857,-0.0802279,10.761,232.858,           29P    694
-0.0811806,10.761,232.86,-0.0822163,10.761,232.861,-0.0831239,        29P    695
10.761,232.862,-0.0840841,10.761,232.875,-0.0960743,10.761,           29P    696
232.889,-0.107839,10.761,232.903,-0.119364,10.761,232.904,            29P    697
-0.12027,10.761,232.905,-0.121244,10.761,232.906,-0.122291,           29P    698
10.761,232.908,-0.123266,10.761,232.922,-0.135085,10.761,             29P    699
232.937,-0.146738,10.761,232.951,-0.158065,10.761,232.953,            29P    700
-0.158977,10.761,232.954,-0.159847,10.761,232.955,-0.160791,          29P    701
10.761,232.97,-0.172098,10.761,232.985,-0.183167,10.761,233.,         29P    702
-0.193934,10.761,233.001,-0.194788,10.761,233.002,-0.19564,           29P    703
10.761,233.004,-0.196576,10.761,233.019,-0.207343,10.761,             29P    704
233.034,-0.217856,10.761,233.05,-0.228064,10.761,233.051,             29P    705
-0.228865,10.761,233.052,-0.229689,10.761,233.054,-0.230601,          29P    706
10.761,233.069,-0.240882,10.761,233.085,-0.250888,10.761,             29P    707
233.101,-0.260546,10.761,233.102,-0.261286,10.761,233.103,            29P    708
-0.262086,10.761,233.105,-0.26299,10.761,233.118,-0.27097,            29P    709
10.761,233.131,-0.278706,10.761,233.144,-0.286157,10.761,             29P    710
233.145,-0.286865,10.761,233.146,-0.287638,10.761,233.148,            29P    711
-0.288523,10.761,233.158,-0.294446,10.761,233.169,-0.300171,          29P    712
10.761,233.179,-0.305733,10.761,233.18,-0.306408,10.761,233.181,      29P    713
-0.307189,10.761,233.183,-0.308054,10.761,233.191,-0.312283,          29P    714
10.761,233.199,-0.316451,10.761,233.206,-0.320548,10.761,             29P    715
233.209,-0.321675,10.761,233.214,-0.324392,10.761,233.219,            29P    716
-0.326807,10.761,233.223,-0.328826,10.761,233.223,-0.329021,          29P    717
10.761,233.224,-0.329378,10.761,233.224,-0.32954,10.761,233.225,      29P    718
-0.329969,10.761,233.225,-0.330236,10.761,233.226,-0.330802,          29P    719
10.761,233.227,-0.331101,10.761,233.228,-0.331667,10.761,             29P    720
233.229,-0.331933,10.761,233.23,-0.332399,10.761,233.231,             29P    721
-0.332866,10.761,233.232,-0.333347,10.761,233.234,-0.333721,          29P    722
10.761,233.236,-0.333859,10.761,233.238,-0.333693,10.761,233.24,      29P    723
-0.333315,10.761,233.242,-0.332832,10.761,233.243,-0.332282,          29P    724
10.761,233.245,-0.331309,10.761,233.246,-0.329887,10.761,             29P    725
233.248,-0.32805,10.761,233.249,-0.32647,10.761,233.25,               29P    726
-0.324855,10.761,233.25,-0.323839,10.761,233.251,-0.3229,10.761,      29P    727
233.251,-0.322558,10.761,233.251,-0.321708,10.761,233.251,            29P    728
-0.321197,10.761,233.251,-0.320325,10.761,233.251,-0.319965,          29P    729
10.761,233.251,-0.318878,10.761,233.251,-0.318147,10.761,             29P    730
233.251,-0.31664,10.761,233.251,-0.315864,10.761,233.251,             29P    731
-0.314307,10.761,233.25,-0.313527,10.761,233.25,-0.311887,            29P    732
10.761,233.249,-0.311037,10.761,233.248,-0.309236,10.761,             29P    733
233.247,-0.308318,10.761,233.245,-0.306947,10.761,233.245,            29P    734
-0.306437,10.761,233.244,-0.305717,10.761,233.243,-0.305171,          29P    735
10.761,233.242,-0.304419,10.761,233.24,-0.303467,10.761,233.238,      29P    736
-0.302479,10.761,233.236,-0.301325,10.761,233.235,-0.300169,          29P    737
10.761,233.232,-0.29871,10.761,233.23,-0.297182,10.761,233.225,       29P    738
-0.294019,10.761,233.22,-0.291162,10.761,233.216,-0.288547,           29P    739
10.761,233.215,-0.287593,10.761,233.213,-0.286606,10.761,             29P    740
233.212,-0.285433,10.761,233.21,-0.284274,10.761,233.207,             29P    741
-0.282808,10.761,233.205,-0.281279,10.761,233.197,-0.276139,          29P    742
10.761,233.19,-0.271337,10.761,233.183,-0.266725,10.761,233.182,      29P    743
-0.265779,10.761,233.18,-0.264798,10.761,233.179,-0.263657,           29P    744
10.761,233.177,-0.262514,10.761,233.175,-0.261074,10.761,             29P    745
233.173,-0.259561,10.761,233.162,-0.252313,10.761,233.152,            29P    746
-0.245274,10.761,233.142,-0.238391,10.761,233.141,-0.237459,          29P    747
10.761,233.14,-0.236484,10.761,233.137,-0.234863,10.761,233.135,      29P    748
-0.233142,10.761,233.133,-0.231305,10.761,233.12,-0.221822,           29P    749
10.761,233.107,-0.212561,10.761,233.095,-0.203213,10.761,             29P    750
233.093,-0.20215,10.761,233.092,-0.201047,10.761,233.091,             29P    751
-0.199939,10.761,233.089,-0.198843,10.761,233.087,-0.197457,          29P    752
10.761,233.086,-0.196037,10.761,233.072,-0.185774,10.761,233.06,      29P    753
-0.175521,10.761,233.047,-0.165026,10.761,233.046,-0.163916,          29P    754
10.761,233.044,-0.162835,10.761,233.043,-0.161778,10.761,             29P    755
233.041,-0.160464,10.761,233.04,-0.159102,10.761,233.027,             29P    756
-0.148223,10.761,233.014,-0.137378,10.761,233.002,-0.126294,          29P    757
10.761,233.,-0.125247,10.761,232.999,-0.124204,10.761,232.998,        29P    758
-0.123189,10.761,232.997,-0.121914,10.761,232.995,-0.12062,           29P    759
10.761,232.982,-0.109153,10.761,232.97,-0.0976757,10.761,             29P    760
232.958,-0.0859768,10.761,232.957,-0.08497,10.761,232.956,            29P    761
-0.0839912,10.761,232.955,-0.0830266,10.761,232.953,-0.0818428,       29P    762
10.761,232.952,-0.0806313,10.761,232.94,-0.0685798,10.761,            29P    763
232.927,-0.0565192,10.761,232.915,-0.0442164,10.761,232.914,          29P    764
-0.0429731,10.761,232.913,-0.0416813,10.761,232.911,-0.0403443,       29P    765
10.761,232.91,-0.0392372,10.761,232.898,-0.0265742,10.761,            29P    766
232.886,-0.0138228,10.761,232.874,-0.000718233,10.761,232.873,        29P    767
0.00044341,10.761,232.872,0.00163132,10.761,232.871,0.00265342,       29P    768
10.761,232.87,0.00365874,10.761,232.858,0.0168552,10.761,             29P    769
232.846,0.0300323,10.761,232.834,0.0433204,10.761,232.833,            29P    770
0.0443526,10.761,232.832,0.0453977,10.761,232.831,0.0467165,          29P    771
10.761,232.819,0.0605162,10.761,232.807,0.0743949,10.761,             29P    772
232.795,0.0880381,10.761,232.794,0.0890013,10.761,232.793,            29P    773
0.0899243,10.761,232.792,0.091043,10.761,232.78,0.105137,10.761,      29P    774
232.768,0.119304,10.761,232.756,0.133422,10.761,232.755,              29P    775
0.134498,10.761,232.754,0.135692,10.761,232.742,0.150234,10.761,      29P    776
232.73,0.164703,10.761,232.718,0.179133,10.761,232.717,0.180056,      29P    777
10.761,232.716,0.181022,10.761,232.704,0.196045,10.761,232.691,       29P    778
0.211137,10.761,232.679,0.226385,10.761,232.667,0.2418,10.761,        29P    779
232.654,0.257274,10.761,232.642,0.272706,10.761,232.632,0.28584,      29P    780
10.761,232.622,0.299019,10.761,232.604,0.322337,10.761,232.59,        29P    781
0.340879,10.761,232.572,0.364369,10.761,232.562,0.377521,10.761,      29P    782
232.558,0.3828,10.761,232.558,0.385992,10.7853,232.557,0.386851,      29P    783
10.7853,232.556,0.38785,10.7853,232.554,0.388656,10.7853,             29P    784
232.553,0.389095,10.7853,232.551,0.389201,10.7853,232.55,             29P    785
0.388997,10.7853,232.549,0.388797,10.7853,232.548,0.388547,           29P    786
10.7853,232.548,0.388387,10.7853,232.547,0.38784,10.7853,             29P    787
232.546,0.387381,10.7853,232.545,0.386476,10.7853,232.545,            29P    788
0.386072,10.7853,232.544,0.385154,10.7853,232.544,0.38428,            29P    789
10.7853,232.544,0.383336,10.7853,232.544,0.382609,10.7853,            29P    790
232.544,0.382265,10.7853,232.543,0.381578,10.7853,232.543,            29P    791
0.381234,10.7853,232.544,0.380491,10.7853,232.544,0.380092,           29P    792
10.7853,232.544,0.379348,10.7853,232.544,0.378997,10.7853,            29P    793
232.545,0.375902,10.7853,232.546,0.372484,10.7853,232.548,            29P    794
0.368621,10.7853,232.548,0.367155,10.7853,232.549,0.36535,            29P    795
10.7853,232.55,0.363664,10.7853,232.55,0.361941,10.7853,232.551,      29P    796
0.360874,10.7853,232.553,0.354247,10.7853,232.556,0.347376,           29P    797
10.7853,232.559,0.340445,10.7853,232.56,0.339037,10.7853,232.56,      29P    798
0.337595,10.7853,232.561,0.335971,10.7853,232.561,0.334285,           29P    799
10.7853,232.562,0.3329,10.7853,232.566,0.323132,10.7853,232.571,      29P    800
0.313207,10.7853,232.575,0.303008,10.7853,232.576,0.30076,            29P    801
10.7853,232.577,0.298785,10.7853,232.578,0.297168,10.7853,            29P    802
232.578,0.29605,10.7853,232.584,0.283277,10.7853,232.59,              29P    803
0.270433,10.7853,232.597,0.257473,10.7853,232.598,0.255407,           29P    804
10.7853,232.599,0.253555,10.7853,232.6,0.251995,10.7853,232.6,        29P    805
0.250824,10.7853,232.608,0.235198,10.7853,232.617,0.219632,           29P    806
10.7853,232.626,0.204165,10.7853,232.627,0.202271,10.7853,            29P    807
232.628,0.200559,10.7853,232.629,0.199072,10.7853,232.629,            29P    808
0.197879,10.7853,232.638,0.182582,10.7853,232.648,0.167416,           29P    809
10.7853,232.657,0.15249,10.7853,232.659,0.150805,10.7853,232.66,      29P    810
0.149238,10.7853,232.66,0.147808,10.7853,232.661,0.146564,            29P    811
10.7853,232.671,0.131609,10.7853,232.681,0.116901,10.7853,            29P    812
232.692,0.102539,10.7853,232.693,0.101302,10.7853,232.694,            29P    813
0.0998616,10.7853,232.695,0.0985002,10.7853,232.696,0.0970123,        29P    814
10.7853,232.707,0.082464,10.7853,232.718,0.0682279,10.7853,           29P    815
232.729,0.0544186,10.7853,232.73,0.0531011,10.7853,232.731,           29P    816
0.0517934,10.7853,232.732,0.0505229,10.7853,232.733,0.0492977,        29P    817
10.7853,232.745,0.0349885,10.7853,232.757,0.0209638,10.7853,          29P    818
232.769,0.00742951,10.7853,232.77,0.00625781,10.7853,232.772,         29P    819
0.00505831,10.7853,232.773,0.00387616,10.7853,232.774,0.0028893,      29P    820
10.7853,232.786,-0.0105023,10.7853,232.799,-0.0234707,10.7853,        29P    821
232.812,-0.0364203,10.7853,232.813,-0.0374603,10.7853,232.814,        29P    822
-0.038556,10.7853,232.815,-0.0394764,10.7853,232.816,-0.0404228,      29P    823
10.7853,232.829,-0.0531099,10.7853,232.842,-0.0654428,10.7853,        29P    824
232.856,-0.0777928,10.7853,232.857,-0.0787582,10.7853,232.858,        29P    825
-0.0798076,10.7853,232.859,-0.0807271,10.7853,232.86,-0.0817001,      29P    826
10.7853,232.873,-0.0938491,10.7853,232.887,-0.105769,10.7853,         29P    827
232.901,-0.117457,10.7853,232.902,-0.118376,10.7853,232.903,          29P    828
-0.119364,10.7853,232.904,-0.120426,10.7853,232.905,-0.121415,        29P    829
10.7853,232.92,-0.133406,10.7853,232.934,-0.145243,10.7853,           29P    830
232.949,-0.156751,10.7853,232.95,-0.157677,10.7853,232.951,           29P    831
-0.158561,10.7853,232.952,-0.15952,10.7853,232.967,-0.171008,         29P    832
10.7853,232.982,-0.182257,10.7853,232.997,-0.193215,10.7853,          29P    833
232.998,-0.194084,10.7853,232.999,-0.194952,10.7853,233.,             29P    834
-0.195904,10.7853,233.015,-0.206867,10.7853,233.031,-0.21759,         29P    835
10.7853,233.046,-0.227993,10.7853,233.047,-0.228809,10.7853,          29P    836
233.048,-0.229649,10.7853,233.05,-0.230578,10.7853,233.065,           29P    837
-0.241052,10.7853,233.081,-0.251233,10.7853,233.096,-0.261094,        29P    838
10.7853,233.097,-0.26185,10.7853,233.099,-0.262667,10.7853,           29P    839
233.1,-0.263591,10.7853,233.113,-0.271747,10.7853,233.126,            29P    840
-0.279681,10.7853,233.139,-0.287319,10.7853,233.14,-0.288044,         29P    841
10.7853,233.142,-0.288836,10.7853,233.143,-0.289743,10.7853,          29P    842
233.153,-0.295812,10.7853,233.164,-0.301673,10.7853,233.174,          29P    843
-0.307358,10.7853,233.175,-0.308048,10.7853,233.176,-0.308845,        29P    844
10.7853,233.178,-0.30973,10.7853,233.186,-0.314049,10.7853,           29P    845
233.193,-0.318303,10.7853,233.201,-0.322504,10.7853,233.203,          29P    846
-0.323661,10.7853,233.208,-0.326454,10.7853,233.213,-0.328947,        29P    847
10.7853,233.217,-0.331038,10.7853,233.218,-0.33124,10.7853,           29P    848
233.218,-0.331609,10.7853,233.219,-0.331777,10.7853,233.219,          29P    849
-0.332222,10.7853,233.22,-0.332499,10.7853,233.221,-0.333086,         29P    850
10.7853,233.222,-0.333401,10.7853,233.223,-0.334006,10.7853,          29P    851
233.223,-0.334277,10.7853,233.224,-0.334721,10.7853,233.225,          29P    852
-0.335163,10.7853,233.227,-0.335605,10.7853,233.229,-0.335929,        29P    853
10.7853,233.231,-0.336012,10.7853,233.233,-0.335781,10.7853,          29P    854
233.235,-0.335344,10.7853,233.236,-0.334816,10.7853,233.237,          29P    855
-0.334227,10.7853,233.239,-0.333203,10.7853,233.241,-0.331731,        29P    856
10.7853,233.242,-0.329845,10.7853,233.243,-0.328231,10.7853,          29P    857
233.244,-0.326589,10.7853,233.245,-0.325561,10.7853,233.245,          29P    858
-0.324613,10.7853,233.245,-0.324267,10.7853,233.245,-0.323411,        29P    859
10.7853,233.245,-0.322898,10.7853,233.245,-0.322023,10.7853,          29P    860
233.245,-0.321663,10.7853,233.245,-0.320575,10.7853,233.245,          29P    861
-0.319846,10.7853,233.245,-0.318348,10.7853,233.245,-0.317579,        29P    862
10.7853,233.244,-0.31604,10.7853,233.244,-0.315273,10.7853,           29P    863
233.243,-0.313664,10.7853,233.243,-0.312833,10.7853,233.242,          29P    864
-0.311082,10.7853,233.241,-0.31021,10.7853,233.239,-0.308959,         29P    865
10.7853,233.238,-0.30847,10.7853,233.237,-0.307725,10.7853,           29P    866
233.236,-0.30716,10.7853,233.235,-0.306383,10.7853,233.234,           29P    867
-0.305399,10.7853,233.232,-0.304379,10.7853,233.23,-0.303187,         29P    868
10.7853,233.228,-0.301994,10.7853,233.226,-0.300489,10.7853,          29P    869
233.224,-0.298915,10.7853,233.219,-0.29566,10.7853,233.214,           29P    870
-0.292727,10.7853,233.21,-0.290045,10.7853,233.209,-0.289066,         29P    871
10.7853,233.207,-0.288054,10.7853,233.206,-0.286851,10.7853,          29P    872
233.204,-0.285662,10.7853,233.202,-0.284158,10.7853,233.199,          29P    873
-0.282588,10.7853,233.192,-0.27731,10.7853,233.184,-0.272366,         29P    874
10.7853,233.178,-0.267623,10.7853,233.176,-0.266651,10.7853,          29P    875
233.175,-0.265642,10.7853,233.173,-0.26447,10.7853,233.171,           29P    876
-0.263297,10.7853,233.169,-0.261819,10.7853,233.167,-0.260267,        29P    877
10.7853,233.157,-0.252839,10.7853,233.147,-0.245667,10.7853,          29P    878
233.137,-0.238656,10.7853,233.136,-0.237707,10.7853,233.135,          29P    879
-0.236714,10.7853,233.132,-0.235062,10.7853,233.13,-0.233309,         29P    880
10.7853,233.128,-0.231437,10.7853,233.115,-0.221771,10.7853,          29P    881
233.102,-0.212307,10.7853,233.09,-0.202779,10.7853,233.089,           29P    882
-0.201695,10.7853,233.088,-0.200571,10.7853,233.086,-0.199443,        29P    883
10.7853,233.085,-0.198326,10.7853,233.083,-0.196915,10.7853,          29P    884
233.081,-0.19547,10.7853,233.068,-0.185028,10.7853,233.056,           29P    885
-0.174637,10.7853,233.043,-0.164005,10.7853,233.042,-0.16288,         29P    886
10.7853,233.04,-0.161785,10.7853,233.039,-0.160715,10.7853,           29P    887
233.038,-0.159382,10.7853,233.036,-0.158003,10.7853,233.023,          29P    888
-0.146982,10.7853,233.011,-0.135991,10.7853,232.998,-0.124785,        29P    889
10.7853,232.997,-0.123727,10.7853,232.996,-0.122673,10.7853,          29P    890
232.995,-0.121647,10.7853,232.993,-0.12036,10.7853,232.992,           29P    891
-0.119053,10.7853,232.979,-0.107473,10.7853,232.967,-0.0959195,       29P    892
10.7853,232.955,-0.0841401,10.7853,232.954,-0.0831263,10.7853,        29P    893
232.953,-0.0821408,10.7853,232.952,-0.0811695,10.7853,232.95,         29P    894
-0.0799774,10.7853,232.949,-0.0787575,10.7853,232.937,                29P    895
-0.0666206,10.7853,232.925,-0.0544656,10.7853,232.913,                29P    896
-0.0420905,10.7853,232.911,-0.0408399,10.7853,232.91,-0.0395409,      29P    897
10.7853,232.909,-0.0381967,10.7853,232.908,-0.0370837,10.7853,        29P    898
232.896,-0.0243555,10.7853,232.884,-0.0115692,10.7853,232.872,        29P    899
0.00153028,10.7853,232.871,0.00269122,10.7853,232.87,0.00387816,      29P    900
10.7853,232.869,0.00489925,10.7853,232.868,0.00590341,10.7853,        29P    901
232.856,0.0190823,10.7853,232.844,0.0322692,10.7853,232.832,          29P    902
0.0455583,10.7853,232.831,0.0465905,10.7853,232.83,0.0476356,         29P    903
10.7853,232.829,0.0489543,10.7853,232.817,0.0627524,10.7853,          29P    904
232.805,0.0766138,10.7853,232.793,0.0902747,10.7853,232.792,          29P    905
0.0912393,10.7853,232.792,0.0921637,10.7853,232.791,0.0932843,        29P    906
10.7853,232.778,0.107404,10.7853,232.766,0.121641,10.7853,            29P    907
232.754,0.135815,10.7853,232.754,0.136895,10.7853,232.753,            29P    908
0.138095,10.7853,232.74,0.152692,10.7853,232.728,0.167197,            29P    909
10.7853,232.716,0.181694,10.7853,232.716,0.182622,10.7853,            29P    910
232.715,0.183592,10.7853,232.702,0.198689,10.7853,232.69,             29P    911
0.213875,10.7853,232.678,0.229189,10.7853,232.665,0.244669,           29P    912
10.7853,232.653,0.260176,10.7853,232.641,0.275649,10.7853,            29P    913
232.631,0.288817,10.7853,232.621,0.302038,10.7853,232.603,            29P    914
0.325395,10.7853,232.589,0.343944,10.7853,232.571,0.367535,           29P    915
10.7853,232.562,0.380703,10.7853,232.558,0.385992,10.7853,            29P    916
232.557,0.392937,10.8396,232.556,0.39379,10.8396,232.555,             29P    917
0.394832,10.8396,232.554,0.395696,10.8396,232.552,0.396172,           29P    918
10.8396,232.551,0.39628,10.8396,232.549,0.396058,10.8396,             29P    919
232.548,0.395845,10.8396,232.548,0.395581,10.8396,232.547,            29P    920
0.395413,10.8396,232.546,0.394847,10.8396,232.546,0.394379,           29P    921
10.8396,232.545,0.393469,10.8396,232.545,0.393064,10.8396,            29P    922
232.544,0.392149,10.8396,232.544,0.39128,10.8396,232.543,             29P    923
0.390353,10.8396,232.543,0.389641,10.8396,232.543,0.389306,           29P    924
10.8396,232.543,0.388634,10.8396,232.543,0.388299,10.8396,            29P    925
232.543,0.387579,10.8396,232.543,0.387194,10.8396,232.543,            29P    926
0.386474,10.8396,232.543,0.386125,10.8396,232.545,0.383075,           29P    927
10.8396,232.546,0.379705,10.8396,232.547,0.375895,10.8396,            29P    928
232.548,0.374449,10.8396,232.549,0.372667,10.8396,232.549,            29P    929
0.371003,10.8396,232.55,0.369301,10.8396,232.551,0.368246,            29P    930
10.8396,232.553,0.361693,10.8396,232.556,0.35489,10.8396,             29P    931
232.559,0.348023,10.8396,232.56,0.346628,10.8396,232.56,              29P    932
0.345199,10.8396,232.561,0.343589,10.8396,232.562,0.341919,           29P    933
10.8396,232.562,0.340546,10.8396,232.566,0.330873,10.8396,            29P    934
232.571,0.321034,10.8396,232.576,0.310921,10.8396,232.577,            29P    935
0.308691,10.8396,232.578,0.306733,10.8396,232.578,0.305129,           29P    936
10.8396,232.579,0.304018,10.8396,232.585,0.291351,10.8396,            29P    937
232.591,0.278609,10.8396,232.598,0.26574,10.8396,232.599,             29P    938
0.263688,10.8396,232.6,0.261849,10.8396,232.6,0.260299,10.8396,       29P    939
232.601,0.259134,10.8396,232.609,0.243613,10.8396,232.618,            29P    940
0.228132,10.8396,232.627,0.212739,10.8396,232.628,0.210854,           29P    941
10.8396,232.629,0.20915,10.8396,232.629,0.207669,10.8396,232.63,      29P    942
0.20648,10.8396,232.639,0.191253,10.8396,232.648,0.176147,            29P    943
10.8396,232.658,0.161245,10.8396,232.659,0.159563,10.8396,            29P    944
232.66,0.157998,10.8396,232.661,0.15657,10.8396,232.662,              29P    945
0.155327,10.8396,232.672,0.140377,10.8396,232.682,0.125639,           29P    946
10.8396,232.692,0.111187,10.8396,232.693,0.109942,10.8396,            29P    947
232.694,0.108491,10.8396,232.695,0.10712,10.8396,232.696,             29P    948
0.10562,10.8396,232.706,0.0909673,10.8396,232.717,0.0765472,          29P    949
10.8396,232.728,0.0625264,10.8396,232.729,0.0611886,10.8396,          29P    950
232.73,0.0598605,10.8396,232.731,0.0585699,10.8396,232.732,           29P    951
0.0573236,10.8396,232.744,0.0427783,10.8396,232.756,0.028502,         29P    952
10.8396,232.768,0.0146649,10.8396,232.769,0.0134667,10.8396,          29P    953
232.77,0.0122397,10.8396,232.771,0.01103,10.8396,232.772,             29P    954
0.0100279,10.8396,232.784,-0.00368005,10.8396,232.797,                29P    955
-0.0169327,10.8396,232.809,-0.0301913,10.8396,232.811,                29P    956
-0.0312562,10.8396,232.812,-0.0323785,10.8396,232.813,                29P    957
-0.0333227,10.8396,232.813,-0.0342922,10.8396,232.826,                29P    958
-0.0472888,10.8396,232.839,-0.059956,10.8396,232.852,-0.0726461,      29P    959
10.8396,232.853,-0.0736381,10.8396,232.854,-0.0747164,10.8396,        29P    960
232.855,-0.0756627,10.8396,232.856,-0.0766625,10.8396,232.869,        29P    961
-0.0891537,10.8396,232.883,-0.101403,10.8396,232.896,-0.113438,       29P    962
10.8396,232.897,-0.114384,10.8396,232.898,-0.115401,10.8396,          29P    963
232.9,-0.116496,10.8396,232.901,-0.117508,10.8396,232.915,            29P    964
-0.12986,10.8396,232.929,-0.142086,10.8396,232.943,-0.153978,         29P    965
10.8396,232.944,-0.154935,10.8396,232.945,-0.155851,10.8396,          29P    966
232.946,-0.156842,10.8396,232.961,-0.168713,10.8396,232.975,          29P    967
-0.180345,10.8396,232.99,-0.191709,10.8396,232.991,-0.192611,         29P    968
10.8396,232.992,-0.193511,10.8396,232.993,-0.1945,10.8396,            29P    969
233.008,-0.205875,10.8396,233.023,-0.217038,10.8396,233.038,          29P    970
-0.227858,10.8396,233.039,-0.228707,10.8396,233.04,-0.229581,         29P    971
10.8396,233.042,-0.230547,10.8396,233.057,-0.241438,10.8396,          29P    972
233.072,-0.252008,10.8396,233.087,-0.262307,10.8396,233.088,          29P    973
-0.263097,10.8396,233.09,-0.263952,10.8396,233.091,-0.264917,         29P    974
10.8396,233.104,-0.273447,10.8396,233.116,-0.281792,10.8396,          29P    975
233.129,-0.289824,10.8396,233.13,-0.290586,10.8396,233.131,           29P    976
-0.291421,10.8396,233.133,-0.292374,10.8396,233.143,-0.298754,        29P    977
10.8396,233.153,-0.304909,10.8396,233.163,-0.310866,10.8396,          29P    978
233.164,-0.311589,10.8396,233.166,-0.312424,10.8396,233.167,          29P    979
-0.313351,10.8396,233.175,-0.317873,10.8396,233.182,-0.322317,        29P    980
10.8396,233.19,-0.326743,10.8396,233.192,-0.327964,10.8396,           29P    981
233.197,-0.330916,10.8396,233.202,-0.333571,10.8396,233.206,          29P    982
-0.335807,10.8396,233.206,-0.336023,10.8396,233.207,-0.336419,        29P    983
10.8396,233.207,-0.3366,10.8396,233.208,-0.337078,10.8396,            29P    984
233.208,-0.337373,10.8396,233.209,-0.337993,10.8396,233.21,           29P    985
-0.33833,10.8396,233.211,-0.338989,10.8396,233.212,-0.339257,         29P    986
10.8396,233.213,-0.339651,10.8396,233.214,-0.340036,10.8396,          29P    987
233.215,-0.34039,10.8396,233.217,-0.340597,10.8396,233.219,           29P    988
-0.340554,10.8396,233.221,-0.340175,10.8396,233.223,-0.339609,        29P    989
10.8396,233.224,-0.338982,10.8396,233.226,-0.33831,10.8396,           29P    990
233.227,-0.337173,10.8396,233.229,-0.335586,10.8396,233.23,           29P    991
-0.333596,10.8396,233.231,-0.33191,10.8396,233.232,-0.330214,         29P    992
10.8396,233.232,-0.329162,10.8396,233.232,-0.328197,10.8396,          29P    993
233.233,-0.327846,10.8396,233.233,-0.32698,10.8396,233.233,           29P    994
-0.326463,10.8396,233.233,-0.325586,10.8396,233.233,-0.325226,        29P    995
10.8396,233.233,-0.324142,10.8396,233.233,-0.323421,10.8396,          29P    996
233.232,-0.321952,10.8396,233.232,-0.321205,10.8396,233.231,          29P    997
-0.319718,10.8396,233.231,-0.318982,10.8396,233.23,-0.317459,         29P    998
10.8396,233.229,-0.316677,10.8396,233.228,-0.31503,10.8396,           29P    999
233.227,-0.314241,10.8396,233.225,-0.313181,10.8396,233.225,          29P   1000
-0.312721,10.8396,233.224,-0.311928,10.8396,233.223,-0.311325,        29P   1001
10.8396,233.222,-0.310497,10.8396,233.22,-0.309449,10.8396,           29P   1002
233.219,-0.308363,10.8396,233.217,-0.307096,10.8396,233.215,          29P   1003
-0.305828,10.8396,233.213,-0.304231,10.8396,233.21,-0.302563,         29P   1004
10.8396,233.206,-0.299119,10.8396,233.201,-0.29603,10.8396,           29P   1005
233.197,-0.293207,10.8396,233.196,-0.292178,10.8396,233.195,          29P   1006
-0.291113,10.8396,233.193,-0.289848,10.8396,233.191,-0.288597,        29P   1007
10.8396,233.189,-0.287015,10.8396,233.187,-0.285362,10.8396,          29P   1008
233.179,-0.279802,10.8396,233.172,-0.274572,10.8396,233.166,          29P   1009
-0.269566,10.8396,233.164,-0.268541,10.8396,233.163,-0.267478,        29P   1010
10.8396,233.161,-0.266242,10.8396,233.16,-0.265006,10.8396,           29P   1011
233.158,-0.263451,10.8396,233.155,-0.26182,10.8396,233.145,           29P   1012
-0.254026,10.8396,233.136,-0.24657,10.8396,233.126,-0.239288,         29P   1013
10.8396,233.125,-0.238301,10.8396,233.124,-0.23727,10.8396,           29P   1014
233.122,-0.235555,10.8396,233.119,-0.233734,10.8396,233.117,          29P   1015
-0.231788,10.8396,233.104,-0.22174,10.8396,233.093,-0.21187,          29P   1016
10.8396,233.081,-0.201973,10.8396,233.079,-0.200848,10.8396,          29P   1017
233.078,-0.199681,10.8396,233.077,-0.198511,10.8396,233.075,          29P   1018
-0.197352,10.8396,233.074,-0.195889,10.8396,233.072,-0.194392,        29P   1019
10.8396,233.059,-0.183581,10.8396,233.047,-0.172892,10.8396,          29P   1020
233.035,-0.161969,10.8396,233.033,-0.160814,10.8396,233.032,          29P   1021
-0.159689,10.8396,233.031,-0.15859,10.8396,233.029,-0.157221,         29P   1022
10.8396,233.028,-0.155805,10.8396,233.015,-0.144486,10.8396,          29P   1023
233.003,-0.133198,10.8396,232.991,-0.121738,10.8396,232.99,           29P   1024
-0.120656,10.8396,232.989,-0.119579,10.8396,232.987,-0.118531,        29P   1025
10.8396,232.986,-0.117216,10.8396,232.985,-0.115881,10.8396,          29P   1026
232.972,-0.104064,10.8396,232.96,-0.0923322,10.8396,232.948,          29P   1027
-0.0803716,10.8396,232.947,-0.0793422,10.8396,232.946,                29P   1028
-0.0783414,10.8396,232.945,-0.0773551,10.8396,232.944,                29P   1029
-0.0761445,10.8396,232.943,-0.0749056,10.8396,232.931,                29P   1030
-0.0625796,10.8396,232.919,-0.0502234,10.8396,232.907,                29P   1031
-0.0376892,10.8396,232.906,-0.0364229,10.8396,232.905,                29P   1032
-0.0351078,10.8396,232.903,-0.0337474,10.8396,232.902,                29P   1033
-0.0326214,10.8396,232.89,-0.0197487,10.8396,232.878,                 29P   1034
-0.00687297,10.8396,232.867,0.00625325,10.8396,232.866,               29P   1035
0.00741617,10.8396,232.865,0.00860484,10.8396,232.864,                29P   1036
0.00962857,10.8396,232.863,0.0106336,10.8396,232.851,0.0238267,       29P   1037
10.8396,232.84,0.0370643,10.8396,232.828,0.0503886,10.8396,           29P   1038
232.827,0.0514235,10.8396,232.826,0.0524713,10.8396,232.825,          29P   1039
0.0537933,10.8396,232.813,0.0676226,10.8396,232.801,0.0814904,        29P   1040
10.8396,232.79,0.09521,10.8396,232.789,0.0961789,10.8396,             29P   1041
232.788,0.0971077,10.8396,232.787,0.0982337,10.8396,232.775,          29P   1042
0.112393,10.8396,232.763,0.126767,10.8396,232.751,0.141048,           29P   1043
10.8396,232.751,0.142137,10.8396,232.75,0.143345,10.8396,             29P   1044
232.737,0.158047,10.8396,232.725,0.172658,10.8396,232.714,            29P   1045
0.187293,10.8396,232.713,0.18823,10.8396,232.712,0.18921,             29P   1046
10.8396,232.7,0.204457,10.8396,232.688,0.219844,10.8396,232.676,      29P   1047
0.235292,10.8396,232.663,0.250905,10.8396,232.651,0.266489,           29P   1048
10.8396,232.639,0.282041,10.8396,232.629,0.295277,10.8396,            29P   1049
232.619,0.308575,10.8396,232.601,0.332021,10.8396,232.588,            29P   1050
0.350609,10.8396,232.57,0.37441,10.8396,232.561,0.387626,             29P   1051
10.8396,232.557,0.392937,10.8396,232.558,0.403553,10.9236,            29P   1052
232.557,0.40437,10.9236,232.556,0.40535,10.9236,232.555,0.40618,      29P   1053
10.9236,232.554,0.406656,10.9236,232.552,0.406813,10.9236,            29P   1054
232.551,0.406675,10.9236,232.55,0.406513,10.9236,232.55,              29P   1055
0.406305,10.9236,232.549,0.406168,10.9236,232.548,0.405677,           29P   1056
10.9236,232.548,0.405236,10.9236,232.547,0.404331,10.9236,            29P   1057
232.546,0.403917,10.9236,232.546,0.402958,10.9236,232.545,            29P   1058
0.402027,10.9236,232.545,0.400953,10.9236,232.545,0.400116,           29P   1059
10.9236,232.545,0.399717,10.9236,232.545,0.398921,10.9236,            29P   1060
232.545,0.398518,10.9236,232.545,0.397635,10.9236,232.545,            29P   1061
0.397165,10.9236,232.545,0.396298,10.9236,232.546,0.39597,            29P   1062
10.9236,232.547,0.392925,10.9236,232.548,0.389563,10.9236,            29P   1063
232.55,0.385762,10.9236,232.551,0.38432,10.9236,232.551,              29P   1064
0.382543,10.9236,232.552,0.380884,10.9236,232.553,0.379189,           29P   1065
10.9236,232.553,0.378147,10.9236,232.556,0.371651,10.9236,            29P   1066
232.559,0.364892,10.9236,232.562,0.358069,10.9236,232.563,            29P   1067
0.356683,10.9236,232.563,0.355263,10.9236,232.564,0.353664,           29P   1068
10.9236,232.565,0.352004,10.9236,232.565,0.350641,10.9236,            29P   1069
232.57,0.340986,10.9236,232.574,0.331218,10.9236,232.579,             29P   1070
0.32117,10.9236,232.58,0.318954,10.9236,232.581,0.317007,             29P   1071
10.9236,232.582,0.315413,10.9236,232.582,0.314319,10.9236,            29P   1072
232.589,0.30171,10.9236,232.595,0.288993,10.9236,232.602,             29P   1073
0.27615,10.9236,232.603,0.274102,10.9236,232.604,0.272267,            29P   1074
10.9236,232.604,0.270721,10.9236,232.605,0.269568,10.9236,            29P   1075
232.613,0.254071,10.9236,232.622,0.23863,10.9236,232.631,             29P   1076
0.223233,10.9236,232.632,0.221347,10.9236,232.633,0.219642,           29P   1077
10.9236,232.634,0.21816,10.9236,232.634,0.216979,10.9236,             29P   1078
232.643,0.201729,10.9236,232.652,0.186544,10.9236,232.662,            29P   1079
0.171568,10.9236,232.663,0.169877,10.9236,232.664,0.168305,           29P   1080
10.9236,232.665,0.16687,10.9236,232.666,0.165621,10.9236,             29P   1081
232.675,0.15064,10.9236,232.685,0.135848,10.9236,232.695,             29P   1082
0.121346,10.9236,232.696,0.120097,10.9236,232.697,0.118641,           29P   1083
10.9236,232.698,0.117266,10.9236,232.699,0.115761,10.9236,            29P   1084
232.709,0.10101,10.9236,232.72,0.0865501,10.9236,232.73,              29P   1085
0.072486,10.9236,232.732,0.0711439,10.9236,232.733,0.0698117,         29P   1086
10.9236,232.734,0.0685175,10.9236,232.734,0.0672759,10.9236,          29P   1087
232.746,0.0527216,10.9236,232.757,0.0383815,10.9236,232.768,          29P   1088
0.0244493,10.9236,232.769,0.0232427,10.9236,232.77,0.0220073,         29P   1089
10.9236,232.772,0.0207889,10.9236,232.772,0.0197371,10.9236,          29P   1090
232.784,0.0059179,10.9236,232.796,-0.00766097,10.9236,232.808,        29P   1091
-0.0213203,10.9236,232.809,-0.0224178,10.9236,232.81,-0.0235743,      29P   1092
10.9236,232.811,-0.0245395,10.9236,232.812,-0.0255394,10.9236,        29P   1093
232.824,-0.0389533,10.9236,232.836,-0.0520749,10.9236,232.849,        29P   1094
-0.0652538,10.9236,232.85,-0.0662841,10.9236,232.851,-0.0674042,      29P   1095
10.9236,232.852,-0.0683802,10.9236,232.853,-0.0694191,10.9236,        29P   1096
232.865,-0.0823639,10.9236,232.878,-0.0951177,10.9236,232.891,        29P   1097
-0.10763,10.9236,232.892,-0.108614,10.9236,232.893,-0.109671,         29P   1098
10.9236,232.894,-0.110808,10.9236,232.895,-0.111898,10.9236,          29P   1099
232.908,-0.124739,10.9236,232.922,-0.137419,10.9236,232.936,          29P   1100
-0.149838,10.9236,232.937,-0.150838,10.9236,232.938,-0.151788,        29P   1101
10.9236,232.939,-0.152824,10.9236,232.953,-0.165248,10.9236,          29P   1102
232.967,-0.177507,10.9236,232.981,-0.1895,10.9236,232.982,            29P   1103
-0.190451,10.9236,232.983,-0.191396,10.9236,232.984,-0.192439,        29P   1104
10.9236,232.998,-0.204453,10.9236,233.012,-0.216244,10.9236,          29P   1105
233.027,-0.227689,10.9236,233.028,-0.228587,10.9236,233.029,          29P   1106
-0.229506,10.9236,233.03,-0.230528,10.9236,233.045,-0.242057,         29P   1107
10.9236,233.06,-0.253267,10.9236,233.074,-0.264212,10.9236,           29P   1108
233.075,-0.265051,10.9236,233.077,-0.265954,10.9236,233.078,          29P   1109
-0.26698,10.9236,233.09,-0.276053,10.9236,233.102,-0.284933,          29P   1110
10.9236,233.115,-0.293505,10.9236,233.116,-0.294319,10.9236,          29P   1111
233.117,-0.295204,10.9236,233.119,-0.296222,10.9236,233.128,          29P   1112
-0.303043,10.9236,233.138,-0.309646,10.9236,233.148,-0.316083,        29P   1113
10.9236,233.149,-0.316864,10.9236,233.15,-0.317764,10.9236,           29P   1114
233.152,-0.318767,10.9236,233.159,-0.323667,10.9236,233.166,          29P   1115
-0.328501,10.9236,233.174,-0.333262,10.9236,233.176,-0.334573,        29P   1116
10.9236,233.18,-0.337738,10.9236,233.185,-0.34056,10.9236,            29P   1117
233.189,-0.342923,10.9236,233.189,-0.343152,10.9236,233.19,           29P   1118
-0.343569,10.9236,233.19,-0.343754,10.9236,233.191,-0.344248,         29P   1119
10.9236,233.191,-0.344569,10.9236,233.192,-0.345276,10.9236,          29P   1120
233.193,-0.345595,10.9236,233.194,-0.346093,10.9236,233.195,          29P   1121
-0.346297,10.9236,233.196,-0.346597,10.9236,233.197,-0.346876,        29P   1122
10.9236,233.199,-0.347076,10.9236,233.201,-0.347083,10.9236,          29P   1123
233.203,-0.346838,10.9236,233.205,-0.346185,10.9236,233.206,          29P   1124
-0.345414,10.9236,233.208,-0.34462,10.9236,233.209,-0.343799,         29P   1125
10.9236,233.21,-0.34246,10.9236,233.212,-0.340668,10.9236,            29P   1126
233.213,-0.338477,10.9236,233.213,-0.336678,10.9236,233.214,          29P   1127
-0.334905,10.9236,233.214,-0.333824,10.9236,233.214,-0.332843,        29P   1128
10.9236,233.214,-0.332489,10.9236,233.214,-0.331617,10.9236,          29P   1129
233.214,-0.331101,10.9236,233.214,-0.330231,10.9236,233.213,          29P   1130
-0.329876,10.9236,233.213,-0.328811,10.9236,233.213,-0.328109,        29P   1131
10.9236,233.212,-0.326686,10.9236,233.212,-0.325966,10.9236,          29P   1132
233.211,-0.324586,10.9236,233.211,-0.323922,10.9236,233.21,           29P   1133
-0.322558,10.9236,233.209,-0.321915,10.9236,233.207,-0.320746,        29P   1134
10.9236,233.206,-0.320057,10.9236,233.205,-0.318792,10.9236,          29P   1135
233.204,-0.318271,10.9236,233.203,-0.317422,10.9236,233.202,          29P   1136
-0.316778,10.9236,233.201,-0.315892,10.9236,233.2,-0.314772,          29P   1137
10.9236,233.198,-0.313611,10.9236,233.197,-0.312256,10.9236,          29P   1138
233.195,-0.310901,10.9236,233.193,-0.309193,10.9236,233.191,          29P   1139
-0.307408,10.9236,233.186,-0.303723,10.9236,233.182,-0.300415,        29P   1140
10.9236,233.178,-0.297401,10.9236,233.177,-0.296303,10.9236,          29P   1141
233.175,-0.295168,10.9236,233.174,-0.293821,10.9236,233.172,          29P   1142
-0.292491,10.9236,233.17,-0.290811,10.9236,233.168,-0.289062,         29P   1143
10.9236,233.161,-0.283189,10.9236,233.154,-0.277718,10.9236,          29P   1144
233.148,-0.272473,10.9236,233.146,-0.271398,10.9236,233.145,          29P   1145
-0.270282,10.9236,233.143,-0.268986,10.9236,233.142,-0.267688,        29P   1146
10.9236,233.14,-0.266052,10.9236,233.138,-0.264335,10.9236,           29P   1147
233.128,-0.256113,10.9236,233.119,-0.248167,10.9236,233.11,           29P   1148
-0.240441,10.9236,233.109,-0.239395,10.9236,233.108,-0.238302,        29P   1149
10.9236,233.105,-0.236485,10.9236,233.103,-0.234559,10.9236,          29P   1150
233.101,-0.232504,10.9236,233.089,-0.221907,10.9236,233.077,          29P   1151
-0.211623,10.9236,233.066,-0.20132,10.9236,233.065,-0.200149,         29P   1152
10.9236,233.064,-0.198934,10.9236,233.062,-0.197716,10.9236,          29P   1153
233.061,-0.19651,10.9236,233.059,-0.194987,10.9236,233.058,           29P   1154
-0.193428,10.9236,233.045,-0.182167,10.9236,233.034,-0.171011,        29P   1155
10.9236,233.022,-0.159676,10.9236,233.021,-0.158478,10.9236,          29P   1156
233.019,-0.157312,10.9236,233.018,-0.156173,10.9236,233.017,          29P   1157
-0.154756,10.9236,233.015,-0.153289,10.9236,233.003,-0.141579,        29P   1158
10.9236,232.991,-0.129984,10.9236,232.98,-0.118181,10.9236,           29P   1159
232.978,-0.117067,10.9236,232.977,-0.115958,10.9236,232.976,          29P   1160
-0.114878,10.9236,232.975,-0.113523,10.9236,232.974,-0.112147,        29P   1161
10.9236,232.962,-0.0999567,10.9236,232.95,-0.0878087,10.9236,         29P   1162
232.939,-0.0755211,10.9236,232.938,-0.0744642,10.9236,232.937,        29P   1163
-0.0734377,10.9236,232.936,-0.072426,10.9236,232.935,-0.0711849,      29P   1164
10.9236,232.933,-0.0699158,10.9236,232.922,-0.0572963,10.9236,        29P   1165
232.91,-0.0447633,10.9236,232.898,-0.032021,10.9236,232.897,          29P   1166
-0.0307334,10.9236,232.896,-0.0293965,10.9236,232.895,                29P   1167
-0.0280126,10.9236,232.894,-0.0268669,10.9236,232.882,-0.013758,      29P   1168
10.9236,232.871,-0.000608987,10.9236,232.859,0.01289,10.9236,         29P   1169
232.858,0.0140865,10.9236,232.857,0.0153096,10.9236,232.856,          29P   1170
0.0163558,10.9236,232.856,0.0173911,10.9236,232.844,0.0309518,        29P   1171
10.9236,232.833,0.0444666,10.9236,232.821,0.0580963,10.9236,          29P   1172
232.82,0.059155,10.9236,232.82,0.0602266,10.9236,232.818,             29P   1173
0.0615793,10.9236,232.807,0.0757377,10.9236,232.795,0.08998,          29P   1174
10.9236,232.784,0.103927,10.9236,232.783,0.104911,10.9236,            29P   1175
232.782,0.105854,10.9236,232.781,0.106997,10.9236,232.769,            29P   1176
0.121531,10.9236,232.758,0.135948,10.9236,232.746,0.150362,           29P   1177
10.9236,232.746,0.151461,10.9236,232.745,0.152681,10.9236,            29P   1178
232.733,0.167537,10.9236,232.721,0.182195,10.9236,232.71,             29P   1179
0.196706,10.9236,232.709,0.197634,10.9236,232.709,0.198605,           29P   1180
10.9236,232.697,0.213686,10.9236,232.685,0.228803,10.9236,            29P   1181
232.674,0.244188,10.9236,232.662,0.259747,10.9236,232.65,             29P   1182
0.275402,10.9236,232.639,0.29114,10.9236,232.629,0.304539,            29P   1183
10.9236,232.619,0.318053,10.9236,232.602,0.341957,10.9236,            29P   1184
232.588,0.36096,10.9236,232.571,0.384845,10.9236,232.562,             29P   1185
0.398219,10.9236,232.558,0.403553,10.9236,232.56,0.412951,            29P   1186
11.012,232.559,0.413747,11.012,232.558,0.414757,11.012,232.556,       29P   1187
0.415561,11.012,232.555,0.415961,11.012,232.553,0.415946,11.012,      29P   1188
232.552,0.41552,11.012,232.551,0.415173,11.012,232.55,0.414754,       29P   1189
11.012,232.55,0.414493,11.012,232.549,0.413679,11.012,232.549,        29P   1190
0.413077,11.012,232.548,0.411972,11.012,232.548,0.4115,11.012,        29P   1191
232.548,0.410449,11.012,232.547,0.409469,11.012,232.547,              29P   1192
0.408561,11.012,232.548,0.407881,11.012,232.548,0.407565,11.012,      29P   1193
232.548,0.406923,11.012,232.548,0.406618,11.012,232.548,              29P   1194
0.406001,11.012,232.548,0.405666,11.012,232.549,0.405019,11.012,      29P   1195
232.549,0.40469,11.012,232.55,0.401705,11.012,232.552,0.398395,       29P   1196
11.012,232.553,0.394643,11.012,232.554,0.393218,11.012,232.555,       29P   1197
0.391461,11.012,232.555,0.38982,11.012,232.556,0.388142,11.012,       29P   1198
232.557,0.387073,11.012,232.56,0.380517,11.012,232.563,0.373776,      29P   1199
11.012,232.566,0.366992,11.012,232.566,0.365615,11.012,232.567,       29P   1200
0.364203,11.012,232.568,0.362614,11.012,232.568,0.360965,11.012,      29P   1201
232.569,0.359609,11.012,232.573,0.35019,11.012,232.578,0.340494,      29P   1202
11.012,232.583,0.330505,11.012,232.584,0.328302,11.012,232.585,       29P   1203
0.326367,11.012,232.586,0.324779,11.012,232.586,0.323652,11.012,      29P   1204
232.592,0.311162,11.012,232.599,0.298575,11.012,232.606,              29P   1205
0.285816,11.012,232.607,0.283781,11.012,232.608,0.281956,11.012,      29P   1206
232.608,0.280415,11.012,232.609,0.279233,11.012,232.617,              29P   1207
0.263845,11.012,232.626,0.248399,11.012,232.634,0.233007,11.012,      29P   1208
232.635,0.231122,11.012,232.636,0.229417,11.012,232.637,              29P   1209
0.227934,11.012,232.638,0.226718,11.012,232.647,0.211484,11.012,      29P   1210
232.656,0.19634,11.012,232.665,0.181346,11.012,232.666,0.179653,      29P   1211
11.012,232.667,0.178077,11.012,232.668,0.176637,11.012,232.669,       29P   1212
0.175385,11.012,232.678,0.160212,11.012,232.688,0.145294,11.012,      29P   1213
232.698,0.130673,11.012,232.699,0.129414,11.012,232.7,0.127946,       29P   1214
11.012,232.701,0.126557,11.012,232.702,0.125041,11.012,232.712,       29P   1215
0.110353,11.012,232.722,0.0957787,11.012,232.732,0.0815015,           29P   1216
11.012,232.733,0.0801387,11.012,232.734,0.0787849,11.012,             29P   1217
232.735,0.0774674,11.012,232.736,0.0761721,11.012,232.747,            29P   1218
0.0612188,11.012,232.758,0.046521,11.012,232.769,0.032246,            29P   1219
11.012,232.77,0.0310097,11.012,232.771,0.0297422,11.012,232.772,      29P   1220
0.0284939,11.012,232.773,0.0275742,11.012,232.784,0.0134454,          29P   1221
11.012,232.795,-0.00041483,11.012,232.807,-0.0144043,11.012,          29P   1222
232.808,-0.0155286,11.012,232.809,-0.0167151,11.012,232.81,           29P   1223
-0.0177353,11.012,232.811,-0.0187603,11.012,232.822,-0.0324859,       29P   1224
11.012,232.834,-0.0459875,11.012,232.846,-0.0595393,11.012,           29P   1225
232.847,-0.0605988,11.012,232.848,-0.061751,11.012,232.849,           29P   1226
-0.062781,11.012,232.85,-0.0638491,11.012,232.862,-0.0772912,         29P   1227
11.012,232.875,-0.0904009,11.012,232.887,-0.103333,11.012,            29P   1228
232.888,-0.10435,11.012,232.889,-0.105444,11.012,232.89,              29P   1229
-0.10662,11.012,232.891,-0.107606,11.012,232.904,-0.120881,           29P   1230
11.012,232.917,-0.134099,11.012,232.93,-0.146992,11.012,232.931,      29P   1231
-0.14803,11.012,232.932,-0.149041,11.012,232.933,-0.150116,           29P   1232
11.012,232.947,-0.162976,11.012,232.96,-0.175631,11.012,232.974,      29P   1233
-0.188035,11.012,232.975,-0.189019,11.012,232.976,-0.190019,          29P   1234
11.012,232.977,-0.191099,11.012,232.991,-0.203507,11.012,             29P   1235
233.004,-0.21574,11.012,233.018,-0.227691,11.012,233.019,             29P   1236
-0.22863,11.012,233.021,-0.229613,11.012,233.022,-0.230682,           29P   1237
11.012,233.036,-0.242719,11.012,233.05,-0.254518,11.012,233.064,      29P   1238
-0.266013,11.012,233.065,-0.266895,11.012,233.066,-0.267863,          29P   1239
11.012,233.068,-0.268941,11.012,233.08,-0.278444,11.012,233.091,      29P   1240
-0.287752,11.012,233.103,-0.296796,11.012,233.104,-0.297655,          29P   1241
11.012,233.106,-0.298611,11.012,233.107,-0.299687,11.012,             29P   1242
233.116,-0.30688,11.012,233.126,-0.313885,11.012,233.135,             29P   1243
-0.320664,11.012,233.136,-0.321487,11.012,233.138,-0.32245,           29P   1244
11.012,233.139,-0.323504,11.012,233.146,-0.32865,11.012,233.153,      29P   1245
-0.333707,11.012,233.16,-0.338753,11.012,233.162,-0.340143,           29P   1246
11.012,233.167,-0.343498,11.012,233.171,-0.346514,11.012,             29P   1247
233.175,-0.349063,11.012,233.175,-0.34931,11.012,233.176,             29P   1248
-0.349762,11.012,233.176,-0.349984,11.012,233.177,-0.35056,           29P   1249
11.012,233.178,-0.35087,11.012,233.179,-0.351432,11.012,233.179,      29P   1250
-0.351692,11.012,233.181,-0.352106,11.012,233.181,-0.352265,          29P   1251
11.012,233.182,-0.352476,11.012,233.183,-0.352655,11.012,             29P   1252
233.185,-0.35271,11.012,233.187,-0.352519,11.012,233.189,             29P   1253
-0.352019,11.012,233.191,-0.351147,11.012,233.192,-0.350215,          29P   1254
11.012,233.194,-0.3493,11.012,233.195,-0.348377,11.012,233.196,       29P   1255
-0.34689,11.012,233.197,-0.344934,11.012,233.198,-0.342638,           29P   1256
11.012,233.198,-0.340787,11.012,233.198,-0.338992,11.012,             29P   1257
233.198,-0.337909,11.012,233.198,-0.33693,11.012,233.198,             29P   1258
-0.336578,11.012,233.198,-0.335717,11.012,233.198,-0.335209,          29P   1259
11.012,233.198,-0.334365,11.012,233.198,-0.334024,11.012,             29P   1260
233.197,-0.33301,11.012,233.197,-0.332356,11.012,233.196,             29P   1261
-0.331088,11.012,233.196,-0.330481,11.012,233.195,-0.329259,          29P   1262
11.012,233.194,-0.328667,11.012,233.193,-0.327608,11.012,             29P   1263
233.192,-0.327026,11.012,233.19,-0.325639,11.012,233.19,              29P   1264
-0.324874,11.012,233.188,-0.323586,11.012,233.187,-0.323048,          29P   1265
11.012,233.186,-0.322159,11.012,233.186,-0.321484,11.012,             29P   1266
233.184,-0.320557,11.012,233.183,-0.319384,11.012,233.182,            29P   1267
-0.31817,11.012,233.18,-0.316753,11.012,233.178,-0.315335,            29P   1268
11.012,233.176,-0.313549,11.012,233.174,-0.311685,11.012,233.17,      29P   1269
-0.307837,11.012,233.166,-0.304388,11.012,233.162,-0.30124,           29P   1270
11.012,233.161,-0.300093,11.012,233.159,-0.298906,11.012,             29P   1271
233.158,-0.297498,11.012,233.156,-0.296105,11.012,233.154,            29P   1272
-0.294345,11.012,233.152,-0.292509,11.012,233.145,-0.286336,          29P   1273
11.012,233.139,-0.280558,11.012,233.133,-0.275039,11.012,             29P   1274
233.132,-0.273909,11.012,233.13,-0.272737,11.012,233.129,             29P   1275
-0.271376,11.012,233.127,-0.270014,11.012,233.125,-0.268301,          29P   1276
11.012,233.123,-0.266506,11.012,233.114,-0.257922,11.012,             29P   1277
233.105,-0.24971,11.012,233.097,-0.241729,11.012,233.095,             29P   1278
-0.240649,11.012,233.094,-0.23952,11.012,233.092,-0.237643,           29P   1279
11.012,233.09,-0.235652,11.012,233.088,-0.233528,11.012,233.076,      29P   1280
-0.222569,11.012,233.065,-0.2119,11.012,233.054,-0.201226,            29P   1281
11.012,233.053,-0.200013,11.012,233.052,-0.198754,11.012,233.05,      29P   1282
-0.197491,11.012,233.049,-0.196242,11.012,233.048,-0.194666,          29P   1283
11.012,233.046,-0.193052,11.012,233.034,-0.181403,11.012,             29P   1284
233.023,-0.169895,11.012,233.011,-0.158223,11.012,233.01,             29P   1285
-0.15699,11.012,233.009,-0.155787,11.012,233.008,-0.154615,           29P   1286
11.012,233.006,-0.153156,11.012,233.005,-0.151647,11.012,             29P   1287
232.993,-0.139603,11.012,232.982,-0.127693,11.012,232.97,             29P   1288
-0.115618,11.012,232.969,-0.114479,11.012,232.968,-0.113342,          29P   1289
11.012,232.967,-0.112238,11.012,232.966,-0.110853,11.012,             29P   1290
232.965,-0.109447,11.012,232.953,-0.0970016,11.012,232.942,           29P   1291
-0.0846464,11.012,232.931,-0.072095,11.012,232.93,-0.071015,          29P   1292
11.012,232.929,-0.0699636,11.012,232.928,-0.0689292,11.012,           29P   1293
232.927,-0.06766,11.012,232.926,-0.0663615,11.012,232.914,            29P   1294
-0.0534477,11.012,232.903,-0.040558,11.012,232.892,-0.0275461,        29P   1295
11.012,232.891,-0.0262318,11.012,232.89,-0.024866,11.012,             29P   1296
232.888,-0.0234552,11.012,232.887,-0.0222879,11.012,232.876,          29P   1297
-0.00896817,11.012,232.865,0.00431272,11.012,232.854,0.0179378,       29P   1298
11.012,232.853,0.0191455,11.012,232.852,0.020382,11.012,232.851,      29P   1299
0.0214677,11.012,232.85,0.0225127,11.012,232.839,0.036337,            29P   1300
11.012,232.828,0.0500487,11.012,232.817,0.0638449,11.012,             29P   1301
232.816,0.0649165,11.012,232.815,0.0660027,11.012,232.814,            29P   1302
0.0673715,11.012,232.803,0.0816815,11.012,232.791,0.0960562,          29P   1303
11.012,232.78,0.11017,11.012,232.78,0.111167,11.012,232.779,          29P   1304
0.112122,11.012,232.778,0.113279,11.012,232.767,0.127357,11.012,      29P   1305
232.756,0.141959,11.012,232.745,0.15637,11.012,232.744,0.157468,      29P   1306
11.012,232.743,0.158687,11.012,232.731,0.173505,11.012,232.72,        29P   1307
0.188741,11.012,232.709,0.203694,11.012,232.708,0.20465,11.012,       29P   1308
232.707,0.20565,11.012,232.696,0.221219,11.012,232.684,0.237167,      29P   1309
11.012,232.672,0.252912,11.012,232.661,0.268816,11.012,232.649,       29P   1310
0.284673,11.012,232.638,0.300353,11.012,232.629,0.313694,11.012,      29P   1311
232.619,0.32707,11.012,232.602,0.350814,11.012,232.589,0.36974,       29P   1312
11.012,232.573,0.394057,11.012,232.564,0.407548,11.012,232.56,        29P   1313
0.412951,11.012,232.563,0.421825,11.0986,232.563,0.422515,            29P   1314
11.0986,232.562,0.423411,11.0986,232.56,0.424199,11.0986,             29P   1315
232.559,0.424651,11.0986,232.557,0.424749,11.0986,232.556,            29P   1316
0.424474,11.0986,232.555,0.424201,11.0986,232.554,0.42386,            29P   1317
11.0986,232.554,0.423639,11.0986,232.553,0.422888,11.0986,            29P   1318
232.553,0.42226,11.0986,232.552,0.421089,11.0986,232.552,             29P   1319
0.420574,11.0986,232.551,0.419472,11.0986,232.551,0.418486,           29P   1320
11.0986,232.551,0.417282,11.0986,232.552,0.416413,11.0986,            29P   1321
232.552,0.416035,11.0986,232.552,0.415425,11.0986,232.552,            29P   1322
0.415116,11.0986,232.552,0.414433,11.0986,232.553,0.414065,           29P   1323
11.0986,232.553,0.413364,11.0986,232.553,0.413036,11.0986,            29P   1324
232.554,0.409972,11.0986,232.556,0.406621,11.0986,232.557,            29P   1325
0.402854,11.0986,232.558,0.401427,11.0986,232.559,0.39967,            29P   1326
11.0986,232.56,0.39803,11.0986,232.56,0.396354,11.0986,232.561,       29P   1327
0.395424,11.0986,232.563,0.389326,11.0986,232.566,0.382739,           29P   1328
11.0986,232.57,0.376011,11.0986,232.57,0.374643,11.0986,232.571,      29P   1329
0.37324,11.0986,232.572,0.371658,11.0986,232.572,0.370016,            29P   1330
11.0986,232.573,0.368667,11.0986,232.578,0.358655,11.0986,            29P   1331
232.582,0.348906,11.0986,232.587,0.338939,11.0986,232.588,            29P   1332
0.336742,11.0986,232.589,0.334813,11.0986,232.59,0.33324,             29P   1333
11.0986,232.591,0.33226,11.0986,232.597,0.319664,11.0986,             29P   1334
232.603,0.307002,11.0986,232.61,0.294216,11.0986,232.611,             29P   1335
0.292177,11.0986,232.612,0.29035,11.0986,232.613,0.288819,            29P   1336
11.0986,232.613,0.287764,11.0986,232.621,0.272242,11.0986,            29P   1337
232.63,0.256849,11.0986,232.639,0.241457,11.0986,232.64,              29P   1338
0.239571,11.0986,232.641,0.237865,11.0986,232.641,0.23639,            29P   1339
11.0986,232.642,0.235302,11.0986,232.651,0.220031,11.0986,            29P   1340
232.66,0.204775,11.0986,232.669,0.189681,11.0986,232.67,              29P   1341
0.187977,11.0986,232.671,0.186392,11.0986,232.672,0.184951,           29P   1342
11.0986,232.672,0.183691,11.0986,232.681,0.168964,11.0986,            29P   1343
232.691,0.15403,11.0986,232.7,0.139286,11.0986,232.701,0.138015,      29P   1344
11.0986,232.702,0.136534,11.0986,232.703,0.135139,11.0986,            29P   1345
232.704,0.133608,11.0986,232.714,0.118109,11.0986,232.724,            29P   1346
0.103276,11.0986,232.734,0.0888367,11.0986,232.735,0.0874588,         29P   1347
11.0986,232.736,0.0860909,11.0986,232.737,0.0847667,11.0986,          29P   1348
232.738,0.0835748,11.0986,232.748,0.0689938,11.0986,232.759,          29P   1349
0.0542251,11.0986,232.77,0.0397416,11.0986,232.77,0.0384868,          29P   1350
11.0986,232.771,0.0372057,11.0986,232.772,0.0359371,11.0986,          29P   1351
232.774,0.0344387,11.0986,232.784,0.0199636,11.0986,232.795,          29P   1352
0.00575331,11.0986,232.807,-0.00855435,11.0986,232.807,               29P   1353
-0.00970386,11.0986,232.808,-0.0109114,11.0986,232.809,               29P   1354
-0.0118436,11.0986,232.81,-0.0128913,11.0986,232.821,-0.0270141,      29P   1355
11.0986,232.833,-0.0407866,11.0986,232.844,-0.0546498,11.0986,        29P   1356
232.845,-0.0557338,11.0986,232.846,-0.0569112,11.0986,232.847,        29P   1357
-0.0578703,11.0986,232.848,-0.0589638,11.0986,232.859,                29P   1358
-0.0722475,11.0986,232.871,-0.0856876,11.0986,232.883,                29P   1359
-0.0989658,11.0986,232.884,-0.10001,11.0986,232.885,-0.101131,        29P   1360
11.0986,232.886,-0.10234,11.0986,232.888,-0.10386,11.0986,232.9,      29P   1361
-0.117569,11.0986,232.913,-0.131116,11.0986,232.925,-0.144361,        29P   1362
11.0986,232.926,-0.145426,11.0986,232.927,-0.146377,11.0986,          29P   1363
232.928,-0.147482,11.0986,232.941,-0.160787,11.0986,232.954,          29P   1364
-0.173836,11.0986,232.968,-0.186645,11.0986,232.969,-0.18766,         29P   1365
11.0986,232.97,-0.18861,11.0986,232.971,-0.189726,11.0986,            29P   1366
232.984,-0.202628,11.0986,232.997,-0.215282,11.0986,233.011,          29P   1367
-0.227626,11.0986,233.012,-0.228595,11.0986,233.013,-0.229528,        29P   1368
11.0986,233.014,-0.230631,11.0986,233.028,-0.243135,11.0986,          29P   1369
233.042,-0.25531,11.0986,233.055,-0.26722,11.0986,233.057,            29P   1370
-0.268132,11.0986,233.058,-0.269065,11.0986,233.059,-0.270182,        29P   1371
11.0986,233.07,-0.280117,11.0986,233.082,-0.2898,11.0986,             29P   1372
233.094,-0.299181,11.0986,233.095,-0.300071,11.0986,233.096,          29P   1373
-0.300984,11.0986,233.097,-0.302099,11.0986,233.106,-0.309615,        29P   1374
11.0986,233.116,-0.316874,11.0986,233.125,-0.323948,11.0986,          29P   1375
233.126,-0.324807,11.0986,233.127,-0.325753,11.0986,233.128,          29P   1376
-0.326856,11.0986,233.135,-0.332237,11.0986,233.142,-0.337552,        29P   1377
11.0986,233.149,-0.342834,11.0986,233.151,-0.344293,11.0986,          29P   1378
233.156,-0.347859,11.0986,233.16,-0.351063,11.0986,233.163,           29P   1379
-0.353727,11.0986,233.164,-0.353984,11.0986,233.164,-0.354451,        29P   1380
11.0986,233.165,-0.354604,11.0986,233.165,-0.355054,11.0986,          29P   1381
233.166,-0.355328,11.0986,233.167,-0.355839,11.0986,233.168,          29P   1382
-0.356063,11.0986,233.169,-0.356396,11.0986,233.17,-0.356515,         29P   1383
11.0986,233.171,-0.35666,11.0986,233.172,-0.356753,11.0986,           29P   1384
233.174,-0.356652,11.0986,233.176,-0.356259,11.0986,233.177,          29P   1385
-0.355674,11.0986,233.179,-0.354654,11.0986,233.181,-0.353604,        29P   1386
11.0986,233.182,-0.352585,11.0986,233.183,-0.351565,11.0986,          29P   1387
233.184,-0.349969,11.0986,233.185,-0.347922,11.0986,233.185,          29P   1388
-0.345531,11.0986,233.186,-0.343645,11.0986,233.186,-0.341844,        29P   1389
11.0986,233.185,-0.340786,11.0986,233.185,-0.33985,11.0986,           29P   1390
233.185,-0.339517,11.0986,233.185,-0.338708,11.0986,233.185,          29P   1391
-0.338236,11.0986,233.184,-0.337449,11.0986,233.184,-0.337128,        29P   1392
11.0986,233.184,-0.336175,11.0986,233.183,-0.335552,11.0986,          29P   1393
233.182,-0.334241,11.0986,233.182,-0.333547,11.0986,233.18,           29P   1394
-0.332509,11.0986,233.18,-0.3321,11.0986,233.179,-0.331037,           29P   1395
11.0986,233.178,-0.330412,11.0986,233.177,-0.329018,11.0986,          29P   1396
233.176,-0.328239,11.0986,233.174,-0.326898,11.0986,233.174,          29P   1397
-0.32634,11.0986,233.173,-0.325423,11.0986,233.172,-0.324727,         29P   1398
11.0986,233.171,-0.323769,11.0986,233.169,-0.322559,11.0986,          29P   1399
233.168,-0.321304,11.0986,233.166,-0.319843,11.0986,233.165,          29P   1400
-0.318382,11.0986,233.163,-0.316543,11.0986,233.161,-0.314624,        29P   1401
11.0986,233.156,-0.310667,11.0986,233.153,-0.307121,11.0986,          29P   1402
233.149,-0.303885,11.0986,233.148,-0.302707,11.0986,233.146,          29P   1403
-0.301485,11.0986,233.145,-0.300037,11.0986,233.143,-0.298606,        29P   1404
11.0986,233.141,-0.296797,11.0986,233.139,-0.294911,11.0986,          29P   1405
233.133,-0.28857,11.0986,233.126,-0.282635,11.0986,233.12,            29P   1406
-0.27696,11.0986,233.119,-0.275798,11.0986,233.118,-0.27459,          29P   1407
11.0986,233.116,-0.273189,11.0986,233.115,-0.271788,11.0986,          29P   1408
233.113,-0.270025,11.0986,233.111,-0.268175,11.0986,233.102,          29P   1409
-0.259334,11.0986,233.094,-0.25086,11.0986,233.085,-0.242653,         29P   1410
11.0986,233.084,-0.241542,11.0986,233.083,-0.24038,11.0986,           29P   1411
233.081,-0.238452,11.0986,233.079,-0.236409,11.0986,233.077,          29P   1412
-0.234231,11.0986,233.065,-0.222995,11.0986,233.055,-0.212119,        29P   1413
11.0986,233.044,-0.20123,11.0986,233.043,-0.199992,11.0986,           29P   1414
233.041,-0.198708,11.0986,233.04,-0.197428,11.0986,233.039,           29P   1415
-0.196154,11.0986,233.037,-0.194544,11.0986,233.036,-0.192897,        29P   1416
11.0986,233.024,-0.180994,11.0986,233.013,-0.169222,11.0986,          29P   1417
233.002,-0.157268,11.0986,233.001,-0.156004,11.0986,233.,             29P   1418
-0.154781,11.0986,232.999,-0.15358,11.0986,232.997,-0.152085,         29P   1419
11.0986,232.996,-0.150539,11.0986,232.985,-0.138187,11.0986,          29P   1420
232.974,-0.12597,11.0986,232.963,-0.11362,11.0986,232.962,            29P   1421
-0.112455,11.0986,232.961,-0.111302,11.0986,232.96,-0.110173,         29P   1422
11.0986,232.958,-0.108758,11.0986,232.957,-0.107322,11.0986,          29P   1423
232.946,-0.094602,11.0986,232.935,-0.0820197,11.0986,232.924,         29P   1424
-0.0692616,11.0986,232.923,-0.0681641,11.0986,232.922,                29P   1425
-0.0671037,11.0986,232.921,-0.0660527,11.0986,232.92,-0.0647631,      29P   1426
11.0986,232.919,-0.063444,11.0986,232.908,-0.0503197,11.0986,         29P   1427
232.897,-0.0372489,11.0986,232.886,-0.0240306,11.0986,232.885,        29P   1428
-0.0226956,11.0986,232.884,-0.0213149,11.0986,232.883,                29P   1429
-0.0198811,11.0986,232.882,-0.0186946,11.0986,232.871,                29P   1430
-0.00504805,11.0986,232.86,0.00848712,11.0986,232.849,0.0223512,      29P   1431
11.0986,232.848,0.0235798,11.0986,232.847,0.0248303,11.0986,          29P   1432
232.846,0.0258279,11.0986,232.845,0.0268908,11.0986,232.835,          29P   1433
0.0404576,11.0986,232.824,0.0543268,11.0986,232.813,0.0682893,        29P   1434
11.0986,232.813,0.0693736,11.0986,232.812,0.0704663,11.0986,          29P   1435
232.811,0.0718514,11.0986,232.8,0.0863807,11.0986,232.788,            29P   1436
0.100907,11.0986,232.778,0.1152,11.0986,232.777,0.116209,             29P   1437
11.0986,232.776,0.117174,11.0986,232.775,0.118346,11.0986,            29P   1438
232.764,0.133632,11.0986,232.753,0.148522,11.0986,232.742,            29P   1439
0.163319,11.0986,232.741,0.164447,11.0986,232.74,0.165697,            29P   1440
11.0986,232.729,0.180928,11.0986,232.718,0.195899,11.0986,            29P   1441
232.707,0.210904,11.0986,232.707,0.211864,11.0986,232.706,            29P   1442
0.212866,11.0986,232.695,0.228349,11.0986,232.684,0.243976,           29P   1443
11.0986,232.673,0.259772,11.0986,232.661,0.275725,11.0986,            29P   1444
232.65,0.291872,11.0986,232.639,0.307762,11.0986,232.63,              29P   1445
0.321279,11.0986,232.621,0.334931,11.0986,232.605,0.359012,           29P   1446
11.0986,232.592,0.378132,11.0986,232.575,0.402617,11.0986,            29P   1447
232.566,0.416351,11.0986,232.563,0.421825,11.0986,232.566,            29P   1448
0.432046,11.2109,232.566,0.433061,11.2109,232.565,0.434206,           29P   1449
11.2109,232.563,0.434861,11.2109,232.561,0.435006,11.2109,            29P   1450
232.56,0.434708,11.2109,232.558,0.433995,11.2109,232.558,             29P   1451
0.433539,11.2109,232.557,0.433021,11.2109,232.557,0.432713,           29P   1452
11.2109,232.556,0.431787,11.2109,232.556,0.431138,11.2109,            29P   1453
232.556,0.429968,11.2109,232.555,0.42951,11.2109,232.555,             29P   1454
0.428433,11.2109,232.556,0.427371,11.2109,232.556,0.426548,           29P   1455
11.2109,232.556,0.426005,11.2109,232.556,0.425737,11.2109,            29P   1456
232.557,0.425121,11.2109,232.557,0.424816,11.2109,232.557,            29P   1457
0.424159,11.2109,232.557,0.423804,11.2109,232.558,0.423125,           29P   1458
11.2109,232.558,0.422799,11.2109,232.559,0.420132,11.2109,            29P   1459
232.56,0.416999,11.2109,232.562,0.413332,11.2109,232.563,             29P   1460
0.411928,11.2109,232.563,0.410189,11.2109,232.564,0.408557,           29P   1461
11.2109,232.565,0.40689,11.2109,232.566,0.405296,11.2109,             29P   1462
232.569,0.398681,11.2109,232.572,0.391948,11.2109,232.575,            29P   1463
0.385195,11.2109,232.575,0.383825,11.2109,232.576,0.382418,           29P   1464
11.2109,232.577,0.380838,11.2109,232.578,0.379198,11.2109,            29P   1465
232.578,0.377851,11.2109,232.582,0.36909,11.2109,232.587,             29P   1466
0.35956,11.2109,232.592,0.349615,11.2109,232.593,0.347419,            29P   1467
11.2109,232.594,0.345485,11.2109,232.595,0.343856,11.2109,            29P   1468
232.595,0.342181,11.2109,232.601,0.33017,11.2109,232.608,             29P   1469
0.317621,11.2109,232.614,0.304845,11.2109,232.615,0.302806,           29P   1470
11.2109,232.616,0.300976,11.2109,232.617,0.299389,11.2109,            29P   1471
232.618,0.297719,11.2109,232.626,0.282793,11.2109,232.634,            29P   1472
0.267386,11.2109,232.642,0.251921,11.2109,232.643,0.250025,           29P   1473
11.2109,232.644,0.248309,11.2109,232.645,0.24678,11.2109,             29P   1474
232.646,0.245061,11.2109,232.655,0.229759,11.2109,232.663,            29P   1475
0.214447,11.2109,232.672,0.199258,11.2109,232.673,0.197543,           29P   1476
11.2109,232.674,0.195945,11.2109,232.675,0.194455,11.2109,            29P   1477
232.676,0.193186,11.2109,232.685,0.177717,11.2109,232.694,            29P   1478
0.162566,11.2109,232.703,0.14769,11.2109,232.704,0.146408,            29P   1479
11.2109,232.705,0.144913,11.2109,232.706,0.143472,11.2109,            29P   1480
232.707,0.141928,11.2109,232.716,0.127531,11.2109,232.726,            29P   1481
0.11269,11.2109,232.735,0.0980569,11.2109,232.736,0.0966596,          29P   1482
11.2109,232.737,0.0952698,11.2109,232.738,0.0938911,11.2109,          29P   1483
232.739,0.0921193,11.2109,232.75,0.0766857,11.2109,232.76,            29P   1484
0.0615436,11.2109,232.77,0.0468017,11.2109,232.771,0.0455243,         29P   1485
11.2109,232.772,0.044191,11.2109,232.773,0.0429012,11.2109,           29P   1486
232.774,0.0420717,11.2109,232.784,0.0278914,11.2109,232.794,          29P   1487
0.0135249,11.2109,232.805,-0.0010985,11.2109,232.806,                 29P   1488
-0.00227504,11.2109,232.807,-0.00353776,11.2109,232.808,              29P   1489
-0.00502451,11.2109,232.809,-0.00609734,11.2109,232.819,              29P   1490
-0.0201131,11.2109,232.83,-0.0343193,11.2109,232.841,-0.0485766,      29P   1491
11.2109,232.842,-0.0496911,11.2109,232.843,-0.0509099,11.2109,        29P   1492
232.844,-0.0523536,11.2109,232.845,-0.0534764,11.2109,232.857,        29P   1493
-0.0677015,11.2109,232.868,-0.0814642,11.2109,232.88,-0.0950323,      29P   1494
11.2109,232.881,-0.0960995,11.2109,232.882,-0.0972539,11.2109,        29P   1495
232.883,-0.0984887,11.2109,232.883,-0.0994156,11.2109,232.895,        29P   1496
-0.11301,11.2109,232.907,-0.12688,11.2109,232.92,-0.140522,           29P   1497
11.2109,232.921,-0.141628,11.2109,232.922,-0.143027,11.2109,          29P   1498
232.923,-0.144166,11.2109,232.935,-0.157474,11.2109,232.947,          29P   1499
-0.17097,11.2109,232.96,-0.184171,11.2109,232.961,-0.185225,          29P   1500
11.2109,232.962,-0.186599,11.2109,232.964,-0.187747,11.2109,          29P   1501
232.976,-0.200623,11.2109,232.989,-0.21359,11.2109,233.002,           29P   1502
-0.226308,11.2109,233.003,-0.227312,11.2109,233.005,-0.228668,        29P   1503
11.2109,233.006,-0.229806,11.2109,233.019,-0.242347,11.2109,          29P   1504
233.032,-0.254941,11.2109,233.046,-0.267207,11.2109,233.047,          29P   1505
-0.26815,11.2109,233.048,-0.269452,11.2109,233.049,-0.270601,         29P   1506
11.2109,233.06,-0.280438,11.2109,233.071,-0.290363,11.2109,           29P   1507
233.083,-0.30008,11.2109,233.084,-0.301004,11.2109,233.085,           29P   1508
-0.30233,11.2109,233.087,-0.303487,11.2109,233.095,-0.311002,         29P   1509
11.2109,233.104,-0.318569,11.2109,233.113,-0.325903,11.2109,          29P   1510
233.114,-0.326794,11.2109,233.116,-0.328062,11.2109,233.117,          29P   1511
-0.329202,11.2109,233.124,-0.334782,11.2109,233.13,-0.340249,         29P   1512
11.2109,233.137,-0.345669,11.2109,233.139,-0.347147,11.2109,          29P   1513
233.143,-0.350515,11.2109,233.147,-0.353514,11.2109,233.151,          29P   1514
-0.356197,11.2109,233.151,-0.356461,11.2109,233.152,-0.356955,        29P   1515
11.2109,233.152,-0.357391,11.2109,233.153,-0.358071,11.2109,          29P   1516
233.154,-0.358328,11.2109,233.155,-0.358793,11.2109,233.156,          29P   1517
-0.358994,11.2109,233.157,-0.35928,11.2109,233.158,-0.359377,         29P   1518
11.2109,233.158,-0.35944,11.2109,233.159,-0.359493,11.2109,           29P   1519
233.161,-0.359443,11.2109,233.163,-0.359089,11.2109,233.165,          29P   1520
-0.358087,11.2109,233.167,-0.356884,11.2109,233.169,-0.355711,        29P   1521
11.2109,233.17,-0.354637,11.2109,233.17,-0.353594,11.2109,            29P   1522
233.171,-0.35185,11.2109,233.172,-0.349677,11.2109,233.172,           29P   1523
-0.34736,11.2109,233.172,-0.345519,11.2109,233.172,-0.343762,         29P   1524
11.2109,233.172,-0.342673,11.2109,233.171,-0.341664,11.2109,          29P   1525
233.171,-0.341296,11.2109,233.171,-0.340391,11.2109,233.171,          29P   1526
-0.339855,11.2109,233.17,-0.338973,11.2109,233.17,-0.338626,          29P   1527
11.2109,233.169,-0.337589,11.2109,233.168,-0.336939,11.2109,          29P   1528
233.167,-0.33612,11.2109,233.167,-0.336014,11.2109,233.166,           29P   1529
-0.335264,11.2109,233.166,-0.334656,11.2109,233.164,-0.33343,         29P   1530
11.2109,233.164,-0.332797,11.2109,233.162,-0.331355,11.2109,          29P   1531
233.161,-0.330553,11.2109,233.16,-0.329181,11.2109,233.159,           29P   1532
-0.32861,11.2109,233.158,-0.327661,11.2109,233.158,-0.326944,         29P   1533
11.2109,233.156,-0.325962,11.2109,233.155,-0.324721,11.2109,          29P   1534
233.154,-0.323444,11.2109,233.152,-0.321943,11.2109,233.151,          29P   1535
-0.320442,11.2109,233.149,-0.318553,11.2109,233.147,-0.31658,         29P   1536
11.2109,233.142,-0.312501,11.2109,233.139,-0.308853,11.2109,          29P   1537
233.135,-0.305529,11.2109,233.134,-0.304318,11.2109,233.133,          29P   1538
-0.303075,11.2109,233.131,-0.30159,11.2109,233.13,-0.300123,          29P   1539
11.2109,233.128,-0.298269,11.2109,233.126,-0.296337,11.2109,          29P   1540
233.119,-0.28984,11.2109,233.113,-0.283783,11.2109,233.107,           29P   1541
-0.277999,11.2109,233.106,-0.276814,11.2109,233.105,-0.275594,        29P   1542
11.2109,233.104,-0.274167,11.2109,233.102,-0.27274,11.2109,           29P   1543
233.1,-0.270943,11.2109,233.098,-0.269059,11.2109,233.09,             29P   1544
-0.260042,11.2109,233.081,-0.251405,11.2109,233.073,-0.243,           29P   1545
11.2109,233.072,-0.241862,11.2109,233.071,-0.240682,11.2109,          29P   1546
233.069,-0.238704,11.2109,233.067,-0.236606,11.2109,233.065,          29P   1547
-0.234368,11.2109,233.054,-0.222854,11.2109,233.043,-0.211618,        29P   1548
11.2109,233.033,-0.200436,11.2109,233.032,-0.199165,11.2109,          29P   1549
233.031,-0.197847,11.2109,233.03,-0.196492,11.2109,233.028,           29P   1550
-0.195186,11.2109,233.027,-0.193538,11.2109,233.025,-0.191852,        29P   1551
11.2109,233.014,-0.179721,11.2109,233.003,-0.167761,11.2109,          29P   1552
232.992,-0.155608,11.2109,232.991,-0.154322,11.2109,232.99,           29P   1553
-0.153036,11.2109,232.989,-0.151814,11.2109,232.988,-0.150295,        29P   1554
11.2109,232.986,-0.148722,11.2109,232.975,-0.136198,11.2109,          29P   1555
232.965,-0.123764,11.2109,232.954,-0.111178,11.2109,232.953,          29P   1556
-0.10999,11.2109,232.952,-0.108775,11.2109,232.951,-0.107625,         29P   1557
11.2109,232.95,-0.106181,11.2109,232.948,-0.104717,11.2109,           29P   1558
232.938,-0.0917852,11.2109,232.927,-0.0789428,11.2109,232.916,        29P   1559
-0.0659351,11.2109,232.915,-0.0648153,11.2109,232.914,                29P   1560
-0.0636953,11.2109,232.914,-0.0626239,11.2109,232.913,                29P   1561
-0.0613095,11.2109,232.911,-0.0599652,11.2109,232.901,                29P   1562
-0.0466247,11.2109,232.89,-0.0333236,11.2109,232.88,-0.0198872,       29P   1563
11.2109,232.879,-0.0185293,11.2109,232.877,-0.0170915,11.2109,        29P   1564
232.876,-0.0156344,11.2109,232.875,-0.0144286,11.2109,232.865,        29P   1565
-0.0010719,11.2109,232.855,0.0126316,11.2109,232.844,0.026703,        29P   1566
11.2109,232.843,0.027951,11.2109,232.842,0.0292559,11.2109,           29P   1567
232.841,0.0307822,11.2109,232.84,0.0318614,11.2109,232.829,           29P   1568
0.0462199,11.2109,232.819,0.0603602,11.2109,232.809,0.0745621,        29P   1569
11.2109,232.808,0.0756658,11.2109,232.807,0.076809,11.2109,           29P   1570
232.806,0.0782177,11.2109,232.795,0.092924,11.2109,232.785,           29P   1571
0.107701,11.2109,232.774,0.122192,11.2109,232.774,0.123215,           29P   1572
11.2109,232.773,0.124206,11.2109,232.772,0.125394,11.2109,            29P   1573
232.762,0.139836,11.2109,232.751,0.154814,11.2109,232.74,             29P   1574
0.169741,11.2109,232.74,0.170878,11.2109,232.739,0.172151,            29P   1575
11.2109,232.728,0.18756,11.2109,232.717,0.202929,11.2109,             29P   1576
232.707,0.218205,11.2109,232.706,0.219182,11.2109,232.705,            29P   1577
0.220216,11.2109,232.695,0.235998,11.2109,232.684,0.251997,           29P   1578
11.2109,232.673,0.26797,11.2109,232.662,0.284192,11.2109,             29P   1579
232.651,0.300712,11.2109,232.64,0.31671,11.2109,232.631,              29P   1580
0.330302,11.2109,232.622,0.34402,11.2109,232.607,0.36844,             29P   1581
11.2109,232.594,0.387829,11.2109,232.579,0.412623,11.2109,            29P   1582
232.57,0.426462,11.2109,232.566,0.432046,11.2109,232.569,             29P   1583
0.438811,11.3237,232.569,0.439646,11.3237,232.567,0.440637,           29P   1584
11.3237,232.565,0.44127,11.3237,232.564,0.441429,11.3237,             29P   1585
232.562,0.440949,11.3237,232.561,0.440324,11.3237,232.561,            29P   1586
0.439811,11.3237,232.56,0.439341,11.3237,232.56,0.439124,             29P   1587
11.3237,232.559,0.438237,11.3237,232.559,0.437374,11.3237,            29P   1588
232.559,0.435809,11.3237,232.559,0.434902,11.3237,232.56,             29P   1589
0.433621,11.3237,232.56,0.433137,11.3237,232.56,0.432613,             29P   1590
11.3237,232.561,0.431934,11.3237,232.561,0.43162,11.3237,             29P   1591
232.561,0.431007,11.3237,232.561,0.430701,11.3237,232.561,            29P   1592
0.430034,11.3237,232.562,0.429674,11.3237,232.562,0.428987,           29P   1593
11.3237,232.562,0.428661,11.3237,232.563,0.425606,11.3237,            29P   1594
232.565,0.422273,11.3237,232.567,0.418522,11.3237,232.567,            29P   1595
0.4171,11.3237,232.568,0.415367,11.3237,232.569,0.413732,             29P   1596
11.3237,232.569,0.412059,11.3237,232.57,0.411117,11.3237,             29P   1597
232.573,0.404694,11.3237,232.576,0.398007,11.3237,232.579,            29P   1598
0.391255,11.3237,232.579,0.389883,11.3237,232.58,0.388496,            29P   1599
11.3237,232.581,0.386914,11.3237,232.581,0.385272,11.3237,            29P   1600
232.582,0.383922,11.3237,232.587,0.37402,11.3237,232.591,             29P   1601
0.364301,11.3237,232.596,0.354339,11.3237,232.597,0.352143,           29P   1602
11.3237,232.598,0.350231,11.3237,232.599,0.348934,11.3237,            29P   1603
232.599,0.347938,11.3237,232.606,0.335097,11.3237,232.612,            29P   1604
0.322441,11.3237,232.618,0.309621,11.3237,232.619,0.307575,           29P   1605
11.3237,232.62,0.305756,11.3237,232.621,0.304487,11.3237,             29P   1606
232.621,0.303412,11.3237,232.63,0.287595,11.3237,232.638,             29P   1607
0.272014,11.3237,232.646,0.256495,11.3237,232.647,0.254593,           29P   1608
11.3237,232.648,0.252888,11.3237,232.649,0.25163,11.3237,             29P   1609
232.649,0.250519,11.3237,232.658,0.234943,11.3237,232.666,            29P   1610
0.219617,11.3237,232.675,0.204385,11.3237,232.676,0.202665,           29P   1611
11.3237,232.677,0.201076,11.3237,232.678,0.199814,11.3237,            29P   1612
232.679,0.19854,11.3237,232.687,0.18308,11.3237,232.696,              29P   1613
0.167846,11.3237,232.706,0.152838,11.3237,232.706,0.151545,           29P   1614
11.3237,232.707,0.150046,11.3237,232.708,0.148801,11.3237,            29P   1615
232.709,0.147242,11.3237,232.718,0.131699,11.3237,232.728,            29P   1616
0.116615,11.3237,232.737,0.101868,11.3237,232.738,0.100461,           29P   1617
11.3237,232.739,0.0990711,11.3237,232.74,0.0978888,11.3237,           29P   1618
232.741,0.0966557,11.3237,232.751,0.0812097,11.3237,232.761,          29P   1619
0.0660313,11.3237,232.771,0.0511489,11.3237,232.772,0.0498629,        29P   1620
11.3237,232.773,0.0486972,11.3237,232.773,0.0473933,11.3237,          29P   1621
232.774,0.0462624,11.3237,232.784,0.0312534,11.3237,232.795,          29P   1622
0.0166142,11.3237,232.805,0.00180596,11.3237,232.806,                 29P   1623
0.000620208,11.3237,232.807,-0.000496011,11.3237,232.808,             29P   1624
-0.00147667,11.3237,232.808,-0.00256231,11.3237,232.819,              29P   1625
-0.0172298,11.3237,232.83,-0.0315658,11.3237,232.841,-0.0459543,      29P   1626
11.3237,232.841,-0.04708,11.3237,232.842,-0.0482582,11.3237,          29P   1627
232.843,-0.049266,11.3237,232.844,-0.0504003,11.3237,232.855,         29P   1628
-0.0645753,11.3237,232.866,-0.0785015,11.3237,232.877,                29P   1629
-0.0922745,11.3237,232.878,-0.0933579,11.3237,232.879,                29P   1630
-0.0944768,11.3237,232.88,-0.0957308,11.3237,232.881,-0.0969361,      29P   1631
11.3237,232.893,-0.111204,11.3237,232.905,-0.12531,11.3237,           29P   1632
232.917,-0.139096,11.3237,232.918,-0.140161,11.3237,232.919,          29P   1633
-0.141163,11.3237,232.92,-0.142313,11.3237,232.932,-0.156193,         29P   1634
11.3237,232.945,-0.169773,11.3237,232.957,-0.183131,11.3237,          29P   1635
232.958,-0.184146,11.3237,232.959,-0.18515,11.3237,232.96,            29P   1636
-0.186313,11.3237,232.973,-0.199791,11.3237,232.986,-0.213013,        29P   1637
11.3237,232.998,-0.225902,11.3237,232.999,-0.226885,11.3237,          29P   1638
233.,-0.227871,11.3237,233.002,-0.229023,11.3237,233.015,             29P   1639
-0.242086,11.3237,233.028,-0.254792,11.3237,233.041,-0.267233,        29P   1640
11.3237,233.042,-0.268169,11.3237,233.043,-0.269153,11.3237,          29P   1641
233.045,-0.270321,11.3237,233.056,-0.280691,11.3237,233.067,          29P   1642
-0.29081,11.3237,233.078,-0.300599,11.3237,233.079,-0.301525,         29P   1643
11.3237,233.08,-0.302488,11.3237,233.081,-0.303652,11.3237,           29P   1644
233.09,-0.311489,11.3237,233.099,-0.319055,11.3237,233.108,           29P   1645
-0.326434,11.3237,233.109,-0.327325,11.3237,233.11,-0.32832,          29P   1646
11.3237,233.111,-0.32947,11.3237,233.118,-0.334992,11.3237,           29P   1647
233.125,-0.340541,11.3237,233.131,-0.346067,11.3237,233.133,          29P   1648
-0.347686,11.3237,233.138,-0.351411,11.3237,233.142,-0.35476,         29P   1649
11.3237,233.145,-0.357555,11.3237,233.146,-0.357803,11.3237,          29P   1650
233.147,-0.358216,11.3237,233.147,-0.358351,11.3237,233.148,          29P   1651
-0.358749,11.3237,233.148,-0.358981,11.3237,233.149,-0.359388,        29P   1652
11.3237,233.15,-0.359553,11.3237,233.151,-0.359773,11.3237,           29P   1653
233.152,-0.359824,11.3237,233.153,-0.359827,11.3237,233.154,          29P   1654
-0.359765,11.3237,233.156,-0.359447,11.3237,233.158,-0.358832,        29P   1655
11.3237,233.159,-0.358097,11.3237,233.161,-0.35705,11.3237,           29P   1656
233.162,-0.355864,11.3237,233.163,-0.354504,11.3237,233.164,          29P   1657
-0.353046,11.3237,233.165,-0.351511,11.3237,233.165,-0.349503,        29P   1658
11.3237,233.165,-0.347042,11.3237,233.165,-0.344905,11.3237,          29P   1659
233.165,-0.343013,11.3237,233.164,-0.34204,11.3237,233.164,           29P   1660
-0.3412,11.3237,233.163,-0.340906,11.3237,233.163,-0.340198,          29P   1661
11.3237,233.163,-0.339796,11.3237,233.162,-0.339138,11.3237,          29P   1662
233.162,-0.338834,11.3237,233.161,-0.338113,11.3237,233.161,          29P   1663
-0.337714,11.3237,233.16,-0.336739,11.3237,233.159,-0.336153,         29P   1664
11.3237,233.158,-0.335044,11.3237,233.157,-0.334515,11.3237,          29P   1665
233.156,-0.333347,11.3237,233.155,-0.332711,11.3237,233.154,          29P   1666
-0.331275,11.3237,233.153,-0.330473,11.3237,233.152,-0.329097,        29P   1667
11.3237,233.151,-0.328523,11.3237,233.15,-0.327621,11.3237,           29P   1668
233.149,-0.32692,11.3237,233.148,-0.325935,11.3237,233.147,           29P   1669
-0.324689,11.3237,233.146,-0.323338,11.3237,233.144,-0.321829,        29P   1670
11.3237,233.143,-0.320318,11.3237,233.141,-0.318415,11.3237,          29P   1671
233.139,-0.316427,11.3237,233.134,-0.312377,11.3237,233.131,          29P   1672
-0.308705,11.3237,233.127,-0.305362,11.3237,233.126,-0.304143,        29P   1673
11.3237,233.125,-0.302827,11.3237,233.123,-0.301335,11.3237,          29P   1674
233.122,-0.299863,11.3237,233.12,-0.298002,11.3237,233.118,           29P   1675
-0.296065,11.3237,233.111,-0.289608,11.3237,233.105,-0.283538,        29P   1676
11.3237,233.1,-0.277711,11.3237,233.098,-0.276516,11.3237,            29P   1677
233.097,-0.275222,11.3237,233.096,-0.273781,11.3237,233.094,          29P   1678
-0.272339,11.3237,233.093,-0.270522,11.3237,233.091,-0.268616,        29P   1679
11.3237,233.082,-0.259551,11.3237,233.074,-0.250786,11.3237,          29P   1680
233.066,-0.242318,11.3237,233.065,-0.241171,11.3237,233.063,          29P   1681
-0.239918,11.3237,233.062,-0.23793,11.3237,233.06,-0.235824,          29P   1682
11.3237,233.057,-0.23358,11.3237,233.046,-0.221803,11.3237,           29P   1683
233.036,-0.210604,11.3237,233.026,-0.199373,11.3237,233.025,          29P   1684
-0.198095,11.3237,233.023,-0.196778,11.3237,233.022,-0.195665,        29P   1685
11.3237,233.021,-0.19435,11.3237,233.02,-0.192689,11.3237,            29P   1686
233.018,-0.190988,11.3237,233.007,-0.17849,11.3237,232.996,           29P   1687
-0.166315,11.3237,232.986,-0.15402,11.3237,232.985,-0.152726,         29P   1688
11.3237,232.984,-0.151683,11.3237,232.983,-0.150449,11.3237,          29P   1689
232.981,-0.148915,11.3237,232.98,-0.147327,11.3237,232.969,           29P   1690
-0.134462,11.3237,232.958,-0.121963,11.3237,232.948,-0.109287,        29P   1691
11.3237,232.947,-0.108095,11.3237,232.946,-0.107107,11.3237,          29P   1692
232.945,-0.105947,11.3237,232.944,-0.104493,11.3237,232.942,          29P   1693
-0.103017,11.3237,232.932,-0.089751,11.3237,232.921,-0.0767671,       29P   1694
11.3237,232.911,-0.0636185,11.3237,232.91,-0.0624925,11.3237,         29P   1695
232.909,-0.0615938,11.3237,232.908,-0.060511,11.3237,232.907,         29P   1696
-0.0591825,11.3237,232.906,-0.0578237,11.3237,232.895,                29P   1697
-0.0441358,11.3237,232.885,-0.030681,11.3237,232.875,-0.0170894,      29P   1698
11.3237,232.874,-0.0157213,11.3237,232.873,-0.0144742,11.3237,        29P   1699
232.872,-0.0130004,11.3237,232.871,-0.0117807,11.3237,232.86,         29P   1700
0.00240738,11.3237,232.85,0.0163113,11.3237,232.84,0.0305361,         29P   1701
11.3237,232.839,0.0317924,11.3237,232.838,0.0328985,11.3237,          29P   1702
232.837,0.0339354,11.3237,232.836,0.0350256,11.3237,232.826,          29P   1703
0.0494616,11.3237,232.816,0.0637107,11.3237,232.806,0.0780309,        29P   1704
11.3237,232.805,0.0791385,11.3237,232.804,0.0801004,11.3237,          29P   1705
232.803,0.0815209,11.3237,232.793,0.0964487,11.3237,232.782,          29P   1706
0.11135,11.3237,232.772,0.125978,11.3237,232.771,0.127011,            29P   1707
11.3237,232.771,0.127934,11.3237,232.77,0.129133,11.3237,             29P   1708
232.759,0.144384,11.3237,232.749,0.159558,11.3237,232.738,            29P   1709
0.174655,11.3237,232.738,0.175806,11.3237,232.737,0.177022,           29P   1710
11.3237,232.726,0.192631,11.3237,232.716,0.208065,11.3237,            29P   1711
232.706,0.223457,11.3237,232.705,0.224442,11.3237,232.704,            29P   1712
0.2254,11.3237,232.694,0.241501,11.3237,232.683,0.257586,             29P   1713
11.3237,232.673,0.273797,11.3237,232.662,0.289674,11.3237,            29P   1714
232.652,0.305982,11.3237,232.641,0.32232,11.3237,232.632,             29P   1715
0.336268,11.3237,232.623,0.35065,11.3237,232.608,0.375102,            29P   1716
11.3237,232.596,0.394641,11.3237,232.581,0.419319,11.3237,            29P   1717
232.572,0.433274,11.3237,232.569,0.438811,11.3237,232.57,             29P   1718
0.44691,11.4373,232.57,0.447552,11.4373,232.569,0.448648,             29P   1719
11.4373,232.568,0.449359,11.4373,232.566,0.44955,11.4373,             29P   1720
232.564,0.449121,11.4373,232.563,0.447916,11.4373,232.562,            29P   1721
0.447085,11.4373,232.562,0.446113,11.4373,232.562,0.44552,            29P   1722
11.4373,232.561,0.443949,11.4373,232.562,0.443056,11.4373,            29P   1723
232.562,0.442029,11.4373,232.562,0.442179,11.4373,232.562,            29P   1724
0.44178,11.4373,232.563,0.44083,11.4373,232.563,0.439888,             29P   1725
11.4373,232.563,0.439229,11.4373,232.563,0.438922,11.4373,            29P   1726
232.564,0.438306,11.4373,232.564,0.437999,11.4373,232.564,            29P   1727
0.437332,11.4373,232.564,0.436971,11.4373,232.565,0.436283,           29P   1728
11.4373,232.565,0.435955,11.4373,232.566,0.432998,11.4373,            29P   1729
232.567,0.429696,11.4373,232.569,0.42595,11.4373,232.57,              29P   1730
0.424528,11.4373,232.571,0.42274,11.4373,232.571,0.421102,            29P   1731
11.4373,232.572,0.419428,11.4373,232.572,0.418373,11.4373,            29P   1732
232.575,0.411954,11.4373,232.578,0.405263,11.4373,232.581,            29P   1733
0.398495,11.4373,232.582,0.39712,11.4373,232.583,0.395677,            29P   1734
11.4373,232.583,0.394089,11.4373,232.584,0.392441,11.4373,            29P   1735
232.585,0.391086,11.4373,232.589,0.382037,11.4373,232.593,            29P   1736
0.372358,11.4373,232.598,0.362323,11.4373,232.599,0.360109,           29P   1737
11.4373,232.6,0.358131,11.4373,232.601,0.356024,11.4373,232.601,      29P   1738
0.354903,11.4373,232.607,0.342813,11.4373,232.613,0.330145,           29P   1739
11.4373,232.619,0.31727,11.4373,232.62,0.315215,11.4373,232.621,      29P   1740
0.313348,11.4373,232.622,0.311293,11.4373,232.623,0.310111,           29P   1741
11.4373,232.63,0.295003,11.4373,232.638,0.279454,11.4373,             29P   1742
232.647,0.263837,11.4373,232.648,0.261923,11.4373,232.649,            29P   1743
0.260167,11.4373,232.65,0.258235,11.4373,232.65,0.25701,11.4373,      29P   1744
232.658,0.241884,11.4373,232.667,0.226399,11.4373,232.675,            29P   1745
0.211035,11.4373,232.676,0.209299,11.4373,232.677,0.207663,           29P   1746
11.4373,232.678,0.205826,11.4373,232.679,0.204543,11.4373,            29P   1747
232.687,0.189437,11.4373,232.696,0.174164,11.4373,232.705,            29P   1748
0.15907,11.4373,232.706,0.15777,11.4373,232.707,0.156237,             29P   1749
11.4373,232.708,0.154477,11.4373,232.709,0.152909,11.4373,            29P   1750
232.717,0.137912,11.4373,232.727,0.122736,11.4373,232.736,            29P   1751
0.107851,11.4373,232.737,0.10643,11.4373,232.738,0.105004,            29P   1752
11.4373,232.739,0.103312,11.4373,232.74,0.101973,11.4373,             29P   1753
232.749,0.0867794,11.4373,232.759,0.0714472,11.4373,232.769,          29P   1754
0.0564146,11.4373,232.77,0.0551056,11.4373,232.771,0.053489,          29P   1755
11.4373,232.772,0.0521724,11.4373,232.772,0.0510805,11.4373,          29P   1756
232.782,0.0364141,11.4373,232.792,0.0216526,11.4373,232.803,          29P   1757
0.0067168,11.4373,232.803,0.00550817,11.4373,232.804,0.00399126,      29P   1758
11.4373,232.805,0.00291293,11.4373,232.806,0.00181839,11.4373,        29P   1759
232.816,-0.0127712,11.4373,232.827,-0.0272176,11.4373,232.838,        29P   1760
-0.0417687,11.4373,232.838,-0.042905,11.4373,232.839,-0.0442232,      29P   1761
11.4373,232.84,-0.0453202,11.4373,232.841,-0.0464678,11.4373,         29P   1762
232.852,-0.0607245,11.4373,232.863,-0.0748428,11.4373,232.874,        29P   1763
-0.0887077,11.4373,232.875,-0.089798,11.4373,232.876,-0.0910523,      29P   1764
11.4373,232.877,-0.0923129,11.4373,232.878,-0.0934793,11.4373,        29P   1765
232.889,-0.107615,11.4373,232.901,-0.121705,11.4373,232.913,          29P   1766
-0.135563,11.4373,232.914,-0.13676,11.4373,232.915,-0.137838,         29P   1767
11.4373,232.916,-0.138995,11.4373,232.928,-0.152768,11.4373,          29P   1768
232.94,-0.166499,11.4373,232.953,-0.179916,11.4373,232.954,           29P   1769
-0.18106,11.4373,232.955,-0.182133,11.4373,232.956,-0.1833,           29P   1770
11.4373,232.969,-0.196664,11.4373,232.981,-0.209846,11.4373,          29P   1771
232.994,-0.222727,11.4373,232.995,-0.223792,11.4373,232.996,          29P   1772
-0.224843,11.4373,232.997,-0.225995,11.4373,233.011,-0.238942,        29P   1773
11.4373,233.024,-0.251658,11.4373,233.037,-0.264028,11.4373,          29P   1774
233.038,-0.265009,11.4373,233.039,-0.266044,11.4373,233.041,          29P   1775
-0.267204,11.4373,233.052,-0.277429,11.4373,233.063,-0.287439,        29P   1776
11.4373,233.074,-0.2972,11.4373,233.075,-0.298132,11.4373,            29P   1777
233.076,-0.299157,11.4373,233.077,-0.300318,11.4373,233.086,          29P   1778
-0.308084,11.4373,233.095,-0.315666,11.4373,233.104,-0.322993,        29P   1779
11.4373,233.105,-0.323892,11.4373,233.106,-0.324927,11.4373,          29P   1780
233.108,-0.326066,11.4373,233.114,-0.331429,11.4373,233.121,          29P   1781
-0.336892,11.4373,233.128,-0.342322,11.4373,233.13,-0.344011,         29P   1782
11.4373,233.134,-0.347622,11.4373,233.139,-0.350861,11.4373,          29P   1783
233.142,-0.353588,11.4373,233.142,-0.353833,11.4373,233.143,          29P   1784
-0.354248,11.4373,233.143,-0.354432,11.4373,233.144,-0.354868,        29P   1785
11.4373,233.145,-0.355098,11.4373,233.146,-0.355498,11.4373,          29P   1786
233.147,-0.355658,11.4373,233.148,-0.355839,11.4373,233.148,          29P   1787
-0.355897,11.4373,233.149,-0.35594,11.4373,233.15,-0.355905,          29P   1788
11.4373,233.152,-0.355561,11.4373,233.154,-0.354794,11.4373,          29P   1789
233.156,-0.353598,11.4373,233.158,-0.352058,11.4373,233.159,          29P   1790
-0.350638,11.4373,233.16,-0.349744,11.4373,233.16,-0.348593,          29P   1791
11.4373,233.161,-0.346285,11.4373,233.161,-0.343969,11.4373,          29P   1792
233.161,-0.341546,11.4373,233.16,-0.34019,11.4373,233.16,             29P   1793
-0.338557,11.4373,233.159,-0.337557,11.4373,233.159,-0.336696,        29P   1794
11.4373,233.158,-0.336395,11.4373,233.158,-0.335694,11.4373,          29P   1795
233.157,-0.335309,11.4373,233.157,-0.334743,11.4373,233.157,          29P   1796
-0.33461,11.4373,233.156,-0.333983,11.4373,233.155,-0.333486,         29P   1797
11.4373,233.154,-0.332483,11.4373,233.154,-0.33198,11.4373,           29P   1798
233.153,-0.330933,11.4373,233.152,-0.330391,11.4373,233.151,          29P   1799
-0.329215,11.4373,233.15,-0.32858,11.4373,233.149,-0.327147,          29P   1800
11.4373,233.148,-0.326349,11.4373,233.146,-0.324983,11.4373,          29P   1801
233.146,-0.324416,11.4373,233.145,-0.323404,11.4373,233.144,          29P   1802
-0.322663,11.4373,233.143,-0.321685,11.4373,233.142,-0.320451,        29P   1803
11.4373,233.14,-0.319277,11.4373,233.139,-0.317789,11.4373,           29P   1804
233.137,-0.3163,11.4373,233.135,-0.314428,11.4373,233.133,            29P   1805
-0.312474,11.4373,233.129,-0.308345,11.4373,233.125,-0.304724,        29P   1806
11.4373,233.122,-0.301425,11.4373,233.12,-0.300224,11.4373,           29P   1807
233.119,-0.299084,11.4373,233.118,-0.297607,11.4373,233.116,          29P   1808
-0.296146,11.4373,233.114,-0.2943,11.4373,233.112,-0.292374,          29P   1809
11.4373,233.106,-0.285805,11.4373,233.1,-0.27974,11.4373,             29P   1810
233.094,-0.273953,11.4373,233.093,-0.272769,11.4373,233.091,          29P   1811
-0.271639,11.4373,233.09,-0.270211,11.4373,233.089,-0.268783,         29P   1812
11.4373,233.087,-0.266987,11.4373,233.085,-0.265103,11.4373,          29P   1813
233.076,-0.255996,11.4373,233.068,-0.247356,11.4373,233.059,          29P   1814
-0.23894,11.4373,233.058,-0.237802,11.4373,233.057,-0.236713,         29P   1815
11.4373,233.055,-0.234732,11.4373,233.053,-0.232631,11.4373,          29P   1816
233.051,-0.230389,11.4373,233.041,-0.219193,11.4373,233.03,           29P   1817
-0.207946,11.4373,233.02,-0.196724,11.4373,233.019,-0.195449,         29P   1818
11.4373,233.018,-0.194112,11.4373,233.016,-0.192397,11.4373,          29P   1819
233.015,-0.191086,11.4373,233.014,-0.18943,11.4373,233.012,           29P   1820
-0.187737,11.4373,233.001,-0.1759,11.4373,232.991,-0.163869,          29P   1821
11.4373,232.98,-0.151583,11.4373,232.979,-0.150274,11.4373,           29P   1822
232.977,-0.148609,11.4373,232.976,-0.147372,11.4373,232.975,          29P   1823
-0.145833,11.4373,232.974,-0.144241,11.4373,232.963,-0.131879,        29P   1824
11.4373,232.953,-0.119263,11.4373,232.942,-0.106512,11.4373,          29P   1825
232.941,-0.1053,11.4373,232.94,-0.103737,11.4373,232.939,             29P   1826
-0.102571,11.4373,232.938,-0.101109,11.4373,232.937,-0.0996269,       29P   1827
11.4373,232.926,-0.0868566,11.4373,232.916,-0.0738848,11.4373,        29P   1828
232.905,-0.0607135,11.4373,232.905,-0.0595711,11.4373,232.903,        29P   1829
-0.0581069,11.4373,232.903,-0.0570215,11.4373,232.901,                29P   1830
-0.0556897,11.4373,232.9,-0.0543273,11.4373,232.89,-0.041094,         29P   1831
11.4373,232.88,-0.0275989,11.4373,232.87,-0.0139387,11.4373,          29P   1832
232.869,-0.0125503,11.4373,232.867,-0.0107955,11.4373,232.866,        29P   1833
-0.0093134,11.4373,232.865,-0.00808685,11.4373,232.855,               29P   1834
0.00559461,11.4373,232.845,0.0195673,11.4373,232.835,0.0338708,       29P   1835
11.4373,232.834,0.0351461,11.4373,232.833,0.0367725,11.4373,          29P   1836
232.832,0.0379016,11.4373,232.831,0.0389979,11.4373,232.821,          29P   1837
0.0530981,11.4373,232.811,0.0674145,11.4373,232.801,0.0818393,        29P   1838
11.4373,232.801,0.0829679,11.4373,232.8,0.0843989,11.4373,            29P   1839
232.799,0.0858304,11.4373,232.788,0.100691,11.4373,232.778,           29P   1840
0.115736,11.4373,232.768,0.130522,11.4373,232.767,0.131565,           29P   1841
11.4373,232.767,0.132685,11.4373,232.766,0.133898,11.4373,            29P   1842
232.756,0.149046,11.4373,232.745,0.164386,11.4373,232.735,            29P   1843
0.179641,11.4373,232.735,0.180803,11.4373,232.734,0.182205,           29P   1844
11.4373,232.723,0.197787,11.4373,232.713,0.213377,11.4373,            29P   1845
232.703,0.228905,11.4373,232.703,0.229899,11.4373,232.702,            29P   1846
0.231067,11.4373,232.692,0.247118,11.4373,232.681,0.263338,           29P   1847
11.4373,232.671,0.279705,11.4373,232.66,0.296453,11.4373,232.65,      29P   1848
0.313052,11.4373,232.64,0.329576,11.4373,232.632,0.343563,            29P   1849
11.4373,232.623,0.357579,11.4373,232.608,0.382233,11.4373,            29P   1850
232.597,0.401907,11.4373,232.582,0.426968,11.4373,232.574,            29P   1851
0.441171,11.4373,232.57,0.44691,11.4373,232.57,0.452224,11.5188,      29P   1852
232.569,0.453229,11.5188,232.568,0.45412,11.5188,232.566,             29P   1853
0.454386,11.5188,232.564,0.453999,11.5188,232.563,0.452864,           29P   1854
11.5188,232.562,0.451945,11.5188,232.562,0.451351,11.5188,            29P   1855
232.562,0.450943,11.5188,232.562,0.450845,11.5188,232.562,            29P   1856
0.450204,11.5188,232.562,0.44956,11.5188,232.562,0.448291,            29P   1857
11.5188,232.563,0.447414,11.5188,232.563,0.446021,11.5188,            29P   1858
232.564,0.445159,11.5188,232.564,0.444296,11.5188,232.564,            29P   1859
0.44363,11.5188,232.564,0.44332,11.5188,232.565,0.442702,             29P   1860
11.5188,232.565,0.442394,11.5188,232.565,0.441724,11.5188,            29P   1861
232.565,0.441361,11.5188,232.566,0.44067,11.5188,232.566,             29P   1862
0.440341,11.5188,232.567,0.437228,11.5188,232.568,0.433878,           29P   1863
11.5188,232.57,0.430111,11.5188,232.571,0.428681,11.5188,             29P   1864
232.571,0.427042,11.5188,232.572,0.425395,11.5188,232.573,            29P   1865
0.423711,11.5188,232.573,0.422673,11.5188,232.576,0.416087,           29P   1866
11.5188,232.579,0.409344,11.5188,232.582,0.402548,11.5188,            29P   1867
232.582,0.401168,11.5188,232.583,0.399871,11.5188,232.584,            29P   1868
0.398278,11.5188,232.584,0.396625,11.5188,232.585,0.395266,           29P   1869
11.5188,232.589,0.385479,11.5188,232.594,0.375714,11.5188,            29P   1870
232.598,0.365669,11.5188,232.599,0.363453,11.5188,232.6,              29P   1871
0.361619,11.5188,232.601,0.360128,11.5188,232.602,0.359029,           29P   1872
11.5188,232.607,0.346236,11.5188,232.614,0.333485,11.5188,            29P   1873
232.62,0.320559,11.5188,232.621,0.318497,11.5188,232.622,             29P   1874
0.316738,11.5188,232.622,0.315282,11.5188,232.623,0.314115,           29P   1875
11.5188,232.631,0.298322,11.5188,232.638,0.282645,11.5188,            29P   1876
232.647,0.266989,11.5188,232.648,0.265071,11.5188,232.648,            29P   1877
0.263421,11.5188,232.649,0.262,11.5188,232.65,0.260795,11.5188,       29P   1878
232.658,0.24513,11.5188,232.666,0.229636,11.5188,232.675,             29P   1879
0.214237,11.5188,232.676,0.212497,11.5188,232.677,0.210955,           29P   1880
11.5188,232.677,0.209551,11.5188,232.678,0.208264,11.5188,            29P   1881
232.687,0.19266,11.5188,232.695,0.177268,11.5188,232.704,0.1621,      29P   1882
11.5188,232.705,0.160793,11.5188,232.706,0.159328,11.5188,            29P   1883
232.707,0.157954,11.5188,232.708,0.156379,11.5188,232.717,            29P   1884
0.140844,11.5188,232.726,0.125606,11.5188,232.735,0.110675,           29P   1885
11.5188,232.736,0.10925,11.5188,232.737,0.107888,11.5188,             29P   1886
232.737,0.106577,11.5188,232.738,0.105252,11.5188,232.748,            29P   1887
0.089648,11.5188,232.758,0.07425,11.5188,232.768,0.0591522,           29P   1888
11.5188,232.768,0.0578668,11.5188,232.769,0.0565836,11.5188,          29P   1889
232.77,0.055261,11.5188,232.771,0.0541543,11.5188,232.781,            29P   1890
0.0390637,11.5188,232.79,0.0242233,11.5188,232.801,0.00921304,        29P   1891
11.5188,232.802,0.00803518,11.5188,232.802,0.00681426,11.5188,        29P   1892
232.803,0.00574806,11.5188,232.804,0.0046478,11.5188,232.814,         29P   1893
-0.00972159,11.5188,232.824,-0.0242362,11.5188,232.835,               29P   1894
-0.0388083,11.5188,232.836,-0.0399526,11.5188,232.837,                29P   1895
-0.0415741,11.5188,232.838,-0.0426564,11.5188,232.839,                29P   1896
-0.0438044,11.5188,232.849,-0.0578911,11.5188,232.86,-0.0719725,      29P   1897
11.5188,232.871,-0.0858781,11.5188,232.872,-0.0869719,11.5188,        29P   1898
232.873,-0.0883942,11.5188,232.874,-0.0896595,11.5188,232.875,        29P   1899
-0.0908394,11.5188,232.887,-0.104932,11.5188,232.898,-0.119137,       29P   1900
11.5188,232.91,-0.132997,11.5188,232.912,-0.134306,11.5188,           29P   1901
232.912,-0.135369,11.5188,232.914,-0.136525,11.5188,232.925,          29P   1902
-0.150217,11.5188,232.938,-0.163837,11.5188,232.95,-0.1772,           29P   1903
11.5188,232.951,-0.17841,11.5188,232.952,-0.179466,11.5188,           29P   1904
232.954,-0.180629,11.5188,232.966,-0.193888,11.5188,232.979,          29P   1905
-0.207066,11.5188,232.992,-0.219876,11.5188,232.993,-0.221005,        29P   1906
11.5188,232.994,-0.222036,11.5188,232.995,-0.22318,11.5188,           29P   1907
233.008,-0.235998,11.5188,233.022,-0.248568,11.5188,233.035,          29P   1908
-0.260809,11.5188,233.036,-0.26183,11.5188,233.037,-0.262842,         29P   1909
11.5188,233.039,-0.26399,11.5188,233.05,-0.274058,11.5188,            29P   1910
233.061,-0.283959,11.5188,233.072,-0.293542,11.5188,233.073,          29P   1911
-0.294517,11.5188,233.075,-0.29551,11.5188,233.076,-0.296649,         29P   1912
11.5188,233.085,-0.304247,11.5188,233.094,-0.311648,11.5188,          29P   1913
233.103,-0.318844,11.5188,233.104,-0.319747,11.5188,233.105,          29P   1914
-0.320755,11.5188,233.107,-0.321875,11.5188,233.113,-0.327404,        29P   1915
11.5188,233.12,-0.332785,11.5188,233.127,-0.338102,11.5188,           29P   1916
233.129,-0.339508,11.5188,233.134,-0.343039,11.5188,233.138,          29P   1917
-0.346196,11.5188,233.141,-0.34885,11.5188,233.142,-0.349094,         29P   1918
11.5188,233.142,-0.349499,11.5188,233.143,-0.349665,11.5188,          29P   1919
233.144,-0.350067,11.5188,233.144,-0.350277,11.5188,233.145,          29P   1920
-0.350632,11.5188,233.146,-0.350766,11.5188,233.148,-0.350972,        29P   1921
11.5188,233.149,-0.350958,11.5188,233.15,-0.350763,11.5188,           29P   1922
233.151,-0.350614,11.5188,233.152,-0.350302,11.5188,233.154,          29P   1923
-0.349543,11.5188,233.155,-0.348431,11.5188,233.157,-0.346927,        29P   1924
11.5188,233.158,-0.345502,11.5188,233.159,-0.344295,11.5188,          29P   1925
233.159,-0.34304,11.5188,233.16,-0.341119,11.5188,233.16,             29P   1926
-0.338863,11.5188,233.159,-0.336443,11.5188,233.159,-0.334686,        29P   1927
11.5188,233.158,-0.33309,11.5188,233.157,-0.332472,11.5188,           29P   1928
233.157,-0.331962,11.5188,233.157,-0.331788,11.5188,233.157,          29P   1929
-0.331339,11.5188,233.156,-0.331067,11.5188,233.156,-0.330507,        29P   1930
11.5188,233.155,-0.329915,11.5188,233.154,-0.328863,11.5188,          29P   1931
233.153,-0.328403,11.5188,233.152,-0.327443,11.5188,233.152,          29P   1932
-0.326942,11.5188,233.15,-0.325921,11.5188,233.15,-0.3254,            29P   1933
11.5188,233.149,-0.324265,11.5188,233.148,-0.323651,11.5188,          29P   1934
233.146,-0.322262,11.5188,233.145,-0.321486,11.5188,233.144,          29P   1935
-0.320149,11.5188,233.143,-0.319588,11.5188,233.143,-0.318938,        29P   1936
11.5188,233.142,-0.318346,11.5188,233.141,-0.317397,11.5188,          29P   1937
233.14,-0.316187,11.5188,233.138,-0.314568,11.5188,233.136,           29P   1938
-0.3131,11.5188,233.135,-0.31163,11.5188,233.133,-0.309777,           29P   1939
11.5188,233.131,-0.307839,11.5188,233.127,-0.304178,11.5188,          29P   1940
233.123,-0.300613,11.5188,233.119,-0.297341,11.5188,233.118,          29P   1941
-0.296142,11.5188,233.117,-0.294542,11.5188,233.115,-0.29308,         29P   1942
11.5188,233.113,-0.291635,11.5188,233.112,-0.28981,11.5188,           29P   1943
233.11,-0.287908,11.5188,233.103,-0.281848,11.5188,233.097,           29P   1944
-0.275897,11.5188,233.091,-0.270184,11.5188,233.09,-0.269006,         29P   1945
11.5188,233.088,-0.267446,11.5188,233.087,-0.266035,11.5188,          29P   1946
233.086,-0.264623,11.5188,233.084,-0.262845,11.5188,233.082,          29P   1947
-0.260979,11.5188,233.073,-0.252404,11.5188,233.065,-0.243848,        29P   1948
11.5188,233.057,-0.23552,11.5188,233.055,-0.234386,11.5188,           29P   1949
233.054,-0.23285,11.5188,233.052,-0.23089,11.5188,233.05,             29P   1950
-0.228812,11.5188,233.048,-0.226595,11.5188,233.037,-0.215036,        29P   1951
11.5188,233.026,-0.203898,11.5188,233.016,-0.192745,11.5188,          29P   1952
233.015,-0.191476,11.5188,233.014,-0.190211,11.5188,233.012,          29P   1953
-0.188972,11.5188,233.011,-0.187667,11.5188,233.01,-0.186018,         29P   1954
11.5188,233.008,-0.184331,11.5188,232.997,-0.172034,11.5188,          29P   1955
232.986,-0.159971,11.5188,232.976,-0.147719,11.5188,232.975,          29P   1956
-0.146459,11.5188,232.974,-0.14528,11.5188,232.972,-0.144049,         29P   1957
11.5188,232.971,-0.142517,11.5188,232.97,-0.140932,11.5188,           29P   1958
232.959,-0.128177,11.5188,232.948,-0.115643,11.5188,232.938,          29P   1959
-0.102941,11.5188,232.937,-0.101772,11.5188,232.936,-0.100653,        29P   1960
11.5188,232.935,-0.0994919,11.5188,232.934,-0.0980349,11.5188,        29P   1961
232.932,-0.0965566,11.5188,232.922,-0.0833626,11.5188,232.911,        29P   1962
-0.0703731,11.5188,232.901,-0.057217,11.5188,232.9,-0.0561176,        29P   1963
11.5188,232.899,-0.0550918,11.5188,232.898,-0.0540082,11.5188,        29P   1964
232.897,-0.0526789,11.5188,232.896,-0.0513191,11.5188,232.885,        29P   1965
-0.0377046,11.5188,232.875,-0.024237,11.5188,232.865,-0.0105847,      29P   1966
11.5188,232.864,-0.00923538,11.5188,232.863,-0.00786889,11.5188,      29P   1967
232.862,-0.00638742,11.5188,232.861,-0.00516119,11.5188,232.851,      29P   1968
0.00895224,11.5188,232.841,0.0229662,11.5188,232.83,0.0373279,        29P   1969
11.5188,232.83,0.0385736,11.5188,232.829,0.0398076,11.5188,           29P   1970
232.828,0.0409244,11.5188,232.827,0.0420255,11.5188,232.817,          29P   1971
0.056564,11.5188,232.807,0.0709743,11.5188,232.797,0.08547,           29P   1972
11.5188,232.796,0.0865673,11.5188,232.796,0.0876466,11.5188,          29P   1973
232.795,0.0890847,11.5188,232.785,0.103742,11.5188,232.774,           29P   1974
0.11883,11.5188,232.765,0.133642,11.5188,232.764,0.13469,             29P   1975
11.5188,232.763,0.136089,11.5188,232.762,0.137303,11.5188,            29P   1976
232.752,0.152268,11.5188,232.742,0.167612,11.5188,232.732,            29P   1977
0.182915,11.5188,232.731,0.184083,11.5188,232.73,0.185721,            29P   1978
11.5188,232.72,0.201312,11.5188,232.71,0.216995,11.5188,232.7,        29P   1979
0.232629,11.5188,232.7,0.233629,11.5188,232.699,0.234854,             29P   1980
11.5188,232.689,0.250991,11.5188,232.679,0.26733,11.5188,             29P   1981
232.668,0.283799,11.5188,232.658,0.300549,11.5188,232.648,            29P   1982
0.317213,11.5188,232.638,0.333821,11.5188,232.63,0.347918,            29P   1983
11.5188,232.621,0.362112,11.5188,232.607,0.386978,11.5188,            29P   1984
232.595,0.406951,11.5188,232.581,0.432172,11.5188,232.573,            29P   1985
0.446515,11.5188,232.57,0.452224,11.5188,232.572,0.461381,            29P   1986
11.605,232.571,0.462201,11.605,232.57,0.463215,11.605,232.568,        29P   1987
0.463517,11.605,232.567,0.463204,11.605,232.566,0.462329,11.605,      29P   1988
232.565,0.461145,11.605,232.565,0.460173,11.605,232.564,              29P   1989
0.459001,11.605,232.565,0.458262,11.605,232.565,0.457054,11.605,      29P   1990
232.565,0.456688,11.605,232.566,0.455907,11.605,232.566,              29P   1991
0.455582,11.605,232.566,0.454726,11.605,232.566,0.453831,11.605,      29P   1992
232.567,0.452937,11.605,232.567,0.452264,11.605,232.567,              29P   1993
0.451951,11.605,232.567,0.451325,11.605,232.568,0.451013,11.605,      29P   1994
232.568,0.450335,11.605,232.568,0.449968,11.605,232.568,              29P   1995
0.449268,11.605,232.568,0.448936,11.605,232.569,0.446241,11.605,      29P   1996
232.571,0.442953,11.605,232.572,0.439152,11.605,232.573,              29P   1997
0.437709,11.605,232.574,0.43551,11.605,232.574,0.433851,11.605,       29P   1998
232.575,0.432155,11.605,232.575,0.431104,11.605,232.578,              29P   1999
0.424948,11.605,232.581,0.418215,11.605,232.584,0.411369,11.605,      29P   2000
232.584,0.409978,11.605,232.585,0.408149,11.605,232.586,              29P   2001
0.406543,11.605,232.586,0.404875,11.605,232.587,0.403504,11.605,      29P   2002
232.591,0.394236,11.605,232.595,0.384401,11.605,232.6,0.374232,       29P   2003
11.605,232.601,0.371989,11.605,232.602,0.369632,11.605,232.602,       29P   2004
0.367976,11.605,232.603,0.366858,11.605,232.608,0.354433,11.605,      29P   2005
232.614,0.341556,11.605,232.62,0.328502,11.605,232.621,0.326419,      29P   2006
11.605,232.622,0.324244,11.605,232.623,0.32263,11.605,232.623,        29P   2007
0.321449,11.605,232.631,0.306006,11.605,232.638,0.290237,11.605,      29P   2008
232.646,0.274413,11.605,232.647,0.272473,11.605,232.648,              29P   2009
0.270427,11.605,232.649,0.268868,11.605,232.649,0.267643,11.605,      29P   2010
232.657,0.252227,11.605,232.665,0.236518,11.605,232.673,              29P   2011
0.220934,11.605,232.674,0.219173,11.605,232.675,0.217274,11.605,      29P   2012
232.676,0.215749,11.605,232.677,0.214448,11.605,232.685,              29P   2013
0.199017,11.605,232.693,0.183505,11.605,232.702,0.168196,11.605,      29P   2014
232.703,0.166876,11.605,232.704,0.16514,11.605,232.705,0.16366,       29P   2015
11.605,232.705,0.162069,11.605,232.714,0.146717,11.605,232.723,       29P   2016
0.131327,11.605,232.732,0.116239,11.605,232.733,0.114798,11.605,      29P   2017
232.734,0.113183,11.605,232.735,0.111767,11.605,232.736,              29P   2018
0.110424,11.605,232.745,0.0948387,11.605,232.755,0.0792849,           29P   2019
11.605,232.764,0.0640495,11.605,232.765,0.0626514,11.605,             29P   2020
232.766,0.0612763,11.605,232.767,0.0599419,11.605,232.767,            29P   2021
0.0588278,11.605,232.777,0.0438091,11.605,232.787,0.028851,           29P   2022
11.605,232.797,0.0137037,11.605,232.798,0.0123882,11.605,             29P   2023
232.799,0.0110844,11.605,232.799,0.0100042,11.605,232.8,              29P   2024
0.00889381,11.605,232.81,-0.00614814,11.605,232.821,-0.0208122,       29P   2025
11.605,232.831,-0.0354999,11.605,232.832,-0.0366304,11.605,           29P   2026
232.833,-0.0377484,11.605,232.834,-0.0388432,11.605,232.834,          29P   2027
-0.0400006,11.605,232.845,-0.0541555,11.605,232.856,-0.0683287,       29P   2028
11.605,232.867,-0.0822942,11.605,232.868,-0.0833925,11.605,           29P   2029
232.869,-0.0848674,11.605,232.87,-0.0861375,11.605,232.871,           29P   2030
-0.0873197,11.605,232.882,-0.101452,11.605,232.894,-0.115676,         29P   2031
11.605,232.906,-0.129545,11.605,232.907,-0.130862,11.605,             29P   2032
232.908,-0.131929,11.605,232.909,-0.133085,11.605,232.921,            29P   2033
-0.146788,11.605,232.934,-0.160398,11.605,232.946,-0.173706,          29P   2034
11.605,232.947,-0.174902,11.605,232.948,-0.175956,11.605,             29P   2035
232.949,-0.177114,11.605,232.962,-0.190375,11.605,232.975,            29P   2036
-0.203449,11.605,232.988,-0.21615,11.605,232.989,-0.217203,           29P   2037
11.605,232.99,-0.218229,11.605,232.992,-0.219363,11.605,233.005,      29P   2038
-0.232133,11.605,233.018,-0.244583,11.605,233.032,-0.256664,          29P   2039
11.605,233.033,-0.25761,11.605,233.034,-0.258612,11.605,233.035,      29P   2040
-0.259744,11.605,233.047,-0.26978,11.605,233.058,-0.27952,            29P   2041
11.605,233.07,-0.288948,11.605,233.071,-0.289802,11.605,233.072,      29P   2042
-0.290782,11.605,233.073,-0.291903,11.605,233.083,-0.299471,          29P   2043
11.605,233.092,-0.306733,11.605,233.101,-0.313704,11.605,             29P   2044
233.102,-0.314486,11.605,233.103,-0.315463,11.605,233.105,            29P   2045
-0.316545,11.605,233.111,-0.321738,11.605,233.118,-0.326911,          29P   2046
11.605,233.125,-0.332085,11.605,233.128,-0.333597,11.605,             29P   2047
233.132,-0.337182,11.605,233.137,-0.340418,11.605,233.14,             29P   2048
-0.343038,11.605,233.141,-0.343162,11.605,233.141,-0.343461,          29P   2049
11.605,233.141,-0.343631,11.605,233.142,-0.344054,11.605,             29P   2050
233.143,-0.34428,11.605,233.144,-0.344667,11.605,233.145,             29P   2051
-0.344817,11.605,233.146,-0.344968,11.605,233.146,-0.345014,          29P   2052
11.605,233.147,-0.345041,11.605,233.148,-0.344971,11.605,233.15,      29P   2053
-0.344553,11.605,233.152,-0.343684,11.605,233.154,-0.342543,          29P   2054
11.605,233.155,-0.340989,11.605,233.156,-0.339522,11.605,             29P   2055
233.157,-0.338305,11.605,233.158,-0.337042,11.605,233.158,            29P   2056
-0.335149,11.605,233.158,-0.332878,11.605,233.158,-0.330499,          29P   2057
11.605,233.157,-0.328755,11.605,233.156,-0.327241,11.605,             29P   2058
233.155,-0.326332,11.605,233.154,-0.325561,11.605,233.154,            29P   2059
-0.325294,11.605,233.153,-0.324694,11.605,233.153,-0.324341,          29P   2060
11.605,233.152,-0.323779,11.605,233.152,-0.323672,11.605,             29P   2061
233.151,-0.323098,11.605,233.151,-0.32263,11.605,233.15,              29P   2062
-0.321661,11.605,233.149,-0.321161,11.605,233.148,-0.320137,          29P   2063
11.605,233.148,-0.319614,11.605,233.146,-0.318477,11.605,             29P   2064
233.146,-0.317863,11.605,233.144,-0.316477,11.605,233.143,            29P   2065
-0.315706,11.605,233.142,-0.314408,11.605,233.141,-0.313881,          29P   2066
11.605,233.14,-0.312887,11.605,233.139,-0.312147,11.605,233.138,      29P   2067
-0.311186,11.605,233.137,-0.31,11.605,233.135,-0.308899,11.605,       29P   2068
233.134,-0.307471,11.605,233.132,-0.306044,11.605,233.13,             29P   2069
-0.304251,11.605,233.128,-0.302379,11.605,233.123,-0.298377,          29P   2070
11.605,233.119,-0.294902,11.605,233.116,-0.291721,11.605,             29P   2071
233.115,-0.290585,11.605,233.113,-0.289509,11.605,233.112,            29P   2072
-0.28808,11.605,233.11,-0.286666,11.605,233.108,-0.284875,            29P   2073
11.605,233.106,-0.283005,11.605,233.099,-0.276573,11.605,             29P   2074
233.093,-0.270648,11.605,233.087,-0.265,11.605,233.086,               29P   2075
-0.263868,11.605,233.085,-0.262787,11.605,233.083,-0.261395,          29P   2076
11.605,233.082,-0.260002,11.605,233.08,-0.258249,11.605,233.078,      29P   2077
-0.256411,11.605,233.069,-0.247482,11.605,233.06,-0.23905,            29P   2078
11.605,233.052,-0.23082,11.605,233.051,-0.229729,11.605,233.05,       29P   2079
-0.228687,11.605,233.048,-0.226749,11.605,233.046,-0.224692,          29P   2080
11.605,233.044,-0.222497,11.605,233.033,-0.211355,11.605,             29P   2081
233.022,-0.200293,11.605,233.012,-0.189224,11.605,233.011,            29P   2082
-0.187966,11.605,233.009,-0.18649,11.605,233.008,-0.185151,           29P   2083
11.605,233.007,-0.183856,11.605,233.005,-0.182221,11.605,             29P   2084
233.004,-0.180547,11.605,232.992,-0.16861,11.605,232.982,             29P   2085
-0.156666,11.605,232.971,-0.144499,11.605,232.97,-0.143093,           29P   2086
11.605,232.968,-0.141809,11.605,232.967,-0.140585,11.605,             29P   2087
232.966,-0.139062,11.605,232.965,-0.137486,11.605,232.954,            29P   2088
-0.125029,11.605,232.943,-0.112538,11.605,232.932,-0.0998616,         29P   2089
11.605,232.931,-0.0985619,11.605,232.93,-0.0973415,11.605,            29P   2090
232.929,-0.096182,11.605,232.928,-0.0947272,11.605,232.927,           29P   2091
-0.0932511,11.605,232.916,-0.0803127,11.605,232.906,-0.0673233,       29P   2092
11.605,232.895,-0.0541109,11.605,232.894,-0.0528633,11.605,           29P   2093
232.894,-0.0517291,11.605,232.893,-0.05064,11.605,232.892,            29P   2094
-0.0493035,11.605,232.891,-0.0479362,11.605,232.88,-0.0344602,        29P   2095
11.605,232.87,-0.0208793,11.605,232.86,-0.00714048,11.605,            29P   2096
232.859,-0.00565028,11.605,232.858,-0.00418359,11.605,232.857,        29P   2097
-0.00269319,11.605,232.856,-0.00145973,11.605,232.846,0.0125224,      29P   2098
11.605,232.836,0.0265882,11.605,232.825,0.0410126,11.605,             29P   2099
232.824,0.042384,11.605,232.824,0.0437177,11.605,232.823,             29P   2100
0.0448435,11.605,232.822,0.0459497,11.605,232.812,0.0603498,          29P   2101
11.605,232.802,0.0748313,11.605,232.792,0.0894136,11.605,             29P   2102
232.791,0.0906442,11.605,232.791,0.0918146,11.605,232.79,             29P   2103
0.0932616,11.605,232.779,0.108542,11.605,232.769,0.123756,            29P   2104
11.605,232.76,0.138724,11.605,232.759,0.139771,11.605,232.758,        29P   2105
0.140649,11.605,232.758,0.141876,11.605,232.747,0.157459,11.605,      29P   2106
232.738,0.173019,11.605,232.728,0.188507,11.605,232.727,0.18968,      29P   2107
11.605,232.726,0.190875,11.605,232.717,0.206537,11.605,232.707,       29P   2108
0.222383,11.605,232.697,0.238204,11.605,232.697,0.239216,11.605,      29P   2109
232.696,0.240571,11.605,232.686,0.256832,11.605,232.676,              29P   2110
0.273397,11.605,232.666,0.290106,11.605,232.656,0.307147,11.605,      29P   2111
232.647,0.324074,11.605,232.637,0.340962,11.605,232.629,              29P   2112
0.355276,11.605,232.621,0.369698,11.605,232.607,0.394932,11.605,      29P   2113
232.596,0.415187,11.605,232.583,0.440931,11.605,232.575,              29P   2114
0.455515,11.605,232.572,0.461381,11.605,232.574,0.467377,11.662,      29P   2115
232.574,0.46818,11.662,232.572,0.469384,11.662,232.57,0.469469,       29P   2116
11.662,232.569,0.46889,11.662,232.568,0.467968,11.662,232.567,        29P   2117
0.466532,11.662,232.567,0.465582,11.662,232.567,0.464661,11.662,      29P   2118
232.567,0.464223,11.662,232.568,0.463218,11.662,232.568,0.4627,       29P   2119
11.662,232.568,0.461724,11.662,232.569,0.461302,11.662,232.569,       29P   2120
0.460348,11.662,232.569,0.459454,11.662,232.57,0.458561,11.662,       29P   2121
232.57,0.457884,11.662,232.57,0.457569,11.662,232.57,0.456939,        29P   2122
11.662,232.57,0.456625,11.662,232.571,0.455943,11.662,232.571,        29P   2123
0.455574,11.662,232.571,0.45487,11.662,232.571,0.454535,11.662,       29P   2124
232.572,0.45165,11.662,232.573,0.448303,11.662,232.575,0.444474,      29P   2125
11.662,232.575,0.44302,11.662,232.576,0.441015,11.662,232.577,        29P   2126
0.439342,11.662,232.578,0.437633,11.662,232.578,0.436574,11.662,      29P   2127
232.58,0.430184,11.662,232.583,0.423374,11.662,232.586,0.416473,      29P   2128
11.662,232.586,0.415071,11.662,232.587,0.41343,11.662,232.588,        29P   2129
0.411811,11.662,232.588,0.410132,11.662,232.589,0.40875,11.662,       29P   2130
232.593,0.399197,11.662,232.597,0.389288,11.662,232.601,              29P   2131
0.379058,11.662,232.602,0.376801,11.662,232.603,0.374622,11.662,      29P   2132
232.604,0.372997,11.662,232.604,0.371873,11.662,232.61,0.359184,      29P   2133
11.662,232.615,0.346215,11.662,232.621,0.333069,11.662,232.622,       29P   2134
0.330972,11.662,232.623,0.328935,11.662,232.624,0.32735,11.662,       29P   2135
232.624,0.326161,11.662,232.631,0.310429,11.662,232.639,              29P   2136
0.294531,11.662,232.646,0.278597,11.662,232.647,0.276644,11.662,      29P   2137
232.648,0.274729,11.662,232.649,0.273193,11.662,232.65,0.271962,      29P   2138
11.662,232.657,0.256286,11.662,232.665,0.240478,11.662,232.673,       29P   2139
0.22479,11.662,232.674,0.223018,11.662,232.675,0.221236,11.662,       29P   2140
232.676,0.21973,11.662,232.676,0.21842,11.662,232.684,0.20276,        29P   2141
11.662,232.693,0.18713,11.662,232.701,0.171722,11.662,232.702,        29P   2142
0.170394,11.662,232.703,0.168745,11.662,232.704,0.167282,11.662,      29P   2143
232.705,0.165681,11.662,232.713,0.150117,11.662,232.722,0.13464,      29P   2144
11.662,232.731,0.119453,11.662,232.732,0.118003,11.662,232.733,       29P   2145
0.11647,11.662,232.733,0.115069,11.662,232.734,0.113718,11.662,       29P   2146
232.743,0.0981056,11.662,232.753,0.0824322,11.662,232.762,            29P   2147
0.0670928,11.662,232.763,0.0655862,11.662,232.764,0.0642245,          29P   2148
11.662,232.765,0.0628814,11.662,232.766,0.0617592,11.662,             29P   2149
232.775,0.0466899,11.662,232.785,0.0316446,11.662,232.795,            29P   2150
0.0164146,11.662,232.796,0.0150245,11.662,232.796,0.0137338,          29P   2151
11.662,232.797,0.012649,11.662,232.798,0.0115327,11.662,232.808,      29P   2152
-0.00345442,11.662,232.818,-0.0181916,11.662,232.829,-0.0329496,      29P   2153
11.662,232.829,-0.0341611,11.662,232.83,-0.035342,11.662,             29P   2154
232.831,-0.0364408,11.662,232.832,-0.0376035,11.662,232.842,          29P   2155
-0.0519741,11.662,232.853,-0.0662055,11.662,232.864,-0.0802025,       29P   2156
11.662,232.865,-0.0813033,11.662,232.866,-0.0826309,11.662,           29P   2157
232.867,-0.0839037,11.662,232.868,-0.085089,11.662,232.88,            29P   2158
-0.0992412,11.662,232.891,-0.113475,11.662,232.903,-0.127355,         29P   2159
11.662,232.905,-0.128681,11.662,232.906,-0.129748,11.662,             29P   2160
232.907,-0.130905,11.662,232.919,-0.144628,11.662,232.931,            29P   2161
-0.158248,11.662,232.944,-0.171537,11.662,232.945,-0.172724,          29P   2162
11.662,232.946,-0.173776,11.662,232.947,-0.174931,11.662,232.96,      29P   2163
-0.188176,11.662,232.973,-0.201202,11.662,232.986,-0.213864,          29P   2164
11.662,232.987,-0.214908,11.662,232.988,-0.215929,11.662,             29P   2165
232.989,-0.21706,11.662,233.003,-0.229819,11.662,233.016,             29P   2166
-0.242234,11.662,233.03,-0.254244,11.662,233.031,-0.25516,            29P   2167
11.662,233.032,-0.256155,11.662,233.033,-0.25728,11.662,233.045,      29P   2168
-0.267287,11.662,233.056,-0.276941,11.662,233.068,-0.286282,          29P   2169
11.662,233.069,-0.287095,11.662,233.07,-0.288065,11.662,233.071,      29P   2170
-0.289175,11.662,233.081,-0.296727,11.662,233.09,-0.303925,           29P   2171
11.662,233.099,-0.310856,11.662,233.1,-0.311583,11.662,233.101,       29P   2172
-0.312555,11.662,233.103,-0.313631,11.662,233.11,-0.318874,           29P   2173
11.662,233.117,-0.324023,11.662,233.124,-0.329141,11.662,             29P   2174
233.126,-0.330564,11.662,233.131,-0.334042,11.662,233.135,            29P   2175
-0.337166,11.662,233.139,-0.339713,11.662,233.139,-0.339871,          29P   2176
11.662,233.14,-0.340246,11.662,233.14,-0.340447,11.662,233.141,       29P   2177
-0.3409,11.662,233.141,-0.34113,11.662,233.143,-0.341522,11.662,      29P   2178
233.143,-0.341673,11.662,233.144,-0.341835,11.662,233.145,            29P   2179
-0.341874,11.662,233.146,-0.34187,11.662,233.147,-0.34178,            29P   2180
11.662,233.149,-0.341355,11.662,233.151,-0.340496,11.662,             29P   2181
233.152,-0.339356,11.662,233.154,-0.337785,11.662,233.155,            29P   2182
-0.336302,11.662,233.155,-0.335026,11.662,233.156,-0.333745,          29P   2183
11.662,233.156,-0.331961,11.662,233.156,-0.329693,11.662,             29P   2184
233.156,-0.327311,11.662,233.155,-0.325479,11.662,233.154,            29P   2185
-0.323988,11.662,233.153,-0.323148,11.662,233.152,-0.322466,          29P   2186
11.662,233.152,-0.322239,11.662,233.151,-0.321689,11.662,             29P   2187
233.151,-0.321354,11.662,233.15,-0.3208,11.662,233.15,-0.320636,      29P   2188
11.662,233.149,-0.320013,11.662,233.149,-0.319555,11.662,             29P   2189
233.148,-0.318603,11.662,233.147,-0.31811,11.662,233.146,             29P   2190
-0.317103,11.662,233.145,-0.316588,11.662,233.144,-0.315469,          29P   2191
11.662,233.143,-0.314864,11.662,233.142,-0.313497,11.662,             29P   2192
233.141,-0.312735,11.662,233.139,-0.31136,11.662,233.139,             29P   2193
-0.310745,11.662,233.138,-0.309805,11.662,233.137,-0.309181,          29P   2194
11.662,233.136,-0.308321,11.662,233.134,-0.307143,11.662,             29P   2195
233.133,-0.305986,11.662,233.131,-0.304564,11.662,233.13,             29P   2196
-0.303142,11.662,233.128,-0.301352,11.662,233.126,-0.299483,          29P   2197
11.662,233.121,-0.295649,11.662,233.117,-0.292182,11.662,             29P   2198
233.114,-0.289013,11.662,233.112,-0.287776,11.662,233.111,            29P   2199
-0.286642,11.662,233.11,-0.285222,11.662,233.108,-0.283818,           29P   2200
11.662,233.106,-0.28204,11.662,233.104,-0.280186,11.662,233.097,      29P   2201
-0.273971,11.662,233.091,-0.268114,11.662,233.085,-0.262513,          29P   2202
11.662,233.083,-0.261284,11.662,233.082,-0.260153,11.662,             29P   2203
233.081,-0.25877,11.662,233.079,-0.257387,11.662,233.077,             29P   2204
-0.255645,11.662,233.076,-0.253817,11.662,233.066,-0.245092,          29P   2205
11.662,233.058,-0.23669,11.662,233.049,-0.228496,11.662,233.048,      29P   2206
-0.227309,11.662,233.047,-0.226211,11.662,233.045,-0.224282,          29P   2207
11.662,233.043,-0.222235,11.662,233.041,-0.22005,11.662,233.03,       29P   2208
-0.208856,11.662,233.019,-0.19785,11.662,233.008,-0.186826,           29P   2209
11.662,233.007,-0.185572,11.662,233.006,-0.184185,11.662,             29P   2210
233.005,-0.182881,11.662,233.004,-0.181591,11.662,233.002,            29P   2211
-0.179962,11.662,233.,-0.178294,11.662,232.989,-0.166432,11.662,      29P   2212
232.978,-0.154507,11.662,232.968,-0.142349,11.662,232.966,            29P   2213
-0.140874,11.662,232.965,-0.139622,11.662,232.964,-0.138399,          29P   2214
11.662,232.963,-0.136877,11.662,232.961,-0.135302,11.662,232.95,      29P   2215
-0.122889,11.662,232.94,-0.110393,11.662,232.929,-0.0977154,          29P   2216
11.662,232.928,-0.0963461,11.662,232.927,-0.0951547,11.662,           29P   2217
232.926,-0.093995,11.662,232.925,-0.0925401,11.662,232.923,           29P   2218
-0.0910637,11.662,232.913,-0.0781494,11.662,232.902,-0.0651578,       29P   2219
11.662,232.892,-0.0519377,11.662,232.891,-0.0506346,11.662,           29P   2220
232.89,-0.0495286,11.662,232.889,-0.0484387,11.662,232.888,           29P   2221
-0.0471013,11.662,232.887,-0.0457328,11.662,232.877,-0.0322684,       29P   2222
11.662,232.867,-0.0186685,11.662,232.856,-0.00489626,11.662,          29P   2223
232.855,-0.00335412,11.662,232.854,-0.00190935,11.662,232.853,        29P   2224
-0.000414944,11.662,232.852,0.000821923,11.662,232.842,               29P   2225
0.0148379,11.662,232.832,0.0289581,11.662,232.822,0.0434483,          29P   2226
11.662,232.821,0.0448588,11.662,232.82,0.0461722,11.662,232.82,       29P   2227
0.0473022,11.662,232.819,0.0484136,11.662,232.809,0.0628645,          29P   2228
11.662,232.799,0.0774251,11.662,232.789,0.0920903,11.662,             29P   2229
232.788,0.0933689,11.662,232.788,0.0945222,11.662,232.787,            29P   2230
0.0959775,11.662,232.777,0.111247,11.662,232.767,0.126551,            29P   2231
11.662,232.757,0.141614,11.662,232.756,0.142711,11.662,232.756,       29P   2232
0.143653,11.662,232.755,0.144889,11.662,232.745,0.160493,11.662,      29P   2233
232.735,0.176158,11.662,232.726,0.191757,11.662,232.725,              29P   2234
0.192971,11.662,232.724,0.194224,11.662,232.714,0.210149,11.662,      29P   2235
232.705,0.226119,11.662,232.695,0.242077,11.662,232.695,              29P   2236
0.243097,11.662,232.694,0.24431,11.662,232.684,0.260695,11.662,       29P   2237
232.675,0.277417,11.662,232.665,0.294273,11.662,232.656,              29P   2238
0.311462,11.662,232.646,0.328525,11.662,232.637,0.345579,11.662,      29P   2239
232.629,0.360047,11.662,232.621,0.374639,11.662,232.608,              29P   2240
0.400145,11.662,232.597,0.420629,11.662,232.584,0.446677,11.662,      29P   2241
232.577,0.461445,11.662,232.574,0.467377,11.662,232.576,0.4712,       29P   2242
11.696,232.575,0.471978,11.696,232.574,0.473348,11.696,232.572,       29P   2243
0.47328,11.696,232.57,0.472512,11.696,232.569,0.471582,11.696,        29P   2244
232.569,0.469934,11.696,232.569,0.46902,11.696,232.569,0.46834,       29P   2245
11.696,232.569,0.46818,11.696,232.57,0.467326,11.696,232.57,          29P   2246
0.466633,11.696,232.57,0.465465,11.696,232.571,0.464989,11.696,       29P   2247
232.571,0.46398,11.696,232.571,0.463083,11.696,232.572,0.462187,      29P   2248
11.696,232.572,0.461508,11.696,232.572,0.461191,11.696,232.572,       29P   2249
0.46056,11.696,232.572,0.460245,11.696,232.573,0.459559,11.696,       29P   2250
232.573,0.459189,11.696,232.573,0.458483,11.696,232.573,              29P   2251
0.458147,11.696,232.574,0.455072,11.696,232.575,0.451673,11.696,      29P   2252
232.577,0.447825,11.696,232.577,0.446364,11.696,232.578,              29P   2253
0.444564,11.696,232.579,0.442882,11.696,232.579,0.441163,11.696,      29P   2254
232.58,0.440098,11.696,232.582,0.433481,11.696,232.585,0.426608,      29P   2255
11.696,232.587,0.419668,11.696,232.588,0.418259,11.696,232.589,       29P   2256
0.416815,11.696,232.589,0.415188,11.696,232.59,0.4135,11.696,         29P   2257
232.59,0.412112,11.696,232.594,0.402324,11.696,232.598,0.392366,      29P   2258
11.696,232.602,0.382096,11.696,232.603,0.379831,11.696,232.604,       29P   2259
0.37784,11.696,232.605,0.376208,11.696,232.605,0.37508,11.696,        29P   2260
232.611,0.362187,11.696,232.616,0.349157,11.696,232.622,0.33595,      29P   2261
11.696,232.623,0.333843,11.696,232.624,0.331954,11.696,232.624,       29P   2262
0.330361,11.696,232.625,0.329167,11.696,232.632,0.313209,11.696,      29P   2263
232.639,0.29722,11.696,232.647,0.281211,11.696,232.648,0.279249,      29P   2264
11.696,232.649,0.277475,11.696,232.649,0.275932,11.696,232.65,        29P   2265
0.274695,11.696,232.657,0.258818,11.696,232.665,0.242946,11.696,      29P   2266
232.673,0.22719,11.696,232.674,0.22541,11.696,232.675,0.223755,       29P   2267
11.696,232.676,0.222242,11.696,232.676,0.220926,11.696,232.684,       29P   2268
0.205093,11.696,232.692,0.189383,11.696,232.701,0.17391,11.696,       29P   2269
232.701,0.172577,11.696,232.702,0.171023,11.696,232.703,              29P   2270
0.169554,11.696,232.704,0.167947,11.696,232.713,0.152227,11.696,      29P   2271
232.721,0.136695,11.696,232.73,0.121444,11.696,232.731,0.119988,      29P   2272
11.696,232.732,0.118541,11.696,232.732,0.117135,11.696,232.733,       29P   2273
0.115777,11.696,232.742,0.100172,11.696,232.752,0.0844164,            29P   2274
11.696,232.761,0.0690067,11.696,232.762,0.0674164,11.696,             29P   2275
232.763,0.0660487,11.696,232.764,0.0646996,11.696,232.764,            29P   2276
0.0635725,11.696,232.774,0.0484866,11.696,232.783,0.0333845,          29P   2277
11.696,232.793,0.0181029,11.696,232.794,0.0166598,11.696,             29P   2278
232.795,0.0153648,11.696,232.796,0.0142765,11.696,232.796,            29P   2279
0.0131565,11.696,232.806,-0.00173809,11.696,232.816,-0.0165181,       29P   2280
11.696,232.827,-0.0313233,11.696,232.828,-0.0326045,11.696,           29P   2281
232.829,-0.0338624,11.696,232.83,-0.0349646,11.696,232.83,            29P   2282
-0.0361308,11.696,232.841,-0.0506919,11.696,232.852,-0.0649669,       29P   2283
11.696,232.863,-0.0789821,11.696,232.864,-0.0800841,11.696,           29P   2284
232.865,-0.0812684,11.696,232.866,-0.0825427,11.696,232.867,          29P   2285
-0.0837293,11.696,232.878,-0.0978984,11.696,232.89,-0.112128,         29P   2286
11.696,232.902,-0.126017,11.696,232.903,-0.127342,11.696,             29P   2287
232.904,-0.128409,11.696,232.905,-0.129567,11.696,232.917,            29P   2288
-0.143313,11.696,232.929,-0.156951,11.696,232.942,-0.170234,          29P   2289
11.696,232.943,-0.171409,11.696,232.944,-0.17246,11.696,232.945,      29P   2290
-0.173614,11.696,232.958,-0.186853,11.696,232.971,-0.199849,          29P   2291
11.696,232.984,-0.212494,11.696,232.985,-0.213531,11.696,             29P   2292
232.986,-0.214551,11.696,232.988,-0.215681,11.696,233.001,            29P   2293
-0.228445,11.696,233.015,-0.240853,11.696,233.028,-0.252828,          29P   2294
11.696,233.029,-0.253722,11.696,233.031,-0.254714,11.696,             29P   2295
233.032,-0.255835,11.696,233.044,-0.265832,11.696,233.055,            29P   2296
-0.275437,11.696,233.067,-0.284732,11.696,233.068,-0.285519,          29P   2297
11.696,233.069,-0.286484,11.696,233.07,-0.287589,11.696,233.08,       29P   2298
-0.295143,11.696,233.089,-0.302314,11.696,233.098,-0.309243,          29P   2299
11.696,233.099,-0.309934,11.696,233.1,-0.310905,11.696,233.102,       29P   2300
-0.311983,11.696,233.109,-0.317286,11.696,233.116,-0.322441,          29P   2301
11.696,233.123,-0.327534,11.696,233.125,-0.328892,11.696,233.13,      29P   2302
-0.33228,11.696,233.134,-0.335308,11.696,233.137,-0.337802,           29P   2303
11.696,233.138,-0.338001,11.696,233.138,-0.33845,11.696,233.139,      29P   2304
-0.338679,11.696,233.14,-0.339159,11.696,233.14,-0.339392,            29P   2305
11.696,233.141,-0.339789,11.696,233.142,-0.339942,11.696,             29P   2306
233.143,-0.340116,11.696,233.144,-0.340149,11.696,233.145,            29P   2307
-0.340117,11.696,233.146,-0.340011,11.696,233.148,-0.339587,          29P   2308
11.696,233.15,-0.338746,11.696,233.151,-0.337603,11.696,233.153,      29P   2309
-0.336021,11.696,233.154,-0.334528,11.696,233.154,-0.333228,          29P   2310
11.696,233.155,-0.33194,11.696,233.155,-0.330216,11.696,233.155,      29P   2311
-0.327945,11.696,233.154,-0.325557,11.696,233.153,-0.323682,          29P   2312
11.696,233.152,-0.3222,11.696,233.152,-0.321415,11.696,233.151,       29P   2313
-0.320807,11.696,233.151,-0.320613,11.696,233.15,-0.320098,           29P   2314
11.696,233.15,-0.319777,11.696,233.149,-0.319232,11.696,233.149,      29P   2315
-0.319008,11.696,233.148,-0.318332,11.696,233.147,-0.31788,           29P   2316
11.696,233.146,-0.316941,11.696,233.146,-0.316454,11.696,             29P   2317
233.145,-0.315459,11.696,233.144,-0.31495,11.696,233.143,             29P   2318
-0.313842,11.696,233.142,-0.313243,11.696,233.14,-0.311889,           29P   2319
11.696,233.139,-0.311134,11.696,233.138,-0.309686,11.696,             29P   2320
233.137,-0.308993,11.696,233.136,-0.308103,11.696,233.135,            29P   2321
-0.30758,11.696,233.134,-0.306804,11.696,233.133,-0.305629,           29P   2322
11.696,233.132,-0.30441,11.696,233.13,-0.302988,11.696,233.128,       29P   2323
-0.301564,11.696,233.126,-0.29977,11.696,233.124,-0.297895,           29P   2324
11.696,233.12,-0.2942,11.696,233.116,-0.290727,11.696,233.112,        29P   2325
-0.287559,11.696,233.111,-0.286228,11.696,233.11,-0.285033,           29P   2326
11.696,233.108,-0.283616,11.696,233.106,-0.282216,11.696,             29P   2327
233.104,-0.280445,11.696,233.102,-0.278599,11.696,233.096,            29P   2328
-0.272564,11.696,233.089,-0.266754,11.696,233.083,-0.261181,          29P   2329
11.696,233.082,-0.259865,11.696,233.081,-0.258679,11.696,             29P   2330
233.079,-0.257302,11.696,233.078,-0.255923,11.696,233.076,            29P   2331
-0.254186,11.696,233.074,-0.252364,11.696,233.065,-0.243803,          29P   2332
11.696,233.056,-0.235408,11.696,233.048,-0.227229,11.696,             29P   2333
233.046,-0.225957,11.696,233.045,-0.224799,11.696,233.043,            29P   2334
-0.222874,11.696,233.041,-0.220832,11.696,233.039,-0.218652,          29P   2335
11.696,233.028,-0.207401,11.696,233.017,-0.196429,11.696,             29P   2336
233.006,-0.185428,11.696,233.005,-0.184177,11.696,233.004,            29P   2337
-0.18288,11.696,233.003,-0.181579,11.696,233.002,-0.180291,           29P   2338
11.696,233.,-0.178665,11.696,232.998,-0.177,11.696,232.987,           29P   2339
-0.165204,11.696,232.976,-0.153287,11.696,232.966,-0.141126,          29P   2340
11.696,232.964,-0.139602,11.696,232.963,-0.13835,11.696,232.962,      29P   2341
-0.137126,11.696,232.961,-0.135603,11.696,232.959,-0.134027,          29P   2342
11.696,232.948,-0.121654,11.696,232.938,-0.109145,11.696,             29P   2343
232.927,-0.0964593,11.696,232.926,-0.0950397,11.696,232.925,          29P   2344
-0.0938476,11.696,232.924,-0.0926873,11.696,232.923,-0.0912316,       29P   2345
11.696,232.921,-0.0897546,11.696,232.911,-0.07687,11.696,232.9,       29P   2346
-0.0638778,11.696,232.89,-0.0506554,11.696,232.889,-0.0493155,        29P   2347
11.696,232.888,-0.0482093,11.696,232.887,-0.0471191,11.696,           29P   2348
232.886,-0.0457813,11.696,232.885,-0.0444125,11.696,232.875,          29P   2349
-0.0309748,11.696,232.864,-0.0173673,11.696,232.854,-0.00357404,      29P   2350
11.696,232.853,-0.00199789,11.696,232.852,-0.000550691,11.696,        29P   2351
232.851,0.000946328,11.696,232.85,0.00218543,11.696,232.84,           29P   2352
0.0162085,11.696,232.83,0.030367,11.696,232.82,0.0449027,11.696,      29P   2353
232.819,0.046337,11.696,232.818,0.0476546,11.696,232.818,             29P   2354
0.0487882,11.696,232.817,0.0499033,11.696,232.807,0.064376,           29P   2355
11.696,232.797,0.0789897,11.696,232.788,0.0937118,11.696,             29P   2356
232.787,0.0950211,11.696,232.786,0.0961789,11.696,232.785,            29P   2357
0.09764,11.696,232.775,0.112857,11.696,232.765,0.128223,11.696,       29P   2358
232.756,0.143351,11.696,232.755,0.14449,11.696,232.754,0.145513,      29P   2359
11.696,232.753,0.146754,11.696,232.744,0.162333,11.696,232.734,       29P   2360
0.178067,11.696,232.725,0.193738,11.696,232.724,0.194986,11.696,      29P   2361
232.723,0.196312,11.696,232.713,0.212454,11.696,232.704,              29P   2362
0.228507,11.696,232.694,0.244555,11.696,232.694,0.245582,11.696,      29P   2363
232.693,0.246656,11.696,232.684,0.263128,11.696,232.674,              29P   2364
0.279953,11.696,232.665,0.296903,11.696,232.655,0.314191,11.696,      29P   2365
232.646,0.33134,11.696,232.637,0.348502,11.696,232.629,0.363072,      29P   2366
11.696,232.622,0.377773,11.696,232.609,0.403461,11.696,232.598,       29P   2367
0.424089,11.696,232.586,0.450333,11.696,232.579,0.465226,11.696,      29P   2368
232.576,0.4712,11.696,0.,2.0549,0.,0.93962;                           29P   2369
S      5G      3D     30P   2369                                        T      1
