This is a NASA-IGES-NURBS-Only file converted by:                       S      1
NIGES Translator Version 3.2 developed at NASA Ames Research Center.    S      2
Conversion done on: Mon May 20 14:05:36 1996.                           S      3
>>>>>>>>>>>>>>>>>>>> Original Start Section follows <<<<<<<<<<<<<<<<<<<<S      4
                                                                        S      5
1H,,1H;,,20Hcmpr stator4    srf ,22HIBM PROFESSIONAL CADAM,47HIBM IGES PG      1
rocessor for AIX and UNIX V2R2 (1994),32,75,6,75,15,,1.,1,4HINCH,1000,  G      2
0.125984,13H960520.101400,1.00000E-06,221.918,,,8,0,;                   G      3
     406       1       1       1       0       0       0       000020101D      1
     406       0       0       1      15                               0D      2
     406       2       1       1       0       0       0       000020101D      3
     406       0       0       1      15                               0D      4
     126       3       0       1       0       0       0       000000000D      5
     126     109       0      33       0                               0D      6
     126      36       0       1       0       0       0       000000000D      7
     126     109       0      33       0                               0D      8
     126      69       0       1       0       0       0       000000000D      9
     126     109       0      34       0                               0D     10
     126     103       0       1       0       0       0       000000000D     11
     126     109       0      34       0                               0D     12
     126     137       0       1       0       0       0       000000000D     13
     126     109       0      33       0                               0D     14
     126     170       0       1       0       0       0       000000000D     15
     126     109       0      34       0                               0D     16
     126     204       0       1       0       0       0       000000000D     17
     126     109       0      33       0                               0D     18
     126     237       0       1       0       0       0       000000000D     19
     126     109       0      34       0                               0D     20
     126     271       0       1       0       0       0       000000000D     21
     126     109       0      35       0                               0D     22
     126     306       0       1       0       0       0       000000000D     23
     126     109       0      32       0                               0D     24
     126     338       0       1       0       0       0       000000000D     25
     126     109       0      33       0                               0D     26
     126     371       0       1       0       0       0       000000000D     27
     126     109       0      33       0                               0D     28
     128     404       0       1       0       0       0       000000000D     29
     128     109       2    1284       0                               0D     30
406,1,23Hcmpr stator4    srf ,3d;                                      1P      1
406,1,2H3d;                                                            3P      2
126,54,3,0,1,1,0,0.,0.,0.,0.,0.00767782,0.0153556,0.0230334,           5P      3
0.0230334,0.0230334,0.0421259,0.0708344,0.109092,0.156909,             5P      4
0.214315,0.271859,0.329348,0.386805,0.444393,0.502014,0.559568,        5P      5
0.617185,0.674792,0.732399,0.790013,0.847678,0.895646,0.934114,        5P      6
0.962929,0.982105,0.982105,0.990457,0.998795,1.00713,1.01547,          5P      7
1.01547,1.01547,1.03518,1.06462,1.10393,1.15316,1.21221,1.27133,       5P      8
1.33042,1.38962,1.4487,1.5079,1.56698,1.62605,1.68515,1.7442,          5P      9
1.80324,1.86225,1.91135,1.95061,1.98009,1.99965,1.99965,1.99965,       5P     10
1.99965,1.,1.,1.,1.,1.,1.,1.,1.,1.,1.,1.,1.,1.,1.,1.,1.,1.,1.,         5P     11
1.,1.,1.,1.,1.,1.,1.,1.,1.,1.,1.,1.,1.,1.,1.,1.,1.,1.,1.,1.,1.,        5P     12
1.,1.,1.,1.,1.,1.,1.,1.,1.,1.,1.,1.,1.,1.,1.,1.,221.081,-0.323,        5P     13
10.595,221.08,-0.325172,10.595,221.08,-0.331131,10.595,221.087,        5P     14
-0.336495,10.595,221.092,-0.334528,10.595,221.094,-0.3327,             5P     15
10.595,221.098,-0.328153,10.595,221.11,-0.316806,10.595,221.13,        5P     16
-0.296504,10.595,221.157,-0.269831,10.595,221.192,-0.236893,           5P     17
10.595,221.232,-0.20032,10.595,221.275,-0.162471,10.595,221.319,       5P     18
-0.125456,10.595,221.364,-0.0893385,10.595,221.41,-0.0540009,          5P     19
10.595,221.456,-0.0197975,10.595,221.503,0.0137182,10.595,             5P     20
221.55,0.0465943,10.595,221.598,0.0789035,10.595,221.646,              5P     21
0.11059,10.595,221.694,0.141755,10.595,221.741,0.170356,10.595,        5P     22
221.782,0.195353,10.595,221.815,0.214908,10.595,221.84,0.229396,       5P     23
10.595,221.853,0.237407,10.595,221.861,0.241991,10.595,221.866,        5P     24
0.246469,10.595,221.865,0.255666,10.595,221.859,0.262199,10.595,       5P     25
221.853,0.262646,10.595,221.85,0.2617,10.595,221.844,0.259464,         5P     26
10.595,221.829,0.253816,10.595,221.801,0.243274,10.595,221.765,        5P     27
0.228741,10.595,221.719,0.209189,10.595,221.669,0.185586,10.595,       5P     28
221.616,0.158817,10.595,221.564,0.13016,10.595,221.514,                5P     29
0.0998332,10.595,221.464,0.0676142,10.595,221.415,0.034002,            5P     30
10.595,221.368,-0.00188361,10.595,221.323,-0.0396415,10.595,           5P     31
221.279,-0.0795749,10.595,221.238,-0.12137,10.595,221.198,             5P     32
-0.165118,10.595,221.162,-0.207968,10.595,221.132,-0.24708,            5P     33
10.595,221.11,-0.279252,10.595,221.094,-0.303671,10.595,221.085,       5P     34
-0.317467,10.595,221.081,-0.323,10.595,0.,1.99965,0.,0.,0.;            5P     35
126,54,3,0,1,1,0,0.,0.,0.,0.,0.00783901,0.015678,0.023517,             7P     36
0.023517,0.023517,0.0427264,0.0714475,0.109795,0.157759,               7P     37
0.215444,0.273213,0.331088,0.38901,0.447134,0.505265,0.563482,         7P     38
0.621855,0.68025,0.738732,0.797312,0.855994,0.904913,0.944199,         7P     39
0.973648,0.993302,0.993302,1.00143,1.00953,1.01763,1.02574,            7P     40
1.02574,1.02574,1.0457,1.07561,1.11553,1.1654,1.22526,1.28503,         7P     41
1.34477,1.40447,1.46417,1.52376,1.58323,1.64266,1.70201,1.76117,       7P     42
1.82032,1.87942,1.92856,1.96774,1.99713,2.01667,2.01667,2.01667,       7P     43
2.01667,1.,1.,1.,1.,1.,1.,1.,1.,1.,1.,1.,1.,1.,1.,1.,1.,1.,1.,         7P     44
1.,1.,1.,1.,1.,1.,1.,1.,1.,1.,1.,1.,1.,1.,1.,1.,1.,1.,1.,1.,1.,        7P     45
1.,1.,1.,1.,1.,1.,1.,1.,1.,1.,1.,1.,1.,1.,1.,1.,221.122,-0.3659,       7P     46
10.453,221.121,-0.368232,10.453,221.121,-0.37432,10.453,221.129,       7P     47
-0.379103,10.453,221.134,-0.376345,10.453,221.136,-0.3743,             7P     48
10.453,221.14,-0.369289,10.453,221.15,-0.356815,10.453,221.168,        7P     49
-0.334472,10.453,221.193,-0.305014,10.453,221.224,-0.268337,           7P     50
10.453,221.26,-0.227367,10.453,221.298,-0.184585,10.453,221.338,       7P     51
-0.142278,10.453,221.378,-0.10055,10.453,221.419,-0.0593736,           7P     52
10.453,221.461,-0.0188782,10.453,221.503,0.0210637,10.453,             7P     53
221.546,0.0608956,10.453,221.589,0.100244,10.453,221.632,              7P     54
0.139491,10.453,221.676,0.178387,10.453,221.718,0.214802,10.453,       7P     55
221.755,0.2468,10.453,221.785,0.272438,10.453,221.807,0.291378,        7P     56
10.453,221.82,0.301964,10.453,221.827,0.307952,10.453,221.83,          7P     57
0.312775,10.453,221.829,0.321629,10.453,221.822,0.326941,10.453,       7P     58
221.816,0.32658,10.453,221.813,0.3252,10.453,221.807,0.321799,         7P     59
10.453,221.793,0.313232,10.453,221.768,0.297342,10.453,221.734,        7P     60
0.276037,10.453,221.693,0.248493,10.453,221.646,0.216304,10.453,       7P     61
221.598,0.181128,10.453,221.55,0.144643,10.453,221.504,0.10678,        7P     62
10.453,221.459,0.0678621,10.453,221.415,0.0275637,10.453,              7P     63
221.373,-0.0140858,10.453,221.332,-0.0575064,10.453,221.293,           7P     64
-0.102495,10.453,221.257,-0.148943,10.453,221.222,-0.196849,           7P     65
10.453,221.191,-0.243399,10.453,221.166,-0.28544,10.453,221.146,       7P     66
-0.319531,10.453,221.133,-0.345572,10.453,221.125,-0.360085,           7P     67
10.453,221.122,-0.3659,10.453,0.,2.01667,0.,0.,0.;                     7P     68
126,54,3,0,1,1,0,0.,0.,0.,0.,0.00770502,0.01541,0.0231151,             9P     69
0.0231151,0.0231151,0.0422404,0.0708105,0.10898,0.156677,              9P     70
0.213949,0.271189,0.32843,0.385759,0.443098,0.500363,0.557768,         9P     71
0.615074,0.672386,0.729725,0.787013,0.844401,0.892146,0.930424,        9P     72
0.959049,0.978181,0.978181,0.986615,0.995031,1.00345,1.01187,          9P     73
1.01187,1.01187,1.03163,1.06108,1.10042,1.14963,1.20867,1.26778,       9P     74
1.32686,1.38591,1.44494,1.50406,1.5631,1.62219,1.6812,1.7402,          9P     75
1.79926,1.85832,1.90744,1.94671,1.97619,1.99587,1.99587,1.99587,       9P     76
1.99587,1.,1.,1.,1.,1.,1.,1.,1.,1.,1.,1.,1.,1.,1.,1.,1.,1.,1.,         9P     77
1.,1.,1.,1.,1.,1.,1.,1.,1.,1.,1.,1.,1.,1.,1.,1.,1.,1.,1.,1.,1.,        9P     78
1.,1.,1.,1.,1.,1.,1.,1.,1.,1.,1.,1.,1.,1.,1.,1.,221.057,-0.2914,       9P     79
10.812,221.055,-0.293486,10.812,221.055,-0.299436,10.812,              9P     80
221.061,-0.305317,10.812,221.067,-0.303915,10.812,221.069,             9P     81
-0.3022,10.812,221.074,-0.297942,10.812,221.086,-0.287377,             9P     82
10.812,221.107,-0.2687,10.812,221.136,-0.24392,10.812,221.173,         9P     83
-0.213912,10.812,221.216,-0.180512,10.812,221.262,-0.146314,           9P     84
10.812,221.309,-0.113222,10.812,221.356,-0.0810797,10.812,             9P     85
221.404,-0.0502446,10.812,221.453,-0.0204071,10.812,221.503,           9P     86
0.0084115,10.812,221.553,0.0364709,10.812,221.603,0.0634994,           9P     87
10.812,221.654,0.0899542,10.812,221.706,0.115449,10.812,221.755,       9P     88
0.13876,10.812,221.798,0.158683,10.812,221.833,0.174186,10.812,        9P     89
221.859,0.18546,10.812,221.874,0.191707,10.812,221.882,0.195299,       9P     90
10.812,221.887,0.199487,10.812,221.888,0.208701,10.812,221.882,        9P     91
0.215945,10.812,221.876,0.216984,10.812,221.873,0.2164,10.812,         9P     92
221.867,0.21503,10.812,221.851,0.211532,10.812,221.822,0.204995,       9P     93
10.812,221.784,0.195112,10.812,221.736,0.181578,10.812,221.683,        9P     94
0.164145,10.812,221.628,0.143573,10.812,221.574,0.120785,10.812,       9P     95
221.52,0.0957159,10.812,221.467,0.0687602,10.812,221.416,              9P     96
0.0395702,10.812,221.366,0.00822468,10.812,221.318,-0.0257036,         9P     97
10.812,221.271,-0.0619023,10.812,221.226,-0.100464,10.812,             9P     98
221.183,-0.141144,10.812,221.145,-0.181575,10.812,221.113,             9P     99
-0.218697,10.812,221.088,-0.249322,10.812,221.07,-0.272836,            9P    100
10.812,221.061,-0.286072,10.812,221.057,-0.2914,10.812,0.,             9P    101
1.99587,0.,0.,0.;                                                      9P    102
126,55,3,0,1,1,0,0.,0.,0.,0.,0.0079534,0.0159068,0.0238602,           11P    103
0.0238602,0.0238602,0.0428744,0.0715676,0.10969,0.157437,             11P    104
0.214757,0.271998,0.329216,0.386554,0.443767,0.501108,0.558347,       11P    105
0.615648,0.672937,0.730184,0.787449,0.844704,0.892421,0.930621,       11P    106
0.959293,0.97842,0.97842,0.97842,0.986807,0.995166,1.00353,           11P    107
1.0119,1.0119,1.0119,1.03159,1.06111,1.10052,1.14977,1.20889,         11P    108
1.26809,1.32719,1.38632,1.4454,1.50454,1.56369,1.62282,1.68192,       11P    109
1.74101,1.80018,1.8593,1.90858,1.94793,1.97749,1.99721,1.99721,       11P    110
1.99721,1.99721,1.,1.,1.,1.,1.,1.,1.,1.,1.,1.,1.,1.,1.,1.,1.,1.,      11P    111
1.,1.,1.,1.,1.,1.,1.,1.,1.,1.,1.,1.,1.,1.,1.,1.,1.,1.,1.,1.,1.,       11P    112
1.,1.,1.,1.,1.,1.,1.,1.,1.,1.,1.,1.,1.,1.,1.,1.,1.,1.,1.,             11P    113
221.051,-0.2823,11.019,221.049,-0.284438,11.019,221.048,              11P    114
-0.290505,11.019,221.055,-0.296769,11.019,221.061,-0.295325,          11P    115
11.019,221.063,-0.2936,11.019,221.068,-0.289477,11.019,221.08,        11P    116
-0.279188,11.019,221.102,-0.260954,11.019,221.132,-0.237016,          11P    117
11.019,221.169,-0.207713,11.019,221.213,-0.175452,11.019,221.26,      11P    118
-0.14229,11.019,221.307,-0.110413,11.019,221.355,-0.0795295,          11P    119
11.019,221.404,-0.04978,11.019,221.454,-0.0212366,11.019,             11P    120
221.504,0.00624048,11.019,221.555,0.0329247,11.019,221.606,           11P    121
0.0588513,11.019,221.658,0.0838275,11.019,221.709,0.108049,           11P    122
11.019,221.759,0.130076,11.019,221.803,0.148732,11.019,221.838,       11P    123
0.163353,11.019,221.865,0.174055,11.019,221.879,0.179885,11.019,      11P    124
221.885,0.1822,11.019,221.888,0.183215,11.019,221.893,0.187422,       11P    125
11.019,221.893,0.196498,11.019,221.888,0.203856,11.019,221.882,       11P    126
0.205066,11.019,221.879,0.2046,11.019,221.873,0.203503,11.019,        11P    127
221.857,0.200661,11.019,221.828,0.195225,11.019,221.789,              11P    128
0.186742,11.019,221.741,0.174874,11.019,221.688,0.159427,11.019,      11P    129
221.632,0.140466,11.019,221.576,0.119377,11.019,221.522,              11P    130
0.0960143,11.019,221.469,0.0701963,11.019,221.416,0.0425436,          11P    131
11.019,221.366,0.0122131,11.019,221.316,-0.0205683,11.019,            11P    132
221.269,-0.055893,11.019,221.223,-0.0936545,11.019,221.18,            11P    133
-0.133597,11.019,221.141,-0.173548,11.019,221.108,-0.210189,          11P    134
11.019,221.083,-0.24056,11.019,221.065,-0.263835,11.019,221.055,      11P    135
-0.276999,11.019,221.051,-0.2823,11.019,0.,1.99721,0.,0.,0.;          11P    136
126,53,3,0,1,1,0,0.,0.,0.,0.,0.00803469,0.0160694,0.0241041,          13P    137
0.0241041,0.0432843,0.0719911,0.110302,0.158164,0.215548,             13P    138
0.273001,0.33044,0.38784,0.445292,0.502708,0.560162,0.617594,         13P    139
0.675016,0.732443,0.789799,0.847237,0.895124,0.933417,0.962088,       13P    140
0.981215,0.981215,0.981215,0.9896,0.997908,1.00623,1.01454,           13P    141
1.01454,1.03439,1.06407,1.10358,1.15304,1.21244,1.27178,1.33118,      13P    142
1.39048,1.44993,1.50921,1.56858,1.62797,1.68738,1.74671,1.8061,       13P    143
1.86551,1.91502,1.95459,1.98424,2.00404,2.00404,2.00404,2.00404,      13P    144
1.,1.,1.,1.,1.,1.,1.,1.,1.,1.,1.,1.,1.,1.,1.,1.,1.,1.,1.,1.,1.,       13P    145
1.,1.,1.,1.,1.,1.,1.,1.,1.,1.,1.,1.,1.,1.,1.,1.,1.,1.,1.,1.,1.,       13P    146
1.,1.,1.,1.,1.,1.,1.,1.,1.,1.,1.,1.,221.049,-0.2813,11.219,           13P    147
221.047,-0.283465,11.219,221.046,-0.289631,11.219,221.053,            13P    148
-0.295866,11.219,221.059,-0.294606,11.219,221.066,-0.288828,          13P    149
11.219,221.079,-0.27869,11.219,221.101,-0.260365,11.219,221.131,      13P    150
-0.236815,11.219,221.169,-0.207613,11.219,221.213,-0.175638,          13P    151
11.219,221.26,-0.142674,11.219,221.308,-0.111078,11.219,221.356,      13P    152
-0.0802579,11.219,221.405,-0.0508399,11.219,221.455,-0.02241,         13P    153
11.219,221.506,0.00491404,11.219,221.557,0.0315334,11.219,            13P    154
221.608,0.0573399,11.219,221.66,0.0823003,11.219,221.712,             13P    155
0.106599,11.219,221.761,0.128487,11.219,221.805,0.14748,11.219,       13P    156
221.841,0.162025,11.219,221.867,0.172757,11.219,221.882,              13P    157
0.178585,11.219,221.888,0.1809,11.219,221.891,0.181915,11.219,        13P    158
221.895,0.186175,11.219,221.896,0.195159,11.219,221.891,              13P    159
0.202541,11.219,221.885,0.203808,11.219,221.876,0.202426,11.219,      13P    160
221.859,0.199859,11.219,221.83,0.194475,11.219,221.791,0.186655,      13P    161
11.219,221.743,0.175087,11.219,221.689,0.16001,11.219,221.633,        13P    162
0.141622,11.219,221.577,0.120666,11.219,221.522,0.0975822,            13P    163
11.219,221.469,0.0720909,11.219,221.416,0.0444018,11.219,             13P    164
221.365,0.0142273,11.219,221.316,-0.0185589,11.219,221.268,           13P    165
-0.0540068,11.219,221.222,-0.0917161,11.219,221.178,-0.131812,        13P    166
11.219,221.139,-0.171916,11.219,221.106,-0.208789,11.219,             13P    167
221.081,-0.239317,11.219,221.063,-0.262728,11.219,221.053,            13P    168
-0.275964,11.219,221.049,-0.2813,11.219,0.,2.00404,0.,0.,0.;          13P    169
126,55,3,0,1,1,0,0.,0.,0.,0.,0.00826011,0.0165202,0.0247803,          15P    170
0.0247803,0.0247803,0.0440378,0.0729144,0.111461,0.159581,            15P    171
0.217288,0.275095,0.332785,0.390523,0.448284,0.50601,0.563688,        15P    172
0.621478,0.679169,0.736907,0.794619,0.852403,0.900553,0.939053,       15P    173
0.96793,0.987131,0.987131,0.987131,0.995522,1.00395,1.01239,          15P    174
1.02082,1.02082,1.02082,1.04066,1.0706,1.11037,1.16017,1.2199,        15P    175
1.2797,1.33944,1.39919,1.45895,1.51862,1.57842,1.63822,1.6979,        15P    176
1.75764,1.81744,1.8772,1.92692,1.96678,1.99665,2.01661,2.01661,       15P    177
2.01661,2.01661,1.,1.,1.,1.,1.,1.,1.,1.,1.,1.,1.,1.,1.,1.,1.,1.,      15P    178
1.,1.,1.,1.,1.,1.,1.,1.,1.,1.,1.,1.,1.,1.,1.,1.,1.,1.,1.,1.,1.,       15P    179
1.,1.,1.,1.,1.,1.,1.,1.,1.,1.,1.,1.,1.,1.,1.,1.,1.,1.,1.,             15P    180
221.047,-0.2822,11.415,221.045,-0.284438,11.415,221.044,              15P    181
-0.290731,11.415,221.051,-0.297205,11.415,221.057,-0.295852,          15P    182
11.415,221.059,-0.2941,11.415,221.064,-0.290016,11.415,221.077,       15P    183
-0.279855,11.415,221.099,-0.26172,11.415,221.13,-0.238078,            15P    184
11.415,221.168,-0.20907,11.415,221.212,-0.17697,11.415,221.26,        15P    185
-0.144258,11.415,221.308,-0.112523,11.415,221.357,-0.0818051,         15P    186
11.415,221.406,-0.0522259,11.415,221.457,-0.0237364,11.415,           15P    187
221.507,0.00372916,11.415,221.559,0.0305197,11.415,221.61,            15P    188
0.0565108,11.415,221.662,0.0818673,11.415,221.714,0.106211,           15P    189
11.415,221.764,0.128636,11.415,221.808,0.147712,11.415,221.844,       15P    190
0.162596,11.415,221.871,0.173608,11.415,221.885,0.179615,11.415,      15P    191
221.891,0.182,11.415,221.894,0.183042,11.415,221.899,0.187088,        15P    192
11.415,221.899,0.196276,11.415,221.894,0.203732,11.415,221.888,       15P    193
0.205023,11.415,221.885,0.2046,11.415,221.879,0.203604,11.415,        15P    194
221.862,0.201005,11.415,221.833,0.195969,11.415,221.794,              15P    195
0.188116,11.415,221.745,0.176829,11.415,221.691,0.161936,11.415,      15P    196
221.634,0.143511,11.415,221.578,0.12266,11.415,221.523,               15P    197
0.0996462,11.415,221.469,0.0739528,11.415,221.416,0.0462133,          15P    198
11.415,221.364,0.0158594,11.415,221.315,-0.017244,11.415,             15P    199
221.267,-0.0529386,11.415,221.221,-0.0908804,11.415,221.177,          15P    200
-0.131432,11.415,221.137,-0.171739,11.415,221.104,-0.209009,          15P    201
11.415,221.079,-0.239806,11.415,221.06,-0.263388,11.415,221.051,      15P    202
-0.27679,11.415,221.047,-0.2822,11.415,0.,2.01661,0.,0.,0.;           15P    203
126,53,3,0,1,1,0,0.,0.,0.,0.,0.00867831,0.0173566,0.0260349,          17P    204
0.0260349,0.0260349,0.045666,0.0749959,0.114219,0.163159,             17P    205
0.222015,0.28079,0.339535,0.398333,0.457158,0.515865,0.574708,        17P    206
0.633527,0.692381,0.751191,0.810015,0.868908,0.917979,0.957135,       17P    207
0.986627,1.00622,1.00622,1.0147,1.02318,1.03167,1.04015,1.04015,      17P    208
1.06043,1.09102,1.1318,1.18269,1.24373,1.30484,1.36591,1.42688,       17P    209
1.48796,1.54898,1.60996,1.67099,1.73194,1.793,1.85393,1.91497,        17P    210
1.9658,2.00649,2.03699,2.05734,2.05734,2.05734,2.05734,1.,1.,1.,      17P    211
1.,1.,1.,1.,1.,1.,1.,1.,1.,1.,1.,1.,1.,1.,1.,1.,1.,1.,1.,1.,1.,       17P    212
1.,1.,1.,1.,1.,1.,1.,1.,1.,1.,1.,1.,1.,1.,1.,1.,1.,1.,1.,1.,1.,       17P    213
1.,1.,1.,1.,1.,1.,1.,1.,1.,221.04,-0.2872,11.795,221.038,             17P    214
-0.289559,11.795,221.037,-0.296227,11.795,221.044,-0.302892,          17P    215
11.795,221.051,-0.301619,11.795,221.053,-0.2998,11.795,221.058,       17P    216
-0.295684,11.795,221.071,-0.285463,11.795,221.094,-0.267193,          17P    217
11.795,221.125,-0.243389,11.795,221.164,-0.213959,11.795,221.21,      17P    218
-0.181783,11.795,221.258,-0.148507,11.795,221.307,-0.116432,          17P    219
11.795,221.357,-0.085301,11.795,221.408,-0.055343,11.795,             17P    220
221.459,-0.0264385,11.795,221.511,0.00162855,11.795,221.563,          17P    221
0.0289254,11.795,221.615,0.0554971,11.795,221.668,0.081448,           17P    222
11.795,221.721,0.106528,11.795,221.772,0.129553,11.795,221.817,       17P    223
0.149365,11.795,221.853,0.164784,11.795,221.88,0.176145,11.795,       17P    224
221.895,0.18241,11.795,221.904,0.185977,11.795,221.908,0.190149,      17P    225
11.795,221.909,0.199354,11.795,221.904,0.206905,11.795,221.898,       17P    226
0.20825,11.795,221.888,0.207064,11.795,221.872,0.204817,11.795,       17P    227
221.841,0.199951,11.795,221.801,0.192595,11.795,221.752,              17P    228
0.181697,11.795,221.696,0.166947,11.795,221.638,0.148606,11.795,      17P    229
221.58,0.127869,11.795,221.524,0.104382,11.795,221.469,               17P    230
0.0785317,11.795,221.414,0.0501386,11.795,221.362,0.0191633,          17P    231
11.795,221.311,-0.0146293,11.795,221.262,-0.0511727,11.795,           17P    232
221.215,-0.0903939,11.795,221.171,-0.131905,11.795,221.131,           17P    233
-0.173486,11.795,221.097,-0.211823,11.795,221.072,-0.243479,          17P    234
11.795,221.054,-0.26793,11.795,221.044,-0.28167,11.795,221.04,        17P    235
-0.2872,11.795,0.,2.05734,0.,0.,0.;                                   17P    236
126,54,3,0,1,1,0,0.,0.,0.,0.,0.00894866,0.0178973,0.026846,           19P    237
0.026846,0.026846,0.0467437,0.0764792,0.116149,0.165769,              19P    238
0.225314,0.284873,0.344392,0.403955,0.463534,0.523157,0.582688,       19P    239
0.642323,0.701941,0.761554,0.821218,0.880899,0.930671,0.970433,       19P    240
1.00036,1.02025,1.02025,1.02879,1.03735,1.04591,1.05446,1.05446,      19P    241
1.05446,1.07516,1.10621,1.1476,1.1994,1.26135,1.32343,1.38541,        19P    242
1.44735,1.50939,1.5713,1.63325,1.69507,1.757,1.81891,1.8808,          19P    243
1.94263,1.9943,2.03556,2.06651,2.08714,2.08714,2.08714,2.08714,       19P    244
1.,1.,1.,1.,1.,1.,1.,1.,1.,1.,1.,1.,1.,1.,1.,1.,1.,1.,1.,1.,1.,       19P    245
1.,1.,1.,1.,1.,1.,1.,1.,1.,1.,1.,1.,1.,1.,1.,1.,1.,1.,1.,1.,1.,       19P    246
1.,1.,1.,1.,1.,1.,1.,1.,1.,1.,1.,1.,1.,221.038,-0.295,11.987,         19P    247
221.036,-0.297472,11.987,221.035,-0.304274,11.987,221.042,            19P    248
-0.311229,11.987,221.049,-0.309698,11.987,221.052,-0.3078,            19P    249
11.987,221.057,-0.303579,11.987,221.069,-0.293098,11.987,             19P    250
221.093,-0.274512,11.987,221.124,-0.249933,11.987,221.163,            19P    251
-0.220145,11.987,221.209,-0.186889,11.987,221.258,-0.152931,          19P    252
11.987,221.307,-0.120027,11.987,221.358,-0.0881115,11.987,            19P    253
221.409,-0.0572918,11.987,221.46,-0.0276811,11.987,221.513,           19P    254
0.00113363,11.987,221.565,0.0292458,11.987,221.618,0.05648,           19P    255
11.987,221.671,0.0832345,11.987,221.725,0.109235,11.987,221.776,      19P    256
0.133055,11.987,221.822,0.153382,11.987,221.858,0.169459,11.987,      19P    257
221.886,0.181189,11.987,221.901,0.187706,11.987,221.91,0.191414,      19P    258
11.987,221.914,0.195635,11.987,221.915,0.204923,11.987,221.91,        19P    259
0.212507,11.987,221.904,0.213968,11.987,221.901,0.2136,11.987,        19P    260
221.894,0.212711,11.987,221.877,0.210367,11.987,221.846,              19P    261
0.205738,11.987,221.805,0.198151,11.987,221.755,0.187097,11.987,      19P    262
221.698,0.172184,11.987,221.639,0.15343,11.987,221.581,0.132167,      19P    263
11.987,221.524,0.10813,11.987,221.468,0.0814368,11.987,221.413,       19P    264
0.0522318,11.987,221.36,0.0204443,11.987,221.309,-0.0144799,          19P    265
11.987,221.259,-0.0520337,11.987,221.212,-0.0923839,11.987,           19P    266
221.168,-0.135177,11.987,221.128,-0.17794,11.987,221.095,             19P    267
-0.217419,11.987,221.069,-0.250005,11.987,221.051,-0.275139,          19P    268
11.987,221.041,-0.289299,11.987,221.038,-0.295,11.987,0.,             19P    269
2.08714,0.,0.,0.;                                                     19P    270
126,55,3,0,1,1,0,0.,0.,0.,0.,0.00929184,0.0185837,0.0278755,          21P    271
0.0278755,0.0278755,0.0480071,0.0782256,0.11857,0.168936,             21P    272
0.229401,0.289844,0.35041,0.410846,0.471399,0.531926,0.5925,          21P    273
0.653066,0.713684,0.774363,0.834975,0.895665,0.946245,0.986764,       21P    274
1.01713,1.03736,1.03736,1.03736,1.04603,1.05471,1.06339,1.07206,      21P    275
1.07206,1.07206,1.09315,1.12477,1.16678,1.21946,1.28255,1.34565,      21P    276
1.40875,1.47184,1.5349,1.59792,1.66095,1.72393,1.7869,1.8499,         21P    277
1.91284,1.97578,2.02827,2.07026,2.10177,2.1228,2.1228,2.1228,         21P    278
2.1228,1.,1.,1.,1.,1.,1.,1.,1.,1.,1.,1.,1.,1.,1.,1.,1.,1.,1.,1.,      21P    279
1.,1.,1.,1.,1.,1.,1.,1.,1.,1.,1.,1.,1.,1.,1.,1.,1.,1.,1.,1.,1.,       21P    280
1.,1.,1.,1.,1.,1.,1.,1.,1.,1.,1.,1.,1.,1.,1.,1.,221.041,-0.3123,      21P    281
12.184,221.039,-0.314939,12.184,221.038,-0.322054,12.184,             21P    282
221.046,-0.328911,12.184,221.053,-0.32724,12.184,221.056,             21P    283
-0.3252,12.184,221.061,-0.320781,12.184,221.073,-0.309779,            21P    284
12.184,221.096,-0.290151,12.184,221.128,-0.264515,12.184,             21P    285
221.167,-0.232978,12.184,221.212,-0.198112,12.184,221.261,            21P    286
-0.162324,12.184,221.31,-0.127452,12.184,221.36,-0.0935953,           21P    287
12.184,221.411,-0.0608451,12.184,221.463,-0.0290273,12.184,           21P    288
221.515,0.00180549,12.184,221.567,0.0320129,12.184,221.62,            21P    289
0.0616109,12.184,221.674,0.0906092,12.184,221.727,0.118901,           21P    290
12.184,221.778,0.145118,12.184,221.824,0.167535,12.184,221.86,        21P    291
0.185384,12.184,221.887,0.198476,12.184,221.903,0.20565,12.184,       21P    292
221.909,0.2085,12.184,221.911,0.209724,12.184,221.916,0.21423,        21P    293
12.184,221.916,0.22364,12.184,221.911,0.231178,12.184,221.905,        21P    294
0.232563,12.184,221.902,0.2321,12.184,221.895,0.230974,12.184,        21P    295
221.877,0.228051,12.184,221.846,0.222409,12.184,221.805,              21P    296
0.213692,12.184,221.754,0.200869,12.184,221.697,0.183978,12.184,      21P    297
221.637,0.163233,12.184,221.579,0.139884,12.184,221.521,              21P    298
0.113637,12.184,221.465,0.0848115,12.184,221.41,0.0535657,            21P    299
12.184,221.357,0.0195382,12.184,221.306,-0.017668,12.184,             21P    300
221.258,-0.0574445,12.184,221.211,-0.0999742,12.184,221.167,          21P    301
-0.144969,12.184,221.128,-0.189914,12.184,221.096,-0.231197,          21P    302
12.184,221.071,-0.265311,12.184,221.054,-0.291501,12.184,             21P    303
221.044,-0.306325,12.184,221.041,-0.3123,12.184,0.,2.1228,0.,0.,      21P    304
0.;                                                                   21P    305
126,53,3,0,1,1,0,0.,0.,0.,0.,0.00965149,0.019303,0.0289545,           23P    306
0.0289545,0.0289545,0.049391,0.0800153,0.120837,0.17188,              23P    307
0.233187,0.294517,0.355971,0.417357,0.478758,0.540276,0.601827,       23P    308
0.663483,0.725194,0.786882,0.848723,0.910659,0.962316,1.00372,        23P    309
1.03479,1.05546,1.05546,1.06426,1.07303,1.08181,1.09058,1.09058,      23P    310
1.11212,1.14434,1.18724,1.24091,1.30523,1.36948,1.43375,1.49793,      23P    311
1.56204,1.62609,1.69007,1.75405,1.81802,1.88196,1.94588,2.00976,      23P    312
2.06305,2.1058,2.13777,2.15921,2.15921,2.15921,2.15921,1.,1.,1.,      23P    313
1.,1.,1.,1.,1.,1.,1.,1.,1.,1.,1.,1.,1.,1.,1.,1.,1.,1.,1.,1.,1.,       23P    314
1.,1.,1.,1.,1.,1.,1.,1.,1.,1.,1.,1.,1.,1.,1.,1.,1.,1.,1.,1.,1.,       23P    315
1.,1.,1.,1.,1.,1.,1.,1.,1.,221.056,-0.3438,12.34,221.055,             23P    316
-0.346653,12.34,221.055,-0.354055,12.34,221.064,-0.360635,12.34,      23P    317
221.071,-0.358361,12.34,221.073,-0.3561,12.34,221.078,-0.351313,      23P    318
12.34,221.09,-0.339402,12.34,221.112,-0.318212,12.34,221.142,         23P    319
-0.290303,12.34,221.18,-0.255982,12.34,221.223,-0.217951,12.34,       23P    320
221.27,-0.178505,12.34,221.318,-0.140053,12.34,221.367,               23P    321
-0.102552,12.34,221.416,-0.0659083,12.34,221.466,-0.0302443,          23P    322
12.34,221.517,0.00457137,12.34,221.568,0.0391134,12.34,221.62,        23P    323
0.0730621,12.34,221.671,0.106648,12.34,221.724,0.139552,12.34,        23P    324
221.773,0.170478,12.34,221.818,0.197388,12.34,221.853,0.218643,       23P    325
12.34,221.88,0.23455,12.34,221.895,0.24331,12.34,221.903,             23P    326
0.248287,12.34,221.907,0.253108,12.34,221.907,0.262674,12.34,         23P    327
221.901,0.26986,12.34,221.895,0.270883,12.34,221.885,0.268522,        23P    328
12.34,221.867,0.264196,12.34,221.836,0.255795,12.34,221.795,          23P    329
0.243445,12.34,221.744,0.226521,12.34,221.688,0.204802,12.34,         23P    330
221.628,0.179466,12.34,221.571,0.151327,12.34,221.514,0.120741,       23P    331
12.34,221.459,0.0876049,12.34,221.406,0.0521429,12.34,221.354,        23P    332
0.0141178,12.34,221.305,-0.0269814,12.34,221.259,-0.0705756,          23P    333
12.34,221.214,-0.116664,12.34,221.173,-0.165309,12.34,221.136,        23P    334
-0.213427,12.34,221.106,-0.257555,12.34,221.084,-0.293901,12.34,      23P    335
221.068,-0.321763,12.34,221.06,-0.337464,12.34,221.056,-0.3438,       23P    336
12.34,0.,2.15921,0.,0.,0.;                                            23P    337
126,54,3,0,1,1,0,0.,0.,0.,0.,0.0104582,0.0209164,0.0313746,           25P    338
0.0313746,0.0313746,0.0525559,0.0842616,0.126522,0.17944,             25P    339
0.24312,0.306791,0.370691,0.434768,0.498974,0.563466,0.628183,        25P    340
0.69319,0.758488,0.824152,0.890171,0.956761,1.0126,1.05753,           25P    341
1.09135,1.114,1.114,1.12321,1.1324,1.1416,1.1508,1.1508,1.1508,       25P    342
1.17396,1.20876,1.25493,1.31234,1.38098,1.44924,1.51715,1.58476,      25P    343
1.6521,1.71919,1.78609,1.85281,1.91944,1.98594,2.05243,2.11896,       25P    344
2.17448,2.21895,2.25246,2.27476,2.27476,2.27476,2.27476,1.,1.,        25P    345
1.,1.,1.,1.,1.,1.,1.,1.,1.,1.,1.,1.,1.,1.,1.,1.,1.,1.,1.,1.,1.,       25P    346
1.,1.,1.,1.,1.,1.,1.,1.,1.,1.,1.,1.,1.,1.,1.,1.,1.,1.,1.,1.,1.,       25P    347
1.,1.,1.,1.,1.,1.,1.,1.,1.,1.,1.,221.097,-0.4179,12.528,221.096,      25P    348
-0.421212,12.528,221.097,-0.429118,12.528,221.107,-0.434932,          25P    349
12.528,221.115,-0.431571,12.528,221.117,-0.4288,12.528,221.121,       25P    350
-0.423187,12.528,221.132,-0.409206,12.528,221.151,-0.384188,          25P    351
12.528,221.178,-0.351167,12.528,221.212,-0.310329,12.528,             25P    352
221.251,-0.264772,12.528,221.293,-0.217221,12.528,221.337,            25P    353
-0.170307,12.528,221.381,-0.124164,12.528,221.426,-0.0785096,         25P    354
12.528,221.472,-0.0334436,12.528,221.519,0.0111824,12.528,            25P    355
221.566,0.0558984,12.528,221.614,0.10064,12.528,221.662,0.14527,      25P    356
12.528,221.711,0.190257,12.528,221.757,0.232857,12.528,221.798,       25P    357
0.270743,12.528,221.831,0.301169,12.528,221.855,0.324167,12.528,      25P    358
221.869,0.336966,12.528,221.877,0.344188,12.528,221.881,              25P    359
0.349692,12.528,221.879,0.359674,12.528,221.871,0.365949,12.528,      25P    360
221.865,0.366133,12.528,221.862,0.3648,12.528,221.855,0.361443,       25P    361
12.528,221.837,0.352937,12.528,221.807,0.337167,12.528,221.766,       25P    362
0.315379,12.528,221.716,0.287011,12.528,221.661,0.25308,12.528,       25P    363
221.604,0.215452,12.528,221.549,0.175695,12.528,221.495,              25P    364
0.134111,12.528,221.444,0.09058,12.528,221.394,0.0452482,12.528,      25P    365
221.347,-0.0023554,12.528,221.303,-0.05227,12.528,221.262,            25P    366
-0.104508,12.528,221.223,-0.158842,12.528,221.188,-0.215262,          25P    367
12.528,221.158,-0.270577,12.528,221.134,-0.32076,12.528,221.117,      25P    368
-0.361917,12.528,221.106,-0.393233,12.528,221.1,-0.410839,            25P    369
12.528,221.097,-0.4179,12.528,0.,2.27476,0.,0.,0.;                    25P    370
126,54,3,0,1,1,0,0.,0.,0.,0.,0.00783901,0.015678,0.023517,            27P    371
0.023517,0.023517,0.0427264,0.0714475,0.109795,0.157759,              27P    372
0.215444,0.273213,0.331088,0.38901,0.447134,0.505265,0.563482,        27P    373
0.621855,0.68025,0.738732,0.797312,0.855994,0.904913,0.944199,        27P    374
0.973648,0.993302,0.993302,1.00143,1.00953,1.01763,1.02574,           27P    375
1.02574,1.02574,1.0457,1.07561,1.11553,1.1654,1.22526,1.28503,        27P    376
1.34477,1.40447,1.46417,1.52376,1.58323,1.64266,1.70201,1.76117,      27P    377
1.82032,1.87942,1.92856,1.96774,1.99713,2.01667,2.01667,2.01667,      27P    378
2.01667,1.,1.,1.,1.,1.,1.,1.,1.,1.,1.,1.,1.,1.,1.,1.,1.,1.,1.,        27P    379
1.,1.,1.,1.,1.,1.,1.,1.,1.,1.,1.,1.,1.,1.,1.,1.,1.,1.,1.,1.,1.,       27P    380
1.,1.,1.,1.,1.,1.,1.,1.,1.,1.,1.,1.,1.,1.,1.,1.,221.122,-0.3659,      27P    381
10.443,221.121,-0.368232,10.443,221.121,-0.37432,10.443,221.129,      27P    382
-0.379103,10.443,221.134,-0.376345,10.443,221.136,-0.3743,            27P    383
10.443,221.14,-0.369289,10.443,221.15,-0.356815,10.443,221.168,       27P    384
-0.334472,10.443,221.193,-0.305014,10.443,221.224,-0.268337,          27P    385
10.443,221.26,-0.227367,10.443,221.298,-0.184585,10.443,221.338,      27P    386
-0.142278,10.443,221.378,-0.10055,10.443,221.419,-0.0593736,          27P    387
10.443,221.461,-0.0188782,10.443,221.503,0.0210637,10.443,            27P    388
221.546,0.0608956,10.443,221.589,0.100244,10.443,221.632,             27P    389
0.139491,10.443,221.676,0.178387,10.443,221.718,0.214802,10.443,      27P    390
221.755,0.2468,10.443,221.785,0.272438,10.443,221.807,0.291378,       27P    391
10.443,221.82,0.301964,10.443,221.827,0.307952,10.443,221.83,         27P    392
0.312775,10.443,221.829,0.321629,10.443,221.822,0.326941,10.443,      27P    393
221.816,0.32658,10.443,221.813,0.3252,10.443,221.807,0.321799,        27P    394
10.443,221.793,0.313232,10.443,221.768,0.297342,10.443,221.734,       27P    395
0.276037,10.443,221.693,0.248493,10.443,221.646,0.216304,10.443,      27P    396
221.598,0.181128,10.443,221.55,0.144643,10.443,221.504,0.10678,       27P    397
10.443,221.459,0.0678621,10.443,221.415,0.0275637,10.443,             27P    398
221.373,-0.0140858,10.443,221.332,-0.0575064,10.443,221.293,          27P    399
-0.102495,10.443,221.257,-0.148943,10.443,221.222,-0.196849,          27P    400
10.443,221.191,-0.243399,10.443,221.166,-0.28544,10.443,221.146,      27P    401
-0.319531,10.443,221.133,-0.345572,10.443,221.125,-0.360085,          27P    402
10.443,221.122,-0.3659,10.443,0.,2.01667,0.,0.,0.;                    27P    403
128,203,12,3,3,1,0,1,0,0,0.,0.,0.,0.,0.00783901,0.00882731,           29P    404
0.015678,0.0170135,0.0180288,0.023517,0.023517,0.0247811,             29P    405
0.0247811,0.0259396,0.0259396,0.0270432,0.0270432,0.0427264,          29P    406
0.0440392,0.0451655,0.0461306,0.0714475,0.0729168,0.073897,           29P    407
0.109795,0.110997,0.112227,0.157759,0.158971,0.160172,0.215444,       29P    408
0.21685,0.217933,0.271984,0.273213,0.274648,0.328634,0.331088,        29P    409
0.332152,0.385441,0.38901,0.390099,0.442363,0.447134,0.448177,        29P    410
0.499538,0.505265,0.506288,0.556912,0.562099,0.563482,0.614544,       29P    411
0.619685,0.620636,0.621855,0.672434,0.678005,0.679191,0.68025,        29P    412
0.730648,0.734939,0.736343,0.737332,0.738732,0.789177,0.792698,       29P    413
0.794004,0.795218,0.797312,0.848212,0.850545,0.851733,0.853203,       29P    414
0.854895,0.855994,0.897711,0.898792,0.899834,0.901446,0.903272,       29P    415
0.904913,0.937667,0.939084,0.940123,0.942067,0.944199,0.966582,       29P    416
0.967962,0.969047,0.971127,0.973648,0.985803,0.985803,0.987164,       29P    417
0.987164,0.988378,0.988378,0.990466,0.990466,0.993302,0.993302,       29P    418
0.994639,0.995839,0.9969,0.998889,1.00143,1.00295,1.0042,1.0054,      29P    419
1.0073,1.00953,1.01127,1.01257,1.01391,1.01571,1.01763,1.01763,       29P    420
1.01859,1.01859,1.01959,1.01959,1.02094,1.02094,1.02242,1.02242,      29P    421
1.02412,1.02412,1.02574,1.02574,1.0385,1.03947,1.04091,1.04238,       29P    422
1.04399,1.0457,1.06945,1.07078,1.07214,1.07368,1.07561,1.10845,       29P    423
1.10943,1.11053,1.11189,1.11333,1.11553,1.15931,1.16031,1.16162,      29P    424
1.16297,1.1654,1.21876,1.22009,1.22127,1.22253,1.2243,1.22526,        29P    425
1.27875,1.2798,1.28099,1.28216,1.28503,1.33832,1.33958,1.34069,       29P    426
1.34174,1.34477,1.39826,1.39924,1.40036,1.40145,1.40447,1.45899,      29P    427
1.46001,1.46103,1.46417,1.51804,1.5192,1.52073,1.52376,1.57791,       29P    428
1.57892,1.58032,1.58323,1.63863,1.6399,1.64266,1.69831,1.6995,        29P    429
1.70201,1.75797,1.75905,1.76117,1.81749,1.81859,1.82032,1.87712,      29P    430
1.87811,1.87942,1.92718,1.92856,1.96676,1.96774,1.99713,2.01667,      29P    431
2.01667,2.01667,2.01667,0.,0.,0.,0.,0.163148,0.38379,0.59108,         29P    432
0.791091,0.987106,1.3672,1.55937,1.75716,1.91709,2.12324,             29P    433
2.12324,2.12324,2.12324,1.,1.,1.,1.,1.,1.,1.,1.,1.,1.,1.,1.,1.,       29P    434
1.,1.,1.,1.,1.,1.,1.,1.,1.,1.,1.,1.,1.,1.,1.,1.,1.,1.,1.,1.,1.,       29P    435
1.,1.,1.,1.,1.,1.,1.,1.,1.,1.,1.,1.,1.,1.,1.,1.,1.,1.,1.,1.,1.,       29P    436
1.,1.,1.,1.,1.,1.,1.,1.,1.,1.,1.,1.,1.,1.,1.,1.,1.,1.,1.,1.,1.,       29P    437
1.,1.,1.,1.,1.,1.,1.,1.,1.,1.,1.,1.,1.,1.,1.,1.,1.,1.,1.,1.,1.,       29P    438
1.,1.,1.,1.,1.,1.,1.,1.,1.,1.,1.,1.,1.,1.,1.,1.,1.,1.,1.,1.,1.,       29P    439
1.,1.,1.,1.,1.,1.,1.,1.,1.,1.,1.,1.,1.,1.,1.,1.,1.,1.,1.,1.,1.,       29P    440
1.,1.,1.,1.,1.,1.,1.,1.,1.,1.,1.,1.,1.,1.,1.,1.,1.,1.,1.,1.,1.,       29P    441
1.,1.,1.,1.,1.,1.,1.,1.,1.,1.,1.,1.,1.,1.,1.,1.,1.,1.,1.,1.,1.,       29P    442
1.,1.,1.,1.,1.,1.,1.,1.,1.,1.,1.,1.,1.,1.,1.,1.,1.,1.,1.,1.,1.,       29P    443
1.,1.,1.,1.,1.,1.,1.,1.,1.,1.,1.,1.,1.,1.,1.,1.,1.,1.,1.,1.,1.,       29P    444
1.,1.,1.,1.,1.,1.,1.,1.,1.,1.,1.,1.,1.,1.,1.,1.,1.,1.,1.,1.,1.,       29P    445
1.,1.,1.,1.,1.,1.,1.,1.,1.,1.,1.,1.,1.,1.,1.,1.,1.,1.,1.,1.,1.,       29P    446
1.,1.,1.,1.,1.,1.,1.,1.,1.,1.,1.,1.,1.,1.,1.,1.,1.,1.,1.,1.,1.,       29P    447
1.,1.,1.,1.,1.,1.,1.,1.,1.,1.,1.,1.,1.,1.,1.,1.,1.,1.,1.,1.,1.,       29P    448
1.,1.,1.,1.,1.,1.,1.,1.,1.,1.,1.,1.,1.,1.,1.,1.,1.,1.,1.,1.,1.,       29P    449
1.,1.,1.,1.,1.,1.,1.,1.,1.,1.,1.,1.,1.,1.,1.,1.,1.,1.,1.,1.,1.,       29P    450
1.,1.,1.,1.,1.,1.,1.,1.,1.,1.,1.,1.,1.,1.,1.,1.,1.,1.,1.,1.,1.,       29P    451
1.,1.,1.,1.,1.,1.,1.,1.,1.,1.,1.,1.,1.,1.,1.,1.,1.,1.,1.,1.,1.,       29P    452
1.,1.,1.,1.,1.,1.,1.,1.,1.,1.,1.,1.,1.,1.,1.,1.,1.,1.,1.,1.,1.,       29P    453
1.,1.,1.,1.,1.,1.,1.,1.,1.,1.,1.,1.,1.,1.,1.,1.,1.,1.,1.,1.,1.,       29P    454
1.,1.,1.,1.,1.,1.,1.,1.,1.,1.,1.,1.,1.,1.,1.,1.,1.,1.,1.,1.,1.,       29P    455
1.,1.,1.,1.,1.,1.,1.,1.,1.,1.,1.,1.,1.,1.,1.,1.,1.,1.,1.,1.,1.,       29P    456
1.,1.,1.,1.,1.,1.,1.,1.,1.,1.,1.,1.,1.,1.,1.,1.,1.,1.,1.,1.,1.,       29P    457
1.,1.,1.,1.,1.,1.,1.,1.,1.,1.,1.,1.,1.,1.,1.,1.,1.,1.,1.,1.,1.,       29P    458
1.,1.,1.,1.,1.,1.,1.,1.,1.,1.,1.,1.,1.,1.,1.,1.,1.,1.,1.,1.,1.,       29P    459
1.,1.,1.,1.,1.,1.,1.,1.,1.,1.,1.,1.,1.,1.,1.,1.,1.,1.,1.,1.,1.,       29P    460
1.,1.,1.,1.,1.,1.,1.,1.,1.,1.,1.,1.,1.,1.,1.,1.,1.,1.,1.,1.,1.,       29P    461
1.,1.,1.,1.,1.,1.,1.,1.,1.,1.,1.,1.,1.,1.,1.,1.,1.,1.,1.,1.,1.,       29P    462
1.,1.,1.,1.,1.,1.,1.,1.,1.,1.,1.,1.,1.,1.,1.,1.,1.,1.,1.,1.,1.,       29P    463
1.,1.,1.,1.,1.,1.,1.,1.,1.,1.,1.,1.,1.,1.,1.,1.,1.,1.,1.,1.,1.,       29P    464
1.,1.,1.,1.,1.,1.,1.,1.,1.,1.,1.,1.,1.,1.,1.,1.,1.,1.,1.,1.,1.,       29P    465
1.,1.,1.,1.,1.,1.,1.,1.,1.,1.,1.,1.,1.,1.,1.,1.,1.,1.,1.,1.,1.,       29P    466
1.,1.,1.,1.,1.,1.,1.,1.,1.,1.,1.,1.,1.,1.,1.,1.,1.,1.,1.,1.,1.,       29P    467
1.,1.,1.,1.,1.,1.,1.,1.,1.,1.,1.,1.,1.,1.,1.,1.,1.,1.,1.,1.,1.,       29P    468
1.,1.,1.,1.,1.,1.,1.,1.,1.,1.,1.,1.,1.,1.,1.,1.,1.,1.,1.,1.,1.,       29P    469
1.,1.,1.,1.,1.,1.,1.,1.,1.,1.,1.,1.,1.,1.,1.,1.,1.,1.,1.,1.,1.,       29P    470
1.,1.,1.,1.,1.,1.,1.,1.,1.,1.,1.,1.,1.,1.,1.,1.,1.,1.,1.,1.,1.,       29P    471
1.,1.,1.,1.,1.,1.,1.,1.,1.,1.,1.,1.,1.,1.,1.,1.,1.,1.,1.,1.,1.,       29P    472
1.,1.,1.,1.,1.,1.,1.,1.,1.,1.,1.,1.,1.,1.,1.,1.,1.,1.,1.,1.,1.,       29P    473
1.,1.,1.,1.,1.,1.,1.,1.,1.,1.,1.,1.,1.,1.,1.,1.,1.,1.,1.,1.,1.,       29P    474
1.,1.,1.,1.,1.,1.,1.,1.,1.,1.,1.,1.,1.,1.,1.,1.,1.,1.,1.,1.,1.,       29P    475
1.,1.,1.,1.,1.,1.,1.,1.,1.,1.,1.,1.,1.,1.,1.,1.,1.,1.,1.,1.,1.,       29P    476
1.,1.,1.,1.,1.,1.,1.,1.,1.,1.,1.,1.,1.,1.,1.,1.,1.,1.,1.,1.,1.,       29P    477
1.,1.,1.,1.,1.,1.,1.,1.,1.,1.,1.,1.,1.,1.,1.,1.,1.,1.,1.,1.,1.,       29P    478
1.,1.,1.,1.,1.,1.,1.,1.,1.,1.,1.,1.,1.,1.,1.,1.,1.,1.,1.,1.,1.,       29P    479
1.,1.,1.,1.,1.,1.,1.,1.,1.,1.,1.,1.,1.,1.,1.,1.,1.,1.,1.,1.,1.,       29P    480
1.,1.,1.,1.,1.,1.,1.,1.,1.,1.,1.,1.,1.,1.,1.,1.,1.,1.,1.,1.,1.,       29P    481
1.,1.,1.,1.,1.,1.,1.,1.,1.,1.,1.,1.,1.,1.,1.,1.,1.,1.,1.,1.,1.,       29P    482
1.,1.,1.,1.,1.,1.,1.,1.,1.,1.,1.,1.,1.,1.,1.,1.,1.,1.,1.,1.,1.,       29P    483
1.,1.,1.,1.,1.,1.,1.,1.,1.,1.,1.,1.,1.,1.,1.,1.,1.,1.,1.,1.,1.,       29P    484
1.,1.,1.,1.,1.,1.,1.,1.,1.,1.,1.,1.,1.,1.,1.,1.,1.,1.,1.,1.,1.,       29P    485
1.,1.,1.,1.,1.,1.,1.,1.,1.,1.,1.,1.,1.,1.,1.,1.,1.,1.,1.,1.,1.,       29P    486
1.,1.,1.,1.,1.,1.,1.,1.,1.,1.,1.,1.,1.,1.,1.,1.,1.,1.,1.,1.,1.,       29P    487
1.,1.,1.,1.,1.,1.,1.,1.,1.,1.,1.,1.,1.,1.,1.,1.,1.,1.,1.,1.,1.,       29P    488
1.,1.,1.,1.,1.,1.,1.,1.,1.,1.,1.,1.,1.,1.,1.,1.,1.,1.,1.,1.,1.,       29P    489
1.,1.,1.,1.,1.,1.,1.,1.,1.,1.,1.,1.,1.,1.,1.,1.,1.,1.,1.,1.,1.,       29P    490
1.,1.,1.,1.,1.,1.,1.,1.,1.,1.,1.,1.,1.,1.,1.,1.,1.,1.,1.,1.,1.,       29P    491
1.,1.,1.,1.,1.,1.,1.,1.,1.,1.,1.,1.,1.,1.,1.,1.,1.,1.,1.,1.,1.,       29P    492
1.,1.,1.,1.,1.,1.,1.,1.,1.,1.,1.,1.,1.,1.,1.,1.,1.,1.,1.,1.,1.,       29P    493
1.,1.,1.,1.,1.,1.,1.,1.,1.,1.,1.,1.,1.,1.,1.,1.,1.,1.,1.,1.,1.,       29P    494
1.,1.,1.,1.,1.,1.,1.,1.,1.,1.,1.,1.,1.,1.,1.,1.,1.,1.,1.,1.,1.,       29P    495
1.,1.,1.,1.,1.,1.,1.,1.,1.,1.,1.,1.,1.,1.,1.,1.,1.,1.,1.,1.,1.,       29P    496
1.,1.,1.,1.,1.,1.,1.,1.,1.,1.,1.,1.,1.,1.,1.,1.,1.,1.,1.,1.,1.,       29P    497
1.,1.,1.,1.,1.,1.,1.,1.,1.,1.,1.,1.,1.,1.,1.,1.,1.,1.,1.,1.,1.,       29P    498
1.,1.,1.,1.,1.,1.,1.,1.,1.,1.,1.,1.,1.,1.,1.,1.,1.,1.,1.,1.,1.,       29P    499
1.,1.,1.,1.,1.,1.,1.,1.,1.,1.,1.,1.,1.,1.,1.,1.,1.,1.,1.,1.,1.,       29P    500
1.,1.,1.,1.,1.,1.,1.,1.,1.,1.,1.,1.,1.,1.,1.,1.,1.,1.,1.,1.,1.,       29P    501
1.,1.,1.,1.,1.,1.,1.,1.,1.,1.,1.,1.,1.,1.,1.,1.,1.,1.,1.,1.,1.,       29P    502
1.,1.,1.,1.,1.,1.,1.,1.,1.,1.,1.,1.,1.,1.,1.,1.,1.,1.,1.,1.,1.,       29P    503
1.,1.,1.,1.,1.,1.,1.,1.,1.,1.,1.,1.,1.,1.,1.,1.,1.,1.,1.,1.,1.,       29P    504
1.,1.,1.,1.,1.,1.,1.,1.,1.,1.,1.,1.,1.,1.,1.,1.,1.,1.,1.,1.,1.,       29P    505
1.,1.,1.,1.,1.,1.,1.,1.,1.,1.,1.,1.,1.,1.,1.,1.,1.,1.,1.,1.,1.,       29P    506
1.,1.,1.,1.,1.,1.,1.,1.,1.,1.,1.,1.,1.,1.,1.,1.,1.,1.,1.,1.,1.,       29P    507
1.,1.,1.,1.,1.,1.,1.,1.,1.,1.,1.,1.,1.,1.,1.,1.,1.,1.,1.,1.,1.,       29P    508
1.,1.,1.,1.,1.,1.,1.,1.,1.,1.,1.,1.,1.,1.,1.,1.,1.,1.,1.,1.,1.,       29P    509
1.,1.,1.,1.,1.,1.,1.,1.,1.,1.,1.,1.,1.,1.,1.,1.,1.,1.,1.,1.,1.,       29P    510
1.,1.,1.,1.,1.,1.,1.,1.,1.,1.,1.,1.,1.,1.,1.,1.,1.,1.,1.,1.,1.,       29P    511
1.,1.,1.,1.,1.,1.,1.,1.,1.,1.,1.,1.,1.,1.,1.,1.,1.,1.,1.,1.,1.,       29P    512
1.,1.,1.,1.,1.,1.,1.,1.,1.,1.,1.,1.,1.,1.,1.,1.,1.,1.,1.,1.,1.,       29P    513
1.,1.,1.,1.,1.,1.,1.,1.,1.,1.,1.,1.,1.,1.,1.,1.,1.,1.,1.,1.,1.,       29P    514
1.,1.,1.,1.,1.,1.,1.,1.,1.,1.,1.,1.,1.,1.,1.,1.,1.,1.,1.,1.,1.,       29P    515
1.,1.,1.,1.,1.,1.,1.,1.,1.,1.,1.,1.,1.,1.,1.,1.,1.,1.,1.,1.,1.,       29P    516
1.,1.,1.,1.,1.,1.,1.,1.,1.,1.,1.,1.,1.,1.,1.,1.,1.,1.,1.,1.,1.,       29P    517
1.,1.,1.,1.,1.,1.,1.,1.,1.,1.,1.,1.,1.,1.,1.,1.,1.,1.,1.,1.,1.,       29P    518
1.,1.,1.,1.,1.,1.,1.,1.,1.,1.,1.,1.,1.,1.,1.,1.,1.,1.,1.,1.,1.,       29P    519
1.,1.,1.,1.,1.,1.,1.,1.,1.,1.,1.,1.,1.,1.,1.,1.,1.,1.,1.,1.,1.,       29P    520
1.,1.,1.,1.,1.,1.,1.,1.,1.,1.,1.,1.,1.,1.,1.,1.,1.,1.,1.,1.,1.,       29P    521
1.,1.,1.,1.,1.,1.,1.,1.,1.,1.,1.,1.,1.,1.,1.,1.,1.,1.,1.,1.,1.,       29P    522
1.,1.,1.,1.,1.,1.,1.,1.,1.,1.,1.,1.,1.,1.,1.,1.,1.,1.,1.,1.,1.,       29P    523
1.,1.,1.,1.,1.,1.,1.,1.,1.,1.,1.,1.,1.,1.,1.,1.,1.,1.,1.,1.,1.,       29P    524
1.,1.,1.,1.,1.,1.,1.,1.,1.,1.,1.,1.,1.,1.,1.,1.,1.,1.,1.,1.,1.,       29P    525
1.,1.,1.,1.,1.,1.,1.,1.,1.,1.,1.,1.,1.,1.,1.,1.,1.,1.,1.,1.,1.,       29P    526
1.,1.,1.,1.,1.,1.,1.,1.,1.,1.,1.,1.,1.,1.,1.,1.,1.,1.,1.,1.,1.,       29P    527
1.,1.,1.,1.,1.,1.,1.,1.,1.,1.,1.,1.,1.,1.,1.,1.,1.,1.,1.,1.,1.,       29P    528
1.,1.,1.,1.,1.,1.,1.,1.,1.,1.,1.,1.,1.,1.,1.,1.,1.,1.,1.,1.,1.,       29P    529
1.,1.,1.,1.,1.,1.,1.,1.,1.,1.,1.,1.,1.,1.,1.,1.,1.,1.,1.,1.,1.,       29P    530
1.,1.,1.,1.,1.,1.,1.,1.,1.,1.,1.,1.,1.,1.,1.,1.,1.,1.,1.,1.,1.,       29P    531
1.,1.,1.,1.,1.,1.,1.,1.,1.,1.,1.,1.,1.,1.,1.,1.,1.,1.,1.,1.,1.,       29P    532
1.,1.,1.,1.,1.,1.,1.,1.,1.,1.,1.,1.,1.,1.,1.,1.,1.,1.,1.,1.,1.,       29P    533
1.,1.,1.,1.,1.,1.,1.,1.,1.,1.,1.,1.,1.,1.,1.,1.,1.,1.,1.,1.,1.,       29P    534
1.,1.,1.,1.,1.,1.,1.,1.,1.,1.,1.,1.,1.,1.,1.,1.,1.,1.,1.,1.,1.,       29P    535
1.,1.,1.,1.,1.,1.,1.,1.,1.,1.,1.,1.,1.,1.,1.,1.,1.,1.,1.,1.,1.,       29P    536
1.,1.,1.,1.,1.,1.,1.,1.,1.,1.,1.,1.,1.,1.,1.,1.,1.,1.,1.,1.,1.,       29P    537
1.,1.,1.,1.,1.,1.,1.,1.,1.,1.,1.,1.,1.,1.,1.,1.,1.,1.,1.,1.,1.,       29P    538
1.,1.,1.,1.,1.,1.,1.,1.,1.,1.,1.,1.,1.,1.,1.,1.,1.,1.,1.,1.,1.,       29P    539
1.,1.,1.,1.,1.,1.,1.,1.,1.,1.,1.,1.,1.,1.,1.,1.,1.,1.,1.,1.,1.,       29P    540
1.,1.,1.,1.,1.,1.,1.,1.,1.,1.,1.,1.,1.,1.,1.,1.,1.,1.,1.,1.,1.,       29P    541
1.,1.,1.,1.,1.,1.,1.,1.,1.,1.,1.,1.,1.,1.,1.,1.,1.,1.,1.,1.,1.,       29P    542
1.,1.,1.,1.,1.,1.,1.,1.,1.,1.,1.,1.,1.,1.,1.,1.,1.,1.,1.,1.,1.,       29P    543
1.,1.,1.,1.,1.,1.,1.,1.,1.,1.,1.,1.,1.,1.,1.,1.,1.,1.,1.,1.,1.,       29P    544
1.,1.,1.,1.,1.,1.,1.,1.,1.,1.,1.,1.,1.,1.,1.,1.,1.,1.,1.,1.,1.,       29P    545
1.,1.,1.,1.,1.,1.,1.,1.,1.,1.,1.,1.,1.,1.,1.,1.,1.,1.,1.,1.,1.,       29P    546
1.,1.,1.,1.,1.,1.,1.,1.,1.,1.,1.,1.,1.,1.,1.,1.,1.,1.,1.,1.,1.,       29P    547
1.,1.,1.,1.,1.,1.,1.,1.,1.,1.,1.,1.,1.,1.,1.,1.,1.,1.,1.,1.,1.,       29P    548
1.,1.,1.,1.,1.,1.,1.,1.,1.,1.,1.,1.,1.,1.,1.,1.,1.,1.,1.,1.,1.,       29P    549
1.,1.,1.,1.,1.,1.,1.,1.,1.,1.,1.,1.,1.,1.,1.,1.,1.,1.,1.,1.,1.,       29P    550
1.,1.,1.,1.,1.,1.,1.,1.,1.,1.,1.,1.,1.,1.,1.,1.,1.,1.,1.,1.,1.,       29P    551
1.,1.,1.,1.,1.,1.,1.,1.,1.,1.,1.,1.,1.,1.,1.,1.,1.,1.,1.,1.,1.,       29P    552
1.,1.,1.,1.,1.,1.,1.,1.,1.,1.,1.,1.,1.,1.,1.,1.,1.,1.,1.,1.,1.,       29P    553
1.,1.,1.,1.,1.,1.,1.,1.,1.,1.,1.,1.,1.,1.,1.,1.,1.,1.,1.,1.,1.,       29P    554
1.,1.,1.,1.,1.,1.,1.,1.,1.,1.,1.,1.,1.,1.,1.,1.,1.,1.,1.,1.,1.,       29P    555
1.,1.,1.,1.,1.,1.,1.,1.,1.,1.,1.,1.,1.,1.,1.,1.,1.,1.,1.,1.,1.,       29P    556
1.,1.,1.,1.,1.,1.,1.,1.,1.,1.,1.,1.,1.,1.,1.,1.,1.,1.,1.,1.,1.,       29P    557
1.,1.,1.,1.,1.,1.,1.,1.,1.,1.,1.,1.,1.,1.,1.,1.,1.,1.,1.,1.,1.,       29P    558
1.,1.,1.,1.,1.,1.,1.,1.,1.,1.,1.,1.,1.,1.,1.,1.,1.,1.,1.,1.,1.,       29P    559
1.,1.,1.,1.,1.,1.,1.,1.,1.,1.,1.,1.,1.,1.,221.122,-0.3659,            29P    560
10.443,221.121,-0.368232,10.443,221.121,-0.37166,10.443,221.124,      29P    561
-0.376115,10.443,221.127,-0.377762,10.443,221.13,-0.377591,           29P    562
10.443,221.133,-0.377041,10.443,221.135,-0.375732,10.443,             29P    563
221.136,-0.37397,10.443,221.137,-0.37364,10.443,221.137,              29P    564
-0.373009,10.443,221.137,-0.372707,10.443,221.138,-0.372117,          29P    565
10.443,221.138,-0.371829,10.443,221.142,-0.367454,10.443,             29P    566
221.145,-0.363032,10.443,221.149,-0.358326,10.443,221.15,             29P    567
-0.357442,10.443,221.155,-0.350327,10.443,221.161,-0.343145,          29P    568
10.443,221.167,-0.33599,10.443,221.175,-0.326113,10.443,221.183,      29P    569
-0.316363,10.443,221.191,-0.306571,10.443,221.202,-0.294321,          29P    570
10.443,221.212,-0.282106,10.443,221.222,-0.269983,10.443,             29P    571
221.235,-0.255403,10.443,221.248,-0.240897,10.443,221.261,            29P    572
-0.226531,10.443,221.273,-0.212473,10.443,221.286,-0.198563,          29P    573
10.443,221.299,-0.184649,10.443,221.311,-0.170756,10.443,             29P    574
221.324,-0.156647,10.443,221.338,-0.142736,10.443,221.351,            29P    575
-0.129,10.443,221.364,-0.115098,10.443,221.378,-0.101291,10.443,      29P    576
221.391,-0.0877355,10.443,221.405,-0.0739886,10.443,221.418,          29P    577
-0.0603734,10.443,221.432,-0.0469822,10.443,221.446,-0.0334796,       29P    578
10.443,221.46,-0.0200833,10.443,221.474,-0.0068685,10.443,            29P    579
221.487,0.00613477,10.443,221.501,0.0191858,10.443,221.515,           29P    580
0.0323333,10.443,221.529,0.0454452,10.443,221.543,0.0583806,          29P    581
10.443,221.545,0.0600339,10.443,221.558,0.0719611,10.443,             29P    582
221.572,0.0848541,10.443,221.586,0.0977081,10.443,221.588,            29P    583
0.0994598,10.443,221.601,0.111258,10.443,221.615,0.123731,            29P    584
10.443,221.629,0.136225,10.443,221.631,0.137713,10.443,221.631,       29P    585
0.138557,10.443,221.645,0.150314,10.443,221.658,0.162577,10.443,      29P    586
221.672,0.174762,10.443,221.674,0.176093,10.443,221.675,0.17711,      29P    587
10.443,221.688,0.18905,10.443,221.702,0.201182,10.443,221.716,        29P    588
0.213078,10.443,221.717,0.214169,10.443,221.718,0.215119,10.443,      29P    589
221.719,0.21605,10.443,221.731,0.225772,10.443,221.742,0.235339,      29P    590
10.443,221.753,0.244891,10.443,221.754,0.245705,10.443,221.755,       29P    591
0.246681,10.443,221.756,0.247787,10.443,221.765,0.255679,10.443,      29P    592
221.774,0.263483,10.443,221.783,0.271103,10.443,221.784,              29P    593
0.272054,10.443,221.786,0.27316,10.443,221.792,0.278873,10.443,       29P    594
221.799,0.284432,10.443,221.805,0.28977,10.443,221.806,0.290747,      29P    595
10.443,221.808,0.291968,10.443,221.812,0.295571,10.443,221.816,       29P    596
0.298732,10.443,221.819,0.301644,10.443,221.82,0.301938,10.443,       29P    597
221.82,0.302493,10.443,221.821,0.302754,10.443,221.821,0.303466,      29P    598
10.443,221.822,0.303916,10.443,221.823,0.304977,10.443,221.824,       29P    599
0.305589,10.443,221.825,0.306488,10.443,221.826,0.307069,10.443,      29P    600
221.826,0.307975,10.443,221.827,0.309125,10.443,221.828,              29P    601
0.310764,10.443,221.829,0.312701,10.443,221.829,0.31449,10.443,       29P    602
221.829,0.315847,10.443,221.829,0.317327,10.443,221.829,              29P    603
0.319105,10.443,221.828,0.320932,10.443,221.827,0.322384,10.443,      29P    604
221.826,0.323455,10.443,221.825,0.324408,10.443,221.823,              29P    605
0.325304,10.443,221.822,0.325776,10.443,221.821,0.326059,10.443,      29P    606
221.821,0.326139,10.443,221.82,0.326275,10.443,221.82,0.326329,       29P    607
10.443,221.819,0.326419,10.443,221.818,0.326443,10.443,221.817,       29P    608
0.326429,10.443,221.817,0.326387,10.443,221.816,0.326216,10.443,      29P    609
221.815,0.326076,10.443,221.814,0.325704,10.443,221.814,              29P    610
0.325476,10.443,221.81,0.323025,10.443,221.806,0.320673,10.443,       29P    611
221.801,0.318055,10.443,221.8,0.317385,10.443,221.799,0.316603,       29P    612
10.443,221.798,0.315773,10.443,221.79,0.311071,10.443,221.782,        29P    613
0.306349,10.443,221.775,0.301666,10.443,221.774,0.300916,10.443,      29P    614
221.772,0.300059,10.443,221.762,0.293618,10.443,221.752,              29P    615
0.287259,10.443,221.742,0.280979,10.443,221.741,0.280361,10.443,      29P    616
221.74,0.279659,10.443,221.739,0.278757,10.443,221.725,0.270195,      29P    617
10.443,221.712,0.261567,10.443,221.7,0.252991,10.443,221.699,         29P    618
0.252309,10.443,221.697,0.25136,10.443,221.681,0.240697,10.443,       29P    619
221.666,0.22987,10.443,221.65,0.21912,10.443,221.649,0.218395,        29P    620
10.443,221.648,0.217583,10.443,221.647,0.216813,10.443,221.632,       29P    621
0.205965,10.443,221.617,0.1951,10.443,221.602,0.184003,10.443,        29P    622
221.601,0.183324,10.443,221.6,0.18228,10.443,221.584,0.170834,        29P    623
10.443,221.569,0.159167,10.443,221.555,0.147661,10.443,221.554,       29P    624
0.146953,10.443,221.552,0.145877,10.443,221.537,0.133943,10.443,      29P    625
221.523,0.121812,10.443,221.508,0.109929,10.443,221.508,              29P    626
0.109247,10.443,221.506,0.108129,10.443,221.491,0.0955657,            29P    627
10.443,221.476,0.0828482,10.443,221.462,0.070358,10.443,221.461,      29P    628
0.0692149,10.443,221.447,0.0563766,10.443,221.432,0.0432864,          29P    629
10.443,221.419,0.0303495,10.443,221.417,0.02904,10.443,221.403,       29P    630
0.0155837,10.443,221.389,0.00202599,10.443,221.376,-0.0114147,        29P    631
10.443,221.375,-0.0126799,10.443,221.361,-0.0269031,10.443,           29P    632
221.347,-0.0413954,10.443,221.334,-0.0561152,10.443,221.321,          29P    633
-0.0709148,10.443,221.308,-0.0859674,10.443,221.295,-0.101203,        29P    634
10.443,221.282,-0.116534,10.443,221.27,-0.132088,10.443,221.258,      29P    635
-0.147786,10.443,221.246,-0.163592,10.443,221.234,-0.179658,          29P    636
10.443,221.223,-0.19585,10.443,221.212,-0.212187,10.443,221.201,      29P    637
-0.228728,10.443,221.19,-0.245379,10.443,221.181,-0.25949,            29P    638
10.443,221.173,-0.273873,10.443,221.158,-0.29899,10.443,221.151,      29P    639
-0.310736,10.443,221.14,-0.330822,10.443,221.133,-0.345572,           29P    640
10.443,221.125,-0.360085,10.443,221.122,-0.3659,10.443,221.105,       29P    641
-0.348832,10.4925,221.104,-0.351097,10.4925,221.104,-0.354491,        29P    642
10.4925,221.107,-0.359003,10.4925,221.11,-0.360742,10.4925,           29P    643
221.113,-0.360716,10.4925,221.116,-0.360297,10.4925,221.118,          29P    644
-0.359099,10.4925,221.119,-0.357408,10.4925,221.119,-0.357092,        29P    645
10.4925,221.12,-0.356485,10.4925,221.12,-0.356194,10.4925,            29P    646
221.121,-0.355628,10.4925,221.121,-0.355351,10.4925,221.124,          29P    647
-0.351145,10.4925,221.128,-0.346884,10.4925,221.132,-0.342347,        29P    648
10.4925,221.133,-0.341495,10.4925,221.139,-0.334637,10.4925,          29P    649
221.145,-0.327713,10.4925,221.151,-0.320822,10.4925,221.16,           29P    650
-0.311309,10.4925,221.168,-0.301932,10.4925,221.177,-0.292523,        29P    651
10.4925,221.188,-0.280751,10.4925,221.198,-0.269026,10.4925,          29P    652
221.209,-0.257405,10.4925,221.222,-0.243429,10.4925,221.236,          29P    653
-0.229546,10.4925,221.249,-0.21584,10.4925,221.262,-0.20243,          29P    654
10.4925,221.276,-0.189202,10.4925,221.289,-0.175998,10.4925,          29P    655
221.302,-0.162815,10.4925,221.316,-0.149458,10.4925,221.33,           29P    656
-0.13633,10.4925,221.343,-0.123369,10.4925,221.357,-0.110207,         29P    657
10.4925,221.371,-0.0971615,10.4925,221.385,-0.0843566,10.4925,        29P    658
221.399,-0.0713633,10.4925,221.414,-0.0585458,10.4925,221.428,        29P    659
-0.0459449,10.4925,221.443,-0.0332651,10.4925,221.457,                29P    660
-0.0207052,10.4925,221.472,-0.00831771,10.4925,221.486,               29P    661
0.00389858,10.4925,221.501,0.0161226,10.4925,221.515,0.0284319,       29P    662
10.4925,221.53,0.0406643,10.4925,221.545,0.0527174,10.4925,           29P    663
221.547,0.0542579,10.4925,221.56,0.06537,10.4925,221.575,             29P    664
0.0773724,10.4925,221.59,0.0892877,10.4925,221.592,0.0909106,         29P    665
10.4925,221.605,0.101839,10.4925,221.62,0.113341,10.4925,             29P    666
221.634,0.124859,10.4925,221.636,0.126231,10.4925,221.637,            29P    667
0.12701,10.4925,221.651,0.137848,10.4925,221.665,0.149166,            29P    668
10.4925,221.679,0.160385,10.4925,221.681,0.161611,10.4925,            29P    669
221.682,0.162546,10.4925,221.696,0.173534,10.4925,221.711,            29P    670
0.184665,10.4925,221.725,0.195594,10.4925,221.727,0.196597,           29P    671
10.4925,221.728,0.19747,10.4925,221.729,0.198326,10.4925,             29P    672
221.741,0.207262,10.4925,221.752,0.216034,10.4925,221.764,            29P    673
0.224755,10.4925,221.765,0.225497,10.4925,221.766,0.226388,           29P    674
10.4925,221.768,0.227398,10.4925,221.777,0.234594,10.4925,            29P    675
221.787,0.241686,10.4925,221.796,0.248615,10.4925,221.797,            29P    676
0.249481,10.4925,221.799,0.250486,10.4925,221.806,0.255684,           29P    677
10.4925,221.813,0.260746,10.4925,221.819,0.265601,10.4925,            29P    678
221.821,0.266489,10.4925,221.822,0.2676,10.4925,221.827,              29P    679
0.270874,10.4925,221.83,0.273743,10.4925,221.834,0.276384,            29P    680
10.4925,221.834,0.27665,10.4925,221.835,0.277153,10.4925,             29P    681
221.835,0.277391,10.4925,221.836,0.278036,10.4925,221.837,            29P    682
0.278438,10.4925,221.838,0.279372,10.4925,221.839,0.279956,           29P    683
10.4925,221.84,0.280871,10.4925,221.841,0.281461,10.4925,             29P    684
221.841,0.282381,10.4925,221.842,0.283546,10.4925,221.843,            29P    685
0.285205,10.4925,221.844,0.287167,10.4925,221.844,0.288962,           29P    686
10.4925,221.844,0.290316,10.4925,221.844,0.291787,10.4925,            29P    687
221.843,0.293545,10.4925,221.842,0.29534,10.4925,221.841,             29P    688
0.296773,10.4925,221.84,0.29783,10.4925,221.839,0.298771,             29P    689
10.4925,221.838,0.299655,10.4925,221.836,0.300115,10.4925,            29P    690
221.836,0.300389,10.4925,221.835,0.300466,10.4925,221.835,            29P    691
0.300597,10.4925,221.834,0.300649,10.4925,221.833,0.300734,           29P    692
10.4925,221.833,0.300755,10.4925,221.832,0.300737,10.4925,            29P    693
221.831,0.300693,10.4925,221.83,0.300521,10.4925,221.83,              29P    694
0.300377,10.4925,221.829,0.299989,10.4925,221.828,0.299775,           29P    695
10.4925,221.824,0.297653,10.4925,221.82,0.295613,10.4925,             29P    696
221.815,0.293342,10.4925,221.814,0.292761,10.4925,221.813,            29P    697
0.292082,10.4925,221.812,0.291361,10.4925,221.804,0.287279,           29P    698
10.4925,221.796,0.283174,10.4925,221.788,0.279097,10.4925,            29P    699
221.787,0.278445,10.4925,221.785,0.277699,10.4925,221.775,            29P    700
0.272088,10.4925,221.764,0.266529,10.4925,221.754,0.261008,           29P    701
10.4925,221.753,0.260465,10.4925,221.752,0.259847,10.4925,            29P    702
221.75,0.259054,10.4925,221.737,0.251513,10.4925,221.723,             29P    703
0.243859,10.4925,221.71,0.23622,10.4925,221.709,0.235613,             29P    704
10.4925,221.707,0.234767,10.4925,221.691,0.225264,10.4925,            29P    705
221.675,0.215572,10.4925,221.659,0.205891,10.4925,221.658,            29P    706
0.205238,10.4925,221.657,0.204506,10.4925,221.656,0.203812,           29P    707
10.4925,221.64,0.194032,10.4925,221.624,0.184181,10.4925,             29P    708
221.609,0.174069,10.4925,221.608,0.173451,10.4925,221.606,            29P    709
0.172499,10.4925,221.59,0.162062,10.4925,221.575,0.151374,            29P    710
10.4925,221.559,0.140805,10.4925,221.559,0.140154,10.4925,            29P    711
221.557,0.139166,10.4925,221.541,0.1282,10.4925,221.526,              29P    712
0.117023,10.4925,221.511,0.106012,10.4925,221.51,0.10538,             29P    713
10.4925,221.509,0.104343,10.4925,221.493,0.0926925,10.4925,           29P    714
221.478,0.0808295,10.4925,221.463,0.0691748,10.4925,221.462,          29P    715
0.0681082,10.4925,221.447,0.0561128,10.4925,221.432,0.0438921,        29P    716
10.4925,221.418,0.0317364,10.4925,221.416,0.0305056,10.4925,          29P    717
221.401,0.0178509,10.4925,221.387,0.00504855,10.4925,221.373,         29P    718
-0.00767555,10.4925,221.372,-0.00887342,10.4925,221.357,              29P    719
-0.0223423,10.4925,221.343,-0.036051,10.4925,221.329,-0.050049,       29P    720
10.4925,221.315,-0.0641282,10.4925,221.302,-0.0784753,10.4925,        29P    721
221.288,-0.0930463,10.4925,221.275,-0.107713,10.4925,221.262,         29P    722
-0.122596,10.4925,221.25,-0.137679,10.4925,221.237,-0.152869,         29P    723
10.4925,221.225,-0.168326,10.4925,221.213,-0.183941,10.4925,          29P    724
221.201,-0.199697,10.4925,221.189,-0.215648,10.4925,221.178,          29P    725
-0.231676,10.4925,221.169,-0.245258,10.4925,221.159,-0.259148,        29P    726
10.4925,221.144,-0.283508,10.4925,221.137,-0.294939,10.4925,          29P    727
221.125,-0.314512,10.4925,221.116,-0.328898,10.4925,221.108,          29P    728
-0.34313,10.4925,221.105,-0.348832,10.4925,221.073,-0.314962,         29P    729
10.6112,221.071,-0.317104,10.6112,221.071,-0.320441,10.6112,          29P    730
221.073,-0.325086,10.6112,221.076,-0.327019,10.6112,221.079,          29P    731
-0.327278,10.6112,221.082,-0.327112,10.6112,221.084,-0.326131,        29P    732
10.6112,221.085,-0.324579,10.6112,221.086,-0.324288,10.6112,          29P    733
221.086,-0.32373,10.6112,221.086,-0.323463,10.6112,221.087,           29P    734
-0.322941,10.6112,221.087,-0.322686,10.6112,221.091,-0.318811,        29P    735
10.6112,221.095,-0.314867,10.6112,221.1,-0.310667,10.6112,221.1,      29P    736
-0.309879,10.6112,221.107,-0.30353,10.6112,221.114,-0.29712,          29P    737
10.6112,221.12,-0.290755,10.6112,221.13,-0.281972,10.6112,            29P    738
221.139,-0.273338,10.6112,221.148,-0.264695,10.6112,221.16,           29P    739
-0.253883,10.6112,221.172,-0.243148,10.6112,221.184,-0.232537,        29P    740
10.6112,221.198,-0.219776,10.6112,221.213,-0.207135,10.6112,          29P    741
221.227,-0.194735,10.6112,221.241,-0.182606,10.6112,221.256,          29P    742
-0.170718,10.6112,221.27,-0.158909,10.6112,221.285,-0.147122,         29P    743
10.6112,221.299,-0.135234,10.6112,221.314,-0.123639,10.6112,          29P    744
221.329,-0.112198,10.6112,221.344,-0.100495,10.6112,221.359,          29P    745
-0.0889521,10.6112,221.374,-0.0776272,10.6112,221.39,-0.0661279,      29P    746
10.6112,221.405,-0.0548845,10.6112,221.421,-0.0438422,10.6112,        29P    747
221.437,-0.0327969,10.6112,221.452,-0.0218897,10.6112,221.468,        29P    748
-0.0111357,10.6112,221.484,-0.000492866,10.6112,221.5,0.0100835,      29P    749
10.6112,221.516,0.0207234,10.6112,221.532,0.0312132,10.6112,          29P    750
221.548,0.0415197,10.6112,221.55,0.0428366,10.6112,221.564,           29P    751
0.0523352,10.6112,221.58,0.0625753,10.6112,221.596,0.0726398,         29P    752
10.6112,221.599,0.0740087,10.6112,221.613,0.083223,10.6112,           29P    753
221.629,0.0928196,10.6112,221.645,0.102419,10.6112,221.646,           29P    754
0.103562,10.6112,221.647,0.10421,10.6112,221.662,0.113243,            29P    755
10.6112,221.678,0.122693,10.6112,221.694,0.132004,10.6112,            29P    756
221.695,0.13302,10.6112,221.697,0.133796,10.6112,221.712,             29P    757
0.142903,10.6112,221.728,0.152063,10.6112,221.744,0.161077,           29P    758
10.6112,221.745,0.161903,10.6112,221.747,0.162624,10.6112,            29P    759
221.748,0.16333,10.6112,221.761,0.170704,10.6112,221.774,             29P    760
0.177895,10.6112,221.786,0.184975,10.6112,221.787,0.185577,           29P    761
10.6112,221.789,0.1863,10.6112,221.79,0.187118,10.6112,221.801,       29P    762
0.192943,10.6112,221.811,0.198636,10.6112,221.821,0.204207,           29P    763
10.6112,221.823,0.204903,10.6112,221.824,0.205712,10.6112,            29P    764
221.832,0.209899,10.6112,221.839,0.213982,10.6112,221.847,            29P    765
0.217882,10.6112,221.848,0.218596,10.6112,221.85,0.219487,            29P    766
10.6112,221.855,0.222108,10.6112,221.859,0.224398,10.6112,            29P    767
221.863,0.226504,10.6112,221.863,0.226716,10.6112,221.864,            29P    768
0.227117,10.6112,221.864,0.227306,10.6112,221.865,0.227821,           29P    769
10.6112,221.866,0.228136,10.6112,221.867,0.228851,10.6112,            29P    770
221.868,0.22939,10.6112,221.869,0.230331,10.6112,221.87,              29P    771
0.230938,10.6112,221.871,0.231884,10.6112,221.871,0.233081,           29P    772
10.6112,221.872,0.234783,10.6112,221.873,0.236792,10.6112,            29P    773
221.873,0.238595,10.6112,221.873,0.239942,10.6112,221.872,            29P    774
0.241394,10.6112,221.872,0.243116,10.6112,221.871,0.244848,           29P    775
10.6112,221.87,0.24624,10.6112,221.869,0.24727,10.6112,221.868,       29P    776
0.248187,10.6112,221.866,0.249045,10.6112,221.865,0.249478,           29P    777
10.6112,221.864,0.249733,10.6112,221.864,0.249805,10.6112,            29P    778
221.863,0.249925,10.6112,221.863,0.249972,10.6112,221.862,            29P    779
0.250047,10.6112,221.861,0.250063,10.6112,221.86,0.250039,            29P    780
10.6112,221.86,0.249993,10.6112,221.859,0.249817,10.6112,             29P    781
221.858,0.249665,10.6112,221.857,0.249259,10.6112,221.857,            29P    782
0.249077,10.6112,221.852,0.247611,10.6112,221.848,0.246195,           29P    783
10.6112,221.843,0.244613,10.6112,221.842,0.244208,10.6112,            29P    784
221.84,0.243734,10.6112,221.839,0.243231,10.6112,221.83,              29P    785
0.240382,10.6112,221.822,0.237508,10.6112,221.814,0.234634,           29P    786
10.6112,221.812,0.234173,10.6112,221.811,0.233646,10.6112,            29P    787
221.799,0.22968,10.6112,221.788,0.225701,10.6112,221.777,             29P    788
0.221683,10.6112,221.776,0.221287,10.6112,221.775,0.220836,           29P    789
10.6112,221.773,0.220257,10.6112,221.759,0.214739,10.6112,            29P    790
221.744,0.209024,10.6112,221.73,0.203253,10.6112,221.729,             29P    791
0.202794,10.6112,221.727,0.202154,10.6112,221.71,0.194958,            29P    792
10.6112,221.692,0.187519,10.6112,221.675,0.179961,10.6112,            29P    793
221.674,0.17945,10.6112,221.673,0.178878,10.6112,221.672,             29P    794
0.178335,10.6112,221.655,0.170673,10.6112,221.638,0.162831,           29P    795
10.6112,221.622,0.154678,10.6112,221.621,0.154179,10.6112,            29P    796
221.619,0.153411,10.6112,221.602,0.144979,10.6112,221.585,            29P    797
0.13624,10.6112,221.569,0.127534,10.6112,221.568,0.126998,            29P    798
10.6112,221.566,0.126183,10.6112,221.549,0.117138,10.6112,            29P    799
221.533,0.107851,10.6112,221.517,0.0985691,10.6112,221.516,           29P    800
0.098036,10.6112,221.515,0.0971615,10.6112,221.498,0.0873146,         29P    801
10.6112,221.481,0.077148,10.6112,221.465,0.0671481,10.6112,           29P    802
221.464,0.066233,10.6112,221.448,0.0559011,10.6112,221.432,           29P    803
0.0453973,10.6112,221.416,0.0347881,10.6112,221.414,0.0337131,        29P    804
10.6112,221.398,0.022646,10.6112,221.383,0.0113435,10.6112,           29P    805
221.368,3.75124E-05,10.6112,221.367,-0.00102714,10.6112,221.351,      29P    806
-0.0130037,10.6112,221.335,-0.02517,10.6112,221.32,-0.0377451,        29P    807
10.6112,221.305,-0.0504034,10.6112,221.29,-0.0633586,10.6112,         29P    808
221.276,-0.0766224,10.6112,221.261,-0.0899799,10.6112,221.247,        29P    809
-0.103547,10.6112,221.233,-0.117422,10.6112,221.219,-0.13138,         29P    810
10.6112,221.206,-0.145638,10.6112,221.193,-0.160113,10.6112,          29P    811
221.179,-0.174728,10.6112,221.167,-0.18955,10.6112,221.154,           29P    812
-0.204383,10.6112,221.144,-0.21695,10.6112,221.133,-0.229902,         29P    813
10.6112,221.116,-0.252775,10.6112,221.108,-0.263585,10.6112,          29P    814
221.095,-0.282141,10.6112,221.085,-0.295806,10.6112,221.076,          29P    815
-0.30948,10.6112,221.073,-0.314962,10.6112,221.055,-0.288059,         29P    816
10.8075,221.053,-0.290111,10.8075,221.053,-0.293444,10.8075,          29P    817
221.055,-0.298226,10.8075,221.057,-0.300319,10.8075,221.06,           29P    818
-0.300839,10.8075,221.063,-0.300904,10.8075,221.065,-0.300108,        29P    819
10.8075,221.067,-0.298614,10.8075,221.067,-0.298334,10.8075,          29P    820
221.068,-0.297802,10.8075,221.068,-0.297548,10.8075,221.069,          29P    821
-0.297051,10.8075,221.069,-0.296809,10.8075,221.073,-0.293127,        29P    822
10.8075,221.077,-0.289411,10.8075,221.082,-0.285481,10.8075,          29P    823
221.083,-0.284744,10.8075,221.09,-0.278812,10.8075,221.097,           29P    824
-0.272869,10.8075,221.104,-0.266911,10.8075,221.113,-0.258682,        29P    825
10.8075,221.123,-0.250498,10.8075,221.133,-0.242398,10.8075,          29P    826
221.145,-0.232273,10.8075,221.158,-0.22234,10.8075,221.17,            29P    827
-0.212484,10.8075,221.185,-0.200632,10.8075,221.201,-0.188894,        29P    828
10.8075,221.216,-0.177388,10.8075,221.231,-0.166135,10.8075,          29P    829
221.246,-0.155116,10.8075,221.261,-0.144265,10.8075,221.276,          29P    830
-0.133438,10.8075,221.292,-0.122633,10.8075,221.307,-0.111916,        29P    831
10.8075,221.323,-0.101328,10.8075,221.338,-0.0909595,10.8075,         29P    832
221.355,-0.0805501,10.8075,221.37,-0.0703193,10.8075,221.386,         29P    833
-0.0603909,10.8075,221.403,-0.0504043,10.8075,221.419,                29P    834
-0.0405608,10.8075,221.435,-0.0308076,10.8075,221.452,                29P    835
-0.0211425,10.8075,221.468,-0.0116075,10.8075,221.484,                29P    836
-0.00240467,10.8075,221.501,0.00672855,10.8075,221.517,               29P    837
0.0159182,10.8075,221.533,0.0249962,10.8075,221.55,0.0338467,         29P    838
10.8075,221.552,0.0349764,10.8075,221.567,0.0431225,10.8075,          29P    839
221.584,0.0518279,10.8075,221.601,0.0604877,10.8075,221.603,          29P    840
0.0616676,10.8075,221.619,0.0696146,10.8075,221.635,0.0780117,        29P    841
10.8075,221.652,0.0863284,10.8075,221.654,0.0873177,10.8075,          29P    842
221.655,0.0878786,10.8075,221.671,0.095686,10.8075,221.688,           29P    843
0.10361,10.8075,221.704,0.111392,10.8075,221.706,0.112242,            29P    844
10.8075,221.707,0.11289,10.8075,221.724,0.1205,10.8075,221.74,        29P    845
0.128149,10.8075,221.756,0.135533,10.8075,221.758,0.136209,           29P    846
10.8075,221.759,0.136798,10.8075,221.76,0.137374,10.8075,             29P    847
221.774,0.143389,10.8075,221.787,0.149249,10.8075,221.8,              29P    848
0.155015,10.8075,221.801,0.155506,10.8075,221.803,0.156094,           29P    849
10.8075,221.804,0.15676,10.8075,221.815,0.161505,10.8075,             29P    850
221.826,0.166135,10.8075,221.837,0.170598,10.8075,221.838,            29P    851
0.171155,10.8075,221.84,0.171801,10.8075,221.848,0.175109,            29P    852
10.8075,221.856,0.17833,10.8075,221.863,0.181428,10.8075,             29P    853
221.865,0.181995,10.8075,221.866,0.182705,10.8075,221.872,            29P    854
0.184819,10.8075,221.876,0.186663,10.8075,221.88,0.188353,            29P    855
10.8075,221.881,0.188523,10.8075,221.881,0.188845,10.8075,            29P    856
221.882,0.188997,10.8075,221.883,0.189407,10.8075,221.883,            29P    857
0.189731,10.8075,221.885,0.190666,10.8075,221.885,0.191297,           29P    858
10.8075,221.886,0.192371,10.8075,221.887,0.193049,10.8075,            29P    859
221.888,0.194076,10.8075,221.888,0.195353,10.8075,221.889,            29P    860
0.19714,10.8075,221.889,0.199184,10.8075,221.889,0.200984,            29P    861
10.8075,221.889,0.202313,10.8075,221.889,0.203728,10.8075,            29P    862
221.888,0.205379,10.8075,221.887,0.207062,10.8075,221.886,            29P    863
0.208374,10.8075,221.884,0.209316,10.8075,221.883,0.210125,           29P    864
10.8075,221.882,0.210835,10.8075,221.88,0.211188,10.8075,             29P    865
221.879,0.21138,10.8075,221.879,0.21143,10.8075,221.878,              29P    866
0.211505,10.8075,221.878,0.211528,10.8075,221.877,0.211547,           29P    867
10.8075,221.877,0.211529,10.8075,221.876,0.211433,10.8075,            29P    868
221.875,0.211351,10.8075,221.874,0.211108,10.8075,221.874,            29P    869
0.211012,10.8075,221.873,0.210837,10.8075,221.872,0.210737,           29P    870
10.8075,221.868,0.209797,10.8075,221.863,0.208896,10.8075,            29P    871
221.858,0.207891,10.8075,221.857,0.207634,10.8075,221.856,            29P    872
0.207334,10.8075,221.854,0.207015,10.8075,221.845,0.205208,           29P    873
10.8075,221.837,0.203375,10.8075,221.828,0.201471,10.8075,            29P    874
221.827,0.201165,10.8075,221.825,0.200813,10.8075,221.814,            29P    875
0.198151,10.8075,221.802,0.195343,10.8075,221.791,0.192496,           29P    876
10.8075,221.79,0.192215,10.8075,221.789,0.191896,10.8075,             29P    877
221.787,0.191485,10.8075,221.772,0.187576,10.8075,221.757,            29P    878
0.18352,10.8075,221.742,0.179288,10.8075,221.741,0.178951,            29P    879
10.8075,221.74,0.17848,10.8075,221.721,0.173175,10.8075,221.703,      29P    880
0.167478,10.8075,221.686,0.161624,10.8075,221.685,0.161229,           29P    881
10.8075,221.684,0.160785,10.8075,221.682,0.160364,10.8075,            29P    882
221.665,0.154423,10.8075,221.647,0.148277,10.8075,221.63,             29P    883
0.141769,10.8075,221.629,0.141371,10.8075,221.628,0.140757,           29P    884
10.8075,221.61,0.134008,10.8075,221.592,0.12689,10.8075,221.576,      29P    885
0.119643,10.8075,221.575,0.119196,10.8075,221.573,0.118516,           29P    886
10.8075,221.556,0.110967,10.8075,221.538,0.103058,10.8075,            29P    887
221.522,0.0951851,10.8075,221.521,0.0947331,10.8075,221.519,          29P    888
0.0939915,10.8075,221.502,0.0856693,10.8075,221.484,0.0770797,        29P    889
10.8075,221.468,0.0683856,10.8075,221.466,0.0675888,10.8075,          29P    890
221.45,0.0589125,10.8075,221.433,0.0495362,10.8075,221.417,           29P    891
0.0402583,10.8075,221.416,0.0393191,10.8075,221.399,0.0296693,        29P    892
10.8075,221.383,0.0194122,10.8075,221.367,0.00936301,10.8075,         29P    893
221.366,0.00841755,10.8075,221.349,-0.00220013,10.8075,221.333,       29P    894
-0.0136738,10.8075,221.317,-0.0250739,10.8075,221.301,                29P    895
-0.0365198,10.8075,221.285,-0.0487024,10.8075,221.27,-0.0608555,      29P    896
10.8075,221.255,-0.073074,10.8075,221.24,-0.0860752,10.8075,          29P    897
221.225,-0.0989603,10.8075,221.211,-0.112021,10.8075,221.196,         29P    898
-0.125717,10.8075,221.182,-0.139376,10.8075,221.168,-0.153129,        29P    899
10.8075,221.154,-0.167407,10.8075,221.141,-0.181841,10.8075,          29P    900
221.13,-0.194074,10.8075,221.119,-0.206483,10.8075,221.101,           29P    901
-0.228497,10.8075,221.092,-0.238836,10.8075,221.078,-0.256568,        29P    902
10.8075,221.068,-0.26962,10.8075,221.059,-0.282763,10.8075,           29P    903
221.055,-0.288059,10.8075,221.05,-0.281272,11.0165,221.049,           29P    904
-0.283429,11.0165,221.048,-0.286854,11.0165,221.05,-0.291902,         29P    905
11.0165,221.053,-0.294173,11.0165,221.056,-0.294681,11.0165,          29P    906
221.059,-0.29471,11.0165,221.061,-0.293856,11.0165,221.063,           29P    907
-0.292435,11.0165,221.063,-0.292167,11.0165,221.064,-0.291644,        29P    908
11.0165,221.064,-0.291395,11.0165,221.065,-0.290907,11.0165,          29P    909
221.065,-0.290669,11.0165,221.069,-0.28705,11.0165,221.073,           29P    910
-0.283405,11.0165,221.078,-0.27954,11.0165,221.079,-0.278814,         29P    911
11.0165,221.086,-0.272978,11.0165,221.093,-0.267124,11.0165,          29P    912
221.1,-0.261327,11.0165,221.11,-0.253331,11.0165,221.12,              29P    913
-0.245505,11.0165,221.13,-0.237728,11.0165,221.142,-0.228007,         29P    914
11.0165,221.154,-0.218491,11.0165,221.167,-0.209092,11.0165,          29P    915
221.181,-0.197783,11.0165,221.197,-0.186435,11.0165,221.212,          29P    916
-0.175269,11.0165,221.227,-0.164345,11.0165,221.243,-0.153611,        29P    917
11.0165,221.258,-0.142992,11.0165,221.273,-0.132394,11.0165,          29P    918
221.289,-0.121693,11.0165,221.305,-0.111327,11.0165,221.321,          29P    919
-0.101104,11.0165,221.337,-0.0907307,11.0165,221.354,-0.0805642,      29P    920
11.0165,221.37,-0.0705954,11.0165,221.386,-0.0605595,11.0165,         29P    921
221.403,-0.0507583,11.0165,221.419,-0.0411329,11.0165,221.435,        29P    922
-0.0317316,11.0165,221.452,-0.022371,11.0165,221.469,-0.0131285,      29P    923
11.0165,221.485,-0.00421594,11.0165,221.502,0.00462819,11.0165,       29P    924
221.518,0.0135269,11.0165,221.535,0.0223176,11.0165,221.552,          29P    925
0.0309442,11.0165,221.554,0.0320462,11.0165,221.569,0.0399946,        29P    926
11.0165,221.586,0.0485507,11.0165,221.603,0.0569395,11.0165,          29P    927
221.606,0.0580802,11.0165,221.621,0.0657576,11.0165,221.638,          29P    928
0.0737332,11.0165,221.654,0.0816685,11.0165,221.656,0.0826131,        29P    929
11.0165,221.658,0.0831488,11.0165,221.673,0.0906082,11.0165,          29P    930
221.69,0.0982969,11.0165,221.707,0.105841,11.0165,221.708,            29P    931
0.106664,11.0165,221.71,0.107292,11.0165,221.726,0.114666,            29P    932
11.0165,221.743,0.122088,11.0165,221.759,0.129208,11.0165,            29P    933
221.761,0.12986,11.0165,221.762,0.130427,11.0165,221.763,             29P    934
0.130983,11.0165,221.777,0.136759,11.0165,221.79,0.142348,            29P    935
11.0165,221.803,0.147899,11.0165,221.805,0.148372,11.0165,            29P    936
221.806,0.148939,11.0165,221.808,0.149582,11.0165,221.819,            29P    937
0.154161,11.0165,221.829,0.15867,11.0165,221.84,0.163051,             29P    938
11.0165,221.842,0.163598,11.0165,221.843,0.164233,11.0165,            29P    939
221.851,0.167605,11.0165,221.859,0.170792,11.0165,221.867,            29P    940
0.173807,11.0165,221.868,0.174357,11.0165,221.87,0.175043,            29P    941
11.0165,221.875,0.176994,11.0165,221.88,0.178721,11.0165,             29P    942
221.884,0.180322,11.0165,221.884,0.180483,11.0165,221.885,            29P    943
0.180789,11.0165,221.885,0.180932,11.0165,221.886,0.181332,           29P    944
11.0165,221.887,0.181693,11.0165,221.888,0.18264,11.0165,             29P    945
221.889,0.183268,11.0165,221.89,0.184167,11.0165,221.891,             29P    946
0.18477,11.0165,221.891,0.185748,11.0165,221.892,0.187002,            29P    947
11.0165,221.893,0.188785,11.0165,221.893,0.190786,11.0165,            29P    948
221.893,0.192569,11.0165,221.893,0.193896,11.0165,221.893,            29P    949
0.195327,11.0165,221.892,0.197034,11.0165,221.891,0.198688,           29P    950
11.0165,221.89,0.200036,11.0165,221.889,0.201038,11.0165,             29P    951
221.887,0.20193,11.0165,221.886,0.202746,11.0165,221.885,             29P    952
0.203101,11.0165,221.884,0.203312,11.0165,221.883,0.203371,           29P    953
11.0165,221.883,0.203471,11.0165,221.883,0.203511,11.0165,            29P    954
221.882,0.203578,11.0165,221.881,0.203595,11.0165,221.881,            29P    955
0.203588,11.0165,221.88,0.203547,11.0165,221.879,0.203381,            29P    956
11.0165,221.878,0.203225,11.0165,221.877,0.202971,11.0165,            29P    957
221.876,0.202879,11.0165,221.872,0.20213,11.0165,221.867,             29P    958
0.20136,11.0165,221.863,0.20049,11.0165,221.861,0.200267,             29P    959
11.0165,221.86,0.200006,11.0165,221.858,0.199728,11.0165,             29P    960
221.849,0.198153,11.0165,221.841,0.196564,11.0165,221.832,            29P    961
0.194885,11.0165,221.831,0.194615,11.0165,221.829,0.194302,           29P    962
11.0165,221.817,0.191929,11.0165,221.806,0.189393,11.0165,            29P    963
221.795,0.186812,11.0165,221.794,0.186558,11.0165,221.792,            29P    964
0.186268,11.0165,221.791,0.185895,11.0165,221.775,0.182341,           29P    965
11.0165,221.76,0.178646,11.0165,221.746,0.174808,11.0165,             29P    966
221.745,0.174502,11.0165,221.743,0.174074,11.0165,221.725,            29P    967
0.16925,11.0165,221.707,0.164102,11.0165,221.689,0.158661,            29P    968
11.0165,221.688,0.158293,11.0165,221.686,0.15788,11.0165,             29P    969
221.685,0.157486,11.0165,221.667,0.151916,11.0165,221.65,             29P    970
0.146038,11.0165,221.633,0.139862,11.0165,221.632,0.139484,           29P    971
11.0165,221.63,0.138902,11.0165,221.612,0.132505,11.0165,             29P    972
221.595,0.125807,11.0165,221.577,0.118989,11.0165,221.576,            29P    973
0.118568,11.0165,221.575,0.117928,11.0165,221.557,0.110808,           29P    974
11.0165,221.54,0.103354,11.0165,221.523,0.0957687,11.0165,            29P    975
221.522,0.0953329,11.0165,221.521,0.0946174,11.0165,221.503,          29P    976
0.0864848,11.0165,221.485,0.0780145,11.0165,221.469,0.0696157,        29P    977
11.0165,221.467,0.0688475,11.0165,221.45,0.060044,11.0165,            29P    978
221.433,0.0511268,11.0165,221.416,0.0420042,11.0165,221.415,          29P    979
0.0410794,11.0165,221.398,0.0315483,11.0165,221.381,0.0217492,        29P    980
11.0165,221.366,0.0118002,11.0165,221.364,0.0108629,11.0165,          29P    981
221.347,0.000308975,11.0165,221.331,-0.0105015,11.0165,221.315,       29P    982
-0.0217923,11.0165,221.299,-0.0331556,11.0165,221.283,                29P    983
-0.0448395,11.0165,221.268,-0.0569567,11.0165,221.252,                29P    984
-0.0691663,11.0165,221.237,-0.081652,11.0165,221.223,-0.0944863,      29P    985
11.0165,221.208,-0.107079,11.0165,221.194,-0.120261,11.0165,          29P    986
221.18,-0.133685,11.0165,221.166,-0.147304,11.0165,221.152,           29P    987
-0.161615,11.0165,221.138,-0.175835,11.0165,221.127,-0.187879,        29P    988
11.0165,221.116,-0.200472,11.0165,221.097,-0.222058,11.0165,          29P    989
221.088,-0.232296,11.0165,221.074,-0.249874,11.0165,221.064,          29P    990
-0.262819,11.0165,221.054,-0.275976,11.0165,221.05,-0.281272,         29P    991
11.0165,221.049,-0.281078,11.2177,221.047,-0.283223,11.2177,          29P    992
221.047,-0.286679,11.2177,221.049,-0.291702,11.2177,221.052,          29P    993
-0.293935,11.2177,221.055,-0.294504,11.2177,221.058,-0.294589,        29P    994
11.2177,221.06,-0.293757,11.2177,221.062,-0.292179,11.2177,           29P    995
221.062,-0.291893,11.2177,221.063,-0.291374,11.2177,221.063,          29P    996
-0.291126,11.2177,221.064,-0.290644,11.2177,221.064,-0.290409,        29P    997
11.2177,221.069,-0.286842,11.2177,221.073,-0.283263,11.2177,          29P    998
221.078,-0.279461,11.2177,221.078,-0.278747,11.2177,221.085,          29P    999
-0.272999,11.2177,221.092,-0.267205,11.2177,221.099,-0.261529,        29P   1000
11.2177,221.109,-0.253703,11.2177,221.119,-0.246141,11.2177,          29P   1001
221.129,-0.238502,11.2177,221.141,-0.228931,11.2177,221.154,          29P   1002
-0.219142,11.2177,221.166,-0.209543,11.2177,221.182,-0.198007,        29P   1003
11.2177,221.197,-0.186741,11.2177,221.213,-0.175625,11.2177,          29P   1004
221.228,-0.164748,11.2177,221.243,-0.154011,11.2177,221.259,          29P   1005
-0.143436,11.2177,221.274,-0.132884,11.2177,221.29,-0.122306,         29P   1006
11.2177,221.306,-0.111944,11.2177,221.322,-0.101717,11.2177,          29P   1007
221.338,-0.0913936,11.2177,221.355,-0.0812334,11.2177,221.371,        29P   1008
-0.0712666,11.2177,221.387,-0.0614329,11.2177,221.404,                29P   1009
-0.0517252,11.2177,221.421,-0.0421779,11.2177,221.437,                29P   1010
-0.0328167,11.2177,221.454,-0.0234739,11.2177,221.47,-0.0142466,      29P   1011
11.2177,221.487,-0.00534524,11.2177,221.503,0.00348446,11.2177,       29P   1012
221.52,0.0123682,11.2177,221.537,0.0211396,11.2177,221.554,           29P   1013
0.0297355,11.2177,221.556,0.0308334,11.2177,221.571,0.0387522,        29P   1014
11.2177,221.588,0.0472599,11.2177,221.605,0.055659,11.2177,           29P   1015
221.607,0.0568022,11.2177,221.623,0.0644973,11.2177,221.64,           29P   1016
0.0725583,11.2177,221.657,0.0806045,11.2177,221.659,0.0815625,        29P   1017
11.2177,221.66,0.082106,11.2177,221.676,0.0896734,11.2177,            29P   1018
221.692,0.0974989,11.2177,221.709,0.10505,11.2177,221.711,            29P   1019
0.105873,11.2177,221.712,0.1065,11.2177,221.728,0.113854,             29P   1020
11.2177,221.745,0.121259,11.2177,221.762,0.12848,11.2177,             29P   1021
221.763,0.129142,11.2177,221.765,0.129718,11.2177,221.766,            29P   1022
0.130281,11.2177,221.78,0.136176,11.2177,221.793,0.141978,            29P   1023
11.2177,221.806,0.147622,11.2177,221.807,0.148102,11.2177,            29P   1024
221.809,0.148677,11.2177,221.81,0.149326,11.2177,221.821,             29P   1025
0.153886,11.2177,221.832,0.15836,11.2177,221.843,0.162726,            29P   1026
11.2177,221.844,0.163272,11.2177,221.846,0.163905,11.2177,            29P   1027
221.854,0.167136,11.2177,221.862,0.170316,11.2177,221.87,             29P   1028
0.173339,11.2177,221.871,0.173892,11.2177,221.873,0.174589,           29P   1029
11.2177,221.878,0.176614,11.2177,221.882,0.178244,11.2177,            29P   1030
221.886,0.179821,11.2177,221.887,0.179981,11.2177,221.887,            29P   1031
0.180283,11.2177,221.888,0.180429,11.2177,221.889,0.180798,           29P   1032
11.2177,221.89,0.181399,11.2177,221.891,0.182746,11.2177,             29P   1033
221.892,0.183442,11.2177,221.893,0.184635,11.2177,221.894,            29P   1034
0.185386,11.2177,221.894,0.186494,11.2177,221.895,0.187841,           29P   1035
11.2177,221.895,0.189635,11.2177,221.895,0.19171,11.2177,             29P   1036
221.895,0.193497,11.2177,221.895,0.194809,11.2177,221.894,            29P   1037
0.196191,11.2177,221.894,0.197776,11.2177,221.892,0.199402,           29P   1038
11.2177,221.891,0.200627,11.2177,221.89,0.201478,11.2177,             29P   1039
221.889,0.202179,11.2177,221.887,0.202764,11.2177,221.886,            29P   1040
0.203024,11.2177,221.885,0.203141,11.2177,221.884,0.203166,           29P   1041
11.2177,221.884,0.20319,11.2177,221.883,0.203186,11.2177,             29P   1042
221.882,0.203142,11.2177,221.882,0.20309,11.2177,221.881,             29P   1043
0.202922,11.2177,221.881,0.202844,11.2177,221.88,0.202694,            29P   1044
11.2177,221.879,0.20263,11.2177,221.878,0.20249,11.2177,221.878,      29P   1045
0.202413,11.2177,221.873,0.201704,11.2177,221.868,0.201008,           29P   1046
11.2177,221.863,0.200195,11.2177,221.862,0.199985,11.2177,            29P   1047
221.861,0.199738,11.2177,221.859,0.199476,11.2177,221.85,             29P   1048
0.197951,11.2177,221.841,0.196301,11.2177,221.833,0.194645,           29P   1049
11.2177,221.832,0.19438,11.2177,221.83,0.19408,11.2177,221.818,       29P   1050
0.191793,11.2177,221.807,0.189486,11.2177,221.795,0.187056,           29P   1051
11.2177,221.794,0.186815,11.2177,221.793,0.186543,11.2177,            29P   1052
221.791,0.186193,11.2177,221.776,0.182812,11.2177,221.761,            29P   1053
0.179139,11.2177,221.746,0.175318,11.2177,221.745,0.175014,           29P   1054
11.2177,221.743,0.174592,11.2177,221.725,0.169805,11.2177,            29P   1055
221.707,0.164684,11.2177,221.689,0.159356,11.2177,221.688,            29P   1056
0.158995,11.2177,221.687,0.158591,11.2177,221.685,0.158207,           29P   1057
11.2177,221.667,0.15279,11.2177,221.65,0.147115,11.2177,221.633,      29P   1058
0.14102,11.2177,221.632,0.140646,11.2177,221.63,0.140068,             29P   1059
11.2177,221.612,0.133733,11.2177,221.594,0.126976,11.2177,            29P   1060
221.577,0.120131,11.2177,221.576,0.119709,11.2177,221.574,            29P   1061
0.119071,11.2177,221.557,0.111947,11.2177,221.539,0.104512,           29P   1062
11.2177,221.522,0.0970068,11.2177,221.522,0.0965754,11.2177,          29P   1063
221.52,0.0958668,11.2177,221.503,0.088113,11.2177,221.485,            29P   1064
0.0798122,11.2177,221.468,0.0714336,11.2177,221.467,0.0706634,        29P   1065
11.2177,221.45,0.0619278,11.2177,221.433,0.0528889,11.2177,           29P   1066
221.416,0.0437663,11.2177,221.415,0.0428415,11.2177,221.398,          29P   1067
0.0333244,11.2177,221.381,0.0235012,11.2177,221.365,0.0135968,        29P   1068
11.2177,221.364,0.0126635,11.2177,221.347,0.00214676,11.2177,         29P   1069
221.331,-0.00878308,11.2177,221.314,-0.0200869,11.2177,221.298,       29P   1070
-0.0315046,11.2177,221.282,-0.0433308,11.2177,221.267,                29P   1071
-0.0554339,11.2177,221.251,-0.0676334,11.2177,221.236,                29P   1072
-0.0801866,11.2177,221.221,-0.093008,11.2177,221.206,-0.10608,        29P   1073
11.2177,221.192,-0.119419,11.2177,221.178,-0.133066,11.2177,          29P   1074
221.164,-0.146601,11.2177,221.15,-0.160628,11.2177,221.137,           29P   1075
-0.174928,11.2177,221.125,-0.187048,11.2177,221.114,-0.199686,        29P   1076
11.2177,221.096,-0.221465,11.2177,221.087,-0.231778,11.2177,          29P   1077
221.073,-0.249494,11.2177,221.063,-0.262547,11.2177,221.053,          29P   1078
-0.275754,11.2177,221.049,-0.281078,11.2177,221.046,-0.282544,        29P   1079
11.4763,221.045,-0.284831,11.4763,221.044,-0.288441,11.4763,          29P   1080
221.046,-0.293521,11.4763,221.049,-0.295706,11.4763,221.052,          29P   1081
-0.296429,11.4763,221.054,-0.296725,11.4763,221.056,-0.296299,        29P   1082
11.4763,221.058,-0.295566,11.4763,221.058,-0.295386,11.4763,          29P   1083
221.059,-0.294888,11.4763,221.059,-0.29465,11.4763,221.06,            29P   1084
-0.294172,11.4763,221.06,-0.293939,11.4763,221.064,-0.290386,         29P   1085
11.4763,221.068,-0.286785,11.4763,221.073,-0.282948,11.4763,          29P   1086
221.074,-0.282228,11.4763,221.081,-0.276442,11.4763,221.089,          29P   1087
-0.270666,11.4763,221.096,-0.264843,11.4763,221.106,-0.2568,          29P   1088
11.4763,221.116,-0.248762,11.4763,221.127,-0.240886,11.4763,          29P   1089
221.139,-0.231036,11.4763,221.152,-0.221352,11.4763,221.165,          29P   1090
-0.211906,11.4763,221.181,-0.200538,11.4763,221.196,-0.188982,        29P   1091
11.4763,221.212,-0.17792,11.4763,221.227,-0.167097,11.4763,           29P   1092
221.243,-0.156393,11.4763,221.259,-0.145902,11.4763,221.274,          29P   1093
-0.135436,11.4763,221.291,-0.124639,11.4763,221.307,-0.114298,        29P   1094
11.4763,221.323,-0.104108,11.4763,221.339,-0.093741,11.4763,          29P   1095
221.355,-0.0837336,11.4763,221.371,-0.0739343,11.4763,221.388,        29P   1096
-0.0639359,11.4763,221.405,-0.0541153,11.4763,221.421,                29P   1097
-0.0444658,11.4763,221.438,-0.03478,11.4763,221.455,-0.0253279,       29P   1098
11.4763,221.472,-0.0160237,11.4763,221.489,-0.00706082,11.4763,       29P   1099
221.505,0.001903,11.4763,221.522,0.0109315,11.4763,221.54,            29P   1100
0.0199286,11.4763,221.556,0.028702,11.4763,221.559,0.0298218,         29P   1101
11.4763,221.574,0.0378945,11.4763,221.591,0.0465302,11.4763,          29P   1102
221.608,0.0550746,11.4763,221.611,0.056238,11.4763,221.627,           29P   1103
0.0640777,11.4763,221.643,0.0722964,11.4763,221.66,0.0803096,         29P   1104
11.4763,221.662,0.0812611,11.4763,221.663,0.0818002,11.4763,          29P   1105
221.679,0.0892985,11.4763,221.696,0.0971282,11.4763,221.712,          29P   1106
0.104809,11.4763,221.714,0.105646,11.4763,221.715,0.106286,           29P   1107
11.4763,221.732,0.113789,11.4763,221.749,0.121561,11.4763,            29P   1108
221.765,0.128937,11.4763,221.767,0.129612,11.4763,221.768,            29P   1109
0.130199,11.4763,221.769,0.13078,11.4763,221.783,0.136735,            29P   1110
11.4763,221.796,0.142499,11.4763,221.81,0.148237,11.4763,             29P   1111
221.811,0.148726,11.4763,221.812,0.149312,11.4763,221.814,            29P   1112
0.149983,11.4763,221.826,0.154944,11.4763,221.837,0.159625,           29P   1113
11.4763,221.848,0.16419,11.4763,221.849,0.164759,11.4763,             29P   1114
221.851,0.165421,11.4763,221.859,0.168902,11.4763,221.867,            29P   1115
0.172239,11.4763,221.874,0.175414,11.4763,221.876,0.175992,           29P   1116
11.4763,221.877,0.176682,11.4763,221.883,0.178849,11.4763,            29P   1117
221.888,0.180816,11.4763,221.892,0.182551,11.4763,221.892,            29P   1118
0.182726,11.4763,221.893,0.183062,11.4763,221.893,0.183209,           29P   1119
11.4763,221.894,0.183753,11.4763,221.895,0.184008,11.4763,            29P   1120
221.896,0.184852,11.4763,221.896,0.185543,11.4763,221.897,            29P   1121
0.186492,11.4763,221.898,0.187096,11.4763,221.898,0.188089,           29P   1122
11.4763,221.899,0.189392,11.4763,221.9,0.191461,11.4763,221.9,        29P   1123
0.193427,11.4763,221.899,0.195221,11.4763,221.899,0.196517,           29P   1124
11.4763,221.899,0.197939,11.4763,221.898,0.199702,11.4763,            29P   1125
221.897,0.201225,11.4763,221.895,0.202483,11.4763,221.894,            29P   1126
0.2034,11.4763,221.893,0.204186,11.4763,221.891,0.204874,             29P   1127
11.4763,221.89,0.20515,11.4763,221.889,0.205297,11.4763,221.889,      29P   1128
0.205333,11.4763,221.888,0.205382,11.4763,221.888,0.205393,           29P   1129
11.4763,221.887,0.205388,11.4763,221.887,0.205351,11.4763,            29P   1130
221.886,0.205215,11.4763,221.885,0.205132,11.4763,221.884,            29P   1131
0.204953,11.4763,221.883,0.204853,11.4763,221.882,0.204664,           29P   1132
11.4763,221.882,0.204576,11.4763,221.877,0.203826,11.4763,            29P   1133
221.873,0.203081,11.4763,221.868,0.202258,11.4763,221.866,            29P   1134
0.202049,11.4763,221.865,0.201799,11.4763,221.863,0.201518,           29P   1135
11.4763,221.854,0.200073,11.4763,221.846,0.198626,11.4763,            29P   1136
221.837,0.197064,11.4763,221.835,0.196809,11.4763,221.834,            29P   1137
0.1965,11.4763,221.822,0.194304,11.4763,221.81,0.191889,11.4763,      29P   1138
221.799,0.189427,11.4763,221.798,0.189185,11.4763,221.796,            29P   1139
0.188903,11.4763,221.795,0.18853,11.4763,221.779,0.185156,            29P   1140
11.4763,221.764,0.181621,11.4763,221.749,0.177919,11.4763,            29P   1141
221.748,0.177621,11.4763,221.746,0.177193,11.4763,221.728,            29P   1142
0.172538,11.4763,221.709,0.167518,11.4763,221.691,0.162194,           29P   1143
11.4763,221.69,0.161836,11.4763,221.689,0.161432,11.4763,             29P   1144
221.688,0.161047,11.4763,221.67,0.155592,11.4763,221.652,             29P   1145
0.149819,11.4763,221.634,0.143704,11.4763,221.633,0.143332,           29P   1146
11.4763,221.632,0.14277,11.4763,221.614,0.136442,11.4763,             29P   1147
221.596,0.129759,11.4763,221.578,0.12298,11.4763,221.577,             29P   1148
0.122564,11.4763,221.576,0.121913,11.4763,221.558,0.114844,           29P   1149
11.4763,221.54,0.107457,11.4763,221.523,0.0998903,11.4763,            29P   1150
221.522,0.0994571,11.4763,221.521,0.0987473,11.4763,221.502,          29P   1151
0.0905638,11.4763,221.485,0.0820566,11.4763,221.468,0.0735876,        29P   1152
11.4763,221.466,0.072826,11.4763,221.449,0.0642823,11.4763,           29P   1153
221.432,0.0552733,11.4763,221.416,0.0461073,11.4763,221.414,          29P   1154
0.0451802,11.4763,221.397,0.0355826,11.4763,221.38,0.025682,          29P   1155
11.4763,221.364,0.0156336,11.4763,221.363,0.0146885,11.4763,          29P   1156
221.346,0.00399994,11.4763,221.329,-0.00708272,11.4763,221.313,       29P   1157
-0.0185463,11.4763,221.297,-0.03007,11.4763,221.281,-0.041986,        29P   1158
11.4763,221.265,-0.0542097,11.4763,221.25,-0.0665388,11.4763,         29P   1159
221.234,-0.0791749,11.4763,221.219,-0.092183,11.4763,221.204,         29P   1160
-0.105315,11.4763,221.19,-0.118865,11.4763,221.176,-0.13262,          29P   1161
11.4763,221.162,-0.146284,11.4763,221.148,-0.1605,11.4763,            29P   1162
221.134,-0.174938,11.4763,221.123,-0.187192,11.4763,221.112,          29P   1163
-0.200112,11.4763,221.093,-0.222156,11.4763,221.085,-0.232612,        29P   1164
11.4763,221.07,-0.250486,11.4763,221.06,-0.263598,11.4763,            29P   1165
221.05,-0.277092,11.4763,221.046,-0.282544,11.4763,221.04,            29P   1166
-0.28404,11.7324,221.039,-0.286294,11.7324,221.038,-0.28971,          29P   1167
11.7324,221.04,-0.29472,11.7324,221.042,-0.297065,11.7324,            29P   1168
221.045,-0.298163,11.7324,221.048,-0.298747,11.7324,221.051,          29P   1169
-0.298404,11.7324,221.053,-0.297169,11.7324,221.054,-0.296662,        29P   1170
11.7324,221.054,-0.296064,11.7324,221.055,-0.295774,11.7324,          29P   1171
221.055,-0.295291,11.7324,221.056,-0.295055,11.7324,221.06,           29P   1172
-0.291519,11.7324,221.065,-0.287993,11.7324,221.069,-0.284309,        29P   1173
11.7324,221.07,-0.283611,11.7324,221.077,-0.277967,11.7324,           29P   1174
221.085,-0.271938,11.7324,221.092,-0.266332,11.7324,221.102,          29P   1175
-0.258547,11.7324,221.113,-0.250507,11.7324,221.123,-0.242828,        29P   1176
11.7324,221.136,-0.233208,11.7324,221.149,-0.223081,11.7324,          29P   1177
221.162,-0.213693,11.7324,221.178,-0.202379,11.7324,221.194,          29P   1178
-0.191114,11.7324,221.21,-0.180198,11.7324,221.225,-0.169496,         29P   1179
11.7324,221.241,-0.158621,11.7324,221.257,-0.148027,11.7324,          29P   1180
221.273,-0.137463,11.7324,221.29,-0.126705,11.7324,221.306,           29P   1181
-0.116343,11.7324,221.322,-0.106127,11.7324,221.339,-0.0957214,       29P   1182
11.7324,221.355,-0.0856716,11.7324,221.372,-0.0758303,11.7324,        29P   1183
221.389,-0.0658863,11.7324,221.406,-0.0560826,11.7324,221.423,        29P   1184
-0.0464447,11.7324,221.44,-0.0367218,11.7324,221.457,-0.0271967,      29P   1185
11.7324,221.474,-0.0178165,11.7324,221.491,-0.00869143,11.7324,       29P   1186
221.508,0.000338148,11.7324,221.525,0.00941898,11.7324,221.542,       29P   1187
0.0183418,11.7324,221.559,0.0271866,11.7324,221.562,0.028318,         29P   1188
11.7324,221.578,0.0364911,11.7324,221.595,0.0452832,11.7324,          29P   1189
221.612,0.05396,11.7324,221.615,0.0551409,11.7324,221.631,            29P   1190
0.063053,11.7324,221.648,0.0713238,11.7324,221.665,0.0795223,         29P   1191
11.7324,221.667,0.0804977,11.7324,221.668,0.0810508,11.7324,          29P   1192
221.684,0.0887498,11.7324,221.701,0.0966698,11.7324,221.718,          29P   1193
0.104485,11.7324,221.72,0.105338,11.7324,221.721,0.105989,            29P   1194
11.7324,221.738,0.113643,11.7324,221.755,0.121325,11.7324,            29P   1195
221.772,0.128836,11.7324,221.774,0.129524,11.7324,221.775,            29P   1196
0.130124,11.7324,221.776,0.130668,11.7324,221.79,0.136848,            29P   1197
11.7324,221.804,0.14286,11.7324,221.817,0.148745,11.7324,             29P   1198
221.818,0.149246,11.7324,221.82,0.149846,11.7324,221.821,             29P   1199
0.150483,11.7324,221.832,0.155276,11.7324,221.843,0.159984,           29P   1200
11.7324,221.854,0.16459,11.7324,221.856,0.165173,11.7324,             29P   1201
221.857,0.165842,11.7324,221.865,0.169077,11.7324,221.873,            29P   1202
0.172433,11.7324,221.881,0.175636,11.7324,221.882,0.176232,           29P   1203
11.7324,221.885,0.177179,11.7324,221.889,0.179121,11.7324,            29P   1204
221.894,0.180781,11.7324,221.898,0.182467,11.7324,221.898,            29P   1205
0.182635,11.7324,221.899,0.182909,11.7324,221.9,0.183341,             29P   1206
11.7324,221.901,0.184225,11.7324,221.902,0.184678,11.7324,            29P   1207
221.903,0.185677,11.7324,221.904,0.186211,11.7324,221.905,            29P   1208
0.187386,11.7324,221.905,0.18835,11.7324,221.906,0.18971,             29P   1209
11.7324,221.906,0.191107,11.7324,221.907,0.19271,11.7324,             29P   1210
221.907,0.194834,11.7324,221.906,0.196672,11.7324,221.906,            29P   1211
0.198245,11.7324,221.905,0.199632,11.7324,221.904,0.201243,           29P   1212
11.7324,221.903,0.202962,11.7324,221.901,0.204064,11.7324,221.9,      29P   1213
0.204779,11.7324,221.899,0.205322,11.7324,221.897,0.205832,           29P   1214
11.7324,221.896,0.20601,11.7324,221.894,0.206034,11.7324,             29P   1215
221.894,0.206032,11.7324,221.893,0.206004,11.7324,221.893,            29P   1216
0.205975,11.7324,221.892,0.205871,11.7324,221.892,0.205843,           29P   1217
11.7324,221.891,0.20576,11.7324,221.891,0.205701,11.7324,221.89,      29P   1218
0.205573,11.7324,221.889,0.205505,11.7324,221.888,0.205371,           29P   1219
11.7324,221.888,0.205303,11.7324,221.883,0.204672,11.7324,            29P   1220
221.878,0.204056,11.7324,221.873,0.20332,11.7324,221.872,             29P   1221
0.203128,11.7324,221.87,0.202932,11.7324,221.869,0.202693,            29P   1222
11.7324,221.859,0.201279,11.7324,221.851,0.19974,11.7324,             29P   1223
221.842,0.198199,11.7324,221.84,0.197974,11.7324,221.839,             29P   1224
0.197696,11.7324,221.827,0.195538,11.7324,221.815,0.193377,           29P   1225
11.7324,221.803,0.191094,11.7324,221.802,0.190864,11.7324,            29P   1226
221.801,0.190646,11.7324,221.799,0.190317,11.7324,221.783,            29P   1227
0.187129,11.7324,221.768,0.183666,11.7324,221.753,0.179999,           29P   1228
11.7324,221.752,0.179721,11.7324,221.75,0.179315,11.7324,             29P   1229
221.732,0.174856,11.7324,221.713,0.169853,11.7324,221.695,            29P   1230
0.164597,11.7324,221.694,0.164228,11.7324,221.692,0.163689,           29P   1231
11.7324,221.691,0.163284,11.7324,221.673,0.158054,11.7324,            29P   1232
221.655,0.152414,11.7324,221.637,0.146413,11.7324,221.636,            29P   1233
0.146029,11.7324,221.634,0.145304,11.7324,221.616,0.139113,           29P   1234
11.7324,221.597,0.132508,11.7324,221.58,0.125697,11.7324,             29P   1235
221.579,0.125267,11.7324,221.577,0.124585,11.7324,221.559,            29P   1236
0.117522,11.7324,221.541,0.109996,11.7324,221.524,0.102433,           29P   1237
11.7324,221.523,0.101989,11.7324,221.521,0.101228,11.7324,            29P   1238
221.503,0.0932951,11.7324,221.485,0.0849551,11.7324,221.468,          29P   1239
0.076507,11.7324,221.466,0.075649,11.7324,221.449,0.0670136,          29P   1240
11.7324,221.431,0.0578682,11.7324,221.415,0.0485986,11.7324,          29P   1241
221.413,0.0476473,11.7324,221.396,0.0379873,11.7324,221.379,          29P   1242
0.0279957,11.7324,221.362,0.0179077,11.7324,221.361,0.0169467,        29P   1243
11.7324,221.344,0.0062526,11.7324,221.327,-0.00485149,11.7324,        29P   1244
221.31,-0.0163704,11.7324,221.294,-0.0279809,11.7324,221.278,         29P   1245
-0.0400275,11.7324,221.262,-0.0524489,11.7324,221.246,                29P   1246
-0.0650198,11.7324,221.231,-0.0779486,11.7324,221.216,                29P   1247
-0.0911102,11.7324,221.2,-0.104412,11.7324,221.186,-0.118017,         29P   1248
11.7324,221.171,-0.131964,11.7324,221.157,-0.14616,11.7324,           29P   1249
221.143,-0.160646,11.7324,221.129,-0.175351,11.7324,221.118,          29P   1250
-0.187725,11.7324,221.106,-0.200458,11.7324,221.087,-0.222802,        29P   1251
11.7324,221.079,-0.233414,11.7324,221.065,-0.251632,11.7324,          29P   1252
221.054,-0.265093,11.7324,221.044,-0.27859,11.7324,221.04,            29P   1253
-0.28404,11.7324,221.037,-0.294062,11.9889,221.035,-0.296628,         29P   1254
11.9889,221.035,-0.300127,11.9889,221.037,-0.305335,11.9889,          29P   1255
221.039,-0.307691,11.9889,221.042,-0.308749,11.9889,221.045,          29P   1256
-0.309289,11.9889,221.047,-0.308926,11.9889,221.049,-0.308018,        29P   1257
11.9889,221.049,-0.307867,11.9889,221.05,-0.307487,11.9889,           29P   1258
221.05,-0.307313,11.9889,221.051,-0.306828,11.9889,221.051,           29P   1259
-0.306591,11.9889,221.056,-0.302909,11.9889,221.06,-0.299143,         29P   1260
11.9889,221.065,-0.29518,11.9889,221.066,-0.294441,11.9889,           29P   1261
221.074,-0.28849,11.9889,221.081,-0.282587,11.9889,221.089,           29P   1262
-0.276588,11.9889,221.099,-0.268346,11.9889,221.109,-0.260242,        29P   1263
11.9889,221.12,-0.252162,11.9889,221.133,-0.242039,11.9889,           29P   1264
221.146,-0.232244,11.9889,221.159,-0.222367,11.9889,221.175,          29P   1265
-0.210514,11.9889,221.192,-0.198434,11.9889,221.208,-0.18681,         29P   1266
11.9889,221.224,-0.175452,11.9889,221.24,-0.164297,11.9889,           29P   1267
221.256,-0.153439,11.9889,221.272,-0.142612,11.9889,221.289,          29P   1268
-0.131522,11.9889,221.306,-0.120783,11.9889,221.322,-0.110192,        29P   1269
11.9889,221.339,-0.0994861,11.9889,221.356,-0.0889382,11.9889,        29P   1270
221.373,-0.0785902,11.9889,221.39,-0.0682439,11.9889,221.407,         29P   1271
-0.0581168,11.9889,221.424,-0.0481682,11.9889,221.441,                29P   1272
-0.0383934,11.9889,221.459,-0.0286681,11.9889,221.476,                29P   1273
-0.0190672,11.9889,221.493,-0.00963241,11.9889,221.51,                29P   1274
-0.000241007,11.9889,221.528,0.00920979,11.9889,221.545,              29P   1275
0.0185693,11.9889,221.563,0.0276115,11.9889,221.565,0.0287644,        29P   1276
11.9889,221.581,0.0370579,11.9889,221.599,0.0460152,11.9889,          29P   1277
221.616,0.0548538,11.9889,221.619,0.0560567,11.9889,221.635,          29P   1278
0.0642207,11.9889,221.652,0.0729969,11.9889,221.67,0.0815492,         29P   1279
11.9889,221.672,0.0825644,11.9889,221.673,0.0831395,11.9889,          29P   1280
221.689,0.0911473,11.9889,221.707,0.0994311,11.9889,221.724,          29P   1281
0.10757,11.9889,221.726,0.108458,11.9889,221.727,0.109136,            29P   1282
11.9889,221.744,0.117082,11.9889,221.761,0.12508,11.9889,             29P   1283
221.778,0.132807,11.9889,221.78,0.133515,11.9889,221.781,             29P   1284
0.134132,11.9889,221.783,0.134812,11.9889,221.797,0.141032,           29P   1285
11.9889,221.811,0.147152,11.9889,221.824,0.153233,11.9889,            29P   1286
221.826,0.153751,11.9889,221.827,0.154372,11.9889,221.829,            29P   1287
0.15515,11.9889,221.84,0.160186,11.9889,221.852,0.165117,             29P   1288
11.9889,221.863,0.169893,11.9889,221.864,0.170477,11.9889,            29P   1289
221.866,0.171169,11.9889,221.874,0.174805,11.9889,221.883,            29P   1290
0.178281,11.9889,221.89,0.181624,11.9889,221.892,0.182217,            29P   1291
11.9889,221.894,0.182939,11.9889,221.899,0.185256,11.9889,            29P   1292
221.904,0.187296,11.9889,221.908,0.189122,11.9889,221.908,            29P   1293
0.189312,11.9889,221.909,0.189752,11.9889,221.909,0.189937,           29P   1294
11.9889,221.91,0.190553,11.9889,221.911,0.191027,11.9889,             29P   1295
221.912,0.192548,11.9889,221.913,0.193714,11.9889,221.914,            29P   1296
0.195047,11.9889,221.914,0.195487,11.9889,221.914,0.196288,           29P   1297
11.9889,221.915,0.197738,11.9889,221.915,0.200188,11.9889,            29P   1298
221.915,0.202334,11.9889,221.914,0.204115,11.9889,221.914,            29P   1299
0.204972,11.9889,221.913,0.206332,11.9889,221.912,0.207816,           29P   1300
11.9889,221.911,0.209,11.9889,221.909,0.210156,11.9889,221.908,       29P   1301
0.210967,11.9889,221.906,0.211667,11.9889,221.905,0.212049,           29P   1302
11.9889,221.904,0.212146,11.9889,221.903,0.212198,11.9889,            29P   1303
221.903,0.212196,11.9889,221.902,0.212159,11.9889,221.902,            29P   1304
0.212125,11.9889,221.901,0.212011,11.9889,221.9,0.211896,             29P   1305
11.9889,221.899,0.211714,11.9889,221.898,0.211648,11.9889,            29P   1306
221.897,0.211507,11.9889,221.896,0.211431,11.9889,221.895,            29P   1307
0.211282,11.9889,221.895,0.21121,11.9889,221.89,0.210605,             29P   1308
11.9889,221.885,0.209973,11.9889,221.88,0.209258,11.9889,             29P   1309
221.879,0.209077,11.9889,221.877,0.20881,11.9889,221.875,             29P   1310
0.208581,11.9889,221.866,0.207312,11.9889,221.857,0.205966,           29P   1311
11.9889,221.848,0.204501,11.9889,221.847,0.204227,11.9889,            29P   1312
221.845,0.203951,11.9889,221.833,0.201922,11.9889,221.821,            29P   1313
0.19965,11.9889,221.809,0.19731,11.9889,221.808,0.197086,             29P   1314
11.9889,221.806,0.196755,11.9889,221.804,0.196415,11.9889,            29P   1315
221.789,0.193199,11.9889,221.773,0.189771,11.9889,221.757,            29P   1316
0.186143,11.9889,221.756,0.185829,11.9889,221.754,0.185424,           29P   1317
11.9889,221.735,0.18081,11.9889,221.716,0.175824,11.9889,             29P   1318
221.697,0.170516,11.9889,221.696,0.170179,11.9889,221.695,            29P   1319
0.169803,11.9889,221.693,0.169423,11.9889,221.675,0.163951,           29P   1320
11.9889,221.656,0.158174,11.9889,221.638,0.152014,11.9889,            29P   1321
221.637,0.151665,11.9889,221.636,0.151114,11.9889,221.617,            29P   1322
0.144858,11.9889,221.599,0.138085,11.9889,221.581,0.131141,           29P   1323
11.9889,221.58,0.13073,11.9889,221.578,0.129905,11.9889,221.559,      29P   1324
0.12277,11.9889,221.541,0.115126,11.9889,221.524,0.107338,            29P   1325
11.9889,221.523,0.106909,11.9889,221.521,0.10602,11.9889,             29P   1326
221.502,0.0977846,11.9889,221.484,0.0890747,11.9889,221.467,          29P   1327
0.0802953,11.9889,221.465,0.0794311,11.9889,221.447,0.0705689,        29P   1328
11.9889,221.43,0.0611245,11.9889,221.413,0.0515654,11.9889,           29P   1329
221.411,0.0506176,11.9889,221.393,0.0405873,11.9889,221.376,          29P   1330
0.0302994,11.9889,221.36,0.0198322,11.9889,221.358,0.0188644,         29P   1331
11.9889,221.341,0.00767165,11.9889,221.324,-0.003929,11.9889,         29P   1332
221.307,-0.015912,11.9889,221.29,-0.0280133,11.9889,221.274,          29P   1333
-0.0404863,11.9889,221.258,-0.0533447,11.9889,221.242,                29P   1334
-0.0663283,11.9889,221.226,-0.0797046,11.9889,221.211,                29P   1335
-0.0933981,11.9889,221.196,-0.107267,11.9889,221.181,-0.121486,       29P   1336
11.9889,221.167,-0.135984,11.9889,221.152,-0.150624,11.9889,          29P   1337
221.138,-0.165611,11.9889,221.125,-0.180874,11.9889,221.113,          29P   1338
-0.193791,11.9889,221.102,-0.207123,11.9889,221.084,-0.230233,        29P   1339
11.9889,221.075,-0.241191,11.9889,221.061,-0.260156,11.9889,          29P   1340
221.051,-0.274131,11.9889,221.041,-0.288368,11.9889,221.037,          29P   1341
-0.294062,11.9889,221.037,-0.30709,12.1719,221.036,-0.309347,         29P   1342
12.1719,221.035,-0.31275,12.1719,221.037,-0.318093,12.1719,           29P   1343
221.039,-0.320964,12.1719,221.043,-0.322087,12.1719,221.045,          29P   1344
-0.322654,12.1719,221.048,-0.322345,12.1719,221.05,-0.321575,         29P   1345
12.1719,221.05,-0.32137,12.1719,221.051,-0.32078,12.1719,             29P   1346
221.052,-0.320347,12.1719,221.052,-0.319793,12.1719,221.053,          29P   1347
-0.319525,12.1719,221.057,-0.315725,12.1719,221.061,-0.31207,         29P   1348
12.1719,221.066,-0.308019,12.1719,221.067,-0.307242,12.1719,          29P   1349
221.074,-0.301044,12.1719,221.082,-0.294779,12.1719,221.089,          29P   1350
-0.288692,12.1719,221.1,-0.280153,12.1719,221.11,-0.271789,           29P   1351
12.1719,221.121,-0.263348,12.1719,221.134,-0.252892,12.1719,          29P   1352
221.147,-0.242469,12.1719,221.16,-0.232277,12.1719,221.176,           29P   1353
-0.219929,12.1719,221.192,-0.20778,12.1719,221.209,-0.195864,         29P   1354
12.1719,221.225,-0.184153,12.1719,221.241,-0.172495,12.1719,          29P   1355
221.257,-0.161041,12.1719,221.274,-0.149614,12.1719,221.291,          29P   1356
-0.137912,12.1719,221.307,-0.12674,12.1719,221.323,-0.115733,         29P   1357
12.1719,221.34,-0.104507,12.1719,221.358,-0.0935117,12.1719,          29P   1358
221.374,-0.0827313,12.1719,221.392,-0.07184,12.1719,221.409,          29P   1359
-0.0611568,12.1719,221.426,-0.0506605,12.1719,221.443,                29P   1360
-0.0402785,12.1719,221.461,-0.0300129,12.1719,221.478,                29P   1361
-0.0198879,12.1719,221.495,-0.0100023,12.1719,221.513,                29P   1362
-0.0001239,12.1719,221.53,0.00982281,12.1719,221.548,0.0196472,       29P   1363
12.1719,221.566,0.0293999,12.1719,221.568,0.0306475,12.1719,          29P   1364
221.584,0.039709,12.1719,221.602,0.0493355,12.1719,221.62,            29P   1365
0.058835,12.1719,221.622,0.0601281,12.1719,221.638,0.0685937,         29P   1366
12.1719,221.655,0.0776322,12.1719,221.673,0.0866814,12.1719,          29P   1367
221.675,0.0877591,12.1719,221.676,0.0883704,12.1719,221.692,          29P   1368
0.0968598,12.1719,221.71,0.10568,12.1719,221.727,0.114397,            29P   1369
12.1719,221.729,0.115349,12.1719,221.73,0.116075,12.1719,             29P   1370
221.747,0.12459,12.1719,221.765,0.133204,12.1719,221.782,             29P   1371
0.141523,12.1719,221.783,0.142285,12.1719,221.785,0.142948,           29P   1372
12.1719,221.786,0.143795,12.1719,221.8,0.150366,12.1719,221.814,      29P   1373
0.156945,12.1719,221.828,0.163524,12.1719,221.829,0.164085,           29P   1374
12.1719,221.83,0.164757,12.1719,221.833,0.165728,12.1719,             29P   1375
221.844,0.171115,12.1719,221.855,0.176478,12.1719,221.866,            29P   1376
0.181673,12.1719,221.868,0.182366,12.1719,221.87,0.183118,            29P   1377
12.1719,221.878,0.186927,12.1719,221.886,0.190686,12.1719,            29P   1378
221.894,0.194264,12.1719,221.896,0.194986,12.1719,221.897,            29P   1379
0.195817,12.1719,221.903,0.198135,12.1719,221.907,0.200141,           29P   1380
12.1719,221.912,0.202063,12.1719,221.912,0.202389,12.1719,            29P   1381
221.913,0.202987,12.1719,221.913,0.203247,12.1719,221.914,            29P   1382
0.203999,12.1719,221.915,0.204526,12.1719,221.916,0.20591,            29P   1383
12.1719,221.917,0.206811,12.1719,221.917,0.208159,12.1719,            29P   1384
221.918,0.208952,12.1719,221.918,0.210139,12.1719,221.918,            29P   1385
0.211635,12.1719,221.918,0.21373,12.1719,221.918,0.215891,            29P   1386
12.1719,221.918,0.217697,12.1719,221.917,0.218915,12.1719,            29P   1387
221.916,0.220265,12.1719,221.915,0.222012,12.1719,221.913,            29P   1388
0.223467,12.1719,221.912,0.224408,12.1719,221.91,0.224931,            29P   1389
12.1719,221.909,0.225397,12.1719,221.907,0.225822,12.1719,            29P   1390
221.905,0.225757,12.1719,221.904,0.225541,12.1719,221.903,            29P   1391
0.225498,12.1719,221.903,0.225438,12.1719,221.903,0.225412,           29P   1392
12.1719,221.902,0.225346,12.1719,221.902,0.225293,12.1719,            29P   1393
221.901,0.225162,12.1719,221.901,0.225084,12.1719,221.9,              29P   1394
0.224918,12.1719,221.899,0.224828,12.1719,221.898,0.224653,           29P   1395
12.1719,221.897,0.224567,12.1719,221.892,0.223802,12.1719,            29P   1396
221.888,0.223057,12.1719,221.882,0.222221,12.1719,221.881,            29P   1397
0.221998,12.1719,221.879,0.221758,12.1719,221.878,0.22149,            29P   1398
12.1719,221.869,0.22003,12.1719,221.859,0.218466,12.1719,221.85,      29P   1399
0.216844,12.1719,221.849,0.216519,12.1719,221.847,0.216226,           29P   1400
12.1719,221.834,0.213957,12.1719,221.822,0.211547,12.1719,            29P   1401
221.81,0.208998,12.1719,221.809,0.208718,12.1719,221.808,             29P   1402
0.208446,12.1719,221.806,0.208075,12.1719,221.79,0.204621,            29P   1403
12.1719,221.774,0.200773,12.1719,221.758,0.196752,12.1719,            29P   1404
221.757,0.196327,12.1719,221.755,0.195879,12.1719,221.736,            29P   1405
0.190901,12.1719,221.717,0.185472,12.1719,221.698,0.179729,           29P   1406
12.1719,221.696,0.179259,12.1719,221.695,0.178816,12.1719,            29P   1407
221.694,0.178405,12.1719,221.675,0.172629,12.1719,221.657,            29P   1408
0.166427,12.1719,221.638,0.159847,12.1719,221.637,0.159341,           29P   1409
12.1719,221.635,0.158715,12.1719,221.616,0.151907,12.1719,            29P   1410
221.597,0.144678,12.1719,221.579,0.137232,12.1719,221.578,            29P   1411
0.136711,12.1719,221.576,0.136046,12.1719,221.558,0.128307,           29P   1412
12.1719,221.539,0.120087,12.1719,221.522,0.111792,12.1719,            29P   1413
221.521,0.111248,12.1719,221.519,0.110493,12.1719,221.501,            29P   1414
0.101869,12.1719,221.483,0.0926839,12.1719,221.465,0.0834637,         29P   1415
12.1719,221.463,0.0824068,12.1719,221.445,0.0729127,12.1719,          29P   1416
221.427,0.0629935,12.1719,221.41,0.0529325,12.1719,221.408,           29P   1417
0.0518375,12.1719,221.391,0.0413955,12.1719,221.373,0.030525,         29P   1418
12.1719,221.357,0.0195023,12.1719,221.355,0.0183966,12.1719,          29P   1419
221.338,0.00695887,12.1719,221.321,-0.00521385,12.1719,221.305,       29P   1420
-0.0177582,12.1719,221.288,-0.0304318,12.1719,221.272,                29P   1421
-0.0434709,12.1719,221.256,-0.0568975,12.1719,221.24,-0.0704912,      29P   1422
12.1719,221.224,-0.0844528,12.1719,221.209,-0.0986957,12.1719,        29P   1423
221.194,-0.113126,12.1719,221.179,-0.127878,12.1719,221.165,          29P   1424
-0.142965,12.1719,221.15,-0.158267,12.1719,221.137,-0.173923,         29P   1425
12.1719,221.123,-0.189798,12.1719,221.112,-0.203215,12.1719,          29P   1426
221.101,-0.21699,12.1719,221.082,-0.241375,12.1719,221.074,           29P   1427
-0.252936,12.1719,221.06,-0.27241,12.1719,221.05,-0.286821,           29P   1428
12.1719,221.041,-0.301165,12.1719,221.037,-0.30709,12.1719,           29P   1429
221.056,-0.342689,12.3569,221.054,-0.345188,12.3569,221.054,          29P   1430
-0.348792,12.3569,221.056,-0.354083,12.3569,221.059,-0.356417,        29P   1431
12.3569,221.062,-0.357567,12.3569,221.065,-0.358244,12.3569,          29P   1432
221.067,-0.357918,12.3569,221.069,-0.356903,12.3569,221.07,           29P   1433
-0.3567,12.3569,221.071,-0.356307,12.3569,221.071,-0.356136,          29P   1434
12.3569,221.071,-0.355697,12.3569,221.072,-0.355479,12.3569,          29P   1435
221.076,-0.351278,12.3569,221.08,-0.346951,12.3569,221.085,           29P   1436
-0.342411,12.3569,221.086,-0.341591,12.3569,221.093,-0.334809,        29P   1437
12.3569,221.1,-0.327998,12.3569,221.108,-0.320894,12.3569,            29P   1438
221.118,-0.311516,12.3569,221.128,-0.30225,12.3569,221.137,           29P   1439
-0.293267,12.3569,221.15,-0.281687,12.3569,221.163,-0.27024,          29P   1440
12.3569,221.176,-0.258757,12.3569,221.191,-0.245127,12.3569,          29P   1441
221.207,-0.231589,12.3569,221.222,-0.218381,12.3569,221.237,          29P   1442
-0.205305,12.3569,221.253,-0.192315,12.3569,221.269,-0.179486,        29P   1443
12.3569,221.284,-0.166683,12.3569,221.3,-0.153754,12.3569,            29P   1444
221.317,-0.141017,12.3569,221.333,-0.128442,12.3569,221.349,          29P   1445
-0.11588,12.3569,221.366,-0.103485,12.3569,221.382,-0.0913216,        29P   1446
12.3569,221.398,-0.0792246,12.3569,221.415,-0.0671921,12.3569,        29P   1447
221.431,-0.0553495,12.3569,221.448,-0.0433465,12.3569,221.465,        29P   1448
-0.0315025,12.3569,221.482,-0.0198284,12.3569,221.499,                29P   1449
-0.00823125,12.3569,221.516,0.00322928,12.3569,221.533,               29P   1450
0.0147498,12.3569,221.55,0.0262271,12.3569,221.567,0.0374826,         29P   1451
12.3569,221.569,0.0389203,12.3569,221.584,0.0490956,12.3569,          29P   1452
221.602,0.0602767,12.3569,221.619,0.071416,12.3569,221.621,           29P   1453
0.0729335,12.3569,221.637,0.0834,12.3569,221.654,0.0942114,           29P   1454
12.3569,221.671,0.10493,12.3569,221.673,0.106206,12.3569,             29P   1455
221.674,0.106929,12.3569,221.69,0.117006,12.3569,221.707,             29P   1456
0.127444,12.3569,221.724,0.137842,12.3569,221.725,0.138978,           29P   1457
12.3569,221.727,0.139846,12.3569,221.743,0.150044,12.3569,            29P   1458
221.76,0.160428,12.3569,221.777,0.170575,12.3569,221.778,             29P   1459
0.171505,12.3569,221.78,0.172315,12.3569,221.781,0.173051,            29P   1460
12.3569,221.794,0.181396,12.3569,221.808,0.189523,12.3569,            29P   1461
221.821,0.197559,12.3569,221.822,0.198243,12.3569,221.824,            29P   1462
0.199063,12.3569,221.825,0.199932,12.3569,221.836,0.206518,           29P   1463
12.3569,221.847,0.213023,12.3569,221.858,0.219427,12.3569,            29P   1464
221.86,0.220264,12.3569,221.861,0.221194,12.3569,221.869,             29P   1465
0.226004,12.3569,221.877,0.230732,12.3569,221.885,0.235232,           29P   1466
12.3569,221.886,0.236061,12.3569,221.888,0.237068,12.3569,            29P   1467
221.893,0.24012,12.3569,221.898,0.24279,12.3569,221.902,              29P   1468
0.245208,12.3569,221.902,0.245439,12.3569,221.903,0.245974,           29P   1469
12.3569,221.903,0.246273,12.3569,221.904,0.247105,12.3569,            29P   1470
221.905,0.247669,12.3569,221.906,0.249378,12.3569,221.907,            29P   1471
0.250616,12.3569,221.907,0.252058,12.3569,221.907,0.252601,           29P   1472
12.3569,221.908,0.253527,12.3569,221.908,0.255063,12.3569,            29P   1473
221.908,0.257484,12.3569,221.907,0.259649,12.3569,221.907,            29P   1474
0.261423,12.3569,221.906,0.262353,12.3569,221.905,0.263654,           29P   1475
12.3569,221.904,0.265364,12.3569,221.902,0.26657,12.3569,221.9,       29P   1476
0.267416,12.3569,221.899,0.267861,12.3569,221.897,0.268275,           29P   1477
12.3569,221.896,0.268445,12.3569,221.895,0.268388,12.3569,            29P   1478
221.894,0.268271,12.3569,221.893,0.268204,12.3569,221.893,            29P   1479
0.268025,12.3569,221.892,0.267944,12.3569,221.891,0.267738,           29P   1480
12.3569,221.891,0.267608,12.3569,221.89,0.267357,12.3569,             29P   1481
221.889,0.267237,12.3569,221.888,0.266979,12.3569,221.887,            29P   1482
0.266841,12.3569,221.886,0.26657,12.3569,221.886,0.266437,            29P   1483
12.3569,221.881,0.26523,12.3569,221.876,0.264072,12.3569,             29P   1484
221.871,0.262755,12.3569,221.869,0.262447,12.3569,221.868,            29P   1485
0.262048,12.3569,221.866,0.261632,12.3569,221.857,0.259309,           29P   1486
12.3569,221.848,0.256862,12.3569,221.839,0.254326,12.3569,            29P   1487
221.837,0.253844,12.3569,221.835,0.253351,12.3569,221.823,            29P   1488
0.249756,12.3569,221.81,0.246103,12.3569,221.798,0.242419,            29P   1489
12.3569,221.798,0.242147,12.3569,221.796,0.24173,12.3569,             29P   1490
221.794,0.241199,12.3569,221.778,0.236151,12.3569,221.762,            29P   1491
0.230922,12.3569,221.747,0.225491,12.3569,221.746,0.225048,           29P   1492
12.3569,221.744,0.224444,12.3569,221.724,0.217559,12.3569,            29P   1493
221.705,0.210282,12.3569,221.687,0.202863,12.3569,221.686,            29P   1494
0.202446,12.3569,221.684,0.201887,12.3569,221.683,0.201349,           29P   1495
12.3569,221.664,0.193737,12.3569,221.646,0.18598,12.3569,             29P   1496
221.628,0.177767,12.3569,221.627,0.177364,12.3569,221.625,            29P   1497
0.176585,12.3569,221.606,0.167898,12.3569,221.588,0.158929,           29P   1498
12.3569,221.57,0.149913,12.3569,221.57,0.149561,12.3569,221.568,      29P   1499
0.148714,12.3569,221.549,0.139139,12.3569,221.531,0.129403,           29P   1500
12.3569,221.514,0.119604,12.3569,221.513,0.119262,12.3569,            29P   1501
221.512,0.118349,12.3569,221.493,0.107931,12.3569,221.476,            29P   1502
0.0971472,12.3569,221.458,0.0863595,12.3569,221.457,0.0854352,        29P   1503
12.3569,221.439,0.0741514,12.3569,221.422,0.0626623,12.3569,          29P   1504
221.405,0.0511007,12.3569,221.404,0.0501781,12.3569,221.387,          29P   1505
0.0379601,12.3569,221.37,0.0256415,12.3569,221.354,0.0131904,         29P   1506
12.3569,221.353,0.0122389,12.3569,221.336,-0.000898701,12.3569,       29P   1507
221.32,-0.0145504,12.3569,221.304,-0.0285726,12.3569,221.288,         29P   1508
-0.0426827,12.3569,221.272,-0.0571645,12.3569,221.257,                29P   1509
-0.0719866,12.3569,221.242,-0.0869031,12.3569,221.227,-0.102187,      29P   1510
12.3569,221.213,-0.117808,12.3569,221.199,-0.133587,12.3569,          29P   1511
221.185,-0.149759,12.3569,221.172,-0.166183,12.3569,221.159,          29P   1512
-0.182744,12.3569,221.146,-0.199609,12.3569,221.133,-0.216695,        29P   1513
12.3569,221.123,-0.231072,12.3569,221.113,-0.245988,12.3569,          29P   1514
221.096,-0.272128,12.3569,221.088,-0.284576,12.3569,221.076,          29P   1515
-0.30548,12.3569,221.067,-0.32096,12.3569,221.059,-0.33635,           29P   1516
12.3569,221.056,-0.342689,12.3569,221.08,-0.386912,12.4678,           29P   1517
221.079,-0.389579,12.4678,221.079,-0.393329,12.4678,221.081,          29P   1518
-0.398596,12.4678,221.084,-0.400865,12.4678,221.087,-0.401904,        29P   1519
12.4678,221.09,-0.40241,12.4678,221.093,-0.401937,12.4678,            29P   1520
221.095,-0.40088,12.4678,221.095,-0.400651,12.4678,221.096,           29P   1521
-0.400189,12.4678,221.097,-0.399966,12.4678,221.097,-0.399353,        29P   1522
12.4678,221.098,-0.398969,12.4678,221.102,-0.394288,12.4678,          29P   1523
221.106,-0.389648,12.4678,221.11,-0.384732,12.4678,221.111,           29P   1524
-0.383723,12.4678,221.117,-0.376135,12.4678,221.124,-0.368489,        29P   1525
12.4678,221.131,-0.360663,12.4678,221.141,-0.350144,12.4678,          29P   1526
221.15,-0.339754,12.4678,221.159,-0.329634,12.4678,221.171,           29P   1527
-0.316632,12.4678,221.183,-0.303716,12.4678,221.195,-0.290856,        29P   1528
12.4678,221.21,-0.275473,12.4678,221.225,-0.260231,12.4678,           29P   1529
221.239,-0.245205,12.4678,221.254,-0.230443,12.4678,221.269,          29P   1530
-0.215799,12.4678,221.284,-0.201232,12.4678,221.298,-0.18669,         29P   1531
12.4678,221.314,-0.171977,12.4678,221.329,-0.157483,12.4678,          29P   1532
221.345,-0.143172,12.4678,221.36,-0.128784,12.4678,221.376,           29P   1533
-0.114525,12.4678,221.391,-0.100528,12.4678,221.407,-0.0864405,       29P   1534
12.4678,221.423,-0.0724514,12.4678,221.439,-0.0586873,12.4678,        29P   1535
221.455,-0.0447601,12.4678,221.471,-0.0309691,12.4678,221.487,        29P   1536
-0.0173686,12.4678,221.504,-0.00392337,12.4678,221.52,                29P   1537
0.00950104,12.4678,221.536,0.0230142,12.4678,221.552,0.036495,        29P   1538
12.4678,221.569,0.0498009,12.4678,221.571,0.0515017,12.4678,          29P   1539
221.585,0.0636782,12.4678,221.602,0.0769633,12.4678,221.618,          29P   1540
0.0901983,12.4678,221.62,0.0920015,12.4678,221.636,0.104265,          29P   1541
12.4678,221.651,0.117092,12.4678,221.668,0.129936,12.4678,            29P   1542
221.669,0.131466,12.4678,221.671,0.132334,12.4678,221.686,            29P   1543
0.144426,12.4678,221.702,0.157046,12.4678,221.718,0.169625,           29P   1544
12.4678,221.719,0.171,12.4678,221.721,0.17205,12.4678,221.736,        29P   1545
0.184387,12.4678,221.752,0.196961,12.4678,221.768,0.209308,           29P   1546
12.4678,221.769,0.21044,12.4678,221.771,0.211427,12.4678,             29P   1547
221.772,0.212361,12.4678,221.785,0.222488,12.4678,221.797,            29P   1548
0.232427,12.4678,221.81,0.242311,12.4678,221.811,0.243153,            29P   1549
12.4678,221.812,0.244163,12.4678,221.814,0.245273,12.4678,            29P   1550
221.824,0.253397,12.4678,221.835,0.261443,12.4678,221.845,            29P   1551
0.269369,12.4678,221.846,0.270394,12.4678,221.847,0.271546,           29P   1552
12.4678,221.855,0.277501,12.4678,221.863,0.283284,12.4678,            29P   1553
221.87,0.288873,12.4678,221.871,0.289898,12.4678,221.873,             29P   1554
0.291229,12.4678,221.878,0.295005,12.4678,221.882,0.29831,            29P   1555
12.4678,221.886,0.301399,12.4678,221.886,0.301761,12.4678,            29P   1556
221.887,0.302368,12.4678,221.887,0.302617,12.4678,221.888,            29P   1557
0.303425,12.4678,221.889,0.304016,12.4678,221.89,0.305625,            29P   1558
12.4678,221.89,0.306698,12.4678,221.891,0.308148,12.4678,             29P   1559
221.891,0.308882,12.4678,221.892,0.310033,12.4678,221.892,            29P   1560
0.31161,12.4678,221.892,0.313896,12.4678,221.891,0.316141,            29P   1561
12.4678,221.891,0.317938,12.4678,221.89,0.319108,12.4678,             29P   1562
221.889,0.320453,12.4678,221.888,0.322104,12.4678,221.886,            29P   1563
0.323514,12.4678,221.884,0.324383,12.4678,221.882,0.324875,           29P   1564
12.4678,221.881,0.325246,12.4678,221.879,0.325443,12.4678,            29P   1565
221.878,0.325371,12.4678,221.877,0.325221,12.4678,221.876,            29P   1566
0.325149,12.4678,221.876,0.324925,12.4678,221.875,0.324769,           29P   1567
12.4678,221.874,0.324459,12.4678,221.874,0.324336,12.4678,            29P   1568
221.873,0.324021,12.4678,221.872,0.32383,12.4678,221.871,             29P   1569
0.32342,12.4678,221.871,0.323201,12.4678,221.87,0.322772,             29P   1570
12.4678,221.869,0.322561,12.4678,221.864,0.320678,12.4678,            29P   1571
221.859,0.31887,12.4678,221.854,0.316855,12.4678,221.853,             29P   1572
0.31635,12.4678,221.851,0.315744,12.4678,221.85,0.315088,             29P   1573
12.4678,221.841,0.311465,12.4678,221.831,0.307693,12.4678,            29P   1574
221.822,0.303961,12.4678,221.821,0.303328,12.4678,221.819,            29P   1575
0.302713,12.4678,221.807,0.297517,12.4678,221.795,0.292292,           29P   1576
12.4678,221.783,0.28708,12.4678,221.782,0.286544,12.4678,             29P   1577
221.781,0.28596,12.4678,221.779,0.285211,12.4678,221.763,             29P   1578
0.278152,12.4678,221.748,0.270887,12.4678,221.733,0.26351,            29P   1579
12.4678,221.731,0.262869,12.4678,221.73,0.262051,12.4678,             29P   1580
221.711,0.252806,12.4678,221.692,0.243269,12.4678,221.674,            29P   1581
0.233614,12.4678,221.673,0.233003,12.4678,221.672,0.232273,           29P   1582
12.4678,221.67,0.231578,12.4678,221.652,0.221768,12.4678,             29P   1583
221.634,0.21184,12.4678,221.617,0.201505,12.4678,221.616,             29P   1584
0.20092,12.4678,221.614,0.199969,12.4678,221.596,0.189191,            29P   1585
12.4678,221.578,0.178095,12.4678,221.561,0.167013,12.4678,            29P   1586
221.56,0.16643,12.4678,221.558,0.165369,12.4678,221.54,0.153785,      29P   1587
12.4678,221.523,0.141985,12.4678,221.506,0.130276,12.4678,            29P   1588
221.505,0.129708,12.4678,221.504,0.128547,12.4678,221.486,            29P   1589
0.116092,12.4678,221.469,0.103305,12.4678,221.452,0.0906974,          29P   1590
12.4678,221.451,0.0895032,12.4678,221.434,0.0763682,12.4678,          29P   1591
221.417,0.0629691,12.4678,221.401,0.0496459,12.4678,221.4,            29P   1592
0.048354,12.4678,221.383,0.0343213,12.4678,221.367,0.0201163,         29P   1593
12.4678,221.352,0.00595764,12.4678,221.351,0.00469287,12.4678,        29P   1594
221.335,-0.0103354,12.4678,221.319,-0.0257964,12.4678,221.304,        29P   1595
-0.0415695,12.4678,221.289,-0.0574789,12.4678,221.275,                29P   1596
-0.0737656,12.4678,221.261,-0.0903069,12.4678,221.246,-0.107001,      29P   1597
12.4678,221.233,-0.124037,12.4678,221.22,-0.141313,12.4678,           29P   1598
221.206,-0.158764,12.4678,221.194,-0.176592,12.4678,221.182,          29P   1599
-0.194617,12.4678,221.17,-0.212834,12.4678,221.158,-0.231443,         29P   1600
12.4678,221.147,-0.250292,12.4678,221.138,-0.266208,12.4678,          29P   1601
221.129,-0.28236,12.4678,221.114,-0.310915,12.4678,221.107,           29P   1602
-0.324239,12.4678,221.097,-0.346931,12.4678,221.089,-0.363567,        29P   1603
12.4678,221.083,-0.380142,12.4678,221.08,-0.386912,12.4678,           29P   1604
221.097,-0.4179,12.528,221.096,-0.4207,12.528,221.096,-0.424554,      29P   1605
12.528,221.099,-0.429798,12.528,221.102,-0.432024,12.528,             29P   1606
221.106,-0.432969,12.528,221.109,-0.433331,12.528,221.111,            29P   1607
-0.43274,12.528,221.114,-0.43166,12.528,221.114,-0.431415,            29P   1608
12.528,221.115,-0.430897,12.528,221.115,-0.430629,12.528,             29P   1609
221.116,-0.429877,12.528,221.116,-0.429361,12.528,221.12,             29P   1610
-0.424343,12.528,221.124,-0.419502,12.528,221.128,-0.414336,          29P   1611
12.528,221.129,-0.413185,12.528,221.135,-0.405028,12.528,             29P   1612
221.142,-0.396795,12.528,221.148,-0.388488,12.528,221.157,            29P   1613
-0.377162,12.528,221.166,-0.365979,12.528,221.175,-0.355035,          29P   1614
12.528,221.186,-0.341029,12.528,221.198,-0.327083,12.528,             29P   1615
221.209,-0.313267,12.528,221.223,-0.296645,12.528,221.238,            29P   1616
-0.28018,12.528,221.252,-0.263852,12.528,221.266,-0.247899,           29P   1617
12.528,221.28,-0.232098,12.528,221.294,-0.216317,12.528,221.309,      29P   1618
-0.20056,12.528,221.323,-0.184587,12.528,221.338,-0.168867,           29P   1619
12.528,221.353,-0.153348,12.528,221.368,-0.137668,12.528,             29P   1620
221.383,-0.122088,12.528,221.398,-0.106792,12.528,221.414,            29P   1621
-0.0912752,12.528,221.429,-0.075896,12.528,221.444,-0.0607683,        29P   1622
12.528,221.46,-0.0455013,12.528,221.476,-0.0303446,12.528,            29P   1623
221.491,-0.0153913,12.528,221.507,-0.00066273,12.528,221.522,         29P   1624
0.0141437,12.528,221.538,0.0290614,12.528,221.554,0.0439512,          29P   1625
12.528,221.569,0.0586986,12.528,221.571,0.0605844,12.528,             29P   1626
221.586,0.0741907,12.528,221.602,0.0889578,12.528,221.617,            29P   1627
0.103662,12.528,221.62,0.105666,12.528,221.634,0.119159,12.528,       29P   1628
221.649,0.133408,12.528,221.665,0.147754,12.528,221.667,              29P   1629
0.149464,12.528,221.668,0.150434,12.528,221.682,0.163948,12.528,      29P   1630
221.698,0.178114,12.528,221.713,0.192233,12.528,221.714,              29P   1631
0.193775,12.528,221.716,0.194954,12.528,221.731,0.208796,12.528,      29P   1632
221.746,0.222906,12.528,221.761,0.236794,12.528,221.762,              29P   1633
0.238068,12.528,221.764,0.239178,12.528,221.765,0.240265,12.528,      29P   1634
221.777,0.251625,12.528,221.789,0.262832,12.528,221.801,              29P   1635
0.274017,12.528,221.802,0.27497,12.528,221.804,0.276113,12.528,       29P   1636
221.805,0.277409,12.528,221.815,0.286619,12.528,221.825,              29P   1637
0.295754,12.528,221.835,0.30475,12.528,221.836,0.305904,12.528,       29P   1638
221.837,0.307211,12.528,221.844,0.313973,12.528,221.852,              29P   1639
0.320488,12.528,221.858,0.326843,12.528,221.86,0.328005,12.528,       29P   1640
221.861,0.329568,12.528,221.866,0.333853,12.528,221.87,0.337606,      29P   1641
12.528,221.874,0.341176,12.528,221.874,0.341638,12.528,221.875,       29P   1642
0.342296,12.528,221.875,0.342499,12.528,221.876,0.343272,12.528,      29P   1643
221.877,0.343878,12.528,221.878,0.345391,12.528,221.878,              29P   1644
0.346327,12.528,221.879,0.347775,12.528,221.879,0.348653,12.528,      29P   1645
221.88,0.349976,12.528,221.88,0.351581,12.528,221.88,0.353758,        29P   1646
12.528,221.879,0.356065,12.528,221.879,0.357879,12.528,221.878,       29P   1647
0.359236,12.528,221.877,0.36062,12.528,221.876,0.362211,12.528,       29P   1648
221.874,0.363784,12.528,221.872,0.364692,12.528,221.87,0.365246,      29P   1649
12.528,221.869,0.365603,12.528,221.867,0.365839,12.528,221.865,       29P   1650
0.365764,12.528,221.864,0.365599,12.528,221.864,0.365527,12.528,      29P   1651
221.863,0.36528,12.528,221.862,0.365069,12.528,221.862,0.364684,      29P   1652
12.528,221.861,0.364569,12.528,221.861,0.36421,12.528,221.86,         29P   1653
0.363968,12.528,221.859,0.363447,12.528,221.858,0.363169,12.528,      29P   1654
221.857,0.362625,12.528,221.857,0.362358,12.528,221.852,              29P   1655
0.359991,12.528,221.847,0.357712,12.528,221.842,0.355197,12.528,      29P   1656
221.841,0.354548,12.528,221.839,0.353789,12.528,221.838,              29P   1657
0.352961,12.528,221.829,0.348399,12.528,221.819,0.343674,12.528,      29P   1658
221.811,0.339086,12.528,221.809,0.338351,12.528,221.808,              29P   1659
0.337656,12.528,221.796,0.331326,12.528,221.784,0.324978,12.528,      29P   1660
221.772,0.318671,12.528,221.771,0.31793,12.528,221.77,0.317225,       29P   1661
12.528,221.768,0.316318,12.528,221.753,0.307826,12.528,221.737,       29P   1662
0.299101,12.528,221.722,0.290338,12.528,221.721,0.28955,12.528,       29P   1663
221.719,0.288579,12.528,221.701,0.277659,12.528,221.683,              29P   1664
0.266525,12.528,221.665,0.255279,12.528,221.664,0.25452,12.528,       29P   1665
221.662,0.25367,12.528,221.661,0.252864,12.528,221.643,0.241496,      29P   1666
12.528,221.626,0.230019,12.528,221.609,0.218177,12.528,221.608,       29P   1667
0.217452,12.528,221.606,0.216383,12.528,221.588,0.204151,12.528,      29P   1668
221.571,0.191556,12.528,221.554,0.179011,12.528,221.553,              29P   1669
0.178241,12.528,221.551,0.177017,12.528,221.534,0.164043,12.528,      29P   1670
221.517,0.150783,12.528,221.501,0.137729,12.528,221.5,0.136976,       29P   1671
12.528,221.498,0.135625,12.528,221.481,0.12174,12.528,221.464,        29P   1672
0.107541,12.528,221.448,0.0936601,12.528,221.447,0.0922564,           29P   1673
12.528,221.43,0.0778538,12.528,221.414,0.063113,12.528,221.399,       29P   1674
0.0485609,12.528,221.397,0.0469756,12.528,221.381,0.0316882,          29P   1675
12.528,221.366,0.0161575,12.528,221.351,0.000810128,12.528,           29P   1676
221.35,-0.000703386,12.528,221.334,-0.0170628,12.528,221.319,         29P   1677
-0.0337873,12.528,221.305,-0.0507789,12.528,221.291,-0.0679472,       29P   1678
12.528,221.277,-0.0854972,12.528,221.263,-0.103238,12.528,            29P   1679
221.25,-0.12118,12.528,221.237,-0.139446,12.528,221.225,              29P   1680
-0.157875,12.528,221.212,-0.176493,12.528,221.2,-0.195472,            29P   1681
12.528,221.189,-0.214606,12.528,221.178,-0.233978,12.528,             29P   1682
221.167,-0.253815,12.528,221.157,-0.273909,12.528,221.148,            29P   1683
-0.290923,12.528,221.14,-0.307924,12.528,221.127,-0.338149,           29P   1684
12.528,221.121,-0.35205,12.528,221.112,-0.375997,12.528,221.105,      29P   1685
-0.393426,12.528,221.1,-0.410839,12.528,221.097,-0.4179,12.528,       29P   1686
0.,2.01667,0.,2.12324;                                                29P   1687
S      5G      3D     30P   1687                                        T      1
