This is a NASA-IGES-NURBS-Only file converted by:                       S      1
NIGES Translator Version 3.2 developed at NASA Ames Research Center.    S      2
Conversion done on: Mon May 20 14:04:38 1996.                           S      3
>>>>>>>>>>>>>>>>>>>> Original Start Section follows <<<<<<<<<<<<<<<<<<<<S      4
                                                                        S      5
1H,,1H;,,20Hcmpr rotor4     srf ,22HIBM PROFESSIONAL CADAM,47HIBM IGES PG      1
rocessor for AIX and UNIX V2R2 (1994),32,75,6,75,15,,1.,1,4HINCH,1000,  G      2
0.125984,13H960520.101135,1.00000E-06,220.839,,,8,0,;                   G      3
     406       1       1       1       0       0       0       000020101D      1
     406       0       0       1      15                               0D      2
     406       2       1       1       0       0       0       000020101D      3
     406       0       0       1      15                               0D      4
     126       3       0       1       0       0       0       000000000D      5
     126     109       0      33       0                               0D      6
     126      36       0       1       0       0       0       000000000D      7
     126     109       0      35       0                               0D      8
     126      71       0       1       0       0       0       000000000D      9
     126     109       0      33       0                               0D     10
     126     104       0       1       0       0       0       000000000D     11
     126     109       0      35       0                               0D     12
     126     139       0       1       0       0       0       000000000D     13
     126     109       0      35       0                               0D     14
     126     174       0       1       0       0       0       000000000D     15
     126     109       0      35       0                               0D     16
     126     209       0       1       0       0       0       000000000D     17
     126     109       0      34       0                               0D     18
     126     243       0       1       0       0       0       000000000D     19
     126     109       0      34       0                               0D     20
     126     277       0       1       0       0       0       000000000D     21
     126     109       0      35       0                               0D     22
     126     312       0       1       0       0       0       000000000D     23
     126     109       0      34       0                               0D     24
     126     346       0       1       0       0       0       000000000D     25
     126     109       0      33       0                               0D     26
     126     379       0       1       0       0       0       000000000D     27
     126     109       0      33       0                               0D     28
     128     412       0       1       0       0       0       000000000D     29
     128     109       2    2530       0                               0D     30
406,1,23Hcmpr rotor4     srf ,3d;                                      1P      1
406,1,2H3d;                                                            3P      2
126,54,3,0,1,1,0,0.,0.,0.,0.,0.00826425,0.0165264,0.0247816,           5P      3
0.0330446,0.0330446,0.0644704,0.111458,0.174179,0.252355,              5P      4
0.346045,0.439657,0.533201,0.626558,0.719911,0.81324,0.906601,         5P      5
0.999962,1.09325,1.18646,1.27969,1.37285,1.45043,1.51239,              5P      6
1.55871,1.58969,1.58969,1.58969,1.60722,1.62475,1.64228,1.65972,       5P      7
1.65972,1.68954,1.73431,1.79392,1.86847,1.958,2.0475,2.13685,          5P      8
2.22638,2.31588,2.40545,2.49508,2.58481,2.67453,2.76448,2.85445,       5P      9
2.94454,3.0197,3.07978,3.125,3.15505,3.15505,3.15505,3.15505,1.,       5P     10
1.,1.,1.,1.,1.,1.,1.,1.,1.,1.,1.,1.,1.,1.,1.,1.,1.,1.,1.,1.,1.,        5P     11
1.,1.,1.,1.,1.,1.,1.,1.,1.,1.,1.,1.,1.,1.,1.,1.,1.,1.,1.,1.,1.,        5P     12
1.,1.,1.,1.,1.,1.,1.,1.,1.,1.,1.,1.,219.555,0.4679,10.303,             5P     13
219.553,0.469729,10.303,219.547,0.471823,10.303,219.539,               5P     14
0.468782,10.303,219.535,0.461003,10.303,219.536,0.45509,10.303,        5P     15
219.542,0.443611,10.303,219.556,0.421071,10.303,219.58,0.381127,       5P     16
10.303,219.615,0.329076,10.303,219.662,0.266121,10.303,219.718,        5P     17
0.197981,10.303,219.782,0.129725,10.303,219.85,0.0656944,10.303,       5P     18
219.923,0.00620192,10.303,219.998,-0.0484523,10.303,220.078,           5P     19
-0.0979659,10.303,220.16,-0.142318,10.303,220.244,-0.182956,           5P     20
10.303,220.33,-0.218976,10.303,220.417,-0.250868,10.303,220.507,       5P     21
-0.278154,10.303,220.592,-0.300168,10.303,220.668,-0.316064,           5P     22
10.303,220.729,-0.326903,10.303,220.775,-0.333787,10.303,220.8,        5P     23
-0.337202,10.303,220.81,-0.3385,10.303,220.816,-0.339234,10.303,       5P     24
220.829,-0.336349,10.303,220.839,-0.319812,10.303,220.835,             5P     25
-0.300991,10.303,220.824,-0.293823,10.303,220.809,-0.29105,            5P     26
10.303,220.784,-0.286463,10.303,220.74,-0.277283,10.303,220.682,       5P     27
-0.263194,10.303,220.611,-0.24245,10.303,220.531,-0.214905,            5P     28
10.303,220.448,-0.180943,10.303,220.367,-0.142638,10.303,              5P     29
220.289,-0.0997475,10.303,220.212,-0.0529572,10.303,220.139,           5P     30
-0.00153072,10.303,220.067,0.0519938,10.303,219.995,0.105701,          5P     31
10.303,219.924,0.160654,10.303,219.854,0.216227,10.303,219.784,        5P     32
0.272936,10.303,219.718,0.327043,10.303,219.661,0.37569,10.303,        5P     33
219.615,0.414883,10.303,219.581,0.44464,10.303,219.563,0.461253,       5P     34
10.303,219.555,0.4679,10.303,0.,3.15505,0.,0.,0.;                      5P     35
126,55,3,0,1,1,0,0.,0.,0.,0.,0.0081127,0.0162179,0.0243155,            7P     36
0.0324219,0.0324219,0.0324219,0.0637283,0.110719,0.173273,             7P     37
0.25142,0.345151,0.438736,0.5323,0.625711,0.719128,0.812434,           7P     38
0.905711,0.999014,1.09222,1.18548,1.2787,1.37196,1.44976,              7P     39
1.51197,1.55871,1.58985,1.58985,1.60697,1.6241,1.6412,1.65833,         7P     40
1.65833,1.65833,1.68834,1.7332,1.793,1.8678,1.95753,2.04737,           7P     41
2.13713,2.22695,2.31679,2.40678,2.4968,2.58688,2.67704,2.76721,        7P     42
2.85753,2.94795,3.02332,3.08361,3.12896,3.15917,3.15917,3.15917,       7P     43
3.15917,1.,1.,1.,1.,1.,1.,1.,1.,1.,1.,1.,1.,1.,1.,1.,1.,1.,1.,         7P     44
1.,1.,1.,1.,1.,1.,1.,1.,1.,1.,1.,1.,1.,1.,1.,1.,1.,1.,1.,1.,1.,        7P     45
1.,1.,1.,1.,1.,1.,1.,1.,1.,1.,1.,1.,1.,1.,1.,1.,1.,219.563,            7P     46
0.5058,10.455,219.561,0.507668,10.455,219.556,0.509894,10.455,         7P     47
219.548,0.507141,10.455,219.543,0.499587,10.455,219.544,               7P     48
0.493757,10.455,219.545,0.4914,10.455,219.551,0.482295,10.455,         7P     49
219.563,0.459627,10.455,219.587,0.419207,10.455,219.621,               7P     50
0.366529,10.455,219.666,0.302376,10.455,219.72,0.232416,10.455,        7P     51
219.781,0.161524,10.455,219.846,0.0941982,10.455,219.915,              7P     52
0.0307381,10.455,219.987,-0.0287025,10.455,220.062,-0.0837654,         7P     53
10.455,220.141,-0.13478,10.455,220.221,-0.181726,10.455,220.304,       7P     54
-0.224825,10.455,220.389,-0.263601,10.455,220.475,-0.298151,           7P     55
10.455,220.559,-0.326562,10.455,220.634,-0.347862,10.455,              7P     56
220.694,-0.362817,10.455,220.74,-0.372633,10.455,220.765,              7P     57
-0.377464,10.455,220.781,-0.380309,10.455,220.794,-0.378396,           7P     58
10.455,220.805,-0.363034,10.455,220.802,-0.344489,10.455,              7P     59
220.792,-0.33629,10.455,220.787,-0.3348,10.455,220.777,                7P     60
-0.332189,10.455,220.753,-0.325453,10.455,220.71,-0.312346,            7P     61
10.455,220.654,-0.293006,10.455,220.584,-0.266105,10.455,              7P     62
220.506,-0.231906,10.455,220.426,-0.191362,10.455,220.348,             7P     63
-0.14692,10.455,220.272,-0.0986813,10.455,220.199,-0.0468973,          7P     64
10.455,220.128,0.00869516,10.455,220.059,0.0661895,10.455,             7P     65
219.989,0.123877,10.455,219.921,0.182424,10.455,219.853,               7P     66
0.241492,10.455,219.785,0.301465,10.455,219.722,0.358489,10.455,       7P     67
219.666,0.409563,10.455,219.622,0.450581,10.455,219.589,               7P     68
0.481498,10.455,219.571,0.498846,10.455,219.563,0.5058,10.455,         7P     69
0.,3.15917,0.,0.,0.;                                                   7P     70
126,56,3,0,1,1,0,0.,0.,0.,0.,0.00776486,0.0155035,0.0232338,           9P     71
0.0309987,0.0309987,0.0309987,0.0626533,0.110024,0.173296,             9P     72
0.251897,0.345887,0.439872,0.533832,0.627679,0.72148,0.815313,         9P     73
0.909054,1.00281,1.09661,1.1903,1.28402,1.37771,1.45581,1.51828,       9P     74
1.56516,1.59641,1.59641,1.59641,1.61293,1.62946,1.64597,1.66258,       9P     75
1.66258,1.66258,1.69295,1.73843,1.799,1.87486,1.96578,2.05678,         9P     76
2.1479,2.23897,2.33013,2.42128,2.51257,2.60384,2.69523,2.78661,        9P     77
2.87812,2.96963,3.04599,3.10758,3.15383,3.18466,3.18466,3.18466,       9P     78
3.18466,1.,1.,1.,1.,1.,1.,1.,1.,1.,1.,1.,1.,1.,1.,1.,1.,1.,1.,         9P     79
1.,1.,1.,1.,1.,1.,1.,1.,1.,1.,1.,1.,1.,1.,1.,1.,1.,1.,1.,1.,1.,        9P     80
1.,1.,1.,1.,1.,1.,1.,1.,1.,1.,1.,1.,1.,1.,1.,1.,1.,1.,219.575,         9P     81
0.5474,10.7,219.573,0.549249,10.7,219.568,0.55154,10.7,219.56,         9P     82
0.549183,10.7,219.555,0.542087,10.7,219.556,0.536465,10.7,             9P     83
219.558,0.5342,10.7,219.563,0.524964,10.7,219.576,0.501998,10.7,       9P     84
219.599,0.461034,10.7,219.633,0.407381,10.7,219.676,0.341955,          9P     85
10.7,219.729,0.270065,10.7,219.787,0.196651,10.7,219.849,              9P     86
0.126009,10.7,219.915,0.0585245,10.7,219.983,-0.00601138,10.7,         9P     87
220.054,-0.0668989,10.7,220.128,-0.124666,10.7,220.204,                9P     88
-0.179648,10.7,220.282,-0.231386,10.7,220.362,-0.280085,10.7,          9P     89
220.444,-0.325285,10.7,220.524,-0.364639,10.7,220.595,-0.396841,       9P     90
10.7,220.653,-0.420493,10.7,220.696,-0.437207,10.7,220.721,            9P     91
-0.446038,10.7,220.731,-0.4495,10.7,220.736,-0.45133,10.7,             9P     92
220.748,-0.451267,10.7,220.761,-0.438353,10.7,220.762,-0.420269,       9P     93
10.7,220.754,-0.410955,10.7,220.749,-0.4086,10.7,220.739,              9P     94
-0.404294,10.7,220.717,-0.393383,10.7,220.676,-0.373121,10.7,          9P     95
220.622,-0.344593,10.7,220.556,-0.307328,10.7,220.483,-0.262116,       9P     96
10.7,220.407,-0.211643,10.7,220.334,-0.15835,10.7,220.262,             9P     97
-0.102375,10.7,220.192,-0.0440328,10.7,220.124,0.0169374,10.7,         9P     98
220.057,0.0790888,10.7,219.99,0.141342,10.7,219.924,0.204136,          9P     99
10.7,219.858,0.267351,10.7,219.792,0.331069,10.7,219.73,               9P    100
0.391468,10.7,219.676,0.445392,10.7,219.633,0.488833,10.7,219.6,       9P    101
0.521726,10.7,219.582,0.540058,10.7,219.575,0.5474,10.7,0.,            9P    102
3.18466,0.,0.,0.;                                                      9P    103
126,56,3,0,1,1,0,0.,0.,0.,0.,0.00738247,0.0147661,0.0221498,          11P    104
0.0295334,0.0295334,0.0295334,0.0607412,0.107529,0.169956,            11P    105
0.247928,0.342075,0.436315,0.530504,0.624673,0.718858,0.812974,       11P    106
0.907071,1.00113,1.0952,1.18934,1.28344,1.37755,1.456,1.51877,        11P    107
1.56592,1.59732,1.59732,1.59732,1.6131,1.62888,1.64465,1.66041,       11P    108
1.66041,1.66041,1.69105,1.73706,1.79848,1.87525,1.96736,2.05944,      11P    109
2.15161,2.24381,2.33601,2.4283,2.52058,2.61286,2.70521,2.79757,       11P    110
2.88995,2.98229,3.05866,3.11983,3.16566,3.19612,3.19612,3.19612,      11P    111
3.19612,1.,1.,1.,1.,1.,1.,1.,1.,1.,1.,1.,1.,1.,1.,1.,1.,1.,1.,        11P    112
1.,1.,1.,1.,1.,1.,1.,1.,1.,1.,1.,1.,1.,1.,1.,1.,1.,1.,1.,1.,1.,       11P    113
1.,1.,1.,1.,1.,1.,1.,1.,1.,1.,1.,1.,1.,1.,1.,1.,1.,1.,219.572,        11P    114
0.5996,10.941,219.571,0.601444,10.941,219.566,0.603921,10.941,        11P    115
219.558,0.60184,10.941,219.554,0.59513,10.941,219.555,0.589753,       11P    116
10.941,219.556,0.5876,10.941,219.561,0.5785,10.941,219.573,           11P    117
0.555837,10.941,219.597,0.515443,10.941,219.63,0.462143,10.941,       11P    118
219.672,0.396463,10.941,219.723,0.323436,10.941,219.779,              11P    119
0.247994,10.941,219.838,0.174462,10.941,219.899,0.103002,10.941,      11P    120
219.963,0.033924,10.941,220.03,-0.0327815,10.941,220.098,             11P    121
-0.0971422,10.941,220.169,-0.158793,10.941,220.243,-0.218096,         11P    122
10.941,220.318,-0.274522,10.941,220.395,-0.328376,10.941,220.47,      11P    123
-0.376557,10.941,220.537,-0.416838,10.941,220.592,-0.447698,          11P    124
10.941,220.633,-0.469836,10.941,220.657,-0.481851,10.941,             11P    125
220.666,-0.4866,10.941,220.671,-0.488986,10.941,220.682,              11P    126
-0.490468,10.941,220.696,-0.48011,10.941,220.699,-0.463172,           11P    127
10.941,220.693,-0.453278,10.941,220.689,-0.4502,10.941,220.681,       11P    128
-0.444216,10.941,220.66,-0.429202,10.941,220.623,-0.40204,            11P    129
10.941,220.574,-0.36512,10.941,220.513,-0.318143,10.941,220.445,      11P    130
-0.263619,10.941,220.374,-0.204597,10.941,220.305,-0.14427,           11P    131
10.941,220.236,-0.0828434,10.941,220.169,-0.01994,10.941,             11P    132
220.102,0.0439596,10.941,220.036,0.108697,10.941,219.971,             11P    133
0.174059,10.941,219.906,0.239791,10.941,219.842,0.306215,10.941,      11P    134
219.778,0.373173,10.941,219.719,0.436928,10.941,219.667,              11P    135
0.493395,10.941,219.626,0.53875,10.941,219.596,0.57296,10.941,        11P    136
219.579,0.591991,10.941,219.572,0.5996,10.941,0.,3.19612,0.,0.,       11P    137
0.;                                                                   11P    138
126,56,3,0,1,1,0,0.,0.,0.,0.,0.00681759,0.0136528,0.020488,           13P    139
0.0273232,0.0273232,0.0273232,0.0585938,0.105458,0.167874,            13P    140
0.245978,0.339641,0.433083,0.526524,0.619934,0.713433,0.806979,       13P    141
0.900532,0.994099,1.0876,1.18124,1.27488,1.36849,1.44653,             13P    142
1.50889,1.55568,1.58694,1.58694,1.58694,1.60237,1.61781,1.63323,      13P    143
1.64867,1.64867,1.64867,1.67937,1.72556,1.78704,1.86392,1.95618,      13P    144
2.04834,2.14047,2.23261,2.3247,2.41675,2.50876,2.60072,2.69277,       13P    145
2.7847,2.87665,2.96877,3.0456,3.10713,3.15322,3.18399,3.18399,        13P    146
3.18399,3.18399,1.,1.,1.,1.,1.,1.,1.,1.,1.,1.,1.,1.,1.,1.,1.,1.,      13P    147
1.,1.,1.,1.,1.,1.,1.,1.,1.,1.,1.,1.,1.,1.,1.,1.,1.,1.,1.,1.,1.,       13P    148
1.,1.,1.,1.,1.,1.,1.,1.,1.,1.,1.,1.,1.,1.,1.,1.,1.,1.,1.,1.,          13P    149
219.602,0.6095,11.174,219.601,0.611221,11.174,219.596,0.613637,       13P    150
11.174,219.589,0.611823,11.174,219.585,0.605717,11.174,219.585,       13P    151
0.600718,11.174,219.587,0.5987,11.174,219.591,0.589468,11.174,        13P    152
219.604,0.566478,11.174,219.626,0.525503,11.174,219.658,              13P    153
0.471464,11.174,219.698,0.40487,11.174,219.747,0.330987,11.174,       13P    154
219.801,0.254477,11.174,219.857,0.179976,11.174,219.916,              13P    155
0.107453,11.174,219.977,0.0368479,11.174,220.041,-0.0317511,          13P    156
11.174,220.107,-0.0982686,11.174,220.174,-0.163185,11.174,            13P    157
220.243,-0.226323,11.174,220.314,-0.287721,11.174,220.386,            13P    158
-0.34721,11.174,220.456,-0.401617,11.174,220.519,-0.448181,           13P    159
11.174,220.569,-0.484556,11.174,220.608,-0.511132,11.174,             13P    160
220.629,-0.525702,11.174,220.638,-0.5315,11.174,220.642,              13P    161
-0.534361,11.174,220.654,-0.536729,11.174,220.668,-0.527841,          13P    162
11.174,220.673,-0.51155,11.174,220.667,-0.501458,11.174,220.663,      13P    163
-0.4981,11.174,220.655,-0.491422,11.174,220.636,-0.474643,            13P    164
11.174,220.601,-0.444156,11.174,220.555,-0.403287,11.174,             13P    165
220.499,-0.351408,11.174,220.435,-0.292105,11.174,220.368,            13P    166
-0.228259,11.174,220.303,-0.163515,11.174,220.238,-0.0980996,         13P    167
11.174,220.174,-0.0315794,11.174,220.112,0.0359396,11.174,            13P    168
220.05,0.103723,11.174,219.988,0.171895,11.174,219.926,0.24021,       13P    169
11.174,219.865,0.308886,11.174,219.804,0.377687,11.174,219.747,       13P    170
0.443035,11.174,219.696,0.500929,11.174,219.656,0.547385,11.174,      13P    171
219.626,0.582337,11.174,219.609,0.601734,11.174,219.602,0.6095,       13P    172
11.174,0.,3.18399,0.,0.,0.;                                           13P    173
126,56,3,0,1,1,0,0.,0.,0.,0.,0.00640378,0.0127821,0.0191605,          15P    174
0.0255388,0.0255388,0.0255388,0.0568045,0.103652,0.166204,            15P    175
0.244306,0.338053,0.431798,0.52554,0.619284,0.71299,0.806595,         15P    176
0.900252,0.9939,1.08752,1.18102,1.2746,1.36809,1.44597,1.50834,       15P    177
1.55507,1.58623,1.58623,1.58623,1.60129,1.61635,1.63139,1.64654,      15P    178
1.64654,1.64654,1.6773,1.72348,1.785,1.86193,1.95429,2.04666,         15P    179
2.13906,2.23157,2.32407,2.41649,2.50903,2.60152,2.69404,2.78666,      15P    180
2.87911,2.97165,3.04876,3.11045,3.15674,3.18754,3.18754,3.18754,      15P    181
3.18754,1.,1.,1.,1.,1.,1.,1.,1.,1.,1.,1.,1.,1.,1.,1.,1.,1.,1.,        15P    182
1.,1.,1.,1.,1.,1.,1.,1.,1.,1.,1.,1.,1.,1.,1.,1.,1.,1.,1.,1.,1.,       15P    183
1.,1.,1.,1.,1.,1.,1.,1.,1.,1.,1.,1.,1.,1.,1.,1.,1.,1.,219.613,        15P    184
0.6319,11.401,219.612,0.633565,11.401,219.607,0.635902,11.401,        15P    185
219.601,0.634435,11.401,219.597,0.628745,11.401,219.597,              15P    186
0.624089,11.401,219.598,0.6222,11.401,219.603,0.612939,11.401,        15P    187
219.615,0.589869,11.401,219.637,0.548645,11.401,219.668,              15P    188
0.494185,11.401,219.708,0.426935,11.401,219.755,0.352056,11.401,      15P    189
219.807,0.274235,11.401,219.862,0.198009,11.401,219.919,              15P    190
0.123537,11.401,219.978,0.0507392,11.401,220.039,-0.0203162,          15P    191
11.401,220.102,-0.0895357,11.401,220.167,-0.157333,11.401,            15P    192
220.233,-0.223655,11.401,220.3,-0.288264,11.401,220.369,              15P    193
-0.351358,11.401,220.436,-0.40937,11.401,220.496,-0.459234,           15P    194
11.401,220.544,-0.498491,11.401,220.581,-0.527257,11.401,             15P    195
220.602,-0.543094,11.401,220.61,-0.5494,11.401,220.614,               15P    196
-0.552447,11.401,220.625,-0.555627,11.401,220.639,-0.547951,          15P    197
11.401,220.645,-0.532303,11.401,220.64,-0.522104,11.401,220.637,      15P    198
-0.5186,11.401,220.629,-0.511482,11.401,220.611,-0.493647,            15P    199
11.401,220.578,-0.461325,11.401,220.534,-0.418164,11.401,220.48,      15P    200
-0.363639,11.401,220.419,-0.30121,11.401,220.355,-0.234404,           15P    201
11.401,220.292,-0.166894,11.401,220.229,-0.0986243,11.401,            15P    202
220.168,-0.0296299,11.401,220.107,0.0400318,11.401,220.047,           15P    203
0.110292,11.401,219.987,0.180546,11.401,219.927,0.251197,11.401,      15P    204
219.867,0.322006,11.401,219.808,0.393108,11.401,219.752,0.46034,      15P    205
11.401,219.704,0.52014,11.401,219.664,0.567877,11.401,219.635,        15P    206
0.603872,11.401,219.619,0.623893,11.401,219.613,0.6319,11.401,        15P    207
0.,3.18754,0.,0.,0.;                                                  15P    208
126,55,3,0,1,1,0,0.,0.,0.,0.,0.00543066,0.0108277,0.0162301,          17P    209
0.0216298,0.0216298,0.0216298,0.0527561,0.0994905,0.161798,           17P    210
0.239668,0.333166,0.426567,0.519992,0.613378,0.706667,0.800027,       17P    211
0.89333,0.986542,1.07971,1.17289,1.26606,1.35912,1.43662,             17P    212
1.49852,1.54502,1.57603,1.57603,1.57603,1.59044,1.60487,1.61928,      17P    213
1.63363,1.63363,1.66435,1.71031,1.77178,1.84859,1.94077,2.03301,      17P    214
2.1252,2.21747,2.30984,2.4022,2.49456,2.58698,2.6794,2.77188,         17P    215
2.86423,2.95674,3.03376,3.09544,3.14163,3.17251,3.17251,3.17251,      17P    216
3.17251,1.,1.,1.,1.,1.,1.,1.,1.,1.,1.,1.,1.,1.,1.,1.,1.,1.,1.,        17P    217
1.,1.,1.,1.,1.,1.,1.,1.,1.,1.,1.,1.,1.,1.,1.,1.,1.,1.,1.,1.,1.,       17P    218
1.,1.,1.,1.,1.,1.,1.,1.,1.,1.,1.,1.,1.,1.,1.,1.,1.,219.637,           17P    219
0.6704,11.838,219.636,0.671886,11.838,219.633,0.674025,11.838,        17P    220
219.627,0.673075,11.838,219.623,0.66839,11.838,219.624,0.664416,      17P    221
11.838,219.625,0.6628,11.838,219.629,0.653483,11.838,219.641,         17P    222
0.630221,11.838,219.662,0.588525,11.838,219.691,0.53332,11.838,       17P    223
219.728,0.465012,11.838,219.772,0.388509,11.838,219.821,              17P    224
0.308825,11.838,219.871,0.230183,11.838,219.924,0.15294,11.838,       17P    225
219.978,0.0768372,11.838,220.034,0.0022195,11.838,220.091,            17P    226
-0.0712039,11.838,220.151,-0.143216,11.838,220.212,-0.213839,         17P    227
11.838,220.274,-0.283026,11.838,220.338,-0.350809,11.838,220.4,       17P    228
-0.413456,11.838,220.455,-0.467529,11.838,220.5,-0.510083,            17P    229
11.838,220.534,-0.541566,11.838,220.553,-0.558895,11.838,             17P    230
220.561,-0.5658,11.838,220.565,-0.56901,11.838,220.575,               17P    231
-0.572685,11.838,220.589,-0.566245,11.838,220.595,-0.551634,          17P    232
11.838,220.591,-0.541749,11.838,220.581,-0.5306,11.838,220.564,       17P    233
-0.511628,11.838,220.533,-0.477507,11.838,220.492,-0.431613,          17P    234
11.838,220.442,-0.373934,11.838,220.385,-0.307962,11.838,             17P    235
220.325,-0.237635,11.838,220.266,-0.166555,11.838,220.208,            17P    236
-0.094979,11.838,220.151,-0.0227185,11.838,220.094,0.0502417,         17P    237
11.838,220.038,0.123581,11.838,219.982,0.197142,11.838,219.927,       17P    238
0.27108,11.838,219.871,0.345215,11.838,219.817,0.419665,11.838,       17P    239
219.765,0.490417,11.838,219.72,0.552865,11.838,219.685,0.603208,      17P    240
11.838,219.658,0.640894,11.838,219.643,0.661953,11.838,219.637,       17P    241
0.6704,11.838,0.,3.17251,0.,0.,0.;                                    17P    242
126,55,3,0,1,1,0,0.,0.,0.,0.,0.00488276,0.00976768,0.0146526,         19P    243
0.0195375,0.0195375,0.0195375,0.0506261,0.0973183,0.159615,           19P    244
0.237353,0.330714,0.424039,0.517336,0.610461,0.703734,0.796922,       19P    245
0.889927,0.982993,1.07603,1.16894,1.26191,1.35464,1.43202,            19P    246
1.49375,1.54007,1.57097,1.57097,1.57097,1.58501,1.59905,1.61308,      19P    247
1.62703,1.62703,1.65773,1.70362,1.76494,1.84164,1.93367,2.02582,      19P    248
2.11799,2.21014,2.30236,2.39467,2.48698,2.57933,2.67169,2.76407,      19P    249
2.85646,2.94891,3.0259,3.08758,3.13379,3.16458,3.16458,3.16458,       19P    250
3.16458,1.,1.,1.,1.,1.,1.,1.,1.,1.,1.,1.,1.,1.,1.,1.,1.,1.,1.,        19P    251
1.,1.,1.,1.,1.,1.,1.,1.,1.,1.,1.,1.,1.,1.,1.,1.,1.,1.,1.,1.,1.,       19P    252
1.,1.,1.,1.,1.,1.,1.,1.,1.,1.,1.,1.,1.,1.,1.,1.,1.,219.652,           19P    253
0.6883,12.059,219.651,0.689666,12.059,219.648,0.69177,12.059,         19P    254
219.642,0.691022,12.059,219.639,0.68689,12.059,219.639,0.683275,      19P    255
12.059,219.64,0.6818,12.059,219.644,0.672415,12.059,219.655,          19P    256
0.648979,12.059,219.676,0.606989,12.059,219.704,0.551324,12.059,      19P    257
219.74,0.482359,12.059,219.782,0.405161,12.059,219.829,0.324318,      19P    258
12.059,219.878,0.244681,12.059,219.928,0.166066,12.059,219.98,        19P    259
0.0886365,12.059,220.033,0.0123607,12.059,220.088,-0.0627267,         19P    260
12.059,220.145,-0.13651,12.059,220.203,-0.20896,12.059,220.263,       19P    261
-0.280247,12.059,220.324,-0.350055,12.059,220.383,-0.41474,           19P    262
12.059,220.436,-0.470773,12.059,220.48,-0.514921,12.059,220.512,      19P    263
-0.547641,12.059,220.531,-0.565629,12.059,220.538,-0.5728,            19P    264
12.059,220.542,-0.576057,12.059,220.551,-0.579957,12.059,             19P    265
220.566,-0.57411,12.059,220.572,-0.560056,12.059,220.568,             19P    266
-0.550325,12.059,220.559,-0.53904,12.059,220.542,-0.519662,           19P    267
12.059,220.512,-0.484728,12.059,220.473,-0.437813,12.059,             19P    268
220.424,-0.378827,12.059,220.369,-0.311482,12.059,220.311,            19P    269
-0.239486,12.059,220.255,-0.166889,12.059,220.198,-0.0937892,         19P    270
12.059,220.143,-0.0200014,12.059,220.089,0.054579,12.059,             19P    271
220.034,0.129332,12.059,219.981,0.204564,12.059,219.928,              19P    272
0.280053,12.059,219.875,0.355862,12.059,219.823,0.431951,12.059,      19P    273
219.773,0.504169,12.059,219.731,0.568233,12.059,219.697,              19P    274
0.619581,12.059,219.671,0.65818,12.059,219.657,0.679689,12.059,       19P    275
219.652,0.6883,12.059,0.,3.16458,0.,0.,0.;                            19P    276
126,56,3,0,1,1,0,0.,0.,0.,0.,0.00438228,0.00870894,0.0130356,         21P    277
0.0173623,0.0173623,0.0173623,0.0485135,0.0952245,0.157488,           21P    278
0.235303,0.328603,0.421859,0.515109,0.608336,0.701541,0.794655,       21P    279
0.887681,0.980691,1.07367,1.16659,1.25934,1.35211,1.42939,            21P    280
1.49117,1.5375,1.56833,1.56833,1.56833,1.58193,1.59554,1.60913,       21P    281
1.62283,1.62283,1.62283,1.65342,1.69943,1.7607,1.83735,1.92937,       21P    282
2.02153,2.11365,2.20581,2.29808,2.39042,2.48275,2.57516,2.66755,      21P    283
2.75997,2.85238,2.9449,3.02202,3.08374,3.13002,3.16083,3.16083,       21P    284
3.16083,3.16083,1.,1.,1.,1.,1.,1.,1.,1.,1.,1.,1.,1.,1.,1.,1.,1.,      21P    285
1.,1.,1.,1.,1.,1.,1.,1.,1.,1.,1.,1.,1.,1.,1.,1.,1.,1.,1.,1.,1.,       21P    286
1.,1.,1.,1.,1.,1.,1.,1.,1.,1.,1.,1.,1.,1.,1.,1.,1.,1.,1.,1.,          21P    287
219.667,0.7086,12.282,219.667,0.709853,12.282,219.664,0.711702,       21P    288
12.282,219.659,0.711249,12.282,219.656,0.707612,12.282,219.656,       21P    289
0.704417,12.282,219.657,0.7031,12.282,219.661,0.693617,12.282,        21P    290
219.672,0.669954,12.282,219.691,0.627563,12.282,219.718,              21P    291
0.571354,12.282,219.753,0.501682,12.282,219.793,0.42347,12.282,       21P    292
219.838,0.341549,12.282,219.884,0.260568,12.282,219.932,              21P    293
0.180431,12.282,219.981,0.101381,12.282,220.032,0.0232554,            21P    294
12.282,220.084,-0.0538029,12.282,220.138,-0.129581,12.282,            21P    295
220.194,-0.204197,12.282,220.251,-0.277461,12.282,220.309,            21P    296
-0.349454,12.282,220.366,-0.415986,12.282,220.418,-0.473718,          21P    297
12.282,220.459,-0.519122,12.282,220.491,-0.552735,12.282,             21P    298
220.509,-0.571168,12.282,220.517,-0.5785,12.282,220.52,               21P    299
-0.581733,12.282,220.529,-0.585708,12.282,220.543,-0.580336,          21P    300
12.282,220.549,-0.566839,12.282,220.546,-0.557186,12.282,             21P    301
220.543,-0.5537,12.282,220.537,-0.545917,12.282,220.52,               21P    302
-0.526383,12.282,220.491,-0.491027,12.282,220.452,-0.443498,          21P    303
12.282,220.405,-0.383471,12.282,220.351,-0.31477,12.282,220.296,      21P    304
-0.241337,12.282,220.241,-0.167102,12.282,220.187,-0.0921646,         21P    305
12.282,220.134,-0.0166044,12.282,220.083,0.0597348,12.282,            21P    306
220.031,0.136497,12.282,219.98,0.213429,12.282,219.929,0.290772,      21P    307
12.282,219.879,0.368337,12.282,219.83,0.446288,12.282,219.783,        21P    308
0.520202,12.282,219.742,0.585695,12.282,219.71,0.638304,12.282,       21P    309
219.686,0.67777,12.282,219.673,0.699788,12.282,219.667,0.7086,        21P    310
12.282,0.,3.16083,0.,0.,0.;                                           21P    311
126,55,3,0,1,1,0,0.,0.,0.,0.,0.00386905,0.00776801,0.011667,          23P    312
0.0155659,0.0155659,0.0155659,0.04691,0.0937784,0.156239,             23P    313
0.234294,0.327895,0.421419,0.514891,0.60834,0.701708,0.794972,        23P    314
0.888289,0.981401,1.07453,1.16765,1.26072,1.35375,1.43132,            23P    315
1.49342,1.54,1.57112,1.57112,1.58451,1.59791,1.6113,1.62461,          23P    316
1.62461,1.62461,1.65523,1.70112,1.76246,1.83904,1.93105,2.02305,      23P    317
2.11515,2.20733,2.29963,2.39197,2.4843,2.57675,2.66933,2.76188,       23P    318
2.8545,2.94718,3.02445,3.08636,3.13273,3.16368,3.16368,3.16368,       23P    319
3.16368,1.,1.,1.,1.,1.,1.,1.,1.,1.,1.,1.,1.,1.,1.,1.,1.,1.,1.,        23P    320
1.,1.,1.,1.,1.,1.,1.,1.,1.,1.,1.,1.,1.,1.,1.,1.,1.,1.,1.,1.,1.,       23P    321
1.,1.,1.,1.,1.,1.,1.,1.,1.,1.,1.,1.,1.,1.,1.,1.,1.,219.673,           23P    322
0.7253,12.453,219.673,0.726422,12.453,219.67,0.728236,12.453,         23P    323
219.666,0.727771,12.453,219.663,0.724594,12.453,219.663,              23P    324
0.721691,12.453,219.664,0.7205,12.453,219.668,0.710923,12.453,        23P    325
219.679,0.687056,12.453,219.698,0.644203,12.453,219.724,              23P    326
0.587562,12.453,219.757,0.517003,12.453,219.797,0.437913,12.453,      23P    327
219.84,0.354885,12.453,219.884,0.27268,12.453,219.93,0.19128,         23P    328
12.453,219.978,0.110803,12.453,220.026,0.0311254,12.453,220.076,      23P    329
-0.0475228,12.453,220.129,-0.124455,12.453,220.184,-0.19983,          23P    330
12.453,220.241,-0.273194,12.453,220.301,-0.344694,12.453,220.36,      23P    331
-0.409927,12.453,220.414,-0.465431,12.453,220.459,-0.508461,          23P    332
12.453,220.493,-0.539792,12.453,220.513,-0.556768,12.453,             23P    333
220.524,-0.566397,12.453,220.533,-0.569892,12.453,220.547,            23P    334
-0.563606,12.453,220.552,-0.549916,12.453,220.548,-0.540695,          23P    335
12.453,220.545,-0.5376,12.453,220.538,-0.530484,12.453,220.519,       23P    336
-0.512578,12.453,220.487,-0.47972,12.453,220.445,-0.434955,           23P    337
12.453,220.395,-0.377566,12.453,220.339,-0.310892,12.453,             23P    338
220.282,-0.238498,12.453,220.227,-0.16472,12.453,220.174,             23P    339
-0.089424,12.453,220.122,-0.0131031,12.453,220.072,0.0645339,         23P    340
12.453,220.023,0.142591,12.453,219.973,0.220982,12.453,219.925,       23P    341
0.299761,12.453,219.877,0.378756,12.453,219.829,0.458184,12.453,      23P    342
219.784,0.53342,12.453,219.745,0.600148,12.453,219.714,0.653702,      23P    343
12.453,219.691,0.693921,12.453,219.678,0.716324,12.453,219.673,       23P    344
0.7253,12.453,0.,3.16368,0.,0.,0.;                                    23P    345
126,54,3,0,1,1,0,0.,0.,0.,0.,0.0034853,0.00691976,0.0103542,          25P    346
0.0137887,0.0137887,0.0137887,0.0456967,0.0934923,0.157246,           25P    347
0.236763,0.332036,0.427158,0.522158,0.617066,0.711867,0.806639,       25P    348
0.901314,0.995922,1.09069,1.18581,1.28152,1.3782,1.45994,             25P    349
1.52646,1.57712,1.61127,1.61127,1.62493,1.63859,1.65224,1.66596,      25P    350
1.66596,1.69912,1.74836,1.81307,1.89278,1.98732,2.08087,2.17404,      25P    351
2.26705,2.35986,2.45285,2.54592,2.63916,2.73243,2.82589,2.91944,      25P    352
3.01312,3.09128,3.154,3.20101,3.23241,3.23241,3.23241,3.23241,        25P    353
1.,1.,1.,1.,1.,1.,1.,1.,1.,1.,1.,1.,1.,1.,1.,1.,1.,1.,1.,1.,1.,       25P    354
1.,1.,1.,1.,1.,1.,1.,1.,1.,1.,1.,1.,1.,1.,1.,1.,1.,1.,1.,1.,1.,       25P    355
1.,1.,1.,1.,1.,1.,1.,1.,1.,1.,1.,1.,1.,219.649,0.7524,12.65,          25P    356
219.648,0.753433,12.65,219.646,0.75499,12.65,219.643,0.754756,        25P    357
12.65,219.64,0.751879,12.65,219.64,0.749356,12.65,219.641,            25P    358
0.7483,12.65,219.645,0.738488,12.65,219.655,0.714008,12.65,           25P    359
219.674,0.670087,12.65,219.7,0.611845,12.65,219.733,0.53955,          25P    360
12.65,219.772,0.458306,12.65,219.814,0.373235,12.65,219.858,          25P    361
0.288881,12.65,219.903,0.205495,12.65,219.95,0.122993,12.65,          25P    362
219.998,0.0412493,12.65,220.049,-0.0387684,12.65,220.105,             25P    363
-0.115263,12.65,220.165,-0.188154,12.65,220.232,-0.256706,12.65,      25P    364
220.303,-0.320462,12.65,220.376,-0.375236,12.65,220.446,              25P    365
-0.418475,12.65,220.505,-0.449337,12.65,220.551,-0.470027,12.65,      25P    366
220.577,-0.480544,12.65,220.592,-0.486222,12.65,220.602,              25P    367
-0.487129,12.65,220.613,-0.476839,12.65,220.614,-0.462049,12.65,      25P    368
220.608,-0.453749,12.65,220.593,-0.447434,12.65,220.568,              25P    369
-0.435929,12.65,220.525,-0.413458,12.65,220.469,-0.380953,12.65,      25P    370
220.403,-0.336141,12.65,220.333,-0.280629,12.65,220.264,              25P    371
-0.216849,12.65,220.2,-0.148866,12.65,220.141,-0.0772936,12.65,       25P    372
220.086,-0.00254342,12.65,220.035,0.0752003,12.65,219.986,            25P    373
0.154389,12.65,219.937,0.234023,12.65,219.89,0.314261,12.65,          25P    374
219.843,0.395163,12.65,219.797,0.476556,12.65,219.754,0.553982,       25P    375
12.65,219.717,0.622835,12.65,219.687,0.678119,12.65,219.666,          25P    376
0.719873,12.65,219.654,0.743094,12.65,219.649,0.7524,12.65,0.,        25P    377
3.23241,0.,0.,0.;                                                     25P    378
126,54,3,0,1,1,0,0.,0.,0.,0.,0.00826425,0.0165264,0.0247816,          27P    379
0.0330446,0.0330446,0.0644704,0.111458,0.174179,0.252355,             27P    380
0.346045,0.439657,0.533201,0.626558,0.719911,0.81324,0.906601,        27P    381
0.999962,1.09325,1.18646,1.27969,1.37285,1.45043,1.51239,             27P    382
1.55871,1.58969,1.58969,1.58969,1.60722,1.62475,1.64228,1.65972,      27P    383
1.65972,1.68954,1.73431,1.79392,1.86847,1.958,2.0475,2.13685,         27P    384
2.22638,2.31588,2.40545,2.49508,2.58481,2.67453,2.76448,2.85445,      27P    385
2.94454,3.0197,3.07978,3.125,3.15505,3.15505,3.15505,3.15505,1.,      27P    386
1.,1.,1.,1.,1.,1.,1.,1.,1.,1.,1.,1.,1.,1.,1.,1.,1.,1.,1.,1.,1.,       27P    387
1.,1.,1.,1.,1.,1.,1.,1.,1.,1.,1.,1.,1.,1.,1.,1.,1.,1.,1.,1.,1.,       27P    388
1.,1.,1.,1.,1.,1.,1.,1.,1.,1.,1.,1.,219.555,0.4679,10.288,            27P    389
219.553,0.469729,10.288,219.547,0.471823,10.288,219.539,              27P    390
0.468782,10.288,219.535,0.461003,10.288,219.536,0.45509,10.288,       27P    391
219.542,0.443611,10.288,219.556,0.421071,10.288,219.58,0.381127,      27P    392
10.288,219.615,0.329076,10.288,219.662,0.266121,10.288,219.718,       27P    393
0.197981,10.288,219.782,0.129725,10.288,219.85,0.0656944,10.288,      27P    394
219.923,0.00620192,10.288,219.998,-0.0484523,10.288,220.078,          27P    395
-0.0979659,10.288,220.16,-0.142318,10.288,220.244,-0.182956,          27P    396
10.288,220.33,-0.218976,10.288,220.417,-0.250868,10.288,220.507,      27P    397
-0.278154,10.288,220.592,-0.300168,10.288,220.668,-0.316064,          27P    398
10.288,220.729,-0.326903,10.288,220.775,-0.333787,10.288,220.8,       27P    399
-0.337202,10.288,220.81,-0.3385,10.288,220.816,-0.339234,10.288,      27P    400
220.829,-0.336349,10.288,220.839,-0.319812,10.288,220.835,            27P    401
-0.300991,10.288,220.824,-0.293823,10.288,220.809,-0.29105,           27P    402
10.288,220.784,-0.286463,10.288,220.74,-0.277283,10.288,220.682,      27P    403
-0.263194,10.288,220.611,-0.24245,10.288,220.531,-0.214905,           27P    404
10.288,220.448,-0.180943,10.288,220.367,-0.142638,10.288,             27P    405
220.289,-0.0997475,10.288,220.212,-0.0529572,10.288,220.139,          27P    406
-0.00153072,10.288,220.067,0.0519938,10.288,219.995,0.105701,         27P    407
10.288,219.924,0.160654,10.288,219.854,0.216227,10.288,219.784,       27P    408
0.272936,10.288,219.718,0.327043,10.288,219.661,0.37569,10.288,       27P    409
219.615,0.414883,10.288,219.581,0.44464,10.288,219.563,0.461253,      27P    410
10.288,219.555,0.4679,10.288,0.,3.15505,0.,0.,0.;                     27P    411
128,402,12,3,3,1,0,1,0,0,0.,0.,0.,0.,0.0034019,0.00437426,            29P    412
0.00540077,0.0072876,0.00826425,0.00973827,0.0107681,0.0135287,       29P    413
0.0135287,0.0153593,0.0153593,0.0165264,0.0165264,0.0189652,          29P    414
0.0189652,0.0203018,0.0218651,0.0218651,0.0230178,0.0247816,          29P    415
0.0247816,0.0270748,0.0270748,0.0291539,0.0291539,0.0307105,          29P    416
0.0307105,0.0330446,0.0330446,0.0467821,0.0484247,0.0504737,          29P    417
0.0524658,0.0562255,0.0580612,0.0599607,0.0620707,0.0644704,          29P    418
0.0935227,0.0950503,0.0970253,0.0989429,0.102596,0.1045,              29P    419
0.106148,0.109001,0.111458,0.153483,0.155813,0.157199,0.159135,       29P    420
0.160908,0.16451,0.166348,0.167772,0.171685,0.173047,0.174179,        29P    421
0.231097,0.233655,0.234872,0.236639,0.238348,0.241816,0.243742,       29P    422
0.244742,0.249555,0.251092,0.252355,0.32409,0.327001,0.328001,        29P    423
0.329719,0.331332,0.334607,0.336554,0.337679,0.342671,0.344701,       29P    424
0.346045,0.416936,0.421087,0.422762,0.424219,0.429147,0.430709,       29P    425
0.435782,0.438164,0.509662,0.514166,0.515779,0.51713,0.520184,        29P    426
0.521738,0.523687,0.528868,0.531607,0.533201,0.602299,0.607222,       29P    427
0.608623,0.610002,0.612972,0.6143,0.616646,0.621843,0.624895,         29P    428
0.694831,0.700257,0.701616,0.702778,0.706949,0.709621,0.714771,       29P    429
0.718191,0.719911,0.787335,0.7932,0.794523,0.795624,0.798374,         29P    430
0.799645,0.802528,0.807732,0.811376,0.81324,0.879744,0.886056,        29P    431
0.887248,0.888413,0.891076,0.892347,0.895415,0.900601,0.904531,       29P    432
0.906601,0.972088,0.978896,0.980034,0.981112,0.98377,0.985063,        29P    433
0.98827,0.993484,0.997712,0.999962,1.06459,1.07171,1.07377,           29P    434
1.07644,1.07772,1.08113,1.08641,1.0908,1.09325,1.15744,1.16542,       29P    435
1.16644,1.16899,1.1705,1.17406,1.17923,1.18393,1.18646,1.25085,       29P    436
1.25704,1.25909,1.26161,1.26329,1.26694,1.27208,1.27703,1.27969,      29P    437
1.34521,1.35056,1.35164,1.35415,1.35605,1.35985,1.3649,1.37017,       29P    438
1.37285,1.42501,1.42771,1.42872,1.43124,1.43339,1.43729,1.44228,      29P    439
1.44787,1.45043,1.48926,1.49027,1.49296,1.49517,1.49926,1.50417,      29P    440
1.51,1.51239,1.53543,1.53922,1.54154,1.5458,1.55061,1.55668,          29P    441
1.55871,1.56624,1.56624,1.56735,1.56735,1.57006,1.57006,1.57252,      29P    442
1.57252,1.5768,1.5768,1.57903,1.58023,1.58157,1.58157,1.58497,        29P    443
1.58605,1.58778,1.58778,1.58969,1.58969,1.59237,1.59424,1.59603,      29P    444
1.59793,1.59987,1.6031,1.60488,1.60618,1.60722,1.60822,1.61036,       29P    445
1.6127,1.61431,1.61839,1.61986,1.61986,1.62198,1.62198,1.62351,       29P    446
1.62475,1.62475,1.6261,1.6261,1.63067,1.63067,1.63368,1.63368,        29P    447
1.63907,1.63907,1.64228,1.64712,1.64712,1.65072,1.65274,1.65617,      29P    448
1.65617,1.65846,1.65972,1.65972,1.6641,1.66932,1.67721,1.68614,       29P    449
1.68954,1.69632,1.6985,1.70089,1.70591,1.70988,1.71474,1.72227,       29P    450
1.73094,1.73431,1.75748,1.75963,1.76203,1.76681,1.76968,1.7708,       29P    451
1.77537,1.78228,1.79066,1.79392,1.83399,1.83609,1.83842,1.84296,      29P    452
1.84697,1.85115,1.85743,1.86537,1.86847,1.92584,1.92785,1.93009,      29P    453
1.9384,1.93976,1.94208,1.9475,1.95498,1.958,2.01783,2.02182,          29P    454
2.0258,2.02972,2.03107,2.03298,2.03766,2.04471,2.0475,2.10978,        29P    455
2.11162,2.1135,2.11726,2.12102,2.12201,2.12396,2.12792,2.13434,       29P    456
2.13685,2.20178,2.20349,2.20526,2.20883,2.21232,2.21498,2.21815,      29P    457
2.22405,2.22638,2.29388,2.29543,2.29713,2.30357,2.30599,2.30847,      29P    458
2.31377,2.31588,2.38604,2.38746,2.38898,2.39186,2.39479,2.3971,       29P    459
2.39877,2.40365,2.40545,2.4782,2.47949,2.48083,2.48346,2.48596,       29P    460
2.4882,2.48921,2.49354,2.49508,2.57045,2.57156,2.57274,2.575,         29P    461
2.57601,2.57708,2.57963,2.58351,2.58481,2.66205,2.66365,2.66466,      29P    462
2.66658,2.6683,2.67017,2.67453,2.75492,2.75663,2.75826,2.75939,       29P    463
2.7607,2.76448,2.84716,2.84846,2.84976,2.85136,2.85282,2.85445,       29P    464
2.93914,2.94047,2.94201,2.94454,3.01649,3.01767,3.0197,3.07869,       29P    465
3.07978,3.125,3.15505,3.15505,3.15505,3.15505,0.,0.,0.,0.,            29P    466
0.171443,0.42022,0.666822,0.901929,1.13028,1.56965,1.79184,           29P    467
2.01631,2.18823,2.38859,2.38859,2.38859,2.38859,1.,1.,1.,1.,1.,       29P    468
1.,1.,1.,1.,1.,1.,1.,1.,1.,1.,1.,1.,1.,1.,1.,1.,1.,1.,1.,1.,1.,       29P    469
1.,1.,1.,1.,1.,1.,1.,1.,1.,1.,1.,1.,1.,1.,1.,1.,1.,1.,1.,1.,1.,       29P    470
1.,1.,1.,1.,1.,1.,1.,1.,1.,1.,1.,1.,1.,1.,1.,1.,1.,1.,1.,1.,1.,       29P    471
1.,1.,1.,1.,1.,1.,1.,1.,1.,1.,1.,1.,1.,1.,1.,1.,1.,1.,1.,1.,1.,       29P    472
1.,1.,1.,1.,1.,1.,1.,1.,1.,1.,1.,1.,1.,1.,1.,1.,1.,1.,1.,1.,1.,       29P    473
1.,1.,1.,1.,1.,1.,1.,1.,1.,1.,1.,1.,1.,1.,1.,1.,1.,1.,1.,1.,1.,       29P    474
1.,1.,1.,1.,1.,1.,1.,1.,1.,1.,1.,1.,1.,1.,1.,1.,1.,1.,1.,1.,1.,       29P    475
1.,1.,1.,1.,1.,1.,1.,1.,1.,1.,1.,1.,1.,1.,1.,1.,1.,1.,1.,1.,1.,       29P    476
1.,1.,1.,1.,1.,1.,1.,1.,1.,1.,1.,1.,1.,1.,1.,1.,1.,1.,1.,1.,1.,       29P    477
1.,1.,1.,1.,1.,1.,1.,1.,1.,1.,1.,1.,1.,1.,1.,1.,1.,1.,1.,1.,1.,       29P    478
1.,1.,1.,1.,1.,1.,1.,1.,1.,1.,1.,1.,1.,1.,1.,1.,1.,1.,1.,1.,1.,       29P    479
1.,1.,1.,1.,1.,1.,1.,1.,1.,1.,1.,1.,1.,1.,1.,1.,1.,1.,1.,1.,1.,       29P    480
1.,1.,1.,1.,1.,1.,1.,1.,1.,1.,1.,1.,1.,1.,1.,1.,1.,1.,1.,1.,1.,       29P    481
1.,1.,1.,1.,1.,1.,1.,1.,1.,1.,1.,1.,1.,1.,1.,1.,1.,1.,1.,1.,1.,       29P    482
1.,1.,1.,1.,1.,1.,1.,1.,1.,1.,1.,1.,1.,1.,1.,1.,1.,1.,1.,1.,1.,       29P    483
1.,1.,1.,1.,1.,1.,1.,1.,1.,1.,1.,1.,1.,1.,1.,1.,1.,1.,1.,1.,1.,       29P    484
1.,1.,1.,1.,1.,1.,1.,1.,1.,1.,1.,1.,1.,1.,1.,1.,1.,1.,1.,1.,1.,       29P    485
1.,1.,1.,1.,1.,1.,1.,1.,1.,1.,1.,1.,1.,1.,1.,1.,1.,1.,1.,1.,1.,       29P    486
1.,1.,1.,1.,1.,1.,1.,1.,1.,1.,1.,1.,1.,1.,1.,1.,1.,1.,1.,1.,1.,       29P    487
1.,1.,1.,1.,1.,1.,1.,1.,1.,1.,1.,1.,1.,1.,1.,1.,1.,1.,1.,1.,1.,       29P    488
1.,1.,1.,1.,1.,1.,1.,1.,1.,1.,1.,1.,1.,1.,1.,1.,1.,1.,1.,1.,1.,       29P    489
1.,1.,1.,1.,1.,1.,1.,1.,1.,1.,1.,1.,1.,1.,1.,1.,1.,1.,1.,1.,1.,       29P    490
1.,1.,1.,1.,1.,1.,1.,1.,1.,1.,1.,1.,1.,1.,1.,1.,1.,1.,1.,1.,1.,       29P    491
1.,1.,1.,1.,1.,1.,1.,1.,1.,1.,1.,1.,1.,1.,1.,1.,1.,1.,1.,1.,1.,       29P    492
1.,1.,1.,1.,1.,1.,1.,1.,1.,1.,1.,1.,1.,1.,1.,1.,1.,1.,1.,1.,1.,       29P    493
1.,1.,1.,1.,1.,1.,1.,1.,1.,1.,1.,1.,1.,1.,1.,1.,1.,1.,1.,1.,1.,       29P    494
1.,1.,1.,1.,1.,1.,1.,1.,1.,1.,1.,1.,1.,1.,1.,1.,1.,1.,1.,1.,1.,       29P    495
1.,1.,1.,1.,1.,1.,1.,1.,1.,1.,1.,1.,1.,1.,1.,1.,1.,1.,1.,1.,1.,       29P    496
1.,1.,1.,1.,1.,1.,1.,1.,1.,1.,1.,1.,1.,1.,1.,1.,1.,1.,1.,1.,1.,       29P    497
1.,1.,1.,1.,1.,1.,1.,1.,1.,1.,1.,1.,1.,1.,1.,1.,1.,1.,1.,1.,1.,       29P    498
1.,1.,1.,1.,1.,1.,1.,1.,1.,1.,1.,1.,1.,1.,1.,1.,1.,1.,1.,1.,1.,       29P    499
1.,1.,1.,1.,1.,1.,1.,1.,1.,1.,1.,1.,1.,1.,1.,1.,1.,1.,1.,1.,1.,       29P    500
1.,1.,1.,1.,1.,1.,1.,1.,1.,1.,1.,1.,1.,1.,1.,1.,1.,1.,1.,1.,1.,       29P    501
1.,1.,1.,1.,1.,1.,1.,1.,1.,1.,1.,1.,1.,1.,1.,1.,1.,1.,1.,1.,1.,       29P    502
1.,1.,1.,1.,1.,1.,1.,1.,1.,1.,1.,1.,1.,1.,1.,1.,1.,1.,1.,1.,1.,       29P    503
1.,1.,1.,1.,1.,1.,1.,1.,1.,1.,1.,1.,1.,1.,1.,1.,1.,1.,1.,1.,1.,       29P    504
1.,1.,1.,1.,1.,1.,1.,1.,1.,1.,1.,1.,1.,1.,1.,1.,1.,1.,1.,1.,1.,       29P    505
1.,1.,1.,1.,1.,1.,1.,1.,1.,1.,1.,1.,1.,1.,1.,1.,1.,1.,1.,1.,1.,       29P    506
1.,1.,1.,1.,1.,1.,1.,1.,1.,1.,1.,1.,1.,1.,1.,1.,1.,1.,1.,1.,1.,       29P    507
1.,1.,1.,1.,1.,1.,1.,1.,1.,1.,1.,1.,1.,1.,1.,1.,1.,1.,1.,1.,1.,       29P    508
1.,1.,1.,1.,1.,1.,1.,1.,1.,1.,1.,1.,1.,1.,1.,1.,1.,1.,1.,1.,1.,       29P    509
1.,1.,1.,1.,1.,1.,1.,1.,1.,1.,1.,1.,1.,1.,1.,1.,1.,1.,1.,1.,1.,       29P    510
1.,1.,1.,1.,1.,1.,1.,1.,1.,1.,1.,1.,1.,1.,1.,1.,1.,1.,1.,1.,1.,       29P    511
1.,1.,1.,1.,1.,1.,1.,1.,1.,1.,1.,1.,1.,1.,1.,1.,1.,1.,1.,1.,1.,       29P    512
1.,1.,1.,1.,1.,1.,1.,1.,1.,1.,1.,1.,1.,1.,1.,1.,1.,1.,1.,1.,1.,       29P    513
1.,1.,1.,1.,1.,1.,1.,1.,1.,1.,1.,1.,1.,1.,1.,1.,1.,1.,1.,1.,1.,       29P    514
1.,1.,1.,1.,1.,1.,1.,1.,1.,1.,1.,1.,1.,1.,1.,1.,1.,1.,1.,1.,1.,       29P    515
1.,1.,1.,1.,1.,1.,1.,1.,1.,1.,1.,1.,1.,1.,1.,1.,1.,1.,1.,1.,1.,       29P    516
1.,1.,1.,1.,1.,1.,1.,1.,1.,1.,1.,1.,1.,1.,1.,1.,1.,1.,1.,1.,1.,       29P    517
1.,1.,1.,1.,1.,1.,1.,1.,1.,1.,1.,1.,1.,1.,1.,1.,1.,1.,1.,1.,1.,       29P    518
1.,1.,1.,1.,1.,1.,1.,1.,1.,1.,1.,1.,1.,1.,1.,1.,1.,1.,1.,1.,1.,       29P    519
1.,1.,1.,1.,1.,1.,1.,1.,1.,1.,1.,1.,1.,1.,1.,1.,1.,1.,1.,1.,1.,       29P    520
1.,1.,1.,1.,1.,1.,1.,1.,1.,1.,1.,1.,1.,1.,1.,1.,1.,1.,1.,1.,1.,       29P    521
1.,1.,1.,1.,1.,1.,1.,1.,1.,1.,1.,1.,1.,1.,1.,1.,1.,1.,1.,1.,1.,       29P    522
1.,1.,1.,1.,1.,1.,1.,1.,1.,1.,1.,1.,1.,1.,1.,1.,1.,1.,1.,1.,1.,       29P    523
1.,1.,1.,1.,1.,1.,1.,1.,1.,1.,1.,1.,1.,1.,1.,1.,1.,1.,1.,1.,1.,       29P    524
1.,1.,1.,1.,1.,1.,1.,1.,1.,1.,1.,1.,1.,1.,1.,1.,1.,1.,1.,1.,1.,       29P    525
1.,1.,1.,1.,1.,1.,1.,1.,1.,1.,1.,1.,1.,1.,1.,1.,1.,1.,1.,1.,1.,       29P    526
1.,1.,1.,1.,1.,1.,1.,1.,1.,1.,1.,1.,1.,1.,1.,1.,1.,1.,1.,1.,1.,       29P    527
1.,1.,1.,1.,1.,1.,1.,1.,1.,1.,1.,1.,1.,1.,1.,1.,1.,1.,1.,1.,1.,       29P    528
1.,1.,1.,1.,1.,1.,1.,1.,1.,1.,1.,1.,1.,1.,1.,1.,1.,1.,1.,1.,1.,       29P    529
1.,1.,1.,1.,1.,1.,1.,1.,1.,1.,1.,1.,1.,1.,1.,1.,1.,1.,1.,1.,1.,       29P    530
1.,1.,1.,1.,1.,1.,1.,1.,1.,1.,1.,1.,1.,1.,1.,1.,1.,1.,1.,1.,1.,       29P    531
1.,1.,1.,1.,1.,1.,1.,1.,1.,1.,1.,1.,1.,1.,1.,1.,1.,1.,1.,1.,1.,       29P    532
1.,1.,1.,1.,1.,1.,1.,1.,1.,1.,1.,1.,1.,1.,1.,1.,1.,1.,1.,1.,1.,       29P    533
1.,1.,1.,1.,1.,1.,1.,1.,1.,1.,1.,1.,1.,1.,1.,1.,1.,1.,1.,1.,1.,       29P    534
1.,1.,1.,1.,1.,1.,1.,1.,1.,1.,1.,1.,1.,1.,1.,1.,1.,1.,1.,1.,1.,       29P    535
1.,1.,1.,1.,1.,1.,1.,1.,1.,1.,1.,1.,1.,1.,1.,1.,1.,1.,1.,1.,1.,       29P    536
1.,1.,1.,1.,1.,1.,1.,1.,1.,1.,1.,1.,1.,1.,1.,1.,1.,1.,1.,1.,1.,       29P    537
1.,1.,1.,1.,1.,1.,1.,1.,1.,1.,1.,1.,1.,1.,1.,1.,1.,1.,1.,1.,1.,       29P    538
1.,1.,1.,1.,1.,1.,1.,1.,1.,1.,1.,1.,1.,1.,1.,1.,1.,1.,1.,1.,1.,       29P    539
1.,1.,1.,1.,1.,1.,1.,1.,1.,1.,1.,1.,1.,1.,1.,1.,1.,1.,1.,1.,1.,       29P    540
1.,1.,1.,1.,1.,1.,1.,1.,1.,1.,1.,1.,1.,1.,1.,1.,1.,1.,1.,1.,1.,       29P    541
1.,1.,1.,1.,1.,1.,1.,1.,1.,1.,1.,1.,1.,1.,1.,1.,1.,1.,1.,1.,1.,       29P    542
1.,1.,1.,1.,1.,1.,1.,1.,1.,1.,1.,1.,1.,1.,1.,1.,1.,1.,1.,1.,1.,       29P    543
1.,1.,1.,1.,1.,1.,1.,1.,1.,1.,1.,1.,1.,1.,1.,1.,1.,1.,1.,1.,1.,       29P    544
1.,1.,1.,1.,1.,1.,1.,1.,1.,1.,1.,1.,1.,1.,1.,1.,1.,1.,1.,1.,1.,       29P    545
1.,1.,1.,1.,1.,1.,1.,1.,1.,1.,1.,1.,1.,1.,1.,1.,1.,1.,1.,1.,1.,       29P    546
1.,1.,1.,1.,1.,1.,1.,1.,1.,1.,1.,1.,1.,1.,1.,1.,1.,1.,1.,1.,1.,       29P    547
1.,1.,1.,1.,1.,1.,1.,1.,1.,1.,1.,1.,1.,1.,1.,1.,1.,1.,1.,1.,1.,       29P    548
1.,1.,1.,1.,1.,1.,1.,1.,1.,1.,1.,1.,1.,1.,1.,1.,1.,1.,1.,1.,1.,       29P    549
1.,1.,1.,1.,1.,1.,1.,1.,1.,1.,1.,1.,1.,1.,1.,1.,1.,1.,1.,1.,1.,       29P    550
1.,1.,1.,1.,1.,1.,1.,1.,1.,1.,1.,1.,1.,1.,1.,1.,1.,1.,1.,1.,1.,       29P    551
1.,1.,1.,1.,1.,1.,1.,1.,1.,1.,1.,1.,1.,1.,1.,1.,1.,1.,1.,1.,1.,       29P    552
1.,1.,1.,1.,1.,1.,1.,1.,1.,1.,1.,1.,1.,1.,1.,1.,1.,1.,1.,1.,1.,       29P    553
1.,1.,1.,1.,1.,1.,1.,1.,1.,1.,1.,1.,1.,1.,1.,1.,1.,1.,1.,1.,1.,       29P    554
1.,1.,1.,1.,1.,1.,1.,1.,1.,1.,1.,1.,1.,1.,1.,1.,1.,1.,1.,1.,1.,       29P    555
1.,1.,1.,1.,1.,1.,1.,1.,1.,1.,1.,1.,1.,1.,1.,1.,1.,1.,1.,1.,1.,       29P    556
1.,1.,1.,1.,1.,1.,1.,1.,1.,1.,1.,1.,1.,1.,1.,1.,1.,1.,1.,1.,1.,       29P    557
1.,1.,1.,1.,1.,1.,1.,1.,1.,1.,1.,1.,1.,1.,1.,1.,1.,1.,1.,1.,1.,       29P    558
1.,1.,1.,1.,1.,1.,1.,1.,1.,1.,1.,1.,1.,1.,1.,1.,1.,1.,1.,1.,1.,       29P    559
1.,1.,1.,1.,1.,1.,1.,1.,1.,1.,1.,1.,1.,1.,1.,1.,1.,1.,1.,1.,1.,       29P    560
1.,1.,1.,1.,1.,1.,1.,1.,1.,1.,1.,1.,1.,1.,1.,1.,1.,1.,1.,1.,1.,       29P    561
1.,1.,1.,1.,1.,1.,1.,1.,1.,1.,1.,1.,1.,1.,1.,1.,1.,1.,1.,1.,1.,       29P    562
1.,1.,1.,1.,1.,1.,1.,1.,1.,1.,1.,1.,1.,1.,1.,1.,1.,1.,1.,1.,1.,       29P    563
1.,1.,1.,1.,1.,1.,1.,1.,1.,1.,1.,1.,1.,1.,1.,1.,1.,1.,1.,1.,1.,       29P    564
1.,1.,1.,1.,1.,1.,1.,1.,1.,1.,1.,1.,1.,1.,1.,1.,1.,1.,1.,1.,1.,       29P    565
1.,1.,1.,1.,1.,1.,1.,1.,1.,1.,1.,1.,1.,1.,1.,1.,1.,1.,1.,1.,1.,       29P    566
1.,1.,1.,1.,1.,1.,1.,1.,1.,1.,1.,1.,1.,1.,1.,1.,1.,1.,1.,1.,1.,       29P    567
1.,1.,1.,1.,1.,1.,1.,1.,1.,1.,1.,1.,1.,1.,1.,1.,1.,1.,1.,1.,1.,       29P    568
1.,1.,1.,1.,1.,1.,1.,1.,1.,1.,1.,1.,1.,1.,1.,1.,1.,1.,1.,1.,1.,       29P    569
1.,1.,1.,1.,1.,1.,1.,1.,1.,1.,1.,1.,1.,1.,1.,1.,1.,1.,1.,1.,1.,       29P    570
1.,1.,1.,1.,1.,1.,1.,1.,1.,1.,1.,1.,1.,1.,1.,1.,1.,1.,1.,1.,1.,       29P    571
1.,1.,1.,1.,1.,1.,1.,1.,1.,1.,1.,1.,1.,1.,1.,1.,1.,1.,1.,1.,1.,       29P    572
1.,1.,1.,1.,1.,1.,1.,1.,1.,1.,1.,1.,1.,1.,1.,1.,1.,1.,1.,1.,1.,       29P    573
1.,1.,1.,1.,1.,1.,1.,1.,1.,1.,1.,1.,1.,1.,1.,1.,1.,1.,1.,1.,1.,       29P    574
1.,1.,1.,1.,1.,1.,1.,1.,1.,1.,1.,1.,1.,1.,1.,1.,1.,1.,1.,1.,1.,       29P    575
1.,1.,1.,1.,1.,1.,1.,1.,1.,1.,1.,1.,1.,1.,1.,1.,1.,1.,1.,1.,1.,       29P    576
1.,1.,1.,1.,1.,1.,1.,1.,1.,1.,1.,1.,1.,1.,1.,1.,1.,1.,1.,1.,1.,       29P    577
1.,1.,1.,1.,1.,1.,1.,1.,1.,1.,1.,1.,1.,1.,1.,1.,1.,1.,1.,1.,1.,       29P    578
1.,1.,1.,1.,1.,1.,1.,1.,1.,1.,1.,1.,1.,1.,1.,1.,1.,1.,1.,1.,1.,       29P    579
1.,1.,1.,1.,1.,1.,1.,1.,1.,1.,1.,1.,1.,1.,1.,1.,1.,1.,1.,1.,1.,       29P    580
1.,1.,1.,1.,1.,1.,1.,1.,1.,1.,1.,1.,1.,1.,1.,1.,1.,1.,1.,1.,1.,       29P    581
1.,1.,1.,1.,1.,1.,1.,1.,1.,1.,1.,1.,1.,1.,1.,1.,1.,1.,1.,1.,1.,       29P    582
1.,1.,1.,1.,1.,1.,1.,1.,1.,1.,1.,1.,1.,1.,1.,1.,1.,1.,1.,1.,1.,       29P    583
1.,1.,1.,1.,1.,1.,1.,1.,1.,1.,1.,1.,1.,1.,1.,1.,1.,1.,1.,1.,1.,       29P    584
1.,1.,1.,1.,1.,1.,1.,1.,1.,1.,1.,1.,1.,1.,1.,1.,1.,1.,1.,1.,1.,       29P    585
1.,1.,1.,1.,1.,1.,1.,1.,1.,1.,1.,1.,1.,1.,1.,1.,1.,1.,1.,1.,1.,       29P    586
1.,1.,1.,1.,1.,1.,1.,1.,1.,1.,1.,1.,1.,1.,1.,1.,1.,1.,1.,1.,1.,       29P    587
1.,1.,1.,1.,1.,1.,1.,1.,1.,1.,1.,1.,1.,1.,1.,1.,1.,1.,1.,1.,1.,       29P    588
1.,1.,1.,1.,1.,1.,1.,1.,1.,1.,1.,1.,1.,1.,1.,1.,1.,1.,1.,1.,1.,       29P    589
1.,1.,1.,1.,1.,1.,1.,1.,1.,1.,1.,1.,1.,1.,1.,1.,1.,1.,1.,1.,1.,       29P    590
1.,1.,1.,1.,1.,1.,1.,1.,1.,1.,1.,1.,1.,1.,1.,1.,1.,1.,1.,1.,1.,       29P    591
1.,1.,1.,1.,1.,1.,1.,1.,1.,1.,1.,1.,1.,1.,1.,1.,1.,1.,1.,1.,1.,       29P    592
1.,1.,1.,1.,1.,1.,1.,1.,1.,1.,1.,1.,1.,1.,1.,1.,1.,1.,1.,1.,1.,       29P    593
1.,1.,1.,1.,1.,1.,1.,1.,1.,1.,1.,1.,1.,1.,1.,1.,1.,1.,1.,1.,1.,       29P    594
1.,1.,1.,1.,1.,1.,1.,1.,1.,1.,1.,1.,1.,1.,1.,1.,1.,1.,1.,1.,1.,       29P    595
1.,1.,1.,1.,1.,1.,1.,1.,1.,1.,1.,1.,1.,1.,1.,1.,1.,1.,1.,1.,1.,       29P    596
1.,1.,1.,1.,1.,1.,1.,1.,1.,1.,1.,1.,1.,1.,1.,1.,1.,1.,1.,1.,1.,       29P    597
1.,1.,1.,1.,1.,1.,1.,1.,1.,1.,1.,1.,1.,1.,1.,1.,1.,1.,1.,1.,1.,       29P    598
1.,1.,1.,1.,1.,1.,1.,1.,1.,1.,1.,1.,1.,1.,1.,1.,1.,1.,1.,1.,1.,       29P    599
1.,1.,1.,1.,1.,1.,1.,1.,1.,1.,1.,1.,1.,1.,1.,1.,1.,1.,1.,1.,1.,       29P    600
1.,1.,1.,1.,1.,1.,1.,1.,1.,1.,1.,1.,1.,1.,1.,1.,1.,1.,1.,1.,1.,       29P    601
1.,1.,1.,1.,1.,1.,1.,1.,1.,1.,1.,1.,1.,1.,1.,1.,1.,1.,1.,1.,1.,       29P    602
1.,1.,1.,1.,1.,1.,1.,1.,1.,1.,1.,1.,1.,1.,1.,1.,1.,1.,1.,1.,1.,       29P    603
1.,1.,1.,1.,1.,1.,1.,1.,1.,1.,1.,1.,1.,1.,1.,1.,1.,1.,1.,1.,1.,       29P    604
1.,1.,1.,1.,1.,1.,1.,1.,1.,1.,1.,1.,1.,1.,1.,1.,1.,1.,1.,1.,1.,       29P    605
1.,1.,1.,1.,1.,1.,1.,1.,1.,1.,1.,1.,1.,1.,1.,1.,1.,1.,1.,1.,1.,       29P    606
1.,1.,1.,1.,1.,1.,1.,1.,1.,1.,1.,1.,1.,1.,1.,1.,1.,1.,1.,1.,1.,       29P    607
1.,1.,1.,1.,1.,1.,1.,1.,1.,1.,1.,1.,1.,1.,1.,1.,1.,1.,1.,1.,1.,       29P    608
1.,1.,1.,1.,1.,1.,1.,1.,1.,1.,1.,1.,1.,1.,1.,1.,1.,1.,1.,1.,1.,       29P    609
1.,1.,1.,1.,1.,1.,1.,1.,1.,1.,1.,1.,1.,1.,1.,1.,1.,1.,1.,1.,1.,       29P    610
1.,1.,1.,1.,1.,1.,1.,1.,1.,1.,1.,1.,1.,1.,1.,1.,1.,1.,1.,1.,1.,       29P    611
1.,1.,1.,1.,1.,1.,1.,1.,1.,1.,1.,1.,1.,1.,1.,1.,1.,1.,1.,1.,1.,       29P    612
1.,1.,1.,1.,1.,1.,1.,1.,1.,1.,1.,1.,1.,1.,1.,1.,1.,1.,1.,1.,1.,       29P    613
1.,1.,1.,1.,1.,1.,1.,1.,1.,1.,1.,1.,1.,1.,1.,1.,1.,1.,1.,1.,1.,       29P    614
1.,1.,1.,1.,1.,1.,1.,1.,1.,1.,1.,1.,1.,1.,1.,1.,1.,1.,1.,1.,1.,       29P    615
1.,1.,1.,1.,1.,1.,1.,1.,1.,1.,1.,1.,1.,1.,1.,1.,1.,1.,1.,1.,1.,       29P    616
1.,1.,1.,1.,1.,1.,1.,1.,1.,1.,1.,1.,1.,1.,1.,1.,1.,1.,1.,1.,1.,       29P    617
1.,1.,1.,1.,1.,1.,1.,1.,1.,1.,1.,1.,1.,1.,1.,1.,1.,1.,1.,1.,1.,       29P    618
1.,1.,1.,1.,1.,1.,1.,1.,1.,1.,1.,1.,1.,1.,1.,1.,1.,1.,1.,1.,1.,       29P    619
1.,1.,1.,1.,1.,1.,1.,1.,1.,1.,1.,1.,1.,1.,1.,1.,1.,1.,1.,1.,1.,       29P    620
1.,1.,1.,1.,1.,1.,1.,1.,1.,1.,1.,1.,1.,1.,1.,1.,1.,1.,1.,1.,1.,       29P    621
1.,1.,1.,1.,1.,1.,1.,1.,1.,1.,1.,1.,1.,1.,1.,1.,1.,1.,1.,1.,1.,       29P    622
1.,1.,1.,1.,1.,1.,1.,1.,1.,1.,1.,1.,1.,1.,1.,1.,1.,1.,1.,1.,1.,       29P    623
1.,1.,1.,1.,1.,1.,1.,1.,1.,1.,1.,1.,1.,1.,1.,1.,1.,1.,1.,1.,1.,       29P    624
1.,1.,1.,1.,1.,1.,1.,1.,1.,1.,1.,1.,1.,1.,1.,1.,1.,1.,1.,1.,1.,       29P    625
1.,1.,1.,1.,1.,1.,1.,1.,1.,1.,1.,1.,1.,1.,1.,1.,1.,1.,1.,1.,1.,       29P    626
1.,1.,1.,1.,1.,1.,1.,1.,1.,1.,1.,1.,1.,1.,1.,1.,1.,1.,1.,1.,1.,       29P    627
1.,1.,1.,1.,1.,1.,1.,1.,1.,1.,1.,1.,1.,1.,1.,1.,1.,1.,1.,1.,1.,       29P    628
1.,1.,1.,1.,1.,1.,1.,1.,1.,1.,1.,1.,1.,1.,1.,1.,1.,1.,1.,1.,1.,       29P    629
1.,1.,1.,1.,1.,1.,1.,1.,1.,1.,1.,1.,1.,1.,1.,1.,1.,1.,1.,1.,1.,       29P    630
1.,1.,1.,1.,1.,1.,1.,1.,1.,1.,1.,1.,1.,1.,1.,1.,1.,1.,1.,1.,1.,       29P    631
1.,1.,1.,1.,1.,1.,1.,1.,1.,1.,1.,1.,1.,1.,1.,1.,1.,1.,1.,1.,1.,       29P    632
1.,1.,1.,1.,1.,1.,1.,1.,1.,1.,1.,1.,1.,1.,1.,1.,1.,1.,1.,1.,1.,       29P    633
1.,1.,1.,1.,1.,1.,1.,1.,1.,1.,1.,1.,1.,1.,1.,1.,1.,1.,1.,1.,1.,       29P    634
1.,1.,1.,1.,1.,1.,1.,1.,1.,1.,1.,1.,1.,1.,1.,1.,1.,1.,1.,1.,1.,       29P    635
1.,1.,1.,1.,1.,1.,1.,1.,1.,1.,1.,1.,1.,1.,1.,1.,1.,1.,1.,1.,1.,       29P    636
1.,1.,1.,1.,1.,1.,1.,1.,1.,1.,1.,1.,1.,1.,1.,1.,1.,1.,1.,1.,1.,       29P    637
1.,1.,1.,1.,1.,1.,1.,1.,1.,1.,1.,1.,1.,1.,1.,1.,1.,1.,1.,1.,1.,       29P    638
1.,1.,1.,1.,1.,1.,1.,1.,1.,1.,1.,1.,1.,1.,1.,1.,1.,1.,1.,1.,1.,       29P    639
1.,1.,1.,1.,1.,1.,1.,1.,1.,1.,1.,1.,1.,1.,1.,1.,1.,1.,1.,1.,1.,       29P    640
1.,1.,1.,1.,1.,1.,1.,1.,1.,1.,1.,1.,1.,1.,1.,1.,1.,1.,1.,1.,1.,       29P    641
1.,1.,1.,1.,1.,1.,1.,1.,1.,1.,1.,1.,1.,1.,1.,1.,1.,1.,1.,1.,1.,       29P    642
1.,1.,1.,1.,1.,1.,1.,1.,1.,1.,1.,1.,1.,1.,1.,1.,1.,1.,1.,1.,1.,       29P    643
1.,1.,1.,1.,1.,1.,1.,1.,1.,1.,1.,1.,1.,1.,1.,1.,1.,1.,1.,1.,1.,       29P    644
1.,1.,1.,1.,1.,1.,1.,1.,1.,1.,1.,1.,1.,1.,1.,1.,1.,1.,1.,1.,1.,       29P    645
1.,1.,1.,1.,1.,1.,1.,1.,1.,1.,1.,1.,1.,1.,1.,1.,1.,1.,1.,1.,1.,       29P    646
1.,1.,1.,1.,1.,1.,1.,1.,1.,1.,1.,1.,1.,1.,1.,1.,1.,1.,1.,1.,1.,       29P    647
1.,1.,1.,1.,1.,1.,1.,1.,1.,1.,1.,1.,1.,1.,1.,1.,1.,1.,1.,1.,1.,       29P    648
1.,1.,1.,1.,1.,1.,1.,1.,1.,1.,1.,1.,1.,1.,1.,1.,1.,1.,1.,1.,1.,       29P    649
1.,1.,1.,1.,1.,1.,1.,1.,1.,1.,1.,1.,1.,1.,1.,1.,1.,1.,1.,1.,1.,       29P    650
1.,1.,1.,1.,1.,1.,1.,1.,1.,1.,1.,1.,1.,1.,1.,1.,1.,1.,1.,1.,1.,       29P    651
1.,1.,1.,1.,1.,1.,1.,1.,1.,1.,1.,1.,1.,1.,1.,1.,1.,1.,1.,1.,1.,       29P    652
1.,1.,1.,1.,1.,1.,1.,1.,1.,1.,1.,1.,1.,1.,1.,1.,1.,1.,1.,1.,1.,       29P    653
1.,1.,1.,1.,1.,1.,1.,1.,1.,1.,1.,1.,1.,1.,1.,1.,1.,1.,1.,1.,1.,       29P    654
1.,1.,1.,1.,1.,1.,1.,1.,1.,1.,1.,1.,1.,1.,1.,1.,1.,1.,1.,1.,1.,       29P    655
1.,1.,1.,1.,1.,1.,1.,1.,1.,1.,1.,1.,1.,1.,1.,1.,1.,1.,1.,1.,1.,       29P    656
1.,1.,1.,1.,1.,1.,1.,1.,1.,1.,1.,1.,1.,1.,1.,1.,1.,1.,1.,1.,1.,       29P    657
1.,1.,1.,1.,1.,1.,1.,1.,1.,1.,1.,1.,1.,1.,1.,1.,1.,1.,1.,1.,1.,       29P    658
1.,1.,1.,1.,1.,1.,1.,1.,1.,1.,1.,1.,1.,1.,1.,1.,1.,1.,1.,1.,1.,       29P    659
1.,1.,1.,1.,1.,1.,1.,1.,1.,1.,1.,1.,1.,1.,1.,1.,1.,1.,1.,1.,1.,       29P    660
1.,1.,1.,1.,1.,1.,1.,1.,1.,1.,1.,1.,1.,1.,1.,1.,1.,1.,1.,1.,1.,       29P    661
1.,1.,1.,1.,1.,1.,1.,1.,1.,1.,1.,1.,1.,1.,1.,1.,1.,1.,1.,1.,1.,       29P    662
1.,1.,1.,1.,1.,1.,1.,1.,1.,1.,1.,1.,1.,1.,1.,1.,1.,1.,1.,1.,1.,       29P    663
1.,1.,1.,1.,1.,1.,1.,1.,1.,1.,1.,1.,1.,1.,1.,1.,1.,1.,1.,1.,1.,       29P    664
1.,1.,1.,1.,1.,1.,1.,1.,1.,1.,1.,1.,1.,1.,1.,1.,1.,1.,1.,1.,1.,       29P    665
1.,1.,1.,1.,1.,1.,1.,1.,1.,1.,1.,1.,1.,1.,1.,1.,1.,1.,1.,1.,1.,       29P    666
1.,1.,1.,1.,1.,1.,1.,1.,1.,1.,1.,1.,1.,1.,1.,1.,1.,1.,1.,1.,1.,       29P    667
1.,1.,1.,1.,1.,1.,1.,1.,1.,1.,1.,1.,1.,1.,1.,1.,1.,1.,1.,1.,1.,       29P    668
1.,1.,1.,1.,1.,1.,1.,1.,1.,1.,1.,1.,1.,1.,1.,1.,1.,1.,1.,1.,1.,       29P    669
1.,1.,1.,1.,1.,1.,1.,1.,1.,1.,1.,1.,1.,1.,1.,1.,1.,1.,1.,1.,1.,       29P    670
1.,1.,1.,1.,1.,1.,1.,1.,1.,1.,1.,1.,1.,1.,1.,1.,1.,1.,1.,1.,1.,       29P    671
1.,1.,1.,1.,1.,1.,1.,1.,1.,1.,1.,1.,1.,1.,1.,1.,1.,1.,1.,1.,1.,       29P    672
1.,1.,1.,1.,1.,1.,1.,1.,1.,1.,1.,1.,1.,1.,1.,1.,1.,1.,1.,1.,1.,       29P    673
1.,1.,1.,1.,1.,1.,1.,1.,1.,1.,1.,1.,1.,1.,1.,1.,1.,1.,1.,1.,1.,       29P    674
1.,1.,1.,1.,1.,1.,1.,1.,1.,1.,1.,1.,1.,1.,1.,1.,1.,1.,1.,1.,1.,       29P    675
1.,1.,1.,1.,1.,1.,1.,1.,1.,1.,1.,1.,1.,1.,1.,1.,1.,1.,1.,1.,1.,       29P    676
1.,1.,1.,1.,1.,1.,1.,1.,1.,1.,1.,1.,1.,1.,1.,1.,1.,1.,1.,1.,1.,       29P    677
1.,1.,1.,1.,1.,1.,1.,1.,1.,1.,1.,1.,1.,1.,1.,1.,1.,1.,1.,1.,1.,       29P    678
1.,1.,1.,1.,1.,1.,1.,1.,1.,1.,1.,1.,1.,1.,1.,1.,1.,1.,1.,1.,1.,       29P    679
1.,1.,1.,1.,1.,1.,1.,1.,1.,1.,1.,1.,1.,1.,1.,1.,1.,1.,1.,1.,1.,       29P    680
1.,1.,1.,1.,1.,1.,1.,1.,1.,1.,1.,1.,1.,1.,1.,1.,1.,1.,1.,1.,1.,       29P    681
1.,1.,1.,1.,1.,1.,1.,1.,1.,1.,1.,1.,1.,1.,1.,1.,1.,1.,1.,1.,1.,       29P    682
1.,1.,1.,1.,1.,1.,1.,1.,1.,1.,1.,1.,1.,1.,1.,1.,1.,1.,1.,1.,1.,       29P    683
1.,1.,1.,1.,1.,1.,1.,1.,1.,1.,1.,1.,1.,1.,1.,1.,1.,1.,1.,1.,1.,       29P    684
1.,1.,1.,1.,1.,1.,1.,1.,1.,1.,1.,1.,1.,1.,1.,1.,1.,1.,1.,1.,1.,       29P    685
1.,1.,1.,1.,1.,1.,1.,1.,1.,1.,1.,1.,1.,1.,1.,1.,1.,1.,1.,1.,1.,       29P    686
1.,1.,1.,1.,1.,1.,1.,1.,1.,1.,1.,1.,1.,1.,1.,1.,1.,1.,1.,1.,1.,       29P    687
1.,1.,1.,1.,1.,1.,1.,1.,1.,1.,1.,1.,1.,1.,1.,1.,1.,1.,1.,1.,1.,       29P    688
1.,1.,1.,1.,1.,1.,1.,1.,1.,1.,1.,1.,1.,1.,1.,1.,1.,1.,1.,1.,1.,       29P    689
1.,1.,1.,1.,1.,1.,1.,1.,1.,1.,1.,1.,1.,1.,1.,1.,1.,1.,1.,1.,1.,       29P    690
1.,1.,1.,1.,1.,1.,1.,1.,1.,1.,1.,1.,1.,1.,1.,1.,1.,1.,1.,1.,1.,       29P    691
1.,1.,1.,1.,1.,1.,1.,1.,1.,1.,1.,1.,1.,1.,1.,1.,1.,1.,1.,1.,1.,       29P    692
1.,1.,1.,1.,1.,1.,1.,1.,1.,1.,1.,1.,1.,1.,1.,1.,1.,1.,1.,1.,1.,       29P    693
1.,1.,1.,1.,1.,1.,1.,1.,1.,1.,1.,1.,1.,1.,1.,1.,1.,1.,1.,1.,1.,       29P    694
1.,1.,1.,1.,1.,1.,1.,1.,1.,1.,1.,1.,1.,1.,1.,1.,1.,1.,1.,1.,1.,       29P    695
1.,1.,1.,1.,1.,1.,1.,1.,1.,1.,1.,1.,1.,1.,1.,1.,1.,1.,1.,1.,1.,       29P    696
1.,1.,1.,1.,1.,1.,1.,1.,1.,1.,1.,1.,1.,1.,1.,1.,1.,1.,1.,1.,1.,       29P    697
1.,1.,1.,1.,1.,1.,1.,1.,1.,1.,1.,1.,1.,1.,1.,1.,1.,1.,1.,1.,1.,       29P    698
1.,1.,1.,1.,1.,1.,1.,1.,1.,1.,1.,1.,1.,1.,1.,1.,1.,1.,1.,1.,1.,       29P    699
1.,1.,1.,1.,1.,1.,1.,1.,1.,1.,1.,1.,1.,1.,1.,1.,1.,1.,1.,1.,1.,       29P    700
1.,1.,1.,1.,1.,1.,1.,1.,1.,1.,1.,1.,1.,1.,1.,1.,1.,1.,1.,1.,1.,       29P    701
1.,1.,1.,1.,1.,1.,1.,1.,1.,1.,1.,1.,1.,1.,1.,1.,1.,1.,1.,1.,1.,       29P    702
1.,1.,1.,1.,1.,1.,1.,1.,1.,1.,1.,1.,1.,1.,1.,1.,1.,1.,1.,1.,1.,       29P    703
1.,1.,1.,1.,1.,1.,1.,1.,1.,1.,1.,1.,1.,1.,1.,1.,1.,1.,1.,1.,1.,       29P    704
1.,1.,1.,1.,1.,1.,1.,1.,1.,1.,1.,1.,1.,1.,1.,1.,1.,1.,1.,1.,1.,       29P    705
1.,1.,1.,1.,1.,1.,1.,1.,1.,1.,1.,1.,1.,1.,1.,1.,1.,1.,1.,1.,1.,       29P    706
1.,1.,1.,1.,1.,1.,1.,1.,1.,1.,1.,1.,1.,1.,1.,1.,1.,1.,1.,1.,1.,       29P    707
1.,1.,1.,1.,1.,1.,1.,1.,1.,1.,1.,1.,1.,1.,1.,1.,1.,1.,1.,1.,1.,       29P    708
1.,1.,1.,1.,1.,1.,1.,1.,1.,1.,1.,1.,1.,1.,1.,1.,1.,1.,1.,1.,1.,       29P    709
1.,1.,1.,1.,1.,1.,1.,1.,1.,1.,1.,1.,1.,1.,1.,1.,1.,1.,1.,1.,1.,       29P    710
1.,1.,1.,1.,1.,1.,1.,1.,1.,1.,1.,1.,1.,1.,1.,1.,1.,1.,1.,1.,1.,       29P    711
1.,1.,1.,1.,1.,1.,1.,1.,1.,1.,1.,1.,1.,1.,1.,1.,1.,1.,1.,1.,1.,       29P    712
1.,1.,1.,1.,1.,1.,1.,1.,1.,1.,1.,1.,1.,1.,1.,1.,1.,1.,1.,1.,1.,       29P    713
1.,1.,1.,1.,1.,1.,1.,1.,1.,1.,1.,1.,1.,1.,1.,1.,1.,1.,1.,1.,1.,       29P    714
1.,1.,1.,1.,1.,1.,1.,1.,1.,1.,1.,1.,1.,1.,1.,1.,1.,1.,1.,1.,1.,       29P    715
1.,1.,1.,1.,1.,1.,1.,1.,1.,1.,1.,1.,1.,1.,1.,1.,1.,1.,1.,1.,1.,       29P    716
1.,1.,1.,1.,1.,1.,1.,1.,1.,1.,1.,1.,1.,1.,1.,1.,1.,1.,1.,1.,1.,       29P    717
1.,1.,1.,1.,1.,219.555,0.4679,10.288,219.554,0.468653,10.288,         29P    718
219.553,0.46945,10.288,219.551,0.470129,10.288,219.55,0.470514,       29P    719
10.288,219.549,0.470742,10.288,219.547,0.470815,10.288,219.546,       29P    720
0.470744,10.288,219.544,0.470447,10.288,219.543,0.470031,10.288,      29P    721
219.542,0.469365,10.288,219.541,0.469056,10.288,219.54,0.468485,      29P    722
10.288,219.54,0.468246,10.288,219.539,0.467458,10.288,219.538,        29P    723
0.466857,10.288,219.538,0.465844,10.288,219.537,0.465031,10.288,      29P    724
219.537,0.464155,10.288,219.536,0.463309,10.288,219.536,              29P    725
0.462382,10.288,219.536,0.461416,10.288,219.535,0.460053,10.288,      29P    726
219.535,0.459269,10.288,219.535,0.457777,10.288,219.536,              29P    727
0.457069,10.288,219.536,0.455856,10.288,219.536,0.455344,10.288,      29P    728
219.536,0.454095,10.288,219.537,0.453375,10.288,219.539,              29P    729
0.448727,10.288,219.542,0.444291,10.288,219.545,0.439278,10.288,      29P    730
219.546,0.437645,10.288,219.547,0.435405,10.288,219.548,              29P    731
0.433229,10.288,219.55,0.431081,10.288,219.551,0.429408,10.288,       29P    732
219.552,0.427574,10.288,219.558,0.417982,10.288,219.563,              29P    733
0.408615,10.288,219.569,0.399423,10.288,219.57,0.397894,10.288,       29P    734
219.571,0.395766,10.288,219.573,0.393661,10.288,219.574,              29P    735
0.391634,10.288,219.575,0.389834,10.288,219.576,0.387879,10.288,      29P    736
219.585,0.374597,10.288,219.594,0.361576,10.288,219.602,              29P    737
0.348973,10.288,219.603,0.347417,10.288,219.604,0.346015,10.288,      29P    738
219.605,0.344005,10.288,219.607,0.342025,10.288,219.608,              29P    739
0.340142,10.288,219.61,0.338176,10.288,219.611,0.336342,10.288,       29P    740
219.612,0.33459,10.288,219.623,0.318356,10.288,219.635,0.302012,      29P    741
10.288,219.647,0.285884,10.288,219.649,0.284413,10.288,219.65,        29P    742
0.283168,10.288,219.651,0.281327,10.288,219.652,0.279447,10.288,      29P    743
219.654,0.277757,10.288,219.655,0.275713,10.288,219.657,              29P    744
0.273774,10.288,219.658,0.271769,10.288,219.674,0.252157,10.288,      29P    745
219.69,0.232561,10.288,219.706,0.213437,10.288,219.707,0.212016,      29P    746
10.288,219.708,0.210923,10.288,219.71,0.209258,10.288,219.711,        29P    747
0.207537,10.288,219.712,0.205941,10.288,219.714,0.203916,10.288,      29P    748
219.716,0.201874,10.288,219.718,0.199781,10.288,219.734,              29P    749
0.181219,10.288,219.752,0.162528,10.288,219.769,0.144201,10.288,      29P    750
219.771,0.142465,10.288,219.773,0.140545,10.288,219.775,              29P    751
0.138657,10.288,219.778,0.135914,10.288,219.78,0.13378,10.288,        29P    752
219.798,0.115142,10.288,219.817,0.0970952,10.288,219.836,             29P    753
0.0797197,10.288,219.838,0.0780517,10.288,219.84,0.0767091,           29P    754
10.288,219.841,0.0753817,10.288,219.843,0.0739237,10.288,             29P    755
219.845,0.0719954,10.288,219.847,0.0698101,10.288,219.85,             29P    756
0.0677097,10.288,219.868,0.0515254,10.288,219.887,0.0353157,          29P    757
10.288,219.907,0.0196505,10.288,219.909,0.018055,10.288,219.911,      29P    758
0.0168656,10.288,219.912,0.0156936,10.288,219.914,0.0143243,          29P    759
10.288,219.916,0.0124991,10.288,219.919,0.0103262,10.288,             29P    760
219.939,-0.00564793,10.288,219.961,-0.0211443,10.288,219.982,         29P    761
-0.0357478,10.288,219.984,-0.0372552,10.288,219.986,-0.0385228,       29P    762
10.288,219.988,-0.0400353,10.288,219.991,-0.0422932,10.288,           29P    763
219.994,-0.0444011,10.288,219.997,-0.0463218,10.288,220.017,          29P    764
-0.0598299,10.288,220.038,-0.0732837,10.288,220.059,-0.0861267,       29P    765
10.288,220.062,-0.0875475,10.288,220.063,-0.0884332,10.288,           29P    766
220.065,-0.089308,10.288,220.067,-0.0904845,10.288,220.069,           29P    767
-0.0920753,10.288,220.073,-0.0940601,10.288,220.076,-0.0958632,       29P    768
10.288,220.097,-0.107945,10.288,220.118,-0.119971,10.288,220.14,      29P    769
-0.131463,10.288,220.143,-0.132803,10.288,220.144,-0.133579,          29P    770
10.288,220.146,-0.134366,10.288,220.148,-0.135443,10.288,             29P    771
220.151,-0.136907,10.288,220.154,-0.138771,10.288,220.158,            29P    772
-0.140475,10.288,220.179,-0.151333,10.288,220.201,-0.162273,          29P    773
10.288,220.223,-0.172635,10.288,220.226,-0.173903,10.288,             29P    774
220.227,-0.174587,10.288,220.229,-0.17529,10.288,220.231,             29P    775
-0.17629,10.288,220.234,-0.177642,10.288,220.238,-0.179394,           29P    776
10.288,220.241,-0.181004,10.288,220.263,-0.190754,10.288,             29P    777
220.286,-0.200464,10.288,220.309,-0.209718,10.288,220.312,            29P    778
-0.211194,10.288,220.314,-0.21194,10.288,220.316,-0.212852,           29P    779
10.288,220.319,-0.214084,10.288,220.323,-0.215692,10.288,             29P    780
220.327,-0.217172,10.288,220.349,-0.225805,10.288,220.373,            29P    781
-0.234483,10.288,220.396,-0.242545,10.288,220.399,-0.243808,          29P    782
10.288,220.401,-0.244362,10.288,220.403,-0.245191,10.288,             29P    783
220.406,-0.2463,10.288,220.411,-0.247744,10.288,220.415,              29P    784
-0.249067,10.288,220.437,-0.25666,10.288,220.46,-0.263979,            29P    785
10.288,220.484,-0.270843,10.288,220.487,-0.271853,10.288,             29P    786
220.489,-0.272437,10.288,220.492,-0.273169,10.288,220.495,            29P    787
-0.27414,10.288,220.499,-0.275405,10.288,220.504,-0.276569,           29P    788
10.288,220.527,-0.283201,10.288,220.551,-0.289488,10.288,             29P    789
220.574,-0.295207,10.288,220.577,-0.295912,10.288,220.579,            29P    790
-0.296345,10.288,220.581,-0.296987,10.288,220.585,-0.297824,          29P    791
10.288,220.589,-0.298911,10.288,220.594,-0.2999,10.288,220.613,       29P    792
-0.304432,10.288,220.632,-0.308491,10.288,220.65,-0.312197,           29P    793
10.288,220.652,-0.312609,10.288,220.654,-0.312982,10.288,             29P    794
220.657,-0.313543,10.288,220.66,-0.31426,10.288,220.665,              29P    795
-0.315191,10.288,220.669,-0.316026,10.288,220.685,-0.318983,          29P    796
10.288,220.699,-0.321526,10.288,220.713,-0.323945,10.288,             29P    797
220.715,-0.324279,10.288,220.718,-0.324784,10.288,220.721,            29P    798
-0.325408,10.288,220.726,-0.326223,10.288,220.73,-0.326933,           29P    799
10.288,220.741,-0.328604,10.288,220.75,-0.330104,10.288,220.76,       29P    800
-0.331542,10.288,220.763,-0.332049,10.288,220.767,-0.3326,            29P    801
10.288,220.772,-0.333323,10.288,220.776,-0.333929,10.288,             29P    802
220.782,-0.334655,10.288,220.785,-0.335093,10.288,220.788,            29P    803
-0.335484,10.288,220.788,-0.335534,10.288,220.789,-0.335706,          29P    804
10.288,220.79,-0.335828,10.288,220.792,-0.336059,10.288,220.793,      29P    805
-0.336168,10.288,220.795,-0.336467,10.288,220.796,-0.336656,          29P    806
10.288,220.798,-0.336941,10.288,220.799,-0.337091,10.288,             29P    807
220.801,-0.337297,10.288,220.802,-0.337407,10.288,220.803,            29P    808
-0.337611,10.288,220.805,-0.337802,10.288,220.807,-0.338067,          29P    809
10.288,220.808,-0.338186,10.288,220.809,-0.338339,10.288,220.81,      29P    810
-0.33842,10.288,220.811,-0.338612,10.288,220.813,-0.338716,           29P    811
10.288,220.815,-0.33866,10.288,220.817,-0.338468,10.288,220.819,      29P    812
-0.338129,10.288,220.821,-0.337519,10.288,220.823,-0.336674,          29P    813
10.288,220.825,-0.335694,10.288,220.826,-0.33497,10.288,220.827,      29P    814
-0.334329,10.288,220.829,-0.333472,10.288,220.83,-0.33224,            29P    815
10.288,220.831,-0.330717,10.288,220.833,-0.328552,10.288,             29P    816
220.834,-0.32644,10.288,220.835,-0.324703,10.288,220.836,             29P    817
-0.323565,10.288,220.836,-0.322881,10.288,220.836,-0.321686,          29P    818
10.288,220.836,-0.320769,10.288,220.837,-0.319839,10.288,             29P    819
220.837,-0.31897,10.288,220.837,-0.318517,10.288,220.837,             29P    820
-0.316511,10.288,220.837,-0.314943,10.288,220.837,-0.312362,          29P    821
10.288,220.837,-0.311341,10.288,220.836,-0.308542,10.288,             29P    822
220.835,-0.306796,10.288,220.834,-0.304163,10.288,220.833,            29P    823
-0.301781,10.288,220.831,-0.299684,10.288,220.829,-0.297712,          29P    824
10.288,220.827,-0.296509,10.288,220.825,-0.294897,10.288,             29P    825
220.823,-0.294126,10.288,220.821,-0.293467,10.288,220.82,             29P    826
-0.29312,10.288,220.819,-0.292874,10.288,220.817,-0.292543,           29P    827
10.288,220.814,-0.291975,10.288,220.808,-0.290925,10.288,             29P    828
220.801,-0.289576,10.288,220.794,-0.288306,10.288,220.788,            29P    829
-0.287084,10.288,220.784,-0.286282,10.288,220.78,-0.285536,           29P    830
10.288,220.777,-0.284902,10.288,220.773,-0.284141,10.288,             29P    831
220.769,-0.283203,10.288,220.763,-0.282082,10.288,220.757,            29P    832
-0.280614,10.288,220.75,-0.279218,10.288,220.739,-0.276665,           29P    833
10.288,220.729,-0.274509,10.288,220.72,-0.272355,10.288,220.717,      29P    834
-0.271627,10.288,220.714,-0.270834,10.288,220.711,-0.270135,          29P    835
10.288,220.709,-0.26945,10.288,220.705,-0.268434,10.288,220.698,      29P    836
-0.266809,10.288,220.692,-0.265262,10.288,220.675,-0.260885,          29P    837
10.288,220.661,-0.256836,10.288,220.647,-0.252681,10.288,             29P    838
220.644,-0.25184,10.288,220.64,-0.250812,10.288,220.636,              29P    839
-0.249598,10.288,220.632,-0.248206,10.288,220.626,-0.246418,          29P    840
10.288,220.62,-0.244711,10.288,220.598,-0.237894,10.288,220.579,      29P    841
-0.231301,10.288,220.559,-0.224438,10.288,220.555,-0.223034,          29P    842
10.288,220.552,-0.22169,10.288,220.548,-0.220325,10.288,220.545,      29P    843
-0.219286,10.288,220.54,-0.217537,10.288,220.535,-0.215686,           29P    844
10.288,220.513,-0.207438,10.288,220.493,-0.199178,10.288,             29P    845
220.472,-0.190394,10.288,220.468,-0.188845,10.288,220.465,            29P    846
-0.187632,10.288,220.463,-0.186688,10.288,220.461,-0.185642,          29P    847
10.288,220.457,-0.183836,10.288,220.452,-0.181898,10.288,220.43,      29P    848
-0.172205,10.288,220.41,-0.162819,10.288,220.39,-0.153162,            29P    849
10.288,220.388,-0.152066,10.288,220.385,-0.150683,10.288,             29P    850
220.383,-0.149424,10.288,220.381,-0.14843,10.288,220.379,             29P    851
-0.147404,10.288,220.375,-0.145564,10.288,220.371,-0.143628,          29P    852
10.288,220.349,-0.132475,10.288,220.329,-0.121587,10.288,             29P    853
220.309,-0.11043,10.288,220.307,-0.109278,10.288,220.304,             29P    854
-0.107831,10.288,220.301,-0.106233,10.288,220.299,-0.104695,          29P    855
10.288,220.295,-0.102755,10.288,220.292,-0.100861,10.288,220.27,      29P    856
-0.0882283,10.288,220.25,-0.0759201,10.288,220.23,-0.06327,           29P    857
10.288,220.227,-0.0615343,10.288,220.224,-0.0596352,10.288,           29P    858
220.221,-0.0575869,10.288,220.218,-0.0557389,10.288,220.215,          29P    859
-0.0539398,10.288,220.194,-0.0397752,10.288,220.174,-0.0258097,       29P    860
10.288,220.154,-0.0116732,10.288,220.152,-0.0105478,10.288,           29P    861
220.15,-0.00912767,10.288,220.148,-0.00755067,10.288,220.146,         29P    862
-0.00620727,10.288,220.144,-0.00448346,10.288,220.141,                29P    863
-0.00285623,10.288,220.12,0.0126438,10.288,220.1,0.0276847,           29P    864
10.288,220.08,0.0426923,10.288,220.078,0.0437381,10.288,220.076,      29P    865
0.0450257,10.288,220.074,0.0464925,10.288,220.073,0.0476381,          29P    866
10.288,220.071,0.049149,10.288,220.069,0.0505216,10.288,220.047,      29P    867
0.0667139,10.288,220.027,0.0822833,10.288,220.006,0.0979059,          29P    868
10.288,220.005,0.0988221,10.288,220.004,0.0997163,10.288,             29P    869
220.002,0.10059,10.288,220.001,0.101522,10.288,219.999,0.103034,      29P    870
10.288,219.997,0.104592,10.288,219.975,0.121222,10.288,219.954,       29P    871
0.137544,10.288,219.933,0.153892,10.288,219.932,0.154819,10.288,      29P    872
219.931,0.155772,10.288,219.929,0.156901,10.288,219.927,0.15853,      29P    873
10.288,219.904,0.176286,10.288,219.882,0.194095,10.288,219.86,        29P    874
0.211486,10.288,219.859,0.212415,10.288,219.858,0.213261,10.288,      29P    875
219.856,0.214555,10.288,219.833,0.232807,10.288,219.811,              29P    876
0.251226,10.288,219.789,0.269207,10.288,219.787,0.270094,10.288,      29P    877
219.786,0.271013,10.288,219.785,0.272003,10.288,219.762,              29P    878
0.290525,10.288,219.74,0.309101,10.288,219.718,0.327831,10.288,       29P    879
219.716,0.328986,10.288,219.697,0.34526,10.288,219.678,0.361588,      29P    880
10.288,219.659,0.377865,10.288,219.643,0.391337,10.288,219.627,       29P    881
0.404825,10.288,219.601,0.427852,10.288,219.581,0.44464,10.288,       29P    882
219.563,0.461253,10.288,219.555,0.4679,10.288,219.558,0.481789,       29P    883
10.3434,219.557,0.48255,10.3434,219.556,0.483358,10.3434,             29P    884
219.554,0.484052,10.3434,219.553,0.484449,10.3434,219.552,            29P    885
0.484691,10.3434,219.55,0.484782,10.3434,219.549,0.484728,            29P    886
10.3434,219.547,0.484459,10.3434,219.546,0.484068,10.3434,            29P    887
219.545,0.483434,10.3434,219.544,0.483139,10.3434,219.543,            29P    888
0.482591,10.3434,219.543,0.482361,10.3434,219.542,0.481603,           29P    889
10.3434,219.541,0.48102,10.3434,219.541,0.480034,10.3434,219.54,      29P    890
0.479242,10.3434,219.54,0.478385,10.3434,219.539,0.477556,            29P    891
10.3434,219.539,0.476646,10.3434,219.539,0.475696,10.3434,            29P    892
219.538,0.474353,10.3434,219.538,0.473578,10.3434,219.538,            29P    893
0.4721,10.3434,219.538,0.471397,10.3434,219.539,0.470187,             29P    894
10.3434,219.539,0.469675,10.3434,219.539,0.468423,10.3434,            29P    895
219.539,0.467702,10.3434,219.542,0.463066,10.3434,219.545,            29P    896
0.458633,10.3434,219.547,0.453616,10.3434,219.548,0.451981,           29P    897
10.3434,219.55,0.449737,10.3434,219.551,0.447556,10.3434,             29P    898
219.552,0.445402,10.3434,219.553,0.443723,10.3434,219.554,            29P    899
0.441883,10.3434,219.56,0.432251,10.3434,219.566,0.422817,            29P    900
10.3434,219.571,0.413549,10.3434,219.572,0.412007,10.3434,            29P    901
219.574,0.409861,10.3434,219.575,0.407738,10.3434,219.576,            29P    902
0.405693,10.3434,219.577,0.403876,10.3434,219.579,0.401904,           29P    903
10.3434,219.587,0.388502,10.3434,219.596,0.375361,10.3434,            29P    904
219.604,0.362638,10.3434,219.605,0.361068,10.3434,219.606,            29P    905
0.359653,10.3434,219.607,0.357624,10.3434,219.609,0.355624,           29P    906
10.3434,219.61,0.353724,10.3434,219.611,0.351739,10.3434,             29P    907
219.613,0.349887,10.3434,219.614,0.348119,10.3434,219.625,            29P    908
0.331728,10.3434,219.637,0.315251,10.3434,219.649,0.298989,           29P    909
10.3434,219.65,0.297506,10.3434,219.651,0.29625,10.3434,219.652,      29P    910
0.294395,10.3434,219.654,0.292499,10.3434,219.655,0.290795,           29P    911
10.3434,219.657,0.288733,10.3434,219.658,0.286778,10.3434,            29P    912
219.66,0.284756,10.3434,219.675,0.264975,10.3434,219.69,0.24519,      29P    913
10.3434,219.707,0.225852,10.3434,219.708,0.224414,10.3434,            29P    914
219.709,0.223309,10.3434,219.71,0.221625,10.3434,219.712,             29P    915
0.219884,10.3434,219.713,0.21827,10.3434,219.715,0.216221,            29P    916
10.3434,219.716,0.214154,10.3434,219.718,0.212036,10.3434,            29P    917
219.734,0.193248,10.3434,219.751,0.174297,10.3434,219.769,            29P    918
0.155682,10.3434,219.771,0.153918,10.3434,219.772,0.151968,           29P    919
10.3434,219.774,0.150048,10.3434,219.777,0.147261,10.3434,            29P    920
219.779,0.145092,10.3434,219.797,0.126144,10.3434,219.816,            29P    921
0.107763,10.3434,219.835,0.0900309,10.3434,219.836,0.0883283,         29P    922
10.3434,219.838,0.0869578,10.3434,219.839,0.0856026,10.3434,          29P    923
219.841,0.0841139,10.3434,219.843,0.0821448,10.3434,219.845,          29P    924
0.0799129,10.3434,219.848,0.0777672,10.3434,219.866,0.0612316,        29P    925
10.3434,219.885,0.0446366,10.3434,219.904,0.0285575,10.3434,          29P    926
219.906,0.0269195,10.3434,219.908,0.0256982,10.3434,219.909,          29P    927
0.0244947,10.3434,219.911,0.0230883,10.3434,219.913,0.0212133,        29P    928
10.3434,219.916,0.0189807,10.3434,219.936,0.00256164,10.3434,         29P    929
219.957,-0.0134132,10.3434,219.977,-0.0285175,10.3434,219.98,         29P    930
-0.0300771,10.3434,219.981,-0.0313887,10.3434,219.983,                29P    931
-0.0329541,10.3434,219.987,-0.0352919,10.3434,219.99,-0.037475,       29P    932
10.3434,219.993,-0.0394651,10.3434,220.012,-0.0534647,10.3434,        29P    933
220.033,-0.0674562,10.3434,220.054,-0.0808762,10.3434,220.056,        29P    934
-0.0823616,10.3434,220.058,-0.0832877,10.3434,220.059,                29P    935
-0.0842028,10.3434,220.061,-0.0854336,10.3434,220.064,                29P    936
-0.0870984,10.3434,220.067,-0.0891768,10.3434,220.07,-0.091066,       29P    937
10.3434,220.09,-0.103731,10.3434,220.112,-0.116404,10.3434,           29P    938
220.133,-0.128529,10.3434,220.136,-0.129944,10.3434,220.137,          29P    939
-0.130763,10.3434,220.139,-0.131592,10.3434,220.141,-0.13273,         29P    940
10.3434,220.144,-0.134274,10.3434,220.147,-0.136241,10.3434,          29P    941
220.15,-0.138039,10.3434,220.171,-0.149498,10.3434,220.193,           29P    942
-0.161034,10.3434,220.215,-0.171999,10.3434,220.218,-0.173341,        29P    943
10.3434,220.219,-0.174064,10.3434,220.221,-0.17481,10.3434,           29P    944
220.223,-0.175868,10.3434,220.226,-0.177301,10.3434,220.23,           29P    945
-0.179158,10.3434,220.233,-0.180865,10.3434,220.254,-0.191212,        29P    946
10.3434,220.277,-0.20157,10.3434,220.299,-0.211463,10.3434,           29P    947
220.303,-0.213042,10.3434,220.305,-0.21384,10.3434,220.307,           29P    948
-0.214815,10.3434,220.31,-0.216133,10.3434,220.314,-0.217854,         29P    949
10.3434,220.318,-0.219437,10.3434,220.34,-0.228675,10.3434,           29P    950
220.363,-0.237969,10.3434,220.386,-0.246634,10.3434,220.389,          29P    951
-0.247993,10.3434,220.391,-0.248589,10.3434,220.393,-0.24948,         29P    952
10.3434,220.396,-0.250674,10.3434,220.401,-0.252229,10.3434,          29P    953
220.404,-0.253655,10.3434,220.427,-0.261842,10.3434,220.45,           29P    954
-0.269777,10.3434,220.473,-0.277233,10.3434,220.476,-0.27833,         29P    955
10.3434,220.478,-0.278965,10.3434,220.481,-0.27976,10.3434,           29P    956
220.484,-0.280815,10.3434,220.489,-0.28219,10.3434,220.493,           29P    957
-0.283455,10.3434,220.516,-0.290665,10.3434,220.539,-0.297499,        29P    958
10.3434,220.563,-0.303723,10.3434,220.566,-0.30449,10.3434,           29P    959
220.567,-0.30496,10.3434,220.57,-0.30566,10.3434,220.573,             29P    960
-0.30657,10.3434,220.578,-0.307753,10.3434,220.582,-0.30883,          29P    961
10.3434,220.602,-0.313766,10.3434,220.62,-0.318195,10.3434,           29P    962
220.638,-0.322246,10.3434,220.64,-0.322696,10.3434,220.642,           29P    963
-0.323104,10.3434,220.645,-0.323717,10.3434,220.649,-0.324502,        29P    964
10.3434,220.653,-0.325521,10.3434,220.658,-0.326435,10.3434,          29P    965
220.673,-0.329674,10.3434,220.687,-0.332464,10.3434,220.701,          29P    966
-0.335119,10.3434,220.703,-0.335486,10.3434,220.706,-0.33604,         29P    967
10.3434,220.709,-0.336725,10.3434,220.714,-0.33762,10.3434,           29P    968
220.719,-0.338401,10.3434,220.729,-0.340236,10.3434,220.738,          29P    969
-0.341885,10.3434,220.748,-0.343461,10.3434,220.752,-0.344017,        29P    970
10.3434,220.755,-0.34462,10.3434,220.76,-0.345409,10.3434,            29P    971
220.765,-0.34607,10.3434,220.77,-0.346859,10.3434,220.773,            29P    972
-0.347334,10.3434,220.776,-0.347757,10.3434,220.776,-0.347812,        29P    973
10.3434,220.777,-0.347998,10.3434,220.778,-0.348129,10.3434,          29P    974
220.78,-0.348379,10.3434,220.781,-0.348497,10.3434,220.783,           29P    975
-0.34882,10.3434,220.784,-0.349023,10.3434,220.786,-0.34933,          29P    976
10.3434,220.788,-0.349492,10.3434,220.789,-0.349715,10.3434,          29P    977
220.79,-0.349832,10.3434,220.792,-0.350051,10.3434,220.793,           29P    978
-0.350267,10.3434,220.795,-0.350583,10.3434,220.796,-0.35073,         29P    979
10.3434,220.797,-0.350925,10.3434,220.798,-0.351016,10.3434,          29P    980
220.799,-0.351206,10.3434,220.801,-0.351311,10.3434,220.803,          29P    981
-0.351259,10.3434,220.805,-0.351075,10.3434,220.807,-0.350745,        29P    982
10.3434,220.809,-0.350147,10.3434,220.811,-0.349313,10.3434,          29P    983
220.813,-0.348336,10.3434,220.815,-0.34761,10.3434,220.816,           29P    984
-0.346966,10.3434,220.817,-0.346106,10.3434,220.818,-0.344869,        29P    985
10.3434,220.82,-0.343341,10.3434,220.821,-0.341171,10.3434,           29P    986
220.822,-0.339054,10.3434,220.823,-0.337315,10.3434,220.824,          29P    987
-0.336175,10.3434,220.824,-0.33549,10.3434,220.824,-0.334294,         29P    988
10.3434,220.825,-0.333376,10.3434,220.825,-0.332446,10.3434,          29P    989
220.825,-0.331576,10.3434,220.825,-0.331122,10.3434,220.825,          29P    990
-0.329115,10.3434,220.825,-0.327545,10.3434,220.825,-0.324962,        29P    991
10.3434,220.825,-0.32394,10.3434,220.824,-0.321136,10.3434,           29P    992
220.824,-0.319385,10.3434,220.822,-0.31674,10.3434,220.821,           29P    993
-0.314344,10.3434,220.819,-0.312226,10.3434,220.817,-0.310233,        29P    994
10.3434,220.815,-0.309034,10.3434,220.813,-0.307483,10.3434,          29P    995
220.811,-0.306786,10.3434,220.809,-0.306234,10.3434,220.808,          29P    996
-0.305923,10.3434,220.807,-0.305665,10.3434,220.805,-0.305287,        29P    997
10.3434,220.802,-0.304639,10.3434,220.796,-0.303442,10.3434,          29P    998
220.789,-0.301906,10.3434,220.782,-0.300463,10.3434,220.776,          29P    999
-0.299075,10.3434,220.772,-0.298166,10.3434,220.768,-0.29732,         29P   1000
10.3434,220.765,-0.296602,10.3434,220.761,-0.295741,10.3434,          29P   1001
220.757,-0.294681,10.3434,220.752,-0.293414,10.3434,220.745,          29P   1002
-0.291757,10.3434,220.739,-0.290186,10.3434,220.727,-0.287315,        29P   1003
10.3434,220.718,-0.284899,10.3434,220.709,-0.282493,10.3434,          29P   1004
220.706,-0.281679,10.3434,220.703,-0.280795,10.3434,220.7,            29P   1005
-0.280016,10.3434,220.697,-0.279253,10.3434,220.693,-0.278123,        29P   1006
10.3434,220.687,-0.276317,10.3434,220.681,-0.274602,10.3434,          29P   1007
220.664,-0.269759,10.3434,220.65,-0.265306,10.3434,220.636,           29P   1008
-0.260762,10.3434,220.633,-0.259842,10.3434,220.629,-0.258719,        29P   1009
10.3434,220.625,-0.257394,10.3434,220.621,-0.255877,10.3434,          29P   1010
220.615,-0.25393,10.3434,220.609,-0.252073,10.3434,220.588,           29P   1011
-0.244669,10.3434,220.568,-0.237546,10.3434,220.549,-0.230167,        29P   1012
10.3434,220.545,-0.228657,10.3434,220.541,-0.227214,10.3434,          29P   1013
220.538,-0.225749,10.3434,220.535,-0.224633,10.3434,220.53,           29P   1014
-0.222757,10.3434,220.525,-0.220774,10.3434,220.504,-0.211942,        29P   1015
10.3434,220.483,-0.203133,10.3434,220.462,-0.193802,10.3434,          29P   1016
220.459,-0.192157,10.3434,220.456,-0.190871,10.3434,220.454,          29P   1017
-0.189869,10.3434,220.451,-0.18876,10.3434,220.447,-0.186845,         29P   1018
10.3434,220.443,-0.184791,10.3434,220.421,-0.174526,10.3434,          29P   1019
220.401,-0.16462,10.3434,220.382,-0.154471,10.3434,220.379,           29P   1020
-0.153319,10.3434,220.377,-0.151866,10.3434,220.374,-0.150545,        29P   1021
10.3434,220.372,-0.149502,10.3434,220.37,-0.148425,10.3434,           29P   1022
220.367,-0.146495,10.3434,220.363,-0.144465,10.3434,220.341,          29P   1023
-0.132779,10.3434,220.321,-0.121419,10.3434,220.301,-0.109806,        29P   1024
10.3434,220.299,-0.108607,10.3434,220.297,-0.107101,10.3434,          29P   1025
220.294,-0.105439,10.3434,220.291,-0.10384,10.3434,220.288,           29P   1026
-0.101822,10.3434,220.285,-0.0998533,10.3434,220.263,-0.0867238,      29P   1027
10.3434,220.243,-0.0739541,10.3434,220.224,-0.0608706,10.3434,        29P   1028
220.221,-0.0590756,10.3434,220.218,-0.0571124,10.3434,220.215,        29P   1029
-0.0549958,10.3434,220.212,-0.0530868,10.3434,220.209,                29P   1030
-0.0512288,10.3434,220.188,-0.036606,10.3434,220.168,-0.0222392,      29P   1031
10.3434,220.148,-0.007716,10.3434,220.147,-0.00655996,10.3434,        29P   1032
220.145,-0.00510113,10.3434,220.143,-0.00348134,10.3434,220.141,      29P   1033
-0.00210161,10.3434,220.139,-0.000331275,10.3434,220.136,             29P   1034
0.00133974,10.3434,220.115,0.0172555,10.3434,220.095,0.0326878,       29P   1035
10.3434,220.075,0.0480837,10.3434,220.074,0.0491566,10.3434,          29P   1036
220.072,0.0504775,10.3434,220.07,0.0519822,10.3434,220.069,           29P   1037
0.0531573,10.3434,220.067,0.0547073,10.3434,220.065,0.0561154,        29P   1038
10.3434,220.044,0.072726,10.3434,220.023,0.0886991,10.3434,           29P   1039
220.003,0.104673,10.3434,220.002,0.105609,10.3434,220.,0.106523,      29P   1040
10.3434,219.999,0.107416,10.3434,219.998,0.108368,10.3434,            29P   1041
219.996,0.109914,10.3434,219.994,0.111505,10.3434,219.973,            29P   1042
0.128487,10.3434,219.952,0.145136,10.3434,219.931,0.161813,           29P   1043
10.3434,219.93,0.162759,10.3434,219.929,0.163731,10.3434,             29P   1044
219.927,0.164883,10.3434,219.925,0.166545,10.3434,219.903,            29P   1045
0.184659,10.3434,219.881,0.202832,10.3434,219.859,0.220585,           29P   1046
10.3434,219.858,0.221534,10.3434,219.857,0.222398,10.3434,            29P   1047
219.855,0.223718,10.3434,219.833,0.242353,10.3434,219.81,             29P   1048
0.261167,10.3434,219.789,0.279525,10.3434,219.788,0.28043,            29P   1049
10.3434,219.787,0.281368,10.3434,219.785,0.282378,10.3434,            29P   1050
219.763,0.301286,10.3434,219.741,0.320238,10.3434,219.719,            29P   1051
0.339333,10.3434,219.717,0.340511,10.3434,219.698,0.3571,             29P   1052
10.3434,219.679,0.373737,10.3434,219.66,0.390306,10.3434,             29P   1053
219.645,0.40402,10.3434,219.629,0.41774,10.3434,219.603,              29P   1054
0.441127,10.3434,219.584,0.458143,10.3434,219.565,0.475034,           29P   1055
10.3434,219.558,0.481789,10.3434,219.563,0.514802,10.4796,            29P   1056
219.562,0.515587,10.4796,219.561,0.516424,10.4796,219.56,             29P   1057
0.517154,10.4796,219.558,0.517577,10.4796,219.557,0.517847,           29P   1058
10.4796,219.556,0.51797,10.4796,219.555,0.517946,10.4796,             29P   1059
219.553,0.51773,10.4796,219.552,0.517382,10.4796,219.55,              29P   1060
0.516805,10.4796,219.55,0.516534,10.4796,219.549,0.516026,            29P   1061
10.4796,219.549,0.515813,10.4796,219.548,0.5151,10.4796,219.547,      29P   1062
0.514542,10.4796,219.546,0.513592,10.4796,219.546,0.512826,           29P   1063
10.4796,219.545,0.511994,10.4796,219.545,0.51119,10.4796,             29P   1064
219.544,0.510306,10.4796,219.544,0.50938,10.4796,219.544,             29P   1065
0.508069,10.4796,219.544,0.507311,10.4796,219.544,0.505859,           29P   1066
10.4796,219.544,0.505167,10.4796,219.544,0.503973,10.4796,            29P   1067
219.544,0.503465,10.4796,219.544,0.502213,10.4796,219.545,            29P   1068
0.501492,10.4796,219.547,0.496871,10.4796,219.55,0.49244,             29P   1069
10.4796,219.553,0.48741,10.4796,219.554,0.485769,10.4796,             29P   1070
219.555,0.483516,10.4796,219.556,0.481323,10.4796,219.557,            29P   1071
0.479155,10.4796,219.558,0.477465,10.4796,219.559,0.47561,            29P   1072
10.4796,219.565,0.465896,10.4796,219.57,0.456329,10.4796,             29P   1073
219.576,0.446909,10.4796,219.577,0.445342,10.4796,219.578,            29P   1074
0.44316,10.4796,219.579,0.441,10.4796,219.581,0.43892,10.4796,        29P   1075
219.582,0.437071,10.4796,219.583,0.435064,10.4796,219.591,            29P   1076
0.421424,10.4796,219.6,0.408042,10.4796,219.608,0.395077,             29P   1077
10.4796,219.609,0.393476,10.4796,219.61,0.392034,10.4796,             29P   1078
219.611,0.389966,10.4796,219.613,0.387928,10.4796,219.614,            29P   1079
0.385991,10.4796,219.615,0.383967,10.4796,219.616,0.382079,           29P   1080
10.4796,219.618,0.380276,10.4796,219.629,0.363562,10.4796,            29P   1081
219.64,0.3468,10.4796,219.652,0.330244,10.4796,219.653,0.328734,      29P   1082
10.4796,219.654,0.327455,10.4796,219.655,0.325566,10.4796,            29P   1083
219.656,0.323635,10.4796,219.658,0.321899,10.4796,219.659,            29P   1084
0.3198,10.4796,219.661,0.317808,10.4796,219.662,0.315748,             29P   1085
10.4796,219.677,0.295591,10.4796,219.692,0.275382,10.4796,            29P   1086
219.708,0.255563,10.4796,219.709,0.254089,10.4796,219.71,             29P   1087
0.252956,10.4796,219.711,0.251229,10.4796,219.712,0.249444,           29P   1088
10.4796,219.714,0.247788,10.4796,219.715,0.245686,10.4796,            29P   1089
219.717,0.243564,10.4796,219.719,0.24139,10.4796,219.734,             29P   1090
0.222098,10.4796,219.751,0.202565,10.4796,219.768,0.183304,           29P   1091
10.4796,219.769,0.181478,10.4796,219.771,0.179459,10.4796,            29P   1092
219.773,0.177472,10.4796,219.775,0.174585,10.4796,219.777,            29P   1093
0.172337,10.4796,219.795,0.152693,10.4796,219.813,0.13356,            29P   1094
10.4796,219.831,0.115018,10.4796,219.833,0.113237,10.4796,            29P   1095
219.834,0.111803,10.4796,219.835,0.110385,10.4796,219.837,            29P   1096
0.108827,10.4796,219.839,0.106765,10.4796,219.841,0.104427,           29P   1097
10.4796,219.844,0.102179,10.4796,219.861,0.0848449,10.4796,           29P   1098
219.879,0.0673703,10.4796,219.898,0.0503463,10.4796,219.9,            29P   1099
0.0486111,10.4796,219.901,0.0473172,10.4796,219.902,0.0460415,        29P   1100
10.4796,219.904,0.0445505,10.4796,219.906,0.0425621,10.4796,          29P   1101
219.909,0.0401929,10.4796,219.928,0.0227583,10.4796,219.948,          29P   1102
0.00569231,10.4796,219.968,-0.0105566,10.4796,219.97,-0.0122354,      29P   1103
10.4796,219.972,-0.0136477,10.4796,219.974,-0.0153341,10.4796,        29P   1104
219.977,-0.0178542,10.4796,219.98,-0.0202094,10.4796,219.982,         29P   1105
-0.0223583,10.4796,220.001,-0.0374821,10.4796,220.021,                29P   1106
-0.0527059,10.4796,220.041,-0.0674449,10.4796,220.044,                29P   1107
-0.0690779,10.4796,220.045,-0.0700963,10.4796,220.046,                29P   1108
-0.0711031,10.4796,220.048,-0.072458,10.4796,220.051,-0.0742918,      29P   1109
10.4796,220.054,-0.0765837,10.4796,220.057,-0.0786696,10.4796,        29P   1110
220.076,-0.0926639,10.4796,220.097,-0.106808,10.4796,220.118,         29P   1111
-0.120384,10.4796,220.12,-0.121969,10.4796,220.121,-0.122886,         29P   1112
10.4796,220.123,-0.123815,10.4796,220.125,-0.12509,10.4796,           29P   1113
220.128,-0.126819,10.4796,220.131,-0.129024,10.4796,220.134,          29P   1114
-0.131039,10.4796,220.154,-0.14388,10.4796,220.175,-0.156811,         29P   1115
10.4796,220.197,-0.169186,10.4796,220.199,-0.170701,10.4796,          29P   1116
220.201,-0.171519,10.4796,220.202,-0.172361,10.4796,220.204,          29P   1117
-0.173558,10.4796,220.207,-0.175179,10.4796,220.211,-0.177283,        29P   1118
10.4796,220.214,-0.179219,10.4796,220.235,-0.190964,10.4796,          29P   1119
220.256,-0.202836,10.4796,220.278,-0.214234,10.4796,220.282,          29P   1120
-0.216054,10.4796,220.283,-0.216974,10.4796,220.286,-0.218099,        29P   1121
10.4796,220.289,-0.21962,10.4796,220.293,-0.221605,10.4796,           29P   1122
220.296,-0.223434,10.4796,220.317,-0.234105,10.4796,220.34,           29P   1123
-0.244874,10.4796,220.362,-0.254997,10.4796,220.366,-0.256586,        29P   1124
10.4796,220.367,-0.257283,10.4796,220.369,-0.258327,10.4796,          29P   1125
220.373,-0.259725,10.4796,220.377,-0.261549,10.4796,220.381,          29P   1126
-0.263224,10.4796,220.402,-0.272851,10.4796,220.425,-0.282282,        29P   1127
10.4796,220.448,-0.291196,10.4796,220.451,-0.292508,10.4796,          29P   1128
220.453,-0.293268,10.4796,220.455,-0.29422,10.4796,220.459,           29P   1129
-0.295484,10.4796,220.463,-0.297132,10.4796,220.467,-0.298649,        29P   1130
10.4796,220.49,-0.307298,10.4796,220.513,-0.315526,10.4796,           29P   1131
220.536,-0.323064,10.4796,220.538,-0.323994,10.4796,220.54,           29P   1132
-0.324564,10.4796,220.543,-0.325413,10.4796,220.546,-0.326518,        29P   1133
10.4796,220.551,-0.327955,10.4796,220.555,-0.329264,10.4796,          29P   1134
220.574,-0.33527,10.4796,220.592,-0.340698,10.4796,220.61,            29P   1135
-0.3457,10.4796,220.612,-0.346256,10.4796,220.614,-0.346761,          29P   1136
10.4796,220.617,-0.34752,10.4796,220.621,-0.348491,10.4796,           29P   1137
220.625,-0.349754,10.4796,220.63,-0.350889,10.4796,220.645,           29P   1138
-0.354916,10.4796,220.658,-0.358404,10.4796,220.672,-0.361741,        29P   1139
10.4796,220.674,-0.362203,10.4796,220.677,-0.3629,10.4796,            29P   1140
220.681,-0.363763,10.4796,220.686,-0.364892,10.4796,220.69,           29P   1141
-0.365878,10.4796,220.7,-0.368199,10.4796,220.71,-0.370293,           29P   1142
10.4796,220.719,-0.372297,10.4796,220.722,-0.373002,10.4796,          29P   1143
220.726,-0.373768,10.4796,220.731,-0.374771,10.4796,220.735,          29P   1144
-0.37561,10.4796,220.741,-0.37661,10.4796,220.744,-0.377212,          29P   1145
10.4796,220.746,-0.377747,10.4796,220.747,-0.377815,10.4796,          29P   1146
220.748,-0.378051,10.4796,220.749,-0.378217,10.4796,220.751,          29P   1147
-0.378533,10.4796,220.752,-0.378682,10.4796,220.754,-0.379088,        29P   1148
10.4796,220.755,-0.379347,10.4796,220.757,-0.379742,10.4796,          29P   1149
220.758,-0.379946,10.4796,220.76,-0.380219,10.4796,220.761,           29P   1150
-0.38036,10.4796,220.762,-0.380619,10.4796,220.764,-0.380884,         29P   1151
10.4796,220.766,-0.381287,10.4796,220.767,-0.381481,10.4796,          29P   1152
220.768,-0.381739,10.4796,220.769,-0.381842,10.4796,220.77,           29P   1153
-0.382007,10.4796,220.772,-0.382092,10.4796,220.774,-0.382016,        29P   1154
10.4796,220.776,-0.381813,10.4796,220.778,-0.381465,10.4796,          29P   1155
220.78,-0.380844,10.4796,220.782,-0.379983,10.4796,220.784,           29P   1156
-0.378971,10.4796,220.785,-0.378217,10.4796,220.786,-0.37755,         29P   1157
10.4796,220.787,-0.376661,10.4796,220.789,-0.375389,10.4796,          29P   1158
220.79,-0.373828,10.4796,220.792,-0.371622,10.4796,220.793,           29P   1159
-0.369485,10.4796,220.794,-0.367736,10.4796,220.794,-0.36659,         29P   1160
10.4796,220.794,-0.365902,10.4796,220.795,-0.3647,10.4796,            29P   1161
220.795,-0.363778,10.4796,220.795,-0.362845,10.4796,220.795,          29P   1162
-0.361974,10.4796,220.795,-0.36152,10.4796,220.795,-0.359513,         29P   1163
10.4796,220.795,-0.357947,10.4796,220.795,-0.355375,10.4796,          29P   1164
220.795,-0.354357,10.4796,220.794,-0.35157,10.4796,220.794,           29P   1165
-0.349838,10.4796,220.792,-0.347237,10.4796,220.791,-0.344871,        29P   1166
10.4796,220.789,-0.342744,10.4796,220.787,-0.340727,10.4796,          29P   1167
220.785,-0.339537,10.4796,220.782,-0.33808,10.4796,220.781,           29P   1168
-0.337495,10.4796,220.779,-0.337101,10.4796,220.778,-0.336833,        29P   1169
10.4796,220.776,-0.336527,10.4796,220.775,-0.336017,10.4796,          29P   1170
220.771,-0.335146,10.4796,220.766,-0.333541,10.4796,220.759,          29P   1171
-0.331488,10.4796,220.752,-0.329571,10.4796,220.746,-0.327733,        29P   1172
10.4796,220.742,-0.326532,10.4796,220.739,-0.325417,10.4796,          29P   1173
220.736,-0.324471,10.4796,220.732,-0.32334,10.4796,220.728,           29P   1174
-0.321951,10.4796,220.722,-0.320295,10.4796,220.716,-0.318137,        29P   1175
10.4796,220.709,-0.316099,10.4796,220.698,-0.312388,10.4796,          29P   1176
220.689,-0.309287,10.4796,220.68,-0.306221,10.4796,220.677,           29P   1177
-0.305186,10.4796,220.674,-0.304063,10.4796,220.672,-0.303077,        29P   1178
10.4796,220.669,-0.302111,10.4796,220.665,-0.300683,10.4796,          29P   1179
220.659,-0.29841,10.4796,220.653,-0.29626,10.4796,220.637,            29P   1180
-0.290212,10.4796,220.622,-0.28472,10.4796,220.609,-0.279176,         29P   1181
10.4796,220.606,-0.278056,10.4796,220.603,-0.276689,10.4796,          29P   1182
220.599,-0.275081,10.4796,220.594,-0.273242,10.4796,220.588,          29P   1183
-0.270889,10.4796,220.583,-0.268651,10.4796,220.562,-0.259749,        29P   1184
10.4796,220.543,-0.251288,10.4796,220.524,-0.242614,10.4796,          29P   1185
220.52,-0.24084,10.4796,220.517,-0.239148,10.4796,220.513,            29P   1186
-0.237433,10.4796,220.511,-0.236128,10.4796,220.506,-0.233936,        29P   1187
10.4796,220.501,-0.231624,10.4796,220.48,-0.221343,10.4796,           29P   1188
220.46,-0.211189,10.4796,220.44,-0.20053,10.4796,220.437,             29P   1189
-0.198653,10.4796,220.434,-0.197186,10.4796,220.432,-0.196045,        29P   1190
10.4796,220.429,-0.194782,10.4796,220.425,-0.192604,10.4796,          29P   1191
220.421,-0.190271,10.4796,220.4,-0.178626,10.4796,220.381,            29P   1192
-0.167476,10.4796,220.362,-0.156155,10.4796,220.36,-0.15487,          29P   1193
10.4796,220.357,-0.153251,10.4796,220.355,-0.151781,10.4796,          29P   1194
220.353,-0.150621,10.4796,220.351,-0.149423,10.4796,220.347,          29P   1195
-0.147279,10.4796,220.343,-0.145027,10.4796,220.322,-0.13208,         29P   1196
10.4796,220.303,-0.119606,10.4796,220.284,-0.106929,10.4796,          29P   1197
220.282,-0.10562,10.4796,220.28,-0.103978,10.4796,220.277,            29P   1198
-0.102166,10.4796,220.274,-0.100423,10.4796,220.271,-0.0982253,       29P   1199
10.4796,220.268,-0.096082,10.4796,220.247,-0.0817982,10.4796,         29P   1200
220.228,-0.0679692,10.4796,220.209,-0.0539008,10.4796,220.206,        29P   1201
-0.0519714,10.4796,220.203,-0.0498629,10.4796,220.2,-0.0475917,       29P   1202
10.4796,220.197,-0.0455443,10.4796,220.195,-0.0435533,10.4796,        29P   1203
220.174,-0.027896,10.4796,220.155,-0.0126335,10.4796,220.136,         29P   1204
0.00274722,10.4796,220.134,0.00397138,10.4796,220.133,                29P   1205
0.00551589,10.4796,220.13,0.00723043,10.4796,220.129,0.0086906,       29P   1206
10.4796,220.126,0.0105639,10.4796,220.124,0.0123317,10.4796,          29P   1207
220.104,0.0291665,10.4796,220.084,0.0454586,10.4796,220.065,          29P   1208
0.0617095,10.4796,220.064,0.062842,10.4796,220.062,0.0642362,         29P   1209
10.4796,220.06,0.0658245,10.4796,220.059,0.0670649,10.4796,           29P   1210
220.057,0.0687009,10.4796,220.055,0.0701872,10.4796,220.034,          29P   1211
0.0877135,10.4796,220.015,0.10458,10.4796,219.995,0.121348,           29P   1212
10.4796,219.994,0.122331,10.4796,219.993,0.12329,10.4796,             29P   1213
219.992,0.124227,10.4796,219.99,0.125225,10.4796,219.989,             29P   1214
0.126845,10.4796,219.987,0.128513,10.4796,219.966,0.146313,           29P   1215
10.4796,219.946,0.163714,10.4796,219.926,0.181153,10.4796,            29P   1216
219.925,0.182142,10.4796,219.924,0.183158,10.4796,219.922,            29P   1217
0.184363,10.4796,219.92,0.1861,10.4796,219.899,0.205045,10.4796,      29P   1218
219.877,0.224044,10.4796,219.856,0.242619,10.4796,219.855,            29P   1219
0.243612,10.4796,219.854,0.244516,10.4796,219.853,0.245898,           29P   1220
10.4796,219.831,0.265403,10.4796,219.809,0.285082,10.4796,            29P   1221
219.788,0.304288,10.4796,219.787,0.305235,10.4796,219.786,            29P   1222
0.306216,10.4796,219.785,0.307273,10.4796,219.763,0.327048,           29P   1223
10.4796,219.741,0.346843,10.4796,219.72,0.366768,10.4796,             29P   1224
219.718,0.367997,10.4796,219.7,0.385306,10.4796,219.681,              29P   1225
0.402635,10.4796,219.663,0.419885,10.4796,219.648,0.434163,           29P   1226
10.4796,219.633,0.448425,10.4796,219.607,0.472682,10.4796,            29P   1227
219.589,0.49026,10.4796,219.57,0.507799,10.4796,219.563,              29P   1228
0.514802,10.4796,219.582,0.539287,10.7003,219.582,0.540001,           29P   1229
10.7003,219.58,0.540813,10.7003,219.579,0.54156,10.7003,219.578,      29P   1230
0.542004,10.7003,219.576,0.542303,10.7003,219.575,0.542449,           29P   1231
10.7003,219.573,0.542415,10.7003,219.572,0.542133,10.7003,            29P   1232
219.57,0.541679,10.7003,219.569,0.540915,10.7003,219.568,             29P   1233
0.540554,10.7003,219.567,0.539874,10.7003,219.567,0.539588,           29P   1234
10.7003,219.566,0.538673,10.7003,219.566,0.538011,10.7003,            29P   1235
219.565,0.53692,10.7003,219.564,0.536053,10.7003,219.564,             29P   1236
0.535127,10.7003,219.564,0.534231,10.7003,219.563,0.533245,           29P   1237
10.7003,219.563,0.532229,10.7003,219.563,0.530803,10.7003,            29P   1238
219.563,0.529991,10.7003,219.564,0.528488,10.7003,219.564,            29P   1239
0.527786,10.7003,219.564,0.526603,10.7003,219.565,0.526123,           29P   1240
10.7003,219.565,0.525009,10.7003,219.566,0.524333,10.7003,            29P   1241
219.568,0.51957,10.7003,219.571,0.515025,10.7003,219.574,             29P   1242
0.50989,10.7003,219.575,0.508217,10.7003,219.576,0.505922,            29P   1243
10.7003,219.577,0.503692,10.7003,219.578,0.501492,10.7003,            29P   1244
219.579,0.499777,10.7003,219.58,0.497898,10.7003,219.586,             29P   1245
0.488066,10.7003,219.592,0.47846,10.7003,219.597,0.469023,            29P   1246
10.7003,219.598,0.467452,10.7003,219.599,0.465267,10.7003,            29P   1247
219.601,0.463105,10.7003,219.602,0.461023,10.7003,219.603,            29P   1248
0.459172,10.7003,219.604,0.457163,10.7003,219.612,0.443508,           29P   1249
10.7003,219.62,0.430091,10.7003,219.629,0.417067,10.7003,219.63,      29P   1250
0.415459,10.7003,219.631,0.414009,10.7003,219.632,0.411931,           29P   1251
10.7003,219.633,0.409882,10.7003,219.634,0.407934,10.7003,            29P   1252
219.636,0.405898,10.7003,219.637,0.404,10.7003,219.638,0.402185,      29P   1253
10.7003,219.649,0.385365,10.7003,219.66,0.368331,10.7003,             29P   1254
219.671,0.351427,10.7003,219.672,0.349885,10.7003,219.673,            29P   1255
0.348579,10.7003,219.675,0.346648,10.7003,219.676,0.344675,           29P   1256
10.7003,219.677,0.3429,10.7003,219.679,0.340753,10.7003,219.68,       29P   1257
0.338715,10.7003,219.682,0.336607,10.7003,219.696,0.315977,           29P   1258
10.7003,219.711,0.29522,10.7003,219.726,0.274819,10.7003,             29P   1259
219.727,0.273302,10.7003,219.728,0.272136,10.7003,219.729,            29P   1260
0.270358,10.7003,219.731,0.26852,10.7003,219.732,0.266814,            29P   1261
10.7003,219.734,0.264649,10.7003,219.735,0.262464,10.7003,            29P   1262
219.737,0.260224,10.7003,219.752,0.240347,10.7003,219.768,            29P   1263
0.220191,10.7003,219.785,0.200261,10.7003,219.786,0.198371,           29P   1264
10.7003,219.788,0.196282,10.7003,219.79,0.194224,10.7003,             29P   1265
219.792,0.191234,10.7003,219.794,0.188905,10.7003,219.811,            29P   1266
0.168551,10.7003,219.829,0.148663,10.7003,219.846,0.129337,           29P   1267
10.7003,219.848,0.127481,10.7003,219.849,0.125986,10.7003,            29P   1268
219.851,0.124507,10.7003,219.852,0.122882,10.7003,219.854,            29P   1269
0.120731,10.7003,219.857,0.118292,10.7003,219.859,0.115945,           29P   1270
10.7003,219.876,0.0978516,10.7003,219.893,0.0795594,10.7003,          29P   1271
219.911,0.0616272,10.7003,219.913,0.0597985,10.7003,219.915,          29P   1272
0.0584344,10.7003,219.916,0.0570891,10.7003,219.918,0.055516,         29P   1273
10.7003,219.92,0.0534174,10.7003,219.922,0.0509151,10.7003,           29P   1274
219.941,0.0324859,10.7003,219.96,0.0143173,10.7003,219.979,           29P   1275
-0.00304827,10.7003,219.981,-0.00484309,10.7003,219.983,              29P   1276
-0.0063531,10.7003,219.985,-0.00815663,10.7003,219.988,               29P   1277
-0.0108526,10.7003,219.991,-0.0133731,10.7003,219.994,                29P   1278
-0.0156735,10.7003,220.012,-0.0318676,10.7003,220.031,                29P   1279
-0.0482207,10.7003,220.051,-0.0641341,10.7003,220.053,                29P   1280
-0.0658981,10.7003,220.054,-0.0669985,10.7003,220.055,                29P   1281
-0.0680866,10.7003,220.057,-0.0695514,10.7003,220.06,-0.0715345,      29P   1282
10.7003,220.063,-0.0740145,10.7003,220.066,-0.0762734,10.7003,        29P   1283
220.085,-0.0914346,10.7003,220.105,-0.10685,10.7003,220.124,          29P   1284
-0.121875,10.7003,220.127,-0.123631,10.7003,220.128,-0.124648,        29P   1285
10.7003,220.13,-0.12568,10.7003,220.131,-0.127096,10.7003,            29P   1286
220.134,-0.129021,10.7003,220.137,-0.131478,10.7003,220.14,           29P   1287
-0.13373,10.7003,220.16,-0.1481,10.7003,220.18,-0.162829,             29P   1288
10.7003,220.2,-0.177055,10.7003,220.203,-0.178798,10.7003,            29P   1289
220.204,-0.179739,10.7003,220.206,-0.180709,10.7003,220.207,          29P   1290
-0.182088,10.7003,220.21,-0.183956,10.7003,220.214,-0.186382,         29P   1291
10.7003,220.217,-0.188618,10.7003,220.237,-0.202183,10.7003,          29P   1292
220.258,-0.215981,10.7003,220.278,-0.22947,10.7003,220.282,           29P   1293
-0.231629,10.7003,220.284,-0.232723,10.7003,220.286,-0.234059,        29P   1294
10.7003,220.288,-0.235871,10.7003,220.292,-0.238242,10.7003,          29P   1295
220.296,-0.240433,10.7003,220.316,-0.253244,10.7003,220.337,          29P   1296
-0.266458,10.7003,220.359,-0.279082,10.7003,220.362,-0.281067,        29P   1297
10.7003,220.363,-0.281939,10.7003,220.366,-0.283245,10.7003,          29P   1298
220.369,-0.284997,10.7003,220.373,-0.287287,10.7003,220.376,          29P   1299
-0.289392,10.7003,220.397,-0.301517,10.7003,220.419,-0.31356,         29P   1300
10.7003,220.44,-0.325192,10.7003,220.443,-0.326909,10.7003,           29P   1301
220.445,-0.327905,10.7003,220.448,-0.329153,10.7003,220.451,          29P   1302
-0.330815,10.7003,220.455,-0.332989,10.7003,220.459,-0.334997,        29P   1303
10.7003,220.48,-0.346479,10.7003,220.503,-0.357706,10.7003,           29P   1304
220.524,-0.368413,10.7003,220.527,-0.369739,10.7003,220.529,          29P   1305
-0.370554,10.7003,220.531,-0.37177,10.7003,220.535,-0.373359,         29P   1306
10.7003,220.539,-0.375437,10.7003,220.543,-0.377344,10.7003,          29P   1307
220.561,-0.386137,10.7003,220.579,-0.394378,10.7003,220.596,          29P   1308
-0.40213,10.7003,220.598,-0.402992,10.7003,220.6,-0.403777,           29P   1309
10.7003,220.602,-0.404958,10.7003,220.606,-0.406473,10.7003,          29P   1310
220.61,-0.408449,10.7003,220.614,-0.41023,10.7003,220.629,            29P   1311
-0.416563,10.7003,220.642,-0.422128,10.7003,220.655,-0.427602,        29P   1312
10.7003,220.657,-0.428362,10.7003,220.66,-0.429513,10.7003,           29P   1313
220.663,-0.430945,10.7003,220.668,-0.432831,10.7003,220.672,          29P   1314
-0.434494,10.7003,220.682,-0.438437,10.7003,220.691,-0.442077,        29P   1315
10.7003,220.7,-0.445656,10.7003,220.704,-0.446925,10.7003,            29P   1316
220.707,-0.448313,10.7003,220.712,-0.450147,10.7003,220.716,          29P   1317
-0.451701,10.7003,220.721,-0.453575,10.7003,220.724,-0.454715,        29P   1318
10.7003,220.727,-0.45574,10.7003,220.727,-0.455872,10.7003,           29P   1319
220.728,-0.456325,10.7003,220.729,-0.456645,10.7003,220.731,          29P   1320
-0.457255,10.7003,220.732,-0.457546,10.7003,220.734,-0.458345,        29P   1321
10.7003,220.735,-0.458837,10.7003,220.737,-0.459562,10.7003,          29P   1322
220.738,-0.459963,10.7003,220.74,-0.46056,10.7003,220.741,            29P   1323
-0.460894,10.7003,220.742,-0.461533,10.7003,220.744,-0.461996,        29P   1324
10.7003,220.746,-0.46237,10.7003,220.747,-0.462463,10.7003,           29P   1325
220.748,-0.462521,10.7003,220.749,-0.462527,10.7003,220.75,           29P   1326
-0.462485,10.7003,220.752,-0.462352,10.7003,220.754,-0.461951,        29P   1327
10.7003,220.756,-0.461443,10.7003,220.758,-0.460763,10.7003,          29P   1328
220.76,-0.459689,10.7003,220.762,-0.458364,10.7003,220.763,           29P   1329
-0.456952,10.7003,220.764,-0.455956,10.7003,220.765,-0.455103,        29P   1330
10.7003,220.766,-0.453995,10.7003,220.767,-0.452457,10.7003,          29P   1331
220.768,-0.450626,10.7003,220.77,-0.448083,10.7003,220.77,            29P   1332
-0.445663,10.7003,220.771,-0.443737,10.7003,220.771,-0.442487,        29P   1333
10.7003,220.771,-0.441746,10.7003,220.771,-0.440473,10.7003,          29P   1334
220.771,-0.439507,10.7003,220.771,-0.438541,10.7003,220.771,          29P   1335
-0.437643,10.7003,220.771,-0.437178,10.7003,220.77,-0.435134,         29P   1336
10.7003,220.77,-0.433576,10.7003,220.769,-0.431086,10.7003,           29P   1337
220.769,-0.430128,10.7003,220.767,-0.427551,10.7003,220.766,          29P   1338
-0.425981,10.7003,220.764,-0.423692,10.7003,220.762,-0.421765,        29P   1339
10.7003,220.759,-0.420497,10.7003,220.757,-0.419687,10.7003,          29P   1340
220.755,-0.419098,10.7003,220.752,-0.418006,10.7003,220.75,           29P   1341
-0.417256,10.7003,220.749,-0.416399,10.7003,220.747,-0.415875,        29P   1342
10.7003,220.746,-0.415359,10.7003,220.745,-0.414544,10.7003,          29P   1343
220.742,-0.413151,10.7003,220.736,-0.410604,10.7003,220.73,           29P   1344
-0.40738,10.7003,220.723,-0.4044,10.7003,220.718,-0.401564,           29P   1345
10.7003,220.714,-0.399723,10.7003,220.71,-0.398022,10.7003,           29P   1346
220.707,-0.396583,10.7003,220.704,-0.394868,10.7003,220.7,            29P   1347
-0.392773,10.7003,220.695,-0.390286,10.7003,220.688,-0.387063,        29P   1348
10.7003,220.683,-0.384039,10.7003,220.672,-0.378565,10.7003,          29P   1349
220.663,-0.374045,10.7003,220.655,-0.369631,10.7003,220.652,          29P   1350
-0.368144,10.7003,220.649,-0.366535,10.7003,220.647,-0.365129,        29P   1351
10.7003,220.644,-0.363753,10.7003,220.64,-0.361726,10.7003,           29P   1352
220.634,-0.358516,10.7003,220.629,-0.355504,10.7003,220.614,          29P   1353
-0.347075,10.7003,220.6,-0.339562,10.7003,220.587,-0.332074,          29P   1354
10.7003,220.584,-0.330563,10.7003,220.581,-0.328724,10.7003,          29P   1355
220.577,-0.326564,10.7003,220.573,-0.324099,10.7003,220.568,          29P   1356
-0.320953,10.7003,220.563,-0.317971,10.7003,220.543,-0.306137,        29P   1357
10.7003,220.525,-0.295046,10.7003,220.507,-0.2839,10.7003,            29P   1358
220.504,-0.281624,10.7003,220.5,-0.279461,10.7003,220.497,            29P   1359
-0.277275,10.7003,220.494,-0.275614,10.7003,220.49,-0.272831,         29P   1360
10.7003,220.486,-0.26991,10.7003,220.466,-0.256967,10.7003,           29P   1361
220.447,-0.244448,10.7003,220.428,-0.231497,10.7003,220.425,          29P   1362
-0.229221,10.7003,220.422,-0.227445,10.7003,220.42,-0.226065,         29P   1363
10.7003,220.418,-0.224537,10.7003,220.414,-0.221908,10.7003,          29P   1364
220.41,-0.219098,10.7003,220.39,-0.205093,10.7003,220.372,            29P   1365
-0.191838,10.7003,220.354,-0.178513,10.7003,220.352,-0.177003,        29P   1366
10.7003,220.35,-0.1751,10.7003,220.347,-0.173374,10.7003,             29P   1367
220.345,-0.172013,10.7003,220.344,-0.170609,10.7003,220.34,           29P   1368
-0.168097,10.7003,220.337,-0.165463,10.7003,220.317,-0.150339,        29P   1369
10.7003,220.299,-0.135912,10.7003,220.281,-0.121415,10.7003,          29P   1370
220.279,-0.119919,10.7003,220.277,-0.118044,10.7003,220.274,          29P   1371
-0.115977,10.7003,220.272,-0.113992,10.7003,220.269,-0.11149,         29P   1372
10.7003,220.266,-0.109055,10.7003,220.246,-0.0928439,10.7003,         29P   1373
220.227,-0.0773236,10.7003,220.209,-0.0616632,10.7003,220.207,        29P   1374
-0.0595163,10.7003,220.204,-0.0571721,10.7003,220.201,                29P   1375
-0.0546497,10.7003,220.199,-0.0523769,10.7003,220.196,                29P   1376
-0.0501686,10.7003,220.177,-0.0328184,10.7003,220.159,                29P   1377
-0.0160479,10.7003,220.141,0.000717601,10.7003,220.139,               29P   1378
0.0020515,10.7003,220.137,0.00373369,10.7003,220.135,0.00559989,      29P   1379
10.7003,220.134,0.0071883,10.7003,220.131,0.00922523,10.7003,         29P   1380
220.129,0.0111461,10.7003,220.11,0.0294255,10.7003,220.091,           29P   1381
0.0469799,10.7003,220.073,0.0644155,10.7003,220.072,0.0656303,        29P   1382
10.7003,220.07,0.0671256,10.7003,220.068,0.0688286,10.7003,           29P   1383
220.067,0.0701582,10.7003,220.065,0.0719116,10.7003,220.063,          29P   1384
0.0735041,10.7003,220.043,0.0923219,10.7003,220.024,0.110343,         29P   1385
10.7003,220.005,0.12836,10.7003,220.004,0.129417,10.7003,             29P   1386
220.003,0.130448,10.7003,220.002,0.131455,10.7003,220.001,            29P   1387
0.132529,10.7003,219.999,0.134272,10.7003,219.997,0.136067,           29P   1388
10.7003,219.977,0.155156,10.7003,219.957,0.173829,10.7003,            29P   1389
219.938,0.192421,10.7003,219.937,0.193475,10.7003,219.936,            29P   1390
0.194558,10.7003,219.934,0.195842,10.7003,219.932,0.197692,           29P   1391
10.7003,219.911,0.217857,10.7003,219.89,0.238081,10.7003,219.87,      29P   1392
0.257672,10.7003,219.869,0.258719,10.7003,219.868,0.259671,           29P   1393
10.7003,219.866,0.261127,10.7003,219.845,0.281633,10.7003,            29P   1394
219.824,0.302288,10.7003,219.803,0.322258,10.7003,219.802,            29P   1395
0.323242,10.7003,219.801,0.324261,10.7003,219.8,0.325359,             29P   1396
10.7003,219.779,0.345929,10.7003,219.757,0.366496,10.7003,            29P   1397
219.736,0.387073,10.7003,219.735,0.388341,10.7003,219.717,            29P   1398
0.406208,10.7003,219.698,0.424093,10.7003,219.68,0.441809,            29P   1399
10.7003,219.666,0.456469,10.7003,219.651,0.47115,10.7003,             29P   1400
219.626,0.495875,10.7003,219.608,0.514033,10.7003,219.59,             29P   1401
0.531926,10.7003,219.582,0.539287,10.7003,219.56,0.613078,            29P   1402
10.9361,219.559,0.613992,10.9361,219.558,0.614967,10.9361,            29P   1403
219.556,0.615796,10.9361,219.555,0.616264,10.9361,219.554,            29P   1404
0.616536,10.9361,219.553,0.616607,10.9361,219.551,0.61655,            29P   1405
10.9361,219.55,0.616284,10.9361,219.548,0.615896,10.9361,             29P   1406
219.547,0.615241,10.9361,219.547,0.61493,10.9361,219.546,             29P   1407
0.614329,10.9361,219.545,0.614073,10.9361,219.544,0.613182,           29P   1408
10.9361,219.544,0.612445,10.9361,219.543,0.61121,10.9361,             29P   1409
219.543,0.610222,10.9361,219.542,0.609199,10.9361,219.542,            29P   1410
0.608251,10.9361,219.542,0.607242,10.9361,219.542,0.60621,            29P   1411
10.9361,219.542,0.604808,10.9361,219.542,0.604032,10.9361,            29P   1412
219.542,0.602577,10.9361,219.543,0.601917,10.9361,219.543,            29P   1413
0.600873,10.9361,219.544,0.60042,10.9361,219.544,0.599265,            29P   1414
10.9361,219.545,0.598575,10.9361,219.547,0.593849,10.9361,            29P   1415
219.55,0.589332,10.9361,219.553,0.584222,10.9361,219.554,             29P   1416
0.582556,10.9361,219.555,0.580271,10.9361,219.556,0.57805,            29P   1417
10.9361,219.558,0.575857,10.9361,219.559,0.574148,10.9361,            29P   1418
219.56,0.572274,10.9361,219.566,0.56247,10.9361,219.571,              29P   1419
0.552871,10.9361,219.577,0.543421,10.9361,219.578,0.541848,           29P   1420
10.9361,219.579,0.539659,10.9361,219.581,0.537492,10.9361,            29P   1421
219.582,0.535404,10.9361,219.583,0.533548,10.9361,219.584,            29P   1422
0.531533,10.9361,219.592,0.517829,10.9361,219.601,0.504326,           29P   1423
10.9361,219.609,0.491195,10.9361,219.61,0.489573,10.9361,             29P   1424
219.611,0.488112,10.9361,219.612,0.486015,10.9361,219.614,            29P   1425
0.483948,10.9361,219.615,0.481983,10.9361,219.616,0.479929,           29P   1426
10.9361,219.617,0.478012,10.9361,219.618,0.476181,10.9361,            29P   1427
219.629,0.4592,10.9361,219.64,0.442003,10.9361,219.652,0.424901,      29P   1428
10.9361,219.653,0.42334,10.9361,219.654,0.422019,10.9361,             29P   1429
219.655,0.420064,10.9361,219.656,0.418066,10.9361,219.658,            29P   1430
0.416269,10.9361,219.659,0.414095,10.9361,219.66,0.412031,            29P   1431
10.9361,219.662,0.409894,10.9361,219.676,0.388986,10.9361,            29P   1432
219.691,0.367874,10.9361,219.706,0.347046,10.9361,219.707,            29P   1433
0.345498,10.9361,219.707,0.344306,10.9361,219.709,0.34249,            29P   1434
10.9361,219.71,0.340612,10.9361,219.711,0.338869,10.9361,             29P   1435
219.713,0.336656,10.9361,219.715,0.334422,10.9361,219.716,            29P   1436
0.33213,10.9361,219.731,0.311794,10.9361,219.747,0.291085,            29P   1437
10.9361,219.762,0.270473,10.9361,219.764,0.268517,10.9361,            29P   1438
219.765,0.266354,10.9361,219.767,0.264223,10.9361,219.77,             29P   1439
0.261124,10.9361,219.771,0.258709,10.9361,219.788,0.237587,           29P   1440
10.9361,219.804,0.216801,10.9361,219.821,0.196416,10.9361,            29P   1441
219.822,0.194456,10.9361,219.824,0.192877,10.9361,219.825,            29P   1442
0.191314,10.9361,219.826,0.189596,10.9361,219.828,0.187321,           29P   1443
10.9361,219.83,0.184739,10.9361,219.832,0.182252,10.9361,             29P   1444
219.848,0.163066,10.9361,219.865,0.143495,10.9361,219.881,            29P   1445
0.124217,10.9361,219.883,0.122251,10.9361,219.884,0.120783,           29P   1446
10.9361,219.886,0.119336,10.9361,219.887,0.117643,10.9361,            29P   1447
219.889,0.115384,10.9361,219.892,0.11269,10.9361,219.909,             29P   1448
0.0928381,10.9361,219.927,0.0731878,10.9361,219.945,0.0541971,        29P   1449
10.9361,219.946,0.0522322,10.9361,219.948,0.0505783,10.9361,          29P   1450
219.95,0.0486014,10.9361,219.953,0.0456429,10.9361,219.955,           29P   1451
0.0428733,10.9361,219.958,0.0403417,10.9361,219.975,0.022504,         29P   1452
10.9361,219.992,0.00426968,10.9361,220.01,-0.0136436,10.9361,         29P   1453
220.012,-0.0156311,10.9361,220.013,-0.0168714,10.9361,220.015,        29P   1454
-0.0180983,10.9361,220.016,-0.0197509,10.9361,220.018,                29P   1455
-0.0219892,10.9361,220.021,-0.0247913,10.9361,220.024,                29P   1456
-0.0273459,10.9361,220.041,-0.0445023,10.9361,220.059,                29P   1457
-0.0620711,10.9361,220.078,-0.0791673,10.9361,220.08,-0.0811658,      29P   1458
10.9361,220.081,-0.0823225,10.9361,220.082,-0.0834962,10.9361,        29P   1459
220.084,-0.0851064,10.9361,220.087,-0.0872941,10.9361,220.09,         29P   1460
-0.0900864,10.9361,220.092,-0.0926436,10.9361,220.11,-0.108961,       29P   1461
10.9361,220.129,-0.125633,10.9361,220.148,-0.141846,10.9361,          29P   1462
220.15,-0.143835,10.9361,220.152,-0.144909,10.9361,220.153,           29P   1463
-0.146016,10.9361,220.155,-0.147591,10.9361,220.157,-0.149726,        29P   1464
10.9361,220.16,-0.152501,10.9361,220.163,-0.155061,10.9361,           29P   1465
220.182,-0.170609,10.9361,220.201,-0.186561,10.9361,220.221,          29P   1466
-0.202148,10.9361,220.224,-0.204643,10.9361,220.226,-0.205906,        29P   1467
10.9361,220.227,-0.207454,10.9361,220.23,-0.209546,10.9361,           29P   1468
220.234,-0.212284,10.9361,220.237,-0.214812,10.9361,220.256,          29P   1469
-0.229594,10.9361,220.276,-0.244811,10.9361,220.296,-0.25946,         29P   1470
10.9361,220.299,-0.261767,10.9361,220.301,-0.26278,10.9361,           29P   1471
220.303,-0.264298,10.9361,220.306,-0.266338,10.9361,220.309,          29P   1472
-0.269006,10.9361,220.313,-0.271463,10.9361,220.332,-0.285626,        29P   1473
10.9361,220.353,-0.29984,10.9361,220.373,-0.313671,10.9361,           29P   1474
220.376,-0.315715,10.9361,220.378,-0.316901,10.9361,220.38,           29P   1475
-0.31839,10.9361,220.383,-0.320371,10.9361,220.387,-0.322963,         29P   1476
10.9361,220.39,-0.32536,10.9361,220.411,-0.339078,10.9361,            29P   1477
220.432,-0.352572,10.9361,220.453,-0.36545,10.9361,220.455,           29P   1478
-0.367046,10.9361,220.457,-0.368025,10.9361,220.459,-0.369488,        29P   1479
10.9361,220.462,-0.3714,10.9361,220.466,-0.3739,10.9361,220.47,       29P   1480
-0.376193,10.9361,220.488,-0.386771,10.9361,220.504,-0.396698,        29P   1481
10.9361,220.521,-0.406174,10.9361,220.523,-0.40723,10.9361,           29P   1482
220.524,-0.40819,10.9361,220.527,-0.409638,10.9361,220.53,            29P   1483
-0.4115,10.9361,220.534,-0.413937,10.9361,220.538,-0.41614,           29P   1484
10.9361,220.552,-0.423998,10.9361,220.565,-0.430993,10.9361,          29P   1485
220.577,-0.437888,10.9361,220.579,-0.438845,10.9361,220.582,          29P   1486
-0.440296,10.9361,220.585,-0.4421,10.9361,220.589,-0.444477,          29P   1487
10.9361,220.593,-0.446572,10.9361,220.603,-0.451543,10.9361,          29P   1488
220.612,-0.456136,10.9361,220.62,-0.460679,10.9361,220.623,           29P   1489
-0.46229,10.9361,220.627,-0.464057,10.9361,220.631,-0.466399,         29P   1490
10.9361,220.635,-0.46839,10.9361,220.64,-0.470796,10.9361,            29P   1491
220.643,-0.472263,10.9361,220.646,-0.473584,10.9361,220.646,          29P   1492
-0.473753,10.9361,220.647,-0.474335,10.9361,220.648,-0.474749,        29P   1493
10.9361,220.649,-0.475539,10.9361,220.65,-0.47591,10.9361,            29P   1494
220.652,-0.476916,10.9361,220.654,-0.477604,10.9361,220.655,          29P   1495
-0.478732,10.9361,220.656,-0.479259,10.9361,220.658,-0.479841,        29P   1496
10.9361,220.659,-0.480089,10.9361,220.66,-0.480492,10.9361,           29P   1497
220.662,-0.480774,10.9361,220.664,-0.480968,10.9361,220.665,          29P   1498
-0.480999,10.9361,220.666,-0.480992,10.9361,220.667,-0.480958,        29P   1499
10.9361,220.669,-0.4808,10.9361,220.67,-0.480541,10.9361,             29P   1500
220.672,-0.479913,10.9361,220.674,-0.479178,10.9361,220.676,          29P   1501
-0.47825,10.9361,220.678,-0.476853,10.9361,220.68,-0.475218,          29P   1502
10.9361,220.682,-0.473568,10.9361,220.683,-0.472435,10.9361,          29P   1503
220.683,-0.471478,10.9361,220.684,-0.470246,10.9361,220.685,          29P   1504
-0.468561,10.9361,220.686,-0.46662,10.9361,220.686,-0.464024,         29P   1505
10.9361,220.687,-0.461701,10.9361,220.687,-0.459869,10.9361,          29P   1506
220.687,-0.458675,10.9361,220.687,-0.457963,10.9361,220.687,          29P   1507
-0.456716,10.9361,220.687,-0.455759,10.9361,220.686,-0.45482,         29P   1508
10.9361,220.686,-0.453953,10.9361,220.686,-0.453506,10.9361,          29P   1509
220.685,-0.451552,10.9361,220.685,-0.450089,10.9361,220.683,          29P   1510
-0.447786,10.9361,220.683,-0.446879,10.9361,220.681,-0.444515,        29P   1511
10.9361,220.68,-0.443253,10.9361,220.677,-0.441759,10.9361,           29P   1512
220.675,-0.440306,10.9361,220.673,-0.438684,10.9361,220.67,           29P   1513
-0.436848,10.9361,220.669,-0.435636,10.9361,220.667,-0.433721,        29P   1514
10.9361,220.665,-0.432589,10.9361,220.663,-0.431418,10.9361,          29P   1515
220.663,-0.430686,10.9361,220.662,-0.429957,10.9361,220.66,           29P   1516
-0.4288,10.9361,220.657,-0.426839,10.9361,220.653,-0.423259,          29P   1517
10.9361,220.647,-0.418736,10.9361,220.641,-0.414589,10.9361,          29P   1518
220.636,-0.410665,10.9361,220.633,-0.408127,10.9361,220.63,           29P   1519
-0.405794,10.9361,220.627,-0.403822,10.9361,220.624,-0.40148,         29P   1520
10.9361,220.62,-0.398628,10.9361,220.616,-0.395255,10.9361,           29P   1521
220.61,-0.390905,10.9361,220.605,-0.386853,10.9361,220.596,           29P   1522
-0.37955,10.9361,220.588,-0.373581,10.9361,220.58,-0.367797,          29P   1523
10.9361,220.578,-0.365851,10.9361,220.575,-0.363752,10.9361,          29P   1524
220.573,-0.361919,10.9361,220.571,-0.360129,10.9361,220.567,          29P   1525
-0.357495,10.9361,220.562,-0.353336,10.9361,220.557,-0.349446,        29P   1526
10.9361,220.543,-0.338586,10.9361,220.531,-0.329004,10.9361,          29P   1527
220.519,-0.319572,10.9361,220.517,-0.317671,10.9361,220.514,          29P   1528
-0.315361,10.9361,220.511,-0.312657,10.9361,220.507,-0.309578,        29P   1529
10.9361,220.502,-0.305662,10.9361,220.498,-0.301968,10.9361,          29P   1530
220.479,-0.287362,10.9361,220.463,-0.273933,10.9361,220.447,          29P   1531
-0.260615,10.9361,220.444,-0.257898,10.9361,220.441,-0.255322,        29P   1532
10.9361,220.438,-0.252724,10.9361,220.435,-0.250751,10.9361,          29P   1533
220.431,-0.247451,10.9361,220.427,-0.243994,10.9361,220.409,          29P   1534
-0.228709,10.9361,220.391,-0.214094,10.9361,220.374,-0.199185,        29P   1535
10.9361,220.371,-0.196569,10.9361,220.369,-0.194532,10.9361,          29P   1536
220.367,-0.192951,10.9361,220.365,-0.191202,10.9361,220.361,          29P   1537
-0.188195,10.9361,220.357,-0.184991,10.9361,220.339,-0.169058,        29P   1538
10.9361,220.322,-0.154196,10.9361,220.305,-0.139469,10.9361,          29P   1539
220.303,-0.137801,10.9361,220.301,-0.135702,10.9361,220.298,          29P   1540
-0.133801,10.9361,220.297,-0.132304,10.9361,220.295,-0.130761,        29P   1541
10.9361,220.292,-0.128003,10.9361,220.289,-0.125118,10.9361,          29P   1542
220.27,-0.108582,10.9361,220.252,-0.093022,10.9361,220.235,           29P   1543
-0.0775168,10.9361,220.233,-0.0759175,10.9361,220.231,                29P   1544
-0.0739138,10.9361,220.229,-0.0717074,10.9361,220.226,                29P   1545
-0.0695892,10.9361,220.223,-0.0669221,10.9361,220.221,                29P   1546
-0.0643278,10.9361,220.202,-0.0470778,10.9361,220.184,                29P   1547
-0.0306975,10.9361,220.166,-0.0144061,10.9361,220.164,                29P   1548
-0.0121741,10.9361,220.161,-0.00974136,10.9361,220.158,               29P   1549
-0.00712866,10.9361,220.156,-0.00477711,10.9361,220.153,              29P   1550
-0.00249622,10.9361,220.134,0.015397,10.9361,220.116,0.0324474,       29P   1551
10.9361,220.098,0.049458,10.9361,220.097,0.0508115,10.9361,           29P   1552
220.095,0.052518,10.9361,220.093,0.0544111,10.9361,220.091,           29P   1553
0.0560222,10.9361,220.089,0.0580883,10.9361,220.087,0.0600366,        29P   1554
10.9361,220.067,0.0785778,10.9361,220.049,0.0963922,10.9361,          29P   1555
220.031,0.114195,10.9361,220.029,0.115436,10.9361,220.028,            29P   1556
0.116963,10.9361,220.026,0.118704,10.9361,220.025,0.120064,           29P   1557
10.9361,220.023,0.121857,10.9361,220.021,0.123487,10.9361,            29P   1558
220.002,0.142591,10.9361,219.983,0.161146,10.9361,219.964,            29P   1559
0.179674,10.9361,219.963,0.18076,10.9361,219.962,0.18182,             29P   1560
10.9361,219.961,0.182856,10.9361,219.96,0.18396,10.9361,219.958,      29P   1561
0.185751,10.9361,219.956,0.187596,10.9361,219.936,0.207512,           29P   1562
10.9361,219.917,0.226723,10.9361,219.898,0.246091,10.9361,            29P   1563
219.897,0.247189,10.9361,219.896,0.248318,10.9361,219.894,            29P   1564
0.249658,10.9361,219.892,0.251589,10.9361,219.872,0.272665,           29P   1565
10.9361,219.851,0.293555,10.9361,219.832,0.31397,10.9361,             29P   1566
219.831,0.315061,10.9361,219.83,0.316057,10.9361,219.828,             29P   1567
0.317576,10.9361,219.808,0.339105,10.9361,219.788,0.360307,           29P   1568
10.9361,219.768,0.38136,10.9361,219.767,0.382399,10.9361,             29P   1569
219.766,0.383477,10.9361,219.765,0.384638,10.9361,219.745,            29P   1570
0.406273,10.9361,219.725,0.427888,10.9361,219.705,0.449763,           29P   1571
10.9361,219.704,0.451112,10.9361,219.686,0.470124,10.9361,            29P   1572
219.669,0.488966,10.9361,219.652,0.508039,10.9361,219.638,            29P   1573
0.523837,10.9361,219.624,0.539583,10.9361,219.6,0.566611,             29P   1574
10.9361,219.583,0.586129,10.9361,219.567,0.605445,10.9361,            29P   1575
219.56,0.613078,10.9361,219.61,0.602467,11.1719,219.609,              29P   1576
0.603259,11.1719,219.608,0.604164,11.1719,219.606,0.604966,           29P   1577
11.1719,219.605,0.605427,11.1719,219.604,0.6057,11.1718,219.602,      29P   1578
0.605761,11.1718,219.601,0.605607,11.1718,219.599,0.605098,           29P   1579
11.1718,219.598,0.604445,11.1719,219.597,0.603478,11.1719,            29P   1580
219.596,0.603046,11.1719,219.595,0.602313,11.1718,219.595,            29P   1581
0.602021,11.1718,219.594,0.601079,11.1718,219.594,0.600379,           29P   1582
11.1718,219.594,0.59921,11.1718,219.593,0.598278,11.1718,             29P   1583
219.593,0.5973,11.1719,219.593,0.596391,11.1719,219.593,              29P   1584
0.595412,11.1719,219.593,0.594455,11.1719,219.593,0.593066,           29P   1585
11.1719,219.594,0.592267,11.1719,219.595,0.59095,11.1719,             29P   1586
219.595,0.590342,11.1719,219.595,0.589251,11.1719,219.596,            29P   1587
0.588785,11.1719,219.596,0.587627,11.1719,219.597,0.586933,           29P   1588
11.1719,219.599,0.582142,11.1719,219.602,0.577566,11.1719,            29P   1589
219.604,0.572389,11.1719,219.605,0.570702,11.1719,219.606,            29P   1590
0.568387,11.1719,219.608,0.566138,11.1719,219.609,0.563917,           29P   1591
11.1719,219.61,0.562185,11.1719,219.611,0.560288,11.1719,             29P   1592
219.616,0.550358,11.1719,219.621,0.540638,11.1719,219.627,            29P   1593
0.531076,11.1719,219.628,0.529484,11.1719,219.629,0.52727,            29P   1594
11.1719,219.63,0.525078,11.1719,219.631,0.522966,11.1719,             29P   1595
219.632,0.521089,11.1719,219.633,0.519052,11.1719,219.641,            29P   1596
0.505198,11.1719,219.649,0.491564,11.1719,219.657,0.478303,           29P   1597
11.1719,219.658,0.476665,11.1719,219.658,0.475189,11.1719,            29P   1598
219.66,0.473071,11.1719,219.661,0.470983,11.1719,219.662,             29P   1599
0.468997,11.1719,219.663,0.466923,11.1719,219.664,0.464986,           29P   1600
11.1719,219.666,0.463135,11.1719,219.676,0.445976,11.1719,            29P   1601
219.686,0.428574,11.1719,219.697,0.411272,11.1719,219.698,            29P   1602
0.409693,11.1719,219.699,0.408356,11.1719,219.7,0.406379,             29P   1603
11.1719,219.701,0.404358,11.1719,219.703,0.40254,11.1719,             29P   1604
219.704,0.400341,11.1719,219.705,0.398253,11.1719,219.707,            29P   1605
0.396092,11.1719,219.72,0.374947,11.1719,219.734,0.353609,            29P   1606
11.1719,219.748,0.332527,11.1719,219.749,0.330959,11.1719,            29P   1607
219.75,0.329753,11.1719,219.751,0.327914,11.1719,219.753,             29P   1608
0.326012,11.1719,219.754,0.324248,11.1719,219.755,0.322006,           29P   1609
11.1719,219.757,0.319743,11.1719,219.758,0.317422,11.1719,            29P   1610
219.772,0.296818,11.1719,219.787,0.275806,11.1719,219.802,            29P   1611
0.254931,11.1719,219.804,0.252951,11.1719,219.805,0.250762,           29P   1612
11.1719,219.807,0.248605,11.1719,219.809,0.245468,11.1719,            29P   1613
219.811,0.243025,11.1719,219.827,0.221657,11.1719,219.842,            29P   1614
0.20068,11.1719,219.859,0.180154,11.1719,219.86,0.178181,             29P   1615
11.1719,219.861,0.176592,11.1719,219.863,0.17502,11.1719,             29P   1616
219.864,0.173291,11.1719,219.866,0.171002,11.1719,219.868,            29P   1617
0.168404,11.1719,219.87,0.165902,11.1719,219.885,0.146607,            29P   1618
11.1719,219.901,0.126958,11.1719,219.917,0.107572,11.1719,            29P   1619
219.919,0.105594,11.1719,219.92,0.104119,11.1719,219.922,             29P   1620
0.102663,11.1719,219.923,0.100959,11.1719,219.925,0.0986863,          29P   1621
11.1719,219.927,0.0959743,11.1719,219.944,0.0759872,11.1719,          29P   1622
219.962,0.0561577,11.1719,219.979,0.0369936,11.1719,219.981,          29P   1623
0.0350108,11.1719,219.982,0.0333423,11.1719,219.984,0.0313474,        29P   1624
11.1719,219.987,0.0283621,11.1719,219.989,0.0255676,11.1719,          29P   1625
219.991,0.0230134,11.1719,220.008,0.00501669,11.1719,220.025,         29P   1626
-0.0133701,11.1719,220.042,-0.0314307,11.1719,220.044,                29P   1627
-0.0334346,11.1719,220.046,-0.0346846,11.1719,220.047,                29P   1628
-0.0359215,11.1719,220.048,-0.0375877,11.1719,220.051,                29P   1629
-0.0398444,11.1719,220.053,-0.0426694,11.1719,220.056,                29P   1630
-0.0452452,11.1719,220.073,-0.0625458,11.1719,220.09,-0.0802859,      29P   1631
11.1719,220.108,-0.0977221,11.1719,220.11,-0.0997626,11.1719,         29P   1632
220.111,-0.100944,11.1719,220.113,-0.102143,11.1719,220.114,          29P   1633
-0.10379,11.1719,220.117,-0.106029,11.1719,220.12,-0.10889,           29P   1634
11.1719,220.122,-0.111515,11.1719,220.139,-0.128276,11.1719,          29P   1635
220.157,-0.145584,11.1719,220.175,-0.162499,11.1719,220.178,          29P   1636
-0.164576,11.1719,220.179,-0.165696,11.1719,220.18,-0.166852,         29P   1637
11.1719,220.182,-0.168497,11.1719,220.184,-0.170727,11.1719,          29P   1638
220.187,-0.173627,11.1719,220.19,-0.176305,11.1719,220.208,           29P   1639
-0.192578,11.1719,220.226,-0.209338,11.1719,220.244,-0.225908,        29P   1640
11.1719,220.247,-0.228564,11.1719,220.249,-0.22991,11.1719,           29P   1641
220.251,-0.23155,11.1719,220.253,-0.233783,11.1719,220.256,           29P   1642
-0.23671,11.1719,220.26,-0.239418,11.1719,220.277,-0.255268,          29P   1643
11.1719,220.296,-0.271783,11.1719,220.315,-0.287794,11.1719,          29P   1644
220.318,-0.290317,11.1719,220.319,-0.291427,11.1719,220.321,          29P   1645
-0.293089,11.1719,220.324,-0.295322,11.1719,220.327,-0.298245,        29P   1646
11.1719,220.33,-0.300939,11.1719,220.349,-0.316487,11.1719,           29P   1647
220.368,-0.332173,11.1719,220.386,-0.347588,11.1719,220.389,          29P   1648
-0.349869,11.1719,220.391,-0.351193,11.1719,220.393,-0.352848,        29P   1649
11.1719,220.396,-0.355063,11.1719,220.399,-0.357966,11.1719,          29P   1650
220.403,-0.360655,11.1719,220.422,-0.376059,11.1719,220.441,          29P   1651
-0.391389,11.1719,220.46,-0.406235,11.1719,220.463,-0.408076,         29P   1652
11.1719,220.464,-0.409211,11.1719,220.466,-0.410902,11.1719,          29P   1653
220.469,-0.413115,11.1719,220.473,-0.416015,11.1719,220.476,          29P   1654
-0.418681,11.1719,220.492,-0.430997,11.1719,220.508,-0.442693,        29P   1655
11.1719,220.523,-0.453951,11.1719,220.524,-0.455206,11.1719,          29P   1656
220.526,-0.456351,11.1719,220.528,-0.458074,11.1719,220.531,          29P   1657
-0.460292,11.1719,220.535,-0.463198,11.1719,220.539,-0.46583,         29P   1658
11.1719,220.551,-0.475223,11.1719,220.563,-0.483642,11.1719,          29P   1659
220.575,-0.492019,11.1719,220.576,-0.493186,11.1719,220.579,          29P   1660
-0.494952,11.1719,220.582,-0.497152,11.1719,220.586,-0.500058,        29P   1661
11.1719,220.589,-0.502627,11.1719,220.598,-0.508731,11.1719,          29P   1662
220.606,-0.51441,11.1719,220.614,-0.520049,11.1719,220.617,           29P   1663
-0.522054,11.1719,220.62,-0.524252,11.1719,220.624,-0.527168,         29P   1664
11.1719,220.628,-0.52965,11.1719,220.632,-0.53265,11.1719,            29P   1665
220.635,-0.534481,11.1719,220.637,-0.536135,11.1719,220.637,          29P   1666
-0.536349,11.1719,220.638,-0.537082,11.1719,220.639,-0.537599,        29P   1667
11.1719,220.64,-0.53858,11.1719,220.641,-0.53906,11.1719,             29P   1668
220.643,-0.540415,11.1719,220.644,-0.541098,11.1719,220.646,          29P   1669
-0.541853,11.1719,220.648,-0.542195,11.1719,220.649,-0.542546,        29P   1670
11.1719,220.65,-0.542684,11.1719,220.652,-0.542893,11.1719,           29P   1671
220.653,-0.542962,11.1719,220.655,-0.542815,11.1719,220.656,          29P   1672
-0.542678,11.1719,220.658,-0.542441,11.1719,220.658,-0.542287,        29P   1673
11.1718,220.66,-0.541841,11.1718,220.661,-0.541294,11.1718,           29P   1674
220.663,-0.540315,11.1718,220.665,-0.539314,11.1718,220.666,          29P   1675
-0.538165,11.1718,220.668,-0.536561,11.1718,220.67,-0.534781,         29P   1676
11.1719,220.671,-0.532991,11.1719,220.672,-0.531777,11.1718,          29P   1677
220.672,-0.530759,11.1718,220.673,-0.529453,11.1718,220.673,          29P   1678
-0.527677,11.1718,220.674,-0.525629,11.1718,220.674,-0.522867,        29P   1679
11.1718,220.674,-0.520352,11.1718,220.674,-0.518409,11.1719,          29P   1680
220.674,-0.517162,11.1719,220.673,-0.516435,11.1719,220.673,          29P   1681
-0.515214,11.1719,220.673,-0.514305,11.1719,220.672,-0.513387,        29P   1682
11.1719,220.672,-0.512545,11.1719,220.672,-0.512113,11.1719,          29P   1683
220.671,-0.510246,11.1719,220.67,-0.508895,11.1719,220.668,           29P   1684
-0.506942,11.1719,220.667,-0.506326,11.1719,220.665,-0.504723,        29P   1685
11.1719,220.664,-0.503584,11.1719,220.662,-0.501632,11.1719,          29P   1686
220.66,-0.499815,11.1719,220.658,-0.498039,11.1719,220.655,           29P   1687
-0.496219,11.1719,220.654,-0.495005,11.1719,220.652,-0.493046,        29P   1688
11.1719,220.65,-0.491864,11.1719,220.649,-0.490623,11.1719,           29P   1689
220.648,-0.489864,11.1719,220.647,-0.489087,11.1719,220.646,          29P   1690
-0.487831,11.1719,220.643,-0.485665,11.1719,220.639,-0.481753,        29P   1691
11.1719,220.633,-0.476871,11.1719,220.628,-0.472382,11.1719,          29P   1692
220.623,-0.468131,11.1719,220.62,-0.465381,11.1719,220.617,           29P   1693
-0.462851,11.1719,220.615,-0.460713,11.1719,220.612,-0.458174,        29P   1694
11.1719,220.609,-0.455086,11.1719,220.604,-0.451435,11.1719,          29P   1695
220.599,-0.446733,11.1719,220.594,-0.442359,11.1719,220.585,          29P   1696
-0.434481,11.1719,220.578,-0.42805,11.1719,220.571,-0.421818,         29P   1697
11.1719,220.569,-0.419721,11.1719,220.567,-0.417459,11.1719,          29P   1698
220.564,-0.415483,11.1719,220.562,-0.413553,11.1719,220.559,          29P   1699
-0.410712,11.1719,220.554,-0.406226,11.1719,220.55,-0.402028,         29P   1700
11.1719,220.537,-0.39031,11.1719,220.526,-0.37997,11.1719,            29P   1701
220.515,-0.36982,11.1719,220.512,-0.367776,11.1719,220.51,            29P   1702
-0.365292,11.1719,220.507,-0.362386,11.1719,220.503,-0.359081,        29P   1703
11.1719,220.498,-0.354879,11.1719,220.494,-0.350919,11.1719,          29P   1704
220.477,-0.335274,11.1719,220.462,-0.320938,11.1719,220.447,          29P   1705
-0.306721,11.1719,220.444,-0.30382,11.1719,220.441,-0.301069,         29P   1706
11.1719,220.438,-0.298296,11.1719,220.436,-0.296189,11.1719,          29P   1707
220.432,-0.292665,11.1719,220.428,-0.288973,11.1719,220.411,          29P   1708
-0.272647,11.1719,220.395,-0.257033,11.1719,220.379,-0.241105,        29P   1709
11.1719,220.376,-0.23831,11.1719,220.374,-0.236134,11.1719,           29P   1710
220.372,-0.234445,11.1719,220.37,-0.232576,11.1719,220.367,           29P   1711
-0.229365,11.1719,220.363,-0.225941,11.1719,220.346,-0.208922,        29P   1712
11.1719,220.33,-0.193052,11.1719,220.315,-0.17734,11.1719,            29P   1713
220.313,-0.17556,11.1719,220.311,-0.173321,11.1719,220.309,           29P   1714
-0.171293,11.1719,220.307,-0.169697,11.1719,220.305,-0.168051,        29P   1715
11.1719,220.302,-0.16511,11.1719,220.299,-0.162033,11.1719,           29P   1716
220.282,-0.144402,11.1719,220.266,-0.127824,11.1719,220.25,           29P   1717
-0.111318,11.1719,220.248,-0.109616,11.1719,220.246,-0.107483,        29P   1718
11.1719,220.244,-0.105135,11.1719,220.242,-0.102881,11.1719,          29P   1719
220.239,-0.100043,11.1719,220.236,-0.0972824,11.1719,220.219,         29P   1720
-0.0789288,11.1719,220.202,-0.0615079,11.1719,220.186,                29P   1721
-0.0441149,11.1719,220.184,-0.0417321,11.1719,220.181,                29P   1722
-0.0391331,11.1719,220.179,-0.0363404,11.1719,220.176,                29P   1723
-0.0338259,11.1719,220.174,-0.0313859,11.1719,220.156,                29P   1724
-0.0122366,11.1719,220.14,0.00607239,11.1719,220.123,0.0242494,       29P   1725
11.1719,220.122,0.0256947,11.1719,220.12,0.0275172,11.1719,           29P   1726
220.118,0.029538,11.1719,220.117,0.0312572,11.1719,220.115,           29P   1727
0.0334612,11.1719,220.113,0.0355385,11.1719,220.095,0.0552966,        29P   1728
11.1719,220.078,0.07417,11.1719,220.061,0.0929697,11.1719,            29P   1729
220.06,0.0942791,11.1719,220.058,0.0958918,11.1719,220.057,           29P   1730
0.0977289,11.1719,220.055,0.0991637,11.1719,220.054,0.101056,         29P   1731
11.1719,220.052,0.102775,11.1719,220.034,0.123089,11.1719,            29P   1732
220.016,0.142613,11.1719,219.999,0.162054,11.1719,219.998,            29P   1733
0.163193,11.1719,219.997,0.164305,11.1719,219.996,0.165391,           29P   1734
11.1719,219.995,0.166549,11.1719,219.993,0.168428,11.1719,            29P   1735
219.992,0.170362,11.1719,219.973,0.190937,11.1719,219.955,            29P   1736
0.211001,11.1719,219.937,0.230999,11.1719,219.936,0.232133,           29P   1737
11.1719,219.935,0.233301,11.1719,219.934,0.234682,11.1719,            29P   1738
219.932,0.236672,11.1719,219.913,0.258376,11.1719,219.894,            29P   1739
0.280138,11.1719,219.875,0.301183,11.1719,219.874,0.302307,           29P   1740
11.1719,219.873,0.303322,11.1719,219.872,0.304886,11.1719,            29P   1741
219.853,0.326596,11.1719,219.833,0.348705,11.1719,219.814,            29P   1742
0.370159,11.1719,219.813,0.371216,11.1719,219.812,0.372306,           29P   1743
11.1719,219.811,0.373487,11.1719,219.791,0.395891,11.1719,            29P   1744
219.772,0.418041,11.1719,219.752,0.440156,11.1719,219.751,            29P   1745
0.441519,11.1719,219.734,0.460714,11.1719,219.717,0.479842,           29P   1746
11.1719,219.701,0.498821,11.1719,219.687,0.514525,11.1719,            29P   1747
219.673,0.530125,11.1719,219.65,0.556537,11.1719,219.633,             29P   1748
0.575759,11.1719,219.617,0.594731,11.1719,219.61,0.602467,            29P   1749
11.1719,219.612,0.64298,11.4709,219.611,0.643707,11.4709,219.61,      29P   1750
0.644608,11.4709,219.608,0.645456,11.4709,219.607,0.64596,            29P   1751
11.4709,219.606,0.646276,11.4709,219.605,0.646354,11.4709,            29P   1752
219.604,0.646241,11.4709,219.602,0.64581,11.4709,219.6,0.645286,      29P   1753
11.4709,219.599,0.644424,11.4709,219.599,0.64402,11.4709,             29P   1754
219.598,0.643075,11.4709,219.597,0.642639,11.4709,219.597,            29P   1755
0.641274,11.4709,219.596,0.640363,11.4709,219.596,0.639022,           29P   1756
11.4709,219.596,0.638011,11.4709,219.596,0.636966,11.4709,            29P   1757
219.596,0.635894,11.4709,219.596,0.634706,11.4709,219.597,            29P   1758
0.633508,11.4709,219.598,0.632391,11.4709,219.598,0.632026,           29P   1759
11.4709,219.598,0.63098,11.4709,219.599,0.630352,11.4709,             29P   1760
219.599,0.629267,11.4709,219.6,0.628802,11.4709,219.6,0.627637,       29P   1761
11.4709,219.601,0.626938,11.4709,219.603,0.622132,11.4709,            29P   1762
219.606,0.617538,11.4709,219.608,0.61234,11.4709,219.609,             29P   1763
0.610645,11.4709,219.61,0.60832,11.4709,219.612,0.60606,11.4709,      29P   1764
219.613,0.603829,11.4709,219.614,0.602089,11.4709,219.615,            29P   1765
0.600182,11.4709,219.62,0.590201,11.4709,219.625,0.580422,            29P   1766
11.4709,219.631,0.57079,11.4709,219.632,0.569186,11.4709,             29P   1767
219.633,0.566955,11.4709,219.634,0.564746,11.4709,219.635,            29P   1768
0.562617,11.4709,219.636,0.560724,11.4709,219.637,0.558669,           29P   1769
11.4709,219.645,0.544695,11.4709,219.653,0.530919,11.4709,            29P   1770
219.661,0.517506,11.4709,219.661,0.515849,11.4709,219.662,            29P   1771
0.514356,11.4709,219.664,0.512214,11.4709,219.665,0.510101,           29P   1772
11.4709,219.666,0.508091,11.4709,219.667,0.505992,11.4709,            29P   1773
219.668,0.504032,11.4709,219.669,0.502159,11.4709,219.679,            29P   1774
0.484791,11.4709,219.69,0.467163,11.4709,219.7,0.44961,11.4709,       29P   1775
219.701,0.448008,11.4709,219.702,0.446651,11.4709,219.703,            29P   1776
0.444645,11.4709,219.705,0.442594,11.4709,219.706,0.440748,           29P   1777
11.4709,219.707,0.438515,11.4709,219.708,0.436396,11.4709,            29P   1778
219.71,0.434201,11.4709,219.723,0.412726,11.4709,219.736,             29P   1779
0.391008,11.4709,219.75,0.369512,11.4709,219.751,0.367913,            29P   1780
11.4709,219.752,0.366683,11.4709,219.753,0.364808,11.4709,            29P   1781
219.754,0.362868,11.4709,219.756,0.361068,11.4709,219.757,            29P   1782
0.358781,11.4709,219.759,0.356472,11.4709,219.76,0.354103,            29P   1783
11.4709,219.774,0.333081,11.4709,219.788,0.3116,11.4709,219.803,      29P   1784
0.290187,11.4709,219.804,0.288155,11.4709,219.806,0.285904,           29P   1785
11.4709,219.807,0.28369,11.4709,219.809,0.280469,11.4709,             29P   1786
219.811,0.27796,11.4709,219.826,0.256005,11.4709,219.841,             29P   1787
0.234368,11.4709,219.857,0.213117,11.4709,219.858,0.211074,           29P   1788
11.4709,219.859,0.209425,11.4709,219.86,0.207796,11.4709,             29P   1789
219.862,0.206004,11.4709,219.864,0.203632,11.4709,219.865,            29P   1790
0.200938,11.4709,219.867,0.198344,11.4709,219.882,0.17833,            29P   1791
11.4709,219.897,0.157879,11.4709,219.913,0.137649,11.4709,            29P   1792
219.914,0.135585,11.4709,219.916,0.134042,11.4709,219.917,            29P   1793
0.132522,11.4709,219.918,0.130743,11.4709,219.92,0.12837,             29P   1794
11.4709,219.922,0.125537,11.4709,219.938,0.104656,11.4709,            29P   1795
219.955,0.0838862,11.4709,219.971,0.0637346,11.4709,219.973,          29P   1796
0.0616489,11.4709,219.974,0.0598913,11.4709,219.976,0.057792,         29P   1797
11.4709,219.978,0.0546492,11.4709,219.981,0.051706,11.4709,           29P   1798
219.983,0.0490147,11.4709,219.998,0.0300484,11.4709,220.015,          29P   1799
0.0105967,11.4709,220.031,-0.00857022,11.4709,220.033,                29P   1800
-0.0106975,11.4709,220.034,-0.0120265,11.4709,220.035,-0.01334,       29P   1801
11.4709,220.037,-0.0151095,11.4709,220.039,-0.0175067,11.4709,        29P   1802
220.041,-0.0205085,11.4709,220.044,-0.0232465,11.4709,220.06,         29P   1803
-0.0416392,11.4709,220.076,-0.0605467,11.4709,220.093,                29P   1804
-0.0791226,11.4709,220.095,-0.0812964,11.4709,220.096,                29P   1805
-0.0825557,11.4709,220.097,-0.0838334,11.4709,220.099,                29P   1806
-0.0855874,11.4709,220.101,-0.087972,11.4709,220.104,-0.0910193,      29P   1807
11.4709,220.106,-0.0938139,11.4709,220.123,-0.111661,11.4709,         29P   1808
220.14,-0.13008,11.4709,220.157,-0.148135,11.4709,220.159,            29P   1809
-0.150352,11.4709,220.16,-0.15155,11.4709,220.161,-0.152785,          29P   1810
11.4709,220.163,-0.154541,11.4709,220.165,-0.156924,11.4709,          29P   1811
220.168,-0.160024,11.4709,220.171,-0.162887,11.4709,220.187,          29P   1812
-0.180249,11.4709,220.205,-0.198221,11.4709,220.222,-0.215966,        29P   1813
11.4709,220.225,-0.218809,11.4709,220.226,-0.220252,11.4709,          29P   1814
220.228,-0.222056,11.4709,220.231,-0.224447,11.4709,220.234,          29P   1815
-0.227578,11.4709,220.237,-0.230475,11.4709,220.254,-0.247435,        29P   1816
11.4709,220.272,-0.265075,11.4709,220.289,-0.282235,11.4709,          29P   1817
220.292,-0.284941,11.4709,220.293,-0.286122,11.4709,220.295,          29P   1818
-0.287905,11.4709,220.298,-0.290302,11.4709,220.301,-0.29344,         29P   1819
11.4709,220.304,-0.296336,11.4709,220.321,-0.313005,11.4709,          29P   1820
220.339,-0.329925,11.4709,220.357,-0.346576,11.4709,220.36,           29P   1821
-0.34904,11.4709,220.362,-0.35047,11.4709,220.364,-0.352305,          29P   1822
11.4709,220.366,-0.354698,11.4709,220.37,-0.357835,11.4709,           29P   1823
220.373,-0.36074,11.4709,220.391,-0.377397,11.4709,220.41,            29P   1824
-0.393967,11.4709,220.428,-0.409998,11.4709,220.43,-0.411986,         29P   1825
11.4709,220.432,-0.4132,11.4709,220.434,-0.415026,11.4709,            29P   1826
220.436,-0.417415,11.4709,220.44,-0.420546,11.4709,220.443,           29P   1827
-0.423424,11.4709,220.459,-0.436728,11.4709,220.473,-0.449356,        29P   1828
11.4709,220.488,-0.461551,11.4709,220.489,-0.462911,11.4709,          29P   1829
220.491,-0.464139,11.4709,220.493,-0.466008,11.4709,220.496,          29P   1830
-0.468414,11.4709,220.5,-0.471566,11.4709,220.503,-0.474424,          29P   1831
11.4709,220.515,-0.484639,11.4709,220.526,-0.493798,11.4709,          29P   1832
220.537,-0.502902,11.4709,220.539,-0.504158,11.4709,220.541,          29P   1833
-0.506077,11.4709,220.544,-0.508466,11.4709,220.548,-0.511622,        29P   1834
11.4709,220.551,-0.514412,11.4709,220.56,-0.521053,11.4709,           29P   1835
220.567,-0.527223,11.4709,220.575,-0.533364,11.4709,220.578,          29P   1836
-0.535538,11.4709,220.581,-0.537935,11.4709,220.585,-0.541116,        29P   1837
11.4709,220.588,-0.543828,11.4709,220.592,-0.54712,11.4709,           29P   1838
220.595,-0.549136,11.4709,220.597,-0.550944,11.4709,220.597,          29P   1839
-0.551166,11.4709,220.598,-0.551951,11.4709,220.599,-0.552523,        29P   1840
11.4709,220.6,-0.553635,11.4709,220.601,-0.554095,11.4709,            29P   1841
220.603,-0.555156,11.4709,220.605,-0.55573,11.4709,220.607,           29P   1842
-0.556425,11.4709,220.608,-0.556732,11.4709,220.61,-0.557019,         29P   1843
11.4709,220.61,-0.557115,11.4709,220.612,-0.557238,11.4709,           29P   1844
220.614,-0.55722,11.4709,220.616,-0.556921,11.4709,220.617,           29P   1845
-0.556713,11.4709,220.618,-0.556391,11.4709,220.619,-0.556189,        29P   1846
11.4709,220.62,-0.555635,11.4709,220.621,-0.55499,11.4709,            29P   1847
220.623,-0.553861,11.4709,220.625,-0.552715,11.4709,220.626,          29P   1848
-0.551408,11.4709,220.628,-0.549591,11.4709,220.629,-0.547583,        29P   1849
11.4709,220.63,-0.545619,11.4709,220.631,-0.544218,11.4709,           29P   1850
220.631,-0.543045,11.4709,220.632,-0.541581,11.4709,220.632,          29P   1851
-0.539655,11.4709,220.632,-0.537525,11.4709,220.632,-0.534735,        29P   1852
11.4709,220.632,-0.53228,11.4709,220.631,-0.530567,11.4709,           29P   1853
220.631,-0.529473,11.4709,220.63,-0.52884,11.4709,220.63,             29P   1854
-0.527732,11.4709,220.629,-0.52688,11.4709,220.629,-0.526221,         29P   1855
11.4709,220.629,-0.525626,11.4709,220.628,-0.525329,11.4709,          29P   1856
220.627,-0.524048,11.4709,220.627,-0.523143,11.4709,220.625,          29P   1857
-0.521491,11.4709,220.623,-0.520375,11.4709,220.621,-0.517861,        29P   1858
11.4709,220.62,-0.516548,11.4709,220.618,-0.514522,11.4709,           29P   1859
220.616,-0.512616,11.4709,220.614,-0.510685,11.4709,220.612,          29P   1860
-0.508594,11.4709,220.611,-0.507197,11.4709,220.608,-0.504922,        29P   1861
11.4709,220.607,-0.503531,11.4709,220.605,-0.502055,11.4709,          29P   1862
220.604,-0.501085,11.4709,220.604,-0.500202,11.4709,220.602,          29P   1863
-0.498898,11.4709,220.6,-0.496808,11.4709,220.596,-0.492816,          29P   1864
11.4709,220.591,-0.487501,11.4709,220.586,-0.482624,11.4709,          29P   1865
220.582,-0.47801,11.4709,220.579,-0.475029,11.4709,220.576,           29P   1866
-0.472288,11.4709,220.574,-0.469975,11.4709,220.571,-0.467228,        29P   1867
11.4709,220.568,-0.463888,11.4709,220.564,-0.459942,11.4709,          29P   1868
220.559,-0.454862,11.4709,220.555,-0.45014,11.4709,220.546,           29P   1869
-0.441641,11.4709,220.539,-0.434713,11.4709,220.533,-0.428009,        29P   1870
11.4709,220.531,-0.425755,11.4709,220.528,-0.423323,11.4709,          29P   1871
220.526,-0.4212,11.4709,220.524,-0.419128,11.4709,220.521,            29P   1872
-0.416077,11.4709,220.517,-0.411265,11.4709,220.512,-0.406766,        29P   1873
11.4709,220.5,-0.394214,11.4709,220.489,-0.38316,11.4709,             29P   1874
220.479,-0.372301,11.4709,220.477,-0.370114,11.4709,220.474,          29P   1875
-0.367456,11.4709,220.471,-0.364346,11.4709,220.468,-0.360807,        29P   1876
11.4709,220.464,-0.356307,11.4709,220.46,-0.352065,11.4709,           29P   1877
220.444,-0.335303,11.4709,220.429,-0.319933,11.4709,220.415,          29P   1878
-0.304738,11.4709,220.412,-0.301639,11.4709,220.41,-0.298702,         29P   1879
11.4709,220.407,-0.295742,11.4709,220.405,-0.293495,11.4709,          29P   1880
220.401,-0.289736,11.4709,220.397,-0.285803,11.4709,220.381,          29P   1881
-0.268423,11.4709,220.366,-0.251865,11.4709,220.35,-0.235032,         29P   1882
11.4709,220.348,-0.232078,11.4709,220.346,-0.22978,11.4709,           29P   1883
220.344,-0.227997,11.4709,220.342,-0.226025,11.4709,220.339,          29P   1884
-0.222636,11.4709,220.336,-0.219026,11.4709,220.319,-0.201085,        29P   1885
11.4709,220.304,-0.184394,11.4709,220.289,-0.167864,11.4709,          29P   1886
220.287,-0.16599,11.4709,220.285,-0.163634,11.4709,220.283,           29P   1887
-0.161501,11.4709,220.282,-0.159821,11.4709,220.28,-0.158089,         29P   1888
11.4709,220.277,-0.154994,11.4709,220.275,-0.151756,11.4709,          29P   1889
220.258,-0.133204,11.4709,220.242,-0.115762,11.4709,220.227,          29P   1890
-0.0984601,11.4709,220.225,-0.0966743,11.4709,220.224,                29P   1891
-0.0944401,11.4709,220.221,-0.0919809,11.4709,220.219,                29P   1892
-0.0896211,11.4709,220.217,-0.086651,11.4709,220.214,-0.0837642,      29P   1893
11.4709,220.197,-0.0645825,11.4709,220.181,-0.0464559,11.4709,        29P   1894
220.166,-0.0284566,11.4709,220.163,-0.0259887,11.4709,220.161,        29P   1895
-0.0233016,11.4709,220.159,-0.0204161,11.4709,220.156,                29P   1896
-0.0178193,11.4709,220.154,-0.0153007,11.4709,220.137,                29P   1897
0.00445323,11.4709,220.121,0.0232604,11.4709,220.105,0.0420054,       29P   1898
11.4709,220.103,0.0434991,11.4709,220.102,0.0453798,11.4709,          29P   1899
220.1,0.0474654,11.4709,220.098,0.0492404,11.4709,220.097,            29P   1900
0.0515161,11.4709,220.095,0.0536622,11.4709,220.077,0.0740789,        29P   1901
11.4709,220.061,0.0936608,11.4709,220.044,0.1131,11.4709,             29P   1902
220.043,0.114457,11.4709,220.042,0.116124,11.4709,220.04,             29P   1903
0.118023,11.4709,220.039,0.119505,11.4709,220.037,0.121459,           29P   1904
11.4709,220.036,0.123234,11.4709,220.018,0.144153,11.4709,            29P   1905
220.001,0.164238,11.4709,219.984,0.184292,11.4709,219.983,            29P   1906
0.185471,11.4709,219.982,0.186618,11.4709,219.981,0.187739,           29P   1907
11.4709,219.98,0.188934,11.4709,219.979,0.190873,11.4709,             29P   1908
219.977,0.19287,11.4709,219.959,0.214222,11.4709,219.942,             29P   1909
0.235003,11.4709,219.925,0.25574,11.4709,219.924,0.256916,            29P   1910
11.4709,219.923,0.258111,11.4709,219.921,0.259544,11.4709,            29P   1911
219.92,0.261608,11.4709,219.901,0.284074,11.4709,219.882,             29P   1912
0.306517,11.4709,219.864,0.32833,11.4709,219.863,0.329498,            29P   1913
11.4709,219.862,0.330599,11.4709,219.861,0.332221,11.4709,            29P   1914
219.842,0.355262,11.4709,219.823,0.37817,11.4709,219.805,             29P   1915
0.40046,11.4709,219.804,0.401562,11.4709,219.803,0.402727,            29P   1916
11.4709,219.802,0.403954,11.4709,219.784,0.426435,11.4709,            29P   1917
219.765,0.449305,11.4709,219.747,0.472331,11.4709,219.746,            29P   1918
0.473751,11.4709,219.73,0.493773,11.4709,219.714,0.514065,            29P   1919
11.4709,219.698,0.533922,11.4709,219.685,0.550351,11.4709,            29P   1920
219.671,0.566721,11.4709,219.649,0.594531,11.4709,219.633,            29P   1921
0.614833,11.4709,219.618,0.634888,11.4709,219.612,0.64298,            29P   1922
11.4709,219.633,0.664554,11.7659,219.632,0.665613,11.7659,            29P   1923
219.631,0.666607,11.7659,219.629,0.667285,11.7659,219.628,            29P   1924
0.667594,11.7659,219.627,0.667664,11.7659,219.625,0.667546,           29P   1925
11.7659,219.624,0.667235,11.7659,219.622,0.666488,11.7659,            29P   1926
219.621,0.665316,11.7659,219.62,0.663795,11.7659,219.62,              29P   1927
0.663161,11.7659,219.62,0.662158,11.7659,219.62,0.66177,11.7659,      29P   1928
219.619,0.660947,11.7659,219.619,0.66072,11.7659,219.619,             29P   1929
0.659638,11.7659,219.619,0.658562,11.7659,219.62,0.657699,            29P   1930
11.7659,219.62,0.656925,11.7659,219.621,0.655896,11.7659,             29P   1931
219.621,0.654868,11.7659,219.622,0.653635,11.7659,219.622,            29P   1932
0.652895,11.7659,219.623,0.65154,11.7659,219.623,0.650917,            29P   1933
11.7659,219.624,0.649826,11.7659,219.624,0.649359,11.7659,            29P   1934
219.624,0.648192,11.7659,219.625,0.647491,11.7659,219.627,            29P   1935
0.642671,11.7659,219.629,0.638061,11.7659,219.632,0.63284,            29P   1936
11.7659,219.633,0.631138,11.7659,219.634,0.628802,11.7659,            29P   1937
219.635,0.626531,11.7659,219.636,0.624288,11.7659,219.637,            29P   1938
0.622539,11.7659,219.638,0.620622,11.7659,219.643,0.610584,           29P   1939
11.7659,219.648,0.600736,11.7659,219.653,0.591035,11.7659,            29P   1940
219.654,0.589421,11.7659,219.655,0.587174,11.7659,219.657,            29P   1941
0.584949,11.7659,219.658,0.582805,11.7659,219.659,0.580899,           29P   1942
11.7659,219.66,0.57883,11.7659,219.667,0.564759,11.7659,219.674,      29P   1943
0.55089,11.7659,219.682,0.537388,11.7659,219.683,0.53572,             29P   1944
11.7659,219.683,0.534217,11.7659,219.685,0.532061,11.7659,            29P   1945
219.686,0.529934,11.7659,219.687,0.527911,11.7659,219.688,            29P   1946
0.525798,11.7659,219.689,0.523825,11.7659,219.69,0.521939,            29P   1947
11.7659,219.7,0.504455,11.7659,219.71,0.4867,11.7659,219.72,          29P   1948
0.468981,11.7659,219.721,0.467363,11.7659,219.721,0.465994,           29P   1949
11.7659,219.722,0.463968,11.7659,219.724,0.461896,11.7659,            29P   1950
219.725,0.460032,11.7659,219.726,0.457775,11.7659,219.727,            29P   1951
0.455633,11.7659,219.728,0.453415,11.7659,219.741,0.431707,           29P   1952
11.7659,219.754,0.409703,11.7659,219.767,0.387947,11.7659,            29P   1953
219.768,0.386329,11.7659,219.769,0.385084,11.7659,219.77,             29P   1954
0.383186,11.7659,219.771,0.381224,11.7659,219.772,0.379402,           29P   1955
11.7659,219.773,0.377089,11.7659,219.775,0.374753,11.7659,            29P   1956
219.776,0.372356,11.7659,219.789,0.351068,11.7659,219.803,            29P   1957
0.32935,11.7659,219.817,0.307635,11.7659,219.818,0.305574,            29P   1958
11.7659,219.819,0.303315,11.7659,219.821,0.301068,11.7659,            29P   1959
219.823,0.297799,11.7659,219.825,0.295251,11.7659,219.839,            29P   1960
0.272934,11.7659,219.853,0.250897,11.7659,219.868,0.229251,           29P   1961
11.7659,219.869,0.22717,11.7659,219.87,0.22551,11.7659,219.871,       29P   1962
0.223851,11.7659,219.873,0.222026,11.7659,219.874,0.219609,           29P   1963
11.7659,219.876,0.216866,11.7659,219.878,0.214223,11.7659,            29P   1964
219.892,0.19382,11.7659,219.906,0.172976,11.7659,219.921,             29P   1965
0.152301,11.7659,219.922,0.150191,11.7659,219.923,0.148629,           29P   1966
11.7659,219.924,0.147075,11.7659,219.926,0.145256,11.7659,            29P   1967
219.927,0.142828,11.7659,219.929,0.13993,11.7659,219.945,             29P   1968
0.118546,11.7659,219.96,0.0972342,11.7659,219.975,0.0765637,          29P   1969
11.7659,219.977,0.0744244,11.7659,219.978,0.0726351,11.7659,          29P   1970
219.98,0.070482,11.7659,219.982,0.0672588,11.7659,219.985,            29P   1971
0.0642403,11.7659,219.987,0.0614803,11.7659,220.001,0.0420188,        29P   1972
11.7659,220.017,0.0220672,11.7659,220.032,0.0023444,11.7659,          29P   1973
220.034,0.000154721,11.7659,220.035,-0.00120216,11.7659,220.036,      29P   1974
-0.00255464,11.7659,220.037,-0.00437704,11.7659,220.039,              29P   1975
-0.00684634,11.7659,220.042,-0.00993974,11.7659,220.044,              29P   1976
-0.0127624,11.7659,220.059,-0.0317331,11.7659,220.075,                29P   1977
-0.0512882,11.7659,220.09,-0.0705241,11.7659,220.092,-0.0727754,      29P   1978
11.7659,220.093,-0.0740742,11.7659,220.094,-0.0753976,11.7659,        29P   1979
220.096,-0.0772144,11.7659,220.098,-0.0796845,11.7659,220.1,          29P   1980
-0.0828414,11.7659,220.103,-0.085737,11.7659,220.118,-0.104234,       29P   1981
11.7659,220.134,-0.123337,11.7659,220.15,-0.14206,11.7659,            29P   1982
220.152,-0.144359,11.7659,220.153,-0.145597,11.7659,220.154,          29P   1983
-0.146877,11.7659,220.156,-0.148699,11.7659,220.158,-0.15117,         29P   1984
11.7659,220.161,-0.154384,11.7659,220.163,-0.157353,11.7659,          29P   1985
220.179,-0.17562,11.7659,220.196,-0.194284,11.7659,220.212,           29P   1986
-0.212714,11.7659,220.215,-0.215667,11.7659,220.216,-0.217163,        29P   1987
11.7659,220.218,-0.218746,11.7659,220.22,-0.22123,11.7659,            29P   1988
220.223,-0.224485,11.7659,220.225,-0.227497,11.7659,220.241,          29P   1989
-0.245083,11.7659,220.258,-0.263458,11.7659,220.275,-0.281348,        29P   1990
11.7659,220.278,-0.284169,11.7659,220.279,-0.28546,11.7659,           29P   1991
220.281,-0.287319,11.7659,220.283,-0.289818,11.7659,220.286,          29P   1992
-0.29309,11.7659,220.289,-0.296109,11.7659,220.306,-0.313738,         29P   1993
11.7659,220.323,-0.331409,11.7659,220.34,-0.348799,11.7659,           29P   1994
220.343,-0.351373,11.7659,220.344,-0.352872,11.7659,220.346,          29P   1995
-0.35451,11.7659,220.348,-0.357011,11.7659,220.351,-0.360289,         29P   1996
11.7659,220.354,-0.363327,11.7659,220.372,-0.380683,11.7659,          29P   1997
220.389,-0.398037,11.7659,220.406,-0.414868,11.7659,220.409,          29P   1998
-0.416956,11.7659,220.41,-0.418296,11.7659,220.412,-0.420214,         29P   1999
11.7659,220.415,-0.422723,11.7659,220.418,-0.426013,11.7659,          29P   2000
220.421,-0.429038,11.7659,220.436,-0.442955,11.7659,220.45,           29P   2001
-0.456239,11.7659,220.463,-0.469052,11.7659,220.465,-0.470481,        29P   2002
11.7659,220.466,-0.471842,11.7659,220.468,-0.473805,11.7659,          29P   2003
220.471,-0.476331,11.7659,220.475,-0.479642,11.7659,220.478,          29P   2004
-0.482642,11.7659,220.489,-0.493297,11.7659,220.5,-0.502917,          29P   2005
11.7659,220.51,-0.51252,11.7659,220.512,-0.513913,11.7659,            29P   2006
220.514,-0.515939,11.7659,220.517,-0.518463,11.7659,220.521,          29P   2007
-0.5218,11.7659,220.524,-0.524752,11.7659,220.532,-0.531715,          29P   2008
11.7659,220.539,-0.538256,11.7659,220.546,-0.544761,11.7659,          29P   2009
220.549,-0.547132,11.7659,220.552,-0.549669,11.7659,220.555,          29P   2010
-0.553035,11.7659,220.559,-0.555904,11.7659,220.563,-0.559309,        29P   2011
11.7659,220.565,-0.561365,11.7659,220.567,-0.563278,11.7659,          29P   2012
220.567,-0.56359,11.7659,220.568,-0.564523,11.7659,220.569,           29P   2013
-0.565086,11.7659,220.571,-0.566043,11.7659,220.571,-0.56646,         29P   2014
11.7659,220.573,-0.56749,11.7659,220.575,-0.567998,11.7659,           29P   2015
220.577,-0.568541,11.7659,220.578,-0.568759,11.7659,220.58,           29P   2016
-0.568904,11.7659,220.581,-0.568918,11.7659,220.583,-0.568878,        29P   2017
11.7659,220.584,-0.568708,11.7659,220.586,-0.568244,11.7659,          29P   2018
220.587,-0.567964,11.7659,220.588,-0.56754,11.7659,220.589,           29P   2019
-0.567287,11.7659,220.59,-0.566598,11.7659,220.592,-0.565815,         29P   2020
11.7659,220.593,-0.564526,11.7659,220.595,-0.563277,11.7659,          29P   2021
220.596,-0.56187,11.7659,220.597,-0.559921,11.7659,220.599,           29P   2022
-0.557828,11.7659,220.599,-0.555828,11.7659,220.6,-0.554488,          29P   2023
11.7659,220.6,-0.553381,11.7659,220.6,-0.551958,11.7659,220.601,      29P   2024
-0.550092,11.7659,220.601,-0.547999,11.7659,220.6,-0.545265,          29P   2025
11.7659,220.6,-0.542904,11.7659,220.599,-0.54116,11.7659,             29P   2026
220.598,-0.540049,11.7659,220.598,-0.539399,11.7659,220.597,          29P   2027
-0.53832,11.7659,220.597,-0.537524,11.7659,220.596,-0.536817,         29P   2028
11.7659,220.595,-0.536174,11.7659,220.595,-0.535835,11.7659,          29P   2029
220.594,-0.534329,11.7659,220.593,-0.533126,11.7659,220.591,          29P   2030
-0.531173,11.7659,220.59,-0.53049,11.7659,220.588,-0.528492,          29P   2031
11.7659,220.587,-0.527164,11.7659,220.585,-0.525033,11.7659,          29P   2032
220.583,-0.523037,11.7659,220.582,-0.521045,11.7659,220.58,           29P   2033
-0.51925,11.7659,220.579,-0.518096,11.7659,220.577,-0.516189,         29P   2034
11.7659,220.576,-0.514961,11.7659,220.575,-0.513567,11.7659,          29P   2035
220.574,-0.512411,11.7659,220.573,-0.511243,11.7659,220.571,          29P   2036
-0.509512,11.7659,220.569,-0.507105,11.7659,220.565,-0.502754,        29P   2037
11.7659,220.56,-0.49732,11.7659,220.555,-0.492335,11.7659,            29P   2038
220.551,-0.487622,11.7659,220.548,-0.484571,11.7659,220.545,          29P   2039
-0.481766,11.7659,220.543,-0.479391,11.7659,220.541,-0.476574,        29P   2040
11.7659,220.538,-0.473147,11.7659,220.534,-0.469095,11.7659,          29P   2041
220.529,-0.463871,11.7659,220.525,-0.45901,11.7659,220.517,           29P   2042
-0.450259,11.7659,220.51,-0.443115,11.7659,220.504,-0.436203,         29P   2043
11.7659,220.502,-0.433875,11.7659,220.5,-0.431368,11.7659,            29P   2044
220.498,-0.42918,11.7659,220.496,-0.427044,11.7659,220.493,           29P   2045
-0.423902,11.7659,220.489,-0.418944,11.7659,220.485,-0.41431,         29P   2046
11.7659,220.473,-0.401384,11.7659,220.463,-0.390007,11.7659,          29P   2047
220.453,-0.378834,11.7659,220.451,-0.376582,11.7659,220.449,          29P   2048
-0.373847,11.7659,220.446,-0.370647,11.7659,220.443,-0.367007,        29P   2049
11.7659,220.438,-0.36238,11.7659,220.435,-0.358018,11.7659,           29P   2050
220.419,-0.340782,11.7659,220.406,-0.324994,11.7659,220.392,          29P   2051
-0.309403,11.7659,220.389,-0.306225,11.7659,220.387,-0.303212,        29P   2052
11.7659,220.384,-0.300176,11.7659,220.382,-0.297871,11.7659,          29P   2053
220.379,-0.294016,11.7659,220.375,-0.289982,11.7659,220.36,           29P   2054
-0.27215,11.7659,220.345,-0.255166,11.7659,220.33,-0.237861,          29P   2055
11.7659,220.328,-0.234831,11.7659,220.326,-0.232467,11.7659,          29P   2056
220.324,-0.230632,11.7659,220.323,-0.228603,11.7659,220.32,           29P   2057
-0.225115,11.7659,220.316,-0.221399,11.7659,220.301,-0.202916,        29P   2058
11.7659,220.286,-0.185709,11.7659,220.272,-0.168703,11.7659,          29P   2059
220.271,-0.166786,11.7659,220.269,-0.164363,11.7659,220.267,          29P   2060
-0.162169,11.7659,220.265,-0.160442,11.7659,220.264,-0.158661,        29P   2061
11.7659,220.261,-0.155481,11.7659,220.258,-0.152154,11.7659,          29P   2062
220.243,-0.133083,11.7659,220.228,-0.115196,11.7659,220.213,          29P   2063
-0.0974441,11.7659,220.212,-0.0956247,11.7659,220.21,-0.0933305,      29P   2064
11.7659,220.208,-0.0908068,11.7659,220.206,-0.088385,11.7659,         29P   2065
220.203,-0.0853382,11.7659,220.201,-0.082375,11.7659,220.185,         29P   2066
-0.0626688,11.7659,220.17,-0.0440423,11.7659,220.155,-0.0255166,      29P   2067
11.7659,220.153,-0.0229916,11.7659,220.151,-0.0202251,11.7659,        29P   2068
220.148,-0.0172538,11.7659,220.146,-0.0145787,11.7659,220.144,        29P   2069
-0.0119844,11.7659,220.128,0.00838322,11.7659,220.113,0.0277839,      29P   2070
11.7659,220.097,0.0470831,11.7659,220.096,0.0486038,11.7659,          29P   2071
220.095,0.0505374,11.7659,220.093,0.0526838,11.7659,220.092,          29P   2072
0.0545102,11.7659,220.09,0.0568537,11.7659,220.088,0.0590611,         29P   2073
11.7659,220.072,0.0800772,11.7659,220.056,0.100174,11.7659,           29P   2074
220.041,0.120148,11.7659,220.039,0.121523,11.7659,220.038,            29P   2075
0.123234,11.7659,220.037,0.125185,11.7659,220.035,0.126709,           29P   2076
11.7659,220.034,0.128721,11.7659,220.032,0.130546,11.7659,            29P   2077
220.016,0.152098,11.7659,220.,0.172786,11.7659,219.984,0.193428,      29P   2078
11.7659,219.983,0.194621,11.7659,219.982,0.195802,11.7659,            29P   2079
219.981,0.196956,11.7659,219.98,0.198186,11.7659,219.979,             29P   2080
0.200182,11.7659,219.977,0.202237,11.7659,219.96,0.224082,            29P   2081
11.7659,219.944,0.245445,11.7659,219.928,0.266751,11.7659,            29P   2082
219.927,0.26796,11.7659,219.926,0.26928,11.7659,219.925,              29P   2083
0.270752,11.7659,219.923,0.272871,11.7659,219.905,0.296238,           29P   2084
11.7659,219.888,0.31935,11.7659,219.871,0.341767,11.7659,219.87,      29P   2085
0.342951,11.7659,219.869,0.343803,11.7659,219.868,0.345469,           29P   2086
11.7659,219.85,0.369112,11.7659,219.832,0.392672,11.7659,             29P   2087
219.815,0.415646,11.7659,219.815,0.416768,11.7659,219.814,            29P   2088
0.417778,11.7659,219.813,0.419043,11.7659,219.795,0.44282,            29P   2089
11.7659,219.778,0.466538,11.7659,219.76,0.490146,11.7659,             29P   2090
219.759,0.491602,11.7659,219.744,0.511974,11.7659,219.729,            29P   2091
0.532271,11.7659,219.714,0.552616,11.7659,219.702,0.56942,            29P   2092
11.7659,219.69,0.586451,11.7659,219.669,0.61485,11.7659,219.654,      29P   2093
0.635592,11.7659,219.639,0.656141,11.7659,219.633,0.664554,           29P   2094
11.7659,219.651,0.687797,12.0599,219.651,0.688567,12.0599,            29P   2095
219.65,0.68958,12.0599,219.648,0.690423,12.0599,219.647,              29P   2096
0.690853,12.0599,219.645,0.690936,12.0599,219.644,0.690577,           29P   2097
12.0599,219.643,0.690131,12.0599,219.641,0.689017,12.0599,            29P   2098
219.64,0.688244,12.0599,219.64,0.68712,12.0599,219.639,0.686622,      29P   2099
12.0599,219.639,0.685696,12.0599,219.639,0.685317,12.0599,            29P   2100
219.639,0.68362,12.0599,219.639,0.682075,12.0599,219.64,              29P   2101
0.680814,12.0599,219.64,0.680213,12.0599,219.64,0.67957,12.0599,      29P   2102
219.641,0.678741,12.0599,219.641,0.677888,12.0599,219.642,            29P   2103
0.677036,12.0599,219.642,0.675812,12.0599,219.642,0.675129,           29P   2104
12.0599,219.643,0.673815,12.0599,219.643,0.673186,12.0599,            29P   2105
219.644,0.672088,12.0599,219.644,0.671617,12.0599,219.645,            29P   2106
0.670442,12.0599,219.645,0.669737,12.0599,219.647,0.664882,           29P   2107
12.0599,219.65,0.66024,12.0599,219.652,0.654986,12.0599,219.653,      29P   2108
0.653273,12.0599,219.654,0.650922,12.0599,219.655,0.648637,           29P   2109
12.0599,219.656,0.64638,12.0599,219.657,0.64462,12.0599,219.658,      29P   2110
0.642691,12.0599,219.663,0.632594,12.0599,219.668,0.622692,           29P   2111
12.0599,219.672,0.612933,12.0599,219.673,0.611309,12.0599,            29P   2112
219.674,0.609048,12.0599,219.676,0.606809,12.0599,219.677,            29P   2113
0.604651,12.0599,219.678,0.602733,12.0599,219.679,0.60065,            29P   2114
12.0599,219.686,0.586483,12.0599,219.693,0.572506,12.0599,219.7,      29P   2115
0.558881,12.0599,219.7,0.557198,12.0599,219.701,0.555681,             29P   2116
12.0599,219.702,0.553505,12.0599,219.703,0.551359,12.0599,            29P   2117
219.704,0.549316,12.0599,219.706,0.547182,12.0599,219.707,            29P   2118
0.54519,12.0599,219.708,0.543286,12.0599,219.717,0.525629,            29P   2119
12.0599,219.726,0.507682,12.0599,219.736,0.489792,12.0599,            29P   2120
219.736,0.488159,12.0599,219.737,0.486777,12.0599,219.738,            29P   2121
0.484732,12.0599,219.739,0.482641,12.0599,219.74,0.480759,            29P   2122
12.0599,219.742,0.478483,12.0599,219.743,0.476321,12.0599,            29P   2123
219.744,0.474083,12.0599,219.756,0.452181,12.0599,219.768,            29P   2124
0.429997,12.0599,219.781,0.407973,12.0599,219.782,0.406335,           29P   2125
12.0599,219.782,0.405075,12.0599,219.783,0.403152,12.0599,            29P   2126
219.784,0.401164,12.0599,219.786,0.399317,12.0599,219.787,            29P   2127
0.396973,12.0599,219.788,0.394604,12.0599,219.79,0.392173,            29P   2128
12.0599,219.802,0.370631,12.0599,219.815,0.348527,12.0599,            29P   2129
219.828,0.326462,12.0599,219.829,0.324368,12.0599,219.83,             29P   2130
0.322015,12.0599,219.832,0.319733,12.0599,219.834,0.316413,           29P   2131
12.0599,219.835,0.313825,12.0599,219.849,0.291213,12.0599,            29P   2132
219.862,0.268872,12.0599,219.876,0.246858,12.0599,219.877,            29P   2133
0.244741,12.0599,219.879,0.243005,12.0599,219.88,0.241317,            29P   2134
12.0599,219.881,0.239459,12.0599,219.882,0.236999,12.0599,            29P   2135
219.884,0.234206,12.0599,219.886,0.231514,12.0599,219.899,            29P   2136
0.210765,12.0599,219.912,0.18948,12.0599,219.926,0.168374,            29P   2137
12.0599,219.928,0.16622,12.0599,219.929,0.164588,12.0599,219.93,      29P   2138
0.163002,12.0599,219.931,0.161145,12.0599,219.933,0.158667,           29P   2139
12.0599,219.935,0.155709,12.0599,219.949,0.133916,12.0599,            29P   2140
219.964,0.112171,12.0599,219.978,0.0910173,12.0599,219.98,            29P   2141
0.0888273,12.0599,219.981,0.0869637,12.0599,219.982,0.0847588,        29P   2142
12.0599,219.985,0.0814572,12.0599,219.987,0.0783644,12.0599,          29P   2143
219.989,0.0755354,12.0599,220.002,0.0556091,12.0599,220.017,          29P   2144
0.0351059,12.0599,220.031,0.0148318,12.0599,220.033,0.0125809,        29P   2145
12.0599,220.034,0.0111592,12.0599,220.035,0.00976889,12.0599,         29P   2146
220.036,0.00789559,12.0599,220.038,0.00535733,12.0599,220.041,        29P   2147
0.00217756,12.0599,220.043,-0.00072387,12.0599,220.057,               29P   2148
-0.0202126,12.0599,220.072,-0.0403143,12.0599,220.086,                29P   2149
-0.0601048,12.0599,220.088,-0.0624212,12.0599,220.089,                29P   2150
-0.0637702,12.0599,220.09,-0.065132,12.0599,220.092,-0.0670016,       29P   2151
12.0599,220.093,-0.0695435,12.0599,220.096,-0.0727926,12.0599,        29P   2152
220.098,-0.075773,12.0599,220.113,-0.0948027,12.0599,220.128,         29P   2153
-0.11448,12.0599,220.143,-0.133772,12.0599,220.145,-0.13614,          29P   2154
12.0599,220.146,-0.137427,12.0599,220.147,-0.138746,12.0599,          29P   2155
220.148,-0.140623,12.0599,220.15,-0.143169,12.0599,220.153,           29P   2156
-0.146482,12.0599,220.155,-0.149542,12.0599,220.17,-0.167743,         29P   2157
12.0599,220.185,-0.186922,12.0599,220.201,-0.205991,12.0599,          29P   2158
220.204,-0.209049,12.0599,220.205,-0.210604,12.0599,220.207,          29P   2159
-0.212936,12.0599,220.209,-0.215508,12.0599,220.212,-0.21888,         29P   2160
12.0599,220.214,-0.222002,12.0599,220.23,-0.240359,12.0599,           29P   2161
220.246,-0.25946,12.0599,220.262,-0.278036,12.0599,220.264,           29P   2162
-0.280965,12.0599,220.265,-0.282163,12.0599,220.267,-0.284093,        29P   2163
12.0599,220.269,-0.286687,12.0599,220.272,-0.290084,12.0599,          29P   2164
220.275,-0.293218,12.0599,220.29,-0.310928,12.0599,220.306,           29P   2165
-0.329208,12.0599,220.322,-0.347284,12.0599,220.325,-0.34996,         29P   2166
12.0599,220.326,-0.351504,12.0599,220.328,-0.35387,12.0599,           29P   2167
220.331,-0.35647,12.0599,220.334,-0.35988,12.0599,220.337,            29P   2168
-0.36304,12.0599,220.353,-0.381242,12.0599,220.37,-0.399333,          29P   2169
12.0599,220.386,-0.416897,12.0599,220.388,-0.419076,12.0599,          29P   2170
220.389,-0.420319,12.0599,220.391,-0.422322,12.0599,220.394,          29P   2171
-0.424942,12.0599,220.397,-0.428377,12.0599,220.4,-0.431537,          29P   2172
12.0599,220.414,-0.44624,12.0599,220.427,-0.46014,12.0599,            29P   2173
220.44,-0.473555,12.0599,220.442,-0.47505,12.0599,220.443,            29P   2174
-0.476307,12.0599,220.445,-0.478362,12.0599,220.448,-0.481008,        29P   2175
12.0599,220.451,-0.484475,12.0599,220.454,-0.487618,12.0599,          29P   2176
220.465,-0.498946,12.0599,220.475,-0.509033,12.0599,220.485,          29P   2177
-0.519108,12.0599,220.486,-0.520409,12.0599,220.489,-0.522535,        29P   2178
12.0599,220.491,-0.525185,12.0599,220.495,-0.528687,12.0599,          29P   2179
220.498,-0.531786,12.0599,220.505,-0.53926,12.0599,220.512,           29P   2180
-0.546124,12.0599,220.519,-0.552948,12.0599,220.522,-0.555271,        29P   2181
12.0599,220.524,-0.557933,12.0599,220.528,-0.561464,12.0599,          29P   2182
220.531,-0.564473,12.0599,220.535,-0.568224,12.0599,220.537,          29P   2183
-0.57056,12.0599,220.54,-0.572566,12.0599,220.54,-0.572709,           29P   2184
12.0599,220.541,-0.573442,12.0599,220.541,-0.573985,12.0599,          29P   2185
220.543,-0.574917,12.0599,220.544,-0.575314,12.0599,220.546,          29P   2186
-0.576264,12.0599,220.547,-0.57672,12.0599,220.549,-0.577158,         29P   2187
12.0599,220.55,-0.57732,12.0599,220.552,-0.577388,12.0599,            29P   2188
220.553,-0.57736,12.0599,220.555,-0.577245,12.0599,220.556,           29P   2189
-0.576986,12.0599,220.558,-0.576372,12.0599,220.559,-0.576025,        29P   2190
12.0599,220.56,-0.575524,12.0599,220.561,-0.57523,12.0599,            29P   2191
220.562,-0.574479,12.0599,220.563,-0.573642,12.0599,220.565,          29P   2192
-0.572235,12.0599,220.566,-0.570814,12.0599,220.568,-0.569243,        29P   2193
12.0599,220.569,-0.567169,12.0599,220.57,-0.564975,12.0599,           29P   2194
220.57,-0.562858,12.0599,220.571,-0.56147,12.0599,220.571,            29P   2195
-0.56033,12.0599,220.571,-0.558937,12.0599,220.571,-0.557054,         29P   2196
12.0599,220.57,-0.55498,12.0599,220.57,-0.552286,12.0599,             29P   2197
220.569,-0.549951,12.0599,220.568,-0.548286,12.0599,220.567,          29P   2198
-0.547254,12.0599,220.567,-0.546697,12.0599,220.566,-0.545821,        29P   2199
12.0599,220.565,-0.5452,12.0599,220.565,-0.544561,12.0599,            29P   2200
220.564,-0.543909,12.0599,220.564,-0.543571,12.0599,220.562,          29P   2201
-0.542082,12.0599,220.561,-0.540938,12.0599,220.56,-0.53903,          29P   2202
12.0599,220.559,-0.538253,12.0599,220.557,-0.53611,12.0599,           29P   2203
220.556,-0.534745,12.0599,220.554,-0.532568,12.0599,220.552,          29P   2204
-0.530527,12.0599,220.551,-0.528484,12.0599,220.549,-0.526288,        29P   2205
12.0599,220.548,-0.524817,12.0599,220.546,-0.52246,12.0599,           29P   2206
220.544,-0.521054,12.0599,220.543,-0.519601,12.0599,220.542,          29P   2207
-0.518755,12.0599,220.542,-0.517911,12.0599,220.54,-0.516544,         29P   2208
12.0599,220.538,-0.514112,12.0599,220.535,-0.509678,12.0599,          29P   2209
220.53,-0.504079,12.0599,220.525,-0.49894,12.0599,220.521,            29P   2210
-0.494071,12.0599,220.518,-0.490926,12.0599,220.516,-0.488034,        29P   2211
12.0599,220.514,-0.485598,12.0599,220.511,-0.482696,12.0599,          29P   2212
220.508,-0.479165,12.0599,220.505,-0.474989,12.0599,220.5,            29P   2213
-0.469612,12.0599,220.496,-0.46461,12.0599,220.489,-0.455599,         29P   2214
12.0599,220.482,-0.448253,12.0599,220.476,-0.441149,12.0599,          29P   2215
220.474,-0.438767,12.0599,220.472,-0.43619,12.0599,220.47,            29P   2216
-0.433942,12.0599,220.469,-0.431747,12.0599,220.466,-0.428517,        29P   2217
12.0599,220.462,-0.423422,12.0599,220.458,-0.418661,12.0599,          29P   2218
220.447,-0.40538,12.0599,220.437,-0.393698,12.0599,220.427,           29P   2219
-0.382236,12.0599,220.425,-0.379928,12.0599,220.423,-0.377126,        29P   2220
12.0599,220.42,-0.373845,12.0599,220.417,-0.370113,12.0599,           29P   2221
220.413,-0.365367,12.0599,220.41,-0.360895,12.0599,220.395,           29P   2222
-0.343233,12.0599,220.382,-0.327053,12.0599,220.369,-0.311042,        29P   2223
12.0599,220.366,-0.307774,12.0599,220.364,-0.304677,12.0599,          29P   2224
220.361,-0.301557,12.0599,220.359,-0.299188,12.0599,220.356,          29P   2225
-0.295224,12.0599,220.353,-0.291076,12.0599,220.338,-0.272751,        29P   2226
12.0599,220.324,-0.255268,12.0599,220.31,-0.237493,12.0599,           29P   2227
220.308,-0.234364,12.0599,220.306,-0.231937,12.0599,220.304,          29P   2228
-0.230054,12.0599,220.303,-0.227972,12.0599,220.3,-0.224393,          29P   2229
12.0599,220.297,-0.220582,12.0599,220.282,-0.201655,12.0599,          29P   2230
220.268,-0.184043,12.0599,220.255,-0.166629,12.0599,220.253,          29P   2231
-0.164641,12.0599,220.251,-0.16216,12.0599,220.249,-0.159913,         29P   2232
12.0599,220.248,-0.158145,12.0599,220.247,-0.156321,12.0599,          29P   2233
220.244,-0.153064,12.0599,220.241,-0.149656,12.0599,220.226,          29P   2234
-0.130153,12.0599,220.212,-0.111825,12.0599,220.198,-0.0936295,       29P   2235
12.0599,220.197,-0.091734,12.0599,220.195,-0.0893862,12.0599,         29P   2236
220.193,-0.0867994,12.0599,220.191,-0.084317,12.0599,220.189,         29P   2237
-0.0811901,12.0599,220.187,-0.0781524,12.0599,220.171,-0.057985,      29P   2238
12.0599,220.157,-0.0388843,12.0599,220.143,-0.0198741,12.0599,        29P   2239
220.141,-0.017247,12.0599,220.139,-0.0144078,12.0599,220.137,         29P   2240
-0.0113584,12.0599,220.135,-0.00861451,12.0599,220.133,               29P   2241
-0.00595195,12.0599,220.117,0.014911,12.0599,220.103,0.034816,        29P   2242
12.0599,220.088,0.0545581,12.0599,220.087,0.0561536,12.0599,          29P   2243
220.086,0.0581363,12.0599,220.084,0.0603309,12.0599,220.083,          29P   2244
0.0621979,12.0599,220.081,0.064588,12.0599,220.08,0.0668438,          29P   2245
12.0599,220.064,0.0882714,12.0599,220.049,0.10877,12.0599,            29P   2246
220.034,0.129215,12.0599,220.033,0.130669,12.0599,220.032,            29P   2247
0.132428,12.0599,220.031,0.134426,12.0599,220.029,0.135987,           29P   2248
12.0599,220.028,0.13804,12.0599,220.027,0.139911,12.0599,             29P   2249
220.011,0.161945,12.0599,219.996,0.183203,12.0599,219.981,            29P   2250
0.204382,12.0599,219.98,0.205655,12.0599,219.979,0.206866,            29P   2251
12.0599,219.978,0.20805,12.0599,219.977,0.209311,12.0599,             29P   2252
219.976,0.211358,12.0599,219.974,0.213466,12.0599,219.958,            29P   2253
0.236085,12.0599,219.943,0.257969,12.0599,219.927,0.279815,           29P   2254
12.0599,219.927,0.281051,12.0599,219.926,0.282188,12.0599,            29P   2255
219.925,0.283697,12.0599,219.923,0.285874,12.0599,219.907,            29P   2256
0.309154,12.0599,219.89,0.332858,12.0599,219.874,0.355853,            29P   2257
12.0599,219.874,0.357106,12.0599,219.873,0.35864,12.0599,             29P   2258
219.871,0.360349,12.0599,219.855,0.384166,12.0599,219.838,            29P   2259
0.408304,12.0599,219.822,0.431812,12.0599,219.821,0.43299,            29P   2260
12.0599,219.82,0.434474,12.0599,219.819,0.435767,12.0599,             29P   2261
219.803,0.459886,12.0599,219.786,0.4841,12.0599,219.77,0.508391,      29P   2262
12.0599,219.769,0.509889,12.0599,219.755,0.530691,12.0599,            29P   2263
219.741,0.551758,12.0599,219.727,0.572579,12.0599,219.716,            29P   2264
0.589876,12.0599,219.704,0.607502,12.0599,219.685,0.636683,           29P   2265
12.0599,219.67,0.658125,12.0599,219.657,0.6792,12.0599,219.651,       29P   2266
0.687797,12.0599,219.666,0.707176,12.2644,219.666,0.708245,           29P   2267
12.2644,219.664,0.709223,12.2644,219.663,0.70979,12.2644,             29P   2268
219.661,0.709988,12.2644,219.66,0.709965,12.2644,219.659,             29P   2269
0.709509,12.2644,219.658,0.708893,12.2644,219.657,0.708109,           29P   2270
12.2644,219.656,0.706988,12.2644,219.655,0.705143,12.2644,            29P   2271
219.655,0.704276,12.2644,219.655,0.702656,12.2644,219.656,            29P   2272
0.701943,12.2644,219.656,0.700938,12.2644,219.656,0.700755,           29P   2273
12.2644,219.657,0.700026,12.2644,219.657,0.699086,12.2644,            29P   2274
219.657,0.698153,12.2644,219.658,0.697326,12.2644,219.658,            29P   2275
0.69643,12.2644,219.659,0.695534,12.2644,219.659,0.694296,            29P   2276
12.2644,219.659,0.693594,12.2644,219.66,0.692259,12.2644,219.66,      29P   2277
0.691625,12.2644,219.661,0.690516,12.2644,219.661,0.690042,           29P   2278
12.2644,219.662,0.688856,12.2644,219.662,0.688144,12.2644,            29P   2279
219.664,0.683246,12.2644,219.666,0.678563,12.2644,219.669,            29P   2280
0.673262,12.2644,219.669,0.671534,12.2644,219.671,0.669162,           29P   2281
12.2644,219.672,0.666857,12.2644,219.673,0.66458,12.2644,             29P   2282
219.673,0.662805,12.2644,219.674,0.66086,12.2644,219.679,             29P   2283
0.650673,12.2644,219.684,0.640683,12.2644,219.688,0.630832,           29P   2284
12.2644,219.689,0.629192,12.2644,219.69,0.626909,12.2644,             29P   2285
219.691,0.624649,12.2644,219.692,0.62247,12.2644,219.693,             29P   2286
0.620534,12.2644,219.694,0.61843,12.2644,219.701,0.604126,            29P   2287
12.2644,219.708,0.590009,12.2644,219.714,0.57626,12.2644,             29P   2288
219.715,0.574561,12.2644,219.716,0.573031,12.2644,219.717,            29P   2289
0.570835,12.2644,219.718,0.568669,12.2644,219.719,0.566609,           29P   2290
12.2644,219.72,0.564456,12.2644,219.721,0.562446,12.2644,             29P   2291
219.722,0.560525,12.2644,219.731,0.542714,12.2644,219.74,             29P   2292
0.524615,12.2644,219.749,0.506538,12.2644,219.75,0.504887,            29P   2293
12.2644,219.751,0.503489,12.2644,219.752,0.501422,12.2644,            29P   2294
219.753,0.499308,12.2644,219.754,0.497405,12.2644,219.755,            29P   2295
0.495103,12.2644,219.756,0.492916,12.2644,219.757,0.490652,           29P   2296
12.2644,219.769,0.468491,12.2644,219.78,0.445997,12.2644,             29P   2297
219.792,0.423687,12.2644,219.793,0.422027,12.2644,219.794,            29P   2298
0.42075,12.2644,219.795,0.418803,12.2644,219.796,0.416789,            29P   2299
12.2644,219.797,0.414919,12.2644,219.798,0.412545,12.2644,219.8,      29P   2300
0.410146,12.2644,219.801,0.407685,12.2644,219.813,0.385716,           29P   2301
12.2644,219.825,0.36334,12.2644,219.838,0.340974,12.2644,             29P   2302
219.839,0.338851,12.2644,219.84,0.336629,12.2644,219.841,             29P   2303
0.334314,12.2644,219.843,0.330947,12.2644,219.845,0.328323,           29P   2304
12.2644,219.858,0.305255,12.2644,219.871,0.282545,12.2644,            29P   2305
219.884,0.26016,12.2644,219.885,0.258007,12.2644,219.886,             29P   2306
0.256376,12.2644,219.887,0.254659,12.2644,219.888,0.252769,           29P   2307
12.2644,219.89,0.250268,12.2644,219.891,0.247426,12.2644,             29P   2308
219.893,0.244688,12.2644,219.906,0.223482,12.2644,219.919,            29P   2309
0.201812,12.2644,219.932,0.18032,12.2644,219.933,0.178126,            29P   2310
12.2644,219.934,0.17657,12.2644,219.935,0.174954,12.2644,             29P   2311
219.936,0.173063,12.2644,219.938,0.170539,12.2644,219.94,             29P   2312
0.167526,12.2644,219.953,0.145241,12.2644,219.967,0.123068,           29P   2313
12.2644,219.981,0.101476,12.2644,219.983,0.0992403,12.2644,           29P   2314
219.984,0.0974276,12.2644,219.985,0.0951765,12.2644,219.987,          29P   2315
0.0918053,12.2644,219.99,0.0886469,12.2644,219.991,0.0857575,         29P   2316
12.2644,220.005,0.0653336,12.2644,220.018,0.0443648,12.2644,          29P   2317
220.032,0.0236222,12.2644,220.034,0.0213192,12.2644,220.035,          29P   2318
0.0199406,12.2644,220.036,0.018518,12.2644,220.037,0.0166011,         29P   2319
12.2644,220.039,0.0140037,12.2644,220.041,0.0107495,12.2644,          29P   2320
220.043,0.00778002,12.2644,220.056,-0.0122003,12.2644,220.07,         29P   2321
-0.0327895,12.2644,220.085,-0.0530694,12.2644,220.086,                29P   2322
-0.0554432,12.2644,220.087,-0.05679,12.2644,220.088,-0.0581856,       29P   2323
12.2644,220.09,-0.0601017,12.2644,220.091,-0.0627071,12.2644,         29P   2324
220.094,-0.0660376,12.2644,220.096,-0.0690929,12.2644,220.11,         29P   2325
-0.0886321,12.2644,220.124,-0.108825,12.2644,220.139,-0.128653,       29P   2326
12.2644,220.14,-0.131088,12.2644,220.141,-0.132379,12.2644,           29P   2327
220.142,-0.133735,12.2644,220.144,-0.135665,12.2644,220.146,          29P   2328
-0.138284,12.2644,220.148,-0.141691,12.2644,220.151,-0.144838,        29P   2329
12.2644,220.165,-0.164061,12.2644,220.18,-0.183875,12.2644,           29P   2330
220.194,-0.203507,12.2644,220.197,-0.206655,12.2644,220.198,          29P   2331
-0.208237,12.2644,220.2,-0.210103,12.2644,220.202,-0.212752,          29P   2332
12.2644,220.204,-0.216223,12.2644,220.207,-0.219436,12.2644,          29P   2333
220.221,-0.23797,12.2644,220.236,-0.257595,12.2644,220.251,           29P   2334
-0.276761,12.2644,220.254,-0.279784,12.2644,220.255,-0.281422,        29P   2335
12.2644,220.257,-0.283414,12.2644,220.259,-0.286092,12.2644,          29P   2336
220.262,-0.2896,12.2644,220.264,-0.292836,12.2644,220.279,            29P   2337
-0.311559,12.2644,220.295,-0.33052,12.2644,220.31,-0.349216,          29P   2338
12.2644,220.312,-0.351984,12.2644,220.314,-0.353623,12.2644,          29P   2339
220.315,-0.355557,12.2644,220.317,-0.358247,12.2644,220.32,           29P   2340
-0.361773,12.2644,220.323,-0.365041,12.2644,220.339,-0.383456,        29P   2341
12.2644,220.354,-0.402144,12.2644,220.37,-0.420363,12.2644,           29P   2342
220.372,-0.422624,12.2644,220.373,-0.424352,12.2644,220.375,          29P   2343
-0.426429,12.2644,220.378,-0.429149,12.2644,220.381,-0.432715,        29P   2344
12.2644,220.383,-0.435997,12.2644,220.396,-0.450809,12.2644,          29P   2345
220.409,-0.465253,12.2644,220.421,-0.479213,12.2644,220.423,          29P   2346
-0.48077,12.2644,220.424,-0.482553,12.2644,220.426,-0.484692,         29P   2347
12.2644,220.429,-0.487445,12.2644,220.432,-0.491053,12.2644,          29P   2348
220.435,-0.494325,12.2644,220.445,-0.505656,12.2644,220.454,          29P   2349
-0.516163,12.2644,220.464,-0.52667,12.2644,220.465,-0.528481,         29P   2350
12.2644,220.467,-0.530698,12.2644,220.47,-0.533462,12.2644,           29P   2351
220.473,-0.537116,12.2644,220.476,-0.54035,12.2644,220.483,           29P   2352
-0.547685,12.2644,220.489,-0.554858,12.2644,220.496,-0.56199,         29P   2353
12.2644,220.499,-0.564878,12.2644,220.501,-0.567658,12.2644,          29P   2354
220.505,-0.571348,12.2644,220.508,-0.574493,12.2644,220.511,          29P   2355
-0.577907,12.2644,220.513,-0.579842,12.2644,220.515,-0.581941,        29P   2356
12.2644,220.515,-0.582563,12.2644,220.517,-0.583701,12.2644,          29P   2357
220.517,-0.584205,12.2644,220.519,-0.585058,12.2644,220.52,           29P   2358
-0.585418,12.2644,220.522,-0.586264,12.2644,220.523,-0.586641,        29P   2359
12.2644,220.526,-0.586947,12.2644,220.527,-0.587035,12.2644,          29P   2360
220.528,-0.586987,12.2644,220.529,-0.586901,12.2644,220.531,          29P   2361
-0.586683,12.2644,220.532,-0.586333,12.2644,220.534,-0.585604,        29P   2362
12.2644,220.535,-0.585204,12.2644,220.536,-0.584634,12.2644,          29P   2363
220.537,-0.584304,12.2644,220.538,-0.583363,12.2644,220.54,           29P   2364
-0.582322,12.2644,220.541,-0.580748,12.2644,220.542,-0.579368,        29P   2365
12.2644,220.543,-0.577864,12.2644,220.544,-0.575707,12.2644,          29P   2366
220.545,-0.573451,12.2644,220.546,-0.571442,12.2644,220.546,          29P   2367
-0.570039,12.2644,220.546,-0.568889,12.2644,220.546,-0.567321,        29P   2368
12.2644,220.546,-0.565439,12.2644,220.545,-0.563391,12.2644,          29P   2369
220.544,-0.560797,12.2644,220.543,-0.558671,12.2644,220.542,          29P   2370
-0.557222,12.2644,220.541,-0.556289,12.2644,220.541,-0.555692,        29P   2371
12.2644,220.54,-0.554679,12.2644,220.539,-0.553931,12.2644,           29P   2372
220.539,-0.553192,12.2644,220.538,-0.552517,12.2644,220.538,          29P   2373
-0.552168,12.2644,220.537,-0.550635,12.2644,220.536,-0.549448,        29P   2374
12.2644,220.534,-0.547479,12.2644,220.534,-0.5467,12.2644,            29P   2375
220.532,-0.544526,12.2644,220.531,-0.543131,12.2644,220.529,          29P   2376
-0.540903,12.2644,220.527,-0.538814,12.2644,220.525,-0.536724,        29P   2377
12.2644,220.524,-0.534545,12.2644,220.523,-0.533096,12.2644,          29P   2378
220.521,-0.530761,12.2644,220.52,-0.529351,12.2644,220.518,           29P   2379
-0.527867,12.2644,220.518,-0.526935,12.2644,220.517,-0.526002,        29P   2380
12.2644,220.516,-0.524522,12.2644,220.514,-0.522025,12.2644,          29P   2381
220.51,-0.517476,12.2644,220.505,-0.511744,12.2644,220.501,           29P   2382
-0.506483,12.2644,220.497,-0.501526,12.2644,220.495,-0.498307,        29P   2383
12.2644,220.492,-0.495347,12.2644,220.49,-0.492821,12.2644,           29P   2384
220.488,-0.489852,12.2644,220.485,-0.48624,12.2644,220.482,           29P   2385
-0.481978,12.2644,220.477,-0.476479,12.2644,220.473,-0.471364,        29P   2386
12.2644,220.466,-0.462176,12.2644,220.46,-0.454661,12.2644,           29P   2387
220.455,-0.447387,12.2644,220.453,-0.444917,12.2644,220.451,          29P   2388
-0.442278,12.2644,220.449,-0.439974,12.2644,220.447,-0.437725,        29P   2389
12.2644,220.444,-0.434415,12.2644,220.44,-0.429191,12.2644,           29P   2390
220.437,-0.424308,12.2644,220.426,-0.41069,12.2644,220.417,           29P   2391
-0.398697,12.2644,220.408,-0.38693,12.2644,220.406,-0.384555,         29P   2392
12.2644,220.404,-0.38167,12.2644,220.401,-0.378301,12.2644,           29P   2393
220.398,-0.37447,12.2644,220.394,-0.369607,12.2644,220.391,           29P   2394
-0.365018,12.2644,220.377,-0.346883,12.2644,220.364,-0.330291,        29P   2395
12.2644,220.352,-0.313901,12.2644,220.349,-0.310566,12.2644,          29P   2396
220.347,-0.307398,12.2644,220.345,-0.304206,12.2644,220.343,          29P   2397
-0.301783,12.2644,220.34,-0.29773,12.2644,220.336,-0.293488,          29P   2398
12.2644,220.322,-0.274704,12.2644,220.309,-0.256845,12.2644,          29P   2399
220.295,-0.238663,12.2644,220.293,-0.235513,12.2644,220.291,          29P   2400
-0.23303,12.2644,220.29,-0.231103,12.2644,220.288,-0.228972,          29P   2401
12.2644,220.286,-0.225309,12.2644,220.283,-0.221407,12.2644,          29P   2402
220.268,-0.201955,12.2644,220.255,-0.1839,12.2644,220.242,            29P   2403
-0.166047,12.2644,220.241,-0.164081,12.2644,220.239,-0.161537,        29P   2404
12.2644,220.237,-0.159234,12.2644,220.236,-0.15742,12.2644,           29P   2405
220.235,-0.155551,12.2644,220.232,-0.152211,12.2644,220.23,           29P   2406
-0.148718,12.2644,220.215,-0.128637,12.2644,220.202,-0.109849,        29P   2407
12.2644,220.188,-0.0912146,12.2644,220.187,-0.0893605,12.2644,        29P   2408
220.185,-0.0869458,12.2644,220.184,-0.0842972,12.2644,220.182,        29P   2409
-0.0817558,12.2644,220.18,-0.0785655,12.2644,220.177,-0.0754563,      29P   2410
12.2644,220.163,-0.05472,12.2644,220.149,-0.0351912,12.2644,          29P   2411
220.135,-0.015777,12.2644,220.134,-0.013196,12.2644,220.132,          29P   2412
-0.0102972,12.2644,220.129,-0.00718386,12.2644,220.128,               29P   2413
-0.00437827,12.2644,220.126,-0.00166021,12.2644,220.111,              29P   2414
0.0197498,12.2644,220.097,0.0400656,12.2644,220.083,0.0602727,        29P   2415
12.2644,220.082,0.0617923,12.2644,220.081,0.063807,12.2644,           29P   2416
220.079,0.0660544,12.2644,220.078,0.0679666,12.2644,220.076,          29P   2417
0.0704301,12.2644,220.075,0.0727413,12.2644,220.06,0.0948284,         29P   2418
12.2644,220.046,0.115869,12.2644,220.032,0.136783,12.2644,            29P   2419
220.031,0.138139,12.2644,220.029,0.139915,12.2644,220.028,            29P   2420
0.141957,12.2644,220.027,0.143553,12.2644,220.026,0.145675,           29P   2421
12.2644,220.024,0.147586,12.2644,220.009,0.170235,12.2644,            29P   2422
219.995,0.191895,12.2644,219.98,0.213509,12.2644,219.979,             29P   2423
0.214669,12.2644,219.979,0.215905,12.2644,219.978,0.217114,           29P   2424
12.2644,219.977,0.218401,12.2644,219.975,0.220491,12.2644,            29P   2425
219.974,0.222643,12.2644,219.959,0.245138,12.2644,219.944,            29P   2426
0.267503,12.2644,219.93,0.289828,12.2644,219.929,0.291102,            29P   2427
12.2644,219.928,0.292877,12.2644,219.927,0.29442,12.2644,             29P   2428
219.925,0.296633,12.2644,219.909,0.321029,12.2644,219.894,            29P   2429
0.345251,12.2644,219.878,0.368754,12.2644,219.878,0.369924,           29P   2430
12.2644,219.877,0.370984,12.2644,219.876,0.372731,12.2644,            29P   2431
219.86,0.397493,12.2644,219.844,0.422187,12.2644,219.829,             29P   2432
0.446224,12.2644,219.828,0.447344,12.2644,219.827,0.448515,           29P   2433
12.2644,219.826,0.449841,12.2644,219.811,0.474179,12.2644,            29P   2434
219.795,0.498945,12.2644,219.78,0.523715,12.2644,219.779,             29P   2435
0.525242,12.2644,219.765,0.547295,12.2644,219.751,0.568725,           29P   2436
12.2644,219.738,0.590093,12.2644,219.727,0.607539,12.2644,            29P   2437
219.716,0.625152,12.2644,219.698,0.654939,12.2644,219.685,            29P   2438
0.676827,12.2644,219.672,0.698371,12.2644,219.666,0.707176,           29P   2439
12.2644,219.679,0.724828,12.4629,219.679,0.725623,12.4629,            29P   2440
219.678,0.726692,12.4629,219.676,0.727378,12.4629,219.674,            29P   2441
0.72759,12.4629,219.673,0.727127,12.4629,219.672,0.726359,            29P   2442
12.4629,219.671,0.725475,12.4629,219.67,0.723745,12.4629,             29P   2443
219.669,0.722313,12.4629,219.669,0.720964,12.4629,219.67,             29P   2444
0.720534,12.4629,219.67,0.719801,12.4629,219.67,0.719606,             29P   2445
12.4629,219.671,0.718548,12.4629,219.671,0.717655,12.4629,            29P   2446
219.672,0.716395,12.4629,219.672,0.715527,12.4629,219.672,            29P   2447
0.714656,12.4629,219.673,0.713828,12.4629,219.673,0.71294,            29P   2448
12.4629,219.673,0.712053,12.4629,219.674,0.710816,12.4629,            29P   2449
219.674,0.710117,12.4629,219.675,0.708785,12.4629,219.675,            29P   2450
0.708151,12.4629,219.676,0.707043,12.4629,219.676,0.706568,           29P   2451
12.4629,219.676,0.705382,12.4629,219.677,0.704671,12.4629,            29P   2452
219.679,0.699772,12.4629,219.681,0.695086,12.4629,219.683,            29P   2453
0.689776,12.4629,219.684,0.688044,12.4629,219.685,0.685668,           29P   2454
12.4629,219.686,0.683356,12.4629,219.687,0.681074,12.4629,            29P   2455
219.688,0.679293,12.4629,219.689,0.677342,12.4629,219.693,            29P   2456
0.667123,12.4629,219.698,0.657093,12.4629,219.702,0.647218,           29P   2457
12.4629,219.703,0.645574,12.4629,219.704,0.643286,12.4629,            29P   2458
219.705,0.641021,12.4629,219.706,0.638839,12.4629,219.707,            29P   2459
0.636899,12.4629,219.708,0.634793,12.4629,219.714,0.620468,           29P   2460
12.4629,219.721,0.606341,12.4629,219.727,0.592541,12.4629,            29P   2461
219.728,0.590836,12.4629,219.729,0.589299,12.4629,219.73,             29P   2462
0.587094,12.4629,219.731,0.584918,12.4629,219.732,0.582847,           29P   2463
12.4629,219.733,0.580683,12.4629,219.734,0.578663,12.4629,            29P   2464
219.735,0.576731,12.4629,219.743,0.558815,12.4629,219.752,            29P   2465
0.54056,12.4629,219.761,0.522351,12.4629,219.761,0.520688,            29P   2466
12.4629,219.762,0.519281,12.4629,219.763,0.517199,12.4629,            29P   2467
219.764,0.51507,12.4629,219.765,0.513155,12.4629,219.766,             29P   2468
0.510837,12.4629,219.767,0.508636,12.4629,219.768,0.506358,           29P   2469
12.4629,219.779,0.484054,12.4629,219.791,0.461442,12.4629,            29P   2470
219.802,0.438971,12.4629,219.803,0.437299,12.4629,219.803,            29P   2471
0.436013,12.4629,219.804,0.434051,12.4629,219.806,0.432022,           29P   2472
12.4629,219.806,0.430137,12.4629,219.808,0.427744,12.4629,            29P   2473
219.809,0.425326,12.4629,219.81,0.422844,12.4629,219.821,             29P   2474
0.401173,12.4629,219.833,0.378596,12.4629,219.845,0.355986,           29P   2475
12.4629,219.846,0.35384,12.4629,219.847,0.351092,12.4629,             29P   2476
219.849,0.348752,12.4629,219.85,0.345348,12.4629,219.852,             29P   2477
0.342694,12.4629,219.864,0.319762,12.4629,219.876,0.296805,           29P   2478
12.4629,219.889,0.274138,12.4629,219.89,0.271957,12.4629,             29P   2479
219.891,0.269892,12.4629,219.892,0.268153,12.4629,219.893,            29P   2480
0.26624,12.4629,219.895,0.263706,12.4629,219.896,0.260828,            29P   2481
12.4629,219.898,0.258055,12.4629,219.909,0.236882,12.4629,            29P   2482
219.922,0.214933,12.4629,219.934,0.193111,12.4629,219.935,            29P   2483
0.190883,12.4629,219.936,0.188977,12.4629,219.937,0.187336,           29P   2484
12.4629,219.938,0.185416,12.4629,219.94,0.182852,12.4629,             29P   2485
219.942,0.179792,12.4629,219.955,0.157411,12.4629,219.968,            29P   2486
0.134871,12.4629,219.981,0.112888,12.4629,219.982,0.110612,           29P   2487
12.4629,219.983,0.10849,12.4629,219.985,0.106198,12.4629,             29P   2488
219.987,0.102765,12.4629,219.989,0.0995488,12.4629,219.99,            29P   2489
0.0966061,12.4629,220.003,0.0760226,12.4629,220.016,0.0546644,        29P   2490
12.4629,220.029,0.0334896,12.4629,220.03,0.0311382,12.4629,           29P   2491
220.031,0.0294963,12.4629,220.032,0.0280437,12.4629,220.033,          29P   2492
0.0260863,12.4629,220.035,0.0234338,12.4629,220.037,0.0201102,        29P   2493
12.4629,220.039,0.017077,12.4629,220.051,-0.00323103,12.4629,         29P   2494
220.065,-0.024273,12.4629,220.078,-0.0449863,12.4629,220.08,          29P   2495
-0.0474105,12.4629,220.08,-0.048896,12.4629,220.081,-0.050321,        29P   2496
12.4629,220.083,-0.0522773,12.4629,220.084,-0.0549372,12.4629,        29P   2497
220.087,-0.0583368,12.4629,220.089,-0.061455,12.4629,220.102,         29P   2498
-0.0813039,12.4629,220.115,-0.101879,12.4629,220.129,-0.122076,       29P   2499
12.4629,220.131,-0.124556,12.4629,220.132,-0.125968,12.4629,          29P   2500
220.133,-0.12735,12.4629,220.134,-0.129315,12.4629,220.136,           29P   2501
-0.131982,12.4629,220.138,-0.135451,12.4629,220.141,-0.138656,        29P   2502
12.4629,220.154,-0.158068,12.4629,220.168,-0.178201,12.4629,          29P   2503
220.183,-0.198118,12.4629,220.185,-0.201311,12.4629,220.186,          29P   2504
-0.202973,12.4629,220.188,-0.204979,12.4629,220.19,-0.207664,         29P   2505
12.4629,220.192,-0.211181,12.4629,220.195,-0.214436,12.4629,          29P   2506
220.209,-0.233236,12.4629,220.224,-0.25307,12.4629,220.238,           29P   2507
-0.272403,12.4629,220.241,-0.275451,12.4629,220.242,-0.277066,        29P   2508
12.4629,220.244,-0.279074,12.4629,220.246,-0.281774,12.4629,          29P   2509
220.248,-0.285309,12.4629,220.251,-0.288571,12.4629,220.266,          29P   2510
-0.307454,12.4629,220.281,-0.326518,12.4629,220.296,-0.345259,        29P   2511
12.4629,220.299,-0.348033,12.4629,220.3,-0.349547,12.4629,            29P   2512
220.302,-0.351593,12.4629,220.304,-0.354286,12.4629,220.307,          29P   2513
-0.357816,12.4629,220.31,-0.361085,12.4629,220.325,-0.379731,         29P   2514
12.4629,220.341,-0.398355,12.4629,220.357,-0.416351,12.4629,          29P   2515
220.359,-0.418582,12.4629,220.361,-0.420041,12.4629,220.362,          29P   2516
-0.422089,12.4629,220.365,-0.42477,12.4629,220.368,-0.428281,         29P   2517
12.4629,220.371,-0.431508,12.4629,220.384,-0.446407,12.4629,          29P   2518
220.398,-0.460531,12.4629,220.411,-0.474112,12.4629,220.412,          29P   2519
-0.475625,12.4629,220.413,-0.477005,12.4629,220.415,-0.479084,        29P   2520
12.4629,220.418,-0.481759,12.4629,220.421,-0.485261,12.4629,          29P   2521
220.424,-0.488433,12.4629,220.435,-0.499856,12.4629,220.445,          29P   2522
-0.509988,12.4629,220.456,-0.520054,12.4629,220.457,-0.521351,        29P   2523
12.4629,220.459,-0.523472,12.4629,220.462,-0.526114,12.4629,          29P   2524
220.465,-0.529601,12.4629,220.469,-0.532682,12.4629,220.476,          29P   2525
-0.540211,12.4629,220.483,-0.546999,12.4629,220.491,-0.553722,        29P   2526
12.4629,220.493,-0.555903,12.4629,220.496,-0.558525,12.4629,          29P   2527
220.499,-0.561993,12.4629,220.503,-0.564943,12.4629,220.507,          29P   2528
-0.568792,12.4629,220.51,-0.57125,12.4629,220.512,-0.573208,          29P   2529
12.4629,220.512,-0.573183,12.4629,220.512,-0.57378,12.4629,           29P   2530
220.513,-0.574338,12.4629,220.514,-0.575277,12.4629,220.515,          29P   2531
-0.575668,12.4629,220.517,-0.576593,12.4629,220.519,-0.577028,        29P   2532
12.4629,220.521,-0.577407,12.4629,220.522,-0.577527,12.4629,          29P   2533
220.524,-0.577524,12.4629,220.525,-0.577449,12.4629,220.526,          29P   2534
-0.577235,12.4629,220.528,-0.576871,12.4629,220.53,-0.576106,         29P   2535
12.4629,220.531,-0.575689,12.4629,220.532,-0.575096,12.4629,          29P   2536
220.532,-0.574754,12.4629,220.534,-0.573885,12.4629,220.534,          29P   2537
-0.573138,12.4629,220.536,-0.571623,12.4629,220.537,-0.570113,        29P   2538
12.4629,220.538,-0.568125,12.4629,220.539,-0.565924,12.4629,          29P   2539
220.54,-0.563632,12.4629,220.54,-0.561142,12.4629,220.54,             29P   2540
-0.559726,12.4629,220.54,-0.558576,12.4629,220.54,-0.557525,          29P   2541
12.4629,220.54,-0.555659,12.4629,220.539,-0.553654,12.4629,           29P   2542
220.538,-0.551102,12.4629,220.537,-0.548952,12.4629,220.535,          29P   2543
-0.547505,12.4629,220.534,-0.546713,12.4629,220.534,-0.546357,        29P   2544
12.4629,220.533,-0.545651,12.4629,220.533,-0.54502,12.4629,           29P   2545
220.532,-0.544373,12.4629,220.531,-0.543759,12.4629,220.531,          29P   2546
-0.543437,12.4629,220.53,-0.541994,12.4629,220.529,-0.540878,         29P   2547
12.4629,220.527,-0.539023,12.4629,220.526,-0.538284,12.4629,          29P   2548
220.524,-0.536226,12.4629,220.523,-0.534908,12.4629,220.521,          29P   2549
-0.532799,12.4629,220.519,-0.530822,12.4629,220.517,-0.528841,        29P   2550
12.4629,220.515,-0.526761,12.4629,220.514,-0.525374,12.4629,          29P   2551
220.512,-0.52314,12.4629,220.511,-0.521793,12.4629,220.509,           29P   2552
-0.520382,12.4629,220.508,-0.519508,12.4629,220.508,-0.518634,        29P   2553
12.4629,220.506,-0.517242,12.4629,220.504,-0.514864,12.4629,          29P   2554
220.5,-0.510526,12.4629,220.495,-0.505048,12.4629,220.491,            29P   2555
-0.500009,12.4629,220.486,-0.495173,12.4629,220.483,-0.492082,        29P   2556
12.4629,220.481,-0.489236,12.4629,220.479,-0.48691,12.4629,           29P   2557
220.476,-0.484051,12.4629,220.473,-0.48057,12.4629,220.469,           29P   2558
-0.476432,12.4629,220.465,-0.471119,12.4629,220.46,-0.466168,         29P   2559
12.4629,220.453,-0.457178,12.4629,220.446,-0.44988,12.4629,           29P   2560
220.44,-0.442803,12.4629,220.438,-0.44049,12.4629,220.436,            29P   2561
-0.43792,12.4629,220.434,-0.435677,12.4629,220.432,-0.433485,         29P   2562
12.4629,220.429,-0.430259,12.4629,220.425,-0.425164,12.4629,          29P   2563
220.421,-0.420396,12.4629,220.41,-0.407071,12.4629,220.4,             29P   2564
-0.395317,12.4629,220.391,-0.383748,12.4629,220.389,-0.38143,         29P   2565
12.4629,220.387,-0.378616,12.4629,220.384,-0.3753,12.4629,            29P   2566
220.381,-0.371525,12.4629,220.377,-0.366703,12.4629,220.374,          29P   2567
-0.362173,12.4629,220.359,-0.344284,12.4629,220.346,-0.327814,        29P   2568
12.4629,220.334,-0.311471,12.4629,220.331,-0.308115,12.4629,          29P   2569
220.329,-0.304953,12.4629,220.326,-0.301764,12.4629,220.325,          29P   2570
-0.299343,12.4629,220.322,-0.295291,12.4629,220.318,-0.291048,        29P   2571
12.4629,220.304,-0.272404,12.4629,220.291,-0.25447,12.4629,           29P   2572
220.278,-0.236203,12.4629,220.275,-0.232878,12.4629,220.273,          29P   2573
-0.230383,12.4629,220.272,-0.228446,12.4629,220.27,-0.226304,         29P   2574
12.4629,220.268,-0.222623,12.4629,220.265,-0.2187,12.4629,            29P   2575
220.251,-0.199361,12.4629,220.238,-0.181182,12.4629,220.225,          29P   2576
-0.163151,12.4629,220.224,-0.160941,12.4629,220.222,-0.15837,         29P   2577
12.4629,220.22,-0.156042,12.4629,220.219,-0.154208,12.4629,           29P   2578
220.218,-0.152318,12.4629,220.215,-0.14894,12.4629,220.213,           29P   2579
-0.145405,12.4629,220.199,-0.125342,12.4629,220.186,-0.106277,        29P   2580
12.4629,220.174,-0.0873578,12.4629,220.172,-0.0852073,12.4629,        29P   2581
220.17,-0.0827881,12.4629,220.169,-0.0800984,12.4629,220.167,         29P   2582
-0.0775173,12.4629,220.165,-0.0742437,12.4629,220.163,                29P   2583
-0.0710852,12.4629,220.149,-0.0503134,12.4629,220.136,-0.03045,       29P   2584
12.4629,220.123,-0.0106533,12.4629,220.121,-0.00770731,12.4629,       29P   2585
220.119,-0.0047499,12.4629,220.117,-0.00157292,12.4629,220.115,       29P   2586
0.00127685,12.4629,220.114,0.00405128,12.4629,220.1,0.0255609,        29P   2587
12.4629,220.087,0.0463263,12.4629,220.074,0.0669386,12.4629,          29P   2588
220.073,0.0688386,12.4629,220.071,0.0709403,12.4629,220.07,           29P   2589
0.073232,12.4629,220.069,0.0751818,12.4629,220.067,0.0776464,         29P   2590
12.4629,220.066,0.0800024,12.4629,220.052,0.102114,12.4629,           29P   2591
220.038,0.123531,12.4629,220.025,0.144849,12.4629,220.024,            29P   2592
0.146633,12.4629,220.023,0.148516,12.4629,220.021,0.150599,           29P   2593
12.4629,220.02,0.152225,12.4629,220.019,0.154317,12.4629,             29P   2594
220.018,0.156266,12.4629,220.004,0.178939,12.4629,219.99,             29P   2595
0.201054,12.4629,219.977,0.223098,12.4629,219.976,0.22471,            29P   2596
12.4629,219.975,0.225971,12.4629,219.974,0.227203,12.4629,            29P   2597
219.973,0.228516,12.4629,219.972,0.230647,12.4629,219.971,            29P   2598
0.232841,12.4629,219.956,0.256367,12.4629,219.942,0.279154,           29P   2599
12.4629,219.929,0.301865,12.4629,219.928,0.303127,12.4629,            29P   2600
219.927,0.304329,12.4629,219.926,0.305898,12.4629,219.925,            29P   2601
0.308184,12.4629,219.91,0.332547,12.4629,219.895,0.357157,            29P   2602
12.4629,219.881,0.38105,12.4629,219.88,0.382582,12.4629,219.879,      29P   2603
0.383769,12.4629,219.878,0.385545,12.4629,219.863,0.410387,           29P   2604
12.4629,219.848,0.435497,12.4629,219.834,0.45992,12.4629,             29P   2605
219.833,0.461318,12.4629,219.832,0.462582,12.4629,219.831,            29P   2606
0.463914,12.4629,219.816,0.48915,12.4629,219.801,0.514232,            29P   2607
12.4629,219.786,0.539376,12.4629,219.786,0.540926,12.4629,            29P   2608
219.773,0.562487,12.4629,219.76,0.584258,12.4629,219.748,             29P   2609
0.605906,12.4629,219.737,0.623752,12.4629,219.727,0.641684,           29P   2610
12.4629,219.71,0.671802,12.4629,219.697,0.694091,12.4629,             29P   2611
219.684,0.71587,12.4629,219.679,0.724828,12.4629,219.663,             29P   2612
0.741996,12.5847,219.662,0.742926,12.5847,219.661,0.743963,           29P   2613
12.5847,219.659,0.744456,12.5847,219.658,0.744521,12.5847,            29P   2614
219.656,0.744076,12.5847,219.655,0.743156,12.5847,219.654,            29P   2615
0.742057,12.5847,219.654,0.740277,12.5847,219.654,0.738944,           29P   2616
12.5847,219.654,0.737537,12.5847,219.654,0.737017,12.5847,            29P   2617
219.655,0.736164,12.5847,219.655,0.735881,12.5847,219.655,            29P   2618
0.734797,12.5847,219.656,0.733987,12.5847,219.656,0.732763,           29P   2619
12.5847,219.657,0.731862,12.5847,219.657,0.73096,12.5847,             29P   2620
219.657,0.730116,12.5847,219.658,0.72921,12.5847,219.658,             29P   2621
0.728304,12.5847,219.659,0.727044,12.5847,219.659,0.726332,           29P   2622
12.5847,219.66,0.724973,12.5847,219.66,0.724328,12.5847,219.66,       29P   2623
0.723199,12.5847,219.661,0.722715,12.5847,219.661,0.721507,           29P   2624
12.5847,219.661,0.720782,12.5847,219.663,0.715792,12.5847,            29P   2625
219.666,0.711019,12.5847,219.668,0.705611,12.5847,219.669,            29P   2626
0.703848,12.5847,219.67,0.701428,12.5847,219.671,0.699075,            29P   2627
12.5847,219.672,0.696751,12.5847,219.672,0.694938,12.5847,            29P   2628
219.673,0.692952,12.5847,219.678,0.682549,12.5847,219.682,            29P   2629
0.672338,12.5847,219.687,0.662278,12.5847,219.688,0.660604,           29P   2630
12.5847,219.689,0.658273,12.5847,219.69,0.655965,12.5847,             29P   2631
219.691,0.653741,12.5847,219.691,0.651764,12.5847,219.692,            29P   2632
0.649617,12.5847,219.699,0.635015,12.5847,219.705,0.620607,           29P   2633
12.5847,219.712,0.606545,12.5847,219.713,0.604807,12.5847,            29P   2634
219.713,0.603241,12.5847,219.714,0.600994,12.5847,219.715,            29P   2635
0.598777,12.5847,219.716,0.596668,12.5847,219.717,0.594463,           29P   2636
12.5847,219.718,0.592405,12.5847,219.719,0.590437,12.5847,            29P   2637
219.728,0.57219,12.5847,219.736,0.553608,12.5847,219.745,             29P   2638
0.535057,12.5847,219.746,0.533363,12.5847,219.746,0.531929,           29P   2639
12.5847,219.747,0.529808,12.5847,219.748,0.527638,12.5847,            29P   2640
219.749,0.525686,12.5847,219.75,0.523324,12.5847,219.752,             29P   2641
0.52108,12.5847,219.753,0.518758,12.5847,219.763,0.496021,            29P   2642
12.5847,219.775,0.472951,12.5847,219.786,0.450039,12.5847,            29P   2643
219.787,0.448334,12.5847,219.787,0.447023,12.5847,219.788,            29P   2644
0.445023,12.5847,219.789,0.442954,12.5847,219.79,0.441033,            29P   2645
12.5847,219.792,0.438593,12.5847,219.793,0.436129,12.5847,            29P   2646
219.794,0.433599,12.5847,219.805,0.41131,12.5847,219.817,             29P   2647
0.388296,12.5847,219.829,0.365247,12.5847,219.83,0.363059,            29P   2648
12.5847,219.831,0.360464,12.5847,219.832,0.358078,12.5847,            29P   2649
219.834,0.354608,12.5847,219.836,0.351902,12.5847,219.848,            29P   2650
0.328355,12.5847,219.86,0.304927,12.5847,219.873,0.281812,            29P   2651
12.5847,219.874,0.279589,12.5847,219.875,0.277654,12.5847,            29P   2652
219.876,0.275881,12.5847,219.877,0.27393,12.5847,219.878,             29P   2653
0.271346,12.5847,219.88,0.268412,12.5847,219.881,0.265584,            29P   2654
12.5847,219.893,0.243869,12.5847,219.905,0.221487,12.5847,            29P   2655
219.918,0.199241,12.5847,219.919,0.19697,12.5847,219.92,              29P   2656
0.195162,12.5847,219.921,0.193489,12.5847,219.922,0.191531,           29P   2657
12.5847,219.924,0.188918,12.5847,219.925,0.185798,12.5847,            29P   2658
219.938,0.162873,12.5847,219.951,0.139882,12.5847,219.964,            29P   2659
0.117461,12.5847,219.966,0.115139,12.5847,219.967,0.113089,           29P   2660
12.5847,219.968,0.110751,12.5847,219.97,0.10725,12.5847,219.972,      29P   2661
0.103969,12.5847,219.974,0.100968,12.5847,219.986,0.0798848,          29P   2662
12.5847,219.999,0.0581051,12.5847,220.012,0.0365713,12.5847,          29P   2663
220.014,0.0341807,12.5847,220.015,0.0326076,12.5847,220.016,          29P   2664
0.0311312,12.5847,220.017,0.0291419,12.5847,220.019,0.0264466,        29P   2665
12.5847,220.021,0.0230706,12.5847,220.023,0.0199908,12.5847,          29P   2666
220.035,-0.000665933,12.5847,220.049,-0.0219585,12.5847,220.063,      29P   2667
-0.0427864,12.5847,220.064,-0.0452225,12.5847,220.065,                29P   2668
-0.0466707,12.5847,220.066,-0.048102,12.5847,220.068,-0.0500663,      29P   2669
12.5847,220.069,-0.052736,12.5847,220.072,-0.0561458,12.5847,         29P   2670
220.074,-0.0592709,12.5847,220.087,-0.0791891,12.5847,220.102,        29P   2671
-0.0996781,12.5847,220.117,-0.119638,12.5847,220.119,-0.122087,       29P   2672
12.5847,220.12,-0.123443,12.5847,220.121,-0.124806,12.5847,           29P   2673
220.122,-0.126745,12.5847,220.124,-0.129374,12.5847,220.127,          29P   2674
-0.132791,12.5847,220.129,-0.135944,12.5847,220.143,-0.155075,        29P   2675
12.5847,220.159,-0.174724,12.5847,220.175,-0.193979,12.5847,          29P   2676
220.177,-0.197061,12.5847,220.178,-0.198643,12.5847,220.18,           29P   2677
-0.200553,12.5847,220.182,-0.20314,12.5847,220.185,-0.206527,         29P   2678
12.5847,220.188,-0.209656,12.5847,220.203,-0.227839,12.5847,          29P   2679
220.22,-0.246719,12.5847,220.236,-0.26488,12.5847,220.239,            29P   2680
-0.267739,12.5847,220.24,-0.269122,12.5847,220.242,-0.271004,         29P   2681
12.5847,220.244,-0.27353,12.5847,220.248,-0.276833,12.5847,           29P   2682
220.25,-0.279875,12.5847,220.267,-0.297441,12.5847,220.284,           29P   2683
-0.314968,12.5847,220.302,-0.331941,12.5847,220.305,-0.334448,        29P   2684
12.5847,220.306,-0.335858,12.5847,220.308,-0.337681,12.5847,          29P   2685
220.311,-0.340108,12.5847,220.314,-0.343283,12.5847,220.317,          29P   2686
-0.346216,12.5847,220.335,-0.362954,12.5847,220.354,-0.379368,        29P   2687
12.5847,220.372,-0.394926,12.5847,220.374,-0.396852,12.5847,          29P   2688
220.376,-0.398074,12.5847,220.378,-0.399839,12.5847,220.381,          29P   2689
-0.402143,12.5847,220.384,-0.405154,12.5847,220.388,-0.407913,        29P   2690
12.5847,220.403,-0.420623,12.5847,220.419,-0.432471,12.5847,          29P   2691
220.434,-0.443648,12.5847,220.435,-0.444892,12.5847,220.437,          29P   2692
-0.446024,12.5847,220.439,-0.447728,12.5847,220.442,-0.449915,        29P   2693
12.5847,220.446,-0.45277,12.5847,220.45,-0.455346,12.5847,            29P   2694
220.463,-0.464622,12.5847,220.474,-0.472695,12.5847,220.486,          29P   2695
-0.480589,12.5847,220.488,-0.48158,12.5847,220.49,-0.483238,          29P   2696
12.5847,220.493,-0.485298,12.5847,220.498,-0.488007,12.5847,          29P   2697
220.501,-0.49039,12.5847,220.51,-0.496131,12.5847,220.519,            29P   2698
-0.501324,12.5847,220.527,-0.5064,12.5847,220.53,-0.508101,           29P   2699
12.5847,220.533,-0.510056,12.5847,220.537,-0.512651,12.5847,          29P   2700
220.541,-0.514849,12.5847,220.546,-0.517627,12.5847,220.549,          29P   2701
-0.519367,12.5847,220.551,-0.520811,12.5847,220.551,-0.520868,        29P   2702
12.5847,220.552,-0.521382,12.5847,220.553,-0.521812,12.5847,          29P   2703
220.555,-0.522589,12.5847,220.555,-0.522942,12.5847,220.558,          29P   2704
-0.523806,12.5847,220.559,-0.524213,12.5847,220.561,-0.524601,        29P   2705
12.5847,220.562,-0.52474,12.5847,220.564,-0.524778,12.5847,           29P   2706
220.565,-0.524734,12.5847,220.567,-0.524585,12.5847,220.568,          29P   2707
-0.524292,12.5847,220.57,-0.523605,12.5847,220.571,-0.523215,         29P   2708
12.5847,220.572,-0.522649,12.5847,220.573,-0.522318,12.5847,          29P   2709
220.574,-0.521459,12.5847,220.575,-0.520601,12.5847,220.577,          29P   2710
-0.519065,12.5847,220.578,-0.517558,12.5847,220.579,-0.515836,        29P   2711
12.5847,220.58,-0.513647,12.5847,220.581,-0.511357,12.5847,           29P   2712
220.581,-0.508944,12.5847,220.581,-0.507519,12.5847,220.581,          29P   2713
-0.506358,12.5847,220.581,-0.505085,12.5847,220.581,-0.50319,         29P   2714
12.5847,220.58,-0.501132,12.5847,220.579,-0.498499,12.5847,           29P   2715
220.578,-0.496286,12.5847,220.577,-0.494786,12.5847,220.576,          29P   2716
-0.493905,12.5847,220.575,-0.493456,12.5847,220.574,-0.49268,         29P   2717
12.5847,220.574,-0.492069,12.5847,220.573,-0.491498,12.5847,          29P   2718
220.572,-0.490985,12.5847,220.572,-0.490729,12.5847,220.57,           29P   2719
-0.48965,12.5847,220.569,-0.488813,12.5847,220.567,-0.487419,         29P   2720
12.5847,220.566,-0.486864,12.5847,220.564,-0.485317,12.5847,          29P   2721
220.562,-0.484322,12.5847,220.56,-0.482728,12.5847,220.558,           29P   2722
-0.48123,12.5847,220.555,-0.479726,12.5847,220.553,-0.478144,         29P   2723
12.5847,220.551,-0.477089,12.5847,220.549,-0.475385,12.5847,          29P   2724
220.547,-0.474354,12.5847,220.546,-0.473272,12.5847,220.545,          29P   2725
-0.472598,12.5847,220.544,-0.471923,12.5847,220.542,-0.470849,        29P   2726
12.5847,220.54,-0.469015,12.5847,220.535,-0.465658,12.5847,           29P   2727
220.529,-0.461395,12.5847,220.523,-0.457448,12.5847,220.518,          29P   2728
-0.453663,12.5847,220.515,-0.451222,12.5847,220.512,-0.448967,        29P   2729
12.5847,220.509,-0.447039,12.5847,220.506,-0.444765,12.5847,          29P   2730
220.502,-0.441986,12.5847,220.498,-0.438739,12.5847,220.493,          29P   2731
-0.434471,12.5847,220.487,-0.430472,12.5847,220.478,-0.423205,        29P   2732
12.5847,220.47,-0.417235,12.5847,220.463,-0.411397,12.5847,           29P   2733
220.461,-0.409462,12.5847,220.458,-0.407334,12.5847,220.456,          29P   2734
-0.405471,12.5847,220.454,-0.403649,12.5847,220.45,-0.400962,         29P   2735
12.5847,220.445,-0.396703,12.5847,220.441,-0.392698,12.5847,          29P   2736
220.427,-0.38147,12.5847,220.416,-0.371431,12.5847,220.405,           29P   2737
-0.361439,12.5847,220.403,-0.35943,12.5847,220.4,-0.356926,           29P   2738
12.5847,220.397,-0.354047,12.5847,220.393,-0.350763,12.5847,          29P   2739
220.388,-0.346626,12.5847,220.384,-0.342661,12.5847,220.367,          29P   2740
-0.326956,12.5847,220.352,-0.312298,12.5847,220.338,-0.297566,        29P   2741
12.5847,220.335,-0.294548,12.5847,220.332,-0.291688,12.5847,          29P   2742
220.329,-0.288799,12.5847,220.327,-0.286603,12.5847,220.323,          29P   2743
-0.282924,12.5847,220.32,-0.279059,12.5847,220.303,-0.261992,         29P   2744
12.5847,220.288,-0.245418,12.5847,220.273,-0.228339,12.5847,          29P   2745
220.27,-0.225282,12.5847,220.268,-0.222943,12.5847,220.267,           29P   2746
-0.221125,12.5847,220.265,-0.219114,12.5847,220.262,-0.215654,        29P   2747
12.5847,220.259,-0.211959,12.5847,220.243,-0.193636,12.5847,          29P   2748
220.228,-0.176308,12.5847,220.214,-0.158979,12.5847,220.213,          29P   2749
-0.156937,12.5847,220.211,-0.154464,12.5847,220.209,-0.152222,        29P   2750
12.5847,220.208,-0.150455,12.5847,220.206,-0.148633,12.5847,          29P   2751
220.203,-0.145375,12.5847,220.201,-0.141961,12.5847,220.185,          29P   2752
-0.122464,12.5847,220.171,-0.103881,12.5847,220.158,-0.0852975,       29P   2753
12.5847,220.156,-0.0832877,12.5847,220.154,-0.0808221,12.5847,        29P   2754
220.152,-0.0781753,12.5847,220.15,-0.0756336,12.5847,220.148,         29P   2755
-0.0724956,12.5847,220.146,-0.0693806,12.5847,220.131,                29P   2756
-0.0487618,12.5847,220.117,-0.029012,12.5847,220.104,                 29P   2757
-0.00921714,12.5847,220.102,-0.00642584,12.5847,220.1,                29P   2758
-0.00346614,12.5847,220.098,-0.000284308,12.5847,220.096,             29P   2759
0.00260678,12.5847,220.094,0.00538846,12.5847,220.08,0.0271063,       29P   2760
12.5847,220.066,0.0480591,12.5847,220.053,0.0689386,12.5847,          29P   2761
220.052,0.0707208,12.5847,220.051,0.072726,12.5847,220.049,           29P   2762
0.0750489,12.5847,220.048,0.0770257,12.5847,220.046,0.0796496,        29P   2763
12.5847,220.045,0.0820394,12.5847,220.031,0.104639,12.5847,           29P   2764
220.017,0.126437,12.5847,220.004,0.148143,12.5847,220.003,            29P   2765
0.149795,12.5847,220.002,0.151519,12.5847,220.,0.15364,12.5847,       29P   2766
219.999,0.155297,12.5847,219.998,0.157618,12.5847,219.997,            29P   2767
0.159603,12.5847,219.982,0.182866,12.5847,219.969,0.205391,           29P   2768
12.5847,219.955,0.227858,12.5847,219.954,0.229323,12.5847,            29P   2769
219.954,0.230609,12.5847,219.953,0.231865,12.5847,219.952,            29P   2770
0.233203,12.5847,219.951,0.235375,12.5847,219.949,0.237612,           29P   2771
12.5847,219.935,0.26153,12.5847,219.921,0.284778,12.5847,             29P   2772
219.907,0.307986,12.5847,219.906,0.309367,12.5847,219.906,            29P   2773
0.310662,12.5847,219.905,0.312265,12.5847,219.903,0.31451,            29P   2774
12.5847,219.889,0.339581,12.5847,219.874,0.364775,12.5847,            29P   2775
219.86,0.38923,12.5847,219.859,0.390656,12.5847,219.858,              29P   2776
0.391846,12.5847,219.857,0.393663,12.5847,219.842,0.419214,           29P   2777
12.5847,219.827,0.444914,12.5847,219.813,0.469904,12.5847,            29P   2778
219.812,0.471228,12.5847,219.812,0.472505,12.5847,219.811,            29P   2779
0.47391,12.5847,219.796,0.499724,12.5847,219.781,0.525573,            29P   2780
12.5847,219.767,0.551387,12.5847,219.766,0.552979,12.5847,            29P   2781
219.754,0.575319,12.5847,219.741,0.597681,12.5847,219.729,            29P   2782
0.619924,12.5847,219.719,0.63813,12.5847,219.709,0.65653,             29P   2783
12.5847,219.692,0.68757,12.5847,219.68,0.710412,12.5847,219.668,      29P   2784
0.732825,12.5847,219.663,0.741996,12.5847,219.649,0.7524,12.65,       29P   2785
219.648,0.753433,12.65,219.647,0.754441,12.65,219.645,0.754799,       29P   2786
12.65,219.644,0.754766,12.65,219.643,0.754371,12.65,219.641,          29P   2787
0.753365,12.65,219.641,0.752135,12.65,219.64,0.750369,12.65,          29P   2788
219.64,0.749148,12.65,219.641,0.747701,12.65,219.641,0.747102,        29P   2789
12.65,219.642,0.746136,12.65,219.642,0.745768,12.65,219.642,          29P   2790
0.744633,12.65,219.643,0.743865,12.65,219.643,0.742676,12.65,         29P   2791
219.643,0.741762,12.65,219.644,0.740849,12.65,219.644,0.739994,       29P   2792
12.65,219.645,0.739076,12.65,219.645,0.738158,12.65,219.645,          29P   2793
0.736881,12.65,219.646,0.736159,12.65,219.646,0.734783,12.65,         29P   2794
219.647,0.734129,12.65,219.647,0.732985,12.65,219.647,0.732495,       29P   2795
12.65,219.648,0.731271,12.65,219.648,0.730537,12.65,219.65,           29P   2796
0.725481,12.65,219.652,0.720646,12.65,219.655,0.71517,12.65,          29P   2797
219.655,0.713384,12.65,219.656,0.710934,12.65,219.658,0.708552,       29P   2798
12.65,219.659,0.706199,12.65,219.659,0.704364,12.65,219.66,           29P   2799
0.702352,12.65,219.665,0.691821,12.65,219.669,0.681485,12.65,         29P   2800
219.674,0.671295,12.65,219.674,0.669599,12.65,219.675,0.667238,       29P   2801
12.65,219.676,0.6649,12.65,219.677,0.662646,12.65,219.678,            29P   2802
0.660643,12.65,219.679,0.658467,12.65,219.686,0.643671,12.65,         29P   2803
219.692,0.629064,12.65,219.699,0.614817,12.65,219.699,0.613057,       29P   2804
12.65,219.7,0.611471,12.65,219.701,0.609194,12.65,219.702,            29P   2805
0.606949,12.65,219.703,0.604813,12.65,219.704,0.602581,12.65,         29P   2806
219.705,0.600497,12.65,219.706,0.598504,12.65,219.714,0.580028,       29P   2807
12.65,219.723,0.561225,12.65,219.732,0.54244,12.65,219.733,           29P   2808
0.540725,12.65,219.733,0.539272,12.65,219.734,0.537124,12.65,         29P   2809
219.735,0.534927,12.65,219.736,0.53295,12.65,219.737,0.530557,        29P   2810
12.65,219.738,0.528285,12.65,219.74,0.525932,12.65,219.75,            29P   2811
0.5029,12.65,219.762,0.479517,12.65,219.773,0.456306,12.65,           29P   2812
219.774,0.454579,12.65,219.774,0.453251,12.65,219.775,0.451225,       29P   2813
12.65,219.776,0.449129,12.65,219.777,0.447184,12.65,219.779,          29P   2814
0.444713,12.65,219.78,0.442216,12.65,219.781,0.439654,12.65,          29P   2815
219.792,0.416913,12.65,219.804,0.393605,12.65,219.816,0.370264,       29P   2816
12.65,219.817,0.368049,12.65,219.818,0.365597,12.65,219.82,           29P   2817
0.363181,12.65,219.821,0.359666,12.65,219.823,0.356926,12.65,         29P   2818
219.835,0.33294,12.65,219.847,0.309202,12.65,219.86,0.285797,         29P   2819
12.65,219.861,0.283546,12.65,219.862,0.281732,12.65,219.863,          29P   2820
0.279936,12.65,219.864,0.277961,12.65,219.865,0.275345,12.65,         29P   2821
219.867,0.272374,12.65,219.869,0.269511,12.65,219.88,0.247418,        29P   2822
12.65,219.893,0.224757,12.65,219.905,0.202242,12.65,219.907,          29P   2823
0.199943,12.65,219.908,0.198228,12.65,219.909,0.196535,12.65,         29P   2824
219.91,0.194553,12.65,219.911,0.191908,12.65,219.913,0.18875,         29P   2825
12.65,219.926,0.165456,12.65,219.939,0.142182,12.65,219.952,          29P   2826
0.119488,12.65,219.954,0.117138,12.65,219.955,0.115159,12.65,         29P   2827
219.956,0.112793,12.65,219.958,0.109249,12.65,219.96,0.105929,        29P   2828
12.65,219.962,0.102891,12.65,219.974,0.0814776,12.65,219.987,         29P   2829
0.0594387,12.65,220.001,0.037695,12.65,220.002,0.0352816,12.65,       29P   2830
220.003,0.0337756,12.65,220.004,0.0322853,12.65,220.005,              29P   2831
0.0302776,12.65,220.007,0.0275578,12.65,220.009,0.0241519,12.65,      29P   2832
220.011,0.0210457,12.65,220.024,0.000180599,12.65,220.038,            29P   2833
-0.0212395,12.65,220.052,-0.0420962,12.65,220.054,-0.0445346,         29P   2834
12.65,220.055,-0.0459458,12.65,220.056,-0.0473779,12.65,220.057,      29P   2835
-0.0493429,12.65,220.059,-0.0520127,12.65,220.061,-0.0554209,         29P   2836
12.65,220.064,-0.0585428,12.65,220.078,-0.078464,12.65,220.093,       29P   2837
-0.0988362,12.65,220.108,-0.118568,12.65,220.11,-0.120988,12.65,      29P   2838
220.111,-0.122294,12.65,220.112,-0.12364,12.65,220.114,               29P   2839
-0.125554,12.65,220.116,-0.128148,12.65,220.119,-0.131518,12.65,      29P   2840
220.121,-0.134624,12.65,220.137,-0.153481,12.65,220.153,              29P   2841
-0.172719,12.65,220.17,-0.191436,12.65,220.173,-0.19443,12.65,        29P   2842
220.174,-0.195946,12.65,220.176,-0.197799,12.65,220.178,              29P   2843
-0.200308,12.65,220.181,-0.20359,12.65,220.184,-0.206618,12.65,       29P   2844
220.2,-0.224319,12.65,220.218,-0.242456,12.65,220.236,-0.259712,      29P   2845
12.65,220.239,-0.262425,12.65,220.241,-0.263616,12.65,220.242,        29P   2846
-0.2654,12.65,220.245,-0.267793,12.65,220.248,-0.270917,12.65,        29P   2847
220.251,-0.27379,12.65,220.269,-0.290322,12.65,220.288,               29P   2848
-0.306676,12.65,220.308,-0.322312,12.65,220.31,-0.324618,12.65,       29P   2849
220.312,-0.325954,12.65,220.314,-0.327628,12.65,220.317,              29P   2850
-0.329854,12.65,220.321,-0.33276,12.65,220.324,-0.335441,12.65,       29P   2851
220.344,-0.350746,12.65,220.364,-0.365507,12.65,220.385,              29P   2852
-0.379252,12.65,220.387,-0.380951,12.65,220.389,-0.381993,12.65,      29P   2853
220.391,-0.383546,12.65,220.394,-0.385571,12.65,220.398,              29P   2854
-0.38821,12.65,220.402,-0.390622,12.65,220.419,-0.401709,12.65,       29P   2855
220.436,-0.411875,12.65,220.453,-0.421281,12.65,220.454,              29P   2856
-0.422327,12.65,220.456,-0.423276,12.65,220.459,-0.424704,12.65,      29P   2857
220.462,-0.426532,12.65,220.466,-0.428911,12.65,220.47,               29P   2858
-0.431048,12.65,220.485,-0.438736,12.65,220.498,-0.445299,12.65,      29P   2859
220.511,-0.451601,12.65,220.512,-0.452376,12.65,220.515,              29P   2860
-0.453695,12.65,220.518,-0.455329,12.65,220.523,-0.457469,12.65,      29P   2861
220.527,-0.459342,12.65,220.537,-0.46376,12.65,220.546,-0.46779,      29P   2862
12.65,220.555,-0.471665,12.65,220.559,-0.473034,12.65,220.562,        29P   2863
-0.474503,12.65,220.567,-0.476463,12.65,220.571,-0.478113,12.65,      29P   2864
220.576,-0.48009,12.65,220.579,-0.481286,12.65,220.582,               29P   2865
-0.482355,12.65,220.582,-0.482492,12.65,220.583,-0.482964,12.65,      29P   2866
220.584,-0.483296,12.65,220.586,-0.483953,12.65,220.587,              29P   2867
-0.484277,12.65,220.589,-0.485097,12.65,220.59,-0.485484,12.65,       29P   2868
220.592,-0.485879,12.65,220.594,-0.486034,12.65,220.595,              29P   2869
-0.486106,12.65,220.596,-0.486086,12.65,220.598,-0.48599,12.65,       29P   2870
220.599,-0.485755,12.65,220.601,-0.485134,12.65,220.602,              29P   2871
-0.484767,12.65,220.603,-0.484227,12.65,220.604,-0.483907,12.65,      29P   2872
220.605,-0.48306,12.65,220.607,-0.48211,12.65,220.608,-0.480563,      29P   2873
12.65,220.61,-0.479065,12.65,220.611,-0.47757,12.65,220.612,          29P   2874
-0.475398,12.65,220.613,-0.473114,12.65,220.613,-0.470785,12.65,      29P   2875
220.613,-0.469356,12.65,220.613,-0.468188,12.65,220.613,              29P   2876
-0.466724,12.65,220.613,-0.464806,12.65,220.612,-0.462705,12.65,      29P   2877
220.611,-0.460004,12.65,220.61,-0.457736,12.65,220.609,               29P   2878
-0.456185,12.65,220.608,-0.455224,12.65,220.608,-0.454692,12.65,      29P   2879
220.607,-0.45385,12.65,220.606,-0.453251,12.65,220.605,               29P   2880
-0.452735,12.65,220.604,-0.452293,12.65,220.604,-0.452085,12.65,      29P   2881
220.602,-0.451269,12.65,220.601,-0.450635,12.65,220.598,              29P   2882
-0.449577,12.65,220.597,-0.449154,12.65,220.595,-0.447975,12.65,      29P   2883
220.593,-0.447215,12.65,220.59,-0.445994,12.65,220.588,               29P   2884
-0.444845,12.65,220.585,-0.443686,12.65,220.583,-0.442464,12.65,      29P   2885
220.581,-0.441648,12.65,220.578,-0.440325,12.65,220.577,              29P   2886
-0.439523,12.65,220.575,-0.438679,12.65,220.574,-0.438154,12.65,      29P   2887
220.573,-0.437626,12.65,220.571,-0.436785,12.65,220.568,              29P   2888
-0.435348,12.65,220.563,-0.432703,12.65,220.556,-0.429324,12.65,      29P   2889
220.55,-0.426173,12.65,220.544,-0.423157,12.65,220.54,-0.421189,      29P   2890
12.65,220.537,-0.419365,12.65,220.534,-0.417721,12.65,220.53,         29P   2891
-0.415872,12.65,220.526,-0.413607,12.65,220.521,-0.411012,12.65,      29P   2892
220.515,-0.407505,12.65,220.509,-0.404202,12.65,220.499,              29P   2893
-0.398199,12.65,220.49,-0.393201,12.65,220.482,-0.38827,12.65,        29P   2894
220.48,-0.386606,12.65,220.477,-0.384802,12.65,220.474,               29P   2895
-0.383218,12.65,220.472,-0.381668,12.65,220.468,-0.379376,12.65,      29P   2896
220.462,-0.37573,12.65,220.457,-0.372285,12.65,220.442,               29P   2897
-0.362598,12.65,220.429,-0.353821,12.65,220.417,-0.344993,12.65,      29P   2898
220.415,-0.34321,12.65,220.411,-0.340934,12.65,220.408,               29P   2899
-0.338377,12.65,220.404,-0.335455,12.65,220.399,-0.331826,12.65,      29P   2900
220.394,-0.32828,12.65,220.376,-0.31419,12.65,220.359,-0.300879,      29P   2901
12.65,220.343,-0.28735,12.65,220.34,-0.284585,12.65,220.336,          29P   2902
-0.281951,12.65,220.333,-0.279286,12.65,220.331,-0.277259,12.65,      29P   2903
220.327,-0.273858,12.65,220.323,-0.270278,12.65,220.305,              29P   2904
-0.254385,12.65,220.288,-0.238837,12.65,220.272,-0.22266,12.65,       29P   2905
220.269,-0.219814,12.65,220.267,-0.217593,12.65,220.265,              29P   2906
-0.215867,12.65,220.263,-0.213955,12.65,220.26,-0.210663,12.65,       29P   2907
220.256,-0.207142,12.65,220.239,-0.189587,12.65,220.223,              29P   2908
-0.172916,12.65,220.208,-0.15614,12.65,220.206,-0.154238,12.65,       29P   2909
220.204,-0.151842,12.65,220.202,-0.149668,12.65,220.201,              29P   2910
-0.147954,12.65,220.199,-0.146186,12.65,220.196,-0.143023,12.65,      29P   2911
220.194,-0.139705,12.65,220.177,-0.120654,12.65,220.162,              29P   2912
-0.102469,12.65,220.147,-0.0841753,12.65,220.146,-0.0822876,          29P   2913
12.65,220.144,-0.0797918,12.65,220.142,-0.0771826,12.65,220.14,       29P   2914
-0.0746757,12.65,220.138,-0.0716467,12.65,220.135,-0.0685709,         29P   2915
12.65,220.119,-0.0480967,12.65,220.105,-0.028476,12.65,220.091,       29P   2916
-0.00873024,12.65,220.089,-0.00607597,12.65,220.087,-0.00312177,      29P   2917
12.65,220.085,5.58748E-05,12.65,220.083,0.00297111,12.65,             29P   2918
220.081,0.0057513,12.65,220.066,0.0275872,12.65,220.052,              29P   2919
0.0486253,12.65,220.039,0.0696491,12.65,220.038,0.0713218,12.65,      29P   2920
220.036,0.0732484,12.65,220.035,0.0755883,12.65,220.034,0.07758,      29P   2921
12.65,220.032,0.0803173,12.65,220.03,0.0827261,12.65,220.016,         29P   2922
0.105649,12.65,220.002,0.127674,12.65,219.989,0.149613,12.65,         29P   2923
219.988,0.151141,12.65,219.987,0.152742,12.65,219.985,0.154885,       29P   2924
12.65,219.984,0.15656,12.65,219.983,0.159049,12.65,219.982,           29P   2925
0.161055,12.65,219.967,0.18472,12.65,219.953,0.207493,12.65,          29P   2926
219.94,0.230219,12.65,219.939,0.231552,12.65,219.938,0.232852,        29P   2927
12.65,219.937,0.234122,12.65,219.936,0.235476,12.65,219.935,          29P   2928
0.237674,12.65,219.934,0.239936,12.65,219.919,0.264078,12.65,         29P   2929
219.905,0.287611,12.65,219.892,0.311132,12.65,219.891,0.3126,         29P   2930
12.65,219.89,0.313971,12.65,219.889,0.315596,12.65,219.888,           29P   2931
0.317804,12.65,219.873,0.34334,12.65,219.858,0.36891,12.65,           29P   2932
219.844,0.393726,12.65,219.843,0.395052,12.65,219.842,0.396259,       29P   2933
12.65,219.841,0.398104,12.65,219.826,0.424122,12.65,219.812,          29P   2934
0.450199,12.65,219.797,0.475551,12.65,219.797,0.476804,12.65,         29P   2935
219.796,0.478102,12.65,219.795,0.479557,12.65,219.781,0.505723,       29P   2936
12.65,219.766,0.532085,12.65,219.752,0.558343,12.65,219.751,          29P   2937
0.559962,12.65,219.738,0.582846,12.65,219.726,0.605601,12.65,         29P   2938
219.714,0.628233,12.65,219.704,0.646668,12.65,219.694,0.665392,       29P   2939
12.65,219.678,0.697056,12.65,219.665,0.720254,12.65,219.654,          29P   2940
0.743094,12.65,219.649,0.7524,12.65,0.,3.15505,0.,2.38859;            29P   2941
S      5G      3D     30P   2941                                        T      1
