This is a NASA-IGES-NURBS-Only file converted by:                       S      1
NIGES Translator Version 3.2 developed at NASA Ames Research Center.    S      2
Conversion done on: Mon May 20 14:05:04 1996.                           S      3
>>>>>>>>>>>>>>>>>>>> Original Start Section follows <<<<<<<<<<<<<<<<<<<<S      4
                                                                        S      5
1H,,1H;,,20Hcmpr rotor8     srf ,22HIBM PROFESSIONAL CADAM,47HIBM IGES PG      1
rocessor for AIX and UNIX V2R2 (1994),32,75,6,75,15,,1.,1,4HINCH,1000,  G      2
0.125984,13H960520.101234,1.00000E-06,231.06,,,8,0,;                    G      3
     406       1       1       1       0       0       0       000020101D      1
     406       0       0       1      15                               0D      2
     406       2       1       1       0       0       0       000020101D      3
     406       0       0       1      15                               0D      4
     126       3       0       1       0       0       0       000000000D      5
     126     109       0      34       0                               0D      6
     126      37       0       1       0       0       0       000000000D      7
     126     109       0      34       0                               0D      8
     126      71       0       1       0       0       0       000000000D      9
     126     109       0      34       0                               0D     10
     126     105       0       1       0       0       0       000000000D     11
     126     109       0      35       0                               0D     12
     126     140       0       1       0       0       0       000000000D     13
     126     109       0      33       0                               0D     14
     126     173       0       1       0       0       0       000000000D     15
     126     109       0      35       0                               0D     16
     126     208       0       1       0       0       0       000000000D     17
     126     109       0      34       0                               0D     18
     126     242       0       1       0       0       0       000000000D     19
     126     109       0      34       0                               0D     20
     126     276       0       1       0       0       0       000000000D     21
     126     109       0      34       0                               0D     22
     126     310       0       1       0       0       0       000000000D     23
     126     109       0      34       0                               0D     24
     126     344       0       1       0       0       0       000000000D     25
     126     109       0      34       0                               0D     26
     126     378       0       1       0       0       0       000000000D     27
     126     109       0      34       0                               0D     28
     128     412       0       1       0       0       0       000000000D     29
     128     109       2    2231       0                               0D     30
406,1,23Hcmpr rotor8     srf ,3d;                                      1P      1
406,1,2H3d;                                                            3P      2
126,55,3,0,1,1,0,0.,0.,0.,0.,0.00625896,0.0125171,0.0187753,           5P      3
0.0250335,0.0250335,0.0468011,0.0793714,0.122907,0.177218,             5P      4
0.242368,0.30753,0.372703,0.437827,0.502975,0.568023,0.633142,         5P      5
0.698241,0.763352,0.828404,0.893484,0.958543,1.01285,1.05624,          5P      6
1.08883,1.11051,1.11051,1.11051,1.12251,1.1345,1.14648,1.15848,        5P      7
1.15848,1.15848,1.17944,1.21089,1.25279,1.30523,1.36812,1.43092,       5P      8
1.49385,1.55671,1.61964,1.68259,1.74554,1.8085,1.87149,1.93451,        5P      9
1.9975,2.06055,2.11306,2.15518,2.18668,2.20772,2.20772,2.20772,        5P     10
2.20772,1.,1.,1.,1.,1.,1.,1.,1.,1.,1.,1.,1.,1.,1.,1.,1.,1.,1.,         5P     11
1.,1.,1.,1.,1.,1.,1.,1.,1.,1.,1.,1.,1.,1.,1.,1.,1.,1.,1.,1.,1.,        5P     12
1.,1.,1.,1.,1.,1.,1.,1.,1.,1.,1.,1.,1.,1.,1.,1.,1.,230.285,            5P     13
0.3972,10.757,230.284,0.398816,10.757,230.28,0.40117,10.757,           5P     14
230.273,0.399962,10.757,230.269,0.394732,10.757,230.269,               5P     15
0.390144,10.757,230.273,0.381438,10.757,230.279,0.364628,10.757,       5P     16
230.292,0.334691,10.757,230.311,0.295315,10.757,230.336,0.24721,       5P     17
10.757,230.367,0.194155,10.757,230.404,0.140027,10.757,230.443,        5P     18
0.0881251,10.757,230.485,0.0385532,10.757,230.531,-0.0083426,          5P     19
10.757,230.578,-0.0524417,10.757,230.629,-0.0939729,10.757,            5P     20
230.68,-0.133855,10.757,230.733,-0.171608,10.757,230.787,              5P     21
-0.207443,10.757,230.843,-0.241239,10.757,230.897,-0.271231,           5P     22
10.757,230.945,-0.295953,10.757,230.984,-0.314836,10.757,              5P     23
231.014,-0.328197,10.757,231.03,-0.335375,10.757,231.037,              5P     24
-0.3382,10.757,231.041,-0.339762,10.757,231.05,-0.340131,10.757,       5P     25
231.059,-0.33129,10.757,231.06,-0.318173,10.757,231.055,               5P     26
-0.311233,10.757,231.051,-0.3093,10.757,231.045,-0.305926,             5P     27
10.757,231.03,-0.297415,10.757,231.003,-0.281878,10.757,230.967,       5P     28
-0.260217,10.757,230.923,-0.232038,10.757,230.873,-0.198539,           5P     29
10.757,230.823,-0.161144,10.757,230.774,-0.12212,10.757,230.726,       5P     30
-0.0812465,10.757,230.679,-0.0387886,10.757,230.635,0.0054398,         5P     31
10.757,230.591,0.0506409,10.757,230.547,0.0962251,10.757,              5P     32
230.504,0.142307,10.757,230.462,0.189007,10.757,230.421,               5P     33
0.236238,10.757,230.382,0.281263,10.757,230.348,0.321407,10.757,       5P     34
230.321,0.353714,10.757,230.301,0.378209,10.757,230.29,0.391767,       5P     35
10.757,230.285,0.3972,10.757,0.,2.20772,0.,0.,0.;                      5P     36
126,55,3,0,1,1,0,0.,0.,0.,0.,0.00610545,0.0122141,0.0183228,           7P     37
0.0244315,0.0244315,0.0459423,0.078397,0.121607,0.175696,              7P     38
0.240532,0.305274,0.370004,0.43475,0.499604,0.564313,0.628958,         7P     39
0.69369,0.758513,0.823168,0.887855,0.952629,1.00649,1.04963,           7P     40
1.08202,1.10362,1.10362,1.10362,1.11539,1.12716,1.13893,1.15071,       7P     41
1.15071,1.15071,1.17163,1.20303,1.24497,1.29729,1.3601,1.42297,        7P     42
1.48581,1.54861,1.61149,1.67436,1.73726,1.80019,1.863,1.926,           7P     43
1.98891,2.05187,2.10439,2.14634,2.17786,2.19887,2.19887,2.19887,       7P     44
2.19887,1.,1.,1.,1.,1.,1.,1.,1.,1.,1.,1.,1.,1.,1.,1.,1.,1.,1.,         7P     45
1.,1.,1.,1.,1.,1.,1.,1.,1.,1.,1.,1.,1.,1.,1.,1.,1.,1.,1.,1.,1.,        7P     46
1.,1.,1.,1.,1.,1.,1.,1.,1.,1.,1.,1.,1.,1.,1.,1.,1.,230.286,            7P     47
0.4079,10.827,230.285,0.409503,10.827,230.281,0.411832,10.827,         7P     48
230.274,0.410634,10.827,230.27,0.405461,10.827,230.27,0.400981,        7P     49
10.827,230.274,0.392476,10.827,230.281,0.375918,10.827,230.294,        7P     50
0.346377,10.827,230.313,0.307432,10.827,230.338,0.259638,10.827,       7P     51
230.369,0.206946,10.827,230.405,0.152884,10.827,230.443,               7P     52
0.100764,10.827,230.484,0.0506079,10.827,230.528,0.00264601,           7P     53
10.827,230.574,-0.0429591,10.827,230.622,-0.086293,10.827,             7P     54
230.672,-0.128007,10.827,230.723,-0.167999,10.827,230.775,             7P     55
-0.205986,10.827,230.828,-0.242283,10.827,230.88,-0.27448,             7P     56
10.827,230.927,-0.301537,10.827,230.965,-0.322182,10.827,              7P     57
230.994,-0.336898,10.827,231.01,-0.34499,10.827,231.016,-0.3482,       7P     58
10.827,231.02,-0.349949,10.827,231.029,-0.350754,10.827,231.039,       7P     59
-0.342633,10.827,231.04,-0.329852,10.827,231.035,-0.322705,            7P     60
10.827,231.032,-0.3206,10.827,231.026,-0.316863,10.827,231.011,        7P     61
-0.307443,10.827,230.985,-0.290125,10.827,230.951,-0.266457,           7P     62
10.827,230.908,-0.235938,10.827,230.861,-0.200032,10.827,              7P     63
230.812,-0.160538,10.827,230.764,-0.119654,10.827,230.718,             7P     64
-0.0773066,10.827,230.673,-0.0335987,10.827,230.629,0.0113183,         7P     65
10.827,230.586,0.0573803,10.827,230.543,0.103577,10.827,230.501,       7P     66
0.150374,10.827,230.46,0.197594,10.827,230.419,0.245346,10.827,        7P     67
230.38,0.290834,10.827,230.347,0.331445,10.827,230.321,0.364076,       7P     68
10.827,230.301,0.388631,10.827,230.29,0.402386,10.827,230.286,         7P     69
0.4079,10.827,0.,2.19887,0.,0.,0.;                                     7P     70
126,56,3,0,1,1,0,0.,0.,0.,0.,0.00581448,0.0116266,0.0174386,           9P     71
0.0232507,0.0232507,0.0232507,0.0446949,0.0769067,0.119884,            9P     72
0.173661,0.238113,0.302548,0.366891,0.43132,0.495673,0.559997,         9P     73
0.624414,0.688728,0.753158,0.817425,0.881806,0.946174,0.99973,         9P     74
1.04263,1.07478,1.09624,1.09624,1.09624,1.10761,1.11899,1.13035,       9P     75
1.14175,1.14175,1.14175,1.16269,1.19409,1.23598,1.2883,1.35109,        9P     76
1.41391,1.47674,1.53954,1.6024,1.66517,1.72806,1.79099,1.85382,        9P     77
1.9167,1.97965,2.04252,2.09492,2.13689,2.16835,2.18933,2.18933,        9P     78
2.18933,2.18933,1.,1.,1.,1.,1.,1.,1.,1.,1.,1.,1.,1.,1.,1.,1.,1.,       9P     79
1.,1.,1.,1.,1.,1.,1.,1.,1.,1.,1.,1.,1.,1.,1.,1.,1.,1.,1.,1.,1.,        9P     80
1.,1.,1.,1.,1.,1.,1.,1.,1.,1.,1.,1.,1.,1.,1.,1.,1.,1.,1.,1.,           9P     81
230.288,0.4209,10.93,230.287,0.422444,10.93,230.283,0.424693,          9P     82
10.93,230.277,0.423587,10.93,230.273,0.41865,10.93,230.273,            9P     83
0.414376,10.93,230.274,0.4126,10.93,230.277,0.406045,10.93,            9P     84
230.284,0.389698,10.93,230.298,0.360498,10.93,230.317,0.321983,        9P     85
10.93,230.342,0.274615,10.93,230.373,0.222049,10.93,230.408,           9P     86
0.167979,10.93,230.445,0.115392,10.93,230.485,0.0645362,10.93,         9P     87
230.527,0.0153843,10.93,230.57,-0.0318251,10.93,230.616,               9P     88
-0.0772097,10.93,230.663,-0.121216,10.93,230.712,-0.163449,            9P     89
10.93,230.762,-0.203993,10.93,230.813,-0.242905,10.93,230.862,         9P     90
-0.277915,10.93,230.907,-0.307467,10.93,230.944,-0.330124,10.93,       9P     91
230.971,-0.346668,10.93,230.987,-0.355575,10.93,230.993,-0.3591,       9P     92
10.93,230.996,-0.360968,10.93,231.005,-0.362307,10.93,231.015,         9P     93
-0.355085,10.93,231.017,-0.342881,10.93,231.013,-0.335656,10.93,       9P     94
231.01,-0.3334,10.93,231.004,-0.329256,10.93,230.99,-0.318842,         9P     95
10.93,230.965,-0.299829,10.93,230.932,-0.27406,10.93,230.892,          9P     96
-0.241009,10.93,230.846,-0.202704,10.93,230.799,-0.160872,10.93,       9P     97
230.754,-0.118005,10.93,230.709,-0.0739453,10.93,230.665,              9P     98
-0.0289218,10.93,230.622,0.0173119,10.93,230.581,0.0642685,            9P     99
10.93,230.539,0.111482,10.93,230.498,0.159264,10.93,230.458,           9P    100
0.207335,10.93,230.418,0.255903,10.93,230.38,0.302221,10.93,           9P    101
230.348,0.343343,10.93,230.322,0.376376,10.93,230.303,0.401421,        9P    102
10.93,230.292,0.41533,10.93,230.288,0.4209,10.93,0.,2.18933,0.,        9P    103
0.,0.;                                                                 9P    104
126,56,3,0,1,1,0,0.,0.,0.,0.,0.0054462,0.010898,0.0163498,            11P    105
0.0218016,0.0218016,0.0218016,0.0432366,0.0753526,0.118196,           11P    106
0.171749,0.236,0.300226,0.364326,0.428527,0.492715,0.556883,          11P    107
0.620998,0.685133,0.749223,0.813326,0.87746,0.941468,0.994933,        11P    108
1.03762,1.06966,1.09099,1.09099,1.09099,1.10204,1.1131,1.12415,       11P    109
1.13519,1.13519,1.13519,1.15607,1.18745,1.2293,1.28165,1.3445,        11P    110
1.4073,1.47009,1.5329,1.59575,1.65867,1.72152,1.78434,1.8473,         11P    111
1.91018,1.97312,2.03599,2.08845,2.13039,2.16185,2.18289,2.18289,      11P    112
2.18289,2.18289,1.,1.,1.,1.,1.,1.,1.,1.,1.,1.,1.,1.,1.,1.,1.,1.,      11P    113
1.,1.,1.,1.,1.,1.,1.,1.,1.,1.,1.,1.,1.,1.,1.,1.,1.,1.,1.,1.,1.,       11P    114
1.,1.,1.,1.,1.,1.,1.,1.,1.,1.,1.,1.,1.,1.,1.,1.,1.,1.,1.,1.,          11P    115
230.292,0.4323,11.032,230.29,0.433769,11.032,230.287,0.435913,        11P    116
11.032,230.281,0.434901,11.032,230.277,0.430279,11.032,230.278,       11P    117
0.426258,11.032,230.278,0.4246,11.032,230.281,0.418081,11.032,        11P    118
230.289,0.401841,11.032,230.303,0.372833,11.032,230.322,              11P    119
0.334525,11.032,230.347,0.287334,11.032,230.377,0.234784,11.032,      11P    120
230.412,0.180527,11.032,230.448,0.127533,11.032,230.486,              11P    121
0.0759875,11.032,230.526,0.0257205,11.032,230.568,-0.0228176,         11P    122
11.032,230.612,-0.0699566,11.032,230.657,-0.115568,11.032,            11P    123
230.703,-0.159507,11.032,230.751,-0.202221,11.032,230.801,            11P    124
-0.243032,11.032,230.849,-0.28012,11.032,230.892,-0.311575,           11P    125
11.032,230.927,-0.335927,11.032,230.953,-0.353579,11.032,             11P    126
230.968,-0.363258,11.032,230.974,-0.3671,11.032,230.977,              11P    127
-0.36909,11.032,230.986,-0.370681,11.032,230.996,-0.364096,           11P    128
11.032,230.999,-0.352349,11.032,230.995,-0.345237,11.032,             11P    129
230.992,-0.3429,11.032,230.987,-0.338477,11.032,230.973,              11P    130
-0.327377,11.032,230.949,-0.307317,11.032,230.917,-0.280107,          11P    131
11.032,230.878,-0.245372,11.032,230.834,-0.205301,11.032,             11P    132
230.789,-0.161737,11.032,230.745,-0.117378,11.032,230.701,            11P    133
-0.0719155,11.032,230.659,-0.0256661,11.032,230.617,0.0217027,        11P    134
11.032,230.576,0.0695287,11.032,230.536,0.117765,11.032,230.496,      11P    135
0.16642,11.032,230.457,0.215457,11.032,230.418,0.264826,11.032,       11P    136
230.381,0.311781,11.032,230.35,0.353563,11.032,230.325,0.387183,      11P    137
11.032,230.306,0.412481,11.032,230.296,0.426623,11.032,230.292,       11P    138
0.4323,11.032,0.,2.18289,0.,0.,0.;                                    11P    139
126,56,3,0,1,1,0,0.,0.,0.,0.,0.00519812,0.0103868,0.0155755,          13P    140
0.0207643,0.0207643,0.0207643,0.0421502,0.0742192,0.116928,           13P    141
0.170434,0.234572,0.298597,0.362694,0.426735,0.490756,0.554805,       13P    142
0.618822,0.682789,0.746783,0.810728,0.874698,0.938602,0.991892,       13P    143
1.03449,1.06646,1.08779,1.08779,1.08779,1.09851,1.10923,1.11994,      13P    144
1.13063,1.13063,1.13063,1.15161,1.18291,1.22482,1.27718,1.34004,      13P    145
1.40284,1.46572,1.52857,1.59143,1.65432,1.71722,1.78011,1.84299,      13P    146
1.90593,1.9689,2.03186,2.08432,2.12631,2.15778,2.17875,2.17875,       13P    147
2.17875,2.17875,1.,1.,1.,1.,1.,1.,1.,1.,1.,1.,1.,1.,1.,1.,1.,1.,      13P    148
1.,1.,1.,1.,1.,1.,1.,1.,1.,1.,1.,1.,1.,1.,1.,1.,1.,1.,1.,1.,1.,       13P    149
1.,1.,1.,1.,1.,1.,1.,1.,1.,1.,1.,1.,1.,1.,1.,1.,1.,1.,1.,1.,          13P    150
230.295,0.4422,11.13,230.294,0.443626,11.13,230.291,0.445758,         13P    151
11.13,230.285,0.444905,11.13,230.282,0.440503,11.13,230.282,          13P    152
0.436673,11.13,230.283,0.4351,11.13,230.286,0.428616,11.13,           13P    153
230.293,0.41245,11.13,230.307,0.383584,11.13,230.326,0.345286,        13P    154
11.13,230.351,0.29818,11.13,230.381,0.245531,11.13,230.415,           13P    155
0.191023,11.13,230.45,0.137486,11.13,230.487,0.0853259,11.13,         13P    156
230.526,0.0342558,11.13,230.567,-0.0153866,11.13,230.608,             13P    157
-0.0638472,11.13,230.652,-0.110737,11.13,230.697,-0.156224,           13P    158
11.13,230.743,-0.200297,11.13,230.791,-0.242599,11.13,230.838,        13P    159
-0.281339,11.13,230.88,-0.314093,11.13,230.914,-0.339505,11.13,       13P    160
230.94,-0.3581,11.13,230.954,-0.368262,11.13,230.96,-0.3723,          13P    161
11.13,230.963,-0.374328,11.13,230.971,-0.37609,11.13,230.981,         13P    162
-0.370044,11.13,230.984,-0.358761,11.13,230.981,-0.351734,11.13,      13P    163
230.978,-0.3494,11.13,230.973,-0.344818,11.13,230.96,-0.333354,       13P    164
11.13,230.936,-0.312489,11.13,230.905,-0.284327,11.13,230.867,        13P    165
-0.248498,11.13,230.824,-0.207188,11.13,230.78,-0.162411,11.13,       13P    166
230.737,-0.116841,11.13,230.695,-0.0704482,11.13,230.653,             13P    167
-0.0231568,11.13,230.613,0.0251358,11.13,230.573,0.073826,11.13,      13P    168
230.534,0.122951,11.13,230.495,0.172362,11.13,230.456,0.22213,        13P    169
11.13,230.418,0.272363,11.13,230.383,0.320018,11.13,230.352,          13P    170
0.36243,11.13,230.327,0.396562,11.13,230.309,0.422103,11.13,          13P    171
230.299,0.436448,11.13,230.295,0.4422,11.13,0.,2.17875,0.,0.,0.;      13P    172
126,56,3,0,1,1,0,0.,0.,0.,0.,0.00479746,0.00955574,0.014314,          15P    173
0.0190723,0.0190723,0.0190723,0.0404583,0.0724841,0.115238,           15P    174
0.168603,0.232631,0.296652,0.360702,0.424637,0.488623,0.552631,       15P    175
0.61656,0.680473,0.744422,0.808274,0.872163,0.936029,0.989242,        15P    176
1.03185,1.06377,1.08503,1.08503,1.08503,1.09546,1.10588,1.1163,       15P    177
1.12674,1.12674,1.12674,1.1477,1.17912,1.221,1.2734,1.33626,          15P    178
1.39914,1.462,1.52491,1.58778,1.65071,1.71365,1.77659,1.83953,        15P    179
1.90249,1.96546,2.02851,2.08097,2.12294,2.15451,2.17553,2.17553,      15P    180
2.17553,2.17553,1.,1.,1.,1.,1.,1.,1.,1.,1.,1.,1.,1.,1.,1.,1.,1.,      15P    181
1.,1.,1.,1.,1.,1.,1.,1.,1.,1.,1.,1.,1.,1.,1.,1.,1.,1.,1.,1.,1.,       15P    182
1.,1.,1.,1.,1.,1.,1.,1.,1.,1.,1.,1.,1.,1.,1.,1.,1.,1.,1.,1.,          15P    183
230.298,0.4507,11.226,230.297,0.452026,11.226,230.294,0.453896,       15P    184
11.226,230.289,0.453182,11.226,230.285,0.449162,11.226,230.286,       15P    185
0.445642,11.226,230.286,0.4442,11.226,230.289,0.43772,11.226,         15P    186
230.297,0.421573,11.226,230.311,0.392622,11.226,230.33,0.354495,      15P    187
11.226,230.355,0.307247,11.226,230.384,0.254527,11.226,230.417,       15P    188
0.199755,11.226,230.452,0.145831,11.226,230.488,0.0931224,            15P    189
11.226,230.526,0.0414091,11.226,230.565,-0.00919295,11.226,           15P    190
230.606,-0.0584961,11.226,230.648,-0.106582,11.226,230.692,           15P    191
-0.153012,11.226,230.737,-0.198027,11.226,230.784,-0.241711,          15P    192
11.226,230.83,-0.281178,11.226,230.871,-0.31508,11.226,230.904,       15P    193
-0.341197,11.226,230.93,-0.360458,11.226,230.944,-0.370872,           15P    194
11.226,230.95,-0.375,11.226,230.953,-0.377024,11.226,230.96,          15P    195
-0.378971,11.226,230.97,-0.373306,11.226,230.973,-0.362367,           15P    196
11.226,230.97,-0.355411,11.226,230.967,-0.3531,11.226,230.962,        15P    197
-0.348461,11.226,230.949,-0.336802,11.226,230.926,-0.31548,           15P    198
11.226,230.896,-0.286628,11.226,230.858,-0.250186,11.226,             15P    199
230.816,-0.208036,11.226,230.773,-0.162573,11.226,230.73,             15P    200
-0.116097,11.226,230.689,-0.0689523,11.226,230.648,-0.0209492,        15P    201
11.226,230.609,0.0280414,11.226,230.57,0.0774288,11.226,230.531,      15P    202
0.12726,11.226,230.493,0.177329,11.226,230.456,0.22786,11.226,        15P    203
230.418,0.278669,11.226,230.384,0.326968,11.226,230.353,              15P    204
0.369889,11.226,230.329,0.404449,11.226,230.312,0.430376,11.226,      15P    205
230.302,0.444889,11.226,230.298,0.4507,11.226,0.,2.17553,0.,0.,       15P    206
0.;                                                                   15P    207
126,56,3,0,1,1,0,0.,0.,0.,0.,0.00411216,0.00824422,0.0123763,         17P    208
0.0165084,0.0165084,0.0165084,0.0378943,0.0700104,0.11263,            17P    209
0.166034,0.23012,0.294112,0.358137,0.422152,0.486144,0.550071,        17P    210
0.614018,0.67787,0.741757,0.805629,0.869484,0.933254,0.986511,        17P    211
1.02901,1.06085,1.08219,1.08219,1.08219,1.09199,1.1018,1.11159,       17P    212
1.12137,1.12137,1.12137,1.14239,1.1738,1.21574,1.26821,1.33115,       17P    213
1.39406,1.45704,1.51999,1.58299,1.64607,1.70907,1.7721,1.83521,       17P    214
1.89827,1.96132,2.02439,2.07704,2.11917,2.15071,2.17176,2.17176,      17P    215
2.17176,2.17176,1.,1.,1.,1.,1.,1.,1.,1.,1.,1.,1.,1.,1.,1.,1.,1.,      17P    216
1.,1.,1.,1.,1.,1.,1.,1.,1.,1.,1.,1.,1.,1.,1.,1.,1.,1.,1.,1.,1.,       17P    217
1.,1.,1.,1.,1.,1.,1.,1.,1.,1.,1.,1.,1.,1.,1.,1.,1.,1.,1.,1.,          17P    218
230.301,0.4638,11.414,230.3,0.464953,11.414,230.298,0.466779,         17P    219
11.414,230.294,0.46616,11.414,230.291,0.462723,11.414,230.291,        17P    220
0.459652,11.414,230.291,0.4584,11.414,230.294,0.451921,11.414,        17P    221
230.302,0.435745,11.414,230.316,0.406806,11.414,230.334,              17P    222
0.368523,11.414,230.359,0.321157,11.414,230.388,0.268086,11.414,      17P    223
230.42,0.212757,11.414,230.454,0.158249,11.414,230.489,0.104663,      17P    224
11.414,230.525,0.0519633,11.414,230.563,0.000208454,11.414,           17P    225
230.602,-0.0503915,11.414,230.643,-0.0996846,11.414,230.685,          17P    226
-0.147303,11.414,230.729,-0.193681,11.414,230.775,-0.238318,          17P    227
11.414,230.819,-0.279133,11.414,230.86,-0.313727,11.414,230.892,      17P    228
-0.340707,11.414,230.918,-0.360311,11.414,230.932,-0.371031,          17P    229
11.414,230.937,-0.3753,11.414,230.94,-0.37726,11.414,230.947,         17P    230
-0.37916,11.414,230.956,-0.373954,11.414,230.96,-0.36373,11.414,      17P    231
230.957,-0.35719,11.414,230.954,-0.355,11.414,230.949,-0.350292,      17P    232
11.414,230.936,-0.338489,11.414,230.913,-0.316934,11.414,             17P    233
230.883,-0.287833,11.414,230.846,-0.250859,11.414,230.805,            17P    234
-0.208055,11.414,230.762,-0.161843,11.414,230.72,-0.114667,           17P    235
11.414,230.68,-0.066522,11.414,230.64,-0.0175291,11.414,230.601,      17P    236
0.0323874,11.414,230.564,0.0828469,11.414,230.526,0.133669,           17P    237
11.414,230.489,0.184837,11.414,230.453,0.236315,11.414,230.417,       17P    238
0.288266,11.414,230.384,0.337581,11.414,230.355,0.381317,11.414,      17P    239
230.332,0.416623,11.414,230.314,0.443162,11.414,230.305,              17P    240
0.457899,11.414,230.301,0.4638,11.414,0.,2.17176,0.,0.,0.;            17P    241
126,56,3,0,1,1,0,0.,0.,0.,0.,0.00379003,0.0075747,0.0113594,          19P    242
0.015144,0.015144,0.015144,0.036579,0.0686522,0.111407,0.164851,      19P    243
0.228882,0.292934,0.357006,0.421086,0.485044,0.549027,0.612928,       19P    244
0.676913,0.740704,0.804593,0.868516,0.932269,0.985429,1.02798,        19P    245
1.05981,1.08113,1.08113,1.08113,1.09065,1.10018,1.1097,1.11918,       19P    246
1.11918,1.11918,1.14013,1.17161,1.21362,1.26602,1.32896,1.39195,      19P    247
1.45496,1.518,1.58104,1.64413,1.70721,1.77032,1.83347,1.89652,        19P    248
1.9597,2.02293,2.07553,2.11764,2.14927,2.17033,2.17033,2.17033,       19P    249
2.17033,1.,1.,1.,1.,1.,1.,1.,1.,1.,1.,1.,1.,1.,1.,1.,1.,1.,1.,        19P    250
1.,1.,1.,1.,1.,1.,1.,1.,1.,1.,1.,1.,1.,1.,1.,1.,1.,1.,1.,1.,1.,       19P    251
1.,1.,1.,1.,1.,1.,1.,1.,1.,1.,1.,1.,1.,1.,1.,1.,1.,1.,230.302,        19P    252
0.4704,11.511,230.301,0.471475,11.511,230.299,0.473164,11.511,        19P    253
230.295,0.472699,11.511,230.292,0.46956,11.511,230.292,0.46675,       19P    254
11.511,230.293,0.4656,11.511,230.296,0.459084,11.511,230.303,         19P    255
0.442857,11.511,230.317,0.413855,11.511,230.336,0.375458,11.511,      19P    256
230.36,0.327851,11.511,230.389,0.274688,11.511,230.421,0.219047,      19P    257
11.511,230.454,0.164274,11.511,230.488,0.110269,11.511,230.524,       19P    258
0.0572785,11.511,230.561,0.00502538,11.511,230.6,-0.0460535,          19P    259
11.511,230.64,-0.095696,11.511,230.682,-0.143861,11.511,230.725,      19P    260
-0.190592,11.511,230.771,-0.235611,11.511,230.815,-0.276691,          19P    261
11.511,230.855,-0.311552,11.511,230.888,-0.338689,11.511,             19P    262
230.913,-0.358384,11.511,230.927,-0.369193,11.511,230.932,            19P    263
-0.3735,11.511,230.935,-0.375423,11.511,230.942,-0.377241,            19P    264
11.511,230.951,-0.37218,11.511,230.954,-0.362235,11.511,230.951,      19P    265
-0.355936,11.511,230.949,-0.3538,11.511,230.944,-0.349081,            19P    266
11.511,230.931,-0.337226,11.511,230.908,-0.31578,11.511,230.878,      19P    267
-0.286538,11.511,230.84,-0.249556,11.511,230.799,-0.206629,           19P    268
11.511,230.757,-0.160307,11.511,230.715,-0.11269,11.511,230.675,      19P    269
-0.0644828,11.511,230.635,-0.0151377,11.511,230.597,0.0351004,        19P    270
11.511,230.56,0.0859546,11.511,230.523,0.137146,11.511,230.487,       19P    271
0.188712,11.511,230.451,0.240668,11.511,230.416,0.293059,11.511,      19P    272
230.383,0.342877,11.511,230.354,0.387108,11.511,230.332,              19P    273
0.422738,11.511,230.315,0.449497,11.511,230.306,0.464426,11.511,      19P    274
230.302,0.4704,11.511,0.,2.17033,0.,0.,0.;                            19P    275
126,56,3,0,1,1,0,0.,0.,0.,0.,0.00342543,0.00683017,0.0102349,         21P    276
0.0136397,0.0136397,0.0136397,0.0350334,0.0670704,0.109875,           21P    277
0.163451,0.227598,0.291714,0.355821,0.419919,0.483961,0.547953,       21P    278
0.611955,0.67594,0.739836,0.80381,0.867661,0.931561,0.984807,         21P    279
1.0274,1.0594,1.08062,1.08062,1.08062,1.08986,1.09911,1.10835,        21P    280
1.11755,1.11755,1.11755,1.13859,1.17002,1.21204,1.26458,1.32752,      21P    281
1.39058,1.45365,1.51671,1.57973,1.64287,1.70604,1.76927,1.8324,       21P    282
1.89561,1.95885,2.02207,2.07484,2.11698,2.14869,2.16977,2.16977,      21P    283
2.16977,2.16977,1.,1.,1.,1.,1.,1.,1.,1.,1.,1.,1.,1.,1.,1.,1.,1.,      21P    284
1.,1.,1.,1.,1.,1.,1.,1.,1.,1.,1.,1.,1.,1.,1.,1.,1.,1.,1.,1.,1.,       21P    285
1.,1.,1.,1.,1.,1.,1.,1.,1.,1.,1.,1.,1.,1.,1.,1.,1.,1.,1.,1.,          21P    286
230.303,0.4784,11.611,230.302,0.479381,11.611,230.3,0.480873,         21P    287
11.611,230.296,0.480492,11.611,230.294,0.47766,11.611,230.294,        21P    288
0.475136,11.611,230.294,0.4741,11.611,230.297,0.467591,11.611,        21P    289
230.305,0.45136,11.611,230.318,0.422204,11.611,230.336,0.383618,      21P    290
11.611,230.36,0.335767,11.611,230.389,0.282172,11.611,230.42,         21P    291
0.226296,11.611,230.453,0.17107,11.611,230.487,0.11666,11.611,        21P    292
230.522,0.0632183,11.611,230.558,0.0103754,11.611,230.596,            21P    293
-0.0411205,11.611,230.636,-0.0912413,11.611,230.678,-0.139771,        21P    294
11.611,230.721,-0.186756,11.611,230.766,-0.23203,11.611,230.81,       21P    295
-0.272963,11.611,230.851,-0.307839,11.611,230.884,-0.334603,          21P    296
11.611,230.909,-0.354192,11.611,230.923,-0.364806,11.611,             21P    297
230.929,-0.369,11.611,230.931,-0.370827,11.611,230.938,-0.3726,       21P    298
11.611,230.947,-0.367605,11.611,230.95,-0.357923,11.611,230.947,      21P    299
-0.35183,11.611,230.945,-0.3498,11.611,230.939,-0.345159,11.611,      21P    300
230.926,-0.333522,11.611,230.903,-0.31226,11.611,230.872,             21P    301
-0.283496,11.611,230.835,-0.246714,11.611,230.793,-0.203953,          21P    302
11.611,230.751,-0.157581,11.611,230.709,-0.110066,11.611,             21P    303
230.669,-0.0615897,11.611,230.63,-0.0120204,11.611,230.592,           21P    304
0.0384948,11.611,230.555,0.0897461,11.611,230.519,0.141414,           21P    305
11.611,230.483,0.193449,11.611,230.448,0.245918,11.611,230.413,       21P    306
0.298956,11.611,230.381,0.349296,11.611,230.353,0.394034,11.611,      21P    307
230.331,0.4301,11.611,230.315,0.457256,11.611,230.306,0.472364,       21P    308
11.611,230.303,0.4784,11.611,0.,2.16977,0.,0.,0.;                     21P    309
126,56,3,0,1,1,0,0.,0.,0.,0.,0.00315256,0.00630511,0.00945766,        23P    310
0.0126102,0.0126102,0.0126102,0.0341056,0.0662007,0.109148,           23P    311
0.162771,0.227042,0.291352,0.355566,0.419847,0.484005,0.548105,       23P    312
0.612371,0.676434,0.740526,0.804552,0.86869,0.932769,0.986161,        23P    313
1.02885,1.06095,1.08231,1.08231,1.08231,1.09134,1.10037,1.10939,      23P    314
1.11839,1.11839,1.11839,1.13946,1.17101,1.21313,1.26577,1.32884,      23P    315
1.39194,1.45519,1.51836,1.58157,1.64479,1.70798,1.77126,1.83463,      23P    316
1.8979,1.9612,2.02465,2.07743,2.11974,2.15141,2.17255,2.17255,        23P    317
2.17255,2.17255,1.,1.,1.,1.,1.,1.,1.,1.,1.,1.,1.,1.,1.,1.,1.,1.,      23P    318
1.,1.,1.,1.,1.,1.,1.,1.,1.,1.,1.,1.,1.,1.,1.,1.,1.,1.,1.,1.,1.,       23P    319
1.,1.,1.,1.,1.,1.,1.,1.,1.,1.,1.,1.,1.,1.,1.,1.,1.,1.,1.,1.,          23P    320
230.302,0.4852,11.688,230.301,0.486116,11.688,230.299,0.487589,       23P    321
11.688,230.296,0.487284,11.688,230.294,0.484707,11.688,230.294,       23P    322
0.482365,11.688,230.294,0.4814,11.688,230.297,0.474823,11.688,        23P    323
230.304,0.458455,11.688,230.317,0.429055,11.688,230.336,              23P    324
0.390246,11.688,230.359,0.342014,11.688,230.387,0.288075,11.688,      23P    325
230.418,0.231682,11.688,230.45,0.176161,11.688,230.484,0.121406,      23P    326
11.688,230.518,0.067454,11.688,230.555,0.0144789,11.688,230.592,      23P    327
-0.0374138,11.688,230.632,-0.0877001,11.688,230.674,-0.136169,        23P    328
11.688,230.718,-0.182943,11.688,230.764,-0.227817,11.688,             23P    329
230.809,-0.268337,11.688,230.85,-0.302597,11.688,230.884,             23P    330
-0.328777,11.688,230.909,-0.347868,11.688,230.924,-0.358208,          23P    331
11.688,230.93,-0.3623,11.688,230.932,-0.364028,11.688,230.939,        23P    332
-0.365626,11.688,230.947,-0.360554,11.688,230.95,-0.351037,           23P    333
11.688,230.947,-0.345123,11.688,230.944,-0.3432,11.688,230.939,       23P    334
-0.338697,11.688,230.926,-0.327382,11.688,230.902,-0.306638,          23P    335
11.688,230.871,-0.278463,11.688,230.832,-0.242362,11.688,230.79,      23P    336
-0.20034,11.688,230.747,-0.154343,11.688,230.705,-0.107248,           23P    337
11.688,230.664,-0.0587531,11.688,230.625,-0.00930018,11.688,          23P    338
230.587,0.041384,11.688,230.55,0.0927397,11.688,230.514,              23P    339
0.144639,11.688,230.478,0.197088,11.688,230.444,0.250035,11.688,      23P    340
230.41,0.303459,11.688,230.378,0.354387,11.688,230.351,0.399774,      23P    341
11.688,230.33,0.43618,11.688,230.314,0.463742,11.688,230.305,         23P    342
0.479061,11.688,230.302,0.4852,11.688,0.,2.17255,0.,0.,0.;            23P    343
126,55,3,0,1,1,0,0.,0.,0.,0.,0.00275512,0.00549693,0.00823874,        25P    344
0.0109805,0.0109805,0.0109805,0.0324284,0.0647439,0.107866,           25P    345
0.161645,0.226179,0.290732,0.355267,0.419785,0.48425,0.548767,        25P    346
0.613188,0.677659,0.742111,0.806532,0.870991,0.935486,0.989153,       25P    347
1.03214,1.06445,1.08592,1.08592,1.09457,1.10322,1.11186,1.12053,      25P    348
1.12053,1.12053,1.14171,1.17345,1.21577,1.26858,1.33197,1.3954,       25P    349
1.45886,1.52229,1.58574,1.64917,1.71267,1.77612,1.83963,1.90313,      25P    350
1.96669,2.03025,2.08321,2.12554,2.1573,2.17854,2.17854,2.17854,       25P    351
2.17854,1.,1.,1.,1.,1.,1.,1.,1.,1.,1.,1.,1.,1.,1.,1.,1.,1.,1.,        25P    352
1.,1.,1.,1.,1.,1.,1.,1.,1.,1.,1.,1.,1.,1.,1.,1.,1.,1.,1.,1.,1.,       25P    353
1.,1.,1.,1.,1.,1.,1.,1.,1.,1.,1.,1.,1.,1.,1.,1.,1.,230.3,0.4935,      25P    354
11.797,230.3,0.494319,11.797,230.298,0.495629,11.797,230.295,         25P    355
0.495478,11.797,230.293,0.493285,11.797,230.293,0.49125,11.797,       25P    356
230.293,0.4904,11.797,230.296,0.48375,11.797,230.303,0.467121,        25P    357
11.797,230.315,0.437355,11.797,230.333,0.397891,11.797,230.355,       25P    358
0.349047,11.797,230.382,0.294464,11.797,230.413,0.237452,11.797,      25P    359
230.444,0.181362,11.797,230.478,0.126155,11.797,230.513,              25P    360
0.0719155,11.797,230.549,0.0187215,11.797,230.587,-0.0332471,         25P    361
11.797,230.628,-0.0831935,11.797,230.671,-0.13135,11.797,             25P    362
230.716,-0.177359,11.797,230.763,-0.221279,11.797,230.81,             25P    363
-0.260653,11.797,230.852,-0.293624,11.797,230.887,-0.318674,          25P    364
11.797,230.914,-0.336889,11.797,230.929,-0.346652,11.797,             25P    365
230.937,-0.35205,11.797,230.944,-0.35337,11.797,230.952,              25P    366
-0.348178,11.797,230.954,-0.338947,11.797,230.951,-0.333343,          25P    367
11.797,230.948,-0.3316,11.797,230.943,-0.327342,11.797,230.929,       25P    368
-0.316608,11.797,230.904,-0.296741,11.797,230.871,-0.269803,          25P    369
11.797,230.831,-0.235076,11.797,230.788,-0.194256,11.797,             25P    370
230.743,-0.149435,11.797,230.699,-0.10315,11.797,230.658,             25P    371
-0.0554145,11.797,230.617,-0.00635018,11.797,230.579,0.0441826,       25P    372
11.797,230.542,0.0955526,11.797,230.505,0.147724,11.797,230.47,       25P    373
0.200468,11.797,230.436,0.25401,11.797,230.403,0.30821,11.797,        25P    374
230.372,0.359924,11.797,230.346,0.406153,11.797,230.326,              25P    375
0.443354,11.797,230.311,0.471467,11.797,230.303,0.487186,11.797,      25P    376
230.3,0.4935,11.797,0.,2.17854,0.,0.,0.;                              25P    377
126,55,3,0,1,1,0,0.,0.,0.,0.,0.00625896,0.0125171,0.0187753,          27P    378
0.0250335,0.0250335,0.0468011,0.0793714,0.122907,0.177218,            27P    379
0.242368,0.30753,0.372703,0.437827,0.502975,0.568023,0.633142,        27P    380
0.698241,0.763352,0.828404,0.893484,0.958543,1.01285,1.05624,         27P    381
1.08883,1.11051,1.11051,1.11051,1.12251,1.1345,1.14648,1.15848,       27P    382
1.15848,1.15848,1.17944,1.21089,1.25279,1.30523,1.36812,1.43092,      27P    383
1.49385,1.55671,1.61964,1.68259,1.74554,1.8085,1.87149,1.93451,       27P    384
1.9975,2.06055,2.11306,2.15518,2.18668,2.20772,2.20772,2.20772,       27P    385
2.20772,1.,1.,1.,1.,1.,1.,1.,1.,1.,1.,1.,1.,1.,1.,1.,1.,1.,1.,        27P    386
1.,1.,1.,1.,1.,1.,1.,1.,1.,1.,1.,1.,1.,1.,1.,1.,1.,1.,1.,1.,1.,       27P    387
1.,1.,1.,1.,1.,1.,1.,1.,1.,1.,1.,1.,1.,1.,1.,1.,1.,230.285,           27P    388
0.3972,10.747,230.284,0.398816,10.747,230.28,0.40117,10.747,          27P    389
230.273,0.399962,10.747,230.269,0.394732,10.747,230.269,              27P    390
0.390144,10.747,230.273,0.381438,10.747,230.279,0.364628,10.747,      27P    391
230.292,0.334691,10.747,230.311,0.295315,10.747,230.336,0.24721,      27P    392
10.747,230.367,0.194155,10.747,230.404,0.140027,10.747,230.443,       27P    393
0.0881251,10.747,230.485,0.0385532,10.747,230.531,-0.0083426,         27P    394
10.747,230.578,-0.0524417,10.747,230.629,-0.0939729,10.747,           27P    395
230.68,-0.133855,10.747,230.733,-0.171608,10.747,230.787,             27P    396
-0.207443,10.747,230.843,-0.241239,10.747,230.897,-0.271231,          27P    397
10.747,230.945,-0.295953,10.747,230.984,-0.314836,10.747,             27P    398
231.014,-0.328197,10.747,231.03,-0.335375,10.747,231.037,             27P    399
-0.3382,10.747,231.041,-0.339762,10.747,231.05,-0.340131,10.747,      27P    400
231.059,-0.33129,10.747,231.06,-0.318173,10.747,231.055,              27P    401
-0.311233,10.747,231.051,-0.3093,10.747,231.045,-0.305926,            27P    402
10.747,231.03,-0.297415,10.747,231.003,-0.281878,10.747,230.967,      27P    403
-0.260217,10.747,230.923,-0.232038,10.747,230.873,-0.198539,          27P    404
10.747,230.823,-0.161144,10.747,230.774,-0.12212,10.747,230.726,      27P    405
-0.0812465,10.747,230.679,-0.0387886,10.747,230.635,0.0054398,        27P    406
10.747,230.591,0.0506409,10.747,230.547,0.0962251,10.747,             27P    407
230.504,0.142307,10.747,230.462,0.189007,10.747,230.421,              27P    408
0.236238,10.747,230.382,0.281263,10.747,230.348,0.321407,10.747,      27P    409
230.321,0.353714,10.747,230.301,0.378209,10.747,230.29,0.391767,      27P    410
10.747,230.285,0.3972,10.747,0.,2.20772,0.,0.,0.;                     27P    411
128,354,12,3,3,1,0,1,0,0,0.,0.,0.,0.,0.00279201,0.00418024,           29P    412
0.00526723,0.00625896,0.00838072,0.0096971,0.0110219,0.0110219,       29P    413
0.0125171,0.0125171,0.0145258,0.0145258,0.0165357,0.0165357,          29P    414
0.0175851,0.0187753,0.0187753,0.0220495,0.0220495,0.023446,           29P    415
0.023446,0.0250335,0.0250335,0.0328626,0.0356461,0.0372091,           29P    416
0.0385218,0.0410568,0.0427106,0.0437284,0.0450703,0.0468011,          29P    417
0.0656109,0.0682434,0.0698348,0.0711695,0.0735563,0.0762097,          29P    418
0.0775526,0.0793714,0.109311,0.111796,0.113326,0.116943,              29P    419
0.118483,0.11954,0.120891,0.122907,0.16381,0.165407,0.167691,         29P    420
0.168783,0.171097,0.173702,0.175119,0.177218,0.229207,0.231579,       29P    421
0.232825,0.23393,0.236073,0.238684,0.240113,0.242368,0.294625,        29P    422
0.296815,0.298981,0.30104,0.302567,0.303641,0.305089,0.306503,        29P    423
0.30753,0.360024,0.362044,0.364067,0.366038,0.36847,0.369973,         29P    424
0.371493,0.372703,0.425407,0.427264,0.429142,0.430919,0.433402,       29P    425
0.434943,0.4365,0.437827,0.490734,0.492425,0.494193,0.495851,         29P    426
0.497281,0.498319,0.499837,0.501615,0.502975,0.556116,0.557536,       29P    427
0.559179,0.560806,0.562181,0.563217,0.564701,0.566584,0.568023,       29P    428
0.6214,0.622657,0.624184,0.625681,0.628061,0.629659,0.631489,         29P    429
0.633142,0.686734,0.687761,0.689094,0.690539,0.691867,0.692926,       29P    430
0.694513,0.696481,0.698241,0.752776,0.754038,0.755434,0.756712,       29P    431
0.757745,0.759484,0.761565,0.763352,0.817868,0.818968,0.820231,       29P    432
0.821507,0.822577,0.824291,0.826481,0.828404,0.882836,0.883881,       29P    433
0.885065,0.886328,0.887441,0.889213,0.891428,0.893484,0.948706,       29P    434
0.949876,0.951081,0.952177,0.954121,0.956463,0.958543,1.00284,        29P    435
1.00388,1.00508,1.00625,1.00813,1.01054,1.01285,1.04605,1.04711,      29P    436
1.04825,1.04943,1.05139,1.05386,1.05624,1.07842,1.07951,1.08064,      29P    437
1.08182,1.08381,1.08637,1.08883,1.09975,1.09975,1.10108,1.10108,      29P    438
1.10226,1.10226,1.1034,1.1034,1.10545,1.10545,1.10806,1.10806,        29P    439
1.10944,1.11051,1.11051,1.11166,1.11311,1.11457,1.11692,1.11834,      29P    440
1.11988,1.12251,1.12398,1.12576,1.12735,1.12839,1.13,1.1317,          29P    441
1.13281,1.1345,1.13553,1.13553,1.13694,1.13694,1.13846,1.13846,       29P    442
1.13985,1.13985,1.14351,1.14351,1.14648,1.14648,1.1481,1.1481,        29P    443
1.15134,1.15134,1.15534,1.15534,1.157,1.15848,1.15848,1.15977,        29P    444
1.1613,1.16468,1.16692,1.16922,1.17246,1.17635,1.17944,1.18916,       29P    445
1.19048,1.1918,1.19324,1.19657,1.19864,1.20096,1.20412,1.20787,       29P    446
1.21089,1.23206,1.23324,1.23453,1.23587,1.23906,1.24111,1.24328,      29P    447
1.24636,1.25279,1.28557,1.2867,1.28783,1.2892,1.29224,1.29416,        29P    448
1.29623,1.29912,1.30251,1.30523,1.35074,1.35186,1.35319,1.35603,      29P    449
1.35786,1.35979,1.36244,1.36557,1.36812,1.4149,1.41593,1.41714,       29P    450
1.41984,1.42149,1.42331,1.42579,1.4287,1.43092,1.47875,1.48003,       29P    451
1.48117,1.48363,1.48521,1.48681,1.48915,1.49179,1.49385,1.54324,      29P    452
1.54515,1.54747,1.5489,1.55033,1.55247,1.55484,1.55671,1.60736,       29P    453
1.6092,1.61127,1.61259,1.6139,1.61586,1.61797,1.61964,1.6716,         29P    454
1.67333,1.67513,1.67632,1.67754,1.67916,1.6811,1.68259,1.73588,       29P    455
1.73737,1.739,1.74005,1.7411,1.74258,1.74425,1.74554,1.80081,         29P    456
1.80287,1.80464,1.80603,1.80743,1.8085,1.86445,1.86559,1.86675,       29P    457
1.86831,1.86939,1.87149,1.92918,1.93064,1.93191,1.93375,1.9938,       29P    458
1.99507,1.99627,1.9975,2.05791,2.05914,2.06055,2.11203,2.11306,       29P    459
2.15412,2.15518,2.18668,2.20772,2.20772,2.20772,2.20772,0.,0.,        29P    460
0.,0.,0.0807134,0.184558,0.287246,0.385811,0.482224,0.670711,         29P    461
0.767938,0.868259,0.945562,1.05489,1.05489,1.05489,1.05489,1.,        29P    462
1.,1.,1.,1.,1.,1.,1.,1.,1.,1.,1.,1.,1.,1.,1.,1.,1.,1.,1.,1.,1.,       29P    463
1.,1.,1.,1.,1.,1.,1.,1.,1.,1.,1.,1.,1.,1.,1.,1.,1.,1.,1.,1.,1.,       29P    464
1.,1.,1.,1.,1.,1.,1.,1.,1.,1.,1.,1.,1.,1.,1.,1.,1.,1.,1.,1.,1.,       29P    465
1.,1.,1.,1.,1.,1.,1.,1.,1.,1.,1.,1.,1.,1.,1.,1.,1.,1.,1.,1.,1.,       29P    466
1.,1.,1.,1.,1.,1.,1.,1.,1.,1.,1.,1.,1.,1.,1.,1.,1.,1.,1.,1.,1.,       29P    467
1.,1.,1.,1.,1.,1.,1.,1.,1.,1.,1.,1.,1.,1.,1.,1.,1.,1.,1.,1.,1.,       29P    468
1.,1.,1.,1.,1.,1.,1.,1.,1.,1.,1.,1.,1.,1.,1.,1.,1.,1.,1.,1.,1.,       29P    469
1.,1.,1.,1.,1.,1.,1.,1.,1.,1.,1.,1.,1.,1.,1.,1.,1.,1.,1.,1.,1.,       29P    470
1.,1.,1.,1.,1.,1.,1.,1.,1.,1.,1.,1.,1.,1.,1.,1.,1.,1.,1.,1.,1.,       29P    471
1.,1.,1.,1.,1.,1.,1.,1.,1.,1.,1.,1.,1.,1.,1.,1.,1.,1.,1.,1.,1.,       29P    472
1.,1.,1.,1.,1.,1.,1.,1.,1.,1.,1.,1.,1.,1.,1.,1.,1.,1.,1.,1.,1.,       29P    473
1.,1.,1.,1.,1.,1.,1.,1.,1.,1.,1.,1.,1.,1.,1.,1.,1.,1.,1.,1.,1.,       29P    474
1.,1.,1.,1.,1.,1.,1.,1.,1.,1.,1.,1.,1.,1.,1.,1.,1.,1.,1.,1.,1.,       29P    475
1.,1.,1.,1.,1.,1.,1.,1.,1.,1.,1.,1.,1.,1.,1.,1.,1.,1.,1.,1.,1.,       29P    476
1.,1.,1.,1.,1.,1.,1.,1.,1.,1.,1.,1.,1.,1.,1.,1.,1.,1.,1.,1.,1.,       29P    477
1.,1.,1.,1.,1.,1.,1.,1.,1.,1.,1.,1.,1.,1.,1.,1.,1.,1.,1.,1.,1.,       29P    478
1.,1.,1.,1.,1.,1.,1.,1.,1.,1.,1.,1.,1.,1.,1.,1.,1.,1.,1.,1.,1.,       29P    479
1.,1.,1.,1.,1.,1.,1.,1.,1.,1.,1.,1.,1.,1.,1.,1.,1.,1.,1.,1.,1.,       29P    480
1.,1.,1.,1.,1.,1.,1.,1.,1.,1.,1.,1.,1.,1.,1.,1.,1.,1.,1.,1.,1.,       29P    481
1.,1.,1.,1.,1.,1.,1.,1.,1.,1.,1.,1.,1.,1.,1.,1.,1.,1.,1.,1.,1.,       29P    482
1.,1.,1.,1.,1.,1.,1.,1.,1.,1.,1.,1.,1.,1.,1.,1.,1.,1.,1.,1.,1.,       29P    483
1.,1.,1.,1.,1.,1.,1.,1.,1.,1.,1.,1.,1.,1.,1.,1.,1.,1.,1.,1.,1.,       29P    484
1.,1.,1.,1.,1.,1.,1.,1.,1.,1.,1.,1.,1.,1.,1.,1.,1.,1.,1.,1.,1.,       29P    485
1.,1.,1.,1.,1.,1.,1.,1.,1.,1.,1.,1.,1.,1.,1.,1.,1.,1.,1.,1.,1.,       29P    486
1.,1.,1.,1.,1.,1.,1.,1.,1.,1.,1.,1.,1.,1.,1.,1.,1.,1.,1.,1.,1.,       29P    487
1.,1.,1.,1.,1.,1.,1.,1.,1.,1.,1.,1.,1.,1.,1.,1.,1.,1.,1.,1.,1.,       29P    488
1.,1.,1.,1.,1.,1.,1.,1.,1.,1.,1.,1.,1.,1.,1.,1.,1.,1.,1.,1.,1.,       29P    489
1.,1.,1.,1.,1.,1.,1.,1.,1.,1.,1.,1.,1.,1.,1.,1.,1.,1.,1.,1.,1.,       29P    490
1.,1.,1.,1.,1.,1.,1.,1.,1.,1.,1.,1.,1.,1.,1.,1.,1.,1.,1.,1.,1.,       29P    491
1.,1.,1.,1.,1.,1.,1.,1.,1.,1.,1.,1.,1.,1.,1.,1.,1.,1.,1.,1.,1.,       29P    492
1.,1.,1.,1.,1.,1.,1.,1.,1.,1.,1.,1.,1.,1.,1.,1.,1.,1.,1.,1.,1.,       29P    493
1.,1.,1.,1.,1.,1.,1.,1.,1.,1.,1.,1.,1.,1.,1.,1.,1.,1.,1.,1.,1.,       29P    494
1.,1.,1.,1.,1.,1.,1.,1.,1.,1.,1.,1.,1.,1.,1.,1.,1.,1.,1.,1.,1.,       29P    495
1.,1.,1.,1.,1.,1.,1.,1.,1.,1.,1.,1.,1.,1.,1.,1.,1.,1.,1.,1.,1.,       29P    496
1.,1.,1.,1.,1.,1.,1.,1.,1.,1.,1.,1.,1.,1.,1.,1.,1.,1.,1.,1.,1.,       29P    497
1.,1.,1.,1.,1.,1.,1.,1.,1.,1.,1.,1.,1.,1.,1.,1.,1.,1.,1.,1.,1.,       29P    498
1.,1.,1.,1.,1.,1.,1.,1.,1.,1.,1.,1.,1.,1.,1.,1.,1.,1.,1.,1.,1.,       29P    499
1.,1.,1.,1.,1.,1.,1.,1.,1.,1.,1.,1.,1.,1.,1.,1.,1.,1.,1.,1.,1.,       29P    500
1.,1.,1.,1.,1.,1.,1.,1.,1.,1.,1.,1.,1.,1.,1.,1.,1.,1.,1.,1.,1.,       29P    501
1.,1.,1.,1.,1.,1.,1.,1.,1.,1.,1.,1.,1.,1.,1.,1.,1.,1.,1.,1.,1.,       29P    502
1.,1.,1.,1.,1.,1.,1.,1.,1.,1.,1.,1.,1.,1.,1.,1.,1.,1.,1.,1.,1.,       29P    503
1.,1.,1.,1.,1.,1.,1.,1.,1.,1.,1.,1.,1.,1.,1.,1.,1.,1.,1.,1.,1.,       29P    504
1.,1.,1.,1.,1.,1.,1.,1.,1.,1.,1.,1.,1.,1.,1.,1.,1.,1.,1.,1.,1.,       29P    505
1.,1.,1.,1.,1.,1.,1.,1.,1.,1.,1.,1.,1.,1.,1.,1.,1.,1.,1.,1.,1.,       29P    506
1.,1.,1.,1.,1.,1.,1.,1.,1.,1.,1.,1.,1.,1.,1.,1.,1.,1.,1.,1.,1.,       29P    507
1.,1.,1.,1.,1.,1.,1.,1.,1.,1.,1.,1.,1.,1.,1.,1.,1.,1.,1.,1.,1.,       29P    508
1.,1.,1.,1.,1.,1.,1.,1.,1.,1.,1.,1.,1.,1.,1.,1.,1.,1.,1.,1.,1.,       29P    509
1.,1.,1.,1.,1.,1.,1.,1.,1.,1.,1.,1.,1.,1.,1.,1.,1.,1.,1.,1.,1.,       29P    510
1.,1.,1.,1.,1.,1.,1.,1.,1.,1.,1.,1.,1.,1.,1.,1.,1.,1.,1.,1.,1.,       29P    511
1.,1.,1.,1.,1.,1.,1.,1.,1.,1.,1.,1.,1.,1.,1.,1.,1.,1.,1.,1.,1.,       29P    512
1.,1.,1.,1.,1.,1.,1.,1.,1.,1.,1.,1.,1.,1.,1.,1.,1.,1.,1.,1.,1.,       29P    513
1.,1.,1.,1.,1.,1.,1.,1.,1.,1.,1.,1.,1.,1.,1.,1.,1.,1.,1.,1.,1.,       29P    514
1.,1.,1.,1.,1.,1.,1.,1.,1.,1.,1.,1.,1.,1.,1.,1.,1.,1.,1.,1.,1.,       29P    515
1.,1.,1.,1.,1.,1.,1.,1.,1.,1.,1.,1.,1.,1.,1.,1.,1.,1.,1.,1.,1.,       29P    516
1.,1.,1.,1.,1.,1.,1.,1.,1.,1.,1.,1.,1.,1.,1.,1.,1.,1.,1.,1.,1.,       29P    517
1.,1.,1.,1.,1.,1.,1.,1.,1.,1.,1.,1.,1.,1.,1.,1.,1.,1.,1.,1.,1.,       29P    518
1.,1.,1.,1.,1.,1.,1.,1.,1.,1.,1.,1.,1.,1.,1.,1.,1.,1.,1.,1.,1.,       29P    519
1.,1.,1.,1.,1.,1.,1.,1.,1.,1.,1.,1.,1.,1.,1.,1.,1.,1.,1.,1.,1.,       29P    520
1.,1.,1.,1.,1.,1.,1.,1.,1.,1.,1.,1.,1.,1.,1.,1.,1.,1.,1.,1.,1.,       29P    521
1.,1.,1.,1.,1.,1.,1.,1.,1.,1.,1.,1.,1.,1.,1.,1.,1.,1.,1.,1.,1.,       29P    522
1.,1.,1.,1.,1.,1.,1.,1.,1.,1.,1.,1.,1.,1.,1.,1.,1.,1.,1.,1.,1.,       29P    523
1.,1.,1.,1.,1.,1.,1.,1.,1.,1.,1.,1.,1.,1.,1.,1.,1.,1.,1.,1.,1.,       29P    524
1.,1.,1.,1.,1.,1.,1.,1.,1.,1.,1.,1.,1.,1.,1.,1.,1.,1.,1.,1.,1.,       29P    525
1.,1.,1.,1.,1.,1.,1.,1.,1.,1.,1.,1.,1.,1.,1.,1.,1.,1.,1.,1.,1.,       29P    526
1.,1.,1.,1.,1.,1.,1.,1.,1.,1.,1.,1.,1.,1.,1.,1.,1.,1.,1.,1.,1.,       29P    527
1.,1.,1.,1.,1.,1.,1.,1.,1.,1.,1.,1.,1.,1.,1.,1.,1.,1.,1.,1.,1.,       29P    528
1.,1.,1.,1.,1.,1.,1.,1.,1.,1.,1.,1.,1.,1.,1.,1.,1.,1.,1.,1.,1.,       29P    529
1.,1.,1.,1.,1.,1.,1.,1.,1.,1.,1.,1.,1.,1.,1.,1.,1.,1.,1.,1.,1.,       29P    530
1.,1.,1.,1.,1.,1.,1.,1.,1.,1.,1.,1.,1.,1.,1.,1.,1.,1.,1.,1.,1.,       29P    531
1.,1.,1.,1.,1.,1.,1.,1.,1.,1.,1.,1.,1.,1.,1.,1.,1.,1.,1.,1.,1.,       29P    532
1.,1.,1.,1.,1.,1.,1.,1.,1.,1.,1.,1.,1.,1.,1.,1.,1.,1.,1.,1.,1.,       29P    533
1.,1.,1.,1.,1.,1.,1.,1.,1.,1.,1.,1.,1.,1.,1.,1.,1.,1.,1.,1.,1.,       29P    534
1.,1.,1.,1.,1.,1.,1.,1.,1.,1.,1.,1.,1.,1.,1.,1.,1.,1.,1.,1.,1.,       29P    535
1.,1.,1.,1.,1.,1.,1.,1.,1.,1.,1.,1.,1.,1.,1.,1.,1.,1.,1.,1.,1.,       29P    536
1.,1.,1.,1.,1.,1.,1.,1.,1.,1.,1.,1.,1.,1.,1.,1.,1.,1.,1.,1.,1.,       29P    537
1.,1.,1.,1.,1.,1.,1.,1.,1.,1.,1.,1.,1.,1.,1.,1.,1.,1.,1.,1.,1.,       29P    538
1.,1.,1.,1.,1.,1.,1.,1.,1.,1.,1.,1.,1.,1.,1.,1.,1.,1.,1.,1.,1.,       29P    539
1.,1.,1.,1.,1.,1.,1.,1.,1.,1.,1.,1.,1.,1.,1.,1.,1.,1.,1.,1.,1.,       29P    540
1.,1.,1.,1.,1.,1.,1.,1.,1.,1.,1.,1.,1.,1.,1.,1.,1.,1.,1.,1.,1.,       29P    541
1.,1.,1.,1.,1.,1.,1.,1.,1.,1.,1.,1.,1.,1.,1.,1.,1.,1.,1.,1.,1.,       29P    542
1.,1.,1.,1.,1.,1.,1.,1.,1.,1.,1.,1.,1.,1.,1.,1.,1.,1.,1.,1.,1.,       29P    543
1.,1.,1.,1.,1.,1.,1.,1.,1.,1.,1.,1.,1.,1.,1.,1.,1.,1.,1.,1.,1.,       29P    544
1.,1.,1.,1.,1.,1.,1.,1.,1.,1.,1.,1.,1.,1.,1.,1.,1.,1.,1.,1.,1.,       29P    545
1.,1.,1.,1.,1.,1.,1.,1.,1.,1.,1.,1.,1.,1.,1.,1.,1.,1.,1.,1.,1.,       29P    546
1.,1.,1.,1.,1.,1.,1.,1.,1.,1.,1.,1.,1.,1.,1.,1.,1.,1.,1.,1.,1.,       29P    547
1.,1.,1.,1.,1.,1.,1.,1.,1.,1.,1.,1.,1.,1.,1.,1.,1.,1.,1.,1.,1.,       29P    548
1.,1.,1.,1.,1.,1.,1.,1.,1.,1.,1.,1.,1.,1.,1.,1.,1.,1.,1.,1.,1.,       29P    549
1.,1.,1.,1.,1.,1.,1.,1.,1.,1.,1.,1.,1.,1.,1.,1.,1.,1.,1.,1.,1.,       29P    550
1.,1.,1.,1.,1.,1.,1.,1.,1.,1.,1.,1.,1.,1.,1.,1.,1.,1.,1.,1.,1.,       29P    551
1.,1.,1.,1.,1.,1.,1.,1.,1.,1.,1.,1.,1.,1.,1.,1.,1.,1.,1.,1.,1.,       29P    552
1.,1.,1.,1.,1.,1.,1.,1.,1.,1.,1.,1.,1.,1.,1.,1.,1.,1.,1.,1.,1.,       29P    553
1.,1.,1.,1.,1.,1.,1.,1.,1.,1.,1.,1.,1.,1.,1.,1.,1.,1.,1.,1.,1.,       29P    554
1.,1.,1.,1.,1.,1.,1.,1.,1.,1.,1.,1.,1.,1.,1.,1.,1.,1.,1.,1.,1.,       29P    555
1.,1.,1.,1.,1.,1.,1.,1.,1.,1.,1.,1.,1.,1.,1.,1.,1.,1.,1.,1.,1.,       29P    556
1.,1.,1.,1.,1.,1.,1.,1.,1.,1.,1.,1.,1.,1.,1.,1.,1.,1.,1.,1.,1.,       29P    557
1.,1.,1.,1.,1.,1.,1.,1.,1.,1.,1.,1.,1.,1.,1.,1.,1.,1.,1.,1.,1.,       29P    558
1.,1.,1.,1.,1.,1.,1.,1.,1.,1.,1.,1.,1.,1.,1.,1.,1.,1.,1.,1.,1.,       29P    559
1.,1.,1.,1.,1.,1.,1.,1.,1.,1.,1.,1.,1.,1.,1.,1.,1.,1.,1.,1.,1.,       29P    560
1.,1.,1.,1.,1.,1.,1.,1.,1.,1.,1.,1.,1.,1.,1.,1.,1.,1.,1.,1.,1.,       29P    561
1.,1.,1.,1.,1.,1.,1.,1.,1.,1.,1.,1.,1.,1.,1.,1.,1.,1.,1.,1.,1.,       29P    562
1.,1.,1.,1.,1.,1.,1.,1.,1.,1.,1.,1.,1.,1.,1.,1.,1.,1.,1.,1.,1.,       29P    563
1.,1.,1.,1.,1.,1.,1.,1.,1.,1.,1.,1.,1.,1.,1.,1.,1.,1.,1.,1.,1.,       29P    564
1.,1.,1.,1.,1.,1.,1.,1.,1.,1.,1.,1.,1.,1.,1.,1.,1.,1.,1.,1.,1.,       29P    565
1.,1.,1.,1.,1.,1.,1.,1.,1.,1.,1.,1.,1.,1.,1.,1.,1.,1.,1.,1.,1.,       29P    566
1.,1.,1.,1.,1.,1.,1.,1.,1.,1.,1.,1.,1.,1.,1.,1.,1.,1.,1.,1.,1.,       29P    567
1.,1.,1.,1.,1.,1.,1.,1.,1.,1.,1.,1.,1.,1.,1.,1.,1.,1.,1.,1.,1.,       29P    568
1.,1.,1.,1.,1.,1.,1.,1.,1.,1.,1.,1.,1.,1.,1.,1.,1.,1.,1.,1.,1.,       29P    569
1.,1.,1.,1.,1.,1.,1.,1.,1.,1.,1.,1.,1.,1.,1.,1.,1.,1.,1.,1.,1.,       29P    570
1.,1.,1.,1.,1.,1.,1.,1.,1.,1.,1.,1.,1.,1.,1.,1.,1.,1.,1.,1.,1.,       29P    571
1.,1.,1.,1.,1.,1.,1.,1.,1.,1.,1.,1.,1.,1.,1.,1.,1.,1.,1.,1.,1.,       29P    572
1.,1.,1.,1.,1.,1.,1.,1.,1.,1.,1.,1.,1.,1.,1.,1.,1.,1.,1.,1.,1.,       29P    573
1.,1.,1.,1.,1.,1.,1.,1.,1.,1.,1.,1.,1.,1.,1.,1.,1.,1.,1.,1.,1.,       29P    574
1.,1.,1.,1.,1.,1.,1.,1.,1.,1.,1.,1.,1.,1.,1.,1.,1.,1.,1.,1.,1.,       29P    575
1.,1.,1.,1.,1.,1.,1.,1.,1.,1.,1.,1.,1.,1.,1.,1.,1.,1.,1.,1.,1.,       29P    576
1.,1.,1.,1.,1.,1.,1.,1.,1.,1.,1.,1.,1.,1.,1.,1.,1.,1.,1.,1.,1.,       29P    577
1.,1.,1.,1.,1.,1.,1.,1.,1.,1.,1.,1.,1.,1.,1.,1.,1.,1.,1.,1.,1.,       29P    578
1.,1.,1.,1.,1.,1.,1.,1.,1.,1.,1.,1.,1.,1.,1.,1.,1.,1.,1.,1.,1.,       29P    579
1.,1.,1.,1.,1.,1.,1.,1.,1.,1.,1.,1.,1.,1.,1.,1.,1.,1.,1.,1.,1.,       29P    580
1.,1.,1.,1.,1.,1.,1.,1.,1.,1.,1.,1.,1.,1.,1.,1.,1.,1.,1.,1.,1.,       29P    581
1.,1.,1.,1.,1.,1.,1.,1.,1.,1.,1.,1.,1.,1.,1.,1.,1.,1.,1.,1.,1.,       29P    582
1.,1.,1.,1.,1.,1.,1.,1.,1.,1.,1.,1.,1.,1.,1.,1.,1.,1.,1.,1.,1.,       29P    583
1.,1.,1.,1.,1.,1.,1.,1.,1.,1.,1.,1.,1.,1.,1.,1.,1.,1.,1.,1.,1.,       29P    584
1.,1.,1.,1.,1.,1.,1.,1.,1.,1.,1.,1.,1.,1.,1.,1.,1.,1.,1.,1.,1.,       29P    585
1.,1.,1.,1.,1.,1.,1.,1.,1.,1.,1.,1.,1.,1.,1.,1.,1.,1.,1.,1.,1.,       29P    586
1.,1.,1.,1.,1.,1.,1.,1.,1.,1.,1.,1.,1.,1.,1.,1.,1.,1.,1.,1.,1.,       29P    587
1.,1.,1.,1.,1.,1.,1.,1.,1.,1.,1.,1.,1.,1.,1.,1.,1.,1.,1.,1.,1.,       29P    588
1.,1.,1.,1.,1.,1.,1.,1.,1.,1.,1.,1.,1.,1.,1.,1.,1.,1.,1.,1.,1.,       29P    589
1.,1.,1.,1.,1.,1.,1.,1.,1.,1.,1.,1.,1.,1.,1.,1.,1.,1.,1.,1.,1.,       29P    590
1.,1.,1.,1.,1.,1.,1.,1.,1.,1.,1.,1.,1.,1.,1.,1.,1.,1.,1.,1.,1.,       29P    591
1.,1.,1.,1.,1.,1.,1.,1.,1.,1.,1.,1.,1.,1.,1.,1.,1.,1.,1.,1.,1.,       29P    592
1.,1.,1.,1.,1.,1.,1.,1.,1.,1.,1.,1.,1.,1.,1.,1.,1.,1.,1.,1.,1.,       29P    593
1.,1.,1.,1.,1.,1.,1.,1.,1.,1.,1.,1.,1.,1.,1.,1.,1.,1.,1.,1.,1.,       29P    594
1.,1.,1.,1.,1.,1.,1.,1.,1.,1.,1.,1.,1.,1.,1.,1.,1.,1.,1.,1.,1.,       29P    595
1.,1.,1.,1.,1.,1.,1.,1.,1.,1.,1.,1.,1.,1.,1.,1.,1.,1.,1.,1.,1.,       29P    596
1.,1.,1.,1.,1.,1.,1.,1.,1.,1.,1.,1.,1.,1.,1.,1.,1.,1.,1.,1.,1.,       29P    597
1.,1.,1.,1.,1.,1.,1.,1.,1.,1.,1.,1.,1.,1.,1.,1.,1.,1.,1.,1.,1.,       29P    598
1.,1.,1.,1.,1.,1.,1.,1.,1.,1.,1.,1.,1.,1.,1.,1.,1.,1.,1.,1.,1.,       29P    599
1.,1.,1.,1.,1.,1.,1.,1.,1.,1.,1.,1.,1.,1.,1.,1.,1.,1.,1.,1.,1.,       29P    600
1.,1.,1.,1.,1.,1.,1.,1.,1.,1.,1.,1.,1.,1.,1.,1.,1.,1.,1.,1.,1.,       29P    601
1.,1.,1.,1.,1.,1.,1.,1.,1.,1.,1.,1.,1.,1.,1.,1.,1.,1.,1.,1.,1.,       29P    602
1.,1.,1.,1.,1.,1.,1.,1.,1.,1.,1.,1.,1.,1.,1.,1.,1.,1.,1.,1.,1.,       29P    603
1.,1.,1.,1.,1.,1.,1.,1.,1.,1.,1.,1.,1.,1.,1.,1.,1.,1.,1.,1.,1.,       29P    604
1.,1.,1.,1.,1.,1.,1.,1.,1.,1.,1.,1.,1.,1.,1.,1.,1.,1.,1.,1.,1.,       29P    605
1.,1.,1.,1.,1.,1.,1.,1.,1.,1.,1.,1.,1.,1.,1.,1.,1.,1.,1.,1.,1.,       29P    606
1.,1.,1.,1.,1.,1.,1.,1.,1.,1.,1.,1.,1.,1.,1.,1.,1.,1.,1.,1.,1.,       29P    607
1.,1.,1.,1.,1.,1.,1.,1.,1.,1.,1.,1.,1.,1.,1.,1.,1.,1.,1.,1.,1.,       29P    608
1.,1.,1.,1.,1.,1.,1.,1.,1.,1.,1.,1.,1.,1.,1.,1.,1.,1.,1.,1.,1.,       29P    609
1.,1.,1.,1.,1.,1.,1.,1.,1.,1.,1.,1.,1.,1.,1.,1.,1.,1.,1.,1.,1.,       29P    610
1.,1.,1.,1.,1.,1.,1.,1.,1.,1.,1.,1.,1.,1.,1.,1.,1.,1.,1.,1.,1.,       29P    611
1.,1.,1.,1.,1.,1.,1.,1.,1.,1.,1.,1.,1.,1.,1.,1.,1.,1.,1.,1.,1.,       29P    612
1.,1.,1.,1.,1.,1.,1.,1.,1.,1.,1.,1.,1.,1.,1.,1.,1.,1.,1.,1.,1.,       29P    613
1.,1.,1.,1.,1.,1.,1.,1.,1.,1.,1.,1.,1.,1.,1.,1.,1.,1.,1.,1.,1.,       29P    614
1.,1.,1.,1.,1.,1.,1.,1.,1.,1.,1.,1.,1.,1.,1.,1.,1.,1.,1.,1.,1.,       29P    615
1.,1.,1.,1.,1.,1.,1.,1.,1.,1.,1.,1.,1.,1.,1.,1.,1.,1.,1.,1.,1.,       29P    616
1.,1.,1.,1.,1.,1.,1.,1.,1.,1.,1.,1.,1.,1.,1.,1.,1.,1.,1.,1.,1.,       29P    617
1.,1.,1.,1.,1.,1.,1.,1.,1.,1.,1.,1.,1.,1.,1.,1.,1.,1.,1.,1.,1.,       29P    618
1.,1.,1.,1.,1.,1.,1.,1.,1.,1.,1.,1.,1.,1.,1.,1.,1.,1.,1.,1.,1.,       29P    619
1.,1.,1.,1.,1.,1.,1.,1.,1.,1.,1.,1.,1.,1.,1.,1.,1.,1.,1.,1.,1.,       29P    620
1.,1.,1.,1.,1.,1.,1.,1.,1.,1.,1.,1.,1.,1.,1.,1.,1.,1.,1.,1.,1.,       29P    621
1.,1.,1.,1.,1.,1.,1.,1.,1.,1.,1.,1.,1.,1.,1.,1.,1.,1.,1.,1.,1.,       29P    622
1.,1.,1.,1.,1.,1.,1.,1.,1.,1.,1.,1.,1.,1.,1.,1.,1.,1.,1.,1.,1.,       29P    623
1.,1.,1.,1.,1.,1.,1.,1.,1.,1.,1.,1.,1.,1.,1.,1.,1.,1.,1.,1.,1.,       29P    624
1.,1.,1.,1.,1.,1.,1.,1.,1.,1.,1.,1.,1.,1.,1.,1.,1.,1.,1.,1.,1.,       29P    625
1.,1.,1.,1.,1.,1.,1.,1.,1.,1.,1.,1.,1.,1.,1.,1.,1.,1.,1.,1.,1.,       29P    626
1.,1.,1.,1.,1.,1.,1.,1.,1.,1.,1.,1.,1.,1.,1.,1.,1.,1.,1.,1.,1.,       29P    627
1.,1.,1.,1.,1.,1.,1.,1.,1.,1.,1.,1.,1.,1.,1.,1.,1.,1.,1.,1.,1.,       29P    628
1.,1.,1.,1.,1.,1.,1.,1.,1.,1.,1.,1.,1.,1.,1.,1.,1.,1.,1.,1.,1.,       29P    629
1.,1.,1.,1.,1.,1.,1.,1.,1.,1.,1.,1.,1.,1.,1.,1.,1.,1.,1.,1.,1.,       29P    630
1.,1.,1.,1.,1.,1.,1.,1.,1.,1.,1.,1.,1.,1.,1.,1.,1.,1.,1.,1.,1.,       29P    631
1.,1.,1.,1.,1.,1.,1.,1.,1.,1.,1.,1.,1.,1.,1.,1.,1.,1.,1.,1.,1.,       29P    632
1.,1.,1.,1.,1.,1.,1.,1.,1.,1.,1.,1.,1.,1.,1.,1.,1.,1.,1.,1.,1.,       29P    633
1.,1.,1.,1.,1.,1.,1.,1.,1.,1.,1.,1.,1.,1.,1.,1.,1.,1.,1.,1.,1.,       29P    634
1.,1.,1.,1.,1.,1.,1.,1.,1.,1.,1.,1.,1.,1.,1.,1.,1.,1.,1.,1.,1.,       29P    635
1.,1.,1.,1.,1.,1.,1.,1.,1.,1.,1.,1.,1.,1.,1.,1.,1.,1.,1.,1.,1.,       29P    636
1.,1.,1.,1.,1.,1.,1.,1.,1.,1.,1.,1.,1.,1.,1.,1.,1.,1.,1.,1.,1.,       29P    637
1.,1.,1.,1.,1.,1.,1.,1.,1.,1.,1.,1.,1.,1.,1.,1.,1.,1.,1.,1.,1.,       29P    638
1.,1.,1.,1.,1.,1.,1.,1.,1.,1.,1.,1.,1.,1.,1.,1.,1.,1.,1.,1.,1.,       29P    639
1.,1.,1.,1.,1.,1.,1.,1.,1.,1.,1.,1.,1.,1.,1.,1.,1.,1.,1.,1.,1.,       29P    640
1.,1.,1.,1.,1.,1.,1.,1.,1.,1.,1.,1.,1.,1.,1.,1.,1.,1.,1.,1.,1.,       29P    641
1.,1.,1.,1.,1.,1.,1.,1.,1.,1.,1.,1.,1.,1.,1.,1.,1.,1.,1.,1.,1.,       29P    642
1.,1.,1.,1.,1.,1.,1.,1.,1.,1.,1.,1.,1.,1.,1.,1.,1.,1.,1.,1.,1.,       29P    643
1.,1.,1.,1.,1.,1.,1.,1.,1.,1.,1.,1.,1.,1.,1.,1.,1.,1.,1.,1.,1.,       29P    644
1.,1.,1.,1.,1.,1.,1.,1.,1.,1.,1.,1.,1.,1.,1.,1.,1.,1.,1.,1.,1.,       29P    645
1.,1.,1.,1.,1.,1.,1.,1.,1.,1.,1.,1.,1.,1.,1.,1.,1.,1.,1.,1.,1.,       29P    646
1.,1.,1.,1.,1.,1.,1.,1.,1.,1.,1.,1.,1.,1.,1.,1.,1.,1.,1.,1.,1.,       29P    647
1.,1.,1.,1.,1.,1.,1.,1.,1.,1.,1.,1.,1.,1.,1.,1.,1.,1.,1.,1.,1.,       29P    648
1.,1.,1.,1.,1.,1.,1.,1.,1.,1.,1.,1.,1.,1.,1.,1.,1.,1.,1.,1.,1.,       29P    649
1.,1.,1.,1.,1.,1.,1.,1.,1.,1.,1.,1.,1.,1.,1.,1.,1.,1.,1.,1.,1.,       29P    650
1.,1.,1.,1.,1.,1.,1.,1.,1.,1.,1.,1.,1.,1.,1.,1.,1.,1.,1.,1.,1.,       29P    651
1.,1.,1.,1.,1.,1.,1.,1.,1.,1.,1.,1.,1.,1.,1.,1.,1.,1.,1.,1.,1.,       29P    652
1.,1.,1.,1.,1.,1.,1.,1.,1.,1.,1.,1.,1.,1.,1.,1.,1.,1.,1.,1.,1.,       29P    653
1.,1.,1.,1.,1.,1.,1.,1.,1.,1.,1.,1.,1.,1.,1.,1.,1.,1.,1.,1.,1.,       29P    654
1.,1.,1.,1.,1.,1.,1.,1.,1.,1.,1.,1.,1.,1.,1.,1.,1.,1.,1.,1.,1.,       29P    655
1.,1.,1.,1.,1.,1.,1.,1.,1.,1.,1.,1.,1.,1.,1.,1.,1.,1.,1.,1.,1.,       29P    656
1.,1.,1.,1.,1.,1.,1.,1.,1.,1.,1.,1.,1.,1.,1.,1.,1.,1.,1.,1.,1.,       29P    657
1.,1.,1.,1.,1.,1.,1.,1.,1.,1.,1.,1.,1.,1.,1.,1.,1.,1.,1.,1.,1.,       29P    658
1.,1.,1.,1.,1.,1.,1.,1.,1.,1.,1.,1.,1.,1.,1.,1.,1.,1.,1.,1.,1.,       29P    659
1.,1.,1.,1.,1.,1.,1.,1.,1.,1.,1.,1.,1.,1.,1.,1.,1.,1.,1.,1.,1.,       29P    660
1.,1.,1.,1.,1.,1.,1.,1.,1.,1.,1.,1.,1.,1.,1.,1.,1.,1.,1.,1.,1.,       29P    661
1.,1.,1.,1.,1.,1.,1.,1.,1.,1.,1.,1.,1.,1.,1.,1.,1.,1.,1.,1.,1.,       29P    662
1.,1.,1.,1.,1.,1.,1.,1.,1.,1.,1.,1.,1.,1.,1.,1.,1.,1.,1.,1.,1.,       29P    663
1.,1.,1.,1.,1.,1.,1.,1.,1.,1.,1.,1.,1.,1.,1.,1.,1.,1.,1.,1.,1.,       29P    664
1.,1.,1.,1.,1.,1.,1.,1.,1.,1.,1.,1.,1.,1.,1.,1.,1.,1.,1.,1.,1.,       29P    665
1.,1.,1.,1.,1.,1.,1.,1.,1.,1.,1.,1.,1.,1.,1.,1.,1.,1.,1.,1.,1.,       29P    666
1.,1.,1.,1.,1.,1.,1.,1.,1.,1.,1.,1.,1.,1.,1.,1.,1.,1.,1.,1.,1.,       29P    667
1.,1.,1.,1.,1.,1.,1.,1.,1.,1.,1.,1.,1.,1.,1.,1.,1.,1.,1.,1.,1.,       29P    668
1.,1.,1.,1.,1.,1.,1.,1.,1.,1.,1.,1.,1.,1.,1.,1.,1.,1.,1.,1.,1.,       29P    669
1.,1.,1.,1.,1.,1.,1.,1.,1.,1.,1.,1.,1.,1.,1.,1.,1.,1.,1.,1.,1.,       29P    670
1.,1.,1.,1.,1.,1.,1.,1.,1.,1.,1.,1.,1.,1.,1.,1.,1.,1.,1.,1.,1.,       29P    671
1.,1.,1.,1.,1.,1.,1.,1.,1.,1.,1.,1.,1.,1.,1.,1.,1.,1.,1.,1.,1.,       29P    672
1.,1.,1.,1.,1.,1.,1.,1.,1.,1.,1.,1.,1.,1.,1.,1.,1.,1.,1.,1.,1.,       29P    673
1.,1.,1.,1.,1.,1.,1.,1.,1.,1.,1.,1.,1.,1.,1.,1.,1.,1.,1.,1.,1.,       29P    674
1.,1.,1.,1.,1.,1.,1.,1.,1.,1.,1.,1.,1.,1.,1.,1.,1.,1.,1.,1.,1.,       29P    675
1.,1.,1.,1.,1.,1.,1.,1.,1.,1.,1.,1.,1.,1.,1.,1.,1.,1.,1.,1.,1.,       29P    676
1.,1.,1.,1.,1.,1.,1.,1.,1.,1.,1.,1.,1.,1.,1.,1.,1.,1.,1.,1.,1.,       29P    677
1.,1.,1.,1.,1.,1.,1.,1.,1.,1.,1.,1.,1.,1.,1.,1.,1.,1.,1.,1.,1.,       29P    678
1.,1.,1.,1.,1.,1.,1.,1.,1.,1.,1.,1.,1.,1.,1.,1.,1.,1.,1.,1.,1.,       29P    679
1.,1.,1.,1.,1.,1.,1.,1.,1.,1.,1.,1.,1.,1.,1.,1.,1.,1.,1.,1.,1.,       29P    680
1.,1.,1.,1.,1.,1.,1.,1.,1.,1.,1.,1.,1.,1.,1.,1.,1.,1.,1.,1.,1.,       29P    681
1.,1.,1.,1.,1.,1.,1.,1.,1.,1.,1.,1.,1.,1.,1.,230.285,0.3972,          29P    682
10.747,230.285,0.397921,10.747,230.284,0.39887,10.747,230.282,        29P    683
0.39973,10.747,230.281,0.400149,10.747,230.28,0.400493,10.747,        29P    684
230.278,0.400577,10.747,230.277,0.400355,10.747,230.276,              29P    685
0.400102,10.747,230.275,0.399766,10.747,230.274,0.399548,10.747,      29P    686
230.273,0.398948,10.747,230.273,0.398534,10.747,230.272,              29P    687
0.397595,10.747,230.271,0.397069,10.747,230.271,0.396203,10.747,      29P    688
230.27,0.395545,10.747,230.27,0.394841,10.747,230.27,0.393401,        29P    689
10.747,230.269,0.392269,10.747,230.269,0.390675,10.747,230.269,       29P    690
0.390201,10.747,230.27,0.389209,10.747,230.27,0.388693,10.747,        29P    691
230.271,0.385768,10.747,230.272,0.382476,10.747,230.274,              29P    692
0.378707,10.747,230.274,0.376957,10.747,230.275,0.375284,10.747,      29P    693
230.276,0.373585,10.747,230.276,0.371978,10.747,230.277,              29P    694
0.370741,10.747,230.277,0.36948,10.747,230.28,0.362738,10.747,        29P    695
230.283,0.35563,10.747,230.286,0.348592,10.747,230.287,0.346895,      29P    696
10.747,230.288,0.345274,10.747,230.289,0.34333,10.747,230.29,         29P    697
0.341386,10.747,230.29,0.339615,10.747,230.295,0.329543,10.747,       29P    698
230.3,0.31918,10.747,230.304,0.308975,10.747,230.306,0.306683,        29P    699
10.747,230.307,0.304677,10.747,230.307,0.302816,10.747,230.308,       29P    700
0.301633,10.747,230.309,0.300309,10.747,230.315,0.287071,10.747,      29P    701
230.322,0.273891,10.747,230.329,0.260758,10.747,230.33,0.259301,      29P    702
10.747,230.331,0.257635,10.747,230.332,0.255877,10.747,230.333,       29P    703
0.254025,10.747,230.334,0.252238,10.747,230.343,0.236045,10.747,      29P    704
230.352,0.219772,10.747,230.362,0.203979,10.747,230.363,              29P    705
0.202639,10.747,230.364,0.201364,10.747,230.365,0.199704,10.747,      29P    706
230.366,0.197955,10.747,230.367,0.196176,10.747,230.377,              29P    707
0.180383,10.747,230.387,0.164624,10.747,230.398,0.149154,10.747,      29P    708
230.399,0.147403,10.747,230.4,0.145836,10.747,230.401,0.144567,       29P    709
10.747,230.402,0.143466,10.747,230.403,0.142397,10.747,230.403,       29P    710
0.141341,10.747,230.414,0.126437,10.747,230.425,0.111627,10.747,      29P    711
230.437,0.0968307,10.747,230.438,0.0952592,10.747,230.439,            29P    712
0.0935823,10.747,230.441,0.0920432,10.747,230.442,0.0906235,          29P    713
10.747,230.443,0.0895231,10.747,230.454,0.0751272,10.747,             29P    714
230.466,0.0609187,10.747,230.479,0.0468524,10.747,230.48,             29P    715
0.0454807,10.747,230.481,0.0439556,10.747,230.483,0.0425167,          29P    716
10.747,230.484,0.0411346,10.747,230.485,0.0400401,10.747,             29P    717
230.497,0.0262594,10.747,230.51,0.0127608,10.747,230.524,             29P    718
-0.000509416,10.747,230.525,-0.00171214,10.747,230.526,               29P    719
-0.00285168,10.747,230.527,-0.00381854,10.747,230.528,                29P    720
-0.00475151,10.747,230.529,-0.00576473,10.747,230.53,                 29P    721
-0.00685158,10.747,230.543,-0.0199693,10.747,230.557,-0.0326687,      29P    722
10.747,230.571,-0.0451184,10.747,230.572,-0.0461559,10.747,           29P    723
230.573,-0.0471818,10.747,230.574,-0.0480726,10.747,230.575,          29P    724
-0.0489307,10.747,230.576,-0.0498995,10.747,230.578,-0.0509555,       29P    725
10.747,230.592,-0.0633944,10.747,230.606,-0.075387,10.747,            29P    726
230.621,-0.0871782,10.747,230.622,-0.0880762,10.747,230.623,          29P    727
-0.0892085,10.747,230.625,-0.0903543,10.747,230.626,-0.0915682,       29P    728
10.747,230.627,-0.092629,10.747,230.642,-0.104531,10.747,             29P    729
230.657,-0.116063,10.747,230.672,-0.127285,10.747,230.673,            29P    730
-0.128047,10.747,230.674,-0.128869,10.747,230.675,-0.129635,          29P    731
10.747,230.676,-0.130429,10.747,230.677,-0.13135,10.747,230.679,      29P    732
-0.132408,10.747,230.694,-0.143997,10.747,230.71,-0.155176,           29P    733
10.747,230.726,-0.16604,10.747,230.727,-0.166787,10.747,230.728,      29P    734
-0.16749,10.747,230.729,-0.168257,10.747,230.73,-0.169175,            29P    735
10.747,230.732,-0.170234,10.747,230.748,-0.181243,10.747,             29P    736
230.764,-0.191825,10.747,230.78,-0.202059,10.747,230.781,             29P    737
-0.202714,10.747,230.782,-0.203362,10.747,230.783,-0.20409,           29P    738
10.747,230.784,-0.204981,10.747,230.786,-0.206023,10.747,             29P    739
230.802,-0.216473,10.747,230.819,-0.22646,10.747,230.835,             29P    740
-0.236065,10.747,230.836,-0.236656,10.747,230.837,-0.237258,          29P    741
10.747,230.838,-0.237959,10.747,230.84,-0.23882,10.747,230.841,       29P    742
-0.239837,10.747,230.859,-0.249834,10.747,230.875,-0.259385,          29P    743
10.747,230.892,-0.268509,10.747,230.893,-0.269058,10.747,             29P    744
230.895,-0.269729,10.747,230.896,-0.270578,10.747,230.898,            29P    745
-0.27158,10.747,230.912,-0.279227,10.747,230.926,-0.286471,           29P    746
10.747,230.94,-0.293424,10.747,230.941,-0.293932,10.747,230.943,      29P    747
-0.294566,10.747,230.944,-0.295379,10.747,230.946,-0.296359,          29P    748
10.747,230.958,-0.301978,10.747,230.968,-0.307305,10.747,             29P    749
230.979,-0.312342,10.747,230.98,-0.312822,10.747,230.981,             29P    750
-0.313428,10.747,230.983,-0.314222,10.747,230.985,-0.315183,          29P    751
10.747,230.993,-0.318983,10.747,231.001,-0.32252,10.747,231.009,      29P    752
-0.325833,10.747,231.01,-0.326295,10.747,231.011,-0.326878,           29P    753
10.747,231.013,-0.327653,10.747,231.015,-0.328597,10.747,231.02,      29P    754
-0.330737,10.747,231.024,-0.332518,10.747,231.028,-0.334138,          29P    755
10.747,231.028,-0.334314,10.747,231.029,-0.334645,10.747,             29P    756
231.029,-0.3348,10.747,231.03,-0.335105,10.747,231.03,-0.335255,      29P    757
10.747,231.031,-0.335675,10.747,231.032,-0.335945,10.747,             29P    758
231.033,-0.336557,10.747,231.034,-0.336899,10.747,231.035,            29P    759
-0.33742,10.747,231.036,-0.33774,10.747,231.037,-0.33806,10.747,      29P    760
231.037,-0.33835,10.747,231.038,-0.33866,10.747,231.039,              29P    761
-0.339041,10.747,231.041,-0.339385,10.747,231.043,-0.339527,          29P    762
10.747,231.045,-0.339466,10.747,231.047,-0.339229,10.747,             29P    763
231.049,-0.33874,10.747,231.05,-0.337968,10.747,231.052,              29P    764
-0.337173,10.747,231.053,-0.33631,10.747,231.054,-0.335387,           29P    765
10.747,231.055,-0.334347,10.747,231.056,-0.333184,10.747,             29P    766
231.057,-0.33192,10.747,231.058,-0.330781,10.747,231.058,             29P    767
-0.329937,10.747,231.059,-0.329169,10.747,231.059,-0.328719,          29P    768
10.747,231.059,-0.327767,10.747,231.059,-0.327263,10.747,             29P    769
231.059,-0.326292,10.747,231.059,-0.325825,10.747,231.06,             29P    770
-0.324114,10.747,231.06,-0.322855,10.747,231.059,-0.320602,           29P    771
10.747,231.059,-0.319603,10.747,231.059,-0.318103,10.747,             29P    772
231.058,-0.317582,10.747,231.058,-0.31605,10.747,231.057,             29P    773
-0.315071,10.747,231.056,-0.31303,10.747,231.055,-0.312002,           29P    774
10.747,231.053,-0.310746,10.747,231.053,-0.310095,10.747,             29P    775
231.052,-0.309539,10.747,231.051,-0.309093,10.747,231.05,             29P    776
-0.308639,10.747,231.048,-0.307639,10.747,231.046,-0.306484,          29P    777
10.747,231.044,-0.305203,10.747,231.042,-0.303942,10.747,             29P    778
231.039,-0.30241,10.747,231.036,-0.300745,10.747,231.031,             29P    779
-0.298019,10.747,231.027,-0.295704,10.747,231.023,-0.293672,          29P    780
10.747,231.022,-0.293001,10.747,231.02,-0.291997,10.747,231.018,      29P    781
-0.290867,10.747,231.016,-0.289588,10.747,231.014,-0.288335,          29P    782
10.747,231.011,-0.286799,10.747,231.009,-0.285141,10.747,231.,        29P    783
-0.280458,10.747,230.993,-0.276144,10.747,230.986,-0.272076,          29P    784
10.747,230.985,-0.27142,10.747,230.984,-0.270414,10.747,230.982,      29P    785
-0.269277,10.747,230.98,-0.267993,10.747,230.978,-0.266725,           29P    786
10.747,230.974,-0.264691,10.747,230.962,-0.257298,10.747,             29P    787
230.951,-0.250128,10.747,230.941,-0.243811,10.747,230.94,             29P    788
-0.243154,10.747,230.939,-0.242152,10.747,230.937,-0.241007,          29P    789
10.747,230.935,-0.239733,10.747,230.933,-0.238483,10.747,             29P    790
230.931,-0.236961,10.747,230.928,-0.235317,10.747,230.914,            29P    791
-0.22587,10.747,230.9,-0.216656,10.747,230.887,-0.207522,10.747,      29P    792
230.885,-0.206513,10.747,230.884,-0.205366,10.747,230.882,            29P    793
-0.204103,10.747,230.88,-0.202875,10.747,230.878,-0.201394,           29P    794
10.747,230.876,-0.199789,10.747,230.862,-0.189667,10.747,             29P    795
230.848,-0.179749,10.747,230.835,-0.169926,10.747,230.834,            29P    796
-0.168934,10.747,230.832,-0.167818,10.747,230.831,-0.166578,          29P    797
10.747,230.829,-0.16538,10.747,230.827,-0.163926,10.747,230.825,      29P    798
-0.162388,10.747,230.811,-0.151667,10.747,230.798,-0.141099,          29P    799
10.747,230.785,-0.130569,10.747,230.783,-0.129545,10.747,             29P    800
230.782,-0.128458,10.747,230.781,-0.12727,10.747,230.779,             29P    801
-0.126108,10.747,230.777,-0.124719,10.747,230.776,-0.123232,          29P    802
10.747,230.762,-0.111787,10.747,230.748,-0.100285,10.747,             29P    803
230.735,-0.0885385,10.747,230.733,-0.0872968,10.747,230.732,          29P    804
-0.0861588,10.747,230.731,-0.0850611,10.747,230.729,-0.0837537,       29P    805
10.747,230.728,-0.0823489,10.747,230.714,-0.0702382,10.747,           29P    806
230.701,-0.0580545,10.747,230.687,-0.0456181,10.747,230.686,          29P    807
-0.0444233,10.747,230.685,-0.0433494,10.747,230.684,-0.0422993,       29P    808
10.747,230.682,-0.0410683,10.747,230.681,-0.0397515,10.747,           29P    809
230.668,-0.0269617,10.747,230.654,-0.0140404,10.747,230.641,          29P    810
-0.000951923,10.747,230.64,0.000162137,10.747,230.639,                29P    811
0.00115651,10.747,230.638,0.00210985,10.747,230.637,0.00323902,       29P    812
10.747,230.636,0.00443417,10.747,230.623,0.0178597,10.747,            29P    813
230.61,0.0313064,10.747,230.597,0.0448446,10.747,230.596,             29P    814
0.045847,10.747,230.595,0.0467418,10.747,230.594,0.0476022,           29P    815
10.747,230.593,0.0486114,10.747,230.592,0.0496787,10.747,             29P    816
230.578,0.063673,10.747,230.565,0.0778123,10.747,230.551,             29P    817
0.0921338,10.747,230.55,0.0933986,10.747,230.549,0.0945031,           29P    818
10.747,230.548,0.09544,10.747,230.535,0.109609,10.747,230.522,        29P    819
0.123786,10.747,230.509,0.138064,10.747,230.508,0.139013,10.747,      29P    820
230.507,0.139944,10.747,230.506,0.141108,10.747,230.492,              29P    821
0.156047,10.747,230.478,0.171171,10.747,230.465,0.186169,10.747,      29P    822
230.464,0.187303,10.747,230.45,0.202991,10.747,230.436,0.218766,      29P    823
10.747,230.422,0.234452,10.747,230.421,0.235383,10.747,230.408,       29P    824
0.251154,10.747,230.394,0.267003,10.747,230.38,0.282978,10.747,       29P    825
230.369,0.296694,10.747,230.357,0.310421,10.747,230.337,              29P    826
0.334323,10.747,230.328,0.345375,10.747,230.312,0.364338,10.747,      29P    827
230.301,0.378209,10.747,230.29,0.391767,10.747,230.285,0.3972,        29P    828
10.747,230.285,0.400854,10.7737,230.285,0.401575,10.7737,             29P    829
230.284,0.402523,10.7737,230.282,0.403383,10.7737,230.281,            29P    830
0.403801,10.7737,230.28,0.404145,10.7737,230.278,0.404229,            29P    831
10.7737,230.277,0.40401,10.7737,230.276,0.403761,10.7737,             29P    832
230.275,0.40343,10.7737,230.274,0.403215,10.7737,230.273,             29P    833
0.402625,10.7737,230.273,0.402219,10.7737,230.272,0.401299,           29P    834
10.7737,230.271,0.400784,10.7737,230.271,0.399938,10.7737,            29P    835
230.27,0.399295,10.7737,230.27,0.398608,10.7737,230.27,0.3972,        29P    836
10.7737,230.269,0.396085,10.7737,230.269,0.394506,10.7737,            29P    837
230.27,0.394035,10.7737,230.27,0.393046,10.7737,230.27,0.392533,      29P    838
10.7737,230.271,0.38964,10.7737,230.272,0.386378,10.7737,             29P    839
230.274,0.382638,10.7737,230.275,0.380901,10.7737,230.275,            29P    840
0.37924,10.7737,230.276,0.377551,10.7737,230.277,0.375955,            29P    841
10.7737,230.277,0.374725,10.7737,230.278,0.373471,10.7737,            29P    842
230.28,0.36677,10.7737,230.284,0.359701,10.7737,230.287,              29P    843
0.352701,10.7737,230.287,0.351013,10.7737,230.288,0.349401,           29P    844
10.7737,230.289,0.347467,10.7737,230.29,0.345532,10.7737,             29P    845
230.291,0.343771,10.7737,230.295,0.333749,10.7737,230.3,              29P    846
0.323432,10.7737,230.305,0.313266,10.7737,230.306,0.310983,           29P    847
10.7737,230.307,0.308985,10.7737,230.308,0.30713,10.7737,             29P    848
230.308,0.305952,10.7737,230.309,0.304632,10.7737,230.316,            29P    849
0.291439,10.7737,230.322,0.278294,10.7737,230.33,0.265184,            29P    850
10.7737,230.33,0.26373,10.7737,230.331,0.262066,10.7737,230.332,      29P    851
0.26031,10.7737,230.333,0.258461,10.7737,230.334,0.256676,            29P    852
10.7737,230.343,0.240504,10.7737,230.353,0.224234,10.7737,            29P    853
230.362,0.208419,10.7737,230.363,0.207077,10.7737,230.364,            29P    854
0.205801,10.7737,230.365,0.204139,10.7737,230.366,0.202386,           29P    855
10.7737,230.367,0.200604,10.7737,230.377,0.184781,10.7737,            29P    856
230.388,0.168966,10.7737,230.398,0.153427,10.7737,230.4,              29P    857
0.151668,10.7737,230.401,0.150093,10.7737,230.402,0.148819,           29P    858
10.7737,230.402,0.147712,10.7737,230.403,0.146638,10.7737,            29P    859
230.404,0.145577,10.7737,230.415,0.1306,10.7737,230.426,              29P    860
0.115756,10.7737,230.437,0.10092,10.7737,230.438,0.099344,            29P    861
10.7737,230.44,0.0976624,10.7737,230.441,0.0961189,10.7737,           29P    862
230.442,0.0946951,10.7737,230.443,0.0935914,10.7737,230.454,          29P    863
0.0791522,10.7737,230.466,0.0648856,10.7737,230.479,0.0507424,        29P    864
10.7737,230.48,0.0493631,10.7737,230.481,0.0478293,10.7737,           29P    865
230.482,0.046382,10.7737,230.484,0.0449918,10.7737,230.485,           29P    866
0.0438908,10.7737,230.497,0.0300265,10.7737,230.51,0.0164251,         29P    867
10.7737,230.523,0.00303031,10.7737,230.524,0.00181616,10.7737,        29P    868
230.525,0.000665656,10.7737,230.526,-0.000310594,10.7737,             29P    869
230.527,-0.00125271,10.7737,230.528,-0.00227595,10.7737,230.529,      29P    870
-0.00337367,10.7737,230.542,-0.0166239,10.7737,230.556,               29P    871
-0.0294762,10.7737,230.57,-0.0420931,10.7737,230.571,-0.0431446,      29P    872
10.7737,230.572,-0.0441844,10.7737,230.573,-0.0450873,10.7737,        29P    873
230.574,-0.0459573,10.7737,230.575,-0.0469395,10.7737,230.576,        29P    874
-0.04801,10.7737,230.59,-0.0606225,10.7737,230.604,-0.0727992,        29P    875
10.7737,230.619,-0.0847753,10.7737,230.62,-0.0856875,10.7737,         29P    876
230.621,-0.0868376,10.7737,230.623,-0.0880014,10.7737,230.624,        29P    877
-0.0892344,10.7737,230.626,-0.090312,10.7737,230.64,-0.102402,        29P    878
10.7737,230.655,-0.114117,10.7737,230.669,-0.125538,10.7737,          29P    879
230.67,-0.126314,10.7737,230.672,-0.127151,10.7737,230.673,           29P    880
-0.127931,10.7737,230.674,-0.128739,10.7737,230.675,-0.129676,        29P    881
10.7737,230.676,-0.130755,10.7737,230.692,-0.142559,10.7737,          29P    882
230.707,-0.153975,10.7737,230.722,-0.165069,10.7737,230.724,          29P    883
-0.165832,10.7737,230.725,-0.16655,10.7737,230.726,-0.167333,         29P    884
10.7737,230.727,-0.16827,10.7737,230.728,-0.169352,10.7737,           29P    885
230.744,-0.180594,10.7737,230.76,-0.191396,10.7737,230.776,           29P    886
-0.201864,10.7737,230.777,-0.202533,10.7737,230.778,-0.203196,        29P    887
10.7737,230.779,-0.203941,10.7737,230.78,-0.204853,10.7737,           29P    888
230.782,-0.205919,10.7737,230.798,-0.216616,10.7737,230.814,          29P    889
-0.226864,10.7737,230.831,-0.236717,10.7737,230.832,-0.237323,        29P    890
10.7737,230.833,-0.237941,10.7737,230.834,-0.23866,10.7737,           29P    891
230.835,-0.239542,10.7737,230.837,-0.240586,10.7737,230.854,          29P    892
-0.250839,10.7737,230.871,-0.260627,10.7737,230.887,-0.27001,         29P    893
10.7737,230.888,-0.270575,10.7737,230.89,-0.271265,10.7737,           29P    894
230.891,-0.272138,10.7737,230.893,-0.273169,10.7737,230.907,          29P    895
-0.281042,10.7737,230.921,-0.288525,10.7737,230.935,-0.29571,         29P    896
10.7737,230.936,-0.296235,10.7737,230.937,-0.29689,10.7737,           29P    897
230.939,-0.297731,10.7737,230.941,-0.298743,10.7737,230.952,          29P    898
-0.30455,10.7737,230.963,-0.310052,10.7737,230.973,-0.315251,         29P    899
10.7737,230.974,-0.315747,10.7737,230.976,-0.316372,10.7737,          29P    900
230.977,-0.317192,10.7737,230.979,-0.318184,10.7737,230.987,          29P    901
-0.322105,10.7737,230.995,-0.325758,10.7737,231.002,-0.329196,        29P    902
10.7737,231.003,-0.329675,10.7737,231.005,-0.33028,10.7737,           29P    903
231.006,-0.331085,10.7737,231.009,-0.332068,10.7737,231.013,          29P    904
-0.334297,10.7737,231.017,-0.336159,10.7737,231.021,-0.337856,        29P    905
10.7737,231.022,-0.338041,10.7737,231.022,-0.338388,10.7737,          29P    906
231.023,-0.33855,10.7737,231.023,-0.338869,10.7737,231.024,           29P    907
-0.339027,10.7737,231.025,-0.339468,10.7737,231.025,-0.339751,        29P    908
10.7737,231.027,-0.340394,10.7737,231.028,-0.34076,10.7737,           29P    909
231.029,-0.34133,10.7737,231.029,-0.341664,10.7737,231.03,            29P    910
-0.34197,10.7737,231.031,-0.342237,10.7737,231.032,-0.342519,         29P    911
10.7737,231.033,-0.342856,10.7737,231.035,-0.343139,10.7737,          29P    912
231.037,-0.343218,10.7737,231.038,-0.343092,10.7737,231.04,           29P    913
-0.342781,10.7737,231.042,-0.342211,10.7737,231.044,-0.341363,        29P    914
10.7737,231.045,-0.34051,10.7737,231.047,-0.339601,10.7737,           29P    915
231.048,-0.338637,10.7737,231.049,-0.337558,10.7737,231.05,           29P    916
-0.336359,10.7737,231.05,-0.335062,10.7737,231.051,-0.333898,         29P    917
10.7737,231.051,-0.333038,10.7737,231.052,-0.332258,10.7737,          29P    918
231.052,-0.331802,10.7737,231.052,-0.330838,10.7737,231.052,          29P    919
-0.33033,10.7737,231.052,-0.329352,10.7737,231.052,-0.328882,         29P    920
10.7737,231.053,-0.327165,10.7737,231.053,-0.325907,10.7737,          29P    921
231.052,-0.323666,10.7737,231.052,-0.322676,10.7737,231.051,          29P    922
-0.321195,10.7737,231.051,-0.320681,10.7737,231.05,-0.319176,         29P    923
10.7737,231.05,-0.318219,10.7737,231.048,-0.316239,10.7737,           29P    924
231.047,-0.315271,10.7737,231.046,-0.314147,10.7737,231.045,          29P    925
-0.313546,10.7737,231.044,-0.312995,10.7737,231.043,-0.312532,        29P    926
10.7737,231.042,-0.31206,10.7737,231.041,-0.311022,10.7737,           29P    927
231.039,-0.309823,10.7737,231.036,-0.308492,10.7737,231.034,          29P    928
-0.307182,10.7737,231.031,-0.30559,10.7737,231.028,-0.30386,          29P    929
10.7737,231.024,-0.301025,10.7737,231.02,-0.298616,10.7737,           29P    930
231.016,-0.296501,10.7737,231.015,-0.295802,10.7737,231.013,          29P    931
-0.294758,10.7737,231.011,-0.293581,10.7737,231.009,-0.292251,        29P    932
10.7737,231.007,-0.290947,10.7737,231.004,-0.28935,10.7737,           29P    933
231.002,-0.287626,10.7737,230.994,-0.282762,10.7737,230.986,          29P    934
-0.278294,10.7737,230.98,-0.274089,10.7737,230.979,-0.27341,          29P    935
10.7737,230.977,-0.272372,10.7737,230.975,-0.271197,10.7737,          29P    936
230.973,-0.26987,10.7737,230.971,-0.268562,10.7737,230.968,           29P    937
-0.266462,10.7737,230.956,-0.258834,10.7737,230.945,-0.251449,        29P    938
10.7737,230.935,-0.244948,10.7737,230.934,-0.244272,10.7737,          29P    939
230.933,-0.243241,10.7737,230.931,-0.242062,10.7737,230.929,          29P    940
-0.240752,10.7737,230.927,-0.239467,10.7737,230.925,-0.237902,        29P    941
10.7737,230.922,-0.236211,10.7737,230.908,-0.226501,10.7737,          29P    942
230.895,-0.217044,10.7737,230.882,-0.20769,10.7737,230.88,            29P    943
-0.206656,10.7737,230.879,-0.205482,10.7737,230.877,-0.20419,         29P    944
10.7737,230.875,-0.202933,10.7737,230.873,-0.201417,10.7737,          29P    945
230.871,-0.199776,10.7737,230.857,-0.189427,10.7737,230.843,          29P    946
-0.179311,10.7737,230.831,-0.169306,10.7737,230.829,-0.168296,        29P    947
10.7737,230.828,-0.167159,10.7737,230.826,-0.165896,10.7737,          29P    948
230.825,-0.164677,10.7737,230.823,-0.163197,10.7737,230.821,          29P    949
-0.161631,10.7737,230.807,-0.150721,10.7737,230.794,-0.139977,        29P    950
10.7737,230.781,-0.129288,10.7737,230.779,-0.128249,10.7737,          29P    951
230.778,-0.127145,10.7737,230.777,-0.12594,10.7737,230.775,           29P    952
-0.124761,10.7737,230.774,-0.123353,10.7737,230.772,-0.121844,        29P    953
10.7737,230.758,-0.110237,10.7737,230.745,-0.0985913,10.7737,         29P    954
230.731,-0.0867103,10.7737,230.73,-0.0854544,10.7737,230.729,         29P    955
-0.0843036,10.7737,230.727,-0.0831936,10.7737,230.726,                29P    956
-0.0818716,10.7737,230.724,-0.0804513,10.7737,230.711,                29P    957
-0.0682074,10.7737,230.698,-0.0559007,10.7737,230.684,                29P    958
-0.0433697,10.7737,230.683,-0.042166,10.7737,230.682,-0.0410842,      29P    959
10.7737,230.681,-0.0400267,10.7737,230.68,-0.038787,10.7737,          29P    960
230.678,-0.0374613,10.7737,230.665,-0.0245875,10.7737,230.652,        29P    961
-0.0116166,10.7737,230.639,0.00152882,10.7737,230.638,                29P    962
0.00264778,10.7737,230.637,0.00364656,10.7737,230.636,                29P    963
0.00460417,10.7737,230.635,0.00573843,10.7737,230.633,                29P    964
0.00693905,10.7737,230.62,0.020427,10.7737,230.607,0.0339506,         29P    965
10.7737,230.594,0.047554,10.7737,230.593,0.0485612,10.7737,           29P    966
230.593,0.0494602,10.7737,230.592,0.0503247,10.7737,230.591,          29P    967
0.0513385,10.7737,230.59,0.0524107,10.7737,230.576,0.066468,          29P    968
10.7737,230.563,0.0806546,10.7737,230.55,0.0949727,10.7737,           29P    969
230.548,0.0962369,10.7737,230.547,0.0973406,10.7737,230.547,          29P    970
0.0982768,10.7737,230.533,0.112432,10.7737,230.52,0.126658,           29P    971
10.7737,230.507,0.140984,10.7737,230.506,0.141936,10.7737,            29P    972
230.506,0.142871,10.7737,230.504,0.144039,10.7737,230.491,            29P    973
0.159027,10.7737,230.477,0.174164,10.7737,230.464,0.189195,           29P    974
10.7737,230.463,0.190331,10.7737,230.449,0.206055,10.7737,            29P    975
230.435,0.221894,10.7737,230.421,0.237621,10.7737,230.421,            29P    976
0.238553,10.7737,230.407,0.254364,10.7737,230.393,0.270239,           29P    977
10.7737,230.38,0.286268,10.7737,230.368,0.300032,10.7737,             29P    978
230.357,0.313827,10.7737,230.337,0.337827,10.7737,230.327,            29P    979
0.348917,10.7737,230.312,0.367897,10.7737,230.301,0.381753,           29P    980
10.7737,230.29,0.395388,10.7737,230.285,0.400854,10.7737,             29P    981
230.286,0.408973,10.8346,230.285,0.409686,10.8346,230.284,            29P    982
0.410629,10.8346,230.282,0.411487,10.8346,230.281,0.411905,           29P    983
10.8346,230.28,0.412247,10.8346,230.278,0.412327,10.8346,             29P    984
230.277,0.412098,10.8346,230.276,0.411843,10.8346,230.275,            29P    985
0.411505,10.8346,230.275,0.411286,10.8346,230.274,0.410694,           29P    986
10.8346,230.273,0.410292,10.8346,230.272,0.409389,10.8346,            29P    987
230.272,0.408887,10.8346,230.271,0.408065,10.8346,230.271,            29P    988
0.407442,10.8346,230.271,0.406779,10.8346,230.27,0.405415,            29P    989
10.8346,230.27,0.404324,10.8346,230.27,0.402782,10.8346,230.27,       29P    990
0.402329,10.8346,230.27,0.40136,10.8346,230.271,0.400855,             29P    991
10.8346,230.272,0.398019,10.8346,230.273,0.394813,10.8346,            29P    992
230.275,0.391128,10.8346,230.275,0.389414,10.8346,230.276,            29P    993
0.387775,10.8346,230.277,0.386108,10.8346,230.277,0.384531,           29P    994
10.8346,230.278,0.383315,10.8346,230.279,0.382076,10.8346,            29P    995
230.281,0.375446,10.8346,230.285,0.368453,10.8346,230.288,            29P    996
0.361526,10.8346,230.288,0.359855,10.8346,230.289,0.358259,           29P    997
10.8346,230.29,0.356345,10.8346,230.291,0.35443,10.8346,230.292,      29P    998
0.352686,10.8346,230.296,0.342769,10.8346,230.301,0.332546,           29P    999
10.8346,230.306,0.32246,10.8346,230.307,0.320194,10.8346,             29P   1000
230.308,0.318211,10.8346,230.309,0.316369,10.8346,230.31,0.3152,      29P   1001
10.8346,230.311,0.31389,10.8346,230.317,0.300782,10.8346,             29P   1002
230.324,0.287706,10.8346,230.331,0.274644,10.8346,230.332,            29P   1003
0.273195,10.8346,230.333,0.271537,10.8346,230.334,0.269787,           29P   1004
10.8346,230.335,0.267944,10.8346,230.336,0.266165,10.8346,            29P   1005
230.345,0.250039,10.8346,230.354,0.233782,10.8346,230.364,            29P   1006
0.217939,10.8346,230.365,0.216595,10.8346,230.366,0.215316,           29P   1007
10.8346,230.367,0.213649,10.8346,230.368,0.211893,10.8346,            29P   1008
230.369,0.210105,10.8346,230.379,0.194243,10.8346,230.389,            29P   1009
0.178336,10.8346,230.4,0.162674,10.8346,230.401,0.160902,             29P   1010
10.8346,230.402,0.159314,10.8346,230.403,0.158029,10.8346,            29P   1011
230.404,0.156913,10.8346,230.405,0.15583,10.8346,230.405,             29P   1012
0.15476,10.8346,230.416,0.139647,10.8346,230.427,0.124727,            29P   1013
10.8346,230.438,0.1098,10.8346,230.439,0.108215,10.8346,230.441,      29P   1014
0.106522,10.8346,230.442,0.104969,10.8346,230.443,0.103535,           29P   1015
10.8346,230.444,0.102432,10.8346,230.455,0.087887,10.8346,            29P   1016
230.467,0.07349,10.8346,230.479,0.059176,10.8346,230.48,              29P   1017
0.0577797,10.8346,230.481,0.0562268,10.8346,230.483,0.054761,         29P   1018
10.8346,230.484,0.0533528,10.8346,230.485,0.052245,10.8346,           29P   1019
230.497,0.0381961,10.8346,230.509,0.0243686,10.8346,230.522,          29P   1020
0.0107039,10.8346,230.523,0.00946504,10.8346,230.524,0.00829082,      29P   1021
10.8346,230.525,0.00729415,10.8346,230.526,0.00633227,10.8346,        29P   1022
230.527,0.00528739,10.8346,230.528,0.00416622,10.8346,230.541,        29P   1023
-0.00936989,10.8346,230.554,-0.0225485,10.8346,230.567,               29P   1024
-0.0355242,10.8346,230.569,-0.0366058,10.8346,230.57,-0.0376756,      29P   1025
10.8346,230.571,-0.0386048,10.8346,230.572,-0.0395001,10.8346,        29P   1026
230.573,-0.040511,10.8346,230.574,-0.0416131,10.8346,230.587,         29P   1027
-0.0546056,10.8346,230.601,-0.0671815,10.8346,230.615,                29P   1028
-0.0795603,10.8346,230.616,-0.0805031,10.8346,230.617,-0.081692,      29P   1029
10.8346,230.619,-0.0828953,10.8346,230.62,-0.08417,10.8346,           29P   1030
230.622,-0.0852767,10.8346,230.636,-0.0977765,10.8346,230.65,         29P   1031
-0.109891,10.8346,230.664,-0.121742,10.8346,230.665,-0.122548,        29P   1032
10.8346,230.666,-0.123416,10.8346,230.667,-0.124226,10.8346,          29P   1033
230.668,-0.125065,10.8346,230.669,-0.126039,10.8346,230.671,          29P   1034
-0.127159,10.8346,230.686,-0.139425,10.8346,230.701,-0.151337,        29P   1035
10.8346,230.716,-0.162924,10.8346,230.717,-0.163721,10.8346,          29P   1036
230.718,-0.16447,10.8346,230.719,-0.165288,10.8346,230.72,            29P   1037
-0.166268,10.8346,230.722,-0.167397,10.8346,230.737,-0.179141,        29P   1038
10.8346,230.752,-0.190427,10.8346,230.768,-0.201402,10.8346,          29P   1039
230.769,-0.202104,10.8346,230.77,-0.202799,10.8346,230.771,           29P   1040
-0.20358,10.8346,230.772,-0.204537,10.8346,230.774,-0.205656,         29P   1041
10.8346,230.79,-0.216883,10.8346,230.805,-0.227684,10.8346,           29P   1042
230.821,-0.238069,10.8346,230.822,-0.238708,10.8346,230.823,          29P   1043
-0.239359,10.8346,230.824,-0.240117,10.8346,230.826,-0.241047,        29P   1044
10.8346,230.827,-0.242147,10.8346,230.844,-0.252954,10.8346,          29P   1045
230.86,-0.263267,10.8346,230.876,-0.273212,10.8346,230.877,           29P   1046
-0.27381,10.8346,230.879,-0.274542,10.8346,230.88,-0.275469,          29P   1047
10.8346,230.882,-0.276563,10.8346,230.896,-0.284924,10.8346,          29P   1048
230.909,-0.29292,10.8346,230.923,-0.300604,10.8346,230.924,           29P   1049
-0.301165,10.8346,230.925,-0.301866,10.8346,230.927,-0.302765,        29P   1050
10.8346,230.929,-0.303848,10.8346,230.939,-0.310059,10.8346,          29P   1051
230.95,-0.315941,10.8346,230.96,-0.321499,10.8346,230.961,            29P   1052
-0.322029,10.8346,230.963,-0.322697,10.8346,230.964,-0.323574,        29P   1053
10.8346,230.966,-0.324634,10.8346,230.974,-0.328826,10.8346,          29P   1054
230.982,-0.332736,10.8346,230.989,-0.336444,10.8346,230.99,           29P   1055
-0.336961,10.8346,230.991,-0.337615,10.8346,230.993,-0.338486,        29P   1056
10.8346,230.995,-0.33955,10.8346,231.,-0.341971,10.8346,231.004,      29P   1057
-0.344003,10.8346,231.007,-0.345861,10.8346,231.008,-0.346063,        29P   1058
10.8346,231.008,-0.346443,10.8346,231.009,-0.34662,10.8346,           29P   1059
231.01,-0.34697,10.8346,231.01,-0.347143,10.8346,231.011,             29P   1060
-0.347629,10.8346,231.011,-0.347937,10.8346,231.013,-0.34863,         29P   1061
10.8346,231.014,-0.349031,10.8346,231.015,-0.349666,10.8346,          29P   1062
231.015,-0.350014,10.8346,231.016,-0.350284,10.8346,231.017,          29P   1063
-0.350499,10.8346,231.018,-0.350719,10.8346,231.019,-0.350955,        29P   1064
10.8346,231.021,-0.351104,10.8346,231.023,-0.351042,10.8346,          29P   1065
231.025,-0.350768,10.8346,231.026,-0.350296,10.8346,231.028,          29P   1066
-0.349551,10.8346,231.03,-0.34854,10.8346,231.031,-0.347564,          29P   1067
10.8346,231.032,-0.346554,10.8346,231.033,-0.345502,10.8346,          29P   1068
231.034,-0.34434,10.8346,231.035,-0.343068,10.8346,231.036,           29P   1069
-0.341702,10.8346,231.036,-0.340487,10.8346,231.037,-0.339599,        29P   1070
10.8346,231.037,-0.338795,10.8346,231.037,-0.338328,10.8346,          29P   1071
231.037,-0.337344,10.8346,231.037,-0.336828,10.8346,231.037,          29P   1072
-0.335838,10.8346,231.037,-0.335365,10.8346,231.037,-0.33364,         29P   1073
10.8346,231.037,-0.33239,10.8346,231.036,-0.330188,10.8346,           29P   1074
231.036,-0.329224,10.8346,231.035,-0.327799,10.8346,231.035,          29P   1075
-0.327314,10.8346,231.034,-0.325894,10.8346,231.034,-0.324993,        29P   1076
10.8346,231.032,-0.323143,10.8346,231.031,-0.322283,10.8346,          29P   1077
231.029,-0.321374,10.8346,231.028,-0.320854,10.8346,231.027,          29P   1078
-0.320304,10.8346,231.027,-0.319804,10.8346,231.026,-0.319296,        29P   1079
10.8346,231.024,-0.318176,10.8346,231.022,-0.316882,10.8346,          29P   1080
231.02,-0.315447,10.8346,231.018,-0.314034,10.8346,231.015,           29P   1081
-0.312317,10.8346,231.012,-0.31045,10.8346,231.008,-0.30739,          29P   1082
10.8346,231.004,-0.304786,10.8346,231.,-0.3025,10.8346,230.999,       29P   1083
-0.301745,10.8346,230.998,-0.300617,10.8346,230.996,-0.299345,        29P   1084
10.8346,230.994,-0.297909,10.8346,230.992,-0.296501,10.8346,          29P   1085
230.989,-0.294778,10.8346,230.986,-0.29292,10.8346,230.979,           29P   1086
-0.287684,10.8346,230.972,-0.282896,10.8346,230.965,-0.278403,        29P   1087
10.8346,230.964,-0.277678,10.8346,230.963,-0.276569,10.8346,          29P   1088
230.961,-0.275315,10.8346,230.959,-0.273901,10.8346,230.957,          29P   1089
-0.272506,10.8346,230.954,-0.270269,10.8346,230.942,-0.26215,         29P   1090
10.8346,230.931,-0.25431,10.8346,230.922,-0.247425,10.8346,           29P   1091
230.921,-0.246709,10.8346,230.919,-0.245617,10.8346,230.918,          29P   1092
-0.24437,10.8346,230.916,-0.242984,10.8346,230.914,-0.241624,         29P   1093
10.8346,230.912,-0.239969,10.8346,230.909,-0.238182,10.8346,          29P   1094
230.896,-0.227921,10.8346,230.883,-0.217958,10.8346,230.87,           29P   1095
-0.208145,10.8346,230.869,-0.20706,10.8346,230.867,-0.205829,         29P   1096
10.8346,230.866,-0.204474,10.8346,230.864,-0.203158,10.8346,          29P   1097
230.862,-0.20157,10.8346,230.86,-0.199852,10.8346,230.846,            29P   1098
-0.189024,10.8346,230.833,-0.178488,10.8346,230.821,-0.168097,        29P   1099
10.8346,230.819,-0.167048,10.8346,230.818,-0.165868,10.8346,          29P   1100
230.816,-0.164557,10.8346,230.815,-0.163291,10.8346,230.813,          29P   1101
-0.161755,10.8346,230.811,-0.160132,10.8346,230.798,-0.148818,        29P   1102
10.8346,230.785,-0.137703,10.8346,230.772,-0.126676,10.8346,          29P   1103
230.771,-0.125605,10.8346,230.77,-0.124467,10.8346,230.768,           29P   1104
-0.123224,10.8346,230.767,-0.122009,10.8346,230.765,-0.120557,        29P   1105
10.8346,230.763,-0.119003,10.8346,230.75,-0.107048,10.8346,           29P   1106
230.737,-0.0950928,10.8346,230.724,-0.0829229,10.8346,230.723,        29P   1107
-0.0816368,10.8346,230.721,-0.0804582,10.8346,230.72,-0.0793218,      29P   1108
10.8346,230.719,-0.0779684,10.8346,230.717,-0.0765148,10.8346,        29P   1109
230.704,-0.0639853,10.8346,230.691,-0.051417,10.8346,230.678,         29P   1110
-0.0386747,10.8346,230.677,-0.0374511,10.8346,230.676,                29P   1111
-0.0363516,10.8346,230.675,-0.0352771,10.8346,230.673,-0.034018,      29P   1112
10.8346,230.672,-0.0326719,10.8346,230.659,-0.0196049,10.8346,        29P   1113
230.646,-0.0065022,10.8346,230.633,0.00678209,10.8346,230.632,        29P   1114
0.00791291,10.8346,230.631,0.00892245,10.8346,230.63,0.00989029,      29P   1115
10.8346,230.629,0.0110367,10.8346,230.628,0.0122503,10.8346,          29P   1116
230.615,0.0258852,10.8346,230.603,0.0395741,10.8346,230.59,           29P   1117
0.0533239,10.8346,230.589,0.0543419,10.8346,230.588,0.0552506,        29P   1118
10.8346,230.587,0.0561241,10.8346,230.586,0.0571486,10.8346,          29P   1119
230.585,0.0582318,10.8346,230.572,0.0724393,10.8346,230.559,          29P   1120
0.086746,10.8346,230.546,0.101102,10.8346,230.545,0.102369,           29P   1121
10.8346,230.544,0.103475,10.8346,230.543,0.104406,10.8346,            29P   1122
230.53,0.118585,10.8346,230.517,0.132934,10.8346,230.504,             29P   1123
0.14738,10.8346,230.503,0.14834,10.8346,230.503,0.149283,             29P   1124
10.8346,230.502,0.15046,10.8346,230.488,0.16557,10.8346,230.475,      29P   1125
0.180768,10.8346,230.462,0.195879,10.8346,230.461,0.197022,           29P   1126
10.8346,230.447,0.212831,10.8346,230.433,0.2288,10.8346,230.42,       29P   1127
0.244626,10.8346,230.419,0.245564,10.8346,230.405,0.261475,           29P   1128
10.8346,230.392,0.277445,10.8346,230.379,0.293582,10.8346,            29P   1129
230.367,0.30744,10.8346,230.356,0.321363,10.8346,230.336,             29P   1130
0.345563,10.8346,230.327,0.356733,10.8346,230.312,0.375779,           29P   1131
10.8346,230.301,0.389643,10.8346,230.29,0.403439,10.8346,             29P   1132
230.286,0.408973,10.8346,230.288,0.421161,10.9296,230.288,            29P   1133
0.421865,10.9296,230.287,0.42277,10.9296,230.285,0.423574,            29P   1134
10.9296,230.284,0.423962,10.9296,230.283,0.424282,10.9296,            29P   1135
230.281,0.424379,10.9296,230.28,0.424192,10.9296,230.279,             29P   1136
0.423963,10.9296,230.278,0.42365,10.9296,230.278,0.423443,            29P   1137
10.9296,230.277,0.42283,10.9296,230.276,0.422378,10.9296,             29P   1138
230.275,0.421316,10.9296,230.275,0.420705,10.9296,230.274,            29P   1139
0.419688,10.9296,230.274,0.418911,10.9296,230.273,0.418074,           29P   1140
10.9296,230.273,0.416417,10.9296,230.273,0.415253,10.9296,            29P   1141
230.274,0.413673,10.9296,230.274,0.413186,10.9296,230.274,            29P   1142
0.41226,10.9296,230.275,0.411785,10.9296,230.276,0.40892,             29P   1143
10.9296,230.277,0.405699,10.9296,230.279,0.402014,10.9296,            29P   1144
230.28,0.400303,10.9296,230.28,0.398668,10.9296,230.281,              29P   1145
0.397007,10.9296,230.282,0.395436,10.9296,230.282,0.394226,           29P   1146
10.9296,230.283,0.392993,10.9296,230.286,0.386427,10.9296,            29P   1147
230.289,0.379478,10.9296,230.292,0.372586,10.9296,230.293,            29P   1148
0.370924,10.9296,230.294,0.369336,10.9296,230.295,0.367431,           29P   1149
10.9296,230.296,0.365526,10.9296,230.297,0.363791,10.9296,            29P   1150
230.301,0.35389,10.9296,230.306,0.343726,10.9296,230.311,             29P   1151
0.333709,10.9296,230.313,0.33146,10.9296,230.314,0.329491,            29P   1152
10.9296,230.314,0.327663,10.9296,230.315,0.326501,10.9296,            29P   1153
230.316,0.325201,10.9296,230.322,0.312227,10.9296,230.329,            29P   1154
0.299252,10.9296,230.337,0.286293,10.9296,230.337,0.284855,           29P   1155
10.9296,230.338,0.28321,10.9296,230.339,0.281474,10.9296,230.34,      29P   1156
0.279646,10.9296,230.341,0.27788,10.9296,230.35,0.261886,             29P   1157
10.9296,230.36,0.245779,10.9296,230.369,0.230105,10.9296,230.37,      29P   1158
0.228774,10.9296,230.371,0.227509,10.9296,230.372,0.225861,           29P   1159
10.9296,230.373,0.224124,10.9296,230.374,0.222356,10.9296,            29P   1160
230.383,0.206631,10.9296,230.394,0.190919,10.9296,230.404,            29P   1161
0.175411,10.9296,230.405,0.173655,10.9296,230.406,0.172082,           29P   1162
10.9296,230.407,0.17081,10.9296,230.408,0.169704,10.9296,             29P   1163
230.409,0.16863,10.9296,230.409,0.167569,10.9296,230.419,             29P   1164
0.152621,10.9296,230.43,0.13761,10.9296,230.441,0.122524,             29P   1165
10.9296,230.442,0.120921,10.9296,230.443,0.11921,10.9296,             29P   1166
230.445,0.117639,10.9296,230.446,0.116189,10.9296,230.447,            29P   1167
0.11503,10.9296,230.457,0.100352,10.9296,230.469,0.085763,            29P   1168
10.9296,230.48,0.0712032,10.9296,230.481,0.0697826,10.9296,           29P   1169
230.483,0.0682022,10.9296,230.484,0.0667107,10.9296,230.485,          29P   1170
0.0652767,10.9296,230.486,0.0641053,10.9296,230.498,0.0497931,        29P   1171
10.9296,230.51,0.0356516,10.9296,230.522,0.0216272,10.9296,           29P   1172
230.523,0.0203554,10.9296,230.524,0.0191497,10.9296,230.525,          29P   1173
0.0181268,10.9296,230.526,0.0171388,10.9296,230.527,0.0160653,        29P   1174
10.9296,230.528,0.0149133,10.9296,230.54,0.00100077,10.9296,          29P   1175
230.553,-0.012593,10.9296,230.566,-0.0260323,10.9296,230.567,         29P   1176
-0.0271528,10.9296,230.568,-0.0282613,10.9296,230.569,                29P   1177
-0.0292238,10.9296,230.569,-0.0301519,10.9296,230.57,-0.0312001,      29P   1178
10.9296,230.572,-0.0323431,10.9296,230.585,-0.0457849,10.9296,        29P   1179
230.598,-0.0588872,10.9296,230.611,-0.0718482,10.9296,230.612,        29P   1180
-0.0728356,10.9296,230.613,-0.0740811,10.9296,230.615,                29P   1181
-0.0753415,10.9296,230.616,-0.0766777,10.9296,230.617,-0.077879,      29P   1182
10.9296,230.631,-0.0909901,10.9296,230.644,-0.103755,10.9296,         29P   1183
230.658,-0.116241,10.9296,230.659,-0.117089,10.9296,230.66,           29P   1184
-0.118004,10.9296,230.661,-0.118857,10.9296,230.662,-0.119741,        29P   1185
10.9296,230.663,-0.120766,10.9296,230.664,-0.121946,10.9296,          29P   1186
230.679,-0.134866,10.9296,230.693,-0.147401,10.9296,230.707,          29P   1187
-0.159629,10.9296,230.708,-0.160469,10.9296,230.709,-0.16126,         29P   1188
10.9296,230.71,-0.162124,10.9296,230.711,-0.163158,10.9296,           29P   1189
230.713,-0.164351,10.9296,230.728,-0.176759,10.9296,230.742,          29P   1190
-0.188732,10.9296,230.757,-0.200403,10.9296,230.758,-0.201149,        29P   1191
10.9296,230.759,-0.201889,10.9296,230.76,-0.20272,10.9296,            29P   1192
230.761,-0.203737,10.9296,230.763,-0.204928,10.9296,230.778,          29P   1193
-0.216877,10.9296,230.793,-0.228393,10.9296,230.808,-0.239543,        29P   1194
10.9296,230.809,-0.24023,10.9296,230.81,-0.240929,10.9296,            29P   1195
230.811,-0.241743,10.9296,230.813,-0.242743,10.9296,230.814,          29P   1196
-0.243927,10.9296,230.83,-0.255558,10.9296,230.846,-0.266752,         29P   1197
10.9296,230.861,-0.277544,10.9296,230.862,-0.278194,10.9296,          29P   1198
230.864,-0.278988,10.9296,230.865,-0.279993,10.9296,230.867,          29P   1199
-0.281181,10.9296,230.88,-0.290252,10.9296,230.893,-0.298915,         29P   1200
10.9296,230.906,-0.307251,10.9296,230.907,-0.30786,10.9296,           29P   1201
230.908,-0.30862,10.9296,230.91,-0.309595,10.9296,230.912,            29P   1202
-0.310771,10.9296,230.922,-0.317512,10.9296,230.932,-0.323916,        29P   1203
10.9296,230.942,-0.330062,10.9296,230.943,-0.330648,10.9296,          29P   1204
230.945,-0.331389,10.9296,230.946,-0.332362,10.9296,230.948,          29P   1205
-0.333542,10.9296,230.956,-0.338216,10.9296,230.963,-0.342617,        29P   1206
10.9296,230.97,-0.346732,10.9296,230.971,-0.347305,10.9296,           29P   1207
230.972,-0.348029,10.9296,230.974,-0.34899,10.9296,230.976,           29P   1208
-0.350159,10.9296,230.98,-0.352808,10.9296,230.984,-0.355005,         29P   1209
10.9296,230.988,-0.357003,10.9296,230.988,-0.357221,10.9296,          29P   1210
230.989,-0.357629,10.9296,230.989,-0.35782,10.9296,230.99,            29P   1211
-0.358198,10.9296,230.99,-0.358383,10.9296,230.991,-0.358895,         29P   1212
10.9296,230.992,-0.359239,10.9296,230.993,-0.360055,10.9296,          29P   1213
230.994,-0.360429,10.9296,230.995,-0.360866,10.9296,230.996,          29P   1214
-0.361105,10.9296,230.997,-0.361292,10.9296,230.997,-0.361439,        29P   1215
10.9296,230.998,-0.36158,10.9296,231.,-0.361692,10.9296,231.001,      29P   1216
-0.361671,10.9296,231.003,-0.361431,10.9296,231.005,-0.360942,        29P   1217
10.9296,231.007,-0.36024,10.9296,231.008,-0.359291,10.9296,           29P   1218
231.01,-0.358083,10.9296,231.011,-0.356959,10.9296,231.012,           29P   1219
-0.35582,10.9296,231.013,-0.354648,10.9296,231.014,-0.353365,         29P   1220
10.9296,231.014,-0.351982,10.9296,231.015,-0.350528,10.9296,          29P   1221
231.015,-0.349258,10.9296,231.015,-0.348341,10.9296,231.015,          29P   1222
-0.347516,10.9296,231.015,-0.347039,10.9296,231.015,-0.346044,        29P   1223
10.9296,231.015,-0.345525,10.9296,231.015,-0.34454,10.9296,           29P   1224
231.015,-0.344072,10.9296,231.015,-0.342382,10.9296,231.014,          29P   1225
-0.341182,10.9296,231.014,-0.339116,10.9296,231.013,-0.338234,        29P   1226
10.9296,231.012,-0.336944,10.9296,231.012,-0.33648,10.9296,           29P   1227
231.011,-0.335188,10.9296,231.01,-0.334463,10.9296,231.008,           29P   1228
-0.333197,10.9296,231.007,-0.332448,10.9296,231.005,-0.331299,        29P   1229
10.9296,231.004,-0.330665,10.9296,231.004,-0.330039,10.9296,          29P   1230
231.003,-0.329491,10.9296,231.002,-0.328933,10.9296,231.001,          29P   1231
-0.327706,10.9296,230.999,-0.326288,10.9296,230.997,-0.324715,        29P   1232
10.9296,230.994,-0.323168,10.9296,230.992,-0.321289,10.9296,          29P   1233
230.989,-0.319247,10.9296,230.985,-0.315904,10.9296,230.981,          29P   1234
-0.313066,10.9296,230.978,-0.310578,10.9296,230.977,-0.309756,        29P   1235
10.9296,230.975,-0.308529,10.9296,230.973,-0.307147,10.9296,          29P   1236
230.971,-0.305587,10.9296,230.969,-0.30406,10.9296,230.967,           29P   1237
-0.302191,10.9296,230.964,-0.300178,10.9296,230.957,-0.294507,        29P   1238
10.9296,230.951,-0.289331,10.9296,230.944,-0.284479,10.9296,          29P   1239
230.943,-0.283695,10.9296,230.942,-0.282498,10.9296,230.94,           29P   1240
-0.281144,10.9296,230.938,-0.279617,10.9296,230.936,-0.278112,        29P   1241
10.9296,230.933,-0.275697,10.9296,230.923,-0.266938,10.9296,          29P   1242
230.912,-0.258496,10.9296,230.903,-0.251113,10.9296,230.902,          29P   1243
-0.250346,10.9296,230.901,-0.249176,10.9296,230.899,-0.24784,         29P   1244
10.9296,230.898,-0.246356,10.9296,230.896,-0.244901,10.9296,          29P   1245
230.894,-0.243133,10.9296,230.891,-0.241225,10.9296,230.878,          29P   1246
-0.230278,10.9296,230.866,-0.219723,10.9296,230.854,-0.209355,        29P   1247
10.9296,230.853,-0.208209,10.9296,230.851,-0.206909,10.9296,          29P   1248
230.849,-0.205478,10.9296,230.848,-0.204088,10.9296,230.846,          29P   1249
-0.202413,10.9296,230.844,-0.2006,10.9296,230.831,-0.189174,          29P   1250
10.9296,230.818,-0.178077,10.9296,230.806,-0.167171,10.9296,          29P   1251
230.805,-0.166071,10.9296,230.804,-0.164833,10.9296,230.802,          29P   1252
-0.163458,10.9296,230.801,-0.162131,10.9296,230.799,-0.160522,        29P   1253
10.9296,230.797,-0.158821,10.9296,230.784,-0.146975,10.9296,          29P   1254
230.772,-0.135385,10.9296,230.76,-0.123926,10.9296,230.759,           29P   1255
-0.122813,10.9296,230.758,-0.12163,10.9296,230.756,-0.120339,         29P   1256
10.9296,230.755,-0.119077,10.9296,230.753,-0.117571,10.9296,          29P   1257
230.752,-0.115958,10.9296,230.739,-0.103556,10.9296,230.726,          29P   1258
-0.0911935,10.9296,230.714,-0.0786582,10.9296,230.712,                29P   1259
-0.0773339,10.9296,230.711,-0.0761214,10.9296,230.71,-0.0749518,      29P   1260
10.9296,230.709,-0.0735593,10.9296,230.707,-0.0720642,10.9296,        29P   1261
230.694,-0.0591805,10.9296,230.682,-0.0463067,10.9296,230.669,        29P   1262
-0.0332408,10.9296,230.668,-0.0319861,10.9296,230.667,                29P   1263
-0.0308592,10.9296,230.666,-0.0297572,10.9296,230.665,                29P   1264
-0.0284656,10.9296,230.663,-0.0270846,10.9296,230.651,                29P   1265
-0.0136765,10.9296,230.638,-0.000208422,10.9296,230.626,              29P   1266
0.0133775,10.9296,230.625,0.0145336,10.9296,230.624,0.0155647,        29P   1267
10.9296,230.623,0.0165536,10.9296,230.622,0.0177247,10.9296,          29P   1268
230.621,0.0189639,10.9296,230.609,0.0328809,10.9296,230.596,          29P   1269
0.0467657,10.9296,230.584,0.060717,10.9296,230.583,0.0617499,         29P   1270
10.9296,230.582,0.0626714,10.9296,230.581,0.0635578,10.9296,          29P   1271
230.58,0.0645974,10.9296,230.579,0.0656968,10.9296,230.567,           29P   1272
0.0800828,10.9296,230.554,0.0946258,10.9296,230.541,0.109413,         29P   1273
10.9296,230.54,0.110719,10.9296,230.539,0.11186,10.9296,230.538,      29P   1274
0.112858,10.9296,230.525,0.127475,10.9296,230.513,0.142091,           29P   1275
10.9296,230.5,0.156604,10.9296,230.5,0.157567,10.9296,230.499,        29P   1276
0.158513,10.9296,230.498,0.159693,10.9296,230.485,0.17484,            29P   1277
10.9296,230.472,0.190307,10.9296,230.459,0.205678,10.9296,            29P   1278
230.458,0.20684,10.9296,230.445,0.222925,10.9296,230.431,             29P   1279
0.239053,10.9296,230.418,0.255111,10.9296,230.418,0.256063,           29P   1280
10.9296,230.405,0.272197,10.9296,230.392,0.288219,10.9296,            29P   1281
230.379,0.304475,10.9296,230.368,0.318436,10.9296,230.357,            29P   1282
0.332384,10.9296,230.337,0.35676,10.9296,230.329,0.368081,            29P   1283
10.9296,230.314,0.387515,10.9296,230.303,0.401735,10.9296,            29P   1284
230.292,0.415611,10.9296,230.288,0.421161,10.9296,230.291,            29P   1285
0.432296,11.0306,230.291,0.432898,11.0306,230.29,0.433772,            29P   1286
11.0306,230.288,0.43462,11.0306,230.287,0.435038,11.0306,             29P   1287
230.286,0.435373,11.0306,230.284,0.435368,11.0306,230.283,            29P   1288
0.434921,11.0306,230.282,0.43448,11.0306,230.281,0.433903,            29P   1289
11.0306,230.28,0.433534,11.0306,230.279,0.432632,11.0306,             29P   1290
230.279,0.432085,11.0306,230.278,0.430934,11.0306,230.278,            29P   1291
0.430331,11.0306,230.278,0.429355,11.0306,230.278,0.428618,           29P   1292
11.0306,230.278,0.427845,11.0306,230.278,0.426316,11.0306,            29P   1293
230.278,0.425126,11.0306,230.279,0.423781,11.0306,230.279,            29P   1294
0.423512,11.0306,230.279,0.422755,11.0306,230.279,0.422277,           29P   1295
11.0306,230.281,0.419452,11.0306,230.282,0.41627,11.0306,             29P   1296
230.284,0.412624,11.0306,230.284,0.410931,11.0306,230.285,            29P   1297
0.409311,11.0306,230.286,0.407666,11.0306,230.287,0.40611,            29P   1298
11.0306,230.287,0.40491,11.0306,230.288,0.403689,11.0306,             29P   1299
230.291,0.397058,11.0306,230.294,0.390124,11.0306,230.297,            29P   1300
0.383277,11.0306,230.298,0.381627,11.0306,230.299,0.38005,            29P   1301
11.0306,230.3,0.378161,11.0306,230.301,0.37627,11.0306,230.302,       29P   1302
0.374549,11.0306,230.306,0.364866,11.0306,230.312,0.354805,           29P   1303
11.0306,230.317,0.34485,11.0306,230.318,0.342613,11.0306,             29P   1304
230.319,0.340654,11.0306,230.32,0.338835,11.0306,230.32,              29P   1305
0.337679,11.0306,230.321,0.336385,11.0306,230.328,0.323324,           29P   1306
11.0306,230.335,0.310359,11.0306,230.342,0.297415,11.0306,            29P   1307
230.343,0.295979,11.0306,230.343,0.294336,11.0306,230.344,            29P   1308
0.292602,11.0306,230.345,0.290775,11.0306,230.346,0.289012,           29P   1309
11.0306,230.355,0.273029,11.0306,230.365,0.256903,11.0306,            29P   1310
230.374,0.241173,11.0306,230.375,0.239838,11.0306,230.376,            29P   1311
0.238568,11.0306,230.377,0.236913,11.0306,230.378,0.235168,           29P   1312
11.0306,230.379,0.233393,11.0306,230.388,0.217749,11.0306,            29P   1313
230.398,0.201943,11.0306,230.408,0.186308,11.0306,230.41,             29P   1314
0.184537,11.0306,230.411,0.182951,11.0306,230.411,0.181665,           29P   1315
11.0306,230.412,0.18055,11.0306,230.413,0.179466,11.0306,             29P   1316
230.414,0.178396,11.0306,230.424,0.163179,11.0306,230.434,            29P   1317
0.148054,11.0306,230.445,0.132839,11.0306,230.446,0.131222,           29P   1318
11.0306,230.447,0.129496,11.0306,230.448,0.127908,11.0306,            29P   1319
230.449,0.126445,11.0306,230.45,0.125434,11.0306,230.461,             29P   1320
0.110473,11.0306,230.472,0.0956813,11.0306,230.483,0.0808813,         29P   1321
11.0306,230.484,0.0794369,11.0306,230.485,0.0778296,11.0306,          29P   1322
230.486,0.0763101,11.0306,230.488,0.0748511,11.0306,230.488,          29P   1323
0.0738207,11.0306,230.5,0.0592535,11.0306,230.511,0.0448052,          29P   1324
11.0306,230.523,0.0304465,11.0306,230.524,0.0291443,11.0306,          29P   1325
230.525,0.0279094,11.0306,230.526,0.0268594,11.0306,230.527,          29P   1326
0.0258474,11.0306,230.528,0.0247477,11.0306,230.529,0.0235674,        29P   1327
11.0306,230.54,0.00931435,11.0306,230.552,-0.00464445,11.0306,        29P   1328
230.565,-0.0185031,11.0306,230.566,-0.0196588,11.0306,230.567,        29P   1329
-0.0208026,11.0306,230.568,-0.021798,11.0306,230.569,-0.0227559,      29P   1330
11.0306,230.57,-0.0238381,11.0306,230.571,-0.0250185,11.0306,         29P   1331
230.583,-0.0390421,11.0306,230.596,-0.0526486,11.0306,230.608,        29P   1332
-0.0660834,11.0306,230.609,-0.0671068,11.0306,230.611,                29P   1333
-0.0683976,11.0306,230.612,-0.0697057,11.0306,230.613,                29P   1334
-0.0710902,11.0306,230.614,-0.072182,11.0306,230.627,-0.0857643,      29P   1335
11.0306,230.64,-0.0989668,11.0306,230.653,-0.111882,11.0306,          29P   1336
230.654,-0.11276,11.0306,230.655,-0.113707,11.0306,230.656,           29P   1337
-0.11459,11.0306,230.657,-0.115505,11.0306,230.658,-0.116566,         29P   1338
11.0306,230.659,-0.117786,11.0306,230.673,-0.131152,11.0306,          29P   1339
230.687,-0.14414,11.0306,230.701,-0.156909,11.0306,230.702,           29P   1340
-0.157787,11.0306,230.703,-0.158615,11.0306,230.704,-0.159518,        29P   1341
11.0306,230.705,-0.1606,11.0306,230.706,-0.161848,11.0306,            29P   1342
230.721,-0.174839,11.0306,230.735,-0.187472,11.0306,230.749,          29P   1343
-0.19975,11.0306,230.75,-0.200535,11.0306,230.751,-0.201313,          29P   1344
11.0306,230.752,-0.202188,11.0306,230.753,-0.203257,11.0306,          29P   1345
230.754,-0.204509,11.0306,230.769,-0.217063,11.0306,230.784,          29P   1346
-0.229122,11.0306,230.798,-0.240817,11.0306,230.799,-0.241537,        29P   1347
11.0306,230.8,-0.242271,11.0306,230.801,-0.243125,11.0306,            29P   1348
230.802,-0.244175,11.0306,230.804,-0.245416,11.0306,230.819,          29P   1349
-0.257624,11.0306,230.834,-0.269401,11.0306,230.85,-0.28082,          29P   1350
11.0306,230.851,-0.281508,11.0306,230.852,-0.282348,11.0306,          29P   1351
230.853,-0.283413,11.0306,230.855,-0.284671,11.0306,230.868,          29P   1352
-0.294283,11.0306,230.88,-0.30351,11.0306,230.893,-0.312431,          29P   1353
11.0306,230.894,-0.313083,11.0306,230.895,-0.313897,11.0306,          29P   1354
230.896,-0.314942,11.0306,230.898,-0.316202,11.0306,230.908,          29P   1355
-0.323429,11.0306,230.918,-0.330311,11.0306,230.928,-0.33686,         29P   1356
11.0306,230.929,-0.337485,11.0306,230.93,-0.338274,11.0306,           29P   1357
230.931,-0.339308,11.0306,230.933,-0.340561,11.0306,230.941,          29P   1358
-0.345519,11.0306,230.948,-0.350173,11.0306,230.954,-0.354585,        29P   1359
11.0306,230.955,-0.355201,11.0306,230.957,-0.355979,11.0306,          29P   1360
230.958,-0.357015,11.0306,230.96,-0.35828,11.0306,230.964,            29P   1361
-0.36116,11.0306,230.968,-0.363573,11.0306,230.972,-0.365776,         29P   1362
11.0306,230.972,-0.366015,11.0306,230.973,-0.366465,11.0306,          29P   1363
230.973,-0.366671,11.0306,230.974,-0.367079,11.0306,230.974,          29P   1364
-0.367287,11.0306,230.975,-0.367881,11.0306,230.975,-0.368209,        29P   1365
11.0306,230.977,-0.368827,11.0306,230.978,-0.369109,11.0306,          29P   1366
230.979,-0.369438,11.0306,230.98,-0.369603,11.0306,230.981,           29P   1367
-0.369701,11.0306,230.981,-0.369762,11.0306,230.982,-0.3698,          29P   1368
11.0306,230.984,-0.36974,11.0306,230.985,-0.369483,11.0306,           29P   1369
230.987,-0.368985,11.0306,230.989,-0.368269,11.0306,230.99,           29P   1370
-0.367348,11.0306,230.992,-0.366193,11.0306,230.993,-0.364787,        29P   1371
11.0306,230.994,-0.363504,11.0306,230.995,-0.362237,11.0306,          29P   1372
230.996,-0.360967,11.0306,230.996,-0.359618,11.0306,230.997,          29P   1373
-0.358196,11.0306,230.997,-0.356705,11.0306,230.997,-0.355413,        29P   1374
11.0306,230.997,-0.354493,11.0306,230.997,-0.353669,11.0306,          29P   1375
230.997,-0.353195,11.0306,230.997,-0.352208,11.0306,230.997,          29P   1376
-0.351696,11.0306,230.997,-0.350727,11.0306,230.996,-0.350268,        29P   1377
11.0306,230.996,-0.348615,11.0306,230.995,-0.347454,11.0306,          29P   1378
230.994,-0.345509,11.0306,230.993,-0.344684,11.0306,230.992,          29P   1379
-0.343594,11.0306,230.992,-0.343327,11.0306,230.991,-0.342467,        29P   1380
11.0306,230.99,-0.341806,11.0306,230.988,-0.340237,11.0306,           29P   1381
230.987,-0.339383,11.0306,230.986,-0.338198,11.0306,230.985,          29P   1382
-0.337539,11.0306,230.984,-0.336877,11.0306,230.983,-0.336293,        29P   1383
11.0306,230.983,-0.335698,11.0306,230.981,-0.334391,11.0306,          29P   1384
230.979,-0.332883,11.0306,230.977,-0.331214,11.0306,230.975,          29P   1385
-0.329574,11.0306,230.973,-0.327585,11.0306,230.97,-0.325429,         29P   1386
11.0306,230.966,-0.321906,11.0306,230.962,-0.318921,11.0306,          29P   1387
230.959,-0.316308,11.0306,230.958,-0.315445,11.0306,230.957,          29P   1388
-0.314157,11.0306,230.955,-0.312706,11.0306,230.953,-0.311068,        29P   1389
11.0306,230.951,-0.309464,11.0306,230.949,-0.307502,11.0306,          29P   1390
230.946,-0.305386,11.0306,230.939,-0.299427,11.0306,230.933,          29P   1391
-0.293984,11.0306,230.927,-0.288887,11.0306,230.926,-0.288064,        29P   1392
11.0306,230.925,-0.286806,11.0306,230.923,-0.285385,11.0306,          29P   1393
230.921,-0.283781,11.0306,230.919,-0.282201,11.0306,230.916,          29P   1394
-0.279668,11.0306,230.906,-0.270484,11.0306,230.896,-0.261656,        29P   1395
11.0306,230.887,-0.253946,11.0306,230.887,-0.253145,11.0306,          29P   1396
230.885,-0.251924,11.0306,230.884,-0.250529,11.0306,230.882,          29P   1397
-0.24898,11.0306,230.88,-0.247462,11.0306,230.878,-0.245616,          29P   1398
11.0306,230.876,-0.243625,11.0306,230.863,-0.232204,11.0306,          29P   1399
230.851,-0.221203,11.0306,230.84,-0.21041,11.0306,230.839,            29P   1400
-0.209218,11.0306,230.837,-0.207865,11.0306,230.836,-0.206376,        29P   1401
11.0306,230.834,-0.20493,11.0306,230.832,-0.203186,11.0306,           29P   1402
230.83,-0.201301,11.0306,230.818,-0.18942,11.0306,230.806,            29P   1403
-0.177904,11.0306,230.794,-0.166615,11.0306,230.793,-0.165475,        29P   1404
11.0306,230.792,-0.164194,11.0306,230.79,-0.162772,11.0306,           29P   1405
230.789,-0.161399,11.0306,230.787,-0.159734,11.0306,230.785,          29P   1406
-0.157976,11.0306,230.773,-0.145728,11.0306,230.761,-0.133769,        29P   1407
11.0306,230.749,-0.121948,11.0306,230.748,-0.1208,11.0306,            29P   1408
230.747,-0.11958,11.0306,230.746,-0.118249,11.0306,230.744,           29P   1409
-0.116947,11.0306,230.743,-0.115393,11.0306,230.741,-0.11373,         29P   1410
11.0306,230.729,-0.100938,11.0306,230.717,-0.0881914,11.0306,         29P   1411
230.705,-0.0753027,11.0306,230.703,-0.0739413,11.0306,230.702,        29P   1412
-0.0726924,11.0306,230.701,-0.0714906,11.0306,230.7,-0.07006,         29P   1413
11.0306,230.698,-0.0685244,11.0306,230.686,-0.0552976,11.0306,        29P   1414
230.674,-0.0421146,11.0306,230.662,-0.0287559,11.0306,230.661,        29P   1415
-0.0274731,11.0306,230.66,-0.0263186,11.0306,230.659,-0.0251922,      29P   1416
11.0306,230.657,-0.0238721,11.0306,230.656,-0.0224609,11.0306,        29P   1417
230.644,-0.00876358,11.0306,230.632,0.00497079,11.0306,230.62,        29P   1418
0.0187977,11.0306,230.619,0.0199742,11.0306,230.618,0.0210258,        29P   1419
11.0306,230.617,0.022032,11.0306,230.616,0.0232233,11.0306,           29P   1420
230.615,0.0244837,11.0306,230.603,0.0386361,11.0306,230.591,          29P   1421
0.0527367,11.0306,230.579,0.066925,11.0306,230.578,0.0679756,         29P   1422
11.0306,230.577,0.068915,11.0306,230.576,0.0698168,11.0306,           29P   1423
230.575,0.0708743,11.0306,230.574,0.0719928,11.0306,230.562,          29P   1424
0.0867581,11.0306,230.55,0.101587,11.0306,230.537,0.116577,           29P   1425
11.0306,230.536,0.1179,11.0306,230.535,0.119056,11.0306,230.534,      29P   1426
0.11993,11.0306,230.522,0.134848,11.0306,230.51,0.149683,             29P   1427
11.0306,230.498,0.164627,11.0306,230.497,0.165619,11.0306,            29P   1428
230.496,0.166596,11.0306,230.495,0.167814,11.0306,230.483,            29P   1429
0.183432,11.0306,230.47,0.199174,11.0306,230.458,0.214604,            29P   1430
11.0306,230.457,0.21577,11.0306,230.444,0.231869,11.0306,             29P   1431
230.431,0.248114,11.0306,230.418,0.264316,11.0306,230.418,            29P   1432
0.265278,11.0306,230.405,0.281617,11.0306,230.392,0.298312,           29P   1433
11.0306,230.379,0.314627,11.0306,230.369,0.328619,11.0306,            29P   1434
230.358,0.342621,11.0306,230.339,0.367161,11.0306,230.331,            29P   1435
0.378513,11.0306,230.316,0.398086,11.0306,230.306,0.412459,           29P   1436
11.0306,230.295,0.426608,11.0306,230.291,0.432296,11.0306,            29P   1437
230.295,0.442326,11.1293,230.295,0.443141,11.1293,230.294,            29P   1438
0.44417,11.1293,230.292,0.444991,11.1293,230.291,0.445323,            29P   1439
11.1293,230.29,0.445497,11.1293,230.288,0.445428,11.1293,             29P   1440
230.287,0.445078,11.1293,230.286,0.44477,11.1293,230.285,             29P   1441
0.444382,11.1293,230.285,0.444141,11.1293,230.284,0.443422,           29P   1442
11.1293,230.284,0.442893,11.1293,230.283,0.4417,11.1293,230.283,      29P   1443
0.441031,11.1293,230.282,0.440038,11.1293,230.282,0.439326,           29P   1444
11.1293,230.282,0.438685,11.1293,230.282,0.437357,11.1293,            29P   1445
230.282,0.436605,11.1293,230.283,0.435132,11.1293,230.283,            29P   1446
0.434203,11.1293,230.284,0.432801,11.1293,230.284,0.432328,           29P   1447
11.1293,230.285,0.429513,11.1293,230.287,0.426345,11.1293,            29P   1448
230.289,0.422716,11.1293,230.289,0.42103,11.1293,230.29,0.41942,      29P   1449
11.1293,230.291,0.417782,11.1293,230.292,0.416234,11.1293,            29P   1450
230.292,0.415041,11.1293,230.293,0.413826,11.1293,230.296,            29P   1451
0.407665,11.1293,230.299,0.400924,11.1293,230.302,0.394143,           29P   1452
11.1293,230.303,0.392504,11.1293,230.304,0.390937,11.1293,            29P   1453
230.305,0.389053,11.1293,230.306,0.387167,11.1293,230.307,            29P   1454
0.385448,11.1293,230.312,0.375274,11.1293,230.317,0.365078,           29P   1455
11.1293,230.322,0.355097,11.1293,230.323,0.352856,11.1293,            29P   1456
230.324,0.350897,11.1293,230.325,0.349078,11.1293,230.325,            29P   1457
0.347923,11.1293,230.326,0.346629,11.1293,230.332,0.334096,           29P   1458
11.1293,230.339,0.321266,11.1293,230.346,0.308358,11.1293,            29P   1459
230.347,0.306925,11.1293,230.348,0.305285,11.1293,230.349,            29P   1460
0.303553,11.1293,230.35,0.301728,11.1293,230.351,0.299966,            29P   1461
11.1293,230.36,0.283989,11.1293,230.369,0.267831,11.1293,             29P   1462
230.378,0.252056,11.1293,230.379,0.250717,11.1293,230.38,             29P   1463
0.249444,11.1293,230.381,0.247784,11.1293,230.382,0.246034,           29P   1464
11.1293,230.383,0.244253,11.1293,230.393,0.228022,11.1293,            29P   1465
230.402,0.212093,11.1293,230.412,0.196352,11.1293,230.413,            29P   1466
0.19457,11.1293,230.414,0.192973,11.1293,230.415,0.191689,            29P   1467
11.1293,230.416,0.190565,11.1293,230.417,0.189474,11.1293,            29P   1468
230.417,0.188396,11.1293,230.427,0.173551,11.1293,230.437,            29P   1469
0.158314,11.1293,230.447,0.14292,11.1293,230.448,0.141284,            29P   1470
11.1293,230.45,0.139537,11.1293,230.451,0.13794,11.1293,230.452,      29P   1471
0.136459,11.1293,230.453,0.134873,11.1293,230.463,0.120237,           29P   1472
11.1293,230.473,0.105333,11.1293,230.484,0.090336,11.1293,            29P   1473
230.485,0.088872,11.1293,230.487,0.087243,11.1293,230.488,            29P   1474
0.0857105,11.1293,230.489,0.0842307,11.1293,230.49,0.0826132,         29P   1475
11.1293,230.501,0.0678321,11.1293,230.512,0.0531523,11.1293,          29P   1476
230.523,0.0385281,11.1293,230.524,0.0372015,11.1293,230.525,          29P   1477
0.0359439,11.1293,230.526,0.0348823,11.1293,230.527,0.033851,         29P   1478
11.1293,230.528,0.0327302,11.1293,230.529,0.031527,11.1293,           29P   1479
230.54,0.0169878,11.1293,230.552,0.00271605,11.1293,230.564,          29P   1480
-0.0114927,11.1293,230.565,-0.0126778,11.1293,230.566,                29P   1481
-0.0138505,11.1293,230.567,-0.0148643,11.1293,230.567,-0.015847,      29P   1482
11.1293,230.568,-0.0169573,11.1293,230.569,-0.0181686,11.1293,        29P   1483
230.581,-0.0320713,11.1293,230.593,-0.0460211,11.1293,230.605,        29P   1484
-0.0598332,11.1293,230.606,-0.0608855,11.1293,230.607,                29P   1485
-0.0622124,11.1293,230.609,-0.0635504,11.1293,230.61,-0.064974,       29P   1486
11.1293,230.611,-0.0666365,11.1293,230.624,-0.0805982,11.1293,        29P   1487
230.637,-0.0941583,11.1293,230.649,-0.107489,11.1293,230.65,          29P   1488
-0.108396,11.1293,230.651,-0.109373,11.1293,230.652,-0.11028,         29P   1489
11.1293,230.653,-0.111225,11.1293,230.654,-0.112322,11.1293,          29P   1490
230.655,-0.113584,11.1293,230.668,-0.127413,11.1293,230.682,          29P   1491
-0.14091,11.1293,230.695,-0.154134,11.1293,230.696,-0.155043,         29P   1492
11.1293,230.697,-0.155895,11.1293,230.698,-0.156829,11.1293,          29P   1493
230.699,-0.157948,11.1293,230.7,-0.15924,11.1293,230.714,             29P   1494
-0.172679,11.1293,230.728,-0.18569,11.1293,230.741,-0.198352,         29P   1495
11.1293,230.742,-0.199162,11.1293,230.743,-0.19996,11.1293,           29P   1496
230.744,-0.200862,11.1293,230.745,-0.201966,11.1293,230.747,          29P   1497
-0.203257,11.1293,230.761,-0.216217,11.1293,230.775,-0.228696,        29P   1498
11.1293,230.789,-0.240887,11.1293,230.79,-0.241638,11.1293,           29P   1499
230.791,-0.2424,11.1293,230.792,-0.243292,11.1293,230.793,            29P   1500
-0.244387,11.1293,230.795,-0.245684,11.1293,230.81,-0.258442,         29P   1501
11.1293,230.825,-0.270825,11.1293,230.839,-0.282751,11.1293,          29P   1502
230.84,-0.283468,11.1293,230.841,-0.284345,11.1293,230.843,           29P   1503
-0.285456,11.1293,230.844,-0.286768,11.1293,230.857,-0.29679,         29P   1504
11.1293,230.869,-0.30636,11.1293,230.881,-0.315631,11.1293,           29P   1505
230.882,-0.316307,11.1293,230.883,-0.317153,11.1293,230.885,          29P   1506
-0.318239,11.1293,230.886,-0.319549,11.1293,230.896,-0.327067,        29P   1507
11.1293,230.906,-0.334241,11.1293,230.915,-0.341109,11.1293,          29P   1508
230.916,-0.341763,11.1293,230.917,-0.34259,11.1293,230.919,           29P   1509
-0.343676,11.1293,230.921,-0.344994,11.1293,230.928,-0.350212,        29P   1510
11.1293,230.935,-0.355124,11.1293,230.941,-0.359765,11.1293,          29P   1511
230.942,-0.36041,11.1293,230.943,-0.361228,11.1293,230.945,           29P   1512
-0.362316,11.1293,230.947,-0.363644,11.1293,230.951,-0.366648,        29P   1513
11.1293,230.955,-0.369156,11.1293,230.958,-0.371454,11.1293,          29P   1514
230.958,-0.371705,11.1293,230.959,-0.372177,11.1293,230.959,          29P   1515
-0.372412,11.1293,230.96,-0.372871,11.1293,230.96,-0.373076,          29P   1516
11.1293,230.961,-0.3736,11.1293,230.962,-0.373898,11.1293,            29P   1517
230.963,-0.374482,11.1293,230.964,-0.374735,11.1293,230.966,          29P   1518
-0.375004,11.1293,230.966,-0.375133,11.1293,230.967,-0.375196,        29P   1519
11.1293,230.968,-0.375225,11.1293,230.969,-0.375222,11.1293,          29P   1520
230.97,-0.375091,11.1293,230.972,-0.374734,11.1293,230.974,           29P   1521
-0.374146,11.1293,230.975,-0.373329,11.1293,230.977,-0.372303,        29P   1522
11.1293,230.978,-0.371056,11.1293,230.98,-0.369573,11.1293,           29P   1523
230.98,-0.368255,11.1293,230.981,-0.366944,11.1293,230.982,           29P   1524
-0.365602,11.1293,230.982,-0.364133,11.1293,230.983,-0.362589,        29P   1525
11.1293,230.983,-0.361048,11.1293,230.983,-0.359752,11.1293,          29P   1526
230.982,-0.358839,11.1293,230.982,-0.35803,11.1293,230.982,           29P   1527
-0.35757,11.1293,230.982,-0.356636,11.1293,230.982,-0.356163,         29P   1528
11.1293,230.982,-0.355292,11.1293,230.981,-0.354891,11.1293,          29P   1529
230.981,-0.353492,11.1293,230.98,-0.352584,11.1293,230.979,           29P   1530
-0.351125,11.1293,230.978,-0.350578,11.1293,230.977,-0.349626,        29P   1531
11.1293,230.977,-0.34898,11.1293,230.975,-0.347611,11.1293,           29P   1532
230.974,-0.346904,11.1293,230.972,-0.345346,11.1293,230.971,          29P   1533
-0.344482,11.1293,230.97,-0.343253,11.1293,230.969,-0.342571,         29P   1534
11.1293,230.968,-0.341889,11.1293,230.968,-0.341288,11.1293,          29P   1535
230.967,-0.340677,11.1293,230.966,-0.339331,11.1293,230.964,          29P   1536
-0.337777,11.1293,230.962,-0.336055,11.1293,230.96,-0.334361,         29P   1537
11.1293,230.958,-0.332305,11.1293,230.955,-0.330072,11.1293,          29P   1538
230.951,-0.326419,11.1293,230.947,-0.32332,11.1293,230.944,           29P   1539
-0.320606,11.1293,230.943,-0.31971,11.1293,230.942,-0.318372,         29P   1540
11.1293,230.94,-0.316867,11.1293,230.938,-0.315167,11.1293,           29P   1541
230.937,-0.313503,11.1293,230.934,-0.311468,11.1293,230.932,          29P   1542
-0.309276,11.1293,230.925,-0.303106,11.1293,230.919,-0.297482,        29P   1543
11.1293,230.913,-0.29222,11.1293,230.912,-0.291371,11.1293,           29P   1544
230.911,-0.290073,11.1293,230.909,-0.288606,11.1293,230.907,          29P   1545
-0.286952,11.1293,230.906,-0.285322,11.1293,230.903,-0.282708,        29P   1546
11.1293,230.893,-0.273236,11.1293,230.883,-0.264138,11.1293,          29P   1547
230.875,-0.256196,11.1293,230.874,-0.25537,11.1293,230.873,           29P   1548
-0.254113,11.1293,230.871,-0.252676,11.1293,230.869,-0.251081,        29P   1549
11.1293,230.868,-0.249517,11.1293,230.866,-0.247616,11.1293,          29P   1550
230.864,-0.245565,11.1293,230.851,-0.233802,11.1293,230.84,           29P   1551
-0.222474,11.1293,230.828,-0.211369,11.1293,230.827,-0.210142,        29P   1552
11.1293,230.826,-0.208751,11.1293,230.824,-0.207219,11.1293,          29P   1553
230.823,-0.205731,11.1293,230.821,-0.203939,11.1293,230.819,          29P   1554
-0.202,11.1293,230.807,-0.189783,11.1293,230.795,-0.177954,           29P   1555
11.1293,230.784,-0.166367,11.1293,230.783,-0.165198,11.1293,          29P   1556
230.782,-0.163883,11.1293,230.78,-0.162423,11.1293,230.779,           29P   1557
-0.161015,11.1293,230.777,-0.159307,11.1293,230.776,-0.157502,        29P   1558
11.1293,230.763,-0.14494,11.1293,230.752,-0.132683,11.1293,           29P   1559
230.741,-0.120605,11.1293,230.739,-0.119432,11.1293,230.738,          29P   1560
-0.118184,11.1293,230.737,-0.116825,11.1293,230.736,-0.115496,        29P   1561
11.1293,230.734,-0.11391,11.1293,230.733,-0.112213,11.1293,           29P   1562
230.721,-0.0991576,11.1293,230.709,-0.0861952,11.1293,230.697,        29P   1563
-0.0730632,11.1293,230.696,-0.071676,11.1293,230.695,-0.0704131,      29P   1564
11.1293,230.694,-0.069188,11.1293,230.692,-0.0677295,11.1293,         29P   1565
230.691,-0.0661635,11.1293,230.679,-0.0526636,11.1293,230.667,        29P   1566
-0.0391872,11.1293,230.655,-0.0255473,11.1293,230.654,                29P   1567
-0.0242378,11.1293,230.653,-0.0230685,11.1293,230.652,                29P   1568
-0.0219187,11.1293,230.651,-0.0205714,11.1293,230.65,-0.0191312,      29P   1569
11.1293,230.638,-0.00514524,11.1293,230.626,0.00884869,11.1293,       29P   1570
230.615,0.0229261,11.1293,230.614,0.0241237,11.1293,230.613,          29P   1571
0.0251853,11.1293,230.612,0.0262096,11.1293,230.611,0.0274223,        29P   1572
11.1293,230.61,0.0287053,11.1293,230.598,0.0431188,11.1293,           29P   1573
230.586,0.0574639,11.1293,230.575,0.0718972,11.1293,230.574,          29P   1574
0.0729657,11.1293,230.573,0.0739136,11.1293,230.572,0.0748309,        29P   1575
11.1293,230.572,0.0759067,11.1293,230.571,0.0770445,11.1293,          29P   1576
230.559,0.0916119,11.1293,230.547,0.106663,11.1293,230.535,           29P   1577
0.121899,11.1293,230.534,0.123245,11.1293,230.533,0.12442,            29P   1578
11.1293,230.532,0.125792,11.1293,230.52,0.140528,11.1293,             29P   1579
230.508,0.155542,11.1293,230.496,0.170624,11.1293,230.496,            29P   1580
0.171626,11.1293,230.495,0.172605,11.1293,230.494,0.173834,           29P   1581
11.1293,230.482,0.189668,11.1293,230.469,0.205594,11.1293,            29P   1582
230.457,0.221418,11.1293,230.456,0.222615,11.1293,230.444,            29P   1583
0.239239,11.1293,230.431,0.256115,11.1293,230.418,0.272587,           29P   1584
11.1293,230.418,0.273561,11.1293,230.405,0.289936,11.1293,            29P   1585
230.393,0.306426,11.1293,230.381,0.323182,11.1293,230.37,             29P   1586
0.337569,11.1293,230.36,0.352065,11.1293,230.342,0.37688,             29P   1587
11.1293,230.334,0.388384,11.1293,230.319,0.40798,11.1293,             29P   1588
230.309,0.422224,11.1293,230.299,0.436576,11.1293,230.295,            29P   1589
0.442326,11.1293,230.299,0.453717,11.2565,230.298,0.454341,           29P   1590
11.2565,230.297,0.455189,11.2565,230.296,0.455919,11.2565,            29P   1591
230.294,0.456233,11.2565,230.293,0.456411,11.2565,230.291,            29P   1592
0.456153,11.2565,230.29,0.455368,11.2565,230.289,0.454739,            29P   1593
11.2565,230.288,0.453976,11.2565,230.288,0.453518,11.2565,            29P   1594
230.287,0.452422,11.2565,230.287,0.451775,11.2565,230.287,            29P   1595
0.450477,11.2565,230.287,0.449846,11.2565,230.287,0.448649,           29P   1596
11.2565,230.287,0.447652,11.2565,230.287,0.446528,11.2565,            29P   1597
230.288,0.445191,11.2565,230.289,0.444386,11.2565,230.289,            29P   1598
0.443336,11.2565,230.289,0.443209,11.2565,230.29,0.442607,            29P   1599
11.2565,230.29,0.442134,11.2565,230.291,0.439329,11.2565,             29P   1600
230.293,0.436169,11.2565,230.294,0.432544,11.2565,230.295,            29P   1601
0.43086,11.2565,230.296,0.429246,11.2565,230.297,0.427609,            29P   1602
11.2565,230.297,0.42606,11.2565,230.298,0.424866,11.2565,             29P   1603
230.299,0.42365,11.2565,230.302,0.416954,11.2565,230.305,             29P   1604
0.410005,11.2565,230.308,0.403174,11.2565,230.309,0.401528,           29P   1605
11.2565,230.31,0.399954,11.2565,230.311,0.398072,11.2565,             29P   1606
230.312,0.396191,11.2565,230.312,0.394478,11.2565,230.317,            29P   1607
0.384961,11.2565,230.322,0.375001,11.2565,230.327,0.365101,           29P   1608
11.2565,230.329,0.362876,11.2565,230.33,0.360922,11.2565,230.33,      29P   1609
0.35911,11.2565,230.331,0.357958,11.2565,230.332,0.356668,            29P   1610
11.2565,230.339,0.343529,11.2565,230.345,0.330523,11.2565,            29P   1611
230.352,0.317548,11.2565,230.353,0.316108,11.2565,230.354,            29P   1612
0.314461,11.2565,230.355,0.312723,11.2565,230.356,0.310892,           29P   1613
11.2565,230.357,0.309125,11.2565,230.365,0.293109,11.2565,            29P   1614
230.375,0.276946,11.2565,230.384,0.261145,11.2565,230.384,            29P   1615
0.259803,11.2565,230.385,0.258524,11.2565,230.386,0.256861,           29P   1616
11.2565,230.387,0.255107,11.2565,230.388,0.253323,11.2565,            29P   1617
230.397,0.237748,11.2565,230.407,0.221827,11.2565,230.417,            29P   1618
0.205999,11.2565,230.418,0.204206,11.2565,230.419,0.202597,           29P   1619
11.2565,230.42,0.201252,11.2565,230.42,0.200122,11.2565,230.421,      29P   1620
0.199024,11.2565,230.422,0.197939,11.2565,230.431,0.182438,           29P   1621
11.2565,230.441,0.167022,11.2565,230.451,0.151489,11.2565,            29P   1622
230.452,0.149838,11.2565,230.453,0.148072,11.2565,230.455,            29P   1623
0.146414,11.2565,230.456,0.144919,11.2565,230.456,0.144007,           29P   1624
11.2565,230.466,0.12864,11.2565,230.477,0.113476,11.2565,             29P   1625
230.487,0.0982752,11.2565,230.488,0.0967915,11.2565,230.489,          29P   1626
0.0951382,11.2565,230.491,0.0935447,11.2565,230.492,0.0920452,        29P   1627
11.2565,230.492,0.0911079,11.2565,230.503,0.0761626,11.2565,          29P   1628
230.514,0.0612668,11.2565,230.524,0.0463661,11.2565,230.525,          29P   1629
0.0450141,11.2565,230.526,0.0437297,11.2565,230.527,0.0426074,        29P   1630
11.2565,230.528,0.0415556,11.2565,230.529,0.0404123,11.2565,          29P   1631
230.53,0.0391847,11.2565,230.541,0.0243818,11.2565,230.552,           29P   1632
0.00976358,11.2565,230.563,-0.00476209,11.2565,230.564,               29P   1633
-0.00597348,11.2565,230.565,-0.00717419,11.2565,230.566,              29P   1634
-0.00824427,11.2565,230.567,-0.00924838,11.2565,230.568,              29P   1635
-0.0103827,11.2565,230.569,-0.01162,11.2565,230.58,-0.0263969,        29P   1636
11.2565,230.592,-0.0406767,11.2565,230.604,-0.0548405,11.2565,        29P   1637
230.605,-0.0559197,11.2565,230.606,-0.0572824,11.2565,230.607,        29P   1638
-0.0586889,11.2565,230.608,-0.0601504,11.2565,230.609,                29P   1639
-0.0611921,11.2565,230.621,-0.0755213,11.2565,230.633,                29P   1640
-0.0895427,11.2565,230.646,-0.103268,11.2565,230.646,-0.104201,       29P   1641
11.2565,230.647,-0.105208,11.2565,230.648,-0.106166,11.2565,          29P   1642
230.649,-0.107138,11.2565,230.65,-0.108266,11.2565,230.651,           29P   1643
-0.109563,11.2565,230.664,-0.123748,11.2565,230.677,-0.137552,        29P   1644
11.2565,230.69,-0.151088,11.2565,230.691,-0.15202,11.2565,            29P   1645
230.692,-0.152918,11.2565,230.693,-0.153874,11.2565,230.694,          29P   1646
-0.15502,11.2565,230.695,-0.156343,11.2565,230.708,-0.170083,         29P   1647
11.2565,230.722,-0.18344,11.2565,230.735,-0.196555,11.2565,           29P   1648
230.736,-0.197395,11.2565,230.737,-0.198245,11.2565,230.738,          29P   1649
-0.19918,11.2565,230.739,-0.200325,11.2565,230.74,-0.201665,          29P   1650
11.2565,230.754,-0.215107,11.2565,230.767,-0.228155,11.2565,          29P   1651
230.781,-0.240733,11.2565,230.782,-0.241507,11.2565,230.783,          29P   1652
-0.24231,11.2565,230.784,-0.243228,11.2565,230.785,-0.244355,         29P   1653
11.2565,230.787,-0.245688,11.2565,230.801,-0.258784,11.2565,          29P   1654
230.815,-0.271358,11.2565,230.83,-0.283672,11.2565,230.831,           29P   1655
-0.28442,11.2565,230.832,-0.285327,11.2565,230.833,-0.286477,         29P   1656
11.2565,230.835,-0.287836,11.2565,230.847,-0.298223,11.2565,          29P   1657
230.859,-0.308265,11.2565,230.871,-0.317922,11.2565,230.871,          29P   1658
-0.318637,11.2565,230.873,-0.319517,11.2565,230.874,-0.320647,        29P   1659
11.2565,230.876,-0.322009,11.2565,230.885,-0.329814,11.2565,          29P   1660
230.895,-0.337242,11.2565,230.904,-0.344396,11.2565,230.905,          29P   1661
-0.345085,11.2565,230.906,-0.345948,11.2565,230.907,-0.347081,        29P   1662
11.2565,230.909,-0.348456,11.2565,230.916,-0.353893,11.2565,          29P   1663
230.923,-0.359025,11.2565,230.929,-0.36384,11.2565,230.93,            29P   1664
-0.364519,11.2565,230.931,-0.365367,11.2565,230.933,-0.366493,        29P   1665
11.2565,230.935,-0.367866,11.2565,230.939,-0.371038,11.2565,          29P   1666
230.942,-0.373689,11.2565,230.946,-0.376064,11.2565,230.946,          29P   1667
-0.376318,11.2565,230.947,-0.376791,11.2565,230.947,-0.37694,         29P   1668
11.2565,230.948,-0.377256,11.2565,230.948,-0.377425,11.2565,          29P   1669
230.949,-0.377867,11.2565,230.95,-0.378108,11.2565,230.951,           29P   1670
-0.378545,11.2565,230.952,-0.378718,11.2565,230.953,-0.378864,        29P   1671
11.2565,230.954,-0.378908,11.2565,230.955,-0.378871,11.2565,          29P   1672
230.956,-0.378808,11.2565,230.957,-0.37871,11.2565,230.958,           29P   1673
-0.378424,11.2565,230.96,-0.377854,11.2565,230.961,-0.377085,         29P   1674
11.2565,230.963,-0.376136,11.2565,230.964,-0.374983,11.2565,          29P   1675
230.965,-0.373574,11.2565,230.966,-0.371856,11.2565,230.967,          29P   1676
-0.370224,11.2565,230.968,-0.368773,11.2565,230.968,-0.367389,        29P   1677
11.2565,230.968,-0.365963,11.2565,230.968,-0.36453,11.2565,           29P   1678
230.968,-0.363019,11.2565,230.968,-0.361734,11.2565,230.967,          29P   1679
-0.360842,11.2565,230.967,-0.360052,11.2565,230.967,-0.359604,        29P   1680
11.2565,230.967,-0.358687,11.2565,230.966,-0.358217,11.2565,          29P   1681
230.966,-0.357346,11.2565,230.966,-0.35694,11.2565,230.965,           29P   1682
-0.355487,11.2565,230.964,-0.354533,11.2565,230.962,-0.35309,         29P   1683
11.2565,230.961,-0.352348,11.2565,230.96,-0.351281,11.2565,           29P   1684
230.96,-0.351093,11.2565,230.959,-0.350204,11.2565,230.958,           29P   1685
-0.349494,11.2565,230.956,-0.347892,11.2565,230.955,-0.347008,        29P   1686
11.2565,230.954,-0.345761,11.2565,230.953,-0.345069,11.2565,          29P   1687
230.952,-0.344375,11.2565,230.952,-0.343762,11.2565,230.951,          29P   1688
-0.343137,11.2565,230.949,-0.341762,11.2565,230.948,-0.340176,        29P   1689
11.2565,230.946,-0.338416,11.2565,230.944,-0.336684,11.2565,          29P   1690
230.942,-0.334581,11.2565,230.939,-0.332295,11.2565,230.935,          29P   1691
-0.328554,11.2565,230.932,-0.325374,11.2565,230.929,-0.322586,        29P   1692
11.2565,230.928,-0.321666,11.2565,230.926,-0.320289,11.2565,          29P   1693
230.925,-0.31874,11.2565,230.923,-0.316991,11.2565,230.921,           29P   1694
-0.315278,11.2565,230.919,-0.313182,11.2565,230.917,-0.310924,        29P   1695
11.2565,230.91,-0.304565,11.2565,230.904,-0.298764,11.2565,           29P   1696
230.898,-0.293349,11.2565,230.897,-0.292476,11.2565,230.896,          29P   1697
-0.291139,11.2565,230.895,-0.289631,11.2565,230.893,-0.287932,        29P   1698
11.2565,230.891,-0.286259,11.2565,230.888,-0.283578,11.2565,          29P   1699
230.878,-0.273873,11.2565,230.869,-0.264585,11.2565,230.861,          29P   1700
-0.25647,11.2565,230.86,-0.255627,11.2565,230.859,-0.25434,           29P   1701
11.2565,230.857,-0.252872,11.2565,230.856,-0.251241,11.2565,          29P   1702
230.854,-0.249643,11.2565,230.852,-0.247699,11.2565,230.85,           29P   1703
-0.245601,11.2565,230.838,-0.23357,11.2565,230.827,-0.221971,         29P   1704
11.2565,230.816,-0.210631,11.2565,230.815,-0.209377,11.2565,          29P   1705
230.813,-0.207956,11.2565,230.812,-0.206393,11.2565,230.81,           29P   1706
-0.204875,11.2565,230.809,-0.203046,11.2565,230.807,-0.201069,        29P   1707
11.2565,230.795,-0.188617,11.2565,230.783,-0.176581,11.2565,          29P   1708
230.773,-0.164755,11.2565,230.771,-0.16356,11.2565,230.77,            29P   1709
-0.162218,11.2565,230.769,-0.160727,11.2565,230.767,-0.159288,        29P   1710
11.2565,230.766,-0.157542,11.2565,230.764,-0.155698,11.2565,          29P   1711
230.752,-0.142839,11.2565,230.741,-0.130272,11.2565,230.73,           29P   1712
-0.117914,11.2565,230.729,-0.116714,11.2565,230.728,-0.115449,        29P   1713
11.2565,230.727,-0.114059,11.2565,230.726,-0.1127,11.2565,            29P   1714
230.724,-0.111078,11.2565,230.723,-0.109344,11.2565,230.711,          29P   1715
-0.0960466,11.2565,230.7,-0.0828282,11.2565,230.688,-0.0694549,       29P   1716
11.2565,230.687,-0.0680416,11.2565,230.686,-0.0667082,11.2565,        29P   1717
230.685,-0.065461,11.2565,230.683,-0.0639763,11.2565,230.682,         29P   1718
-0.0623823,11.2565,230.67,-0.0486857,11.2565,230.659,-0.034991,       29P   1719
11.2565,230.648,-0.0211279,11.2565,230.647,-0.0197964,11.2565,        29P   1720
230.646,-0.0185637,11.2565,230.645,-0.017395,11.2565,230.643,         29P   1721
-0.0160256,11.2565,230.642,-0.0145618,11.2565,230.631,                29P   1722
-0.000388091,11.2565,230.619,0.0138333,11.2565,230.608,               29P   1723
0.0281335,11.2565,230.607,0.0293507,11.2565,230.606,0.030472,         29P   1724
11.2565,230.606,0.0315124,11.2565,230.605,0.0327442,11.2565,          29P   1725
230.604,0.0340475,11.2565,230.592,0.0486504,11.2565,230.581,          29P   1726
0.063215,11.2565,230.569,0.07787,11.2565,230.569,0.0789558,           29P   1727
11.2565,230.568,0.0799554,11.2565,230.567,0.0808868,11.2565,          29P   1728
230.566,0.0819791,11.2565,230.565,0.0831344,11.2565,230.553,          29P   1729
0.0984847,11.2565,230.542,0.113803,11.2565,230.53,0.129263,           29P   1730
11.2565,230.529,0.130624,11.2565,230.528,0.131816,11.2565,            29P   1731
230.528,0.132614,11.2565,230.516,0.148068,11.2565,230.504,            29P   1732
0.163336,11.2565,230.493,0.178697,11.2565,230.492,0.179717,           29P   1733
11.2565,230.491,0.180742,11.2565,230.49,0.181994,11.2565,             29P   1734
230.479,0.198098,11.2565,230.467,0.214342,11.2565,230.455,            29P   1735
0.230351,11.2565,230.454,0.231558,11.2565,230.442,0.24793,            29P   1736
11.2565,230.43,0.264535,11.2565,230.418,0.281193,11.2565,             29P   1737
230.417,0.282189,11.2565,230.405,0.299285,11.2565,230.393,            29P   1738
0.316176,11.2565,230.381,0.333021,11.2565,230.371,0.347507,           29P   1739
11.2565,230.361,0.361958,11.2565,230.344,0.387045,11.2565,            29P   1740
230.336,0.398773,11.2565,230.322,0.418755,11.2565,230.312,            29P   1741
0.433328,11.2565,230.303,0.447881,11.2565,230.299,0.453717,           29P   1742
11.2565,230.301,0.461764,11.3836,230.301,0.462588,11.3836,230.3,      29P   1743
0.463609,11.3836,230.298,0.464281,11.3836,230.297,0.464443,           29P   1744
11.3836,230.295,0.464347,11.3836,230.294,0.463764,11.3836,            29P   1745
230.293,0.462962,11.3836,230.292,0.462458,11.3836,230.292,            29P   1746
0.46191,11.3836,230.291,0.461614,11.3836,230.291,0.46073,             29P   1747
11.3836,230.291,0.460088,11.3836,230.29,0.458486,11.3836,230.29,      29P   1748
0.457403,11.3836,230.291,0.456245,11.3836,230.291,0.455773,           29P   1749
11.3836,230.292,0.455321,11.3836,230.292,0.453995,11.3836,            29P   1750
230.293,0.452994,11.3836,230.293,0.45155,11.3836,230.293,             29P   1751
0.451087,11.3836,230.294,0.450154,11.3836,230.294,0.449682,           29P   1752
11.3836,230.295,0.446868,11.3836,230.297,0.443712,11.3836,            29P   1753
230.299,0.440098,11.3836,230.299,0.438419,11.3836,230.3,              29P   1754
0.436837,11.3836,230.301,0.435205,11.3836,230.302,0.433661,           29P   1755
11.3836,230.302,0.432471,11.3836,230.303,0.431258,11.3836,            29P   1756
230.306,0.424783,11.3836,230.309,0.417931,11.3836,230.312,            29P   1757
0.411127,11.3836,230.313,0.409486,11.3836,230.314,0.407939,           29P   1758
11.3836,230.315,0.406058,11.3836,230.316,0.404174,11.3836,            29P   1759
230.317,0.402459,11.3836,230.321,0.392645,11.3836,230.326,            29P   1760
0.382571,11.3836,230.331,0.372632,11.3836,230.333,0.370399,           29P   1761
11.3836,230.334,0.368465,11.3836,230.334,0.366649,11.3836,            29P   1762
230.335,0.365496,11.3836,230.336,0.364205,11.3836,230.342,            29P   1763
0.351323,11.3836,230.349,0.338408,11.3836,230.356,0.325449,           29P   1764
11.3836,230.357,0.324011,11.3836,230.358,0.322365,11.3836,            29P   1765
230.359,0.320627,11.3836,230.36,0.318795,11.3836,230.361,             29P   1766
0.317026,11.3836,230.369,0.300971,11.3836,230.378,0.284725,           29P   1767
11.3836,230.387,0.268844,11.3836,230.388,0.267495,11.3836,            29P   1768
230.388,0.266232,11.3836,230.389,0.264561,11.3836,230.39,             29P   1769
0.262798,11.3836,230.391,0.261005,11.3836,230.401,0.244768,           29P   1770
11.3836,230.41,0.228718,11.3836,230.42,0.212802,11.3836,230.421,      29P   1771
0.210999,11.3836,230.422,0.209399,11.3836,230.422,0.208361,           29P   1772
11.3836,230.423,0.207224,11.3836,230.424,0.206119,11.3836,            29P   1773
230.424,0.205028,11.3836,230.434,0.189409,11.3836,230.443,            29P   1774
0.173902,11.3836,230.453,0.158254,11.3836,230.454,0.15659,            29P   1775
11.3836,230.456,0.154829,11.3836,230.457,0.153439,11.3836,            29P   1776
230.457,0.151932,11.3836,230.458,0.150723,11.3836,230.468,            29P   1777
0.135253,11.3836,230.478,0.119976,11.3836,230.489,0.104617,           29P   1778
11.3836,230.49,0.103117,11.3836,230.491,0.101462,11.3836,             29P   1779
230.492,0.100094,11.3836,230.493,0.0985775,11.3836,230.494,           29P   1780
0.0973341,11.3836,230.504,0.0819792,11.3836,230.514,0.0668781,        29P   1781
11.3836,230.525,0.0517948,11.3836,230.526,0.0504263,11.3836,          29P   1782
230.527,0.0491406,11.3836,230.528,0.0482421,11.3836,230.528,          29P   1783
0.0471775,11.3836,230.529,0.0460204,11.3836,230.53,0.0447779,         29P   1784
11.3836,230.541,0.0295869,11.3836,230.552,0.0147902,11.3836,          29P   1785
230.563,5.82154E-05,11.3836,230.564,-0.00117055,11.3836,230.565,      29P   1786
-0.00237534,11.3836,230.565,-0.00325744,11.3836,230.566,              29P   1787
-0.00427659,11.3836,230.567,-0.00542804,11.3836,230.568,              29P   1788
-0.00668429,11.3836,230.579,-0.0216365,11.3836,230.591,               29P   1789
-0.0361567,11.3836,230.602,-0.0505424,11.3836,230.603,                29P   1790
-0.0516384,11.3836,230.604,-0.0530135,11.3836,230.605,                29P   1791
-0.0542419,11.3836,230.606,-0.0557258,11.3836,230.607,-0.057062,      29P   1792
11.3836,230.619,-0.0717531,11.3836,230.631,-0.0859481,11.3836,        29P   1793
230.643,-0.0998453,11.3836,230.644,-0.10079,11.3836,230.645,          29P   1794
-0.101801,11.3836,230.645,-0.102627,11.3836,230.646,-0.103611,        29P   1795
11.3836,230.647,-0.104753,11.3836,230.648,-0.106067,11.3836,          29P   1796
230.661,-0.120597,11.3836,230.674,-0.134603,11.3836,230.687,          29P   1797
-0.148377,11.3836,230.687,-0.149321,11.3836,230.688,-0.15008,         29P   1798
11.3836,230.689,-0.151054,11.3836,230.69,-0.152221,11.3836,           29P   1799
230.691,-0.153568,11.3836,230.704,-0.167705,11.3836,230.717,          29P   1800
-0.181333,11.3836,230.731,-0.194606,11.3836,230.731,-0.19545,         29P   1801
11.3836,230.732,-0.196176,11.3836,230.733,-0.197121,11.3836,          29P   1802
230.734,-0.198278,11.3836,230.736,-0.199632,11.3836,230.749,          29P   1803
-0.21331,11.3836,230.763,-0.226406,11.3836,230.776,-0.239172,         29P   1804
11.3836,230.777,-0.239957,11.3836,230.778,-0.240671,11.3836,          29P   1805
230.779,-0.241604,11.3836,230.78,-0.24275,11.3836,230.782,            29P   1806
-0.244108,11.3836,230.796,-0.257499,11.3836,230.81,-0.27043,          29P   1807
11.3836,230.824,-0.282912,11.3836,230.825,-0.283622,11.3836,          29P   1808
230.826,-0.28454,11.3836,230.827,-0.285704,11.3836,230.829,           29P   1809
-0.287077,11.3836,230.841,-0.297629,11.3836,230.853,-0.307677,        29P   1810
11.3836,230.865,-0.317431,11.3836,230.865,-0.318091,11.3836,          29P   1811
230.866,-0.318981,11.3836,230.868,-0.320124,11.3836,230.87,           29P   1812
-0.321504,11.3836,230.879,-0.329461,11.3836,230.888,-0.337019,        29P   1813
11.3836,230.898,-0.344232,11.3836,230.898,-0.344878,11.3836,          29P   1814
230.899,-0.345747,11.3836,230.901,-0.346887,11.3836,230.903,          29P   1815
-0.348269,11.3836,230.91,-0.353787,11.3836,230.916,-0.358924,         29P   1816
11.3836,230.923,-0.363771,11.3836,230.924,-0.3644,11.3836,            29P   1817
230.925,-0.365254,11.3836,230.926,-0.36639,11.3836,230.928,           29P   1818
-0.367776,11.3836,230.932,-0.370563,11.3836,230.935,-0.372844,        29P   1819
11.3836,230.938,-0.37518,11.3836,230.938,-0.375462,11.3836,           29P   1820
230.939,-0.376015,11.3836,230.94,-0.376566,11.3836,230.941,           29P   1821
-0.377213,11.3836,230.941,-0.377376,11.3836,230.942,-0.377793,        29P   1822
11.3836,230.943,-0.378014,11.3836,230.945,-0.378414,11.3836,          29P   1823
230.946,-0.378548,11.3836,230.947,-0.378599,11.3836,230.947,          29P   1824
-0.378624,11.3836,230.948,-0.37861,11.3836,230.949,-0.378561,         29P   1825
11.3836,230.95,-0.378379,11.3836,230.951,-0.377913,11.3836,           29P   1826
230.953,-0.377237,11.3836,230.955,-0.376189,11.3836,230.956,          29P   1827
-0.374986,11.3836,230.957,-0.373597,11.3836,230.958,-0.372017,        29P   1828
11.3836,230.959,-0.370566,11.3836,230.96,-0.369212,11.3836,           29P   1829
230.96,-0.367803,11.3836,230.96,-0.366384,11.3836,230.96,             29P   1830
-0.364899,11.3836,230.96,-0.363211,11.3836,230.96,-0.361715,          29P   1831
11.3836,230.959,-0.360463,11.3836,230.959,-0.359598,11.3836,          29P   1832
230.959,-0.358839,11.3836,230.958,-0.358415,11.3836,230.958,          29P   1833
-0.35757,11.3836,230.958,-0.35716,11.3836,230.957,-0.356401,          29P   1834
11.3836,230.957,-0.356068,11.3836,230.955,-0.355019,11.3836,          29P   1835
230.954,-0.354277,11.3836,230.953,-0.352856,11.3836,230.952,          29P   1836
-0.352218,11.3836,230.951,-0.351218,11.3836,230.951,-0.350834,        29P   1837
11.3836,230.949,-0.349733,11.3836,230.949,-0.349017,11.3836,          29P   1838
230.947,-0.347418,11.3836,230.946,-0.346533,11.3836,230.945,          29P   1839
-0.34527,11.3836,230.944,-0.344566,11.3836,230.943,-0.343864,         29P   1840
11.3836,230.942,-0.343249,11.3836,230.942,-0.342633,11.3836,          29P   1841
230.94,-0.341264,11.3836,230.939,-0.33967,11.3836,230.937,            29P   1842
-0.337902,11.3836,230.935,-0.336162,11.3836,230.933,-0.334048,        29P   1843
11.3836,230.93,-0.331752,11.3836,230.926,-0.327985,11.3836,           29P   1844
230.923,-0.324796,11.3836,230.92,-0.322007,11.3836,230.919,           29P   1845
-0.321086,11.3836,230.917,-0.31972,11.3836,230.916,-0.318174,         29P   1846
11.3836,230.914,-0.31643,11.3836,230.912,-0.314723,11.3836,           29P   1847
230.91,-0.312637,11.3836,230.908,-0.31039,11.3836,230.901,            29P   1848
-0.30406,11.3836,230.895,-0.298301,11.3836,230.889,-0.292907,         29P   1849
11.3836,230.888,-0.292037,11.3836,230.887,-0.290713,11.3836,          29P   1850
230.886,-0.289209,11.3836,230.884,-0.287512,11.3836,230.882,          29P   1851
-0.28584,11.3836,230.879,-0.283159,11.3836,230.869,-0.273429,         29P   1852
11.3836,230.86,-0.264077,11.3836,230.852,-0.255907,11.3836,           29P   1853
230.851,-0.255058,11.3836,230.85,-0.253772,11.3836,230.848,           29P   1854
-0.252294,11.3836,230.847,-0.250652,11.3836,230.845,-0.249043,        29P   1855
11.3836,230.843,-0.247087,11.3836,230.841,-0.244976,11.3836,          29P   1856
230.829,-0.232862,11.3836,230.818,-0.221194,11.3836,230.807,          29P   1857
-0.209766,11.3836,230.806,-0.20851,11.3836,230.805,-0.207078,         29P   1858
11.3836,230.803,-0.205502,11.3836,230.802,-0.203972,11.3836,          29P   1859
230.8,-0.202127,11.3836,230.798,-0.200133,11.3836,230.787,            29P   1860
-0.187564,11.3836,230.775,-0.175413,11.3836,230.765,-0.163521,        29P   1861
11.3836,230.763,-0.162328,11.3836,230.762,-0.160979,11.3836,          29P   1862
230.761,-0.159481,11.3836,230.76,-0.158035,11.3836,230.758,           29P   1863
-0.156282,11.3836,230.756,-0.154431,11.3836,230.745,-0.141599,        29P   1864
11.3836,230.734,-0.129018,11.3836,230.723,-0.116567,11.3836,          29P   1865
230.722,-0.115357,11.3836,230.721,-0.114008,11.3836,230.719,          29P   1866
-0.112605,11.3836,230.718,-0.111234,11.3836,230.717,-0.109596,        29P   1867
11.3836,230.715,-0.107844,11.3836,230.704,-0.0941289,11.3836,         29P   1868
230.692,-0.0806893,11.3836,230.681,-0.0671221,11.3836,230.68,         29P   1869
-0.0656939,11.3836,230.679,-0.0646259,11.3836,230.678,                29P   1870
-0.0633612,11.3836,230.677,-0.061856,11.3836,230.675,-0.0602402,      29P   1871
11.3836,230.664,-0.0461032,11.3836,230.653,-0.0322331,11.3836,        29P   1872
230.641,-0.0182143,11.3836,230.64,-0.0168714,11.3836,230.64,          29P   1873
-0.0158893,11.3836,230.639,-0.0147078,11.3836,230.638,                29P   1874
-0.0133235,11.3836,230.636,-0.0118439,11.3836,230.625,0.0027315,      29P   1875
11.3836,230.614,0.0171046,11.3836,230.603,0.0315699,11.3836,          29P   1876
230.602,0.0327975,11.3836,230.601,0.0336748,11.3836,230.6,            29P   1877
0.0347273,11.3836,230.599,0.0359737,11.3836,230.598,0.0372923,        29P   1878
11.3836,230.587,0.0522902,11.3836,230.576,0.0670552,11.3836,          29P   1879
230.565,0.0818978,11.3836,230.564,0.0829922,11.3836,230.564,          29P   1880
0.0837821,11.3836,230.563,0.0847253,11.3836,230.562,0.0858315,        29P   1881
11.3836,230.561,0.0870013,11.3836,230.55,0.10228,11.3836,             29P   1882
230.538,0.117767,11.3836,230.527,0.133423,11.3836,230.526,            29P   1883
0.134833,11.3836,230.525,0.13604,11.3836,230.524,0.137099,            29P   1884
11.3836,230.513,0.152686,11.3836,230.502,0.168143,11.3836,            29P   1885
230.491,0.183647,11.3836,230.49,0.184677,11.3836,230.489,             29P   1886
0.185549,11.3836,230.488,0.186811,11.3836,230.477,0.202534,           29P   1887
11.3836,230.465,0.218868,11.3836,230.454,0.235089,11.3836,            29P   1888
230.453,0.236335,11.3836,230.441,0.253893,11.3836,230.429,            29P   1889
0.270985,11.3836,230.417,0.287892,11.3836,230.417,0.28884,            29P   1890
11.3836,230.405,0.305786,11.3836,230.394,0.322793,11.3836,            29P   1891
230.382,0.339896,11.3836,230.372,0.3544,11.3836,230.362,              29P   1892
0.369052,11.3836,230.345,0.394154,11.3836,230.338,0.405905,           29P   1893
11.3836,230.324,0.426274,11.3836,230.315,0.441038,11.3836,            29P   1894
230.305,0.455899,11.3836,230.301,0.461764,11.3836,230.302,            29P   1895
0.470249,11.512,230.301,0.470958,11.512,230.3,0.471932,11.512,        29P   1896
230.299,0.472611,11.512,230.298,0.472768,11.512,230.296,              29P   1897
0.472721,11.512,230.295,0.472425,11.512,230.293,0.471209,11.512,      29P   1898
230.293,0.470193,11.512,230.292,0.468967,11.512,230.292,              29P   1899
0.468233,11.512,230.292,0.466616,11.512,230.292,0.465749,11.512,      29P   1900
230.293,0.464639,11.512,230.293,0.464617,11.512,230.293,              29P   1901
0.464233,11.512,230.294,0.463524,11.512,230.294,0.462812,11.512,      29P   1902
230.294,0.461477,11.512,230.295,0.460504,11.512,230.296,0.45912,      29P   1903
11.512,230.296,0.458712,11.512,230.296,0.457831,11.512,230.296,       29P   1904
0.457357,11.512,230.298,0.454577,11.512,230.299,0.451423,11.512,      29P   1905
230.301,0.447798,11.512,230.301,0.446115,11.512,230.302,              29P   1906
0.444465,11.512,230.303,0.442831,11.512,230.304,0.441285,11.512,      29P   1907
230.304,0.440093,11.512,230.305,0.438879,11.512,230.308,              29P   1908
0.432418,11.512,230.311,0.425566,11.512,230.314,0.418765,11.512,      29P   1909
230.315,0.417124,11.512,230.316,0.415517,11.512,230.317,              29P   1910
0.413636,11.512,230.318,0.411754,11.512,230.319,0.41004,11.512,       29P   1911
230.323,0.400325,11.512,230.328,0.39026,11.512,230.333,0.380297,      29P   1912
11.512,230.334,0.378058,11.512,230.335,0.376061,11.512,230.336,       29P   1913
0.374239,11.512,230.337,0.373082,11.512,230.338,0.371785,11.512,      29P   1914
230.344,0.358807,11.512,230.351,0.345804,11.512,230.357,              29P   1915
0.332798,11.512,230.358,0.331355,11.512,230.359,0.329704,11.512,      29P   1916
230.36,0.327961,11.512,230.361,0.326124,11.512,230.362,0.324351,      29P   1917
11.512,230.37,0.308317,11.512,230.379,0.292089,11.512,230.388,        29P   1918
0.276166,11.512,230.389,0.274814,11.512,230.39,0.273493,11.512,       29P   1919
230.391,0.271816,11.512,230.392,0.270047,11.512,230.393,              29P   1920
0.268247,11.512,230.401,0.252742,11.512,230.41,0.236632,11.512,       29P   1921
230.42,0.220632,11.512,230.421,0.21882,11.512,230.422,0.217167,       29P   1922
11.512,230.423,0.215369,11.512,230.424,0.214228,11.512,230.424,       29P   1923
0.213118,11.512,230.425,0.212023,11.512,230.434,0.196977,11.512,      29P   1924
230.443,0.181471,11.512,230.453,0.16574,11.512,230.454,0.164068,      29P   1925
11.512,230.455,0.162253,11.512,230.457,0.160179,11.512,230.458,       29P   1926
0.158663,11.512,230.458,0.157496,11.512,230.468,0.142479,11.512,      29P   1927
230.477,0.1271,11.512,230.488,0.111636,11.512,230.489,0.110127,       29P   1928
11.512,230.49,0.108423,11.512,230.491,0.106462,11.512,230.492,        29P   1929
0.104936,11.512,230.493,0.103736,11.512,230.503,0.0888708,            29P   1930
11.512,230.513,0.0737358,11.512,230.524,0.0585472,11.512,             29P   1931
230.524,0.0571689,11.512,230.525,0.0558393,11.512,230.526,            29P   1932
0.0543634,11.512,230.527,0.0532908,11.512,230.528,0.0521249,          29P   1933
11.512,230.529,0.0508728,11.512,230.539,0.0360665,11.512,230.55,      29P   1934
0.0211381,11.512,230.561,0.00625042,11.512,230.562,0.00500862,        29P   1935
11.512,230.562,0.00375894,11.512,230.563,0.00237737,11.512,           29P   1936
230.564,0.00134783,11.512,230.565,0.000184677,11.512,230.566,         29P   1937
-0.00108431,11.512,230.577,-0.0157404,11.512,230.588,-0.0303852,      29P   1938
11.512,230.599,-0.0448933,11.512,230.6,-0.0459986,11.512,             29P   1939
230.601,-0.0474062,11.512,230.602,-0.049125,11.512,230.604,           29P   1940
-0.0506204,11.512,230.605,-0.0519201,11.512,230.616,-0.0663613,       29P   1941
11.512,230.628,-0.0806469,11.512,230.64,-0.094691,11.512,230.64,      29P   1942
-0.0956457,11.512,230.641,-0.0966883,11.512,230.642,-0.097871,        29P   1943
11.512,230.643,-0.0988659,11.512,230.644,-0.10002,11.512,             29P   1944
230.645,-0.10135,11.512,230.657,-0.115658,11.512,230.67,              29P   1945
-0.129856,11.512,230.682,-0.143783,11.512,230.683,-0.144748,          29P   1946
11.512,230.684,-0.145888,11.512,230.685,-0.146872,11.512,             29P   1947
230.686,-0.148051,11.512,230.687,-0.149411,11.512,230.7,              29P   1948
-0.163345,11.512,230.713,-0.177066,11.512,230.726,-0.190455,          29P   1949
11.512,230.727,-0.191319,11.512,230.728,-0.192375,11.512,             29P   1950
230.729,-0.193328,11.512,230.73,-0.194495,11.512,230.731,             29P   1951
-0.195861,11.512,230.744,-0.209408,11.512,230.758,-0.222638,          29P   1952
11.512,230.771,-0.235523,11.512,230.772,-0.236319,11.512,             29P   1953
230.773,-0.237284,11.512,230.774,-0.238226,11.512,230.775,            29P   1954
-0.239382,11.512,230.777,-0.240752,11.512,230.791,-0.254139,          29P   1955
11.512,230.805,-0.267172,11.512,230.819,-0.279782,11.512,230.82,      29P   1956
-0.280616,11.512,230.821,-0.281544,11.512,230.822,-0.282719,          29P   1957
11.512,230.824,-0.284107,11.512,230.835,-0.294619,11.512,             29P   1958
230.847,-0.304797,11.512,230.859,-0.314678,11.512,230.86,             29P   1959
-0.315497,11.512,230.861,-0.316398,11.512,230.862,-0.317556,          29P   1960
11.512,230.864,-0.318953,11.512,230.873,-0.32689,11.512,230.882,      29P   1961
-0.334537,11.512,230.891,-0.341816,11.512,230.892,-0.342585,          29P   1962
11.512,230.893,-0.343462,11.512,230.895,-0.344611,11.512,             29P   1963
230.897,-0.346005,11.512,230.903,-0.351437,11.512,230.91,             29P   1964
-0.356624,11.512,230.916,-0.361545,11.512,230.917,-0.362316,          29P   1965
11.512,230.918,-0.363184,11.512,230.92,-0.364339,11.512,230.922,      29P   1966
-0.36575,11.512,230.926,-0.369048,11.512,230.93,-0.371821,            29P   1967
11.512,230.933,-0.374284,11.512,230.933,-0.374507,11.512,             29P   1968
230.934,-0.374896,11.512,230.934,-0.375009,11.512,230.935,            29P   1969
-0.375281,11.512,230.935,-0.375429,11.512,230.936,-0.375798,          29P   1970
11.512,230.937,-0.375984,11.512,230.938,-0.37627,11.512,230.939,      29P   1971
-0.376359,11.512,230.94,-0.376381,11.512,230.941,-0.376321,           29P   1972
11.512,230.942,-0.376156,11.512,230.943,-0.375991,11.512,             29P   1973
230.944,-0.375776,11.512,230.945,-0.375317,11.512,230.947,            29P   1974
-0.374519,11.512,230.948,-0.37371,11.512,230.949,-0.372595,           29P   1975
11.512,230.95,-0.371223,11.512,230.951,-0.369613,11.512,230.952,      29P   1976
-0.367347,11.512,230.953,-0.365474,11.512,230.953,-0.363932,          29P   1977
11.512,230.953,-0.36251,11.512,230.953,-0.361069,11.512,230.952,      29P   1978
-0.359961,11.512,230.952,-0.358534,11.512,230.951,-0.357399,          29P   1979
11.512,230.951,-0.356644,11.512,230.95,-0.355983,11.512,230.95,       29P   1980
-0.355615,11.512,230.949,-0.354868,11.512,230.949,-0.354479,          29P   1981
11.512,230.948,-0.353829,11.512,230.948,-0.353526,11.512,             29P   1982
230.947,-0.352389,11.512,230.946,-0.35156,11.512,230.944,             29P   1983
-0.350074,11.512,230.943,-0.349408,11.512,230.942,-0.348383,          29P   1984
11.512,230.942,-0.348027,11.512,230.941,-0.346948,11.512,230.94,      29P   1985
-0.346224,11.512,230.938,-0.344606,11.512,230.937,-0.343712,          29P   1986
11.512,230.936,-0.342464,11.512,230.935,-0.341776,11.512,             29P   1987
230.935,-0.341084,11.512,230.934,-0.340466,11.512,230.933,            29P   1988
-0.339818,11.512,230.932,-0.338416,11.512,230.93,-0.336821,           29P   1989
11.512,230.928,-0.335054,11.512,230.926,-0.333319,11.512,             29P   1990
230.924,-0.331213,11.512,230.921,-0.328928,11.512,230.917,            29P   1991
-0.325203,11.512,230.914,-0.322031,11.512,230.911,-0.319245,          29P   1992
11.512,230.91,-0.318326,11.512,230.909,-0.316935,11.512,230.907,      29P   1993
-0.315386,11.512,230.905,-0.313635,11.512,230.903,-0.31192,           29P   1994
11.512,230.901,-0.30982,11.512,230.899,-0.307556,11.512,230.892,      29P   1995
-0.301189,11.512,230.887,-0.295362,11.512,230.881,-0.28992,           29P   1996
11.512,230.88,-0.289042,11.512,230.879,-0.287686,11.512,230.877,      29P   1997
-0.286171,11.512,230.875,-0.284463,11.512,230.874,-0.282781,          29P   1998
11.512,230.871,-0.280085,11.512,230.861,-0.270336,11.512,             29P   1999
230.852,-0.260983,11.512,230.844,-0.252802,11.512,230.843,            29P   2000
-0.251952,11.512,230.842,-0.250642,11.512,230.84,-0.249162,           29P   2001
11.512,230.839,-0.247517,11.512,230.837,-0.245905,11.512,             29P   2002
230.835,-0.243944,11.512,230.833,-0.241829,11.512,230.821,            29P   2003
-0.229703,11.512,230.81,-0.217994,11.512,230.799,-0.206542,           29P   2004
11.512,230.798,-0.205265,11.512,230.797,-0.20383,11.512,230.795,      29P   2005
-0.202252,11.512,230.794,-0.200719,11.512,230.792,-0.198871,          29P   2006
11.512,230.79,-0.196874,11.512,230.779,-0.184303,11.512,230.768,      29P   2007
-0.172129,11.512,230.757,-0.160144,11.512,230.756,-0.158922,          29P   2008
11.512,230.755,-0.157562,11.512,230.753,-0.15605,11.512,230.752,      29P   2009
-0.154591,11.512,230.75,-0.152821,11.512,230.749,-0.150951,           29P   2010
11.512,230.737,-0.137809,11.512,230.726,-0.125052,11.512,             29P   2011
230.715,-0.112529,11.512,230.714,-0.111314,11.512,230.713,            29P   2012
-0.110138,11.512,230.712,-0.10873,11.512,230.711,-0.107353,           29P   2013
11.512,230.71,-0.105711,11.512,230.708,-0.103954,11.512,230.697,      29P   2014
-0.090874,11.512,230.686,-0.0775112,11.512,230.675,-0.0639361,        29P   2015
11.512,230.673,-0.0624934,11.512,230.672,-0.060742,11.512,            29P   2016
230.671,-0.0594748,11.512,230.67,-0.0579659,11.512,230.668,           29P   2017
-0.0563457,11.512,230.657,-0.0427755,11.512,230.646,-0.0288314,       29P   2018
11.512,230.635,-0.0147168,11.512,230.634,-0.0133564,11.512,           29P   2019
230.633,-0.0117324,11.512,230.632,-0.0105425,11.512,230.631,          29P   2020
-0.00914836,11.512,230.63,-0.00765822,11.512,230.619,0.0064201,       29P   2021
11.512,230.608,0.0208712,11.512,230.597,0.0354373,11.512,             29P   2022
230.596,0.0366823,11.512,230.595,0.0381842,11.512,230.594,            29P   2023
0.0392444,11.512,230.593,0.0404997,11.512,230.592,0.041828,           29P   2024
11.512,230.582,0.0564051,11.512,230.571,0.0712616,11.512,230.56,      29P   2025
0.0861975,11.512,230.559,0.0873113,11.512,230.558,0.0886407,          29P   2026
11.512,230.557,0.0895898,11.512,230.557,0.0907028,11.512,             29P   2027
230.556,0.0918799,11.512,230.544,0.107368,11.512,230.533,             29P   2028
0.122944,11.512,230.522,0.138706,11.512,230.521,0.140049,11.512,      29P   2029
230.52,0.141264,11.512,230.519,0.142288,11.512,230.508,0.157642,      29P   2030
11.512,230.497,0.173218,11.512,230.487,0.188872,11.512,230.486,       29P   2031
0.189911,11.512,230.485,0.191183,11.512,230.484,0.192458,11.512,      29P   2032
230.473,0.208957,11.512,230.461,0.225488,11.512,230.45,0.241837,      29P   2033
11.512,230.449,0.243037,11.512,230.438,0.259928,11.512,230.426,       29P   2034
0.277071,11.512,230.415,0.294113,11.512,230.414,0.295221,11.512,      29P   2035
230.402,0.312351,11.512,230.391,0.329564,11.512,230.38,0.346881,      29P   2036
11.512,230.37,0.361561,11.512,230.361,0.376419,11.512,230.344,        29P   2037
0.402394,11.512,230.337,0.414613,11.512,230.324,0.434861,11.512,      29P   2038
230.314,0.449702,11.512,230.305,0.464263,11.512,230.302,              29P   2039
0.470249,11.512,230.303,0.47755,11.6034,230.302,0.478222,             29P   2040
11.6034,230.301,0.47913,11.6034,230.3,0.479704,11.6034,230.298,       29P   2041
0.479787,11.6034,230.297,0.479253,11.6034,230.295,0.478015,           29P   2042
11.6034,230.294,0.476902,11.6034,230.294,0.476111,11.6034,            29P   2043
230.294,0.475488,11.6034,230.294,0.475287,11.6034,230.294,            29P   2044
0.474615,11.6034,230.294,0.474139,11.6034,230.295,0.47288,            29P   2045
11.6034,230.295,0.47185,11.6034,230.296,0.470517,11.6034,             29P   2046
230.296,0.469857,11.6034,230.296,0.469198,11.6034,230.297,            29P   2047
0.467867,11.6034,230.297,0.46689,11.6034,230.298,0.465495,            29P   2048
11.6034,230.298,0.465077,11.6034,230.299,0.464186,11.6034,            29P   2049
230.299,0.463713,11.6034,230.3,0.460795,11.6034,230.302,0.4576,       29P   2050
11.6034,230.303,0.453975,11.6034,230.304,0.45229,11.6034,             29P   2051
230.305,0.450825,11.6034,230.306,0.449187,11.6034,230.306,            29P   2052
0.447638,11.6034,230.307,0.446443,11.6034,230.307,0.445226,           29P   2053
11.6034,230.31,0.43859,11.6034,230.314,0.431689,11.6034,230.317,      29P   2054
0.424858,11.6034,230.318,0.423211,11.6034,230.318,0.421778,           29P   2055
11.6034,230.319,0.41989,11.6034,230.32,0.418,11.6034,230.321,         29P   2056
0.416279,11.6034,230.326,0.406365,11.6034,230.33,0.396259,            29P   2057
11.6034,230.335,0.386279,11.6034,230.336,0.384037,11.6034,            29P   2058
230.337,0.382201,11.6034,230.338,0.380377,11.6034,230.339,            29P   2059
0.379218,11.6034,230.339,0.37792,11.6034,230.346,0.364937,            29P   2060
11.6034,230.353,0.351932,11.6034,230.359,0.338894,11.6034,            29P   2061
230.36,0.337446,11.6034,230.361,0.335791,11.6034,230.362,             29P   2062
0.334042,11.6034,230.363,0.332199,11.6034,230.364,0.33042,            29P   2063
11.6034,230.372,0.314172,11.6034,230.381,0.29784,11.6034,             29P   2064
230.389,0.281869,11.6034,230.39,0.280514,11.6034,230.391,             29P   2065
0.279346,11.6034,230.392,0.277665,11.6034,230.393,0.275893,           29P   2066
11.6034,230.394,0.274089,11.6034,230.403,0.257871,11.6034,            29P   2067
230.412,0.241725,11.6034,230.421,0.225673,11.6034,230.422,            29P   2068
0.223854,11.6034,230.423,0.222329,11.6034,230.424,0.221106,           29P   2069
11.6034,230.425,0.219959,11.6034,230.425,0.218845,11.6034,            29P   2070
230.426,0.217744,11.6034,230.435,0.202012,11.6034,230.444,            29P   2071
0.18634,11.6034,230.454,0.170499,11.6034,230.455,0.168815,            29P   2072
11.6034,230.456,0.167116,11.6034,230.457,0.165551,11.6034,            29P   2073
230.458,0.164025,11.6034,230.458,0.16284,11.6034,230.468,             29P   2074
0.147196,11.6034,230.478,0.131708,11.6034,230.488,0.116162,           29P   2075
11.6034,230.489,0.114644,11.6034,230.49,0.11304,11.6034,230.491,      29P   2076
0.11152,11.6034,230.492,0.109986,11.6034,230.492,0.108768,            29P   2077
11.6034,230.503,0.0932969,11.6034,230.513,0.0780372,11.6034,          29P   2078
230.523,0.0627113,11.6034,230.524,0.0613203,11.6034,230.525,          29P   2079
0.0600787,11.6034,230.525,0.0590312,11.6034,230.526,0.0579482,        29P   2080
11.6034,230.527,0.0567708,11.6034,230.528,0.0555063,11.6034,          29P   2081
230.538,0.0400913,11.6034,230.549,0.0249704,11.6034,230.559,          29P   2082
0.00995624,11.6034,230.56,0.00870416,11.6034,230.561,0.00753824,      29P   2083
11.6034,230.562,0.00652471,11.6034,230.562,0.00548677,11.6034,        29P   2084
230.563,0.00431427,11.6034,230.564,0.00303527,11.6034,230.575,        29P   2085
-0.0121502,11.6034,230.586,-0.0268895,11.6034,230.597,                29P   2086
-0.0414972,11.6034,230.598,-0.0426102,11.6034,230.599,                29P   2087
-0.0439665,11.6034,230.6,-0.0453262,11.6034,230.601,-0.046833,        29P   2088
11.6034,230.602,-0.0481521,11.6034,230.614,-0.0630319,11.6034,        29P   2089
230.625,-0.0774559,11.6034,230.637,-0.0916092,11.6034,230.638,        29P   2090
-0.0925712,11.6034,230.638,-0.093562,11.6034,230.639,-0.0944848,      29P   2091
11.6034,230.64,-0.0954876,11.6034,230.641,-0.0966511,11.6034,         29P   2092
230.642,-0.0979904,11.6034,230.654,-0.11273,11.6034,230.667,          29P   2093
-0.127024,11.6034,230.679,-0.141045,11.6034,230.68,-0.141986,         29P   2094
11.6034,230.681,-0.142845,11.6034,230.682,-0.143836,11.6034,          29P   2095
230.683,-0.145023,11.6034,230.684,-0.146393,11.6034,230.697,          29P   2096
-0.160716,11.6034,230.709,-0.174539,11.6034,230.722,-0.18803,         29P   2097
11.6034,230.723,-0.188865,11.6034,230.724,-0.189678,11.6034,          29P   2098
230.725,-0.190639,11.6034,230.726,-0.191815,11.6034,230.727,          29P   2099
-0.193192,11.6034,230.741,-0.207049,11.6034,230.754,-0.220378,        29P   2100
11.6034,230.767,-0.233287,11.6034,230.768,-0.234075,11.6034,          29P   2101
230.769,-0.234853,11.6034,230.77,-0.235796,11.6034,230.771,           29P   2102
-0.236954,11.6034,230.772,-0.238324,11.6034,230.786,-0.251579,        29P   2103
11.6034,230.8,-0.264565,11.6034,230.814,-0.277171,11.6034,            29P   2104
230.815,-0.278139,11.6034,230.816,-0.279067,11.6034,230.818,          29P   2105
-0.280242,11.6034,230.819,-0.28163,11.6034,230.831,-0.292042,         29P   2106
11.6034,230.843,-0.302225,11.6034,230.854,-0.312017,11.6034,          29P   2107
230.855,-0.312925,11.6034,230.857,-0.313818,11.6034,230.858,          29P   2108
-0.314963,11.6034,230.86,-0.316344,11.6034,230.869,-0.324099,         29P   2109
11.6034,230.878,-0.331629,11.6034,230.887,-0.338854,11.6034,          29P   2110
230.888,-0.339704,11.6034,230.889,-0.340574,11.6034,230.891,          29P   2111
-0.341717,11.6034,230.893,-0.343103,11.6034,230.899,-0.348478,        29P   2112
11.6034,230.906,-0.353643,11.6034,230.912,-0.358496,11.6034,          29P   2113
230.913,-0.359284,11.6034,230.915,-0.360139,11.6034,230.916,          29P   2114
-0.361275,11.6034,230.918,-0.362659,11.6034,230.922,-0.365707,        29P   2115
11.6034,230.925,-0.368235,11.6034,230.929,-0.370622,11.6034,          29P   2116
230.929,-0.370931,11.6034,230.93,-0.371395,11.6034,230.93,            29P   2117
-0.37158,11.6034,230.931,-0.371895,11.6034,230.931,-0.37203,          29P   2118
11.6034,230.932,-0.372363,11.6034,230.933,-0.372526,11.6034,          29P   2119
230.935,-0.372828,11.6034,230.936,-0.372855,11.6034,230.938,          29P   2120
-0.372669,11.6034,230.938,-0.372589,11.6034,230.938,-0.372484,        29P   2121
11.6034,230.939,-0.372292,11.6034,230.94,-0.372025,11.6034,           29P   2122
230.941,-0.371473,11.6034,230.943,-0.37058,11.6034,230.944,           29P   2123
-0.369419,11.6034,230.945,-0.368075,11.6034,230.947,-0.366524,        29P   2124
11.6034,230.947,-0.364816,11.6034,230.948,-0.363003,11.6034,          29P   2125
230.948,-0.36175,11.6034,230.948,-0.360348,11.6034,230.948,           29P   2126
-0.35893,11.6034,230.948,-0.357468,11.6034,230.947,-0.355658,         29P   2127
11.6034,230.946,-0.354296,11.6034,230.946,-0.353107,11.6034,          29P   2128
230.945,-0.352328,11.6034,230.944,-0.351672,11.6034,230.944,          29P   2129
-0.351326,11.6034,230.943,-0.350707,11.6034,230.943,-0.350485,        29P   2130
11.6034,230.943,-0.349952,11.6034,230.942,-0.349648,11.6034,          29P   2131
230.941,-0.348549,11.6034,230.94,-0.347752,11.6034,230.938,           29P   2132
-0.346303,11.6034,230.938,-0.345654,11.6034,230.937,-0.34465,         29P   2133
11.6034,230.936,-0.344294,11.6034,230.935,-0.343227,11.6034,          29P   2134
230.934,-0.342516,11.6034,230.932,-0.340925,11.6034,230.932,          29P   2135
-0.340045,11.6034,230.93,-0.338746,11.6034,230.929,-0.338005,         29P   2136
11.6034,230.928,-0.337281,11.6034,230.928,-0.33667,11.6034,           29P   2137
230.927,-0.336115,11.6034,230.926,-0.334814,11.6034,230.924,          29P   2138
-0.333233,11.6034,230.922,-0.33148,11.6034,230.92,-0.329756,          29P   2139
11.6034,230.918,-0.327662,11.6034,230.916,-0.325388,11.6034,          29P   2140
230.911,-0.321616,11.6034,230.908,-0.318455,11.6034,230.905,          29P   2141
-0.31569,11.6034,230.904,-0.314778,11.6034,230.903,-0.31347,          29P   2142
11.6034,230.901,-0.311937,11.6034,230.899,-0.310206,11.6034,          29P   2143
230.897,-0.308512,11.6034,230.895,-0.306439,11.6034,230.893,          29P   2144
-0.304207,11.6034,230.886,-0.297872,11.6034,230.88,-0.292135,         29P   2145
11.6034,230.875,-0.286759,11.6034,230.874,-0.285891,11.6034,          29P   2146
230.872,-0.284615,11.6034,230.871,-0.283115,11.6034,230.869,          29P   2147
-0.281423,11.6034,230.867,-0.279755,11.6034,230.865,-0.277081,        29P   2148
11.6034,230.855,-0.267334,11.6034,230.845,-0.257991,11.6034,          29P   2149
230.837,-0.249818,11.6034,230.837,-0.248968,11.6034,230.835,          29P   2150
-0.247722,11.6034,230.834,-0.246243,11.6034,230.832,-0.2446,          29P   2151
11.6034,230.831,-0.242988,11.6034,230.829,-0.241029,11.6034,          29P   2152
230.827,-0.238915,11.6034,230.815,-0.226742,11.6034,230.804,          29P   2153
-0.215033,11.6034,230.793,-0.203564,11.6034,230.792,-0.202341,        29P   2154
11.6034,230.791,-0.200904,11.6034,230.789,-0.199322,11.6034,          29P   2155
230.788,-0.197786,11.6034,230.786,-0.195935,11.6034,230.784,          29P   2156
-0.193934,11.6034,230.772,-0.181282,11.6034,230.761,-0.169074,        29P   2157
11.6034,230.751,-0.157086,11.6034,230.75,-0.155918,11.6034,           29P   2158
230.748,-0.154557,11.6034,230.747,-0.153047,11.6034,230.746,          29P   2159
-0.151588,11.6034,230.744,-0.14982,11.6034,230.742,-0.147951,         29P   2160
11.6034,230.731,-0.135331,11.6034,230.72,-0.12262,11.6034,            29P   2161
230.71,-0.110074,11.6034,230.709,-0.108852,11.6034,230.707,           29P   2162
-0.107149,11.6034,230.706,-0.105736,11.6034,230.705,-0.104355,        29P   2163
11.6034,230.704,-0.102707,11.6034,230.702,-0.100943,11.6034,          29P   2164
230.691,-0.0872647,11.6034,230.679,-0.0737701,11.6034,230.668,        29P   2165
-0.0600886,11.6034,230.667,-0.0586731,11.6034,230.666,                29P   2166
-0.0574373,11.6034,230.665,-0.0561609,11.6034,230.664,                29P   2167
-0.0546413,11.6034,230.663,-0.0530096,11.6034,230.652,                29P   2168
-0.0388535,11.6034,230.641,-0.024806,11.6034,230.63,-0.010616,        29P   2169
11.6034,230.629,-0.00927288,11.6034,230.628,-0.00813118,11.6034,      29P   2170
230.627,-0.00693544,11.6034,230.626,-0.00553448,11.6034,230.625,      29P   2171
-0.00403714,11.6034,230.614,0.0105912,11.6034,230.603,0.0251221,      29P   2172
11.6034,230.592,0.0397694,11.6034,230.591,0.0409959,11.6034,          29P   2173
230.59,0.0420283,11.6034,230.59,0.0430944,11.6034,230.589,            29P   2174
0.0443568,11.6034,230.588,0.0456926,11.6034,230.577,0.06079,          29P   2175
11.6034,230.566,0.0757611,11.6034,230.555,0.0908176,11.6034,          29P   2176
230.554,0.0919034,11.6034,230.554,0.0928295,11.6034,230.553,          29P   2177
0.0937864,11.6034,230.552,0.0949085,11.6034,230.551,0.0960953,        29P   2178
11.6034,230.541,0.111482,11.6034,230.53,0.127198,11.6034,             29P   2179
230.518,0.143081,11.6034,230.517,0.144657,11.6034,230.517,            29P   2180
0.145882,11.6034,230.516,0.146922,11.6034,230.505,0.162674,           29P   2181
11.6034,230.494,0.178354,11.6034,230.483,0.19411,11.6034,             29P   2182
230.483,0.195159,11.6034,230.482,0.196137,11.6034,230.481,            29P   2183
0.197421,11.6034,230.47,0.213758,11.6034,230.459,0.230403,            29P   2184
11.6034,230.448,0.246916,11.6034,230.447,0.248288,11.6034,            29P   2185
230.436,0.265392,11.6034,230.424,0.28276,11.6034,230.413,             29P   2186
0.299964,11.6034,230.413,0.301175,11.6034,230.401,0.31831,            29P   2187
11.6034,230.39,0.335626,11.6034,230.379,0.353052,11.6034,230.37,      29P   2188
0.367921,11.6034,230.36,0.382875,11.6034,230.344,0.408881,            29P   2189
11.6034,230.337,0.42119,11.6034,230.324,0.441711,11.6034,             29P   2190
230.315,0.456795,11.6034,230.306,0.47154,11.6034,230.303,             29P   2191
0.47755,11.6034,230.302,0.486379,11.6986,230.301,0.486945,            29P   2192
11.6986,230.3,0.487899,11.6986,230.299,0.488572,11.6986,230.298,      29P   2193
0.48866,11.6986,230.296,0.488119,11.6986,230.295,0.487268,            29P   2194
11.6986,230.294,0.485847,11.6986,230.294,0.484832,11.6986,            29P   2195
230.294,0.483619,11.6986,230.294,0.482905,11.6986,230.295,            29P   2196
0.48172,11.6986,230.295,0.481202,11.6986,230.295,0.480141,            29P   2197
11.6986,230.295,0.47968,11.6986,230.296,0.478898,11.6986,             29P   2198
230.296,0.478221,11.6986,230.296,0.477544,11.6986,230.297,            29P   2199
0.4762,11.6986,230.297,0.475215,11.6986,230.298,0.47381,11.6986,      29P   2200
230.298,0.473391,11.6986,230.299,0.472494,11.6986,230.299,            29P   2201
0.472016,11.6986,230.3,0.469552,11.6986,230.301,0.46647,11.6986,      29P   2202
230.303,0.462812,11.6986,230.304,0.461112,11.6986,230.304,            29P   2203
0.459011,11.6986,230.305,0.457359,11.6986,230.306,0.455796,           29P   2204
11.6986,230.306,0.454592,11.6986,230.307,0.453365,11.6986,            29P   2205
230.31,0.447218,11.6986,230.313,0.440328,11.6986,230.316,             29P   2206
0.43345,11.6986,230.317,0.431791,11.6986,230.318,0.429742,            29P   2207
11.6986,230.318,0.427841,11.6986,230.319,0.42594,11.6986,230.32,      29P   2208
0.424208,11.6986,230.325,0.414747,11.6986,230.329,0.404617,           29P   2209
11.6986,230.334,0.394559,11.6986,230.335,0.392299,11.6986,            29P   2210
230.336,0.389901,11.6986,230.337,0.388062,11.6986,230.338,            29P   2211
0.386893,11.6986,230.338,0.385584,11.6986,230.345,0.372486,           29P   2212
11.6986,230.351,0.359349,11.6986,230.358,0.346196,11.6986,            29P   2213
230.358,0.344737,11.6986,230.359,0.343067,11.6986,230.36,             29P   2214
0.341303,11.6986,230.361,0.339446,11.6986,230.362,0.337652,           29P   2215
11.6986,230.37,0.321781,11.6986,230.378,0.305355,11.6986,             29P   2216
230.387,0.28923,11.6986,230.388,0.287861,11.6986,230.389,             29P   2217
0.286159,11.6986,230.39,0.284461,11.6986,230.39,0.28267,11.6986,      29P   2218
230.391,0.280848,11.6986,230.4,0.265025,11.6986,230.409,              29P   2219
0.248706,11.6986,230.418,0.232516,11.6986,230.419,0.230683,           29P   2220
11.6986,230.42,0.228698,11.6986,230.421,0.227332,11.6986,             29P   2221
230.421,0.226177,11.6986,230.422,0.225054,11.6986,230.423,            29P   2222
0.223945,11.6986,230.431,0.208633,11.6986,230.441,0.192921,           29P   2223
11.6986,230.45,0.176995,11.6986,230.451,0.175302,11.6986,             29P   2224
230.452,0.173167,11.6986,230.453,0.171474,11.6986,230.454,            29P   2225
0.169939,11.6986,230.455,0.16875,11.6986,230.464,0.153464,            29P   2226
11.6986,230.474,0.137875,11.6986,230.484,0.122169,11.6986,            29P   2227
230.485,0.120635,11.6986,230.486,0.118653,11.6986,230.487,            29P   2228
0.117012,11.6986,230.488,0.115462,11.6986,230.489,0.114233,           29P   2229
11.6986,230.498,0.0990208,11.6986,230.508,0.0835903,11.6986,          29P   2230
230.518,0.0681667,11.6986,230.519,0.0667674,11.6986,230.52,           29P   2231
0.0651844,11.6986,230.521,0.0640303,11.6986,230.522,0.062942,         29P   2232
11.6986,230.523,0.0617592,11.6986,230.523,0.0604891,11.6986,          29P   2233
230.534,0.0454055,11.6986,230.544,0.0302971,11.6986,230.555,          29P   2234
0.0152128,11.6986,230.555,0.0139545,11.6986,230.557,0.0124696,        29P   2235
11.6986,230.557,0.0113638,11.6986,230.558,0.0103203,11.6986,          29P   2236
230.559,0.00914116,11.6986,230.56,0.00785465,11.6986,230.57,          29P   2237
-0.00713776,11.6986,230.581,-0.0220154,11.6986,230.592,               29P   2238
-0.0367224,11.6986,230.593,-0.0378428,11.6986,230.594,                29P   2239
-0.0394117,11.6986,230.595,-0.0408647,11.6986,230.597,                29P   2240
-0.0423802,11.6986,230.598,-0.0437044,11.6986,230.609,                29P   2241
-0.0584004,11.6986,230.62,-0.0728507,11.6986,230.632,-0.0870046,      29P   2242
11.6986,230.633,-0.0879665,11.6986,230.634,-0.089156,11.6986,         29P   2243
230.635,-0.0901397,11.6986,230.636,-0.0911419,11.6986,230.636,        29P   2244
-0.0923045,11.6986,230.638,-0.0936426,11.6986,230.65,-0.108199,       29P   2245
11.6986,230.662,-0.122446,11.6986,230.675,-0.136384,11.6986,          29P   2246
230.676,-0.137418,11.6986,230.677,-0.138338,11.6986,230.677,          29P   2247
-0.139323,11.6986,230.678,-0.140502,11.6986,230.68,-0.141863,         29P   2248
11.6986,230.693,-0.155908,11.6986,230.705,-0.169601,11.6986,          29P   2249
230.719,-0.182927,11.6986,230.719,-0.18387,11.6986,230.72,            29P   2250
-0.184729,11.6986,230.721,-0.185678,11.6986,230.722,-0.186839,        29P   2251
11.6986,230.724,-0.188198,11.6986,230.737,-0.201795,11.6986,          29P   2252
230.751,-0.214916,11.6986,230.764,-0.227628,11.6986,230.765,          29P   2253
-0.228435,11.6986,230.766,-0.229244,11.6986,230.767,-0.230172,        29P   2254
11.6986,230.768,-0.231313,11.6986,230.77,-0.232662,11.6986,           29P   2255
230.784,-0.245746,11.6986,230.798,-0.258525,11.6986,230.812,          29P   2256
-0.27086,11.6986,230.814,-0.271776,11.6986,230.815,-0.272683,         29P   2257
11.6986,230.816,-0.273832,11.6986,230.818,-0.275189,11.6986,          29P   2258
230.83,-0.28541,11.6986,230.842,-0.295319,11.6986,230.853,            29P   2259
-0.304841,11.6986,230.855,-0.305677,11.6986,230.856,-0.306545,        29P   2260
11.6986,230.857,-0.307658,11.6986,230.859,-0.309,11.6986,             29P   2261
230.868,-0.316591,11.6986,230.878,-0.323895,11.6986,230.887,          29P   2262
-0.330868,11.6986,230.888,-0.331635,11.6986,230.889,-0.332475,        29P   2263
11.6986,230.891,-0.333576,11.6986,230.893,-0.334912,11.6986,          29P   2264
230.9,-0.340143,11.6986,230.906,-0.345107,11.6986,230.913,            29P   2265
-0.349782,11.6986,230.914,-0.350488,11.6986,230.915,-0.351311,        29P   2266
11.6986,230.917,-0.352405,11.6986,230.918,-0.35374,11.6986,           29P   2267
230.923,-0.356807,11.6986,230.926,-0.359372,11.6986,230.93,           29P   2268
-0.361676,11.6986,230.93,-0.36188,11.6986,230.931,-0.362257,          29P   2269
11.6986,230.931,-0.362424,11.6986,230.932,-0.362727,11.6986,          29P   2270
230.932,-0.362863,11.6986,230.933,-0.363197,11.6986,230.934,          29P   2271
-0.363359,11.6986,230.936,-0.363651,11.6986,230.937,-0.36366,         29P   2272
11.6986,230.938,-0.363452,11.6986,230.939,-0.363372,11.6986,          29P   2273
230.939,-0.363263,11.6986,230.94,-0.363061,11.6986,230.941,           29P   2274
-0.362781,11.6986,230.942,-0.362206,11.6986,230.944,-0.361275,        29P   2275
11.6986,230.945,-0.360184,11.6986,230.946,-0.358843,11.6986,          29P   2276
230.947,-0.357282,11.6986,230.948,-0.355471,11.6986,230.948,          29P   2277
-0.353514,11.6986,230.948,-0.351746,11.6986,230.948,-0.350234,        29P   2278
11.6986,230.948,-0.348825,11.6986,230.948,-0.347437,11.6986,          29P   2279
230.947,-0.346191,11.6986,230.946,-0.344871,11.6986,230.946,          29P   2280
-0.343992,11.6986,230.945,-0.343436,11.6986,230.945,-0.342939,        29P   2281
11.6986,230.944,-0.342658,11.6986,230.944,-0.342038,11.6986,          29P   2282
230.943,-0.341548,11.6986,230.942,-0.34077,11.6986,230.942,           29P   2283
-0.34048,11.6986,230.941,-0.339419,11.6986,230.94,-0.338648,          29P   2284
11.6986,230.938,-0.337252,11.6986,230.937,-0.336627,11.6986,          29P   2285
230.936,-0.335659,11.6986,230.936,-0.335318,11.6986,230.934,          29P   2286
-0.334292,11.6986,230.934,-0.333607,11.6986,230.932,-0.332075,        29P   2287
11.6986,230.931,-0.331227,11.6986,230.93,-0.330185,11.6986,           29P   2288
230.929,-0.329665,11.6986,230.928,-0.329092,11.6986,230.928,          29P   2289
-0.328504,11.6986,230.927,-0.327706,11.6986,230.925,-0.326189,        29P   2290
11.6986,230.923,-0.324666,11.6986,230.921,-0.322977,11.6986,          29P   2291
230.919,-0.321316,11.6986,230.917,-0.319298,11.6986,230.914,          29P   2292
-0.317105,11.6986,230.91,-0.313681,11.6986,230.907,-0.310644,         29P   2293
11.6986,230.904,-0.30797,11.6986,230.903,-0.307087,11.6986,           29P   2294
230.901,-0.305587,11.6986,230.899,-0.3041,11.6986,230.898,            29P   2295
-0.302421,11.6986,230.896,-0.300777,11.6986,230.893,-0.298764,        29P   2296
11.6986,230.891,-0.296594,11.6986,230.884,-0.290635,11.6986,          29P   2297
230.878,-0.285054,11.6986,230.872,-0.279816,11.6986,230.872,          29P   2298
-0.278971,11.6986,230.87,-0.277514,11.6986,230.868,-0.276052,         29P   2299
11.6986,230.867,-0.274404,11.6986,230.865,-0.272779,11.6986,          29P   2300
230.862,-0.270174,11.6986,230.852,-0.260878,11.6986,230.842,          29P   2301
-0.251787,11.6986,230.834,-0.243825,11.6986,230.833,-0.242998,        29P   2302
11.6986,230.832,-0.241576,11.6986,230.83,-0.240135,11.6986,           29P   2303
230.829,-0.238533,11.6986,230.827,-0.236963,11.6986,230.825,          29P   2304
-0.235054,11.6986,230.823,-0.232993,11.6986,230.811,-0.221305,        29P   2305
11.6986,230.799,-0.209866,11.6986,230.788,-0.198602,11.6986,          29P   2306
230.787,-0.197212,11.6986,230.786,-0.195799,11.6986,230.784,          29P   2307
-0.194244,11.6986,230.783,-0.192733,11.6986,230.781,-0.190911,        29P   2308
11.6986,230.779,-0.18894,11.6986,230.767,-0.176647,11.6986,           29P   2309
230.756,-0.164575,11.6986,230.745,-0.152727,11.6986,230.744,          29P   2310
-0.151397,11.6986,230.743,-0.150053,11.6986,230.741,-0.148559,        29P   2311
11.6986,230.74,-0.147118,11.6986,230.738,-0.14537,11.6986,            29P   2312
230.737,-0.143522,11.6986,230.725,-0.130516,11.6986,230.714,          29P   2313
-0.11792,11.6986,230.703,-0.105443,11.6986,230.702,-0.104244,         29P   2314
11.6986,230.701,-0.103088,11.6986,230.7,-0.101683,11.6986,            29P   2315
230.699,-0.100308,11.6986,230.697,-0.0986671,11.6986,230.696,         29P   2316
-0.0969104,11.6986,230.684,-0.0835249,11.6986,230.673,                29P   2317
-0.0700475,11.6986,230.662,-0.0564069,11.6986,230.661,                29P   2318
-0.0548681,11.6986,230.66,-0.0535158,11.6986,230.659,-0.0522434,      29P   2319
11.6986,230.657,-0.0507287,11.6986,230.656,-0.0491025,11.6986,        29P   2320
230.645,-0.0351809,11.6986,230.634,-0.0211948,11.6986,230.623,        29P   2321
-0.00700132,11.6986,230.622,-0.00557576,11.6986,230.621,              29P   2322
-0.00432082,11.6986,230.62,-0.00312374,11.6986,230.619,               29P   2323
-0.00172088,11.6986,230.618,-0.000221094,11.6986,230.607,             29P   2324
0.0142463,11.6986,230.596,0.028848,11.6986,230.585,0.043556,          29P   2325
11.6986,230.584,0.0448725,11.6986,230.583,0.0460186,11.6986,          29P   2326
230.583,0.047089,11.6986,230.582,0.0483565,11.6986,230.581,           29P   2327
0.0496977,11.6986,230.57,0.0646404,11.6986,230.559,0.0796559,         29P   2328
11.6986,230.548,0.0947677,11.6986,230.548,0.0959811,11.6986,          29P   2329
230.547,0.0970054,11.6986,230.546,0.0979659,11.6986,230.545,          29P   2330
0.0990924,11.6986,230.545,0.100284,11.6986,230.534,0.115653,          29P   2331
11.6986,230.523,0.131445,11.6986,230.512,0.147448,11.6986,            29P   2332
230.511,0.149117,11.6986,230.51,0.150351,11.6986,230.509,             29P   2333
0.151398,11.6986,230.498,0.167223,11.6986,230.488,0.183069,           29P   2334
11.6986,230.477,0.199,11.6986,230.476,0.200051,11.6986,230.476,       29P   2335
0.201109,11.6986,230.475,0.202407,11.6986,230.464,0.218894,           29P   2336
11.6986,230.453,0.235727,11.6986,230.442,0.252385,11.6986,            29P   2337
230.441,0.253828,11.6986,230.43,0.270994,11.6986,230.419,             29P   2338
0.288477,11.6986,230.408,0.305874,11.6986,230.407,0.307155,           29P   2339
11.6986,230.397,0.32452,11.6986,230.386,0.342113,11.6986,             29P   2340
230.375,0.35984,11.6986,230.366,0.374914,11.6986,230.357,             29P   2341
0.390139,11.6986,230.342,0.41658,11.6986,230.334,0.429066,            29P   2342
11.6986,230.322,0.449879,11.6986,230.314,0.4652,11.6986,230.305,      29P   2343
0.480224,11.6986,230.302,0.486379,11.6986,230.301,0.490991,           29P   2344
11.7606,230.3,0.491688,11.7606,230.299,0.492657,11.7606,230.298,      29P   2345
0.4931,11.7606,230.296,0.492987,11.7606,230.295,0.492333,             29P   2346
11.7606,230.294,0.491307,11.7606,230.293,0.489748,11.7606,            29P   2347
230.294,0.488774,11.7606,230.294,0.487747,11.7606,230.294,            29P   2348
0.487187,11.7606,230.294,0.486094,11.7606,230.295,0.485537,           29P   2349
11.7606,230.295,0.484388,11.7606,230.295,0.483831,11.7606,            29P   2350
230.296,0.482955,11.7606,230.296,0.482275,11.7606,230.296,            29P   2351
0.481595,11.7606,230.297,0.48024,11.7606,230.297,0.479247,            29P   2352
11.7606,230.298,0.47783,11.7606,230.298,0.477406,11.7606,             29P   2353
230.298,0.476501,11.7606,230.299,0.47602,11.7606,230.3,0.473349,      29P   2354
11.7606,230.301,0.470189,11.7606,230.303,0.466503,11.7606,            29P   2355
230.303,0.464791,11.7606,230.304,0.462915,11.7606,230.305,            29P   2356
0.461252,11.7606,230.306,0.459678,11.7606,230.306,0.458465,           29P   2357
11.7606,230.307,0.457229,11.7606,230.309,0.450829,11.7606,            29P   2358
230.312,0.443868,11.7606,230.315,0.436939,11.7606,230.316,            29P   2359
0.435268,11.7606,230.317,0.433438,11.7606,230.318,0.431523,           29P   2360
11.7606,230.319,0.429606,11.7606,230.319,0.427861,11.7606,            29P   2361
230.324,0.418125,11.7606,230.328,0.407896,11.7606,230.333,            29P   2362
0.397763,11.7606,230.334,0.395486,11.7606,230.335,0.393282,           29P   2363
11.7606,230.336,0.391429,11.7606,230.337,0.390252,11.7606,            29P   2364
230.337,0.388934,11.7606,230.343,0.375745,11.7606,230.35,             29P   2365
0.362528,11.7606,230.356,0.349295,11.7606,230.357,0.347827,           29P   2366
11.7606,230.357,0.346147,11.7606,230.358,0.344373,11.7606,            29P   2367
230.359,0.342503,11.7606,230.36,0.340699,11.7606,230.368,             29P   2368
0.324535,11.7606,230.377,0.308002,11.7606,230.385,0.291792,           29P   2369
11.7606,230.386,0.290415,11.7606,230.386,0.288905,11.7606,            29P   2370
230.387,0.287199,11.7606,230.388,0.285399,11.7606,230.389,            29P   2371
0.283567,11.7606,230.398,0.267462,11.7606,230.407,0.251062,           29P   2372
11.7606,230.416,0.234796,11.7606,230.417,0.232954,11.7606,            29P   2373
230.418,0.231132,11.7606,230.418,0.229795,11.7606,230.419,            29P   2374
0.228634,11.7606,230.42,0.227506,11.7606,230.42,0.226392,             29P   2375
11.7606,230.429,0.210815,11.7606,230.438,0.195016,11.7606,            29P   2376
230.448,0.179022,11.7606,230.449,0.177321,11.7606,230.45,             29P   2377
0.175342,11.7606,230.451,0.173673,11.7606,230.452,0.172132,           29P   2378
11.7606,230.452,0.170937,11.7606,230.462,0.155428,11.7606,            29P   2379
230.471,0.139784,11.7606,230.481,0.124045,11.7606,230.482,            29P   2380
0.122509,11.7606,230.483,0.12066,11.7606,230.484,0.119045,            29P   2381
11.7606,230.485,0.117491,11.7606,230.486,0.11626,11.7606,             29P   2382
230.496,0.100868,11.7606,230.505,0.0854187,11.7606,230.516,           29P   2383
0.0699755,11.7606,230.517,0.0685744,11.7606,230.518,0.0671172,        29P   2384
11.7606,230.518,0.0659886,11.7606,230.519,0.0648988,11.7606,          29P   2385
230.52,0.0637143,11.7606,230.521,0.0624424,11.7606,230.531,           29P   2386
0.0471955,11.7606,230.541,0.0320603,11.7606,230.552,0.0169732,        29P   2387
11.7606,230.553,0.0157148,11.7606,230.554,0.0143491,11.7606,          29P   2388
230.555,0.0132667,11.7606,230.555,0.0122232,11.7606,230.556,          29P   2389
0.0110442,11.7606,230.557,0.00975787,11.7606,230.568,                 29P   2390
-0.00533031,11.7606,230.579,-0.0201844,11.7606,230.59,                29P   2391
-0.0348406,11.7606,230.591,-0.035957,11.7606,230.592,-0.0374431,      29P   2392
11.7606,230.593,-0.038868,11.7606,230.594,-0.0403778,11.7606,         29P   2393
230.595,-0.0416975,11.7606,230.607,-0.0564282,11.7606,230.618,        29P   2394
-0.0708023,11.7606,230.63,-0.0848781,11.7606,230.631,-0.0858347,      29P   2395
11.7606,230.632,-0.0869426,11.7606,230.633,-0.0879044,11.7606,        29P   2396
230.634,-0.0889011,11.7606,230.635,-0.0900574,11.7606,230.636,        29P   2397
-0.0913882,11.7606,230.648,-0.105822,11.7606,230.661,-0.119985,       29P   2398
11.7606,230.673,-0.133811,11.7606,230.674,-0.134895,11.7606,          29P   2399
230.675,-0.135789,11.7606,230.676,-0.136766,11.7606,230.677,          29P   2400
-0.137935,11.7606,230.678,-0.139284,11.7606,230.691,-0.153197,        29P   2401
11.7606,230.704,-0.166742,11.7606,230.718,-0.179911,11.7606,          29P   2402
230.719,-0.180865,11.7606,230.719,-0.181699,11.7606,230.72,           29P   2403
-0.182636,11.7606,230.722,-0.183784,11.7606,230.723,-0.185126,        29P   2404
11.7606,230.737,-0.198558,11.7606,230.75,-0.211502,11.7606,           29P   2405
230.764,-0.224019,11.7606,230.765,-0.224824,11.7606,230.766,          29P   2406
-0.225609,11.7606,230.767,-0.226522,11.7606,230.768,-0.227645,        29P   2407
11.7606,230.77,-0.228973,11.7606,230.784,-0.241857,11.7606,           29P   2408
230.799,-0.254405,11.7606,230.813,-0.26649,11.7606,230.814,           29P   2409
-0.267378,11.7606,230.815,-0.268266,11.7606,230.817,-0.269392,        29P   2410
11.7606,230.818,-0.27072,11.7606,230.83,-0.280753,11.7606,            29P   2411
230.843,-0.290437,11.7606,230.855,-0.299724,11.7606,230.856,          29P   2412
-0.300515,11.7606,230.857,-0.301361,11.7606,230.858,-0.302447,        29P   2413
11.7606,230.86,-0.303756,11.7606,230.87,-0.311201,11.7606,            29P   2414
230.88,-0.318312,11.7606,230.889,-0.3251,11.7606,230.89,              29P   2415
-0.325803,11.7606,230.891,-0.326621,11.7606,230.893,-0.327693,        29P   2416
11.7606,230.895,-0.328993,11.7606,230.902,-0.334145,11.7606,          29P   2417
230.909,-0.338972,11.7606,230.915,-0.343502,11.7606,230.916,          29P   2418
-0.344128,11.7606,230.917,-0.344926,11.7606,230.919,-0.345986,        29P   2419
11.7606,230.921,-0.347278,11.7606,230.925,-0.350295,11.7606,          29P   2420
230.929,-0.352822,11.7606,230.933,-0.355044,11.7606,230.933,          29P   2421
-0.355192,11.7606,230.933,-0.35552,11.7606,230.934,-0.355693,         29P   2422
11.7606,230.934,-0.356001,11.7606,230.935,-0.356137,11.7606,          29P   2423
230.936,-0.356471,11.7606,230.936,-0.356631,11.7606,230.938,          29P   2424
-0.356891,11.7606,230.939,-0.356911,11.7606,230.941,-0.356756,        29P   2425
11.7606,230.941,-0.356661,11.7606,230.942,-0.356505,11.7606,          29P   2426
230.943,-0.356279,11.7606,230.943,-0.355984,11.7606,230.945,          29P   2427
-0.355381,11.7606,230.946,-0.354411,11.7606,230.947,-0.353287,        29P   2428
11.7606,230.949,-0.351902,11.7606,230.95,-0.350299,11.7606,           29P   2429
230.95,-0.348422,11.7606,230.951,-0.346474,11.7606,230.951,           29P   2430
-0.344886,11.7606,230.951,-0.343388,11.7606,230.95,-0.34198,          29P   2431
11.7606,230.95,-0.34049,11.7606,230.949,-0.339203,11.7606,            29P   2432
230.948,-0.337933,11.7606,230.947,-0.337031,11.7606,230.947,          29P   2433
-0.336472,11.7606,230.946,-0.33599,11.7606,230.946,-0.335715,         29P   2434
11.7606,230.945,-0.335121,11.7606,230.945,-0.334727,11.7606,          29P   2435
230.944,-0.334051,11.7606,230.943,-0.333769,11.7606,230.942,          29P   2436
-0.332742,11.7606,230.941,-0.331996,11.7606,230.94,-0.330643,         29P   2437
11.7606,230.939,-0.330036,11.7606,230.938,-0.329098,11.7606,          29P   2438
230.937,-0.328767,11.7606,230.936,-0.327771,11.7606,230.935,          29P   2439
-0.327106,11.7606,230.933,-0.325618,11.7606,230.932,-0.324794,        29P   2440
11.7606,230.931,-0.323707,11.7606,230.93,-0.323133,11.7606,           29P   2441
230.929,-0.322531,11.7606,230.929,-0.321959,11.7606,230.928,          29P   2442
-0.321277,11.7606,230.926,-0.319894,11.7606,230.924,-0.318411,        29P   2443
11.7606,230.922,-0.316766,11.7606,230.92,-0.315147,11.7606,           29P   2444
230.918,-0.31318,11.7606,230.915,-0.311041,11.7606,230.911,           29P   2445
-0.307622,11.7606,230.908,-0.304654,11.7606,230.905,-0.302045,        29P   2446
11.7606,230.904,-0.301184,11.7606,230.902,-0.299806,11.7606,          29P   2447
230.9,-0.298357,11.7606,230.898,-0.29672,11.7606,230.896,             29P   2448
-0.295116,11.7606,230.894,-0.293154,11.7606,230.892,-0.291039,        29P   2449
11.7606,230.885,-0.285157,11.7606,230.878,-0.279712,11.7606,          29P   2450
230.873,-0.2746,11.7606,230.872,-0.273775,11.7606,230.87,             29P   2451
-0.27243,11.7606,230.868,-0.271003,11.7606,230.867,-0.269394,         29P   2452
11.7606,230.865,-0.267806,11.7606,230.862,-0.265261,11.7606,          29P   2453
230.852,-0.256101,11.7606,230.842,-0.247195,11.7606,230.833,          29P   2454
-0.239385,11.7606,230.832,-0.238573,11.7606,230.831,-0.237255,        29P   2455
11.7606,230.83,-0.23584,11.7606,230.828,-0.234269,11.7606,            29P   2456
230.826,-0.232727,11.7606,230.824,-0.230852,11.7606,230.822,          29P   2457
-0.228828,11.7606,230.81,-0.217278,11.7606,230.798,-0.206021,         29P   2458
11.7606,230.787,-0.194933,11.7606,230.786,-0.193635,11.7606,          29P   2459
230.784,-0.192244,11.7606,230.783,-0.190713,11.7606,230.781,          29P   2460
-0.189226,11.7606,230.779,-0.187432,11.7606,230.777,-0.185491,        29P   2461
11.7606,230.765,-0.173425,11.7606,230.754,-0.16153,11.7606,           29P   2462
230.743,-0.149833,11.7606,230.742,-0.14848,11.7606,230.74,            29P   2463
-0.147153,11.7606,230.739,-0.145678,11.7606,230.738,-0.144254,        29P   2464
11.7606,230.736,-0.142526,11.7606,230.734,-0.140701,11.7606,          29P   2465
230.722,-0.12796,11.7606,230.711,-0.115496,11.7606,230.7,             29P   2466
-0.103144,11.7606,230.699,-0.101904,11.7606,230.698,-0.100695,        29P   2467
11.7606,230.697,-0.0993031,11.7606,230.695,-0.0979421,11.7606,        29P   2468
230.694,-0.0963169,11.7606,230.693,-0.0945773,11.7606,230.681,        29P   2469
-0.0813196,11.7606,230.67,-0.0679622,11.7606,230.658,-0.0544166,      29P   2470
11.7606,230.657,-0.0528586,11.7606,230.656,-0.0515476,11.7606,        29P   2471
230.655,-0.0502835,11.7606,230.654,-0.0487785,11.7606,230.652,        29P   2472
-0.0471625,11.7606,230.641,-0.0333193,11.7606,230.63,-0.0193934,      29P   2473
11.7606,230.619,-0.00525175,11.7606,230.618,-0.00380881,11.7606,      29P   2474
230.617,-0.00258841,11.7606,230.616,-0.00139552,11.7606,230.615,      29P   2475
2.48977E-06,11.7606,230.613,0.00149718,11.7606,230.602,               29P   2476
0.0159264,11.7606,230.591,0.0304915,11.7606,230.581,0.0451774,        29P   2477
11.7606,230.58,0.0465103,11.7606,230.579,0.0476255,11.7606,           29P   2478
230.578,0.0486945,11.7606,230.577,0.0499604,11.7606,230.576,          29P   2479
0.0512999,11.7606,230.565,0.0662584,11.7606,230.554,0.0812746,        29P   2480
11.7606,230.544,0.0964071,11.7606,230.543,0.0976142,11.7606,          29P   2481
230.542,0.0986145,11.7606,230.542,0.0995765,11.7606,230.541,          29P   2482
0.100705,11.7606,230.54,0.101898,11.7606,230.529,0.117286,            29P   2483
11.7606,230.518,0.133123,11.7606,230.507,0.149172,11.7606,            29P   2484
230.506,0.150854,11.7606,230.505,0.152092,11.7606,230.504,            29P   2485
0.153142,11.7606,230.494,0.169,11.7606,230.483,0.184894,11.7606,      29P   2486
230.473,0.200894,11.7606,230.472,0.20198,11.7606,230.471,             29P   2487
0.203025,11.7606,230.47,0.204328,11.7606,230.459,0.220976,            29P   2488
11.7606,230.449,0.237909,11.7606,230.438,0.254689,11.7606,            29P   2489
230.437,0.256049,11.7606,230.426,0.273362,11.7606,230.415,            29P   2490
0.290995,11.7606,230.405,0.308537,11.7606,230.404,0.309816,           29P   2491
11.7606,230.393,0.327318,11.7606,230.383,0.345055,11.7606,            29P   2492
230.372,0.362949,11.7606,230.363,0.37818,11.7606,230.354,             29P   2493
0.393565,11.7606,230.339,0.420298,11.7606,230.332,0.432933,           29P   2494
11.7606,230.321,0.453992,11.7606,230.312,0.469504,11.7606,            29P   2495
230.304,0.48474,11.7606,230.301,0.490991,11.7606,230.3,0.4935,        29P   2496
11.797,230.3,0.494319,11.797,230.298,0.495302,11.797,230.297,         29P   2497
0.495553,11.797,230.295,0.495278,11.797,230.294,0.494566,11.797,      29P   2498
230.293,0.493427,11.797,230.293,0.491774,11.797,230.293,              29P   2499
0.490838,11.797,230.294,0.489975,11.797,230.294,0.48955,11.797,       29P   2500
230.294,0.488511,11.797,230.294,0.487896,11.797,230.295,              29P   2501
0.486668,11.797,230.295,0.486054,11.797,230.295,0.485119,11.797,      29P   2502
230.296,0.484434,11.797,230.296,0.48375,11.797,230.297,0.482387,      29P   2503
11.797,230.297,0.481387,11.797,230.298,0.479962,11.797,230.298,       29P   2504
0.479536,11.797,230.298,0.478625,11.797,230.298,0.478141,11.797,      29P   2505
230.299,0.475269,11.797,230.301,0.472035,11.797,230.302,0.46833,      29P   2506
11.797,230.303,0.466609,11.797,230.304,0.464964,11.797,230.304,       29P   2507
0.463292,11.797,230.305,0.46171,11.797,230.306,0.460492,11.797,       29P   2508
230.306,0.45925,11.797,230.309,0.452609,11.797,230.312,0.445591,      29P   2509
11.797,230.315,0.438627,11.797,230.316,0.436947,11.797,230.316,       29P   2510
0.435341,11.797,230.317,0.433416,11.797,230.318,0.431488,11.797,      29P   2511
230.319,0.429733,11.797,230.323,0.419744,11.797,230.327,              29P   2512
0.409437,11.797,230.332,0.399249,11.797,230.333,0.39696,11.797,       29P   2513
230.334,0.394956,11.797,230.335,0.393094,11.797,230.335,              29P   2514
0.391911,11.797,230.336,0.390586,11.797,230.342,0.377332,11.797,      29P   2515
230.348,0.364062,11.797,230.355,0.350775,11.797,230.355,0.3493,       29P   2516
11.797,230.356,0.347613,11.797,230.357,0.345832,11.797,230.358,       29P   2517
0.343955,11.797,230.359,0.342143,11.797,230.367,0.325718,11.797,      29P   2518
230.375,0.309112,11.797,230.383,0.292848,11.797,230.384,              29P   2519
0.291467,11.797,230.385,0.290154,11.797,230.386,0.288442,11.797,      29P   2520
230.387,0.286636,11.797,230.388,0.284798,11.797,230.396,              29P   2521
0.268475,11.797,230.405,0.252026,11.797,230.414,0.235713,11.797,      29P   2522
230.415,0.233866,11.797,230.416,0.23221,11.797,230.417,0.23087,       29P   2523
11.797,230.417,0.229705,11.797,230.418,0.228574,11.797,230.418,       29P   2524
0.227456,11.797,230.427,0.211671,11.797,230.436,0.195816,11.797,      29P   2525
230.446,0.17978,11.797,230.447,0.178076,11.797,230.448,0.176255,      29P   2526
11.797,230.449,0.174582,11.797,230.45,0.173038,11.797,230.45,         29P   2527
0.17184,11.797,230.46,0.156159,11.797,230.469,0.140485,11.797,        29P   2528
230.479,0.12474,11.797,230.48,0.123203,11.797,230.481,0.121492,       29P   2529
11.797,230.482,0.119876,11.797,230.483,0.118322,11.797,230.484,       29P   2530
0.117091,11.797,230.494,0.101571,11.797,230.504,0.08613,11.797,       29P   2531
230.514,0.0706891,11.797,230.515,0.0692882,11.797,230.516,            29P   2532
0.0679593,11.797,230.517,0.0668307,11.797,230.517,0.0657408,          29P   2533
11.797,230.518,0.0645563,11.797,230.519,0.0632842,11.797,             29P   2534
230.529,0.0479162,11.797,230.54,0.0327715,11.797,230.55,              29P   2535
0.0176973,11.797,230.551,0.0164401,11.797,230.552,0.0151957,          29P   2536
11.797,230.553,0.0141144,11.797,230.554,0.013072,11.797,230.554,      29P   2537
0.0118943,11.797,230.555,0.0106096,11.797,230.566,-0.00453717,        29P   2538
11.797,230.577,-0.0193527,11.797,230.589,-0.0339508,11.797,           29P   2539
230.589,-0.0350627,11.797,230.591,-0.0364649,11.797,230.592,          29P   2540
-0.0378839,11.797,230.593,-0.0393874,11.797,230.594,-0.0407015,       29P   2541
11.797,230.606,-0.055446,11.797,230.617,-0.0697445,11.797,            29P   2542
230.629,-0.0837478,11.797,230.63,-0.0846995,11.797,230.631,           29P   2543
-0.0857257,11.797,230.632,-0.0866827,11.797,230.633,-0.0876744,       29P   2544
11.797,230.634,-0.0888248,11.797,230.635,-0.0901489,11.797,           29P   2545
230.647,-0.104466,11.797,230.66,-0.118557,11.797,230.673,             29P   2546
-0.132291,11.797,230.674,-0.13341,11.797,230.674,-0.134298,           29P   2547
11.797,230.675,-0.135268,11.797,230.677,-0.136429,11.797,             29P   2548
230.678,-0.137768,11.797,230.691,-0.151568,11.797,230.704,            29P   2549
-0.164996,11.797,230.718,-0.17804,11.797,230.719,-0.178997,           29P   2550
11.797,230.719,-0.179823,11.797,230.72,-0.180752,11.797,230.722,      29P   2551
-0.181888,11.797,230.723,-0.183217,11.797,230.737,-0.196514,          29P   2552
11.797,230.751,-0.209323,11.797,230.765,-0.221694,11.797,             29P   2553
230.765,-0.222495,11.797,230.766,-0.223271,11.797,230.767,            29P   2554
-0.224174,11.797,230.769,-0.225283,11.797,230.77,-0.226595,           29P   2555
11.797,230.785,-0.239339,11.797,230.799,-0.251717,11.797,             29P   2556
230.814,-0.263619,11.797,230.815,-0.264479,11.797,230.816,            29P   2557
-0.265354,11.797,230.818,-0.266462,11.797,230.819,-0.26777,           29P   2558
11.797,230.832,-0.277671,11.797,230.844,-0.287192,11.797,             29P   2559
230.856,-0.296316,11.797,230.857,-0.297069,11.797,230.859,            29P   2560
-0.297901,11.797,230.86,-0.298967,11.797,230.862,-0.300253,           29P   2561
11.797,230.872,-0.307605,11.797,230.882,-0.314585,11.797,             29P   2562
230.891,-0.321246,11.797,230.892,-0.321898,11.797,230.893,            29P   2563
-0.3227,11.797,230.895,-0.323753,11.797,230.897,-0.325028,            29P   2564
11.797,230.904,-0.330131,11.797,230.911,-0.334863,11.797,             29P   2565
230.918,-0.339296,11.797,230.919,-0.339861,11.797,230.92,             29P   2566
-0.340641,11.797,230.921,-0.341678,11.797,230.923,-0.342941,          29P   2567
11.797,230.928,-0.345933,11.797,230.932,-0.348442,11.797,             29P   2568
230.935,-0.350609,11.797,230.935,-0.350714,11.797,230.936,            29P   2569
-0.351005,11.797,230.936,-0.351179,11.797,230.937,-0.351489,          29P   2570
11.797,230.937,-0.351626,11.797,230.938,-0.351961,11.797,             29P   2571
230.939,-0.352122,11.797,230.94,-0.352356,11.797,230.941,             29P   2572
-0.352392,11.797,230.943,-0.352296,11.797,230.943,-0.35219,           29P   2573
11.797,230.944,-0.351992,11.797,230.945,-0.351749,11.797,             29P   2574
230.946,-0.351446,11.797,230.947,-0.350828,11.797,230.949,            29P   2575
-0.349837,11.797,230.95,-0.348704,11.797,230.951,-0.347299,           29P   2576
11.797,230.952,-0.345674,11.797,230.952,-0.34376,11.797,230.953,      29P   2577
-0.341798,11.797,230.953,-0.340361,11.797,230.953,-0.338874,          29P   2578
11.797,230.952,-0.337467,11.797,230.952,-0.335887,11.797,             29P   2579
230.951,-0.334565,11.797,230.95,-0.333329,11.797,230.949,             29P   2580
-0.332385,11.797,230.949,-0.331806,11.797,230.948,-0.331322,          29P   2581
11.797,230.948,-0.331043,11.797,230.947,-0.330462,11.797,             29P   2582
230.946,-0.330159,11.797,230.946,-0.329581,11.797,230.945,            29P   2583
-0.329305,11.797,230.944,-0.3283,11.797,230.943,-0.32757,11.797,      29P   2584
230.941,-0.326245,11.797,230.94,-0.325651,11.797,230.939,             29P   2585
-0.324732,11.797,230.939,-0.324407,11.797,230.938,-0.323431,          29P   2586
11.797,230.937,-0.32278,11.797,230.935,-0.321321,11.797,230.934,      29P   2587
-0.320514,11.797,230.932,-0.31937,11.797,230.932,-0.318735,           29P   2588
11.797,230.931,-0.318099,11.797,230.93,-0.317537,11.797,230.929,      29P   2589
-0.316965,11.797,230.928,-0.315706,11.797,230.926,-0.314251,          29P   2590
11.797,230.924,-0.312635,11.797,230.922,-0.311044,11.797,             29P   2591
230.919,-0.309111,11.797,230.917,-0.30701,11.797,230.912,             29P   2592
-0.303568,11.797,230.909,-0.300643,11.797,230.906,-0.298079,          29P   2593
11.797,230.905,-0.297233,11.797,230.903,-0.295968,11.797,             29P   2594
230.901,-0.294544,11.797,230.899,-0.292936,11.797,230.897,            29P   2595
-0.291361,11.797,230.895,-0.289434,11.797,230.893,-0.287356,          29P   2596
11.797,230.886,-0.281501,11.797,230.879,-0.276149,11.797,             29P   2597
230.873,-0.271124,11.797,230.872,-0.270312,11.797,230.871,            29P   2598
-0.269072,11.797,230.869,-0.267669,11.797,230.867,-0.266086,          29P   2599
11.797,230.865,-0.264525,11.797,230.863,-0.262022,11.797,             29P   2600
230.852,-0.252935,11.797,230.842,-0.244159,11.797,230.833,            29P   2601
-0.236454,11.797,230.833,-0.235653,11.797,230.831,-0.234432,          29P   2602
11.797,230.83,-0.233036,11.797,230.828,-0.231485,11.797,230.826,      29P   2603
-0.229964,11.797,230.824,-0.228113,11.797,230.822,-0.226114,          29P   2604
11.797,230.81,-0.214639,11.797,230.798,-0.203509,11.797,230.786,      29P   2605
-0.19255,11.797,230.785,-0.191339,11.797,230.784,-0.189964,           29P   2606
11.797,230.782,-0.188451,11.797,230.781,-0.186981,11.797,             29P   2607
230.779,-0.185208,11.797,230.777,-0.18329,11.797,230.765,             29P   2608
-0.171386,11.797,230.753,-0.159627,11.797,230.742,-0.148043,          29P   2609
11.797,230.741,-0.146682,11.797,230.739,-0.145367,11.797,             29P   2610
230.738,-0.143906,11.797,230.737,-0.142495,11.797,230.735,            29P   2611
-0.140783,11.797,230.733,-0.138974,11.797,230.721,-0.12645,           29P   2612
11.797,230.71,-0.114081,11.797,230.699,-0.101828,11.797,230.697,      29P   2613
-0.100553,11.797,230.696,-0.0992879,11.797,230.695,-0.0979076,        29P   2614
11.797,230.694,-0.0965575,11.797,230.692,-0.0949454,11.797,           29P   2615
230.691,-0.0932199,11.797,230.679,-0.0800847,11.797,230.668,          29P   2616
-0.0668347,11.797,230.656,-0.0533717,11.797,230.655,-0.051807,        29P   2617
11.797,230.654,-0.0505035,11.797,230.653,-0.0492467,11.797,           29P   2618
230.652,-0.04775,11.797,230.65,-0.0461427,11.797,230.639,             29P   2619
-0.0323857,11.797,230.627,-0.0185116,11.797,230.616,-0.00441858,      29P   2620
11.797,230.615,-0.00296735,11.797,230.614,-0.00175107,11.797,         29P   2621
230.613,-0.000562191,11.797,230.612,0.000831147,11.797,230.611,       29P   2622
0.00232088,11.797,230.6,0.0166933,11.797,230.589,0.0312161,           29P   2623
11.797,230.578,0.0458725,11.797,230.577,0.0472123,11.797,             29P   2624
230.576,0.0483254,11.797,230.575,0.0493924,11.797,230.574,            29P   2625
0.050656,11.797,230.573,0.0519932,11.797,230.562,0.0669411,           29P   2626
11.797,230.552,0.0819459,11.797,230.541,0.0970819,11.797,230.54,      29P   2627
0.0982743,11.797,230.539,0.099275,11.797,230.539,0.100237,            29P   2628
11.797,230.538,0.101366,11.797,230.537,0.10256,11.797,230.526,        29P   2629
0.117971,11.797,230.515,0.13383,11.797,230.504,0.149897,11.797,       29P   2630
230.503,0.151565,11.797,230.502,0.152805,11.797,230.501,              29P   2631
0.153856,11.797,230.491,0.169705,11.797,230.48,0.185617,11.797,       29P   2632
230.47,0.201651,11.797,230.469,0.202767,11.797,230.468,0.203813,      29P   2633
11.797,230.467,0.20512,11.797,230.456,0.221898,11.797,230.446,        29P   2634
0.23889,11.797,230.435,0.255745,11.797,230.434,0.257019,11.797,       29P   2635
230.423,0.274432,11.797,230.413,0.292164,11.797,230.402,              29P   2636
0.309797,11.797,230.401,0.311061,11.797,230.391,0.328656,11.797,      29P   2637
230.38,0.346479,11.797,230.37,0.364477,11.797,230.361,0.379805,       29P   2638
11.797,230.353,0.395293,11.797,230.338,0.422226,11.797,230.331,       29P   2639
0.434964,11.797,230.319,0.45618,11.797,230.311,0.471812,11.797,       29P   2640
230.303,0.487186,11.797,230.3,0.4935,11.797,0.,2.20772,0.,            29P   2641
1.05489;                                                              29P   2642
S      5G      3D     30P   2642                                        T      1
