This is a NASA-IGES-NURBS-Only file converted by:                       S      1
NIGES Translator Version 3.2 developed at NASA Ames Research Center.    S      2
Conversion done on: Mon May 20 14:05:46 1996.                           S      3
>>>>>>>>>>>>>>>>>>>> Original Start Section follows <<<<<<<<<<<<<<<<<<<<S      4
                                                                        S      5
1H,,1H;,,20Hcmpr stator7    srf ,22HIBM PROFESSIONAL CADAM,47HIBM IGES PG      1
rocessor for AIX and UNIX V2R2 (1994),32,75,6,75,15,,1.,1,4HINCH,1000,  G      2
0.125984,13H960520.101452,1.00000E-06,229.398,,,8,0,;                   G      3
     406       1       1       1       0       0       0       000020101D      1
     406       0       0       1      15                               0D      2
     406       2       1       1       0       0       0       000020101D      3
     406       0       0       1      15                               0D      4
     126       3       0       1       0       0       0       000000000D      5
     126     109       0      35       0                               0D      6
     126      38       0       1       0       0       0       000000000D      7
     126     109       0      33       0                               0D      8
     126      71       0       1       0       0       0       000000000D      9
     126     109       0      35       0                               0D     10
     126     106       0       1       0       0       0       000000000D     11
     126     109       0      35       0                               0D     12
     126     141       0       1       0       0       0       000000000D     13
     126     109       0      35       0                               0D     14
     126     176       0       1       0       0       0       000000000D     15
     126     109       0      35       0                               0D     16
     126     211       0       1       0       0       0       000000000D     17
     126     109       0      35       0                               0D     18
     126     246       0       1       0       0       0       000000000D     19
     126     109       0      35       0                               0D     20
     126     281       0       1       0       0       0       000000000D     21
     126     109       0      34       0                               0D     22
     126     315       0       1       0       0       0       000000000D     23
     126     109       0      33       0                               0D     24
     126     348       0       1       0       0       0       000000000D     25
     126     109       0      34       0                               0D     26
     126     382       0       1       0       0       0       000000000D     27
     126     109       0      35       0                               0D     28
     128     417       0       1       0       0       0       000000000D     29
     128     109       2    1022       0                               0D     30
406,1,23Hcmpr stator7    srf ,3d;                                      1P      1
406,1,2H3d;                                                            3P      2
126,55,3,0,1,1,0,0.,0.,0.,0.,0.00507282,0.0101456,0.0152184,           5P      3
0.0202993,0.0202993,0.0202993,0.0380253,0.0646848,0.100218,            5P      4
0.144682,0.197933,0.251336,0.304628,0.358025,0.411345,0.464656,        5P      5
0.518048,0.57146,0.624768,0.678134,0.731486,0.784898,0.829362,         5P      6
0.864845,0.891603,0.909372,0.909372,0.909372,0.918038,0.926664,        5P      7
0.935298,0.943933,0.943933,0.962515,0.990416,1.02763,1.07418,          5P      8
1.12998,1.18576,1.24161,1.29745,1.35323,1.40907,1.46484,1.52059,       5P      9
1.57643,1.63224,1.68795,1.74372,1.79012,1.82724,1.85502,1.87359,       5P     10
1.87359,1.87359,1.87359,1.,1.,1.,1.,1.,1.,1.,1.,1.,1.,1.,1.,1.,        5P     11
1.,1.,1.,1.,1.,1.,1.,1.,1.,1.,1.,1.,1.,1.,1.,1.,1.,1.,1.,1.,1.,        5P     12
1.,1.,1.,1.,1.,1.,1.,1.,1.,1.,1.,1.,1.,1.,1.,1.,1.,1.,1.,1.,1.,        5P     13
1.,228.618,-0.2938,10.759,228.617,-0.295338,10.759,228.617,            5P     14
-0.299084,10.759,228.62,-0.303389,10.759,228.626,-0.304342,            5P     15
10.759,228.629,-0.302333,10.759,228.63,-0.301,10.759,228.634,          5P     16
-0.296348,10.759,228.643,-0.284753,10.759,228.66,-0.264022,            5P     17
10.759,228.683,-0.237065,10.759,228.712,-0.204045,10.759,              5P     18
228.748,-0.167922,10.759,228.786,-0.13114,10.759,228.826,              5P     19
-0.0960355,10.759,228.868,-0.062401,10.759,228.911,-0.0306494,         5P     20
10.759,228.955,-0.000414759,10.759,229.,0.0276144,10.759,              5P     21
229.047,0.0537769,10.759,229.094,0.0775767,10.759,229.143,             5P     22
0.0991572,10.759,229.193,0.118596,10.759,229.241,0.134747,             5P     23
10.759,229.283,0.147148,10.759,229.318,0.15585,10.759,229.344,         5P     24
0.161736,10.759,229.358,0.164742,10.759,229.364,0.1659,10.759,         5P     25
229.367,0.166465,10.759,229.372,0.170006,10.759,229.375,               5P     26
0.179203,10.759,229.37,0.18746,10.759,229.364,0.189232,10.759,         5P     27
229.355,0.1885,10.759,229.339,0.187091,10.759,229.312,0.183728,        5P     28
10.759,229.275,0.178289,10.759,229.229,0.169437,10.759,229.178,        5P     29
0.15699,10.759,229.125,0.140875,10.759,229.072,0.121867,10.759,        5P     30
229.021,0.100059,10.759,228.97,0.0755472,10.759,228.922,               5P     31
0.0483085,10.759,228.875,0.0181044,10.759,228.83,-0.0157151,           5P     32
10.759,228.788,-0.052568,10.759,228.749,-0.0925494,10.759,             5P     33
228.713,-0.135076,10.759,228.682,-0.177713,10.759,228.658,             5P     34
-0.216946,10.759,228.639,-0.249337,10.759,228.627,-0.274196,           5P     35
10.759,228.62,-0.28817,10.759,228.618,-0.2938,10.759,0.,1.87359,       5P     36
0.,0.,0.;                                                              5P     37
126,55,3,0,1,1,0,0.,0.,0.,0.,0.00510712,0.0102142,0.0153214,           7P     38
0.0204646,0.0204646,0.0204646,0.0381699,0.0647756,0.100277,            7P     39
0.144615,0.197844,0.251046,0.304319,0.357505,0.410756,0.463959,        7P     40
0.517196,0.570415,0.62363,0.676906,0.730069,0.783286,0.82767,          7P     41
0.863193,0.889787,0.907559,0.907559,0.907559,0.915964,0.924387,        7P     42
0.932817,0.941242,0.941242,0.959773,0.987565,1.02469,1.07111,          7P     43
1.1268,1.18245,1.23812,1.29376,1.34939,1.40508,1.46071,1.51633,        7P     44
1.57199,1.62769,1.68324,1.73883,1.78523,1.82228,1.85002,1.86854,       7P     45
1.86854,1.86854,1.86854,1.,1.,1.,1.,1.,1.,1.,1.,1.,1.,1.,1.,1.,        7P     46
1.,1.,1.,1.,1.,1.,1.,1.,1.,1.,1.,1.,1.,1.,1.,1.,1.,1.,1.,1.,1.,        7P     47
1.,1.,1.,1.,1.,1.,1.,1.,1.,1.,1.,1.,1.,1.,1.,1.,1.,1.,1.,1.,1.,        7P     48
1.,228.605,-0.2753,10.84,228.604,-0.276808,10.84,228.604,              7P     49
-0.280552,10.84,228.607,-0.285103,10.84,228.612,-0.286374,10.84,       7P     50
228.616,-0.284687,10.84,228.617,-0.2834,10.84,228.621,-0.27897,        7P     51
10.84,228.63,-0.267956,10.84,228.649,-0.248477,10.84,228.673,          7P     52
-0.222984,10.84,228.705,-0.191952,10.84,228.742,-0.158097,10.84,       7P     53
228.783,-0.123487,10.84,228.824,-0.0906735,10.84,228.868,              7P     54
-0.0593147,10.84,228.912,-0.0296054,10.84,228.957,-0.00170737,         7P     55
10.84,229.003,0.0244642,10.84,229.051,0.0484359,10.84,229.099,         7P     56
0.0703944,10.84,229.149,0.0900278,10.84,229.199,0.107616,10.84,        7P     57
229.247,0.121899,10.84,229.29,0.13297,10.84,229.325,0.1405,            7P     58
10.84,229.351,0.145632,10.84,229.366,0.148208,10.84,229.372,           7P     59
0.1492,10.84,229.374,0.149669,10.84,229.38,0.152835,10.84,             7P     60
229.382,0.16178,10.84,229.378,0.169979,10.84,229.372,0.171923,         7P     61
10.84,229.363,0.171529,10.84,229.348,0.170703,10.84,229.32,            7P     62
0.168446,10.84,229.283,0.164513,10.84,229.237,0.157555,10.84,          7P     63
229.185,0.147295,10.84,229.131,0.133481,10.84,229.078,0.116772,        7P     64
10.84,229.026,0.0972564,10.84,228.975,0.0750055,10.84,228.925,         7P     65
0.0502762,10.84,228.877,0.0221467,10.84,228.831,-0.00925,10.84,        7P     66
228.788,-0.0439997,10.84,228.747,-0.0817949,10.84,228.709,             7P     67
-0.122386,10.84,228.676,-0.163131,10.84,228.649,-0.200889,10.84,       7P     68
228.629,-0.232243,10.84,228.615,-0.256261,10.84,228.608,               7P     69
-0.269831,10.84,228.605,-0.2753,10.84,0.,1.86854,0.,0.,0.;             7P     70
126,55,3,0,1,1,0,0.,0.,0.,0.,0.00528102,0.010562,0.0158431,            9P     71
0.0211118,0.0211118,0.0211118,0.0387985,0.0653491,0.10072,             9P     72
0.144957,0.198045,0.251091,0.304206,0.357196,0.410312,0.463337,        9P     73
0.516332,0.569424,0.622441,0.675509,0.728592,0.781685,0.825917,        9P     74
0.861221,0.887771,0.905449,0.905449,0.91358,0.921746,0.929913,         9P     75
0.938079,0.938079,0.938079,0.956581,0.984299,1.02118,1.06743,          9P     76
1.12275,1.1782,1.23357,1.28904,1.34442,1.39981,1.45523,1.51062,        9P     77
1.56599,1.62145,1.67685,1.73232,1.77849,1.81537,1.84299,1.86144,       9P     78
1.86144,1.86144,1.86144,1.,1.,1.,1.,1.,1.,1.,1.,1.,1.,1.,1.,1.,        9P     79
1.,1.,1.,1.,1.,1.,1.,1.,1.,1.,1.,1.,1.,1.,1.,1.,1.,1.,1.,1.,1.,        9P     80
1.,1.,1.,1.,1.,1.,1.,1.,1.,1.,1.,1.,1.,1.,1.,1.,1.,1.,1.,1.,1.,        9P     81
1.,228.59,-0.2503,10.957,228.589,-0.251789,10.957,228.588,             9P     82
-0.255593,10.957,228.591,-0.260571,10.957,228.596,-0.262461,           9P     83
10.957,228.6,-0.260911,10.957,228.601,-0.2597,10.957,228.605,          9P     84
-0.255634,10.957,228.616,-0.245543,10.957,228.636,-0.227777,           9P     85
10.957,228.663,-0.204592,10.957,228.697,-0.176217,10.957,              9P     86
228.736,-0.145486,10.957,228.779,-0.114275,10.957,228.823,             9P     87
-0.0843517,10.957,228.868,-0.0560432,10.957,228.914,-0.0291607,        9P     88
10.957,228.96,-0.0038014,10.957,229.008,0.0197343,10.957,              9P     89
229.056,0.0413459,10.957,229.105,0.0608328,10.957,229.156,             9P     90
0.0783576,10.957,229.206,0.0937542,10.957,229.255,0.106295,            9P     91
10.957,229.298,0.115826,10.957,229.333,0.122295,10.957,229.359,        9P     92
0.126637,10.957,229.374,0.128715,10.957,229.382,0.129861,10.957,       9P     93
229.388,0.132704,10.957,229.39,0.141296,10.957,229.386,0.149372,       9P     94
10.957,229.381,0.151522,10.957,229.378,0.1515,10.957,229.372,          9P     95
0.151449,10.957,229.356,0.151198,10.957,229.329,0.150205,10.957,       9P     96
229.292,0.147814,10.957,229.246,0.142999,10.957,229.194,               9P     97
0.135192,10.957,229.14,0.12394,10.957,229.086,0.11007,10.957,          9P     98
229.033,0.0933309,10.957,228.981,0.0740695,10.957,228.93,              9P     99
0.0519781,10.957,228.881,0.0270055,10.957,228.833,-0.00157886,         9P    100
10.957,228.788,-0.0332755,10.957,228.745,-0.0682248,10.957,            9P    101
228.704,-0.105975,10.957,228.668,-0.144105,10.957,228.639,             9P    102
-0.179745,10.957,228.617,-0.209363,10.957,228.601,-0.232193,           9P    103
10.957,228.593,-0.245096,10.957,228.59,-0.2503,10.957,0.,              9P    104
1.86144,0.,0.,0.;                                                      9P    105
126,55,3,0,1,1,0,0.,0.,0.,0.,0.00535831,0.0107166,0.0160749,          11P    106
0.0214571,0.0214571,0.0214571,0.0390753,0.0656093,0.100893,           11P    107
0.145015,0.198027,0.25103,0.303957,0.356908,0.409926,0.462831,        11P    108
0.515766,0.568766,0.621693,0.674664,0.727658,0.780532,0.824698,       11P    109
0.860011,0.886515,0.904165,0.904165,0.912078,0.919995,0.927911,       11P    110
0.935828,0.935828,0.935828,0.954228,0.981831,1.01866,1.06471,         11P    111
1.11994,1.17518,1.23049,1.28567,1.34095,1.39621,1.45146,1.50669,      11P    112
1.56197,1.61726,1.67252,1.72782,1.77383,1.81071,1.83833,1.85667,      11P    113
1.85667,1.85667,1.85667,1.,1.,1.,1.,1.,1.,1.,1.,1.,1.,1.,1.,1.,       11P    114
1.,1.,1.,1.,1.,1.,1.,1.,1.,1.,1.,1.,1.,1.,1.,1.,1.,1.,1.,1.,1.,       11P    115
1.,1.,1.,1.,1.,1.,1.,1.,1.,1.,1.,1.,1.,1.,1.,1.,1.,1.,1.,1.,1.,       11P    116
1.,228.581,-0.2337,11.068,228.58,-0.235162,11.068,228.579,            11P    117
-0.238963,11.068,228.582,-0.244181,11.068,228.587,-0.246371,          11P    118
11.068,228.591,-0.245148,11.068,228.592,-0.244,11.068,228.597,        11P    119
-0.240243,11.068,228.608,-0.230886,11.068,228.629,-0.214327,          11P    120
11.068,228.657,-0.192699,11.068,228.692,-0.166486,11.068,             11P    121
228.733,-0.137919,11.068,228.778,-0.108772,11.068,228.823,            11P    122
-0.081085,11.068,228.869,-0.0546622,11.068,228.915,-0.0296038,        11P    123
11.068,228.963,-0.00582887,11.068,229.011,0.0163407,11.068,           11P    124
229.06,0.0365225,11.068,229.11,0.0547209,11.068,229.16,               11P    125
0.0710203,11.068,229.211,0.0854074,11.068,229.259,0.0971973,          11P    126
11.068,229.303,0.105844,11.068,229.338,0.111807,11.068,229.364,       11P    127
0.115873,11.068,229.378,0.117782,11.068,229.387,0.118822,11.068,      11P    128
229.392,0.121658,11.068,229.395,0.129913,11.068,229.391,              11P    129
0.137806,11.068,229.386,0.139965,11.068,229.383,0.14,11.068,          11P    130
229.377,0.140082,11.068,229.361,0.140169,11.068,229.334,              11P    131
0.139746,11.068,229.297,0.138315,11.068,229.251,0.134548,11.068,      11P    132
229.199,0.128048,11.068,229.145,0.118471,11.068,229.091,              11P    133
0.106044,11.068,229.038,0.0910136,11.068,228.985,0.0734468,           11P    134
11.068,228.934,0.0532005,11.068,228.884,0.029966,11.068,228.835,      11P    135
0.00335462,11.068,228.789,-0.0266466,11.068,228.744,-0.0593728,       11P    136
11.068,228.702,-0.0952433,11.068,228.665,-0.131743,11.068,            11P    137
228.634,-0.16575,11.068,228.61,-0.194252,11.068,228.594,              11P    138
-0.216251,11.068,228.585,-0.228695,11.068,228.581,-0.2337,            11P    139
11.068,0.,1.85667,0.,0.,0.;                                           11P    140
126,55,3,0,1,1,0,0.,0.,0.,0.,0.00550169,0.0110034,0.016505,           13P    141
0.0219793,0.0219793,0.0219793,0.0396796,0.0661197,0.101447,           13P    142
0.14558,0.198445,0.251392,0.30432,0.357265,0.410133,0.463042,         13P    143
0.515992,0.568934,0.621854,0.674732,0.727646,0.780668,0.824736,       13P    144
0.860032,0.886521,0.904072,0.904072,0.904072,0.911847,0.919593,       13P    145
0.92734,0.935086,0.935086,0.953491,0.981094,1.01792,1.06393,          13P    146
1.11921,1.17435,1.22953,1.28475,1.33994,1.39518,1.45042,1.50559,      13P    147
1.56082,1.61604,1.67121,1.72648,1.77246,1.80926,1.83693,1.85528,      13P    148
1.85528,1.85528,1.85528,1.,1.,1.,1.,1.,1.,1.,1.,1.,1.,1.,1.,1.,       13P    149
1.,1.,1.,1.,1.,1.,1.,1.,1.,1.,1.,1.,1.,1.,1.,1.,1.,1.,1.,1.,1.,       13P    150
1.,1.,1.,1.,1.,1.,1.,1.,1.,1.,1.,1.,1.,1.,1.,1.,1.,1.,1.,1.,1.,       13P    151
1.,228.578,-0.2256,11.174,228.577,-0.227071,11.174,228.575,           13P    152
-0.23095,11.174,228.578,-0.23636,11.174,228.583,-0.23888,11.174,      13P    153
228.587,-0.237608,11.174,228.589,-0.2365,11.174,228.593,              13P    154
-0.232917,11.174,228.605,-0.224028,11.174,228.626,-0.208159,          13P    155
11.174,228.655,-0.187633,11.174,228.691,-0.162495,11.174,             13P    156
228.733,-0.135101,11.174,228.778,-0.107206,11.174,228.824,            13P    157
-0.0804826,11.174,228.87,-0.05506,11.174,228.917,-0.0305541,          13P    158
11.174,228.965,-0.00748594,11.174,229.013,0.0143439,11.174,           13P    159
229.062,0.034105,11.174,229.112,0.0520115,11.174,229.162,             13P    160
0.0680196,11.174,229.213,0.0821385,11.174,229.262,0.0936079,          13P    161
11.174,229.305,0.102392,11.174,229.34,0.108229,11.174,229.366,        13P    162
0.112151,11.174,229.381,0.114071,11.174,229.387,0.1148,11.174,        13P    163
229.389,0.115123,11.174,229.394,0.117912,11.174,229.397,              13P    164
0.125939,11.174,229.393,0.133703,11.174,229.388,0.135937,11.174,      13P    165
229.379,0.136149,11.174,229.364,0.136397,11.174,229.336,              13P    166
0.136312,11.174,229.3,0.135068,11.174,229.254,0.132069,11.174,        13P    167
229.202,0.125904,11.174,229.147,0.116993,11.174,229.093,              13P    168
0.105112,11.174,229.04,0.0907394,11.174,228.988,0.0737403,            13P    169
11.174,228.936,0.054064,11.174,228.886,0.0316061,11.174,228.837,      13P    170
0.00557883,11.174,228.79,-0.0233868,11.174,228.745,-0.0554211,        13P    171
11.174,228.702,-0.0902697,11.174,228.664,-0.125736,11.174,            13P    172
228.632,-0.159131,11.174,228.608,-0.18692,11.174,228.591,             13P    173
-0.208489,11.174,228.581,-0.220695,11.174,228.578,-0.2256,            13P    174
11.174,0.,1.85528,0.,0.,0.;                                           13P    175
126,56,3,0,1,1,0,0.,0.,0.,0.,0.00563677,0.0112735,0.0169103,          15P    176
0.0225062,0.0225062,0.0225062,0.0401881,0.0666345,0.101976,           15P    177
0.146075,0.199088,0.251944,0.304945,0.357882,0.410881,0.463834,       15P    178
0.516785,0.569709,0.622696,0.675636,0.72863,0.781602,0.825729,        15P    179
0.86106,0.88748,0.905158,0.905158,0.905158,0.912835,0.920553,         15P    180
0.92827,0.935988,0.935988,0.935988,0.95439,0.98199,1.01891,           15P    181
1.06491,1.12017,1.17543,1.23068,1.28599,1.34117,1.3965,1.45169,       15P    182
1.50689,1.56215,1.61742,1.67267,1.72795,1.77392,1.81076,1.83849,      15P    183
1.85681,1.85681,1.85681,1.85681,1.,1.,1.,1.,1.,1.,1.,1.,1.,1.,        15P    184
1.,1.,1.,1.,1.,1.,1.,1.,1.,1.,1.,1.,1.,1.,1.,1.,1.,1.,1.,1.,1.,       15P    185
1.,1.,1.,1.,1.,1.,1.,1.,1.,1.,1.,1.,1.,1.,1.,1.,1.,1.,1.,1.,1.,       15P    186
1.,1.,1.,1.,1.,228.577,-0.2233,11.276,228.576,-0.224799,11.276,       15P    187
228.574,-0.228751,11.276,228.577,-0.234323,11.276,228.582,            15P    188
-0.237006,11.276,228.586,-0.235701,11.276,228.588,-0.2346,            15P    189
11.276,228.593,-0.231119,11.276,228.604,-0.22247,11.276,228.626,      15P    190
-0.207026,11.276,228.655,-0.18687,11.276,228.692,-0.16219,            15P    191
11.276,228.734,-0.135364,11.276,228.779,-0.107926,11.276,             15P    192
228.825,-0.0813962,11.276,228.871,-0.0561272,11.276,228.919,          15P    193
-0.0318444,11.276,228.966,-0.00853432,11.276,229.014,0.0131693,       15P    194
11.276,229.063,0.0332407,11.276,229.113,0.0513121,11.276,             15P    195
229.164,0.0674875,11.276,229.215,0.0819676,11.276,229.263,            15P    196
0.0935514,11.276,229.306,0.1027,11.276,229.341,0.108686,11.276,       15P    197
229.367,0.112825,11.276,229.382,0.114899,11.276,229.388,0.1157,       15P    198
11.276,229.39,0.116048,11.276,229.395,0.118647,11.276,229.398,        15P    199
0.126727,11.276,229.395,0.134414,11.276,229.389,0.136641,11.276,      15P    200
229.387,0.1367,11.276,229.381,0.13684,11.276,229.365,0.137079,        15P    201
11.276,229.338,0.137159,11.276,229.301,0.135859,11.276,229.255,       15P    202
0.132837,11.276,229.203,0.126874,11.276,229.148,0.117717,11.276,      15P    203
229.094,0.106054,11.276,229.041,0.0916458,11.276,228.988,             15P    204
0.0746249,11.276,228.937,0.0549726,11.276,228.886,0.0325842,          15P    205
11.276,228.837,0.00669303,11.276,228.79,-0.0222269,11.276,            15P    206
228.745,-0.0540015,11.276,228.702,-0.0887572,11.276,228.664,          15P    207
-0.124095,11.276,228.631,-0.157121,11.276,228.607,-0.184848,          15P    208
11.276,228.59,-0.206283,11.276,228.58,-0.218428,11.276,228.577,       15P    209
-0.2233,11.276,0.,1.85681,0.,0.,0.;                                   15P    210
126,55,3,0,1,1,0,0.,0.,0.,0.,0.00583632,0.0116726,0.0175089,          17P    211
0.0233232,0.0233232,0.0233232,0.0410235,0.0676035,0.103048,           17P    212
0.147352,0.200604,0.253863,0.307013,0.36025,0.413477,0.466665,        17P    213
0.519884,0.573099,0.626339,0.679583,0.732869,0.786138,0.830473,       17P    214
0.866018,0.89263,0.910322,0.910322,0.910322,0.918189,0.926038,        17P    215
0.933886,0.941735,0.941735,0.960338,0.988156,1.02523,1.07167,         17P    216
1.12737,1.18303,1.23863,1.29434,1.34993,1.40561,1.46121,1.5168,       17P    217
1.57239,1.62801,1.68368,1.73926,1.78564,1.82268,1.85054,1.86911,      17P    218
1.86911,1.86911,1.86911,1.,1.,1.,1.,1.,1.,1.,1.,1.,1.,1.,1.,1.,       17P    219
1.,1.,1.,1.,1.,1.,1.,1.,1.,1.,1.,1.,1.,1.,1.,1.,1.,1.,1.,1.,1.,       17P    220
1.,1.,1.,1.,1.,1.,1.,1.,1.,1.,1.,1.,1.,1.,1.,1.,1.,1.,1.,1.,1.,       17P    221
1.,228.582,-0.2356,11.476,228.581,-0.237192,11.476,228.58,            17P    222
-0.241345,11.476,228.583,-0.247006,11.476,228.589,-0.249569,          17P    223
11.476,228.593,-0.248176,11.476,228.594,-0.247,11.476,228.599,        17P    224
-0.243418,11.476,228.611,-0.234498,11.476,228.632,-0.218583,          17P    225
11.476,228.661,-0.197799,11.476,228.697,-0.172387,11.476,             17P    226
228.739,-0.144348,11.476,228.783,-0.115569,11.476,228.829,            17P    227
-0.0876956,11.476,228.875,-0.060965,11.476,228.921,-0.0350487,        17P    228
11.476,228.968,-0.0100797,11.476,229.016,0.0135934,11.476,            17P    229
229.064,0.0355102,11.476,229.114,0.0555884,11.476,229.164,            17P    230
0.0739472,11.476,229.215,0.0902539,11.476,229.263,0.104204,           17P    231
11.476,229.306,0.115004,11.476,229.341,0.122701,11.476,229.367,       17P    232
0.127895,11.476,229.381,0.130568,11.476,229.387,0.1316,11.476,        17P    233
229.39,0.132059,11.476,229.395,0.135041,11.476,229.397,0.143283,      17P    234
11.476,229.393,0.151014,11.476,229.388,0.153105,11.476,229.379,       17P    235
0.153087,11.476,229.364,0.152921,11.476,229.336,0.152019,11.476,      17P    236
229.299,0.149703,11.476,229.252,0.145133,11.476,229.2,0.137433,       17P    237
11.476,229.146,0.1267,11.476,229.092,0.112993,11.476,229.039,         17P    238
0.0968726,11.476,228.986,0.0779902,11.476,228.935,0.0567077,          17P    239
11.476,228.885,0.0324491,11.476,228.836,0.00492135,11.476,            17P    240
228.79,-0.0257415,11.476,228.745,-0.0592142,11.476,228.703,           17P    241
-0.0956427,11.476,228.666,-0.13255,11.476,228.635,-0.166906,          17P    242
11.476,228.611,-0.195638,11.476,228.595,-0.217955,11.476,             17P    243
228.586,-0.230535,11.476,228.582,-0.2356,11.476,0.,1.86911,0.,        17P    244
0.,0.;                                                                17P    245
126,55,3,0,1,1,0,0.,0.,0.,0.,0.00594055,0.0118811,0.0178216,          19P    246
0.0237542,0.0237542,0.0237542,0.0415273,0.0682798,0.103906,           19P    247
0.148466,0.201953,0.255351,0.30888,0.362368,0.415808,0.469391,        19P    248
0.522863,0.576395,0.629834,0.683427,0.736928,0.790466,0.835122,       19P    249
0.870802,0.897629,0.91546,0.91546,0.91546,0.923582,0.931691,          19P    250
0.9398,0.947909,0.947909,0.966629,0.994698,1.03207,1.07879,           19P    251
1.1349,1.19087,1.24696,1.30298,1.35899,1.41498,1.47105,1.52706,       19P    252
1.58306,1.639,1.69504,1.75095,1.79761,1.835,1.86296,1.88163,          19P    253
1.88163,1.88163,1.88163,1.,1.,1.,1.,1.,1.,1.,1.,1.,1.,1.,1.,1.,       19P    254
1.,1.,1.,1.,1.,1.,1.,1.,1.,1.,1.,1.,1.,1.,1.,1.,1.,1.,1.,1.,1.,       19P    255
1.,1.,1.,1.,1.,1.,1.,1.,1.,1.,1.,1.,1.,1.,1.,1.,1.,1.,1.,1.,1.,       19P    256
1.,228.589,-0.2504,11.581,228.588,-0.252079,11.581,228.587,           19P    257
-0.256327,11.581,228.59,-0.26199,11.581,228.596,-0.264382,            19P    258
11.581,228.6,-0.262951,11.581,228.602,-0.2617,11.581,228.606,         19P    259
-0.257953,11.581,228.618,-0.248601,11.581,228.639,-0.231917,          19P    260
11.581,228.667,-0.209993,11.581,228.703,-0.183227,11.581,             19P    261
228.743,-0.153543,11.581,228.787,-0.123145,11.581,228.832,            19P    262
-0.0935287,11.581,228.877,-0.0649756,11.581,228.923,-0.0372113,       19P    263
11.581,228.969,-0.0104351,11.581,229.016,0.0152575,11.581,            19P    264
229.064,0.0388382,11.581,229.113,0.0609268,11.581,229.162,            19P    265
0.0811728,11.581,229.213,0.0997273,11.581,229.261,0.115418,           19P    266
11.581,229.304,0.127722,11.581,229.338,0.136936,11.581,229.364,       19P    267
0.143065,11.581,229.379,0.146329,11.581,229.385,0.1476,11.581,        19P    268
229.387,0.148179,11.581,229.392,0.151428,11.581,229.394,              19P    269
0.160026,11.581,229.39,0.167873,11.581,229.385,0.169889,11.581,       19P    270
229.376,0.169596,11.581,229.36,0.168939,11.581,229.332,0.166966,      19P    271
11.581,229.295,0.16355,11.581,229.249,0.157296,11.581,229.197,        19P    272
0.147859,11.581,229.142,0.135165,11.581,229.088,0.119626,11.581,      19P    273
229.035,0.101575,11.581,228.983,0.0806858,11.581,228.932,             19P    274
0.0574959,11.581,228.882,0.0312667,11.581,228.835,0.00168793,         19P    275
11.581,228.789,-0.0307914,11.581,228.746,-0.0662479,11.581,           19P    276
228.705,-0.10453,11.581,228.669,-0.143171,11.581,228.639,             19P    277
-0.179007,11.581,228.617,-0.209061,11.581,228.601,-0.232041,          19P    278
11.581,228.592,-0.245121,11.581,228.589,-0.2504,11.581,0.,            19P    279
1.88163,0.,0.,0.;                                                     19P    280
126,55,3,0,1,1,0,0.,0.,0.,0.,0.00616562,0.0123312,0.0184969,          21P    281
0.0246153,0.0246153,0.0246153,0.0425959,0.0695109,0.105457,           21P    282
0.150244,0.204078,0.257885,0.311786,0.365562,0.419455,0.473291,       21P    283
0.527214,0.581083,0.63498,0.688924,0.74276,0.796651,0.841565,         21P    284
0.877521,0.904474,0.922359,0.922359,0.922359,0.93091,0.939405,        21P    285
0.947901,0.956396,0.956396,0.975186,1.0035,1.04114,1.08825,           21P    286
1.14468,1.20124,1.25777,1.31426,1.37074,1.42725,1.48373,1.54028,      21P    287
1.59677,1.65319,1.70965,1.76617,1.8132,1.85093,1.87929,1.89809,       21P    288
1.89809,1.89809,1.89809,1.,1.,1.,1.,1.,1.,1.,1.,1.,1.,1.,1.,1.,       21P    289
1.,1.,1.,1.,1.,1.,1.,1.,1.,1.,1.,1.,1.,1.,1.,1.,1.,1.,1.,1.,1.,       21P    290
1.,1.,1.,1.,1.,1.,1.,1.,1.,1.,1.,1.,1.,1.,1.,1.,1.,1.,1.,1.,1.,       21P    291
1.,228.6,-0.2722,11.692,228.599,-0.274004,11.692,228.599,             21P    292
-0.278472,11.692,228.602,-0.284128,11.692,228.609,-0.286314,          21P    293
11.692,228.613,-0.284479,11.692,228.614,-0.2831,11.692,228.619,       21P    294
-0.279048,11.692,228.63,-0.268978,11.692,228.65,-0.251048,            21P    295
11.692,228.677,-0.227631,11.692,228.711,-0.19874,11.692,228.751,      21P    296
-0.166897,11.692,228.793,-0.133801,11.692,228.837,-0.101799,          21P    297
11.692,228.881,-0.0705341,11.692,228.925,-0.0401439,11.692,           21P    298
228.97,-0.0107251,11.692,229.016,0.0177332,11.692,229.063,            21P    299
0.0441476,11.692,229.111,0.0691057,11.692,229.159,0.0922676,          21P    300
11.692,229.209,0.113734,11.692,229.256,0.132148,11.692,229.299,       21P    301
0.147347,11.692,229.333,0.158395,11.692,229.358,0.166212,11.692,      21P    302
229.373,0.170303,11.692,229.379,0.1719,11.692,229.381,0.172663,       21P    303
11.692,229.386,0.17643,11.692,229.388,0.185516,11.692,229.384,        21P    304
0.193519,11.692,229.378,0.195344,11.692,229.368,0.194561,11.692,      21P    305
229.353,0.193057,11.692,229.325,0.18966,11.692,229.288,0.183879,      21P    306
11.692,229.241,0.175279,11.692,229.189,0.162942,11.692,229.135,       21P    307
0.147159,11.692,229.082,0.128641,11.692,229.029,0.107506,11.692,      21P    308
228.978,0.083955,11.692,228.928,0.0576527,11.692,228.879,             21P    309
0.0286429,11.692,228.833,-0.003689,11.692,228.789,-0.0390163,         21P    310
11.692,228.747,-0.0771264,11.692,228.708,-0.118134,11.692,            21P    311
228.674,-0.159044,11.692,228.646,-0.197132,11.692,228.626,            21P    312
-0.228751,11.692,228.611,-0.252986,11.692,228.603,-0.266696,          21P    313
11.692,228.6,-0.2722,11.692,0.,1.89809,0.,0.,0.;                      21P    314
126,54,3,0,1,1,0,0.,0.,0.,0.,0.00628162,0.0125632,0.0188449,          23P    315
0.0251173,0.0251173,0.0432198,0.0703021,0.106367,0.151498,            23P    316
0.205649,0.259862,0.314087,0.368342,0.422632,0.476932,0.531371,       23P    317
0.585733,0.640167,0.694706,0.749274,0.803841,0.84942,0.885912,        23P    318
0.913303,0.931561,0.931561,0.931561,0.940637,0.949703,0.958769,       23P    319
0.967836,0.967836,0.986943,1.01562,1.05388,1.10162,1.15885,           23P    320
1.21609,1.27319,1.33027,1.38737,1.44437,1.50132,1.55827,1.61526,      23P    321
1.67221,1.72914,1.78613,1.83361,1.87167,1.90016,1.91926,1.91926,      23P    322
1.91926,1.91926,1.,1.,1.,1.,1.,1.,1.,1.,1.,1.,1.,1.,1.,1.,1.,1.,      23P    323
1.,1.,1.,1.,1.,1.,1.,1.,1.,1.,1.,1.,1.,1.,1.,1.,1.,1.,1.,1.,1.,       23P    324
1.,1.,1.,1.,1.,1.,1.,1.,1.,1.,1.,1.,1.,1.,1.,1.,1.,1.,228.615,        23P    325
-0.2968,11.782,228.614,-0.298708,11.782,228.613,-0.303288,            23P    326
11.782,228.617,-0.308809,11.782,228.624,-0.31057,11.782,228.628,      23P    327
-0.308593,11.782,228.634,-0.302791,11.782,228.644,-0.292063,          23P    328
11.782,228.663,-0.272826,11.782,228.689,-0.247628,11.782,             23P    329
228.722,-0.216655,11.782,228.76,-0.182136,11.782,228.8,-0.14647,      23P    330
11.782,228.842,-0.111546,11.782,228.884,-0.0774895,11.782,            23P    331
228.927,-0.0440372,11.782,228.971,-0.0115124,11.782,229.015,          23P    332
0.0200649,11.782,229.06,0.0499909,11.782,229.107,0.0782667,           23P    333
11.782,229.154,0.105082,11.782,229.203,0.130253,11.782,229.249,       23P    334
0.152613,11.782,229.291,0.170928,11.782,229.325,0.184968,11.782,      23P    335
229.35,0.194969,11.782,229.364,0.200302,11.782,229.37,0.2024,         23P    336
11.782,229.373,0.203443,11.782,229.378,0.20762,11.782,229.379,        23P    337
0.2175,11.782,229.374,0.225626,11.782,229.367,0.227213,11.782,        23P    338
229.358,0.22562,11.782,229.342,0.222794,11.782,229.314,0.217034,      23P    339
11.782,229.277,0.208653,11.782,229.231,0.196114,11.782,229.179,       23P    340
0.18009,11.782,229.125,0.160191,11.782,229.073,0.138068,11.782,       23P    341
229.021,0.113175,11.782,228.971,0.0860255,11.782,228.922,             23P    342
0.0564489,11.782,228.875,0.0242529,11.782,228.831,-0.0112551,         23P    343
11.782,228.789,-0.0494911,11.782,228.749,-0.0907008,11.782,           23P    344
228.712,-0.134292,11.782,228.681,-0.17787,11.782,228.655,-0.218,      23P    345
11.782,228.637,-0.251184,11.782,228.624,-0.27663,11.782,228.617,      23P    346
-0.290997,11.782,228.615,-0.2968,11.782,0.,1.91926,0.,0.,0.;          23P    347
126,54,3,0,1,1,0,0.,0.,0.,0.,0.0068189,0.0136378,0.0204567,           25P    348
0.0272658,0.0272658,0.0458864,0.0737685,0.111063,0.157606,            25P    349
0.213574,0.26968,0.325802,0.382174,0.438603,0.495315,0.552196,        25P    350
0.609373,0.66676,0.72447,0.782693,0.841113,0.890204,0.92968,          25P    351
0.959436,0.979313,0.979313,0.989699,1.00008,1.01046,1.02303,          25P    352
1.02303,1.02303,1.04141,1.07242,1.11369,1.16492,1.22597,1.28671,      25P    353
1.34717,1.40713,1.46699,1.52651,1.58584,1.64503,1.70405,1.76306,      25P    354
1.82198,1.88104,1.9304,1.96998,1.99973,2.0196,2.0196,2.0196,          25P    355
2.0196,1.,1.,1.,1.,1.,1.,1.,1.,1.,1.,1.,1.,1.,1.,1.,1.,1.,1.,1.,      25P    356
1.,1.,1.,1.,1.,1.,1.,1.,1.,1.,1.,1.,1.,1.,1.,1.,1.,1.,1.,1.,1.,       25P    357
1.,1.,1.,1.,1.,1.,1.,1.,1.,1.,1.,1.,1.,1.,1.,228.641,-0.3551,         25P    358
11.907,228.64,-0.357281,11.907,228.64,-0.362238,11.907,228.645,       25P    359
-0.367735,11.907,228.652,-0.368825,11.907,228.657,-0.366206,          25P    360
11.907,228.662,-0.359461,11.907,228.671,-0.347148,11.907,             25P    361
228.688,-0.324956,11.907,228.711,-0.295849,11.907,228.741,            25P    362
-0.259773,11.907,228.775,-0.219554,11.907,228.812,-0.177574,          25P    363
11.907,228.85,-0.136227,11.907,228.889,-0.0954737,11.907,             25P    364
228.929,-0.0552562,11.907,228.969,-0.0153814,11.907,229.011,          25P    365
0.0235905,11.907,229.054,0.0613694,11.907,229.098,0.0979827,          25P    366
11.907,229.143,0.133523,11.907,229.19,0.167952,11.907,229.236,        25P    367
0.199463,11.907,229.277,0.226314,11.907,229.31,0.247622,11.907,       25P    368
229.335,0.262986,11.907,229.349,0.271574,11.907,229.358,0.27679,      25P    369
11.907,229.364,0.282036,11.907,229.363,0.293495,11.907,229.355,       25P    370
0.302688,11.907,229.347,0.302335,11.907,229.343,0.30086,11.907,       25P    371
229.337,0.298705,11.907,229.322,0.292828,11.907,229.293,              25P    372
0.281616,11.907,229.256,0.265555,11.907,229.209,0.244332,11.907,      25P    373
229.158,0.21829,11.907,229.104,0.188809,11.907,229.053,0.157347,      25P    374
11.907,229.003,0.12389,11.907,228.955,0.088388,11.907,228.908,        25P    375
0.0511081,11.907,228.864,0.0111771,11.907,228.823,-0.0313206,         25P    376
11.907,228.785,-0.0763728,11.907,228.75,-0.12388,11.907,228.718,      25P    377
-0.173793,11.907,228.692,-0.222944,11.907,228.671,-0.26782,           25P    378
11.907,228.657,-0.304732,11.907,228.647,-0.332926,11.907,             25P    379
228.643,-0.348743,11.907,228.641,-0.3551,11.907,0.,2.0196,0.,0.,      25P    380
0.;                                                                   25P    381
126,55,3,0,1,1,0,0.,0.,0.,0.,0.00507282,0.0101456,0.0152184,          27P    382
0.0202993,0.0202993,0.0202993,0.0380253,0.0646848,0.100218,           27P    383
0.144682,0.197933,0.251336,0.304628,0.358025,0.411345,0.464656,       27P    384
0.518048,0.57146,0.624768,0.678134,0.731486,0.784898,0.829362,        27P    385
0.864845,0.891603,0.909372,0.909372,0.909372,0.918038,0.926664,       27P    386
0.935298,0.943933,0.943933,0.962515,0.990416,1.02763,1.07418,         27P    387
1.12998,1.18576,1.24161,1.29745,1.35323,1.40907,1.46484,1.52059,      27P    388
1.57643,1.63224,1.68795,1.74372,1.79012,1.82724,1.85502,1.87359,      27P    389
1.87359,1.87359,1.87359,1.,1.,1.,1.,1.,1.,1.,1.,1.,1.,1.,1.,1.,       27P    390
1.,1.,1.,1.,1.,1.,1.,1.,1.,1.,1.,1.,1.,1.,1.,1.,1.,1.,1.,1.,1.,       27P    391
1.,1.,1.,1.,1.,1.,1.,1.,1.,1.,1.,1.,1.,1.,1.,1.,1.,1.,1.,1.,1.,       27P    392
1.,228.618,-0.2938,10.749,228.617,-0.295338,10.749,228.617,           27P    393
-0.299084,10.749,228.62,-0.303389,10.749,228.626,-0.304342,           27P    394
10.749,228.629,-0.302333,10.749,228.63,-0.301,10.749,228.634,         27P    395
-0.296348,10.749,228.643,-0.284753,10.749,228.66,-0.264022,           27P    396
10.749,228.683,-0.237065,10.749,228.712,-0.204045,10.749,             27P    397
228.748,-0.167922,10.749,228.786,-0.13114,10.749,228.826,             27P    398
-0.0960355,10.749,228.868,-0.062401,10.749,228.911,-0.0306494,        27P    399
10.749,228.955,-0.000414759,10.749,229.,0.0276144,10.749,             27P    400
229.047,0.0537769,10.749,229.094,0.0775767,10.749,229.143,            27P    401
0.0991572,10.749,229.193,0.118596,10.749,229.241,0.134747,            27P    402
10.749,229.283,0.147148,10.749,229.318,0.15585,10.749,229.344,        27P    403
0.161736,10.749,229.358,0.164742,10.749,229.364,0.1659,10.749,        27P    404
229.367,0.166465,10.749,229.372,0.170006,10.749,229.375,              27P    405
0.179203,10.749,229.37,0.18746,10.749,229.364,0.189232,10.749,        27P    406
229.355,0.1885,10.749,229.339,0.187091,10.749,229.312,0.183728,       27P    407
10.749,229.275,0.178289,10.749,229.229,0.169437,10.749,229.178,       27P    408
0.15699,10.749,229.125,0.140875,10.749,229.072,0.121867,10.749,       27P    409
229.021,0.100059,10.749,228.97,0.0755472,10.749,228.922,              27P    410
0.0483085,10.749,228.875,0.0181044,10.749,228.83,-0.0157151,          27P    411
10.749,228.788,-0.052568,10.749,228.749,-0.0925494,10.749,            27P    412
228.713,-0.135076,10.749,228.682,-0.177713,10.749,228.658,            27P    413
-0.216946,10.749,228.639,-0.249337,10.749,228.627,-0.274196,          27P    414
10.749,228.62,-0.28817,10.749,228.618,-0.2938,10.749,0.,1.87359,      27P    415
0.,0.,0.;                                                             27P    416
128,161,12,3,3,1,0,1,0,0,0.,0.,0.,0.,0.00507282,0.00608601,           29P    417
0.0101456,0.0113754,0.0126518,0.0152184,0.0162214,0.0175509,          29P    418
0.0189777,0.0202993,0.0202993,0.0216526,0.0216526,0.0227096,          29P    419
0.0227096,0.0242975,0.0242975,0.0252945,0.0252945,0.0380253,          29P    420
0.0390517,0.0400712,0.0411217,0.0421912,0.0646848,0.0657755,          29P    421
0.0672366,0.0686135,0.100218,0.101378,0.102449,0.103462,              29P    422
0.144682,0.145903,0.147017,0.148304,0.197933,0.199338,0.200403,       29P    423
0.201443,0.250183,0.251336,0.25273,0.254221,0.302247,0.304628,        29P    424
0.306191,0.307323,0.354544,0.358025,0.359527,0.360791,0.406893,       29P    425
0.411345,0.412989,0.41418,0.459505,0.464656,0.46636,0.467611,         29P    426
0.512273,0.518048,0.519701,0.521085,0.565317,0.57146,0.57314,         29P    427
0.574549,0.618554,0.624768,0.626502,0.627991,0.672093,0.678134,       29P    428
0.679917,0.681391,0.726106,0.731486,0.733346,0.734827,0.780302,       29P    429
0.784898,0.786786,0.788372,0.825845,0.829362,0.831306,0.832875,       29P    430
0.862466,0.864845,0.86684,0.86852,0.890071,0.891603,0.893564,         29P    431
0.894591,0.909372,0.909372,0.911357,0.911357,0.912403,0.912403,       29P    432
0.918038,0.919541,0.920845,0.926664,0.927761,0.928871,0.935298,       29P    433
0.936365,0.937406,0.943933,0.943933,0.949071,0.949071,0.962515,       29P    434
0.966115,0.990416,0.991449,0.994884,1.02763,1.0288,1.03317,           29P    435
1.07418,1.07541,1.0807,1.12998,1.13127,1.13733,1.18576,1.18715,       29P    436
1.19369,1.24162,1.24289,1.24977,1.29745,1.29861,1.3054,1.35323,       29P    437
1.35435,1.36093,1.40907,1.41615,1.46484,1.47118,1.52059,1.5261,       29P    438
1.57643,1.58086,1.63224,1.63559,1.68795,1.69026,1.74372,1.74505,      29P    439
1.79012,1.82724,1.85502,1.87359,1.87359,1.87359,1.87359,0.,0.,        29P    440
0.,0.,0.093767,0.214357,0.326913,0.433283,0.535313,0.735766,          29P    441
0.842028,0.955712,1.05007,1.19047,1.19047,1.19047,1.19047,1.,1.,      29P    442
1.,1.,1.,1.,1.,1.,1.,1.,1.,1.,1.,1.,1.,1.,1.,1.,1.,1.,1.,1.,1.,       29P    443
1.,1.,1.,1.,1.,1.,1.,1.,1.,1.,1.,1.,1.,1.,1.,1.,1.,1.,1.,1.,1.,       29P    444
1.,1.,1.,1.,1.,1.,1.,1.,1.,1.,1.,1.,1.,1.,1.,1.,1.,1.,1.,1.,1.,       29P    445
1.,1.,1.,1.,1.,1.,1.,1.,1.,1.,1.,1.,1.,1.,1.,1.,1.,1.,1.,1.,1.,       29P    446
1.,1.,1.,1.,1.,1.,1.,1.,1.,1.,1.,1.,1.,1.,1.,1.,1.,1.,1.,1.,1.,       29P    447
1.,1.,1.,1.,1.,1.,1.,1.,1.,1.,1.,1.,1.,1.,1.,1.,1.,1.,1.,1.,1.,       29P    448
1.,1.,1.,1.,1.,1.,1.,1.,1.,1.,1.,1.,1.,1.,1.,1.,1.,1.,1.,1.,1.,       29P    449
1.,1.,1.,1.,1.,1.,1.,1.,1.,1.,1.,1.,1.,1.,1.,1.,1.,1.,1.,1.,1.,       29P    450
1.,1.,1.,1.,1.,1.,1.,1.,1.,1.,1.,1.,1.,1.,1.,1.,1.,1.,1.,1.,1.,       29P    451
1.,1.,1.,1.,1.,1.,1.,1.,1.,1.,1.,1.,1.,1.,1.,1.,1.,1.,1.,1.,1.,       29P    452
1.,1.,1.,1.,1.,1.,1.,1.,1.,1.,1.,1.,1.,1.,1.,1.,1.,1.,1.,1.,1.,       29P    453
1.,1.,1.,1.,1.,1.,1.,1.,1.,1.,1.,1.,1.,1.,1.,1.,1.,1.,1.,1.,1.,       29P    454
1.,1.,1.,1.,1.,1.,1.,1.,1.,1.,1.,1.,1.,1.,1.,1.,1.,1.,1.,1.,1.,       29P    455
1.,1.,1.,1.,1.,1.,1.,1.,1.,1.,1.,1.,1.,1.,1.,1.,1.,1.,1.,1.,1.,       29P    456
1.,1.,1.,1.,1.,1.,1.,1.,1.,1.,1.,1.,1.,1.,1.,1.,1.,1.,1.,1.,1.,       29P    457
1.,1.,1.,1.,1.,1.,1.,1.,1.,1.,1.,1.,1.,1.,1.,1.,1.,1.,1.,1.,1.,       29P    458
1.,1.,1.,1.,1.,1.,1.,1.,1.,1.,1.,1.,1.,1.,1.,1.,1.,1.,1.,1.,1.,       29P    459
1.,1.,1.,1.,1.,1.,1.,1.,1.,1.,1.,1.,1.,1.,1.,1.,1.,1.,1.,1.,1.,       29P    460
1.,1.,1.,1.,1.,1.,1.,1.,1.,1.,1.,1.,1.,1.,1.,1.,1.,1.,1.,1.,1.,       29P    461
1.,1.,1.,1.,1.,1.,1.,1.,1.,1.,1.,1.,1.,1.,1.,1.,1.,1.,1.,1.,1.,       29P    462
1.,1.,1.,1.,1.,1.,1.,1.,1.,1.,1.,1.,1.,1.,1.,1.,1.,1.,1.,1.,1.,       29P    463
1.,1.,1.,1.,1.,1.,1.,1.,1.,1.,1.,1.,1.,1.,1.,1.,1.,1.,1.,1.,1.,       29P    464
1.,1.,1.,1.,1.,1.,1.,1.,1.,1.,1.,1.,1.,1.,1.,1.,1.,1.,1.,1.,1.,       29P    465
1.,1.,1.,1.,1.,1.,1.,1.,1.,1.,1.,1.,1.,1.,1.,1.,1.,1.,1.,1.,1.,       29P    466
1.,1.,1.,1.,1.,1.,1.,1.,1.,1.,1.,1.,1.,1.,1.,1.,1.,1.,1.,1.,1.,       29P    467
1.,1.,1.,1.,1.,1.,1.,1.,1.,1.,1.,1.,1.,1.,1.,1.,1.,1.,1.,1.,1.,       29P    468
1.,1.,1.,1.,1.,1.,1.,1.,1.,1.,1.,1.,1.,1.,1.,1.,1.,1.,1.,1.,1.,       29P    469
1.,1.,1.,1.,1.,1.,1.,1.,1.,1.,1.,1.,1.,1.,1.,1.,1.,1.,1.,1.,1.,       29P    470
1.,1.,1.,1.,1.,1.,1.,1.,1.,1.,1.,1.,1.,1.,1.,1.,1.,1.,1.,1.,1.,       29P    471
1.,1.,1.,1.,1.,1.,1.,1.,1.,1.,1.,1.,1.,1.,1.,1.,1.,1.,1.,1.,1.,       29P    472
1.,1.,1.,1.,1.,1.,1.,1.,1.,1.,1.,1.,1.,1.,1.,1.,1.,1.,1.,1.,1.,       29P    473
1.,1.,1.,1.,1.,1.,1.,1.,1.,1.,1.,1.,1.,1.,1.,1.,1.,1.,1.,1.,1.,       29P    474
1.,1.,1.,1.,1.,1.,1.,1.,1.,1.,1.,1.,1.,1.,1.,1.,1.,1.,1.,1.,1.,       29P    475
1.,1.,1.,1.,1.,1.,1.,1.,1.,1.,1.,1.,1.,1.,1.,1.,1.,1.,1.,1.,1.,       29P    476
1.,1.,1.,1.,1.,1.,1.,1.,1.,1.,1.,1.,1.,1.,1.,1.,1.,1.,1.,1.,1.,       29P    477
1.,1.,1.,1.,1.,1.,1.,1.,1.,1.,1.,1.,1.,1.,1.,1.,1.,1.,1.,1.,1.,       29P    478
1.,1.,1.,1.,1.,1.,1.,1.,1.,1.,1.,1.,1.,1.,1.,1.,1.,1.,1.,1.,1.,       29P    479
1.,1.,1.,1.,1.,1.,1.,1.,1.,1.,1.,1.,1.,1.,1.,1.,1.,1.,1.,1.,1.,       29P    480
1.,1.,1.,1.,1.,1.,1.,1.,1.,1.,1.,1.,1.,1.,1.,1.,1.,1.,1.,1.,1.,       29P    481
1.,1.,1.,1.,1.,1.,1.,1.,1.,1.,1.,1.,1.,1.,1.,1.,1.,1.,1.,1.,1.,       29P    482
1.,1.,1.,1.,1.,1.,1.,1.,1.,1.,1.,1.,1.,1.,1.,1.,1.,1.,1.,1.,1.,       29P    483
1.,1.,1.,1.,1.,1.,1.,1.,1.,1.,1.,1.,1.,1.,1.,1.,1.,1.,1.,1.,1.,       29P    484
1.,1.,1.,1.,1.,1.,1.,1.,1.,1.,1.,1.,1.,1.,1.,1.,1.,1.,1.,1.,1.,       29P    485
1.,1.,1.,1.,1.,1.,1.,1.,1.,1.,1.,1.,1.,1.,1.,1.,1.,1.,1.,1.,1.,       29P    486
1.,1.,1.,1.,1.,1.,1.,1.,1.,1.,1.,1.,1.,1.,1.,1.,1.,1.,1.,1.,1.,       29P    487
1.,1.,1.,1.,1.,1.,1.,1.,1.,1.,1.,1.,1.,1.,1.,1.,1.,1.,1.,1.,1.,       29P    488
1.,1.,1.,1.,1.,1.,1.,1.,1.,1.,1.,1.,1.,1.,1.,1.,1.,1.,1.,1.,1.,       29P    489
1.,1.,1.,1.,1.,1.,1.,1.,1.,1.,1.,1.,1.,1.,1.,1.,1.,1.,1.,1.,1.,       29P    490
1.,1.,1.,1.,1.,1.,1.,1.,1.,1.,1.,1.,1.,1.,1.,1.,1.,1.,1.,1.,1.,       29P    491
1.,1.,1.,1.,1.,1.,1.,1.,1.,1.,1.,1.,1.,1.,1.,1.,1.,1.,1.,1.,1.,       29P    492
1.,1.,1.,1.,1.,1.,1.,1.,1.,1.,1.,1.,1.,1.,1.,1.,1.,1.,1.,1.,1.,       29P    493
1.,1.,1.,1.,1.,1.,1.,1.,1.,1.,1.,1.,1.,1.,1.,1.,1.,1.,1.,1.,1.,       29P    494
1.,1.,1.,1.,1.,1.,1.,1.,1.,1.,1.,1.,1.,1.,1.,1.,1.,1.,1.,1.,1.,       29P    495
1.,1.,1.,1.,1.,1.,1.,1.,1.,1.,1.,1.,1.,1.,1.,1.,1.,1.,1.,1.,1.,       29P    496
1.,1.,1.,1.,1.,1.,1.,1.,1.,1.,1.,1.,1.,1.,1.,1.,1.,1.,1.,1.,1.,       29P    497
1.,1.,1.,1.,1.,1.,1.,1.,1.,1.,1.,1.,1.,1.,1.,1.,1.,1.,1.,1.,1.,       29P    498
1.,1.,1.,1.,1.,1.,1.,1.,1.,1.,1.,1.,1.,1.,1.,1.,1.,1.,1.,1.,1.,       29P    499
1.,1.,1.,1.,1.,1.,1.,1.,1.,1.,1.,1.,1.,1.,1.,1.,1.,1.,1.,1.,1.,       29P    500
1.,1.,1.,1.,1.,1.,1.,1.,1.,1.,1.,1.,1.,1.,1.,1.,1.,1.,1.,1.,1.,       29P    501
1.,1.,1.,1.,1.,1.,1.,1.,1.,1.,1.,1.,1.,1.,1.,1.,1.,1.,1.,1.,1.,       29P    502
1.,1.,1.,1.,1.,1.,1.,1.,1.,1.,1.,1.,1.,1.,1.,1.,1.,1.,1.,1.,1.,       29P    503
1.,1.,1.,1.,1.,1.,1.,1.,1.,1.,1.,1.,1.,1.,1.,1.,1.,1.,1.,1.,1.,       29P    504
1.,1.,1.,1.,1.,1.,1.,1.,1.,1.,1.,1.,1.,1.,1.,1.,1.,1.,1.,1.,1.,       29P    505
1.,1.,1.,1.,1.,1.,1.,1.,1.,1.,1.,1.,1.,1.,1.,1.,1.,1.,1.,1.,1.,       29P    506
1.,1.,1.,1.,1.,1.,1.,1.,1.,1.,1.,1.,1.,1.,1.,1.,1.,1.,1.,1.,1.,       29P    507
1.,1.,1.,1.,1.,1.,1.,1.,1.,1.,1.,1.,1.,1.,1.,1.,1.,1.,1.,1.,1.,       29P    508
1.,1.,1.,1.,1.,1.,1.,1.,1.,1.,1.,1.,1.,1.,1.,1.,1.,1.,1.,1.,1.,       29P    509
1.,1.,1.,1.,1.,1.,1.,1.,1.,1.,1.,1.,1.,1.,1.,1.,1.,1.,1.,1.,1.,       29P    510
1.,1.,1.,1.,1.,1.,1.,1.,1.,1.,1.,1.,1.,1.,1.,1.,1.,1.,1.,1.,1.,       29P    511
1.,1.,1.,1.,1.,1.,1.,1.,1.,1.,1.,1.,1.,1.,1.,1.,1.,1.,1.,1.,1.,       29P    512
1.,1.,1.,1.,1.,1.,1.,1.,1.,1.,1.,1.,1.,1.,1.,1.,1.,1.,1.,1.,1.,       29P    513
1.,1.,1.,1.,1.,1.,1.,1.,1.,1.,1.,1.,1.,1.,1.,1.,1.,1.,1.,1.,1.,       29P    514
1.,1.,1.,1.,1.,1.,1.,1.,1.,1.,1.,1.,1.,1.,1.,1.,1.,1.,1.,1.,1.,       29P    515
1.,1.,1.,1.,1.,1.,1.,1.,1.,1.,1.,1.,1.,1.,1.,1.,1.,1.,1.,1.,1.,       29P    516
1.,1.,1.,1.,1.,1.,1.,1.,1.,1.,1.,1.,1.,1.,1.,1.,1.,1.,1.,1.,1.,       29P    517
1.,1.,1.,1.,1.,1.,1.,1.,1.,1.,1.,1.,1.,1.,1.,1.,1.,1.,1.,1.,1.,       29P    518
1.,1.,1.,1.,1.,1.,1.,1.,1.,1.,1.,1.,1.,1.,1.,1.,1.,1.,1.,1.,1.,       29P    519
1.,1.,1.,1.,1.,1.,1.,1.,1.,1.,1.,1.,1.,1.,1.,1.,1.,1.,1.,1.,1.,       29P    520
1.,1.,1.,1.,1.,1.,1.,1.,1.,1.,1.,1.,1.,1.,1.,1.,1.,1.,1.,1.,1.,       29P    521
1.,1.,1.,1.,1.,1.,1.,1.,1.,1.,1.,1.,1.,1.,1.,1.,1.,1.,1.,1.,1.,       29P    522
1.,1.,1.,1.,1.,1.,1.,1.,1.,1.,1.,1.,1.,1.,1.,1.,1.,1.,1.,1.,1.,       29P    523
1.,1.,1.,1.,1.,1.,1.,1.,1.,1.,1.,1.,1.,1.,1.,1.,1.,1.,1.,1.,1.,       29P    524
1.,1.,1.,1.,1.,1.,1.,1.,1.,1.,1.,1.,1.,1.,1.,1.,1.,1.,1.,1.,1.,       29P    525
1.,1.,1.,1.,1.,1.,1.,1.,1.,1.,1.,1.,1.,1.,1.,1.,1.,1.,1.,1.,1.,       29P    526
1.,1.,1.,1.,1.,1.,1.,1.,1.,1.,1.,1.,1.,1.,1.,1.,1.,1.,1.,1.,1.,       29P    527
1.,1.,1.,1.,1.,1.,1.,1.,1.,1.,1.,1.,1.,1.,1.,1.,1.,1.,1.,1.,1.,       29P    528
1.,1.,1.,1.,1.,1.,1.,1.,1.,1.,1.,1.,1.,1.,1.,1.,1.,1.,1.,1.,1.,       29P    529
1.,1.,1.,1.,1.,1.,1.,1.,1.,1.,1.,1.,1.,1.,1.,1.,1.,1.,1.,1.,1.,       29P    530
1.,1.,1.,1.,1.,1.,1.,1.,1.,1.,1.,1.,1.,1.,1.,1.,1.,1.,1.,1.,1.,       29P    531
1.,1.,1.,1.,1.,1.,1.,1.,1.,1.,1.,1.,1.,1.,1.,1.,1.,1.,1.,1.,1.,       29P    532
1.,1.,1.,1.,1.,1.,1.,1.,1.,1.,1.,1.,1.,1.,1.,1.,1.,1.,1.,1.,1.,       29P    533
1.,1.,1.,1.,1.,1.,1.,1.,1.,1.,1.,1.,1.,1.,1.,1.,1.,1.,1.,1.,1.,       29P    534
1.,1.,1.,1.,1.,1.,1.,1.,1.,1.,1.,1.,1.,1.,1.,1.,1.,1.,1.,1.,1.,       29P    535
1.,1.,1.,1.,1.,1.,1.,1.,1.,1.,1.,1.,1.,1.,1.,1.,1.,1.,1.,1.,1.,       29P    536
1.,1.,1.,1.,1.,1.,1.,1.,1.,1.,1.,1.,1.,1.,1.,1.,1.,1.,1.,1.,1.,       29P    537
1.,1.,1.,1.,1.,1.,1.,1.,1.,1.,1.,1.,1.,1.,1.,1.,1.,1.,1.,1.,1.,       29P    538
1.,1.,1.,1.,1.,1.,1.,1.,1.,1.,1.,1.,1.,1.,1.,1.,1.,1.,1.,1.,1.,       29P    539
1.,1.,1.,1.,1.,1.,1.,1.,1.,1.,1.,1.,1.,1.,1.,1.,1.,1.,1.,1.,1.,       29P    540
1.,1.,1.,1.,1.,1.,1.,1.,1.,1.,1.,1.,1.,1.,1.,1.,1.,1.,1.,1.,1.,       29P    541
1.,1.,1.,1.,1.,1.,1.,1.,1.,1.,1.,1.,1.,1.,1.,1.,1.,1.,1.,1.,1.,       29P    542
1.,1.,1.,1.,228.618,-0.2938,10.749,228.617,-0.295338,10.749,          29P    543
228.617,-0.297585,10.749,228.618,-0.300806,10.749,228.62,             29P    544
-0.30245,10.749,228.622,-0.303409,10.749,228.623,-0.303861,           29P    545
10.749,228.625,-0.303853,10.749,228.627,-0.303396,10.749,             29P    546
228.628,-0.302843,10.749,228.629,-0.302022,10.749,228.63,             29P    547
-0.301347,10.749,228.63,-0.300645,10.749,228.631,-0.30029,            29P    548
10.749,228.631,-0.299658,10.749,228.631,-0.299381,10.749,             29P    549
228.632,-0.298688,10.749,228.632,-0.298271,10.749,228.633,            29P    550
-0.297594,10.749,228.633,-0.297333,10.749,228.636,-0.29374,           29P    551
10.749,228.639,-0.290149,10.749,228.642,-0.2863,10.749,228.642,       29P    552
-0.285494,10.749,228.643,-0.284676,10.749,228.648,-0.278273,          29P    553
10.749,228.653,-0.271888,10.749,228.659,-0.265466,10.749,             29P    554
228.659,-0.264459,10.749,228.667,-0.255647,10.749,228.674,            29P    555
-0.247026,10.749,228.682,-0.238551,10.749,228.682,-0.237739,          29P    556
10.749,228.692,-0.226904,10.749,228.702,-0.216148,10.749,             29P    557
228.712,-0.205533,10.749,228.712,-0.204651,10.749,228.724,            29P    558
-0.191993,10.749,228.736,-0.179503,10.749,228.749,-0.167292,          29P    559
10.749,228.75,-0.16647,10.749,228.762,-0.154572,10.749,228.774,       29P    560
-0.142872,10.749,228.787,-0.131346,10.749,228.788,-0.13044,           29P    561
10.749,228.8,-0.119026,10.749,228.813,-0.107646,10.749,228.826,       29P    562
-0.0964752,10.749,228.828,-0.0953859,10.749,228.84,-0.0846849,        29P    563
10.749,228.854,-0.0737892,10.749,228.868,-0.0631036,10.749,           29P    564
228.869,-0.0618284,10.749,228.882,-0.0518674,10.749,228.896,          29P    565
-0.0415734,10.749,228.91,-0.0314433,10.749,228.912,-0.0300331,        29P    566
10.749,228.925,-0.0207251,10.749,228.939,-0.0109581,10.749,           29P    567
228.954,-0.00142624,10.749,228.956,4.74063E-05,10.749,228.97,         29P    568
0.00868517,10.749,228.984,0.0177554,10.749,228.999,0.0266034,         29P    569
10.749,229.002,0.0280929,10.749,229.015,0.0360679,10.749,229.03,      29P    570
0.0445389,10.749,229.046,0.0527051,10.749,229.048,0.0541434,          29P    571
10.749,229.062,0.0614606,10.749,229.078,0.0691595,10.749,             29P    572
229.093,0.0765665,10.749,229.096,0.0779021,10.749,229.11,             29P    573
0.0845808,10.749,229.126,0.091563,10.749,229.142,0.0982557,           29P    574
10.749,229.145,0.099445,10.749,229.16,0.105561,10.749,229.176,        29P    575
0.111833,10.749,229.192,0.1178,10.749,229.195,0.118792,10.749,        29P    576
229.21,0.124328,10.749,229.226,0.129841,10.749,229.243,0.135032,      29P    577
10.749,229.245,0.135831,10.749,229.258,0.139865,10.749,229.272,       29P    578
0.143824,10.749,229.286,0.147565,10.749,229.288,0.148172,10.749,      29P    579
229.299,0.151014,10.749,229.31,0.153745,10.749,229.321,0.156371,      29P    580
10.749,229.323,0.156836,10.749,229.331,0.15876,10.749,229.339,        29P    581
0.160574,10.749,229.347,0.16233,10.749,229.349,0.162645,10.749,       29P    582
229.354,0.163876,10.749,229.359,0.164937,10.749,229.365,              29P    583
0.166029,10.749,229.366,0.166222,10.749,229.367,0.166603,10.749,      29P    584
229.367,0.16675,10.749,229.369,0.167785,10.749,229.371,0.169435,      29P    585
10.749,229.372,0.171908,10.749,229.374,0.1746,10.749,229.374,         29P    586
0.177468,10.749,229.373,0.180153,10.749,229.373,0.182977,10.749,      29P    587
229.371,0.185483,10.749,229.368,0.187167,10.749,229.366,              29P    588
0.188638,10.749,229.363,0.189176,10.749,229.359,0.188862,10.749,      29P    589
229.358,0.188719,10.749,229.351,0.188183,10.749,229.346,              29P    590
0.187647,10.749,229.332,0.1862,10.749,229.322,0.185023,10.749,        29P    591
229.313,0.183758,10.749,229.301,0.1821,10.749,229.288,0.180251,       29P    592
10.749,229.276,0.178128,10.749,229.261,0.175502,10.749,229.245,       29P    593
0.172508,10.749,229.23,0.169154,10.749,229.212,0.165162,10.749,       29P    594
229.194,0.160708,10.749,229.175,0.155742,10.749,229.157,              29P    595
0.150786,10.749,229.14,0.145344,10.749,229.122,0.139422,10.749,       29P    596
229.104,0.133484,10.749,229.087,0.127091,10.749,229.069,              29P    597
0.120246,10.749,229.052,0.113363,10.749,229.035,0.106042,10.749,      29P    598
229.018,0.0983392,10.749,229.001,0.0905512,10.749,228.984,            29P    599
0.0823269,10.749,228.968,0.0737351,10.749,228.952,0.0650327,          29P    600
10.749,228.934,0.0549005,10.749,228.904,0.0369531,10.749,             29P    601
228.887,0.0256582,10.749,228.858,0.00555304,10.749,228.842,           29P    602
-0.00688929,10.749,228.815,-0.0292014,10.749,228.8,-0.042525,         29P    603
10.749,228.774,-0.0669659,10.749,228.761,-0.0811353,10.749,           29P    604
228.737,-0.107589,10.749,228.724,-0.122366,10.749,228.702,            29P    605
-0.150745,10.749,228.691,-0.166181,10.749,228.672,-0.193796,          29P    606
10.749,228.657,-0.217331,10.749,228.639,-0.249337,10.749,             29P    607
228.627,-0.274196,10.749,228.62,-0.28817,10.749,228.618,-0.2938,      29P    608
10.749,228.613,-0.28777,10.7793,228.613,-0.289296,10.7793,            29P    609
228.612,-0.291538,10.7793,228.614,-0.294784,10.7793,228.615,          29P    610
-0.296457,10.7793,228.617,-0.29745,10.7793,228.619,-0.297931,         29P    611
10.7793,228.62,-0.297959,10.7793,228.622,-0.297553,10.7793,           29P    612
228.623,-0.29704,10.7793,228.624,-0.296256,10.7793,228.625,           29P    613
-0.295596,10.7793,228.626,-0.2949,10.7793,228.626,-0.294548,          29P    614
10.7793,228.626,-0.293922,10.7793,228.627,-0.293647,10.7793,          29P    615
228.627,-0.29296,10.7793,228.628,-0.292548,10.7793,228.628,           29P    616
-0.291877,10.7793,228.628,-0.291619,10.7793,228.631,-0.288059,        29P    617
10.7793,228.634,-0.284508,10.7793,228.637,-0.280715,10.7793,          29P    618
228.638,-0.279921,10.7793,228.639,-0.279116,10.7793,228.644,          29P    619
-0.272813,10.7793,228.649,-0.266551,10.7793,228.655,-0.260244,        29P    620
10.7793,228.656,-0.259256,10.7793,228.663,-0.2506,10.7793,            29P    621
228.671,-0.24212,10.7793,228.678,-0.233795,10.7793,228.679,           29P    622
-0.232998,10.7793,228.689,-0.222356,10.7793,228.699,-0.211812,        29P    623
10.7793,228.709,-0.201408,10.7793,228.71,-0.200544,10.7793,           29P    624
228.722,-0.188138,10.7793,228.734,-0.175899,10.7793,228.747,          29P    625
-0.163919,10.7793,228.748,-0.163113,10.7793,228.76,-0.15144,          29P    626
10.7793,228.773,-0.139949,10.7793,228.785,-0.128651,10.7793,          29P    627
228.786,-0.127762,10.7793,228.799,-0.116576,10.7793,228.812,          29P    628
-0.105446,10.7793,228.826,-0.0945218,10.7793,228.827,-0.0934566,      29P    629
10.7793,228.84,-0.0829919,10.7793,228.854,-0.072337,10.7793,          29P    630
228.868,-0.0618814,10.7793,228.869,-0.0606335,10.7793,228.882,        29P    631
-0.0508859,10.7793,228.896,-0.0408082,10.7793,228.911,                29P    632
-0.0309195,10.7793,228.913,-0.0295434,10.7793,228.926,                29P    633
-0.0204625,10.7793,228.94,-0.0109606,10.7793,228.955,                 29P    634
-0.00166605,10.7793,228.957,-0.000228498,10.7793,228.971,             29P    635
0.00819913,10.7793,228.985,0.0170711,10.7793,229.,0.025697,           29P    636
10.7793,229.003,0.0271483,10.7793,229.017,0.0349163,10.7793,          29P    637
229.032,0.0431371,10.7793,229.047,0.0510728,10.7793,229.05,           29P    638
0.052471,10.7793,229.064,0.059585,10.7793,229.079,0.067084,           29P    639
10.7793,229.095,0.0742807,10.7793,229.098,0.0755777,10.7793,          29P    640
229.112,0.0820621,10.7793,229.128,0.0888207,10.7793,229.144,          29P    641
0.0952943,10.7793,229.147,0.0964445,10.7793,229.162,0.10236,          29P    642
10.7793,229.178,0.108423,10.7793,229.194,0.114165,10.7793,            29P    643
229.197,0.11512,10.7793,229.212,0.120442,10.7793,229.229,             29P    644
0.125719,10.7793,229.245,0.130698,10.7793,229.248,0.131465,           29P    645
10.7793,229.261,0.135336,10.7793,229.275,0.139142,10.7793,            29P    646
229.289,0.142717,10.7793,229.291,0.143297,10.7793,229.302,            29P    647
0.146009,10.7793,229.312,0.148602,10.7793,229.323,0.151099,           29P    648
10.7793,229.325,0.151541,10.7793,229.334,0.153371,10.7793,            29P    649
229.342,0.1551,10.7793,229.35,0.15677,10.7793,229.351,0.157069,       29P    650
10.7793,229.357,0.158239,10.7793,229.362,0.159245,10.7793,            29P    651
229.368,0.160278,10.7793,229.368,0.160468,10.7793,229.369,            29P    652
0.160852,10.7793,229.37,0.160999,10.7793,229.372,0.16203,             29P    653
10.7793,229.374,0.163653,10.7793,229.375,0.166099,10.7793,            29P    654
229.376,0.168761,10.7793,229.377,0.171596,10.7793,229.376,            29P    655
0.174237,10.7793,229.375,0.177016,10.7793,229.374,0.179492,           29P    656
10.7793,229.371,0.181172,10.7793,229.369,0.182645,10.7793,            29P    657
229.366,0.183205,10.7793,229.362,0.182945,10.7793,229.36,             29P    658
0.182825,10.7793,229.354,0.182375,10.7793,229.349,0.181918,           29P    659
10.7793,229.335,0.180661,10.7793,229.325,0.179619,10.7793,            29P    660
229.316,0.17849,10.7793,229.304,0.177009,10.7793,229.291,             29P    661
0.175343,10.7793,229.279,0.173405,10.7793,229.263,0.171003,           29P    662
10.7793,229.248,0.168231,10.7793,229.232,0.165106,10.7793,            29P    663
229.214,0.161383,10.7793,229.196,0.157201,10.7793,229.178,            29P    664
0.152511,10.7793,229.16,0.147826,10.7793,229.142,0.142654,            29P    665
10.7793,229.124,0.137,10.7793,229.106,0.131327,10.7793,229.089,       29P    666
0.125194,10.7793,229.071,0.11861,10.7793,229.054,0.111988,            29P    667
10.7793,229.037,0.104925,10.7793,229.02,0.0974757,10.7793,            29P    668
229.003,0.0899411,10.7793,228.986,0.0819689,10.7793,228.97,           29P    669
0.0736512,10.7793,228.953,0.0652278,10.7793,228.935,0.0554223,        29P    670
10.7793,228.905,0.0379421,10.7793,228.888,0.0268882,10.7793,          29P    671
228.859,0.00725151,10.7793,228.842,-0.00488676,10.7793,228.815,       29P    672
-0.0267382,10.7793,228.8,-0.039829,10.7793,228.774,-0.0638351,        29P    673
10.7793,228.76,-0.0777508,10.7793,228.735,-0.103782,10.7793,          29P    674
228.723,-0.118349,10.7793,228.7,-0.146316,10.7793,228.689,            29P    675
-0.161523,10.7793,228.67,-0.188775,10.7793,228.654,-0.212031,         29P    676
10.7793,228.636,-0.24374,10.7793,228.623,-0.268331,10.7793,           29P    677
228.616,-0.282187,10.7793,228.613,-0.28777,10.7793,228.604,           29P    678
-0.274088,10.8488,228.603,-0.275588,10.8488,228.603,-0.277822,        29P    679
10.8488,228.604,-0.28112,10.8488,228.605,-0.282857,10.8488,           29P    680
228.607,-0.28393,10.8488,228.609,-0.284485,10.8488,228.61,            29P    681
-0.284606,10.8488,228.612,-0.284328,10.8488,228.613,-0.283918,        29P    682
10.8488,228.614,-0.283233,10.8488,228.615,-0.282619,10.8488,          29P    683
228.616,-0.281953,10.8488,228.616,-0.281617,10.8488,228.617,          29P    684
-0.281007,10.8488,228.617,-0.28074,10.8488,228.617,-0.280071,         29P    685
10.8488,228.618,-0.27967,10.8488,228.618,-0.279017,10.8488,           29P    686
228.619,-0.278765,10.8488,228.622,-0.2753,10.8488,228.625,            29P    687
-0.271845,10.8488,228.628,-0.268188,10.8488,228.629,-0.267423,        29P    688
10.8488,228.63,-0.266649,10.8488,228.635,-0.260587,10.8488,           29P    689
228.641,-0.254606,10.8488,228.647,-0.248574,10.8488,228.647,          29P    690
-0.247629,10.8488,228.655,-0.239343,10.8488,228.663,-0.231193,        29P    691
10.8488,228.671,-0.223221,10.8488,228.672,-0.222458,10.8488,          29P    692
228.682,-0.212278,10.8488,228.693,-0.202213,10.8488,228.703,          29P    693
-0.192301,10.8488,228.704,-0.191477,10.8488,228.717,-0.179658,        29P    694
10.8488,228.73,-0.167988,10.8488,228.743,-0.156554,10.8488,           29P    695
228.744,-0.155784,10.8488,228.757,-0.14464,10.8488,228.769,           29P    696
-0.133634,10.8488,228.783,-0.122868,10.8488,228.784,-0.122021,        29P    697
10.8488,228.797,-0.111365,10.8488,228.811,-0.100788,10.8488,          29P    698
228.824,-0.090423,10.8488,228.826,-0.0894124,10.8488,228.839,         29P    699
-0.0794841,10.8488,228.853,-0.0693603,10.8488,228.867,                29P    700
-0.0594295,10.8488,228.869,-0.0582443,10.8488,228.882,                29P    701
-0.0489851,10.8488,228.897,-0.039392,10.8488,228.911,-0.0300391,      29P    702
10.8488,228.913,-0.0287387,10.8488,228.927,-0.0201594,10.8488,        29P    703
228.942,-0.0112123,10.8488,228.957,-0.00243617,10.8488,228.959,       29P    704
-0.00107813,10.8488,228.973,0.00688654,10.8488,228.988,               29P    705
0.0153225,10.8488,229.003,0.0234606,10.8488,229.006,0.0248277,        29P    706
10.8488,229.019,0.0321427,10.8488,229.035,0.0398422,10.8488,          29P    707
229.051,0.0472791,10.8488,229.053,0.0485897,10.8488,229.067,          29P    708
0.0552604,10.8488,229.083,0.0623261,10.8488,229.099,0.0690641,        29P    709
10.8488,229.102,0.0702767,10.8488,229.116,0.0763374,10.8488,          29P    710
229.132,0.082622,10.8488,229.149,0.0886288,10.8488,229.152,           29P    711
0.0896959,10.8488,229.167,0.0951833,10.8488,229.183,0.100812,         29P    712
10.8488,229.199,0.106094,10.8488,229.202,0.106971,10.8488,            29P    713
229.217,0.111855,10.8488,229.234,0.116662,10.8488,229.251,            29P    714
0.1212,10.8488,229.253,0.121899,10.8488,229.266,0.125429,             29P    715
10.8488,229.28,0.128915,10.8488,229.294,0.132143,10.8488,             29P    716
229.296,0.132666,10.8488,229.307,0.135108,10.8488,229.318,            29P    717
0.137426,10.8488,229.329,0.139662,10.8488,229.331,0.140057,           29P    718
10.8488,229.339,0.141698,10.8488,229.347,0.143252,10.8488,            29P    719
229.355,0.144741,10.8488,229.357,0.145007,10.8488,229.363,            29P    720
0.146051,10.8488,229.368,0.146946,10.8488,229.373,0.147858,           29P    721
10.8488,229.374,0.148036,10.8488,229.375,0.148407,10.8488,            29P    722
229.375,0.148547,10.8488,229.377,0.149519,10.8488,229.379,            29P    723
0.151068,10.8488,229.381,0.153447,10.8488,229.382,0.156046,           29P    724
10.8488,229.382,0.15882,10.8488,229.382,0.16137,10.8488,229.381,      29P    725
0.164065,10.8488,229.379,0.166506,10.8488,229.377,0.168206,           29P    726
10.8488,229.375,0.169713,10.8488,229.372,0.170337,10.8488,            29P    727
229.368,0.170188,10.8488,229.367,0.170117,10.8488,229.36,             29P    728
0.169844,10.8488,229.355,0.16955,10.8488,229.341,0.168689,            29P    729
10.8488,229.331,0.167929,10.8488,229.322,0.167086,10.8488,            29P    730
229.31,0.165977,10.8488,229.297,0.164695,10.8488,229.285,             29P    731
0.163146,10.8488,229.269,0.161216,10.8488,229.254,0.15891,            29P    732
10.8488,229.238,0.156268,10.8488,229.22,0.153114,10.8488,             29P    733
229.202,0.14951,10.8488,229.183,0.145407,10.8488,229.165,             29P    734
0.141301,10.8488,229.147,0.136709,10.8488,229.129,0.131632,           29P    735
10.8488,229.111,0.12653,10.8488,229.094,0.12096,10.8488,229.076,      29P    736
0.114944,10.8488,229.059,0.108888,10.8488,229.041,0.102392,           29P    737
10.8488,229.024,0.0955021,10.8488,229.007,0.0885273,10.8488,          29P    738
228.99,0.0811145,10.8488,228.973,0.0733924,10.8488,228.956,           29P    739
0.0655736,10.8488,228.938,0.0564672,10.8488,228.907,0.0400267,        29P    740
10.8488,228.89,0.0295312,10.8488,228.86,0.0109445,10.8488,            29P    741
228.843,-0.000527172,10.8488,228.815,-0.0213463,10.8488,228.8,        29P    742
-0.0339021,10.8488,228.773,-0.0569099,10.8488,228.758,                29P    743
-0.0702435,10.8488,228.733,-0.0952991,10.8488,228.72,-0.109377,       29P    744
10.8488,228.696,-0.136402,10.8488,228.684,-0.151097,10.8488,          29P    745
228.664,-0.177511,10.8488,228.648,-0.200106,10.8488,228.628,          29P    746
-0.231088,10.8488,228.614,-0.255058,10.8488,228.606,-0.268622,        29P    747
10.8488,228.604,-0.274088,10.8488,228.589,-0.249235,10.9539,          29P    748
228.588,-0.250732,10.9539,228.587,-0.253038,10.9539,228.588,          29P    749
-0.256631,10.9539,228.589,-0.258628,10.9539,228.591,-0.259995,        29P    750
10.9539,228.593,-0.260751,10.9539,228.595,-0.260986,10.9539,          29P    751
228.597,-0.260674,10.9539,228.598,-0.260207,10.9539,228.599,          29P    752
-0.259469,10.9539,228.6,-0.258858,10.9539,228.601,-0.258229,          29P    753
10.9539,228.601,-0.257912,10.9539,228.602,-0.257395,10.9539,          29P    754
228.602,-0.257169,10.9539,228.602,-0.256608,10.9539,228.603,          29P    755
-0.256272,10.9539,228.603,-0.255727,10.9539,228.604,-0.255517,        29P    756
10.9539,228.607,-0.252632,10.9539,228.61,-0.249799,10.9539,           29P    757
228.613,-0.246626,10.9539,228.614,-0.245957,10.9539,228.615,          29P    758
-0.245278,10.9539,228.62,-0.239942,10.9539,228.626,-0.23451,          29P    759
10.9539,228.633,-0.229013,10.9539,228.634,-0.228153,10.9539,          29P    760
228.642,-0.220624,10.9539,228.651,-0.213305,10.9539,228.659,          29P    761
-0.206064,10.9539,228.66,-0.205368,10.9539,228.671,-0.196078,         29P    762
10.9539,228.682,-0.186886,10.9539,228.693,-0.177805,10.9539,          29P    763
228.694,-0.17705,10.9539,228.708,-0.166233,10.9539,228.722,           29P    764
-0.155693,10.9539,228.735,-0.145369,10.9539,228.736,-0.144674,        29P    765
10.9539,228.75,-0.134623,10.9539,228.764,-0.124833,10.9539,           29P    766
228.777,-0.115054,10.9539,228.779,-0.114284,10.9539,228.792,          29P    767
-0.104595,10.9539,228.807,-0.0949287,10.9539,228.821,-0.0854621,      29P    768
10.9539,228.822,-0.0845391,10.9539,228.836,-0.075479,10.9539,         29P    769
228.851,-0.0664047,10.9539,228.866,-0.0574158,10.9539,228.867,        29P    770
-0.0563417,10.9539,228.881,-0.0479537,10.9539,228.896,                29P    771
-0.0393099,10.9539,228.911,-0.0307742,10.9539,228.913,                29P    772
-0.0295854,10.9539,228.927,-0.0217437,10.9539,228.942,                29P    773
-0.0136095,10.9539,228.957,-0.00562732,10.9539,228.96,                29P    774
-0.00439195,10.9539,228.974,0.0028449,10.9539,228.989,0.0103724,      29P    775
10.9539,229.005,0.0177365,10.9539,229.007,0.018977,10.9539,           29P    776
229.022,0.0256135,10.9539,229.037,0.032571,10.9539,229.053,           29P    777
0.0392865,10.9539,229.056,0.04047,10.9539,229.07,0.0464843,           29P    778
10.9539,229.086,0.0527147,10.9539,229.102,0.0587436,10.9539,          29P    779
229.105,0.0598324,10.9539,229.12,0.0652752,10.9539,229.136,           29P    780
0.0709382,10.9539,229.153,0.0763098,10.9539,229.156,0.0772626,        29P    781
10.9539,229.171,0.0821539,10.9539,229.187,0.0870464,10.9539,          29P    782
229.203,0.0916882,10.9539,229.206,0.0924607,10.9539,229.222,          29P    783
0.0967632,10.9539,229.238,0.100987,10.9539,229.255,0.104997,          29P    784
10.9539,229.258,0.105616,10.9539,229.271,0.108733,10.9539,            29P    785
229.285,0.111757,10.9539,229.299,0.114604,10.9539,229.301,            29P    786
0.115066,10.9539,229.312,0.11722,10.9539,229.322,0.119228,            29P    787
10.9539,229.334,0.121164,10.9539,229.336,0.121507,10.9539,            29P    788
229.344,0.122925,10.9539,229.352,0.124242,10.9539,229.36,             29P    789
0.125499,10.9539,229.362,0.125723,10.9539,229.368,0.126579,           29P    790
10.9539,229.373,0.127298,10.9539,229.378,0.128022,10.9539,            29P    791
229.379,0.128088,10.9539,229.38,0.128163,10.9539,229.38,              29P    792
0.128215,10.9539,229.383,0.12869,10.9539,229.385,0.129736,            29P    793
10.9539,229.387,0.131714,10.9539,229.389,0.134009,10.9539,            29P    794
229.39,0.136819,10.9539,229.39,0.139864,10.9539,229.389,              29P    795
0.143061,10.9539,229.388,0.145887,10.9539,229.385,0.147827,           29P    796
10.9539,229.383,0.149547,10.9539,229.38,0.150277,10.9539,             29P    797
229.377,0.150251,10.9539,229.375,0.150236,10.9539,229.369,            29P    798
0.150169,10.9539,229.363,0.150078,10.9539,229.35,0.149775,            29P    799
10.9539,229.34,0.149464,10.9539,229.331,0.149032,10.9539,             29P    800
229.318,0.148446,10.9539,229.306,0.147635,10.9539,229.293,            29P    801
0.146619,10.9539,229.278,0.145347,10.9539,229.263,0.143771,           29P    802
10.9539,229.247,0.141861,10.9539,229.229,0.139563,10.9539,            29P    803
229.21,0.136797,10.9539,229.192,0.133524,10.9539,229.174,             29P    804
0.130233,10.9539,229.156,0.12645,10.9539,229.137,0.122266,            29P    805
10.9539,229.119,0.118061,10.9539,229.102,0.113454,10.9539,            29P    806
229.084,0.108379,10.9539,229.066,0.103256,10.9539,229.048,            29P    807
0.0976713,10.9539,229.031,0.0917387,10.9539,229.013,0.0857311,        29P    808
10.9539,228.996,0.0793137,10.9539,228.979,0.0724783,10.9539,          29P    809
228.962,0.0655354,10.9539,228.943,0.0573126,10.9539,228.912,          29P    810
0.0426874,10.9539,228.894,0.0334313,10.9539,228.863,0.0166736,        29P    811
10.9539,228.846,0.00615683,10.9539,228.817,-0.0127826,10.9539,        29P    812
228.8,-0.0241494,10.9539,228.772,-0.0452902,10.9539,228.757,          29P    813
-0.0576974,10.9539,228.73,-0.0809772,10.9539,228.716,-0.0940432,      29P    814
10.9539,228.691,-0.119229,10.9539,228.678,-0.13298,10.9539,           29P    815
228.656,-0.157855,10.9539,228.638,-0.17924,10.9539,228.616,           29P    816
-0.208376,10.9539,228.6,-0.231167,10.9539,228.592,-0.244038,          29P    817
10.9539,228.589,-0.249235,10.9539,228.581,-0.232546,11.0658,          29P    818
228.58,-0.233998,11.0658,228.579,-0.236235,11.0658,228.579,           29P    819
-0.239657,11.0658,228.581,-0.241547,11.0658,228.582,-0.242925,        29P    820
11.0658,228.583,-0.243791,11.0658,228.585,-0.244322,11.0658,          29P    821
228.586,-0.244571,11.0658,228.588,-0.244574,11.0658,228.589,          29P    822
-0.244336,11.0658,228.59,-0.244012,11.0658,228.591,-0.243619,         29P    823
11.0658,228.591,-0.243421,11.0658,228.592,-0.242912,11.0658,          29P    824
228.592,-0.242688,11.0658,228.593,-0.242117,11.0658,228.593,          29P    825
-0.241774,11.0658,228.594,-0.241212,11.0658,228.594,-0.240995,        29P    826
11.0658,228.598,-0.238003,11.0658,228.601,-0.234938,11.0658,          29P    827
228.605,-0.231782,11.0658,228.606,-0.231131,11.0658,228.607,          29P    828
-0.230472,11.0658,228.613,-0.22531,11.0658,228.62,-0.220207,          29P    829
11.0658,228.626,-0.215153,11.0658,228.627,-0.214358,11.0658,          29P    830
228.636,-0.20737,11.0658,228.645,-0.20033,11.0658,228.654,            29P    831
-0.193561,11.0658,228.655,-0.192921,11.0658,228.666,-0.184375,        29P    832
11.0658,228.678,-0.175785,11.0658,228.69,-0.167506,11.0658,           29P    833
228.691,-0.166818,11.0658,228.704,-0.156927,11.0658,228.719,          29P    834
-0.14697,11.0658,228.733,-0.137418,11.0658,228.734,-0.136774,         29P    835
11.0658,228.748,-0.12745,11.0658,228.762,-0.118054,11.0658,           29P    836
228.776,-0.109063,11.0658,228.778,-0.108357,11.0658,228.792,          29P    837
-0.0994471,11.0658,228.807,-0.0904084,11.0658,228.821,                29P    838
-0.0817315,11.0658,228.823,-0.0808871,11.0658,228.837,                29P    839
-0.0725854,11.0658,228.852,-0.0639089,11.0658,228.867,                29P    840
-0.0556038,11.0658,228.869,-0.0546155,11.0658,228.883,                29P    841
-0.0468839,11.0658,228.898,-0.0386985,11.0658,228.913,-0.030834,      29P    842
11.0658,228.915,-0.0297431,11.0658,228.929,-0.0225312,11.0658,        29P    843
228.945,-0.014746,11.0658,228.96,-0.00731937,11.0658,228.963,         29P    844
-0.00617593,11.0658,228.977,0.000539278,11.0658,228.993,              29P    845
0.00780144,11.0658,229.008,0.0146379,11.0658,229.011,0.0157809,       29P    846
11.0658,229.025,0.0219082,11.0658,229.041,0.0285436,11.0658,          29P    847
229.057,0.0347371,11.0658,229.06,0.0358208,11.0658,229.074,           29P    848
0.0413449,11.0658,229.091,0.0473187,11.0658,229.107,0.05287,          29P    849
11.0658,229.11,0.0538635,11.0658,229.124,0.0588328,11.0658,           29P    850
229.14,0.0640518,11.0658,229.157,0.0689829,11.0658,229.16,            29P    851
0.0698566,11.0658,229.175,0.0743595,11.0658,229.191,0.0791213,        29P    852
11.0658,229.208,0.0835324,11.0658,229.211,0.0842626,11.0658,          29P    853
229.226,0.0883377,11.0658,229.243,0.0924618,11.0658,229.26,           29P    854
0.0961071,11.0658,229.263,0.0966623,11.0658,229.276,0.0994694,        29P    855
11.0658,229.29,0.10226,11.0658,229.304,0.104778,11.0658,229.306,      29P    856
0.105184,11.0658,229.316,0.107094,11.0658,229.328,0.10903,            29P    857
11.0658,229.339,0.110807,11.0658,229.341,0.111119,11.0658,            29P    858
229.349,0.112417,11.0658,229.357,0.113672,11.0658,229.364,            29P    859
0.114779,11.0658,229.366,0.114974,11.0658,229.371,0.115793,           29P    860
11.0658,229.377,0.116472,11.0658,229.382,0.117164,11.0658,            29P    861
229.383,0.117249,11.0658,229.384,0.117377,11.0658,229.384,            29P    862
0.11741,11.0658,229.386,0.117629,11.0658,229.389,0.118813,            29P    863
11.0658,229.391,0.120912,11.0658,229.393,0.123349,11.0658,            29P    864
229.394,0.126106,11.0658,229.394,0.128502,11.0658,229.394,            29P    865
0.131145,11.0658,229.392,0.133873,11.0658,229.391,0.135986,           29P    866
11.0658,229.388,0.137912,11.0658,229.386,0.138875,11.0658,            29P    867
229.382,0.138931,11.0658,229.38,0.138952,11.0658,229.374,             29P    868
0.139015,11.0658,229.368,0.13904,11.0658,229.354,0.138989,            29P    869
11.0658,229.345,0.138834,11.0658,229.335,0.138608,11.0658,            29P    870
229.323,0.138299,11.0658,229.311,0.137842,11.0658,229.298,            29P    871
0.137124,11.0658,229.283,0.136202,11.0658,229.268,0.13489,            29P    872
11.0658,229.252,0.133308,11.0658,229.234,0.131408,11.0658,            29P    873
229.215,0.129126,11.0658,229.197,0.126389,11.0658,229.179,            29P    874
0.123632,11.0658,229.161,0.120417,11.0658,229.142,0.116748,           29P    875
11.0658,229.124,0.113044,11.0658,229.106,0.10889,11.0658,             29P    876
229.088,0.10433,11.0658,229.071,0.0997277,11.0658,229.053,            29P    877
0.0947165,11.0658,229.035,0.0893468,11.0658,229.018,0.0839024,        29P    878
11.0658,229.,0.0780489,11.0658,228.983,0.0718393,11.0658,             29P    879
228.966,0.0655352,11.0658,228.947,0.0580744,11.0658,228.915,          29P    880
0.0445619,11.0658,228.897,0.0358985,11.0658,228.866,0.0203516,        29P    881
11.0658,228.848,0.0106394,11.0658,228.818,-0.00718791,11.0658,        29P    882
228.802,-0.0180378,11.0658,228.773,-0.0378854,11.0658,228.757,        29P    883
-0.049383,11.0658,228.729,-0.0712708,11.0658,228.715,-0.0837171,      29P    884
11.0658,228.688,-0.107821,11.0658,228.675,-0.121035,11.0658,          29P    885
228.652,-0.144753,11.0658,228.633,-0.165028,11.0658,228.61,           29P    886
-0.193197,11.0658,228.593,-0.215138,11.0658,228.584,-0.227556,        29P    887
11.0658,228.581,-0.232546,11.0658,228.577,-0.224856,11.1725,          29P    888
228.576,-0.226323,11.1725,228.575,-0.228742,11.1725,228.576,          29P    889
-0.232335,11.1725,228.577,-0.234291,11.1725,228.579,-0.235809,        29P    890
11.1725,228.58,-0.236731,11.1725,228.582,-0.237252,11.1725,           29P    891
228.583,-0.237459,11.1725,228.584,-0.237417,11.1725,228.586,          29P    892
-0.237129,11.1725,228.586,-0.236784,11.1725,228.587,-0.236383,        29P    893
11.1725,228.588,-0.235986,11.1725,228.589,-0.235478,11.1725,          29P    894
228.589,-0.235261,11.1725,228.59,-0.234741,11.1725,228.59,            29P    895
-0.23443,11.1725,228.591,-0.233926,11.1725,228.591,-0.233732,         29P    896
11.1725,228.594,-0.231076,11.1725,228.598,-0.228526,11.1725,          29P    897
228.601,-0.225781,11.1725,228.602,-0.225169,11.1725,228.603,          29P    898
-0.224545,11.1725,228.61,-0.219635,11.1725,228.617,-0.214512,         29P    899
11.1725,228.623,-0.209583,11.1725,228.624,-0.208817,11.1725,          29P    900
228.634,-0.202122,11.1725,228.643,-0.195671,11.1725,228.651,          29P    901
-0.189571,11.1725,228.652,-0.188955,11.1725,228.664,-0.180746,        29P    902
11.1725,228.676,-0.17262,11.1725,228.688,-0.164563,11.1725,           29P    903
228.689,-0.163893,11.1725,228.703,-0.154286,11.1725,228.717,          29P    904
-0.14487,11.1725,228.732,-0.135636,11.1725,228.733,-0.135013,         29P    905
11.1725,228.747,-0.126008,11.1725,228.761,-0.117208,11.1725,          29P    906
228.776,-0.108435,11.1725,228.777,-0.107745,11.1725,228.791,          29P    907
-0.09909,11.1725,228.806,-0.0904941,11.1725,228.821,-0.0820569,       29P    908
11.1725,228.822,-0.0812342,11.1725,228.837,-0.0731345,11.1725,        29P    909
228.852,-0.0649694,11.1725,228.867,-0.0568193,11.1725,228.869,        29P    910
-0.0558448,11.1725,228.883,-0.0482317,11.1725,228.898,                29P    911
-0.0403157,11.1725,228.914,-0.0325345,11.1725,228.916,                29P    912
-0.0314515,11.1725,228.93,-0.0243059,11.1725,228.945,-0.0169227,      29P    913
11.1725,228.961,-0.00959365,11.1725,228.963,-0.00845726,11.1725,      29P    914
228.978,-0.00179272,11.1725,228.993,0.00524609,11.1725,229.009,       29P    915
0.0120765,11.1725,229.011,0.0132252,11.1725,229.026,0.0193666,        29P    916
11.1725,229.042,0.0257359,11.1725,229.058,0.0319032,11.1725,          29P    917
229.061,0.032991,11.1725,229.075,0.0385211,11.1725,229.091,           29P    918
0.0442963,11.1725,229.107,0.0498634,11.1725,229.11,0.0508679,         29P    919
11.1725,229.125,0.0558898,11.1725,229.141,0.0610955,11.1725,          29P    920
229.158,0.0660376,11.1725,229.161,0.0669144,11.1725,229.176,          29P    921
0.0714182,11.1725,229.192,0.0759384,11.1725,229.209,0.0802259,        29P    922
11.1725,229.212,0.0809394,11.1725,229.227,0.0849158,11.1725,          29P    923
229.244,0.0888278,11.1725,229.26,0.0925459,11.1725,229.263,           29P    924
0.0931191,11.1725,229.276,0.0960096,11.1725,229.29,0.0988228,         29P    925
11.1725,229.304,0.101446,11.1725,229.306,0.101871,11.1725,            29P    926
229.317,0.103853,11.1725,229.328,0.105687,11.1725,229.339,            29P    927
0.107451,11.1725,229.341,0.107763,11.1725,229.349,0.109054,           29P    928
11.1725,229.357,0.110257,11.1725,229.366,0.111454,11.1725,            29P    929
229.367,0.11167,11.1725,229.373,0.112467,11.1725,229.378,             29P    930
0.113147,11.1725,229.384,0.113806,11.1725,229.384,0.113885,           29P    931
11.1725,229.385,0.114031,11.1725,229.386,0.1141,11.1725,229.388,      29P    932
0.114381,11.1725,229.39,0.115192,11.1725,229.392,0.116821,            29P    933
11.1725,229.394,0.118898,11.1725,229.396,0.121958,11.1725,            29P    934
229.396,0.124774,11.1725,229.396,0.127756,11.1725,229.394,            29P    935
0.130493,11.1725,229.393,0.1325,11.1725,229.39,0.134345,11.1725,      29P    936
229.388,0.135319,11.1725,229.384,0.135424,11.1725,229.382,            29P    937
0.135465,11.1725,229.376,0.135601,11.1725,229.371,0.135691,           29P    938
11.1725,229.357,0.135803,11.1725,229.347,0.135761,11.1725,            29P    939
229.338,0.135605,11.1725,229.326,0.135377,11.1725,229.313,            29P    940
0.134944,11.1725,229.301,0.13436,11.1725,229.285,0.133621,            29P    941
11.1725,229.27,0.132633,11.1725,229.254,0.131248,11.1725,             29P    942
229.236,0.129554,11.1725,229.218,0.127311,11.1725,229.199,            29P    943
0.124711,11.1725,229.181,0.122103,11.1725,229.163,0.119122,           29P    944
11.1725,229.145,0.115639,11.1725,229.127,0.112113,11.1725,            29P    945
229.109,0.108097,11.1725,229.091,0.103707,11.1725,229.073,            29P    946
0.099279,11.1725,229.055,0.0944671,11.1725,229.038,0.0892764,         29P    947
11.1725,229.02,0.0840083,11.1725,229.003,0.0783091,11.1725,           29P    948
228.985,0.0722362,11.1725,228.968,0.0660671,11.1725,228.949,          29P    949
0.0587482,11.1725,228.917,0.0456091,11.1725,228.898,0.0372284,        29P    950
11.1725,228.868,0.0220047,11.1725,228.85,0.0124221,11.1725,           29P    951
228.82,-0.0048848,11.1725,228.803,-0.0152969,11.1725,228.774,         29P    952
-0.0346638,11.1725,228.758,-0.0460339,11.1725,228.73,-0.0674419,      29P    953
11.1725,228.715,-0.0794972,11.1725,228.688,-0.102823,11.1725,         29P    954
228.674,-0.115606,11.1725,228.65,-0.138851,11.1725,228.632,           29P    955
-0.158914,11.1725,228.608,-0.186232,11.1725,228.59,-0.207776,         29P    956
11.1725,228.581,-0.219958,11.1725,228.577,-0.224856,11.1725,          29P    957
228.576,-0.221448,11.3088,228.575,-0.222962,11.3088,228.574,          29P    958
-0.224901,11.3088,228.574,-0.2282,11.3088,228.575,-0.230193,          29P    959
11.3088,228.576,-0.231849,11.3088,228.577,-0.233147,11.3088,          29P    960
228.579,-0.234169,11.3088,228.581,-0.234532,11.3088,228.582,          29P    961
-0.234586,11.3088,228.584,-0.234445,11.3088,228.584,-0.234271,        29P    962
11.3088,228.585,-0.234087,11.3088,228.585,-0.234009,11.3088,          29P    963
228.586,-0.233684,11.3088,228.586,-0.233518,11.3088,228.587,          29P    964
-0.233003,11.3088,228.587,-0.232693,11.3088,228.588,-0.23219,         29P    965
11.3088,228.588,-0.231995,11.3088,228.592,-0.229311,11.3088,          29P    966
228.596,-0.226546,11.3088,228.6,-0.223477,11.3088,228.601,            29P    967
-0.222887,11.3088,228.602,-0.222289,11.3088,228.609,-0.217621,        29P    968
11.3088,228.615,-0.213108,11.3088,228.622,-0.208582,11.3088,          29P    969
228.623,-0.207842,11.3088,228.632,-0.201349,11.3088,228.641,          29P    970
-0.194911,11.3088,228.651,-0.188335,11.3088,228.652,-0.187739,        29P    971
11.3088,228.664,-0.179724,11.3088,228.676,-0.171764,11.3088,          29P    972
228.688,-0.163939,11.3088,228.689,-0.16329,11.3088,228.703,           29P    973
-0.153979,11.3088,228.718,-0.144797,11.3088,228.733,-0.135758,        29P    974
11.3088,228.734,-0.135154,11.3088,228.748,-0.126414,11.3088,          29P    975
228.763,-0.117768,11.3088,228.777,-0.109371,11.3088,228.778,          29P    976
-0.108712,11.3088,228.792,-0.100214,11.3088,228.807,-0.0916302,       29P    977
11.3088,228.822,-0.0831472,11.3088,228.824,-0.0823196,11.3088,        29P    978
228.838,-0.0742987,11.3088,228.853,-0.0661298,11.3088,228.869,        29P    979
-0.0581177,11.3088,228.87,-0.0571615,11.3088,228.885,-0.0496786,      29P    980
11.3088,228.9,-0.0418787,11.3088,228.915,-0.0341289,11.3088,          29P    981
228.918,-0.0330488,11.3088,228.932,-0.0259353,11.3088,228.947,        29P    982
-0.0183645,11.3088,228.963,-0.0110034,11.3088,228.965,                29P    983
-0.00986636,11.3088,228.979,-0.00320724,11.3088,228.995,              29P    984
0.00379841,11.3088,229.011,0.0106007,11.3088,229.014,0.0117449,       29P    985
11.3088,229.028,0.0178703,11.3088,229.044,0.0244239,11.3088,          29P    986
229.06,0.0306837,11.3088,229.063,0.0317841,11.3088,229.077,           29P    987
0.0373863,11.3088,229.093,0.0432615,11.3088,229.109,0.0488587,        29P    988
11.3088,229.112,0.0498662,11.3088,229.127,0.0548913,11.3088,          29P    989
229.143,0.0601139,11.3088,229.16,0.0651372,11.3088,229.163,           29P    990
0.0660306,11.3088,229.178,0.0706205,11.3088,229.194,0.0753809,        29P    991
11.3088,229.211,0.0798141,11.3088,229.214,0.0805489,11.3088,          29P    992
229.229,0.0846275,11.3088,229.246,0.0885853,11.3088,229.262,          29P    993
0.0923396,11.3088,229.265,0.0929183,11.3088,229.278,0.0958505,        29P    994
11.3088,229.292,0.0988026,11.3088,229.306,0.101511,11.3088,           29P    995
229.308,0.101949,11.3088,229.319,0.103985,11.3088,229.33,             29P    996
0.10589,11.3088,229.341,0.107729,11.3088,229.343,0.108055,            29P    997
11.3088,229.351,0.109406,11.3088,229.359,0.110706,11.3088,            29P    998
229.367,0.111975,11.3088,229.369,0.112202,11.3088,229.375,            29P    999
0.113087,11.3088,229.38,0.113843,11.3088,229.385,0.114584,            29P   1000
11.3088,229.386,0.114682,11.3088,229.387,0.114884,11.3088,            29P   1001
229.388,0.114984,11.3088,229.39,0.11529,11.3088,229.392,0.11592,      29P   1002
11.3088,229.394,0.117367,11.3088,229.396,0.119379,11.3088,            29P   1003
229.397,0.121797,11.3088,229.398,0.124302,11.3088,229.398,            29P   1004
0.127149,11.3088,229.397,0.130275,11.3088,229.395,0.132664,           29P   1005
11.3088,229.392,0.134826,11.3088,229.39,0.135869,11.3088,             29P   1006
229.386,0.135956,11.3088,229.384,0.135991,11.3088,229.378,            29P   1007
0.136109,11.3088,229.372,0.136196,11.3088,229.359,0.13637,            29P   1008
11.3088,229.349,0.136433,11.3088,229.339,0.136339,11.3088,            29P   1009
229.327,0.136184,11.3088,229.315,0.135752,11.3088,229.302,            29P   1010
0.135145,11.3088,229.287,0.134375,11.3088,229.272,0.133332,           29P   1011
11.3088,229.256,0.131993,11.3088,229.238,0.13037,11.3088,             29P   1012
229.219,0.128313,11.3088,229.201,0.12572,11.3088,229.183,             29P   1013
0.123094,11.3088,229.164,0.119953,11.3088,229.146,0.116479,           29P   1014
11.3088,229.128,0.112986,11.3088,229.11,0.109148,11.3088,             29P   1015
229.092,0.104841,11.3088,229.074,0.100479,11.3088,229.056,            29P   1016
0.0956452,11.3088,229.039,0.0904444,11.3088,229.021,0.085168,         29P   1017
11.3088,229.004,0.0794742,11.3088,228.986,0.0734213,11.3088,          29P   1018
228.969,0.0672749,11.3088,228.95,0.0599975,11.3088,228.918,           29P   1019
0.0469248,11.3088,228.899,0.0385874,11.3088,228.868,0.0235051,        29P   1020
11.3088,228.851,0.0140331,11.3088,228.82,-0.00321218,11.3088,         29P   1021
228.803,-0.0136444,11.3088,228.774,-0.0328388,11.3088,228.758,        29P   1022
-0.0440118,11.3088,228.73,-0.0652368,11.3088,228.715,-0.0772829,      29P   1023
11.3088,228.688,-0.100584,11.3088,228.674,-0.113343,11.3088,          29P   1024
228.65,-0.136265,11.3088,228.631,-0.155872,11.3088,228.607,           29P   1025
-0.183248,11.3088,228.589,-0.204514,11.3088,228.58,-0.216605,         29P   1026
11.3088,228.576,-0.221448,11.3088,228.58,-0.230295,11.4451,           29P   1027
228.579,-0.231804,11.4451,228.578,-0.233977,11.4451,228.578,          29P   1028
-0.237472,11.4451,228.579,-0.239537,11.4451,228.581,-0.241134,        29P   1029
11.4451,228.582,-0.242191,11.4451,228.583,-0.242926,11.4451,          29P   1030
228.585,-0.243374,11.4451,228.586,-0.243562,11.4451,228.587,          29P   1031
-0.24349,11.4451,228.588,-0.243266,11.4451,228.589,-0.242971,         29P   1032
11.4451,228.59,-0.242781,11.4451,228.591,-0.242347,11.4451,           29P   1033
228.591,-0.24209,11.4451,228.592,-0.241588,11.4451,228.592,           29P   1034
-0.241282,11.4451,228.593,-0.240773,11.4451,228.593,-0.240577,        29P   1035
11.4451,228.597,-0.237879,11.4451,228.6,-0.235241,11.4451,            29P   1036
228.604,-0.232431,11.4451,228.605,-0.231815,11.4451,228.606,          29P   1037
-0.231195,11.4451,228.612,-0.226345,11.4451,228.619,-0.221482,        29P   1038
11.4451,228.626,-0.21641,11.4451,228.627,-0.21565,11.4451,            29P   1039
228.636,-0.20899,11.4451,228.646,-0.202488,11.4451,228.655,           29P   1040
-0.196032,11.4451,228.656,-0.195392,11.4451,228.668,-0.18722,         29P   1041
11.4451,228.68,-0.179109,11.4451,228.691,-0.171315,11.4451,           29P   1042
228.692,-0.170647,11.4451,228.707,-0.161067,11.4451,228.721,          29P   1043
-0.151587,11.4451,228.735,-0.142487,11.4451,228.736,-0.141859,        29P   1044
11.4451,228.751,-0.132766,11.4451,228.765,-0.123772,11.4451,          29P   1045
228.78,-0.114651,11.4451,228.781,-0.113933,11.4451,228.795,           29P   1046
-0.105113,11.4451,228.81,-0.0962854,11.4451,228.825,-0.0876039,       29P   1047
11.4451,228.826,-0.0867572,11.4451,228.841,-0.0784506,11.4451,        29P   1048
228.856,-0.0699855,11.4451,228.871,-0.0616037,11.4451,228.873,        29P   1049
-0.0606024,11.4451,228.887,-0.0527618,11.4451,228.902,                29P   1050
-0.0445635,11.4451,228.917,-0.0364454,11.4451,228.919,                29P   1051
-0.0353145,11.4451,228.934,-0.0278662,11.4451,228.949,                29P   1052
-0.0199798,11.4451,228.964,-0.0122379,11.4451,228.967,                29P   1053
-0.0110401,11.4451,228.981,-0.00399926,11.4451,228.996,               29P   1054
0.00333527,11.4451,229.012,0.0105443,11.4451,229.014,0.0117597,       29P   1055
11.4451,229.029,0.0183273,11.4451,229.044,0.0252894,11.4451,          29P   1056
229.06,0.0319693,11.4451,229.063,0.0331449,11.4451,229.077,           29P   1057
0.0391523,11.4451,229.093,0.0454657,11.4451,229.109,0.0515426,        29P   1058
11.4451,229.112,0.0526385,11.4451,229.127,0.0581393,11.4451,          29P   1059
229.143,0.0639131,11.4451,229.16,0.0693688,11.4451,229.162,           29P   1060
0.0703356,11.4451,229.178,0.0753104,11.4451,229.194,0.0803224,        29P   1061
11.4451,229.21,0.0851654,11.4451,229.213,0.0859738,11.4451,           29P   1062
229.229,0.0904962,11.4451,229.245,0.0951168,11.4451,229.262,          29P   1063
0.0994781,11.4451,229.265,0.100149,11.4451,229.278,0.103559,          29P   1064
11.4451,229.291,0.106909,11.4451,229.305,0.110039,11.4451,            29P   1065
229.308,0.110546,11.4451,229.318,0.112926,11.4451,229.329,            29P   1066
0.115192,11.4451,229.34,0.117387,11.4451,229.342,0.117776,            29P   1067
11.4451,229.35,0.119392,11.4451,229.358,0.120924,11.4451,             29P   1068
229.367,0.122453,11.4451,229.368,0.122729,11.4451,229.374,            29P   1069
0.123755,11.4451,229.38,0.124665,11.4451,229.385,0.125524,            29P   1070
11.4451,229.385,0.125597,11.4451,229.386,0.125752,11.4451,            29P   1071
229.387,0.12584,11.4451,229.389,0.126173,11.4451,229.392,             29P   1072
0.127404,11.4451,229.394,0.129477,11.4451,229.396,0.131807,           29P   1073
11.4451,229.397,0.134374,11.4451,229.397,0.137135,11.4451,            29P   1074
229.396,0.140413,11.4451,229.395,0.142843,11.4451,229.393,            29P   1075
0.144775,11.4451,229.391,0.146495,11.4451,229.389,0.147253,           29P   1076
11.4451,229.385,0.147299,11.4451,229.383,0.147314,11.4451,            29P   1077
229.377,0.147346,11.4451,229.371,0.14734,11.4451,229.357,             29P   1078
0.147232,11.4451,229.348,0.147044,11.4451,229.338,0.146716,           29P   1079
11.4451,229.326,0.146261,11.4451,229.314,0.145559,11.4451,            29P   1080
229.301,0.144692,11.4451,229.285,0.143607,11.4451,229.27,             29P   1081
0.142267,11.4451,229.254,0.140555,11.4451,229.236,0.138483,           29P   1082
11.4451,229.218,0.135901,11.4451,229.199,0.132922,11.4451,            29P   1083
229.181,0.129936,11.4451,229.163,0.126542,11.4451,229.144,            29P   1084
0.122635,11.4451,229.126,0.118686,11.4451,229.108,0.114243,           29P   1085
11.4451,229.09,0.109441,11.4451,229.072,0.104606,11.4451,             29P   1086
229.055,0.0994066,11.4451,229.037,0.0938266,11.4451,229.02,           29P   1087
0.088168,11.4451,229.002,0.0820812,11.4451,228.985,0.0756523,         29P   1088
11.4451,228.967,0.0691293,11.4451,228.949,0.0614411,11.4451,          29P   1089
228.917,0.0476162,11.4451,228.898,0.0388028,11.4451,228.868,          29P   1090
0.0230021,11.4451,228.85,0.0131478,11.4451,228.82,-0.00481054,        29P   1091
11.4451,228.803,-0.0156816,11.4451,228.774,-0.0356612,11.4451,        29P   1092
228.758,-0.0472768,11.4451,228.73,-0.0692661,11.4451,228.716,         29P   1093
-0.0817064,11.4451,228.689,-0.10572,11.4451,228.675,-0.118847,        29P   1094
11.4451,228.652,-0.142546,11.4451,228.633,-0.162887,11.4451,          29P   1095
228.609,-0.190733,11.4451,228.593,-0.212926,11.4451,228.583,          29P   1096
-0.225317,11.4451,228.58,-0.230295,11.4451,228.589,-0.249877,         29P   1097
11.5836,228.588,-0.251651,11.5836,228.587,-0.253849,11.5836,          29P   1098
228.588,-0.257375,11.5836,228.589,-0.259315,11.5836,228.59,           29P   1099
-0.260787,11.5836,228.591,-0.2618,11.5836,228.593,-0.262531,          29P   1100
11.5836,228.594,-0.262941,11.5836,228.596,-0.263089,11.5836,          29P   1101
228.597,-0.263016,11.5836,228.598,-0.262827,11.5836,228.599,          29P   1102
-0.262584,11.5836,228.599,-0.262425,11.5836,228.601,-0.261883,        29P   1103
11.5836,228.601,-0.261442,11.5836,228.602,-0.260842,11.5836,          29P   1104
228.602,-0.260494,11.5836,228.603,-0.259958,11.5836,228.603,          29P   1105
-0.259752,11.5836,228.607,-0.256937,11.5836,228.61,-0.254288,         29P   1106
11.5836,228.614,-0.251431,11.5836,228.614,-0.250794,11.5836,          29P   1107
228.615,-0.250138,11.5836,228.622,-0.244987,11.5836,228.628,          29P   1108
-0.239854,11.5836,228.635,-0.234689,11.5836,228.636,-0.233872,        29P   1109
11.5836,228.645,-0.226727,11.5836,228.654,-0.219686,11.5836,          29P   1110
228.663,-0.212801,11.5836,228.663,-0.212191,11.5836,228.675,          29P   1111
-0.203372,11.5836,228.687,-0.194652,11.5836,228.699,-0.18562,         29P   1112
11.5836,228.7,-0.184899,11.5836,228.714,-0.174554,11.5836,            29P   1113
228.728,-0.164264,11.5836,228.742,-0.154162,11.5836,228.743,          29P   1114
-0.153483,11.5836,228.757,-0.143665,11.5836,228.771,-0.134003,        29P   1115
11.5836,228.785,-0.124619,11.5836,228.786,-0.123882,11.5836,          29P   1116
228.8,-0.11434,11.5836,228.815,-0.104714,11.5836,228.829,             29P   1117
-0.0951966,11.5836,228.831,-0.0942681,11.5836,228.845,                29P   1118
-0.0851877,11.5836,228.859,-0.0759394,11.5836,228.874,                29P   1119
-0.0667589,11.5836,228.876,-0.0656619,11.5836,228.89,-0.057069,       29P   1120
11.5836,228.905,-0.0480749,11.5836,228.92,-0.0391872,11.5836,         29P   1121
228.922,-0.0379494,11.5836,228.936,-0.0297225,11.5836,228.951,        29P   1122
-0.0211051,11.5836,228.966,-0.0125506,11.5836,228.968,                29P   1123
-0.0112246,11.5836,228.982,-0.00342502,11.5836,228.998,               29P   1124
0.00512009,11.5836,229.013,0.0132777,11.5836,229.016,0.0146445,       29P   1125
11.5836,229.03,0.021893,11.5836,229.046,0.0295325,11.5836,            29P   1126
229.061,0.036987,11.5836,229.064,0.0383032,11.5836,229.078,           29P   1127
0.0449963,11.5836,229.094,0.0521221,11.5836,229.11,0.0590334,         29P   1128
11.5836,229.113,0.0602812,11.5836,229.128,0.0665162,11.5836,          29P   1129
229.144,0.0730672,11.5836,229.16,0.0794078,11.5836,229.163,           29P   1130
0.0805364,11.5836,229.178,0.0863416,11.5836,229.194,0.0923589,        29P   1131
11.5836,229.21,0.0981253,11.5836,229.213,0.0990858,11.5836,           29P   1132
229.228,0.104439,11.5836,229.245,0.109796,11.5836,229.261,            29P   1133
0.114858,11.5836,229.264,0.115638,11.5836,229.277,0.11957,            29P   1134
11.5836,229.291,0.123446,11.5836,229.305,0.127265,11.5836,            29P   1135
229.307,0.127889,11.5836,229.318,0.130822,11.5836,229.329,            29P   1136
0.133747,11.5836,229.34,0.13652,11.5836,229.342,0.137009,             29P   1137
11.5836,229.35,0.13903,11.5836,229.358,0.140913,11.5836,229.366,      29P   1138
0.142766,11.5836,229.367,0.143099,11.5836,229.373,0.144419,           29P   1139
11.5836,229.378,0.145523,11.5836,229.384,0.146795,11.5836,            29P   1140
229.385,0.147001,11.5836,229.386,0.147231,11.5836,229.386,            29P   1141
0.147247,11.5836,229.388,0.147768,11.5836,229.39,0.149023,            29P   1142
11.5836,229.392,0.151195,11.5836,229.393,0.15372,11.5836,             29P   1143
229.394,0.156507,11.5836,229.394,0.159247,11.5836,229.393,            29P   1144
0.162373,11.5836,229.392,0.165129,11.5836,229.39,0.166978,            29P   1145
11.5836,229.387,0.168622,11.5836,229.385,0.16932,11.5836,             29P   1146
229.381,0.169181,11.5836,229.379,0.169119,11.5836,229.373,            29P   1147
0.168887,11.5836,229.367,0.168635,11.5836,229.353,0.167865,           29P   1148
11.5836,229.344,0.16716,11.5836,229.334,0.166413,11.5836,             29P   1149
229.322,0.165435,11.5836,229.309,0.164341,11.5836,229.296,            29P   1150
0.162955,11.5836,229.281,0.161219,11.5836,229.265,0.159067,           29P   1151
11.5836,229.25,0.156611,11.5836,229.231,0.15368,11.5836,229.213,      29P   1152
0.150342,11.5836,229.194,0.146529,11.5836,229.176,0.142711,           29P   1153
11.5836,229.158,0.138431,11.5836,229.139,0.133702,11.5836,            29P   1154
229.121,0.12895,11.5836,229.103,0.123766,11.5836,229.085,             29P   1155
0.118173,11.5836,229.068,0.112542,11.5836,229.05,0.106496,            29P   1156
11.5836,229.033,0.100025,11.5836,229.015,0.0934662,11.5836,           29P   1157
228.998,0.086444,11.5836,228.981,0.0791346,11.5836,228.963,           29P   1158
0.0717361,11.5836,228.945,0.0631422,11.5836,228.913,0.047724,         29P   1159
11.5836,228.895,0.037917,11.5836,228.865,0.020388,11.5836,            29P   1160
228.847,0.00950174,11.5836,228.818,-0.0100513,11.5836,228.802,        29P   1161
-0.0217498,11.5836,228.773,-0.0433261,11.5836,228.758,                29P   1162
-0.0558997,11.5836,228.731,-0.0795145,11.5836,228.717,                29P   1163
-0.0927811,11.5836,228.692,-0.118391,11.5836,228.678,-0.132387,       29P   1164
11.5836,228.656,-0.157478,11.5836,228.638,-0.178906,11.5836,          29P   1165
228.617,-0.208636,11.5836,228.6,-0.231495,11.5836,228.592,            29P   1166
-0.244578,11.5836,228.589,-0.249877,11.5836,228.599,-0.269838,        29P   1167
11.686,228.598,-0.271259,11.686,228.597,-0.273397,11.686,             29P   1168
228.598,-0.276872,11.686,228.599,-0.279208,11.686,228.6,              29P   1169
-0.280894,11.686,228.602,-0.281988,11.686,228.603,-0.282728,          29P   1170
11.686,228.605,-0.283197,11.686,228.606,-0.283323,11.686,             29P   1171
228.607,-0.283198,11.686,228.608,-0.282999,11.686,228.609,            29P   1172
-0.282779,11.686,228.609,-0.282607,11.686,228.61,-0.282291,           29P   1173
11.686,228.61,-0.282174,11.686,228.611,-0.281736,11.686,228.612,      29P   1174
-0.281436,11.686,228.612,-0.280848,11.686,228.612,-0.28062,           29P   1175
11.686,228.616,-0.277475,11.686,228.619,-0.274282,11.686,             29P   1176
228.623,-0.270873,11.686,228.624,-0.269836,11.686,228.625,            29P   1177
-0.269125,11.686,228.631,-0.263585,11.686,228.638,-0.258093,          29P   1178
11.686,228.644,-0.25286,11.686,228.645,-0.251994,11.686,228.653,      29P   1179
-0.24438,11.686,228.662,-0.236921,11.686,228.671,-0.229547,           29P   1180
11.686,228.672,-0.228644,11.686,228.683,-0.219229,11.686,             29P   1181
228.694,-0.209824,11.686,228.705,-0.200869,11.686,228.706,            29P   1182
-0.200096,11.686,228.72,-0.188999,11.686,228.734,-0.177946,           29P   1183
11.686,228.748,-0.167141,11.686,228.749,-0.166413,11.686,             29P   1184
228.762,-0.155835,11.686,228.776,-0.145358,11.686,228.79,             29P   1185
-0.134788,11.686,228.791,-0.133956,11.686,228.805,-0.123636,          29P   1186
11.686,228.819,-0.113268,11.686,228.833,-0.10301,11.686,228.835,      29P   1187
-0.10201,11.686,228.848,-0.0921946,11.686,228.863,-0.0820585,         29P   1188
11.686,228.877,-0.0721419,11.686,228.879,-0.0709589,11.686,           29P   1189
228.892,-0.0615916,11.686,228.907,-0.0517635,11.686,228.921,          29P   1190
-0.0420798,11.686,228.924,-0.0407318,11.686,228.937,-0.0318765,       29P   1191
11.686,228.952,-0.0222479,11.686,228.967,-0.0127913,11.686,           29P   1192
228.969,-0.0113287,11.686,228.983,-0.00276869,11.686,228.998,         29P   1193
0.00629869,11.686,229.013,0.015181,11.686,229.015,0.0166771,          29P   1194
11.686,229.029,0.0247227,11.686,229.044,0.0331558,11.686,229.06,      29P   1195
0.0414495,11.686,229.063,0.0429161,11.686,229.077,0.0503985,          29P   1196
11.686,229.092,0.0583704,11.686,229.108,0.0661374,11.686,             29P   1197
229.111,0.0675407,11.686,229.125,0.0745713,11.686,229.141,            29P   1198
0.0819417,11.686,229.157,0.0891133,11.686,229.16,0.0903912,           29P   1199
11.686,229.175,0.0969735,11.686,229.19,0.103749,11.686,229.207,       29P   1200
0.110304,11.686,229.209,0.111398,11.686,229.225,0.11751,11.686,       29P   1201
229.241,0.123618,11.686,229.257,0.129641,11.686,229.26,0.130575,      29P   1202
11.686,229.273,0.135301,11.686,229.286,0.140079,11.686,229.3,         29P   1203
0.144647,11.686,229.302,0.145389,11.686,229.313,0.148857,11.686,      29P   1204
229.324,0.152193,11.686,229.335,0.155496,11.686,229.337,              29P   1205
0.156083,11.686,229.345,0.158523,11.686,229.353,0.160858,11.686,      29P   1206
229.361,0.163162,11.686,229.363,0.163576,11.686,229.368,              29P   1207
0.165188,11.686,229.374,0.166709,11.686,229.379,0.168021,11.686,      29P   1208
229.379,0.168035,11.686,229.38,0.168245,11.686,229.381,0.168552,      29P   1209
11.686,229.384,0.169957,11.686,229.386,0.171726,11.686,229.387,       29P   1210
0.17427,11.686,229.389,0.176794,11.686,229.389,0.17973,11.686,        29P   1211
229.388,0.182446,11.686,229.388,0.185122,11.686,229.386,              29P   1212
0.187694,11.686,229.384,0.189441,11.686,229.381,0.190977,11.686,      29P   1213
229.379,0.191573,11.686,229.375,0.191344,11.686,229.373,              29P   1214
0.191225,11.686,229.367,0.190736,11.686,229.361,0.190235,11.686,      29P   1215
229.347,0.188898,11.686,229.337,0.187821,11.686,229.327,              29P   1216
0.186588,11.686,229.315,0.184958,11.686,229.303,0.183057,11.686,      29P   1217
229.29,0.181012,11.686,229.274,0.178506,11.686,229.259,0.175816,      29P   1218
11.686,229.243,0.172701,11.686,229.225,0.168977,11.686,229.206,       29P   1219
0.164698,11.686,229.188,0.159962,11.686,229.17,0.155241,11.686,       29P   1220
229.151,0.150085,11.686,229.133,0.14445,11.686,229.115,0.138795,      29P   1221
11.686,229.098,0.132687,11.686,229.08,0.126167,11.686,229.062,        29P   1222
0.119614,11.686,229.045,0.112667,11.686,229.027,0.105392,11.686,      29P   1223
229.01,0.0980415,11.686,228.993,0.0903023,11.686,228.976,             29P   1224
0.0821853,11.686,228.959,0.0739541,11.686,228.941,0.0643075,          29P   1225
11.686,228.91,0.0472708,11.686,228.892,0.0365745,11.686,228.863,      29P   1226
0.0175463,11.686,228.846,0.00577055,11.686,228.817,-0.0154332,        29P   1227
11.686,228.801,-0.0281325,11.686,228.774,-0.0513159,11.686,           29P   1228
228.759,-0.0647102,11.686,228.733,-0.0899473,11.686,228.719,          29P   1229
-0.104157,11.686,228.695,-0.131315,11.686,228.682,-0.146025,          29P   1230
11.686,228.661,-0.172603,11.686,228.645,-0.195422,11.686,             29P   1231
228.624,-0.226558,11.686,228.609,-0.250732,11.686,228.602,            29P   1232
-0.264382,11.686,228.599,-0.269838,11.686,228.617,-0.298334,          29P   1233
11.7977,228.616,-0.299947,11.7977,228.616,-0.302176,11.7977,          29P   1234
228.616,-0.30565,11.7977,228.618,-0.307904,11.7977,228.619,           29P   1235
-0.309372,11.7977,228.621,-0.310292,11.7977,228.622,-0.31088,         29P   1236
11.7977,228.624,-0.311217,11.7977,228.625,-0.311239,11.7977,          29P   1237
228.627,-0.311036,11.7977,228.628,-0.310818,11.7977,228.628,          29P   1238
-0.310599,11.7977,228.629,-0.310419,11.7977,228.63,-0.310025,         29P   1239
11.7977,228.63,-0.309817,11.7977,228.631,-0.309231,11.7977,           29P   1240
228.631,-0.308798,11.7977,228.632,-0.308159,11.7977,228.632,          29P   1241
-0.307915,11.7977,228.635,-0.304588,11.7977,228.639,-0.301342,        29P   1242
11.7977,228.642,-0.297848,11.7977,228.643,-0.297214,11.7977,          29P   1243
228.643,-0.296465,11.7977,228.649,-0.290473,11.7977,228.655,          29P   1244
-0.284464,11.7977,228.661,-0.278271,11.7977,228.662,-0.277306,        29P   1245
11.7977,228.67,-0.268972,11.7977,228.679,-0.260779,11.7977,           29P   1246
228.687,-0.252767,11.7977,228.688,-0.251936,11.7977,228.698,          29P   1247
-0.241645,11.7977,228.709,-0.231422,11.7977,228.72,-0.220945,         29P   1248
11.7977,228.721,-0.2201,11.7977,228.734,-0.207949,11.7977,            29P   1249
228.747,-0.196139,11.7977,228.76,-0.184089,11.7977,228.761,           29P   1250
-0.183279,11.7977,228.774,-0.171665,11.7977,228.787,-0.159986,        29P   1251
11.7977,228.8,-0.148579,11.7977,228.801,-0.147682,11.7977,            29P   1252
228.815,-0.136321,11.7977,228.828,-0.124999,11.7977,228.841,          29P   1253
-0.113661,11.7977,228.843,-0.112554,11.7977,228.856,-0.101663,        29P   1254
11.7977,228.869,-0.0906208,11.7977,228.883,-0.079437,11.7977,         29P   1255
228.885,-0.0780977,11.7977,228.898,-0.0676668,11.7977,228.912,        29P   1256
-0.0568197,11.7977,228.926,-0.0459093,11.7977,228.928,-0.044386,      29P   1257
11.7977,228.941,-0.0340555,11.7977,228.955,-0.0233549,11.7977,        29P   1258
228.969,-0.0127759,11.7977,228.972,-0.0111367,11.7977,228.985,        29P   1259
-0.00156984,11.7977,228.999,0.00877188,11.7977,229.014,               29P   1260
0.0189489,11.7977,229.016,0.0206636,11.7977,229.029,0.0297535,        29P   1261
11.7977,229.044,0.039598,11.7977,229.059,0.0492202,11.7977,           29P   1262
229.061,0.0509184,11.7977,229.075,0.0595237,11.7977,229.09,           29P   1263
0.0687596,11.7977,229.105,0.0778288,11.7977,229.108,0.0794695,        29P   1264
11.7977,229.122,0.0876552,11.7977,229.137,0.096432,11.7977,           29P   1265
229.153,0.104999,11.7977,229.155,0.106526,11.7977,229.17,             29P   1266
0.114367,11.7977,229.185,0.122598,11.7977,229.201,0.130666,           29P   1267
11.7977,229.204,0.132015,11.7977,229.219,0.139519,11.7977,            29P   1268
229.234,0.147293,11.7977,229.25,0.154789,11.7977,229.253,             29P   1269
0.155946,11.7977,229.266,0.161803,11.7977,229.279,0.167688,           29P   1270
11.7977,229.292,0.17352,11.7977,229.295,0.174473,11.7977,             29P   1271
229.305,0.178983,11.7977,229.316,0.183479,11.7977,229.326,            29P   1272
0.187904,11.7977,229.328,0.188689,11.7977,229.336,0.191952,           29P   1273
11.7977,229.344,0.195088,11.7977,229.352,0.198184,11.7977,            29P   1274
229.354,0.198741,11.7977,229.359,0.20095,11.7977,229.364,             29P   1275
0.202845,11.7977,229.37,0.204898,11.7977,229.371,0.205234,            29P   1276
11.7977,229.371,0.205787,11.7977,229.371,0.205924,11.7977,            29P   1277
229.373,0.207163,11.7977,229.375,0.208998,11.7977,229.376,            29P   1278
0.211648,11.7977,229.377,0.214683,11.7977,229.377,0.217656,           29P   1279
11.7977,229.376,0.220335,11.7977,229.375,0.223326,11.7977,            29P   1280
229.373,0.225722,11.7977,229.371,0.227467,11.7977,229.368,            29P   1281
0.228973,11.7977,229.365,0.229435,11.7977,229.361,0.228512,           29P   1282
11.7977,229.359,0.228152,11.7977,229.353,0.226985,11.7977,            29P   1283
229.347,0.225928,11.7977,229.334,0.223241,11.7977,229.324,            29P   1284
0.221234,11.7977,229.315,0.219194,11.7977,229.303,0.216539,           29P   1285
11.7977,229.29,0.213729,11.7977,229.277,0.210565,11.7977,             29P   1286
229.262,0.20666,11.7977,229.247,0.202307,11.7977,229.231,             29P   1287
0.197692,11.7977,229.213,0.192243,11.7977,229.195,0.186504,           29P   1288
11.7977,229.176,0.180203,11.7977,229.158,0.173926,11.7977,            29P   1289
229.141,0.167138,11.7977,229.123,0.159984,11.7977,229.105,            29P   1290
0.152845,11.7977,229.088,0.145373,11.7977,229.07,0.13742,             29P   1291
11.7977,229.053,0.12943,11.7977,229.036,0.120988,11.7977,             29P   1292
229.019,0.112226,11.7977,229.002,0.103386,11.7977,228.985,            29P   1293
0.0941675,11.7977,228.969,0.0845344,11.7977,228.952,0.0747957,        29P   1294
11.7977,228.934,0.0635971,11.7977,228.904,0.0439831,11.7977,          29P   1295
228.887,0.0317751,11.7977,228.858,0.0103128,11.7977,228.842,          29P   1296
-0.00282237,11.7977,228.815,-0.0261836,11.7977,228.8,-0.0400339,      29P   1297
11.7977,228.775,-0.0654076,11.7977,228.761,-0.0800935,11.7977,        29P   1298
228.737,-0.107343,11.7977,228.724,-0.122482,11.7977,228.702,          29P   1299
-0.151581,11.7977,228.69,-0.167421,11.7977,228.672,-0.195677,         29P   1300
11.7977,228.657,-0.21974,11.7977,228.638,-0.252549,11.7977,           29P   1301
228.626,-0.278064,11.7977,228.619,-0.292485,11.7977,228.617,          29P   1302
-0.298334,11.7977,228.631,-0.331341,11.8671,228.63,-0.333021,         29P   1303
11.8671,228.63,-0.335355,11.8671,228.631,-0.338872,11.8671,           29P   1304
228.632,-0.340978,11.8671,228.634,-0.342465,11.8671,228.636,          29P   1305
-0.343423,11.8671,228.637,-0.344017,11.8671,228.639,-0.344319,        29P   1306
11.8671,228.641,-0.344345,11.8671,228.642,-0.344146,11.8671,          29P   1307
228.643,-0.343892,11.8671,228.644,-0.343608,11.8671,228.644,          29P   1308
-0.343412,11.8671,228.645,-0.343006,11.8671,228.645,-0.342809,        29P   1309
11.8671,228.646,-0.342236,11.8671,228.647,-0.341828,11.8671,          29P   1310
228.647,-0.341167,11.8671,228.647,-0.340906,11.8671,228.65,           29P   1311
-0.337232,11.8671,228.654,-0.333589,11.8671,228.657,-0.329675,        29P   1312
11.8671,228.657,-0.328908,11.8671,228.658,-0.328017,11.8671,          29P   1313
228.664,-0.321426,11.8671,228.669,-0.314819,11.8671,228.675,          29P   1314
-0.308136,11.8671,228.676,-0.30711,11.8671,228.684,-0.297944,         29P   1315
11.8671,228.692,-0.288938,11.8671,228.7,-0.27997,11.8671,             29P   1316
228.701,-0.279088,11.8671,228.711,-0.267744,11.8671,228.721,          29P   1317
-0.256482,11.8671,228.731,-0.245098,11.8671,228.732,-0.244163,        29P   1318
11.8671,228.745,-0.230753,11.8671,228.757,-0.217528,11.8671,          29P   1319
228.77,-0.204262,11.8671,228.77,-0.203398,11.8671,228.783,            29P   1320
-0.190529,11.8671,228.795,-0.177663,11.8671,228.808,-0.164934,        29P   1321
11.8671,228.809,-0.163932,11.8671,228.822,-0.151294,11.8671,          29P   1322
228.835,-0.138601,11.8671,228.848,-0.125941,11.8671,228.849,          29P   1323
-0.124705,11.8671,228.862,-0.11255,11.8671,228.875,-0.100111,         29P   1324
11.8671,228.888,-0.0876022,11.8671,228.89,-0.0861055,11.8671,         29P   1325
228.902,-0.0744243,11.8671,228.916,-0.0621937,11.8671,228.929,        29P   1326
-0.0499127,11.8671,228.931,-0.0481988,11.8671,228.944,                29P   1327
-0.0367412,11.8671,228.957,-0.0246782,11.8671,228.971,                29P   1328
-0.0126956,11.8671,228.973,-0.010838,11.8671,228.986,                 29P   1329
3.61684E-05,11.8671,229.,0.0117295,11.8671,229.014,0.0232972,         29P   1330
11.8671,229.016,0.0252483,11.8671,229.029,0.035657,11.8671,           29P   1331
229.043,0.0469125,11.8671,229.058,0.057989,11.8671,229.061,           29P   1332
0.0599464,11.8671,229.074,0.0698969,11.8671,229.088,0.0806154,        29P   1333
11.8671,229.103,0.0911934,11.8671,229.106,0.0931087,11.8671,          29P   1334
229.119,0.102687,11.8671,229.134,0.112976,11.8671,229.149,            29P   1335
0.123096,11.8671,229.152,0.124902,11.8671,229.166,0.134194,           29P   1336
11.8671,229.181,0.143998,11.8671,229.197,0.153672,11.8671,            29P   1337
229.199,0.15529,11.8671,229.214,0.164323,11.8671,229.229,             29P   1338
0.173704,11.8671,229.245,0.182887,11.8671,229.248,0.184308,           29P   1339
11.8671,229.26,0.191506,11.8671,229.273,0.198831,11.8671,             29P   1340
229.286,0.206139,11.8671,229.288,0.207333,11.8671,229.299,            29P   1341
0.212968,11.8671,229.309,0.218613,11.8671,229.319,0.224197,           29P   1342
11.8671,229.321,0.225189,11.8671,229.329,0.229315,11.8671,            29P   1343
229.337,0.233305,11.8671,229.345,0.237309,11.8671,229.346,            29P   1344
0.23803,11.8671,229.352,0.240791,11.8671,229.356,0.243205,            29P   1345
11.8671,229.362,0.245871,11.8671,229.362,0.246357,11.8671,            29P   1346
229.363,0.247122,11.8671,229.364,0.247327,11.8671,229.365,            29P   1347
0.248852,11.8671,229.367,0.25087,11.8671,229.368,0.253677,            29P   1348
11.8671,229.369,0.256738,11.8671,229.369,0.2598,11.8671,229.368,      29P   1349
0.262558,11.8671,229.367,0.26552,11.8671,229.365,0.26797,             29P   1350
11.8671,229.362,0.269687,11.8671,229.359,0.271169,11.8671,            29P   1351
229.356,0.271612,11.8671,229.352,0.271037,11.8671,229.35,             29P   1352
0.27064,11.8671,229.344,0.268788,11.8671,229.338,0.267085,            29P   1353
11.8671,229.324,0.262859,11.8671,229.315,0.259796,11.8671,            29P   1354
229.305,0.256691,11.8671,229.293,0.252657,11.8671,229.281,            29P   1355
0.248466,11.8671,229.268,0.243965,11.8671,229.253,0.238453,           29P   1356
11.8671,229.238,0.232609,11.8671,229.222,0.226439,11.8671,            29P   1357
229.204,0.219159,11.8671,229.186,0.211537,11.8671,229.168,            29P   1358
0.203414,11.8671,229.15,0.195356,11.8671,229.132,0.186875,            29P   1359
11.8671,229.115,0.178014,11.8671,229.097,0.169183,11.8671,            29P   1360
229.08,0.160028,11.8671,229.063,0.150443,11.8671,229.045,             29P   1361
0.140838,11.8671,229.029,0.130846,11.8671,229.012,0.120547,           29P   1362
11.8671,228.995,0.110167,11.8671,228.979,0.0994242,11.8671,           29P   1363
228.963,0.0883525,11.8671,228.947,0.0771709,11.8671,228.929,          29P   1364
0.064413,11.8671,228.9,0.0421555,11.8671,228.883,0.0283464,           29P   1365
11.8671,228.855,0.00424138,11.8671,228.84,-0.0104187,11.8671,         29P   1366
228.814,-0.0364235,11.8671,228.799,-0.0517958,11.8671,228.775,        29P   1367
-0.0797628,11.8671,228.762,-0.0958512,11.8671,228.739,-0.125694,      29P   1368
11.8671,228.727,-0.142263,11.8671,228.706,-0.17392,11.8671,           29P   1369
228.696,-0.191054,11.8671,228.679,-0.221696,11.8671,228.665,          29P   1370
-0.247688,11.8671,228.649,-0.282861,11.8671,228.639,-0.309951,        29P   1371
11.8671,228.633,-0.325191,11.8671,228.631,-0.331341,11.8671,          29P   1372
228.641,-0.3551,11.907,228.64,-0.356849,11.907,228.64,-0.359269,      29P   1373
11.907,228.641,-0.362828,11.907,228.642,-0.364781,11.907,             29P   1374
228.644,-0.366285,11.907,228.646,-0.367285,11.907,228.648,            29P   1375
-0.367897,11.907,228.649,-0.368178,11.907,228.651,-0.368219,          29P   1376
11.907,228.652,-0.368036,11.907,228.653,-0.367753,11.907,             29P   1377
228.654,-0.367411,11.907,228.655,-0.367203,11.907,228.655,            29P   1378
-0.366776,11.907,228.656,-0.366569,11.907,228.656,-0.366007,          29P   1379
11.907,228.657,-0.365629,11.907,228.658,-0.364958,11.907,             29P   1380
228.658,-0.364685,11.907,228.661,-0.36076,11.907,228.664,             29P   1381
-0.356832,11.907,228.667,-0.352614,11.907,228.668,-0.35173,           29P   1382
11.907,228.668,-0.350726,11.907,228.674,-0.3437,11.907,228.679,       29P   1383
-0.336663,11.907,228.685,-0.329658,11.907,228.685,-0.328594,          29P   1384
11.907,228.693,-0.318827,11.907,228.701,-0.309231,11.907,             29P   1385
228.708,-0.299551,11.907,228.709,-0.298643,11.907,228.719,            29P   1386
-0.286534,11.907,228.729,-0.274523,11.907,228.739,-0.2625,            29P   1387
11.907,228.74,-0.2615,11.907,228.752,-0.24718,11.907,228.764,         29P   1388
-0.232884,11.907,228.776,-0.218758,11.907,228.777,-0.217861,          29P   1389
11.907,228.789,-0.204084,11.907,228.801,-0.190389,11.907,             29P   1390
228.813,-0.176713,11.907,228.814,-0.175637,11.907,228.827,            29P   1391
-0.162074,11.907,228.839,-0.148364,11.907,228.852,-0.134742,          29P   1392
11.907,228.853,-0.133412,11.907,228.866,-0.120343,11.907,             29P   1393
228.878,-0.106874,11.907,228.892,-0.093418,11.907,228.893,            29P   1394
-0.0918091,11.907,228.905,-0.0792281,11.907,228.918,-0.065985,        29P   1395
11.907,228.932,-0.0527187,11.907,228.934,-0.0508681,11.907,           29P   1396
228.946,-0.0386417,11.907,228.959,-0.0256044,11.907,228.973,          29P   1397
-0.0126078,11.907,228.975,-0.0105923,11.907,228.987,0.00123703,       29P   1398
11.907,229.001,0.0139188,11.907,229.014,0.0264886,11.907,             29P   1399
229.017,0.0286097,11.907,229.029,0.0399766,11.907,229.043,            29P   1400
0.0522346,11.907,229.058,0.0643546,11.907,229.06,0.0664985,           29P   1401
11.907,229.073,0.077423,11.907,229.087,0.0892145,11.907,229.102,      29P   1402
0.100884,11.907,229.105,0.102997,11.907,229.118,0.113587,11.907,      29P   1403
229.133,0.124962,11.907,229.147,0.136205,11.907,229.15,0.138213,      29P   1404
11.907,229.164,0.148558,11.907,229.179,0.1595,11.907,229.194,         29P   1405
0.170334,11.907,229.197,0.172148,11.907,229.211,0.182288,11.907,      29P   1406
229.226,0.192817,11.907,229.242,0.20322,11.907,229.244,0.204832,      29P   1407
11.907,229.256,0.212999,11.907,229.269,0.221371,11.907,229.282,       29P   1408
0.229754,11.907,229.284,0.231124,11.907,229.294,0.237575,11.907,      29P   1409
229.304,0.244055,11.907,229.315,0.250478,11.907,229.317,              29P   1410
0.251619,11.907,229.324,0.256367,11.907,229.332,0.260971,11.907,      29P   1411
229.34,0.265636,11.907,229.341,0.266478,11.907,229.346,0.269629,      29P   1412
11.907,229.351,0.272414,11.907,229.356,0.275529,11.907,229.357,       29P   1413
0.27613,11.907,229.358,0.277044,11.907,229.358,0.277299,11.907,       29P   1414
229.36,0.279007,11.907,229.362,0.281131,11.907,229.363,0.28403,       29P   1415
11.907,229.363,0.287065,11.907,229.363,0.290187,11.907,229.362,       29P   1416
0.293017,11.907,229.361,0.295964,11.907,229.359,0.298491,11.907,      29P   1417
229.356,0.300195,11.907,229.353,0.301668,11.907,229.351,              29P   1418
0.302116,11.907,229.346,0.301911,11.907,229.344,0.30151,11.907,       29P   1419
229.338,0.29916,11.907,229.332,0.29698,11.907,229.319,0.291615,       29P   1420
11.907,229.309,0.287772,11.907,229.299,0.283875,11.907,229.287,       29P   1421
0.278817,11.907,229.275,0.273603,11.907,229.262,0.268125,11.907,      29P   1422
229.247,0.261439,11.907,229.231,0.254526,11.907,229.216,              29P   1423
0.247228,11.907,229.198,0.238615,11.907,229.18,0.229605,11.907,       29P   1424
229.162,0.220155,11.907,229.144,0.210801,11.907,229.127,              29P   1425
0.201105,11.907,229.109,0.191009,11.907,229.092,0.180952,11.907,      29P   1426
229.074,0.170569,11.907,229.057,0.159805,11.907,229.041,              29P   1427
0.149038,11.907,229.024,0.137942,11.907,229.007,0.126541,11.907,      29P   1428
228.991,0.115056,11.907,228.975,0.103212,11.907,228.959,              29P   1429
0.0911256,11.907,228.943,0.0789265,11.907,228.926,0.0650751,          29P   1430
11.907,228.897,0.0409442,11.907,228.881,0.0259879,11.907,             29P   1431
228.854,-1.35533E-05,11.907,228.838,-0.0157701,11.907,228.813,        29P   1432
-0.043685,11.907,228.799,-0.0601611,11.907,228.775,-0.0899961,        29P   1433
11.907,228.762,-0.107089,11.907,228.74,-0.138814,11.907,228.729,      29P   1434
-0.156435,11.907,228.71,-0.189958,11.907,228.7,-0.208028,11.907,      29P   1435
228.684,-0.24042,11.907,228.671,-0.26782,11.907,228.657,              29P   1436
-0.304732,11.907,228.647,-0.332926,11.907,228.643,-0.348743,          29P   1437
11.907,228.641,-0.3551,11.907,0.,1.87359,0.,1.19047;                  29P   1438
S      5G      3D     30P   1438                                        T      1
