This is a NASA-IGES-NURBS-Only file converted by:                       S      1
NIGES Translator Version 3.2 developed at NASA Ames Research Center.    S      2
Conversion done on: Mon May 20 14:05:55 1996.                           S      3
>>>>>>>>>>>>>>>>>>>> Original Start Section follows <<<<<<<<<<<<<<<<<<<<S      4
                                                                        S      5
1H,,1H;,,20Hcmpr stator9    srf ,22HIBM PROFESSIONAL CADAM,47HIBM IGES PG      1
rocessor for AIX and UNIX V2R2 (1994),32,75,6,75,15,,1.,1,4HINCH,1000,  G      2
0.125984,13H960520.101521,1.00000E-06,234.217,,,8,0,;                   G      3
     406       1       1       1       0       0       0       000020101D      1
     406       0       0       1      15                               0D      2
     406       2       1       1       0       0       0       000020101D      3
     406       0       0       1      15                               0D      4
     126       3       0       1       0       0       0       000000000D      5
     126     109       0      35       0                               0D      6
     126      38       0       1       0       0       0       000000000D      7
     126     109       0      35       0                               0D      8
     126      73       0       1       0       0       0       000000000D      9
     126     109       0      35       0                               0D     10
     126     108       0       1       0       0       0       000000000D     11
     126     109       0      34       0                               0D     12
     126     142       0       1       0       0       0       000000000D     13
     126     109       0      35       0                               0D     14
     126     177       0       1       0       0       0       000000000D     15
     126     109       0      35       0                               0D     16
     126     212       0       1       0       0       0       000000000D     17
     126     109       0      34       0                               0D     18
     126     246       0       1       0       0       0       000000000D     19
     126     109       0      35       0                               0D     20
     126     281       0       1       0       0       0       000000000D     21
     126     109       0      34       0                               0D     22
     126     315       0       1       0       0       0       000000000D     23
     126     109       0      35       0                               0D     24
     126     350       0       1       0       0       0       000000000D     25
     126     109       0      35       0                               0D     26
     126     385       0       1       0       0       0       000000000D     27
     126     109       0      35       0                               0D     28
     128     420       0       1       0       0       0       000000000D     29
     128     109       2    1378       0                               0D     30
406,1,23Hcmpr stator9    srf ,3d;                                      1P      1
406,1,2H3d;                                                            3P      2
126,55,3,0,1,1,0,0.,0.,0.,0.,0.00498891,0.00997781,0.0149667,          5P      3
0.0199461,0.0199461,0.0199461,0.0372876,0.063323,0.0981138,            5P      4
0.141469,0.193664,0.245737,0.297898,0.350108,0.402285,0.454321,        5P      5
0.50648,0.558598,0.610706,0.662798,0.714779,0.766924,0.810266,         5P      6
0.844921,0.870958,0.888274,0.888274,0.89694,0.905583,0.914225,         5P      7
0.922868,0.922868,0.922868,0.941172,0.968672,1.0053,1.05106,           5P      8
1.10596,1.16089,1.21585,1.27081,1.32578,1.38078,1.43578,1.49086,       5P      9
1.54587,1.60087,1.65585,1.71093,1.75669,1.79334,1.82077,1.83897,       5P     10
1.83897,1.83897,1.83897,1.,1.,1.,1.,1.,1.,1.,1.,1.,1.,1.,1.,1.,        5P     11
1.,1.,1.,1.,1.,1.,1.,1.,1.,1.,1.,1.,1.,1.,1.,1.,1.,1.,1.,1.,1.,        5P     12
1.,1.,1.,1.,1.,1.,1.,1.,1.,1.,1.,1.,1.,1.,1.,1.,1.,1.,1.,1.,1.,        5P     13
1.,233.425,-0.2661,10.841,233.425,-0.2676,10.841,233.424,              5P     14
-0.271249,10.841,233.427,-0.275634,10.841,233.433,-0.276911,           5P     15
10.841,233.436,-0.275131,10.841,233.437,-0.2739,10.841,233.441,        5P     16
-0.269614,10.841,233.451,-0.258947,10.841,233.468,-0.239896,           5P     17
10.841,233.493,-0.215161,10.841,233.524,-0.185106,10.841,              5P     18
233.561,-0.152237,10.841,233.601,-0.119141,10.841,233.643,             5P     19
-0.0874851,10.841,233.685,-0.0576402,10.841,233.729,-0.0294126,        5P     20
10.841,233.774,-0.00306734,10.841,233.82,0.0213921,10.841,             5P     21
233.868,0.0434738,10.841,233.916,0.063296,10.841,233.965,              5P     22
0.0807148,10.841,234.015,0.0955785,10.841,234.062,0.107547,            5P     23
10.841,234.105,0.115999,10.841,234.139,0.121618,10.841,234.165,        5P     24
0.125107,10.841,234.179,0.126777,10.841,234.188,0.127712,10.841,       5P     25
234.194,0.130756,10.841,234.197,0.139684,10.841,234.193,               5P     26
0.148385,10.841,234.187,0.150908,10.841,234.184,0.151,10.841,          5P     27
234.178,0.151195,10.841,234.163,0.15153,10.841,234.135,0.151421,       5P     28
10.841,234.099,0.150036,10.841,234.053,0.146191,10.841,234.002,        5P     29
0.139238,10.841,233.948,0.128635,10.841,233.895,0.114805,10.841,       5P     30
233.842,0.0979406,10.841,233.791,0.0778252,10.841,233.741,             5P     31
0.055132,10.841,233.693,0.0286204,10.841,233.647,-0.00169565,          5P     32
10.841,233.603,-0.0355499,10.841,233.562,-0.072668,10.841,             5P     33
233.525,-0.112965,10.841,233.493,-0.153625,10.841,233.467,             5P     34
-0.19153,10.841,233.448,-0.222921,10.841,233.435,-0.247002,            5P     35
10.841,233.428,-0.260626,10.841,233.425,-0.2661,10.841,0.,             5P     36
1.83897,0.,0.,0.;                                                      5P     37
126,55,3,0,1,1,0,0.,0.,0.,0.,0.00489391,0.00978781,0.0146817,          7P     38
0.0195724,0.0195724,0.0195724,0.0371656,0.0634588,0.0985657,           7P     39
0.14241,0.195103,0.247812,0.300554,0.353295,0.40608,0.458825,          7P     40
0.511577,0.564304,0.617041,0.669746,0.722494,0.775187,0.819095,        7P     41
0.854202,0.880539,0.898104,0.898104,0.907313,0.916558,0.925802,        7P     42
0.935047,0.935047,0.935047,0.953647,0.981556,1.01873,1.06519,          7P     43
1.1209,1.17673,1.2325,1.28829,1.34404,1.3999,1.45571,1.51147,          7P     44
1.56727,1.62307,1.67886,1.73455,1.78099,1.81804,1.84582,1.86431,       7P     45
1.86431,1.86431,1.86431,1.,1.,1.,1.,1.,1.,1.,1.,1.,1.,1.,1.,1.,        7P     46
1.,1.,1.,1.,1.,1.,1.,1.,1.,1.,1.,1.,1.,1.,1.,1.,1.,1.,1.,1.,1.,        7P     47
1.,1.,1.,1.,1.,1.,1.,1.,1.,1.,1.,1.,1.,1.,1.,1.,1.,1.,1.,1.,1.,        7P     48
1.,233.43,-0.2816,10.778,233.429,-0.2831,10.778,233.429,               7P     49
-0.286701,10.778,233.432,-0.29084,10.778,233.437,-0.291869,            7P     50
10.778,233.441,-0.290047,10.778,233.442,-0.2888,10.778,233.445,        7P     51
-0.284313,10.778,233.455,-0.273173,10.778,233.472,-0.253327,           7P     52
10.778,233.496,-0.227435,10.778,233.526,-0.196025,10.778,              7P     53
233.562,-0.161643,10.778,233.602,-0.126732,10.778,233.643,             7P     54
-0.0933766,10.778,233.685,-0.0619481,10.778,233.729,-0.0319781,        7P     55
10.778,233.773,-0.00398032,10.778,233.819,0.0220964,10.778,            7P     56
233.866,0.0457692,10.778,233.915,0.067229,10.778,233.964,              7P     57
0.0860928,10.778,234.014,0.102623,10.778,234.062,0.115807,             7P     58
10.778,234.105,0.12568,10.778,234.139,0.13211,10.778,234.165,          7P     59
0.136361,10.778,234.18,0.138353,10.778,234.189,0.139491,10.778,        7P     60
234.195,0.142654,10.778,234.198,0.152344,10.778,234.194,0.16153,       7P     61
10.778,234.187,0.164092,10.778,234.184,0.1641,10.778,234.178,          7P     62
0.164116,10.778,234.162,0.164022,10.778,234.135,0.163395,10.778,       7P     63
234.097,0.161028,10.778,234.051,0.156175,10.778,233.999,               7P     64
0.147703,10.778,233.945,0.135673,10.778,233.891,0.120229,10.778,       7P     65
233.838,0.101604,10.778,233.787,0.079969,10.778,233.737,               7P     66
0.0554316,10.778,233.689,0.0271518,10.778,233.643,-0.00498307,         7P     67
10.778,233.6,-0.0408574,10.778,233.56,-0.079986,10.778,233.524,        7P     68
-0.122173,10.778,233.493,-0.164827,10.778,233.468,-0.204153,           7P     69
10.778,233.451,-0.236845,10.778,233.438,-0.261836,10.778,              7P     70
233.432,-0.275932,10.778,233.43,-0.2816,10.778,0.,1.86431,0.,0.,       7P     71
0.;                                                                    7P     72
126,55,3,0,1,1,0,0.,0.,0.,0.,0.0049997,0.0099994,0.0149991,            9P     73
0.0200321,0.0200321,0.0200321,0.0372161,0.062961,0.0972943,            9P     74
0.140117,0.191607,0.243048,0.29453,0.346016,0.397468,0.448874,         9P     75
0.500218,0.551651,0.603009,0.654493,0.705775,0.757187,0.79995,         9P     76
0.834188,0.859864,0.876939,0.876939,0.885069,0.893223,0.901376,        9P     77
0.90953,0.90953,0.90953,0.927443,0.954446,0.990453,1.03533,            9P     78
1.08937,1.14334,1.19732,1.25134,1.30533,1.35943,1.41345,1.46754,       9P     79
1.52156,1.57568,1.62979,1.68383,1.72893,1.76494,1.79199,1.80996,       9P     80
1.80996,1.80996,1.80996,1.,1.,1.,1.,1.,1.,1.,1.,1.,1.,1.,1.,1.,        9P     81
1.,1.,1.,1.,1.,1.,1.,1.,1.,1.,1.,1.,1.,1.,1.,1.,1.,1.,1.,1.,1.,        9P     82
1.,1.,1.,1.,1.,1.,1.,1.,1.,1.,1.,1.,1.,1.,1.,1.,1.,1.,1.,1.,1.,        9P     83
1.,233.419,-0.2457,10.929,233.418,-0.247147,10.929,233.418,            9P     84
-0.250782,10.929,233.421,-0.255379,10.929,233.426,-0.256921,           9P     85
10.929,233.429,-0.255476,10.929,233.43,-0.2543,10.929,233.434,         9P     86
-0.250284,10.929,233.445,-0.240301,10.929,233.463,-0.222427,           9P     87
10.929,233.489,-0.199425,10.929,233.521,-0.171318,10.929,              9P     88
233.559,-0.140884,10.929,233.6,-0.109999,10.929,233.643,               9P     89
-0.0808708,10.929,233.686,-0.05311,10.929,233.73,-0.0271377,           9P     90
10.929,233.776,-0.00280778,10.929,233.822,0.0197084,10.929,            9P     91
233.869,0.0398412,10.929,233.917,0.0578881,10.929,233.966,             9P     92
0.0736741,10.929,234.016,0.0871053,10.929,234.063,0.0975393,           9P     93
10.929,234.105,0.105105,10.929,234.139,0.109827,10.929,234.165,        9P     94
0.112893,10.929,234.179,0.114219,10.929,234.187,0.114929,10.929,       9P     95
234.193,0.117564,10.929,234.196,0.125982,10.929,234.192,               9P     96
0.134238,10.929,234.187,0.136667,10.929,234.184,0.1368,10.929,         9P     97
234.178,0.137091,10.929,234.163,0.137675,10.929,234.136,               9P     98
0.138082,10.929,234.1,0.137351,10.929,234.055,0.134662,10.929,         9P     99
234.005,0.12903,10.929,233.951,0.119902,10.929,233.899,0.10776,        9P    100
10.929,233.847,0.0928302,10.929,233.796,0.0747271,10.929,              9P    101
233.746,0.0539819,10.929,233.698,0.0297952,10.929,233.651,             9P    102
0.00198515,10.929,233.607,-0.0292777,10.929,233.565,-0.0638,           9P    103
10.929,233.526,-0.101301,10.929,233.492,-0.139456,10.929,              9P    104
233.464,-0.175033,10.929,233.444,-0.204675,10.929,233.43,              9P    105
-0.227555,10.929,233.422,-0.240495,10.929,233.419,-0.2457,             9P    106
10.929,0.,1.80996,0.,0.,0.;                                            9P    107
126,55,3,0,1,1,0,0.,0.,0.,0.,0.005142,0.010284,0.015426,              11P    108
0.0205566,0.0205566,0.0205566,0.0375483,0.0631266,0.0971854,          11P    109
0.139649,0.190649,0.24172,0.292756,0.34376,0.394743,0.445727,         11P    110
0.496733,0.547765,0.59872,0.649707,0.700642,0.751557,0.794071,        11P    111
0.827985,0.853539,0.870505,0.870505,0.878235,0.885955,0.893676,       11P    112
0.901396,0.901396,0.901396,0.919214,0.945819,0.981421,1.02589,        11P    113
1.07928,1.13265,1.18605,1.23948,1.29286,1.34626,1.39976,1.45318,      11P    114
1.50668,1.56007,1.61353,1.667,1.71156,1.74718,1.77397,1.79175,        11P    115
1.79175,1.79175,1.79175,1.,1.,1.,1.,1.,1.,1.,1.,1.,1.,1.,1.,1.,       11P    116
1.,1.,1.,1.,1.,1.,1.,1.,1.,1.,1.,1.,1.,1.,1.,1.,1.,1.,1.,1.,1.,       11P    117
1.,1.,1.,1.,1.,1.,1.,1.,1.,1.,1.,1.,1.,1.,1.,1.,1.,1.,1.,1.,1.,       11P    118
1.,233.416,-0.2327,11.012,233.415,-0.234148,11.012,233.414,           11P    119
-0.237855,11.012,233.417,-0.242705,11.012,233.422,-0.244601,          11P    120
11.012,233.426,-0.243154,11.012,233.427,-0.242,11.012,233.431,        11P    121
-0.238177,11.012,233.442,-0.228657,11.012,233.461,-0.211777,          11P    122
11.012,233.487,-0.189795,11.012,233.52,-0.16314,11.012,233.558,       11P    123
-0.134245,11.012,233.6,-0.105083,11.012,233.643,-0.0772608,           11P    124
11.012,233.687,-0.0509239,11.012,233.731,-0.0262734,11.012,           11P    125
233.777,-0.00298088,11.012,233.823,0.0184232,11.012,233.87,           11P    126
0.0379048,11.012,233.918,0.0549008,11.012,233.967,0.0701023,          11P    127
11.012,234.016,0.082858,11.012,234.063,0.0928684,11.012,234.105,      11P    128
0.100088,11.012,234.139,0.104682,11.012,234.164,0.107498,11.012,      11P    129
234.178,0.108748,11.012,234.187,0.109406,11.012,234.192,              11P    130
0.111987,11.012,234.195,0.119912,11.012,234.192,0.127759,11.012,      11P    131
234.186,0.130058,11.012,234.184,0.1302,11.012,234.178,0.130529,       11P    132
11.012,234.163,0.131201,11.012,234.136,0.131651,11.012,234.101,       11P    133
0.131309,11.012,234.056,0.128882,11.012,234.006,0.123556,11.012,      11P    134
233.953,0.115186,11.012,233.901,0.103883,11.012,233.85,               11P    135
0.0896749,11.012,233.799,0.0726421,11.012,233.749,0.0529288,          11P    136
11.012,233.701,0.0299655,11.012,233.654,0.00366327,11.012,            11P    137
233.61,-0.0260813,11.012,233.568,-0.058813,11.012,233.528,            11P    138
-0.0945606,11.012,233.493,-0.130828,11.012,233.464,-0.164839,         11P    139
11.012,233.442,-0.193299,11.012,233.427,-0.21524,11.012,233.419,      11P    140
-0.227693,11.012,233.416,-0.2327,11.012,0.,1.79175,0.,0.,0.;          11P    141
126,56,3,0,1,1,0,0.,0.,0.,0.,0.00537608,0.0107522,0.0161282,          13P    142
0.021515,0.021515,0.021515,0.0384682,0.0638835,0.0977577,             13P    143
0.14006,0.190907,0.241774,0.292516,0.343401,0.394239,0.445046,        13P    144
0.49587,0.546755,0.597495,0.648382,0.699225,0.750128,0.792416,        13P    145
0.826386,0.851776,0.868772,0.868772,0.868772,0.876084,0.883418,       13P    146
0.890751,0.898085,0.898085,0.898085,0.915795,0.942298,0.977707,       13P    147
1.02199,1.07511,1.12824,1.1814,1.23449,1.28762,1.34074,1.39388,       13P    148
1.44694,1.50005,1.55317,1.60628,1.65938,1.70365,1.73907,1.76559,      13P    149
1.78331,1.78331,1.78331,1.78331,1.,1.,1.,1.,1.,1.,1.,1.,1.,1.,        13P    150
1.,1.,1.,1.,1.,1.,1.,1.,1.,1.,1.,1.,1.,1.,1.,1.,1.,1.,1.,1.,1.,       13P    151
1.,1.,1.,1.,1.,1.,1.,1.,1.,1.,1.,1.,1.,1.,1.,1.,1.,1.,1.,1.,1.,       13P    152
1.,1.,1.,1.,1.,233.415,-0.2264,11.167,233.414,-0.227876,11.167,       13P    153
233.413,-0.231723,11.167,233.416,-0.236898,11.167,233.421,            13P    154
-0.239017,11.167,233.425,-0.23767,11.167,233.426,-0.2365,11.167,      13P    155
233.431,-0.232816,11.167,233.441,-0.223662,11.167,233.461,            13P    156
-0.207298,11.167,233.487,-0.186301,11.167,233.521,-0.160528,          13P    157
11.167,233.56,-0.132343,11.167,233.602,-0.104027,11.167,233.645,      13P    158
-0.0768766,11.167,233.689,-0.0509231,11.167,233.734,-0.0266655,       13P    159
11.167,233.779,-0.00325444,11.167,233.825,0.0181058,11.167,           13P    160
233.872,0.0376714,11.167,233.92,0.0549109,11.167,233.968,             13P    161
0.0703739,11.167,234.017,0.0835851,11.167,234.064,0.0938981,          13P    162
11.167,234.106,0.101563,11.167,234.139,0.106545,11.167,234.165,       13P    163
0.109639,11.167,234.179,0.111137,11.167,234.184,0.1117,11.167,        13P    164
234.187,0.111942,11.167,234.192,0.114341,11.167,234.194,              13P    165
0.121939,11.167,234.191,0.129334,11.167,234.186,0.131499,11.167,      13P    166
234.184,0.1316,11.167,234.178,0.131844,11.167,234.163,0.132331,       13P    167
11.167,234.136,0.132824,11.167,234.101,0.131901,11.167,234.057,       13P    168
0.129245,11.167,234.007,0.12383,11.167,233.955,0.11491,11.167,        13P    169
233.903,0.103524,11.167,233.851,0.0890291,11.167,233.801,             13P    170
0.0719404,11.167,233.752,0.0522037,11.167,233.704,0.0294459,          13P    171
11.167,233.657,0.00349478,11.167,233.613,-0.0254883,11.167,           13P    172
233.57,-0.0575566,11.167,233.53,-0.0922639,11.167,233.494,            13P    173
-0.127513,11.167,233.465,-0.160525,11.167,233.443,-0.188124,          13P    174
11.167,233.427,-0.209471,11.167,233.418,-0.221532,11.167,             13P    175
233.415,-0.2264,11.167,0.,1.78331,0.,0.,0.;                           13P    176
126,55,3,0,1,1,0,0.,0.,0.,0.,0.00528495,0.0105699,0.0158548,          15P    177
0.0211232,0.0211232,0.0211232,0.0380658,0.0634689,0.0973901,          15P    178
0.139735,0.19056,0.2414,0.292142,0.343062,0.393853,0.444612,          15P    179
0.495402,0.546265,0.597092,0.647859,0.698697,0.749438,0.791772,       15P    180
0.825699,0.851065,0.867941,0.867941,0.875404,0.882893,0.890382,       15P    181
0.897871,0.897871,0.897871,0.915585,0.942088,0.977492,1.02176,        15P    182
1.07485,1.12802,1.18112,1.23422,1.28735,1.34046,1.3936,1.44678,       15P    183
1.4999,1.5531,1.60619,1.65929,1.70364,1.73901,1.76564,1.78331,        15P    184
1.78331,1.78331,1.78331,1.,1.,1.,1.,1.,1.,1.,1.,1.,1.,1.,1.,1.,       15P    185
1.,1.,1.,1.,1.,1.,1.,1.,1.,1.,1.,1.,1.,1.,1.,1.,1.,1.,1.,1.,1.,       15P    186
1.,1.,1.,1.,1.,1.,1.,1.,1.,1.,1.,1.,1.,1.,1.,1.,1.,1.,1.,1.,1.,       15P    187
1.,233.415,-0.2268,11.091,233.414,-0.228254,11.091,233.413,           15P    188
-0.232043,11.091,233.416,-0.237107,11.091,233.421,-0.239197,          15P    189
11.091,233.425,-0.237757,11.091,233.426,-0.2366,11.091,233.43,        15P    190
-0.232878,11.091,233.441,-0.223636,11.091,233.46,-0.207185,           15P    191
11.091,233.487,-0.185979,11.091,233.52,-0.160011,11.091,233.559,      15P    192
-0.131756,11.091,233.601,-0.103299,11.091,233.644,-0.0761386,         15P    193
11.091,233.688,-0.0503706,11.091,233.733,-0.0261028,11.091,           15P    194
233.778,-0.00306771,11.091,233.824,0.0180105,11.091,233.871,          15P    195
0.037293,11.091,233.919,0.0541904,11.091,233.968,0.069304,            15P    196
11.091,234.017,0.0820252,11.091,234.064,0.0921573,11.091,             15P    197
234.105,0.0994957,11.091,234.139,0.104151,11.091,234.164,             15P    198
0.107079,11.091,234.178,0.108411,11.091,234.186,0.109116,11.091,      15P    199
234.191,0.111495,11.091,234.194,0.119231,11.091,234.191,              15P    200
0.126814,11.091,234.186,0.129077,11.091,234.183,0.1292,11.091,        15P    201
234.178,0.129491,11.091,234.163,0.130079,11.091,234.136,              15P    202
0.130443,11.091,234.101,0.129973,11.091,234.057,0.127597,11.091,      15P    203
234.007,0.12225,11.091,233.954,0.11387,11.091,233.902,0.102697,       15P    204
11.091,233.851,0.0885387,11.091,233.801,0.0717351,11.091,             15P    205
233.751,0.0523278,11.091,233.703,0.0297183,11.091,233.656,            15P    206
0.00396873,11.091,233.612,-0.0251389,11.091,233.569,-0.0570942,       15P    207
11.091,233.529,-0.0919487,11.091,233.494,-0.127438,11.091,            15P    208
233.464,-0.160574,11.091,233.442,-0.188342,11.091,233.427,            15P    209
-0.209826,11.091,233.418,-0.221936,11.091,233.415,-0.2268,            15P    210
11.091,0.,1.78331,0.,0.,0.;                                           15P    211
126,55,3,0,1,1,0,0.,0.,0.,0.,0.00564487,0.0112897,0.0169346,          17P    212
0.0225889,0.0225889,0.0225889,0.0397961,0.0654496,0.0997257,          17P    213
0.142611,0.194072,0.245465,0.296886,0.348328,0.39973,0.45119,         17P    214
0.502665,0.554102,0.605596,0.65708,0.708564,0.760079,0.803068,        17P    215
0.837461,0.863228,0.880357,0.880357,0.88792,0.895459,0.902998,        17P    216
0.910537,0.910537,0.910537,0.928542,0.955542,0.991462,1.0365,         17P    217
1.09043,1.14444,1.19838,1.25232,1.3062,1.36008,1.41397,1.46788,       17P    218
1.52177,1.57556,1.62942,1.68332,1.7282,1.76412,1.79108,1.80908,       17P    219
1.80908,1.80908,1.80908,1.,1.,1.,1.,1.,1.,1.,1.,1.,1.,1.,1.,1.,       17P    220
1.,1.,1.,1.,1.,1.,1.,1.,1.,1.,1.,1.,1.,1.,1.,1.,1.,1.,1.,1.,1.,       17P    221
1.,1.,1.,1.,1.,1.,1.,1.,1.,1.,1.,1.,1.,1.,1.,1.,1.,1.,1.,1.,1.,       17P    222
1.,233.417,-0.2386,11.318,233.416,-0.24019,11.318,233.415,            17P    223
-0.244251,11.318,233.418,-0.249595,11.318,233.424,-0.251663,          17P    224
11.318,233.428,-0.250167,11.318,233.429,-0.2489,11.318,233.434,       17P    225
-0.245045,11.318,233.444,-0.235497,11.318,233.464,-0.218552,          17P    226
11.318,233.49,-0.196467,11.318,233.523,-0.169542,11.318,233.562,      17P    227
-0.140249,11.318,233.604,-0.110225,11.318,233.646,-0.0818242,         17P    228
11.318,233.69,-0.054454,11.318,233.735,-0.0285944,11.318,233.78,      17P    229
-0.00390578,11.318,233.826,0.0190363,11.318,233.873,0.0399336,        17P    230
11.318,233.921,0.0588739,11.318,233.969,0.0755697,11.318,             17P    231
234.019,0.0900494,11.318,234.066,0.101767,11.318,234.108,0.1105,      17P    232
11.318,234.142,0.116268,11.318,234.168,0.119999,11.318,234.182,       17P    233
0.121748,11.318,234.19,0.122688,11.318,234.195,0.125385,11.318,       17P    234
234.197,0.133182,11.318,234.194,0.140763,11.318,234.189,              17P    235
0.142918,11.318,234.187,0.143,11.318,234.181,0.143196,11.318,         17P    236
234.166,0.143537,11.318,234.139,0.143379,11.318,234.103,              17P    237
0.142269,11.318,234.058,0.13866,11.318,234.007,0.132343,11.318,       17P    238
233.954,0.122374,11.318,233.902,0.109592,11.318,233.85,               17P    239
0.0938734,11.318,233.799,0.0753578,11.318,233.75,0.0540913,           17P    240
11.318,233.702,0.0298721,11.318,233.655,0.00220694,11.318,            17P    241
233.611,-0.0284753,11.318,233.569,-0.0621651,11.318,233.529,          17P    242
-0.098564,11.318,233.494,-0.135477,11.318,233.465,-0.17007,           17P    243
11.318,233.444,-0.198738,11.318,233.428,-0.220961,11.318,233.42,      17P    244
-0.23353,11.318,233.417,-0.2386,11.318,0.,1.80908,0.,0.,0.;           17P    245
126,55,3,0,1,1,0,0.,0.,0.,0.,0.00577588,0.0115518,0.0173276,          19P    246
0.0231002,0.0231002,0.0231002,0.0404279,0.0664633,0.10116,            19P    247
0.144492,0.196531,0.248552,0.300608,0.352666,0.404723,0.456758,       19P    248
0.508876,0.560941,0.613096,0.665179,0.717361,0.76952,0.813015,        19P    249
0.847767,0.873923,0.891318,0.891318,0.891318,0.899268,0.907216,       19P    250
0.915165,0.923113,0.923113,0.941417,0.968825,1.00548,1.05119,         19P    251
1.10599,1.16083,1.21561,1.27036,1.32509,1.37987,1.43455,1.48924,      19P    252
1.54393,1.59861,1.65328,1.70793,1.75358,1.79006,1.81742,1.83566,      19P    253
1.83566,1.83566,1.83566,1.,1.,1.,1.,1.,1.,1.,1.,1.,1.,1.,1.,1.,       19P    254
1.,1.,1.,1.,1.,1.,1.,1.,1.,1.,1.,1.,1.,1.,1.,1.,1.,1.,1.,1.,1.,       19P    255
1.,1.,1.,1.,1.,1.,1.,1.,1.,1.,1.,1.,1.,1.,1.,1.,1.,1.,1.,1.,1.,       19P    256
1.,233.42,-0.2531,11.397,233.419,-0.254782,11.397,233.419,            19P    257
-0.258954,11.397,233.422,-0.264293,11.397,233.428,-0.266216,          19P    258
11.397,233.432,-0.264539,11.397,233.433,-0.2632,11.397,233.437,       19P    259
-0.25918,11.397,233.448,-0.249172,11.397,233.467,-0.231364,           19P    260
11.397,233.493,-0.208186,11.397,233.526,-0.179985,11.397,             19P    261
233.564,-0.148983,11.397,233.605,-0.117469,11.397,233.648,            19P    262
-0.0872955,11.397,233.691,-0.0583387,11.397,233.735,-0.0309553,       19P    263
11.397,233.78,-0.00445179,11.397,233.826,0.0200444,11.397,            19P    264
233.873,0.0424444,11.397,233.921,0.0628473,11.397,233.97,             19P    265
0.0811275,11.397,234.02,0.0969067,11.397,234.067,0.110069,            19P    266
11.397,234.109,0.11966,11.397,234.144,0.126461,11.397,234.169,        19P    267
0.130689,11.397,234.184,0.132868,11.397,234.189,0.1337,11.397,        19P    268
234.192,0.13408,11.397,234.197,0.136915,11.397,234.2,0.145217,        19P    269
11.397,234.196,0.153127,11.397,234.191,0.15536,11.397,234.182,        19P    270
0.155491,11.397,234.167,0.155574,11.397,234.139,0.155077,11.397,      19P    271
234.103,0.153169,11.397,234.057,0.148879,11.397,234.006,              19P    272
0.141306,11.397,233.952,0.13024,11.397,233.899,0.115967,11.397,       19P    273
233.847,0.09892,11.397,233.796,0.0787629,11.397,233.747,              19P    274
0.0558066,11.397,233.698,0.0298958,11.397,233.652,0.000423761,        19P    275
11.397,233.608,-0.032195,11.397,233.567,-0.0678362,11.397,            19P    276
233.528,-0.106227,11.397,233.494,-0.145151,11.397,233.466,            19P    277
-0.181295,11.397,233.445,-0.211445,11.397,233.431,-0.234615,          19P    278
11.397,233.423,-0.247788,11.397,233.42,-0.2531,11.397,0.,             19P    279
1.83566,0.,0.,0.;                                                     19P    280
126,55,3,0,1,1,0,0.,0.,0.,0.,0.00603636,0.0120727,0.0181091,          21P    281
0.0241299,0.0241299,0.0241299,0.0417438,0.068193,0.103407,            21P    282
0.147476,0.20031,0.25319,0.306025,0.358866,0.411682,0.464521,         21P    283
0.517394,0.570324,0.623236,0.6761,0.729073,0.781948,0.826083,         21P    284
0.861373,0.887871,0.905502,0.905502,0.905502,0.914099,0.922736,       21P    285
0.931373,0.94001,0.94001,0.958722,0.986666,1.02392,1.07043,           21P    286
1.12631,1.18217,1.23801,1.29381,1.34964,1.40551,1.46123,1.51704,      21P    287
1.57281,1.62855,1.68436,1.74017,1.78666,1.82392,1.85188,1.87053,      21P    288
1.87053,1.87053,1.87053,1.,1.,1.,1.,1.,1.,1.,1.,1.,1.,1.,1.,1.,       21P    289
1.,1.,1.,1.,1.,1.,1.,1.,1.,1.,1.,1.,1.,1.,1.,1.,1.,1.,1.,1.,1.,       21P    290
1.,1.,1.,1.,1.,1.,1.,1.,1.,1.,1.,1.,1.,1.,1.,1.,1.,1.,1.,1.,1.,       21P    291
1.,233.428,-0.2757,11.482,233.427,-0.277511,11.482,233.426,           21P    292
-0.281919,11.482,233.43,-0.287261,11.482,233.436,-0.288915,           21P    293
11.482,233.44,-0.286865,11.482,233.442,-0.2854,11.482,233.446,        21P    294
-0.281114,11.482,233.456,-0.270443,11.482,233.474,-0.251441,          21P    295
11.482,233.499,-0.226641,11.482,233.531,-0.196344,11.482,             21P    296
233.568,-0.163088,11.482,233.609,-0.129097,11.482,233.65,             21P    297
-0.0963801,11.482,233.693,-0.0649882,11.482,233.736,-0.0348956,       21P    298
11.482,233.781,-0.00599882,11.482,233.826,0.0211473,11.482,           21P    299
233.873,0.0462783,11.482,233.92,0.0691229,11.482,233.969,             21P    300
0.0899955,11.482,234.018,0.108572,11.482,234.066,0.123957,            21P    301
11.482,234.108,0.135904,11.482,234.143,0.144161,11.482,234.169,       21P    302
0.149776,11.482,234.183,0.15261,11.482,234.189,0.1537,11.482,         21P    303
234.192,0.154231,11.482,234.197,0.15738,11.482,234.2,0.166539,        21P    304
11.482,234.196,0.17496,11.482,234.19,0.177267,11.482,234.18,          21P    305
0.177054,11.482,234.165,0.17655,11.482,234.137,0.175088,11.482,       21P    306
234.1,0.171744,11.482,234.054,0.165702,11.482,234.002,0.1558,         21P    307
11.482,233.948,0.142324,11.482,233.894,0.125727,11.482,233.842,       21P    308
0.105989,11.482,233.791,0.0832867,11.482,233.741,0.0576422,           21P    309
11.482,233.694,0.0288873,11.482,233.648,-0.00346058,11.482,           21P    310
233.605,-0.0390001,11.482,233.565,-0.0775051,11.482,233.527,          21P    311
-0.119084,11.482,233.495,-0.160735,11.482,233.469,-0.199373,          21P    312
11.482,233.45,-0.231471,11.482,233.437,-0.256195,11.482,233.43,       21P    313
-0.270103,11.482,233.428,-0.2757,11.482,0.,1.87053,0.,0.,0.;          21P    314
126,56,3,0,1,1,0,0.,0.,0.,0.,0.00696021,0.0139204,0.0208806,          23P    315
0.0278187,0.0278187,0.0278187,0.0474312,0.0767844,0.115906,           23P    316
0.164689,0.223193,0.28184,0.340531,0.399521,0.458776,0.518401,        23P    317
0.578593,0.639244,0.700587,0.762768,0.825866,0.889957,0.944285,       23P    318
0.988315,1.02177,1.04418,1.04418,1.04418,1.05691,1.06968,             23P    319
1.08246,1.09523,1.09523,1.09523,1.1189,1.15417,1.20075,1.25813,       23P    320
1.32586,1.39259,1.45826,1.52316,1.58722,1.65063,1.71358,1.77618,      23P    321
1.83854,1.90083,1.96324,2.02594,2.07849,2.12093,2.15291,2.1743,       23P    322
2.1743,2.1743,2.1743,1.,1.,1.,1.,1.,1.,1.,1.,1.,1.,1.,1.,1.,1.,       23P    323
1.,1.,1.,1.,1.,1.,1.,1.,1.,1.,1.,1.,1.,1.,1.,1.,1.,1.,1.,1.,1.,       23P    324
1.,1.,1.,1.,1.,1.,1.,1.,1.,1.,1.,1.,1.,1.,1.,1.,1.,1.,1.,1.,1.,       23P    325
1.,233.432,-0.3871,11.657,233.432,-0.389363,11.657,233.432,           23P    326
-0.39438,11.657,233.437,-0.399937,11.657,233.444,-0.400958,           23P    327
11.657,233.449,-0.398302,11.657,233.45,-0.3964,11.657,233.454,        23P    328
-0.391025,11.657,233.463,-0.377635,11.657,233.48,-0.353561,           23P    329
11.657,233.503,-0.322163,11.657,233.533,-0.28338,11.657,233.568,      23P    330
-0.240507,11.657,233.606,-0.196012,11.657,233.645,-0.152459,          23P    331
11.657,233.686,-0.109766,11.657,233.728,-0.0678753,11.657,            23P    332
233.771,-0.0265377,11.657,233.816,0.0137158,11.657,233.863,           23P    333
0.0524486,11.657,233.912,0.0897628,11.657,233.962,0.125778,           23P    334
11.657,234.015,0.160478,11.657,234.067,0.192021,11.657,234.114,       23P    335
0.218761,11.657,234.152,0.239773,11.657,234.182,0.255063,11.657,      23P    336
234.199,0.263462,11.657,234.205,0.2668,11.657,234.209,0.268697,       23P    337
11.657,234.216,0.274505,11.657,234.217,0.288707,11.657,234.209,       23P    338
0.299516,11.657,234.199,0.301585,11.657,234.195,0.3004,11.657,        23P    339
234.188,0.298204,11.657,234.169,0.29263,11.657,234.135,0.28235,       23P    340
11.657,234.091,0.267389,11.657,234.038,0.246883,11.657,233.979,       23P    341
0.221654,11.657,233.919,0.192272,11.657,233.862,0.160273,11.657,      23P    342
233.806,0.126062,11.657,233.754,0.0892262,11.657,233.704,             23P    343
0.0503801,11.657,233.657,0.00834434,11.657,233.613,-0.0368089,        23P    344
11.657,233.573,-0.0850114,11.657,233.537,-0.135972,11.657,            23P    345
233.506,-0.189804,11.657,233.479,-0.243006,11.657,233.46,             23P    346
-0.291865,11.657,233.447,-0.332082,11.657,233.438,-0.362843,          23P    347
11.657,233.434,-0.380141,11.657,233.432,-0.3871,11.657,0.,            23P    348
2.1743,0.,0.,0.;                                                      23P    349
126,55,3,0,1,1,0,0.,0.,0.,0.,0.00618429,0.0123686,0.0185529,          25P    350
0.0247487,0.0247487,0.0247487,0.0426239,0.0694815,0.105234,           25P    351
0.149938,0.203536,0.257167,0.310807,0.364429,0.41814,0.471842,        25P    352
0.525678,0.579568,0.633475,0.687589,0.74183,0.796165,0.841617,        25P    353
0.877985,0.905293,0.923562,0.923562,0.923562,0.933072,0.942557,       25P    354
0.952041,0.961526,0.961526,0.980823,1.00974,1.0483,1.09633,           25P    355
1.1538,1.21115,1.26847,1.32551,1.38259,1.43954,1.4963,1.55307,        25P    356
1.60989,1.66666,1.7234,1.78027,1.82776,1.86587,1.89439,1.91346,       25P    357
1.91346,1.91346,1.91346,1.,1.,1.,1.,1.,1.,1.,1.,1.,1.,1.,1.,1.,       25P    358
1.,1.,1.,1.,1.,1.,1.,1.,1.,1.,1.,1.,1.,1.,1.,1.,1.,1.,1.,1.,1.,       25P    359
1.,1.,1.,1.,1.,1.,1.,1.,1.,1.,1.,1.,1.,1.,1.,1.,1.,1.,1.,1.,1.,       25P    360
1.,233.436,-0.3022,11.552,233.436,-0.304123,11.552,233.435,           25P    361
-0.308629,11.552,233.44,-0.313895,11.552,233.446,-0.315222,           25P    362
11.552,233.45,-0.313078,11.552,233.452,-0.3115,11.552,233.455,        25P    363
-0.306946,11.552,233.465,-0.295599,11.552,233.483,-0.275434,          25P    364
11.552,233.507,-0.248893,11.552,233.538,-0.216527,11.552,             25P    365
233.573,-0.180782,11.552,233.613,-0.144198,11.552,233.653,            25P    366
-0.108805,11.552,233.694,-0.0745861,11.552,233.737,-0.0415257,        25P    367
11.552,233.78,-0.00947988,11.552,233.824,0.0208358,11.552,            25P    368
233.87,0.0492342,11.552,233.917,0.0756901,11.552,233.965,             25P    369
0.100054,11.552,234.015,0.122467,11.552,234.062,0.141673,11.552,      25P    370
234.105,0.1569,11.552,234.14,0.168172,11.552,234.166,0.175818,        25P    371
11.552,234.181,0.1799,11.552,234.187,0.1815,11.552,234.19,            25P    372
0.182333,11.552,234.195,0.186336,11.552,234.197,0.196501,11.552,      25P    373
234.192,0.205453,11.552,234.186,0.207683,11.552,234.176,              25P    374
0.206825,11.552,234.16,0.205243,11.552,234.131,0.20174,11.552,        25P    375
234.093,0.19587,11.552,234.046,0.186437,11.552,233.994,0.173136,      25P    376
11.552,233.939,0.155924,11.552,233.885,0.13563,11.552,233.833,        25P    377
0.112404,11.552,233.782,0.0861729,11.552,233.733,0.0572779,           25P    378
11.552,233.686,0.0251693,11.552,233.642,-0.0103544,11.552,            25P    379
233.601,-0.0492088,11.552,233.562,-0.0909207,11.552,233.527,          25P    380
-0.135496,11.552,233.497,-0.180115,11.552,233.473,-0.221353,          25P    381
11.552,233.456,-0.255392,11.552,233.445,-0.281545,11.552,             25P    382
233.439,-0.296267,11.552,233.436,-0.3022,11.552,0.,1.91346,0.,        25P    383
0.,0.;                                                                25P    384
126,55,3,0,1,1,0,0.,0.,0.,0.,0.00489391,0.00978781,0.0146817,         27P    385
0.0195724,0.0195724,0.0195724,0.0371656,0.0634588,0.0985657,          27P    386
0.14241,0.195103,0.247812,0.300554,0.353295,0.40608,0.458825,         27P    387
0.511577,0.564304,0.617041,0.669746,0.722494,0.775187,0.819095,       27P    388
0.854202,0.880539,0.898104,0.898104,0.907313,0.916558,0.925802,       27P    389
0.935047,0.935047,0.935047,0.953647,0.981556,1.01873,1.06519,         27P    390
1.1209,1.17673,1.2325,1.28829,1.34404,1.3999,1.45571,1.51147,         27P    391
1.56727,1.62307,1.67886,1.73455,1.78099,1.81804,1.84582,1.86431,      27P    392
1.86431,1.86431,1.86431,1.,1.,1.,1.,1.,1.,1.,1.,1.,1.,1.,1.,1.,       27P    393
1.,1.,1.,1.,1.,1.,1.,1.,1.,1.,1.,1.,1.,1.,1.,1.,1.,1.,1.,1.,1.,       27P    394
1.,1.,1.,1.,1.,1.,1.,1.,1.,1.,1.,1.,1.,1.,1.,1.,1.,1.,1.,1.,1.,       27P    395
1.,233.43,-0.2816,10.768,233.429,-0.2831,10.768,233.429,              27P    396
-0.286701,10.768,233.432,-0.29084,10.768,233.437,-0.291869,           27P    397
10.768,233.441,-0.290047,10.768,233.442,-0.2888,10.768,233.445,       27P    398
-0.284313,10.768,233.455,-0.273173,10.768,233.472,-0.253327,          27P    399
10.768,233.496,-0.227435,10.768,233.526,-0.196025,10.768,             27P    400
233.562,-0.161643,10.768,233.602,-0.126732,10.768,233.643,            27P    401
-0.0933766,10.768,233.685,-0.0619481,10.768,233.729,-0.0319781,       27P    402
10.768,233.773,-0.00398032,10.768,233.819,0.0220964,10.768,           27P    403
233.866,0.0457692,10.768,233.915,0.067229,10.768,233.964,             27P    404
0.0860928,10.768,234.014,0.102623,10.768,234.062,0.115807,            27P    405
10.768,234.105,0.12568,10.768,234.139,0.13211,10.768,234.165,         27P    406
0.136361,10.768,234.18,0.138353,10.768,234.189,0.139491,10.768,       27P    407
234.195,0.142654,10.768,234.198,0.152344,10.768,234.194,0.16153,      27P    408
10.768,234.187,0.164092,10.768,234.184,0.1641,10.768,234.178,         27P    409
0.164116,10.768,234.162,0.164022,10.768,234.135,0.163395,10.768,      27P    410
234.097,0.161028,10.768,234.051,0.156175,10.768,233.999,              27P    411
0.147703,10.768,233.945,0.135673,10.768,233.891,0.120229,10.768,      27P    412
233.838,0.101604,10.768,233.787,0.079969,10.768,233.737,              27P    413
0.0554316,10.768,233.689,0.0271518,10.768,233.643,-0.00498307,        27P    414
10.768,233.6,-0.0408574,10.768,233.56,-0.079986,10.768,233.524,       27P    415
-0.122173,10.768,233.493,-0.164827,10.768,233.468,-0.204153,          27P    416
10.768,233.451,-0.236845,10.768,233.438,-0.261836,10.768,             27P    417
233.432,-0.275932,10.768,233.43,-0.2816,10.768,0.,1.86431,0.,0.,      27P    418
0.;                                                                   27P    419
128,217,12,3,3,1,0,1,0,0,0.,0.,0.,0.,0.00489391,0.00601627,           29P    420
0.00978781,0.01105,0.0120325,0.0146817,0.0160506,0.0174515,           29P    421
0.0195724,0.0195724,0.0206336,0.0206336,0.0220826,0.0220826,          29P    422
0.0232784,0.0232784,0.0371656,0.0383335,0.0397947,0.041011,           29P    423
0.0634588,0.0648513,0.0663517,0.0674475,0.0985657,0.100215,           29P    424
0.101814,0.103063,0.141209,0.14241,0.144323,0.146082,0.191372,        29P    425
0.195103,0.196331,0.198369,0.199578,0.241658,0.247812,0.249122,       29P    426
0.250345,0.251508,0.252754,0.291981,0.300554,0.302002,0.303372,       29P    427
0.304611,0.305801,0.34256,0.353295,0.354931,0.356405,0.35768,         29P    428
0.358997,0.393368,0.40608,0.407827,0.409402,0.410727,0.412144,        29P    429
0.444491,0.458825,0.460579,0.462351,0.463776,0.465258,0.496102,       29P    430
0.511577,0.513456,0.515237,0.516848,0.517904,0.548106,0.564304,       29P    431
0.566292,0.568214,0.569946,0.571077,0.600703,0.617041,0.619118,       29P    432
0.621113,0.622964,0.624213,0.654019,0.669746,0.671928,0.674143,       29P    433
0.676016,0.677285,0.708121,0.722494,0.724625,0.726965,0.729013,       29P    434
0.730432,0.763074,0.775187,0.777488,0.779921,0.78199,0.783478,        29P    435
0.809656,0.819095,0.821427,0.823968,0.826226,0.827735,0.847409,       29P    436
0.854202,0.855428,0.85656,0.859234,0.861513,0.863203,0.876095,        29P    437
0.880539,0.882955,0.88568,0.888101,0.889721,0.895306,0.895306,        29P    438
0.898104,0.898104,0.900509,0.900509,0.903268,0.903268,0.905755,       29P    439
0.905755,0.907313,0.907313,0.909295,0.911642,0.913798,0.915166,       29P    440
0.916558,0.918057,0.92004,0.921831,0.922995,0.925802,0.926818,        29P    441
0.928439,0.929863,0.931206,0.935047,0.935047,0.936837,0.936837,       29P    442
0.937896,0.937896,0.939081,0.939081,0.953647,0.955289,0.956436,       29P    443
0.959375,0.981556,0.983102,0.984879,0.989614,1.01873,1.02019,         29P    444
1.02189,1.02955,1.06519,1.06642,1.06817,1.07876,1.1209,1.12208,       29P    445
1.12367,1.13683,1.17673,1.17851,1.18003,1.19404,1.2325,1.23408,       29P    446
1.23588,1.25035,1.28829,1.28967,1.29146,1.306,1.34404,1.34521,        29P    447
1.34707,1.36092,1.3999,1.40134,1.40255,1.41529,1.45571,1.4569,        29P    448
1.51147,1.51265,1.52294,1.56727,1.56853,1.57642,1.62307,1.62982,      29P    449
1.67886,1.68334,1.73455,1.7371,1.78099,1.78216,1.81804,1.84582,       29P    450
1.86431,1.86431,1.86431,1.86431,0.,0.,0.,0.,0.074757,0.16531,         29P    451
0.249383,0.328608,0.404609,0.556115,0.636502,0.724741,0.800117,       29P    452
0.935209,0.935209,0.935209,0.935209,1.,1.,1.,1.,1.,1.,1.,1.,1.,       29P    453
1.,1.,1.,1.,1.,1.,1.,1.,1.,1.,1.,1.,1.,1.,1.,1.,1.,1.,1.,1.,1.,       29P    454
1.,1.,1.,1.,1.,1.,1.,1.,1.,1.,1.,1.,1.,1.,1.,1.,1.,1.,1.,1.,1.,       29P    455
1.,1.,1.,1.,1.,1.,1.,1.,1.,1.,1.,1.,1.,1.,1.,1.,1.,1.,1.,1.,1.,       29P    456
1.,1.,1.,1.,1.,1.,1.,1.,1.,1.,1.,1.,1.,1.,1.,1.,1.,1.,1.,1.,1.,       29P    457
1.,1.,1.,1.,1.,1.,1.,1.,1.,1.,1.,1.,1.,1.,1.,1.,1.,1.,1.,1.,1.,       29P    458
1.,1.,1.,1.,1.,1.,1.,1.,1.,1.,1.,1.,1.,1.,1.,1.,1.,1.,1.,1.,1.,       29P    459
1.,1.,1.,1.,1.,1.,1.,1.,1.,1.,1.,1.,1.,1.,1.,1.,1.,1.,1.,1.,1.,       29P    460
1.,1.,1.,1.,1.,1.,1.,1.,1.,1.,1.,1.,1.,1.,1.,1.,1.,1.,1.,1.,1.,       29P    461
1.,1.,1.,1.,1.,1.,1.,1.,1.,1.,1.,1.,1.,1.,1.,1.,1.,1.,1.,1.,1.,       29P    462
1.,1.,1.,1.,1.,1.,1.,1.,1.,1.,1.,1.,1.,1.,1.,1.,1.,1.,1.,1.,1.,       29P    463
1.,1.,1.,1.,1.,1.,1.,1.,1.,1.,1.,1.,1.,1.,1.,1.,1.,1.,1.,1.,1.,       29P    464
1.,1.,1.,1.,1.,1.,1.,1.,1.,1.,1.,1.,1.,1.,1.,1.,1.,1.,1.,1.,1.,       29P    465
1.,1.,1.,1.,1.,1.,1.,1.,1.,1.,1.,1.,1.,1.,1.,1.,1.,1.,1.,1.,1.,       29P    466
1.,1.,1.,1.,1.,1.,1.,1.,1.,1.,1.,1.,1.,1.,1.,1.,1.,1.,1.,1.,1.,       29P    467
1.,1.,1.,1.,1.,1.,1.,1.,1.,1.,1.,1.,1.,1.,1.,1.,1.,1.,1.,1.,1.,       29P    468
1.,1.,1.,1.,1.,1.,1.,1.,1.,1.,1.,1.,1.,1.,1.,1.,1.,1.,1.,1.,1.,       29P    469
1.,1.,1.,1.,1.,1.,1.,1.,1.,1.,1.,1.,1.,1.,1.,1.,1.,1.,1.,1.,1.,       29P    470
1.,1.,1.,1.,1.,1.,1.,1.,1.,1.,1.,1.,1.,1.,1.,1.,1.,1.,1.,1.,1.,       29P    471
1.,1.,1.,1.,1.,1.,1.,1.,1.,1.,1.,1.,1.,1.,1.,1.,1.,1.,1.,1.,1.,       29P    472
1.,1.,1.,1.,1.,1.,1.,1.,1.,1.,1.,1.,1.,1.,1.,1.,1.,1.,1.,1.,1.,       29P    473
1.,1.,1.,1.,1.,1.,1.,1.,1.,1.,1.,1.,1.,1.,1.,1.,1.,1.,1.,1.,1.,       29P    474
1.,1.,1.,1.,1.,1.,1.,1.,1.,1.,1.,1.,1.,1.,1.,1.,1.,1.,1.,1.,1.,       29P    475
1.,1.,1.,1.,1.,1.,1.,1.,1.,1.,1.,1.,1.,1.,1.,1.,1.,1.,1.,1.,1.,       29P    476
1.,1.,1.,1.,1.,1.,1.,1.,1.,1.,1.,1.,1.,1.,1.,1.,1.,1.,1.,1.,1.,       29P    477
1.,1.,1.,1.,1.,1.,1.,1.,1.,1.,1.,1.,1.,1.,1.,1.,1.,1.,1.,1.,1.,       29P    478
1.,1.,1.,1.,1.,1.,1.,1.,1.,1.,1.,1.,1.,1.,1.,1.,1.,1.,1.,1.,1.,       29P    479
1.,1.,1.,1.,1.,1.,1.,1.,1.,1.,1.,1.,1.,1.,1.,1.,1.,1.,1.,1.,1.,       29P    480
1.,1.,1.,1.,1.,1.,1.,1.,1.,1.,1.,1.,1.,1.,1.,1.,1.,1.,1.,1.,1.,       29P    481
1.,1.,1.,1.,1.,1.,1.,1.,1.,1.,1.,1.,1.,1.,1.,1.,1.,1.,1.,1.,1.,       29P    482
1.,1.,1.,1.,1.,1.,1.,1.,1.,1.,1.,1.,1.,1.,1.,1.,1.,1.,1.,1.,1.,       29P    483
1.,1.,1.,1.,1.,1.,1.,1.,1.,1.,1.,1.,1.,1.,1.,1.,1.,1.,1.,1.,1.,       29P    484
1.,1.,1.,1.,1.,1.,1.,1.,1.,1.,1.,1.,1.,1.,1.,1.,1.,1.,1.,1.,1.,       29P    485
1.,1.,1.,1.,1.,1.,1.,1.,1.,1.,1.,1.,1.,1.,1.,1.,1.,1.,1.,1.,1.,       29P    486
1.,1.,1.,1.,1.,1.,1.,1.,1.,1.,1.,1.,1.,1.,1.,1.,1.,1.,1.,1.,1.,       29P    487
1.,1.,1.,1.,1.,1.,1.,1.,1.,1.,1.,1.,1.,1.,1.,1.,1.,1.,1.,1.,1.,       29P    488
1.,1.,1.,1.,1.,1.,1.,1.,1.,1.,1.,1.,1.,1.,1.,1.,1.,1.,1.,1.,1.,       29P    489
1.,1.,1.,1.,1.,1.,1.,1.,1.,1.,1.,1.,1.,1.,1.,1.,1.,1.,1.,1.,1.,       29P    490
1.,1.,1.,1.,1.,1.,1.,1.,1.,1.,1.,1.,1.,1.,1.,1.,1.,1.,1.,1.,1.,       29P    491
1.,1.,1.,1.,1.,1.,1.,1.,1.,1.,1.,1.,1.,1.,1.,1.,1.,1.,1.,1.,1.,       29P    492
1.,1.,1.,1.,1.,1.,1.,1.,1.,1.,1.,1.,1.,1.,1.,1.,1.,1.,1.,1.,1.,       29P    493
1.,1.,1.,1.,1.,1.,1.,1.,1.,1.,1.,1.,1.,1.,1.,1.,1.,1.,1.,1.,1.,       29P    494
1.,1.,1.,1.,1.,1.,1.,1.,1.,1.,1.,1.,1.,1.,1.,1.,1.,1.,1.,1.,1.,       29P    495
1.,1.,1.,1.,1.,1.,1.,1.,1.,1.,1.,1.,1.,1.,1.,1.,1.,1.,1.,1.,1.,       29P    496
1.,1.,1.,1.,1.,1.,1.,1.,1.,1.,1.,1.,1.,1.,1.,1.,1.,1.,1.,1.,1.,       29P    497
1.,1.,1.,1.,1.,1.,1.,1.,1.,1.,1.,1.,1.,1.,1.,1.,1.,1.,1.,1.,1.,       29P    498
1.,1.,1.,1.,1.,1.,1.,1.,1.,1.,1.,1.,1.,1.,1.,1.,1.,1.,1.,1.,1.,       29P    499
1.,1.,1.,1.,1.,1.,1.,1.,1.,1.,1.,1.,1.,1.,1.,1.,1.,1.,1.,1.,1.,       29P    500
1.,1.,1.,1.,1.,1.,1.,1.,1.,1.,1.,1.,1.,1.,1.,1.,1.,1.,1.,1.,1.,       29P    501
1.,1.,1.,1.,1.,1.,1.,1.,1.,1.,1.,1.,1.,1.,1.,1.,1.,1.,1.,1.,1.,       29P    502
1.,1.,1.,1.,1.,1.,1.,1.,1.,1.,1.,1.,1.,1.,1.,1.,1.,1.,1.,1.,1.,       29P    503
1.,1.,1.,1.,1.,1.,1.,1.,1.,1.,1.,1.,1.,1.,1.,1.,1.,1.,1.,1.,1.,       29P    504
1.,1.,1.,1.,1.,1.,1.,1.,1.,1.,1.,1.,1.,1.,1.,1.,1.,1.,1.,1.,1.,       29P    505
1.,1.,1.,1.,1.,1.,1.,1.,1.,1.,1.,1.,1.,1.,1.,1.,1.,1.,1.,1.,1.,       29P    506
1.,1.,1.,1.,1.,1.,1.,1.,1.,1.,1.,1.,1.,1.,1.,1.,1.,1.,1.,1.,1.,       29P    507
1.,1.,1.,1.,1.,1.,1.,1.,1.,1.,1.,1.,1.,1.,1.,1.,1.,1.,1.,1.,1.,       29P    508
1.,1.,1.,1.,1.,1.,1.,1.,1.,1.,1.,1.,1.,1.,1.,1.,1.,1.,1.,1.,1.,       29P    509
1.,1.,1.,1.,1.,1.,1.,1.,1.,1.,1.,1.,1.,1.,1.,1.,1.,1.,1.,1.,1.,       29P    510
1.,1.,1.,1.,1.,1.,1.,1.,1.,1.,1.,1.,1.,1.,1.,1.,1.,1.,1.,1.,1.,       29P    511
1.,1.,1.,1.,1.,1.,1.,1.,1.,1.,1.,1.,1.,1.,1.,1.,1.,1.,1.,1.,1.,       29P    512
1.,1.,1.,1.,1.,1.,1.,1.,1.,1.,1.,1.,1.,1.,1.,1.,1.,1.,1.,1.,1.,       29P    513
1.,1.,1.,1.,1.,1.,1.,1.,1.,1.,1.,1.,1.,1.,1.,1.,1.,1.,1.,1.,1.,       29P    514
1.,1.,1.,1.,1.,1.,1.,1.,1.,1.,1.,1.,1.,1.,1.,1.,1.,1.,1.,1.,1.,       29P    515
1.,1.,1.,1.,1.,1.,1.,1.,1.,1.,1.,1.,1.,1.,1.,1.,1.,1.,1.,1.,1.,       29P    516
1.,1.,1.,1.,1.,1.,1.,1.,1.,1.,1.,1.,1.,1.,1.,1.,1.,1.,1.,1.,1.,       29P    517
1.,1.,1.,1.,1.,1.,1.,1.,1.,1.,1.,1.,1.,1.,1.,1.,1.,1.,1.,1.,1.,       29P    518
1.,1.,1.,1.,1.,1.,1.,1.,1.,1.,1.,1.,1.,1.,1.,1.,1.,1.,1.,1.,1.,       29P    519
1.,1.,1.,1.,1.,1.,1.,1.,1.,1.,1.,1.,1.,1.,1.,1.,1.,1.,1.,1.,1.,       29P    520
1.,1.,1.,1.,1.,1.,1.,1.,1.,1.,1.,1.,1.,1.,1.,1.,1.,1.,1.,1.,1.,       29P    521
1.,1.,1.,1.,1.,1.,1.,1.,1.,1.,1.,1.,1.,1.,1.,1.,1.,1.,1.,1.,1.,       29P    522
1.,1.,1.,1.,1.,1.,1.,1.,1.,1.,1.,1.,1.,1.,1.,1.,1.,1.,1.,1.,1.,       29P    523
1.,1.,1.,1.,1.,1.,1.,1.,1.,1.,1.,1.,1.,1.,1.,1.,1.,1.,1.,1.,1.,       29P    524
1.,1.,1.,1.,1.,1.,1.,1.,1.,1.,1.,1.,1.,1.,1.,1.,1.,1.,1.,1.,1.,       29P    525
1.,1.,1.,1.,1.,1.,1.,1.,1.,1.,1.,1.,1.,1.,1.,1.,1.,1.,1.,1.,1.,       29P    526
1.,1.,1.,1.,1.,1.,1.,1.,1.,1.,1.,1.,1.,1.,1.,1.,1.,1.,1.,1.,1.,       29P    527
1.,1.,1.,1.,1.,1.,1.,1.,1.,1.,1.,1.,1.,1.,1.,1.,1.,1.,1.,1.,1.,       29P    528
1.,1.,1.,1.,1.,1.,1.,1.,1.,1.,1.,1.,1.,1.,1.,1.,1.,1.,1.,1.,1.,       29P    529
1.,1.,1.,1.,1.,1.,1.,1.,1.,1.,1.,1.,1.,1.,1.,1.,1.,1.,1.,1.,1.,       29P    530
1.,1.,1.,1.,1.,1.,1.,1.,1.,1.,1.,1.,1.,1.,1.,1.,1.,1.,1.,1.,1.,       29P    531
1.,1.,1.,1.,1.,1.,1.,1.,1.,1.,1.,1.,1.,1.,1.,1.,1.,1.,1.,1.,1.,       29P    532
1.,1.,1.,1.,1.,1.,1.,1.,1.,1.,1.,1.,1.,1.,1.,1.,1.,1.,1.,1.,1.,       29P    533
1.,1.,1.,1.,1.,1.,1.,1.,1.,1.,1.,1.,1.,1.,1.,1.,1.,1.,1.,1.,1.,       29P    534
1.,1.,1.,1.,1.,1.,1.,1.,1.,1.,1.,1.,1.,1.,1.,1.,1.,1.,1.,1.,1.,       29P    535
1.,1.,1.,1.,1.,1.,1.,1.,1.,1.,1.,1.,1.,1.,1.,1.,1.,1.,1.,1.,1.,       29P    536
1.,1.,1.,1.,1.,1.,1.,1.,1.,1.,1.,1.,1.,1.,1.,1.,1.,1.,1.,1.,1.,       29P    537
1.,1.,1.,1.,1.,1.,1.,1.,1.,1.,1.,1.,1.,1.,1.,1.,1.,1.,1.,1.,1.,       29P    538
1.,1.,1.,1.,1.,1.,1.,1.,1.,1.,1.,1.,1.,1.,1.,1.,1.,1.,1.,1.,1.,       29P    539
1.,1.,1.,1.,1.,1.,1.,1.,1.,1.,1.,1.,1.,1.,1.,1.,1.,1.,1.,1.,1.,       29P    540
1.,1.,1.,1.,1.,1.,1.,1.,1.,1.,1.,1.,1.,1.,1.,1.,1.,1.,1.,1.,1.,       29P    541
1.,1.,1.,1.,1.,1.,1.,1.,1.,1.,1.,1.,1.,1.,1.,1.,1.,1.,1.,1.,1.,       29P    542
1.,1.,1.,1.,1.,1.,1.,1.,1.,1.,1.,1.,1.,1.,1.,1.,1.,1.,1.,1.,1.,       29P    543
1.,1.,1.,1.,1.,1.,1.,1.,1.,1.,1.,1.,1.,1.,1.,1.,1.,1.,1.,1.,1.,       29P    544
1.,1.,1.,1.,1.,1.,1.,1.,1.,1.,1.,1.,1.,1.,1.,1.,1.,1.,1.,1.,1.,       29P    545
1.,1.,1.,1.,1.,1.,1.,1.,1.,1.,1.,1.,1.,1.,1.,1.,1.,1.,1.,1.,1.,       29P    546
1.,1.,1.,1.,1.,1.,1.,1.,1.,1.,1.,1.,1.,1.,1.,1.,1.,1.,1.,1.,1.,       29P    547
1.,1.,1.,1.,1.,1.,1.,1.,1.,1.,1.,1.,1.,1.,1.,1.,1.,1.,1.,1.,1.,       29P    548
1.,1.,1.,1.,1.,1.,1.,1.,1.,1.,1.,1.,1.,1.,1.,1.,1.,1.,1.,1.,1.,       29P    549
1.,1.,1.,1.,1.,1.,1.,1.,1.,1.,1.,1.,1.,1.,1.,1.,1.,1.,1.,1.,1.,       29P    550
1.,1.,1.,1.,1.,1.,1.,1.,1.,1.,1.,1.,1.,1.,1.,1.,1.,1.,1.,1.,1.,       29P    551
1.,1.,1.,1.,1.,1.,1.,1.,1.,1.,1.,1.,1.,1.,1.,1.,1.,1.,1.,1.,1.,       29P    552
1.,1.,1.,1.,1.,1.,1.,1.,1.,1.,1.,1.,1.,1.,1.,1.,1.,1.,1.,1.,1.,       29P    553
1.,1.,1.,1.,1.,1.,1.,1.,1.,1.,1.,1.,1.,1.,1.,1.,1.,1.,1.,1.,1.,       29P    554
1.,1.,1.,1.,1.,1.,1.,1.,1.,1.,1.,1.,1.,1.,1.,1.,1.,1.,1.,1.,1.,       29P    555
1.,1.,1.,1.,1.,1.,1.,1.,1.,1.,1.,1.,1.,1.,1.,1.,1.,1.,1.,1.,1.,       29P    556
1.,1.,1.,1.,1.,1.,1.,1.,1.,1.,1.,1.,1.,1.,1.,1.,1.,1.,1.,1.,1.,       29P    557
1.,1.,1.,1.,1.,1.,1.,1.,1.,1.,1.,1.,1.,1.,1.,1.,1.,1.,1.,1.,1.,       29P    558
1.,1.,1.,1.,1.,1.,1.,1.,1.,1.,1.,1.,1.,1.,1.,1.,1.,1.,1.,1.,1.,       29P    559
1.,1.,1.,1.,1.,1.,1.,1.,1.,1.,1.,1.,1.,1.,1.,1.,1.,1.,1.,1.,1.,       29P    560
1.,1.,1.,1.,1.,1.,1.,1.,1.,1.,1.,1.,1.,1.,1.,1.,1.,1.,1.,1.,1.,       29P    561
1.,1.,1.,1.,1.,1.,1.,1.,1.,1.,1.,1.,1.,1.,1.,1.,1.,1.,1.,1.,1.,       29P    562
1.,1.,1.,1.,1.,1.,1.,1.,1.,1.,1.,1.,1.,1.,1.,1.,1.,1.,1.,1.,1.,       29P    563
1.,1.,1.,1.,1.,1.,1.,1.,1.,1.,1.,1.,1.,1.,1.,1.,1.,1.,1.,1.,1.,       29P    564
1.,1.,1.,1.,1.,1.,1.,1.,1.,1.,1.,1.,1.,1.,1.,1.,1.,1.,1.,1.,1.,       29P    565
1.,1.,1.,1.,1.,1.,1.,1.,1.,1.,1.,1.,1.,1.,1.,1.,1.,1.,1.,1.,1.,       29P    566
1.,1.,1.,1.,1.,1.,1.,1.,1.,1.,1.,1.,1.,1.,1.,1.,1.,1.,1.,1.,1.,       29P    567
1.,1.,1.,1.,1.,1.,1.,1.,1.,1.,1.,1.,1.,1.,1.,1.,1.,1.,1.,1.,1.,       29P    568
1.,1.,1.,1.,1.,1.,1.,1.,1.,1.,1.,1.,1.,1.,1.,1.,1.,1.,1.,1.,1.,       29P    569
1.,1.,1.,1.,1.,1.,1.,1.,1.,1.,1.,1.,1.,1.,1.,1.,1.,1.,1.,1.,1.,       29P    570
1.,1.,1.,1.,1.,1.,1.,1.,1.,1.,1.,1.,1.,1.,1.,1.,1.,1.,1.,1.,1.,       29P    571
1.,1.,1.,1.,1.,1.,1.,1.,1.,1.,1.,1.,1.,1.,1.,1.,1.,1.,1.,1.,1.,       29P    572
1.,1.,1.,1.,1.,1.,1.,1.,1.,1.,1.,1.,1.,1.,1.,1.,1.,1.,1.,1.,1.,       29P    573
1.,1.,1.,1.,1.,1.,1.,1.,1.,1.,1.,1.,1.,1.,1.,1.,1.,1.,1.,1.,1.,       29P    574
1.,1.,1.,1.,1.,1.,1.,1.,1.,1.,1.,1.,1.,1.,1.,1.,1.,1.,1.,1.,1.,       29P    575
1.,1.,1.,1.,1.,1.,1.,1.,1.,1.,1.,1.,1.,1.,1.,1.,1.,1.,1.,1.,1.,       29P    576
1.,1.,1.,1.,1.,1.,1.,1.,1.,1.,1.,1.,1.,1.,1.,1.,1.,1.,1.,1.,1.,       29P    577
1.,1.,1.,1.,1.,1.,1.,1.,1.,1.,1.,1.,1.,1.,1.,1.,1.,1.,1.,1.,1.,       29P    578
1.,1.,1.,1.,1.,1.,1.,1.,1.,1.,1.,1.,1.,1.,1.,1.,1.,1.,1.,1.,1.,       29P    579
1.,1.,1.,1.,1.,1.,1.,1.,1.,1.,1.,1.,1.,1.,1.,1.,1.,1.,1.,1.,1.,       29P    580
1.,1.,1.,1.,1.,1.,1.,1.,1.,1.,1.,1.,1.,1.,1.,1.,1.,1.,1.,1.,1.,       29P    581
1.,1.,1.,1.,1.,1.,1.,1.,1.,1.,1.,1.,1.,1.,1.,1.,1.,1.,1.,1.,1.,       29P    582
1.,1.,1.,1.,1.,1.,1.,1.,1.,1.,1.,1.,1.,1.,1.,1.,1.,1.,1.,1.,1.,       29P    583
1.,1.,1.,1.,1.,1.,1.,1.,1.,1.,1.,1.,1.,1.,1.,1.,1.,1.,1.,1.,1.,       29P    584
1.,1.,1.,1.,1.,1.,1.,1.,1.,1.,1.,1.,1.,1.,1.,1.,1.,1.,1.,1.,1.,       29P    585
1.,1.,1.,1.,1.,1.,1.,1.,1.,1.,1.,1.,1.,1.,1.,1.,1.,1.,1.,1.,1.,       29P    586
1.,1.,1.,1.,1.,1.,1.,1.,1.,1.,1.,1.,1.,1.,1.,1.,1.,1.,1.,1.,1.,       29P    587
1.,1.,1.,1.,1.,1.,1.,1.,1.,1.,1.,233.43,-0.2816,10.768,233.429,       29P    588
-0.2831,10.768,233.429,-0.285313,10.768,233.43,-0.288397,10.768,      29P    589
233.432,-0.289983,10.768,233.434,-0.290878,10.768,233.435,            29P    590
-0.291355,10.768,233.437,-0.291411,10.768,233.439,-0.290902,          29P    591
10.768,233.44,-0.290134,10.768,233.441,-0.289341,10.768,233.442,      29P    592
-0.288529,10.768,233.442,-0.288259,10.768,233.443,-0.287619,          29P    593
10.768,233.443,-0.28725,10.768,233.443,-0.286576,10.768,233.444,      29P    594
-0.286272,10.768,233.447,-0.282433,10.768,233.45,-0.278614,           29P    595
10.768,233.454,-0.27444,10.768,233.455,-0.273469,10.768,233.46,       29P    596
-0.267127,10.768,233.466,-0.26084,10.768,233.471,-0.254533,           29P    597
10.768,233.472,-0.253541,10.768,233.48,-0.245166,10.768,233.487,      29P    598
-0.236848,10.768,233.495,-0.228512,10.768,233.496,-0.227422,          29P    599
10.768,233.506,-0.217502,10.768,233.515,-0.207827,10.768,             29P    600
233.525,-0.198133,10.768,233.526,-0.196989,10.768,233.538,            29P    601
-0.185513,10.768,233.55,-0.173816,10.768,233.562,-0.162464,           29P    602
10.768,233.564,-0.160887,10.768,233.565,-0.159879,10.768,             29P    603
233.576,-0.149687,10.768,233.588,-0.138765,10.768,233.601,            29P    604
-0.128045,10.768,233.603,-0.126171,10.768,233.604,-0.125375,          29P    605
10.768,233.605,-0.124593,10.768,233.616,-0.115642,10.768,             29P    606
233.628,-0.105288,10.768,233.641,-0.0951573,10.768,233.644,           29P    607
-0.0928272,10.768,233.645,-0.0919987,10.768,233.646,-0.0912239,       29P    608
10.768,233.657,-0.0832434,10.768,233.67,-0.0735389,10.768,            29P    609
233.683,-0.0639632,10.768,233.687,-0.0612798,10.768,233.688,          29P    610
-0.060431,10.768,233.689,-0.0596449,10.768,233.699,-0.0525083,        29P    611
10.768,233.712,-0.0433202,10.768,233.726,-0.0343052,10.768,           29P    612
233.73,-0.0313724,10.768,233.732,-0.0305241,10.768,233.733,           29P    613
-0.0297375,10.768,233.743,-0.0233563,10.768,233.756,-0.0148008,       29P    614
10.768,233.77,-0.00644637,10.768,233.775,-0.00339864,10.768,          29P    615
233.777,-0.00255579,10.768,233.778,-0.00176097,10.768,233.788,        29P    616
0.00396059,10.768,233.801,0.0118817,10.768,233.816,0.0195666,         29P    617
10.768,233.821,0.0225697,10.768,233.823,0.0233941,10.768,             29P    618
233.824,0.0240876,10.768,233.834,0.0292004,10.768,233.848,            29P    619
0.0363709,10.768,233.862,0.0433771,10.768,233.868,0.0462403,          29P    620
10.768,233.87,0.0470406,10.768,233.872,0.0477171,10.768,233.881,      29P    621
0.0522978,10.768,233.896,0.058742,10.768,233.91,0.0649876,            29P    622
10.768,233.917,0.0675824,10.768,233.919,0.0683317,10.768,233.92,      29P    623
0.0689732,10.768,233.93,0.0731006,10.768,233.945,0.0787455,           29P    624
10.768,233.96,0.0841891,10.768,233.966,0.0864347,10.768,233.968,      29P    625
0.0871304,10.768,233.97,0.0877218,10.768,233.98,0.0914577,            29P    626
10.768,233.995,0.0963565,10.768,234.01,0.101025,10.768,234.016,       29P    627
0.102835,10.768,234.018,0.103457,10.768,234.02,0.104007,10.768,       29P    628
234.032,0.107408,10.768,234.047,0.111518,10.768,234.062,              29P    629
0.115409,10.768,234.067,0.116768,10.768,234.069,0.117313,10.768,      29P    630
234.071,0.117788,10.768,234.081,0.120134,10.768,234.093,              29P    631
0.122912,10.768,234.105,0.125526,10.768,234.11,0.126482,10.768,       29P    632
234.112,0.126953,10.768,234.114,0.127364,10.768,234.122,              29P    633
0.128877,10.768,234.131,0.130586,10.768,234.14,0.132184,10.768,       29P    634
234.143,0.132704,10.768,234.145,0.132988,10.768,234.147,              29P    635
0.133329,10.768,234.149,0.133696,10.768,234.155,0.13462,10.768,       29P    636
234.161,0.135623,10.768,234.168,0.136603,10.768,234.171,              29P    637
0.137066,10.768,234.173,0.137424,10.768,234.175,0.137738,10.768,      29P    638
234.179,0.138177,10.768,234.181,0.138497,10.768,234.184,              29P    639
0.138861,10.768,234.185,0.138981,10.768,234.186,0.139202,10.768,      29P    640
234.187,0.139385,10.768,234.189,0.139939,10.768,234.19,0.140332,      29P    641
10.768,234.191,0.141248,10.768,234.192,0.141753,10.768,234.193,       29P    642
0.14268,10.768,234.193,0.143062,10.768,234.194,0.143984,10.768,       29P    643
234.195,0.145195,10.768,234.196,0.147215,10.768,234.196,              29P    644
0.149168,10.768,234.197,0.15084,10.768,234.197,0.152297,10.768,       29P    645
234.196,0.153949,10.768,234.196,0.15569,10.768,234.195,0.157236,      29P    646
10.768,234.194,0.158931,10.768,234.193,0.160248,10.768,234.192,       29P    647
0.16147,10.768,234.191,0.162264,10.768,234.189,0.162966,10.768,       29P    648
234.187,0.163796,10.768,234.185,0.164097,10.768,234.184,              29P    649
0.164101,10.768,234.183,0.164102,10.768,234.182,0.164103,10.768,      29P    650
234.182,0.164103,10.768,234.181,0.164103,10.768,234.18,0.164103,      29P    651
10.768,234.175,0.164097,10.768,234.17,0.164057,10.768,234.164,        29P    652
0.163981,10.768,234.162,0.163954,10.768,234.153,0.163815,10.768,      29P    653
234.144,0.163583,10.768,234.136,0.163234,10.768,234.133,              29P    654
0.163118,10.768,234.121,0.162557,10.768,234.11,0.161761,10.768,       29P    655
234.099,0.160873,10.768,234.095,0.16057,10.768,234.08,0.15924,        29P    656
10.768,234.066,0.1576,10.768,234.053,0.155917,10.768,234.048,         29P    657
0.155317,10.768,234.03,0.152789,10.768,234.013,0.149779,10.768,       29P    658
233.998,0.146952,10.768,233.993,0.145942,10.768,233.975,              29P    659
0.142344,10.768,233.957,0.138242,10.768,233.943,0.134681,10.768,      29P    660
233.938,0.133244,10.768,233.92,0.12861,10.768,233.903,0.123463,       29P    661
10.768,233.89,0.119193,10.768,233.884,0.117361,10.768,233.867,        29P    662
0.111647,10.768,233.85,0.105506,10.768,233.837,0.100552,10.768,       29P    663
233.832,0.098409,10.768,233.815,0.0916864,10.768,233.798,             29P    664
0.0845921,10.768,233.786,0.0789214,10.768,233.781,0.0765827,          29P    665
10.768,233.764,0.0688696,10.768,233.748,0.0607322,10.768,             29P    666
233.736,0.0541534,10.768,233.731,0.0517127,10.768,233.716,            29P    667
0.0429404,10.768,233.7,0.0335879,10.768,233.673,0.016208,10.768,      29P    668
233.658,0.00526164,10.768,233.64,-0.00817199,10.768,233.625,          29P    669
-0.0196499,10.768,233.611,-0.0317405,10.768,233.598,-0.043734,        29P    670
10.768,233.584,-0.0563359,10.768,233.57,-0.0707557,10.768,            29P    671
233.547,-0.0957619,10.768,233.533,-0.111028,10.768,233.512,           29P    672
-0.138451,10.768,233.501,-0.154212,10.768,233.482,-0.181282,          29P    673
10.768,233.474,-0.194751,10.768,233.461,-0.218141,10.768,233.45,      29P    674
-0.237194,10.768,233.438,-0.261836,10.768,233.432,-0.275932,          29P    675
10.768,233.43,-0.2816,10.768,233.428,-0.276636,10.7924,233.428,       29P    676
-0.278142,10.7924,233.428,-0.280371,10.7924,233.429,-0.283502,        29P    677
10.7924,233.43,-0.285127,10.7924,233.432,-0.286062,10.7924,           29P    678
233.434,-0.286568,10.7924,233.436,-0.286643,10.7924,233.437,          29P    679
-0.286123,10.7924,233.439,-0.285332,10.7924,233.44,-0.284518,         29P    680
10.7924,233.441,-0.283689,10.7924,233.441,-0.283419,10.7924,          29P    681
233.441,-0.282786,10.7924,233.442,-0.28242,10.7924,233.442,           29P    682
-0.281753,10.7924,233.442,-0.281452,10.7924,233.446,-0.277653,        29P    683
10.7924,233.449,-0.273881,10.7924,233.453,-0.269755,10.7924,          29P    684
233.453,-0.268795,10.7924,233.459,-0.262528,10.7924,233.465,          29P    685
-0.256312,10.7924,233.47,-0.25008,10.7924,233.471,-0.249101,          29P    686
10.7924,233.479,-0.240827,10.7924,233.486,-0.232616,10.7924,          29P    687
233.494,-0.224405,10.7924,233.495,-0.223332,10.7924,233.505,          29P    688
-0.213566,10.7924,233.514,-0.204064,10.7924,233.524,-0.194547,        29P    689
10.7924,233.525,-0.193425,10.7924,233.537,-0.182162,10.7924,          29P    690
233.549,-0.170707,10.7924,233.561,-0.159592,10.7924,233.563,          29P    691
-0.158047,10.7924,233.564,-0.157061,10.7924,233.575,-0.147078,        29P    692
10.7924,233.588,-0.136352,10.7924,233.6,-0.125794,10.7924,            29P    693
233.603,-0.123948,10.7924,233.603,-0.123166,10.7924,233.604,          29P    694
-0.122397,10.7924,233.615,-0.113595,10.7924,233.628,-0.103406,        29P    695
10.7924,233.641,-0.093436,10.7924,233.644,-0.0911432,10.7924,         29P    696
233.645,-0.090328,10.7924,233.646,-0.0895656,10.7924,233.656,         29P    697
-0.0817134,10.7924,233.669,-0.0721693,10.7924,233.682,-0.062761,      29P    698
10.7924,233.686,-0.0601252,10.7924,233.687,-0.0592916,10.7924,        29P    699
233.689,-0.0585195,10.7924,233.699,-0.0515106,10.7924,233.712,        29P    700
-0.0424926,10.7924,233.725,-0.0336477,10.7924,233.73,-0.0307703,      29P    701
10.7924,233.731,-0.0299381,10.7924,233.732,-0.0291664,10.7924,        29P    702
233.742,-0.0229063,10.7924,233.756,-0.0145151,10.7924,233.77,         29P    703
-0.00632469,10.7924,233.775,-0.00333727,10.7924,233.776,              29P    704
-0.00251113,10.7924,233.778,-0.00173208,10.7924,233.787,              29P    705
0.00387582,10.7924,233.801,0.0116374,10.7924,233.815,0.0191635,       29P    706
10.7924,233.821,0.0221039,10.7924,233.822,0.022911,10.7924,           29P    707
233.824,0.0235899,10.7924,233.833,0.0285951,10.7924,233.847,          29P    708
0.0356103,10.7924,233.862,0.0424552,10.7924,233.868,0.0452505,        29P    709
10.7924,233.87,0.0460317,10.7924,233.871,0.046692,10.7924,            29P    710
233.881,0.0511626,10.7924,233.895,0.0574454,10.7924,233.91,           29P    711
0.0635331,10.7924,233.916,0.0660629,10.7924,233.918,0.0667934,        29P    712
10.7924,233.92,0.0674188,10.7924,233.93,0.0714429,10.7924,            29P    713
233.944,0.0769461,10.7924,233.959,0.0822365,10.7924,233.966,          29P    714
0.0844146,10.7924,233.968,0.0850891,10.7924,233.969,0.0856623,        29P    715
10.7924,233.98,0.0892814,10.7924,233.995,0.0940119,10.7924,           29P    716
234.01,0.0985226,10.7924,234.016,0.100274,10.7924,234.018,            29P    717
0.100876,10.7924,234.02,0.101408,10.7924,234.031,0.104701,            29P    718
10.7924,234.046,0.108687,10.7924,234.061,0.112431,10.7924,            29P    719
234.067,0.113734,10.7924,234.069,0.114255,10.7924,234.071,            29P    720
0.11471,10.7924,234.08,0.116949,10.7924,234.092,0.119583,             29P    721
10.7924,234.105,0.122066,10.7924,234.109,0.122977,10.7924,            29P    722
234.112,0.123425,10.7924,234.114,0.123817,10.7924,234.121,            29P    723
0.12526,10.7924,234.13,0.126894,10.7924,234.14,0.128409,10.7924,      29P    724
234.143,0.1289,10.7924,234.144,0.129168,10.7924,234.146,              29P    725
0.129488,10.7924,234.148,0.129834,10.7924,234.154,0.130701,           29P    726
10.7924,234.16,0.131638,10.7924,234.167,0.132556,10.7924,234.17,      29P    727
0.132991,10.7924,234.172,0.133328,10.7924,234.174,0.133624,           29P    728
10.7924,234.178,0.134039,10.7924,234.18,0.134342,10.7924,             29P    729
234.183,0.134687,10.7924,234.184,0.134801,10.7924,234.185,            29P    730
0.135011,10.7924,234.186,0.135149,10.7924,234.188,0.135528,           29P    731
10.7924,234.189,0.135854,10.7924,234.19,0.136681,10.7924,             29P    732
234.191,0.13715,10.7924,234.192,0.138022,10.7924,234.193,             29P    733
0.138384,10.7924,234.193,0.139263,10.7924,234.194,0.140423,           29P    734
10.7924,234.195,0.142387,10.7924,234.196,0.144303,10.7924,            29P    735
234.196,0.145956,10.7924,234.196,0.147403,10.7924,234.196,            29P    736
0.149056,10.7924,234.196,0.150809,10.7924,234.195,0.152378,           29P    737
10.7924,234.194,0.154114,10.7924,234.193,0.155481,10.7924,            29P    738
234.192,0.156771,10.7924,234.191,0.157613,10.7924,234.189,            29P    739
0.158358,10.7924,234.187,0.159241,10.7924,234.185,0.159558,           29P    740
10.7924,234.183,0.159549,10.7924,234.183,0.159551,10.7924,            29P    741
234.182,0.159563,10.7924,234.182,0.159568,10.7924,234.181,            29P    742
0.159577,10.7924,234.18,0.159581,10.7924,234.175,0.159637,            29P    743
10.7924,234.17,0.159655,10.7924,234.164,0.159631,10.7924,             29P    744
234.162,0.159621,10.7924,234.153,0.159557,10.7924,234.145,            29P    745
0.159385,10.7924,234.136,0.159106,10.7924,234.133,0.159013,           29P    746
10.7924,234.122,0.158556,10.7924,234.11,0.157879,10.7924,             29P    747
234.099,0.157088,10.7924,234.096,0.156816,10.7924,234.081,            29P    748
0.155615,10.7924,234.066,0.154088,10.7924,234.053,0.152519,           29P    749
10.7924,234.049,0.151961,10.7924,234.031,0.149603,10.7924,            29P    750
234.013,0.146782,10.7924,233.999,0.144105,10.7924,233.994,            29P    751
0.143148,10.7924,233.976,0.139728,10.7924,233.958,0.135797,           29P    752
10.7924,233.944,0.132379,10.7924,233.939,0.130998,10.7924,            29P    753
233.921,0.126545,10.7924,233.904,0.121588,10.7924,233.891,            29P    754
0.117467,10.7924,233.885,0.115698,10.7924,233.868,0.110179,           29P    755
10.7924,233.851,0.104228,10.7924,233.838,0.0994087,10.7924,           29P    756
233.833,0.0973229,10.7924,233.816,0.0907716,10.7924,233.8,            29P    757
0.0838416,10.7924,233.787,0.0783106,10.7924,233.782,0.0760297,        29P    758
10.7924,233.766,0.068511,10.7924,233.749,0.0605798,10.7924,           29P    759
233.737,0.0541508,10.7924,233.733,0.0517652,10.7924,233.717,          29P    760
0.043184,10.7924,233.701,0.0340127,10.7924,233.674,0.0169557,         29P    761
10.7924,233.659,0.00620258,10.7924,233.641,-0.00698997,10.7924,       29P    762
233.627,-0.0182613,10.7924,233.612,-0.0301335,10.7924,233.599,        29P    763
-0.0419166,10.7924,233.585,-0.0542986,10.7924,233.571,-0.068478,      29P    764
10.7924,233.547,-0.0931109,10.7924,233.534,-0.10817,10.7924,          29P    765
233.512,-0.135196,10.7924,233.501,-0.150719,10.7924,233.482,          29P    766
-0.177456,10.7924,233.474,-0.190788,10.7924,233.46,-0.213908,         29P    767
10.7924,233.45,-0.23272,10.7924,233.437,-0.257075,10.7924,            29P    768
233.431,-0.271028,10.7924,233.428,-0.276636,10.7924,233.425,          29P    769
-0.265646,10.8463,233.425,-0.267159,10.8463,233.424,-0.269423,        29P    770
10.8463,233.426,-0.272639,10.8463,233.427,-0.274332,10.8463,          29P    771
233.429,-0.275346,10.8463,233.43,-0.275916,10.8463,233.432,           29P    772
-0.276046,10.8463,233.434,-0.275556,10.8463,233.436,-0.27477,         29P    773
10.8463,233.437,-0.273942,10.8463,233.437,-0.273095,10.8463,          29P    774
233.438,-0.272812,10.8463,233.438,-0.272191,10.8463,233.439,          29P    775
-0.271833,10.8463,233.439,-0.271184,10.8463,233.439,-0.270891,        29P    776
10.8463,233.443,-0.267199,10.8463,233.446,-0.263553,10.8463,          29P    777
233.45,-0.259555,10.8463,233.451,-0.258625,10.8463,233.456,           29P    778
-0.252544,10.8463,233.462,-0.246489,10.8463,233.468,-0.240442,        29P    779
10.8463,233.469,-0.239491,10.8463,233.476,-0.23146,10.8463,           29P    780
233.484,-0.223482,10.8463,233.492,-0.215564,10.8463,233.493,          29P    781
-0.214529,10.8463,233.503,-0.205111,10.8463,233.512,-0.195962,        29P    782
10.8463,233.522,-0.186834,10.8463,233.523,-0.185757,10.8463,          29P    783
233.535,-0.17496,10.8463,233.547,-0.164018,10.8463,233.56,            29P    784
-0.153424,10.8463,233.561,-0.151952,10.8463,233.562,-0.15101,         29P    785
10.8463,233.574,-0.141465,10.8463,233.586,-0.131169,10.8463,          29P    786
233.599,-0.120976,10.8463,233.601,-0.119193,10.8463,233.602,          29P    787
-0.118445,10.8463,233.603,-0.117706,10.8463,233.614,-0.109237,        29P    788
10.8463,233.627,-0.0994183,10.8463,233.64,-0.0898075,10.8463,         29P    789
233.643,-0.0875972,10.8463,233.644,-0.0868164,10.8463,233.645,        29P    790
-0.0860819,10.8463,233.655,-0.0785171,10.8463,233.668,                29P    791
-0.0693292,10.8463,233.682,-0.0602862,10.8463,233.685,                29P    792
-0.0577541,10.8463,233.687,-0.056959,10.8463,233.688,-0.0562178,      29P    793
10.8463,233.698,-0.0494897,10.8463,233.711,-0.0408447,10.8463,        29P    794
233.725,-0.0323664,10.8463,233.729,-0.0296078,10.8463,233.731,        29P    795
-0.0288158,10.8463,233.732,-0.0280763,10.8463,233.742,                29P    796
-0.0220781,10.8463,233.755,-0.0140389,10.8463,233.769,                29P    797
-0.00619536,10.8463,233.774,-0.00333499,10.8463,233.776,              29P    798
-0.0025496,10.8463,233.777,-0.00180416,10.8463,233.787,               29P    799
0.00356114,10.8463,233.801,0.010982,10.8463,233.815,0.0181744,        29P    800
10.8463,233.82,0.0209843,10.8463,233.822,0.021755,10.8463,            29P    801
233.823,0.0224037,10.8463,233.833,0.0271827,10.8463,233.847,          29P    802
0.0338754,10.8463,233.861,0.0403861,10.8463,233.867,0.0430406,        29P    803
10.8463,233.869,0.0437823,10.8463,233.871,0.0444095,10.8463,          29P    804
233.88,0.0486516,10.8463,233.895,0.0545984,10.8463,233.909,           29P    805
0.0603575,10.8463,233.916,0.062752,10.8463,233.917,0.0634436,         29P    806
10.8463,233.919,0.0640361,10.8463,233.929,0.0678463,10.8463,          29P    807
233.944,0.073059,10.8463,233.959,0.0780423,10.8463,233.965,           29P    808
0.0800864,10.8463,233.967,0.0807188,10.8463,233.968,0.0812562,        29P    809
10.8463,233.979,0.0846447,10.8463,233.994,0.0890461,10.8463,          29P    810
234.009,0.0932445,10.8463,234.015,0.0948778,10.8463,234.017,          29P    811
0.0954393,10.8463,234.019,0.0959368,10.8463,234.03,0.0990121,         29P    812
10.8463,234.045,0.102745,10.8463,234.06,0.1062,10.8463,234.065,       29P    813
0.107393,10.8463,234.067,0.107869,10.8463,234.069,0.108284,           29P    814
10.8463,234.079,0.110322,10.8463,234.091,0.112687,10.8463,            29P    815
234.103,0.114925,10.8463,234.108,0.115748,10.8463,234.11,             29P    816
0.116154,10.8463,234.112,0.11651,10.8463,234.12,0.117821,             29P    817
10.8463,234.129,0.11931,10.8463,234.138,0.120667,10.8463,             29P    818
234.141,0.121102,10.8463,234.142,0.12134,10.8463,234.144,             29P    819
0.121623,10.8463,234.146,0.121928,10.8463,234.152,0.122688,           29P    820
10.8463,234.158,0.123502,10.8463,234.165,0.124303,10.8463,            29P    821
234.168,0.124685,10.8463,234.17,0.124982,10.8463,234.172,             29P    822
0.125244,10.8463,234.176,0.125612,10.8463,234.178,0.125881,           29P    823
10.8463,234.181,0.126189,10.8463,234.182,0.12629,10.8463,             29P    824
234.183,0.126478,10.8463,234.184,0.12654,10.8463,234.186,             29P    825
0.126623,10.8463,234.187,0.126825,10.8463,234.188,0.127467,           29P    826
10.8463,234.189,0.127848,10.8463,234.19,0.128574,10.8463,             29P    827
234.191,0.128885,10.8463,234.192,0.129652,10.8463,234.193,            29P    828
0.130684,10.8463,234.194,0.132497,10.8463,234.195,0.134315,           29P    829
10.8463,234.195,0.135911,10.8463,234.195,0.137327,10.8463,            29P    830
234.196,0.138965,10.8463,234.195,0.140731,10.8463,234.195,            29P    831
0.142344,10.8463,234.194,0.144155,10.8463,234.193,0.145617,           29P    832
10.8463,234.192,0.147041,10.8463,234.191,0.147967,10.8463,            29P    833
234.189,0.148809,10.8463,234.187,0.149817,10.8463,234.185,            29P    834
0.150197,10.8463,234.183,0.150208,10.8463,234.183,0.150222,           29P    835
10.8463,234.182,0.150261,10.8463,234.182,0.150273,10.8463,            29P    836
234.181,0.150298,10.8463,234.18,0.150312,10.8463,234.175,             29P    837
0.150482,10.8463,234.17,0.150608,10.8463,234.164,0.150685,            29P    838
10.8463,234.162,0.150707,10.8463,234.154,0.150786,10.8463,            29P    839
234.145,0.150734,10.8463,234.136,0.15059,10.8463,234.134,             29P    840
0.15054,10.8463,234.122,0.150284,10.8463,234.111,0.149836,            29P    841
10.8463,234.1,0.149234,10.8463,234.096,0.149025,10.8463,234.082,      29P    842
0.148076,10.8463,234.067,0.146776,10.8463,234.055,0.145432,           29P    843
10.8463,234.05,0.144953,10.8463,234.032,0.142927,10.8463,             29P    844
234.015,0.140469,10.8463,234.,0.138089,10.8463,233.995,0.137237,      29P    845
10.8463,233.978,0.134173,10.8463,233.96,0.130595,10.8463,             29P    846
233.946,0.127468,10.8463,233.941,0.126205,10.8463,233.924,            29P    847
0.122123,10.8463,233.907,0.117552,10.8463,233.893,0.113734,           29P    848
10.8463,233.888,0.112095,10.8463,233.871,0.106972,10.8463,            29P    849
233.854,0.101411,10.8463,233.841,0.0968739,10.8463,233.836,           29P    850
0.0949091,10.8463,233.819,0.0887225,10.8463,233.803,0.0821463,        29P    851
10.8463,233.79,0.0769038,10.8463,233.785,0.0747422,10.8463,           29P    852
233.769,0.0676214,10.8463,233.752,0.0601083,10.8463,233.74,           29P    853
0.05399,10.8463,233.736,0.051719,10.8463,233.72,0.0435391,            29P    854
10.8463,233.704,0.0347612,10.8463,233.677,0.0184205,10.8463,          29P    855
233.661,0.00810393,10.8463,233.644,-0.00455321,10.8463,233.629,       29P    856
-0.0153672,10.8463,233.615,-0.0267608,10.8463,233.601,                29P    857
-0.0380818,10.8463,233.587,-0.049981,10.8463,233.572,-0.0636298,      29P    858
10.8463,233.549,-0.0874189,10.8463,233.535,-0.102,10.8463,            29P    859
233.513,-0.128128,10.8463,233.501,-0.143122,10.8463,233.482,          29P    860
-0.169083,10.8463,233.473,-0.18208,10.8463,233.459,-0.204573,         29P    861
10.8463,233.448,-0.222849,10.8463,233.435,-0.246553,10.8463,          29P    862
233.428,-0.260174,10.8463,233.425,-0.265646,10.8463,233.418,          29P    863
-0.244672,10.9265,233.418,-0.246102,10.9265,233.417,-0.248288,        29P    864
10.9265,233.418,-0.251594,10.9265,233.42,-0.25341,10.9265,            29P    865
233.421,-0.254464,10.9265,233.423,-0.255076,10.9265,233.424,          29P    866
-0.255302,10.9265,233.426,-0.25509,10.9265,233.428,-0.254699,         29P    867
10.9265,233.428,-0.254286,10.9265,233.429,-0.253887,10.9265,          29P    868
233.429,-0.253748,10.9265,233.43,-0.253196,10.9265,233.43,            29P    869
-0.252875,10.9265,233.431,-0.252278,10.9265,233.431,-0.252008,        29P    870
10.9265,233.434,-0.248592,10.9265,233.438,-0.245142,10.9265,          29P    871
233.442,-0.241401,10.9265,233.443,-0.240532,10.9265,233.449,          29P    872
-0.234868,10.9265,233.454,-0.229327,10.9265,233.46,-0.223732,         29P    873
10.9265,233.461,-0.222854,10.9265,233.469,-0.215452,10.9265,          29P    874
233.477,-0.208239,10.9265,233.486,-0.200843,10.9265,233.487,          29P    875
-0.199877,10.9265,233.497,-0.191083,10.9265,233.507,-0.182545,        29P    876
10.9265,233.517,-0.173913,10.9265,233.518,-0.172894,10.9265,          29P    877
233.531,-0.162653,10.9265,233.544,-0.152028,10.9265,233.557,          29P    878
-0.14188,10.9265,233.559,-0.140472,10.9265,233.56,-0.139583,          29P    879
10.9265,233.572,-0.130594,10.9265,233.584,-0.120991,10.9265,          29P    880
233.597,-0.111903,10.9265,233.599,-0.110325,10.9265,233.6,            29P    881
-0.109608,10.9265,233.601,-0.108926,10.9265,233.612,-0.101122,        29P    882
10.9265,233.625,-0.0921651,10.9265,233.638,-0.0833768,10.9265,        29P    883
233.641,-0.0813532,10.9265,233.643,-0.0806122,10.9265,233.644,        29P    884
-0.079937,10.9265,233.654,-0.0729815,10.9265,233.667,-0.0644733,      29P    885
10.9265,233.681,-0.0561309,10.9265,233.685,-0.0537996,10.9265,        29P    886
233.686,-0.0530387,10.9265,233.687,-0.0523552,10.9265,233.697,        29P    887
-0.0461516,10.9265,233.711,-0.0382156,10.9265,233.725,                29P    888
-0.0304542,10.9265,233.729,-0.0279302,10.9265,233.73,-0.0271759,      29P    889
10.9265,233.732,-0.0264974,10.9265,233.742,-0.0209905,10.9265,        29P    890
233.755,-0.0136019,10.9265,233.769,-0.00640605,10.9265,233.774,       29P    891
-0.00378491,10.9265,233.776,-0.00303693,10.9265,233.777,              29P    892
-0.00235196,10.9265,233.787,0.00257997,10.9265,233.801,               29P    893
0.00939925,10.9265,233.815,0.015964,10.9265,233.82,0.0185187,         29P    894
10.9265,233.822,0.0192214,10.9265,233.823,0.0198101,10.9265,          29P    895
233.833,0.0241624,10.9265,233.847,0.0302238,10.9265,233.862,          29P    896
0.0361189,10.9265,233.868,0.0385267,10.9265,233.869,0.0391996,        29P    897
10.9265,233.871,0.0397662,10.9265,233.881,0.043617,10.9265,           29P    898
233.895,0.0490349,10.9265,233.909,0.0542747,10.9265,233.916,          29P    899
0.0564487,10.9265,233.917,0.057076,10.9265,233.919,0.0576112,         29P    900
10.9265,233.929,0.0610635,10.9265,233.943,0.0657651,10.9265,          29P    901
233.958,0.0702638,10.9265,233.965,0.0721131,10.9265,233.966,          29P    902
0.0726855,10.9265,233.968,0.0731698,10.9265,233.979,0.0762384,        29P    903
10.9265,233.993,0.0802353,10.9265,234.008,0.0839979,10.9265,          29P    904
234.014,0.0854495,10.9265,234.016,0.0859472,10.9265,234.018,          29P    905
0.0863852,10.9265,234.029,0.0890995,10.9265,234.044,0.0923391,        29P    906
10.9265,234.059,0.0953771,10.9265,234.064,0.0964364,10.9265,          29P    907
234.066,0.0968603,10.9265,234.068,0.0972288,10.9265,234.077,          29P    908
0.0990533,10.9265,234.089,0.101205,10.9265,234.101,0.103194,          29P    909
10.9265,234.106,0.103915,10.9265,234.108,0.104268,10.9265,            29P    910
234.11,0.104574,10.9265,234.118,0.1057,10.9265,234.127,0.106947,      29P    911
10.9265,234.136,0.108109,10.9265,234.139,0.108487,10.9265,            29P    912
234.14,0.108694,10.9265,234.142,0.108943,10.9265,234.144,             29P    913
0.109212,10.9265,234.15,0.10989,10.9265,234.156,0.110631,             29P    914
10.9265,234.162,0.111342,10.9265,234.165,0.111674,10.9265,            29P    915
234.168,0.111928,10.9265,234.17,0.112145,10.9265,234.173,             29P    916
0.112448,10.9265,234.175,0.112663,10.9265,234.178,0.112904,           29P    917
10.9265,234.179,0.112984,10.9265,234.181,0.113128,10.9265,            29P    918
234.181,0.1132,10.9265,234.183,0.113365,10.9265,234.184,0.11341,      29P    919
10.9265,234.186,0.113423,10.9265,234.186,0.113567,10.9265,            29P    920
234.188,0.114004,10.9265,234.188,0.1142,10.9265,234.189,              29P    921
0.114707,10.9265,234.19,0.11544,10.9265,234.192,0.116875,             29P    922
10.9265,234.193,0.118463,10.9265,234.194,0.11993,10.9265,             29P    923
234.194,0.121272,10.9265,234.195,0.122875,10.9265,234.195,            29P    924
0.124642,10.9265,234.195,0.126276,10.9265,234.194,0.128138,           29P    925
10.9265,234.194,0.129658,10.9265,234.193,0.131158,10.9265,            29P    926
234.192,0.132224,10.9265,234.191,0.13318,10.9265,234.189,             29P    927
0.134415,10.9265,234.187,0.135068,10.9265,234.186,0.135487,           29P    928
10.9265,234.185,0.135562,10.9265,234.184,0.135584,10.9265,            29P    929
234.184,0.135599,10.9265,234.183,0.135634,10.9265,234.183,            29P    930
0.135652,10.9265,234.178,0.13589,10.9265,234.172,0.136096,            29P    931
10.9265,234.167,0.136277,10.9265,234.165,0.136335,10.9265,            29P    932
234.156,0.136581,10.9265,234.148,0.136727,10.9265,234.14,             29P    933
0.136753,10.9265,234.137,0.136756,10.9265,234.126,0.136725,           29P    934
10.9265,234.114,0.136473,10.9265,234.104,0.136105,10.9265,234.1,      29P    935
0.135978,10.9265,234.086,0.135393,10.9265,234.071,0.13455,            29P    936
10.9265,234.059,0.133576,10.9265,234.054,0.133228,10.9265,            29P    937
234.037,0.131723,10.9265,234.02,0.129761,10.9265,234.005,             29P    938
0.127743,10.9265,234.,0.12702,10.9265,233.982,0.124393,10.9265,       29P    939
233.964,0.121247,10.9265,233.95,0.118467,10.9265,233.945,             29P    940
0.117344,10.9265,233.927,0.113711,10.9265,233.91,0.109647,            29P    941
10.9265,233.897,0.106279,10.9265,233.892,0.104833,10.9265,            29P    942
233.875,0.100319,10.9265,233.858,0.0954232,10.9265,233.845,           29P    943
0.0914056,10.9265,233.84,0.0896649,10.9265,233.823,0.0841663,         29P    944
10.9265,233.807,0.078274,10.9265,233.795,0.073561,10.9265,            29P    945
233.79,0.0716165,10.9265,233.773,0.0651919,10.9265,233.757,           29P    946
0.0583762,10.9265,233.745,0.0528477,10.9265,233.741,0.0507961,        29P    947
10.9265,233.725,0.0434123,10.9265,233.709,0.0354894,10.9265,          29P    948
233.682,0.0206427,10.9265,233.666,0.0112143,10.9265,233.648,          29P    949
-0.000399201,10.9265,233.633,-0.0103295,10.9265,233.619,              29P    950
-0.0208356,10.9265,233.605,-0.0313277,10.9265,233.591,                29P    951
-0.0423659,10.9265,233.575,-0.0550784,10.9265,233.551,                29P    952
-0.0771664,10.9265,233.536,-0.0906825,10.9265,233.513,-0.115094,      29P    953
10.9265,233.501,-0.129197,10.9265,233.48,-0.153518,10.9265,           29P    954
233.471,-0.165659,10.9265,233.455,-0.18678,10.9265,233.443,           29P    955
-0.204011,10.9265,233.429,-0.226572,10.9265,233.421,-0.23948,         29P    956
10.9265,233.418,-0.244672,10.9265,233.416,-0.231825,11.0103,          29P    957
233.415,-0.233277,11.0103,233.414,-0.235656,11.0103,233.415,          29P    958
-0.238923,11.0103,233.416,-0.240628,11.0103,233.418,-0.241799,        29P    959
11.0103,233.419,-0.24255,11.0103,233.42,-0.243,11.0103,233.422,       29P    960
-0.243159,11.0103,233.423,-0.242962,11.0103,233.425,-0.242458,        29P    961
11.0103,233.426,-0.241766,11.0103,233.426,-0.241308,11.0103,          29P    962
233.427,-0.240719,11.0103,233.427,-0.240388,11.0103,233.428,          29P    963
-0.239824,11.0103,233.428,-0.23957,11.0103,233.432,-0.236389,         29P    964
11.0103,233.435,-0.233386,11.0103,233.439,-0.229974,11.0103,          29P    965
233.44,-0.229174,11.0103,233.446,-0.223911,11.0103,233.452,           29P    966
-0.21839,11.0103,233.458,-0.21309,11.0103,233.459,-0.212254,          29P    967
11.0103,233.467,-0.205168,11.0103,233.476,-0.197882,11.0103,          29P    968
233.484,-0.190996,11.0103,233.485,-0.190092,11.0103,233.495,          29P    969
-0.181837,11.0103,233.506,-0.173456,11.0103,233.516,-0.165457,        29P    970
11.0103,233.517,-0.164517,11.0103,233.53,-0.155084,11.0103,           29P    971
233.543,-0.145452,11.0103,233.555,-0.136386,11.0103,233.557,          29P    972
-0.135131,11.0103,233.558,-0.134297,11.0103,233.57,-0.125851,         29P    973
11.0103,233.583,-0.116816,11.0103,233.596,-0.107817,11.0103,          29P    974
233.598,-0.10624,11.0103,233.599,-0.105653,11.0103,233.6,             29P    975
-0.105006,11.0103,233.611,-0.097591,11.0103,233.625,-0.0889927,       29P    976
11.0103,233.638,-0.0805115,11.0103,233.641,-0.0785571,11.0103,        29P    977
233.642,-0.0779322,11.0103,233.643,-0.0772877,11.0103,233.654,        29P    978
-0.0706444,11.0103,233.667,-0.0625608,11.0103,233.681,                29P    979
-0.0545913,11.0103,233.685,-0.0523588,11.0103,233.686,                29P    980
-0.0517322,11.0103,233.687,-0.0510836,11.0103,233.697,                29P    981
-0.0451978,11.0103,233.711,-0.0376659,11.0103,233.724,                29P    982
-0.0302185,11.0103,233.729,-0.0277852,11.0103,233.73,-0.0271612,      29P    983
11.0103,233.731,-0.0265131,11.0103,233.741,-0.0212585,11.0103,        29P    984
233.755,-0.0141815,11.0103,233.769,-0.00724037,11.0103,233.774,       29P    985
-0.00470508,11.0103,233.776,-0.00408121,11.0103,233.777,              29P    986
-0.00342571,11.0103,233.787,0.00128603,11.0103,233.8,0.00778582,      29P    987
11.0103,233.815,0.0141325,11.0103,233.82,0.0166246,11.0103,           29P    988
233.822,0.0173024,11.0103,233.823,0.0178796,11.0103,233.833,          29P    989
0.0220855,11.0103,233.847,0.0279979,11.0103,233.861,0.0337149,        29P    990
11.0103,233.867,0.0360339,11.0103,233.869,0.0366815,11.0103,          29P    991
233.87,0.0372351,11.0103,233.88,0.040933,11.0103,233.894,             29P    992
0.0460674,11.0103,233.909,0.0510322,11.0103,233.915,0.0531018,        29P    993
11.0103,233.917,0.0537004,11.0103,233.918,0.0542188,11.0103,          29P    994
233.928,0.0575236,11.0103,233.943,0.0620796,11.0103,233.957,          29P    995
0.0664473,11.0103,233.963,0.0682374,11.0103,233.965,0.0687912,        29P    996
11.0103,233.967,0.0692674,11.0103,233.977,0.0722345,11.0103,          29P    997
233.992,0.0760734,11.0103,234.007,0.0796907,11.0103,234.012,          29P    998
0.0810895,11.0103,234.014,0.08157,11.0103,234.016,0.0820001,          29P    999
11.0103,234.028,0.0846267,11.0103,234.042,0.0877835,11.0103,          29P   1000
234.057,0.0907287,11.0103,234.062,0.0917517,11.0103,234.064,          29P   1001
0.0921609,11.0103,234.066,0.0925235,11.0103,234.075,0.0942831,        29P   1002
11.0103,234.087,0.0963497,11.0103,234.099,0.098288,11.0103,           29P   1003
234.104,0.098997,11.0103,234.106,0.0993462,11.0103,234.108,           29P   1004
0.0996556,11.0103,234.115,0.100778,11.0103,234.124,0.10204,           29P   1005
11.0103,234.133,0.103182,11.0103,234.136,0.103548,11.0103,            29P   1006
234.137,0.103748,11.0103,234.139,0.103986,11.0103,234.142,            29P   1007
0.104245,11.0103,234.147,0.104883,11.0103,234.153,0.105563,           29P   1008
11.0103,234.159,0.106218,11.0103,234.162,0.106525,11.0103,            29P   1009
234.165,0.106763,11.0103,234.167,0.106975,11.0103,234.17,             29P   1010
0.107265,11.0103,234.172,0.107475,11.0103,234.175,0.107711,           29P   1011
11.0103,234.176,0.107788,11.0103,234.177,0.10793,11.0103,             29P   1012
234.178,0.107994,11.0103,234.18,0.108125,11.0103,234.181,             29P   1013
0.108205,11.0103,234.182,0.108371,11.0103,234.183,0.108415,           29P   1014
11.0103,234.184,0.108437,11.0103,234.185,0.108506,11.0103,            29P   1015
234.186,0.108782,11.0103,234.187,0.109248,11.0103,234.189,            29P   1016
0.110334,11.0103,234.191,0.111656,11.0103,234.192,0.112939,           29P   1017
11.0103,234.193,0.11415,11.0103,234.193,0.115601,11.0103,             29P   1018
234.194,0.117277,11.0103,234.194,0.118915,11.0103,234.194,            29P   1019
0.120804,11.0103,234.193,0.122414,11.0103,234.192,0.124028,           29P   1020
11.0103,234.192,0.125027,11.0103,234.191,0.126151,11.0103,            29P   1021
234.189,0.127639,11.0103,234.188,0.128484,11.0103,234.186,            29P   1022
0.129099,11.0103,234.185,0.129238,11.0103,234.184,0.12937,            29P   1023
11.0103,234.184,0.129396,11.0103,234.183,0.129438,11.0103,            29P   1024
234.183,0.12946,11.0103,234.178,0.129749,11.0103,234.173,             29P   1025
0.130007,11.0103,234.167,0.130221,11.0103,234.165,0.130289,           29P   1026
11.0103,234.157,0.130579,11.0103,234.148,0.130747,11.0103,            29P   1027
234.14,0.130815,11.0103,234.137,0.130832,11.0103,234.125,             29P   1028
0.130881,11.0103,234.114,0.130766,11.0103,234.104,0.13049,            29P   1029
11.0103,234.1,0.13039,11.0103,234.086,0.129891,11.0103,234.071,       29P   1030
0.129032,11.0103,234.059,0.128095,11.0103,234.055,0.127757,           29P   1031
11.0103,234.038,0.126284,11.0103,234.02,0.124357,11.0103,             29P   1032
234.006,0.122536,11.0103,234.001,0.121883,11.0103,233.984,            29P   1033
0.119523,11.0103,233.967,0.116726,11.0103,233.954,0.114268,           29P   1034
11.0103,233.948,0.113272,11.0103,233.932,0.110028,11.0103,            29P   1035
233.915,0.106301,11.0103,233.902,0.103132,11.0103,233.896,            29P   1036
0.101771,11.0103,233.879,0.0975034,11.0103,233.863,0.0928349,         29P   1037
11.0103,233.85,0.089008,11.0103,233.845,0.0873513,11.0103,            29P   1038
233.828,0.0821387,11.0103,233.812,0.0765517,11.0103,233.799,          29P   1039
0.0719862,11.0103,233.794,0.0701023,11.0103,233.777,0.0638737,        29P   1040
11.0103,233.761,0.0572542,11.0103,233.749,0.0518816,11.0103,          29P   1041
233.744,0.0498882,11.0103,233.728,0.0427208,11.0103,233.712,          29P   1042
0.0350847,11.0103,233.685,0.0209708,11.0103,233.669,0.0120877,        29P   1043
11.0103,233.651,0.00109665,11.0103,233.636,-0.00830823,11.0103,       29P   1044
233.622,-0.0182805,11.0103,233.608,-0.0282219,11.0103,233.593,        29P   1045
-0.0386776,11.0103,233.578,-0.0507104,11.0103,233.553,                29P   1046
-0.0717231,11.0103,233.539,-0.0846273,11.0103,233.514,-0.10781,       29P   1047
11.0103,233.501,-0.121146,11.0103,233.48,-0.144316,11.0103,           29P   1048
233.471,-0.155949,11.0103,233.454,-0.176229,11.0103,233.442,          29P   1049
-0.192798,11.0103,233.427,-0.214352,11.0103,233.419,-0.226812,        29P   1050
11.0103,233.416,-0.231825,11.0103,233.415,-0.225906,11.0899,          29P   1051
233.414,-0.227355,11.0899,233.413,-0.229343,11.0899,233.414,          29P   1052
-0.232462,11.0899,233.415,-0.234285,11.0899,233.416,-0.235654,        29P   1053
11.0899,233.417,-0.236664,11.0899,233.419,-0.237437,11.0899,          29P   1054
233.42,-0.237671,11.0899,233.422,-0.237567,11.0899,233.423,           29P   1055
-0.237284,11.0899,233.424,-0.236981,11.0899,233.424,-0.236892,        29P   1056
11.0899,233.425,-0.236529,11.0899,233.425,-0.236292,11.0899,          29P   1057
233.426,-0.235739,11.0899,233.426,-0.235488,11.0899,233.43,           29P   1058
-0.232308,11.0899,233.433,-0.229089,11.0899,233.437,-0.225636,        29P   1059
11.0899,233.438,-0.224834,11.0899,233.444,-0.219609,11.0899,          29P   1060
233.451,-0.214512,11.0899,233.457,-0.209366,11.0899,233.458,          29P   1061
-0.208557,11.0899,233.466,-0.20174,11.0899,233.474,-0.195074,         29P   1062
11.0899,233.483,-0.188258,11.0899,233.484,-0.187369,11.0899,          29P   1063
233.494,-0.179276,11.0899,233.505,-0.171417,11.0899,233.515,          29P   1064
-0.163461,11.0899,233.516,-0.162521,11.0899,233.529,-0.153104,        29P   1065
11.0899,233.542,-0.143547,11.0899,233.556,-0.134005,11.0899,          29P   1066
233.557,-0.132675,11.0899,233.559,-0.131852,11.0899,233.57,           29P   1067
-0.123572,11.0899,233.583,-0.114722,11.0899,233.596,-0.106265,        29P   1068
11.0899,233.599,-0.104794,11.0899,233.6,-0.1039,11.0899,233.601,      29P   1069
-0.103266,11.0899,233.612,-0.0960267,11.0899,233.625,-0.0876676,      29P   1070
11.0899,233.638,-0.0796467,11.0899,233.641,-0.0778114,11.0899,        29P   1071
233.643,-0.0769175,11.0899,233.644,-0.0762881,11.0899,233.654,        29P   1072
-0.0698199,11.0899,233.668,-0.0619382,11.0899,233.681,                29P   1073
-0.0543218,11.0899,233.685,-0.0522034,11.0899,233.687,                29P   1074
-0.0512612,11.0899,233.688,-0.0506249,11.0899,233.698,                29P   1075
-0.0448461,11.0899,233.711,-0.0374208,11.0899,233.725,-0.030267,      29P   1076
11.0899,233.729,-0.0279575,11.0899,233.731,-0.0270139,11.0899,        29P   1077
233.732,-0.0263767,11.0899,233.742,-0.0211889,11.0899,233.756,        29P   1078
-0.0142106,11.0899,233.769,-0.0075522,11.0899,233.774,                29P   1079
-0.00515414,11.0899,233.776,-0.00422649,11.0899,233.778,              29P   1080
-0.0035839,11.0899,233.787,0.00105833,11.0899,233.801,                29P   1081
0.00745391,11.0899,233.815,0.0135328,11.0899,233.82,0.0158829,        29P   1082
11.0899,233.822,0.0165509,11.0899,233.823,0.0170892,11.0899,          29P   1083
233.833,0.0212319,11.0899,233.847,0.0270546,11.0899,233.861,          29P   1084
0.0327264,11.0899,233.867,0.0350379,11.0899,233.869,0.0356821,        29P   1085
11.0899,233.87,0.0362019,11.0899,233.88,0.0398778,11.0899,            29P   1086
233.894,0.0450075,11.0899,233.908,0.0499843,11.0899,233.914,          29P   1087
0.0520596,11.0899,233.916,0.0526577,11.0899,233.918,0.0531514,        29P   1088
11.0899,233.928,0.0564438,11.0899,233.942,0.0609669,11.0899,          29P   1089
233.957,0.0653142,11.0899,233.963,0.0671011,11.0899,233.965,          29P   1090
0.0676534,11.0899,233.966,0.0681013,11.0899,233.977,0.071054,         29P   1091
11.0899,233.991,0.0748813,11.0899,234.006,0.0785255,11.0899,          29P   1092
234.011,0.0799425,11.0899,234.013,0.0804284,11.0899,234.015,          29P   1093
0.0808398,11.0899,234.026,0.0834939,11.0899,234.041,0.0867139,        29P   1094
11.0899,234.055,0.0897508,11.0899,234.061,0.0908093,11.0899,          29P   1095
234.063,0.0912319,11.0899,234.065,0.0915811,11.0899,234.074,          29P   1096
0.0933941,11.0899,234.086,0.0955247,11.0899,234.098,0.0975213,        29P   1097
11.0899,234.102,0.0982511,11.0899,234.104,0.0986081,11.0899,          29P   1098
234.106,0.0989041,11.0899,234.114,0.100045,11.0899,234.123,           29P   1099
0.101316,11.0899,234.131,0.102492,11.0899,234.134,0.102874,           29P   1100
11.0899,234.136,0.103082,11.0899,234.138,0.103331,11.0899,            29P   1101
234.14,0.103585,11.0899,234.145,0.104257,11.0899,234.151,             29P   1102
0.104987,11.0899,234.157,0.105705,11.0899,234.16,0.106046,            29P   1103
11.0899,234.163,0.106306,11.0899,234.165,0.106522,11.0899,            29P   1104
234.168,0.106839,11.0899,234.17,0.107066,11.0899,234.173,             29P   1105
0.107328,11.0899,234.174,0.107414,11.0899,234.176,0.107574,           29P   1106
11.0899,234.176,0.107646,11.0899,234.178,0.107798,11.0899,            29P   1107
234.179,0.107875,11.0899,234.18,0.108016,11.0899,234.181,             29P   1108
0.108092,11.0899,234.182,0.108216,11.0899,234.183,0.108241,           29P   1109
11.0899,234.184,0.108286,11.0899,234.185,0.108511,11.0899,            29P   1110
234.188,0.1093,11.0899,234.189,0.1103,11.0899,234.19,0.111375,        29P   1111
11.0899,234.191,0.112443,11.0899,234.192,0.113895,11.0899,            29P   1112
234.193,0.115538,11.0899,234.193,0.117066,11.0899,234.193,            29P   1113
0.118947,11.0899,234.193,0.120551,11.0899,234.192,0.1223,             29P   1114
11.0899,234.191,0.123988,11.0899,234.191,0.125117,11.0899,            29P   1115
234.189,0.126597,11.0899,234.188,0.127415,11.0899,234.186,            29P   1116
0.127982,11.0899,234.186,0.128169,11.0899,234.185,0.128454,           29P   1117
11.0899,234.184,0.128546,11.0899,234.183,0.128581,11.0899,            29P   1118
234.183,0.128599,11.0899,234.178,0.128841,11.0899,234.173,            29P   1119
0.129042,11.0899,234.167,0.129217,11.0899,234.166,0.129271,           29P   1120
11.0899,234.157,0.129495,11.0899,234.149,0.12959,11.0899,             29P   1121
234.141,0.129617,11.0899,234.139,0.129622,11.0899,234.127,            29P   1122
0.129625,11.0899,234.116,0.129497,11.0899,234.106,0.129227,           29P   1123
11.0899,234.102,0.129131,11.0899,234.088,0.128669,11.0899,            29P   1124
234.074,0.127906,11.0899,234.061,0.126992,11.0899,234.057,            29P   1125
0.126665,11.0899,234.04,0.125239,11.0899,234.023,0.123363,            29P   1126
11.0899,234.009,0.121509,11.0899,234.003,0.120846,11.0899,            29P   1127
233.986,0.118446,11.0899,233.969,0.115599,11.0899,233.955,            29P   1128
0.113089,11.0899,233.95,0.112074,11.0899,233.933,0.108768,            29P   1129
11.0899,233.916,0.105014,11.0899,233.903,0.101889,11.0899,            29P   1130
233.897,0.100544,11.0899,233.881,0.096295,11.0899,233.864,            29P   1131
0.0916099,11.0899,233.851,0.0878497,11.0899,233.846,0.0862197,        29P   1132
11.0899,233.83,0.0810609,11.0899,233.813,0.0755302,11.0899,           29P   1133
233.801,0.071149,11.0899,233.796,0.0693407,11.0899,233.78,            29P   1134
0.0633548,11.0899,233.764,0.0569811,11.0899,233.752,0.0518208,        29P   1135
11.0899,233.747,0.0499051,11.0899,233.732,0.0429978,11.0899,          29P   1136
233.716,0.0355329,11.0899,233.688,0.0214517,11.0899,233.672,          29P   1137
0.0125944,11.0899,233.654,0.00167583,11.0899,233.639,                 29P   1138
-0.00766353,11.0899,233.624,-0.0175334,11.0899,233.61,                29P   1139
-0.0272904,11.0899,233.595,-0.0375361,11.0899,233.58,-0.049239,       29P   1140
11.0899,233.554,-0.069697,11.0899,233.54,-0.0822789,11.0899,          29P   1141
233.516,-0.104983,11.0899,233.503,-0.11809,11.0899,233.481,           29P   1142
-0.14072,11.0899,233.471,-0.152029,11.0899,233.455,-0.171752,         29P   1143
11.0899,233.442,-0.187874,11.0899,233.427,-0.20903,11.0899,           29P   1144
233.418,-0.221077,11.0899,233.415,-0.225906,11.0899,233.415,          29P   1145
-0.225703,11.1922,233.414,-0.227191,11.1922,233.414,-0.229288,        29P   1146
11.1922,233.414,-0.232516,11.1922,233.415,-0.234363,11.1922,          29P   1147
233.416,-0.235674,11.1922,233.418,-0.236663,11.1922,233.419,          29P   1148
-0.237449,11.1922,233.421,-0.237711,11.1922,233.423,-0.23766,         29P   1149
11.1922,233.424,-0.237427,11.1922,233.424,-0.237159,11.1922,          29P   1150
233.425,-0.236994,11.1922,233.426,-0.236513,11.1922,233.426,          29P   1151
-0.236108,11.1922,233.427,-0.235545,11.1922,233.427,-0.235295,        29P   1152
11.1922,233.431,-0.232222,11.1922,233.434,-0.229307,11.1922,          29P   1153
233.438,-0.225934,11.1922,233.439,-0.225151,11.1922,233.445,          29P   1154
-0.220016,11.1922,233.452,-0.214858,11.1922,233.458,-0.209739,        29P   1155
11.1922,233.459,-0.208937,11.1922,233.467,-0.202157,11.1922,          29P   1156
233.476,-0.195459,11.1922,233.484,-0.188822,11.1922,233.485,          29P   1157
-0.187947,11.1922,233.496,-0.17998,11.1922,233.506,-0.172113,         29P   1158
11.1922,233.517,-0.164285,11.1922,233.518,-0.163362,11.1922,          29P   1159
233.53,-0.154069,11.1922,233.543,-0.144566,11.1922,233.556,           29P   1160
-0.135623,11.1922,233.558,-0.134384,11.1922,233.559,-0.133594,        29P   1161
11.1922,233.571,-0.125358,11.1922,233.584,-0.116589,11.1922,          29P   1162
233.597,-0.107818,11.1922,233.6,-0.106279,11.1922,233.601,            29P   1163
-0.105764,11.1922,233.602,-0.105145,11.1922,233.613,-0.0979297,       29P   1164
11.1922,233.626,-0.0895503,11.1922,233.639,-0.0811657,11.1922,        29P   1165
233.642,-0.0792265,11.1922,233.643,-0.0786619,11.1922,233.644,        29P   1166
-0.078035,11.1922,233.655,-0.0714943,11.1922,233.668,-0.0634998,      29P   1167
11.1922,233.682,-0.0555682,11.1922,233.686,-0.0533426,11.1922,        29P   1168
233.687,-0.0527845,11.1922,233.688,-0.0521417,11.1922,233.698,        29P   1169
-0.0463242,11.1922,233.712,-0.0389111,11.1922,233.726,                29P   1170
-0.0314764,11.1922,233.73,-0.029031,11.1922,233.731,-0.028473,        29P   1171
11.1922,233.732,-0.027815,11.1922,233.742,-0.0225547,11.1922,         29P   1172
233.756,-0.0153945,11.1922,233.77,-0.00831432,11.1922,233.775,        29P   1173
-0.00572344,11.1922,233.776,-0.00515685,11.1922,233.777,              29P   1174
-0.00447912,11.1922,233.787,0.000303108,11.1922,233.801,              29P   1175
0.00687193,11.1922,233.815,0.013303,11.1922,233.821,0.0158353,        29P   1176
11.1922,233.822,0.0165177,11.1922,233.824,0.0172122,11.1922,          29P   1177
233.833,0.0214563,11.1922,233.847,0.0274306,11.1922,233.861,          29P   1178
0.0331801,11.1922,233.867,0.0355039,11.1922,233.869,0.0361597,        29P   1179
11.1922,233.871,0.0368365,11.1922,233.88,0.0406111,11.1922,           29P   1180
233.894,0.0458794,11.1922,233.908,0.0509334,11.1922,233.915,          29P   1181
0.0530252,11.1922,233.916,0.0536369,11.1922,233.918,0.054255,         29P   1182
11.1922,233.928,0.0576584,11.1922,233.942,0.0623582,11.1922,          29P   1183
233.957,0.0668534,11.1922,233.963,0.068692,11.1922,233.964,           29P   1184
0.0692638,11.1922,233.966,0.069857,11.1922,233.977,0.0729579,         29P   1185
11.1922,233.991,0.0770079,11.1922,234.005,0.0807808,11.1922,          29P   1186
234.011,0.0822262,11.1922,234.013,0.0827268,11.1922,234.015,          29P   1187
0.0832633,11.1922,234.026,0.086024,11.1922,234.041,0.0893248,         29P   1188
11.1922,234.055,0.0923865,11.1922,234.06,0.093448,11.1922,            29P   1189
234.062,0.0938773,11.1922,234.065,0.094351,11.1922,234.074,           29P   1190
0.0962218,11.1922,234.086,0.098454,11.1922,234.097,0.100539,          29P   1191
11.1922,234.102,0.101298,11.1922,234.104,0.10168,11.1922,             29P   1192
234.106,0.102091,11.1922,234.114,0.103337,11.1922,234.122,            29P   1193
0.104757,11.1922,234.131,0.106025,11.1922,234.134,0.106428,           29P   1194
11.1922,234.135,0.106649,11.1922,234.137,0.106919,11.1922,            29P   1195
234.14,0.107275,11.1922,234.145,0.108004,11.1922,234.151,             29P   1196
0.108786,11.1922,234.157,0.109531,11.1922,234.16,0.109878,            29P   1197
11.1922,234.162,0.110163,11.1922,234.165,0.110474,11.1922,            29P   1198
234.168,0.110832,11.1922,234.17,0.1111,11.1922,234.173,0.11139,       29P   1199
11.1922,234.173,0.111483,11.1922,234.175,0.111646,11.1922,            29P   1200
234.176,0.111732,11.1922,234.177,0.111918,11.1922,234.178,            29P   1201
0.112021,11.1922,234.18,0.112211,11.1922,234.181,0.112287,            29P   1202
11.1922,234.182,0.112463,11.1922,234.183,0.112587,11.1922,            29P   1203
234.185,0.112763,11.1922,234.185,0.112898,11.1922,234.187,            29P   1204
0.1133,11.1922,234.189,0.114456,11.1922,234.19,0.115531,11.1922,      29P   1205
234.191,0.116621,11.1922,234.192,0.117538,11.1922,234.192,            29P   1206
0.118992,11.1922,234.193,0.120896,11.1922,234.193,0.122779,           29P   1207
11.1922,234.193,0.124508,11.1922,234.192,0.125881,11.1922,            29P   1208
234.192,0.126746,11.1922,234.191,0.128,11.1922,234.19,0.129742,       29P   1209
11.1922,234.188,0.130834,11.1922,234.187,0.131685,11.1922,            29P   1210
234.186,0.13188,11.1922,234.185,0.13219,11.1922,234.184,0.13229,      29P   1211
11.1922,234.183,0.132316,11.1922,234.183,0.13233,11.1922,             29P   1212
234.178,0.13251,11.1922,234.173,0.13266,11.1922,234.168,0.13282,      29P   1213
11.1922,234.166,0.132872,11.1922,234.157,0.133108,11.1922,            29P   1214
234.149,0.133317,11.1922,234.141,0.133355,11.1922,234.138,            29P   1215
0.133359,11.1922,234.127,0.133306,11.1922,234.116,0.132917,           29P   1216
11.1922,234.105,0.132447,11.1922,234.102,0.132284,11.1922,            29P   1217
234.088,0.131567,11.1922,234.074,0.130652,11.1922,234.061,            29P   1218
0.129666,11.1922,234.057,0.129312,11.1922,234.04,0.127794,            29P   1219
11.1922,234.023,0.125859,11.1922,234.008,0.123896,11.1922,            29P   1220
234.003,0.12319,11.1922,233.986,0.120602,11.1922,233.969,             29P   1221
0.117479,11.1922,233.955,0.11484,11.1922,233.95,0.113773,             29P   1222
11.1922,233.933,0.110323,11.1922,233.916,0.106457,11.1922,            29P   1223
233.903,0.103238,11.1922,233.898,0.101852,11.1922,233.881,            29P   1224
0.0974595,11.1922,233.865,0.092601,11.1922,233.852,0.0887292,         29P   1225
11.1922,233.847,0.0870505,11.1922,233.83,0.0817328,11.1922,           29P   1226
233.814,0.0760224,11.1922,233.802,0.0715012,11.1922,233.797,          29P   1227
0.0696336,11.1922,233.781,0.0634292,11.1922,233.764,0.0568071,        29P   1228
11.1922,233.752,0.0515309,11.1922,233.748,0.0495717,11.1922,          29P   1229
233.732,0.0425005,11.1922,233.717,0.034912,11.1922,233.69,            29P   1230
0.021016,11.1922,233.674,0.0121998,11.1922,233.656,0.00130633,        29P   1231
11.1922,233.641,-0.00800013,11.1922,233.626,-0.0178236,11.1922,       29P   1232
233.612,-0.0276719,11.1922,233.597,-0.0380399,11.1922,233.581,        29P   1233
-0.0500012,11.1922,233.556,-0.0705769,11.1922,233.542,                29P   1234
-0.0830539,11.1922,233.517,-0.105513,11.1922,233.504,-0.118455,       29P   1235
11.1922,233.483,-0.1409,11.1922,233.472,-0.152156,11.1922,            29P   1236
233.456,-0.171809,11.1922,233.443,-0.187887,11.1922,233.427,          29P   1237
-0.208795,11.1922,233.419,-0.220827,11.1922,233.415,-0.225703,        29P   1238
11.1922,233.416,-0.233342,11.2948,233.415,-0.234845,11.2948,          29P   1239
233.414,-0.236915,11.2948,233.415,-0.240197,11.2948,233.416,          29P   1240
-0.242109,11.2948,233.417,-0.243482,11.2948,233.418,-0.24446,         29P   1241
11.2948,233.419,-0.245206,11.2948,233.421,-0.245652,11.2948,          29P   1242
233.423,-0.245824,11.2948,233.424,-0.245675,11.2948,233.425,          29P   1243
-0.245395,11.2948,233.425,-0.245291,11.2948,233.426,-0.245003,        29P   1244
11.2948,233.426,-0.244814,11.2948,233.427,-0.244372,11.2948,          29P   1245
233.427,-0.244147,11.2948,233.431,-0.240921,11.2948,233.435,          29P   1246
-0.237686,11.2948,233.439,-0.234188,11.2948,233.44,-0.233361,         29P   1247
11.2948,233.446,-0.228061,11.2948,233.452,-0.222831,11.2948,          29P   1248
233.458,-0.217591,11.2948,233.459,-0.216751,11.2948,233.467,          29P   1249
-0.209769,11.2948,233.476,-0.202829,11.2948,233.485,-0.195669,        29P   1250
11.2948,233.486,-0.194758,11.2948,233.496,-0.186452,11.2948,          29P   1251
233.506,-0.178329,11.2948,233.517,-0.170166,11.2948,233.518,          29P   1252
-0.169203,11.2948,233.531,-0.159627,11.2948,233.544,-0.149939,        29P   1253
11.2948,233.557,-0.140635,11.2948,233.558,-0.139343,11.2948,          29P   1254
233.56,-0.138346,11.2948,233.572,-0.129823,11.2948,233.585,           29P   1255
-0.120603,11.2948,233.598,-0.111738,11.2948,233.6,-0.110195,          29P   1256
11.2948,233.601,-0.109624,11.2948,233.602,-0.108896,11.2948,          29P   1257
233.613,-0.101386,11.2948,233.626,-0.0926763,11.2948,233.64,          29P   1258
-0.0842368,11.2948,233.643,-0.0823011,11.2948,233.644,                29P   1259
-0.0816807,11.2948,233.645,-0.0809794,11.2948,233.655,                29P   1260
-0.0742659,11.2948,233.669,-0.065955,11.2948,233.682,-0.0578335,      29P   1261
11.2948,233.686,-0.0555693,11.2948,233.687,-0.0549013,11.2948,        29P   1262
233.688,-0.0542427,11.2948,233.699,-0.0481713,11.2948,233.712,        29P   1263
-0.0403061,11.2948,233.726,-0.0325928,11.2948,233.731,                29P   1264
-0.0300864,11.2948,233.732,-0.0293868,11.2948,233.733,                29P   1265
-0.0287867,11.2948,233.743,-0.0233825,11.2948,233.756,                29P   1266
-0.0160591,11.2948,233.77,-0.00884411,11.2948,233.776,                29P   1267
-0.00620625,11.2948,233.777,-0.00546572,11.2948,233.778,              29P   1268
-0.00486866,11.2948,233.788,2.54174E-05,11.2948,233.802,              29P   1269
0.00685458,11.2948,233.816,0.0135526,11.2948,233.821,0.0161808,       29P   1270
11.2948,233.823,0.0169045,11.2948,233.824,0.0175122,11.2948,          29P   1271
233.834,0.021926,11.2948,233.848,0.0281294,11.2948,233.862,           29P   1272
0.0341996,11.2948,233.868,0.0366807,11.2948,233.87,0.0374082,         29P   1273
11.2948,233.871,0.03796,11.2948,233.881,0.0419241,11.2948,            29P   1274
233.895,0.0474944,11.2948,233.909,0.0529215,11.2948,233.916,          29P   1275
0.0551849,11.2948,233.917,0.0558689,11.2948,233.919,0.0563822,        29P   1276
11.2948,233.929,0.0599579,11.2948,233.943,0.0648197,11.2948,          29P   1277
233.958,0.0695266,11.2948,233.964,0.0714772,11.2948,233.966,          29P   1278
0.0721234,11.2948,233.967,0.0725895,11.2948,233.978,0.0758198,        29P   1279
11.2948,233.992,0.080032,11.2948,234.007,0.0840786,11.2948,           29P   1280
234.013,0.0856574,11.2948,234.015,0.0862365,11.2948,234.017,          29P   1281
0.0866594,11.2948,234.028,0.0896077,11.2948,234.042,0.0931444,        29P   1282
11.2948,234.057,0.0965491,11.2948,234.062,0.0977498,11.2948,          29P   1283
234.065,0.0982637,11.2948,234.066,0.0986383,11.2948,234.076,          29P   1284
0.100705,11.2948,234.087,0.103154,11.2948,234.099,0.105474,           29P   1285
11.2948,234.104,0.106326,11.2948,234.106,0.106777,11.2948,            29P   1286
234.108,0.107108,11.2948,234.116,0.108442,11.2948,234.124,            29P   1287
0.109896,11.2948,234.133,0.111272,11.2948,234.136,0.111723,           29P   1288
11.2948,234.138,0.111975,11.2948,234.14,0.112293,11.2948,             29P   1289
234.142,0.112585,11.2948,234.147,0.113402,11.2948,234.153,            29P   1290
0.114285,11.2948,234.16,0.115157,11.2948,234.163,0.115573,            29P   1291
11.2948,234.165,0.115914,11.2948,234.167,0.116162,11.2948,            29P   1292
234.17,0.116552,11.2948,234.173,0.116814,11.2948,234.175,             29P   1293
0.11712,11.2948,234.176,0.117222,11.2948,234.178,0.117418,            29P   1294
11.2948,234.179,0.117506,11.2948,234.18,0.117674,11.2948,             29P   1295
234.181,0.117745,11.2948,234.183,0.117913,11.2948,234.184,            29P   1296
0.118048,11.2948,234.185,0.118242,11.2948,234.185,0.118216,           29P   1297
11.2948,234.186,0.118141,11.2948,234.188,0.11831,11.2948,234.19,      29P   1298
0.11922,11.2948,234.192,0.120236,11.2948,234.193,0.121384,            29P   1299
11.2948,234.194,0.122324,11.2948,234.195,0.123825,11.2948,            29P   1300
234.196,0.126173,11.2948,234.196,0.127756,11.2948,234.196,            29P   1301
0.129665,11.2948,234.196,0.130566,11.2948,234.195,0.132328,           29P   1302
11.2948,234.194,0.134088,11.2948,234.193,0.135227,11.2948,            29P   1303
234.192,0.136698,11.2948,234.191,0.137345,11.2948,234.189,            29P   1304
0.137988,11.2948,234.189,0.138155,11.2948,234.188,0.138451,           29P   1305
11.2948,234.187,0.138531,11.2948,234.186,0.138561,11.2948,            29P   1306
234.186,0.138577,11.2948,234.181,0.138778,11.2948,234.176,            29P   1307
0.138936,11.2948,234.17,0.13905,11.2948,234.168,0.139083,             29P   1308
11.2948,234.16,0.139206,11.2948,234.151,0.139176,11.2948,             29P   1309
234.143,0.139103,11.2948,234.141,0.139077,11.2948,234.129,            29P   1310
0.138945,11.2948,234.118,0.138708,11.2948,234.108,0.138282,           29P   1311
11.2948,234.104,0.138133,11.2948,234.09,0.137412,11.2948,             29P   1312
234.075,0.136272,11.2948,234.062,0.1351,11.2948,234.058,              29P   1313
0.134689,11.2948,234.041,0.132961,11.2948,234.023,0.130874,           29P   1314
11.2948,234.009,0.128788,11.2948,234.004,0.128039,11.2948,            29P   1315
233.987,0.125307,11.2948,233.969,0.122041,11.2948,233.955,            29P   1316
0.119241,11.2948,233.95,0.118111,11.2948,233.933,0.114445,            29P   1317
11.2948,233.916,0.11033,11.2948,233.903,0.106927,11.2948,             29P   1318
233.897,0.105463,11.2948,233.881,0.100836,11.2948,233.864,            29P   1319
0.0957514,11.2948,233.851,0.0917093,11.2948,233.846,0.0899572,        29P   1320
11.2948,233.829,0.0844138,11.2948,233.813,0.0784754,11.2948,          29P   1321
233.801,0.0737714,11.2948,233.796,0.0718288,11.2948,233.779,          29P   1322
0.065383,11.2948,233.763,0.0585168,11.2948,233.751,0.053034,          29P   1323
11.2948,233.747,0.0509994,11.2948,233.731,0.0436798,11.2948,          29P   1324
233.715,0.0358676,11.2948,233.688,0.0214137,11.2948,233.672,          29P   1325
0.012213,11.2948,233.654,0.000850739,11.2948,233.639,                 29P   1326
-0.00886822,11.2948,233.624,-0.0191438,11.2948,233.61,                29P   1327
-0.0293194,11.2948,233.595,-0.0400078,11.2948,233.58,-0.0522198,      29P   1328
11.2948,233.555,-0.0733977,11.2948,233.54,-0.0863277,11.2948,         29P   1329
233.516,-0.109569,11.2948,233.503,-0.122947,11.2948,233.482,          29P   1330
-0.146209,11.2948,233.472,-0.15789,11.2948,233.456,-0.178058,         29P   1331
11.2948,233.443,-0.194419,11.2948,233.428,-0.216049,11.2948,          29P   1332
233.419,-0.228375,11.2948,233.416,-0.233342,11.2948,233.42,           29P   1333
-0.252582,11.3999,233.419,-0.25437,11.3999,233.419,-0.25653,          29P   1334
11.3999,233.42,-0.259885,11.3999,233.421,-0.261792,11.3999,           29P   1335
233.422,-0.263011,11.3999,233.423,-0.263886,11.3999,233.425,          29P   1336
-0.264559,11.3999,233.426,-0.264893,11.3999,233.428,-0.264966,        29P   1337
11.3999,233.429,-0.264756,11.3999,233.43,-0.264448,11.3999,           29P   1338
233.43,-0.26432,11.3999,233.431,-0.263968,11.3999,233.432,            29P   1339
-0.263724,11.3999,233.432,-0.263212,11.3999,233.433,-0.26295,         29P   1340
11.3999,233.436,-0.259509,11.3999,233.44,-0.256105,11.3999,           29P   1341
233.444,-0.252377,11.3999,233.445,-0.251536,11.3999,233.451,          29P   1342
-0.245854,11.3999,233.457,-0.240221,11.3999,233.463,-0.234547,        29P   1343
11.3999,233.464,-0.233686,11.3999,233.472,-0.226194,11.3999,          29P   1344
233.48,-0.218764,11.3999,233.489,-0.211012,11.3999,233.49,            29P   1345
-0.210037,11.3999,233.5,-0.201175,11.3999,233.51,-0.192542,           29P   1346
11.3999,233.52,-0.183994,11.3999,233.522,-0.182987,11.3999,           29P   1347
233.534,-0.17268,11.3999,233.547,-0.16212,11.3999,233.56,             29P   1348
-0.151953,11.3999,233.561,-0.150542,11.3999,233.563,-0.149666,        29P   1349
11.3999,233.574,-0.140472,11.3999,233.587,-0.130635,11.3999,          29P   1350
233.6,-0.12093,11.3999,233.603,-0.119232,11.3999,233.604,             29P   1351
-0.118288,11.3999,233.605,-0.117599,11.3999,233.616,-0.109526,        29P   1352
11.3999,233.629,-0.100336,11.3999,233.642,-0.0911297,11.3999,         29P   1353
233.645,-0.0889974,11.3999,233.646,-0.0880604,11.3999,233.647,        29P   1354
-0.0873633,11.3999,233.658,-0.0800692,11.3999,233.671,                29P   1355
-0.0712782,11.3999,233.684,-0.0625207,11.3999,233.688,                29P   1356
-0.0600564,11.3999,233.69,-0.0591343,11.3999,233.691,-0.0584148,      29P   1357
11.3999,233.701,-0.05188,11.3999,233.714,-0.0436022,11.3999,          29P   1358
233.728,-0.0353668,11.3999,233.732,-0.0326647,11.3999,233.734,        29P   1359
-0.0317903,11.3999,233.735,-0.0310343,11.3999,233.745,                29P   1360
-0.0250208,11.3999,233.759,-0.0169658,11.3999,233.772,                29P   1361
-0.00910483,11.3999,233.777,-0.00623736,11.3999,233.779,              29P   1362
-0.00543204,11.3999,233.78,-0.00466094,11.3999,233.79,                29P   1363
0.000793687,11.3999,233.804,0.00825898,11.3999,233.818,               29P   1364
0.0154615,11.3999,233.823,0.0182764,11.3999,233.825,0.0190349,        29P   1365
11.3999,233.826,0.0196876,11.3999,233.836,0.0245365,11.3999,          29P   1366
233.85,0.0313282,11.3999,233.864,0.0379643,11.3999,233.87,            29P   1367
0.0406772,11.3999,233.872,0.0413728,11.3999,233.873,0.0420233,        29P   1368
11.3999,233.883,0.0463889,11.3999,233.897,0.0525746,11.3999,          29P   1369
233.912,0.0585886,11.3999,233.918,0.061086,11.3999,233.92,            29P   1370
0.0617436,11.3999,233.921,0.0623725,11.3999,233.931,0.0663647,        29P   1371
11.3999,233.946,0.071886,11.3999,233.961,0.077188,11.3999,            29P   1372
233.967,0.0793609,11.3999,233.969,0.0799462,11.3999,233.97,           29P   1373
0.080527,11.3999,233.981,0.0841246,11.3999,233.995,0.0888689,         29P   1374
11.3999,234.01,0.0934253,11.3999,234.016,0.0951974,11.3999,           29P   1375
234.018,0.0957296,11.3999,234.02,0.0962818,11.3999,234.031,           29P   1376
0.0996259,11.3999,234.046,0.103796,11.3999,234.061,0.107711,          29P   1377
11.3999,234.067,0.109065,11.3999,234.068,0.109535,11.3999,            29P   1378
234.07,0.110015,11.3999,234.08,0.112325,11.3999,234.092,              29P   1379
0.115075,11.3999,234.104,0.11773,11.3999,234.109,0.118713,            29P   1380
11.3999,234.111,0.119126,11.3999,234.113,0.119559,11.3999,            29P   1381
234.12,0.121122,11.3999,234.129,0.122995,11.3999,234.139,             29P   1382
0.12472,11.3999,234.141,0.125272,11.3999,234.143,0.125564,            29P   1383
11.3999,234.145,0.125876,11.3999,234.147,0.126264,11.3999,            29P   1384
234.152,0.127202,11.3999,234.159,0.128242,11.3999,234.165,            29P   1385
0.129282,11.3999,234.168,0.129778,11.3999,234.17,0.130113,            29P   1386
11.3999,234.173,0.130468,11.3999,234.176,0.130936,11.3999,            29P   1387
234.178,0.131317,11.3999,234.181,0.131746,11.3999,234.182,            29P   1388
0.131886,11.3999,234.184,0.132136,11.3999,234.184,0.132246,           29P   1389
11.3999,234.186,0.132517,11.3999,234.187,0.132693,11.3999,            29P   1390
234.189,0.132958,11.3999,234.189,0.132976,11.3999,234.19,             29P   1391
0.133027,11.3999,234.191,0.133218,11.3999,234.193,0.133735,           29P   1392
11.3999,234.194,0.13441,11.3999,234.195,0.135538,11.3999,             29P   1393
234.197,0.136978,11.3999,234.198,0.138268,11.3999,234.199,            29P   1394
0.139841,11.3999,234.199,0.141436,11.3999,234.199,0.142818,           29P   1395
11.3999,234.199,0.14448,11.3999,234.199,0.146365,11.3999,             29P   1396
234.198,0.148363,11.3999,234.197,0.149962,11.3999,234.197,            29P   1397
0.150769,11.3999,234.196,0.151843,11.3999,234.194,0.153271,           29P   1398
11.3999,234.192,0.154143,11.3999,234.19,0.154698,11.3999,             29P   1399
234.189,0.154817,11.3999,234.188,0.154774,11.3999,234.188,            29P   1400
0.15476,11.3999,234.187,0.15477,11.3999,234.187,0.154776,             29P   1401
11.3999,234.182,0.154848,11.3999,234.176,0.15489,11.3999,             29P   1402
234.171,0.154881,11.3999,234.169,0.154876,11.3999,234.16,             29P   1403
0.154837,11.3999,234.151,0.154693,11.3999,234.143,0.154439,           29P   1404
11.3999,234.14,0.154355,11.3999,234.129,0.153938,11.3999,             29P   1405
234.117,0.153314,11.3999,234.107,0.152585,11.3999,234.103,            29P   1406
0.152335,11.3999,234.088,0.151242,11.3999,234.074,0.149907,           29P   1407
11.3999,234.062,0.148497,11.3999,234.058,0.147987,11.3999,            29P   1408
234.04,0.145823,11.3999,234.022,0.143197,11.3999,234.008,             29P   1409
0.140677,11.3999,234.003,0.139783,11.3999,233.985,0.136569,           29P   1410
11.3999,233.967,0.132826,11.3999,233.953,0.129565,11.3999,            29P   1411
233.948,0.128245,11.3999,233.93,0.123974,11.3999,233.913,             29P   1412
0.119222,11.3999,233.9,0.11535,11.3999,233.894,0.113687,11.3999,      29P   1413
233.877,0.108491,11.3999,233.86,0.102878,11.3999,233.848,             29P   1414
0.0983587,11.3999,233.842,0.0963994,11.3999,233.826,0.0901961,        29P   1415
11.3999,233.809,0.0835548,11.3999,233.797,0.0783198,11.3999,          29P   1416
233.792,0.0761594,11.3999,233.776,0.0690136,11.3999,233.759,          29P   1417
0.0614647,11.3999,233.747,0.0554535,11.3999,233.743,0.0532225,        29P   1418
11.3999,233.727,0.0451834,11.3999,233.711,0.036545,11.3999,           29P   1419
233.684,0.0204408,11.3999,233.668,0.010331,11.3999,233.65,            29P   1420
-0.00203122,11.3999,233.635,-0.0125541,11.3999,233.62,                29P   1421
-0.0235016,11.3999,233.606,-0.0344277,11.3999,233.592,                29P   1422
-0.0459206,11.3999,233.577,-0.0591308,11.3999,233.552,                29P   1423
-0.0819166,11.3999,233.538,-0.095768,11.3999,233.515,-0.120725,       29P   1424
11.3999,233.502,-0.135109,11.3999,233.482,-0.159868,11.3999,          29P   1425
233.473,-0.17221,11.3999,233.457,-0.193725,11.3999,233.445,           29P   1426
-0.211302,11.3999,233.431,-0.234058,11.3999,233.423,-0.247256,        29P   1427
11.3999,233.42,-0.252582,11.3999,233.426,-0.273548,11.4781,           29P   1428
233.425,-0.274924,11.4781,233.425,-0.277033,11.4781,233.425,          29P   1429
-0.280326,11.4781,233.426,-0.282237,11.4781,233.428,-0.283782,        29P   1430
11.4781,233.429,-0.284866,11.4781,233.431,-0.285652,11.4781,          29P   1431
233.433,-0.286136,11.4781,233.434,-0.286165,11.4781,233.436,          29P   1432
-0.285907,11.4781,233.436,-0.285656,11.4781,233.437,-0.285527,        29P   1433
11.4781,233.437,-0.285176,11.4781,233.438,-0.284937,11.4781,          29P   1434
233.439,-0.284271,11.4781,233.439,-0.283813,11.4781,233.443,          29P   1435
-0.280148,11.4781,233.446,-0.276717,11.4781,233.45,-0.272946,         29P   1436
11.4781,233.451,-0.271838,11.4781,233.457,-0.265781,11.4781,          29P   1437
233.463,-0.25977,11.4781,233.468,-0.253924,11.4781,233.469,           29P   1438
-0.252797,11.4781,233.477,-0.244789,11.4781,233.485,-0.236851,        29P   1439
11.4781,233.493,-0.229178,11.4781,233.494,-0.228141,11.4781,          29P   1440
233.504,-0.218634,11.4781,233.514,-0.209245,11.4781,233.525,          29P   1441
-0.199574,11.4781,233.526,-0.198431,11.4781,233.538,-0.18738,         29P   1442
11.4781,233.551,-0.176122,11.4781,233.563,-0.165398,11.4781,          29P   1443
233.565,-0.163911,11.4781,233.566,-0.162906,11.4781,233.578,          29P   1444
-0.153041,11.4781,233.59,-0.142429,11.4781,233.603,-0.132015,         29P   1445
11.4781,233.605,-0.130195,11.4781,233.607,-0.129187,11.4781,          29P   1446
233.608,-0.12842,11.4781,233.618,-0.119666,11.4781,233.631,           29P   1447
-0.109704,11.4781,233.644,-0.0997612,11.4781,233.647,-0.0974606,      29P   1448
11.4781,233.648,-0.0965552,11.4781,233.649,-0.0957868,11.4781,        29P   1449
233.66,-0.0878953,11.4781,233.673,-0.0783139,11.4781,233.686,         29P   1450
-0.0687773,11.4781,233.69,-0.0660966,11.4781,233.691,-0.0652838,      29P   1451
11.4781,233.692,-0.0644865,11.4781,233.702,-0.0573495,11.4781,        29P   1452
233.716,-0.048083,11.4781,233.73,-0.0387545,11.4781,233.734,          29P   1453
-0.0356903,11.4781,233.736,-0.03485,11.4781,233.737,-0.0340922,       29P   1454
11.4781,233.746,-0.0278702,11.4781,233.759,-0.0192132,11.4781,        29P   1455
233.773,-0.0104848,11.4781,233.779,-0.00727437,11.4781,233.78,        29P   1456
-0.00633814,11.4781,233.781,-0.00552282,11.4781,233.791,              29P   1457
0.000221518,11.4781,233.804,0.00836137,11.4781,233.818,               29P   1458
0.0164662,11.4781,233.824,0.0196606,11.4781,233.826,0.0205719,        29P   1459
11.4781,233.827,0.0212992,11.4781,233.836,0.0265637,11.4781,          29P   1460
233.85,0.0340786,11.4781,233.865,0.0415158,11.4781,233.871,           29P   1461
0.0445613,11.4781,233.873,0.0454462,11.4781,233.874,0.0461583,        29P   1462
11.4781,233.884,0.0509495,11.4781,233.898,0.0577169,11.4781,          29P   1463
233.912,0.0643761,11.4781,233.919,0.0671662,11.4781,233.921,          29P   1464
0.0679964,11.4781,233.922,0.0686847,11.4781,233.932,0.0731171,        29P   1465
11.4781,233.947,0.0792598,11.4781,233.961,0.0852201,11.4781,          29P   1466
233.967,0.0876775,11.4781,233.969,0.0884772,11.4781,233.971,          29P   1467
0.0891296,11.4781,233.982,0.0932954,11.4781,233.996,0.0987469,        29P   1468
11.4781,234.011,0.103945,11.4781,234.017,0.105963,11.4781,            29P   1469
234.019,0.106697,11.4781,234.021,0.107315,11.4781,234.033,            29P   1470
0.111179,11.4781,234.047,0.115855,11.4781,234.062,0.120299,           29P   1471
11.4781,234.067,0.121854,11.4781,234.07,0.122532,11.4781,             29P   1472
234.072,0.123088,11.4781,234.081,0.125879,11.4781,234.093,            29P   1473
0.129199,11.4781,234.105,0.132306,11.4781,234.11,0.133437,            29P   1474
11.4781,234.112,0.134066,11.4781,234.114,0.134567,11.4781,            29P   1475
234.122,0.13648,11.4781,234.131,0.138587,11.4781,234.14,              29P   1476
0.140522,11.4781,234.143,0.141148,11.4781,234.145,0.141497,           29P   1477
11.4781,234.147,0.141938,11.4781,234.149,0.142404,11.4781,            29P   1478
234.155,0.143655,11.4781,234.161,0.144995,11.4781,234.167,            29P   1479
0.146254,11.4781,234.17,0.146837,11.4781,234.173,0.147331,            29P   1480
11.4781,234.175,0.14772,11.4781,234.178,0.148383,11.4781,             29P   1481
234.181,0.148828,11.4781,234.184,0.149338,11.4781,234.185,            29P   1482
0.149509,11.4781,234.186,0.149834,11.4781,234.187,0.150004,           29P   1483
11.4781,234.189,0.150233,11.4781,234.189,0.150226,11.4781,            29P   1484
234.191,0.15032,11.4781,234.192,0.150706,11.4781,234.194,             29P   1485
0.151515,11.4781,234.194,0.151751,11.4781,234.195,0.152379,           29P   1486
11.4781,234.196,0.153056,11.4781,234.198,0.154673,11.4781,            29P   1487
234.199,0.156381,11.4781,234.199,0.158304,11.4781,234.2,              29P   1488
0.159636,11.4781,234.2,0.161106,11.4781,234.2,0.163017,11.4781,       29P   1489
234.2,0.164737,11.4781,234.199,0.166818,11.4781,234.198,0.16816,      29P   1490
11.4781,234.197,0.169584,11.4781,234.196,0.170681,11.4781,            29P   1491
234.195,0.171677,11.4781,234.193,0.172892,11.4781,234.191,            29P   1492
0.173437,11.4781,234.189,0.173715,11.4781,234.189,0.173754,           29P   1493
11.4781,234.188,0.173761,11.4781,234.187,0.173763,11.4781,            29P   1494
234.187,0.173754,11.4781,234.186,0.173749,11.4781,234.181,            29P   1495
0.173668,11.4781,234.176,0.173545,11.4781,234.17,0.173378,            29P   1496
11.4781,234.168,0.173321,11.4781,234.159,0.173045,11.4781,            29P   1497
234.15,0.172674,11.4781,234.142,0.172195,11.4781,234.139,             29P   1498
0.172038,11.4781,234.127,0.171294,11.4781,234.115,0.170308,           29P   1499
11.4781,234.104,0.169254,11.4781,234.101,0.168899,11.4781,            29P   1500
234.086,0.167352,11.4781,234.071,0.165492,11.4781,234.058,            29P   1501
0.163608,11.4781,234.054,0.162935,11.4781,234.036,0.160097,           29P   1502
11.4781,234.018,0.156745,11.4781,234.003,0.153656,11.4781,            29P   1503
233.998,0.152548,11.4781,233.98,0.148649,11.4781,233.963,             29P   1504
0.144327,11.4781,233.949,0.140555,11.4781,233.943,0.139041,           29P   1505
11.4781,233.926,0.13419,11.4781,233.909,0.128857,11.4781,             29P   1506
233.895,0.124389,11.4781,233.89,0.122474,11.4781,233.873,             29P   1507
0.116519,11.4781,233.856,0.110156,11.4781,233.843,0.105004,           29P   1508
11.4781,233.838,0.102777,11.4781,233.821,0.0958188,11.4781,           29P   1509
233.804,0.088487,11.4781,233.792,0.0825263,11.4781,233.786,           29P   1510
0.08007,11.4781,233.77,0.0720026,11.4781,233.754,0.0635773,           29P   1511
11.4781,233.741,0.0567709,11.4781,233.737,0.0542524,11.4781,          29P   1512
233.721,0.0453382,11.4781,233.706,0.0361473,11.4781,233.679,          29P   1513
0.0185869,11.4781,233.663,0.0078831,11.4781,233.646,-0.00555017,      29P   1514
11.4781,233.631,-0.0169797,11.4781,233.616,-0.0288298,11.4781,        29P   1515
233.603,-0.0405668,11.4781,233.589,-0.0528968,11.4781,233.574,        29P   1516
-0.0669968,11.4781,233.551,-0.0914972,11.4781,233.537,-0.106471,      29P   1517
11.4781,233.515,-0.133243,11.4781,233.503,-0.14857,11.4781,           29P   1518
233.483,-0.175003,11.4781,233.474,-0.188197,11.4781,233.46,           29P   1519
-0.211112,11.4781,233.449,-0.229777,11.4781,233.436,-0.254143,        29P   1520
11.4781,233.429,-0.267985,11.4781,233.426,-0.273548,11.4781,          29P   1521
233.441,-0.305785,11.5725,233.441,-0.307403,11.5725,233.441,          29P   1522
-0.309602,11.5725,233.441,-0.312916,11.5725,233.443,-0.314781,        29P   1523
11.5725,233.444,-0.316153,11.5725,233.446,-0.317086,11.5725,          29P   1524
233.447,-0.317715,11.5725,233.449,-0.318016,11.5725,233.451,          29P   1525
-0.317949,11.5725,233.452,-0.317655,11.5725,233.453,-0.317368,        29P   1526
11.5725,233.453,-0.317228,11.5725,233.454,-0.31685,11.5725,           29P   1527
233.455,-0.316594,11.5725,233.456,-0.315899,11.5725,233.456,          29P   1528
-0.315425,11.5725,233.459,-0.311451,11.5725,233.463,-0.307718,        29P   1529
11.5725,233.466,-0.30362,11.5725,233.467,-0.30248,11.5725,            29P   1530
233.472,-0.295926,11.5725,233.478,-0.289444,11.5725,233.484,          29P   1531
-0.283029,11.5725,233.484,-0.281983,11.5725,233.492,-0.273329,        29P   1532
11.5725,233.5,-0.264658,11.5725,233.508,-0.255611,11.5725,            29P   1533
233.509,-0.254442,11.5725,233.518,-0.24406,11.5725,233.527,           29P   1534
-0.2342,11.5725,233.537,-0.224155,11.5725,233.538,-0.222968,          29P   1535
11.5725,233.549,-0.210865,11.5725,233.562,-0.198447,11.5725,          29P   1536
233.574,-0.186266,11.5725,233.575,-0.184572,11.5725,233.577,          29P   1537
-0.183512,11.5725,233.588,-0.172649,11.5725,233.6,-0.160956,          29P   1538
11.5725,233.612,-0.149351,11.5725,233.614,-0.147318,11.5725,          29P   1539
233.615,-0.146562,11.5725,233.616,-0.145722,11.5725,233.626,          29P   1540
-0.136154,11.5725,233.639,-0.12488,11.5725,233.652,-0.113765,         29P   1541
11.5725,233.655,-0.111207,11.5725,233.656,-0.110333,11.5725,          29P   1542
233.657,-0.109483,11.5725,233.667,-0.100703,11.5725,233.679,          29P   1543
-0.0898596,11.5725,233.692,-0.0791246,11.5725,233.696,                29P   1544
-0.0761176,11.5725,233.697,-0.0751485,11.5725,233.698,                29P   1545
-0.0743167,11.5725,233.708,-0.0663114,11.5725,233.721,                29P   1546
-0.0560739,11.5725,233.733,-0.0458982,11.5725,233.738,                29P   1547
-0.0425655,11.5725,233.739,-0.0415784,11.5725,233.74,-0.040517,       29P   1548
11.5725,233.75,-0.0328359,11.5725,233.763,-0.0227231,11.5725,         29P   1549
233.777,-0.0129417,11.5725,233.781,-0.00937616,11.5725,233.782,       29P   1550
-0.0086821,11.5725,233.784,-0.00774041,11.5725,233.793,               29P   1551
-0.000780001,11.5725,233.807,0.00871028,11.5725,233.82,0.017895,      29P   1552
11.5725,233.826,0.0214948,11.5725,233.827,0.0222994,11.5725,          29P   1553
233.828,0.0231379,11.5725,233.838,0.0294415,11.5725,233.851,          29P   1554
0.0382559,11.5725,233.865,0.0469164,11.5725,233.871,0.0504714,        29P   1555
11.5725,233.873,0.0513512,11.5725,233.874,0.0521969,11.5725,          29P   1556
233.884,0.0579699,11.5725,233.898,0.0661346,11.5725,233.912,          29P   1557
0.0741488,11.5725,233.918,0.0774999,11.5725,233.92,0.0784188,         29P   1558
11.5725,233.921,0.0792516,11.5725,233.931,0.0846458,11.5725,          29P   1559
233.945,0.0920853,11.5725,233.96,0.099403,11.5725,233.966,            29P   1560
0.102451,11.5725,233.968,0.10334,11.5725,233.97,0.104144,             29P   1561
11.5725,233.98,0.109258,11.5725,233.995,0.116055,11.5725,             29P   1562
234.009,0.122725,11.5725,234.015,0.125345,11.5725,234.017,            29P   1563
0.126172,11.5725,234.019,0.126972,11.5725,234.03,0.131992,            29P   1564
11.5725,234.045,0.138156,11.5725,234.06,0.14414,11.5725,234.065,      29P   1565
0.146249,11.5725,234.067,0.146976,11.5725,234.069,0.147714,           29P   1566
11.5725,234.079,0.151469,11.5725,234.091,0.155907,11.5725,            29P   1567
234.103,0.160302,11.5725,234.108,0.161949,11.5725,234.11,             29P   1568
0.162585,11.5725,234.112,0.163301,11.5725,234.119,0.165923,           29P   1569
11.5725,234.128,0.169025,11.5725,234.137,0.171998,11.5725,            29P   1570
234.14,0.172969,11.5725,234.142,0.173497,11.5725,234.144,             29P   1571
0.174122,11.5725,234.146,0.174803,11.5725,234.151,0.176489,           29P   1572
11.5725,234.157,0.178273,11.5725,234.164,0.180184,11.5725,            29P   1573
234.167,0.181137,11.5725,234.169,0.181868,11.5725,234.172,            29P   1574
0.182671,11.5725,234.175,0.183574,11.5725,234.177,0.184265,           29P   1575
11.5725,234.18,0.185032,11.5725,234.181,0.185275,11.5725,             29P   1576
234.183,0.185693,11.5725,234.183,0.185799,11.5725,234.185,            29P   1577
0.186277,11.5725,234.186,0.186925,11.5725,234.188,0.188315,           29P   1578
11.5725,234.189,0.188829,11.5725,234.189,0.189757,11.5725,            29P   1579
234.19,0.190204,11.5725,234.191,0.191155,11.5725,234.192,             29P   1580
0.192536,11.5725,234.192,0.194676,11.5725,234.193,0.196826,           29P   1581
11.5725,234.193,0.198375,11.5725,234.193,0.200072,11.5725,            29P   1582
234.193,0.20186,11.5725,234.192,0.203611,11.5725,234.192,             29P   1583
0.205031,11.5725,234.191,0.206687,11.5725,234.189,0.208475,           29P   1584
11.5725,234.188,0.209746,11.5725,234.187,0.210498,11.5725,            29P   1585
234.186,0.211017,11.5725,234.183,0.211928,11.5725,234.182,            29P   1586
0.212321,11.5725,234.18,0.212409,11.5725,234.179,0.212389,            29P   1587
11.5725,234.178,0.21226,11.5725,234.178,0.212213,11.5725,             29P   1588
234.177,0.212125,11.5725,234.177,0.212081,11.5725,234.171,            29P   1589
0.21153,11.5725,234.166,0.210911,11.5725,234.16,0.210209,             29P   1590
11.5725,234.158,0.209974,11.5725,234.149,0.208875,11.5725,            29P   1591
234.14,0.207618,11.5725,234.131,0.206341,11.5725,234.128,             29P   1592
0.205934,11.5725,234.116,0.204112,11.5725,234.105,0.202177,           29P   1593
11.5725,234.094,0.200216,11.5725,234.091,0.199538,11.5725,            29P   1594
234.075,0.196642,11.5725,234.061,0.193419,11.5725,234.048,            29P   1595
0.190362,11.5725,234.043,0.1893,11.5725,234.025,0.184938,             29P   1596
11.5725,234.007,0.180173,11.5725,233.992,0.175815,11.5725,            29P   1597
233.987,0.174282,11.5725,233.969,0.168868,11.5725,233.951,            29P   1598
0.162929,11.5725,233.938,0.158029,11.5725,233.932,0.156027,           29P   1599
11.5725,233.915,0.149638,11.5725,233.897,0.142775,11.5725,            29P   1600
233.884,0.137225,11.5725,233.879,0.134848,11.5725,233.862,            29P   1601
0.127485,11.5725,233.845,0.119722,11.5725,233.833,0.113532,           29P   1602
11.5725,233.827,0.110855,11.5725,233.811,0.102477,11.5725,            29P   1603
233.794,0.0937447,11.5725,233.782,0.0868892,11.5725,233.777,          29P   1604
0.0840633,11.5725,233.761,0.0747734,11.5725,233.746,0.0650972,        29P   1605
11.5725,233.734,0.0574016,11.5725,233.729,0.0545465,11.5725,          29P   1606
233.714,0.0442057,11.5725,233.698,0.0331035,11.5725,233.672,          29P   1607
0.0133082,11.5725,233.657,0.000696537,11.5725,233.64,-0.0140361,      29P   1608
11.5725,233.626,-0.0266488,11.5725,233.613,-0.0400151,11.5725,        29P   1609
233.6,-0.0532097,11.5725,233.587,-0.0670556,11.5725,233.573,          29P   1610
-0.082779,11.5725,233.55,-0.109823,11.5725,233.538,-0.126195,         29P   1611
11.5725,233.517,-0.15532,11.5725,233.507,-0.171913,11.5725,           29P   1612
233.49,-0.200441,11.5725,233.482,-0.214643,11.5725,233.47,            29P   1613
-0.239166,11.5725,233.46,-0.25908,11.5725,233.449,-0.284962,          29P   1614
11.5725,233.443,-0.299798,11.5725,233.441,-0.305785,11.5725,          29P   1615
233.438,-0.350797,11.6264,233.437,-0.352526,11.6264,233.437,          29P   1616
-0.354864,11.6264,233.438,-0.35836,11.6264,233.44,-0.360308,          29P   1617
11.6264,233.441,-0.361734,11.6264,233.443,-0.362701,11.6264,          29P   1618
233.445,-0.363327,11.6264,233.447,-0.363575,11.6264,233.449,          29P   1619
-0.363435,11.6264,233.45,-0.363066,11.6264,233.451,-0.362705,         29P   1620
11.6264,233.451,-0.362538,11.6264,233.452,-0.362092,11.6264,          29P   1621
233.453,-0.361794,11.6264,233.454,-0.361018,11.6264,233.454,          29P   1622
-0.36051,11.6264,233.458,-0.356068,11.6264,233.461,-0.35186,          29P   1623
11.6264,233.464,-0.347232,11.6264,233.465,-0.346086,11.6264,          29P   1624
233.471,-0.33873,11.6264,233.476,-0.331423,11.6264,233.482,           29P   1625
-0.324168,11.6264,233.483,-0.323,11.6264,233.49,-0.313119,            29P   1626
11.6264,233.498,-0.303313,11.6264,233.506,-0.29335,11.6264,           29P   1627
233.507,-0.292182,11.6264,233.516,-0.280502,11.6264,233.526,          29P   1628
-0.269195,11.6264,233.535,-0.257744,11.6264,233.537,-0.256392,        29P   1629
11.6264,233.548,-0.24273,11.6264,233.56,-0.228725,11.6264,            29P   1630
233.573,-0.214988,11.6264,233.574,-0.213077,11.6264,233.576,          29P   1631
-0.211866,11.6264,233.587,-0.19956,11.6264,233.599,-0.186279,         29P   1632
11.6264,233.612,-0.173109,11.6264,233.614,-0.170804,11.6264,          29P   1633
233.615,-0.169895,11.6264,233.616,-0.168936,11.6264,233.626,          29P   1634
-0.157986,11.6264,233.639,-0.145137,11.6264,233.652,-0.132427,        29P   1635
11.6264,233.655,-0.129497,11.6264,233.656,-0.128486,11.6264,          29P   1636
233.657,-0.12751,11.6264,233.667,-0.117453,11.6264,233.68,            29P   1637
-0.10504,11.6264,233.693,-0.0926999,11.6264,233.697,-0.0892378,       29P   1638
11.6264,233.698,-0.0881414,11.6264,233.699,-0.087153,11.6264,         29P   1639
233.709,-0.0779294,11.6264,233.722,-0.0660236,11.6264,233.735,        29P   1640
-0.0541514,11.6264,233.739,-0.0502649,11.6264,233.741,                29P   1641
-0.0491331,11.6264,233.742,-0.048,11.6264,233.752,-0.0393013,         29P   1642
11.6264,233.765,-0.0276478,11.6264,233.779,-0.0162193,11.6264,        29P   1643
233.784,-0.0120399,11.6264,233.785,-0.0110432,11.6264,233.786,        29P   1644
-0.00994706,11.6264,233.796,-0.0019475,11.6264,233.809,               29P   1645
0.00911843,11.6264,233.823,0.0199516,11.6264,233.829,0.0242099,       29P   1646
11.6264,233.83,0.0252809,11.6264,233.831,0.0262698,11.6264,           29P   1647
233.841,0.0336295,11.6264,233.855,0.0440242,11.6264,233.87,           29P   1648
0.0543334,11.6264,233.876,0.0585755,11.6264,233.877,0.0597045,        29P   1649
11.6264,233.879,0.0607115,11.6264,233.888,0.0675632,11.6264,          29P   1650
233.903,0.0773113,11.6264,233.917,0.0869811,11.6264,233.924,          29P   1651
0.0910431,11.6264,233.925,0.0921955,11.6264,233.927,0.0932048,        29P   1652
11.6264,233.937,0.0997312,11.6264,233.952,0.108815,11.6264,           29P   1653
233.967,0.117833,11.6264,233.973,0.121601,11.6264,233.975,            29P   1654
0.122745,11.6264,233.977,0.123742,11.6264,233.987,0.130068,           29P   1655
11.6264,234.002,0.138545,11.6264,234.017,0.146945,11.6264,            29P   1656
234.023,0.150256,11.6264,234.025,0.151362,11.6264,234.027,            29P   1657
0.152375,11.6264,234.039,0.158699,11.6264,234.054,0.166568,           29P   1658
11.6264,234.069,0.174332,11.6264,234.075,0.177084,11.6264,            29P   1659
234.077,0.178131,11.6264,234.079,0.1791,11.6264,234.089,              29P   1660
0.183962,11.6264,234.101,0.189854,11.6264,234.114,0.19576,            29P   1661
11.6264,234.119,0.197976,11.6264,234.121,0.198983,11.6264,            29P   1662
234.123,0.199952,11.6264,234.131,0.203529,11.6264,234.14,             29P   1663
0.207754,11.6264,234.149,0.21185,11.6264,234.152,0.213194,            29P   1664
11.6264,234.154,0.21393,11.6264,234.156,0.214814,11.6264,             29P   1665
234.158,0.215775,11.6264,234.164,0.218188,11.6264,234.17,             29P   1666
0.220836,11.6264,234.177,0.223607,11.6264,234.18,0.224964,            29P   1667
11.6264,234.183,0.226025,11.6264,234.185,0.227052,11.6264,            29P   1668
234.188,0.228381,11.6264,234.191,0.229381,11.6264,234.193,            29P   1669
0.230523,11.6264,234.194,0.23093,11.6264,234.196,0.231733,            29P   1670
11.6264,234.197,0.232081,11.6264,234.198,0.233015,11.6264,            29P   1671
234.199,0.233756,11.6264,234.201,0.235388,11.6264,234.202,            29P   1672
0.236165,11.6264,234.202,0.237395,11.6264,234.203,0.237828,           29P   1673
11.6264,234.203,0.238891,11.6264,234.204,0.240443,11.6264,            29P   1674
234.205,0.24286,11.6264,234.205,0.245161,11.6264,234.205,             29P   1675
0.247065,11.6264,234.204,0.248751,11.6264,234.204,0.250575,           29P   1676
11.6264,234.203,0.252315,11.6264,234.202,0.253848,11.6264,            29P   1677
234.201,0.255577,11.6264,234.2,0.257163,11.6264,234.198,              29P   1678
0.258418,11.6264,234.197,0.259252,11.6264,234.196,0.259907,           29P   1679
11.6264,234.193,0.260875,11.6264,234.191,0.261275,11.6264,            29P   1680
234.189,0.261375,11.6264,234.188,0.261358,11.6264,234.187,            29P   1681
0.261248,11.6264,234.187,0.261198,11.6264,234.186,0.261074,           29P   1682
11.6264,234.186,0.260997,11.6264,234.18,0.259816,11.6264,             29P   1683
234.174,0.258562,11.6264,234.168,0.257189,11.6264,234.166,            29P   1684
0.256734,11.6264,234.157,0.254631,11.6264,234.147,0.252404,           29P   1685
11.6264,234.138,0.250196,11.6264,234.135,0.249495,11.6264,            29P   1686
234.122,0.246366,11.6264,234.11,0.243105,11.6264,234.099,             29P   1687
0.239948,11.6264,234.095,0.238875,11.6264,234.079,0.234344,           29P   1688
11.6264,234.064,0.229525,11.6264,234.05,0.225117,11.6264,             29P   1689
234.045,0.223572,11.6264,234.027,0.217277,11.6264,234.008,            29P   1690
0.21064,11.6264,233.992,0.204771,11.6264,233.987,0.202693,            29P   1691
11.6264,233.968,0.195425,11.6264,233.95,0.187656,11.6264,             29P   1692
233.935,0.181287,11.6264,233.93,0.17871,11.6264,233.912,              29P   1693
0.170537,11.6264,233.894,0.161898,11.6264,233.88,0.154966,            29P   1694
11.6264,233.874,0.151999,11.6264,233.857,0.142855,11.6264,            29P   1695
233.839,0.133355,11.6264,233.826,0.125835,11.6264,233.821,            29P   1696
0.122586,11.6264,233.804,0.112463,11.6264,233.787,0.102001,           29P   1697
11.6264,233.774,0.0937969,11.6264,233.769,0.0904173,11.6264,          29P   1698
233.753,0.0793404,11.6264,233.736,0.0679299,11.6264,233.724,          29P   1699
0.0588848,11.6264,233.72,0.0555318,11.6264,233.704,0.0434875,         29P   1700
11.6264,233.688,0.0307717,11.6264,233.661,0.00783476,11.6264,         29P   1701
233.646,-0.00651355,11.6264,233.629,-0.0235317,11.6264,233.615,       29P   1702
-0.0380576,11.6264,233.601,-0.053275,11.6264,233.588,-0.0682402,      29P   1703
11.6264,233.575,-0.0839353,11.6264,233.561,-0.101703,11.6264,         29P   1704
233.539,-0.132231,11.6264,233.527,-0.150697,11.6264,233.507,          29P   1705
-0.183488,11.6264,233.497,-0.20213,11.6264,233.481,-0.234069,         29P   1706
11.6264,233.474,-0.249924,11.6264,233.463,-0.277334,11.6264,          29P   1707
233.454,-0.299491,11.6264,233.444,-0.32807,11.6264,233.44,            29P   1708
-0.34427,11.6264,233.438,-0.350797,11.6264,233.432,-0.3871,           29P   1709
11.657,233.432,-0.388956,11.657,233.432,-0.39142,11.657,233.433,      29P   1710
-0.395093,11.657,233.434,-0.397125,11.657,233.436,-0.398583,          29P   1711
11.657,233.438,-0.399574,11.657,233.44,-0.400202,11.657,233.442,      29P   1712
-0.400404,11.657,233.444,-0.40021,11.657,233.446,-0.399779,           29P   1713
11.657,233.447,-0.399347,11.657,233.447,-0.399155,11.657,             29P   1714
233.448,-0.398647,11.657,233.448,-0.398312,11.657,233.449,            29P   1715
-0.397481,11.657,233.45,-0.396966,11.657,233.453,-0.392145,           29P   1716
11.657,233.456,-0.387524,11.657,233.46,-0.38244,11.657,233.461,       29P   1717
-0.381323,11.657,233.466,-0.373312,11.657,233.472,-0.365325,          29P   1718
11.657,233.477,-0.357363,11.657,233.478,-0.356102,11.657,             29P   1719
233.486,-0.345198,11.657,233.494,-0.334464,11.657,233.502,            29P   1720
-0.323785,11.657,233.503,-0.322641,11.657,233.513,-0.309912,          29P   1721
11.657,233.522,-0.297382,11.657,233.532,-0.284782,11.657,             29P   1722
233.533,-0.283295,11.657,233.545,-0.26837,11.657,233.558,             29P   1723
-0.253084,11.657,233.57,-0.23811,11.657,233.572,-0.236027,            29P   1724
11.657,233.573,-0.234696,11.657,233.584,-0.221221,11.657,             29P   1725
233.597,-0.206658,11.657,233.61,-0.192232,11.657,233.612,             29P   1726
-0.189707,11.657,233.613,-0.188634,11.657,233.614,-0.187579,          29P   1727
11.657,233.625,-0.175499,11.657,233.637,-0.161406,11.657,             29P   1728
233.651,-0.147411,11.657,233.654,-0.144181,11.657,233.655,            29P   1729
-0.143032,11.657,233.656,-0.141956,11.657,233.666,-0.130866,          29P   1730
11.657,233.679,-0.11721,11.657,233.693,-0.103585,11.657,233.696,      29P   1731
-0.099756,11.657,233.698,-0.0985441,11.657,233.699,-0.0974211,        29P   1732
11.657,233.709,-0.0872186,11.657,233.722,-0.073967,11.657,            29P   1733
233.736,-0.0607206,11.657,233.74,-0.0563853,11.657,233.742,           29P   1734
-0.0551296,11.657,233.743,-0.0539639,11.657,233.753,-0.0444966,       29P   1735
11.657,233.766,-0.0316272,11.657,233.78,-0.0188677,11.657,            29P   1736
233.785,-0.0141905,11.657,233.787,-0.0128956,11.657,233.788,          29P   1737
-0.0116733,11.657,233.798,-0.00286662,11.657,233.812,0.00945165,      29P   1738
11.657,233.826,0.0216096,11.657,233.831,0.0263979,11.657,             29P   1739
233.833,0.0277146,11.657,233.834,0.0288238,11.657,233.844,            29P   1740
0.037012,11.657,233.858,0.0486635,11.657,233.873,0.0602935,           29P   1741
11.657,233.879,0.0650862,11.657,233.881,0.0664285,11.657,             29P   1742
233.883,0.067565,11.657,233.893,0.0752719,11.657,233.907,             29P   1743
0.0862855,11.657,233.922,0.0972863,11.657,233.929,0.10192,            29P   1744
11.657,233.931,0.103262,11.657,233.932,0.104415,11.657,233.943,       29P   1745
0.111847,11.657,233.958,0.12226,11.657,233.973,0.132651,11.657,       29P   1746
233.98,0.136996,11.657,233.982,0.138347,11.657,233.983,0.139499,      29P   1747
11.657,233.994,0.146793,11.657,234.009,0.156617,11.657,234.025,       29P   1748
0.166406,11.657,234.031,0.17027,11.657,234.033,0.171604,11.657,       29P   1749
234.035,0.17279,11.657,234.047,0.18015,11.657,234.063,0.1894,         29P   1750
11.657,234.079,0.198604,11.657,234.084,0.201876,11.657,234.086,       29P   1751
0.203194,11.657,234.088,0.204352,11.657,234.099,0.210092,11.657,      29P   1752
234.111,0.21716,11.657,234.124,0.224293,11.657,234.129,0.226969,      29P   1753
11.657,234.131,0.228299,11.657,234.133,0.229473,11.657,234.141,       29P   1754
0.233829,11.657,234.151,0.238974,11.657,234.161,0.243985,11.657,      29P   1755
234.164,0.245634,11.657,234.165,0.246539,11.657,234.168,              29P   1756
0.247632,11.657,234.17,0.248821,11.657,234.176,0.251835,11.657,       29P   1757
234.182,0.255212,11.657,234.189,0.258695,11.657,234.192,0.26038,      29P   1758
11.657,234.195,0.261707,11.657,234.197,0.262892,11.657,234.201,       29P   1759
0.264575,11.657,234.203,0.26583,11.657,234.206,0.267286,11.657,       29P   1760
234.207,0.267838,11.657,234.209,0.268984,11.657,234.21,0.269561,      29P   1761
11.657,234.211,0.270901,11.657,234.212,0.271677,11.657,234.213,       29P   1762
0.273411,11.657,234.214,0.274376,11.657,234.215,0.275788,11.657,      29P   1763
234.215,0.276176,11.657,234.215,0.277294,11.657,234.216,              29P   1764
0.278926,11.657,234.216,0.281488,11.657,234.216,0.283847,11.657,      29P   1765
234.216,0.286054,11.657,234.216,0.287716,11.657,234.215,              29P   1766
0.289552,11.657,234.214,0.291235,11.657,234.213,0.292905,11.657,      29P   1767
234.212,0.294728,11.657,234.211,0.29615,11.657,234.209,0.297429,      29P   1768
11.657,234.208,0.298345,11.657,234.206,0.299193,11.657,234.203,       29P   1769
0.300275,11.657,234.201,0.300739,11.657,234.199,0.300906,11.657,      29P   1770
234.198,0.300908,11.657,234.197,0.300826,11.657,234.197,              29P   1771
0.300777,11.657,234.196,0.30063,11.657,234.196,0.300528,11.657,       29P   1772
234.19,0.298824,11.657,234.184,0.297046,11.657,234.177,0.29512,       29P   1773
11.657,234.175,0.294483,11.657,234.165,0.291556,11.657,234.155,       29P   1774
0.28854,11.657,234.146,0.285572,11.657,234.143,0.28463,11.657,        29P   1775
234.13,0.28043,11.657,234.117,0.276069,11.657,234.105,0.271925,       29P   1776
11.657,234.101,0.270529,11.657,234.084,0.264663,11.657,234.068,       29P   1777
0.258555,11.657,234.054,0.253062,11.657,234.049,0.251126,11.657,      29P   1778
234.03,0.24326,11.657,234.01,0.235105,11.657,233.994,0.228021,        29P   1779
11.657,233.989,0.225502,11.657,233.969,0.21674,11.657,233.95,         29P   1780
0.207497,11.657,233.935,0.199932,11.657,233.929,0.196892,11.657,      29P   1781
233.911,0.187279,11.657,233.892,0.177208,11.657,233.878,              29P   1782
0.169166,11.657,233.872,0.165725,11.657,233.854,0.155151,11.657,      29P   1783
233.836,0.14426,11.657,233.822,0.13568,11.657,233.817,0.131975,       29P   1784
11.657,233.799,0.120457,11.657,233.782,0.108604,11.657,233.769,       29P   1785
0.0993163,11.657,233.763,0.0954915,11.657,233.746,0.0829775,          29P   1786
11.657,233.729,0.0701775,11.657,233.717,0.0600553,11.657,             29P   1787
233.712,0.0563051,11.657,233.696,0.0429206,11.657,233.68,             29P   1788
0.0289665,11.657,233.652,0.0034931,11.657,233.637,-0.0122052,         29P   1789
11.657,233.619,-0.0311048,11.657,233.605,-0.0471934,11.657,           29P   1790
233.591,-0.0638769,11.657,233.578,-0.0802498,11.657,233.565,          29P   1791
-0.0974173,11.657,233.551,-0.116823,11.657,233.529,-0.150144,         29P   1792
11.657,233.517,-0.170293,11.657,233.498,-0.206059,11.657,             29P   1793
233.488,-0.226378,11.657,233.472,-0.261098,11.657,233.465,            29P   1794
-0.278296,11.657,233.455,-0.308082,11.657,233.447,-0.332082,          29P   1795
11.657,233.438,-0.362843,11.657,233.434,-0.380141,11.657,             29P   1796
233.432,-0.3871,11.657,0.,1.86431,0.,0.935209;                        29P   1797
S      5G      3D     30P   1797                                        T      1
