This is a NASA-IGES-NURBS-Only file converted by:                       S      1
NIGES Translator Version 3.2 developed at NASA Ames Research Center.    S      2
Conversion done on: Mon May 20 14:04:17 1996.                           S      3
>>>>>>>>>>>>>>>>>>>> Original Start Section follows <<<<<<<<<<<<<<<<<<<<S      4
                                                                        S      5
1H,,1H;,,20Hcmpr rotor1     srf ,22HIBM PROFESSIONAL CADAM,47HIBM IGES PG      1
rocessor for AIX and UNIX V2R2 (1994),32,75,6,75,15,,1.,1,4HINCH,1000,  G      2
0.125984,13H960520.101015,1.00000E-06,209.453,,,8,0,;                   G      3
     406       1       1       1       0       0       0       000020101D      1
     406       0       0       1      15                               0D      2
     406       2       1       1       0       0       0       000020101D      3
     406       0       0       1      15                               0D      4
     126       3       0       1       0       0       0       000000000D      5
     126     109       0      31       0                               0D      6
     126      34       0       1       0       0       0       000000000D      7
     126     109       0      31       0                               0D      8
     126      65       0       1       0       0       0       000000000D      9
     126     109       0      31       0                               0D     10
     126      96       0       1       0       0       0       000000000D     11
     126     109       0      32       0                               0D     12
     126     128       0       1       0       0       0       000000000D     13
     126     109       0      32       0                               0D     14
     126     160       0       1       0       0       0       000000000D     15
     126     109       0      33       0                               0D     16
     126     193       0       1       0       0       0       000000000D     17
     126     109       0      33       0                               0D     18
     126     226       0       1       0       0       0       000000000D     19
     126     109       0      33       0                               0D     20
     126     259       0       1       0       0       0       000000000D     21
     126     109       0      31       0                               0D     22
     126     290       0       1       0       0       0       000000000D     23
     126     109       0      32       0                               0D     24
     126     322       0       1       0       0       0       000000000D     25
     126     109       0      32       0                               0D     26
     126     354       0       1       0       0       0       000000000D     27
     126     109       0      31       0                               0D     28
     128     385       0       1       0       0       0       000000000D     29
     128     109       2    2977       0                               0D     30
406,1,23Hcmpr rotor1     srf ,3d;                                      1P      1
406,1,2H3d;                                                            3P      2
126,53,3,0,1,1,0,0.,0.,0.,0.,0.0267721,0.0535463,0.0802941,            5P      3
0.107093,0.107093,0.192934,0.321949,0.494533,0.710972,0.971728,        5P      4
1.23357,1.49634,1.76009,2.02477,2.29042,2.55679,2.82348,3.09063,       5P      5
3.35797,3.6254,3.89223,4.1125,4.28474,4.409,4.48812,4.48812,           5P      6
4.53599,4.58389,4.63174,4.67963,4.67963,4.74533,4.84745,4.98882,       5P      7
5.17129,5.39618,5.62586,5.85862,6.09369,6.33033,6.56785,6.80579,       5P      8
7.04392,7.28208,7.52001,7.75775,7.99502,8.19245,8.35002,8.46801,       5P      9
8.54664,8.54664,8.54664,8.54664,1.,1.,1.,1.,1.,1.,1.,1.,1.,1.,         5P     10
1.,1.,1.,1.,1.,1.,1.,1.,1.,1.,1.,1.,1.,1.,1.,1.,1.,1.,1.,1.,1.,        5P     11
1.,1.,1.,1.,1.,1.,1.,1.,1.,1.,1.,1.,1.,1.,1.,1.,1.,1.,1.,1.,1.,        5P     12
1.,1.,205.82,1.1285,6.994,205.814,1.13492,6.994,205.795,1.14171,       5P     13
6.994,205.768,1.13198,6.994,205.754,1.10619,6.994,205.759,             5P     14
1.08741,6.994,205.778,1.05502,6.994,205.815,0.993691,6.994,            5P     15
205.885,0.8852,6.994,205.984,0.743895,6.994,206.118,0.573805,          5P     16
6.994,206.283,0.390849,6.994,206.473,0.210194,6.994,206.677,           5P     17
0.0439011,6.994,206.894,-0.106154,6.994,207.124,-0.238194,6.994,       5P     18
207.364,-0.351166,6.994,207.617,-0.437542,6.994,207.879,               5P     19
-0.491572,6.994,208.146,-0.509939,6.994,208.414,-0.487875,6.994,       5P     20
208.674,-0.420973,6.994,208.903,-0.312778,6.994,209.081,               5P     21
-0.182144,6.994,209.201,-0.0583116,6.994,209.276,0.0426293,            5P     22
6.994,209.31,0.100872,6.994,209.331,0.138155,6.994,209.343,            5P     23
0.170584,6.994,209.318,0.218186,6.994,209.271,0.236733,6.994,          5P     24
209.235,0.226598,6.994,209.21,0.198142,6.994,209.171,0.15785,          5P     25
6.994,209.092,0.0920645,6.994,208.971,0.0172122,6.994,208.802,         5P     26
-0.0546371,6.994,208.595,-0.10623,6.994,208.367,-0.129511,6.994,       5P     27
208.134,-0.124358,6.994,207.901,-0.094362,6.994,207.67,                5P     28
-0.042195,6.994,207.444,0.0292355,6.994,207.223,0.117697,6.994,        5P     29
207.009,0.220801,6.994,206.801,0.337133,6.994,206.6,0.46496,           5P     30
6.994,206.407,0.603441,6.994,206.232,0.742926,6.994,206.083,           5P     31
0.872686,6.994,205.968,0.980107,6.994,205.884,1.06292,6.994,           5P     32
205.838,1.10967,6.994,205.82,1.1285,6.994,0.,8.54664,0.,0.,0.;         5P     33
126,53,3,0,1,1,0,0.,0.,0.,0.,0.0249546,0.0499281,0.0748752,            7P     34
0.0997745,0.0997745,0.18388,0.310213,0.478991,0.690471,0.944871,       7P     35
1.20005,1.45577,1.71211,1.96902,2.22664,2.48464,2.74319,3.00254,       7P     36
3.26314,3.52557,3.79099,4.01511,4.19657,4.33377,4.42543,4.42543,       7P     37
4.46832,4.51123,4.55409,4.59707,4.59707,4.67541,4.79283,4.94904,       7P     38
5.14407,5.37762,5.61115,5.8449,6.07889,6.31311,6.54763,6.78241,        7P     39
7.01718,7.25206,7.48694,7.72167,7.95628,8.15167,8.30785,8.42479,       7P     40
8.50279,8.50279,8.50279,8.50279,1.,1.,1.,1.,1.,1.,1.,1.,1.,1.,         7P     41
1.,1.,1.,1.,1.,1.,1.,1.,1.,1.,1.,1.,1.,1.,1.,1.,1.,1.,1.,1.,1.,        7P     42
1.,1.,1.,1.,1.,1.,1.,1.,1.,1.,1.,1.,1.,1.,1.,1.,1.,1.,1.,1.,1.,        7P     43
1.,1.,205.873,1.2117,7.594,205.867,1.2177,7.594,205.849,1.22411,       7P     44
7.594,205.824,1.21513,7.594,205.811,1.19123,7.594,205.815,             7P     45
1.1737,7.594,205.833,1.14218,7.594,205.869,1.08173,7.594,              7P     46
205.936,0.974386,7.594,206.031,0.834738,7.594,206.158,0.66564,         7P     47
7.594,206.314,0.48272,7.594,206.493,0.300518,7.594,206.684,            7P     48
0.130831,7.594,206.888,-0.0252074,7.594,207.103,-0.166027,7.594,       7P     49
207.328,-0.2909,7.594,207.565,-0.394762,7.594,207.812,-0.472428,       7P     50
7.594,208.068,-0.521115,7.594,208.329,-0.537165,7.594,208.592,         7P     51
-0.516134,7.594,208.837,-0.457385,7.594,209.044,-0.371582,7.594,       7P     52
209.201,-0.280579,7.594,209.311,-0.199646,7.594,209.369,               7P     53
-0.150152,7.594,209.403,-0.119984,7.594,209.423,-0.0972557,            7P     54
7.594,209.418,-0.0493537,7.594,209.386,-0.0182349,7.594,209.353,       7P     55
-0.0135213,7.594,209.316,-0.0315265,7.594,209.257,-0.0589447,          7P     56
7.594,209.147,-0.100713,7.594,208.997,-0.143216,7.594,208.804,         7P     57
-0.17609,7.594,208.583,-0.187762,7.594,208.35,-0.174538,7.594,         7P     58
208.118,-0.138821,7.594,207.891,-0.0836394,7.594,207.668,              7P     59
-0.0112242,7.594,207.45,0.0760263,7.594,207.238,0.176603,7.594,        7P     60
207.031,0.2886,7.594,206.831,0.411528,7.594,206.637,0.543886,          7P     61
7.594,206.449,0.685091,7.594,206.278,0.826233,7.594,206.132,           7P     62
0.956371,7.594,206.019,1.06393,7.594,205.936,1.14636,7.594,            7P     63
205.891,1.19294,7.594,205.873,1.2117,7.594,0.,8.50279,0.,0.,0.;        7P     64
126,53,3,0,1,1,0,0.,0.,0.,0.,0.0224217,0.0448376,0.0672324,            9P     65
0.0895502,0.0895502,0.171313,0.294208,0.458327,0.663663,0.91059,       9P     66
1.15785,1.40553,1.65349,1.90173,2.15028,2.39907,2.64802,2.89732,       9P     67
3.14711,3.39738,3.64883,3.85953,4.02943,4.15783,4.244,4.244,           9P     68
4.27729,4.31059,4.34387,4.37716,4.37716,4.45574,4.57357,4.73028,       9P     69
4.9261,5.16079,5.39554,5.63032,5.86508,6.09996,6.33486,6.56982,        9P     70
6.80463,7.03953,7.2742,7.50888,7.7434,7.93875,8.09489,8.21189,         9P     71
8.28996,8.28996,8.28996,8.28996,1.,1.,1.,1.,1.,1.,1.,1.,1.,1.,         9P     72
1.,1.,1.,1.,1.,1.,1.,1.,1.,1.,1.,1.,1.,1.,1.,1.,1.,1.,1.,1.,1.,        9P     73
1.,1.,1.,1.,1.,1.,1.,1.,1.,1.,1.,1.,1.,1.,1.,1.,1.,1.,1.,1.,1.,        9P     74
1.,1.,206.009,1.3582,8.546,206.004,1.36367,8.546,205.988,              9P     75
1.36998,8.546,205.965,1.36251,8.546,205.953,1.34136,8.546,             9P     76
205.956,1.32548,8.546,205.973,1.29525,8.546,206.007,1.23609,           9P     77
8.546,206.071,1.13085,8.546,206.16,0.99302,8.546,206.278,              9P     78
0.825045,8.546,206.422,0.641324,8.546,206.585,0.455429,8.546,          9P     79
206.759,0.278711,8.546,206.943,0.112099,8.546,207.136,                 9P     80
-0.0436626,8.546,207.338,-0.188188,8.546,207.55,-0.319394,8.546,       9P     81
207.771,-0.434705,8.546,208.,-0.533035,8.546,208.237,-0.612458,        9P     82
8.546,208.481,-0.670987,8.546,208.717,-0.704242,8.546,208.928,         9P     83
-0.713217,8.546,209.097,-0.705623,8.546,209.225,-0.690732,8.546,       9P     84
209.295,-0.67852,8.546,209.334,-0.670868,8.546,209.356,                9P     85
-0.661954,8.546,209.371,-0.628008,8.546,209.36,-0.594174,8.546,        9P     86
209.34,-0.57945,8.546,209.303,-0.574914,8.546,209.238,-0.566101,       9P     87
8.546,209.122,-0.546195,8.546,208.969,-0.513296,8.546,208.779,         9P     88
-0.462684,8.546,208.568,-0.393891,8.546,208.349,-0.309682,8.546,       9P     89
208.134,-0.215346,8.546,207.923,-0.112341,8.546,207.716,               9P     90
-0.00115564,8.546,207.512,0.117016,8.546,207.314,0.242337,8.546,       9P     91
207.12,0.375081,8.546,206.931,0.514582,8.546,206.747,0.66049,          9P     92
8.546,206.568,0.812383,8.546,206.403,0.961362,8.546,206.262,           9P     93
1.09664,8.546,206.152,1.20742,8.546,206.071,1.29175,8.546,             9P     94
206.026,1.33915,8.546,206.009,1.3582,8.546,0.,8.28996,0.,0.,0.;        9P     95
126,54,3,0,1,1,0,0.,0.,0.,0.,0.0202833,0.0405371,0.0607784,           11P     96
0.0810153,0.0810153,0.0810153,0.161664,0.282742,0.444365,0.6467,      11P     97
0.889747,1.13322,1.37697,1.62091,1.865,2.10927,2.35376,2.59824,       11P     98
2.8429,3.08765,3.33259,3.57755,3.78193,3.94563,4.06852,4.1504,        11P     99
4.1504,4.17576,4.20114,4.22649,4.25192,4.25192,4.33142,4.45065,       11P    100
4.60962,4.80815,5.0463,5.28433,5.52223,5.75991,5.99749,6.2349,        11P    101
6.47215,6.70922,6.94609,7.18274,7.41929,7.65549,7.85221,8.00947,      11P    102
8.12724,8.20576,8.20576,8.20576,8.20576,1.,1.,1.,1.,1.,1.,1.,1.,      11P    103
1.,1.,1.,1.,1.,1.,1.,1.,1.,1.,1.,1.,1.,1.,1.,1.,1.,1.,1.,1.,1.,       11P    104
1.,1.,1.,1.,1.,1.,1.,1.,1.,1.,1.,1.,1.,1.,1.,1.,1.,1.,1.,1.,1.,       11P    105
1.,1.,1.,1.,1.,206.135,1.4691,9.368,206.13,1.47415,9.368,             11P    106
206.116,1.48057,9.368,206.095,1.47454,9.368,206.083,1.45574,          11P    107
9.368,206.086,1.44116,9.368,206.09,1.4353,9.368,206.103,1.41194,      11P    108
9.368,206.137,1.35374,9.368,206.199,1.25001,9.368,206.286,            11P    109
1.11354,9.368,206.4,0.946166,9.368,206.536,0.761532,9.368,            11P    110
206.689,0.571531,9.368,206.85,0.388493,9.368,207.018,0.212272,        11P    111
9.368,207.195,0.043682,9.368,207.379,-0.117382,9.368,207.57,          11P    112
-0.269913,9.368,207.768,-0.413423,9.368,207.973,-0.547456,9.368,      11P    113
208.184,-0.671737,9.368,208.4,-0.78583,9.368,208.611,-0.883287,       11P    114
9.368,208.8,-0.960699,9.368,208.954,-1.01649,9.368,209.07,            11P    115
-1.05471,9.368,209.136,-1.07438,9.368,209.17,-1.08436,9.368,          11P    116
209.189,-1.08345,9.368,209.208,-1.06394,9.368,209.21,-1.03652,        11P    117
9.368,209.199,-1.02142,9.368,209.17,-1.00277,9.368,209.114,           11P    118
-0.967357,9.368,209.013,-0.903173,9.368,208.88,-0.816682,9.368,       11P    119
208.714,-0.707271,9.368,208.528,-0.581466,9.368,208.332,              11P    120
-0.445672,9.368,208.138,-0.307882,9.368,207.946,-0.16754,9.368,       11P    121
207.756,-0.0247714,9.368,207.568,0.119921,9.368,207.383,              11P    122
0.267795,9.368,207.201,0.420146,9.368,207.022,0.576046,9.368,         11P    123
206.848,0.73605,9.368,206.677,0.899669,9.368,206.519,1.05721,         11P    124
9.368,206.382,1.19883,9.368,206.275,1.31375,9.368,206.196,            11P    125
1.40079,9.368,206.152,1.44953,9.368,206.135,1.4691,9.368,0.,          11P    126
8.20576,0.,0.,0.;                                                     11P    127
126,55,3,0,1,1,0,0.,0.,0.,0.,0.0183674,0.0367184,0.0550633,           13P    128
0.0734235,0.0734235,0.0734235,0.15391,0.274631,0.435765,              13P    129
0.637352,0.879485,1.12186,1.36447,1.60711,1.84995,2.09277,            13P    130
2.33571,2.5787,2.82173,3.06472,3.30757,3.55042,3.75273,3.91443,       13P    131
4.03563,4.11645,4.11645,4.11645,4.13704,4.15765,4.17824,4.19881,      13P    132
4.19881,4.2785,4.39812,4.5577,4.75716,4.99649,5.23587,5.47508,        13P    133
5.71425,5.95337,6.19237,6.43115,6.66976,6.90819,7.14652,7.38458,      13P    134
7.62246,7.82046,7.97877,8.0974,8.1764,8.1764,8.1764,8.1764,1.,        13P    135
1.,1.,1.,1.,1.,1.,1.,1.,1.,1.,1.,1.,1.,1.,1.,1.,1.,1.,1.,1.,1.,       13P    136
1.,1.,1.,1.,1.,1.,1.,1.,1.,1.,1.,1.,1.,1.,1.,1.,1.,1.,1.,1.,1.,       13P    137
1.,1.,1.,1.,1.,1.,1.,1.,1.,1.,1.,1.,1.,206.228,1.5413,10.09,          13P    138
206.224,1.54604,10.09,206.212,1.55259,10.09,206.193,1.54781,          13P    139
10.09,206.181,1.53108,10.09,206.184,1.51773,10.09,206.187,            13P    140
1.5124,10.09,206.2,1.48903,10.09,206.233,1.43078,10.09,206.294,       13P    141
1.32673,10.09,206.379,1.18947,10.09,206.489,1.02063,10.09,            13P    142
206.62,0.833229,10.09,206.766,0.639449,10.09,206.919,0.450888,        13P    143
10.09,207.078,0.267625,10.09,207.243,0.0898674,10.09,207.414,         13P    144
-0.0823442,10.09,207.592,-0.248498,10.09,207.774,-0.408767,           13P    145
10.09,207.963,-0.562688,10.09,208.155,-0.710619,10.09,208.353,        13P    146
-0.852233,10.09,208.543,-0.980081,10.09,208.714,-1.0882,10.09,        13P    147
208.853,-1.17149,10.09,208.958,-1.23219,10.09,209.016,-1.26527,       13P    148
10.09,209.04,-1.2784,10.09,209.046,-1.28175,10.09,209.061,            13P    149
-1.28382,10.09,209.08,-1.27118,10.09,209.085,-1.2494,10.09,           13P    150
209.078,-1.23606,10.09,209.053,-1.21384,10.09,209.003,-1.16965,       13P    151
10.09,208.914,-1.09002,10.09,208.795,-0.983968,10.09,208.646,         13P    152
-0.851373,10.09,208.477,-0.701034,10.09,208.299,-0.541611,10.09,      13P    153
208.121,-0.381786,10.09,207.943,-0.221553,10.09,207.766,              13P    154
-0.0605128,10.09,207.59,0.100956,10.09,207.416,0.264061,10.09,        13P    155
207.244,0.430048,10.09,207.075,0.598397,10.09,206.909,0.769472,       13P    156
10.09,206.747,0.943207,10.09,206.596,1.10966,10.09,206.465,           13P    157
1.25865,10.09,206.362,1.37904,10.09,206.286,1.47005,10.09,            13P    158
206.244,1.52091,10.09,206.228,1.5413,10.09,0.,8.1764,0.,0.,0.;        13P    159
126,55,3,0,1,1,0,0.,0.,0.,0.,0.0164976,0.0329974,0.0494852,           15P    160
0.066046,0.066046,0.066046,0.146411,0.266911,0.427811,0.629063,       15P    161
0.870637,1.11244,1.3543,1.59635,1.83835,2.08021,2.32216,2.56387,      15P    162
2.8055,3.04699,3.28809,3.52905,3.72953,3.88969,4.00971,4.0897,        15P    163
4.0897,4.0897,4.10784,4.12599,4.14413,4.16223,4.16223,4.24164,        15P    164
4.36088,4.52001,4.71903,4.95808,5.19733,5.43664,5.67602,5.91542,      15P    165
6.15496,6.39436,6.63365,6.8729,7.11207,7.35106,7.58988,7.78874,       15P    166
7.9478,8.06694,8.14634,8.14634,8.14634,8.14634,1.,1.,1.,1.,1.,        15P    167
1.,1.,1.,1.,1.,1.,1.,1.,1.,1.,1.,1.,1.,1.,1.,1.,1.,1.,1.,1.,1.,       15P    168
1.,1.,1.,1.,1.,1.,1.,1.,1.,1.,1.,1.,1.,1.,1.,1.,1.,1.,1.,1.,1.,       15P    169
1.,1.,1.,1.,1.,1.,1.,1.,1.,206.311,1.6062,10.748,206.308,1.6106,      15P    170
10.748,206.297,1.6169,10.748,206.28,1.61311,10.748,206.269,           15P    171
1.59835,10.748,206.271,1.58623,10.748,206.274,1.5814,10.748,          15P    172
206.287,1.55798,10.748,206.319,1.49958,10.748,206.379,1.39497,        15P    173
10.748,206.462,1.2568,10.748,206.568,1.08608,10.748,206.694,          15P    174
0.895604,10.748,206.833,0.697625,10.748,206.977,0.503474,10.748,      15P    175
207.127,0.313333,10.748,207.282,0.127262,10.748,207.441,              15P    176
-0.054738,10.748,207.605,-0.23237,10.748,207.774,-0.405583,           15P    177
10.748,207.947,-0.574481,10.748,208.123,-0.73895,10.748,208.303,      15P    178
-0.899444,10.748,208.477,-1.04702,10.748,208.631,-1.17448,            15P    179
10.748,208.757,-1.27449,10.748,208.851,-1.3485,10.748,208.904,        15P    180
-1.38926,10.748,208.925,-1.4055,10.748,208.93,-1.40918,10.748,        15P    181
208.943,-1.41266,10.748,208.96,-1.40355,10.748,208.968,-1.38491,      15P    182
10.748,208.962,-1.37264,10.748,208.94,-1.34872,10.748,208.895,        15P    183
-1.30003,10.748,208.814,-1.21236,10.748,208.706,-1.09596,10.748,      15P    184
208.57,-0.950479,10.748,208.415,-0.786021,10.748,208.251,             15P    185
-0.611962,10.748,208.087,-0.437957,10.748,207.923,-0.264076,          15P    186
10.748,207.758,-0.0896647,10.748,207.594,0.0847625,10.748,            15P    187
207.432,0.260365,10.748,207.271,0.437762,10.748,207.113,              15P    188
0.617055,10.748,206.957,0.798222,10.748,206.803,0.981286,10.748,      15P    189
206.66,1.15614,10.748,206.537,1.31187,10.748,206.439,1.43743,         15P    190
10.748,206.367,1.53218,10.748,206.327,1.58503,10.748,206.311,         15P    191
1.6062,10.748,0.,8.14634,0.,0.,0.;                                    15P    192
126,54,3,0,1,1,0,0.,0.,0.,0.,0.0131296,0.0262634,0.0393837,           17P    193
0.05257,0.05257,0.05257,0.132912,0.253441,0.414153,0.615166,          17P    194
0.856326,1.09746,1.33851,1.57941,1.82012,2.06069,2.30078,             17P    195
2.54065,2.78013,3.01905,3.25753,3.4953,3.69289,3.8507,3.9688,         17P    196
4.04737,4.04737,4.06314,4.07893,4.09471,4.11052,4.11052,4.18911,      17P    197
4.30718,4.46487,4.66223,4.89964,5.13752,5.37588,5.61457,5.85351,      17P    198
6.09277,6.33226,6.5718,6.81158,7.05142,7.29123,7.53111,7.73089,       17P    199
7.89074,8.0106,8.09049,8.09049,8.09049,8.09049,1.,1.,1.,1.,1.,        17P    200
1.,1.,1.,1.,1.,1.,1.,1.,1.,1.,1.,1.,1.,1.,1.,1.,1.,1.,1.,1.,1.,       17P    201
1.,1.,1.,1.,1.,1.,1.,1.,1.,1.,1.,1.,1.,1.,1.,1.,1.,1.,1.,1.,1.,       17P    202
1.,1.,1.,1.,1.,1.,1.,1.,206.456,1.7293,11.929,206.454,1.733,          17P    203
11.929,206.446,1.73869,11.929,206.431,1.73653,11.929,206.422,         17P    204
1.72512,11.929,206.424,1.71539,11.929,206.426,1.7115,11.929,          17P    205
206.438,1.68781,11.929,206.469,1.62864,11.929,206.526,1.52242,        17P    206
11.929,206.604,1.38147,11.929,206.703,1.20654,11.929,206.818,         17P    207
1.00987,11.929,206.943,0.803705,11.929,207.071,0.59951,11.929,        17P    208
207.202,0.397438,11.929,207.336,0.197382,11.929,207.472,              17P    209
-0.000903947,11.929,207.61,-0.196948,11.929,207.752,-0.390263,        17P    210
11.929,207.897,-0.581061,11.929,208.044,-0.769631,11.929,             17P    211
208.193,-0.955675,11.929,208.335,-1.12951,11.929,208.462,             17P    212
-1.28126,11.929,208.564,-1.40179,11.929,208.641,-1.49162,11.929,      17P    213
208.683,-1.54135,11.929,208.704,-1.56519,11.929,208.715,              17P    214
-1.57011,11.929,208.731,-1.56477,11.929,208.739,-1.54957,11.929,      17P    215
208.736,-1.53833,11.929,208.718,-1.51249,11.929,208.681,              17P    216
-1.45869,11.929,208.613,-1.36183,11.929,208.523,-1.23285,11.929,      17P    217
208.408,-1.07165,11.929,208.278,-0.889011,11.929,208.14,              17P    218
-0.695613,11.929,208.001,-0.502197,11.929,207.861,-0.3086,            17P    219
11.929,207.721,-0.114944,11.929,207.581,0.0791226,11.929,             17P    220
207.442,0.273591,11.929,207.303,0.468929,11.929,207.165,0.66518,      17P    221
11.929,207.029,0.862312,11.929,206.894,1.06056,11.929,206.767,        17P    222
1.24868,11.929,206.658,1.41566,11.929,206.571,1.54972,11.929,         17P    223
206.506,1.65064,11.929,206.47,1.70681,11.929,206.456,1.7293,          17P    224
11.929,0.,8.09049,0.,0.,0.;                                           17P    225
126,55,3,0,1,1,0,0.,0.,0.,0.,0.0114652,0.022954,0.0344319,            19P    226
0.0459421,0.0459421,0.0459421,0.126485,0.247191,0.408246,             19P    227
0.60936,0.850664,1.09193,1.33282,1.57361,1.81396,2.05411,             19P    228
2.29376,2.53289,2.77147,3.00953,3.24683,3.48341,3.68001,3.83688,      19P    229
3.95416,4.03221,4.03221,4.03221,4.04719,4.06218,4.07715,4.09216,      19P    230
4.09216,4.17025,4.28774,4.4446,4.64116,4.87765,5.11467,5.35235,       19P    231
5.59052,5.82917,6.06814,6.30744,6.54712,6.78692,7.02701,7.26713,      19P    232
7.50747,7.7078,7.86807,7.98828,8.06844,8.06844,8.06844,8.06844,       19P    233
1.,1.,1.,1.,1.,1.,1.,1.,1.,1.,1.,1.,1.,1.,1.,1.,1.,1.,1.,1.,1.,       19P    234
1.,1.,1.,1.,1.,1.,1.,1.,1.,1.,1.,1.,1.,1.,1.,1.,1.,1.,1.,1.,1.,       19P    235
1.,1.,1.,1.,1.,1.,1.,1.,1.,1.,1.,1.,1.,1.,206.527,1.8,12.487,         19P    236
206.525,1.80331,12.487,206.518,1.80854,12.487,206.506,1.80696,        19P    237
12.487,206.498,1.79715,12.487,206.499,1.78863,12.487,206.5,           19P    238
1.7852,12.487,206.512,1.76117,12.487,206.542,1.7012,12.487,           19P    239
206.597,1.59357,12.487,206.671,1.45054,12.487,206.765,1.27261,        19P    240
12.487,206.873,1.07209,12.487,206.99,0.861219,12.487,207.109,         19P    241
0.651641,12.487,207.23,0.44345,12.487,207.352,0.23655,12.487,         19P    242
207.476,0.0306096,12.487,207.601,-0.17359,12.487,207.729,             19P    243
-0.375329,12.487,207.86,-0.574928,12.487,207.993,-0.772363,           19P    244
12.487,208.128,-0.96763,12.487,208.257,-1.15024,12.487,208.372,       19P    245
-1.30991,12.487,208.464,-1.43661,12.487,208.534,-1.53114,12.487,      19P    246
208.573,-1.58336,12.487,208.588,-1.6042,12.487,208.591,-1.6082,       19P    247
12.487,208.601,-1.61354,12.487,208.617,-1.60941,12.487,208.626,       19P    248
-1.59528,12.487,208.623,-1.58456,12.487,208.607,-1.55816,12.487,      19P    249
208.573,-1.50272,12.487,208.51,-1.40294,12.487,208.427,-1.26975,      19P    250
12.487,208.323,-1.10308,12.487,208.204,-0.914041,12.487,208.078,      19P    251
-0.713478,12.487,207.951,-0.512661,12.487,207.823,-0.311377,          19P    252
12.487,207.696,-0.109665,12.487,207.569,0.0926892,12.487,             19P    253
207.442,0.295371,12.487,207.315,0.498492,12.487,207.188,              19P    254
0.702098,12.487,207.062,0.906315,12.487,206.936,1.11126,12.487,       19P    255
206.819,1.30547,12.487,206.716,1.47743,12.487,206.635,1.61546,        19P    256
12.487,206.574,1.71914,12.487,206.54,1.77688,12.487,206.527,1.8,      19P    257
12.487,0.,8.06844,0.,0.,0.;                                           19P    258
126,54,3,0,1,1,0,0.,0.,0.,0.,0.00980584,0.0196307,0.029448,           21P    259
0.0392684,0.0392684,0.119931,0.240937,0.402188,0.603722,              21P    260
0.845358,1.08685,1.32804,1.56896,1.8095,2.04973,2.28946,2.52856,      21P    261
2.76709,3.00483,3.24181,3.47784,3.67374,3.83003,3.94688,4.02459,      21P    262
4.02459,4.02459,4.03846,4.05232,4.06618,4.0801,4.0801,4.15784,        21P    263
4.27481,4.43103,4.62705,4.86304,5.09977,5.33734,5.5754,5.81405,       21P    264
6.05318,6.29274,6.53267,6.77282,7.01319,7.2539,7.49464,7.69549,       21P    265
7.8561,7.9767,8.05704,8.05704,8.05704,8.05704,1.,1.,1.,1.,1.,1.,      21P    266
1.,1.,1.,1.,1.,1.,1.,1.,1.,1.,1.,1.,1.,1.,1.,1.,1.,1.,1.,1.,1.,       21P    267
1.,1.,1.,1.,1.,1.,1.,1.,1.,1.,1.,1.,1.,1.,1.,1.,1.,1.,1.,1.,1.,       21P    268
1.,1.,1.,1.,1.,1.,1.,206.598,1.8785,13.03,206.596,1.88139,13.03,      21P    269
206.59,1.88607,13.03,206.58,1.88505,13.03,206.573,1.87685,13.03,      21P    270
206.573,1.86957,13.03,206.586,1.84222,13.03,206.614,1.7813,           21P    271
13.03,206.666,1.67182,13.03,206.735,1.52622,13.03,206.823,            21P    272
1.34476,13.03,206.923,1.13993,13.03,207.031,0.92389,13.03,            21P    273
207.14,0.708674,13.03,207.25,0.494363,13.03,207.36,0.280657,          21P    274
13.03,207.471,0.0674972,13.03,207.583,-0.144346,13.03,207.699,        21P    275
-0.353686,13.03,207.817,-0.560951,13.03,207.937,-0.765932,13.03,      21P    276
208.06,-0.968693,13.03,208.178,-1.15803,13.03,208.283,-1.3232,        21P    277
13.03,208.369,-1.45395,13.03,208.434,-1.55118,13.03,208.471,          21P    278
-1.60475,13.03,208.485,-1.6261,13.03,208.488,-1.62991,13.03,          21P    279
208.497,-1.63519,13.03,208.512,-1.63192,13.03,208.52,-1.61921,        21P    280
13.03,208.518,-1.60913,13.03,208.503,-1.58258,13.03,208.471,          21P    281
-1.52614,13.03,208.414,-1.42432,13.03,208.337,-1.28806,13.03,         21P    282
208.241,-1.1171,13.03,208.132,-0.922613,13.03,208.016,-0.715853,      21P    283
13.03,207.901,-0.508496,13.03,207.785,-0.30037,13.03,207.67,          21P    284
-0.091518,13.03,207.555,0.118103,13.03,207.44,0.328246,13.03,         21P    285
207.324,0.538459,13.03,207.209,0.748945,13.03,207.093,0.959767,       21P    286
13.03,206.978,1.17096,13.03,206.869,1.37086,13.03,206.774,            21P    287
1.54755,13.03,206.698,1.68919,13.03,206.642,1.79563,13.03,            21P    288
206.61,1.85483,13.03,206.598,1.8785,13.03,0.,8.05704,0.,0.,0.;        21P    289
126,54,3,0,1,1,0,0.,0.,0.,0.,0.00855135,0.0170516,0.0255454,          23P    290
0.034084,0.034084,0.115508,0.237466,0.399919,0.602585,0.845435,       23P    291
1.0877,1.32939,1.57065,1.81122,2.05117,2.29039,2.52871,2.76595,       23P    292
3.00229,3.23738,3.47128,3.66527,3.81981,3.93532,4.01233,4.01233,      23P    293
4.02533,4.03834,4.05133,4.06433,4.06433,4.06433,4.14087,4.25602,      23P    294
4.41013,4.60355,4.83702,5.07164,5.30732,5.54409,5.78166,6.02016,      23P    295
6.25928,6.49899,6.73937,6.98015,7.22151,7.46328,7.66516,7.8268,       23P    296
7.94824,8.02925,8.02925,8.02925,8.02925,1.,1.,1.,1.,1.,1.,1.,1.,      23P    297
1.,1.,1.,1.,1.,1.,1.,1.,1.,1.,1.,1.,1.,1.,1.,1.,1.,1.,1.,1.,1.,       23P    298
1.,1.,1.,1.,1.,1.,1.,1.,1.,1.,1.,1.,1.,1.,1.,1.,1.,1.,1.,1.,1.,       23P    299
1.,1.,1.,1.,1.,206.649,1.9536,13.432,206.647,1.95618,13.432,          23P    300
206.642,1.96018,13.432,206.633,1.95965,13.432,206.627,1.95262,        23P    301
13.432,206.627,1.94632,13.432,206.639,1.91869,13.432,206.665,         23P    302
1.85625,13.432,206.713,1.74403,13.432,206.777,1.59506,13.432,         23P    303
206.859,1.40944,13.432,206.952,1.20012,13.432,207.052,0.979284,       23P    304
13.432,207.153,0.759486,13.432,207.254,0.540463,13.432,207.355,       23P    305
0.322231,13.432,207.455,0.10437,13.432,207.557,-0.111912,13.432,      23P    306
207.664,-0.325093,13.432,207.774,-0.535534,13.432,207.887,            23P    307
-0.742645,13.432,208.005,-0.946322,13.432,208.12,-1.1346,13.432,      23P    308
208.227,-1.29711,13.432,208.315,-1.42394,13.432,208.384,              23P    309
-1.51718,13.432,208.423,-1.568,13.432,208.441,-1.59161,13.432,        23P    310
208.45,-1.59642,13.432,208.464,-1.59293,13.432,208.472,-1.58089,      23P    311
13.432,208.469,-1.57145,13.432,208.467,-1.5678,13.432,208.453,        23P    312
-1.5463,13.432,208.419,-1.49229,13.432,208.359,-1.39406,13.432,       23P    313
208.28,-1.2614,13.432,208.184,-1.09334,13.432,208.077,-0.900285,      23P    314
13.432,207.967,-0.693562,13.432,207.857,-0.484815,13.432,             23P    315
207.749,-0.274372,13.432,207.641,-0.0624512,13.432,207.535,           23P    316
0.15095,13.432,207.429,0.365215,13.432,207.322,0.57979,13.432,        23P    317
207.215,0.79492,13.432,207.108,1.01054,13.432,207.001,1.22676,        23P    318
13.432,206.9,1.43171,13.432,206.811,1.61308,13.432,206.741,           23P    319
1.75867,13.432,206.689,1.86821,13.432,206.66,1.92919,13.432,          23P    320
206.649,1.9536,13.432,0.,8.02925,0.,0.,0.;                            23P    321
126,53,3,0,1,1,0,0.,0.,0.,0.,0.00741047,0.0148293,0.0222482,          25P    322
0.0296586,0.0296586,0.112566,0.236542,0.401454,0.606721,              25P    323
0.852191,1.0965,1.33978,1.58215,1.82338,2.0636,2.3026,2.53998,        25P    324
2.77584,3.01009,3.24285,3.4744,3.66697,3.82114,3.93732,4.01521,       25P    325
4.01521,4.02716,4.03911,4.05106,4.06306,4.06306,4.13921,4.2534,       25P    326
4.40556,4.59616,4.82602,5.05735,5.29017,5.52463,5.7605,5.99796,       25P    327
6.23644,6.47614,6.71685,6.95854,7.20124,7.44502,7.64895,7.81265,      25P    328
7.93575,8.01802,8.01802,8.01802,8.01802,1.,1.,1.,1.,1.,1.,1.,1.,      25P    329
1.,1.,1.,1.,1.,1.,1.,1.,1.,1.,1.,1.,1.,1.,1.,1.,1.,1.,1.,1.,1.,       25P    330
1.,1.,1.,1.,1.,1.,1.,1.,1.,1.,1.,1.,1.,1.,1.,1.,1.,1.,1.,1.,1.,       25P    331
1.,1.,1.,1.,206.691,2.0735,13.812,206.69,2.0758,13.812,206.686,       25P    332
2.07963,13.812,206.678,2.07943,13.812,206.672,2.07349,13.812,         25P    333
206.673,2.06803,13.812,206.683,2.03969,13.812,206.706,1.97481,        25P    334
13.812,206.748,1.85833,13.812,206.806,1.70395,13.812,206.878,         25P    335
1.51198,13.812,206.962,1.29588,13.812,207.051,1.06846,13.812,         25P    336
207.141,0.842336,13.812,207.231,0.617432,13.812,207.321,              25P    337
0.393585,13.812,207.41,0.170366,13.812,207.501,-0.0504079,            25P    338
13.812,207.6,-0.266241,13.812,207.706,-0.477055,13.812,207.82,        25P    339
-0.682118,13.812,207.942,-0.880278,13.812,208.068,-1.05973,           25P    340
13.812,208.188,-1.21049,13.812,208.292,-1.32468,13.812,208.374,       25P    341
-1.40641,13.812,208.423,-1.44973,13.812,208.445,-1.46942,13.812,      25P    342
208.453,-1.47301,13.812,208.465,-1.4681,13.812,208.471,-1.45637,      25P    343
13.812,208.469,-1.44767,13.812,208.449,-1.42584,13.812,208.407,       25P    344
-1.37819,13.812,208.334,-1.29002,13.812,208.242,-1.16871,13.812,      25P    345
208.134,-1.0115,13.812,208.018,-0.827452,13.812,207.903,              25P    346
-0.626811,13.812,207.792,-0.421582,13.812,207.687,-0.212205,          25P    347
13.812,207.585,0.000530441,13.812,207.486,0.216575,13.812,            25P    348
207.389,0.434599,13.812,207.292,0.653444,13.812,207.194,              25P    349
0.873658,13.812,207.097,1.09503,13.812,207.001,1.31781,13.812,        25P    350
206.911,1.52975,13.812,206.832,1.71797,13.812,206.771,1.86967,        25P    351
13.812,206.726,1.98408,13.812,206.701,2.04791,13.812,206.691,         25P    352
2.0735,13.812,0.,8.01802,0.,0.,0.;                                    25P    353
126,53,3,0,1,1,0,0.,0.,0.,0.,0.0267721,0.0535463,0.0802941,           27P    354
0.107093,0.107093,0.192934,0.321949,0.494533,0.710972,0.971728,       27P    355
1.23357,1.49634,1.76009,2.02477,2.29042,2.55679,2.82348,3.09063,      27P    356
3.35797,3.6254,3.89223,4.1125,4.28474,4.409,4.48812,4.48812,          27P    357
4.53599,4.58389,4.63174,4.67963,4.67963,4.74533,4.84745,4.98882,      27P    358
5.17129,5.39618,5.62586,5.85862,6.09369,6.33033,6.56785,6.80579,      27P    359
7.04392,7.28208,7.52001,7.75775,7.99502,8.19245,8.35002,8.46801,      27P    360
8.54664,8.54664,8.54664,8.54664,1.,1.,1.,1.,1.,1.,1.,1.,1.,1.,        27P    361
1.,1.,1.,1.,1.,1.,1.,1.,1.,1.,1.,1.,1.,1.,1.,1.,1.,1.,1.,1.,1.,       27P    362
1.,1.,1.,1.,1.,1.,1.,1.,1.,1.,1.,1.,1.,1.,1.,1.,1.,1.,1.,1.,1.,       27P    363
1.,1.,205.82,1.1285,6.904,205.814,1.13492,6.904,205.795,1.14171,      27P    364
6.904,205.768,1.13198,6.904,205.754,1.10619,6.904,205.759,            27P    365
1.08741,6.904,205.778,1.05502,6.904,205.815,0.993691,6.904,           27P    366
205.885,0.8852,6.904,205.984,0.743895,6.904,206.118,0.573805,         27P    367
6.904,206.283,0.390849,6.904,206.473,0.210194,6.904,206.677,          27P    368
0.0439011,6.904,206.894,-0.106154,6.904,207.124,-0.238194,6.904,      27P    369
207.364,-0.351166,6.904,207.617,-0.437542,6.904,207.879,              27P    370
-0.491572,6.904,208.146,-0.509939,6.904,208.414,-0.487875,6.904,      27P    371
208.674,-0.420973,6.904,208.903,-0.312778,6.904,209.081,              27P    372
-0.182144,6.904,209.201,-0.0583116,6.904,209.276,0.0426293,           27P    373
6.904,209.31,0.100872,6.904,209.331,0.138155,6.904,209.343,           27P    374
0.170584,6.904,209.318,0.218186,6.904,209.271,0.236733,6.904,         27P    375
209.235,0.226598,6.904,209.21,0.198142,6.904,209.171,0.15785,         27P    376
6.904,209.092,0.0920645,6.904,208.971,0.0172122,6.904,208.802,        27P    377
-0.0546371,6.904,208.595,-0.10623,6.904,208.367,-0.129511,6.904,      27P    378
208.134,-0.124358,6.904,207.901,-0.094362,6.904,207.67,               27P    379
-0.042195,6.904,207.444,0.0292355,6.904,207.223,0.117697,6.904,       27P    380
207.009,0.220801,6.904,206.801,0.337133,6.904,206.6,0.46496,          27P    381
6.904,206.407,0.603441,6.904,206.232,0.742926,6.904,206.083,          27P    382
0.872686,6.904,205.968,0.980107,6.904,205.884,1.06292,6.904,          27P    383
205.838,1.10967,6.904,205.82,1.1285,6.904,0.,8.54664,0.,0.,0.;        27P    384
128,489,12,3,3,1,0,1,0,0,0.,0.,0.,0.,0.00789904,0.00910238,           29P    385
0.0104017,0.0121447,0.0138699,0.015807,0.0173083,0.0191991,           29P    386
0.0211259,0.023116,0.0250833,0.0267721,0.0312375,0.0312375,           29P    387
0.0346189,0.0364726,0.0364726,0.0383811,0.0422211,0.0422211,          29P    388
0.0462259,0.048665,0.048665,0.0501856,0.0519168,0.0535463,            29P    389
0.055534,0.055534,0.0575566,0.0633033,0.0693141,0.0693141,            29P    390
0.0752613,0.0767482,0.0767482,0.0802941,0.0843808,0.0843808,          29P    391
0.0923229,0.0923229,0.100289,0.100289,0.107093,0.107093,              29P    392
0.119987,0.122951,0.127219,0.133982,0.140405,0.153605,0.160879,       29P    393
0.16838,0.176617,0.184828,0.192934,0.252768,0.255578,0.261841,        29P    394
0.267731,0.280026,0.287067,0.294488,0.303318,0.311813,0.321949,       29P    395
0.426627,0.427921,0.432442,0.437503,0.448833,0.455497,0.462824,       29P    396
0.472518,0.481461,0.494533,0.640408,0.645476,0.646722,0.649849,       29P    397
0.659974,0.666213,0.673565,0.684212,0.694032,0.710972,0.896727,       29P    398
0.899914,0.901081,0.904606,0.908376,0.913419,0.919309,0.926708,       29P    399
0.938784,0.949744,0.971728,1.1529,1.15665,1.15779,1.15933,            29P    400
1.16711,1.16879,1.17267,1.1803,1.1937,1.23357,1.40874,1.41398,        29P    401
1.41505,1.42085,1.42625,1.42811,1.43417,1.44904,1.46328,1.49634,      29P    402
1.6643,1.66688,1.66846,1.67186,1.67479,1.67988,1.68646,1.68824,       29P    403
1.70468,1.72094,1.76009,1.91945,1.92147,1.92274,1.92869,1.93372,      29P    404
1.94247,1.9436,1.96061,1.97917,2.02477,2.17428,2.17687,2.18243,       29P    405
2.18753,2.19689,2.19965,2.21685,2.23812,2.29042,2.42858,2.4305,       29P    406
2.43627,2.43797,2.44148,2.45154,2.45441,2.47335,2.49746,2.55679,      29P    407
2.68221,2.68389,2.68986,2.69165,2.69547,2.70617,2.70744,2.73001,      29P    408
2.75733,2.82348,2.93523,2.93688,2.94336,2.9495,2.95885,2.96099,       29P    409
2.98703,3.01802,3.09063,3.18789,3.18927,3.19672,3.2035,3.20854,       29P    410
3.21592,3.24456,3.27997,3.35797,3.43926,3.44119,3.44599,3.44966,      29P    411
3.45735,3.47104,3.50258,3.54376,3.6254,3.68986,3.69237,3.69497,       29P    412
3.70246,3.71119,3.72617,3.7618,3.81054,3.89223,3.89698,3.89811,       29P    413
3.9011,3.90873,3.91279,3.92266,3.93904,3.97904,4.03582,4.06276,       29P    414
4.06428,4.06596,4.0678,4.07307,4.08082,4.09168,4.10954,4.1125,        29P    415
4.15419,4.18671,4.18852,4.19256,4.19691,4.20674,4.21822,4.23754,      29P    416
4.26915,4.26915,4.27119,4.27119,4.27556,4.27556,4.27993,4.27993,      29P    417
4.28474,4.28657,4.29066,4.29066,4.29223,4.29856,4.30285,4.30285,      29P    418
4.3054,4.3097,4.31327,4.31879,4.32281,4.32281,4.32438,4.32557,        29P    419
4.32557,4.32873,4.32873,4.33093,4.33093,4.3347,4.3347,4.34227,        29P    420
4.34227,4.34592,4.34777,4.34923,4.35612,4.36744,4.36744,4.37541,      29P    421
4.37541,4.38895,4.38895,4.40207,4.4077,4.409,4.4105,4.4121,           29P    422
4.41741,4.42529,4.42855,4.42855,4.44406,4.44825,4.44825,4.45007,      29P    423
4.47224,4.47836,4.48812,4.48812,4.49136,4.51135,4.51269,4.51269,      29P    424
4.53027,4.53449,4.53599,4.54187,4.55002,4.57517,4.57758,4.58389,      29P    425
4.59371,4.59728,4.62078,4.62078,4.63174,4.63554,4.67963,4.67963,      29P    426
4.69431,4.69602,4.69952,4.70802,4.71519,4.7166,4.74212,4.74533,       29P    427
4.76409,4.80111,4.81755,4.84745,4.87675,4.9002,4.90822,4.91623,       29P    428
4.92509,4.95092,4.97258,4.97456,4.98882,5.00788,5.07863,5.14419,      29P    429
5.14871,5.15854,5.16674,5.17129,5.20171,5.22274,5.25593,5.32058,      29P    430
5.39078,5.39618,5.39845,5.40535,5.40966,5.41781,5.42718,5.45272,      29P    431
5.47296,5.50385,5.5626,5.62586,5.63895,5.64009,5.64932,5.66168,       29P    432
5.66957,5.67898,5.70379,5.723,5.75163,5.80465,5.85862,5.87504,        29P    433
5.88886,5.90135,5.92186,5.93112,5.95493,5.973,5.99919,6.04668,        29P    434
6.09369,6.11024,6.14028,6.15422,6.16735,6.17465,6.18353,6.20609,      29P    435
6.22295,6.24664,6.28883,6.33033,6.34567,6.3934,6.40808,6.42101,       29P    436
6.42778,6.43628,6.45741,6.47278,6.49391,6.53101,6.56785,6.5814,       29P    437
6.6476,6.66262,6.67512,6.68127,6.68928,6.70857,6.72236,6.74102,       29P    438
6.77324,6.80579,6.81739,6.9031,6.91777,6.92963,6.93515,6.94233,       29P    439
6.95962,6.97178,6.98793,7.01532,7.04392,7.05337,7.15969,7.17364,      29P    440
7.18438,7.18917,7.19563,7.21062,7.22101,7.23464,7.28208,7.28946,      29P    441
7.41731,7.42994,7.44348,7.44898,7.46154,7.47013,7.48112,7.49943,      29P    442
7.52001,7.52555,7.67601,7.68685,7.69469,7.69784,7.70231,7.71228,      29P    443
7.71897,7.72749,7.74138,7.75775,7.76149,7.93587,7.9442,7.95006,       29P    444
7.95242,7.95572,7.96283,7.96762,7.97352,7.98316,7.99502,7.99731,      29P    445
8.15324,8.15909,8.16311,8.16462,8.16676,8.17146,8.17458,8.17841,      29P    446
8.18455,8.19245,8.19371,8.32774,8.33115,8.33439,8.33562,8.33834,      29P    447
8.34007,8.34219,8.34553,8.35002,8.45895,8.46041,8.46224,8.46485,      29P    448
8.46615,8.46801,8.54664,8.54664,8.54664,8.54664,0.,0.,0.,0.,          29P    449
0.696986,1.66975,2.50868,3.24025,3.90666,5.10287,5.6698,6.22299,      29P    450
6.63508,7.03582,7.03582,7.03582,7.03582,1.,1.,1.,1.,1.,1.,1.,1.,      29P    451
1.,1.,1.,1.,1.,1.,1.,1.,1.,1.,1.,1.,1.,1.,1.,1.,1.,1.,1.,1.,1.,       29P    452
1.,1.,1.,1.,1.,1.,1.,1.,1.,1.,1.,1.,1.,1.,1.,1.,1.,1.,1.,1.,1.,       29P    453
1.,1.,1.,1.,1.,1.,1.,1.,1.,1.,1.,1.,1.,1.,1.,1.,1.,1.,1.,1.,1.,       29P    454
1.,1.,1.,1.,1.,1.,1.,1.,1.,1.,1.,1.,1.,1.,1.,1.,1.,1.,1.,1.,1.,       29P    455
1.,1.,1.,1.,1.,1.,1.,1.,1.,1.,1.,1.,1.,1.,1.,1.,1.,1.,1.,1.,1.,       29P    456
1.,1.,1.,1.,1.,1.,1.,1.,1.,1.,1.,1.,1.,1.,1.,1.,1.,1.,1.,1.,1.,       29P    457
1.,1.,1.,1.,1.,1.,1.,1.,1.,1.,1.,1.,1.,1.,1.,1.,1.,1.,1.,1.,1.,       29P    458
1.,1.,1.,1.,1.,1.,1.,1.,1.,1.,1.,1.,1.,1.,1.,1.,1.,1.,1.,1.,1.,       29P    459
1.,1.,1.,1.,1.,1.,1.,1.,1.,1.,1.,1.,1.,1.,1.,1.,1.,1.,1.,1.,1.,       29P    460
1.,1.,1.,1.,1.,1.,1.,1.,1.,1.,1.,1.,1.,1.,1.,1.,1.,1.,1.,1.,1.,       29P    461
1.,1.,1.,1.,1.,1.,1.,1.,1.,1.,1.,1.,1.,1.,1.,1.,1.,1.,1.,1.,1.,       29P    462
1.,1.,1.,1.,1.,1.,1.,1.,1.,1.,1.,1.,1.,1.,1.,1.,1.,1.,1.,1.,1.,       29P    463
1.,1.,1.,1.,1.,1.,1.,1.,1.,1.,1.,1.,1.,1.,1.,1.,1.,1.,1.,1.,1.,       29P    464
1.,1.,1.,1.,1.,1.,1.,1.,1.,1.,1.,1.,1.,1.,1.,1.,1.,1.,1.,1.,1.,       29P    465
1.,1.,1.,1.,1.,1.,1.,1.,1.,1.,1.,1.,1.,1.,1.,1.,1.,1.,1.,1.,1.,       29P    466
1.,1.,1.,1.,1.,1.,1.,1.,1.,1.,1.,1.,1.,1.,1.,1.,1.,1.,1.,1.,1.,       29P    467
1.,1.,1.,1.,1.,1.,1.,1.,1.,1.,1.,1.,1.,1.,1.,1.,1.,1.,1.,1.,1.,       29P    468
1.,1.,1.,1.,1.,1.,1.,1.,1.,1.,1.,1.,1.,1.,1.,1.,1.,1.,1.,1.,1.,       29P    469
1.,1.,1.,1.,1.,1.,1.,1.,1.,1.,1.,1.,1.,1.,1.,1.,1.,1.,1.,1.,1.,       29P    470
1.,1.,1.,1.,1.,1.,1.,1.,1.,1.,1.,1.,1.,1.,1.,1.,1.,1.,1.,1.,1.,       29P    471
1.,1.,1.,1.,1.,1.,1.,1.,1.,1.,1.,1.,1.,1.,1.,1.,1.,1.,1.,1.,1.,       29P    472
1.,1.,1.,1.,1.,1.,1.,1.,1.,1.,1.,1.,1.,1.,1.,1.,1.,1.,1.,1.,1.,       29P    473
1.,1.,1.,1.,1.,1.,1.,1.,1.,1.,1.,1.,1.,1.,1.,1.,1.,1.,1.,1.,1.,       29P    474
1.,1.,1.,1.,1.,1.,1.,1.,1.,1.,1.,1.,1.,1.,1.,1.,1.,1.,1.,1.,1.,       29P    475
1.,1.,1.,1.,1.,1.,1.,1.,1.,1.,1.,1.,1.,1.,1.,1.,1.,1.,1.,1.,1.,       29P    476
1.,1.,1.,1.,1.,1.,1.,1.,1.,1.,1.,1.,1.,1.,1.,1.,1.,1.,1.,1.,1.,       29P    477
1.,1.,1.,1.,1.,1.,1.,1.,1.,1.,1.,1.,1.,1.,1.,1.,1.,1.,1.,1.,1.,       29P    478
1.,1.,1.,1.,1.,1.,1.,1.,1.,1.,1.,1.,1.,1.,1.,1.,1.,1.,1.,1.,1.,       29P    479
1.,1.,1.,1.,1.,1.,1.,1.,1.,1.,1.,1.,1.,1.,1.,1.,1.,1.,1.,1.,1.,       29P    480
1.,1.,1.,1.,1.,1.,1.,1.,1.,1.,1.,1.,1.,1.,1.,1.,1.,1.,1.,1.,1.,       29P    481
1.,1.,1.,1.,1.,1.,1.,1.,1.,1.,1.,1.,1.,1.,1.,1.,1.,1.,1.,1.,1.,       29P    482
1.,1.,1.,1.,1.,1.,1.,1.,1.,1.,1.,1.,1.,1.,1.,1.,1.,1.,1.,1.,1.,       29P    483
1.,1.,1.,1.,1.,1.,1.,1.,1.,1.,1.,1.,1.,1.,1.,1.,1.,1.,1.,1.,1.,       29P    484
1.,1.,1.,1.,1.,1.,1.,1.,1.,1.,1.,1.,1.,1.,1.,1.,1.,1.,1.,1.,1.,       29P    485
1.,1.,1.,1.,1.,1.,1.,1.,1.,1.,1.,1.,1.,1.,1.,1.,1.,1.,1.,1.,1.,       29P    486
1.,1.,1.,1.,1.,1.,1.,1.,1.,1.,1.,1.,1.,1.,1.,1.,1.,1.,1.,1.,1.,       29P    487
1.,1.,1.,1.,1.,1.,1.,1.,1.,1.,1.,1.,1.,1.,1.,1.,1.,1.,1.,1.,1.,       29P    488
1.,1.,1.,1.,1.,1.,1.,1.,1.,1.,1.,1.,1.,1.,1.,1.,1.,1.,1.,1.,1.,       29P    489
1.,1.,1.,1.,1.,1.,1.,1.,1.,1.,1.,1.,1.,1.,1.,1.,1.,1.,1.,1.,1.,       29P    490
1.,1.,1.,1.,1.,1.,1.,1.,1.,1.,1.,1.,1.,1.,1.,1.,1.,1.,1.,1.,1.,       29P    491
1.,1.,1.,1.,1.,1.,1.,1.,1.,1.,1.,1.,1.,1.,1.,1.,1.,1.,1.,1.,1.,       29P    492
1.,1.,1.,1.,1.,1.,1.,1.,1.,1.,1.,1.,1.,1.,1.,1.,1.,1.,1.,1.,1.,       29P    493
1.,1.,1.,1.,1.,1.,1.,1.,1.,1.,1.,1.,1.,1.,1.,1.,1.,1.,1.,1.,1.,       29P    494
1.,1.,1.,1.,1.,1.,1.,1.,1.,1.,1.,1.,1.,1.,1.,1.,1.,1.,1.,1.,1.,       29P    495
1.,1.,1.,1.,1.,1.,1.,1.,1.,1.,1.,1.,1.,1.,1.,1.,1.,1.,1.,1.,1.,       29P    496
1.,1.,1.,1.,1.,1.,1.,1.,1.,1.,1.,1.,1.,1.,1.,1.,1.,1.,1.,1.,1.,       29P    497
1.,1.,1.,1.,1.,1.,1.,1.,1.,1.,1.,1.,1.,1.,1.,1.,1.,1.,1.,1.,1.,       29P    498
1.,1.,1.,1.,1.,1.,1.,1.,1.,1.,1.,1.,1.,1.,1.,1.,1.,1.,1.,1.,1.,       29P    499
1.,1.,1.,1.,1.,1.,1.,1.,1.,1.,1.,1.,1.,1.,1.,1.,1.,1.,1.,1.,1.,       29P    500
1.,1.,1.,1.,1.,1.,1.,1.,1.,1.,1.,1.,1.,1.,1.,1.,1.,1.,1.,1.,1.,       29P    501
1.,1.,1.,1.,1.,1.,1.,1.,1.,1.,1.,1.,1.,1.,1.,1.,1.,1.,1.,1.,1.,       29P    502
1.,1.,1.,1.,1.,1.,1.,1.,1.,1.,1.,1.,1.,1.,1.,1.,1.,1.,1.,1.,1.,       29P    503
1.,1.,1.,1.,1.,1.,1.,1.,1.,1.,1.,1.,1.,1.,1.,1.,1.,1.,1.,1.,1.,       29P    504
1.,1.,1.,1.,1.,1.,1.,1.,1.,1.,1.,1.,1.,1.,1.,1.,1.,1.,1.,1.,1.,       29P    505
1.,1.,1.,1.,1.,1.,1.,1.,1.,1.,1.,1.,1.,1.,1.,1.,1.,1.,1.,1.,1.,       29P    506
1.,1.,1.,1.,1.,1.,1.,1.,1.,1.,1.,1.,1.,1.,1.,1.,1.,1.,1.,1.,1.,       29P    507
1.,1.,1.,1.,1.,1.,1.,1.,1.,1.,1.,1.,1.,1.,1.,1.,1.,1.,1.,1.,1.,       29P    508
1.,1.,1.,1.,1.,1.,1.,1.,1.,1.,1.,1.,1.,1.,1.,1.,1.,1.,1.,1.,1.,       29P    509
1.,1.,1.,1.,1.,1.,1.,1.,1.,1.,1.,1.,1.,1.,1.,1.,1.,1.,1.,1.,1.,       29P    510
1.,1.,1.,1.,1.,1.,1.,1.,1.,1.,1.,1.,1.,1.,1.,1.,1.,1.,1.,1.,1.,       29P    511
1.,1.,1.,1.,1.,1.,1.,1.,1.,1.,1.,1.,1.,1.,1.,1.,1.,1.,1.,1.,1.,       29P    512
1.,1.,1.,1.,1.,1.,1.,1.,1.,1.,1.,1.,1.,1.,1.,1.,1.,1.,1.,1.,1.,       29P    513
1.,1.,1.,1.,1.,1.,1.,1.,1.,1.,1.,1.,1.,1.,1.,1.,1.,1.,1.,1.,1.,       29P    514
1.,1.,1.,1.,1.,1.,1.,1.,1.,1.,1.,1.,1.,1.,1.,1.,1.,1.,1.,1.,1.,       29P    515
1.,1.,1.,1.,1.,1.,1.,1.,1.,1.,1.,1.,1.,1.,1.,1.,1.,1.,1.,1.,1.,       29P    516
1.,1.,1.,1.,1.,1.,1.,1.,1.,1.,1.,1.,1.,1.,1.,1.,1.,1.,1.,1.,1.,       29P    517
1.,1.,1.,1.,1.,1.,1.,1.,1.,1.,1.,1.,1.,1.,1.,1.,1.,1.,1.,1.,1.,       29P    518
1.,1.,1.,1.,1.,1.,1.,1.,1.,1.,1.,1.,1.,1.,1.,1.,1.,1.,1.,1.,1.,       29P    519
1.,1.,1.,1.,1.,1.,1.,1.,1.,1.,1.,1.,1.,1.,1.,1.,1.,1.,1.,1.,1.,       29P    520
1.,1.,1.,1.,1.,1.,1.,1.,1.,1.,1.,1.,1.,1.,1.,1.,1.,1.,1.,1.,1.,       29P    521
1.,1.,1.,1.,1.,1.,1.,1.,1.,1.,1.,1.,1.,1.,1.,1.,1.,1.,1.,1.,1.,       29P    522
1.,1.,1.,1.,1.,1.,1.,1.,1.,1.,1.,1.,1.,1.,1.,1.,1.,1.,1.,1.,1.,       29P    523
1.,1.,1.,1.,1.,1.,1.,1.,1.,1.,1.,1.,1.,1.,1.,1.,1.,1.,1.,1.,1.,       29P    524
1.,1.,1.,1.,1.,1.,1.,1.,1.,1.,1.,1.,1.,1.,1.,1.,1.,1.,1.,1.,1.,       29P    525
1.,1.,1.,1.,1.,1.,1.,1.,1.,1.,1.,1.,1.,1.,1.,1.,1.,1.,1.,1.,1.,       29P    526
1.,1.,1.,1.,1.,1.,1.,1.,1.,1.,1.,1.,1.,1.,1.,1.,1.,1.,1.,1.,1.,       29P    527
1.,1.,1.,1.,1.,1.,1.,1.,1.,1.,1.,1.,1.,1.,1.,1.,1.,1.,1.,1.,1.,       29P    528
1.,1.,1.,1.,1.,1.,1.,1.,1.,1.,1.,1.,1.,1.,1.,1.,1.,1.,1.,1.,1.,       29P    529
1.,1.,1.,1.,1.,1.,1.,1.,1.,1.,1.,1.,1.,1.,1.,1.,1.,1.,1.,1.,1.,       29P    530
1.,1.,1.,1.,1.,1.,1.,1.,1.,1.,1.,1.,1.,1.,1.,1.,1.,1.,1.,1.,1.,       29P    531
1.,1.,1.,1.,1.,1.,1.,1.,1.,1.,1.,1.,1.,1.,1.,1.,1.,1.,1.,1.,1.,       29P    532
1.,1.,1.,1.,1.,1.,1.,1.,1.,1.,1.,1.,1.,1.,1.,1.,1.,1.,1.,1.,1.,       29P    533
1.,1.,1.,1.,1.,1.,1.,1.,1.,1.,1.,1.,1.,1.,1.,1.,1.,1.,1.,1.,1.,       29P    534
1.,1.,1.,1.,1.,1.,1.,1.,1.,1.,1.,1.,1.,1.,1.,1.,1.,1.,1.,1.,1.,       29P    535
1.,1.,1.,1.,1.,1.,1.,1.,1.,1.,1.,1.,1.,1.,1.,1.,1.,1.,1.,1.,1.,       29P    536
1.,1.,1.,1.,1.,1.,1.,1.,1.,1.,1.,1.,1.,1.,1.,1.,1.,1.,1.,1.,1.,       29P    537
1.,1.,1.,1.,1.,1.,1.,1.,1.,1.,1.,1.,1.,1.,1.,1.,1.,1.,1.,1.,1.,       29P    538
1.,1.,1.,1.,1.,1.,1.,1.,1.,1.,1.,1.,1.,1.,1.,1.,1.,1.,1.,1.,1.,       29P    539
1.,1.,1.,1.,1.,1.,1.,1.,1.,1.,1.,1.,1.,1.,1.,1.,1.,1.,1.,1.,1.,       29P    540
1.,1.,1.,1.,1.,1.,1.,1.,1.,1.,1.,1.,1.,1.,1.,1.,1.,1.,1.,1.,1.,       29P    541
1.,1.,1.,1.,1.,1.,1.,1.,1.,1.,1.,1.,1.,1.,1.,1.,1.,1.,1.,1.,1.,       29P    542
1.,1.,1.,1.,1.,1.,1.,1.,1.,1.,1.,1.,1.,1.,1.,1.,1.,1.,1.,1.,1.,       29P    543
1.,1.,1.,1.,1.,1.,1.,1.,1.,1.,1.,1.,1.,1.,1.,1.,1.,1.,1.,1.,1.,       29P    544
1.,1.,1.,1.,1.,1.,1.,1.,1.,1.,1.,1.,1.,1.,1.,1.,1.,1.,1.,1.,1.,       29P    545
1.,1.,1.,1.,1.,1.,1.,1.,1.,1.,1.,1.,1.,1.,1.,1.,1.,1.,1.,1.,1.,       29P    546
1.,1.,1.,1.,1.,1.,1.,1.,1.,1.,1.,1.,1.,1.,1.,1.,1.,1.,1.,1.,1.,       29P    547
1.,1.,1.,1.,1.,1.,1.,1.,1.,1.,1.,1.,1.,1.,1.,1.,1.,1.,1.,1.,1.,       29P    548
1.,1.,1.,1.,1.,1.,1.,1.,1.,1.,1.,1.,1.,1.,1.,1.,1.,1.,1.,1.,1.,       29P    549
1.,1.,1.,1.,1.,1.,1.,1.,1.,1.,1.,1.,1.,1.,1.,1.,1.,1.,1.,1.,1.,       29P    550
1.,1.,1.,1.,1.,1.,1.,1.,1.,1.,1.,1.,1.,1.,1.,1.,1.,1.,1.,1.,1.,       29P    551
1.,1.,1.,1.,1.,1.,1.,1.,1.,1.,1.,1.,1.,1.,1.,1.,1.,1.,1.,1.,1.,       29P    552
1.,1.,1.,1.,1.,1.,1.,1.,1.,1.,1.,1.,1.,1.,1.,1.,1.,1.,1.,1.,1.,       29P    553
1.,1.,1.,1.,1.,1.,1.,1.,1.,1.,1.,1.,1.,1.,1.,1.,1.,1.,1.,1.,1.,       29P    554
1.,1.,1.,1.,1.,1.,1.,1.,1.,1.,1.,1.,1.,1.,1.,1.,1.,1.,1.,1.,1.,       29P    555
1.,1.,1.,1.,1.,1.,1.,1.,1.,1.,1.,1.,1.,1.,1.,1.,1.,1.,1.,1.,1.,       29P    556
1.,1.,1.,1.,1.,1.,1.,1.,1.,1.,1.,1.,1.,1.,1.,1.,1.,1.,1.,1.,1.,       29P    557
1.,1.,1.,1.,1.,1.,1.,1.,1.,1.,1.,1.,1.,1.,1.,1.,1.,1.,1.,1.,1.,       29P    558
1.,1.,1.,1.,1.,1.,1.,1.,1.,1.,1.,1.,1.,1.,1.,1.,1.,1.,1.,1.,1.,       29P    559
1.,1.,1.,1.,1.,1.,1.,1.,1.,1.,1.,1.,1.,1.,1.,1.,1.,1.,1.,1.,1.,       29P    560
1.,1.,1.,1.,1.,1.,1.,1.,1.,1.,1.,1.,1.,1.,1.,1.,1.,1.,1.,1.,1.,       29P    561
1.,1.,1.,1.,1.,1.,1.,1.,1.,1.,1.,1.,1.,1.,1.,1.,1.,1.,1.,1.,1.,       29P    562
1.,1.,1.,1.,1.,1.,1.,1.,1.,1.,1.,1.,1.,1.,1.,1.,1.,1.,1.,1.,1.,       29P    563
1.,1.,1.,1.,1.,1.,1.,1.,1.,1.,1.,1.,1.,1.,1.,1.,1.,1.,1.,1.,1.,       29P    564
1.,1.,1.,1.,1.,1.,1.,1.,1.,1.,1.,1.,1.,1.,1.,1.,1.,1.,1.,1.,1.,       29P    565
1.,1.,1.,1.,1.,1.,1.,1.,1.,1.,1.,1.,1.,1.,1.,1.,1.,1.,1.,1.,1.,       29P    566
1.,1.,1.,1.,1.,1.,1.,1.,1.,1.,1.,1.,1.,1.,1.,1.,1.,1.,1.,1.,1.,       29P    567
1.,1.,1.,1.,1.,1.,1.,1.,1.,1.,1.,1.,1.,1.,1.,1.,1.,1.,1.,1.,1.,       29P    568
1.,1.,1.,1.,1.,1.,1.,1.,1.,1.,1.,1.,1.,1.,1.,1.,1.,1.,1.,1.,1.,       29P    569
1.,1.,1.,1.,1.,1.,1.,1.,1.,1.,1.,1.,1.,1.,1.,1.,1.,1.,1.,1.,1.,       29P    570
1.,1.,1.,1.,1.,1.,1.,1.,1.,1.,1.,1.,1.,1.,1.,1.,1.,1.,1.,1.,1.,       29P    571
1.,1.,1.,1.,1.,1.,1.,1.,1.,1.,1.,1.,1.,1.,1.,1.,1.,1.,1.,1.,1.,       29P    572
1.,1.,1.,1.,1.,1.,1.,1.,1.,1.,1.,1.,1.,1.,1.,1.,1.,1.,1.,1.,1.,       29P    573
1.,1.,1.,1.,1.,1.,1.,1.,1.,1.,1.,1.,1.,1.,1.,1.,1.,1.,1.,1.,1.,       29P    574
1.,1.,1.,1.,1.,1.,1.,1.,1.,1.,1.,1.,1.,1.,1.,1.,1.,1.,1.,1.,1.,       29P    575
1.,1.,1.,1.,1.,1.,1.,1.,1.,1.,1.,1.,1.,1.,1.,1.,1.,1.,1.,1.,1.,       29P    576
1.,1.,1.,1.,1.,1.,1.,1.,1.,1.,1.,1.,1.,1.,1.,1.,1.,1.,1.,1.,1.,       29P    577
1.,1.,1.,1.,1.,1.,1.,1.,1.,1.,1.,1.,1.,1.,1.,1.,1.,1.,1.,1.,1.,       29P    578
1.,1.,1.,1.,1.,1.,1.,1.,1.,1.,1.,1.,1.,1.,1.,1.,1.,1.,1.,1.,1.,       29P    579
1.,1.,1.,1.,1.,1.,1.,1.,1.,1.,1.,1.,1.,1.,1.,1.,1.,1.,1.,1.,1.,       29P    580
1.,1.,1.,1.,1.,1.,1.,1.,1.,1.,1.,1.,1.,1.,1.,1.,1.,1.,1.,1.,1.,       29P    581
1.,1.,1.,1.,1.,1.,1.,1.,1.,1.,1.,1.,1.,1.,1.,1.,1.,1.,1.,1.,1.,       29P    582
1.,1.,1.,1.,1.,1.,1.,1.,1.,1.,1.,1.,1.,1.,1.,1.,1.,1.,1.,1.,1.,       29P    583
1.,1.,1.,1.,1.,1.,1.,1.,1.,1.,1.,1.,1.,1.,1.,1.,1.,1.,1.,1.,1.,       29P    584
1.,1.,1.,1.,1.,1.,1.,1.,1.,1.,1.,1.,1.,1.,1.,1.,1.,1.,1.,1.,1.,       29P    585
1.,1.,1.,1.,1.,1.,1.,1.,1.,1.,1.,1.,1.,1.,1.,1.,1.,1.,1.,1.,1.,       29P    586
1.,1.,1.,1.,1.,1.,1.,1.,1.,1.,1.,1.,1.,1.,1.,1.,1.,1.,1.,1.,1.,       29P    587
1.,1.,1.,1.,1.,1.,1.,1.,1.,1.,1.,1.,1.,1.,1.,1.,1.,1.,1.,1.,1.,       29P    588
1.,1.,1.,1.,1.,1.,1.,1.,1.,1.,1.,1.,1.,1.,1.,1.,1.,1.,1.,1.,1.,       29P    589
1.,1.,1.,1.,1.,1.,1.,1.,1.,1.,1.,1.,1.,1.,1.,1.,1.,1.,1.,1.,1.,       29P    590
1.,1.,1.,1.,1.,1.,1.,1.,1.,1.,1.,1.,1.,1.,1.,1.,1.,1.,1.,1.,1.,       29P    591
1.,1.,1.,1.,1.,1.,1.,1.,1.,1.,1.,1.,1.,1.,1.,1.,1.,1.,1.,1.,1.,       29P    592
1.,1.,1.,1.,1.,1.,1.,1.,1.,1.,1.,1.,1.,1.,1.,1.,1.,1.,1.,1.,1.,       29P    593
1.,1.,1.,1.,1.,1.,1.,1.,1.,1.,1.,1.,1.,1.,1.,1.,1.,1.,1.,1.,1.,       29P    594
1.,1.,1.,1.,1.,1.,1.,1.,1.,1.,1.,1.,1.,1.,1.,1.,1.,1.,1.,1.,1.,       29P    595
1.,1.,1.,1.,1.,1.,1.,1.,1.,1.,1.,1.,1.,1.,1.,1.,1.,1.,1.,1.,1.,       29P    596
1.,1.,1.,1.,1.,1.,1.,1.,1.,1.,1.,1.,1.,1.,1.,1.,1.,1.,1.,1.,1.,       29P    597
1.,1.,1.,1.,1.,1.,1.,1.,1.,1.,1.,1.,1.,1.,1.,1.,1.,1.,1.,1.,1.,       29P    598
1.,1.,1.,1.,1.,1.,1.,1.,1.,1.,1.,1.,1.,1.,1.,1.,1.,1.,1.,1.,1.,       29P    599
1.,1.,1.,1.,1.,1.,1.,1.,1.,1.,1.,1.,1.,1.,1.,1.,1.,1.,1.,1.,1.,       29P    600
1.,1.,1.,1.,1.,1.,1.,1.,1.,1.,1.,1.,1.,1.,1.,1.,1.,1.,1.,1.,1.,       29P    601
1.,1.,1.,1.,1.,1.,1.,1.,1.,1.,1.,1.,1.,1.,1.,1.,1.,1.,1.,1.,1.,       29P    602
1.,1.,1.,1.,1.,1.,1.,1.,1.,1.,1.,1.,1.,1.,1.,1.,1.,1.,1.,1.,1.,       29P    603
1.,1.,1.,1.,1.,1.,1.,1.,1.,1.,1.,1.,1.,1.,1.,1.,1.,1.,1.,1.,1.,       29P    604
1.,1.,1.,1.,1.,1.,1.,1.,1.,1.,1.,1.,1.,1.,1.,1.,1.,1.,1.,1.,1.,       29P    605
1.,1.,1.,1.,1.,1.,1.,1.,1.,1.,1.,1.,1.,1.,1.,1.,1.,1.,1.,1.,1.,       29P    606
1.,1.,1.,1.,1.,1.,1.,1.,1.,1.,1.,1.,1.,1.,1.,1.,1.,1.,1.,1.,1.,       29P    607
1.,1.,1.,1.,1.,1.,1.,1.,1.,1.,1.,1.,1.,1.,1.,1.,1.,1.,1.,1.,1.,       29P    608
1.,1.,1.,1.,1.,1.,1.,1.,1.,1.,1.,1.,1.,1.,1.,1.,1.,1.,1.,1.,1.,       29P    609
1.,1.,1.,1.,1.,1.,1.,1.,1.,1.,1.,1.,1.,1.,1.,1.,1.,1.,1.,1.,1.,       29P    610
1.,1.,1.,1.,1.,1.,1.,1.,1.,1.,1.,1.,1.,1.,1.,1.,1.,1.,1.,1.,1.,       29P    611
1.,1.,1.,1.,1.,1.,1.,1.,1.,1.,1.,1.,1.,1.,1.,1.,1.,1.,1.,1.,1.,       29P    612
1.,1.,1.,1.,1.,1.,1.,1.,1.,1.,1.,1.,1.,1.,1.,1.,1.,1.,1.,1.,1.,       29P    613
1.,1.,1.,1.,1.,1.,1.,1.,1.,1.,1.,1.,1.,1.,1.,1.,1.,1.,1.,1.,1.,       29P    614
1.,1.,1.,1.,1.,1.,1.,1.,1.,1.,1.,1.,1.,1.,1.,1.,1.,1.,1.,1.,1.,       29P    615
1.,1.,1.,1.,1.,1.,1.,1.,1.,1.,1.,1.,1.,1.,1.,1.,1.,1.,1.,1.,1.,       29P    616
1.,1.,1.,1.,1.,1.,1.,1.,1.,1.,1.,1.,1.,1.,1.,1.,1.,1.,1.,1.,1.,       29P    617
1.,1.,1.,1.,1.,1.,1.,1.,1.,1.,1.,1.,1.,1.,1.,1.,1.,1.,1.,1.,1.,       29P    618
1.,1.,1.,1.,1.,1.,1.,1.,1.,1.,1.,1.,1.,1.,1.,1.,1.,1.,1.,1.,1.,       29P    619
1.,1.,1.,1.,1.,1.,1.,1.,1.,1.,1.,1.,1.,1.,1.,1.,1.,1.,1.,1.,1.,       29P    620
1.,1.,1.,1.,1.,1.,1.,1.,1.,1.,1.,1.,1.,1.,1.,1.,1.,1.,1.,1.,1.,       29P    621
1.,1.,1.,1.,1.,1.,1.,1.,1.,1.,1.,1.,1.,1.,1.,1.,1.,1.,1.,1.,1.,       29P    622
1.,1.,1.,1.,1.,1.,1.,1.,1.,1.,1.,1.,1.,1.,1.,1.,1.,1.,1.,1.,1.,       29P    623
1.,1.,1.,1.,1.,1.,1.,1.,1.,1.,1.,1.,1.,1.,1.,1.,1.,1.,1.,1.,1.,       29P    624
1.,1.,1.,1.,1.,1.,1.,1.,1.,1.,1.,1.,1.,1.,1.,1.,1.,1.,1.,1.,1.,       29P    625
1.,1.,1.,1.,1.,1.,1.,1.,1.,1.,1.,1.,1.,1.,1.,1.,1.,1.,1.,1.,1.,       29P    626
1.,1.,1.,1.,1.,1.,1.,1.,1.,1.,1.,1.,1.,1.,1.,1.,1.,1.,1.,1.,1.,       29P    627
1.,1.,1.,1.,1.,1.,1.,1.,1.,1.,1.,1.,1.,1.,1.,1.,1.,1.,1.,1.,1.,       29P    628
1.,1.,1.,1.,1.,1.,1.,1.,1.,1.,1.,1.,1.,1.,1.,1.,1.,1.,1.,1.,1.,       29P    629
1.,1.,1.,1.,1.,1.,1.,1.,1.,1.,1.,1.,1.,1.,1.,1.,1.,1.,1.,1.,1.,       29P    630
1.,1.,1.,1.,1.,1.,1.,1.,1.,1.,1.,1.,1.,1.,1.,1.,1.,1.,1.,1.,1.,       29P    631
1.,1.,1.,1.,1.,1.,1.,1.,1.,1.,1.,1.,1.,1.,1.,1.,1.,1.,1.,1.,1.,       29P    632
1.,1.,1.,1.,1.,1.,1.,1.,1.,1.,1.,1.,1.,1.,1.,1.,1.,1.,1.,1.,1.,       29P    633
1.,1.,1.,1.,1.,1.,1.,1.,1.,1.,1.,1.,1.,1.,1.,1.,1.,1.,1.,1.,1.,       29P    634
1.,1.,1.,1.,1.,1.,1.,1.,1.,1.,1.,1.,1.,1.,1.,1.,1.,1.,1.,1.,1.,       29P    635
1.,1.,1.,1.,1.,1.,1.,1.,1.,1.,1.,1.,1.,1.,1.,1.,1.,1.,1.,1.,1.,       29P    636
1.,1.,1.,1.,1.,1.,1.,1.,1.,1.,1.,1.,1.,1.,1.,1.,1.,1.,1.,1.,1.,       29P    637
1.,1.,1.,1.,1.,1.,1.,1.,1.,1.,1.,1.,1.,1.,1.,1.,1.,1.,1.,1.,1.,       29P    638
1.,1.,1.,1.,1.,1.,1.,1.,1.,1.,1.,1.,1.,1.,1.,1.,1.,1.,1.,1.,1.,       29P    639
1.,1.,1.,1.,1.,1.,1.,1.,1.,1.,1.,1.,1.,1.,1.,1.,1.,1.,1.,1.,1.,       29P    640
1.,1.,1.,1.,1.,1.,1.,1.,1.,1.,1.,1.,1.,1.,1.,1.,1.,1.,1.,1.,1.,       29P    641
1.,1.,1.,1.,1.,1.,1.,1.,1.,1.,1.,1.,1.,1.,1.,1.,1.,1.,1.,1.,1.,       29P    642
1.,1.,1.,1.,1.,1.,1.,1.,1.,1.,1.,1.,1.,1.,1.,1.,1.,1.,1.,1.,1.,       29P    643
1.,1.,1.,1.,1.,1.,1.,1.,1.,1.,1.,1.,1.,1.,1.,1.,1.,1.,1.,1.,1.,       29P    644
1.,1.,1.,1.,1.,1.,1.,1.,1.,1.,1.,1.,1.,1.,1.,1.,1.,1.,1.,1.,1.,       29P    645
1.,1.,1.,1.,1.,1.,1.,1.,1.,1.,1.,1.,1.,1.,1.,1.,1.,1.,1.,1.,1.,       29P    646
1.,1.,1.,1.,1.,1.,1.,1.,1.,1.,1.,1.,1.,1.,1.,1.,1.,1.,1.,1.,1.,       29P    647
1.,1.,1.,1.,1.,1.,1.,1.,1.,1.,1.,1.,1.,1.,1.,1.,1.,1.,1.,1.,1.,       29P    648
1.,1.,1.,1.,1.,1.,1.,1.,1.,1.,1.,1.,1.,1.,1.,1.,1.,1.,1.,1.,1.,       29P    649
1.,1.,1.,1.,1.,1.,1.,1.,1.,1.,1.,1.,1.,1.,1.,1.,1.,1.,1.,1.,1.,       29P    650
1.,1.,1.,1.,1.,1.,1.,1.,1.,1.,1.,1.,1.,1.,1.,1.,1.,1.,1.,1.,1.,       29P    651
1.,1.,1.,1.,1.,1.,1.,1.,1.,1.,1.,1.,1.,1.,1.,1.,1.,1.,1.,1.,1.,       29P    652
1.,1.,1.,1.,1.,1.,1.,1.,1.,1.,1.,1.,1.,1.,1.,1.,1.,1.,1.,1.,1.,       29P    653
1.,1.,1.,1.,1.,1.,1.,1.,1.,1.,1.,1.,1.,1.,1.,1.,1.,1.,1.,1.,1.,       29P    654
1.,1.,1.,1.,1.,1.,1.,1.,1.,1.,1.,1.,1.,1.,1.,1.,1.,1.,1.,1.,1.,       29P    655
1.,1.,1.,1.,1.,1.,1.,1.,1.,1.,1.,1.,1.,1.,1.,1.,1.,1.,1.,1.,1.,       29P    656
1.,1.,1.,1.,1.,1.,1.,1.,1.,1.,1.,1.,1.,1.,1.,1.,1.,1.,1.,1.,1.,       29P    657
1.,1.,1.,1.,1.,1.,1.,1.,1.,1.,1.,1.,1.,1.,1.,1.,1.,1.,1.,1.,1.,       29P    658
1.,1.,1.,1.,1.,1.,1.,1.,1.,1.,1.,1.,1.,1.,1.,1.,1.,1.,1.,1.,1.,       29P    659
1.,1.,1.,1.,1.,1.,1.,1.,1.,1.,1.,1.,1.,1.,1.,1.,1.,1.,1.,1.,1.,       29P    660
1.,1.,1.,1.,1.,1.,1.,1.,1.,1.,1.,1.,1.,1.,1.,1.,1.,1.,1.,1.,1.,       29P    661
1.,1.,1.,1.,1.,1.,1.,1.,1.,1.,1.,1.,1.,1.,1.,1.,1.,1.,1.,1.,1.,       29P    662
1.,1.,1.,1.,1.,1.,1.,1.,1.,1.,1.,1.,1.,1.,1.,1.,1.,1.,1.,1.,1.,       29P    663
1.,1.,1.,1.,1.,1.,1.,1.,1.,1.,1.,1.,1.,1.,1.,1.,1.,1.,1.,1.,1.,       29P    664
1.,1.,1.,1.,1.,1.,1.,1.,1.,1.,1.,1.,1.,1.,1.,1.,1.,1.,1.,1.,1.,       29P    665
1.,1.,1.,1.,1.,1.,1.,1.,1.,1.,1.,1.,1.,1.,1.,1.,1.,1.,1.,1.,1.,       29P    666
1.,1.,1.,1.,1.,1.,1.,1.,1.,1.,1.,1.,1.,1.,1.,1.,1.,1.,1.,1.,1.,       29P    667
1.,1.,1.,1.,1.,1.,1.,1.,1.,1.,1.,1.,1.,1.,1.,1.,1.,1.,1.,1.,1.,       29P    668
1.,1.,1.,1.,1.,1.,1.,1.,1.,1.,1.,1.,1.,1.,1.,1.,1.,1.,1.,1.,1.,       29P    669
1.,1.,1.,1.,1.,1.,1.,1.,1.,1.,1.,1.,1.,1.,1.,1.,1.,1.,1.,1.,1.,       29P    670
1.,1.,1.,1.,1.,1.,1.,1.,1.,1.,1.,1.,1.,1.,1.,1.,1.,1.,1.,1.,1.,       29P    671
1.,1.,1.,1.,1.,1.,1.,1.,1.,1.,1.,1.,1.,1.,1.,1.,1.,1.,1.,1.,1.,       29P    672
1.,1.,1.,1.,1.,1.,1.,1.,1.,1.,1.,1.,1.,1.,1.,1.,1.,1.,1.,1.,1.,       29P    673
1.,1.,1.,1.,1.,1.,1.,1.,1.,1.,1.,1.,1.,1.,1.,1.,1.,1.,1.,1.,1.,       29P    674
1.,1.,1.,1.,1.,1.,1.,1.,1.,1.,1.,1.,1.,1.,1.,1.,1.,1.,1.,1.,1.,       29P    675
1.,1.,1.,1.,1.,1.,1.,1.,1.,1.,1.,1.,1.,1.,1.,1.,1.,1.,1.,1.,1.,       29P    676
1.,1.,1.,1.,1.,1.,1.,1.,1.,1.,1.,1.,1.,1.,1.,1.,1.,1.,1.,1.,1.,       29P    677
1.,1.,1.,1.,1.,1.,1.,1.,1.,1.,1.,1.,1.,1.,1.,1.,1.,1.,1.,1.,1.,       29P    678
1.,1.,1.,1.,1.,1.,1.,1.,1.,1.,1.,1.,1.,1.,1.,1.,1.,1.,1.,1.,1.,       29P    679
1.,1.,1.,1.,1.,1.,1.,1.,1.,1.,1.,1.,1.,1.,1.,1.,1.,1.,1.,1.,1.,       29P    680
1.,1.,1.,1.,1.,1.,1.,1.,1.,1.,1.,1.,1.,1.,1.,1.,1.,1.,1.,1.,1.,       29P    681
1.,1.,1.,1.,1.,1.,1.,1.,1.,1.,1.,1.,1.,1.,1.,1.,1.,1.,1.,1.,1.,       29P    682
1.,1.,1.,1.,1.,1.,1.,1.,1.,1.,1.,1.,1.,1.,1.,1.,1.,1.,1.,1.,1.,       29P    683
1.,1.,1.,1.,1.,1.,1.,1.,1.,1.,1.,1.,1.,1.,1.,1.,1.,1.,1.,1.,1.,       29P    684
1.,1.,1.,1.,1.,1.,1.,1.,1.,1.,1.,1.,1.,1.,1.,1.,1.,1.,1.,1.,1.,       29P    685
1.,1.,1.,1.,1.,1.,1.,1.,1.,1.,1.,1.,1.,1.,1.,1.,1.,1.,1.,1.,1.,       29P    686
1.,1.,1.,1.,1.,1.,1.,1.,1.,1.,1.,1.,1.,1.,1.,1.,1.,1.,1.,1.,1.,       29P    687
1.,1.,1.,1.,1.,1.,1.,1.,1.,1.,1.,1.,1.,1.,1.,1.,1.,1.,1.,1.,1.,       29P    688
1.,1.,1.,1.,1.,1.,1.,1.,1.,1.,1.,1.,1.,1.,1.,1.,1.,1.,1.,1.,1.,       29P    689
1.,1.,1.,1.,1.,1.,1.,1.,1.,1.,1.,1.,1.,1.,1.,1.,1.,1.,1.,1.,1.,       29P    690
1.,1.,1.,1.,1.,1.,1.,1.,1.,1.,1.,1.,1.,1.,1.,1.,1.,1.,1.,1.,1.,       29P    691
1.,1.,1.,1.,1.,1.,1.,1.,1.,1.,1.,1.,1.,1.,1.,1.,1.,1.,1.,1.,1.,       29P    692
1.,1.,1.,1.,1.,1.,1.,1.,1.,1.,1.,1.,1.,1.,1.,1.,1.,1.,1.,1.,1.,       29P    693
1.,1.,1.,1.,1.,1.,1.,1.,1.,1.,1.,1.,1.,1.,1.,1.,1.,1.,1.,1.,1.,       29P    694
1.,1.,1.,1.,1.,1.,1.,1.,1.,1.,1.,1.,1.,1.,1.,1.,1.,1.,1.,1.,1.,       29P    695
1.,1.,1.,1.,1.,1.,1.,1.,1.,1.,1.,1.,1.,1.,1.,1.,1.,1.,1.,1.,1.,       29P    696
1.,1.,1.,1.,1.,1.,1.,1.,1.,1.,1.,1.,1.,1.,1.,1.,1.,1.,1.,1.,1.,       29P    697
1.,1.,1.,1.,1.,1.,1.,1.,1.,1.,1.,1.,1.,1.,1.,1.,1.,1.,1.,1.,1.,       29P    698
1.,1.,1.,1.,1.,1.,1.,1.,1.,1.,1.,1.,1.,1.,1.,1.,1.,1.,1.,1.,1.,       29P    699
1.,1.,1.,1.,1.,1.,1.,1.,1.,1.,1.,1.,1.,1.,1.,1.,1.,1.,1.,1.,1.,       29P    700
1.,1.,1.,1.,1.,1.,1.,1.,1.,1.,1.,1.,1.,1.,1.,1.,1.,1.,1.,1.,1.,       29P    701
1.,1.,1.,1.,1.,1.,1.,1.,1.,1.,1.,1.,1.,1.,1.,1.,1.,1.,1.,1.,1.,       29P    702
1.,1.,1.,1.,1.,1.,1.,1.,1.,1.,1.,1.,1.,1.,1.,1.,1.,1.,1.,1.,1.,       29P    703
1.,1.,1.,1.,1.,1.,1.,1.,1.,1.,1.,1.,1.,1.,1.,1.,1.,1.,1.,1.,1.,       29P    704
1.,1.,1.,1.,1.,1.,1.,1.,1.,1.,1.,1.,1.,1.,1.,1.,1.,1.,1.,1.,1.,       29P    705
1.,1.,1.,1.,1.,1.,1.,1.,1.,1.,1.,1.,1.,1.,1.,1.,1.,1.,1.,1.,1.,       29P    706
1.,1.,1.,1.,1.,1.,1.,1.,1.,1.,1.,1.,1.,1.,1.,1.,1.,1.,1.,1.,1.,       29P    707
1.,1.,1.,1.,1.,1.,1.,1.,1.,1.,1.,1.,1.,1.,1.,1.,1.,1.,1.,1.,1.,       29P    708
1.,1.,1.,1.,1.,1.,1.,1.,1.,1.,1.,1.,1.,1.,1.,1.,1.,1.,1.,1.,1.,       29P    709
1.,1.,1.,1.,1.,1.,1.,1.,1.,1.,1.,1.,1.,1.,1.,1.,1.,1.,1.,1.,1.,       29P    710
1.,1.,1.,1.,1.,1.,1.,1.,1.,1.,1.,1.,1.,1.,1.,1.,1.,1.,1.,1.,1.,       29P    711
1.,1.,1.,1.,1.,1.,1.,1.,1.,1.,1.,1.,1.,1.,1.,1.,1.,1.,1.,1.,1.,       29P    712
1.,1.,1.,1.,1.,1.,1.,1.,1.,1.,1.,1.,1.,1.,1.,1.,1.,1.,1.,1.,1.,       29P    713
1.,1.,1.,1.,1.,1.,1.,1.,1.,1.,1.,1.,1.,1.,1.,1.,1.,1.,1.,1.,1.,       29P    714
1.,1.,1.,1.,1.,1.,1.,1.,1.,1.,1.,1.,1.,1.,1.,1.,1.,1.,1.,1.,1.,       29P    715
1.,1.,1.,1.,1.,1.,1.,1.,1.,1.,1.,1.,1.,1.,1.,1.,1.,1.,1.,1.,1.,       29P    716
1.,1.,1.,1.,1.,1.,1.,1.,1.,1.,1.,1.,1.,1.,1.,1.,1.,1.,1.,1.,1.,       29P    717
1.,1.,1.,1.,1.,1.,1.,1.,1.,1.,1.,1.,1.,1.,1.,1.,1.,1.,1.,1.,1.,       29P    718
1.,1.,1.,1.,1.,1.,1.,1.,1.,1.,1.,1.,1.,1.,1.,1.,1.,1.,1.,1.,1.,       29P    719
1.,1.,1.,1.,1.,1.,1.,1.,1.,1.,1.,1.,1.,1.,1.,1.,1.,1.,1.,1.,1.,       29P    720
1.,1.,1.,1.,1.,1.,1.,1.,1.,1.,1.,1.,1.,1.,1.,1.,1.,1.,1.,1.,1.,       29P    721
1.,1.,1.,1.,1.,1.,1.,1.,1.,1.,1.,1.,1.,1.,1.,1.,1.,1.,1.,1.,1.,       29P    722
1.,1.,1.,1.,1.,1.,1.,1.,1.,1.,1.,1.,1.,1.,1.,1.,1.,1.,1.,1.,1.,       29P    723
1.,1.,1.,1.,1.,1.,1.,1.,1.,1.,1.,1.,1.,1.,1.,1.,1.,1.,1.,1.,1.,       29P    724
1.,1.,1.,1.,1.,1.,1.,1.,1.,1.,1.,1.,1.,1.,1.,1.,1.,1.,1.,1.,1.,       29P    725
1.,1.,1.,1.,1.,1.,1.,1.,1.,1.,1.,1.,1.,1.,1.,1.,1.,1.,1.,1.,1.,       29P    726
1.,1.,1.,1.,1.,1.,1.,1.,1.,1.,1.,1.,1.,1.,1.,1.,1.,1.,1.,1.,1.,       29P    727
1.,1.,1.,1.,1.,1.,1.,1.,1.,1.,1.,1.,1.,1.,1.,1.,1.,1.,1.,1.,1.,       29P    728
1.,1.,1.,1.,1.,1.,1.,1.,1.,1.,1.,1.,1.,1.,1.,1.,1.,1.,1.,1.,1.,       29P    729
1.,1.,1.,1.,1.,1.,1.,1.,1.,1.,1.,1.,1.,1.,1.,1.,1.,1.,1.,1.,1.,       29P    730
1.,1.,1.,1.,1.,1.,1.,1.,1.,1.,1.,1.,1.,1.,1.,1.,1.,1.,1.,1.,1.,       29P    731
1.,1.,1.,1.,1.,1.,1.,1.,1.,1.,1.,1.,1.,1.,1.,1.,1.,1.,1.,1.,1.,       29P    732
1.,1.,1.,1.,1.,1.,1.,1.,1.,1.,1.,1.,1.,1.,1.,1.,1.,1.,1.,1.,1.,       29P    733
1.,1.,1.,1.,1.,1.,1.,1.,1.,1.,1.,1.,1.,1.,1.,1.,1.,1.,1.,1.,1.,       29P    734
1.,1.,1.,1.,1.,1.,1.,1.,1.,1.,1.,1.,1.,1.,1.,1.,1.,1.,1.,1.,1.,       29P    735
1.,1.,1.,1.,1.,1.,1.,1.,1.,1.,1.,1.,1.,1.,1.,1.,1.,1.,1.,1.,1.,       29P    736
1.,1.,1.,1.,1.,1.,1.,1.,1.,1.,1.,1.,1.,1.,1.,1.,1.,1.,1.,1.,1.,       29P    737
1.,1.,1.,1.,1.,1.,1.,1.,1.,1.,1.,1.,1.,1.,1.,1.,1.,1.,1.,1.,1.,       29P    738
1.,1.,1.,1.,1.,1.,1.,1.,1.,1.,1.,1.,1.,1.,1.,1.,1.,1.,1.,1.,1.,       29P    739
1.,1.,1.,1.,1.,1.,1.,1.,1.,1.,1.,1.,1.,1.,1.,1.,1.,1.,1.,1.,1.,       29P    740
1.,1.,1.,1.,1.,1.,1.,1.,1.,1.,1.,1.,1.,1.,1.,1.,1.,1.,1.,1.,1.,       29P    741
1.,1.,1.,1.,1.,1.,1.,1.,1.,1.,1.,1.,1.,1.,1.,1.,1.,1.,1.,1.,1.,       29P    742
1.,1.,1.,1.,1.,1.,1.,1.,1.,1.,1.,1.,1.,1.,1.,1.,1.,1.,1.,1.,1.,       29P    743
1.,1.,1.,1.,1.,1.,1.,1.,1.,1.,1.,1.,1.,1.,1.,1.,1.,1.,1.,1.,1.,       29P    744
1.,1.,1.,1.,1.,1.,1.,1.,1.,1.,1.,1.,1.,1.,1.,1.,1.,1.,1.,1.,1.,       29P    745
1.,1.,1.,1.,1.,1.,1.,1.,1.,1.,1.,1.,1.,1.,1.,1.,1.,1.,1.,1.,1.,       29P    746
1.,1.,1.,1.,1.,1.,1.,1.,1.,1.,1.,1.,1.,1.,1.,1.,1.,1.,1.,1.,1.,       29P    747
1.,1.,1.,1.,1.,1.,1.,1.,1.,1.,1.,1.,1.,1.,1.,1.,1.,1.,1.,1.,1.,       29P    748
1.,1.,1.,1.,1.,1.,1.,1.,1.,1.,1.,1.,1.,1.,1.,1.,1.,1.,1.,1.,1.,       29P    749
1.,1.,1.,1.,1.,1.,1.,1.,1.,1.,1.,1.,1.,1.,1.,1.,1.,1.,1.,1.,1.,       29P    750
1.,1.,1.,1.,1.,1.,1.,1.,1.,1.,1.,1.,1.,1.,1.,1.,1.,1.,1.,1.,1.,       29P    751
1.,1.,1.,1.,1.,1.,1.,1.,1.,1.,1.,1.,1.,1.,1.,1.,1.,1.,1.,1.,1.,       29P    752
1.,1.,1.,1.,1.,1.,1.,1.,1.,1.,1.,1.,1.,1.,1.,1.,1.,1.,1.,1.,1.,       29P    753
1.,1.,1.,1.,1.,1.,1.,1.,1.,1.,1.,1.,1.,1.,1.,1.,1.,1.,1.,1.,          29P    754
205.82,1.1285,6.904,205.818,1.13039,6.904,205.816,1.13227,6.904,      29P    755
205.813,1.13401,6.904,205.811,1.13467,6.904,205.81,1.13535,           29P    756
6.904,205.808,1.13604,6.904,205.807,1.13662,6.904,205.805,            29P    757
1.13713,6.904,205.803,1.13756,6.904,205.801,1.13792,6.904,            29P    758
205.799,1.13819,6.904,205.797,1.13835,6.904,205.794,1.13844,          29P    759
6.904,205.792,1.13833,6.904,205.789,1.13803,6.904,205.788,            29P    760
1.13775,6.904,205.786,1.13735,6.904,205.785,1.13704,6.904,            29P    761
205.783,1.13651,6.904,205.781,1.13584,6.904,205.779,1.1348,           29P    762
6.904,205.777,1.13384,6.904,205.775,1.13272,6.904,205.774,            29P    763
1.13199,6.904,205.773,1.13137,6.904,205.771,1.13038,6.904,            29P    764
205.77,1.12923,6.904,205.769,1.12841,6.904,205.768,1.12746,           29P    765
6.904,205.766,1.12558,6.904,205.763,1.12188,6.904,205.761,            29P    766
1.11838,6.904,205.759,1.11468,6.904,205.759,1.11229,6.904,            29P    767
205.758,1.10985,6.904,205.758,1.10818,6.904,205.757,1.10563,          29P    768
6.904,205.757,1.10305,6.904,205.757,1.09898,6.904,205.757,            29P    769
1.09628,6.904,205.758,1.09098,6.904,205.759,1.08837,6.904,            29P    770
205.761,1.08372,6.904,205.762,1.08166,6.904,205.765,1.07599,          29P    771
6.904,205.768,1.07144,6.904,205.772,1.06566,6.904,205.774,            29P    772
1.06165,6.904,205.777,1.05665,6.904,205.781,1.04911,6.904,            29P    773
205.786,1.04143,6.904,205.791,1.03345,6.904,205.795,1.0269,           29P    774
6.904,205.799,1.02009,6.904,205.803,1.01312,6.904,205.817,            29P    775
0.991535,6.904,205.829,0.9716,6.904,205.842,0.952291,6.904,           29P    776
205.844,0.948101,6.904,205.849,0.941263,6.904,205.853,0.934219,       29P    777
6.904,205.858,0.92676,6.904,205.863,0.920275,6.904,205.867,           29P    778
0.913395,6.904,205.872,0.905771,6.904,205.895,0.871594,6.904,         29P    779
205.917,0.839734,6.904,205.938,0.809726,6.904,205.94,0.806774,        29P    780
6.904,205.944,0.801103,6.904,205.949,0.794862,6.904,205.954,          29P    781
0.788019,6.904,205.959,0.781627,6.904,205.964,0.774633,6.904,         29P    782
205.97,0.766107,6.904,206.003,0.72107,6.904,206.036,0.677809,         29P    783
6.904,206.068,0.63834,6.904,206.07,0.635893,6.904,206.073,            29P    784
0.632138,6.904,206.077,0.627096,6.904,206.082,0.620974,6.904,         29P    785
206.088,0.614726,6.904,206.093,0.60757,6.904,206.101,0.597971,        29P    786
6.904,206.147,0.543604,6.904,206.192,0.492177,6.904,206.236,          29P    787
0.445855,6.904,206.237,0.443937,6.904,206.239,0.441877,6.904,         29P    788
206.242,0.438878,6.904,206.245,0.435307,6.904,206.25,0.430862,        29P    789
6.904,206.255,0.424722,6.904,206.262,0.417375,6.904,206.273,          29P    790
0.406542,6.904,206.322,0.355251,6.904,206.372,0.307098,6.904,         29P    791
206.417,0.265017,6.904,206.419,0.263563,6.904,206.422,0.261201,       29P    792
6.904,206.424,0.25872,6.904,206.428,0.255717,6.904,206.431,           29P    793
0.252748,6.904,206.437,0.247151,6.904,206.452,0.233516,6.904,         29P    794
206.509,0.182814,6.904,206.565,0.135649,6.904,206.613,0.0980697,      29P    795
6.904,206.616,0.0955643,6.904,206.619,0.093028,6.904,206.622,         29P    796
0.0903368,6.904,206.626,0.0875945,6.904,206.632,0.0829107,6.904,      29P    797
206.641,0.0757122,6.904,206.657,0.0630596,6.904,206.715,              29P    798
0.0196521,6.904,206.77,-0.0197507,6.904,206.817,-0.0518024,           29P    799
6.904,206.82,-0.0532072,6.904,206.822,-0.0546776,6.904,206.825,       29P    800
-0.0567982,6.904,206.829,-0.0595024,6.904,206.833,-0.0619872,         29P    801
6.904,206.84,-0.0665588,6.904,206.849,-0.0728882,6.904,206.869,       29P    802
-0.0859741,6.904,206.93,-0.124573,6.904,206.987,-0.15885,6.904,       29P    803
207.034,-0.185462,6.904,207.037,-0.186971,6.904,207.04,-0.18897,      29P    804
6.904,207.046,-0.192179,6.904,207.05,-0.194595,6.904,207.058,         29P    805
-0.19894,6.904,207.069,-0.204839,6.904,207.093,-0.217755,6.904,       29P    806
207.156,-0.251123,6.904,207.215,-0.280216,6.904,207.263,              29P    807
-0.30208,6.904,207.267,-0.303912,6.904,207.273,-0.306667,6.904,       29P    808
207.278,-0.309023,6.904,207.287,-0.313014,6.904,207.3,-0.318578,      29P    809
6.904,207.327,-0.330624,6.904,207.392,-0.35779,6.904,207.453,         29P    810
-0.380154,6.904,207.499,-0.39568,6.904,207.502,-0.396675,6.904,       29P    811
207.505,-0.397832,6.904,207.51,-0.399437,6.904,207.515,               29P    812
-0.401147,6.904,207.525,-0.404434,6.904,207.54,-0.409099,6.904,       29P    813
207.572,-0.419182,6.904,207.639,-0.438472,6.904,207.7,-0.453068,      29P    814
6.904,207.743,-0.462138,6.904,207.746,-0.462776,6.904,207.75,         29P    815
-0.463551,6.904,207.756,-0.464636,6.904,207.761,-0.465667,6.904,      29P    816
207.772,-0.46789,6.904,207.789,-0.471085,6.904,207.827,               29P    817
-0.477862,6.904,207.894,-0.488281,6.904,207.954,-0.494728,6.904,      29P    818
207.994,-0.497835,6.904,207.999,-0.498194,6.904,208.006,              29P    819
-0.498724,6.904,208.012,-0.499124,6.904,208.024,-0.499938,6.904,      29P    820
208.044,-0.501073,6.904,208.087,-0.502893,6.904,208.154,              29P    821
-0.50381,6.904,208.211,-0.501847,6.904,208.247,-0.499604,6.904,       29P    822
208.252,-0.499261,6.904,208.258,-0.498809,6.904,208.265,              29P    823
-0.498338,6.904,208.278,-0.497278,6.904,208.302,-0.49518,6.904,       29P    824
208.349,-0.490095,6.904,208.413,-0.480881,6.904,208.466,              29P    825
-0.470565,6.904,208.495,-0.46415,6.904,208.498,-0.463384,6.904,       29P    826
208.504,-0.46218,6.904,208.512,-0.460284,6.904,208.529,               29P    827
-0.456155,6.904,208.557,-0.448991,6.904,208.606,-0.434974,6.904,      29P    828
208.666,-0.41544,6.904,208.712,-0.397503,6.904,208.734,               29P    829
-0.388585,6.904,208.737,-0.386963,6.904,208.743,-0.384518,6.904,      29P    830
208.753,-0.380408,6.904,208.771,-0.372432,6.904,208.801,              29P    831
-0.358516,6.904,208.851,-0.33368,6.904,208.89,-0.311486,6.904,        29P    832
208.915,-0.296256,6.904,208.917,-0.294708,6.904,208.921,              29P    833
-0.292651,6.904,208.925,-0.290065,6.904,208.931,-0.286237,6.904,      29P    834
208.939,-0.280809,6.904,208.958,-0.268752,6.904,208.989,              29P    835
-0.247448,6.904,209.022,-0.22284,6.904,209.045,-0.205114,6.904,       29P    836
209.052,-0.198754,6.904,209.054,-0.197689,6.904,209.056,              29P    837
-0.195829,6.904,209.06,-0.192672,6.904,209.066,-0.187565,6.904,       29P    838
209.075,-0.179692,6.904,209.083,-0.172757,6.904,209.099,              29P    839
-0.158936,6.904,209.118,-0.141509,6.904,209.136,-0.123755,6.904,      29P    840
209.145,-0.11466,6.904,209.147,-0.112237,6.904,209.151,               29P    841
-0.107891,6.904,209.157,-0.101735,6.904,209.167,-0.091898,6.904,      29P    842
209.181,-0.076593,6.904,209.192,-0.0638415,6.904,209.199,             29P    843
-0.0553122,6.904,209.2,-0.0547965,6.904,209.201,-0.0531692,           29P    844
6.904,209.202,-0.0520562,6.904,209.204,-0.0498299,6.904,209.205,      29P    845
-0.0487166,6.904,209.207,-0.04637,6.904,209.208,-0.0446697,           29P    846
6.904,209.211,-0.0419136,6.904,209.212,-0.0403911,6.904,209.213,      29P    847
-0.0389316,6.904,209.215,-0.0368947,6.904,209.217,-0.0337423,         29P    848
6.904,209.22,-0.0309843,6.904,209.221,-0.0292055,6.904,209.222,       29P    849
-0.0274239,6.904,209.225,-0.0247059,6.904,209.227,-0.0212008,         29P    850
6.904,209.23,-0.0177566,6.904,209.232,-0.0152413,6.904,209.233,       29P    851
-0.0137681,6.904,209.234,-0.0130389,6.904,209.234,-0.012309,          29P    852
6.904,209.235,-0.0111572,6.904,209.236,-0.0103208,6.904,209.237,      29P    853
-0.00890033,6.904,209.237,-0.00831682,6.904,209.239,-0.00673451,      29P    854
6.904,209.239,-0.00573481,6.904,209.242,-0.00271671,6.904,            29P    855
209.243,-0.000694254,6.904,209.245,0.0023077,6.904,209.246,           29P    856
0.00377856,6.904,209.248,0.00564399,6.904,209.25,0.00838526,          29P    857
6.904,209.254,0.0136861,6.904,209.257,0.018624,6.904,209.261,         29P    858
0.0238736,6.904,209.262,0.0260483,6.904,209.267,0.0319322,6.904,      29P    859
209.269,0.0356522,6.904,209.274,0.0430101,6.904,209.278,              29P    860
0.0482091,6.904,209.281,0.0538004,6.904,209.283,0.0561564,6.904,      29P    861
209.284,0.057387,6.904,209.285,0.0597422,6.904,209.288,               29P    862
0.0638925,6.904,209.291,0.0685241,6.904,209.293,0.0716709,6.904,      29P    863
209.296,0.076981,6.904,209.299,0.0825828,6.904,209.303,0.088219,      29P    864
6.904,209.304,0.0899381,6.904,209.308,0.0968114,6.904,209.313,        29P    865
0.105506,6.904,209.319,0.116589,6.904,209.322,0.121237,6.904,         29P    866
209.324,0.125052,6.904,209.327,0.131944,6.904,209.331,0.13973,        29P    867
6.904,209.333,0.146691,6.904,209.335,0.15288,6.904,209.336,           29P    868
0.160171,6.904,209.336,0.167986,6.904,209.336,0.171872,6.904,         29P    869
209.335,0.177067,6.904,209.332,0.189996,6.904,209.326,0.200982,       29P    870
6.904,209.318,0.209775,6.904,209.313,0.214291,6.904,209.308,          29P    871
0.218419,6.904,209.298,0.225068,6.904,209.289,0.228329,6.904,         29P    872
209.277,0.230557,6.904,209.272,0.231127,6.904,209.252,0.231265,       29P    873
6.904,209.234,0.225647,6.904,209.221,0.210922,6.904,209.218,          29P    874
0.206855,6.904,209.213,0.201972,6.904,209.21,0.198617,6.904,          29P    875
209.206,0.193963,6.904,209.202,0.189857,6.904,209.194,0.181711,       29P    876
6.904,209.187,0.17464,6.904,209.175,0.163723,6.904,209.161,           29P    877
0.15037,6.904,209.143,0.134671,6.904,209.121,0.11725,6.904,           29P    878
209.101,0.101987,6.904,209.078,0.0860536,6.904,209.062,               29P    879
0.0748176,6.904,209.051,0.0677002,6.904,209.044,0.0632716,6.904,      29P    880
209.031,0.0557786,6.904,209.015,0.0461732,6.904,209.001,              29P    881
0.0380732,6.904,208.99,0.0319941,6.904,208.98,0.0264105,6.904,        29P    882
208.949,0.010432,6.904,208.902,-0.011517,6.904,208.858,               29P    883
-0.028904,6.904,208.833,-0.0380705,6.904,208.826,-0.0406167,          29P    884
6.904,208.819,-0.0431158,6.904,208.805,-0.0478263,6.904,208.788,      29P    885
-0.053697,6.904,208.761,-0.0620477,6.904,208.723,-0.0730126,          29P    886
6.904,208.668,-0.0866145,6.904,208.622,-0.095886,6.904,208.597,       29P    887
-0.100421,6.904,208.592,-0.101257,6.904,208.588,-0.102019,6.904,      29P    888
208.581,-0.10309,6.904,208.574,-0.10427,6.904,208.56,-0.10652,        29P    889
6.904,208.542,-0.109207,6.904,208.516,-0.112591,6.904,208.48,         29P    890
-0.116885,6.904,208.429,-0.121532,6.904,208.384,-0.124103,6.904,      29P    891
208.359,-0.125049,6.904,208.351,-0.125306,6.904,208.343,              29P    892
-0.125534,6.904,208.333,-0.125774,6.904,208.323,-0.125963,6.904,      29P    893
208.309,-0.126169,6.904,208.292,-0.126272,6.904,208.267,              29P    894
-0.126142,6.904,208.234,-0.12556,6.904,208.189,-0.123873,6.904,       29P    895
208.148,-0.121301,6.904,208.12,-0.119101,6.904,208.105,               29P    896
-0.117888,6.904,208.09,-0.116468,6.904,208.076,-0.115083,6.904,       29P    897
208.058,-0.113212,6.904,208.041,-0.111304,6.904,208.019,              29P    898
-0.108561,6.904,207.988,-0.104577,6.904,207.949,-0.0987185,           29P    899
6.904,207.912,-0.0926186,6.904,207.881,-0.0870862,6.904,207.862,      29P    900
-0.0833256,6.904,207.843,-0.0796167,6.904,207.832,-0.0773259,         29P    901
6.904,207.822,-0.0753344,6.904,207.81,-0.0726634,6.904,207.794,       29P    902
-0.0692392,6.904,207.773,-0.0646122,6.904,207.746,-0.0583425,         29P    903
6.904,207.712,-0.0497837,6.904,207.68,-0.0414092,6.904,207.646,       29P    904
-0.032231,6.904,207.621,-0.0251315,6.904,207.597,-0.0179961,          29P    905
6.904,207.586,-0.0146878,6.904,207.577,-0.0119447,6.904,207.566,      29P    906
-0.00837372,6.904,207.551,-0.00388891,6.904,207.533,0.0019659,        29P    907
6.904,207.51,0.00958474,6.904,207.48,0.0197135,6.904,207.452,         29P    908
0.0293633,6.904,207.416,0.0425157,6.904,207.386,0.0535793,6.904,      29P    909
207.357,0.0648821,6.904,207.347,0.068986,6.904,207.338,               29P    910
0.0722588,6.904,207.328,0.0763858,6.904,207.315,0.0815086,6.904,      29P    911
207.299,0.0880369,6.904,207.28,0.0962924,6.904,207.254,0.107132,      29P    912
6.904,207.231,0.117272,6.904,207.191,0.13476,6.904,207.157,           29P    913
0.150303,6.904,207.123,0.166347,6.904,207.114,0.170963,6.904,         29P    914
207.106,0.174517,6.904,207.097,0.178872,6.904,207.086,0.184228,       29P    915
6.904,207.073,0.190951,6.904,207.056,0.199227,6.904,207.035,          29P    916
0.210069,6.904,207.015,0.220049,6.904,206.973,0.24228,6.904,          29P    917
206.935,0.262837,6.904,206.897,0.284173,6.904,206.888,0.289001,       29P    918
6.904,206.882,0.292613,6.904,206.874,0.296936,6.904,206.865,          29P    919
0.302205,6.904,206.854,0.308697,6.904,206.833,0.320646,6.904,         29P    920
206.813,0.332239,6.904,206.761,0.363518,6.904,206.719,0.389514,       29P    921
6.904,206.676,0.417305,6.904,206.667,0.423046,6.904,206.659,          29P    922
0.428795,6.904,206.651,0.433658,6.904,206.642,0.439544,6.904,         29P    923
206.632,0.446509,6.904,206.618,0.455725,6.904,206.606,0.46399,        29P    924
6.904,206.557,0.496981,6.904,206.512,0.528981,6.904,206.466,          29P    925
0.562217,6.904,206.46,0.566518,6.904,206.456,0.569569,6.904,          29P    926
206.451,0.573044,6.904,206.446,0.577229,6.904,206.439,0.582227,       29P    927
6.904,206.431,0.588014,6.904,206.421,0.59575,6.904,206.412,           29P    928
0.602562,6.904,206.36,0.641645,6.904,206.311,0.680034,6.904,          29P    929
206.263,0.71979,6.904,206.258,0.723287,6.904,206.255,0.725722,        29P    930
6.904,206.252,0.728425,6.904,206.248,0.731646,6.904,206.244,          29P    931
0.735422,6.904,206.238,0.739742,6.904,206.231,0.745575,6.904,         29P    932
206.225,0.750655,6.904,206.182,0.787027,6.904,206.141,0.82281,        29P    933
6.904,206.099,0.859597,6.904,206.097,0.862125,6.904,206.095,          29P    934
0.863829,6.904,206.093,0.865686,6.904,206.09,0.867901,6.904,          29P    935
206.087,0.870495,6.904,206.084,0.873412,6.904,206.08,0.877397,        29P    936
6.904,206.076,0.880817,6.904,206.04,0.91283,6.904,206.007,            29P    937
0.944264,6.904,205.973,0.976612,6.904,205.971,0.978426,6.904,         29P    938
205.969,0.980082,6.904,205.968,0.981389,6.904,205.966,0.982904,       29P    939
6.904,205.964,0.98456,6.904,205.962,0.986856,6.904,205.934,           29P    940
1.01381,6.904,205.907,1.04064,6.904,205.88,1.06711,6.904,             29P    941
205.879,1.0685,6.904,205.878,1.06986,6.904,205.876,1.07122,           29P    942
6.904,205.857,1.09053,6.904,205.838,1.10967,6.904,205.82,1.1285,      29P    943
6.904,205.831,1.1532,7.1351,205.83,1.1551,7.1351,205.827,             29P    944
1.15697,7.1351,205.824,1.15868,7.1351,205.823,1.15934,7.1351,         29P    945
205.821,1.16001,7.1351,205.82,1.16068,7.1351,205.818,1.16123,         29P    946
7.1351,205.816,1.16172,7.1351,205.814,1.16213,7.1351,205.812,         29P    947
1.16247,7.1351,205.81,1.16271,7.1351,205.808,1.16284,7.1351,          29P    948
205.805,1.16288,7.1351,205.803,1.16273,7.1351,205.801,1.16238,        29P    949
7.1351,205.799,1.16206,7.1351,205.797,1.16163,7.1351,205.796,         29P    950
1.16129,7.1351,205.794,1.16071,7.1351,205.792,1.16,7.1351,            29P    951
205.79,1.1589,7.1351,205.788,1.15789,7.1351,205.786,1.15671,          29P    952
7.1351,205.785,1.15595,7.1351,205.784,1.1553,7.1351,205.783,          29P    953
1.15427,7.1351,205.781,1.15307,7.1351,205.781,1.15221,7.1351,         29P    954
205.78,1.15123,7.1351,205.778,1.14928,7.1351,205.775,1.14548,         29P    955
7.1351,205.773,1.1419,7.1351,205.772,1.13814,7.1351,205.771,          29P    956
1.13572,7.1351,205.77,1.13325,7.1351,205.77,1.13157,7.1351,           29P    957
205.77,1.12901,7.1351,205.77,1.12642,7.1351,205.77,1.12234,           29P    958
7.1351,205.77,1.11965,7.1351,205.772,1.11439,7.1351,205.773,          29P    959
1.11184,7.1351,205.775,1.10737,7.1351,205.776,1.10535,7.1351,         29P    960
205.779,1.09968,7.1351,205.782,1.09512,7.1351,205.785,1.08933,        29P    961
7.1351,205.788,1.08531,7.1351,205.791,1.0803,7.1351,205.795,          29P    962
1.07274,7.1351,205.8,1.06504,7.1351,205.804,1.05705,7.1351,           29P    963
205.808,1.05048,7.1351,205.813,1.04366,7.1351,205.817,1.03667,        29P    964
7.1351,205.83,1.01502,7.1351,205.842,0.995025,7.1351,205.855,         29P    965
0.97565,7.1351,205.858,0.971446,7.1351,205.862,0.964585,7.1351,       29P    966
205.866,0.957516,7.1351,205.871,0.950032,7.1351,205.876,              29P    967
0.943525,7.1351,205.88,0.936621,7.1351,205.885,0.928972,7.1351,       29P    968
205.908,0.894684,7.1351,205.93,0.862732,7.1351,205.951,0.832631,      29P    969
7.1351,205.953,0.82967,7.1351,205.957,0.823981,7.1351,205.961,        29P    970
0.817719,7.1351,205.966,0.810854,7.1351,205.971,0.804441,7.1351,      29P    971
205.976,0.797423,7.1351,205.982,0.788868,7.1351,206.015,              29P    972
0.743667,7.1351,206.048,0.700211,7.1351,206.08,0.660542,7.1351,       29P    973
206.082,0.658083,7.1351,206.085,0.654308,7.1351,206.089,              29P    974
0.649241,7.1351,206.094,0.643087,7.1351,206.099,0.636806,7.1351,      29P    975
206.105,0.629613,7.1351,206.113,0.619962,7.1351,206.158,              29P    976
0.565299,7.1351,206.203,0.513564,7.1351,206.246,0.466936,7.1351,      29P    977
206.248,0.465005,7.1351,206.25,0.462932,7.1351,206.252,0.459912,      29P    978
7.1351,206.256,0.456317,7.1351,206.26,0.451842,7.1351,206.266,        29P    979
0.445661,7.1351,206.273,0.438263,7.1351,206.283,0.427354,7.1351,      29P    980
206.332,0.375701,7.1351,206.381,0.327168,7.1351,206.427,0.28472,      29P    981
7.1351,206.428,0.283254,7.1351,206.431,0.280871,7.1351,206.433,       29P    982
0.278368,7.1351,206.437,0.275339,7.1351,206.44,0.272344,7.1351,       29P    983
206.446,0.266697,7.1351,206.461,0.252939,7.1351,206.517,              29P    984
0.201768,7.1351,206.573,0.154116,7.1351,206.62,0.116098,7.1351,       29P    985
206.623,0.113563,7.1351,206.627,0.110997,7.1351,206.63,0.108273,      29P    986
7.1351,206.633,0.105498,7.1351,206.639,0.100758,7.1351,206.649,       29P    987
0.0934717,7.1351,206.665,0.0806616,7.1351,206.722,0.036695,           29P    988
7.1351,206.776,-0.00329007,7.1351,206.824,-0.035868,7.1351,           29P    989
206.826,-0.037296,7.1351,206.828,-0.0387907,7.1351,206.831,           29P    990
-0.0409464,7.1351,206.835,-0.0436956,7.1351,206.839,-0.0462221,       29P    991
7.1351,206.846,-0.0508708,7.1351,206.855,-0.057308,7.1351,            29P    992
206.875,-0.0706212,7.1351,206.935,-0.109913,7.1351,206.992,           29P    993
-0.144888,7.1351,207.039,-0.1721,7.1351,207.042,-0.173644,            29P    994
7.1351,207.045,-0.175688,7.1351,207.051,-0.17897,7.1351,207.055,      29P    995
-0.181442,7.1351,207.063,-0.185888,7.1351,207.074,-0.191926,          29P    996
7.1351,207.097,-0.205153,7.1351,207.16,-0.239359,7.1351,207.219,      29P    997
-0.269245,7.1351,207.266,-0.291769,7.1351,207.27,-0.293656,           29P    998
7.1351,207.276,-0.296496,7.1351,207.281,-0.298925,7.1351,207.29,      29P    999
-0.303041,7.1351,207.303,-0.308781,7.1351,207.33,-0.32122,            29P   1000
7.1351,207.395,-0.349328,7.1351,207.455,-0.372617,7.1351,             29P   1001
207.501,-0.388875,7.1351,207.504,-0.389917,7.1351,207.507,            29P   1002
-0.391129,7.1351,207.512,-0.392811,7.1351,207.517,-0.394604,          29P   1003
7.1351,207.527,-0.398054,7.1351,207.542,-0.402954,7.1351,             29P   1004
207.574,-0.413568,7.1351,207.641,-0.433965,7.1351,207.701,            29P   1005
-0.449616,7.1351,207.745,-0.459472,7.1351,207.748,-0.460166,          29P   1006
7.1351,207.752,-0.461009,7.1351,207.757,-0.462191,7.1351,             29P   1007
207.762,-0.463317,7.1351,207.773,-0.465746,7.1351,207.79,             29P   1008
-0.46925,7.1351,207.828,-0.476739,7.1351,207.896,-0.488452,           29P   1009
7.1351,207.955,-0.496086,7.1351,207.995,-0.500013,7.1351,208.,        29P   1010
-0.50047,7.1351,208.007,-0.501151,7.1351,208.013,-0.501673,           29P   1011
7.1351,208.026,-0.502748,7.1351,208.045,-0.504296,7.1351,             29P   1012
208.089,-0.507039,7.1351,208.156,-0.509434,7.1351,208.213,            29P   1013
-0.508797,7.1351,208.249,-0.507401,7.1351,208.254,-0.507182,          29P   1014
7.1351,208.26,-0.506886,7.1351,208.267,-0.506569,7.1351,208.28,       29P   1015
-0.505841,7.1351,208.304,-0.504326,7.1351,208.352,-0.500422,          29P   1016
7.1351,208.417,-0.492876,7.1351,208.47,-0.484009,7.1351,208.499,      29P   1017
-0.478405,7.1351,208.502,-0.477735,7.1351,208.508,-0.476681,          29P   1018
7.1351,208.516,-0.475017,7.1351,208.533,-0.471382,7.1351,             29P   1019
208.561,-0.465035,7.1351,208.612,-0.452507,7.1351,208.672,            29P   1020
-0.434841,7.1351,208.719,-0.418457,7.1351,208.741,-0.410279,          29P   1021
7.1351,208.745,-0.408791,7.1351,208.751,-0.406548,7.1351,             29P   1022
208.761,-0.402772,7.1351,208.779,-0.395438,7.1351,208.81,             29P   1023
-0.382609,7.1351,208.861,-0.359626,7.1351,208.902,-0.338978,          29P   1024
7.1351,208.927,-0.324774,7.1351,208.93,-0.323331,7.1351,208.934,      29P   1025
-0.321412,7.1351,208.938,-0.318999,7.1351,208.944,-0.315426,          29P   1026
7.1351,208.953,-0.310358,7.1351,208.972,-0.299092,7.1351,             29P   1027
209.005,-0.27916,7.1351,209.039,-0.256088,7.1351,209.063,             29P   1028
-0.23944,7.1351,209.071,-0.233464,7.1351,209.072,-0.232463,           29P   1029
7.1351,209.075,-0.230715,7.1351,209.079,-0.227747,7.1351,             29P   1030
209.085,-0.222946,7.1351,209.095,-0.215542,7.1351,209.103,            29P   1031
-0.209017,7.1351,209.12,-0.19601,7.1351,209.14,-0.179597,7.1351,      29P   1032
209.16,-0.16286,7.1351,209.169,-0.154281,7.1351,209.172,              29P   1033
-0.151996,7.1351,209.176,-0.147895,7.1351,209.183,-0.142087,          29P   1034
7.1351,209.193,-0.132803,7.1351,209.208,-0.118353,7.1351,209.22,      29P   1035
-0.106308,7.1351,209.228,-0.0982498,7.1351,209.229,-0.0977625,        29P   1036
7.1351,209.23,-0.096225,7.1351,209.231,-0.0951734,7.1351,             29P   1037
209.233,-0.0930699,7.1351,209.234,-0.0920181,7.1351,209.237,          29P   1038
-0.0898008,7.1351,209.238,-0.0881942,7.1351,209.241,-0.0855899,       29P   1039
7.1351,209.242,-0.0841511,7.1351,209.243,-0.082772,7.1351,            29P   1040
209.245,-0.0808471,7.1351,209.248,-0.0778681,7.1351,209.25,           29P   1041
-0.0752617,7.1351,209.252,-0.0735806,7.1351,209.254,-0.0718968,       29P   1042
7.1351,209.256,-0.0693281,7.1351,209.259,-0.0660153,7.1351,           29P   1043
209.262,-0.06276,7.1351,209.264,-0.0603825,7.1351,209.265,            29P   1044
-0.0589901,7.1351,209.266,-0.0583008,7.1351,209.267,-0.0576109,       29P   1045
7.1351,209.268,-0.0565222,7.1351,209.268,-0.0557315,7.1351,           29P   1046
209.27,-0.0543889,7.1351,209.27,-0.0538373,7.1351,209.271,            29P   1047
-0.0523416,7.1351,209.272,-0.0513966,7.1351,209.275,-0.0485436,       29P   1048
7.1351,209.276,-0.0466317,7.1351,209.279,-0.0437938,7.1351,           29P   1049
209.28,-0.0424032,7.1351,209.282,-0.0406397,7.1351,209.284,           29P   1050
-0.0380481,7.1351,209.288,-0.0330365,7.1351,209.292,-0.0283677,       29P   1051
7.1351,209.296,-0.0234044,7.1351,209.298,-0.0213484,7.1351,           29P   1052
209.303,-0.0157859,7.1351,209.306,-0.0123037,7.1351,209.311,          29P   1053
-0.00549683,7.1351,209.315,-0.000742107,7.1351,209.32,                29P   1054
0.00427484,7.1351,209.321,0.00637294,7.1351,209.322,0.00746551,       29P   1055
7.1351,209.324,0.0095497,7.1351,209.327,0.0131973,7.1351,             29P   1056
209.331,0.0172249,7.1351,209.334,0.0199452,7.1351,209.338,            29P   1057
0.0245297,7.1351,209.342,0.0293355,7.1351,209.347,0.0341852,          29P   1058
7.1351,209.348,0.0356617,7.1351,209.354,0.0415884,7.1351,             29P   1059
209.361,0.0494786,7.1351,209.369,0.0603281,7.1351,209.372,            29P   1060
0.0650758,7.1351,209.374,0.0690885,7.1351,209.378,0.0763719,          29P   1061
7.1351,209.381,0.0849103,7.1351,209.383,0.0926454,7.1351,             29P   1062
209.384,0.0995264,7.1351,209.384,0.107511,7.1351,209.383,             29P   1063
0.115695,7.1351,209.383,0.119708,7.1351,209.381,0.124976,7.1351,      29P   1064
209.376,0.137662,7.1351,209.369,0.147614,7.1351,209.36,0.15506,       29P   1065
7.1351,209.354,0.158778,7.1351,209.348,0.161915,7.1351,209.337,       29P   1066
0.166341,7.1351,209.328,0.167344,7.1351,209.317,0.165433,7.1351,      29P   1067
209.312,0.16442,7.1351,209.293,0.159306,7.1351,209.277,0.152248,      29P   1068
7.1351,209.262,0.139603,7.1351,209.258,0.136112,7.1351,209.253,       29P   1069
0.131921,7.1351,209.249,0.129041,7.1351,209.244,0.125048,7.1351,      29P   1070
209.239,0.121527,7.1351,209.23,0.114541,7.1351,209.222,0.10848,       29P   1071
7.1351,209.209,0.0991253,7.1351,209.193,0.0876863,7.1351,             29P   1072
209.173,0.0742465,7.1351,209.149,0.0593424,7.1351,209.127,            29P   1073
0.0462943,7.1351,209.103,0.0326888,7.1351,209.085,0.0231075,          29P   1074
7.1351,209.073,0.0170444,7.1351,209.066,0.013274,7.1351,209.053,      29P   1075
0.00689842,7.1351,209.036,-0.00126329,7.1351,209.021,                 29P   1076
-0.00813035,7.1351,209.009,-0.0132775,7.1351,208.998,-0.0180008,      29P   1077
7.1351,208.966,-0.0314945,7.1351,208.917,-0.0499334,7.1351,           29P   1078
208.872,-0.0643811,7.1351,208.846,-0.0719422,7.1351,208.839,          29P   1079
-0.0740389,7.1351,208.831,-0.0760923,7.1351,208.817,-0.0799566,       29P   1080
7.1351,208.799,-0.08475,7.1351,208.771,-0.0915164,7.1351,             29P   1081
208.733,-0.100319,7.1351,208.677,-0.111019,7.1351,208.631,            29P   1082
-0.118027,7.1351,208.605,-0.121349,7.1351,208.6,-0.12196,7.1351,      29P   1083
208.595,-0.122514,7.1351,208.589,-0.123288,7.1351,208.582,            29P   1084
-0.124134,7.1351,208.567,-0.125733,7.1351,208.549,-0.127599,          29P   1085
7.1351,208.523,-0.129868,7.1351,208.486,-0.132602,7.1351,             29P   1086
208.435,-0.135172,7.1351,208.39,-0.13601,7.1351,208.364,              29P   1087
-0.135997,7.1351,208.356,-0.135965,7.1351,208.349,-0.135915,          29P   1088
7.1351,208.339,-0.135798,7.1351,208.329,-0.13563,7.1351,208.315,      29P   1089
-0.135334,7.1351,208.297,-0.13481,7.1351,208.272,-0.133844,           29P   1090
7.1351,208.239,-0.132125,7.1351,208.193,-0.128962,7.1351,             29P   1091
208.152,-0.125106,7.1351,208.124,-0.122054,7.1351,208.11,             29P   1092
-0.120414,7.1351,208.095,-0.118531,7.1351,208.081,-0.116734,          29P   1093
7.1351,208.063,-0.114346,7.1351,208.046,-0.111952,7.1351,             29P   1094
208.023,-0.108573,7.1351,207.993,-0.103748,7.1351,207.953,            29P   1095
-0.0968164,7.1351,207.917,-0.0897667,7.1351,207.886,-0.0834541,       29P   1096
7.1351,207.867,-0.0791986,7.1351,207.848,-0.0750311,7.1351,           29P   1097
207.837,-0.0724674,7.1351,207.827,-0.0702451,7.1351,207.815,          29P   1098
-0.0672712,7.1351,207.799,-0.0634741,7.1351,207.779,-0.058368,        29P   1099
7.1351,207.752,-0.0514806,7.1351,207.717,-0.0421423,7.1351,           29P   1100
207.685,-0.0330742,7.1351,207.652,-0.0231815,7.1351,207.627,          29P   1101
-0.0155661,7.1351,207.603,-0.00794483,7.1351,207.592,                 29P   1102
-0.00441763,7.1351,207.583,-0.00149667,7.1351,207.572,                29P   1103
0.00230232,7.1351,207.558,0.00706501,7.1351,207.539,0.0132696,        29P   1104
7.1351,207.516,0.0213276,7.1351,207.486,0.032008,7.1351,207.459,      29P   1105
0.0421477,7.1351,207.423,0.0559372,7.1351,207.393,0.0674987,          29P   1106
7.1351,207.364,0.0792737,7.1351,207.354,0.0835447,7.1351,             29P   1107
207.346,0.0869485,7.1351,207.335,0.0912386,7.1351,207.323,            29P   1108
0.0965587,7.1351,207.307,0.103331,7.1351,207.287,0.111886,            29P   1109
7.1351,207.262,0.1231,7.1351,207.238,0.13357,7.1351,207.199,          29P   1110
0.151602,7.1351,207.165,0.167585,7.1351,207.132,0.184043,7.1351,      29P   1111
207.122,0.188776,7.1351,207.115,0.192418,7.1351,207.106,              29P   1112
0.196881,7.1351,207.095,0.202366,7.1351,207.081,0.209247,7.1351,      29P   1113
207.065,0.217712,7.1351,207.043,0.228794,7.1351,207.024,              29P   1114
0.238986,7.1351,206.982,0.261673,7.1351,206.944,0.282618,7.1351,      29P   1115
206.906,0.304322,7.1351,206.897,0.309231,7.1351,206.891,              29P   1116
0.312904,7.1351,206.883,0.317298,7.1351,206.874,0.322653,7.1351,      29P   1117
206.863,0.329248,7.1351,206.843,0.341384,7.1351,206.823,              29P   1118
0.353148,7.1351,206.771,0.384868,7.1351,206.729,0.411188,7.1351,      29P   1119
206.686,0.439281,7.1351,206.678,0.445082,7.1351,206.669,              29P   1120
0.450892,7.1351,206.661,0.455803,7.1351,206.652,0.461749,7.1351,      29P   1121
206.642,0.468782,7.1351,206.628,0.478086,7.1351,206.616,              29P   1122
0.486426,7.1351,206.567,0.519708,7.1351,206.522,0.551944,7.1351,      29P   1123
206.477,0.585397,7.1351,206.471,0.589725,7.1351,206.467,              29P   1124
0.592796,7.1351,206.462,0.596293,7.1351,206.456,0.600504,7.1351,      29P   1125
206.45,0.605533,7.1351,206.442,0.611355,7.1351,206.432,0.619138,      29P   1126
7.1351,206.423,0.625991,7.1351,206.371,0.665301,7.1351,206.322,       29P   1127
0.703892,7.1351,206.274,0.743813,7.1351,206.27,0.747324,7.1351,       29P   1128
206.267,0.749769,7.1351,206.263,0.752483,7.1351,206.259,              29P   1129
0.755716,7.1351,206.255,0.759507,7.1351,206.25,0.763843,7.1351,       29P   1130
206.243,0.769697,7.1351,206.237,0.774795,7.1351,206.193,              29P   1131
0.811292,7.1351,206.152,0.84716,7.1351,206.111,0.884053,7.1351,       29P   1132
206.108,0.886589,7.1351,206.106,0.888298,7.1351,206.104,              29P   1133
0.890159,7.1351,206.101,0.892382,7.1351,206.099,0.894983,7.1351,      29P   1134
206.095,0.897908,7.1351,206.091,0.901907,7.1351,206.087,              29P   1135
0.905337,7.1351,206.052,0.937452,7.1351,206.018,0.968971,7.1351,      29P   1136
205.984,1.00136,7.1351,205.982,1.00318,7.1351,205.98,1.00484,         29P   1137
7.1351,205.979,1.00615,7.1351,205.977,1.00766,7.1351,205.976,         29P   1138
1.00932,7.1351,205.973,1.01162,7.1351,205.945,1.0386,7.1351,          29P   1139
205.918,1.06543,7.1351,205.892,1.09188,7.1351,205.89,1.09327,         29P   1140
7.1351,205.889,1.09462,7.1351,205.888,1.09598,7.1351,205.868,         29P   1141
1.11528,7.1351,205.85,1.13439,7.1351,205.831,1.1532,7.1351,           29P   1142
205.871,1.21742,7.68666,205.869,1.21931,7.68666,205.867,1.22117,      29P   1143
7.68666,205.864,1.22284,7.68666,205.862,1.22348,7.68666,205.861,      29P   1144
1.22412,7.68666,205.859,1.22476,7.68666,205.857,1.22528,7.68666,      29P   1145
205.856,1.22573,7.68666,205.854,1.2261,7.68666,205.852,1.22638,       29P   1146
7.68666,205.85,1.22656,7.68666,205.848,1.22662,7.68666,205.845,       29P   1147
1.22656,7.68666,205.843,1.22633,7.68666,205.84,1.22586,7.68666,       29P   1148
205.839,1.22547,7.68666,205.837,1.22495,7.68666,205.836,1.22455,      29P   1149
7.68666,205.834,1.22388,7.68666,205.832,1.22307,7.68666,205.83,       29P   1150
1.22183,7.68666,205.828,1.2207,7.68666,205.826,1.2194,7.68666,        29P   1151
205.825,1.21857,7.68666,205.824,1.21786,7.68666,205.823,1.21673,      29P   1152
7.68666,205.822,1.21543,7.68666,205.821,1.2145,7.68666,205.82,        29P   1153
1.21345,7.68666,205.818,1.21136,7.68666,205.816,1.20734,7.68666,      29P   1154
205.814,1.20361,7.68666,205.813,1.19972,7.68666,205.813,1.19724,      29P   1155
7.68666,205.812,1.19473,7.68666,205.812,1.19303,7.68666,205.812,      29P   1156
1.19044,7.68666,205.813,1.18786,7.68666,205.813,1.18383,7.68666,      29P   1157
205.814,1.18119,7.68666,205.816,1.17607,7.68666,205.817,1.17363,      29P   1158
7.68666,205.82,1.16951,7.68666,205.821,1.16758,7.68666,205.824,       29P   1159
1.1619,7.68666,205.827,1.15734,7.68666,205.83,1.15155,7.68666,        29P   1160
205.833,1.14752,7.68666,205.835,1.14251,7.68666,205.84,1.13494,       29P   1161
7.68666,205.844,1.12723,7.68666,205.849,1.11922,7.68666,205.853,      29P   1162
1.11264,7.68666,205.857,1.1058,7.68666,205.861,1.09879,7.68666,       29P   1163
205.874,1.07709,7.68666,205.887,1.05702,7.68666,205.899,1.03756,      29P   1164
7.68666,205.901,1.03334,7.68666,205.906,1.02645,7.68666,205.91,       29P   1165
1.01935,7.68666,205.915,1.01183,7.68666,205.919,1.0053,7.68666,       29P   1166
205.923,0.998367,7.68666,205.928,0.990685,7.68666,205.951,            29P   1167
0.956253,7.68666,205.972,0.92418,7.68666,205.993,0.893943,            29P   1168
7.68666,205.995,0.890969,7.68666,205.999,0.885254,7.68666,            29P   1169
206.003,0.878962,7.68666,206.008,0.872063,7.68666,206.013,            29P   1170
0.865618,7.68666,206.018,0.858563,7.68666,206.024,0.849961,           29P   1171
7.68666,206.056,0.804502,7.68666,206.089,0.760704,7.68666,            29P   1172
206.12,0.720668,7.68666,206.122,0.718186,7.68666,206.125,             29P   1173
0.714376,7.68666,206.129,0.709261,7.68666,206.134,0.703048,           29P   1174
7.68666,206.139,0.696706,7.68666,206.144,0.689441,7.68666,            29P   1175
206.152,0.679693,7.68666,206.196,0.624468,7.68666,206.24,             29P   1176
0.572114,7.68666,206.282,0.524832,7.68666,206.284,0.522873,           29P   1177
7.68666,206.286,0.520771,7.68666,206.289,0.517708,7.68666,            29P   1178
206.292,0.514062,7.68666,206.296,0.509522,7.68666,206.302,            29P   1179
0.503251,7.68666,206.308,0.495744,7.68666,206.318,0.48467,            29P   1180
7.68666,206.367,0.432217,7.68666,206.415,0.382809,7.68666,            29P   1181
206.459,0.339495,7.68666,206.46,0.337999,7.68666,206.463,             29P   1182
0.335567,7.68666,206.465,0.333013,7.68666,206.469,0.32992,            29P   1183
7.68666,206.472,0.326863,7.68666,206.478,0.321098,7.68666,            29P   1184
206.492,0.307047,7.68666,206.547,0.254751,7.68666,206.602,            29P   1185
0.205902,7.68666,206.648,0.166785,7.68666,206.651,0.164176,           29P   1186
7.68666,206.654,0.161535,7.68666,206.658,0.158732,7.68666,            29P   1187
206.661,0.155874,7.68666,206.667,0.150993,7.68666,206.676,            29P   1188
0.143486,7.68666,206.692,0.13028,7.68666,206.747,0.0849039,           29P   1189
7.68666,206.801,0.0434347,7.68666,206.847,0.00950075,7.68666,         29P   1190
206.849,0.00801314,7.68666,206.851,0.00645587,7.68666,206.854,        29P   1191
0.0042095,7.68666,206.858,0.00134406,7.68666,206.862,                 29P   1192
-0.00129001,7.68666,206.868,-0.00613779,7.68666,206.878,              29P   1193
-0.012854,7.68666,206.897,-0.0267565,7.68666,206.955,-0.0678498,      29P   1194
7.68666,207.011,-0.104655,7.68666,207.057,-0.133457,7.68666,          29P   1195
207.06,-0.135091,7.68666,207.063,-0.137255,7.68666,207.069,           29P   1196
-0.140732,7.68666,207.073,-0.143352,7.68666,207.08,-0.148066,         29P   1197
7.68666,207.091,-0.154472,7.68666,207.114,-0.168524,7.68666,          29P   1198
207.175,-0.20496,7.68666,207.232,-0.237001,7.68666,207.279,           29P   1199
-0.261347,7.68666,207.283,-0.263388,7.68666,207.289,-0.266461,        29P   1200
7.68666,207.294,-0.269091,7.68666,207.303,-0.273551,7.68666,          29P   1201
207.315,-0.27978,7.68666,207.342,-0.293311,7.68666,207.405,           29P   1202
-0.324045,7.68666,207.464,-0.349932,7.68666,207.509,-0.368276,        29P   1203
7.68666,207.512,-0.369452,7.68666,207.515,-0.370823,7.68666,          29P   1204
207.52,-0.372725,7.68666,207.525,-0.374757,7.68666,207.535,           29P   1205
-0.378671,7.68666,207.549,-0.384245,7.68666,207.581,-0.396388,        29P   1206
7.68666,207.646,-0.420002,7.68666,207.706,-0.438756,7.68666,          29P   1207
207.748,-0.450942,7.68666,207.751,-0.451802,7.68666,207.755,          29P   1208
-0.452849,7.68666,207.76,-0.454319,7.68666,207.765,-0.455725,         29P   1209
7.68666,207.776,-0.458771,7.68666,207.793,-0.463196,7.68666,          29P   1210
207.83,-0.472814,7.68666,207.897,-0.488427,7.68666,207.956,           29P   1211
-0.499687,7.68666,207.995,-0.506138,7.68666,208.,-0.506896,           29P   1212
7.68666,208.007,-0.508043,7.68666,208.013,-0.508942,7.68666,          29P   1213
208.025,-0.51082,7.68666,208.045,-0.513649,7.68666,208.088,           29P   1214
-0.519255,7.68666,208.154,-0.526257,7.68666,208.211,-0.529796,        29P   1215
7.68666,208.247,-0.531077,7.68666,208.252,-0.531253,7.68666,          29P   1216
208.258,-0.531447,7.68666,208.265,-0.531621,7.68666,208.279,          29P   1217
-0.531946,7.68666,208.302,-0.532286,7.68666,208.35,-0.53215,          29P   1218
7.68666,208.415,-0.529964,7.68666,208.469,-0.525783,7.68666,          29P   1219
208.498,-0.522808,7.68666,208.501,-0.52245,7.68666,208.507,           29P   1220
-0.52188,7.68666,208.515,-0.520971,7.68666,208.533,-0.518942,         29P   1221
7.68666,208.561,-0.515255,7.68666,208.612,-0.50759,7.68666,           29P   1222
208.674,-0.496053,7.68666,208.723,-0.484778,7.68666,208.745,          29P   1223
-0.479041,7.68666,208.749,-0.477996,7.68666,208.755,-0.476416,        29P   1224
7.68666,208.766,-0.473746,7.68666,208.785,-0.468528,7.68666,          29P   1225
208.817,-0.459295,7.68666,208.87,-0.442463,7.68666,208.912,           29P   1226
-0.42699,7.68666,208.94,-0.416223,7.68666,208.943,-0.415128,          29P   1227
7.68666,208.946,-0.413672,7.68666,208.951,-0.411838,7.68666,          29P   1228
208.958,-0.409119,7.68666,208.967,-0.405256,7.68666,208.987,          29P   1229
-0.396643,7.68666,209.022,-0.381311,7.68666,209.06,-0.363396,         29P   1230
7.68666,209.085,-0.350374,7.68666,209.094,-0.345689,7.68666,          29P   1231
209.096,-0.344904,7.68666,209.098,-0.343533,7.68666,209.103,          29P   1232
-0.341204,7.68666,209.11,-0.337432,7.68666,209.121,-0.331607,         29P   1233
7.68666,209.13,-0.326464,7.68666,209.148,-0.316196,7.68666,           29P   1234
209.171,-0.303201,7.68666,209.193,-0.289888,7.68666,209.204,          29P   1235
-0.283052,7.68666,209.207,-0.28123,7.68666,209.212,-0.277959,         29P   1236
7.68666,209.219,-0.273323,7.68666,209.231,-0.265904,7.68666,          29P   1237
209.248,-0.254337,7.68666,209.262,-0.244673,7.68666,209.272,          29P   1238
-0.2382,7.68666,209.272,-0.237809,7.68666,209.274,-0.236574,          29P   1239
7.68666,209.275,-0.235729,7.68666,209.278,-0.234038,7.68666,          29P   1240
209.279,-0.233193,7.68666,209.281,-0.23141,7.68666,209.283,           29P   1241
-0.230119,7.68666,209.286,-0.228026,7.68666,209.288,-0.226869,        29P   1242
7.68666,209.289,-0.225761,7.68666,209.291,-0.224213,7.68666,          29P   1243
209.295,-0.221813,7.68666,209.298,-0.219707,7.68666,209.3,            29P   1244
-0.218347,7.68666,209.301,-0.216987,7.68666,209.304,-0.214922,        29P   1245
7.68666,209.308,-0.212273,7.68666,209.312,-0.209689,7.68666,          29P   1246
209.314,-0.207816,7.68666,209.316,-0.206723,7.68666,209.316,          29P   1247
-0.20618,7.68666,209.317,-0.205634,7.68666,209.318,-0.204771,         29P   1248
7.68666,209.319,-0.204141,7.68666,209.321,-0.203065,7.68666,          29P   1249
209.321,-0.202622,7.68666,209.323,-0.201414,7.68666,209.324,          29P   1250
-0.200645,7.68666,209.327,-0.19831,7.68666,209.329,-0.196723,         29P   1251
7.68666,209.332,-0.194332,7.68666,209.333,-0.193153,7.68666,          29P   1252
209.335,-0.191642,7.68666,209.338,-0.189407,7.68666,209.343,          29P   1253
-0.185015,7.68666,209.348,-0.180794,7.68666,209.353,-0.176239,        29P   1254
7.68666,209.355,-0.174328,7.68666,209.361,-0.169114,7.68666,          29P   1255
209.364,-0.165873,7.68666,209.371,-0.159643,7.68666,209.375,          29P   1256
-0.155406,7.68666,209.38,-0.15121,7.68666,209.382,-0.149506,          29P   1257
7.68666,209.383,-0.148629,7.68666,209.385,-0.14698,7.68666,           29P   1258
209.389,-0.144183,7.68666,209.393,-0.141281,7.68666,209.396,          29P   1259
-0.139421,7.68666,209.401,-0.136336,7.68666,209.407,-0.13318,         29P   1260
7.68666,209.413,-0.129962,7.68666,209.414,-0.128989,7.68666,          29P   1261
209.422,-0.125036,7.68666,209.431,-0.118948,7.68666,209.441,          29P   1262
-0.108964,7.68666,209.445,-0.10422,7.68666,209.447,-0.0999954,        29P   1263
7.68666,209.452,-0.0922621,7.68666,209.453,-0.0826192,7.68666,        29P   1264
209.453,-0.0736366,7.68666,209.453,-0.0656333,7.68666,209.452,        29P   1265
-0.0565452,7.68666,209.449,-0.0478343,7.68666,209.447,-0.043657,      29P   1266
7.68666,209.444,-0.0383355,7.68666,209.436,-0.0262494,7.68666,        29P   1267
209.425,-0.0182149,7.68666,209.414,-0.0131391,7.68666,209.408,        29P   1268
-0.0108047,7.68666,209.4,-0.00935152,7.68666,209.387,                 29P   1269
-0.00866054,7.68666,209.377,-0.0113978,7.68666,209.368,               29P   1270
-0.0201652,7.68666,209.364,-0.0237627,7.68666,209.348,                29P   1271
-0.0372324,7.68666,209.335,-0.0458524,7.68666,209.316,                29P   1272
-0.0533082,7.68666,209.31,-0.0553629,7.68666,209.304,-0.0578243,      29P   1273
7.68666,209.299,-0.059514,7.68666,209.293,-0.0618536,7.68666,         29P   1274
209.288,-0.0639127,7.68666,209.277,-0.0679928,7.68666,209.267,        29P   1275
-0.0715203,7.68666,209.251,-0.0769474,7.68666,209.232,                29P   1276
-0.0835672,7.68666,209.208,-0.0912928,7.68666,209.181,                29P   1277
-0.0998003,7.68666,209.156,-0.107199,7.68666,209.129,-0.114837,       29P   1278
7.68666,209.109,-0.120159,7.68666,209.096,-0.123502,7.68666,          29P   1279
209.087,-0.125573,7.68666,209.073,-0.129059,7.68666,209.055,          29P   1280
-0.133478,7.68666,209.038,-0.13714,7.68666,209.026,-0.139862,         29P   1281
7.68666,209.014,-0.142344,7.68666,208.979,-0.149349,7.68666,          29P   1282
208.927,-0.158564,7.68666,208.88,-0.165225,7.68666,208.853,           29P   1283
-0.168516,7.68666,208.846,-0.169417,7.68666,208.838,-0.170284,        29P   1284
7.68666,208.824,-0.171893,7.68666,208.805,-0.173811,7.68666,          29P   1285
208.777,-0.176338,7.68666,208.737,-0.179343,7.68666,208.68,           29P   1286
-0.182224,7.68666,208.633,-0.183107,7.68666,208.606,-0.183142,        29P   1287
7.68666,208.602,-0.183139,7.68666,208.597,-0.183128,7.68666,          29P   1288
208.591,-0.183095,7.68666,208.583,-0.183037,7.68666,208.569,          29P   1289
-0.182866,7.68666,208.55,-0.182501,7.68666,208.524,-0.181733,         29P   1290
7.68666,208.487,-0.180217,7.68666,208.436,-0.177112,7.68666,          29P   1291
208.391,-0.173207,7.68666,208.365,-0.170563,7.68666,208.358,          29P   1292
-0.16974,7.68666,208.35,-0.168927,7.68666,208.34,-0.167828,           29P   1293
7.68666,208.33,-0.166683,7.68666,208.316,-0.165009,7.68666,           29P   1294
208.299,-0.162763,7.68666,208.274,-0.1595,7.68666,208.241,            29P   1295
-0.154656,7.68666,208.196,-0.147436,7.68666,208.156,-0.140049,        29P   1296
7.68666,208.128,-0.134653,7.68666,208.114,-0.131839,7.68666,          29P   1297
208.099,-0.128683,7.68666,208.085,-0.125754,7.68666,208.067,          29P   1298
-0.121947,7.68666,208.051,-0.118217,7.68666,208.029,-0.113092,        29P   1299
7.68666,207.999,-0.105956,7.68666,207.96,-0.0960763,7.68666,          29P   1300
207.924,-0.0864211,7.68666,207.894,-0.0779702,7.68666,207.874,        29P   1301
-0.0723592,7.68666,207.856,-0.0669363,7.68666,207.845,                29P   1302
-0.0636258,7.68666,207.836,-0.0607722,7.68666,207.824,                29P   1303
-0.0569697,7.68666,207.808,-0.0521537,7.68666,207.788,                29P   1304
-0.0457387,7.68666,207.762,-0.0371656,7.68666,207.728,                29P   1305
-0.0257022,7.68666,207.697,-0.0147452,7.68666,207.664,                29P   1306
-0.00290796,7.68666,207.64,0.00611183,7.68666,207.616,0.0150551,      29P   1307
7.68666,207.606,0.0191781,7.68666,207.597,0.0225832,7.68666,          29P   1308
207.585,0.0270027,7.68666,207.572,0.0325218,7.68666,207.554,          29P   1309
0.0396787,7.68666,207.531,0.0489322,7.68666,207.502,0.0611151,        29P   1310
7.68666,207.475,0.07259,7.68666,207.439,0.0881171,7.68666,            29P   1311
207.411,0.101038,7.68666,207.382,0.114104,7.68666,207.372,            29P   1312
0.118833,7.68666,207.364,0.122596,7.68666,207.354,0.127333,           29P   1313
7.68666,207.342,0.133195,7.68666,207.326,0.140638,7.68666,            29P   1314
207.307,0.150016,7.68666,207.282,0.162266,7.68666,207.259,            29P   1315
0.173649,7.68666,207.22,0.193198,7.68666,207.187,0.210416,            29P   1316
7.68666,207.154,0.228046,7.68666,207.145,0.233108,7.68666,            29P   1317
207.138,0.237,7.68666,207.129,0.241766,7.68666,207.118,0.247616,      29P   1318
7.68666,207.105,0.254944,7.68666,207.089,0.263948,7.68666,            29P   1319
207.068,0.275711,7.68666,207.049,0.286502,7.68666,207.007,            29P   1320
0.310488,7.68666,206.97,0.332533,7.68666,206.933,0.355279,            29P   1321
7.68666,206.925,0.36042,7.68666,206.918,0.364264,7.68666,             29P   1322
206.911,0.368861,7.68666,206.902,0.374459,7.68666,206.891,            29P   1323
0.381348,7.68666,206.871,0.394015,7.68666,206.852,0.40627,            29P   1324
7.68666,206.801,0.439257,7.68666,206.76,0.466514,7.68666,             29P   1325
206.717,0.495493,7.68666,206.709,0.501473,7.68666,206.7,              29P   1326
0.507459,7.68666,206.693,0.512517,7.68666,206.684,0.518636,           29P   1327
7.68666,206.674,0.52587,7.68666,206.66,0.535434,7.68666,206.648,      29P   1328
0.543998,7.68666,206.6,0.578152,7.68666,206.556,0.611108,             29P   1329
7.68666,206.511,0.645213,7.68666,206.505,0.649624,7.68666,            29P   1330
206.501,0.652753,7.68666,206.496,0.656316,7.68666,206.491,            29P   1331
0.660606,7.68666,206.484,0.665727,7.68666,206.476,0.671655,           29P   1332
7.68666,206.466,0.679577,7.68666,206.457,0.686549,7.68666,            29P   1333
206.406,0.726534,7.68666,206.358,0.7657,7.68666,206.31,0.806097,      29P   1334
7.68666,206.306,0.809648,7.68666,206.303,0.812121,7.68666,206.3,      29P   1335
0.814866,7.68666,206.296,0.818136,7.68666,206.292,0.821969,           29P   1336
7.68666,206.286,0.826352,7.68666,206.279,0.832269,7.68666,            29P   1337
206.273,0.837419,7.68666,206.231,0.874282,7.68666,206.19,             29P   1338
0.910415,7.68666,206.149,0.947586,7.68666,206.146,0.95014,            29P   1339
7.68666,206.144,0.951862,7.68666,206.142,0.953738,7.68666,            29P   1340
206.139,0.955977,7.68666,206.137,0.958598,7.68666,206.133,            29P   1341
0.961546,7.68666,206.129,0.965574,7.68666,206.125,0.969031,           29P   1342
7.68666,206.09,1.00139,7.68666,206.056,1.03311,7.68666,206.023,       29P   1343
1.06562,7.68666,206.021,1.06744,7.68666,206.019,1.0691,7.68666,       29P   1344
206.018,1.07042,7.68666,206.016,1.07194,7.68666,206.014,1.0736,       29P   1345
7.68666,206.012,1.07591,7.68666,205.984,1.10296,7.68666,205.957,      29P   1346
1.1298,7.68666,205.931,1.15622,7.68666,205.929,1.1576,7.68666,        29P   1347
205.928,1.15896,7.68666,205.927,1.16031,7.68666,205.908,1.17958,      29P   1348
7.68666,205.889,1.19865,7.68666,205.871,1.21742,7.68666,206.002,      29P   1349
1.35604,8.50187,206.,1.3579,8.50187,205.998,1.35973,8.50187,          29P   1350
205.995,1.36139,8.50187,205.993,1.36202,8.50187,205.992,1.36265,      29P   1351
8.50187,205.99,1.36329,8.50187,205.989,1.3638,8.50187,205.987,        29P   1352
1.36423,8.50187,205.985,1.36458,8.50187,205.983,1.36485,8.50187,      29P   1353
205.981,1.365,8.50187,205.979,1.36503,8.50187,205.977,1.36492,        29P   1354
8.50187,205.975,1.36465,8.50187,205.972,1.36413,8.50187,205.971,      29P   1355
1.3637,8.50187,205.969,1.36314,8.50187,205.968,1.3627,8.50187,        29P   1356
205.966,1.36198,8.50187,205.964,1.36111,8.50187,205.962,1.3598,       29P   1357
8.50187,205.96,1.3586,8.50187,205.959,1.35722,8.50187,205.958,        29P   1358
1.35634,8.50187,205.957,1.35559,8.50187,205.956,1.35441,8.50187,      29P   1359
205.955,1.35306,8.50187,205.954,1.3521,8.50187,205.953,1.35102,       29P   1360
8.50187,205.952,1.34887,8.50187,205.95,1.34478,8.50187,205.949,       29P   1361
1.34104,8.50187,205.948,1.33717,8.50187,205.948,1.33473,8.50187,      29P   1362
205.948,1.33229,8.50187,205.948,1.33064,8.50187,205.948,1.32814,      29P   1363
8.50187,205.949,1.32563,8.50187,205.95,1.32172,8.50187,205.951,       29P   1364
1.31928,8.50187,205.954,1.31494,8.50187,205.955,1.31274,8.50187,      29P   1365
205.957,1.30855,8.50187,205.958,1.30662,8.50187,205.961,1.30109,      29P   1366
8.50187,205.964,1.29663,8.50187,205.967,1.29099,8.50187,205.969,      29P   1367
1.28706,8.50187,205.972,1.28217,8.50187,205.976,1.27478,8.50187,      29P   1368
205.981,1.26726,8.50187,205.985,1.25945,8.50187,205.989,1.25303,      29P   1369
8.50187,205.993,1.24635,8.50187,205.997,1.23951,8.50187,206.009,      29P   1370
1.21833,8.50187,206.021,1.19873,8.50187,206.032,1.17971,8.50187,      29P   1371
206.035,1.17558,8.50187,206.039,1.16885,8.50187,206.043,1.1619,       29P   1372
8.50187,206.047,1.15455,8.50187,206.051,1.14815,8.50187,206.055,      29P   1373
1.14136,8.50187,206.06,1.13383,8.50187,206.081,1.10007,8.50187,       29P   1374
206.101,1.06852,8.50187,206.121,1.03871,8.50187,206.123,1.03577,      29P   1375
8.50187,206.126,1.03014,8.50187,206.13,1.02393,8.50187,206.135,       29P   1376
1.01712,8.50187,206.139,1.01076,8.50187,206.144,1.0038,8.50187,       29P   1377
206.149,0.995305,8.50187,206.179,0.950402,8.50187,206.21,             29P   1378
0.907048,8.50187,206.238,0.867283,8.50187,206.24,0.864817,            29P   1379
8.50187,206.243,0.861032,8.50187,206.247,0.855949,8.50187,            29P   1380
206.251,0.849771,8.50187,206.256,0.843465,8.50187,206.261,            29P   1381
0.836236,8.50187,206.268,0.826533,8.50187,206.309,0.77152,            29P   1382
8.50187,206.35,0.719094,8.50187,206.388,0.671534,8.50187,206.39,      29P   1383
0.669564,8.50187,206.392,0.667448,8.50187,206.394,0.664367,           29P   1384
8.50187,206.397,0.660697,8.50187,206.401,0.656127,8.50187,            29P   1385
206.406,0.649811,8.50187,206.412,0.642247,8.50187,206.421,            29P   1386
0.631084,8.50187,206.466,0.578161,8.50187,206.51,0.528033,            29P   1387
8.50187,206.55,0.483769,8.50187,206.552,0.482239,8.50187,             29P   1388
206.554,0.479753,8.50187,206.556,0.477142,8.50187,206.559,            29P   1389
0.473978,8.50187,206.562,0.470849,8.50187,206.568,0.464947,           29P   1390
8.50187,206.581,0.450549,8.50187,206.631,0.396839,8.50187,            29P   1391
206.681,0.346197,8.50187,206.723,0.305349,8.50187,206.726,            29P   1392
0.302625,8.50187,206.729,0.299865,8.50187,206.732,0.296935,           29P   1393
8.50187,206.735,0.293947,8.50187,206.74,0.288842,8.50187,             29P   1394
206.748,0.280984,8.50187,206.763,0.267143,8.50187,206.813,            29P   1395
0.219491,8.50187,206.862,0.175542,8.50187,206.904,0.139208,           29P   1396
8.50187,206.906,0.137614,8.50187,206.908,0.135946,8.50187,            29P   1397
206.911,0.133538,8.50187,206.914,0.130466,8.50187,206.917,            29P   1398
0.127639,8.50187,206.924,0.122434,8.50187,206.932,0.115215,           29P   1399
8.50187,206.95,0.100238,8.50187,207.003,0.0558026,8.50187,            29P   1400
207.053,0.0154426,8.50187,207.095,-0.0165279,8.50187,207.097,         29P   1401
-0.0183419,8.50187,207.101,-0.0207461,8.50187,207.106,                29P   1402
-0.0246119,8.50187,207.11,-0.0275277,8.50187,207.116,-0.0327784,      29P   1403
8.50187,207.126,-0.039925,8.50187,207.147,-0.0556458,8.50187,         29P   1404
207.202,-0.0966188,8.50187,207.255,-0.133357,8.50187,207.297,         29P   1405
-0.161866,8.50187,207.3,-0.164259,8.50187,207.306,-0.167866,          29P   1406
8.50187,207.31,-0.170961,8.50187,207.318,-0.176219,8.50187,           29P   1407
207.329,-0.183585,8.50187,207.354,-0.199685,8.50187,207.411,          29P   1408
-0.236708,8.50187,207.465,-0.269041,8.50187,207.505,-0.292753,        29P   1409
8.50187,207.508,-0.294277,8.50187,207.511,-0.296056,8.50187,          29P   1410
207.515,-0.298526,8.50187,207.52,-0.301176,8.50187,207.529,           29P   1411
-0.306299,8.50187,207.542,-0.313639,8.50187,207.571,-0.329827,        29P   1412
8.50187,207.63,-0.362147,8.50187,207.684,-0.389582,8.50187,           29P   1413
207.723,-0.408448,8.50187,207.726,-0.409784,8.50187,207.729,          29P   1414
-0.411418,8.50187,207.734,-0.413716,8.50187,207.738,-0.415931,        29P   1415
8.50187,207.749,-0.420758,8.50187,207.764,-0.427858,8.50187,          29P   1416
207.798,-0.443712,8.50187,207.859,-0.470923,8.50187,207.912,          29P   1417
-0.493306,8.50187,207.949,-0.507614,8.50187,207.953,-0.509311,        29P   1418
8.50187,207.96,-0.511913,8.50187,207.965,-0.513987,8.50187,           29P   1419
207.976,-0.518382,8.50187,207.994,-0.525232,8.50187,208.034,          29P   1420
-0.539884,8.50187,208.096,-0.561574,8.50187,208.149,-0.578605,        29P   1421
8.50187,208.182,-0.588609,8.50187,208.187,-0.590074,8.50187,          29P   1422
208.193,-0.591868,8.50187,208.199,-0.593643,8.50187,208.212,          29P   1423
-0.597413,8.50187,208.235,-0.603835,8.50187,208.279,-0.616123,        29P   1424
8.50187,208.341,-0.631769,8.50187,208.393,-0.643281,8.50187,          29P   1425
208.421,-0.649139,8.50187,208.425,-0.649827,8.50187,208.43,           29P   1426
-0.650888,8.50187,208.438,-0.652516,8.50187,208.455,-0.65589,         29P   1427
8.50187,208.483,-0.661168,8.50187,208.533,-0.669923,8.50187,          29P   1428
208.594,-0.679127,8.50187,208.643,-0.685011,8.50187,208.666,          29P   1429
-0.687447,8.50187,208.67,-0.687883,8.50187,208.676,-0.688523,         29P   1430
8.50187,208.687,-0.689548,8.50187,208.706,-0.691401,8.50187,          29P   1431
208.739,-0.694152,8.50187,208.794,-0.697752,8.50187,208.839,          29P   1432
-0.699399,8.50187,208.869,-0.699886,8.50187,208.872,-0.699931,        29P   1433
8.50187,208.876,-0.699987,8.50187,208.88,-0.700045,8.50187,           29P   1434
208.888,-0.700111,8.50187,208.898,-0.700172,8.50187,208.92,           29P   1435
-0.700167,8.50187,208.958,-0.699658,8.50187,208.999,-0.698135,        29P   1436
8.50187,209.028,-0.696496,8.50187,209.038,-0.695845,8.50187,          29P   1437
209.04,-0.695735,8.50187,209.043,-0.69554,8.50187,209.048,            29P   1438
-0.695202,8.50187,209.056,-0.694632,8.50187,209.068,-0.693704,        29P   1439
8.50187,209.078,-0.692822,8.50187,209.099,-0.690968,8.50187,          29P   1440
209.125,-0.688389,8.50187,209.151,-0.685357,8.50187,209.164,          29P   1441
-0.68371,8.50187,209.167,-0.683267,8.50187,209.173,-0.682462,         29P   1442
8.50187,209.182,-0.681296,8.50187,209.195,-0.679372,8.50187,          29P   1443
209.216,-0.676244,8.50187,209.233,-0.67345,8.50187,209.245,           29P   1444
-0.671505,8.50187,209.245,-0.671387,8.50187,209.247,-0.671014,        29P   1445
8.50187,209.249,-0.670758,8.50187,209.252,-0.670243,8.50187,          29P   1446
209.253,-0.669984,8.50187,209.256,-0.669433,8.50187,209.259,          29P   1447
-0.669031,8.50187,209.262,-0.668373,8.50187,209.264,-0.668005,        29P   1448
8.50187,209.266,-0.66765,8.50187,209.269,-0.667156,8.50187,           29P   1449
209.273,-0.666406,8.50187,209.276,-0.665768,8.50187,209.279,          29P   1450
-0.665362,8.50187,209.281,-0.664942,8.50187,209.284,-0.664248,        29P   1451
8.50187,209.289,-0.663272,8.50187,209.293,-0.662219,8.50187,          29P   1452
209.297,-0.661372,8.50187,209.298,-0.660855,8.50187,209.299,          29P   1453
-0.660607,8.50187,209.3,-0.660369,8.50187,209.302,-0.660002,          29P   1454
8.50187,209.303,-0.65975,8.50187,209.305,-0.659349,8.50187,           29P   1455
209.305,-0.659192,8.50187,209.307,-0.658786,8.50187,209.308,          29P   1456
-0.658553,8.50187,209.312,-0.657918,8.50187,209.315,-0.65759,         29P   1457
8.50187,209.318,-0.657259,8.50187,209.32,-0.657132,8.50187,           29P   1458
209.322,-0.657041,8.50187,209.325,-0.656972,8.50187,209.332,          29P   1459
-0.657145,8.50187,209.338,-0.657889,8.50187,209.345,-0.658968,        29P   1460
8.50187,209.348,-0.659517,8.50187,209.356,-0.661197,8.50187,          29P   1461
209.362,-0.661874,8.50187,209.373,-0.662086,8.50187,209.38,           29P   1462
-0.661264,8.50187,209.388,-0.658351,8.50187,209.392,-0.656771,        29P   1463
8.50187,209.393,-0.65587,8.50187,209.396,-0.653988,8.50187,           29P   1464
209.401,-0.650066,8.50187,209.407,-0.644507,8.50187,209.409,          29P   1465
-0.640136,8.50187,209.414,-0.632485,8.50187,209.417,-0.62382,         29P   1466
8.50187,209.418,-0.615283,8.50187,209.419,-0.612629,8.50187,          29P   1467
209.419,-0.602055,8.50187,209.415,-0.589442,8.50187,209.405,          29P   1468
-0.576577,8.50187,209.4,-0.572063,8.50187,209.395,-0.56902,           29P   1469
8.50187,209.387,-0.563961,8.50187,209.377,-0.561838,8.50187,          29P   1470
209.368,-0.563953,8.50187,209.36,-0.566055,8.50187,209.351,           29P   1471
-0.56841,8.50187,209.342,-0.570624,8.50187,209.338,-0.571679,         29P   1472
8.50187,209.332,-0.573011,8.50187,209.318,-0.575975,8.50187,          29P   1473
209.305,-0.5778,8.50187,209.294,-0.578786,8.50187,209.288,            29P   1474
-0.579196,8.50187,209.282,-0.579337,8.50187,209.27,-0.579029,         29P   1475
8.50187,209.261,-0.577894,8.50187,209.249,-0.575006,8.50187,          29P   1476
209.243,-0.573796,8.50187,209.223,-0.569126,8.50187,209.206,          29P   1477
-0.565743,8.50187,209.187,-0.562198,8.50187,209.181,-0.561197,        29P   1478
8.50187,209.175,-0.559966,8.50187,209.17,-0.559113,8.50187,           29P   1479
209.164,-0.55791,8.50187,209.158,-0.556824,8.50187,209.147,           29P   1480
-0.554642,8.50187,209.136,-0.552673,8.50187,209.121,-0.549505,        29P   1481
8.50187,209.101,-0.545505,8.50187,209.077,-0.540411,8.50187,          29P   1482
209.05,-0.534317,8.50187,209.025,-0.52862,8.50187,208.998,            29P   1483
-0.522165,8.50187,208.978,-0.517273,8.50187,208.965,-0.514039,        29P   1484
8.50187,208.957,-0.511983,8.50187,208.943,-0.508423,8.50187,          29P   1485
208.925,-0.503641,8.50187,208.909,-0.499344,8.50187,208.896,          29P   1486
-0.496016,8.50187,208.885,-0.492892,8.50187,208.851,-0.483542,        29P   1487
8.50187,208.802,-0.46902,8.50187,208.757,-0.455149,8.50187,           29P   1488
208.731,-0.447084,8.50187,208.724,-0.444797,8.50187,208.717,          29P   1489
-0.442493,8.50187,208.703,-0.43807,8.50187,208.686,-0.432266,         29P   1490
8.50187,208.659,-0.42335,8.50187,208.622,-0.41062,8.50187,            29P   1491
208.569,-0.392111,8.50187,208.526,-0.376098,8.50187,208.502,          29P   1492
-0.367035,8.50187,208.497,-0.365337,8.50187,208.493,-0.363761,        29P   1493
8.50187,208.487,-0.361492,8.50187,208.48,-0.358926,8.50187,           29P   1494
208.467,-0.353843,8.50187,208.45,-0.347274,8.50187,208.427,           29P   1495
-0.338043,8.50187,208.393,-0.324654,8.50187,208.347,-0.30564,         29P   1496
8.50187,208.306,-0.288396,8.50187,208.283,-0.278356,8.50187,          29P   1497
208.275,-0.275308,8.50187,208.269,-0.272349,8.50187,208.26,           29P   1498
-0.268494,8.50187,208.251,-0.264601,8.50187,208.238,-0.259057,        29P   1499
8.50187,208.222,-0.251978,8.50187,208.201,-0.242278,8.50187,          29P   1500
208.171,-0.228698,8.50187,208.13,-0.210191,8.50187,208.094,           29P   1501
-0.193065,8.50187,208.069,-0.181251,8.50187,208.056,-0.175228,        29P   1502
8.50187,208.043,-0.168602,8.50187,208.03,-0.162592,8.50187,           29P   1503
208.015,-0.154935,8.50187,208.,-0.147592,8.50187,207.98,              29P   1504
-0.137756,8.50187,207.953,-0.124411,8.50187,207.918,-0.106664,        29P   1505
8.50187,207.886,-0.0901066,8.50187,207.859,-0.0760254,8.50187,        29P   1506
207.842,-0.066862,8.50187,207.825,-0.0581643,8.50187,207.815,         29P   1507
-0.0529113,8.50187,207.807,-0.0484191,8.50187,207.796,                29P   1508
-0.0424701,8.50187,207.782,-0.0350233,8.50187,207.764,                29P   1509
-0.0252439,8.50187,207.74,-0.0123577,8.50187,207.71,0.00450014,       29P   1510
8.50187,207.682,0.0201972,8.50187,207.652,0.0368814,8.50187,          29P   1511
207.631,0.0493783,8.50187,207.609,0.0615739,8.50187,207.6,            29P   1512
0.0671581,8.50187,207.592,0.0717481,8.50187,207.582,0.0776839,        29P   1513
8.50187,207.569,0.0850454,8.50187,207.553,0.0945128,8.50187,          29P   1514
207.532,0.106656,8.50187,207.506,0.122447,8.50187,207.482,            29P   1515
0.137103,8.50187,207.45,0.156747,8.50187,207.424,0.172861,            29P   1516
8.50187,207.398,0.188947,8.50187,207.389,0.194745,8.50187,            29P   1517
207.381,0.199345,8.50187,207.372,0.205125,8.50187,207.361,            29P   1518
0.212249,8.50187,207.347,0.221253,8.50187,207.329,0.232551,           29P   1519
8.50187,207.307,0.247213,8.50187,207.286,0.260738,8.50187,            29P   1520
207.251,0.283855,8.50187,207.221,0.304016,8.50187,207.191,            29P   1521
0.324451,8.50187,207.182,0.330304,8.50187,207.176,0.334796,           29P   1522
8.50187,207.168,0.34029,8.50187,207.158,0.347017,8.50187,             29P   1523
207.146,0.35542,8.50187,207.131,0.365716,8.50187,207.112,             29P   1524
0.379112,8.50187,207.095,0.391334,8.50187,207.057,0.418402,           29P   1525
8.50187,207.023,0.443009,8.50187,206.989,0.468151,8.50187,            29P   1526
206.981,0.473821,8.50187,206.976,0.478057,8.50187,206.969,            29P   1527
0.483118,8.50187,206.961,0.489271,8.50187,206.95,0.496828,            29P   1528
8.50187,206.932,0.5107,8.50187,206.914,0.524063,8.50187,206.868,      29P   1529
0.559908,8.50187,206.83,0.589284,8.50187,206.791,0.620269,            29P   1530
8.50187,206.783,0.626655,8.50187,206.775,0.633039,8.50187,            29P   1531
206.768,0.638428,8.50187,206.76,0.644941,8.50187,206.751,             29P   1532
0.652633,8.50187,206.738,0.662786,8.50187,206.727,0.671859,           29P   1533
8.50187,206.683,0.707998,8.50187,206.642,0.7426,8.50187,206.601,      29P   1534
0.77816,8.50187,206.595,0.782756,8.50187,206.592,0.786015,            29P   1535
8.50187,206.587,0.789724,8.50187,206.582,0.794187,8.50187,            29P   1536
206.576,0.799512,8.50187,206.569,0.805672,8.50187,206.559,            29P   1537
0.813896,8.50187,206.551,0.821125,8.50187,206.504,0.862552,           29P   1538
8.50187,206.459,0.902843,8.50187,206.415,0.944107,8.50187,            29P   1539
206.411,0.947733,8.50187,206.408,0.950257,8.50187,206.405,            29P   1540
0.953058,8.50187,206.402,0.956393,8.50187,206.397,0.960301,           29P   1541
8.50187,206.393,0.964769,8.50187,206.386,0.970795,8.50187,            29P   1542
206.38,0.976037,8.50187,206.34,1.01353,8.50187,206.302,1.05008,       29P   1543
8.50187,206.264,1.08741,8.50187,206.261,1.08997,8.50187,206.26,       29P   1544
1.0917,8.50187,206.258,1.09358,8.50187,206.255,1.09583,8.50187,       29P   1545
206.253,1.09845,8.50187,206.25,1.10141,8.50187,206.246,1.10544,       29P   1546
8.50187,206.242,1.1089,8.50187,206.209,1.14129,8.50187,206.178,       29P   1547
1.17295,8.50187,206.146,1.20532,8.50187,206.144,1.20714,8.50187,      29P   1548
206.143,1.20879,8.50187,206.141,1.2101,8.50187,206.14,1.21162,        29P   1549
8.50187,206.138,1.21327,8.50187,206.136,1.21557,8.50187,206.11,       29P   1550
1.24246,8.50187,206.084,1.26912,8.50187,206.059,1.29534,8.50187,      29P   1551
206.058,1.29672,8.50187,206.056,1.29806,8.50187,206.055,1.29941,      29P   1552
8.50187,206.037,1.31857,8.50187,206.019,1.33749,8.50187,206.002,      29P   1553
1.35604,8.50187,206.134,1.47108,9.33144,206.132,1.47296,9.33144,      29P   1554
206.13,1.47482,9.33144,206.127,1.4765,9.33144,206.126,1.47714,        29P   1555
9.33144,206.125,1.47778,9.33144,206.123,1.47841,9.33144,206.121,      29P   1556
1.47891,9.33144,206.119,1.47934,9.33144,206.118,1.47966,9.33144,      29P   1557
206.116,1.47989,9.33144,206.114,1.48,9.33144,206.112,1.47997,         29P   1558
9.33144,206.109,1.47976,9.33144,206.107,1.47939,9.33144,206.105,      29P   1559
1.47874,9.33144,206.103,1.47821,9.33144,206.102,1.47754,9.33144,      29P   1560
206.101,1.47702,9.33144,206.099,1.47617,9.33144,206.097,1.47516,      29P   1561
9.33144,206.095,1.47364,9.33144,206.094,1.47227,9.33144,206.092,      29P   1562
1.47073,9.33144,206.091,1.46974,9.33144,206.091,1.46892,9.33144,      29P   1563
206.09,1.46762,9.33144,206.089,1.46614,9.33144,206.088,1.4651,        29P   1564
9.33144,206.088,1.46393,9.33144,206.087,1.46161,9.33144,206.085,      29P   1565
1.45728,9.33144,206.085,1.45342,9.33144,206.085,1.44949,9.33144,      29P   1566
206.085,1.44703,9.33144,206.086,1.44459,9.33144,206.086,1.44294,      29P   1567
9.33144,206.087,1.44052,9.33144,206.088,1.43831,9.33144,206.09,       29P   1568
1.43509,9.33144,206.091,1.43293,9.33144,206.094,1.42849,9.33144,      29P   1569
206.095,1.42627,9.33144,206.098,1.42219,9.33144,206.099,1.4203,       29P   1570
9.33144,206.102,1.41485,9.33144,206.104,1.41046,9.33144,206.108,      29P   1571
1.4049,9.33144,206.11,1.40103,9.33144,206.113,1.39621,9.33144,        29P   1572
206.117,1.38892,9.33144,206.121,1.38151,9.33144,206.126,1.3738,       29P   1573
9.33144,206.13,1.36747,9.33144,206.133,1.36088,9.33144,206.137,       29P   1574
1.35413,9.33144,206.15,1.33322,9.33144,206.162,1.31386,9.33144,       29P   1575
206.173,1.29506,9.33144,206.176,1.29098,9.33144,206.18,1.28432,       29P   1576
9.33144,206.184,1.27745,9.33144,206.189,1.27018,9.33144,206.193,      29P   1577
1.26385,9.33144,206.197,1.25713,9.33144,206.201,1.24967,9.33144,      29P   1578
206.222,1.21625,9.33144,206.242,1.18496,9.33144,206.262,1.15534,      29P   1579
9.33144,206.264,1.15242,9.33144,206.267,1.14682,9.33144,206.271,      29P   1580
1.14065,9.33144,206.276,1.13388,9.33144,206.28,1.12755,9.33144,       29P   1581
206.284,1.12062,9.33144,206.29,1.11216,9.33144,206.32,1.06744,        29P   1582
9.33144,206.349,1.02411,9.33144,206.377,0.984268,9.33144,             29P   1583
206.379,0.981797,9.33144,206.382,0.978005,9.33144,206.385,            29P   1584
0.972909,9.33144,206.39,0.966716,9.33144,206.394,0.960391,            29P   1585
9.33144,206.399,0.95314,9.33144,206.406,0.943403,9.33144,             29P   1586
206.446,0.888173,9.33144,206.485,0.835326,9.33144,206.522,            29P   1587
0.787026,9.33144,206.524,0.785024,9.33144,206.526,0.782875,           29P   1588
9.33144,206.528,0.779744,9.33144,206.531,0.776013,9.33144,            29P   1589
206.534,0.771364,9.33144,206.539,0.764937,9.33144,206.545,            29P   1590
0.757233,9.33144,206.554,0.745852,9.33144,206.596,0.691821,           29P   1591
9.33144,206.638,0.640218,9.33144,206.676,0.594448,9.33144,            29P   1592
206.677,0.592866,9.33144,206.679,0.590295,9.33144,206.682,            29P   1593
0.587593,9.33144,206.684,0.58432,9.33144,206.687,0.581082,            29P   1594
9.33144,206.692,0.574973,9.33144,206.705,0.560064,9.33144,            29P   1595
206.752,0.504377,9.33144,206.799,0.451568,9.33144,206.838,            29P   1596
0.408631,9.33144,206.841,0.405766,9.33144,206.843,0.402864,           29P   1597
9.33144,206.846,0.39978,9.33144,206.849,0.396636,9.33144,             29P   1598
206.854,0.391259,9.33144,206.861,0.382976,9.33144,206.875,            29P   1599
0.368365,9.33144,206.922,0.317948,9.33144,206.967,0.270996,           29P   1600
9.33144,207.006,0.231887,9.33144,207.008,0.230172,9.33144,            29P   1601
207.009,0.228376,9.33144,207.012,0.225783,9.33144,207.015,            29P   1602
0.222472,9.33144,207.018,0.219425,9.33144,207.024,0.213811,           29P   1603
9.33144,207.032,0.206019,9.33144,207.048,0.189831,9.33144,            29P   1604
207.097,0.141676,9.33144,207.144,0.0975074,9.33144,207.182,           29P   1605
0.0621901,9.33144,207.184,0.0601863,9.33144,207.187,0.0575287,        29P   1606
9.33144,207.192,0.0532527,9.33144,207.195,0.0500246,9.33144,          29P   1607
207.202,0.0442084,9.33144,207.21,0.0362834,9.33144,207.23,            29P   1608
0.018813,9.33144,207.28,-0.0268995,9.33144,207.328,-0.0684206,        29P   1609
9.33144,207.367,-0.101014,9.33144,207.37,-0.103752,9.33144,           29P   1610
207.375,-0.107887,9.33144,207.379,-0.111435,9.33144,207.386,          29P   1611
-0.117467,9.33144,207.397,-0.125931,9.33144,207.419,-0.144491,        29P   1612
9.33144,207.471,-0.187437,9.33144,207.52,-0.225648,9.33144,           29P   1613
207.557,-0.254156,9.33144,207.559,-0.25599,9.33144,207.562,           29P   1614
-0.258134,9.33144,207.566,-0.261115,9.33144,207.57,-0.264314,         29P   1615
9.33144,207.578,-0.270511,9.33144,207.59,-0.279414,9.33144,           29P   1616
207.616,-0.299167,9.33144,207.67,-0.339064,9.33144,207.718,           29P   1617
-0.373898,9.33144,207.753,-0.398368,9.33144,207.756,-0.400104,        29P   1618
9.33144,207.759,-0.40223,9.33144,207.763,-0.405224,9.33144,           29P   1619
207.767,-0.408115,9.33144,207.776,-0.414428,9.33144,207.79,           29P   1620
-0.423752,9.33144,207.821,-0.444764,9.33144,207.875,-0.481476,        29P   1621
9.33144,207.924,-0.512841,9.33144,207.956,-0.533459,9.33144,          29P   1622
207.96,-0.535909,9.33144,207.966,-0.539678,9.33144,207.971,           29P   1623
-0.542695,9.33144,207.981,-0.549107,9.33144,207.997,-0.559175,        29P   1624
9.33144,208.032,-0.581057,9.33144,208.088,-0.614468,9.33144,          29P   1625
208.135,-0.642259,9.33144,208.165,-0.659226,9.33144,208.169,          29P   1626
-0.661718,9.33144,208.174,-0.66479,9.33144,208.18,-0.667845,          29P   1627
9.33144,208.191,-0.674366,9.33144,208.211,-0.685649,9.33144,          29P   1628
208.251,-0.707869,9.33144,208.306,-0.737789,9.33144,208.352,          29P   1629
-0.761924,9.33144,208.377,-0.774914,9.33144,208.38,-0.776447,         29P   1630
9.33144,208.385,-0.778825,9.33144,208.392,-0.782504,9.33144,          29P   1631
208.407,-0.790249,9.33144,208.432,-0.802796,9.33144,208.476,          29P   1632
-0.824924,9.33144,208.53,-0.851185,9.33144,208.574,-0.871481,         29P   1633
9.33144,208.594,-0.880866,9.33144,208.598,-0.882563,9.33144,          29P   1634
208.603,-0.885096,9.33144,208.613,-0.889281,9.33144,208.63,           29P   1635
-0.897206,9.33144,208.659,-0.91035,9.33144,208.708,-0.931972,         29P   1636
9.33144,208.748,-0.94912,9.33144,208.775,-0.960029,9.33144,           29P   1637
208.777,-0.961132,9.33144,208.781,-0.962593,9.33144,208.785,          29P   1638
-0.964414,9.33144,208.792,-0.967081,9.33144,208.801,-0.97082,         29P   1639
9.33144,208.82,-0.978944,9.33144,208.854,-0.992651,9.33144,           29P   1640
208.892,-1.00732,9.33144,208.917,-1.01724,9.33144,208.927,            29P   1641
-1.02072,9.33144,208.928,-1.0213,9.33144,208.931,-1.02232,            29P   1642
9.33144,208.935,-1.02403,9.33144,208.943,-1.02677,9.33144,            29P   1643
208.954,-1.03095,9.33144,208.963,-1.03455,9.33144,208.982,            29P   1644
-1.04162,9.33144,209.006,-1.05025,9.33144,209.029,-1.0586,            29P   1645
9.33144,209.041,-1.06278,9.33144,209.044,-1.06389,9.33144,            29P   1646
209.049,-1.06587,9.33144,209.057,-1.06864,9.33144,209.07,             29P   1647
-1.07301,9.33144,209.089,-1.07966,9.33144,209.105,-1.08502,           29P   1648
9.33144,209.115,-1.08853,9.33144,209.116,-1.08874,9.33144,            29P   1649
209.118,-1.08941,9.33144,209.119,-1.08986,9.33144,209.122,            29P   1650
-1.09077,9.33144,209.123,-1.09122,9.33144,209.126,-1.09217,           29P   1651
9.33144,209.128,-1.09287,9.33144,209.131,-1.09399,9.33144,            29P   1652
209.133,-1.09461,9.33144,209.135,-1.09521,9.33144,209.137,            29P   1653
-1.09603,9.33144,209.141,-1.09724,9.33144,209.145,-1.09821,           29P   1654
9.33144,209.147,-1.09881,9.33144,209.149,-1.09945,9.33144,            29P   1655
209.152,-1.10056,9.33144,209.156,-1.1022,9.33144,209.16,              29P   1656
-1.10406,9.33144,209.163,-1.10562,9.33144,209.164,-1.10658,           29P   1657
9.33144,209.165,-1.10704,9.33144,209.166,-1.10746,9.33144,            29P   1658
209.167,-1.10811,9.33144,209.168,-1.10853,9.33144,209.17,             29P   1659
-1.10916,9.33144,209.171,-1.10939,9.33144,209.173,-1.10997,           29P   1660
9.33144,209.174,-1.11026,9.33144,209.178,-1.11092,9.33144,            29P   1661
209.18,-1.11105,9.33144,209.184,-1.11078,9.33144,209.186,             29P   1662
-1.11053,9.33144,209.189,-1.11,9.33144,209.192,-1.10903,9.33144,      29P   1663
209.198,-1.10619,9.33144,209.203,-1.10173,9.33144,209.208,            29P   1664
-1.09606,9.33144,209.21,-1.09338,9.33144,209.214,-1.08548,            29P   1665
9.33144,209.215,-1.07989,9.33144,209.217,-1.06811,9.33144,            29P   1666
209.216,-1.0599,9.33144,209.212,-1.05222,9.33144,209.21,              29P   1667
-1.04924,9.33144,209.209,-1.04774,9.33144,209.207,-1.04499,           29P   1668
9.33144,209.203,-1.04066,9.33144,209.197,-1.03715,9.33144,            29P   1669
209.193,-1.03569,9.33144,209.186,-1.03371,9.33144,209.178,            29P   1670
-1.03178,9.33144,209.171,-1.02981,9.33144,209.169,-1.02922,           29P   1671
9.33144,209.161,-1.02686,9.33144,209.152,-1.02374,9.33144,            29P   1672
209.141,-1.01914,9.33144,209.136,-1.01703,9.33144,209.133,            29P   1673
-1.01516,9.33144,209.127,-1.01174,9.33144,209.121,-1.00742,           29P   1674
9.33144,209.116,-1.00281,9.33144,209.111,-0.998672,9.33144,           29P   1675
209.105,-0.993916,9.33144,209.099,-0.988893,9.33144,209.096,          29P   1676
-0.986404,9.33144,209.092,-0.983086,9.33144,209.082,-0.974796,        29P   1677
9.33144,209.073,-0.967418,9.33144,209.064,-0.960572,9.33144,          29P   1678
209.059,-0.95685,9.33144,209.054,-0.952956,9.33144,209.044,           29P   1679
-0.945783,9.33144,209.036,-0.940707,9.33144,209.027,-0.934549,        29P   1680
9.33144,209.024,-0.931903,9.33144,209.008,-0.921313,9.33144,          29P   1681
208.996,-0.912582,9.33144,208.98,-0.901709,9.33144,208.976,           29P   1682
-0.898678,9.33144,208.97,-0.895,9.33144,208.967,-0.892464,            29P   1683
9.33144,208.962,-0.888919,9.33144,208.957,-0.885758,9.33144,          29P   1684
208.948,-0.879452,9.33144,208.94,-0.873878,9.33144,208.928,           29P   1685
-0.865098,9.33144,208.912,-0.854191,9.33144,208.893,-0.840842,        29P   1686
9.33144,208.871,-0.825438,9.33144,208.851,-0.811466,9.33144,          29P   1687
208.829,-0.796202,9.33144,208.813,-0.784982,9.33144,208.803,          29P   1688
-0.777694,9.33144,208.796,-0.773099,9.33144,208.785,-0.765216,        29P   1689
9.33144,208.77,-0.754814,9.33144,208.757,-0.745681,9.33144,           29P   1690
208.747,-0.738685,9.33144,208.738,-0.732166,9.33144,208.71,           29P   1691
-0.712952,9.33144,208.669,-0.684258,9.33144,208.632,-0.658218,        29P   1692
9.33144,208.611,-0.643426,9.33144,208.605,-0.639251,9.33144,          29P   1693
208.599,-0.635069,9.33144,208.588,-0.627073,9.33144,208.573,          29P   1694
-0.616693,9.33144,208.551,-0.600989,9.33144,208.52,-0.578909,         29P   1695
9.33144,208.476,-0.547624,9.33144,208.439,-0.521438,9.33144,          29P   1696
208.419,-0.50688,9.33144,208.415,-0.504156,9.33144,208.412,           29P   1697
-0.501635,9.33144,208.407,-0.498014,9.33144,208.401,-0.493931,        29P   1698
9.33144,208.39,-0.485873,9.33144,208.375,-0.475545,9.33144,           29P   1699
208.355,-0.461177,9.33144,208.327,-0.440571,9.33144,208.287,          29P   1700
-0.411865,9.33144,208.252,-0.386448,9.33144,208.232,-0.371845,        29P   1701
9.33144,208.226,-0.367423,9.33144,208.22,-0.363137,9.33144,           29P   1702
208.212,-0.357574,9.33144,208.204,-0.351975,9.33144,208.194,          29P   1703
-0.344022,9.33144,208.18,-0.333923,9.33144,208.161,-0.320174,         29P   1704
9.33144,208.135,-0.301059,9.33144,208.1,-0.275292,9.33144,            29P   1705
208.068,-0.251764,9.33144,208.046,-0.235675,9.33144,208.035,          29P   1706
-0.227503,9.33144,208.023,-0.218542,9.33144,208.012,-0.210447,        29P   1707
9.33144,207.998,-0.200172,9.33144,207.985,-0.190356,9.33144,          29P   1708
207.968,-0.177277,9.33144,207.944,-0.159625,9.33144,207.913,          29P   1709
-0.136356,9.33144,207.885,-0.114892,9.33144,207.861,-0.0967706,       29P   1710
9.33144,207.846,-0.0850402,9.33144,207.831,-0.0739598,9.33144,        29P   1711
207.822,-0.0672876,9.33144,207.815,-0.0615942,9.33144,207.805,        29P   1712
-0.0540675,9.33144,207.793,-0.0446773,9.33144,207.777,                29P   1713
-0.0323964,9.33144,207.755,-0.0162811,9.33144,207.728,                29P   1714
0.00466042,9.33144,207.703,0.024014,9.33144,207.676,0.0444828,        29P   1715
9.33144,207.657,0.0597315,9.33144,207.638,0.0745364,9.33144,          29P   1716
207.629,0.0813003,9.33144,207.622,0.0868512,9.33144,207.613,          29P   1717
0.0940211,9.33144,207.601,0.102892,9.33144,207.587,0.11427,           29P   1718
9.33144,207.568,0.128823,9.33144,207.544,0.147668,9.33144,            29P   1719
207.522,0.165068,9.33144,207.493,0.188311,9.33144,207.469,            29P   1720
0.207277,9.33144,207.446,0.226116,9.33144,207.438,0.232893,           29P   1721
9.33144,207.431,0.238266,9.33144,207.423,0.245009,9.33144,            29P   1722
207.412,0.253308,9.33144,207.4,0.263777,9.33144,207.383,              29P   1723
0.276889,9.33144,207.363,0.293856,9.33144,207.344,0.309447,           29P   1724
9.33144,207.312,0.336023,9.33144,207.284,0.359061,9.33144,            29P   1725
207.257,0.382269,9.33144,207.249,0.388904,9.33144,207.243,            29P   1726
0.393992,9.33144,207.236,0.400209,9.33144,207.227,0.407811,           29P   1727
9.33144,207.216,0.41729,9.33144,207.202,0.428883,9.33144,             29P   1728
207.185,0.443925,9.33144,207.169,0.457606,9.33144,207.134,            29P   1729
0.48784,9.33144,207.103,0.515156,9.33144,207.071,0.542913,            29P   1730
9.33144,207.064,0.549167,9.33144,207.059,0.553835,9.33144,            29P   1731
207.052,0.55941,9.33144,207.045,0.566181,9.33144,207.036,             29P   1732
0.57449,9.33144,207.018,0.589726,9.33144,207.002,0.604368,            29P   1733
9.33144,206.959,0.643557,9.33144,206.924,0.675497,9.33144,            29P   1734
206.888,0.708988,9.33144,206.88,0.715882,9.33144,206.873,             29P   1735
0.722769,9.33144,206.867,0.72858,9.33144,206.859,0.735595,            29P   1736
9.33144,206.85,0.743872,9.33144,206.838,0.754785,9.33144,             29P   1737
206.828,0.764522,9.33144,206.787,0.803258,9.33144,206.748,            29P   1738
0.840103,9.33144,206.709,0.877681,9.33144,206.704,0.882534,           29P   1739
9.33144,206.701,0.885973,9.33144,206.697,0.889886,9.33144,            29P   1740
206.692,0.89459,9.33144,206.686,0.900199,9.33144,206.679,             29P   1741
0.906682,9.33144,206.67,0.91533,9.33144,206.663,0.92292,9.33144,      29P   1742
206.618,0.966375,9.33144,206.576,1.0083,9.33144,206.533,1.05102,      29P   1743
9.33144,206.529,1.05477,9.33144,206.527,1.05739,9.33144,206.524,      29P   1744
1.06028,9.33144,206.52,1.06373,9.33144,206.516,1.06777,9.33144,       29P   1745
206.512,1.07239,9.33144,206.505,1.07862,9.33144,206.5,1.08403,        29P   1746
9.33144,206.462,1.12274,9.33144,206.425,1.16033,9.33144,206.388,      29P   1747
1.19856,9.33144,206.386,1.20118,9.33144,206.384,1.20295,9.33144,      29P   1748
206.382,1.20488,9.33144,206.38,1.20718,9.33144,206.377,1.20986,       29P   1749
9.33144,206.375,1.21289,9.33144,206.371,1.21702,9.33144,206.367,      29P   1750
1.22056,9.33144,206.336,1.25367,9.33144,206.305,1.28591,9.33144,      29P   1751
206.274,1.31877,9.33144,206.273,1.32061,9.33144,206.271,1.32229,      29P   1752
9.33144,206.27,1.32362,9.33144,206.268,1.32515,9.33144,206.267,       29P   1753
1.32683,9.33144,206.265,1.32916,9.33144,206.239,1.35657,9.33144,      29P   1754
206.214,1.38355,9.33144,206.19,1.41003,9.33144,206.188,1.41142,       29P   1755
9.33144,206.187,1.41277,9.33144,206.186,1.41413,9.33144,206.168,      29P   1756
1.43333,9.33144,206.151,1.4524,9.33144,206.134,1.47108,9.33144,       29P   1757
206.224,1.53814,10.0688,206.223,1.54009,10.0688,206.221,1.54206,      29P   1758
10.0688,206.218,1.54384,10.0688,206.216,1.54451,10.0688,206.215,      29P   1759
1.54519,10.0688,206.213,1.54585,10.0688,206.212,1.54638,10.0688,      29P   1760
206.21,1.54681,10.0688,206.208,1.54712,10.0688,206.206,1.54732,       29P   1761
10.0688,206.205,1.54737,10.0688,206.203,1.54726,10.0688,206.2,        29P   1762
1.54694,10.0688,206.198,1.54646,10.0688,206.196,1.54565,10.0688,      29P   1763
206.194,1.54501,10.0688,206.193,1.54423,10.0688,206.191,1.54362,      29P   1764
10.0688,206.19,1.54264,10.0688,206.188,1.54146,10.0688,206.187,       29P   1765
1.5397,10.0688,206.185,1.53814,10.0688,206.184,1.5364,10.0688,        29P   1766
206.183,1.5353,10.0688,206.183,1.53439,10.0688,206.182,1.53297,       29P   1767
10.0688,206.181,1.53137,10.0688,206.181,1.53026,10.0688,206.18,       29P   1768
1.52902,10.0688,206.18,1.52658,10.0688,206.179,1.52204,10.0688,       29P   1769
206.18,1.5181,10.0688,206.18,1.51418,10.0688,206.181,1.51186,         29P   1770
10.0688,206.182,1.50981,10.0688,206.183,1.50847,10.0688,206.185,      29P   1771
1.50642,10.0688,206.186,1.50432,10.0688,206.188,1.50095,10.0688,      29P   1772
206.189,1.49873,10.0688,206.191,1.49432,10.0688,206.193,1.49212,      29P   1773
10.0688,206.195,1.48802,10.0688,206.196,1.48613,10.0688,206.199,      29P   1774
1.48067,10.0688,206.202,1.47627,10.0688,206.205,1.4707,10.0688,       29P   1775
206.207,1.46682,10.0688,206.21,1.46199,10.0688,206.214,1.45469,       29P   1776
10.0688,206.218,1.44726,10.0688,206.223,1.43953,10.0688,206.227,      29P   1777
1.43318,10.0688,206.23,1.42657,10.0688,206.234,1.4198,10.0688,        29P   1778
206.247,1.39882,10.0688,206.258,1.37938,10.0688,206.269,1.36049,      29P   1779
10.0688,206.272,1.35639,10.0688,206.276,1.34969,10.0688,206.28,       29P   1780
1.34278,10.0688,206.284,1.33547,10.0688,206.288,1.3291,10.0688,       29P   1781
206.292,1.32234,10.0688,206.297,1.31484,10.0688,206.317,1.28119,      29P   1782
10.0688,206.336,1.24965,10.0688,206.355,1.21978,10.0688,206.357,      29P   1783
1.21684,10.0688,206.361,1.21119,10.0688,206.364,1.20497,10.0688,      29P   1784
206.369,1.19814,10.0688,206.373,1.19176,10.0688,206.377,1.18476,      29P   1785
10.0688,206.383,1.17623,10.0688,206.412,1.1311,10.0688,206.44,        29P   1786
1.08735,10.0688,206.467,1.04703,10.0688,206.469,1.04453,10.0688,      29P   1787
206.472,1.04069,10.0688,206.475,1.03553,10.0688,206.479,1.02926,      29P   1788
10.0688,206.484,1.02285,10.0688,206.489,1.01551,10.0688,206.495,      29P   1789
1.00564,10.0688,206.534,0.94966,10.0688,206.571,0.895947,             29P   1790
10.0688,206.607,0.846817,10.0688,206.608,0.844781,10.0688,            29P   1791
206.61,0.842595,10.0688,206.612,0.839409,10.0688,206.615,             29P   1792
0.835614,10.0688,206.619,0.830885,10.0688,206.623,0.824346,           29P   1793
10.0688,206.629,0.816508,10.0688,206.638,0.804928,10.0688,            29P   1794
206.678,0.749945,10.0688,206.718,0.697372,10.0688,206.755,            29P   1795
0.650569,10.0688,206.756,0.648951,10.0688,206.758,0.646322,           29P   1796
10.0688,206.76,0.643558,10.0688,206.763,0.640209,10.0688,             29P   1797
206.765,0.636896,10.0688,206.77,0.630644,10.0688,206.782,             29P   1798
0.615376,10.0688,206.828,0.558286,10.0688,206.872,0.503897,           29P   1799
10.0688,206.909,0.459555,10.0688,206.912,0.456596,10.0688,            29P   1800
206.914,0.453599,10.0688,206.917,0.450413,10.0688,206.92,             29P   1801
0.447164,10.0688,206.924,0.441608,10.0688,206.932,0.433046,           29P   1802
10.0688,206.945,0.417937,10.0688,206.989,0.365765,10.0688,            29P   1803
207.032,0.317005,10.0688,207.069,0.276205,10.0688,207.071,            29P   1804
0.274415,10.0688,207.072,0.27254,10.0688,207.075,0.269834,            29P   1805
10.0688,207.078,0.266378,10.0688,207.081,0.263195,10.0688,            29P   1806
207.086,0.257332,10.0688,207.093,0.249189,10.0688,207.109,            29P   1807
0.232255,10.0688,207.155,0.181803,10.0688,207.199,0.13527,            29P   1808
10.0688,207.235,0.0979107,10.0688,207.237,0.0957896,10.0688,          29P   1809
207.24,0.0929776,10.0688,207.244,0.0884518,10.0688,207.248,           29P   1810
0.0850347,10.0688,207.254,0.0788758,10.0688,207.262,0.0704792,        29P   1811
10.0688,207.28,0.0519522,10.0688,207.328,0.0033775,10.0688,           29P   1812
207.373,-0.0409736,10.0688,207.409,-0.0759631,10.0688,207.412,        29P   1813
-0.0789027,10.0688,207.417,-0.0833289,10.0688,207.421,                29P   1814
-0.0871426,10.0688,207.427,-0.0936296,10.0688,207.437,-0.102737,      29P   1815
10.0688,207.458,-0.122734,10.0688,207.507,-0.169146,10.0688,          29P   1816
207.552,-0.210742,10.0688,207.587,-0.241972,10.0688,207.589,          29P   1817
-0.243982,10.0688,207.592,-0.246328,10.0688,207.595,-0.249588,        29P   1818
10.0688,207.599,-0.253098,10.0688,207.607,-0.259901,10.0688,          29P   1819
207.618,-0.269686,10.0688,207.642,-0.291436,10.0688,207.692,          29P   1820
-0.335549,10.0688,207.737,-0.374379,10.0688,207.77,-0.401812,         29P   1821
10.0688,207.772,-0.403758,10.0688,207.775,-0.406138,10.0688,          29P   1822
207.779,-0.40949,10.0688,207.783,-0.412736,10.0688,207.791,           29P   1823
-0.419828,10.0688,207.804,-0.430316,10.0688,207.832,-0.454006,        29P   1824
10.0688,207.883,-0.495594,10.0688,207.927,-0.531479,10.0688,          29P   1825
207.958,-0.555236,10.0688,207.961,-0.558062,10.0688,207.967,          29P   1826
-0.56241,10.0688,207.971,-0.565895,10.0688,207.98,-0.573308,          29P   1827
10.0688,207.995,-0.584968,10.0688,208.028,-0.610402,10.0688,          29P   1828
208.079,-0.649493,10.0688,208.123,-0.682363,10.0688,208.15,           29P   1829
-0.702554,10.0688,208.154,-0.705523,10.0688,208.159,-0.709184,        29P   1830
10.0688,208.164,-0.712827,10.0688,208.174,-0.720608,10.0688,          29P   1831
208.193,-0.734104,10.0688,208.229,-0.760794,10.0688,208.28,           29P   1832
-0.797016,10.0688,208.322,-0.826601,10.0688,208.345,-0.842638,        29P   1833
10.0688,208.348,-0.844532,10.0688,208.352,-0.847473,10.0688,          29P   1834
208.359,-0.852026,10.0688,208.373,-0.861628,10.0688,208.396,          29P   1835
-0.877247,10.0688,208.436,-0.904974,10.0688,208.486,-0.938253,        29P   1836
10.0688,208.526,-0.964316,10.0688,208.545,-0.976442,10.0688,          29P   1837
208.548,-0.978637,10.0688,208.553,-0.981913,10.0688,208.561,          29P   1838
-0.987336,10.0688,208.577,-0.997628,10.0688,208.604,-1.01478,         29P   1839
10.0688,208.649,-1.04322,10.0688,208.685,-1.06609,10.0688,            29P   1840
208.709,-1.08078,10.0688,208.712,-1.08227,10.0688,208.715,            29P   1841
-1.08424,10.0688,208.719,-1.0867,10.0688,208.725,-1.0903,             29P   1842
10.0688,208.733,-1.09537,10.0688,208.751,-1.1064,10.0688,             29P   1843
208.782,-1.12516,10.0688,208.816,-1.14547,10.0688,208.839,            29P   1844
-1.15936,10.0688,208.848,-1.16425,10.0688,208.849,-1.16507,           29P   1845
10.0688,208.852,-1.1665,10.0688,208.856,-1.16891,10.0688,             29P   1846
208.862,-1.17278,10.0688,208.872,-1.17868,10.0688,208.881,            29P   1847
-1.18379,10.0688,208.898,-1.19385,10.0688,208.92,-1.20625,            29P   1848
10.0688,208.941,-1.21837,10.0688,208.951,-1.22446,10.0688,            29P   1849
208.954,-1.22608,10.0688,208.959,-1.22897,10.0688,208.966,            29P   1850
-1.23304,10.0688,208.978,-1.23946,10.0688,208.995,-1.24931,           29P   1851
10.0688,209.009,-1.25729,10.0688,209.019,-1.26255,10.0688,            29P   1852
209.019,-1.26287,10.0688,209.021,-1.26387,10.0688,209.022,            29P   1853
-1.26455,10.0688,209.025,-1.26593,10.0688,209.026,-1.26661,           29P   1854
10.0688,209.028,-1.26804,10.0688,209.03,-1.26906,10.0688,             29P   1855
209.033,-1.2707,10.0688,209.035,-1.27159,10.0688,209.036,             29P   1856
-1.27243,10.0688,209.039,-1.27363,10.0688,209.042,-1.27566,           29P   1857
10.0688,209.045,-1.27768,10.0688,209.046,-1.27905,10.0688,            29P   1858
209.048,-1.28031,10.0688,209.051,-1.28179,10.0688,209.056,            29P   1859
-1.28302,10.0688,209.06,-1.28343,10.0688,209.063,-1.28307,            29P   1860
10.0688,209.065,-1.28269,10.0688,209.066,-1.28248,10.0688,            29P   1861
209.067,-1.28222,10.0688,209.069,-1.28179,10.0688,209.07,             29P   1862
-1.28142,10.0688,209.071,-1.28069,10.0688,209.072,-1.28037,           29P   1863
10.0688,209.074,-1.27942,10.0688,209.075,-1.27874,10.0688,            29P   1864
209.078,-1.27651,10.0688,209.08,-1.27476,10.0688,209.083,             29P   1865
-1.27185,10.0688,209.084,-1.27034,10.0688,209.086,-1.26829,           29P   1866
10.0688,209.087,-1.26516,10.0688,209.09,-1.25854,10.0688,             29P   1867
209.091,-1.25182,10.0688,209.09,-1.24483,10.0688,209.089,             29P   1868
-1.24214,10.0688,209.086,-1.23549,10.0688,209.082,-1.232,             29P   1869
10.0688,209.074,-1.2279,10.0688,209.069,-1.22499,10.0688,             29P   1870
209.064,-1.22163,10.0688,209.061,-1.22016,10.0688,209.06,             29P   1871
-1.21938,10.0688,209.058,-1.21787,10.0688,209.055,-1.2151,            29P   1872
10.0688,209.051,-1.21172,10.0688,209.049,-1.20923,10.0688,            29P   1873
209.045,-1.20493,10.0688,209.041,-1.20038,10.0688,209.036,            29P   1874
-1.19583,10.0688,209.035,-1.19445,10.0688,209.03,-1.18891,            29P   1875
10.0688,209.023,-1.18199,10.0688,209.014,-1.17339,10.0688,            29P   1876
209.01,-1.16984,10.0688,209.007,-1.16697,10.0688,209.001,             29P   1877
-1.16186,10.0688,208.996,-1.1566,10.0688,208.99,-1.15223,             29P   1878
10.0688,208.986,-1.14837,10.0688,208.98,-1.14391,10.0688,             29P   1879
208.975,-1.13913,10.0688,208.972,-1.13675,10.0688,208.968,            29P   1880
-1.13356,10.0688,208.959,-1.1255,10.0688,208.95,-1.1181,10.0688,      29P   1881
208.942,-1.11106,10.0688,208.938,-1.10719,10.0688,208.933,            29P   1882
-1.10307,10.0688,208.924,-1.09534,10.0688,208.918,-1.08962,           29P   1883
10.0688,208.91,-1.08227,10.0688,208.906,-1.07912,10.0688,             29P   1884
208.892,-1.06658,10.0688,208.881,-1.05641,10.0688,208.867,            29P   1885
-1.04396,10.0688,208.863,-1.04049,10.0688,208.858,-1.03628,           29P   1886
10.0688,208.855,-1.03337,10.0688,208.85,-1.02931,10.0688,             29P   1887
208.846,-1.0257,10.0688,208.838,-1.01847,10.0688,208.831,             29P   1888
-1.01209,10.0688,208.819,-1.00203,10.0688,208.805,-0.989535,          29P   1889
10.0688,208.788,-0.974233,10.0688,208.768,-0.956567,10.0688,          29P   1890
208.75,-0.940535,10.0688,208.73,-0.923014,10.0688,208.716,            29P   1891
-0.910128,10.0688,208.707,-0.901756,10.0688,208.701,-0.896477,        29P   1892
10.0688,208.69,-0.887421,10.0688,208.677,-0.875468,10.0688,           29P   1893
208.665,-0.864972,10.0688,208.656,-0.856931,10.0688,208.648,          29P   1894
-0.849439,10.0688,208.623,-0.827353,10.0688,208.586,-0.794368,        29P   1895
10.0688,208.552,-0.764459,10.0688,208.533,-0.747485,10.0688,          29P   1896
208.528,-0.742695,10.0688,208.522,-0.737899,10.0688,208.512,          29P   1897
-0.728729,10.0688,208.499,-0.716832,10.0688,208.479,-0.698848,        29P   1898
10.0688,208.45,-0.67359,10.0688,208.41,-0.637877,10.0688,             29P   1899
208.377,-0.60806,10.0688,208.358,-0.591499,10.0688,208.355,           29P   1900
-0.588401,10.0688,208.351,-0.585534,10.0688,208.347,-0.581416,        29P   1901
10.0688,208.342,-0.576774,10.0688,208.331,-0.567614,10.0688,          29P   1902
208.318,-0.555878,10.0688,208.3,-0.53956,10.0688,208.274,             29P   1903
-0.516165,10.0688,208.237,-0.483593,10.0688,208.205,-0.454792,        29P   1904
10.0688,208.187,-0.438267,10.0688,208.181,-0.433264,10.0688,          29P   1905
208.176,-0.428416,10.0688,208.169,-0.422127,10.0688,208.162,          29P   1906
-0.415798,10.0688,208.152,-0.406813,10.0688,208.139,-0.395411,        29P   1907
10.0688,208.122,-0.379906,10.0688,208.098,-0.358375,10.0688,          29P   1908
208.066,-0.329417,10.0688,208.036,-0.303052,10.0688,208.016,          29P   1909
-0.285054,10.0688,208.006,-0.27592,10.0688,207.995,-0.265909,         29P   1910
10.0688,207.985,-0.256872,10.0688,207.972,-0.24541,10.0688,           29P   1911
207.96,-0.234468,10.0688,207.944,-0.219901,10.0688,207.922,           29P   1912
-0.200258,10.0688,207.894,-0.174402,10.0688,207.868,-0.150593,        29P   1913
10.0688,207.845,-0.130514,10.0688,207.831,-0.117527,10.0688,          29P   1914
207.818,-0.105269,10.0688,207.81,-0.0978905,10.0688,207.803,          29P   1915
-0.0915968,10.0688,207.793,-0.0832786,10.0688,207.782,                29P   1916
-0.0729061,10.0688,207.767,-0.0593491,10.0688,207.748,                29P   1917
-0.0415707,10.0688,207.722,-0.0184874,10.0688,207.699,                29P   1918
0.00281833,10.0688,207.674,0.0253309,10.0688,207.656,0.0420846,       29P   1919
10.0688,207.638,0.0583326,10.0688,207.63,0.0657519,10.0688,           29P   1920
207.623,0.0718387,10.0688,207.615,0.0796983,10.0688,207.604,          29P   1921
0.0894176,10.0688,207.591,0.101874,10.0688,207.573,0.117795,          29P   1922
10.0688,207.551,0.138387,10.0688,207.531,0.157372,10.0688,            29P   1923
207.503,0.182707,10.0688,207.481,0.203344,10.0688,207.459,            29P   1924
0.223808,10.0688,207.452,0.231166,10.0688,207.445,0.236996,           29P   1925
10.0688,207.438,0.244313,10.0688,207.428,0.253311,10.0688,            29P   1926
207.416,0.264654,10.0688,207.401,0.27885,10.0688,207.382,             29P   1927
0.297198,10.0688,207.364,0.314033,10.0688,207.334,0.342702,           29P   1928
10.0688,207.308,0.367503,10.0688,207.283,0.392439,10.0688,            29P   1929
207.275,0.399565,10.0688,207.27,0.405028,10.0688,207.263,             29P   1930
0.411701,10.0688,207.254,0.419858,10.0688,207.244,0.430022,           29P   1931
10.0688,207.231,0.442448,10.0688,207.215,0.45856,10.0688,207.2,       29P   1932
0.473202,10.0688,207.167,0.505539,10.0688,207.138,0.534699,           29P   1933
10.0688,207.108,0.564264,10.0688,207.102,0.570922,10.0688,            29P   1934
207.097,0.575891,10.0688,207.091,0.581823,10.0688,207.083,            29P   1935
0.589025,10.0688,207.075,0.597859,10.0688,207.059,0.614049,           29P   1936
10.0688,207.043,0.62959,10.0688,207.002,0.67114,10.0688,206.969,      29P   1937
0.704923,10.0688,206.935,0.740282,10.0688,206.928,0.747559,           29P   1938
10.0688,206.921,0.754826,10.0688,206.915,0.760955,10.0688,            29P   1939
206.908,0.768353,10.0688,206.9,0.777082,10.0688,206.889,              29P   1940
0.788585,10.0688,206.879,0.798844,10.0688,206.84,0.839649,            29P   1941
10.0688,206.804,0.878403,10.0688,206.767,0.917893,10.0688,            29P   1942
206.762,0.922992,10.0688,206.759,0.926605,10.0688,206.755,            29P   1943
0.930717,10.0688,206.75,0.93566,10.0688,206.745,0.941552,             29P   1944
10.0688,206.739,0.948362,10.0688,206.73,0.957446,10.0688,             29P   1945
206.723,0.965417,10.0688,206.681,1.01105,10.0688,206.641,             29P   1946
1.05506,10.0688,206.6,1.09984,10.0688,206.597,1.10378,10.0688,        29P   1947
206.594,1.10652,10.0688,206.592,1.10955,10.0688,206.589,1.11317,      29P   1948
10.0688,206.585,1.1174,10.0688,206.58,1.12224,10.0688,206.575,        29P   1949
1.12877,10.0688,206.57,1.13444,10.0688,206.533,1.17499,10.0688,       29P   1950
206.499,1.21433,10.0688,206.464,1.25427,10.0688,206.462,1.25701,      29P   1951
10.0688,206.46,1.25886,10.0688,206.458,1.26087,10.0688,206.456,       29P   1952
1.26327,10.0688,206.454,1.26608,10.0688,206.451,1.26923,10.0688,      29P   1953
206.447,1.27354,10.0688,206.444,1.27724,10.0688,206.414,1.3118,       29P   1954
10.0688,206.386,1.34541,10.0688,206.357,1.37965,10.0688,206.355,      29P   1955
1.38157,10.0688,206.353,1.38332,10.0688,206.352,1.38471,10.0688,      29P   1956
206.351,1.38631,10.0688,206.349,1.38806,10.0688,206.347,1.39048,      29P   1957
10.0688,206.324,1.41862,10.0688,206.3,1.4467,10.0688,206.277,         29P   1958
1.47424,10.0688,206.276,1.47569,10.0688,206.275,1.47709,10.0688,      29P   1959
206.274,1.47851,10.0688,206.257,1.49892,10.0688,206.24,1.51873,       29P   1960
10.0688,206.224,1.53814,10.0688,206.334,1.62409,10.9221,206.333,      29P   1961
1.62611,10.9221,206.331,1.62813,10.9221,206.328,1.62989,10.9221,      29P   1962
206.326,1.63055,10.9221,206.325,1.63119,10.9221,206.323,1.6318,       29P   1963
10.9221,206.322,1.63225,10.9221,206.32,1.63258,10.9221,206.318,       29P   1964
1.63277,10.9221,206.316,1.63281,10.9221,206.314,1.63271,10.9221,      29P   1965
206.313,1.63249,10.9221,206.31,1.63192,10.9221,206.308,1.63122,       29P   1966
10.9221,206.306,1.63008,10.9221,206.304,1.6292,10.9221,206.303,       29P   1967
1.62812,10.9221,206.302,1.6273,10.9221,206.301,1.62598,10.9221,       29P   1968
206.299,1.62453,10.9221,206.298,1.62244,10.9221,206.297,1.62063,      29P   1969
10.9221,206.296,1.61875,10.9221,206.296,1.61756,10.9221,206.295,      29P   1970
1.61657,10.9221,206.295,1.61501,10.9221,206.295,1.61324,10.9221,      29P   1971
206.294,1.61201,10.9221,206.294,1.61064,10.9221,206.294,1.60797,      29P   1972
10.9221,206.295,1.60337,10.9221,206.297,1.59996,10.9221,206.299,      29P   1973
1.59694,10.9221,206.301,1.595,10.9221,206.302,1.59291,10.9221,        29P   1974
206.303,1.59149,10.9221,206.304,1.58934,10.9221,206.305,1.58721,      29P   1975
10.9221,206.307,1.58388,10.9221,206.308,1.58169,10.9221,206.31,       29P   1976
1.57727,10.9221,206.312,1.57506,10.9221,206.314,1.57097,10.9221,      29P   1977
206.315,1.56908,10.9221,206.318,1.56363,10.9221,206.321,1.55923,      29P   1978
10.9221,206.324,1.55366,10.9221,206.326,1.54979,10.9221,206.329,      29P   1979
1.54496,10.9221,206.333,1.53766,10.9221,206.337,1.53022,10.9221,      29P   1980
206.341,1.52248,10.9221,206.345,1.51612,10.9221,206.349,1.50951,      29P   1981
10.9221,206.352,1.50273,10.9221,206.364,1.4817,10.9221,206.375,       29P   1982
1.46221,10.9221,206.386,1.44326,10.9221,206.389,1.43914,10.9221,      29P   1983
206.393,1.43242,10.9221,206.397,1.42549,10.9221,206.401,1.41815,      29P   1984
10.9221,206.405,1.41176,10.9221,206.409,1.40498,10.9221,206.413,      29P   1985
1.39745,10.9221,206.433,1.36369,10.9221,206.452,1.33201,10.9221,      29P   1986
206.47,1.30196,10.9221,206.471,1.299,10.9221,206.475,1.29331,         29P   1987
10.9221,206.479,1.28705,10.9221,206.483,1.28017,10.9221,206.487,      29P   1988
1.27374,10.9221,206.491,1.26669,10.9221,206.496,1.25809,10.9221,      29P   1989
206.524,1.21257,10.9221,206.551,1.16831,10.9221,206.577,1.12742,      29P   1990
10.9221,206.579,1.12489,10.9221,206.581,1.121,10.9221,206.584,        29P   1991
1.11577,10.9221,206.588,1.10941,10.9221,206.593,1.10291,10.9221,      29P   1992
206.597,1.09545,10.9221,206.604,1.08543,10.9221,206.64,1.02856,       29P   1993
10.9221,206.676,0.973822,10.9221,206.709,0.923596,10.9221,            29P   1994
206.711,0.921515,10.9221,206.712,0.91928,10.9221,206.714,             29P   1995
0.916022,10.9221,206.717,0.912141,10.9221,206.72,0.907304,            29P   1996
10.9221,206.725,0.900614,10.9221,206.73,0.892592,10.9221,             29P   1997
206.738,0.880735,10.9221,206.776,0.824406,10.9221,206.813,            29P   1998
0.770351,10.9221,206.847,0.722059,10.9221,206.849,0.72039,            29P   1999
10.9221,206.85,0.717677,10.9221,206.852,0.714824,10.9221,             29P   2000
206.855,0.711366,10.9221,206.857,0.707946,10.9221,206.862,            29P   2001
0.701489,10.9221,206.873,0.685716,10.9221,206.915,0.626675,           29P   2002
10.9221,206.957,0.570184,10.9221,206.991,0.523948,10.9221,            29P   2003
206.993,0.520863,10.9221,206.996,0.517736,10.9221,206.998,            29P   2004
0.514412,10.9221,207.001,0.511022,10.9221,207.005,0.505224,           29P   2005
10.9221,207.012,0.496284,10.9221,207.023,0.480498,10.9221,            29P   2006
207.065,0.42593,10.9221,207.104,0.3747,10.9221,207.138,0.331673,      29P   2007
10.9221,207.139,0.329785,10.9221,207.141,0.327808,10.9221,            29P   2008
207.143,0.324952,10.9221,207.146,0.321306,10.9221,207.149,            29P   2009
0.317947,10.9221,207.154,0.311758,10.9221,207.16,0.303158,            29P   2010
10.9221,207.174,0.285262,10.9221,207.217,0.231878,10.9221,            29P   2011
207.257,0.182411,10.9221,207.29,0.142532,10.9221,207.292,             29P   2012
0.140273,10.9221,207.294,0.13727,10.9221,207.298,0.132437,            29P   2013
10.9221,207.301,0.128783,10.9221,207.307,0.122198,10.9221,            29P   2014
207.314,0.113221,10.9221,207.331,0.0933931,10.9221,207.374,           29P   2015
0.0413841,10.9221,207.415,-0.00642021,10.9221,207.448,                29P   2016
-0.0443149,10.9221,207.451,-0.0474988,10.9221,207.455,                29P   2017
-0.0523607,10.9221,207.458,-0.0564914,10.9221,207.465,                29P   2018
-0.0635225,10.9221,207.473,-0.0734039,10.9221,207.492,                29P   2019
-0.0951265,10.9221,207.537,-0.145603,10.9221,207.578,-0.191136,       29P   2020
10.9221,207.609,-0.225447,10.9221,207.611,-0.227656,10.9221,          29P   2021
207.613,-0.230253,10.9221,207.616,-0.233869,10.9221,207.62,           29P   2022
-0.23773,10.9221,207.627,-0.245213,10.9221,207.637,-0.255982,         29P   2023
10.9221,207.659,-0.27995,10.9221,207.704,-0.328626,10.9221,           29P   2024
207.744,-0.371787,10.9221,207.774,-0.402442,10.9221,207.776,          29P   2025
-0.404618,10.9221,207.778,-0.407299,10.9221,207.782,-0.411084,        29P   2026
10.9221,207.785,-0.414717,10.9221,207.793,-0.422658,10.9221,          29P   2027
207.804,-0.434412,10.9221,207.83,-0.461018,10.9221,207.875,           29P   2028
-0.507894,10.9221,207.915,-0.548595,10.9221,207.942,-0.575634,        29P   2029
10.9221,207.945,-0.57885,10.9221,207.95,-0.583801,10.9221,            29P   2030
207.954,-0.587769,10.9221,207.963,-0.596211,10.9221,207.976,          29P   2031
-0.609508,10.9221,208.005,-0.638566,10.9221,208.051,-0.6834,          29P   2032
10.9221,208.09,-0.721364,10.9221,208.115,-0.744801,10.9221,           29P   2033
208.118,-0.748239,10.9221,208.123,-0.752495,10.9221,208.127,          29P   2034
-0.756734,10.9221,208.136,-0.765796,10.9221,208.153,-0.781535,        29P   2035
10.9221,208.186,-0.812765,10.9221,208.231,-0.855403,10.9221,          29P   2036
208.268,-0.890482,10.9221,208.289,-0.909566,10.9221,208.291,          29P   2037
-0.911818,10.9221,208.295,-0.915314,10.9221,208.301,-0.920739,        29P   2038
10.9221,208.313,-0.932189,10.9221,208.333,-0.950851,10.9221,          29P   2039
208.37,-0.984093,10.9221,208.414,-1.02424,10.9221,208.449,            29P   2040
-1.05594,10.9221,208.466,-1.07075,10.9221,208.469,-1.07343,           29P   2041
10.9221,208.473,-1.07743,10.9221,208.48,-1.08407,10.9221,             29P   2042
208.495,-1.09668,10.9221,208.518,-1.11777,10.9221,208.558,            29P   2043
-1.15292,10.9221,208.59,-1.18141,10.9221,208.611,-1.19981,            29P   2044
10.9221,208.613,-1.20167,10.9221,208.616,-1.20414,10.9221,            29P   2045
208.62,-1.20722,10.9221,208.625,-1.21174,10.9221,208.632,             29P   2046
-1.2181,10.9221,208.648,-1.23198,10.9221,208.675,-1.25565,            29P   2047
10.9221,208.705,-1.28144,10.9221,208.726,-1.29917,10.9221,            29P   2048
208.733,-1.30544,10.9221,208.735,-1.30648,10.9221,208.737,            29P   2049
-1.30831,10.9221,208.74,-1.3114,10.9221,208.746,-1.31636,             29P   2050
10.9221,208.755,-1.32393,10.9221,208.763,-1.3305,10.9221,             29P   2051
208.778,-1.34345,10.9221,208.797,-1.35942,10.9221,208.815,            29P   2052
-1.37512,10.9221,208.825,-1.38304,10.9221,208.827,-1.38514,           29P   2053
10.9221,208.832,-1.3889,10.9221,208.838,-1.39419,10.9221,             29P   2054
208.848,-1.40256,10.9221,208.863,-1.41541,10.9221,208.875,            29P   2055
-1.42589,10.9221,208.884,-1.4328,10.9221,208.884,-1.43322,            29P   2056
10.9221,208.886,-1.43455,10.9221,208.887,-1.43544,10.9221,            29P   2057
208.889,-1.43719,10.9221,208.89,-1.43808,10.9221,208.892,             29P   2058
-1.44001,10.9221,208.894,-1.44144,10.9221,208.896,-1.44383,           29P   2059
10.9221,208.898,-1.44519,10.9221,208.899,-1.44654,10.9221,            29P   2060
208.901,-1.44831,10.9221,208.904,-1.4502,10.9221,208.908,             29P   2061
-1.45074,10.9221,208.911,-1.45078,10.9221,208.913,-1.45072,           29P   2062
10.9221,208.917,-1.45017,10.9221,208.921,-1.44876,10.9221,            29P   2063
208.925,-1.44668,10.9221,208.928,-1.44473,10.9221,208.929,            29P   2064
-1.44351,10.9221,208.93,-1.44286,10.9221,208.931,-1.44217,            29P   2065
10.9221,208.932,-1.44107,10.9221,208.932,-1.44022,10.9221,            29P   2066
208.933,-1.43872,10.9221,208.934,-1.43808,10.9221,208.935,            29P   2067
-1.43631,10.9221,208.935,-1.43514,10.9221,208.937,-1.4315,            29P   2068
10.9221,208.937,-1.42886,10.9221,208.937,-1.42481,10.9221,            29P   2069
208.937,-1.42284,10.9221,208.937,-1.42038,10.9221,208.936,            29P   2070
-1.41684,10.9221,208.933,-1.41081,10.9221,208.928,-1.40665,           29P   2071
10.9221,208.922,-1.40346,10.9221,208.92,-1.40177,10.9221,             29P   2072
208.914,-1.39737,10.9221,208.912,-1.39442,10.9221,208.907,            29P   2073
-1.38723,10.9221,208.904,-1.38218,10.9221,208.9,-1.37691,             29P   2074
10.9221,208.898,-1.37472,10.9221,208.897,-1.37358,10.9221,            29P   2075
208.895,-1.37142,10.9221,208.892,-1.36768,10.9221,208.889,            29P   2076
-1.36367,10.9221,208.886,-1.36106,10.9221,208.882,-1.35671,           29P   2077
10.9221,208.878,-1.35215,10.9221,208.873,-1.3476,10.9221,             29P   2078
208.872,-1.34621,10.9221,208.867,-1.34067,10.9221,208.86,             29P   2079
-1.3337,10.9221,208.852,-1.32481,10.9221,208.849,-1.32109,            29P   2080
10.9221,208.846,-1.31802,10.9221,208.841,-1.31253,10.9221,            29P   2081
208.836,-1.30665,10.9221,208.832,-1.30145,10.9221,208.828,            29P   2082
-1.29683,10.9221,208.823,-1.29151,10.9221,208.819,-1.28583,           29P   2083
10.9221,208.816,-1.283,10.9221,208.813,-1.27922,10.9221,208.805,      29P   2084
-1.2697,10.9221,208.797,-1.26105,10.9221,208.79,-1.25286,             29P   2085
10.9221,208.786,-1.24839,10.9221,208.782,-1.24364,10.9221,            29P   2086
208.774,-1.23476,10.9221,208.769,-1.22827,10.9221,208.761,            29P   2087
-1.22005,10.9221,208.758,-1.21653,10.9221,208.746,-1.20248,           29P   2088
10.9221,208.736,-1.19105,10.9221,208.724,-1.17702,10.9221,            29P   2089
208.72,-1.17311,10.9221,208.716,-1.16836,10.9221,208.713,             29P   2090
-1.16508,10.9221,208.709,-1.16051,10.9221,208.705,-1.15642,           29P   2091
10.9221,208.698,-1.14828,10.9221,208.692,-1.14108,10.9221,            29P   2092
208.682,-1.12975,10.9221,208.669,-1.11567,10.9221,208.654,            29P   2093
-1.09844,10.9221,208.637,-1.07856,10.9221,208.621,-1.06052,           29P   2094
10.9221,208.603,-1.04083,10.9221,208.59,-1.02635,10.9221,             29P   2095
208.582,-1.01695,10.9221,208.577,-1.01103,10.9221,208.568,            29P   2096
-1.00087,10.9221,208.556,-0.987462,10.9221,208.545,-0.975698,         29P   2097
10.9221,208.537,-0.96669,10.9221,208.53,-0.958298,10.9221,            29P   2098
208.508,-0.933574,10.9221,208.475,-0.896694,10.9221,208.445,          29P   2099
-0.863302,10.9221,208.428,-0.84436,10.9221,208.423,-0.839016,         29P   2100
10.9221,208.418,-0.833665,10.9221,208.409,-0.823436,10.9221,          29P   2101
208.397,-0.810167,10.9221,208.379,-0.790114,10.9221,208.354,          29P   2102
-0.761957,10.9221,208.318,-0.722165,10.9221,208.289,-0.688969,        29P   2103
10.9221,208.272,-0.670544,10.9221,208.269,-0.667098,10.9221,          29P   2104
208.266,-0.663908,10.9221,208.262,-0.659328,10.9221,208.257,          29P   2105
-0.654165,10.9221,208.248,-0.643979,10.9221,208.236,-0.630933,        29P   2106
10.9221,208.22,-0.612801,10.9221,208.197,-0.586822,10.9221,           29P   2107
208.164,-0.550687,10.9221,208.135,-0.518779,10.9221,208.119,          29P   2108
-0.500484,10.9221,208.114,-0.494947,10.9221,208.109,-0.489581,        29P   2109
10.9221,208.103,-0.482622,10.9221,208.096,-0.47562,10.9221,           29P   2110
208.088,-0.465681,10.9221,208.076,-0.453073,10.9221,208.061,          29P   2111
-0.435933,10.9221,208.039,-0.412141,10.9221,208.01,-0.380157,         29P   2112
10.9221,207.984,-0.35105,10.9221,207.966,-0.331187,10.9221,           29P   2113
207.957,-0.321106,10.9221,207.947,-0.31006,10.9221,207.938,           29P   2114
-0.300089,10.9221,207.926,-0.287442,10.9221,207.915,-0.275371,        29P   2115
10.9221,207.901,-0.259301,10.9221,207.881,-0.237636,10.9221,          29P   2116
207.856,-0.209127,10.9221,207.832,-0.182889,10.9221,207.812,          29P   2117
-0.16077,10.9221,207.799,-0.146469,10.9221,207.787,-0.132974,         29P   2118
10.9221,207.78,-0.124853,10.9221,207.774,-0.117927,10.9221,           29P   2119
207.765,-0.108774,10.9221,207.755,-0.0973644,10.9221,207.742,         29P   2120
-0.0824567,10.9221,207.724,-0.0629122,10.9221,207.701,                29P   2121
-0.0375479,10.9221,207.68,-0.0141502,10.9221,207.658,0.0105634,       29P   2122
10.9221,207.641,0.0289474,10.9221,207.625,0.0467691,10.9221,          29P   2123
207.618,0.0549057,10.9221,207.612,0.06158,10.9221,207.604,            29P   2124
0.0701975,10.9221,207.595,0.0808519,10.9221,207.582,0.0945034,        29P   2125
10.9221,207.567,0.111948,10.9221,207.547,0.1345,10.9221,207.528,      29P   2126
0.155275,10.9221,207.504,0.182982,10.9221,207.484,0.205529,           29P   2127
10.9221,207.464,0.227855,10.9221,207.457,0.235878,10.9221,            29P   2128
207.451,0.242234,10.9221,207.444,0.250207,10.9221,207.436,            29P   2129
0.260008,10.9221,207.425,0.272355,10.9221,207.411,0.287797,           29P   2130
10.9221,207.394,0.307735,10.9221,207.378,0.326008,10.9221,            29P   2131
207.35,0.357101,10.9221,207.327,0.383959,10.9221,207.304,             29P   2132
0.410931,10.9221,207.297,0.418637,10.9221,207.292,0.424542,           29P   2133
10.9221,207.286,0.431756,10.9221,207.278,0.440571,10.9221,            29P   2134
207.269,0.451554,10.9221,207.257,0.464976,10.9221,207.242,            29P   2135
0.482375,10.9221,207.229,0.498177,10.9221,207.199,0.533062,           29P   2136
10.9221,207.172,0.564481,10.9221,207.145,0.596284,10.9221,            29P   2137
207.139,0.603444,10.9221,207.135,0.608785,10.9221,207.129,            29P   2138
0.615162,10.9221,207.123,0.622901,10.9221,207.115,0.63239,            29P   2139
10.9221,207.1,0.649774,10.9221,207.086,0.666446,10.9221,207.049,      29P   2140
0.710983,10.9221,207.019,0.747121,10.9221,206.988,0.784863,           29P   2141
10.9221,206.981,0.792627,10.9221,206.975,0.800378,10.9221,            29P   2142
206.97,0.806914,10.9221,206.963,0.814801,10.9221,206.956,             29P   2143
0.824103,10.9221,206.946,0.836356,10.9221,206.937,0.847279,           29P   2144
10.9221,206.901,0.890706,10.9221,206.868,0.931862,10.9221,            29P   2145
206.834,0.973734,10.9221,206.83,0.97914,10.9221,206.827,0.98297,      29P   2146
10.9221,206.823,0.987328,10.9221,206.819,0.992566,10.9221,            29P   2147
206.814,0.99881,10.9221,206.808,1.00603,10.9221,206.8,1.01565,        29P   2148
10.9221,206.794,1.02409,10.9221,206.755,1.0724,10.9221,206.718,       29P   2149
1.1189,10.9221,206.681,1.16606,10.9221,206.678,1.1702,10.9221,        29P   2150
206.676,1.17308,10.9221,206.673,1.17628,10.9221,206.671,1.18009,      29P   2151
10.9221,206.667,1.18454,10.9221,206.663,1.18963,10.9221,206.658,      29P   2152
1.19649,10.9221,206.653,1.20245,10.9221,206.62,1.24507,10.9221,       29P   2153
206.588,1.28629,10.9221,206.556,1.3281,10.9221,206.554,1.33097,       29P   2154
10.9221,206.552,1.3329,10.9221,206.551,1.33501,10.9221,206.549,       29P   2155
1.33752,10.9221,206.546,1.34046,10.9221,206.544,1.34376,10.9221,      29P   2156
206.541,1.34827,10.9221,206.538,1.35214,10.9221,206.51,1.38831,       29P   2157
10.9221,206.483,1.42344,10.9221,206.457,1.45917,10.9221,206.455,      29P   2158
1.46117,10.9221,206.454,1.463,10.9221,206.453,1.46443,10.9221,        29P   2159
206.451,1.4661,10.9221,206.45,1.46792,10.9221,206.448,1.47045,        29P   2160
10.9221,206.426,1.50027,10.9221,206.404,1.52954,10.9221,206.383,      29P   2161
1.55819,10.9221,206.382,1.55969,10.9221,206.381,1.56116,10.9221,      29P   2162
206.379,1.56264,10.9221,206.364,1.58336,10.9221,206.349,1.60395,      29P   2163
10.9221,206.334,1.62409,10.9221,206.429,1.70117,11.7228,206.428,      29P   2164
1.70326,11.7228,206.425,1.70537,11.7228,206.423,1.70715,11.7228,      29P   2165
206.421,1.7078,11.7228,206.42,1.70843,11.7228,206.418,1.70899,        29P   2166
11.7228,206.417,1.70937,11.7228,206.415,1.7096,11.7228,206.413,       29P   2167
1.70968,11.7228,206.411,1.70956,11.7228,206.409,1.70917,11.7228,      29P   2168
206.407,1.70844,11.7228,206.404,1.70736,11.7228,206.403,1.70633,      29P   2169
11.7228,206.401,1.70489,11.7228,206.4,1.70386,11.7228,206.399,        29P   2170
1.70278,11.7228,206.398,1.70198,11.7228,206.397,1.70074,11.7228,      29P   2171
206.396,1.69914,11.7228,206.395,1.69676,11.7228,206.395,1.6946,       29P   2172
11.7228,206.394,1.69207,11.7228,206.394,1.69054,11.7228,206.394,      29P   2173
1.68931,11.7228,206.395,1.68765,11.7228,206.395,1.68595,11.7228,      29P   2174
206.396,1.68491,11.7228,206.396,1.68383,11.7228,206.398,1.68174,      29P   2175
11.7228,206.4,1.67803,11.7228,206.402,1.67478,11.7228,206.403,        29P   2176
1.67141,11.7228,206.404,1.66933,11.7228,206.406,1.66727,11.7228,      29P   2177
206.406,1.66587,11.7228,206.407,1.66376,11.7228,206.409,1.66164,      29P   2178
11.7228,206.41,1.65829,11.7228,206.412,1.65609,11.7228,206.414,       29P   2179
1.65167,11.7228,206.415,1.64946,11.7228,206.417,1.64535,11.7228,      29P   2180
206.418,1.64347,11.7228,206.421,1.638,11.7228,206.424,1.63359,        29P   2181
11.7228,206.427,1.62801,11.7228,206.429,1.62412,11.7228,206.432,      29P   2182
1.61928,11.7228,206.436,1.61196,11.7228,206.44,1.60449,11.7228,       29P   2183
206.444,1.59673,11.7228,206.447,1.59035,11.7228,206.451,1.58371,      29P   2184
11.7228,206.455,1.5769,11.7228,206.466,1.5558,11.7228,206.477,        29P   2185
1.53621,11.7228,206.488,1.51715,11.7228,206.49,1.513,11.7228,         29P   2186
206.494,1.50624,11.7228,206.498,1.49927,11.7228,206.502,1.49188,      29P   2187
11.7228,206.505,1.48545,11.7228,206.509,1.47861,11.7228,206.513,      29P   2188
1.47103,11.7228,206.532,1.43698,11.7228,206.55,1.40502,11.7228,       29P   2189
206.568,1.37467,11.7228,206.569,1.37169,11.7228,206.572,1.36597,      29P   2190
11.7228,206.576,1.35964,11.7228,206.58,1.3527,11.7228,206.584,        29P   2191
1.3462,11.7228,206.588,1.33908,11.7228,206.593,1.33039,11.7228,       29P   2192
206.619,1.28444,11.7228,206.645,1.23967,11.7228,206.67,1.19825,       29P   2193
11.7228,206.671,1.19567,11.7228,206.674,1.1917,11.7228,206.677,       29P   2194
1.1864,11.7228,206.681,1.17995,11.7228,206.685,1.17336,11.7228,       29P   2195
206.689,1.1658,11.7228,206.695,1.15564,11.7228,206.73,1.09793,        29P   2196
11.7228,206.763,1.04226,11.7228,206.795,0.991054,11.7228,             29P   2197
206.796,0.988932,11.7228,206.797,0.986654,11.7228,206.799,            29P   2198
0.983332,11.7228,206.802,0.979374,11.7228,206.805,0.97444,            29P   2199
11.7228,206.809,0.967616,11.7228,206.814,0.959431,11.7228,            29P   2200
206.822,0.94733,11.7228,206.857,0.889818,11.7228,206.892,             29P   2201
0.834484,11.7228,206.924,0.784913,11.7228,206.925,0.783199,           29P   2202
11.7228,206.927,0.780413,11.7228,206.929,0.777484,11.7228,            29P   2203
206.931,0.773934,11.7228,206.933,0.770421,11.7228,206.937,            29P   2204
0.763789,11.7228,206.948,0.747583,11.7228,206.987,0.68687,            29P   2205
11.7228,207.025,0.628598,11.7228,207.057,0.580791,11.7228,            29P   2206
207.059,0.577601,11.7228,207.061,0.574367,11.7228,207.063,            29P   2207
0.570929,11.7228,207.066,0.567422,11.7228,207.07,0.561424,            29P   2208
11.7228,207.076,0.552173,11.7228,207.087,0.535832,11.7228,            29P   2209
207.125,0.479305,11.7228,207.161,0.426082,11.7228,207.192,            29P   2210
0.381247,11.7228,207.193,0.37928,11.7228,207.195,0.37722,             29P   2211
11.7228,207.197,0.374244,11.7228,207.199,0.370442,11.7228,            29P   2212
207.202,0.36694,11.7228,207.206,0.360486,11.7228,207.212,             29P   2213
0.351516,11.7228,207.225,0.332837,11.7228,207.264,0.277064,           29P   2214
11.7228,207.301,0.225196,11.7228,207.33,0.183257,11.7228,             29P   2215
207.332,0.180853,11.7228,207.334,0.177695,11.7228,207.338,            29P   2216
0.172609,11.7228,207.341,0.168778,11.7228,207.346,0.161861,           29P   2217
11.7228,207.352,0.152409,11.7228,207.367,0.131518,11.7228,            29P   2218
207.407,0.0763069,11.7228,207.444,0.0256902,11.7228,207.473,          29P   2219
-0.014511,11.7228,207.476,-0.0178922,11.7228,207.479,-0.0227059,      29P   2220
11.7228,207.482,-0.027111,11.7228,207.488,-0.0345994,11.7228,         29P   2221
207.496,-0.0451039,11.7228,207.513,-0.0682127,11.7228,207.553,        29P   2222
-0.122251,11.7228,207.589,-0.170927,11.7228,207.617,-0.207694,        29P   2223
11.7228,207.619,-0.21006,11.7228,207.621,-0.212748,11.7228,           29P   2224
207.624,-0.216451,11.7228,207.627,-0.22059,11.7228,207.633,           29P   2225
-0.228616,11.7228,207.642,-0.24017,11.7228,207.662,-0.265904,         29P   2226
11.7228,207.702,-0.318539,11.7228,207.739,-0.365083,11.7228,          29P   2227
207.765,-0.398197,11.7228,207.766,-0.400548,11.7228,207.769,          29P   2228
-0.403341,11.7228,207.772,-0.407236,11.7228,207.775,-0.411162,        29P   2229
11.7228,207.782,-0.419746,11.7228,207.792,-0.432456,11.7228,          29P   2230
207.814,-0.461248,11.7228,207.855,-0.512061,11.7228,207.891,          29P   2231
-0.556348,11.7228,207.914,-0.585835,11.7228,207.917,-0.589346,        29P   2232
11.7228,207.922,-0.594754,11.7228,207.925,-0.5991,11.7228,            29P   2233
207.933,-0.608347,11.7228,207.944,-0.622892,11.7228,207.97,           29P   2234
-0.654726,11.7228,208.011,-0.703906,11.7228,208.045,-0.745716,        29P   2235
11.7228,208.067,-0.771583,11.7228,208.07,-0.775424,11.7228,           29P   2236
208.074,-0.780116,11.7228,208.078,-0.784781,11.7228,208.086,          29P   2237
-0.794749,11.7228,208.1,-0.812112,11.7228,208.129,-0.846593,          29P   2238
11.7228,208.169,-0.893699,11.7228,208.202,-0.932626,11.7228,          29P   2239
208.22,-0.953852,11.7228,208.222,-0.956375,11.7228,208.225,           29P   2240
-0.960292,11.7228,208.231,-0.96633,11.7228,208.242,-0.979082,         29P   2241
11.7228,208.259,-0.999894,11.7228,208.291,-1.03702,11.7228,           29P   2242
208.33,-1.08198,11.7228,208.361,-1.11756,11.7228,208.375,             29P   2243
-1.13419,11.7228,208.378,-1.1372,11.7228,208.381,-1.1417,             29P   2244
11.7228,208.388,-1.14915,11.7228,208.4,-1.16332,11.7228,208.421,      29P   2245
-1.18702,11.7228,208.456,-1.22659,11.7228,208.484,-1.25874,           29P   2246
11.7228,208.502,-1.27955,11.7228,208.504,-1.28164,11.7228,            29P   2247
208.506,-1.28444,11.7228,208.51,-1.28792,11.7228,208.514,             29P   2248
-1.29305,11.7228,208.52,-1.30026,11.7228,208.534,-1.31599,            29P   2249
11.7228,208.558,-1.34284,11.7228,208.584,-1.37217,11.7228,            29P   2250
208.602,-1.39234,11.7228,208.608,-1.39947,11.7228,208.609,            29P   2251
-1.40066,11.7228,208.611,-1.40274,11.7228,208.614,-1.40626,           29P   2252
11.7228,208.619,-1.4119,11.7228,208.627,-1.42052,11.7228,             29P   2253
208.634,-1.428,11.7228,208.647,-1.44277,11.7228,208.663,              29P   2254
-1.46098,11.7228,208.679,-1.4789,11.7228,208.687,-1.48796,            29P   2255
11.7228,208.689,-1.49036,11.7228,208.693,-1.49466,11.7228,            29P   2256
208.699,-1.50072,11.7228,208.707,-1.5103,11.7228,208.72,              29P   2257
-1.52502,11.7228,208.731,-1.53703,11.7228,208.738,-1.54497,           29P   2258
11.7228,208.739,-1.54545,11.7228,208.74,-1.54691,11.7228,             29P   2259
208.741,-1.54799,11.7228,208.742,-1.5503,11.7228,208.743,             29P   2260
-1.55133,11.7228,208.745,-1.55327,11.7228,208.747,-1.55447,           29P   2261
11.7228,208.75,-1.55597,11.7228,208.752,-1.55653,11.7228,             29P   2262
208.754,-1.55683,11.7228,208.757,-1.55719,11.7228,208.761,            29P   2263
-1.55702,11.7228,208.764,-1.5562,11.7228,208.766,-1.55553,            29P   2264
11.7228,208.768,-1.55474,11.7228,208.771,-1.55304,11.7228,            29P   2265
208.775,-1.55015,11.7228,208.777,-1.54656,11.7228,208.779,            29P   2266
-1.54345,11.7228,208.78,-1.54149,11.7228,208.78,-1.54062,             29P   2267
11.7228,208.78,-1.53977,11.7228,208.781,-1.53839,11.7228,             29P   2268
208.781,-1.53736,11.7228,208.781,-1.53555,11.7228,208.781,            29P   2269
-1.5348,11.7228,208.781,-1.53273,11.7228,208.781,-1.53141,            29P   2270
11.7228,208.78,-1.52745,11.7228,208.779,-1.5251,11.7228,208.776,      29P   2271
-1.52242,11.7228,208.775,-1.52111,11.7228,208.774,-1.51944,           29P   2272
11.7228,208.772,-1.51698,11.7228,208.768,-1.51213,11.7228,            29P   2273
208.765,-1.50743,11.7228,208.761,-1.50227,11.7228,208.76,             29P   2274
-1.50019,11.7228,208.756,-1.49457,11.7228,208.754,-1.49105,           29P   2275
11.7228,208.748,-1.48433,11.7228,208.745,-1.4796,11.7228,             29P   2276
208.741,-1.47453,11.7228,208.74,-1.47239,11.7228,208.739,             29P   2277
-1.47128,11.7228,208.737,-1.46914,11.7228,208.734,-1.46537,           29P   2278
11.7228,208.731,-1.46117,11.7228,208.729,-1.45831,11.7228,            29P   2279
208.726,-1.45347,11.7228,208.722,-1.4484,11.7228,208.719,             29P   2280
-1.44332,11.7228,208.718,-1.44178,11.7228,208.713,-1.4356,            29P   2281
11.7228,208.708,-1.42784,11.7228,208.701,-1.41806,11.7228,            29P   2282
208.698,-1.41398,11.7228,208.695,-1.41064,11.7228,208.691,            29P   2283
-1.40468,11.7228,208.686,-1.39838,11.7228,208.682,-1.39293,           29P   2284
11.7228,208.679,-1.38809,11.7228,208.675,-1.38253,11.7228,            29P   2285
208.671,-1.37657,11.7228,208.668,-1.37361,11.7228,208.666,            29P   2286
-1.36965,11.7228,208.658,-1.35965,11.7228,208.652,-1.35053,           29P   2287
11.7228,208.645,-1.34188,11.7228,208.642,-1.33715,11.7228,            29P   2288
208.638,-1.33212,11.7228,208.631,-1.3227,11.7228,208.626,             29P   2289
-1.31578,11.7228,208.62,-1.30698,11.7228,208.617,-1.30321,            29P   2290
11.7228,208.606,-1.28817,11.7228,208.597,-1.27595,11.7228,            29P   2291
208.586,-1.26089,11.7228,208.583,-1.2567,11.7228,208.579,             29P   2292
-1.25163,11.7228,208.577,-1.24814,11.7228,208.573,-1.24325,           29P   2293
11.7228,208.57,-1.23896,11.7228,208.564,-1.23027,11.7228,             29P   2294
208.558,-1.22258,11.7228,208.549,-1.21048,11.7228,208.538,            29P   2295
-1.19545,11.7228,208.525,-1.17705,11.7228,208.509,-1.15582,           29P   2296
11.7228,208.495,-1.13656,11.7228,208.479,-1.11553,11.7228,            29P   2297
208.468,-1.10006,11.7228,208.46,-1.09002,11.7228,208.456,             29P   2298
-1.08368,11.7228,208.448,-1.07282,11.7228,208.437,-1.05849,           29P   2299
11.7228,208.428,-1.04591,11.7228,208.421,-1.03627,11.7228,            29P   2300
208.414,-1.0273,11.7228,208.394,-1.00084,11.7228,208.365,             29P   2301
-0.961359,11.7228,208.339,-0.925603,11.7228,208.323,-0.905321,        29P   2302
11.7228,208.319,-0.899599,11.7228,208.315,-0.89387,11.7228,           29P   2303
208.307,-0.882917,11.7228,208.296,-0.868711,11.7228,208.28,           29P   2304
-0.847247,11.7228,208.258,-0.817113,11.7228,208.226,-0.774539,        29P   2305
11.7228,208.199,-0.739032,11.7228,208.184,-0.719325,11.7228,          29P   2306
208.182,-0.715638,11.7228,208.179,-0.712227,11.7228,208.175,          29P   2307
-0.707328,11.7228,208.171,-0.701806,11.7228,208.163,-0.690912,        29P   2308
11.7228,208.153,-0.676959,11.7228,208.138,-0.657565,11.7228,          29P   2309
208.117,-0.629777,11.7228,208.088,-0.591122,11.7228,208.062,          29P   2310
-0.556978,11.7228,208.048,-0.537398,11.7228,208.043,-0.531471,        29P   2311
11.7228,208.039,-0.525728,11.7228,208.033,-0.518278,11.7228,          29P   2312
208.028,-0.510782,11.7228,208.02,-0.500142,11.7228,208.009,           29P   2313
-0.486642,11.7228,207.995,-0.468289,11.7228,207.976,-0.442809,        29P   2314
11.7228,207.95,-0.408558,11.7228,207.927,-0.377399,11.7228,           29P   2315
207.911,-0.356143,11.7228,207.903,-0.345358,11.7228,207.894,          29P   2316
-0.333542,11.7228,207.886,-0.322879,11.7228,207.875,-0.309359,        29P   2317
11.7228,207.866,-0.296459,11.7228,207.853,-0.279292,11.7228,          29P   2318
207.835,-0.256157,11.7228,207.812,-0.22573,11.7228,207.791,           29P   2319
-0.197738,11.7228,207.773,-0.174145,11.7228,207.761,-0.15889,         29P   2320
11.7228,207.75,-0.144495,11.7228,207.744,-0.135833,11.7228,           29P   2321
207.738,-0.128444,11.7228,207.731,-0.11868,11.7228,207.722,           29P   2322
-0.106506,11.7228,207.709,-0.0905976,11.7228,207.694,-0.0697385,      29P   2323
11.7228,207.673,-0.0426648,11.7228,207.654,-0.0176912,11.7228,        29P   2324
207.634,0.00868298,11.7228,207.619,0.0282978,11.7228,207.605,         29P   2325
0.0473056,11.7228,207.598,0.0559821,11.7228,207.593,0.0630981,        29P   2326
11.7228,207.586,0.0722849,11.7228,207.577,0.0836403,11.7228,          29P   2327
207.566,0.098185,11.7228,207.552,0.116765,11.7228,207.534,            29P   2328
0.140772,11.7228,207.518,0.162874,11.7228,207.495,0.192338,           29P   2329
11.7228,207.477,0.2163,11.7228,207.46,0.240014,11.7228,207.453,       29P   2330
0.248535,11.7228,207.448,0.255284,11.7228,207.442,0.26375,            29P   2331
11.7228,207.434,0.274154,11.7228,207.424,0.287259,11.7228,            29P   2332
207.412,0.303646,11.7228,207.396,0.324797,11.7228,207.382,            29P   2333
0.344172,11.7228,207.357,0.377133,11.7228,207.336,0.405582,           29P   2334
11.7228,207.315,0.434129,11.7228,207.309,0.442282,11.7228,            29P   2335
207.304,0.44853,11.7228,207.299,0.456162,11.7228,207.292,             29P   2336
0.465484,11.7228,207.283,0.477096,11.7228,207.273,0.491284,           29P   2337
11.7228,207.259,0.509666,11.7228,207.247,0.526352,11.7228,            29P   2338
207.22,0.563175,11.7228,207.196,0.596302,11.7228,207.171,             29P   2339
0.629794,11.7228,207.166,0.637332,11.7228,207.162,0.642955,           29P   2340
11.7228,207.157,0.649667,11.7228,207.151,0.657812,11.7228,            29P   2341
207.144,0.667794,11.7228,207.13,0.686081,11.7228,207.118,             29P   2342
0.703608,11.7228,207.084,0.750411,11.7228,207.056,0.788347,           29P   2343
11.7228,207.028,0.827938,11.7228,207.022,0.836081,11.7228,            29P   2344
207.016,0.84421,11.7228,207.011,0.851064,11.7228,207.006,             29P   2345
0.859334,11.7228,206.999,0.869087,11.7228,206.989,0.881931,           29P   2346
11.7228,206.981,0.893379,11.7228,206.949,0.938883,11.7228,            29P   2347
206.918,0.981963,11.7228,206.888,1.02571,11.7228,206.884,             29P   2348
1.03136,11.7228,206.881,1.03536,11.7228,206.878,1.03991,11.7228,      29P   2349
206.874,1.04538,11.7228,206.869,1.05189,11.7228,206.864,1.05943,      29P   2350
11.7228,206.857,1.06946,11.7228,206.851,1.07827,11.7228,206.816,      29P   2351
1.12866,11.7228,206.782,1.17706,11.7228,206.748,1.22616,11.7228,      29P   2352
206.745,1.23048,11.7228,206.743,1.23347,11.7228,206.741,1.2368,       29P   2353
11.7228,206.738,1.24076,11.7228,206.735,1.2454,11.7228,206.731,       29P   2354
1.2507,11.7228,206.726,1.25784,11.7228,206.722,1.26405,11.7228,       29P   2355
206.692,1.30842,11.7228,206.662,1.35132,11.7228,206.633,1.39474,      29P   2356
11.7228,206.631,1.39772,11.7228,206.63,1.39973,11.7228,206.628,       29P   2357
1.40191,11.7228,206.626,1.40452,11.7228,206.624,1.40757,11.7228,      29P   2358
206.622,1.411,11.7228,206.619,1.41568,11.7228,206.616,1.41969,        29P   2359
11.7228,206.591,1.45714,11.7228,206.566,1.49353,11.7228,206.542,      29P   2360
1.53054,11.7228,206.54,1.53261,11.7228,206.539,1.53451,11.7228,       29P   2361
206.538,1.53608,11.7228,206.537,1.53781,11.7228,206.536,1.5397,       29P   2362
11.7228,206.534,1.54232,11.7228,206.513,1.57311,11.7228,206.493,      29P   2363
1.60341,11.7228,206.474,1.63303,11.7228,206.473,1.63458,11.7228,      29P   2364
206.472,1.6361,11.7228,206.471,1.63754,11.7228,206.457,1.65915,       29P   2365
11.7228,206.443,1.6804,11.7228,206.429,1.70117,11.7228,206.526,       29P   2366
1.79796,12.4828,206.525,1.80011,12.4828,206.523,1.80224,12.4828,      29P   2367
206.52,1.80388,12.4828,206.519,1.80445,12.4828,206.517,1.80496,       29P   2368
12.4828,206.515,1.80533,12.4828,206.514,1.80549,12.4828,206.512,      29P   2369
1.80546,12.4828,206.51,1.80524,12.4828,206.508,1.80482,12.4828,       29P   2370
206.507,1.80431,12.4828,206.505,1.80358,12.4828,206.503,1.80219,      29P   2371
12.4828,206.502,1.80067,12.4828,206.5,1.79852,12.4828,206.499,        29P   2372
1.79697,12.4828,206.498,1.79536,12.4828,206.498,1.79415,12.4828,      29P   2373
206.498,1.79219,12.4828,206.497,1.79015,12.4828,206.498,1.78748,      29P   2374
12.4828,206.498,1.78544,12.4828,206.499,1.7837,12.4828,206.499,       29P   2375
1.78266,12.4828,206.5,1.7818,12.4828,206.501,1.78048,12.4828,         29P   2376
206.502,1.77902,12.4828,206.502,1.778,12.4828,206.503,1.77687,        29P   2377
12.4828,206.504,1.77467,12.4828,206.506,1.77077,12.4828,206.507,      29P   2378
1.76746,12.4828,206.509,1.7641,12.4828,206.51,1.76202,12.4828,        29P   2379
206.511,1.75993,12.4828,206.512,1.75851,12.4828,206.513,1.75636,      29P   2380
12.4828,206.514,1.75422,12.4828,206.516,1.75083,12.4828,206.517,      29P   2381
1.7486,12.4828,206.519,1.74413,12.4828,206.52,1.74189,12.4828,        29P   2382
206.522,1.73774,12.4828,206.523,1.73583,12.4828,206.526,1.73029,      29P   2383
12.4828,206.528,1.72584,12.4828,206.531,1.72019,12.4828,206.533,      29P   2384
1.71626,12.4828,206.535,1.71136,12.4828,206.539,1.70395,12.4828,      29P   2385
206.543,1.6964,12.4828,206.547,1.68856,12.4828,206.55,1.6821,         29P   2386
12.4828,206.554,1.67539,12.4828,206.557,1.66851,12.4828,206.568,      29P   2387
1.64716,12.4828,206.578,1.62735,12.4828,206.588,1.60807,12.4828,      29P   2388
206.59,1.60389,12.4828,206.594,1.59705,12.4828,206.597,1.59,          29P   2389
12.4828,206.601,1.58252,12.4828,206.605,1.576,12.4828,206.608,        29P   2390
1.56909,12.4828,206.612,1.56141,12.4828,206.63,1.527,12.4828,         29P   2391
206.647,1.49459,12.4828,206.663,1.46379,12.4828,206.664,1.46075,      29P   2392
12.4828,206.668,1.45488,12.4828,206.671,1.44846,12.4828,206.675,      29P   2393
1.4414,12.4828,206.678,1.4348,12.4828,206.682,1.42757,12.4828,        29P   2394
206.686,1.41874,12.4828,206.711,1.37196,12.4828,206.735,1.32639,      29P   2395
12.4828,206.758,1.28417,12.4828,206.759,1.28157,12.4828,206.761,      29P   2396
1.27758,12.4828,206.764,1.27217,12.4828,206.768,1.2656,12.4828,       29P   2397
206.771,1.25888,12.4828,206.775,1.25117,12.4828,206.781,1.2408,       29P   2398
12.4828,206.813,1.18193,12.4828,206.844,1.12503,12.4828,206.872,      29P   2399
1.0726,12.4828,206.874,1.07043,12.4828,206.875,1.0681,12.4828,        29P   2400
206.877,1.0647,12.4828,206.879,1.06064,12.4828,206.882,1.05559,       29P   2401
12.4828,206.886,1.0486,12.4828,206.89,1.04021,12.4828,206.897,        29P   2402
1.02781,12.4828,206.93,0.968859,12.4828,206.961,0.912026,             29P   2403
12.4828,206.99,0.861019,12.4828,206.991,0.859256,12.4828,             29P   2404
206.993,0.856389,12.4828,206.994,0.853375,12.4828,206.996,            29P   2405
0.849721,12.4828,206.998,0.846105,12.4828,207.002,0.839278,           29P   2406
12.4828,207.012,0.822592,12.4828,207.047,0.760046,12.4828,            29P   2407
207.082,0.699871,12.4828,207.11,0.650379,12.4828,207.112,             29P   2408
0.647075,12.4828,207.114,0.643727,12.4828,207.116,0.640167,           29P   2409
12.4828,207.118,0.636535,12.4828,207.122,0.630322,12.4828,            29P   2410
207.127,0.620736,12.4828,207.137,0.603798,12.4828,207.171,            29P   2411
0.54517,12.4828,207.203,0.489827,12.4828,207.23,0.44313,12.4828,      29P   2412
207.232,0.441081,12.4828,207.233,0.438934,12.4828,207.235,            29P   2413
0.435834,12.4828,207.237,0.431874,12.4828,207.239,0.428225,           29P   2414
12.4828,207.243,0.4215,12.4828,207.249,0.412151,12.4828,207.26,       29P   2415
0.392678,12.4828,207.295,0.334497,12.4828,207.327,0.280268,           29P   2416
12.4828,207.353,0.236315,12.4828,207.354,0.233857,12.4828,            29P   2417
207.356,0.230547,12.4828,207.36,0.225216,12.4828,207.362,             29P   2418
0.22117,12.4828,207.366,0.213884,12.4828,207.372,0.203969,            29P   2419
12.4828,207.385,0.182045,12.4828,207.42,0.124828,12.4828,             29P   2420
207.452,0.0715481,12.4828,207.478,0.0290975,12.4828,207.48,           29P   2421
0.0255332,12.4828,207.483,0.0196789,12.4828,207.486,0.0150713,        29P   2422
12.4828,207.491,0.0072122,12.4828,207.498,-0.00386608,12.4828,        29P   2423
207.513,-0.0282447,12.4828,207.547,-0.0846877,12.4828,207.579,        29P   2424
-0.13614,12.4828,207.603,-0.175048,12.4828,207.605,-0.177553,         29P   2425
12.4828,207.607,-0.180611,12.4828,207.61,-0.184917,12.4828,           29P   2426
207.612,-0.189298,12.4828,207.618,-0.197794,12.4828,207.625,          29P   2427
-0.210027,12.4828,207.643,-0.237282,12.4828,207.677,-0.292398,        29P   2428
12.4828,207.709,-0.341793,12.4828,207.732,-0.376977,12.4828,          29P   2429
207.733,-0.379474,12.4828,207.736,-0.382674,12.4828,207.738,          29P   2430
-0.387248,12.4828,207.741,-0.39142,12.4828,207.747,-0.400545,         29P   2431
12.4828,207.756,-0.414057,12.4828,207.776,-0.444677,12.4828,          29P   2432
207.811,-0.49875,12.4828,207.842,-0.545917,12.4828,207.863,           29P   2433
-0.57739,12.4828,207.866,-0.58113,12.4828,207.869,-0.58689,           29P   2434
12.4828,207.872,-0.591496,12.4828,207.879,-0.601304,12.4828,          29P   2435
207.889,-0.616799,12.4828,207.912,-0.650713,12.4828,207.947,          29P   2436
-0.70324,12.4828,207.978,-0.74784,12.4828,207.996,-0.77538,           29P   2437
12.4828,207.999,-0.779369,12.4828,208.002,-0.784379,12.4828,          29P   2438
208.006,-0.78938,12.4828,208.013,-0.800083,12.4828,208.026,           29P   2439
-0.818632,12.4828,208.051,-0.855485,12.4828,208.086,-0.905972,        29P   2440
12.4828,208.115,-0.947622,12.4828,208.131,-0.970333,12.4828,          29P   2441
208.133,-0.972991,12.4828,208.136,-0.977123,12.4828,208.14,           29P   2442
-0.983583,12.4828,208.15,-0.997227,12.4828,208.165,-1.01949,          29P   2443
12.4828,208.193,-1.05922,12.4828,208.227,-1.10735,12.4828,            29P   2444
208.255,-1.14546,12.4828,208.267,-1.16328,12.4828,208.27,             29P   2445
-1.1665,12.4828,208.273,-1.17132,12.4828,208.279,-1.17932,            29P   2446
12.4828,208.29,-1.19452,12.4828,208.308,-1.21994,12.4828,             29P   2447
208.338,-1.26238,12.4828,208.363,-1.29685,12.4828,208.379,            29P   2448
-1.31916,12.4828,208.381,-1.32143,12.4828,208.383,-1.32442,           29P   2449
12.4828,208.386,-1.32816,12.4828,208.39,-1.33365,12.4828,             29P   2450
208.396,-1.34135,12.4828,208.408,-1.3582,12.4828,208.429,             29P   2451
-1.38697,12.4828,208.452,-1.41838,12.4828,208.468,-1.44001,           29P   2452
12.4828,208.473,-1.44766,12.4828,208.474,-1.44894,12.4828,            29P   2453
208.476,-1.45116,12.4828,208.479,-1.45493,12.4828,208.483,            29P   2454
-1.46099,12.4828,208.49,-1.47024,12.4828,208.496,-1.47827,            29P   2455
12.4828,208.508,-1.49411,12.4828,208.522,-1.51366,12.4828,            29P   2456
208.536,-1.53291,12.4828,208.544,-1.54261,12.4828,208.545,            29P   2457
-1.54518,12.4828,208.549,-1.54978,12.4828,208.554,-1.55625,           29P   2458
12.4828,208.561,-1.56651,12.4828,208.573,-1.58227,12.4828,            29P   2459
208.583,-1.59511,12.4828,208.589,-1.60358,12.4828,208.589,            29P   2460
-1.60409,12.4828,208.591,-1.60578,12.4828,208.591,-1.60682,           29P   2461
12.4828,208.594,-1.60862,12.4828,208.595,-1.6094,12.4828,             29P   2462
208.598,-1.61076,12.4828,208.6,-1.61151,12.4828,208.604,              29P   2463
-1.61207,12.4828,208.605,-1.61213,12.4828,208.607,-1.61205,           29P   2464
12.4828,208.609,-1.61182,12.4828,208.613,-1.61073,12.4828,            29P   2465
208.616,-1.60898,12.4828,208.618,-1.60764,12.4828,208.62,             29P   2466
-1.60619,12.4828,208.622,-1.60362,12.4828,208.624,-1.59982,           29P   2467
12.4828,208.626,-1.59575,12.4828,208.626,-1.59265,12.4828,            29P   2468
208.626,-1.59087,12.4828,208.625,-1.58995,12.4828,208.625,            29P   2469
-1.58898,12.4828,208.625,-1.5875,12.4828,208.625,-1.58644,            29P   2470
12.4828,208.624,-1.58478,12.4828,208.624,-1.58413,12.4828,            29P   2471
208.623,-1.58243,12.4828,208.623,-1.58144,12.4828,208.62,             29P   2472
-1.57867,12.4828,208.619,-1.57672,12.4828,208.617,-1.57368,           29P   2473
12.4828,208.616,-1.5722,12.4828,208.615,-1.57032,12.4828,             29P   2474
208.614,-1.56756,12.4828,208.61,-1.56227,12.4828,208.607,             29P   2475
-1.55741,12.4828,208.604,-1.55229,12.4828,208.603,-1.55016,           29P   2476
12.4828,208.599,-1.54444,12.4828,208.597,-1.54083,12.4828,            29P   2477
208.593,-1.53368,12.4828,208.589,-1.52865,12.4828,208.586,            29P   2478
-1.52328,12.4828,208.585,-1.52103,12.4828,208.584,-1.51985,           29P   2479
12.4828,208.583,-1.5176,12.4828,208.58,-1.51364,12.4828,208.577,      29P   2480
-1.50925,12.4828,208.575,-1.50627,12.4828,208.572,-1.50127,           29P   2481
12.4828,208.569,-1.49601,12.4828,208.566,-1.49075,12.4828,            29P   2482
208.565,-1.48915,12.4828,208.561,-1.48275,12.4828,208.556,            29P   2483
-1.47472,12.4828,208.549,-1.46457,12.4828,208.547,-1.46033,           29P   2484
12.4828,208.545,-1.45686,12.4828,208.541,-1.45066,12.4828,            29P   2485
208.537,-1.44411,12.4828,208.533,-1.43841,12.4828,208.53,             29P   2486
-1.43337,12.4828,208.526,-1.42755,12.4828,208.522,-1.42133,           29P   2487
12.4828,208.52,-1.41823,12.4828,208.518,-1.41408,12.4828,             29P   2488
208.511,-1.40362,12.4828,208.505,-1.39409,12.4828,208.5,              29P   2489
-1.38506,12.4828,208.497,-1.38011,12.4828,208.493,-1.37485,           29P   2490
12.4828,208.487,-1.36501,12.4828,208.483,-1.35779,12.4828,            29P   2491
208.477,-1.3486,12.4828,208.474,-1.34466,12.4828,208.465,             29P   2492
-1.32896,12.4828,208.457,-1.31619,12.4828,208.447,-1.30062,           29P   2493
12.4828,208.444,-1.29626,12.4828,208.441,-1.29096,12.4828,            29P   2494
208.438,-1.2873,12.4828,208.435,-1.28219,12.4828,208.432,             29P   2495
-1.27753,12.4828,208.427,-1.26844,12.4828,208.422,-1.2604,            29P   2496
12.4828,208.414,-1.24774,12.4828,208.404,-1.23202,12.4828,            29P   2497
208.392,-1.21277,12.4828,208.378,-1.19055,12.4828,208.365,            29P   2498
-1.1704,12.4828,208.351,-1.14837,12.4828,208.341,-1.13218,            29P   2499
12.4828,208.334,-1.12167,12.4828,208.33,-1.11505,12.4828,             29P   2500
208.323,-1.10368,12.4828,208.314,-1.08867,12.4828,208.305,            29P   2501
-1.0755,12.4828,208.299,-1.06541,12.4828,208.293,-1.05601,            29P   2502
12.4828,208.276,-1.02831,12.4828,208.249,-0.986959,12.4828,           29P   2503
208.226,-0.949487,12.4828,208.212,-0.928223,12.4828,208.209,          29P   2504
-0.922223,12.4828,208.205,-0.916216,12.4828,208.198,-0.90473,         29P   2505
12.4828,208.188,-0.889829,12.4828,208.174,-0.867307,12.4828,          29P   2506
208.154,-0.835679,12.4828,208.126,-0.79097,12.4828,208.102,           29P   2507
-0.75366,12.4828,208.089,-0.732948,12.4828,208.087,-0.729073,         29P   2508
12.4828,208.084,-0.725488,12.4828,208.081,-0.720338,12.4828,          29P   2509
208.077,-0.714534,12.4828,208.07,-0.703082,12.4828,208.061,           29P   2510
-0.688414,12.4828,208.048,-0.668023,12.4828,208.029,-0.638804,        29P   2511
12.4828,208.004,-0.598149,12.4828,207.981,-0.562231,12.4828,          29P   2512
207.968,-0.541631,12.4828,207.964,-0.535395,12.4828,207.96,           29P   2513
-0.529353,12.4828,207.955,-0.521514,12.4828,207.95,-0.513628,         29P   2514
12.4828,207.943,-0.502432,12.4828,207.934,-0.488227,12.4828,          29P   2515
207.922,-0.468913,12.4828,207.905,-0.442098,12.4828,207.882,          29P   2516
-0.406044,12.4828,207.861,-0.373233,12.4828,207.847,-0.350843,        29P   2517
12.4828,207.84,-0.339481,12.4828,207.832,-0.327032,12.4828,           29P   2518
207.825,-0.315795,12.4828,207.816,-0.301546,12.4828,207.807,          29P   2519
-0.287946,12.4828,207.796,-0.269845,12.4828,207.78,-0.245445,         29P   2520
12.4828,207.76,-0.213342,12.4828,207.742,-0.183797,12.4828,           29P   2521
207.726,-0.158887,12.4828,207.716,-0.142778,12.4828,207.706,          29P   2522
-0.127576,12.4828,207.7,-0.118426,12.4828,207.695,-0.110622,          29P   2523
12.4828,207.689,-0.100308,12.4828,207.681,-0.0874481,12.4828,         29P   2524
207.67,-0.0706416,12.4828,207.656,-0.0486044,12.4828,207.638,         29P   2525
-0.0200005,12.4828,207.622,0.0063833,12.4828,207.604,0.0342445,       29P   2526
12.4828,207.591,0.0549628,12.4828,207.579,0.0750363,12.4828,          29P   2527
207.573,0.0841984,12.4828,207.568,0.0917121,12.4828,207.562,          29P   2528
0.101412,12.4828,207.555,0.1134,12.4828,207.545,0.128753,             29P   2529
12.4828,207.533,0.148363,12.4828,207.517,0.173695,12.4828,            29P   2530
207.502,0.197008,12.4828,207.482,0.228078,12.4828,207.467,            29P   2531
0.253335,12.4828,207.451,0.278317,12.4828,207.445,0.287292,           29P   2532
12.4828,207.441,0.294399,12.4828,207.435,0.303313,12.4828,            29P   2533
207.428,0.314267,12.4828,207.42,0.32806,12.4828,207.409,              29P   2534
0.345303,12.4828,207.395,0.367549,12.4828,207.382,0.387917,           29P   2535
12.4828,207.361,0.422554,12.4828,207.342,0.452425,12.4828,            29P   2536
207.323,0.482372,12.4828,207.318,0.490923,12.4828,207.314,            29P   2537
0.497475,12.4828,207.309,0.505477,12.4828,207.303,0.51525,            29P   2538
12.4828,207.295,0.527419,12.4828,207.286,0.542284,12.4828,            29P   2539
207.274,0.561539,12.4828,207.263,0.579009,12.4828,207.239,            29P   2540
0.617553,12.4828,207.217,0.652201,12.4828,207.195,0.687213,           29P   2541
12.4828,207.19,0.695093,12.4828,207.187,0.70097,12.4828,207.182,      29P   2542
0.707985,12.4828,207.177,0.716497,12.4828,207.171,0.726929,           29P   2543
12.4828,207.159,0.746036,12.4828,207.148,0.764345,12.4828,            29P   2544
207.117,0.813222,12.4828,207.093,0.852811,12.4828,207.067,            29P   2545
0.894082,12.4828,207.062,0.902569,12.4828,207.057,0.91104,            29P   2546
12.4828,207.053,0.918182,12.4828,207.047,0.926797,12.4828,            29P   2547
207.041,0.936956,12.4828,207.033,0.950332,12.4828,207.026,            29P   2548
0.96225,12.4828,206.997,1.00962,12.4828,206.969,1.05441,12.4828,      29P   2549
206.942,1.09986,12.4828,206.938,1.10573,12.4828,206.935,1.10989,      29P   2550
12.4828,206.933,1.11461,12.4828,206.929,1.12029,12.4828,206.925,      29P   2551
1.12706,12.4828,206.92,1.13489,12.4828,206.914,1.14531,12.4828,       29P   2552
206.908,1.15446,12.4828,206.877,1.20678,12.4828,206.846,1.25699,      29P   2553
12.4828,206.816,1.30782,12.4828,206.813,1.31229,12.4828,206.811,      29P   2554
1.31539,12.4828,206.809,1.31884,12.4828,206.807,1.32294,12.4828,      29P   2555
206.804,1.32774,12.4828,206.801,1.33322,12.4828,206.796,1.34061,      29P   2556
12.4828,206.792,1.34703,12.4828,206.765,1.39291,12.4828,206.738,      29P   2557
1.43723,12.4828,206.712,1.48208,12.4828,206.71,1.48516,12.4828,       29P   2558
206.709,1.48723,12.4828,206.707,1.48949,12.4828,206.706,1.49219,      29P   2559
12.4828,206.704,1.49534,12.4828,206.702,1.49888,12.4828,206.699,      29P   2560
1.50372,12.4828,206.696,1.50786,12.4828,206.673,1.54675,12.4828,      29P   2561
206.651,1.58434,12.4828,206.629,1.62248,12.4828,206.627,1.62461,      29P   2562
12.4828,206.626,1.62656,12.4828,206.625,1.62797,12.4828,206.624,      29P   2563
1.62975,12.4828,206.623,1.6317,12.4828,206.622,1.6344,12.4828,        29P   2564
206.603,1.66594,12.4828,206.585,1.69709,12.4828,206.567,1.72758,      29P   2565
12.4828,206.566,1.72918,12.4828,206.565,1.73074,12.4828,206.564,      29P   2566
1.73243,12.4828,206.551,1.75465,12.4828,206.539,1.77655,12.4828,      29P   2567
206.526,1.79796,12.4828,206.592,1.8698,12.9838,206.591,1.87199,       29P   2568
12.9838,206.589,1.87421,12.9838,206.586,1.87575,12.9838,206.584,      29P   2569
1.87625,12.9838,206.583,1.87663,12.9838,206.581,1.87684,12.9838,      29P   2570
206.579,1.87684,12.9838,206.578,1.87665,12.9838,206.576,1.87629,      29P   2571
12.9838,206.574,1.8755,12.9838,206.573,1.87452,12.9838,206.571,       29P   2572
1.87329,12.9838,206.569,1.87137,12.9838,206.568,1.86964,12.9838,      29P   2573
206.567,1.86722,12.9838,206.567,1.86548,12.9838,206.567,1.86369,      29P   2574
12.9838,206.567,1.86249,12.9838,206.567,1.86084,12.9838,206.567,      29P   2575
1.85941,12.9838,206.569,1.85726,12.9838,206.57,1.85521,12.9838,       29P   2576
206.571,1.85309,12.9838,206.571,1.85195,12.9838,206.572,1.85102,      29P   2577
12.9838,206.572,1.84962,12.9838,206.573,1.84809,12.9838,206.574,      29P   2578
1.84706,12.9838,206.574,1.84592,12.9838,206.575,1.84371,12.9838,      29P   2579
206.577,1.8398,12.9838,206.579,1.83646,12.9838,206.58,1.83306,        29P   2580
12.9838,206.581,1.83094,12.9838,206.582,1.82883,12.9838,206.583,      29P   2581
1.8274,12.9838,206.584,1.82523,12.9838,206.585,1.82306,12.9838,       29P   2582
206.587,1.81964,12.9838,206.588,1.81738,12.9838,206.59,1.81286,       29P   2583
12.9838,206.591,1.81059,12.9838,206.593,1.80639,12.9838,206.594,      29P   2584
1.80446,12.9838,206.596,1.79886,12.9838,206.599,1.79436,12.9838,      29P   2585
206.601,1.78864,12.9838,206.603,1.78466,12.9838,206.606,1.7797,       29P   2586
12.9838,206.609,1.7722,12.9838,206.613,1.76456,12.9838,206.617,       29P   2587
1.75662,12.9838,206.62,1.75008,12.9838,206.623,1.74328,12.9838,       29P   2588
206.626,1.73631,12.9838,206.637,1.7147,12.9838,206.646,1.69462,       29P   2589
12.9838,206.656,1.67507,12.9838,206.658,1.67081,12.9838,206.661,      29P   2590
1.66387,12.9838,206.664,1.65672,12.9838,206.668,1.64913,12.9838,      29P   2591
206.671,1.64252,12.9838,206.675,1.63551,12.9838,206.678,1.62772,      29P   2592
12.9838,206.695,1.59261,12.9838,206.711,1.55972,12.9838,206.726,      29P   2593
1.52844,12.9838,206.728,1.52537,12.9838,206.731,1.51959,12.9838,      29P   2594
206.734,1.51307,12.9838,206.737,1.5059,12.9838,206.741,1.4992,        29P   2595
12.9838,206.744,1.49185,12.9838,206.748,1.48288,12.9838,206.772,      29P   2596
1.43556,12.9838,206.794,1.38921,12.9838,206.815,1.34625,12.9838,      29P   2597
206.817,1.34353,12.9838,206.819,1.33933,12.9838,206.822,1.33383,      29P   2598
12.9838,206.825,1.32713,12.9838,206.828,1.32029,12.9838,206.832,      29P   2599
1.31245,12.9838,206.837,1.30189,12.9838,206.867,1.24195,12.9838,      29P   2600
206.896,1.18397,12.9838,206.923,1.13048,12.9838,206.924,1.12826,      29P   2601
12.9838,206.925,1.12588,12.9838,206.927,1.12241,12.9838,206.929,      29P   2602
1.11828,12.9838,206.931,1.11312,12.9838,206.935,1.10598,12.9838,      29P   2603
206.939,1.09743,12.9838,206.946,1.08477,12.9838,206.976,1.02457,      29P   2604
12.9838,207.005,0.966468,12.9838,207.032,0.914265,12.9838,            29P   2605
207.033,0.91246,12.9838,207.034,0.909526,12.9838,207.036,             29P   2606
0.906441,12.9838,207.038,0.9027,12.9838,207.04,0.898999,12.9838,      29P   2607
207.043,0.89201,12.9838,207.052,0.874926,12.9838,207.085,             29P   2608
0.81087,12.9838,207.116,0.749175,12.9838,207.142,0.698404,            29P   2609
12.9838,207.144,0.695015,12.9838,207.146,0.69158,12.9838,             29P   2610
207.148,0.687928,12.9838,207.15,0.684201,12.9838,207.153,             29P   2611
0.677827,12.9838,207.158,0.667992,12.9838,207.167,0.650611,           29P   2612
12.9838,207.198,0.590436,12.9838,207.228,0.533575,12.9838,            29P   2613
207.253,0.485521,12.9838,207.254,0.483412,12.9838,207.255,            29P   2614
0.481203,12.9838,207.257,0.478013,12.9838,207.259,0.473936,           29P   2615
12.9838,207.261,0.470181,12.9838,207.264,0.463257,12.9838,            29P   2616
207.269,0.453631,12.9838,207.28,0.433575,12.9838,207.311,             29P   2617
0.373628,12.9838,207.34,0.317679,12.9838,207.364,0.272319,            29P   2618
12.9838,207.365,0.269622,12.9838,207.367,0.266205,12.9838,            29P   2619
207.37,0.260703,12.9838,207.372,0.256602,12.9838,207.376,             29P   2620
0.249169,12.9838,207.381,0.238935,12.9838,207.393,0.216304,           29P   2621
12.9838,207.425,0.156663,12.9838,207.454,0.101615,12.9838,            29P   2622
207.477,0.0579169,12.9838,207.479,0.0542313,12.9838,207.482,          29P   2623
0.0487537,12.9838,207.484,0.0438914,12.9838,207.489,0.0356658,        29P   2624
12.9838,207.495,0.0242067,12.9838,207.508,-0.00101483,12.9838,        29P   2625
207.54,-0.0598712,12.9838,207.568,-0.113156,12.9838,207.59,           29P   2626
-0.153446,12.9838,207.592,-0.15604,12.9838,207.593,-0.159048,         29P   2627
12.9838,207.596,-0.163222,12.9838,207.598,-0.167759,12.9838,          29P   2628
207.603,-0.176557,12.9838,207.61,-0.189225,12.9838,207.626,           29P   2629
-0.21745,12.9838,207.657,-0.275023,12.9838,207.686,-0.326198,         29P   2630
12.9838,207.707,-0.36266,12.9838,207.708,-0.365248,12.9838,           29P   2631
207.71,-0.368393,12.9838,207.713,-0.372813,12.9838,207.715,           29P   2632
-0.377137,12.9838,207.72,-0.386595,12.9838,207.728,-0.4006,           29P   2633
12.9838,207.746,-0.432343,12.9838,207.779,-0.488412,12.9838,          29P   2634
207.807,-0.537341,12.9838,207.826,-0.569828,12.9838,207.828,          29P   2635
-0.573709,12.9838,207.831,-0.579686,12.9838,207.834,-0.584526,        29P   2636
12.9838,207.84,-0.594814,12.9838,207.85,-0.610894,12.9838,            29P   2637
207.87,-0.646096,12.9838,207.902,-0.700337,12.9838,207.93,            29P   2638
-0.746667,12.9838,207.947,-0.775483,12.9838,207.95,-0.779922,         29P   2639
12.9838,207.953,-0.785128,12.9838,207.956,-0.790276,12.9838,          29P   2640
207.962,-0.801251,12.9838,207.974,-0.82053,12.9838,207.997,           29P   2641
-0.858843,12.9838,208.029,-0.911064,12.9838,208.055,-0.954406,        29P   2642
12.9838,208.07,-0.978046,12.9838,208.071,-0.98092,12.9838,            29P   2643
208.074,-0.985378,12.9838,208.078,-0.992103,12.9838,208.087,          29P   2644
-1.00631,12.9838,208.101,-1.02951,12.9838,208.126,-1.07089,           29P   2645
12.9838,208.157,-1.12102,12.9838,208.182,-1.16073,12.9838,            29P   2646
208.194,-1.1793,12.9838,208.196,-1.18268,12.9838,208.199,             29P   2647
-1.1877,12.9838,208.204,-1.19603,12.9838,208.214,-1.21183,            29P   2648
12.9838,208.231,-1.23831,12.9838,208.258,-1.28253,12.9838,            29P   2649
208.281,-1.31846,12.9838,208.296,-1.34172,12.9838,208.297,            29P   2650
-1.34402,12.9838,208.299,-1.34714,12.9838,208.302,-1.35104,           29P   2651
12.9838,208.306,-1.35678,12.9838,208.311,-1.36487,12.9838,            29P   2652
208.322,-1.38245,12.9838,208.341,-1.41246,12.9838,208.362,            29P   2653
-1.44524,12.9838,208.376,-1.4678,12.9838,208.381,-1.47577,            29P   2654
12.9838,208.382,-1.4771,12.9838,208.384,-1.47943,12.9838,             29P   2655
208.386,-1.48336,12.9838,208.39,-1.48967,12.9838,208.397,             29P   2656
-1.49931,12.9838,208.402,-1.50769,12.9838,208.413,-1.5242,            29P   2657
12.9838,208.426,-1.54457,12.9838,208.439,-1.56456,12.9838,            29P   2658
208.445,-1.57466,12.9838,208.447,-1.57735,12.9838,208.45,             29P   2659
-1.58216,12.9838,208.455,-1.58896,12.9838,208.462,-1.59965,           29P   2660
12.9838,208.472,-1.61607,12.9838,208.481,-1.62945,12.9838,            29P   2661
208.487,-1.63833,12.9838,208.487,-1.63887,12.9838,208.489,            29P   2662
-1.6403,12.9838,208.49,-1.64113,12.9838,208.492,-1.64245,             29P   2663
12.9838,208.493,-1.64305,12.9838,208.496,-1.64411,12.9838,            29P   2664
208.498,-1.64469,12.9838,208.501,-1.64507,12.9838,208.504,            29P   2665
-1.64487,12.9838,208.506,-1.64453,12.9838,208.508,-1.64397,           29P   2666
12.9838,208.512,-1.64233,12.9838,208.514,-1.64008,12.9838,            29P   2667
208.516,-1.63847,12.9838,208.517,-1.63673,12.9838,208.519,            29P   2668
-1.63367,12.9838,208.52,-1.62953,12.9838,208.52,-1.62526,             29P   2669
12.9838,208.52,-1.62231,12.9838,208.52,-1.62053,12.9838,208.519,      29P   2670
-1.61977,12.9838,208.519,-1.6192,12.9838,208.519,-1.61816,            29P   2671
12.9838,208.519,-1.6174,12.9838,208.518,-1.6159,12.9838,208.517,      29P   2672
-1.61524,12.9838,208.516,-1.61343,12.9838,208.516,-1.61223,           29P   2673
12.9838,208.514,-1.60878,12.9838,208.513,-1.60668,12.9838,            29P   2674
208.511,-1.60359,12.9838,208.51,-1.60208,12.9838,208.509,             29P   2675
-1.60017,12.9838,208.507,-1.59736,12.9838,208.504,-1.59194,           29P   2676
12.9838,208.502,-1.58692,12.9838,208.499,-1.58159,12.9838,            29P   2677
208.498,-1.5794,12.9838,208.494,-1.57346,12.9838,208.492,             29P   2678
-1.56973,12.9838,208.488,-1.56238,12.9838,208.485,-1.55721,           29P   2679
12.9838,208.482,-1.55169,12.9838,208.481,-1.54936,12.9838,            29P   2680
208.481,-1.54815,12.9838,208.479,-1.54583,12.9838,208.477,            29P   2681
-1.54175,12.9838,208.475,-1.53722,12.9838,208.473,-1.53415,           29P   2682
12.9838,208.47,-1.52898,12.9838,208.467,-1.52354,12.9838,             29P   2683
208.464,-1.51811,12.9838,208.463,-1.51646,12.9838,208.46,             29P   2684
-1.50984,12.9838,208.455,-1.50154,12.9838,208.449,-1.49105,           29P   2685
12.9838,208.447,-1.48667,12.9838,208.445,-1.48309,12.9838,            29P   2686
208.441,-1.47669,12.9838,208.438,-1.46992,12.9838,208.434,            29P   2687
-1.46404,12.9838,208.432,-1.45879,12.9838,208.428,-1.45279,           29P   2688
12.9838,208.425,-1.44637,12.9838,208.423,-1.44318,12.9838,            29P   2689
208.421,-1.43892,12.9838,208.415,-1.42813,12.9838,208.409,            29P   2690
-1.41829,12.9838,208.404,-1.40896,12.9838,208.401,-1.40385,           29P   2691
12.9838,208.398,-1.39843,12.9838,208.393,-1.38827,12.9838,            29P   2692
208.389,-1.38081,12.9838,208.383,-1.37132,12.9838,208.381,            29P   2693
-1.36725,12.9838,208.372,-1.35104,12.9838,208.365,-1.33785,           29P   2694
12.9838,208.356,-1.32133,12.9838,208.353,-1.3168,12.9838,208.35,      29P   2695
-1.31131,12.9838,208.348,-1.30754,12.9838,208.345,-1.30226,           29P   2696
12.9838,208.343,-1.29793,12.9838,208.338,-1.28854,12.9838,            29P   2697
208.333,-1.28024,12.9838,208.326,-1.26717,12.9838,208.317,            29P   2698
-1.25094,12.9838,208.306,-1.23106,12.9838,208.293,-1.20811,           29P   2699
12.9838,208.282,-1.1873,12.9838,208.269,-1.16458,12.9838,208.26,      29P   2700
-1.14786,12.9838,208.254,-1.137,12.9838,208.25,-1.13013,12.9838,      29P   2701
208.243,-1.11839,12.9838,208.235,-1.10289,12.9838,208.227,            29P   2702
-1.08928,12.9838,208.221,-1.07886,12.9838,208.216,-1.06915,           29P   2703
12.9838,208.2,-1.04053,12.9838,208.176,-0.99781,12.9838,208.155,      29P   2704
-0.959092,12.9838,208.143,-0.937122,12.9838,208.139,-0.930923,        29P   2705
12.9838,208.136,-0.924716,12.9838,208.129,-0.912848,12.9838,          29P   2706
208.12,-0.897452,12.9838,208.107,-0.874182,12.9838,208.089,           29P   2707
-0.841504,12.9838,208.064,-0.795315,12.9838,208.042,-0.756774,        29P   2708
12.9838,208.03,-0.73538,12.9838,208.028,-0.731377,12.9838,            29P   2709
208.026,-0.727674,12.9838,208.023,-0.722355,12.9838,208.019,          29P   2710
-0.71636,12.9838,208.013,-0.704532,12.9838,208.004,-0.689381,         29P   2711
12.9838,207.993,-0.668322,12.9838,207.976,-0.638143,12.9838,          29P   2712
207.952,-0.596153,12.9838,207.931,-0.559053,12.9838,207.919,          29P   2713
-0.537772,12.9838,207.916,-0.531331,12.9838,207.912,-0.525089,        29P   2714
12.9838,207.908,-0.516991,12.9838,207.903,-0.508843,12.9838,          29P   2715
207.897,-0.497276,12.9838,207.889,-0.4826,12.9838,207.877,            29P   2716
-0.462643,12.9838,207.862,-0.434934,12.9838,207.841,-0.397673,        29P   2717
12.9838,207.822,-0.363759,12.9838,207.809,-0.340614,12.9838,          29P   2718
207.803,-0.328869,12.9838,207.795,-0.315998,12.9838,207.789,          29P   2719
-0.304381,12.9838,207.781,-0.289649,12.9838,207.773,-0.275587,        29P   2720
12.9838,207.762,-0.256871,12.9838,207.748,-0.231641,12.9838,          29P   2721
207.73,-0.198445,12.9838,207.713,-0.167894,12.9838,207.699,           29P   2722
-0.142138,12.9838,207.689,-0.125483,12.9838,207.681,-0.109765,        29P   2723
12.9838,207.675,-0.100306,12.9838,207.671,-0.0922382,12.9838,         29P   2724
207.665,-0.0815758,12.9838,207.658,-0.0682819,12.9838,207.648,        29P   2725
-0.0509093,12.9838,207.635,-0.0281303,12.9838,207.619,                29P   2726
0.00143551,12.9838,207.604,0.0287072,12.9838,207.588,0.0575074,       29P   2727
12.9838,207.576,0.0789255,12.9838,207.565,0.0996794,12.9838,          29P   2728
207.559,0.109153,12.9838,207.555,0.116922,12.9838,207.55,             29P   2729
0.126952,12.9838,207.543,0.139349,12.9838,207.534,0.155226,           29P   2730
12.9838,207.523,0.175506,12.9838,207.508,0.201704,12.9838,            29P   2731
207.495,0.225814,12.9838,207.477,0.257942,12.9838,207.463,            29P   2732
0.284054,12.9838,207.448,0.309874,12.9838,207.443,0.319149,           29P   2733
12.9838,207.439,0.326493,12.9838,207.434,0.335703,12.9838,            29P   2734
207.428,0.34702,12.9838,207.42,0.361267,12.9838,207.41,0.379076,      29P   2735
12.9838,207.397,0.402048,12.9838,207.386,0.423075,12.9838,            29P   2736
207.366,0.458827,12.9838,207.349,0.489652,12.9838,207.332,            29P   2737
0.520548,12.9838,207.327,0.52937,12.9838,207.323,0.536128,            29P   2738
12.9838,207.319,0.544383,12.9838,207.313,0.554464,12.9838,            29P   2739
207.306,0.567016,12.9838,207.297,0.582349,12.9838,207.286,            29P   2740
0.602207,12.9838,207.276,0.620222,12.9838,207.254,0.659964,           29P   2741
12.9838,207.235,0.695677,12.9838,207.215,0.73175,12.9838,207.21,      29P   2742
0.739867,12.9838,207.207,0.745921,12.9838,207.203,0.753147,           29P   2743
12.9838,207.198,0.761915,12.9838,207.192,0.772658,12.9838,            29P   2744
207.181,0.792335,12.9838,207.171,0.811184,12.9838,207.143,            29P   2745
0.861492,12.9838,207.12,0.902218,12.9838,207.097,0.944652,            29P   2746
12.9838,207.092,0.953377,12.9838,207.087,0.962086,12.9838,            29P   2747
207.083,0.969427,12.9838,207.078,0.978282,12.9838,207.073,            29P   2748
0.988722,12.9838,207.065,1.00247,12.9838,207.058,1.01471,             29P   2749
12.9838,207.031,1.06338,12.9838,207.006,1.10937,12.9838,206.98,       29P   2750
1.15601,12.9838,206.977,1.16202,12.9838,206.975,1.16629,12.9838,      29P   2751
206.972,1.17114,12.9838,206.969,1.17697,12.9838,206.965,1.18391,      29P   2752
12.9838,206.961,1.19194,12.9838,206.955,1.20263,12.9838,206.95,       29P   2753
1.21201,12.9838,206.92,1.26565,12.9838,206.892,1.3171,12.9838,        29P   2754
206.863,1.36916,12.9838,206.861,1.37373,12.9838,206.859,1.37691,      29P   2755
12.9838,206.857,1.38044,12.9838,206.855,1.38464,12.9838,206.852,      29P   2756
1.38955,12.9838,206.849,1.39516,12.9838,206.845,1.40273,12.9838,      29P   2757
206.841,1.4093,12.9838,206.816,1.45627,12.9838,206.791,1.5016,        29P   2758
12.9838,206.766,1.54742,12.9838,206.764,1.55057,12.9838,206.763,      29P   2759
1.55269,12.9838,206.762,1.555,12.9838,206.76,1.55775,12.9838,         29P   2760
206.759,1.56097,12.9838,206.757,1.56459,12.9838,206.754,1.56953,      29P   2761
12.9838,206.752,1.57376,12.9838,206.73,1.61292,12.9838,206.71,        29P   2762
1.65126,12.9838,206.689,1.6902,12.9838,206.687,1.69239,12.9838,       29P   2763
206.686,1.69438,12.9838,206.685,1.69639,12.9838,206.684,1.69821,      29P   2764
12.9838,206.683,1.7002,12.9838,206.682,1.70296,12.9838,206.664,       29P   2765
1.73494,12.9838,206.647,1.76677,12.9838,206.631,1.79786,12.9838,      29P   2766
206.63,1.7995,12.9838,206.629,1.80109,12.9838,206.628,1.80304,        29P   2767
12.9838,206.616,1.82571,12.9838,206.604,1.84801,12.9838,206.592,      29P   2768
1.8698,12.9838,206.65,1.94283,13.4307,206.648,1.94506,13.4307,        29P   2769
206.646,1.94709,13.4307,206.643,1.94827,13.4307,206.642,1.94862,      29P   2770
13.4307,206.64,1.94882,13.4307,206.638,1.94881,13.4307,206.636,       29P   2771
1.94849,13.4307,206.635,1.94789,13.4307,206.633,1.94704,13.4307,      29P   2772
206.632,1.94621,13.4307,206.631,1.94485,13.4307,206.629,1.9432,       29P   2773
13.4307,206.628,1.94077,13.4307,206.628,1.93877,13.4307,206.628,      29P   2774
1.93631,13.4307,206.628,1.93473,13.4307,206.629,1.93326,13.4307,      29P   2775
206.63,1.93221,13.4307,206.63,1.93047,13.4307,206.631,1.92869,        29P   2776
13.4307,206.632,1.92641,13.4307,206.633,1.9246,13.4307,206.634,       29P   2777
1.9228,13.4307,206.634,1.92166,13.4307,206.634,1.92073,13.4307,       29P   2778
206.635,1.91932,13.4307,206.636,1.91779,13.4307,206.636,1.91674,      29P   2779
13.4307,206.637,1.91559,13.4307,206.638,1.91335,13.4307,206.639,      29P   2780
1.90938,13.4307,206.641,1.90599,13.4307,206.642,1.90255,13.4307,      29P   2781
206.643,1.90041,13.4307,206.644,1.89827,13.4307,206.645,1.89682,      29P   2782
13.4307,206.646,1.89462,13.4307,206.647,1.89242,13.4307,206.648,      29P   2783
1.88896,13.4307,206.649,1.88667,13.4307,206.651,1.88209,13.4307,      29P   2784
206.652,1.8798,13.4307,206.654,1.87555,13.4307,206.655,1.87359,       29P   2785
13.4307,206.657,1.86792,13.4307,206.659,1.86335,13.4307,206.661,      29P   2786
1.85756,13.4307,206.663,1.85353,13.4307,206.665,1.84851,13.4307,      29P   2787
206.669,1.84091,13.4307,206.672,1.83317,13.4307,206.675,1.82513,      29P   2788
13.4307,206.678,1.8185,13.4307,206.681,1.81161,13.4307,206.684,       29P   2789
1.80455,13.4307,206.694,1.78261,13.4307,206.702,1.76227,13.4307,      29P   2790
206.711,1.74247,13.4307,206.713,1.73822,13.4307,206.716,1.73119,      29P   2791
13.4307,206.719,1.72395,13.4307,206.722,1.71627,13.4307,206.725,      29P   2792
1.70958,13.4307,206.728,1.70248,13.4307,206.732,1.69459,13.4307,      29P   2793
206.747,1.65962,13.4307,206.762,1.62633,13.4307,206.776,1.59467,      29P   2794
13.4307,206.777,1.59153,13.4307,206.78,1.58515,13.4307,206.783,       29P   2795
1.57854,13.4307,206.786,1.57129,13.4307,206.789,1.5645,13.4307,       29P   2796
206.792,1.55706,13.4307,206.796,1.54798,13.4307,206.818,1.49945,      29P   2797
13.4307,206.838,1.45251,13.4307,206.858,1.409,13.4307,206.859,        29P   2798
1.40644,13.4307,206.861,1.40259,13.4307,206.863,1.39702,13.4307,      29P   2799
206.866,1.39024,13.4307,206.869,1.38332,13.4307,206.873,1.37537,      29P   2800
13.4307,206.878,1.36468,13.4307,206.905,1.30396,13.4307,206.931,      29P   2801
1.24521,13.4307,206.956,1.19099,13.4307,206.957,1.18874,13.4307,      29P   2802
206.958,1.18633,13.4307,206.96,1.18281,13.4307,206.962,1.17861,       29P   2803
13.4307,206.964,1.17339,13.4307,206.967,1.16615,13.4307,206.971,      29P   2804
1.15747,13.4307,206.977,1.14464,13.4307,207.005,1.08359,13.4307,      29P   2805
207.032,1.02463,13.4307,207.056,0.971668,13.4307,207.057,             29P   2806
0.969837,13.4307,207.058,0.96686,13.4307,207.059,0.96373,             29P   2807
13.4307,207.061,0.959935,13.4307,207.063,0.95618,13.4307,             29P   2808
207.066,0.949089,13.4307,207.074,0.931757,13.4307,207.104,            29P   2809
0.866768,13.4307,207.133,0.804162,13.4307,207.157,0.752597,           29P   2810
13.4307,207.158,0.749155,13.4307,207.16,0.745666,13.4307,             29P   2811
207.162,0.741956,13.4307,207.163,0.738171,13.4307,207.166,            29P   2812
0.731696,13.4307,207.171,0.721704,13.4307,207.179,0.704044,           29P   2813
13.4307,207.208,0.642894,13.4307,207.234,0.585079,13.4307,            29P   2814
207.257,0.536229,13.4307,207.258,0.534086,13.4307,207.259,            29P   2815
0.53184,13.4307,207.261,0.528597,13.4307,207.263,0.524453,            29P   2816
13.4307,207.264,0.520635,13.4307,207.268,0.513597,13.4307,            29P   2817
207.272,0.503813,13.4307,207.282,0.483426,13.4307,207.31,             29P   2818
0.42249,13.4307,207.337,0.365604,13.4307,207.358,0.319443,            29P   2819
13.4307,207.359,0.31715,13.4307,207.361,0.313673,13.4307,             29P   2820
207.364,0.308073,13.4307,207.366,0.303688,13.4307,207.369,            29P   2821
0.29588,13.4307,207.374,0.285462,13.4307,207.385,0.262419,            29P   2822
13.4307,207.413,0.201785,13.4307,207.439,0.145678,13.4307,            29P   2823
207.46,0.10059,13.4307,207.462,0.0968335,13.4307,207.465,             29P   2824
0.0911363,13.4307,207.467,0.086453,13.4307,207.471,0.0783413,         29P   2825
13.4307,207.476,0.0666608,13.4307,207.488,0.0409519,13.4307,          29P   2826
207.517,-0.0189551,13.4307,207.543,-0.0732716,13.4307,207.563,        29P   2827
-0.114344,13.4307,207.564,-0.116988,13.4307,207.565,-0.120086,        29P   2828
13.4307,207.568,-0.124397,13.4307,207.57,-0.129022,13.4307,           29P   2829
207.574,-0.13799,13.4307,207.581,-0.150903,13.4307,207.595,           29P   2830
-0.179675,13.4307,207.624,-0.238261,13.4307,207.65,-0.290412,         29P   2831
13.4307,207.669,-0.327563,13.4307,207.67,-0.3302,13.4307,             29P   2832
207.672,-0.333438,13.4307,207.674,-0.338004,13.4307,207.676,          29P   2833
-0.34241,13.4307,207.681,-0.352045,13.4307,207.688,-0.366314,         29P   2834
13.4307,207.705,-0.39865,13.4307,207.734,-0.455752,13.4307,           29P   2835
207.76,-0.505553,13.4307,207.778,-0.539076,13.4307,207.78,            29P   2836
-0.543023,13.4307,207.783,-0.549102,13.4307,207.786,-0.553856,        29P   2837
13.4307,207.791,-0.564012,13.4307,207.8,-0.580362,13.4307,            29P   2838
207.819,-0.616144,13.4307,207.849,-0.671517,13.4307,207.875,          29P   2839
-0.718531,13.4307,207.89,-0.7472,13.4307,207.893,-0.751429,           29P   2840
13.4307,207.896,-0.756708,13.4307,207.899,-0.762065,13.4307,          29P   2841
207.905,-0.773608,13.4307,207.916,-0.793148,13.4307,207.938,          29P   2842
-0.831958,13.4307,207.968,-0.885061,13.4307,207.993,-0.928817,        29P   2843
13.4307,208.007,-0.952648,13.4307,208.008,-0.955447,13.4307,          29P   2844
208.011,-0.959835,13.4307,208.015,-0.966611,13.4307,208.023,          29P   2845
-0.980919,13.4307,208.037,-1.00421,13.4307,208.061,-1.0458,           29P   2846
13.4307,208.092,-1.09609,13.4307,208.116,-1.13581,13.4307,            29P   2847
208.127,-1.15437,13.4307,208.129,-1.15767,13.4307,208.132,            29P   2848
-1.16269,13.4307,208.137,-1.171,13.4307,208.147,-1.18687,             29P   2849
13.4307,208.164,-1.21328,13.4307,208.191,-1.2573,13.4307,             29P   2850
208.214,-1.29295,13.4307,208.229,-1.31595,13.4307,208.231,            29P   2851
-1.31842,13.4307,208.233,-1.3215,13.4307,208.235,-1.32535,            29P   2852
13.4307,208.239,-1.33098,13.4307,208.244,-1.33881,13.4307,            29P   2853
208.256,-1.35616,13.4307,208.275,-1.3857,13.4307,208.297,             29P   2854
-1.41787,13.4307,208.312,-1.43994,13.4307,208.318,-1.44773,           29P   2855
13.4307,208.319,-1.44903,13.4307,208.32,-1.4513,13.4307,208.323,      29P   2856
-1.45515,13.4307,208.327,-1.46131,13.4307,208.334,-1.47072,           29P   2857
13.4307,208.339,-1.47888,13.4307,208.35,-1.49497,13.4307,             29P   2858
208.364,-1.51477,13.4307,208.378,-1.53434,13.4307,208.385,            29P   2859
-1.54411,13.4307,208.387,-1.54671,13.4307,208.391,-1.55131,           29P   2860
13.4307,208.395,-1.55773,13.4307,208.403,-1.56804,13.4307,            29P   2861
208.414,-1.58386,13.4307,208.424,-1.59672,13.4307,208.43,             29P   2862
-1.60509,13.4307,208.431,-1.60549,13.4307,208.432,-1.60716,           29P   2863
13.4307,208.433,-1.60827,13.4307,208.435,-1.61003,13.4307,            29P   2864
208.436,-1.61073,13.4307,208.439,-1.61178,13.4307,208.441,            29P   2865
-1.61224,13.4307,208.445,-1.61228,13.4307,208.447,-1.61198,           29P   2866
13.4307,208.449,-1.6115,13.4307,208.451,-1.61073,13.4307,             29P   2867
208.455,-1.60879,13.4307,208.457,-1.60627,13.4307,208.458,            29P   2868
-1.6045,13.4307,208.459,-1.60273,13.4307,208.461,-1.59989,            29P   2869
13.4307,208.462,-1.59562,13.4307,208.461,-1.5913,13.4307,208.46,      29P   2870
-1.58798,13.4307,208.459,-1.58643,13.4307,208.459,-1.58537,           29P   2871
13.4307,208.458,-1.58434,13.4307,208.457,-1.5832,13.4307,             29P   2872
208.457,-1.58261,13.4307,208.456,-1.58135,13.4307,208.456,            29P   2873
-1.58082,13.4307,208.455,-1.57931,13.4307,208.454,-1.57834,           29P   2874
13.4307,208.452,-1.57536,13.4307,208.451,-1.57332,13.4307,            29P   2875
208.449,-1.5703,13.4307,208.448,-1.56883,13.4307,208.447,             29P   2876
-1.56696,13.4307,208.446,-1.56421,13.4307,208.442,-1.55892,           29P   2877
13.4307,208.439,-1.55402,13.4307,208.436,-1.54883,13.4307,            29P   2878
208.435,-1.54669,13.4307,208.432,-1.5409,13.4307,208.429,             29P   2879
-1.53725,13.4307,208.425,-1.53007,13.4307,208.422,-1.52501,           29P   2880
13.4307,208.419,-1.5196,13.4307,208.417,-1.51733,13.4307,             29P   2881
208.417,-1.51614,13.4307,208.415,-1.51387,13.4307,208.413,            29P   2882
-1.50988,13.4307,208.41,-1.50544,13.4307,208.409,-1.50243,            29P   2883
13.4307,208.406,-1.49736,13.4307,208.402,-1.49204,13.4307,            29P   2884
208.399,-1.48671,13.4307,208.398,-1.48509,13.4307,208.395,            29P   2885
-1.47861,13.4307,208.39,-1.47046,13.4307,208.384,-1.46016,            29P   2886
13.4307,208.381,-1.45585,13.4307,208.379,-1.45233,13.4307,            29P   2887
208.375,-1.44604,13.4307,208.372,-1.43938,13.4307,208.368,            29P   2888
-1.43359,13.4307,208.365,-1.42846,13.4307,208.362,-1.42251,           29P   2889
13.4307,208.358,-1.41618,13.4307,208.356,-1.41303,13.4307,            29P   2890
208.354,-1.40884,13.4307,208.348,-1.3982,13.4307,208.342,             29P   2891
-1.38849,13.4307,208.337,-1.37927,13.4307,208.334,-1.37422,           29P   2892
13.4307,208.331,-1.36886,13.4307,208.325,-1.35881,13.4307,            29P   2893
208.321,-1.35144,13.4307,208.316,-1.34204,13.4307,208.313,            29P   2894
-1.33802,13.4307,208.304,-1.32197,13.4307,208.297,-1.30889,           29P   2895
13.4307,208.288,-1.29291,13.4307,208.285,-1.28844,13.4307,            29P   2896
208.282,-1.283,13.4307,208.28,-1.27926,13.4307,208.277,-1.27402,      29P   2897
13.4307,208.275,-1.26927,13.4307,208.269,-1.25995,13.4307,            29P   2898
208.265,-1.2517,13.4307,208.258,-1.2387,13.4307,208.249,              29P   2899
-1.22255,13.4307,208.238,-1.20277,13.4307,208.225,-1.1799,            29P   2900
13.4307,208.214,-1.15915,13.4307,208.201,-1.13639,13.4307,            29P   2901
208.192,-1.11968,13.4307,208.186,-1.10883,13.4307,208.182,            29P   2902
-1.10204,13.4307,208.176,-1.09029,13.4307,208.168,-1.07478,           29P   2903
13.4307,208.16,-1.06116,13.4307,208.155,-1.05072,13.4307,             29P   2904
208.149,-1.04099,13.4307,208.134,-1.01229,13.4307,208.111,            29P   2905
-0.969412,13.4307,208.09,-0.930493,13.4307,208.079,-0.908395,         29P   2906
13.4307,208.075,-0.90216,13.4307,208.072,-0.895915,13.4307,           29P   2907
208.066,-0.883974,13.4307,208.057,-0.868478,13.4307,208.045,          29P   2908
-0.845047,13.4307,208.028,-0.812128,13.4307,208.003,-0.765556,        29P   2909
13.4307,207.983,-0.726644,13.4307,207.972,-0.705028,13.4307,          29P   2910
207.97,-0.700984,13.4307,207.968,-0.697241,13.4307,207.965,           29P   2911
-0.691866,13.4307,207.962,-0.685805,13.4307,207.956,-0.673848,        29P   2912
13.4307,207.948,-0.658525,13.4307,207.937,-0.637218,13.4307,          29P   2913
207.921,-0.606671,13.4307,207.899,-0.564141,13.4307,207.879,          29P   2914
-0.526534,13.4307,207.868,-0.504957,13.4307,207.865,-0.498425,        29P   2915
13.4307,207.862,-0.492095,13.4307,207.858,-0.483883,13.4307,          29P   2916
207.853,-0.475619,13.4307,207.847,-0.463887,13.4307,207.84,           29P   2917
-0.448999,13.4307,207.829,-0.428753,13.4307,207.815,-0.400637,        29P   2918
13.4307,207.796,-0.36282,13.4307,207.778,-0.328391,13.4307,           29P   2919
207.766,-0.304892,13.4307,207.76,-0.292966,13.4307,207.754,           29P   2920
-0.279897,13.4307,207.748,-0.2681,13.4307,207.74,-0.253139,           29P   2921
13.4307,207.733,-0.238858,13.4307,207.723,-0.219848,13.4307,          29P   2922
207.71,-0.194221,13.4307,207.693,-0.160496,13.4307,207.678,           29P   2923
-0.12945,13.4307,207.665,-0.103273,13.4307,207.656,-0.0863424,        29P   2924
13.4307,207.648,-0.070363,13.4307,207.643,-0.0607454,13.4307,         29P   2925
207.639,-0.0525416,13.4307,207.634,-0.0416993,13.4307,207.627,        29P   2926
-0.0281798,13.4307,207.618,-0.0105105,13.4307,207.607,0.0126596,      29P   2927
13.4307,207.592,0.0427367,13.4307,207.578,0.0704827,13.4307,          29P   2928
207.563,0.0997846,13.4307,207.552,0.121576,13.4307,207.542,           29P   2929
0.142691,13.4307,207.537,0.152329,13.4307,207.533,0.160233,           29P   2930
13.4307,207.528,0.170436,13.4307,207.522,0.183048,13.4307,            29P   2931
207.514,0.199199,13.4307,207.503,0.219829,13.4307,207.49,             29P   2932
0.246477,13.4307,207.478,0.271,13.4307,207.462,0.303679,13.4307,      29P   2933
207.449,0.330239,13.4307,207.435,0.356501,13.4307,207.431,            29P   2934
0.365935,13.4307,207.427,0.373404,13.4307,207.422,0.382773,           29P   2935
13.4307,207.417,0.394284,13.4307,207.409,0.408776,13.4307,207.4,      29P   2936
0.426891,13.4307,207.389,0.450259,13.4307,207.378,0.471648,           29P   2937
13.4307,207.36,0.508017,13.4307,207.344,0.539374,13.4307,             29P   2938
207.328,0.570803,13.4307,207.324,0.579778,13.4307,207.321,            29P   2939
0.586653,13.4307,207.316,0.59505,13.4307,207.311,0.605305,            29P   2940
13.4307,207.305,0.618074,13.4307,207.297,0.633671,13.4307,            29P   2941
207.287,0.653871,13.4307,207.278,0.672195,13.4307,207.258,            29P   2942
0.712618,13.4307,207.239,0.74894,13.4307,207.221,0.785621,            29P   2943
13.4307,207.217,0.793875,13.4307,207.214,0.80003,13.4307,207.21,      29P   2944
0.807378,13.4307,207.206,0.816292,13.4307,207.2,0.827215,             29P   2945
13.4307,207.19,0.847219,13.4307,207.181,0.866382,13.4307,             29P   2946
207.155,0.917521,13.4307,207.134,0.958915,13.4307,207.113,            29P   2947
1.00204,13.4307,207.108,1.01091,13.4307,207.104,1.01976,13.4307,      29P   2948
207.1,1.02722,13.4307,207.096,1.03622,13.4307,207.09,1.04683,         29P   2949
13.4307,207.083,1.0608,13.4307,207.077,1.07324,13.4307,207.053,       29P   2950
1.1227,13.4307,207.029,1.16944,13.4307,207.006,1.21684,13.4307,       29P   2951
207.003,1.22296,13.4307,207.,1.22729,13.4307,206.998,1.23223,         29P   2952
13.4307,206.995,1.23815,13.4307,206.991,1.24521,13.4307,206.987,      29P   2953
1.25336,13.4307,206.982,1.26424,13.4307,206.977,1.27377,13.4307,      29P   2954
206.95,1.3283,13.4307,206.924,1.38061,13.4307,206.898,1.43354,        29P   2955
13.4307,206.896,1.43818,13.4307,206.894,1.44142,13.4307,206.892,      29P   2956
1.445,13.4307,206.89,1.44927,13.4307,206.888,1.45427,13.4307,         29P   2957
206.885,1.45997,13.4307,206.881,1.46767,13.4307,206.878,1.47435,      29P   2958
13.4307,206.854,1.5221,13.4307,206.832,1.56819,13.4307,206.809,       29P   2959
1.6148,13.4307,206.807,1.618,13.4307,206.806,1.62015,13.4307,         29P   2960
206.805,1.6225,13.4307,206.804,1.6253,13.4307,206.802,1.62857,        29P   2961
13.4307,206.8,1.63225,13.4307,206.798,1.63728,13.4307,206.796,        29P   2962
1.64158,13.4307,206.776,1.68193,13.4307,206.757,1.72096,13.4307,      29P   2963
206.738,1.76058,13.4307,206.737,1.7628,13.4307,206.736,1.76482,       29P   2964
13.4307,206.735,1.76633,13.4307,206.734,1.76818,13.4307,206.733,      29P   2965
1.77021,13.4307,206.732,1.77301,13.4307,206.716,1.80597,13.4307,      29P   2966
206.7,1.83836,13.4307,206.685,1.87001,13.4307,206.684,1.87167,        29P   2967
13.4307,206.683,1.87329,13.4307,206.682,1.87485,13.4307,206.671,      29P   2968
1.89792,13.4307,206.66,1.92063,13.4307,206.65,1.94283,13.4307,        29P   2969
206.678,2.02583,13.6871,206.677,2.02811,13.6871,206.675,2.03024,      29P   2970
13.6871,206.671,2.03131,13.6871,206.67,2.03159,13.6871,206.669,       29P   2971
2.03169,13.6871,206.667,2.03153,13.6871,206.665,2.03108,13.6871,      29P   2972
206.664,2.03033,13.6871,206.662,2.02934,13.6871,206.661,2.02807,      29P   2973
13.6871,206.66,2.0265,13.6871,206.659,2.02478,13.6871,206.658,        29P   2974
2.02227,13.6871,206.659,2.02018,13.6871,206.659,2.0178,13.6871,       29P   2975
206.66,2.01632,13.6871,206.66,2.01488,13.6871,206.661,2.0138,         29P   2976
13.6871,206.661,2.01209,13.6871,206.662,2.01037,13.6871,206.663,      29P   2977
2.00808,13.6871,206.664,2.00622,13.6871,206.664,2.00436,13.6871,      29P   2978
206.665,2.00321,13.6871,206.665,2.00226,13.6871,206.666,2.00083,      29P   2979
13.6871,206.666,1.99927,13.6871,206.667,1.99821,13.6871,206.667,      29P   2980
1.99704,13.6871,206.668,1.99477,13.6871,206.67,1.99075,13.6871,       29P   2981
206.671,1.98732,13.6871,206.672,1.98383,13.6871,206.673,1.98166,      29P   2982
13.6871,206.674,1.97949,13.6871,206.675,1.97802,13.6871,206.675,      29P   2983
1.97579,13.6871,206.676,1.97356,13.6871,206.678,1.97005,13.6871,      29P   2984
206.679,1.96773,13.6871,206.68,1.96309,13.6871,206.681,1.96076,       29P   2985
13.6871,206.683,1.95645,13.6871,206.684,1.95447,13.6871,206.686,      29P   2986
1.94872,13.6871,206.688,1.94409,13.6871,206.69,1.93822,13.6871,       29P   2987
206.691,1.93413,13.6871,206.693,1.92904,13.6871,206.696,1.92134,      29P   2988
13.6871,206.699,1.9135,13.6871,206.703,1.90534,13.6871,206.705,       29P   2989
1.89862,13.6871,206.708,1.89164,13.6871,206.711,1.88448,13.6871,      29P   2990
206.719,1.86237,13.6871,206.727,1.84174,13.6871,206.735,1.82167,      29P   2991
13.6871,206.737,1.81722,13.6871,206.74,1.8101,13.6871,206.742,        29P   2992
1.80276,13.6871,206.746,1.79497,13.6871,206.748,1.78819,13.6871,      29P   2993
206.751,1.78099,13.6871,206.754,1.77299,13.6871,206.768,1.73729,      29P   2994
13.6871,206.782,1.70354,13.6871,206.794,1.67143,13.6871,206.796,      29P   2995
1.66826,13.6871,206.798,1.66202,13.6871,206.801,1.65532,13.6871,      29P   2996
206.804,1.64796,13.6871,206.807,1.64108,13.6871,206.81,1.63354,       29P   2997
13.6871,206.813,1.62433,13.6871,206.833,1.57539,13.6871,206.852,      29P   2998
1.52779,13.6871,206.87,1.48367,13.6871,206.871,1.48099,13.6871,       29P   2999
206.872,1.47692,13.6871,206.875,1.47127,13.6871,206.878,1.4644,       29P   3000
13.6871,206.88,1.45737,13.6871,206.884,1.44931,13.6871,206.888,       29P   3001
1.43847,13.6871,206.913,1.3769,13.6871,206.938,1.31732,13.6871,       29P   3002
206.96,1.26234,13.6871,206.961,1.26006,13.6871,206.962,1.25762,       29P   3003
13.6871,206.964,1.25405,13.6871,206.965,1.2498,13.6871,206.967,       29P   3004
1.24449,13.6871,206.971,1.23716,13.6871,206.974,1.22836,13.6871,      29P   3005
206.98,1.21534,13.6871,207.005,1.15345,13.6871,207.03,1.09368,        29P   3006
13.6871,207.052,1.03997,13.6871,207.053,1.03811,13.6871,207.054,      29P   3007
1.03509,13.6871,207.056,1.03192,13.6871,207.057,1.02807,13.6871,      29P   3008
207.059,1.02426,13.6871,207.062,1.01707,13.6871,207.069,              29P   3009
0.999488,13.6871,207.097,0.933569,13.6871,207.123,0.870051,           29P   3010
13.6871,207.145,0.817737,13.6871,207.147,0.814245,13.6871,            29P   3011
207.148,0.810706,13.6871,207.15,0.806942,13.6871,207.152,             29P   3012
0.803102,13.6871,207.154,0.796532,13.6871,207.159,0.786396,           29P   3013
13.6871,207.166,0.768479,13.6871,207.192,0.706443,13.6871,            29P   3014
207.217,0.647786,13.6871,207.238,0.598215,13.6871,207.239,            29P   3015
0.59604,13.6871,207.24,0.593761,13.6871,207.241,0.590469,             29P   3016
13.6871,207.243,0.586264,13.6871,207.245,0.58239,13.6871,             29P   3017
207.248,0.575248,13.6871,207.252,0.565318,13.6871,207.261,            29P   3018
0.544628,13.6871,207.287,0.482782,13.6871,207.311,0.425037,           29P   3019
13.6871,207.331,0.378174,13.6871,207.332,0.375655,13.6871,            29P   3020
207.334,0.372125,13.6871,207.336,0.36644,13.6871,207.338,             29P   3021
0.362077,13.6871,207.341,0.354252,13.6871,207.346,0.343675,           29P   3022
13.6871,207.356,0.32028,13.6871,207.382,0.258694,13.6871,             29P   3023
207.406,0.201723,13.6871,207.425,0.156179,13.6871,207.427,            29P   3024
0.152366,13.6871,207.429,0.146604,13.6871,207.431,0.141734,           29P   3025
13.6871,207.435,0.133384,13.6871,207.44,0.121527,13.6871,             29P   3026
207.451,0.0954311,13.6871,207.477,0.0346157,13.6871,207.501,          29P   3027
-0.0204706,13.6871,207.52,-0.0620833,13.6871,207.521,-0.064762,       29P   3028
13.6871,207.523,-0.0678946,13.6871,207.525,-0.0722504,13.6871,        29P   3029
207.527,-0.076935,13.6871,207.531,-0.0860182,13.6871,207.537,         29P   3030
-0.0990942,13.6871,207.55,-0.128217,13.6871,207.578,-0.187495,        29P   3031
13.6871,207.603,-0.24015,13.6871,207.621,-0.277608,13.6871,           29P   3032
207.622,-0.280266,13.6871,207.624,-0.283524,13.6871,207.626,          29P   3033
-0.288115,13.6871,207.628,-0.292555,13.6871,207.633,-0.302265,        29P   3034
13.6871,207.64,-0.31664,13.6871,207.656,-0.349199,13.6871,            29P   3035
207.685,-0.406635,13.6871,207.71,-0.456619,13.6871,207.728,           29P   3036
-0.490019,13.6871,207.73,-0.493974,13.6871,207.733,-0.500065,         29P   3037
13.6871,207.736,-0.504897,13.6871,207.741,-0.515195,13.6871,          29P   3038
207.75,-0.531565,13.6871,207.769,-0.567359,13.6871,207.799,           29P   3039
-0.622638,13.6871,207.825,-0.669447,13.6871,207.841,-0.698157,        29P   3040
13.6871,207.843,-0.702383,13.6871,207.846,-0.707625,13.6871,          29P   3041
207.849,-0.712887,13.6871,207.856,-0.724174,13.6871,207.867,          29P   3042
-0.743552,13.6871,207.889,-0.781983,13.6871,207.92,-0.8344,           29P   3043
13.6871,207.946,-0.877434,13.6871,207.961,-0.900818,13.6871,          29P   3044
207.963,-0.903572,13.6871,207.965,-0.907757,13.6871,207.969,          29P   3045
-0.914402,13.6871,207.978,-0.928422,13.6871,207.993,-0.951345,        29P   3046
13.6871,208.019,-0.991956,13.6871,208.051,-1.04085,13.6871,           29P   3047
208.077,-1.07926,13.6871,208.089,-1.09715,13.6871,208.092,            29P   3048
-1.10051,13.6871,208.095,-1.10535,13.6871,208.101,-1.11335,           29P   3049
13.6871,208.111,-1.12843,13.6871,208.129,-1.15377,13.6871,            29P   3050
208.16,-1.19584,13.6871,208.185,-1.22968,13.6871,208.201,             29P   3051
-1.2514,13.6871,208.203,-1.25366,13.6871,208.205,-1.25657,            29P   3052
13.6871,208.208,-1.26021,13.6871,208.212,-1.26552,13.6871,            29P   3053
208.218,-1.27296,13.6871,208.231,-1.28926,13.6871,208.253,            29P   3054
-1.31694,13.6871,208.277,-1.34688,13.6871,208.294,-1.3673,            29P   3055
13.6871,208.3,-1.3745,13.6871,208.301,-1.3757,13.6871,208.303,        29P   3056
-1.3778,13.6871,208.306,-1.38134,13.6871,208.311,-1.38702,            29P   3057
13.6871,208.318,-1.39568,13.6871,208.325,-1.40318,13.6871,            29P   3058
208.338,-1.41792,13.6871,208.353,-1.43602,13.6871,208.369,            29P   3059
-1.4537,13.6871,208.377,-1.46255,13.6871,208.38,-1.4649,13.6871,      29P   3060
208.383,-1.46907,13.6871,208.389,-1.47491,13.6871,208.397,            29P   3061
-1.4842,13.6871,208.411,-1.49839,13.6871,208.422,-1.50988,            29P   3062
13.6871,208.429,-1.51738,13.6871,208.429,-1.51779,13.6871,            29P   3063
208.431,-1.51925,13.6871,208.432,-1.52024,13.6871,208.434,            29P   3064
-1.52203,13.6871,208.435,-1.52285,13.6871,208.438,-1.5244,            29P   3065
13.6871,208.439,-1.5253,13.6871,208.443,-1.52617,13.6871,             29P   3066
208.445,-1.52635,13.6871,208.446,-1.52633,13.6871,208.449,            29P   3067
-1.52614,13.6871,208.453,-1.52494,13.6871,208.455,-1.52301,           29P   3068
13.6871,208.457,-1.52156,13.6871,208.459,-1.52002,13.6871,            29P   3069
208.46,-1.51734,13.6871,208.462,-1.51342,13.6871,208.462,             29P   3070
-1.50919,13.6871,208.461,-1.50597,13.6871,208.461,-1.50416,           29P   3071
13.6871,208.461,-1.50321,13.6871,208.46,-1.50228,13.6871,             29P   3072
208.459,-1.50105,13.6871,208.459,-1.50028,13.6871,208.458,            29P   3073
-1.49893,13.6871,208.458,-1.49839,13.6871,208.457,-1.49696,           29P   3074
13.6871,208.456,-1.49605,13.6871,208.454,-1.49328,13.6871,            29P   3075
208.452,-1.49141,13.6871,208.45,-1.48863,13.6871,208.449,             29P   3076
-1.48728,13.6871,208.448,-1.48556,13.6871,208.446,-1.48303,           29P   3077
13.6871,208.442,-1.47816,13.6871,208.439,-1.47365,13.6871,            29P   3078
208.435,-1.46886,13.6871,208.433,-1.46688,13.6871,208.429,            29P   3079
-1.46153,13.6871,208.427,-1.45816,13.6871,208.422,-1.45152,           29P   3080
13.6871,208.418,-1.44684,13.6871,208.415,-1.44183,13.6871,            29P   3081
208.413,-1.43972,13.6871,208.412,-1.43862,13.6871,208.411,            29P   3082
-1.43651,13.6871,208.408,-1.43281,13.6871,208.405,-1.42868,           29P   3083
13.6871,208.403,-1.42589,13.6871,208.399,-1.42118,13.6871,            29P   3084
208.396,-1.41622,13.6871,208.392,-1.41126,13.6871,208.391,            29P   3085
-1.40975,13.6871,208.386,-1.40371,13.6871,208.381,-1.3961,            29P   3086
13.6871,208.374,-1.38647,13.6871,208.371,-1.38245,13.6871,            29P   3087
208.369,-1.37915,13.6871,208.364,-1.37326,13.6871,208.36,             29P   3088
-1.36701,13.6871,208.356,-1.36159,13.6871,208.353,-1.35677,           29P   3089
13.6871,208.349,-1.35129,13.6871,208.345,-1.34534,13.6871,            29P   3090
208.343,-1.34238,13.6871,208.34,-1.33833,13.6871,208.333,             29P   3091
-1.3283,13.6871,208.326,-1.31914,13.6871,208.32,-1.31044,             29P   3092
13.6871,208.317,-1.30567,13.6871,208.314,-1.3006,13.6871,             29P   3093
208.307,-1.29109,13.6871,208.302,-1.2841,13.6871,208.296,             29P   3094
-1.27519,13.6871,208.294,-1.27137,13.6871,208.283,-1.25613,           29P   3095
13.6871,208.275,-1.24369,13.6871,208.265,-1.22841,13.6871,            29P   3096
208.262,-1.22413,13.6871,208.259,-1.21894,13.6871,208.256,            29P   3097
-1.21537,13.6871,208.253,-1.21036,13.6871,208.25,-1.20585,            29P   3098
13.6871,208.244,-1.19693,13.6871,208.239,-1.18903,13.6871,            29P   3099
208.231,-1.17657,13.6871,208.221,-1.16106,13.6871,208.209,            29P   3100
-1.14202,13.6871,208.195,-1.11998,13.6871,208.183,-1.09994,           29P   3101
13.6871,208.169,-1.07811,13.6871,208.159,-1.06192,13.6871,            29P   3102
208.153,-1.05139,13.6871,208.149,-1.04461,13.6871,208.142,            29P   3103
-1.0332,13.6871,208.133,-1.01813,13.6871,208.125,-1.00487,            29P   3104
13.6871,208.119,-0.994698,13.6871,208.113,-0.985219,13.6871,          29P   3105
208.096,-0.95724,13.6871,208.072,-0.915323,13.6871,208.05,            29P   3106
-0.877149,13.6871,208.037,-0.855437,13.6871,208.034,-0.849308,        29P   3107
13.6871,208.03,-0.843168,13.6871,208.024,-0.831423,13.6871,           29P   3108
208.015,-0.81617,13.6871,208.002,-0.79308,13.6871,207.984,            29P   3109
-0.760602,13.6871,207.959,-0.714564,13.6871,207.938,-0.676008,        29P   3110
13.6871,207.926,-0.654566,13.6871,207.924,-0.650553,13.6871,          29P   3111
207.922,-0.64684,13.6871,207.919,-0.641505,13.6871,207.916,           29P   3112
-0.63549,13.6871,207.91,-0.623617,13.6871,207.901,-0.608397,          29P   3113
13.6871,207.89,-0.587217,13.6871,207.874,-0.55683,13.6871,            29P   3114
207.852,-0.514469,13.6871,207.833,-0.476948,13.6871,207.821,          29P   3115
-0.455397,13.6871,207.818,-0.448872,13.6871,207.815,-0.442547,        29P   3116
13.6871,207.811,-0.43434,13.6871,207.806,-0.42608,13.6871,207.8,      29P   3117
-0.414349,13.6871,207.793,-0.399457,13.6871,207.782,-0.379193,        29P   3118
13.6871,207.768,-0.351036,13.6871,207.749,-0.31313,13.6871,           29P   3119
207.732,-0.278581,13.6871,207.72,-0.254983,13.6871,207.714,           29P   3120
-0.243004,13.6871,207.708,-0.229874,13.6871,207.702,-0.218019,        29P   3121
13.6871,207.695,-0.202979,13.6871,207.688,-0.188619,13.6871,          29P   3122
207.678,-0.169497,13.6871,207.666,-0.143708,13.6871,207.649,          29P   3123
-0.109748,13.6871,207.634,-0.0784609,13.6871,207.621,-0.0520648,      29P   3124
13.6871,207.613,-0.0349862,13.6871,207.605,-0.018861,13.6871,         29P   3125
207.601,-0.00915351,13.6871,207.597,-0.000871737,13.6871,             29P   3126
207.592,0.010075,13.6871,207.585,0.0237279,13.6871,207.577,           29P   3127
0.0415765,13.6871,207.566,0.0649881,13.6871,207.551,0.0953914,        29P   3128
13.6871,207.538,0.123451,13.6871,207.524,0.153093,13.6871,            29P   3129
207.514,0.175144,13.6871,207.504,0.196515,13.6871,207.5,0.20627,      29P   3130
13.6871,207.496,0.214271,13.6871,207.491,0.224601,13.6871,            29P   3131
207.485,0.237369,13.6871,207.478,0.253724,13.6871,207.468,            29P   3132
0.274614,13.6871,207.455,0.301604,13.6871,207.444,0.326444,           29P   3133
13.6871,207.429,0.359548,13.6871,207.416,0.386455,13.6871,            29P   3134
207.404,0.413062,13.6871,207.399,0.42262,13.6871,207.396,             29P   3135
0.430188,13.6871,207.392,0.43968,13.6871,207.386,0.451343,            29P   3136
13.6871,207.379,0.466026,13.6871,207.371,0.484382,13.6871,            29P   3137
207.36,0.50806,13.6871,207.35,0.529736,13.6871,207.333,0.566595,      29P   3138
13.6871,207.318,0.598379,13.6871,207.303,0.630243,13.6871,            29P   3139
207.299,0.639342,13.6871,207.296,0.646314,13.6871,207.292,            29P   3140
0.654828,13.6871,207.287,0.665227,13.6871,207.281,0.678175,           29P   3141
13.6871,207.274,0.693993,13.6871,207.264,0.714479,13.6871,            29P   3142
207.256,0.733065,13.6871,207.237,0.774069,13.6871,207.22,             29P   3143
0.810921,13.6871,207.203,0.848143,13.6871,207.199,0.856519,           29P   3144
13.6871,207.196,0.862766,13.6871,207.193,0.870223,13.6871,            29P   3145
207.188,0.87927,13.6871,207.183,0.890356,13.6871,207.174,             29P   3146
0.91066,13.6871,207.165,0.930111,13.6871,207.141,0.982027,            29P   3147
13.6871,207.122,1.02406,13.6871,207.102,1.06786,13.6871,207.098,      29P   3148
1.07687,13.6871,207.094,1.08586,13.6871,207.09,1.09344,13.6871,       29P   3149
207.086,1.10258,13.6871,207.081,1.11336,13.6871,207.074,1.12755,      29P   3150
13.6871,207.069,1.14019,13.6871,207.046,1.19044,13.6871,207.024,      29P   3151
1.23794,13.6871,207.002,1.28614,13.6871,207.,1.29236,13.6871,         29P   3152
206.998,1.29677,13.6871,206.995,1.30178,13.6871,206.993,1.30781,      29P   3153
13.6871,206.989,1.31499,13.6871,206.986,1.32328,13.6871,206.981,      29P   3154
1.33433,13.6871,206.976,1.34403,13.6871,206.951,1.39949,13.6871,      29P   3155
206.927,1.45272,13.6871,206.903,1.50658,13.6871,206.901,1.51131,      29P   3156
13.6871,206.9,1.5146,13.6871,206.898,1.51825,13.6871,206.896,         29P   3157
1.5226,13.6871,206.894,1.52768,13.6871,206.891,1.53349,13.6871,       29P   3158
206.888,1.54132,13.6871,206.885,1.54812,13.6871,206.863,1.59674,      29P   3159
13.6871,206.842,1.64368,13.6871,206.822,1.69117,13.6871,206.82,       29P   3160
1.69443,13.6871,206.819,1.69663,13.6871,206.818,1.69902,13.6871,      29P   3161
206.817,1.70187,13.6871,206.816,1.70521,13.6871,206.814,1.70896,      29P   3162
13.6871,206.812,1.71408,13.6871,206.81,1.71847,13.6871,206.792,       29P   3163
1.75955,13.6871,206.775,1.79935,13.6871,206.757,1.83976,13.6871,      29P   3164
206.756,1.84202,13.6871,206.755,1.84409,13.6871,206.755,1.84568,      29P   3165
13.6871,206.754,1.84757,13.6871,206.753,1.84963,13.6871,206.752,      29P   3166
1.85249,13.6871,206.737,1.88608,13.6871,206.723,1.91913,13.6871,      29P   3167
206.709,1.95144,13.6871,206.709,1.95314,13.6871,206.708,1.95479,      29P   3168
13.6871,206.707,1.95641,13.6871,206.697,1.97996,13.6871,206.688,      29P   3169
2.00316,13.6871,206.678,2.02583,13.6871,206.691,2.0735,13.812,        29P   3170
206.69,2.0758,13.812,206.688,2.078,13.812,206.685,2.07902,            29P   3171
13.812,206.683,2.07927,13.812,206.682,2.07932,13.812,206.68,          29P   3172
2.07909,13.812,206.678,2.07857,13.812,206.677,2.07776,13.812,         29P   3173
206.676,2.0767,13.812,206.674,2.07516,13.812,206.673,2.07349,         29P   3174
13.812,206.673,2.07176,13.812,206.673,2.06925,13.812,206.673,         29P   3175
2.06713,13.812,206.674,2.06482,13.812,206.674,2.06339,13.812,         29P   3176
206.675,2.06196,13.812,206.675,2.06085,13.812,206.676,2.05916,        29P   3177
13.812,206.676,2.05746,13.812,206.677,2.05516,13.812,206.678,         29P   3178
2.05326,13.812,206.679,2.05136,13.812,206.679,2.0502,13.812,          29P   3179
206.679,2.04924,13.812,206.68,2.0478,13.812,206.68,2.04623,           29P   3180
13.812,206.681,2.04517,13.812,206.681,2.04399,13.812,206.682,         29P   3181
2.0417,13.812,206.683,2.03764,13.812,206.685,2.03419,13.812,          29P   3182
206.686,2.03067,13.812,206.687,2.02848,13.812,206.688,2.02629,        29P   3183
13.812,206.688,2.02481,13.812,206.689,2.02257,13.812,206.69,          29P   3184
2.02032,13.812,206.691,2.01678,13.812,206.692,2.01445,13.812,         29P   3185
206.694,2.00977,13.812,206.694,2.00742,13.812,206.696,2.00308,        29P   3186
13.812,206.697,2.00108,13.812,206.699,1.99528,13.812,206.7,           29P   3187
1.99062,13.812,206.703,1.9847,13.812,206.704,1.98059,13.812,          29P   3188
206.706,1.97545,13.812,206.709,1.9677,13.812,206.712,1.95979,         29P   3189
13.812,206.715,1.95156,13.812,206.717,1.9448,13.812,206.72,           29P   3190
1.93776,13.812,206.722,1.93054,13.812,206.73,1.90835,13.812,          29P   3191
206.738,1.88757,13.812,206.745,1.86734,13.812,206.747,1.86276,        29P   3192
13.812,206.75,1.85559,13.812,206.752,1.84819,13.812,206.755,          29P   3193
1.84034,13.812,206.758,1.8335,13.812,206.76,1.82624,13.812,           29P   3194
206.763,1.81819,13.812,206.777,1.78203,13.812,206.79,1.74801,         29P   3195
13.812,206.802,1.71565,13.812,206.803,1.71247,13.812,206.805,         29P   3196
1.70635,13.812,206.808,1.6996,13.812,206.81,1.69218,13.812,           29P   3197
206.813,1.68525,13.812,206.816,1.67765,13.812,206.819,1.66837,        29P   3198
13.812,206.838,1.61923,13.812,206.856,1.57127,13.812,206.873,         29P   3199
1.52681,13.812,206.874,1.52405,13.812,206.876,1.51981,13.812,         29P   3200
206.878,1.51412,13.812,206.881,1.50719,13.812,206.883,1.50011,        29P   3201
13.812,206.886,1.49199,13.812,206.891,1.48107,13.812,206.914,         29P   3202
1.41902,13.812,206.938,1.35898,13.812,206.959,1.30359,13.812,         29P   3203
206.96,1.30129,13.812,206.961,1.29882,13.812,206.962,1.29523,         29P   3204
13.812,206.964,1.29095,13.812,206.966,1.2856,13.812,206.969,          29P   3205
1.27821,13.812,206.973,1.26935,13.812,206.978,1.25624,13.812,         29P   3206
207.002,1.19388,13.812,207.026,1.13367,13.812,207.047,1.07955,        29P   3207
13.812,207.048,1.07768,13.812,207.049,1.07464,13.812,207.05,          29P   3208
1.07144,13.812,207.052,1.06756,13.812,207.053,1.06373,13.812,         29P   3209
207.056,1.05648,13.812,207.063,1.03877,13.812,207.09,0.972346,        29P   3210
13.812,207.115,0.908336,13.812,207.136,0.855623,13.812,207.137,       29P   3211
0.852105,13.812,207.139,0.848538,13.812,207.14,0.844746,13.812,       29P   3212
207.142,0.840876,13.812,207.145,0.834257,13.812,207.149,              29P   3213
0.824043,13.812,207.156,0.805991,13.812,207.181,0.743484,13.812,      29P   3214
207.204,0.684385,13.812,207.225,0.634434,13.812,207.225,              29P   3215
0.632243,13.812,207.226,0.629946,13.812,207.228,0.62663,13.812,       29P   3216
207.229,0.622393,13.812,207.231,0.618489,13.812,207.234,              29P   3217
0.611292,13.812,207.238,0.601286,13.812,207.246,0.580437,13.812,      29P   3218
207.271,0.518115,13.812,207.295,0.459921,13.812,207.314,              29P   3219
0.412695,13.812,207.315,0.410014,13.812,207.316,0.406457,13.812,      29P   3220
207.318,0.400727,13.812,207.32,0.396397,13.812,207.323,0.388587,      29P   3221
13.812,207.327,0.377928,13.812,207.337,0.354351,13.812,207.362,       29P   3222
0.292285,13.812,207.384,0.234871,13.812,207.403,0.189152,13.812,      29P   3223
207.404,0.185309,13.812,207.407,0.179503,13.812,207.409,              29P   3224
0.174511,13.812,207.412,0.166012,13.812,207.417,0.154066,13.812,      29P   3225
207.428,0.127774,13.812,207.453,0.0665102,13.812,207.476,             29P   3226
0.0110439,13.812,207.494,-0.0308288,13.812,207.496,-0.0335242,        29P   3227
13.812,207.497,-0.0366762,13.812,207.499,-0.0410588,13.812,           29P   3228
207.501,-0.0457719,13.812,207.505,-0.0549097,13.812,207.511,          29P   3229
-0.0680629,13.812,207.523,-0.0973508,13.812,207.55,-0.156935,         29P   3230
13.812,207.575,-0.209802,13.812,207.593,-0.247376,13.812,             29P   3231
207.594,-0.250042,13.812,207.596,-0.25331,13.812,207.598,             29P   3232
-0.257913,13.812,207.6,-0.262367,13.812,207.605,-0.272103,            29P   3233
13.812,207.612,-0.286516,13.812,207.627,-0.319147,13.812,             29P   3234
207.656,-0.376671,13.812,207.681,-0.426663,13.812,207.699,            29P   3235
-0.459888,13.812,207.701,-0.463841,13.812,207.704,-0.469925,          29P   3236
13.812,207.707,-0.474804,13.812,207.712,-0.485186,13.812,             29P   3237
207.721,-0.501532,13.812,207.74,-0.537255,13.812,207.77,              29P   3238
-0.592347,13.812,207.797,-0.638922,13.812,207.813,-0.66762,           29P   3239
13.812,207.816,-0.671838,13.812,207.819,-0.677045,13.812,             29P   3240
207.822,-0.682229,13.812,207.828,-0.693306,13.812,207.84,             29P   3241
-0.712537,13.812,207.862,-0.750639,13.812,207.894,-0.802497,          29P   3242
13.812,207.922,-0.844974,13.812,207.937,-0.86802,13.812,207.938,      29P   3243
-0.870742,13.812,207.941,-0.874786,13.812,207.945,-0.881332,          29P   3244
13.812,207.954,-0.895138,13.812,207.97,-0.917782,13.812,207.997,      29P   3245
-0.957678,13.812,208.031,-1.00558,13.812,208.058,-1.04306,            29P   3246
13.812,208.071,-1.06049,13.812,208.074,-1.0639,13.812,208.077,        29P   3247
-1.06861,13.812,208.083,-1.0764,13.812,208.094,-1.09093,13.812,       29P   3248
208.113,-1.11554,13.812,208.145,-1.15628,13.812,208.172,-1.1889,      29P   3249
13.812,208.19,-1.20976,13.812,208.192,-1.21187,13.812,208.194,        29P   3250
-1.21467,13.812,208.197,-1.21816,13.812,208.201,-1.22327,13.812,      29P   3251
208.208,-1.23044,13.812,208.221,-1.24605,13.812,208.245,              29P   3252
-1.27249,13.812,208.271,-1.30095,13.812,208.289,-1.32029,13.812,      29P   3253
208.296,-1.3271,13.812,208.297,-1.32823,13.812,208.299,-1.33021,      29P   3254
13.812,208.302,-1.33356,13.812,208.307,-1.33893,13.812,208.315,       29P   3255
-1.3471,13.812,208.322,-1.35415,13.812,208.336,-1.36802,13.812,       29P   3256
208.353,-1.385,13.812,208.37,-1.40145,13.812,208.379,-1.40969,        29P   3257
13.812,208.381,-1.41188,13.812,208.386,-1.41578,13.812,208.391,       29P   3258
-1.42125,13.812,208.401,-1.42987,13.812,208.415,-1.44301,13.812,      29P   3259
208.427,-1.45361,13.812,208.435,-1.46056,13.812,208.435,              29P   3260
-1.46098,13.812,208.437,-1.4623,13.812,208.438,-1.46321,13.812,       29P   3261
208.44,-1.46501,13.812,208.441,-1.4659,13.812,208.443,-1.46779,       29P   3262
13.812,208.445,-1.46899,13.812,208.448,-1.47043,13.812,208.45,        29P   3263
-1.47094,13.812,208.452,-1.47123,13.812,208.454,-1.47145,13.812,      29P   3264
208.458,-1.47076,13.812,208.461,-1.46926,13.812,208.463,              29P   3265
-1.46803,13.812,208.465,-1.46666,13.812,208.467,-1.46408,13.812,      29P   3266
208.469,-1.46042,13.812,208.47,-1.45626,13.812,208.469,-1.45312,      29P   3267
13.812,208.469,-1.45113,13.812,208.469,-1.45025,13.812,208.469,       29P   3268
-1.44941,13.812,208.468,-1.4481,13.812,208.468,-1.44719,13.812,       29P   3269
208.467,-1.44576,13.812,208.466,-1.44521,13.812,208.465,              29P   3270
-1.44383,13.812,208.464,-1.44295,13.812,208.462,-1.44031,13.812,      29P   3271
208.46,-1.43855,13.812,208.458,-1.43593,13.812,208.457,-1.43465,      29P   3272
13.812,208.455,-1.43303,13.812,208.453,-1.43065,13.812,208.449,       29P   3273
-1.42605,13.812,208.445,-1.42179,13.812,208.441,-1.41726,13.812,      29P   3274
208.44,-1.41539,13.812,208.435,-1.41033,13.812,208.433,-1.40714,      29P   3275
13.812,208.427,-1.40085,13.812,208.423,-1.39642,13.812,208.419,       29P   3276
-1.39166,13.812,208.417,-1.38966,13.812,208.417,-1.38862,13.812,      29P   3277
208.415,-1.38662,13.812,208.412,-1.3831,13.812,208.409,-1.37919,      29P   3278
13.812,208.406,-1.37653,13.812,208.402,-1.37206,13.812,208.398,       29P   3279
-1.36734,13.812,208.395,-1.36262,13.812,208.393,-1.36118,13.812,      29P   3280
208.388,-1.35543,13.812,208.382,-1.34818,13.812,208.375,              29P   3281
-1.33899,13.812,208.372,-1.33515,13.812,208.369,-1.332,13.812,        29P   3282
208.365,-1.32637,13.812,208.36,-1.3204,13.812,208.356,-1.31521,       29P   3283
13.812,208.352,-1.3106,13.812,208.348,-1.30544,13.812,208.343,        29P   3284
-1.29974,13.812,208.341,-1.2969,13.812,208.338,-1.29293,13.812,       29P   3285
208.33,-1.28332,13.812,208.323,-1.27453,13.812,208.317,-1.26616,      29P   3286
13.812,208.313,-1.26158,13.812,208.309,-1.2567,13.812,208.302,        29P   3287
-1.24755,13.812,208.297,-1.24082,13.812,208.291,-1.23223,13.812,      29P   3288
208.288,-1.22855,13.812,208.277,-1.21384,13.812,208.268,              29P   3289
-1.20182,13.812,208.257,-1.18701,13.812,208.254,-1.18287,13.812,      29P   3290
208.25,-1.17785,13.812,208.248,-1.17438,13.812,208.244,-1.16953,      29P   3291
13.812,208.241,-1.16519,13.812,208.235,-1.15654,13.812,208.229,       29P   3292
-1.14888,13.812,208.221,-1.13677,13.812,208.21,-1.1217,13.812,        29P   3293
208.197,-1.10317,13.812,208.183,-1.08169,13.812,208.169,              29P   3294
-1.06213,13.812,208.155,-1.04093,13.812,208.144,-1.0251,13.812,       29P   3295
208.138,-1.01479,13.812,208.133,-1.00803,13.812,208.126,              29P   3296
-0.996857,13.812,208.116,-0.982085,13.812,208.108,-0.969079,          29P   3297
13.812,208.101,-0.959103,13.812,208.095,-0.9498,13.812,208.078,       29P   3298
-0.922325,13.812,208.052,-0.881098,13.812,208.029,-0.843467,          29P   3299
13.812,208.016,-0.822041,13.812,208.013,-0.815992,13.812,             29P   3300
208.009,-0.809929,13.812,208.002,-0.79833,13.812,207.993,             29P   3301
-0.78326,13.812,207.98,-0.760428,13.812,207.961,-0.728291,            29P   3302
13.812,207.935,-0.682678,13.812,207.914,-0.644421,13.812,             29P   3303
207.902,-0.623128,13.812,207.9,-0.619144,13.812,207.898,              29P   3304
-0.615456,13.812,207.895,-0.610157,13.812,207.891,-0.604182,          29P   3305
13.812,207.885,-0.592387,13.812,207.877,-0.57726,13.812,207.865,      29P   3306
-0.556201,13.812,207.849,-0.525975,13.812,207.826,-0.483802,          29P   3307
13.812,207.806,-0.446408,13.812,207.795,-0.424916,13.812,             29P   3308
207.792,-0.418407,13.812,207.789,-0.412099,13.812,207.784,            29P   3309
-0.403911,13.812,207.78,-0.395668,13.812,207.774,-0.383961,           29P   3310
13.812,207.766,-0.369094,13.812,207.756,-0.348858,13.812,             29P   3311
207.742,-0.32073,13.812,207.723,-0.28284,13.812,207.705,              29P   3312
-0.248281,13.812,207.694,-0.224666,13.812,207.688,-0.212677,          29P   3313
13.812,207.681,-0.199533,13.812,207.676,-0.187663,13.812,             29P   3314
207.668,-0.172602,13.812,207.661,-0.15822,13.812,207.652,             29P   3315
-0.139062,13.812,207.639,-0.11322,13.812,207.623,-0.0791755,          29P   3316
13.812,207.608,-0.0477936,13.812,207.596,-0.0213087,13.812,           29P   3317
207.588,-0.00416836,13.812,207.58,0.0120191,13.812,207.576,           29P   3318
0.0217654,13.812,207.572,0.0300811,13.812,207.567,0.0410735,          29P   3319
13.812,207.56,0.0547854,13.812,207.552,0.0727143,13.812,207.541,      29P   3320
0.0962354,13.812,207.527,0.126789,13.812,207.515,0.154996,            29P   3321
13.812,207.501,0.184798,13.812,207.491,0.206972,13.812,207.481,       29P   3322
0.228466,13.812,207.477,0.238278,13.812,207.473,0.246326,13.812,      29P   3323
207.469,0.256716,13.812,207.463,0.269561,13.812,207.456,              29P   3324
0.286013,13.812,207.446,0.307031,13.812,207.434,0.334187,13.812,      29P   3325
207.423,0.359183,13.812,207.408,0.392496,13.812,207.396,              29P   3326
0.419576,13.812,207.384,0.446353,13.812,207.38,0.455972,13.812,       29P   3327
207.376,0.463589,13.812,207.372,0.473142,13.812,207.367,0.48488,      29P   3328
13.812,207.36,0.499659,13.812,207.352,0.518134,13.812,207.341,        29P   3329
0.541968,13.812,207.332,0.563788,13.812,207.315,0.600892,13.812,      29P   3330
207.301,0.632891,13.812,207.287,0.664976,13.812,207.283,              29P   3331
0.674139,13.812,207.279,0.681159,13.812,207.276,0.689733,13.812,      29P   3332
207.271,0.700205,13.812,207.265,0.713245,13.812,207.258,              29P   3333
0.729175,13.812,207.249,0.749808,13.812,207.241,0.768529,13.812,      29P   3334
207.223,0.809832,13.812,207.206,0.846958,13.812,207.19,0.884462,      29P   3335
13.812,207.186,0.892902,13.812,207.183,0.899197,13.812,207.18,        29P   3336
0.90671,13.812,207.176,0.915827,13.812,207.171,0.926998,13.812,       29P   3337
207.162,0.947459,13.812,207.153,0.967063,13.812,207.13,1.01939,       29P   3338
13.812,207.112,1.06176,13.812,207.093,1.10592,13.812,207.089,         29P   3339
1.115,13.812,207.085,1.12407,13.812,207.081,1.13171,13.812,           29P   3340
207.077,1.14093,13.812,207.073,1.1518,13.812,207.066,1.16611,         29P   3341
13.812,207.061,1.17886,13.812,207.039,1.22954,13.812,207.018,         29P   3342
1.27746,13.812,206.997,1.32609,13.812,206.995,1.33237,13.812,         29P   3343
206.993,1.33681,13.812,206.991,1.34187,13.812,206.988,1.34795,        29P   3344
13.812,206.985,1.35519,13.812,206.981,1.36356,13.812,206.977,         29P   3345
1.37472,13.812,206.972,1.3845,13.812,206.949,1.44048,13.812,          29P   3346
206.926,1.4942,13.812,206.903,1.5486,13.812,206.901,1.55337,          29P   3347
13.812,206.9,1.5567,13.812,206.898,1.56038,13.812,206.896,            29P   3348
1.56477,13.812,206.894,1.5699,13.812,206.892,1.57577,13.812,          29P   3349
206.888,1.58368,13.812,206.886,1.59054,13.812,206.865,1.63964,        29P   3350
13.812,206.845,1.68706,13.812,206.826,1.73505,13.812,206.824,         29P   3351
1.73835,13.812,206.823,1.74057,13.812,206.822,1.74298,13.812,         29P   3352
206.821,1.74587,13.812,206.82,1.74924,13.812,206.818,1.75303,         29P   3353
13.812,206.816,1.75821,13.812,206.814,1.76264,13.812,206.798,         29P   3354
1.80412,13.812,206.781,1.84436,13.812,206.765,1.88522,13.812,         29P   3355
206.764,1.88751,13.812,206.763,1.8896,13.812,206.763,1.89125,         29P   3356
13.812,206.762,1.89316,13.812,206.761,1.89525,13.812,206.76,          29P   3357
1.89814,13.812,206.746,1.93207,13.812,206.733,1.96549,13.812,         29P   3358
206.72,1.99818,13.812,206.72,1.9999,13.812,206.719,2.00157,           29P   3359
13.812,206.718,2.00325,13.812,206.709,2.02708,13.812,206.7,           29P   3360
2.05055,13.812,206.691,2.0735,13.812,0.,8.54664,0.,7.03582;           29P   3361
S      5G      3D     30P   3361                                        T      1
