This is a NASA-IGES-NURBS-Only file converted by:                       S      1
NIGES Translator Version 3.2 developed at NASA Ames Research Center.    S      2
Conversion done on: Mon May 20 14:04:58 1996.                           S      3
>>>>>>>>>>>>>>>>>>>> Original Start Section follows <<<<<<<<<<<<<<<<<<<<S      4
                                                                        S      5
1H,,1H;,,20Hcmpr rotor7     srf ,22HIBM PROFESSIONAL CADAM,47HIBM IGES PG      1
rocessor for AIX and UNIX V2R2 (1994),32,75,6,75,15,,1.,1,4HINCH,1000,  G      2
0.125984,13H960520.101218,1.00000E-06,228.432,,,8,0,;                   G      3
     406       1       1       1       0       0       0       000020101D      1
     406       0       0       1      15                               0D      2
     406       2       1       1       0       0       0       000020101D      3
     406       0       0       1      15                               0D      4
     126       3       0       1       0       0       0       000000000D      5
     126     109       0      35       0                               0D      6
     126      38       0       1       0       0       0       000000000D      7
     126     109       0      34       0                               0D      8
     126      72       0       1       0       0       0       000000000D      9
     126     109       0      34       0                               0D     10
     126     106       0       1       0       0       0       000000000D     11
     126     109       0      35       0                               0D     12
     126     141       0       1       0       0       0       000000000D     13
     126     109       0      35       0                               0D     14
     126     176       0       1       0       0       0       000000000D     15
     126     109       0      34       0                               0D     16
     126     210       0       1       0       0       0       000000000D     17
     126     109       0      33       0                               0D     18
     126     243       0       1       0       0       0       000000000D     19
     126     109       0      35       0                               0D     20
     126     278       0       1       0       0       0       000000000D     21
     126     109       0      34       0                               0D     22
     126     312       0       1       0       0       0       000000000D     23
     126     109       0      34       0                               0D     24
     126     346       0       1       0       0       0       000000000D     25
     126     109       0      34       0                               0D     26
     126     380       0       1       0       0       0       000000000D     27
     126     109       0      35       0                               0D     28
     128     415       0       1       0       0       0       000000000D     29
     128     109       2    2293       0                               0D     30
406,1,23Hcmpr rotor7     srf ,3d;                                      1P      1
406,1,2H3d;                                                            3P      2
126,55,3,0,1,1,0,0.,0.,0.,0.,0.0067625,0.0134897,0.020217,             5P      3
0.0269442,0.0269442,0.0499959,0.0845159,0.130545,0.187963,             5P      4
0.256904,0.325861,0.394823,0.463713,0.532529,0.601407,0.670293,        5P      5
0.739219,0.808095,0.876942,0.94583,1.01471,1.07218,1.11806,            5P      6
1.1526,1.17557,1.17557,1.17557,1.18793,1.20029,1.21264,1.22499,        5P      7
1.22499,1.22499,1.24691,1.27978,1.32359,1.37839,1.44418,1.50997,       5P      8
1.57575,1.64151,1.70723,1.77301,1.83887,1.90472,1.97053,2.0363,        5P      9
2.10226,2.16805,2.223,2.26692,2.29988,2.32188,2.32188,2.32188,         5P     10
2.32188,1.,1.,1.,1.,1.,1.,1.,1.,1.,1.,1.,1.,1.,1.,1.,1.,1.,1.,         5P     11
1.,1.,1.,1.,1.,1.,1.,1.,1.,1.,1.,1.,1.,1.,1.,1.,1.,1.,1.,1.,1.,        5P     12
1.,1.,1.,1.,1.,1.,1.,1.,1.,1.,1.,1.,1.,1.,1.,1.,1.,227.553,            5P     13
0.383,10.732,227.552,0.38461,10.732,227.547,0.386636,10.732,           5P     14
227.54,0.384966,10.732,227.536,0.379185,10.732,227.536,0.374282,       5P     15
10.732,227.539,0.365065,10.732,227.547,0.347334,10.732,227.561,        5P     16
0.315812,10.732,227.581,0.27464,10.732,227.61,0.224556,10.732,         5P     17
227.645,0.170029,10.732,227.687,0.115079,10.732,227.732,               5P     18
0.0632626,10.732,227.782,0.0148096,10.732,227.834,-0.0299809,          5P     19
10.732,227.889,-0.0707619,10.732,227.947,-0.108201,10.732,             5P     20
228.007,-0.143274,10.732,228.067,-0.176047,10.732,228.129,             5P     21
-0.206104,10.732,228.192,-0.233772,10.732,228.253,-0.257232,           5P     22
10.732,228.307,-0.276085,10.732,228.351,-0.289649,10.732,              5P     23
228.384,-0.299172,10.732,228.403,-0.304089,10.732,228.41,-0.306,       5P     24
10.732,228.414,-0.307028,10.732,228.423,-0.306061,10.732,              5P     25
228.432,-0.295702,10.732,228.431,-0.28219,10.732,228.425,              5P     26
-0.275774,10.732,228.421,-0.2742,10.732,228.414,-0.271407,             5P     27
10.732,228.397,-0.264322,10.732,228.367,-0.251141,10.732,              5P     28
228.328,-0.232607,10.732,228.279,-0.208117,10.732,228.224,             5P     29
-0.178444,10.732,228.167,-0.144965,10.732,228.112,-0.109305,           5P     30
10.732,228.058,-0.0718566,10.732,228.006,-0.0323202,10.732,            5P     31
227.955,0.00923873,10.732,227.904,0.0518888,10.732,227.855,            5P     32
0.0952151,10.732,227.806,0.138974,10.732,227.757,0.183455,             5P     33
10.732,227.709,0.22845,10.732,227.664,0.271621,10.732,227.625,         5P     34
0.310041,10.732,227.594,0.341165,10.732,227.571,0.364694,10.732,       5P     35
227.558,0.377764,10.732,227.553,0.383,10.732,0.,2.32188,0.,0.,         5P     36
0.;                                                                    5P     37
126,55,3,0,1,1,0,0.,0.,0.,0.,0.00655849,0.013137,0.0197155,            7P     38
0.026294,0.026294,0.0491445,0.0834287,0.12914,0.18628,0.254833,        7P     39
0.323446,0.391879,0.460424,0.528939,0.597369,0.665872,0.734388,        7P     40
0.802808,0.871381,0.939859,1.00831,1.06548,1.1112,1.14542,             7P     41
1.16826,1.16826,1.16826,1.18031,1.19236,1.20441,1.21646,1.21646,       7P     42
1.21646,1.23834,1.27118,1.31498,1.36968,1.43542,1.50102,1.56677,       7P     43
1.63244,1.69823,1.76383,1.82957,1.89535,1.9611,2.0269,2.09261,         7P     44
2.15838,2.21319,2.25711,2.28992,2.31192,2.31192,2.31192,2.31192,       7P     45
1.,1.,1.,1.,1.,1.,1.,1.,1.,1.,1.,1.,1.,1.,1.,1.,1.,1.,1.,1.,1.,        7P     46
1.,1.,1.,1.,1.,1.,1.,1.,1.,1.,1.,1.,1.,1.,1.,1.,1.,1.,1.,1.,1.,        7P     47
1.,1.,1.,1.,1.,1.,1.,1.,1.,1.,1.,1.,1.,1.,227.555,0.3948,10.824,       7P     48
227.553,0.396372,10.824,227.549,0.398561,10.824,227.542,               7P     49
0.396815,10.824,227.538,0.391116,10.824,227.538,0.386323,10.824,       7P     50
227.542,0.377273,10.824,227.549,0.359772,10.824,227.563,               7P     51
0.328557,10.824,227.584,0.287628,10.824,227.612,0.23783,10.824,        7P     52
227.647,0.183278,10.824,227.687,0.127986,10.824,227.731,               7P     53
0.0754639,10.824,227.779,0.026018,10.824,227.829,-0.0204966,           7P     54
10.824,227.883,-0.0633091,10.824,227.938,-0.103155,10.824,             7P     55
227.996,-0.140884,10.824,228.054,-0.176218,10.824,228.114,             7P     56
-0.209189,10.824,228.176,-0.239743,10.824,228.235,-0.26607,            7P     57
10.824,228.288,-0.287467,10.824,228.331,-0.303313,10.824,              7P     58
228.363,-0.31424,10.824,228.381,-0.320165,10.824,228.388,              7P     59
-0.3225,10.824,228.392,-0.323732,10.824,228.401,-0.323254,             7P     60
10.824,228.41,-0.313731,10.824,228.411,-0.30057,10.824,228.405,        7P     61
-0.293833,10.824,228.401,-0.292,10.824,228.395,-0.288672,10.824,       7P     62
228.378,-0.280256,10.824,228.35,-0.264616,10.824,228.311,              7P     63
-0.243264,10.824,228.264,-0.215406,10.824,228.212,-0.182512,           7P     64
10.824,228.157,-0.145941,10.824,228.104,-0.107773,10.824,              7P     65
228.051,-0.0680219,10.824,228.,-0.0268207,10.824,227.95,               7P     66
0.0160877,10.824,227.901,0.0598397,10.824,227.853,0.104034,            7P     67
10.824,227.804,0.148603,10.824,227.757,0.1938,10.824,227.709,          7P     68
0.239483,10.824,227.665,0.2828,10.824,227.626,0.321738,10.824,         7P     69
227.595,0.352806,10.824,227.572,0.376408,10.824,227.56,0.389527,       7P     70
10.824,227.555,0.3948,10.824,0.,2.31192,0.,0.,0.;                      7P     71
126,55,3,0,1,1,0,0.,0.,0.,0.,0.00617897,0.0123229,0.0184669,           9P     72
0.0246109,0.0246109,0.0472258,0.081321,0.126631,0.183313,              9P     73
0.251384,0.319365,0.387296,0.45532,0.523283,0.591179,0.659099,         9P     74
0.726951,0.794908,0.862873,0.930779,0.998673,1.05521,1.10049,          9P     75
1.13448,1.15716,1.15716,1.15716,1.16874,1.18033,1.19192,1.20348,       9P     76
1.20348,1.20348,1.22539,1.25818,1.30191,1.35668,1.42231,1.4879,        9P     77
1.55363,1.61931,1.68496,1.75063,1.81634,1.88198,1.94768,2.01338,       9P     78
2.07915,2.14485,2.19967,2.24346,2.27636,2.29822,2.29822,2.29822,       9P     79
2.29822,1.,1.,1.,1.,1.,1.,1.,1.,1.,1.,1.,1.,1.,1.,1.,1.,1.,1.,         9P     80
1.,1.,1.,1.,1.,1.,1.,1.,1.,1.,1.,1.,1.,1.,1.,1.,1.,1.,1.,1.,1.,        9P     81
1.,1.,1.,1.,1.,1.,1.,1.,1.,1.,1.,1.,1.,1.,1.,1.,1.,227.56,             9P     82
0.4114,10.947,227.558,0.412899,10.947,227.554,0.41483,10.947,          9P     83
227.548,0.413311,10.947,227.544,0.407959,10.947,227.544,               9P     84
0.403482,10.947,227.548,0.394673,10.947,227.556,0.377373,10.947,       9P     85
227.57,0.346533,10.947,227.591,0.306107,10.947,227.618,0.256554,       9P     86
10.947,227.652,0.202098,10.947,227.691,0.146427,10.947,227.734,        9P     87
0.0930873,10.947,227.779,0.0420841,10.947,227.826,-0.00632842,         9P     88
10.947,227.877,-0.052051,10.947,227.929,-0.0950766,10.947,             9P     89
227.983,-0.136369,10.947,228.038,-0.175578,10.947,228.095,             9P     90
-0.212538,10.947,228.154,-0.247398,10.947,228.21,-0.278039,            9P     91
10.947,228.261,-0.303478,10.947,228.302,-0.322687,10.947,              9P     92
228.333,-0.336383,10.947,228.35,-0.343712,10.947,228.357,              9P     93
-0.3466,10.947,228.361,-0.348075,10.947,228.369,-0.348347,             9P     94
10.947,228.379,-0.340053,10.947,228.38,-0.327526,10.947,228.376,       9P     95
-0.320529,10.947,228.372,-0.3184,10.947,228.366,-0.314364,             9P     96
10.947,228.351,-0.304223,10.947,228.324,-0.285534,10.947,              9P     97
228.288,-0.260509,10.947,228.244,-0.228261,10.947,228.194,             9P     98
-0.191019,10.947,228.143,-0.150317,10.947,228.092,-0.108721,           9P     99
10.947,228.042,-0.0658596,10.947,227.993,-0.0220773,10.947,            9P    100
227.945,0.0227919,10.947,227.898,0.0683672,10.947,227.851,             9P    101
0.11404,10.947,227.804,0.160161,10.947,227.758,0.206546,10.947,        9P    102
227.712,0.253359,10.947,227.668,0.297729,10.947,227.63,0.337222,       9P    103
10.947,227.6,0.368946,10.947,227.577,0.392824,10.947,227.565,          9P    104
0.406098,10.947,227.56,0.4114,10.947,0.,2.29822,0.,0.,0.;              9P    105
126,56,3,0,1,1,0,0.,0.,0.,0.,0.00583742,0.0116872,0.0175371,          11P    106
0.0233869,0.0233869,0.0233869,0.0458484,0.0796627,0.124699,           11P    107
0.181014,0.248518,0.316026,0.383566,0.451006,0.518498,0.585888,       11P    108
0.653379,0.720773,0.788212,0.855593,0.92296,0.990329,1.04648,         11P    109
1.09133,1.12504,1.14745,1.14745,1.14745,1.15863,1.16982,1.181,        11P    110
1.19222,1.19222,1.19222,1.21403,1.24691,1.29056,1.34531,1.41099,      11P    111
1.47661,1.54227,1.60797,1.67366,1.73936,1.80506,1.87077,1.93648,      11P    112
2.00221,2.06794,2.13369,2.18848,2.2323,2.26516,2.28711,2.28711,       11P    113
2.28711,2.28711,1.,1.,1.,1.,1.,1.,1.,1.,1.,1.,1.,1.,1.,1.,1.,1.,      11P    114
1.,1.,1.,1.,1.,1.,1.,1.,1.,1.,1.,1.,1.,1.,1.,1.,1.,1.,1.,1.,1.,       11P    115
1.,1.,1.,1.,1.,1.,1.,1.,1.,1.,1.,1.,1.,1.,1.,1.,1.,1.,1.,1.,          11P    116
227.568,0.4278,11.069,227.566,0.429245,11.069,227.563,0.431246,       11P    117
11.069,227.557,0.429752,11.069,227.553,0.424654,11.069,227.553,       11P    118
0.420376,11.069,227.554,0.4186,11.069,227.557,0.411781,11.069,        11P    119
227.565,0.394747,11.069,227.579,0.364266,11.069,227.6,0.324137,       11P    120
11.069,227.627,0.274972,11.069,227.661,0.220537,11.069,227.698,       11P    121
0.164481,11.069,227.739,0.110301,11.069,227.781,0.0580763,            11P    122
11.069,227.826,0.00775289,11.069,227.874,-0.0403526,11.069,           11P    123
227.923,-0.0864608,11.069,227.974,-0.130884,11.069,228.026,           11P    124
-0.17364,11.069,228.079,-0.214278,11.069,228.134,-0.253218,           11P    125
11.069,228.188,-0.288198,11.069,228.236,-0.317431,11.069,             11P    126
228.274,-0.339988,11.069,228.304,-0.356284,11.069,228.32,             11P    127
-0.365045,11.069,228.327,-0.3685,11.069,228.33,-0.370224,11.069,      11P    128
228.339,-0.37122,11.069,228.348,-0.364083,11.069,228.351,             11P    129
-0.352172,11.069,228.347,-0.344955,11.069,228.344,-0.3426,            11P    130
11.069,228.338,-0.338018,11.069,228.324,-0.326491,11.069,             11P    131
228.299,-0.305519,11.069,228.266,-0.277387,11.069,228.224,            11P    132
-0.241677,11.069,228.178,-0.200751,11.069,228.129,-0.156591,          11P    133
11.069,228.081,-0.111838,11.069,228.034,-0.0661844,11.069,            11P    134
227.987,-0.0200306,11.069,227.941,0.0269105,11.069,227.896,           11P    135
0.0744078,11.069,227.85,0.121868,11.069,227.805,0.169537,11.069,      11P    136
227.76,0.217611,11.069,227.715,0.265636,11.069,227.673,0.311381,      11P    137
11.069,227.636,0.351871,11.069,227.607,0.384378,11.069,227.585,       11P    138
0.408802,11.069,227.573,0.422367,11.069,227.568,0.4278,11.069,        11P    139
0.,2.28711,0.,0.,0.;                                                  11P    140
126,55,3,0,1,1,0,0.,0.,0.,0.,0.00551794,0.0110198,0.0165217,          13P    141
0.0220236,0.0220236,0.0220236,0.0444791,0.0781107,0.122972,           13P    142
0.178967,0.24616,0.313282,0.380566,0.447689,0.514807,0.581949,        13P    143
0.648929,0.716107,0.783133,0.850143,0.917127,0.984167,1.03988,        13P    144
1.0846,1.11799,1.14038,1.14038,1.14038,1.15126,1.16215,1.17304,       13P    145
1.18391,1.18391,1.20577,1.23853,1.28232,1.33698,1.40268,1.46837,      13P    146
1.53406,1.59977,1.66551,1.73127,1.79699,1.86272,1.92846,1.99429,      13P    147
2.05999,2.12585,2.18059,2.2245,2.25742,2.27934,2.27934,2.27934,       13P    148
2.27934,1.,1.,1.,1.,1.,1.,1.,1.,1.,1.,1.,1.,1.,1.,1.,1.,1.,1.,        13P    149
1.,1.,1.,1.,1.,1.,1.,1.,1.,1.,1.,1.,1.,1.,1.,1.,1.,1.,1.,1.,1.,       13P    150
1.,1.,1.,1.,1.,1.,1.,1.,1.,1.,1.,1.,1.,1.,1.,1.,1.,227.575,           13P    151
0.4422,11.187,227.574,0.443601,11.187,227.571,0.445536,11.187,        13P    152
227.565,0.444281,11.187,227.561,0.439498,11.187,227.562,              13P    153
0.435462,11.187,227.562,0.4338,11.187,227.565,0.427015,11.187,        13P    154
227.573,0.410118,11.187,227.588,0.379877,11.187,227.609,              13P    155
0.340142,11.187,227.636,0.291068,11.187,227.669,0.236705,11.187,      13P    156
227.705,0.18041,11.187,227.744,0.125605,11.187,227.785,               13P    157
0.0722297,11.187,227.828,0.0205232,11.187,227.873,-0.0295247,         13P    158
11.187,227.919,-0.0779994,11.187,227.967,-0.124934,11.187,            13P    159
228.016,-0.170263,11.187,228.067,-0.213949,11.187,228.119,            13P    160
-0.256112,11.187,228.17,-0.294207,11.187,228.215,-0.326549,           13P    161
11.187,228.252,-0.351637,11.187,228.28,-0.369855,11.187,228.296,      13P    162
-0.379827,11.187,228.302,-0.3838,11.187,228.305,-0.385732,            13P    163
11.187,228.313,-0.387159,11.187,228.323,-0.380852,11.187,             13P    164
228.327,-0.369417,11.187,228.323,-0.362266,11.187,228.315,            13P    165
-0.35484,11.187,228.302,-0.342432,11.187,228.278,-0.320001,           13P    166
11.187,228.246,-0.28995,11.187,228.207,-0.252,11.187,228.162,         13P    167
-0.208624,11.187,228.116,-0.161937,11.187,228.07,-0.115019,           13P    168
11.187,228.025,-0.0673542,11.187,227.98,-0.0193154,11.187,            13P    169
227.936,0.029469,11.187,227.892,0.0783609,11.187,227.848,             13P    170
0.127504,11.187,227.805,0.176665,11.187,227.761,0.226167,11.187,      13P    171
227.718,0.275699,11.187,227.678,0.322682,11.187,227.642,              13P    172
0.364233,11.187,227.613,0.397594,11.187,227.592,0.422712,11.187,      13P    173
227.58,0.436635,11.187,227.575,0.4422,11.187,0.,2.27934,0.,0.,        13P    174
0.;                                                                   13P    175
126,56,3,0,1,1,0,0.,0.,0.,0.,0.00517786,0.0104076,0.0156373,          15P    176
0.020867,0.020867,0.020867,0.0432288,0.0767698,0.121412,              15P    177
0.177319,0.244272,0.311266,0.378251,0.445156,0.512128,0.579015,       15P    178
0.645883,0.712736,0.779557,0.846415,0.913151,0.979973,1.03553,        15P    179
1.08003,1.11339,1.13556,1.13556,1.13556,1.14622,1.15689,1.16756,      15P    180
1.17819,1.17819,1.17819,1.20004,1.23285,1.27669,1.33143,1.39706,      15P    181
1.46278,1.52853,1.59423,1.65999,1.72572,1.79156,1.85734,1.92316,      15P    182
1.98898,2.05477,2.12058,2.17546,2.21935,2.25236,2.27427,2.27427,      15P    183
2.27427,2.27427,1.,1.,1.,1.,1.,1.,1.,1.,1.,1.,1.,1.,1.,1.,1.,1.,      15P    184
1.,1.,1.,1.,1.,1.,1.,1.,1.,1.,1.,1.,1.,1.,1.,1.,1.,1.,1.,1.,1.,       15P    185
1.,1.,1.,1.,1.,1.,1.,1.,1.,1.,1.,1.,1.,1.,1.,1.,1.,1.,1.,1.,          15P    186
227.581,0.454,11.302,227.58,0.455346,11.302,227.577,0.457475,         15P    187
11.302,227.571,0.456248,11.302,227.567,0.451716,11.302,227.568,       15P    188
0.44787,11.302,227.569,0.4463,11.302,227.572,0.439587,11.302,         15P    189
227.58,0.422842,11.302,227.595,0.39283,11.302,227.616,0.35333,        15P    190
11.302,227.643,0.30442,11.302,227.675,0.250137,11.302,227.711,        15P    191
0.193594,11.302,227.749,0.138317,11.302,227.789,0.0842751,            15P    192
11.302,227.83,0.0315012,11.302,227.873,-0.0199372,11.302,             15P    193
227.917,-0.0698944,11.302,227.963,-0.118647,11.302,228.01,            15P    194
-0.16587,11.302,228.059,-0.211494,11.302,228.109,-0.255788,           15P    195
11.302,228.158,-0.29606,11.302,228.201,-0.33041,11.302,228.237,       15P    196
-0.357073,11.302,228.264,-0.376677,11.302,228.279,-0.387363,          15P    197
11.302,228.285,-0.3916,11.302,228.288,-0.393638,11.302,228.296,       15P    198
-0.395523,11.302,228.306,-0.389768,11.302,228.309,-0.378679,          15P    199
11.302,228.306,-0.371577,11.302,228.304,-0.3691,11.302,228.298,       15P    200
-0.364011,11.302,228.285,-0.351257,11.302,228.262,-0.328113,          15P    201
11.302,228.231,-0.297198,11.302,228.193,-0.258046,11.302,228.15,      15P    202
-0.213344,11.302,228.105,-0.165608,11.302,228.06,-0.11716,            15P    203
11.302,228.016,-0.0684006,11.302,227.973,-0.018968,11.302,            15P    204
227.93,0.0308659,11.302,227.887,0.0810777,11.302,227.845,             15P    205
0.131363,11.302,227.803,0.181904,11.302,227.761,0.232441,11.302,      15P    206
227.719,0.283276,11.302,227.679,0.331471,11.302,227.645,0.37402,      15P    207
11.302,227.617,0.408251,11.302,227.597,0.434018,11.302,227.585,       15P    208
0.448303,11.302,227.581,0.454,11.302,0.,2.27427,0.,0.,0.;             15P    209
126,54,3,0,1,1,0,0.,0.,0.,0.,0.00409531,0.00820627,0.0123172,         17P    210
0.0164282,0.0164282,0.0386995,0.0721068,0.116749,0.172511,            17P    211
0.239304,0.306155,0.373011,0.439714,0.506407,0.573092,0.639819,       17P    212
0.70645,0.773062,0.839642,0.906111,0.972673,1.02806,1.07232,          17P    213
1.1055,1.12769,1.12769,1.12769,1.1376,1.14751,1.15742,1.16732,        17P    214
1.16732,1.18917,1.22206,1.26583,1.32056,1.38628,1.45198,1.5179,       17P    215
1.58363,1.64955,1.7154,1.78128,1.84724,1.91321,1.97912,2.04518,       17P    216
2.11118,2.16621,2.21028,2.24329,2.26528,2.26528,2.26528,2.26528,      17P    217
1.,1.,1.,1.,1.,1.,1.,1.,1.,1.,1.,1.,1.,1.,1.,1.,1.,1.,1.,1.,1.,       17P    218
1.,1.,1.,1.,1.,1.,1.,1.,1.,1.,1.,1.,1.,1.,1.,1.,1.,1.,1.,1.,1.,       17P    219
1.,1.,1.,1.,1.,1.,1.,1.,1.,1.,1.,1.,1.,227.59,0.483,11.644,           17P    220
227.589,0.484137,11.644,227.587,0.485915,11.644,227.582,              17P    221
0.485196,11.644,227.579,0.481668,11.644,227.58,0.478625,11.644,       17P    222
227.584,0.470762,11.644,227.592,0.454185,11.644,227.607,0.42431,      17P    223
11.644,227.628,0.384878,11.644,227.655,0.335985,11.644,227.686,       17P    224
0.281264,11.644,227.721,0.224056,11.644,227.757,0.167727,11.644,      17P    225
227.794,0.112137,11.644,227.832,0.0575885,11.644,227.871,             17P    226
0.00371817,11.644,227.912,-0.0491128,11.644,227.954,-0.100499,        17P    227
11.644,227.998,-0.150626,11.644,228.044,-0.19931,11.644,228.091,      17P    228
-0.246562,11.644,228.136,-0.289802,11.644,228.177,-0.326721,          17P    229
11.644,228.211,-0.355401,11.644,228.237,-0.376538,11.644,             17P    230
228.251,-0.388095,11.644,228.257,-0.3927,11.644,228.26,               17P    231
-0.394756,11.644,228.267,-0.396806,11.644,228.276,-0.391723,          17P    232
11.644,228.28,-0.381413,11.644,228.277,-0.374777,11.644,228.269,      17P    233
-0.367474,11.644,228.256,-0.354858,11.644,228.232,-0.332151,          17P    234
11.644,228.201,-0.301311,11.644,228.163,-0.262051,11.644,228.12,      17P    235
-0.216972,11.644,228.076,-0.168177,11.644,228.033,-0.118594,          17P    236
11.644,227.991,-0.068068,11.644,227.949,-0.0168615,11.644,            17P    237
227.909,0.035239,11.644,227.869,0.0877656,11.644,227.83,              17P    238
0.140656,11.644,227.791,0.193823,11.644,227.752,0.247396,11.644,      17P    239
227.714,0.301249,11.644,227.678,0.35233,11.644,227.647,0.397756,      17P    240
11.644,227.623,0.43423,11.644,227.604,0.46164,11.644,227.594,         17P    241
0.476895,11.644,227.59,0.483,11.644,0.,2.26528,0.,0.,0.;              17P    242
126,56,3,0,1,1,0,0.,0.,0.,0.,0.00446363,0.00891473,0.0133658,         19P    243
0.0178169,0.0178169,0.0178169,0.0401776,0.0735412,0.118188,           19P    244
0.173872,0.240743,0.307566,0.374327,0.441064,0.507815,0.574536,       19P    245
0.641254,0.707927,0.774549,0.841101,0.907715,0.974164,1.02958,        19P    246
1.07395,1.10709,1.12929,1.12929,1.12929,1.13946,1.14963,1.15979,      19P    247
1.16994,1.16994,1.16994,1.19179,1.2246,1.26837,1.32311,1.38883,       19P    248
1.45453,1.52029,1.58619,1.6519,1.71778,1.78367,1.84954,1.91538,       19P    249
1.98136,2.04724,2.11321,2.16819,2.21218,2.24517,2.26712,2.26712,      19P    250
2.26712,2.26712,1.,1.,1.,1.,1.,1.,1.,1.,1.,1.,1.,1.,1.,1.,1.,1.,      19P    251
1.,1.,1.,1.,1.,1.,1.,1.,1.,1.,1.,1.,1.,1.,1.,1.,1.,1.,1.,1.,1.,       19P    252
1.,1.,1.,1.,1.,1.,1.,1.,1.,1.,1.,1.,1.,1.,1.,1.,1.,1.,1.,1.,          19P    253
227.588,0.473,11.528,227.587,0.474214,11.528,227.584,0.475977,        19P    254
11.528,227.579,0.475159,11.528,227.576,0.471317,11.528,227.576,       19P    255
0.46803,11.528,227.577,0.4667,11.528,227.58,0.460021,11.528,          19P    256
227.589,0.44341,11.528,227.604,0.413606,11.528,227.625,0.374314,      19P    257
11.528,227.652,0.325529,11.528,227.684,0.271073,11.528,227.719,       19P    258
0.214277,11.528,227.755,0.158359,11.528,227.793,0.103346,11.528,      19P    259
227.832,0.0492457,11.528,227.873,-0.00387744,11.528,227.915,          19P    260
-0.0559096,11.528,227.958,-0.106591,11.528,228.003,-0.156007,         19P    261
11.528,228.049,-0.204064,11.528,228.096,-0.250583,11.528,             19P    262
228.142,-0.293258,11.528,228.184,-0.329724,11.528,228.218,            19P    263
-0.358242,11.528,228.244,-0.379046,11.528,228.258,-0.390519,          19P    264
11.528,228.264,-0.3951,11.528,228.267,-0.397196,11.528,228.274,       19P    265
-0.399245,11.528,228.284,-0.394025,11.528,228.288,-0.38349,           19P    266
11.528,228.285,-0.376663,11.528,228.282,-0.3743,11.528,228.277,       19P    267
-0.369211,11.528,228.264,-0.356452,11.528,228.241,-0.333359,          19P    268
11.528,228.21,-0.302266,11.528,228.172,-0.262848,11.528,228.129,      19P    269
-0.21753,11.528,228.085,-0.16879,11.528,228.042,-0.119381,            19P    270
11.528,227.999,-0.0692591,11.528,227.957,-0.0184502,11.528,           19P    271
227.916,0.0329131,11.528,227.876,0.0848693,11.528,227.835,            19P    272
0.13696,11.528,227.795,0.189275,11.528,227.756,0.241962,11.528,       19P    273
227.716,0.294748,11.528,227.679,0.345021,11.528,227.647,              19P    274
0.389519,11.528,227.621,0.42518,11.528,227.602,0.452102,11.528,       19P    275
227.592,0.467033,11.528,227.588,0.473,11.528,0.,2.26712,0.,0.,        19P    276
0.;                                                                   19P    277
126,56,3,0,1,1,0,0.,0.,0.,0.,0.00369302,0.0074112,0.0111294,          21P    278
0.0148476,0.0148476,0.0148476,0.0371657,0.0706621,0.115386,           21P    279
0.171127,0.238097,0.305019,0.371926,0.438746,0.505562,0.572347,       21P    280
0.639067,0.705785,0.772447,0.839049,0.905732,0.972291,1.02775,        21P    281
1.07209,1.10543,1.12758,1.12758,1.12758,1.13741,1.14725,1.15708,      21P    282
1.16692,1.16692,1.16692,1.18886,1.22176,1.26553,1.32041,1.38618,      21P    283
1.45208,1.51786,1.58382,1.64973,1.71575,1.78169,1.84775,1.91383,      21P    284
1.97982,2.046,2.11209,2.16718,2.21129,2.24441,2.26642,2.26642,        21P    285
2.26642,2.26642,1.,1.,1.,1.,1.,1.,1.,1.,1.,1.,1.,1.,1.,1.,1.,1.,      21P    286
1.,1.,1.,1.,1.,1.,1.,1.,1.,1.,1.,1.,1.,1.,1.,1.,1.,1.,1.,1.,1.,       21P    287
1.,1.,1.,1.,1.,1.,1.,1.,1.,1.,1.,1.,1.,1.,1.,1.,1.,1.,1.,1.,          21P    288
227.592,0.4939,11.765,227.591,0.494948,11.765,227.589,0.496671,       21P    289
11.765,227.585,0.496116,11.765,227.582,0.492972,11.765,227.582,       21P    290
0.490219,11.765,227.583,0.4891,11.765,227.586,0.482385,11.765,        21P    291
227.594,0.465628,11.765,227.609,0.435624,11.765,227.629,              21P    292
0.395882,11.765,227.656,0.346622,11.765,227.686,0.291386,11.765,      21P    293
227.72,0.233667,11.765,227.756,0.176813,11.765,227.792,0.120659,      21P    294
11.765,227.829,0.0653929,11.765,227.868,0.0108478,11.765,             21P    295
227.908,-0.0426527,11.765,227.95,-0.094601,11.765,227.993,            21P    296
-0.145229,11.765,228.038,-0.194384,11.765,228.085,-0.241928,          21P    297
11.765,228.13,-0.285362,11.765,228.172,-0.322199,11.765,228.206,      21P    298
-0.350988,11.765,228.231,-0.37192,11.765,228.246,-0.383366,           21P    299
11.765,228.252,-0.3879,11.765,228.254,-0.389913,11.765,228.261,       21P    300
-0.392298,11.765,228.271,-0.38718,11.765,228.274,-0.376781,           21P    301
11.765,228.271,-0.370398,11.765,228.268,-0.3682,11.765,228.263,       21P    302
-0.363294,11.765,228.249,-0.350972,11.765,228.225,-0.328436,          21P    303
11.765,228.194,-0.298165,11.765,228.155,-0.259333,11.765,             21P    304
228.112,-0.214468,11.765,228.068,-0.16579,11.765,228.024,             21P    305
-0.116113,11.765,227.982,-0.0654694,11.765,227.941,-0.0138379,        21P    306
11.765,227.901,0.0387973,11.765,227.862,0.091962,11.765,227.824,      21P    307
0.145551,11.765,227.786,0.199506,11.765,227.748,0.253898,11.765,      21P    308
227.711,0.30861,11.765,227.677,0.360689,11.765,227.646,0.40687,       21P    309
11.765,227.623,0.444112,11.765,227.605,0.472031,11.765,227.595,       21P    310
0.487653,11.765,227.592,0.4939,11.765,0.,2.26642,0.,0.,0.;            21P    311
126,55,3,0,1,1,0,0.,0.,0.,0.,0.00331539,0.00665848,0.0100016,         23P    312
0.0133447,0.0133447,0.0133447,0.0357154,0.0693062,0.114074,           23P    313
0.170068,0.237092,0.304183,0.371136,0.438139,0.505065,0.571972,       23P    314
0.638855,0.705683,0.77241,0.839205,0.905886,0.972642,1.0283,          23P    315
1.07277,1.10617,1.12842,1.12842,1.13842,1.14843,1.15843,1.16844,      23P    316
1.16844,1.16844,1.19038,1.2233,1.26707,1.32198,1.38767,1.4536,        23P    317
1.51939,1.58533,1.65124,1.7173,1.78333,1.84936,1.91546,1.98155,       23P    318
2.04781,2.11398,2.16917,2.21328,2.24647,2.26857,2.26857,2.26857,      23P    319
2.26857,1.,1.,1.,1.,1.,1.,1.,1.,1.,1.,1.,1.,1.,1.,1.,1.,1.,1.,        23P    320
1.,1.,1.,1.,1.,1.,1.,1.,1.,1.,1.,1.,1.,1.,1.,1.,1.,1.,1.,1.,1.,       23P    321
1.,1.,1.,1.,1.,1.,1.,1.,1.,1.,1.,1.,1.,1.,1.,1.,1.,227.592,           23P    322
0.5029,11.858,227.592,0.50385,11.858,227.59,0.505429,11.858,          23P    323
227.586,0.504977,11.858,227.584,0.502194,11.858,227.584,              23P    324
0.499714,11.858,227.584,0.4987,11.858,227.587,0.491917,11.858,        23P    325
227.595,0.474985,11.858,227.61,0.444736,11.858,227.629,0.404464,      23P    326
11.858,227.655,0.35477,11.858,227.685,0.298938,11.858,227.718,        23P    327
0.240745,11.858,227.752,0.183125,11.858,227.788,0.126517,11.858,      23P    328
227.825,0.0705501,11.858,227.863,0.015546,11.858,227.903,             23P    329
-0.0384681,11.858,227.944,-0.0907371,11.858,227.988,-0.141408,        23P    330
11.858,228.033,-0.190296,11.858,228.081,-0.237255,11.858,             23P    331
228.127,-0.279689,11.858,228.17,-0.315399,11.858,228.205,             23P    332
-0.342705,11.858,228.232,-0.362518,11.858,228.247,-0.373185,          23P    333
11.858,228.256,-0.379295,11.858,228.263,-0.38218,11.858,228.273,      23P    334
-0.376598,11.858,228.276,-0.365679,11.858,228.271,-0.359715,          23P    335
11.858,228.269,-0.3576,11.858,228.263,-0.35296,11.858,228.249,        23P    336
-0.341286,11.858,228.224,-0.320063,11.858,228.191,-0.290833,          23P    337
11.858,228.151,-0.253435,11.858,228.107,-0.209581,11.858,             23P    338
228.062,-0.16174,11.858,228.018,-0.112591,11.858,227.975,             23P    339
-0.062084,11.858,227.934,-0.0104569,11.858,227.895,0.0423798,         23P    340
11.858,227.856,0.0959221,11.858,227.818,0.149943,11.858,227.781,      23P    341
0.204435,11.858,227.744,0.259371,11.858,227.708,0.314784,11.858,      23P    342
227.674,0.367661,11.858,227.645,0.41451,11.858,227.622,0.452245,      23P    343
11.858,227.605,0.480728,11.858,227.596,0.496565,11.858,227.592,       23P    344
0.5029,11.858,0.,2.26857,0.,0.,0.;                                    23P    345
126,55,3,0,1,1,0,0.,0.,0.,0.,0.00286021,0.00572287,0.00858554,        25P    346
0.0114482,0.0114482,0.0114482,0.0340106,0.0679801,0.113153,           25P    347
0.169475,0.237183,0.304648,0.372185,0.439585,0.506988,0.574446,       25P    348
0.641726,0.70901,0.776348,0.843707,0.911239,0.979129,1.0359,          25P    349
1.08161,1.11615,1.13926,1.13926,1.14838,1.15751,1.16663,1.17575,      25P    350
1.17575,1.17575,1.19813,1.23157,1.27596,1.3313,1.39748,1.46352,       25P    351
1.52944,1.59537,1.66132,1.72739,1.79346,1.85954,1.92567,1.99193,      25P    352
2.05829,2.12463,2.17997,2.22432,2.25755,2.27973,2.27973,2.27973,      25P    353
2.27973,1.,1.,1.,1.,1.,1.,1.,1.,1.,1.,1.,1.,1.,1.,1.,1.,1.,1.,        25P    354
1.,1.,1.,1.,1.,1.,1.,1.,1.,1.,1.,1.,1.,1.,1.,1.,1.,1.,1.,1.,1.,       25P    355
1.,1.,1.,1.,1.,1.,1.,1.,1.,1.,1.,1.,1.,1.,1.,1.,1.,227.585,           25P    356
0.5167,11.983,227.585,0.517548,11.983,227.583,0.518982,11.983,        25P    357
227.58,0.518809,11.983,227.578,0.51651,11.983,227.578,0.514386,       25P    358
11.983,227.578,0.5135,11.983,227.581,0.506519,11.983,227.588,         25P    359
0.489063,11.983,227.601,0.457823,11.983,227.62,0.416543,11.983,       25P    360
227.644,0.365481,11.983,227.672,0.308315,11.983,227.704,              25P    361
0.248745,11.983,227.737,0.19007,11.983,227.772,0.132428,11.983,       25P    362
227.809,0.0758359,11.983,227.847,0.0201688,11.983,227.887,            25P    363
-0.0337893,11.983,227.93,-0.0853852,11.983,227.977,-0.13417,          25P    364
11.983,228.026,-0.180223,11.983,228.079,-0.222882,11.983,             25P    365
228.131,-0.25985,11.983,228.18,-0.289445,11.983,228.22,               25P    366
-0.310786,11.983,228.251,-0.325583,11.983,228.269,-0.333228,          25P    367
11.983,228.279,-0.337374,11.983,228.285,-0.337864,11.983,             25P    368
228.293,-0.331207,11.983,228.294,-0.321297,11.983,228.29,             25P    369
-0.315835,11.983,228.287,-0.3144,11.983,228.281,-0.310877,            25P    370
11.983,228.264,-0.301903,11.983,228.236,-0.28488,11.983,228.198,      25P    371
-0.26097,11.983,228.153,-0.22918,11.983,228.104,-0.190598,            25P    372
11.983,228.054,-0.147019,11.983,228.007,-0.101164,11.983,             25P    373
227.961,-0.0531213,11.983,227.918,-0.00308735,11.983,227.878,         25P    374
0.0489078,11.983,227.838,0.102065,11.983,227.8,0.156085,11.983,       25P    375
227.763,0.210906,11.983,227.727,0.26661,11.983,227.692,0.323066,      25P    376
11.983,227.661,0.37715,11.983,227.634,0.425306,11.983,227.612,        25P    377
0.464305,11.983,227.597,0.493718,11.983,227.588,0.510123,11.983,      25P    378
227.585,0.5167,11.983,0.,2.27973,0.,0.,0.;                            25P    379
126,55,3,0,1,1,0,0.,0.,0.,0.,0.0067625,0.0134897,0.020217,            27P    380
0.0269442,0.0269442,0.0499959,0.0845159,0.130545,0.187963,            27P    381
0.256904,0.325861,0.394823,0.463713,0.532529,0.601407,0.670293,       27P    382
0.739219,0.808095,0.876942,0.94583,1.01471,1.07218,1.11806,           27P    383
1.1526,1.17557,1.17557,1.17557,1.18793,1.20029,1.21264,1.22499,       27P    384
1.22499,1.22499,1.24691,1.27978,1.32359,1.37839,1.44418,1.50997,      27P    385
1.57575,1.64151,1.70723,1.77301,1.83887,1.90472,1.97053,2.0363,       27P    386
2.10226,2.16805,2.223,2.26692,2.29988,2.32188,2.32188,2.32188,        27P    387
2.32188,1.,1.,1.,1.,1.,1.,1.,1.,1.,1.,1.,1.,1.,1.,1.,1.,1.,1.,        27P    388
1.,1.,1.,1.,1.,1.,1.,1.,1.,1.,1.,1.,1.,1.,1.,1.,1.,1.,1.,1.,1.,       27P    389
1.,1.,1.,1.,1.,1.,1.,1.,1.,1.,1.,1.,1.,1.,1.,1.,1.,227.553,           27P    390
0.383,10.742,227.552,0.38461,10.742,227.547,0.386636,10.742,          27P    391
227.54,0.384966,10.742,227.536,0.379185,10.742,227.536,0.374282,      27P    392
10.742,227.539,0.365065,10.742,227.547,0.347334,10.742,227.561,       27P    393
0.315812,10.742,227.581,0.27464,10.742,227.61,0.224556,10.742,        27P    394
227.645,0.170029,10.742,227.687,0.115079,10.742,227.732,              27P    395
0.0632626,10.742,227.782,0.0148096,10.742,227.834,-0.0299809,         27P    396
10.742,227.889,-0.0707619,10.742,227.947,-0.108201,10.742,            27P    397
228.007,-0.143274,10.742,228.067,-0.176047,10.742,228.129,            27P    398
-0.206104,10.742,228.192,-0.233772,10.742,228.253,-0.257232,          27P    399
10.742,228.307,-0.276085,10.742,228.351,-0.289649,10.742,             27P    400
228.384,-0.299172,10.742,228.403,-0.304089,10.742,228.41,-0.306,      27P    401
10.742,228.414,-0.307028,10.742,228.423,-0.306061,10.742,             27P    402
228.432,-0.295702,10.742,228.431,-0.28219,10.742,228.425,             27P    403
-0.275774,10.742,228.421,-0.2742,10.742,228.414,-0.271407,            27P    404
10.742,228.397,-0.264322,10.742,228.367,-0.251141,10.742,             27P    405
228.328,-0.232607,10.742,228.279,-0.208117,10.742,228.224,            27P    406
-0.178444,10.742,228.167,-0.144965,10.742,228.112,-0.109305,          27P    407
10.742,228.058,-0.0718566,10.742,228.006,-0.0323202,10.742,           27P    408
227.955,0.00923873,10.742,227.904,0.0518888,10.742,227.855,           27P    409
0.0952151,10.742,227.806,0.138974,10.742,227.757,0.183455,            27P    410
10.742,227.709,0.22845,10.742,227.664,0.271621,10.742,227.625,        27P    411
0.310041,10.742,227.594,0.341165,10.742,227.571,0.364694,10.742,      27P    412
227.558,0.377764,10.742,227.553,0.383,10.742,0.,2.32188,0.,0.,        27P    413
0.;                                                                   27P    414
128,363,12,3,3,1,0,1,0,0,0.,0.,0.,0.,0.0033933,0.00457144,            29P    415
0.00562092,0.0067625,0.00913006,0.0112255,0.0112255,0.0124498,        29P    416
0.0134897,0.0134897,0.0152109,0.0152109,0.0168301,0.0168301,          29P    417
0.018657,0.018657,0.020217,0.0213038,0.0213038,0.0224347,             29P    418
0.0224347,0.0237425,0.0237425,0.0248643,0.0248643,0.0269442,          29P    419
0.0269442,0.0365547,0.0380752,0.0396664,0.0411481,0.0441337,          29P    420
0.0453093,0.0465455,0.0477121,0.0499959,0.0692369,0.0709348,          29P    421
0.0723913,0.0739084,0.0753176,0.0783769,0.0795685,0.0808741,          29P    422
0.0821583,0.0845159,0.116754,0.118209,0.119666,0.121043,              29P    423
0.123953,0.125267,0.126595,0.127934,0.130545,0.172608,0.174065,       29P    424
0.175315,0.176821,0.178072,0.181031,0.182307,0.183767,0.1852,         29P    425
0.187963,0.241568,0.242664,0.243924,0.245283,0.246558,0.249386,       29P    426
0.250754,0.252297,0.253973,0.256904,0.31028,0.311331,0.312483,        29P    427
0.313804,0.314995,0.317782,0.319129,0.320831,0.322653,0.32484,        29P    428
0.325861,0.379857,0.381028,0.382331,0.383369,0.386169,0.387669,       29P    429
0.389399,0.391283,0.393568,0.394823,0.448435,0.449483,0.451718,       29P    430
0.454475,0.456045,0.457864,0.460007,0.462407,0.463713,0.516361,       29P    431
0.517934,0.520081,0.522849,0.526382,0.528671,0.531218,0.532529,       29P    432
0.585066,0.586353,0.588414,0.591135,0.592811,0.594797,0.597265,       29P    433
0.599942,0.601407,0.65359,0.654706,0.656743,0.659404,0.66104,         29P    434
0.663314,0.665885,0.668741,0.670293,0.723056,0.725027,0.727656,       29P    435
0.729473,0.731732,0.734436,0.737552,0.739219,0.79135,0.793258,        29P    436
0.795877,0.79775,0.800198,0.803092,0.806267,0.808095,0.859582,        29P    437
0.861418,0.864134,0.866011,0.868603,0.871757,0.875136,0.876942,       29P    438
0.927897,0.92964,0.932266,0.934244,0.936994,0.940362,0.943909,        29P    439
0.94583,0.996084,0.997694,1.00049,1.00254,1.00539,1.00896,            29P    440
1.01266,1.01471,1.0529,1.05445,1.0572,1.05929,1.06239,1.07007,        29P    441
1.07218,1.09833,1.09989,1.10161,1.10264,1.10484,1.10793,1.11182,      29P    442
1.11599,1.11806,1.13249,1.13383,1.1367,1.13886,1.14214,1.14616,       29P    443
1.15036,1.1526,1.15517,1.15517,1.15657,1.15657,1.15933,1.15933,       29P    444
1.16166,1.16166,1.16489,1.16489,1.16698,1.16907,1.16907,1.17022,      29P    445
1.17329,1.17329,1.17557,1.17557,1.1774,1.17891,1.18077,1.18384,       29P    446
1.18539,1.18793,1.19248,1.19493,1.19493,1.1975,1.1975,1.19896,        29P    447
1.20029,1.20286,1.20286,1.20419,1.20601,1.20601,1.2096,1.2096,        29P    448
1.21264,1.21587,1.21587,1.21888,1.22057,1.2217,1.2217,1.22499,        29P    449
1.22499,1.23249,1.23801,1.24367,1.24691,1.25259,1.25418,1.25866,      29P    450
1.26165,1.26587,1.27114,1.27666,1.27978,1.29746,1.29901,1.30342,      29P    451
1.30625,1.31019,1.31531,1.32064,1.32359,1.35356,1.35507,1.3593,       29P    452
1.36194,1.36576,1.37065,1.37558,1.37839,1.42092,1.42238,1.4263,       29P    453
1.42886,1.43244,1.43696,1.4416,1.44418,1.48826,1.48967,1.4934,        29P    454
1.49578,1.49907,1.50322,1.50748,1.50997,1.55582,1.55701,1.56052,      29P    455
1.5627,1.56572,1.56963,1.57575,1.6232,1.62451,1.62761,1.62963,        29P    456
1.63242,1.63598,1.63947,1.64151,1.69077,1.69181,1.69474,1.69659,      29P    457
1.69911,1.70231,1.70554,1.70723,1.75774,1.75927,1.76184,1.76359,      29P    458
1.7658,1.76865,1.77143,1.77301,1.82529,1.82676,1.82906,1.83053,       29P    459
1.83251,1.83504,1.83746,1.83887,1.89296,1.89421,1.89623,1.89748,      29P    460
1.89921,1.90136,1.90352,1.90472,1.96047,1.96165,1.96341,1.96445,      29P    461
1.96593,1.96773,1.97053,2.02922,2.03151,2.03265,2.03411,2.0363,       29P    462
2.09669,2.09778,2.09938,2.10056,2.10226,2.16425,2.16553,2.16694,      29P    463
2.16805,2.22057,2.22175,2.223,2.26581,2.26692,2.29988,2.32188,        29P    464
2.32188,2.32188,2.32188,0.,0.,0.,0.,0.0927642,0.216997,0.340347,      29P    465
0.459465,0.575195,0.802091,0.918546,1.04005,1.13348,1.25944,          29P    466
1.25944,1.25944,1.25944,1.,1.,1.,1.,1.,1.,1.,1.,1.,1.,1.,1.,1.,       29P    467
1.,1.,1.,1.,1.,1.,1.,1.,1.,1.,1.,1.,1.,1.,1.,1.,1.,1.,1.,1.,1.,       29P    468
1.,1.,1.,1.,1.,1.,1.,1.,1.,1.,1.,1.,1.,1.,1.,1.,1.,1.,1.,1.,1.,       29P    469
1.,1.,1.,1.,1.,1.,1.,1.,1.,1.,1.,1.,1.,1.,1.,1.,1.,1.,1.,1.,1.,       29P    470
1.,1.,1.,1.,1.,1.,1.,1.,1.,1.,1.,1.,1.,1.,1.,1.,1.,1.,1.,1.,1.,       29P    471
1.,1.,1.,1.,1.,1.,1.,1.,1.,1.,1.,1.,1.,1.,1.,1.,1.,1.,1.,1.,1.,       29P    472
1.,1.,1.,1.,1.,1.,1.,1.,1.,1.,1.,1.,1.,1.,1.,1.,1.,1.,1.,1.,1.,       29P    473
1.,1.,1.,1.,1.,1.,1.,1.,1.,1.,1.,1.,1.,1.,1.,1.,1.,1.,1.,1.,1.,       29P    474
1.,1.,1.,1.,1.,1.,1.,1.,1.,1.,1.,1.,1.,1.,1.,1.,1.,1.,1.,1.,1.,       29P    475
1.,1.,1.,1.,1.,1.,1.,1.,1.,1.,1.,1.,1.,1.,1.,1.,1.,1.,1.,1.,1.,       29P    476
1.,1.,1.,1.,1.,1.,1.,1.,1.,1.,1.,1.,1.,1.,1.,1.,1.,1.,1.,1.,1.,       29P    477
1.,1.,1.,1.,1.,1.,1.,1.,1.,1.,1.,1.,1.,1.,1.,1.,1.,1.,1.,1.,1.,       29P    478
1.,1.,1.,1.,1.,1.,1.,1.,1.,1.,1.,1.,1.,1.,1.,1.,1.,1.,1.,1.,1.,       29P    479
1.,1.,1.,1.,1.,1.,1.,1.,1.,1.,1.,1.,1.,1.,1.,1.,1.,1.,1.,1.,1.,       29P    480
1.,1.,1.,1.,1.,1.,1.,1.,1.,1.,1.,1.,1.,1.,1.,1.,1.,1.,1.,1.,1.,       29P    481
1.,1.,1.,1.,1.,1.,1.,1.,1.,1.,1.,1.,1.,1.,1.,1.,1.,1.,1.,1.,1.,       29P    482
1.,1.,1.,1.,1.,1.,1.,1.,1.,1.,1.,1.,1.,1.,1.,1.,1.,1.,1.,1.,1.,       29P    483
1.,1.,1.,1.,1.,1.,1.,1.,1.,1.,1.,1.,1.,1.,1.,1.,1.,1.,1.,1.,1.,       29P    484
1.,1.,1.,1.,1.,1.,1.,1.,1.,1.,1.,1.,1.,1.,1.,1.,1.,1.,1.,1.,1.,       29P    485
1.,1.,1.,1.,1.,1.,1.,1.,1.,1.,1.,1.,1.,1.,1.,1.,1.,1.,1.,1.,1.,       29P    486
1.,1.,1.,1.,1.,1.,1.,1.,1.,1.,1.,1.,1.,1.,1.,1.,1.,1.,1.,1.,1.,       29P    487
1.,1.,1.,1.,1.,1.,1.,1.,1.,1.,1.,1.,1.,1.,1.,1.,1.,1.,1.,1.,1.,       29P    488
1.,1.,1.,1.,1.,1.,1.,1.,1.,1.,1.,1.,1.,1.,1.,1.,1.,1.,1.,1.,1.,       29P    489
1.,1.,1.,1.,1.,1.,1.,1.,1.,1.,1.,1.,1.,1.,1.,1.,1.,1.,1.,1.,1.,       29P    490
1.,1.,1.,1.,1.,1.,1.,1.,1.,1.,1.,1.,1.,1.,1.,1.,1.,1.,1.,1.,1.,       29P    491
1.,1.,1.,1.,1.,1.,1.,1.,1.,1.,1.,1.,1.,1.,1.,1.,1.,1.,1.,1.,1.,       29P    492
1.,1.,1.,1.,1.,1.,1.,1.,1.,1.,1.,1.,1.,1.,1.,1.,1.,1.,1.,1.,1.,       29P    493
1.,1.,1.,1.,1.,1.,1.,1.,1.,1.,1.,1.,1.,1.,1.,1.,1.,1.,1.,1.,1.,       29P    494
1.,1.,1.,1.,1.,1.,1.,1.,1.,1.,1.,1.,1.,1.,1.,1.,1.,1.,1.,1.,1.,       29P    495
1.,1.,1.,1.,1.,1.,1.,1.,1.,1.,1.,1.,1.,1.,1.,1.,1.,1.,1.,1.,1.,       29P    496
1.,1.,1.,1.,1.,1.,1.,1.,1.,1.,1.,1.,1.,1.,1.,1.,1.,1.,1.,1.,1.,       29P    497
1.,1.,1.,1.,1.,1.,1.,1.,1.,1.,1.,1.,1.,1.,1.,1.,1.,1.,1.,1.,1.,       29P    498
1.,1.,1.,1.,1.,1.,1.,1.,1.,1.,1.,1.,1.,1.,1.,1.,1.,1.,1.,1.,1.,       29P    499
1.,1.,1.,1.,1.,1.,1.,1.,1.,1.,1.,1.,1.,1.,1.,1.,1.,1.,1.,1.,1.,       29P    500
1.,1.,1.,1.,1.,1.,1.,1.,1.,1.,1.,1.,1.,1.,1.,1.,1.,1.,1.,1.,1.,       29P    501
1.,1.,1.,1.,1.,1.,1.,1.,1.,1.,1.,1.,1.,1.,1.,1.,1.,1.,1.,1.,1.,       29P    502
1.,1.,1.,1.,1.,1.,1.,1.,1.,1.,1.,1.,1.,1.,1.,1.,1.,1.,1.,1.,1.,       29P    503
1.,1.,1.,1.,1.,1.,1.,1.,1.,1.,1.,1.,1.,1.,1.,1.,1.,1.,1.,1.,1.,       29P    504
1.,1.,1.,1.,1.,1.,1.,1.,1.,1.,1.,1.,1.,1.,1.,1.,1.,1.,1.,1.,1.,       29P    505
1.,1.,1.,1.,1.,1.,1.,1.,1.,1.,1.,1.,1.,1.,1.,1.,1.,1.,1.,1.,1.,       29P    506
1.,1.,1.,1.,1.,1.,1.,1.,1.,1.,1.,1.,1.,1.,1.,1.,1.,1.,1.,1.,1.,       29P    507
1.,1.,1.,1.,1.,1.,1.,1.,1.,1.,1.,1.,1.,1.,1.,1.,1.,1.,1.,1.,1.,       29P    508
1.,1.,1.,1.,1.,1.,1.,1.,1.,1.,1.,1.,1.,1.,1.,1.,1.,1.,1.,1.,1.,       29P    509
1.,1.,1.,1.,1.,1.,1.,1.,1.,1.,1.,1.,1.,1.,1.,1.,1.,1.,1.,1.,1.,       29P    510
1.,1.,1.,1.,1.,1.,1.,1.,1.,1.,1.,1.,1.,1.,1.,1.,1.,1.,1.,1.,1.,       29P    511
1.,1.,1.,1.,1.,1.,1.,1.,1.,1.,1.,1.,1.,1.,1.,1.,1.,1.,1.,1.,1.,       29P    512
1.,1.,1.,1.,1.,1.,1.,1.,1.,1.,1.,1.,1.,1.,1.,1.,1.,1.,1.,1.,1.,       29P    513
1.,1.,1.,1.,1.,1.,1.,1.,1.,1.,1.,1.,1.,1.,1.,1.,1.,1.,1.,1.,1.,       29P    514
1.,1.,1.,1.,1.,1.,1.,1.,1.,1.,1.,1.,1.,1.,1.,1.,1.,1.,1.,1.,1.,       29P    515
1.,1.,1.,1.,1.,1.,1.,1.,1.,1.,1.,1.,1.,1.,1.,1.,1.,1.,1.,1.,1.,       29P    516
1.,1.,1.,1.,1.,1.,1.,1.,1.,1.,1.,1.,1.,1.,1.,1.,1.,1.,1.,1.,1.,       29P    517
1.,1.,1.,1.,1.,1.,1.,1.,1.,1.,1.,1.,1.,1.,1.,1.,1.,1.,1.,1.,1.,       29P    518
1.,1.,1.,1.,1.,1.,1.,1.,1.,1.,1.,1.,1.,1.,1.,1.,1.,1.,1.,1.,1.,       29P    519
1.,1.,1.,1.,1.,1.,1.,1.,1.,1.,1.,1.,1.,1.,1.,1.,1.,1.,1.,1.,1.,       29P    520
1.,1.,1.,1.,1.,1.,1.,1.,1.,1.,1.,1.,1.,1.,1.,1.,1.,1.,1.,1.,1.,       29P    521
1.,1.,1.,1.,1.,1.,1.,1.,1.,1.,1.,1.,1.,1.,1.,1.,1.,1.,1.,1.,1.,       29P    522
1.,1.,1.,1.,1.,1.,1.,1.,1.,1.,1.,1.,1.,1.,1.,1.,1.,1.,1.,1.,1.,       29P    523
1.,1.,1.,1.,1.,1.,1.,1.,1.,1.,1.,1.,1.,1.,1.,1.,1.,1.,1.,1.,1.,       29P    524
1.,1.,1.,1.,1.,1.,1.,1.,1.,1.,1.,1.,1.,1.,1.,1.,1.,1.,1.,1.,1.,       29P    525
1.,1.,1.,1.,1.,1.,1.,1.,1.,1.,1.,1.,1.,1.,1.,1.,1.,1.,1.,1.,1.,       29P    526
1.,1.,1.,1.,1.,1.,1.,1.,1.,1.,1.,1.,1.,1.,1.,1.,1.,1.,1.,1.,1.,       29P    527
1.,1.,1.,1.,1.,1.,1.,1.,1.,1.,1.,1.,1.,1.,1.,1.,1.,1.,1.,1.,1.,       29P    528
1.,1.,1.,1.,1.,1.,1.,1.,1.,1.,1.,1.,1.,1.,1.,1.,1.,1.,1.,1.,1.,       29P    529
1.,1.,1.,1.,1.,1.,1.,1.,1.,1.,1.,1.,1.,1.,1.,1.,1.,1.,1.,1.,1.,       29P    530
1.,1.,1.,1.,1.,1.,1.,1.,1.,1.,1.,1.,1.,1.,1.,1.,1.,1.,1.,1.,1.,       29P    531
1.,1.,1.,1.,1.,1.,1.,1.,1.,1.,1.,1.,1.,1.,1.,1.,1.,1.,1.,1.,1.,       29P    532
1.,1.,1.,1.,1.,1.,1.,1.,1.,1.,1.,1.,1.,1.,1.,1.,1.,1.,1.,1.,1.,       29P    533
1.,1.,1.,1.,1.,1.,1.,1.,1.,1.,1.,1.,1.,1.,1.,1.,1.,1.,1.,1.,1.,       29P    534
1.,1.,1.,1.,1.,1.,1.,1.,1.,1.,1.,1.,1.,1.,1.,1.,1.,1.,1.,1.,1.,       29P    535
1.,1.,1.,1.,1.,1.,1.,1.,1.,1.,1.,1.,1.,1.,1.,1.,1.,1.,1.,1.,1.,       29P    536
1.,1.,1.,1.,1.,1.,1.,1.,1.,1.,1.,1.,1.,1.,1.,1.,1.,1.,1.,1.,1.,       29P    537
1.,1.,1.,1.,1.,1.,1.,1.,1.,1.,1.,1.,1.,1.,1.,1.,1.,1.,1.,1.,1.,       29P    538
1.,1.,1.,1.,1.,1.,1.,1.,1.,1.,1.,1.,1.,1.,1.,1.,1.,1.,1.,1.,1.,       29P    539
1.,1.,1.,1.,1.,1.,1.,1.,1.,1.,1.,1.,1.,1.,1.,1.,1.,1.,1.,1.,1.,       29P    540
1.,1.,1.,1.,1.,1.,1.,1.,1.,1.,1.,1.,1.,1.,1.,1.,1.,1.,1.,1.,1.,       29P    541
1.,1.,1.,1.,1.,1.,1.,1.,1.,1.,1.,1.,1.,1.,1.,1.,1.,1.,1.,1.,1.,       29P    542
1.,1.,1.,1.,1.,1.,1.,1.,1.,1.,1.,1.,1.,1.,1.,1.,1.,1.,1.,1.,1.,       29P    543
1.,1.,1.,1.,1.,1.,1.,1.,1.,1.,1.,1.,1.,1.,1.,1.,1.,1.,1.,1.,1.,       29P    544
1.,1.,1.,1.,1.,1.,1.,1.,1.,1.,1.,1.,1.,1.,1.,1.,1.,1.,1.,1.,1.,       29P    545
1.,1.,1.,1.,1.,1.,1.,1.,1.,1.,1.,1.,1.,1.,1.,1.,1.,1.,1.,1.,1.,       29P    546
1.,1.,1.,1.,1.,1.,1.,1.,1.,1.,1.,1.,1.,1.,1.,1.,1.,1.,1.,1.,1.,       29P    547
1.,1.,1.,1.,1.,1.,1.,1.,1.,1.,1.,1.,1.,1.,1.,1.,1.,1.,1.,1.,1.,       29P    548
1.,1.,1.,1.,1.,1.,1.,1.,1.,1.,1.,1.,1.,1.,1.,1.,1.,1.,1.,1.,1.,       29P    549
1.,1.,1.,1.,1.,1.,1.,1.,1.,1.,1.,1.,1.,1.,1.,1.,1.,1.,1.,1.,1.,       29P    550
1.,1.,1.,1.,1.,1.,1.,1.,1.,1.,1.,1.,1.,1.,1.,1.,1.,1.,1.,1.,1.,       29P    551
1.,1.,1.,1.,1.,1.,1.,1.,1.,1.,1.,1.,1.,1.,1.,1.,1.,1.,1.,1.,1.,       29P    552
1.,1.,1.,1.,1.,1.,1.,1.,1.,1.,1.,1.,1.,1.,1.,1.,1.,1.,1.,1.,1.,       29P    553
1.,1.,1.,1.,1.,1.,1.,1.,1.,1.,1.,1.,1.,1.,1.,1.,1.,1.,1.,1.,1.,       29P    554
1.,1.,1.,1.,1.,1.,1.,1.,1.,1.,1.,1.,1.,1.,1.,1.,1.,1.,1.,1.,1.,       29P    555
1.,1.,1.,1.,1.,1.,1.,1.,1.,1.,1.,1.,1.,1.,1.,1.,1.,1.,1.,1.,1.,       29P    556
1.,1.,1.,1.,1.,1.,1.,1.,1.,1.,1.,1.,1.,1.,1.,1.,1.,1.,1.,1.,1.,       29P    557
1.,1.,1.,1.,1.,1.,1.,1.,1.,1.,1.,1.,1.,1.,1.,1.,1.,1.,1.,1.,1.,       29P    558
1.,1.,1.,1.,1.,1.,1.,1.,1.,1.,1.,1.,1.,1.,1.,1.,1.,1.,1.,1.,1.,       29P    559
1.,1.,1.,1.,1.,1.,1.,1.,1.,1.,1.,1.,1.,1.,1.,1.,1.,1.,1.,1.,1.,       29P    560
1.,1.,1.,1.,1.,1.,1.,1.,1.,1.,1.,1.,1.,1.,1.,1.,1.,1.,1.,1.,1.,       29P    561
1.,1.,1.,1.,1.,1.,1.,1.,1.,1.,1.,1.,1.,1.,1.,1.,1.,1.,1.,1.,1.,       29P    562
1.,1.,1.,1.,1.,1.,1.,1.,1.,1.,1.,1.,1.,1.,1.,1.,1.,1.,1.,1.,1.,       29P    563
1.,1.,1.,1.,1.,1.,1.,1.,1.,1.,1.,1.,1.,1.,1.,1.,1.,1.,1.,1.,1.,       29P    564
1.,1.,1.,1.,1.,1.,1.,1.,1.,1.,1.,1.,1.,1.,1.,1.,1.,1.,1.,1.,1.,       29P    565
1.,1.,1.,1.,1.,1.,1.,1.,1.,1.,1.,1.,1.,1.,1.,1.,1.,1.,1.,1.,1.,       29P    566
1.,1.,1.,1.,1.,1.,1.,1.,1.,1.,1.,1.,1.,1.,1.,1.,1.,1.,1.,1.,1.,       29P    567
1.,1.,1.,1.,1.,1.,1.,1.,1.,1.,1.,1.,1.,1.,1.,1.,1.,1.,1.,1.,1.,       29P    568
1.,1.,1.,1.,1.,1.,1.,1.,1.,1.,1.,1.,1.,1.,1.,1.,1.,1.,1.,1.,1.,       29P    569
1.,1.,1.,1.,1.,1.,1.,1.,1.,1.,1.,1.,1.,1.,1.,1.,1.,1.,1.,1.,1.,       29P    570
1.,1.,1.,1.,1.,1.,1.,1.,1.,1.,1.,1.,1.,1.,1.,1.,1.,1.,1.,1.,1.,       29P    571
1.,1.,1.,1.,1.,1.,1.,1.,1.,1.,1.,1.,1.,1.,1.,1.,1.,1.,1.,1.,1.,       29P    572
1.,1.,1.,1.,1.,1.,1.,1.,1.,1.,1.,1.,1.,1.,1.,1.,1.,1.,1.,1.,1.,       29P    573
1.,1.,1.,1.,1.,1.,1.,1.,1.,1.,1.,1.,1.,1.,1.,1.,1.,1.,1.,1.,1.,       29P    574
1.,1.,1.,1.,1.,1.,1.,1.,1.,1.,1.,1.,1.,1.,1.,1.,1.,1.,1.,1.,1.,       29P    575
1.,1.,1.,1.,1.,1.,1.,1.,1.,1.,1.,1.,1.,1.,1.,1.,1.,1.,1.,1.,1.,       29P    576
1.,1.,1.,1.,1.,1.,1.,1.,1.,1.,1.,1.,1.,1.,1.,1.,1.,1.,1.,1.,1.,       29P    577
1.,1.,1.,1.,1.,1.,1.,1.,1.,1.,1.,1.,1.,1.,1.,1.,1.,1.,1.,1.,1.,       29P    578
1.,1.,1.,1.,1.,1.,1.,1.,1.,1.,1.,1.,1.,1.,1.,1.,1.,1.,1.,1.,1.,       29P    579
1.,1.,1.,1.,1.,1.,1.,1.,1.,1.,1.,1.,1.,1.,1.,1.,1.,1.,1.,1.,1.,       29P    580
1.,1.,1.,1.,1.,1.,1.,1.,1.,1.,1.,1.,1.,1.,1.,1.,1.,1.,1.,1.,1.,       29P    581
1.,1.,1.,1.,1.,1.,1.,1.,1.,1.,1.,1.,1.,1.,1.,1.,1.,1.,1.,1.,1.,       29P    582
1.,1.,1.,1.,1.,1.,1.,1.,1.,1.,1.,1.,1.,1.,1.,1.,1.,1.,1.,1.,1.,       29P    583
1.,1.,1.,1.,1.,1.,1.,1.,1.,1.,1.,1.,1.,1.,1.,1.,1.,1.,1.,1.,1.,       29P    584
1.,1.,1.,1.,1.,1.,1.,1.,1.,1.,1.,1.,1.,1.,1.,1.,1.,1.,1.,1.,1.,       29P    585
1.,1.,1.,1.,1.,1.,1.,1.,1.,1.,1.,1.,1.,1.,1.,1.,1.,1.,1.,1.,1.,       29P    586
1.,1.,1.,1.,1.,1.,1.,1.,1.,1.,1.,1.,1.,1.,1.,1.,1.,1.,1.,1.,1.,       29P    587
1.,1.,1.,1.,1.,1.,1.,1.,1.,1.,1.,1.,1.,1.,1.,1.,1.,1.,1.,1.,1.,       29P    588
1.,1.,1.,1.,1.,1.,1.,1.,1.,1.,1.,1.,1.,1.,1.,1.,1.,1.,1.,1.,1.,       29P    589
1.,1.,1.,1.,1.,1.,1.,1.,1.,1.,1.,1.,1.,1.,1.,1.,1.,1.,1.,1.,1.,       29P    590
1.,1.,1.,1.,1.,1.,1.,1.,1.,1.,1.,1.,1.,1.,1.,1.,1.,1.,1.,1.,1.,       29P    591
1.,1.,1.,1.,1.,1.,1.,1.,1.,1.,1.,1.,1.,1.,1.,1.,1.,1.,1.,1.,1.,       29P    592
1.,1.,1.,1.,1.,1.,1.,1.,1.,1.,1.,1.,1.,1.,1.,1.,1.,1.,1.,1.,1.,       29P    593
1.,1.,1.,1.,1.,1.,1.,1.,1.,1.,1.,1.,1.,1.,1.,1.,1.,1.,1.,1.,1.,       29P    594
1.,1.,1.,1.,1.,1.,1.,1.,1.,1.,1.,1.,1.,1.,1.,1.,1.,1.,1.,1.,1.,       29P    595
1.,1.,1.,1.,1.,1.,1.,1.,1.,1.,1.,1.,1.,1.,1.,1.,1.,1.,1.,1.,1.,       29P    596
1.,1.,1.,1.,1.,1.,1.,1.,1.,1.,1.,1.,1.,1.,1.,1.,1.,1.,1.,1.,1.,       29P    597
1.,1.,1.,1.,1.,1.,1.,1.,1.,1.,1.,1.,1.,1.,1.,1.,1.,1.,1.,1.,1.,       29P    598
1.,1.,1.,1.,1.,1.,1.,1.,1.,1.,1.,1.,1.,1.,1.,1.,1.,1.,1.,1.,1.,       29P    599
1.,1.,1.,1.,1.,1.,1.,1.,1.,1.,1.,1.,1.,1.,1.,1.,1.,1.,1.,1.,1.,       29P    600
1.,1.,1.,1.,1.,1.,1.,1.,1.,1.,1.,1.,1.,1.,1.,1.,1.,1.,1.,1.,1.,       29P    601
1.,1.,1.,1.,1.,1.,1.,1.,1.,1.,1.,1.,1.,1.,1.,1.,1.,1.,1.,1.,1.,       29P    602
1.,1.,1.,1.,1.,1.,1.,1.,1.,1.,1.,1.,1.,1.,1.,1.,1.,1.,1.,1.,1.,       29P    603
1.,1.,1.,1.,1.,1.,1.,1.,1.,1.,1.,1.,1.,1.,1.,1.,1.,1.,1.,1.,1.,       29P    604
1.,1.,1.,1.,1.,1.,1.,1.,1.,1.,1.,1.,1.,1.,1.,1.,1.,1.,1.,1.,1.,       29P    605
1.,1.,1.,1.,1.,1.,1.,1.,1.,1.,1.,1.,1.,1.,1.,1.,1.,1.,1.,1.,1.,       29P    606
1.,1.,1.,1.,1.,1.,1.,1.,1.,1.,1.,1.,1.,1.,1.,1.,1.,1.,1.,1.,1.,       29P    607
1.,1.,1.,1.,1.,1.,1.,1.,1.,1.,1.,1.,1.,1.,1.,1.,1.,1.,1.,1.,1.,       29P    608
1.,1.,1.,1.,1.,1.,1.,1.,1.,1.,1.,1.,1.,1.,1.,1.,1.,1.,1.,1.,1.,       29P    609
1.,1.,1.,1.,1.,1.,1.,1.,1.,1.,1.,1.,1.,1.,1.,1.,1.,1.,1.,1.,1.,       29P    610
1.,1.,1.,1.,1.,1.,1.,1.,1.,1.,1.,1.,1.,1.,1.,1.,1.,1.,1.,1.,1.,       29P    611
1.,1.,1.,1.,1.,1.,1.,1.,1.,1.,1.,1.,1.,1.,1.,1.,1.,1.,1.,1.,1.,       29P    612
1.,1.,1.,1.,1.,1.,1.,1.,1.,1.,1.,1.,1.,1.,1.,1.,1.,1.,1.,1.,1.,       29P    613
1.,1.,1.,1.,1.,1.,1.,1.,1.,1.,1.,1.,1.,1.,1.,1.,1.,1.,1.,1.,1.,       29P    614
1.,1.,1.,1.,1.,1.,1.,1.,1.,1.,1.,1.,1.,1.,1.,1.,1.,1.,1.,1.,1.,       29P    615
1.,1.,1.,1.,1.,1.,1.,1.,1.,1.,1.,1.,1.,1.,1.,1.,1.,1.,1.,1.,1.,       29P    616
1.,1.,1.,1.,1.,1.,1.,1.,1.,1.,1.,1.,1.,1.,1.,1.,1.,1.,1.,1.,1.,       29P    617
1.,1.,1.,1.,1.,1.,1.,1.,1.,1.,1.,1.,1.,1.,1.,1.,1.,1.,1.,1.,1.,       29P    618
1.,1.,1.,1.,1.,1.,1.,1.,1.,1.,1.,1.,1.,1.,1.,1.,1.,1.,1.,1.,1.,       29P    619
1.,1.,1.,1.,1.,1.,1.,1.,1.,1.,1.,1.,1.,1.,1.,1.,1.,1.,1.,1.,1.,       29P    620
1.,1.,1.,1.,1.,1.,1.,1.,1.,1.,1.,1.,1.,1.,1.,1.,1.,1.,1.,1.,1.,       29P    621
1.,1.,1.,1.,1.,1.,1.,1.,1.,1.,1.,1.,1.,1.,1.,1.,1.,1.,1.,1.,1.,       29P    622
1.,1.,1.,1.,1.,1.,1.,1.,1.,1.,1.,1.,1.,1.,1.,1.,1.,1.,1.,1.,1.,       29P    623
1.,1.,1.,1.,1.,1.,1.,1.,1.,1.,1.,1.,1.,1.,1.,1.,1.,1.,1.,1.,1.,       29P    624
1.,1.,1.,1.,1.,1.,1.,1.,1.,1.,1.,1.,1.,1.,1.,1.,1.,1.,1.,1.,1.,       29P    625
1.,1.,1.,1.,1.,1.,1.,1.,1.,1.,1.,1.,1.,1.,1.,1.,1.,1.,1.,1.,1.,       29P    626
1.,1.,1.,1.,1.,1.,1.,1.,1.,1.,1.,1.,1.,1.,1.,1.,1.,1.,1.,1.,1.,       29P    627
1.,1.,1.,1.,1.,1.,1.,1.,1.,1.,1.,1.,1.,1.,1.,1.,1.,1.,1.,1.,1.,       29P    628
1.,1.,1.,1.,1.,1.,1.,1.,1.,1.,1.,1.,1.,1.,1.,1.,1.,1.,1.,1.,1.,       29P    629
1.,1.,1.,1.,1.,1.,1.,1.,1.,1.,1.,1.,1.,1.,1.,1.,1.,1.,1.,1.,1.,       29P    630
1.,1.,1.,1.,1.,1.,1.,1.,1.,1.,1.,1.,1.,1.,1.,1.,1.,1.,1.,1.,1.,       29P    631
1.,1.,1.,1.,1.,1.,1.,1.,1.,1.,1.,1.,1.,1.,1.,1.,1.,1.,1.,1.,1.,       29P    632
1.,1.,1.,1.,1.,1.,1.,1.,1.,1.,1.,1.,1.,1.,1.,1.,1.,1.,1.,1.,1.,       29P    633
1.,1.,1.,1.,1.,1.,1.,1.,1.,1.,1.,1.,1.,1.,1.,1.,1.,1.,1.,1.,1.,       29P    634
1.,1.,1.,1.,1.,1.,1.,1.,1.,1.,1.,1.,1.,1.,1.,1.,1.,1.,1.,1.,1.,       29P    635
1.,1.,1.,1.,1.,1.,1.,1.,1.,1.,1.,1.,1.,1.,1.,1.,1.,1.,1.,1.,1.,       29P    636
1.,1.,1.,1.,1.,1.,1.,1.,1.,1.,1.,1.,1.,1.,1.,1.,1.,1.,1.,1.,1.,       29P    637
1.,1.,1.,1.,1.,1.,1.,1.,1.,1.,1.,1.,1.,1.,1.,1.,1.,1.,1.,1.,1.,       29P    638
1.,1.,1.,1.,1.,1.,1.,1.,1.,1.,1.,1.,1.,1.,1.,1.,1.,1.,1.,1.,1.,       29P    639
1.,1.,1.,1.,1.,1.,1.,1.,1.,1.,1.,1.,1.,1.,1.,1.,1.,1.,1.,1.,1.,       29P    640
1.,1.,1.,1.,1.,1.,1.,1.,1.,1.,1.,1.,1.,1.,1.,1.,1.,1.,1.,1.,1.,       29P    641
1.,1.,1.,1.,1.,1.,1.,1.,1.,1.,1.,1.,1.,1.,1.,1.,1.,1.,1.,1.,1.,       29P    642
1.,1.,1.,1.,1.,1.,1.,1.,1.,1.,1.,1.,1.,1.,1.,1.,1.,1.,1.,1.,1.,       29P    643
1.,1.,1.,1.,1.,1.,1.,1.,1.,1.,1.,1.,1.,1.,1.,1.,1.,1.,1.,1.,1.,       29P    644
1.,1.,1.,1.,1.,1.,1.,1.,1.,1.,1.,1.,1.,1.,1.,1.,1.,1.,1.,1.,1.,       29P    645
1.,1.,1.,1.,1.,1.,1.,1.,1.,1.,1.,1.,1.,1.,1.,1.,1.,1.,1.,1.,1.,       29P    646
1.,1.,1.,1.,1.,1.,1.,1.,1.,1.,1.,1.,1.,1.,1.,1.,1.,1.,1.,1.,1.,       29P    647
1.,1.,1.,1.,1.,1.,1.,1.,1.,1.,1.,1.,1.,1.,1.,1.,1.,1.,1.,1.,1.,       29P    648
1.,1.,1.,1.,1.,1.,1.,1.,1.,1.,1.,1.,1.,1.,1.,1.,1.,1.,1.,1.,1.,       29P    649
1.,1.,1.,1.,1.,1.,1.,1.,1.,1.,1.,1.,1.,1.,1.,1.,1.,1.,1.,1.,1.,       29P    650
1.,1.,1.,1.,1.,1.,1.,1.,1.,1.,1.,1.,1.,1.,1.,1.,1.,1.,1.,1.,1.,       29P    651
1.,1.,1.,1.,1.,1.,1.,1.,1.,1.,1.,1.,1.,1.,1.,1.,1.,1.,1.,1.,1.,       29P    652
1.,1.,1.,1.,1.,1.,1.,1.,1.,1.,1.,1.,1.,1.,1.,1.,1.,1.,1.,1.,1.,       29P    653
1.,1.,1.,1.,1.,1.,1.,1.,1.,1.,1.,1.,1.,1.,1.,1.,1.,1.,1.,1.,1.,       29P    654
1.,1.,1.,1.,1.,1.,1.,1.,1.,1.,1.,1.,1.,1.,1.,1.,1.,1.,1.,1.,1.,       29P    655
1.,1.,1.,1.,1.,1.,1.,1.,1.,1.,1.,1.,1.,1.,1.,1.,1.,1.,1.,1.,1.,       29P    656
1.,1.,1.,1.,1.,1.,1.,1.,1.,1.,1.,1.,1.,1.,1.,1.,1.,1.,1.,1.,1.,       29P    657
1.,1.,1.,1.,1.,1.,1.,1.,1.,1.,1.,1.,1.,1.,1.,1.,1.,1.,1.,1.,1.,       29P    658
1.,1.,1.,1.,1.,1.,1.,1.,1.,1.,1.,1.,1.,1.,1.,1.,1.,1.,1.,1.,1.,       29P    659
1.,1.,1.,1.,1.,1.,1.,1.,1.,1.,1.,1.,1.,1.,1.,1.,1.,1.,1.,1.,1.,       29P    660
1.,1.,1.,1.,1.,1.,1.,1.,1.,1.,1.,1.,1.,1.,1.,1.,1.,1.,1.,1.,1.,       29P    661
1.,1.,1.,1.,1.,1.,1.,1.,1.,1.,1.,1.,1.,1.,1.,1.,1.,1.,1.,1.,1.,       29P    662
1.,1.,1.,1.,1.,1.,1.,1.,1.,1.,1.,1.,1.,1.,1.,1.,1.,1.,1.,1.,1.,       29P    663
1.,1.,1.,1.,1.,1.,1.,1.,1.,1.,1.,1.,1.,1.,1.,1.,1.,1.,1.,1.,1.,       29P    664
1.,1.,1.,1.,1.,1.,1.,1.,1.,1.,1.,1.,1.,1.,1.,1.,1.,1.,1.,1.,1.,       29P    665
1.,1.,1.,1.,1.,1.,1.,1.,1.,1.,1.,1.,1.,1.,1.,1.,1.,1.,1.,1.,1.,       29P    666
1.,1.,1.,1.,1.,1.,1.,1.,1.,1.,1.,1.,1.,1.,1.,1.,1.,1.,1.,1.,1.,       29P    667
1.,1.,1.,1.,1.,1.,1.,1.,1.,1.,1.,1.,1.,1.,1.,1.,1.,1.,1.,1.,1.,       29P    668
1.,1.,1.,1.,1.,1.,1.,1.,1.,1.,1.,1.,1.,1.,1.,1.,1.,1.,1.,1.,1.,       29P    669
1.,1.,1.,1.,1.,1.,1.,1.,1.,1.,1.,1.,1.,1.,1.,1.,1.,1.,1.,1.,1.,       29P    670
1.,1.,1.,1.,1.,1.,1.,1.,1.,1.,1.,1.,1.,1.,1.,1.,1.,1.,1.,1.,1.,       29P    671
1.,1.,1.,1.,1.,1.,1.,1.,1.,1.,1.,1.,1.,1.,1.,1.,1.,1.,1.,1.,1.,       29P    672
1.,1.,1.,1.,1.,1.,1.,1.,1.,1.,1.,1.,1.,1.,1.,1.,1.,1.,1.,1.,1.,       29P    673
1.,1.,1.,1.,1.,1.,1.,1.,1.,1.,1.,1.,1.,1.,1.,1.,1.,1.,1.,1.,1.,       29P    674
1.,1.,1.,1.,1.,1.,1.,1.,1.,1.,1.,1.,1.,1.,1.,1.,1.,1.,1.,1.,1.,       29P    675
1.,1.,1.,1.,1.,1.,1.,1.,1.,1.,1.,1.,1.,1.,1.,1.,1.,1.,1.,1.,1.,       29P    676
1.,1.,1.,1.,1.,1.,1.,1.,1.,1.,1.,1.,1.,1.,1.,1.,1.,1.,1.,1.,1.,       29P    677
1.,1.,1.,1.,1.,1.,1.,1.,1.,1.,1.,1.,1.,1.,1.,1.,1.,1.,1.,1.,1.,       29P    678
1.,1.,1.,1.,1.,1.,1.,1.,1.,1.,1.,1.,1.,1.,1.,1.,1.,1.,1.,1.,1.,       29P    679
1.,1.,1.,1.,1.,1.,1.,1.,1.,1.,1.,1.,1.,1.,1.,1.,1.,1.,1.,1.,1.,       29P    680
1.,1.,1.,1.,1.,1.,1.,1.,1.,1.,1.,1.,1.,1.,1.,1.,1.,1.,1.,1.,1.,       29P    681
1.,1.,1.,1.,1.,1.,1.,1.,1.,1.,1.,1.,1.,1.,1.,1.,1.,1.,1.,1.,1.,       29P    682
1.,1.,1.,1.,1.,1.,1.,1.,1.,1.,1.,1.,1.,1.,1.,1.,1.,1.,1.,1.,1.,       29P    683
1.,1.,1.,1.,1.,1.,1.,1.,1.,1.,1.,1.,1.,1.,1.,1.,1.,1.,1.,1.,1.,       29P    684
1.,1.,1.,1.,1.,1.,1.,1.,1.,1.,1.,1.,1.,1.,1.,1.,1.,1.,1.,1.,1.,       29P    685
1.,1.,1.,1.,1.,1.,1.,1.,1.,1.,1.,1.,1.,1.,1.,1.,1.,1.,1.,1.,1.,       29P    686
1.,1.,1.,1.,1.,1.,1.,1.,1.,1.,1.,1.,1.,1.,1.,1.,1.,1.,1.,1.,1.,       29P    687
1.,1.,1.,1.,1.,1.,1.,1.,1.,1.,1.,1.,1.,1.,1.,1.,1.,1.,1.,1.,1.,       29P    688
1.,1.,1.,1.,1.,1.,1.,1.,1.,1.,1.,1.,1.,1.,1.,1.,1.,1.,1.,1.,1.,       29P    689
1.,1.,1.,1.,1.,1.,1.,1.,1.,1.,1.,1.,1.,1.,1.,1.,1.,1.,1.,1.,1.,       29P    690
1.,1.,1.,1.,1.,1.,1.,1.,1.,1.,1.,1.,1.,1.,1.,1.,1.,1.,1.,1.,1.,       29P    691
1.,1.,1.,1.,1.,1.,1.,1.,1.,1.,1.,1.,1.,1.,1.,227.553,0.383,           29P    692
10.732,227.552,0.383808,10.732,227.551,0.384694,10.732,227.549,       29P    693
0.385396,10.732,227.548,0.385697,10.732,227.547,0.38594,10.732,       29P    694
227.545,0.385898,10.732,227.543,0.385536,10.732,227.542,              29P    695
0.385157,10.732,227.541,0.384854,10.732,227.541,0.384472,10.732,      29P    696
227.54,0.383963,10.732,227.539,0.3836,10.732,227.539,0.382823,        29P    697
10.732,227.538,0.382413,10.732,227.538,0.381482,10.732,227.537,       29P    698
0.380954,10.732,227.537,0.379924,10.732,227.536,0.379087,10.732,      29P    699
227.536,0.378209,10.732,227.536,0.377465,10.732,227.536,              29P    700
0.377081,10.732,227.536,0.376249,10.732,227.536,0.375801,10.732,      29P    701
227.536,0.374974,10.732,227.536,0.374594,10.732,227.536,              29P    702
0.373523,10.732,227.536,0.372844,10.732,227.538,0.369225,10.732,      29P    703
227.539,0.365787,10.732,227.541,0.361867,10.732,227.541,              29P    704
0.360452,10.732,227.542,0.358588,10.732,227.543,0.356853,10.732,      29P    705
227.544,0.355195,10.732,227.544,0.354096,10.732,227.545,              29P    706
0.352658,10.732,227.548,0.3457,10.732,227.551,0.338611,10.732,        29P    707
227.554,0.331807,10.732,227.554,0.330389,10.732,227.555,              29P    708
0.329059,10.732,227.556,0.327245,10.732,227.557,0.325531,10.732,      29P    709
227.557,0.323849,10.732,227.558,0.322706,10.732,227.559,              29P    710
0.321211,10.732,227.564,0.310378,10.732,227.569,0.299583,10.732,      29P    711
227.574,0.289148,10.732,227.575,0.287876,10.732,227.576,              29P    712
0.286173,10.732,227.577,0.284514,10.732,227.578,0.282872,10.732,      29P    713
227.578,0.281695,10.732,227.579,0.280136,10.732,227.586,              29P    714
0.266557,10.732,227.594,0.2531,10.732,227.601,0.240209,10.732,        29P    715
227.602,0.238997,10.732,227.602,0.237845,10.732,227.603,              29P    716
0.236203,10.732,227.604,0.23463,10.732,227.605,0.232998,10.732,       29P    717
227.606,0.231805,10.732,227.607,0.230187,10.732,227.617,              29P    718
0.213678,10.732,227.627,0.197556,10.732,227.638,0.182151,10.732,      29P    719
227.639,0.181129,10.732,227.639,0.180059,10.732,227.64,0.17856,       29P    720
10.732,227.641,0.17706,10.732,227.642,0.175489,10.732,227.643,        29P    721
0.174234,10.732,227.644,0.172555,10.732,227.656,0.156743,10.732,      29P    722
227.667,0.141419,10.732,227.679,0.126893,10.732,227.679,              29P    723
0.125973,10.732,227.68,0.125017,10.732,227.681,0.123636,10.732,       29P    724
227.682,0.122251,10.732,227.683,0.120735,10.732,227.684,              29P    725
0.119472,10.732,227.686,0.117992,10.732,227.687,0.116692,10.732,      29P    726
227.699,0.101921,10.732,227.711,0.0877516,10.732,227.724,             29P    727
0.0738696,10.732,227.725,0.0730074,10.732,227.726,0.0717464,          29P    728
10.732,227.727,0.0704393,10.732,227.728,0.068966,10.732,227.729,      29P    729
0.0677184,10.732,227.731,0.0662819,10.732,227.732,0.0649634,          29P    730
10.732,227.745,0.0510961,10.732,227.758,0.037887,10.732,227.772,      29P    731
0.024837,10.732,227.773,0.0234542,10.732,227.775,0.0219559,           29P    732
10.732,227.777,0.0205559,10.732,227.778,0.019298,10.732,227.779,      29P    733
0.0178548,10.732,227.781,0.0165314,10.732,227.795,0.00380707,         29P    734
10.732,227.809,-0.00834693,10.732,227.823,-0.0202635,10.732,          29P    735
227.825,-0.0216318,10.732,227.827,-0.0234076,10.732,227.829,          29P    736
-0.0252059,10.732,227.831,-0.0269511,10.732,227.833,-0.0282287,       29P    737
10.732,227.848,-0.0399196,10.732,227.862,-0.0509307,10.732,           29P    738
227.878,-0.0617201,10.732,227.879,-0.0628893,10.732,227.881,          29P    739
-0.0641297,10.732,227.883,-0.0653522,10.732,227.885,-0.0665235,       29P    740
10.732,227.886,-0.0678825,10.732,227.888,-0.0691381,10.732,           29P    741
227.904,-0.0798086,10.732,227.919,-0.0898364,10.732,227.935,          29P    742
-0.099699,10.732,227.936,-0.100733,10.732,227.938,-0.101858,          29P    743
10.732,227.94,-0.103022,10.732,227.942,-0.104168,10.732,227.944,      29P    744
-0.105526,10.732,227.946,-0.106754,10.732,227.962,-0.11679,           29P    745
10.732,227.978,-0.126417,10.732,227.995,-0.135973,10.732,             29P    746
227.997,-0.137039,10.732,227.998,-0.138152,10.732,228.,               29P    747
-0.139274,10.732,228.003,-0.140608,10.732,228.005,-0.141841,          29P    748
10.732,228.021,-0.15119,10.732,228.038,-0.1601,10.732,228.054,        29P    749
-0.168881,10.732,228.056,-0.16987,10.732,228.058,-0.17094,            29P    750
10.732,228.061,-0.17205,10.732,228.063,-0.173355,10.732,228.065,      29P    751
-0.174561,10.732,228.082,-0.183159,10.732,228.099,-0.191273,          29P    752
10.732,228.116,-0.199258,10.732,228.117,-0.200172,10.732,228.12,      29P    753
-0.20119,10.732,228.122,-0.202268,10.732,228.125,-0.203553,           29P    754
10.732,228.127,-0.204723,10.732,228.144,-0.212574,10.732,             29P    755
228.161,-0.219955,10.732,228.178,-0.227168,10.732,228.18,             29P    756
-0.227993,10.732,228.182,-0.228945,10.732,228.184,-0.22999,           29P    757
10.732,228.187,-0.231231,10.732,228.19,-0.23236,10.732,228.207,       29P    758
-0.23945,10.732,228.224,-0.246012,10.732,228.241,-0.25243,            29P    759
10.732,228.243,-0.253185,10.732,228.245,-0.254082,10.732,             29P    760
228.248,-0.255066,10.732,228.251,-0.256236,10.732,228.254,            29P    761
-0.257307,10.732,228.268,-0.262339,10.732,228.281,-0.266982,          29P    762
10.732,228.294,-0.271535,10.732,228.296,-0.272217,10.732,             29P    763
228.299,-0.273061,10.732,228.303,-0.274421,10.732,228.307,            29P    764
-0.275768,10.732,228.319,-0.279488,10.732,228.328,-0.282485,          29P    765
10.732,228.337,-0.285368,10.732,228.339,-0.285789,10.732,228.34,      29P    766
-0.286271,10.732,228.342,-0.286885,10.732,228.345,-0.287773,          29P    767
10.732,228.349,-0.288845,10.732,228.352,-0.289812,10.732,             29P    768
228.359,-0.291774,10.732,228.364,-0.293445,10.732,228.37,             29P    769
-0.295164,10.732,228.372,-0.295749,10.732,228.375,-0.296508,          29P    770
10.732,228.378,-0.297367,10.732,228.382,-0.298402,10.732,             29P    771
228.385,-0.299333,10.732,228.388,-0.30013,10.732,228.39,              29P    772
-0.300553,10.732,228.391,-0.300901,10.732,228.391,-0.301024,          29P    773
10.732,228.393,-0.301386,10.732,228.394,-0.301626,10.732,             29P    774
228.395,-0.302067,10.732,228.396,-0.302268,10.732,228.398,            29P    775
-0.302747,10.732,228.399,-0.303025,10.732,228.4,-0.303479,            29P    776
10.732,228.402,-0.303834,10.732,228.403,-0.304188,10.732,             29P    777
228.404,-0.304462,10.732,228.406,-0.304818,10.732,228.407,            29P    778
-0.305172,10.732,228.409,-0.30562,10.732,228.409,-0.30581,            29P    779
10.732,228.411,-0.306152,10.732,228.412,-0.306369,10.732,             29P    780
228.414,-0.306536,10.732,228.416,-0.306529,10.732,228.418,            29P    781
-0.306208,10.732,228.42,-0.305529,10.732,228.423,-0.304366,           29P    782
10.732,228.426,-0.302424,10.732,228.427,-0.300634,10.732,             29P    783
228.428,-0.299277,10.732,228.429,-0.298541,10.732,228.429,            29P    784
-0.297337,10.732,228.43,-0.296485,10.732,228.431,-0.294784,           29P    785
10.732,228.431,-0.293495,10.732,228.431,-0.292185,10.732,             29P    786
228.431,-0.29112,10.732,228.431,-0.290046,10.732,228.431,             29P    787
-0.288199,10.732,228.431,-0.286974,10.732,228.431,-0.284772,          29P    788
10.732,228.43,-0.282735,10.732,228.429,-0.280865,10.732,228.428,      29P    789
-0.27912,10.732,228.426,-0.27789,10.732,228.425,-0.276571,            29P    790
10.732,228.424,-0.276,10.732,228.423,-0.275152,10.732,228.422,        29P    791
-0.274618,10.732,228.419,-0.273243,10.732,228.415,-0.271576,          29P    792
10.732,228.409,-0.269163,10.732,228.405,-0.267288,10.732,228.4,       29P    793
-0.265381,10.732,228.397,-0.263999,10.732,228.393,-0.262447,          29P    794
10.732,228.39,-0.261246,10.732,228.387,-0.259688,10.732,228.383,      29P    795
-0.258018,10.732,228.379,-0.255995,10.732,228.374,-0.254108,          29P    796
10.732,228.366,-0.250515,10.732,228.36,-0.247421,10.732,228.352,      29P    797
-0.244107,10.732,228.35,-0.242869,10.732,228.346,-0.241289,           29P    798
10.732,228.343,-0.2396,10.732,228.338,-0.237546,10.732,228.334,       29P    799
-0.235621,10.732,228.323,-0.230103,10.732,228.313,-0.225044,          29P    800
10.732,228.302,-0.219704,10.732,228.299,-0.218446,10.732,             29P    801
228.296,-0.216835,10.732,228.293,-0.215119,10.732,228.289,            29P    802
-0.213048,10.732,228.285,-0.211119,10.732,228.27,-0.203409,           29P    803
10.732,228.256,-0.19605,10.732,228.243,-0.188345,10.732,228.24,       29P    804
-0.187065,10.732,228.237,-0.185437,10.732,228.234,-0.183709,          29P    805
10.732,228.23,-0.181633,10.732,228.227,-0.179712,10.732,228.212,      29P    806
-0.171287,10.732,228.198,-0.163216,10.732,228.184,-0.154767,          29P    807
10.732,228.182,-0.153474,10.732,228.179,-0.151852,10.732,             29P    808
228.177,-0.150152,10.732,228.173,-0.148118,10.732,228.17,             29P    809
-0.146216,10.732,228.155,-0.137013,10.732,228.141,-0.128146,          29P    810
10.732,228.127,-0.118919,10.732,228.125,-0.117662,10.732,             29P    811
228.123,-0.116066,10.732,228.12,-0.114394,10.732,228.117,             29P    812
-0.111989,10.732,228.101,-0.101364,10.732,228.086,-0.0910156,         29P    813
10.732,228.072,-0.081042,10.732,228.07,-0.0798023,10.732,             29P    814
228.068,-0.0782742,10.732,228.065,-0.0766544,10.732,228.063,          29P    815
-0.0747466,10.732,228.06,-0.0729782,10.732,228.046,-0.0622957,        29P    816
10.732,228.032,-0.0518751,10.732,228.017,-0.0410687,10.732,           29P    817
228.016,-0.0398845,10.732,228.014,-0.0383959,10.732,228.012,          29P    818
-0.0368508,10.732,228.01,-0.0350205,10.732,228.008,-0.0333567,        29P    819
10.732,227.993,-0.0219734,10.732,227.979,-0.0107224,10.732,           29P    820
227.965,0.000854422,10.732,227.964,0.00209522,10.732,227.962,         29P    821
0.00348284,10.732,227.96,0.00493023,10.732,227.958,0.00659994,        29P    822
10.732,227.956,0.00813494,10.732,227.942,0.0202108,10.732,            29P    823
227.928,0.0321274,10.732,227.913,0.0442881,10.732,227.912,            29P    824
0.045424,10.732,227.911,0.0466731,10.732,227.909,0.0479726,           29P    825
10.732,227.907,0.0494788,10.732,227.906,0.0508617,10.732,             29P    826
227.891,0.0634658,10.732,227.877,0.0758984,10.732,227.863,            29P    827
0.0885227,10.732,227.861,0.0895182,10.732,227.86,0.0906191,           29P    828
10.732,227.859,0.0917489,10.732,227.857,0.0930778,10.732,             29P    829
227.856,0.0942918,10.732,227.841,0.107324,10.732,227.827,             29P    830
0.120198,10.732,227.812,0.133281,10.732,227.811,0.134169,10.732,      29P    831
227.81,0.135124,10.732,227.809,0.136087,10.732,227.808,0.137445,      29P    832
10.732,227.792,0.151581,10.732,227.776,0.16593,10.732,227.761,        29P    833
0.179985,10.732,227.76,0.181091,10.732,227.759,0.182176,10.732,       29P    834
227.743,0.196678,10.732,227.728,0.211176,10.732,227.712,              29P    835
0.225638,10.732,227.711,0.226524,10.732,227.71,0.227551,10.732,       29P    836
227.695,0.242436,10.732,227.679,0.257453,10.732,227.664,              29P    837
0.272476,10.732,227.663,0.273357,10.732,227.65,0.286145,10.732,       29P    838
227.636,0.298933,10.732,227.623,0.311834,10.732,227.613,              29P    839
0.322458,10.732,227.602,0.33312,10.732,227.584,0.35135,10.732,        29P    840
227.571,0.364694,10.732,227.558,0.377764,10.732,227.553,0.383,        29P    841
10.732,227.553,0.386849,10.7627,227.552,0.387651,10.7627,             29P    842
227.551,0.38855,10.7627,227.549,0.389274,10.7627,227.548,             29P    843
0.389589,10.7627,227.547,0.389849,10.7627,227.545,0.389818,           29P    844
10.7627,227.543,0.389464,10.7627,227.542,0.389093,10.7627,            29P    845
227.542,0.388797,10.7627,227.541,0.388424,10.7627,227.54,             29P    846
0.387926,10.7627,227.54,0.387572,10.7627,227.539,0.386811,            29P    847
10.7627,227.539,0.386409,10.7627,227.538,0.385495,10.7627,            29P    848
227.538,0.384975,10.7627,227.537,0.383963,10.7627,227.537,            29P    849
0.383139,10.7627,227.536,0.382273,10.7627,227.536,0.381538,           29P    850
10.7627,227.536,0.381158,10.7627,227.536,0.380335,10.7627,            29P    851
227.536,0.379891,10.7627,227.536,0.379068,10.7627,227.536,            29P    852
0.37869,10.7627,227.536,0.377621,10.7627,227.537,0.376944,            29P    853
10.7627,227.538,0.373355,10.7627,227.539,0.369942,10.7627,            29P    854
227.541,0.366045,10.7627,227.542,0.364639,10.7627,227.542,            29P    855
0.362786,10.7627,227.543,0.36106,10.7627,227.544,0.359411,            29P    856
10.7627,227.544,0.358318,10.7627,227.545,0.356887,10.7627,            29P    857
227.548,0.349962,10.7627,227.551,0.342904,10.7627,227.554,            29P    858
0.336125,10.7627,227.555,0.334712,10.7627,227.555,0.333387,           29P    859
10.7627,227.556,0.331578,10.7627,227.557,0.32987,10.7627,             29P    860
227.558,0.328194,10.7627,227.558,0.327054,10.7627,227.559,            29P    861
0.325564,10.7627,227.564,0.314763,10.7627,227.569,0.303991,           29P    862
10.7627,227.575,0.293577,10.7627,227.575,0.292307,10.7627,            29P    863
227.576,0.290608,10.7627,227.577,0.288952,10.7627,227.578,            29P    864
0.287313,10.7627,227.578,0.286139,10.7627,227.579,0.284583,           29P    865
10.7627,227.586,0.271032,10.7627,227.594,0.257607,10.7627,            29P    866
227.601,0.244728,10.7627,227.602,0.243517,10.7627,227.603,            29P    867
0.242366,10.7627,227.604,0.240726,10.7627,227.605,0.239153,           29P    868
10.7627,227.606,0.237522,10.7627,227.606,0.236329,10.7627,            29P    869
227.607,0.234712,10.7627,227.617,0.218202,10.7627,227.627,            29P    870
0.202039,10.7627,227.638,0.186571,10.7627,227.639,0.185545,           29P    871
10.7627,227.639,0.18447,10.7627,227.64,0.182964,10.7627,227.641,      29P    872
0.181457,10.7627,227.642,0.179879,10.7627,227.643,0.178619,           29P    873
10.7627,227.644,0.176931,10.7627,227.656,0.161043,10.7627,            29P    874
227.667,0.145623,10.7627,227.678,0.13099,10.7627,227.679,             29P    875
0.130063,10.7627,227.68,0.1291,10.7627,227.681,0.127709,10.7627,      29P    876
227.682,0.126313,10.7627,227.683,0.124785,10.7627,227.684,            29P    877
0.123512,10.7627,227.685,0.122021,10.7627,227.687,0.120711,           29P    878
10.7627,227.699,0.105822,10.7627,227.711,0.0915723,10.7627,           29P    879
227.723,0.0776134,10.7627,227.724,0.0767464,10.7627,227.725,          29P    880
0.0754784,10.7627,227.726,0.0741641,10.7627,227.728,0.0726826,        29P    881
10.7627,227.729,0.071428,10.7627,227.73,0.0699834,10.7627,            29P    882
227.731,0.0686576,10.7627,227.744,0.0547116,10.7627,227.757,          29P    883
0.0414198,10.7627,227.771,0.0282586,10.7627,227.773,0.0268638,        29P    884
10.7627,227.774,0.0253521,10.7627,227.776,0.0239394,10.7627,          29P    885
227.777,0.0226699,10.7627,227.778,0.0212131,10.7627,227.78,           29P    886
0.0198769,10.7627,227.794,0.00702699,10.7627,227.807,                 29P    887
-0.00528158,10.7627,227.822,-0.0173649,10.7627,227.823,               29P    888
-0.0187525,10.7627,227.825,-0.0205535,10.7627,227.828,                29P    889
-0.0223775,10.7627,227.83,-0.0241479,10.7627,227.831,-0.0254441,      29P    890
10.7627,227.846,-0.0373053,10.7627,227.861,-0.0484878,10.7627,        29P    891
227.876,-0.0594651,10.7627,227.877,-0.0606549,10.7627,227.879,        29P    892
-0.0619172,10.7627,227.881,-0.0631616,10.7627,227.882,-0.064354,      29P    893
10.7627,227.884,-0.0657377,10.7627,227.886,-0.0670165,10.7627,        29P    894
227.901,-0.0778853,10.7627,227.916,-0.0881222,10.7627,227.932,        29P    895
-0.0982064,10.7627,227.933,-0.0992643,10.7627,227.935,-0.100414,      29P    896
10.7627,227.937,-0.101605,10.7627,227.939,-0.102777,10.7627,          29P    897
227.941,-0.104167,10.7627,227.943,-0.105423,10.7627,227.959,          29P    898
-0.115694,10.7627,227.975,-0.12556,10.7627,227.991,-0.135354,         29P    899
10.7627,227.993,-0.136448,10.7627,227.995,-0.137587,10.7627,          29P    900
227.997,-0.138738,10.7627,227.999,-0.140105,10.7627,228.001,          29P    901
-0.141368,10.7627,228.018,-0.15095,10.7627,228.034,-0.160077,         29P    902
10.7627,228.051,-0.169091,10.7627,228.052,-0.170106,10.7627,          29P    903
228.054,-0.171205,10.7627,228.057,-0.172344,10.7627,228.059,          29P    904
-0.173685,10.7627,228.061,-0.174924,10.7627,228.078,-0.183761,        29P    905
10.7627,228.094,-0.192125,10.7627,228.111,-0.200363,10.7627,          29P    906
228.113,-0.201306,10.7627,228.115,-0.202356,10.7627,228.117,          29P    907
-0.203468,10.7627,228.12,-0.204794,10.7627,228.123,-0.206002,         29P    908
10.7627,228.139,-0.214104,10.7627,228.156,-0.221724,10.7627,          29P    909
228.173,-0.229182,10.7627,228.175,-0.230035,10.7627,228.177,          29P    910
-0.23102,10.7627,228.179,-0.2321,10.7627,228.182,-0.233385,           29P    911
10.7627,228.185,-0.234553,10.7627,228.202,-0.24189,10.7627,           29P    912
228.219,-0.248697,10.7627,228.236,-0.255362,10.7627,228.238,          29P    913
-0.256146,10.7627,228.24,-0.257078,10.7627,228.243,-0.258099,         29P    914
10.7627,228.246,-0.259315,10.7627,228.249,-0.260429,10.7627,          29P    915
228.262,-0.265657,10.7627,228.275,-0.270486,10.7627,228.289,          29P    916
-0.275235,10.7627,228.291,-0.275947,10.7627,228.293,-0.276827,        29P    917
10.7627,228.297,-0.278247,10.7627,228.301,-0.279656,10.7627,          29P    918
228.313,-0.283549,10.7627,228.322,-0.286695,10.7627,228.331,          29P    919
-0.289719,10.7627,228.333,-0.290161,10.7627,228.334,-0.290666,        29P    920
10.7627,228.336,-0.29131,10.7627,228.339,-0.29224,10.7627,            29P    921
228.343,-0.293362,10.7627,228.346,-0.294373,10.7627,228.353,          29P    922
-0.296423,10.7627,228.358,-0.298164,10.7627,228.364,-0.299959,        29P    923
10.7627,228.366,-0.30057,10.7627,228.369,-0.301363,10.7627,           29P    924
228.372,-0.302262,10.7627,228.375,-0.303348,10.7627,228.379,          29P    925
-0.304329,10.7627,228.382,-0.30517,10.7627,228.383,-0.305618,         29P    926
10.7627,228.385,-0.305987,10.7627,228.385,-0.306116,10.7627,          29P    927
228.386,-0.306501,10.7627,228.387,-0.306756,10.7627,228.389,          29P    928
-0.307224,10.7627,228.39,-0.307439,10.7627,228.391,-0.307949,         29P    929
10.7627,228.392,-0.308244,10.7627,228.394,-0.308729,10.7627,          29P    930
228.395,-0.309109,10.7627,228.397,-0.309488,10.7627,228.398,          29P    931
-0.309781,10.7627,228.399,-0.310167,10.7627,228.4,-0.310571,          29P    932
10.7627,228.402,-0.311099,10.7627,228.403,-0.311299,10.7627,          29P    933
228.404,-0.311613,10.7627,228.405,-0.311808,10.7627,228.407,          29P    934
-0.311941,10.7627,228.409,-0.311889,10.7627,228.412,-0.311521,        29P    935
10.7627,228.414,-0.310786,10.7627,228.417,-0.309542,10.7627,          29P    936
228.419,-0.307531,10.7627,228.421,-0.305703,10.7627,228.422,          29P    937
-0.304321,10.7627,228.422,-0.303574,10.7627,228.423,-0.302352,        29P    938
10.7627,228.423,-0.301488,10.7627,228.424,-0.299768,10.7627,          29P    939
228.424,-0.298468,10.7627,228.424,-0.297151,10.7627,228.424,          29P    940
-0.296081,10.7627,228.424,-0.295003,10.7627,228.424,-0.293155,        29P    941
10.7627,228.424,-0.291932,10.7627,228.424,-0.28974,10.7627,           29P    942
228.423,-0.287719,10.7627,228.422,-0.285871,10.7627,228.42,           29P    943
-0.284153,10.7627,228.419,-0.282962,10.7627,228.418,-0.281735,        29P    944
10.7627,228.417,-0.281222,10.7627,228.416,-0.280474,10.7627,          29P    945
228.415,-0.279968,10.7627,228.411,-0.278503,10.7627,228.407,          29P    946
-0.276728,10.7627,228.402,-0.274159,10.7627,228.397,-0.272163,        29P    947
10.7627,228.393,-0.270133,10.7627,228.39,-0.268663,10.7627,           29P    948
228.386,-0.267011,10.7627,228.384,-0.265733,10.7627,228.38,           29P    949
-0.264076,10.7627,228.376,-0.2623,10.7627,228.372,-0.260152,          29P    950
10.7627,228.368,-0.258151,10.7627,228.36,-0.254345,10.7627,           29P    951
228.353,-0.251079,10.7627,228.346,-0.247588,10.7627,228.343,          29P    952
-0.246286,10.7627,228.34,-0.244623,10.7627,228.336,-0.242848,         29P    953
10.7627,228.332,-0.24069,10.7627,228.328,-0.238669,10.7627,           29P    954
228.317,-0.23288,10.7627,228.307,-0.22758,10.7627,228.296,            29P    955
-0.221997,10.7627,228.294,-0.220683,10.7627,228.291,-0.219001,        29P    956
10.7627,228.287,-0.217209,10.7627,228.283,-0.215048,10.7627,          29P    957
228.28,-0.213037,10.7627,228.265,-0.205004,10.7627,228.251,           29P    958
-0.197364,10.7627,228.238,-0.189384,10.7627,228.235,-0.188058,        29P    959
10.7627,228.232,-0.186374,10.7627,228.229,-0.184585,10.7627,          29P    960
228.226,-0.182438,10.7627,228.222,-0.180452,10.7627,228.208,          29P    961
-0.171744,10.7627,228.194,-0.163418,10.7627,228.18,-0.154722,         29P    962
10.7627,228.178,-0.153391,10.7627,228.175,-0.151723,10.7627,          29P    963
228.173,-0.149975,10.7627,228.169,-0.147884,10.7627,228.166,          29P    964
-0.145931,10.7627,228.151,-0.136478,10.7627,228.138,-0.127395,        29P    965
10.7627,228.124,-0.117961,10.7627,228.122,-0.116676,10.7627,          29P    966
228.119,-0.115044,10.7627,228.117,-0.113335,10.7627,228.113,          29P    967
-0.110878,10.7627,228.098,-0.100026,10.7627,228.083,-0.0894697,       29P    968
10.7627,228.069,-0.0793194,10.7627,228.067,-0.078058,10.7627,         29P    969
228.065,-0.0765036,10.7627,228.063,-0.0748562,10.7627,228.06,         29P    970
-0.0729165,10.7627,228.058,-0.0711192,10.7627,228.043,                29P    971
-0.0602651,10.7627,228.029,-0.049705,10.7627,228.015,-0.0387692,      29P    972
10.7627,228.014,-0.037571,10.7627,228.012,-0.036065,10.7627,          29P    973
228.01,-0.0345019,10.7627,228.007,-0.0326505,10.7627,228.005,         29P    974
-0.0309679,10.7627,227.991,-0.0194567,10.7627,227.977,                29P    975
-0.0080921,10.7627,227.963,0.00358949,10.7627,227.962,                29P    976
0.00484141,10.7627,227.96,0.00624136,10.7627,227.958,0.00770149,      29P    977
10.7627,227.956,0.00938573,10.7627,227.954,0.0109339,10.7627,         29P    978
227.94,0.0231125,10.7627,227.926,0.0351192,10.7627,227.912,           29P    979
0.0473604,10.7627,227.911,0.0485038,10.7627,227.909,0.049761,         29P    980
10.7627,227.908,0.0510689,10.7627,227.906,0.0525847,10.7627,          29P    981
227.904,0.0539762,10.7627,227.89,0.0666586,10.7627,227.876,           29P    982
0.0791566,10.7627,227.861,0.0918002,10.7627,227.86,0.0927969,         29P    983
10.7627,227.859,0.093899,10.7627,227.858,0.0950298,10.7627,           29P    984
227.856,0.0963595,10.7627,227.855,0.0975738,10.7627,227.84,           29P    985
0.110606,10.7627,227.826,0.123488,10.7627,227.812,0.136588,           29P    986
10.7627,227.811,0.137477,10.7627,227.81,0.138433,10.7627,             29P    987
227.808,0.139398,10.7627,227.807,0.140758,10.7627,227.791,            29P    988
0.154914,10.7627,227.776,0.169293,10.7627,227.761,0.183397,           29P    989
10.7627,227.76,0.184507,10.7627,227.758,0.185596,10.7627,             29P    990
227.743,0.200152,10.7627,227.727,0.214729,10.7627,227.712,            29P    991
0.229235,10.7627,227.711,0.230124,10.7627,227.71,0.231154,            29P    992
10.7627,227.695,0.24608,10.7627,227.679,0.261098,10.7627,             29P    993
227.664,0.276171,10.7627,227.663,0.277055,10.7627,227.65,             29P    994
0.28989,10.7627,227.637,0.302755,10.7627,227.624,0.315679,            29P    995
10.7627,227.613,0.32632,10.7627,227.602,0.336959,10.7627,             29P    996
227.584,0.355174,10.7627,227.571,0.368521,10.7627,227.558,            29P    997
0.381598,10.7627,227.553,0.386849,10.7627,227.554,0.396017,           29P    998
10.8344,227.553,0.396803,10.8344,227.552,0.397717,10.8344,            29P    999
227.551,0.398481,10.8344,227.55,0.398822,10.8344,227.548,             29P   1000
0.399111,10.8344,227.546,0.399099,10.8344,227.545,0.398755,           29P   1001
10.8344,227.544,0.398393,10.8344,227.543,0.398104,10.8344,            29P   1002
227.542,0.397742,10.8344,227.542,0.397258,10.8344,227.541,            29P   1003
0.396912,10.8344,227.54,0.396168,10.8344,227.54,0.395774,             29P   1004
10.8344,227.539,0.394879,10.8344,227.539,0.39437,10.8344,             29P   1005
227.539,0.39338,10.8344,227.538,0.392573,10.8344,227.538,             29P   1006
0.391718,10.8344,227.538,0.390992,10.8344,227.538,0.390615,           29P   1007
10.8344,227.538,0.3898,10.8344,227.538,0.389362,10.8344,227.538,      29P   1008
0.388554,10.8344,227.538,0.388181,10.8344,227.538,0.387122,           29P   1009
10.8344,227.538,0.386453,10.8344,227.54,0.382923,10.8344,             29P   1010
227.541,0.379557,10.8344,227.543,0.375709,10.8344,227.543,            29P   1011
0.37432,10.8344,227.544,0.372488,10.8344,227.545,0.370781,            29P   1012
10.8344,227.546,0.36915,10.8344,227.546,0.368068,10.8344,             29P   1013
227.547,0.366652,10.8344,227.55,0.359797,10.8344,227.553,             29P   1014
0.352801,10.8344,227.556,0.346075,10.8344,227.557,0.344673,           29P   1015
10.8344,227.557,0.343358,10.8344,227.558,0.341563,10.8344,            29P   1016
227.559,0.339867,10.8344,227.56,0.338203,10.8344,227.56,0.33707,      29P   1017
10.8344,227.561,0.33559,10.8344,227.566,0.324859,10.8344,             29P   1018
227.571,0.31414,10.8344,227.576,0.303773,10.8344,227.577,             29P   1019
0.302509,10.8344,227.578,0.300817,10.8344,227.579,0.299169,           29P   1020
10.8344,227.579,0.297538,10.8344,227.58,0.296369,10.8344,             29P   1021
227.581,0.29482,10.8344,227.588,0.28133,10.8344,227.595,              29P   1022
0.267971,10.8344,227.603,0.255123,10.8344,227.604,0.253915,           29P   1023
10.8344,227.604,0.252766,10.8344,227.605,0.251129,10.8344,            29P   1024
227.606,0.249558,10.8344,227.607,0.24793,10.8344,227.608,             29P   1025
0.246738,10.8344,227.609,0.245122,10.8344,227.619,0.228621,           29P   1026
10.8344,227.629,0.212389,10.8344,227.639,0.196806,10.8344,            29P   1027
227.64,0.195772,10.8344,227.641,0.194689,10.8344,227.642,             29P   1028
0.193171,10.8344,227.643,0.191652,10.8344,227.644,0.190061,           29P   1029
10.8344,227.644,0.18879,10.8344,227.646,0.187088,10.8344,             29P   1030
227.657,0.17106,10.8344,227.668,0.155459,10.8344,227.679,             29P   1031
0.140619,10.8344,227.68,0.139679,10.8344,227.681,0.138702,            29P   1032
10.8344,227.682,0.137291,10.8344,227.683,0.135875,10.8344,            29P   1033
227.684,0.134325,10.8344,227.685,0.133032,10.8344,227.686,            29P   1034
0.131519,10.8344,227.687,0.130188,10.8344,227.699,0.115069,           29P   1035
10.8344,227.711,0.100646,10.8344,227.723,0.0865089,10.8344,           29P   1036
227.724,0.0856309,10.8344,227.725,0.0843466,10.8344,227.726,          29P   1037
0.0830155,10.8344,227.728,0.0815148,10.8344,227.729,0.0802439,        29P   1038
10.8344,227.73,0.0787804,10.8344,227.731,0.0774371,10.8344,           29P   1039
227.744,0.0633058,10.8344,227.757,0.0498146,10.8344,227.77,           29P   1040
0.0363932,10.8344,227.771,0.0349703,10.8344,227.773,0.0334276,        29P   1041
10.8344,227.774,0.0319852,10.8344,227.775,0.0306887,10.8344,          29P   1042
227.777,0.0292003,10.8344,227.778,0.0278344,10.8344,227.792,          29P   1043
0.014695,10.8344,227.805,0.00203756,10.8344,227.819,-0.0104273,       29P   1044
10.8344,227.821,-0.0118589,10.8344,227.823,-0.0137178,10.8344,        29P   1045
227.825,-0.0156011,10.8344,227.827,-0.0174294,10.8344,227.829,        29P   1046
-0.0187684,10.8344,227.843,-0.0310229,10.8344,227.857,                29P   1047
-0.0426089,10.8344,227.871,-0.054029,10.8344,227.873,-0.0552671,      29P   1048
10.8344,227.875,-0.0565811,10.8344,227.876,-0.0578771,10.8344,        29P   1049
227.878,-0.0591193,10.8344,227.88,-0.0605612,10.8344,227.882,         29P   1050
-0.0618943,10.8344,227.897,-0.0732293,10.8344,227.911,                29P   1051
-0.0839559,10.8344,227.926,-0.0945579,10.8344,227.928,                29P   1052
-0.0956703,10.8344,227.929,-0.09688,10.8344,227.931,-0.0981328,       29P   1053
10.8344,227.933,-0.0993665,10.8344,227.935,-0.100829,10.8344,         29P   1054
227.937,-0.102152,10.8344,227.953,-0.11297,10.8344,227.968,           29P   1055
-0.123393,10.8344,227.984,-0.13375,10.8344,227.986,-0.134906,         29P   1056
10.8344,227.988,-0.136111,10.8344,227.99,-0.137328,10.8344,           29P   1057
227.992,-0.138774,10.8344,227.994,-0.14011,10.8344,228.01,            29P   1058
-0.150245,10.8344,228.026,-0.159904,10.8344,228.042,-0.169477,        29P   1059
10.8344,228.044,-0.170556,10.8344,228.046,-0.171724,10.8344,          29P   1060
228.048,-0.172935,10.8344,228.05,-0.174361,10.8344,228.052,           29P   1061
-0.17568,10.8344,228.069,-0.185089,10.8344,228.085,-0.194042,         29P   1062
10.8344,228.101,-0.202883,10.8344,228.103,-0.203894,10.8344,          29P   1063
228.105,-0.205022,10.8344,228.107,-0.206216,10.8344,228.11,           29P   1064
-0.207641,10.8344,228.112,-0.208938,10.8344,228.129,-0.217644,        29P   1065
10.8344,228.145,-0.225845,10.8344,228.161,-0.233902,10.8344,          29P   1066
228.163,-0.234824,10.8344,228.166,-0.235888,10.8344,228.168,          29P   1067
-0.237057,10.8344,228.171,-0.238447,10.8344,228.174,-0.239712,        29P   1068
10.8344,228.19,-0.24766,10.8344,228.206,-0.25507,10.8344,             29P   1069
228.223,-0.262346,10.8344,228.225,-0.263202,10.8344,228.227,          29P   1070
-0.26422,10.8344,228.23,-0.265337,10.8344,228.233,-0.266666,          29P   1071
10.8344,228.236,-0.267883,10.8344,228.249,-0.273603,10.8344,          29P   1072
228.262,-0.278895,10.8344,228.275,-0.284132,10.8344,228.277,          29P   1073
-0.284918,10.8344,228.28,-0.28589,10.8344,228.284,-0.28746,           29P   1074
10.8344,228.288,-0.289021,10.8344,228.299,-0.293343,10.8344,          29P   1075
228.308,-0.296858,10.8344,228.317,-0.300234,10.8344,228.319,          29P   1076
-0.300727,10.8344,228.32,-0.301292,10.8344,228.322,-0.30201,          29P   1077
10.8344,228.325,-0.303047,10.8344,228.328,-0.304298,10.8344,          29P   1078
228.332,-0.305424,10.8344,228.338,-0.307704,10.8344,228.344,          29P   1079
-0.309635,10.8344,228.349,-0.311631,10.8344,228.351,-0.312311,        29P   1080
10.8344,228.354,-0.313196,10.8344,228.357,-0.3142,10.8344,            29P   1081
228.361,-0.315418,10.8344,228.364,-0.316522,10.8344,228.367,          29P   1082
-0.317474,10.8344,228.368,-0.317982,10.8344,228.37,-0.318402,         29P   1083
10.8344,228.37,-0.318549,10.8344,228.371,-0.318987,10.8344,           29P   1084
228.372,-0.319278,10.8344,228.374,-0.319814,10.8344,228.375,          29P   1085
-0.320059,10.8344,228.376,-0.320643,10.8344,228.377,-0.320984,        29P   1086
10.8344,228.379,-0.321548,10.8344,228.38,-0.321984,10.8344,           29P   1087
228.382,-0.322407,10.8344,228.383,-0.322729,10.8344,228.384,          29P   1088
-0.323159,10.8344,228.385,-0.323625,10.8344,228.387,-0.324251,        29P   1089
10.8344,228.388,-0.324445,10.8344,228.389,-0.324672,10.8344,          29P   1090
228.39,-0.324796,10.8344,228.392,-0.324819,10.8344,228.394,           29P   1091
-0.324635,10.8344,228.396,-0.324139,10.8344,228.399,-0.323251,        29P   1092
10.8344,228.401,-0.321807,10.8344,228.404,-0.319618,10.8344,          29P   1093
228.405,-0.317687,10.8344,228.406,-0.316238,10.8344,228.406,          29P   1094
-0.315461,10.8344,228.407,-0.314199,10.8344,228.407,-0.31331,         29P   1095
10.8344,228.408,-0.311551,10.8344,228.408,-0.310228,10.8344,          29P   1096
228.408,-0.308895,10.8344,228.408,-0.307815,10.8344,228.408,          29P   1097
-0.306736,10.8344,228.408,-0.304895,10.8344,228.407,-0.303693,        29P   1098
10.8344,228.407,-0.30158,10.8344,228.406,-0.299652,10.8344,           29P   1099
228.404,-0.297894,10.8344,228.403,-0.296248,10.8344,228.402,          29P   1100
-0.295136,10.8344,228.4,-0.294068,10.8344,228.399,-0.293651,          29P   1101
10.8344,228.398,-0.293066,10.8344,228.397,-0.292597,10.8344,          29P   1102
228.394,-0.290927,10.8344,228.39,-0.288906,10.8344,228.385,           29P   1103
-0.285985,10.8344,228.38,-0.283717,10.8344,228.376,-0.28141,          29P   1104
10.8344,228.373,-0.27974,10.8344,228.37,-0.277865,10.8344,            29P   1105
228.367,-0.276415,10.8344,228.364,-0.274536,10.8344,228.36,           29P   1106
-0.272527,10.8344,228.356,-0.270098,10.8344,228.352,-0.267841,        29P   1107
10.8344,228.344,-0.263559,10.8344,228.337,-0.259904,10.8344,          29P   1108
228.331,-0.256013,10.8344,228.328,-0.254562,10.8344,228.325,          29P   1109
-0.252714,10.8344,228.321,-0.250742,10.8344,228.317,-0.248349,        29P   1110
10.8344,228.313,-0.24611,10.8344,228.303,-0.239703,10.8344,           29P   1111
228.293,-0.233857,10.8344,228.283,-0.227724,10.8344,228.28,           29P   1112
-0.226282,10.8344,228.277,-0.224436,10.8344,228.274,-0.222473,        29P   1113
10.8344,228.27,-0.220108,10.8344,228.266,-0.217911,10.8344,           29P   1114
228.252,-0.209144,10.8344,228.239,-0.200861,10.8344,228.226,          29P   1115
-0.192252,10.8344,228.224,-0.190823,10.8344,228.221,-0.189008,        29P   1116
10.8344,228.218,-0.187082,10.8344,228.214,-0.184772,10.8344,          29P   1117
228.211,-0.182637,10.8344,228.197,-0.173282,10.8344,228.183,          29P   1118
-0.164372,10.8344,228.17,-0.155112,10.8344,228.168,-0.153695,         29P   1119
10.8344,228.165,-0.15192,10.8344,228.163,-0.150062,10.8344,           29P   1120
228.16,-0.147841,10.8344,228.157,-0.145768,10.8344,228.142,           29P   1121
-0.135743,10.8344,228.129,-0.126162,10.8344,228.115,-0.116246,        29P   1122
10.8344,228.114,-0.114896,10.8344,228.111,-0.113182,10.8344,          29P   1123
228.109,-0.111388,10.8344,228.105,-0.10881,10.8344,228.09,            29P   1124
-0.0974281,10.8344,228.075,-0.0863919,10.8344,228.062,                29P   1125
-0.0758287,10.8344,228.06,-0.0745165,10.8344,228.058,-0.0729003,      29P   1126
10.8344,228.056,-0.0711883,10.8344,228.053,-0.0691738,10.8344,        29P   1127
228.051,-0.0673084,10.8344,228.037,-0.0560502,10.8344,228.023,        29P   1128
-0.0451547,10.8344,228.01,-0.0339078,10.8344,228.008,-0.0326758,      29P   1129
10.8344,228.006,-0.0311277,10.8344,228.004,-0.0295214,10.8344,        29P   1130
228.002,-0.0276195,10.8344,228.,-0.0258914,10.8344,227.986,           29P   1131
-0.0140728,10.8344,227.972,-0.00243626,10.8344,227.959,               29P   1132
0.00949989,10.8344,227.957,0.0107789,10.8344,227.956,0.012209,        29P   1133
10.8344,227.954,0.0137002,10.8344,227.952,0.01542,10.8344,            29P   1134
227.95,0.0170005,10.8344,227.936,0.0294315,10.8344,227.922,           29P   1135
0.0416638,10.8344,227.909,0.0541099,10.8344,227.907,0.0552723,        29P   1136
10.8344,227.906,0.0565502,10.8344,227.904,0.0578794,10.8344,          29P   1137
227.903,0.0594197,10.8344,227.901,0.0608334,10.8344,227.887,          29P   1138
0.0737162,10.8344,227.873,0.0863858,10.8344,227.859,0.0991225,        29P   1139
10.8344,227.858,0.100126,10.8344,227.857,0.101236,10.8344,            29P   1140
227.855,0.102373,10.8344,227.854,0.103711,10.8344,227.853,            29P   1141
0.104931,10.8344,227.838,0.118026,10.8344,227.824,0.130982,           29P   1142
10.8344,227.81,0.144167,10.8344,227.809,0.145063,10.8344,             29P   1143
227.808,0.146025,10.8344,227.807,0.146996,10.8344,227.806,            29P   1144
0.148365,10.8344,227.79,0.162615,10.8344,227.775,0.177103,            29P   1145
10.8344,227.76,0.191341,10.8344,227.759,0.192462,10.8344,             29P   1146
227.758,0.193563,10.8344,227.743,0.208269,10.8344,227.727,            29P   1147
0.223021,10.8344,227.712,0.237646,10.8344,227.711,0.238542,           29P   1148
10.8344,227.71,0.23958,10.8344,227.695,0.254593,10.8344,227.679,      29P   1149
0.269654,10.8344,227.664,0.284852,10.8344,227.663,0.285745,           29P   1150
10.8344,227.65,0.298694,10.8344,227.637,0.311739,10.8344,             29P   1151
227.624,0.324725,10.8344,227.614,0.335412,10.8344,227.603,            29P   1152
0.346031,10.8344,227.585,0.364245,10.8344,227.572,0.377614,           29P   1153
10.8344,227.559,0.39073,10.8344,227.554,0.396017,10.8344,             29P   1154
227.559,0.411364,10.9467,227.559,0.412129,10.9467,227.557,            29P   1155
0.412981,10.9467,227.556,0.413635,10.9467,227.554,0.413902,           29P   1156
10.9467,227.553,0.414086,10.9467,227.551,0.413939,10.9467,            29P   1157
227.549,0.413431,10.9467,227.548,0.412912,10.9467,227.548,            29P   1158
0.412502,10.9467,227.547,0.411987,10.9467,227.546,0.411327,           29P   1159
10.9467,227.546,0.410882,10.9467,227.545,0.409962,10.9467,            29P   1160
227.545,0.409492,10.9467,227.544,0.408445,10.9467,227.544,            29P   1161
0.407863,10.9467,227.544,0.406748,10.9467,227.544,0.405852,           29P   1162
10.9467,227.544,0.404977,10.9467,227.544,0.404251,10.9467,            29P   1163
227.544,0.403884,10.9467,227.544,0.403097,10.9467,227.544,            29P   1164
0.402675,10.9467,227.544,0.401885,10.9467,227.545,0.401534,           29P   1165
10.9467,227.545,0.400586,10.9467,227.545,0.399964,10.9467,            29P   1166
227.547,0.396404,10.9467,227.548,0.393023,10.9467,227.55,             29P   1167
0.38917,10.9467,227.551,0.38778,10.9467,227.551,0.385947,             29P   1168
10.9467,227.552,0.384243,10.9467,227.553,0.382613,10.9467,            29P   1169
227.553,0.381534,10.9467,227.554,0.38012,10.9467,227.557,             29P   1170
0.373282,10.9467,227.56,0.366312,10.9467,227.563,0.359622,            29P   1171
10.9467,227.564,0.358228,10.9467,227.565,0.35692,10.9467,             29P   1172
227.566,0.355136,10.9467,227.566,0.353451,10.9467,227.567,            29P   1173
0.351798,10.9467,227.568,0.350674,10.9467,227.568,0.349204,           29P   1174
10.9467,227.574,0.338555,10.9467,227.579,0.327946,10.9467,            29P   1175
227.584,0.317664,10.9467,227.585,0.316411,10.9467,227.586,            29P   1176
0.314732,10.9467,227.587,0.313096,10.9467,227.588,0.311476,           29P   1177
10.9467,227.588,0.310315,10.9467,227.589,0.308776,10.9467,            29P   1178
227.596,0.295369,10.9467,227.604,0.282023,10.9467,227.611,            29P   1179
0.269212,10.9467,227.612,0.268007,10.9467,227.612,0.266862,           29P   1180
10.9467,227.613,0.26523,10.9467,227.614,0.263665,10.9467,             29P   1181
227.615,0.262043,10.9467,227.616,0.260856,10.9467,227.617,            29P   1182
0.259247,10.9467,227.626,0.242823,10.9467,227.636,0.226755,           29P   1183
10.9467,227.646,0.211329,10.9467,227.647,0.210306,10.9467,            29P   1184
227.648,0.209234,10.9467,227.649,0.207731,10.9467,227.65,             29P   1185
0.206228,10.9467,227.651,0.204652,10.9467,227.652,0.203394,           29P   1186
10.9467,227.653,0.201709,10.9467,227.663,0.185836,10.9467,            29P   1187
227.674,0.170364,10.9467,227.685,0.155615,10.9467,227.686,            29P   1188
0.154681,10.9467,227.686,0.15371,10.9467,227.687,0.152307,            29P   1189
10.9467,227.688,0.150898,10.9467,227.69,0.149357,10.9467,227.69,      29P   1190
0.148072,10.9467,227.692,0.146566,10.9467,227.693,0.145242,           29P   1191
10.9467,227.704,0.130198,10.9467,227.715,0.115637,10.9467,            29P   1192
227.727,0.101238,10.9467,227.728,0.100343,10.9467,227.729,            29P   1193
0.0990341,10.9467,227.73,0.0976764,10.9467,227.731,0.0961448,         29P   1194
10.9467,227.732,0.0948471,10.9467,227.734,0.093352,10.9467,           29P   1195
227.735,0.0919788,10.9467,227.747,0.077526,10.9467,227.759,           29P   1196
0.0636268,10.9467,227.772,0.0497789,10.9467,227.773,0.0483107,        29P   1197
10.9467,227.775,0.0467187,10.9467,227.776,0.0452308,10.9467,          29P   1198
227.777,0.0438927,10.9467,227.779,0.0423564,10.9467,227.78,           29P   1199
0.0409467,10.9467,227.793,0.0273837,10.9467,227.806,0.0143132,        29P   1200
10.9467,227.819,0.00131478,10.9467,227.82,-0.000179219,10.9467,       29P   1201
227.822,-0.00212084,10.9467,227.824,-0.00408987,10.9467,227.826,      29P   1202
-0.00600469,10.9467,227.828,-0.00740854,10.9467,227.841,              29P   1203
-0.0202694,10.9467,227.855,-0.0325853,10.9467,227.869,                29P   1204
-0.0447753,10.9467,227.87,-0.0460972,10.9467,227.872,-0.0475007,      29P   1205
10.9467,227.873,-0.0488844,10.9467,227.875,-0.0502117,10.9467,        29P   1206
227.877,-0.0517528,10.9467,227.878,-0.0531779,10.9467,227.892,        29P   1207
-0.0652977,10.9467,227.906,-0.0767944,10.9467,227.92,-0.0882177,      29P   1208
10.9467,227.922,-0.0894167,10.9467,227.924,-0.0907211,10.9467,        29P   1209
227.925,-0.092072,10.9467,227.927,-0.0934036,10.9467,227.929,         29P   1210
-0.0949832,10.9467,227.931,-0.0964127,10.9467,227.946,-0.108108,      29P   1211
10.9467,227.96,-0.11944,10.9467,227.976,-0.130759,10.9467,            29P   1212
227.977,-0.132024,10.9467,227.979,-0.133342,10.9467,227.981,          29P   1213
-0.134673,10.9467,227.983,-0.136256,10.9467,227.985,-0.13772,         29P   1214
10.9467,228.,-0.148829,10.9467,228.015,-0.159476,10.9467,228.03,      29P   1215
-0.170064,10.9467,228.032,-0.171258,10.9467,228.034,-0.172549,        29P   1216
10.9467,228.036,-0.17389,10.9467,228.038,-0.175469,10.9467,           29P   1217
228.041,-0.17693,10.9467,228.056,-0.187353,10.9467,228.071,           29P   1218
-0.197294,10.9467,228.087,-0.207169,10.9467,228.089,-0.208299,        29P   1219
10.9467,228.091,-0.20956,10.9467,228.093,-0.210896,10.9467,           29P   1220
228.095,-0.21249,10.9467,228.098,-0.213943,10.9467,228.114,           29P   1221
-0.223705,10.9467,228.129,-0.232965,10.9467,228.145,-0.242113,        29P   1222
10.9467,228.147,-0.243161,10.9467,228.149,-0.24437,10.9467,           29P   1223
228.151,-0.245699,10.9467,228.154,-0.247281,10.9467,228.156,          29P   1224
-0.248722,10.9467,228.172,-0.25778,10.9467,228.188,-0.266281,         29P   1225
10.9467,228.204,-0.274718,10.9467,228.206,-0.275711,10.9467,          29P   1226
228.208,-0.276894,10.9467,228.21,-0.278192,10.9467,228.213,           29P   1227
-0.27974,10.9467,228.216,-0.281161,10.9467,228.229,-0.287842,         29P   1228
10.9467,228.241,-0.294078,10.9467,228.254,-0.300278,10.9467,          29P   1229
228.256,-0.301208,10.9467,228.258,-0.30236,10.9467,228.262,           29P   1230
-0.304221,10.9467,228.266,-0.306074,10.9467,228.277,-0.311207,        29P   1231
10.9467,228.285,-0.315393,10.9467,228.294,-0.319455,10.9467,          29P   1232
228.296,-0.320049,10.9467,228.297,-0.32073,10.9467,228.299,           29P   1233
-0.321597,10.9467,228.302,-0.322853,10.9467,228.305,-0.324373,        29P   1234
10.9467,228.308,-0.325747,10.9467,228.314,-0.328541,10.9467,          29P   1235
228.32,-0.330929,10.9467,228.325,-0.3334,10.9467,228.327,             29P   1236
-0.334242,10.9467,228.33,-0.335336,10.9467,228.333,-0.336578,         29P   1237
10.9467,228.336,-0.338079,10.9467,228.339,-0.339435,10.9467,          29P   1238
228.342,-0.340599,10.9467,228.344,-0.341218,10.9467,228.345,          29P   1239
-0.341728,10.9467,228.345,-0.341907,10.9467,228.347,-0.342439,        29P   1240
10.9467,228.347,-0.342791,10.9467,228.349,-0.343439,10.9467,          29P   1241
228.35,-0.343736,10.9467,228.351,-0.344449,10.9467,228.352,           29P   1242
-0.34485,10.9467,228.354,-0.345491,10.9467,228.355,-0.346023,         29P   1243
10.9467,228.356,-0.346616,10.9467,228.357,-0.347099,10.9467,          29P   1244
228.359,-0.347667,10.9467,228.36,-0.348004,10.9467,228.362,           29P   1245
-0.348212,10.9467,228.362,-0.348269,10.9467,228.364,-0.348277,        29P   1246
10.9467,228.365,-0.348215,10.9467,228.367,-0.34792,10.9467,           29P   1247
228.369,-0.347301,10.9467,228.371,-0.346297,10.9467,228.373,          29P   1248
-0.344893,10.9467,228.375,-0.342943,10.9467,228.377,-0.340318,        29P   1249
10.9467,228.378,-0.338152,10.9467,228.379,-0.336557,10.9467,          29P   1250
228.379,-0.335717,10.9467,228.379,-0.334373,10.9467,228.379,          29P   1251
-0.333433,10.9467,228.38,-0.331611,10.9467,228.379,-0.330315,         29P   1252
10.9467,228.379,-0.329038,10.9467,228.379,-0.328017,10.9467,          29P   1253
228.379,-0.32702,10.9467,228.378,-0.325333,10.9467,228.378,           29P   1254
-0.324233,10.9467,228.376,-0.322246,10.9467,228.375,-0.320466,        29P   1255
10.9467,228.373,-0.319149,10.9467,228.371,-0.318207,10.9467,          29P   1256
228.37,-0.317458,10.9467,228.368,-0.316436,10.9467,228.368,           29P   1257
-0.315911,10.9467,228.366,-0.315071,10.9467,228.365,-0.314455,        29P   1258
10.9467,228.362,-0.312463,10.9467,228.359,-0.310051,10.9467,          29P   1259
228.354,-0.306571,10.9467,228.35,-0.303874,10.9467,228.346,           29P   1260
-0.301135,10.9467,228.343,-0.299157,10.9467,228.34,-0.296939,         29P   1261
10.9467,228.337,-0.295228,10.9467,228.334,-0.293016,10.9467,          29P   1262
228.331,-0.290654,10.9467,228.327,-0.28781,10.9467,228.323,           29P   1263
-0.285176,10.9467,228.316,-0.280192,10.9467,228.31,-0.275954,         29P   1264
10.9467,228.304,-0.271455,10.9467,228.301,-0.269779,10.9467,          29P   1265
228.298,-0.267644,10.9467,228.295,-0.265369,10.9467,228.291,          29P   1266
-0.262609,10.9467,228.287,-0.260029,10.9467,228.277,-0.252651,        29P   1267
10.9467,228.268,-0.245944,10.9467,228.259,-0.238944,10.9467,          29P   1268
228.256,-0.237299,10.9467,228.253,-0.235198,10.9467,228.25,           29P   1269
-0.232965,10.9467,228.247,-0.230279,10.9467,228.243,-0.227789,        29P   1270
10.9467,228.23,-0.217865,10.9467,228.218,-0.208562,10.9467,           29P   1271
228.205,-0.198946,10.9467,228.203,-0.19735,10.9467,228.201,           29P   1272
-0.195326,10.9467,228.198,-0.193179,10.9467,228.194,-0.190607,        29P   1273
10.9467,228.191,-0.188231,10.9467,228.178,-0.177833,10.9467,          29P   1274
228.166,-0.167986,10.9467,228.153,-0.157832,10.9467,228.151,          29P   1275
-0.15628,10.9467,228.149,-0.154338,10.9467,228.146,-0.152306,         29P   1276
10.9467,228.143,-0.149882,10.9467,228.14,-0.147621,10.9467,           29P   1277
228.127,-0.136706,10.9467,228.114,-0.126357,10.9467,228.101,          29P   1278
-0.115688,10.9467,228.099,-0.114235,10.9467,228.097,-0.112393,        29P   1279
10.9467,228.095,-0.110465,10.9467,228.092,-0.107695,10.9467,          29P   1280
228.077,-0.0954752,10.9467,228.063,-0.0836665,10.9467,228.05,         29P   1281
-0.072413,10.9467,228.049,-0.0710155,10.9467,228.047,-0.0692951,      29P   1282
10.9467,228.045,-0.0674735,10.9467,228.042,-0.0653313,10.9467,        29P   1283
228.04,-0.0633491,10.9467,228.027,-0.0513916,10.9467,228.014,         29P   1284
-0.0398729,10.9467,228.001,-0.0280581,10.9467,227.999,                29P   1285
-0.0267644,10.9467,227.998,-0.02514,10.9467,227.996,-0.0234554,       29P   1286
10.9467,227.994,-0.0214622,10.9467,227.992,-0.0196529,10.9467,        29P   1287
227.978,-0.00728599,10.9467,227.965,0.00480346,10.9467,227.952,       29P   1288
0.0171708,10.9467,227.951,0.0184957,10.9467,227.949,0.0199762,        29P   1289
10.9467,227.947,0.0215204,10.9467,227.946,0.023301,10.9467,           29P   1290
227.944,0.0249371,10.9467,227.93,0.0378037,10.9467,227.917,           29P   1291
0.0504452,10.9467,227.904,0.0632739,10.9467,227.903,0.0644717,        29P   1292
10.9467,227.901,0.0657884,10.9467,227.9,0.0671577,10.9467,            29P   1293
227.898,0.0687441,10.9467,227.897,0.0701998,10.9467,227.883,          29P   1294
0.0834626,10.9467,227.869,0.0964713,10.9467,227.856,0.109708,         29P   1295
10.9467,227.855,0.110752,10.9467,227.854,0.111907,10.9467,            29P   1296
227.852,0.113092,10.9467,227.851,0.114486,10.9467,227.85,             29P   1297
0.11576,10.9467,227.836,0.12944,10.9467,227.822,0.142948,             29P   1298
10.9467,227.808,0.156592,10.9467,227.807,0.157518,10.9467,            29P   1299
227.806,0.158513,10.9467,227.805,0.159517,10.9467,227.804,            29P   1300
0.160931,10.9467,227.789,0.175653,10.9467,227.774,0.190482,           29P   1301
10.9467,227.759,0.204987,10.9467,227.758,0.206128,10.9467,            29P   1302
227.757,0.207241,10.9467,227.742,0.222174,10.9467,227.728,            29P   1303
0.237115,10.9467,227.713,0.251934,10.9467,227.712,0.252841,           29P   1304
10.9467,227.711,0.253893,10.9467,227.696,0.269257,10.9467,            29P   1305
227.681,0.284543,10.9467,227.666,0.29967,10.9467,227.665,             29P   1306
0.300558,10.9467,227.653,0.31341,10.9467,227.64,0.326213,             29P   1307
10.9467,227.628,0.339252,10.9467,227.618,0.349993,10.9467,            29P   1308
227.607,0.360772,10.9467,227.59,0.379271,10.9467,227.577,             29P   1309
0.39284,10.9467,227.564,0.406093,10.9467,227.559,0.411364,            29P   1310
10.9467,227.568,0.427876,11.0676,227.567,0.428545,11.0676,            29P   1311
227.566,0.429381,11.0676,227.564,0.430113,11.0676,227.563,            29P   1312
0.430445,11.0676,227.562,0.43073,11.0676,227.56,0.430699,             29P   1313
11.0676,227.559,0.430291,11.0676,227.558,0.429853,11.0676,            29P   1314
227.557,0.429502,11.0676,227.556,0.42905,11.0676,227.556,             29P   1315
0.428443,11.0676,227.555,0.428006,11.0676,227.555,0.427078,           29P   1316
11.0676,227.554,0.426591,11.0676,227.554,0.425508,11.0676,            29P   1317
227.553,0.424905,11.0676,227.553,0.423761,11.0676,227.553,            29P   1318
0.422851,11.0676,227.553,0.421828,11.0676,227.553,0.420965,           29P   1319
11.0676,227.553,0.420521,11.0676,227.553,0.419606,11.0676,            29P   1320
227.554,0.41915,11.0676,227.554,0.418438,11.0676,227.554,             29P   1321
0.418105,11.0676,227.554,0.417144,11.0676,227.555,0.416521,           29P   1322
11.0676,227.556,0.413038,11.0676,227.558,0.409724,11.0676,            29P   1323
227.56,0.405939,11.0676,227.56,0.404573,11.0676,227.561,              29P   1324
0.402771,11.0676,227.562,0.401094,11.0676,227.563,0.39949,            29P   1325
11.0676,227.563,0.398427,11.0676,227.564,0.397035,11.0676,            29P   1326
227.567,0.390297,11.0676,227.57,0.383415,11.0676,227.573,             29P   1327
0.376795,11.0676,227.574,0.375414,11.0676,227.575,0.37412,            29P   1328
11.0676,227.576,0.372352,11.0676,227.576,0.370682,11.0676,            29P   1329
227.577,0.369043,11.0676,227.578,0.367928,11.0676,227.578,            29P   1330
0.36647,11.0676,227.584,0.355901,11.0676,227.589,0.345336,            29P   1331
11.0676,227.594,0.335105,11.0676,227.595,0.333857,11.0676,            29P   1332
227.596,0.332187,11.0676,227.597,0.33056,11.0676,227.598,             29P   1333
0.328949,11.0676,227.598,0.327794,11.0676,227.599,0.326265,           29P   1334
11.0676,227.606,0.312939,11.0676,227.613,0.29971,11.0676,             29P   1335
227.621,0.286968,11.0676,227.622,0.285769,11.0676,227.622,            29P   1336
0.28463,11.0676,227.623,0.283005,11.0676,227.624,0.281447,            29P   1337
11.0676,227.625,0.279831,11.0676,227.626,0.278648,11.0676,            29P   1338
227.627,0.277044,11.0676,227.636,0.260665,11.0676,227.646,            29P   1339
0.244531,11.0676,227.656,0.22898,11.0676,227.656,0.227949,            29P   1340
11.0676,227.657,0.226867,11.0676,227.658,0.225352,11.0676,            29P   1341
227.659,0.223835,11.0676,227.66,0.222245,11.0676,227.661,             29P   1342
0.220975,11.0676,227.662,0.219273,11.0676,227.672,0.203243,           29P   1343
11.0676,227.683,0.187564,11.0676,227.693,0.172565,11.0676,            29P   1344
227.694,0.171615,11.0676,227.694,0.170627,11.0676,227.695,            29P   1345
0.169199,11.0676,227.696,0.167766,11.0676,227.698,0.166197,           29P   1346
11.0676,227.699,0.164888,11.0676,227.7,0.163355,11.0676,227.701,      29P   1347
0.162006,11.0676,227.711,0.146678,11.0676,227.722,0.131837,           29P   1348
11.0676,227.734,0.117148,11.0676,227.734,0.116236,11.0676,            29P   1349
227.735,0.1149,11.0676,227.737,0.113515,11.0676,227.738,              29P   1350
0.111952,11.0676,227.739,0.110628,11.0676,227.74,0.109102,            29P   1351
11.0676,227.741,0.107701,11.0676,227.753,0.0929519,11.0676,           29P   1352
227.764,0.0787413,11.0676,227.776,0.0644731,11.0676,227.778,          29P   1353
0.0629597,11.0676,227.779,0.0613174,11.0676,227.78,0.0597784,         29P   1354
11.0676,227.782,0.0583962,11.0676,227.783,0.0568085,11.0676,          29P   1355
227.784,0.0553503,11.0676,227.796,0.0413165,11.0676,227.808,          29P   1356
0.027671,11.0676,227.821,0.0140649,11.0676,227.822,0.0125008,         29P   1357
11.0676,227.824,0.0104675,11.0676,227.826,0.00840217,11.0676,         29P   1358
227.828,0.00639635,11.0676,227.829,0.00492559,11.0676,227.842,        29P   1359
-0.00854691,11.0676,227.855,-0.0214741,11.0676,227.868,               29P   1360
-0.0343682,11.0676,227.869,-0.0357671,11.0676,227.871,                29P   1361
-0.0372536,11.0676,227.872,-0.038723,11.0676,227.874,-0.0401305,      29P   1362
11.0676,227.875,-0.041766,11.0676,227.877,-0.0432796,11.0676,         29P   1363
227.89,-0.0561593,11.0676,227.903,-0.0684899,11.0676,227.917,         29P   1364
-0.0807656,11.0676,227.918,-0.0820541,11.0676,227.92,-0.0834565,      29P   1365
11.0676,227.921,-0.0849113,11.0676,227.923,-0.0863428,11.0676,        29P   1366
227.925,-0.088041,11.0676,227.926,-0.0895779,11.0676,227.94,          29P   1367
-0.10215,11.0676,227.954,-0.114342,11.0676,227.969,-0.126593,         29P   1368
11.0676,227.97,-0.127962,11.0676,227.972,-0.129393,11.0676,           29P   1369
227.974,-0.130836,11.0676,227.976,-0.132553,11.0676,227.978,          29P   1370
-0.134142,11.0676,227.992,-0.146206,11.0676,228.006,-0.157843,        29P   1371
11.0676,228.02,-0.169444,11.0676,228.022,-0.170752,11.0676,           29P   1372
228.024,-0.172169,11.0676,228.026,-0.173639,11.0676,228.028,          29P   1373
-0.17537,11.0676,228.03,-0.176972,11.0676,228.045,-0.188405,          29P   1374
11.0676,228.059,-0.199339,11.0676,228.074,-0.210269,11.0676,          29P   1375
228.076,-0.211521,11.0676,228.078,-0.212919,11.0676,228.08,           29P   1376
-0.214399,11.0676,228.082,-0.216169,11.0676,228.084,-0.217783,        29P   1377
11.0676,228.099,-0.228629,11.0676,228.114,-0.238994,11.0676,          29P   1378
228.129,-0.249332,11.0676,228.13,-0.250516,11.0676,228.132,           29P   1379
-0.251888,11.0676,228.135,-0.253394,11.0676,228.137,-0.255188,        29P   1380
11.0676,228.14,-0.256824,11.0676,228.155,-0.267121,11.0676,           29P   1381
228.169,-0.276878,11.0676,228.185,-0.286566,11.0676,228.186,          29P   1382
-0.287707,11.0676,228.189,-0.289067,11.0676,228.191,-0.290558,        29P   1383
11.0676,228.194,-0.292335,11.0676,228.196,-0.293965,11.0676,          29P   1384
228.209,-0.301633,11.0676,228.22,-0.308794,11.0676,228.232,           29P   1385
-0.315977,11.0676,228.234,-0.317056,11.0676,228.236,-0.318395,        29P   1386
11.0676,228.24,-0.320559,11.0676,228.244,-0.322719,11.0676,           29P   1387
228.254,-0.328721,11.0676,228.262,-0.333655,11.0676,228.271,          29P   1388
-0.338472,11.0676,228.272,-0.339176,11.0676,228.273,-0.339985,        29P   1389
11.0676,228.275,-0.341016,11.0676,228.278,-0.34251,11.0676,           29P   1390
228.281,-0.344319,11.0676,228.284,-0.345955,11.0676,228.29,           29P   1391
-0.349283,11.0676,228.295,-0.352131,11.0676,228.3,-0.355078,          29P   1392
11.0676,228.302,-0.356082,11.0676,228.304,-0.35739,11.0676,           29P   1393
228.307,-0.35887,11.0676,228.31,-0.360661,11.0676,228.313,            29P   1394
-0.36228,11.0676,228.316,-0.36367,11.0676,228.317,-0.364409,          29P   1395
11.0676,228.319,-0.365019,11.0676,228.319,-0.365233,11.0676,          29P   1396
228.32,-0.365871,11.0676,228.321,-0.366294,11.0676,228.323,           29P   1397
-0.367075,11.0676,228.323,-0.367427,11.0676,228.325,-0.368253,        29P   1398
11.0676,228.326,-0.368771,11.0676,228.327,-0.369689,11.0676,          29P   1399
228.328,-0.370301,11.0676,228.33,-0.370689,11.0676,228.331,           29P   1400
-0.370898,11.0676,228.332,-0.371122,11.0676,228.334,-0.371161,        29P   1401
11.0676,228.336,-0.371029,11.0676,228.337,-0.370867,11.0676,          29P   1402
228.339,-0.370498,11.0676,228.34,-0.370157,11.0676,228.341,           29P   1403
-0.369509,11.0676,228.343,-0.368563,11.0676,228.344,-0.367403,        29P   1404
11.0676,228.346,-0.365834,11.0676,228.348,-0.363559,11.0676,          29P   1405
228.349,-0.36059,11.0676,228.349,-0.358174,11.0676,228.35,            29P   1406
-0.356426,11.0676,228.35,-0.355521,11.0676,228.349,-0.354134,         29P   1407
11.0676,228.349,-0.353184,11.0676,228.349,-0.351384,11.0676,          29P   1408
228.349,-0.350002,11.0676,228.348,-0.348643,11.0676,228.347,          29P   1409
-0.347552,11.0676,228.347,-0.346512,11.0676,228.346,-0.34482,         29P   1410
11.0676,228.345,-0.343874,11.0676,228.343,-0.342695,11.0676,          29P   1411
228.341,-0.341801,11.0676,228.34,-0.340788,11.0676,228.339,           29P   1412
-0.339433,11.0676,228.337,-0.338423,11.0676,228.336,-0.337191,        29P   1413
11.0676,228.335,-0.336603,11.0676,228.334,-0.335687,11.0676,          29P   1414
228.333,-0.334999,11.0676,228.331,-0.332744,11.0676,228.327,          29P   1415
-0.330022,11.0676,228.323,-0.326102,11.0676,228.319,-0.32307,         29P   1416
11.0676,228.315,-0.319997,11.0676,228.313,-0.317781,11.0676,          29P   1417
228.31,-0.315299,11.0676,228.307,-0.313387,11.0676,228.304,           29P   1418
-0.310914,11.0676,228.301,-0.308276,11.0676,228.297,-0.305098,        29P   1419
11.0676,228.294,-0.302151,11.0676,228.287,-0.296569,11.0676,          29P   1420
228.282,-0.29182,11.0676,228.276,-0.286784,11.0676,228.274,           29P   1421
-0.284909,11.0676,228.271,-0.282522,11.0676,228.268,-0.27998,         29P   1422
11.0676,228.264,-0.276901,11.0676,228.261,-0.274028,11.0676,          29P   1423
228.251,-0.265826,11.0676,228.243,-0.258412,11.0676,228.234,          29P   1424
-0.250701,11.0676,228.232,-0.24889,11.0676,228.229,-0.246578,         29P   1425
11.0676,228.227,-0.244122,11.0676,228.223,-0.24117,11.0676,           29P   1426
228.22,-0.238434,11.0676,228.208,-0.227537,11.0676,228.196,           29P   1427
-0.21735,11.0676,228.184,-0.206868,11.0676,228.182,-0.20513,          29P   1428
11.0676,228.18,-0.202926,11.0676,228.177,-0.20059,11.0676,            29P   1429
228.174,-0.197794,11.0676,228.171,-0.195214,11.0676,228.159,          29P   1430
-0.183933,11.0676,228.147,-0.173302,11.0676,228.135,-0.162356,        29P   1431
11.0676,228.133,-0.160684,11.0676,228.131,-0.158591,11.0676,          29P   1432
228.129,-0.156402,11.0676,228.126,-0.15379,11.0676,228.123,           29P   1433
-0.151355,11.0676,228.111,-0.1396,11.0676,228.099,-0.128468,          29P   1434
11.0676,228.087,-0.117035,11.0676,228.085,-0.11548,11.0676,           29P   1435
228.083,-0.113508,11.0676,228.081,-0.111445,11.0676,228.078,          29P   1436
-0.108483,11.0676,228.064,-0.0954303,11.0676,228.051,-0.0828853,      29P   1437
11.0676,228.039,-0.0709848,11.0676,228.038,-0.0695079,11.0676,        29P   1438
228.036,-0.0676903,11.0676,228.034,-0.0657665,11.0676,228.031,        29P   1439
-0.0635056,11.0676,228.029,-0.0614148,11.0676,228.016,                29P   1440
-0.0488079,11.0676,228.004,-0.0367175,11.0676,227.992,                29P   1441
-0.0243543,11.0676,227.991,-0.0230013,11.0676,227.989,                29P   1442
-0.0213024,11.0676,227.987,-0.019541,11.0676,227.985,-0.0174576,      29P   1443
11.0676,227.983,-0.0155669,11.0676,227.97,-0.0026504,11.0676,         29P   1444
227.958,0.00994811,11.0676,227.945,0.0228297,11.0676,227.944,         29P   1445
0.0242097,11.0676,227.943,0.0257545,11.0676,227.941,0.0273629,        29P   1446
11.0676,227.939,0.0292173,11.0676,227.938,0.0309211,11.0676,          29P   1447
227.925,0.0443192,11.0676,227.912,0.0574711,11.0676,227.899,          29P   1448
0.0707835,11.0676,227.898,0.0720264,11.0676,227.897,0.0733922,        29P   1449
11.0676,227.896,0.0748124,11.0676,227.894,0.0764573,11.0676,          29P   1450
227.893,0.0779664,11.0676,227.879,0.0917117,11.0676,227.867,          29P   1451
0.105166,11.0676,227.854,0.118776,11.0676,227.853,0.119849,           29P   1452
11.0676,227.851,0.121037,11.0676,227.85,0.122255,11.0676,             29P   1453
227.849,0.123686,11.0676,227.848,0.124994,11.0676,227.834,            29P   1454
0.139025,11.0676,227.821,0.152855,11.0676,227.808,0.166876,           29P   1455
11.0676,227.807,0.167828,11.0676,227.806,0.168852,11.0676,            29P   1456
227.805,0.169884,11.0676,227.804,0.171338,11.0676,227.79,             29P   1457
0.186453,11.0676,227.775,0.201772,11.0676,227.761,0.216673,           29P   1458
11.0676,227.76,0.217846,11.0676,227.759,0.21902,11.0676,227.745,      29P   1459
0.234485,11.0676,227.73,0.249739,11.0676,227.716,0.26492,             29P   1460
11.0676,227.715,0.265851,11.0676,227.714,0.266928,11.0676,227.7,      29P   1461
0.282102,11.0676,227.686,0.297811,11.0676,227.672,0.313524,           29P   1462
11.0676,227.671,0.314447,11.0676,227.658,0.32787,11.0676,             29P   1463
227.646,0.341521,11.0676,227.634,0.354813,11.0676,227.624,            29P   1464
0.365739,11.0676,227.614,0.376678,11.0676,227.597,0.3953,             29P   1465
11.0676,227.585,0.408917,11.0676,227.573,0.422438,11.0676,            29P   1466
227.568,0.427876,11.0676,227.576,0.442482,11.1858,227.575,            29P   1467
0.443387,11.1858,227.574,0.444316,11.1858,227.572,0.444927,           29P   1468
11.1858,227.571,0.445133,11.1858,227.569,0.44519,11.1858,             29P   1469
227.567,0.444844,11.1858,227.566,0.444176,11.1858,227.565,            29P   1470
0.44355,11.1858,227.564,0.443072,11.1858,227.564,0.442511,            29P   1471
11.1858,227.563,0.44179,11.1858,227.563,0.441303,11.1858,             29P   1472
227.562,0.440309,11.1858,227.562,0.439804,11.1858,227.562,            29P   1473
0.438697,11.1858,227.562,0.438092,11.1858,227.562,0.437,11.1858,      29P   1474
227.562,0.436162,11.1858,227.562,0.435316,11.1858,227.562,            29P   1475
0.434633,11.1858,227.562,0.434301,11.1858,227.563,0.433624,           29P   1476
11.1858,227.563,0.433252,11.1858,227.563,0.432528,11.1858,            29P   1477
227.564,0.432194,11.1858,227.564,0.431246,11.1858,227.564,            29P   1478
0.43063,11.1858,227.566,0.427162,11.1858,227.567,0.423865,            29P   1479
11.1858,227.569,0.420102,11.1858,227.57,0.418744,11.1858,             29P   1480
227.571,0.416954,11.1858,227.571,0.415287,11.1858,227.572,            29P   1481
0.413693,11.1858,227.573,0.412637,11.1858,227.573,0.411254,           29P   1482
11.1858,227.577,0.404562,11.1858,227.58,0.397731,11.1858,             29P   1483
227.583,0.391166,11.1858,227.584,0.389798,11.1858,227.585,            29P   1484
0.388514,11.1858,227.585,0.386762,11.1858,227.586,0.385107,           29P   1485
11.1858,227.587,0.383483,11.1858,227.588,0.382378,11.1858,            29P   1486
227.588,0.380934,11.1858,227.594,0.370464,11.1858,227.599,            29P   1487
0.360008,11.1858,227.605,0.349852,11.1858,227.605,0.348613,           29P   1488
11.1858,227.606,0.346955,11.1858,227.607,0.345338,11.1858,            29P   1489
227.608,0.343736,11.1858,227.608,0.342588,11.1858,227.609,            29P   1490
0.341066,11.1858,227.616,0.327802,11.1858,227.624,0.314564,           29P   1491
11.1858,227.631,0.301809,11.1858,227.631,0.300609,11.1858,            29P   1492
227.632,0.299468,11.1858,227.633,0.297842,11.1858,227.634,            29P   1493
0.296282,11.1858,227.635,0.294664,11.1858,227.636,0.293481,           29P   1494
11.1858,227.636,0.291875,11.1858,227.646,0.275483,11.1858,            29P   1495
227.656,0.259352,11.1858,227.665,0.243793,11.1858,227.666,            29P   1496
0.24276,11.1858,227.666,0.241678,11.1858,227.667,0.240162,            29P   1497
11.1858,227.668,0.238644,11.1858,227.669,0.237053,11.1858,            29P   1498
227.67,0.235781,11.1858,227.671,0.234078,11.1858,227.681,             29P   1499
0.218032,11.1858,227.692,0.202315,11.1858,227.702,0.187239,           29P   1500
11.1858,227.702,0.186284,11.1858,227.703,0.185291,11.1858,            29P   1501
227.704,0.183855,11.1858,227.705,0.182414,11.1858,227.706,            29P   1502
0.180835,11.1858,227.707,0.179518,11.1858,227.708,0.177976,           29P   1503
11.1858,227.709,0.176618,11.1858,227.72,0.161185,11.1858,227.73,      29P   1504
0.146181,11.1858,227.741,0.131248,11.1858,227.742,0.13032,            29P   1505
11.1858,227.743,0.128962,11.1858,227.744,0.127552,11.1858,            29P   1506
227.745,0.125962,11.1858,227.746,0.124613,11.1858,227.747,            29P   1507
0.123059,11.1858,227.748,0.121631,11.1858,227.759,0.106584,           29P   1508
11.1858,227.77,0.0920195,11.1858,227.782,0.0773874,11.1858,           29P   1509
227.783,0.0758352,11.1858,227.784,0.0741509,11.1858,227.786,          29P   1510
0.0725833,11.1858,227.787,0.0711658,11.1858,227.788,0.0695374,        29P   1511
11.1858,227.789,0.068042,11.1858,227.801,0.0536382,11.1858,           29P   1512
227.812,0.0396375,11.1858,227.824,0.0255939,11.1858,227.826,          29P   1513
0.0239788,11.1858,227.828,0.0218787,11.1858,227.829,0.0197538,        29P   1514
11.1858,227.831,0.017678,11.1858,227.832,0.0161551,11.1858,           29P   1515
227.845,0.00218656,11.1858,227.857,-0.0113018,11.1858,227.869,        29P   1516
-0.0248072,11.1858,227.87,-0.0262728,11.1858,227.872,-0.0278299,      29P   1517
11.1858,227.873,-0.02936,11.1858,227.874,-0.0308359,11.1858,          29P   1518
227.876,-0.0325512,11.1858,227.877,-0.0341393,11.1858,227.89,         29P   1519
-0.047665,11.1858,227.902,-0.0606448,11.1858,227.915,-0.0735955,      29P   1520
11.1858,227.916,-0.0749551,11.1858,227.918,-0.0764343,11.1858,        29P   1521
227.919,-0.0779605,11.1858,227.921,-0.0794718,11.1858,227.923,        29P   1522
-0.0812649,11.1858,227.924,-0.0828881,11.1858,227.937,                29P   1523
-0.0961778,11.1858,227.95,-0.109084,11.1858,227.964,-0.122054,        29P   1524
11.1858,227.966,-0.123502,11.1858,227.967,-0.125008,11.1858,          29P   1525
227.969,-0.126536,11.1858,227.971,-0.128354,11.1858,227.972,          29P   1526
-0.130036,11.1858,227.986,-0.142815,11.1858,227.999,-0.155143,        29P   1527
11.1858,228.013,-0.167521,11.1858,228.015,-0.168917,11.1858,          29P   1528
228.017,-0.170424,11.1858,228.018,-0.171995,11.1858,228.02,           29P   1529
-0.173848,11.1858,228.022,-0.175563,11.1858,228.036,-0.187818,        29P   1530
11.1858,228.05,-0.199628,11.1858,228.064,-0.211462,11.1858,           29P   1531
228.065,-0.212818,11.1858,228.067,-0.214332,11.1858,228.069,          29P   1532
-0.215936,11.1858,228.071,-0.217853,11.1858,228.074,-0.219601,        29P   1533
11.1858,228.088,-0.231365,11.1858,228.102,-0.242612,11.1858,          29P   1534
228.116,-0.253839,11.1858,228.117,-0.255124,11.1858,228.119,          29P   1535
-0.256606,11.1858,228.121,-0.258241,11.1858,228.124,-0.26019,         29P   1536
11.1858,228.126,-0.261967,11.1858,228.141,-0.273161,11.1858,          29P   1537
228.155,-0.283779,11.1858,228.169,-0.294408,11.1858,228.171,          29P   1538
-0.295661,11.1858,228.173,-0.297148,11.1858,228.175,-0.298788,        29P   1539
11.1858,228.178,-0.300744,11.1858,228.18,-0.302542,11.1858,           29P   1540
228.192,-0.31101,11.1858,228.203,-0.318968,11.1858,228.214,           29P   1541
-0.326972,11.1858,228.216,-0.328174,11.1858,228.218,-0.329662,        29P   1542
11.1858,228.221,-0.332075,11.1858,228.225,-0.334485,11.1858,          29P   1543
228.235,-0.341187,11.1858,228.243,-0.346691,11.1858,228.251,          29P   1544
-0.352053,11.1858,228.252,-0.352838,11.1858,228.253,-0.353736,        29P   1545
11.1858,228.255,-0.354878,11.1858,228.257,-0.35654,11.1858,           29P   1546
228.26,-0.358551,11.1858,228.263,-0.360372,11.1858,228.269,           29P   1547
-0.364084,11.1858,228.274,-0.367266,11.1858,228.279,-0.370582,        29P   1548
11.1858,228.281,-0.371714,11.1858,228.283,-0.373187,11.1858,          29P   1549
228.286,-0.374866,11.1858,228.289,-0.376906,11.1858,228.292,          29P   1550
-0.378757,11.1858,228.294,-0.380356,11.1858,228.295,-0.381211,        29P   1551
11.1858,228.297,-0.381915,11.1858,228.297,-0.382162,11.1858,          29P   1552
228.298,-0.382895,11.1858,228.299,-0.383375,11.1858,228.3,            29P   1553
-0.384261,11.1858,228.301,-0.384684,11.1858,228.302,-0.385738,        29P   1554
11.1858,228.303,-0.386211,11.1858,228.305,-0.38675,11.1858,           29P   1555
228.306,-0.387087,11.1858,228.308,-0.387247,11.1858,228.309,          29P   1556
-0.387304,11.1858,228.31,-0.387339,11.1858,228.311,-0.387234,         29P   1557
11.1858,228.313,-0.386932,11.1858,228.314,-0.386655,11.1858,          29P   1558
228.315,-0.386109,11.1858,228.316,-0.385607,11.1858,228.318,          29P   1559
-0.384671,11.1858,228.32,-0.383322,11.1858,228.321,-0.381691,         29P   1560
11.1858,228.323,-0.379618,11.1858,228.324,-0.376922,11.1858,          29P   1561
228.325,-0.373736,11.1858,228.324,-0.371381,11.1858,228.324,          29P   1562
-0.369726,11.1858,228.324,-0.368896,11.1858,228.324,-0.36761,         29P   1563
11.1858,228.323,-0.366736,11.1858,228.323,-0.365094,11.1858,          29P   1564
228.322,-0.363984,11.1858,228.321,-0.36294,11.1858,228.321,           29P   1565
-0.36214,11.1858,228.32,-0.361448,11.1858,228.319,-0.360374,          29P   1566
11.1858,228.318,-0.359615,11.1858,228.316,-0.358075,11.1858,          29P   1567
228.315,-0.356564,11.1858,228.313,-0.355083,11.1858,228.312,          29P   1568
-0.353693,11.1858,228.31,-0.352642,11.1858,228.309,-0.351337,         29P   1569
11.1858,228.308,-0.350704,11.1858,228.307,-0.349718,11.1858,          29P   1570
228.307,-0.348994,11.1858,228.304,-0.346567,11.1858,228.301,          29P   1571
-0.343623,11.1858,228.296,-0.339405,11.1858,228.293,-0.336161,        29P   1572
11.1858,228.29,-0.33288,11.1858,228.287,-0.330514,11.1858,            29P   1573
228.284,-0.327867,11.1858,228.282,-0.325825,11.1858,228.279,          29P   1574
-0.323187,11.1858,228.276,-0.320374,11.1858,228.273,-0.316984,        29P   1575
11.1858,228.27,-0.313842,11.1858,228.263,-0.307894,11.1858,           29P   1576
228.258,-0.302837,11.1858,228.253,-0.29748,11.1858,228.25,            29P   1577
-0.295484,11.1858,228.248,-0.292948,11.1858,228.245,-0.290249,        29P   1578
11.1858,228.242,-0.28698,11.1858,228.238,-0.283934,11.1858,           29P   1579
228.229,-0.275239,11.1858,228.221,-0.267393,11.1858,228.213,          29P   1580
-0.259236,11.1858,228.211,-0.257319,11.1858,228.209,-0.254874,        29P   1581
11.1858,228.206,-0.252277,11.1858,228.203,-0.249156,11.1858,          29P   1582
228.2,-0.246263,11.1858,228.188,-0.234742,11.1858,228.177,            29P   1583
-0.223971,11.1858,228.166,-0.21288,11.1858,228.164,-0.211039,         29P   1584
11.1858,228.162,-0.208707,11.1858,228.159,-0.206235,11.1858,          29P   1585
228.156,-0.203275,11.1858,228.154,-0.200545,11.1858,228.142,          29P   1586
-0.188606,11.1858,228.131,-0.177365,11.1858,228.12,-0.165851,         29P   1587
11.1858,228.118,-0.164092,11.1858,228.116,-0.161894,11.1858,          29P   1588
228.114,-0.159596,11.1858,228.111,-0.156857,11.1858,228.108,          29P   1589
-0.154306,11.1858,228.096,-0.142,11.1858,228.085,-0.130398,           29P   1590
11.1858,228.074,-0.118487,11.1858,228.072,-0.116865,11.1858,          29P   1591
228.07,-0.11481,11.1858,228.068,-0.11266,11.1858,228.065,             29P   1592
-0.109575,11.1858,228.052,-0.0959753,11.1858,228.04,-0.0829087,       29P   1593
11.1858,228.028,-0.0705365,11.1858,228.027,-0.0690002,11.1858,        29P   1594
228.025,-0.0671112,11.1858,228.023,-0.0651124,11.1858,228.021,        29P   1595
-0.0627637,11.1858,228.019,-0.0605922,11.1858,228.007,                29P   1596
-0.0475016,11.1858,227.995,-0.0349611,11.1858,227.983,                29P   1597
-0.0221257,11.1858,227.982,-0.0207196,11.1858,227.98,-0.0189555,      29P   1598
11.1858,227.979,-0.0171263,11.1858,227.977,-0.0149625,11.1858,        29P   1599
227.975,-0.0129989,11.1858,227.963,0.000426084,11.1858,227.951,       29P   1600
0.013507,11.1858,227.939,0.0268005,11.1858,227.938,0.0282239,         29P   1601
11.1858,227.936,0.0298062,11.1858,227.935,0.0314633,11.1858,          29P   1602
227.933,0.0333729,11.1858,227.931,0.0351262,11.1858,227.919,          29P   1603
0.0489076,11.1858,227.907,0.0623641,11.1858,227.895,0.0760419,        29P   1604
11.1858,227.893,0.0773192,11.1858,227.892,0.0787234,11.1858,          29P   1605
227.891,0.080184,11.1858,227.889,0.0818765,11.1858,227.888,           29P   1606
0.0834299,11.1858,227.875,0.0975912,11.1858,227.863,0.111505,         29P   1607
11.1858,227.851,0.125555,11.1858,227.85,0.126662,11.1858,             29P   1608
227.849,0.12788,11.1858,227.848,0.129136,11.1858,227.846,             29P   1609
0.130613,11.1858,227.845,0.131961,11.1858,227.832,0.146438,           29P   1610
11.1858,227.82,0.16066,11.1858,227.807,0.17507,11.1858,227.806,       29P   1611
0.176048,11.1858,227.805,0.177096,11.1858,227.804,0.178157,           29P   1612
11.1858,227.803,0.179652,11.1858,227.789,0.195294,11.1858,            29P   1613
227.775,0.211028,11.1858,227.762,0.226342,11.1858,227.761,            29P   1614
0.227544,11.1858,227.76,0.228639,11.1858,227.747,0.244049,            29P   1615
11.1858,227.733,0.259723,11.1858,227.719,0.275296,11.1858,            29P   1616
227.718,0.276248,11.1858,227.717,0.277353,11.1858,227.703,            29P   1617
0.293895,11.1858,227.689,0.309983,11.1858,227.675,0.325992,           29P   1618
11.1858,227.675,0.32693,11.1858,227.663,0.340382,11.1858,             29P   1619
227.651,0.353878,11.1858,227.64,0.367355,11.1858,227.63,              29P   1620
0.378444,11.1858,227.621,0.389651,11.1858,227.604,0.408892,           29P   1621
11.1858,227.592,0.422906,11.1858,227.581,0.436921,11.1858,            29P   1622
227.576,0.442482,11.1858,227.583,0.458097,11.3388,227.582,            29P   1623
0.45884,11.3388,227.581,0.459867,11.3388,227.58,0.4607,11.3388,       29P   1624
227.579,0.461029,11.3388,227.577,0.461194,11.3388,227.575,            29P   1625
0.460916,11.3388,227.574,0.460254,11.3388,227.573,0.459627,           29P   1626
11.3388,227.572,0.459145,11.3388,227.572,0.458604,11.3388,            29P   1627
227.571,0.457909,11.3388,227.571,0.457432,11.3388,227.571,            29P   1628
0.45643,11.3388,227.57,0.455911,11.3388,227.57,0.45475,11.3388,       29P   1629
227.57,0.454093,11.3388,227.57,0.452708,11.3388,227.57,0.451539,      29P   1630
11.3388,227.571,0.45077,11.3388,227.571,0.450135,11.3388,             29P   1631
227.571,0.449802,11.3388,227.572,0.449061,11.3388,227.572,            29P   1632
0.448669,11.3388,227.572,0.447961,11.3388,227.572,0.447633,           29P   1633
11.3388,227.573,0.446695,11.3388,227.573,0.446086,11.3388,            29P   1634
227.575,0.442668,11.3388,227.576,0.439415,11.3388,227.578,            29P   1635
0.435697,11.3388,227.579,0.434355,11.3388,227.58,0.432586,            29P   1636
11.3388,227.581,0.430937,11.3388,227.581,0.429361,11.3388,            29P   1637
227.582,0.428316,11.3388,227.583,0.426947,11.3388,227.586,            29P   1638
0.420321,11.3388,227.589,0.413545,11.3388,227.593,0.407029,           29P   1639
11.3388,227.593,0.40567,11.3388,227.594,0.404396,11.3388,             29P   1640
227.595,0.402657,11.3388,227.596,0.401013,11.3388,227.596,            29P   1641
0.3994,11.3388,227.597,0.398304,11.3388,227.598,0.396869,             29P   1642
11.3388,227.603,0.386471,11.3388,227.609,0.376078,11.3388,            29P   1643
227.614,0.365977,11.3388,227.615,0.364745,11.3388,227.616,            29P   1644
0.363095,11.3388,227.616,0.361487,11.3388,227.617,0.359894,           29P   1645
11.3388,227.618,0.358751,11.3388,227.619,0.357237,11.3388,            29P   1646
227.626,0.344042,11.3388,227.633,0.330869,11.3388,227.64,             29P   1647
0.31817,11.3388,227.641,0.316976,11.3388,227.642,0.31584,             29P   1648
11.3388,227.643,0.314221,11.3388,227.644,0.312668,11.3388,            29P   1649
227.645,0.311058,11.3388,227.645,0.309879,11.3388,227.646,            29P   1650
0.308281,11.3388,227.656,0.291957,11.3388,227.665,0.275874,           29P   1651
11.3388,227.675,0.260291,11.3388,227.675,0.259256,11.3388,            29P   1652
227.676,0.258172,11.3388,227.677,0.256652,11.3388,227.678,            29P   1653
0.25513,11.3388,227.679,0.253534,11.3388,227.68,0.252259,             29P   1654
11.3388,227.681,0.25055,11.3388,227.691,0.23444,11.3388,227.701,      29P   1655
0.218587,11.3388,227.71,0.20335,11.3388,227.711,0.202384,             29P   1656
11.3388,227.712,0.201381,11.3388,227.713,0.199929,11.3388,            29P   1657
227.714,0.198472,11.3388,227.715,0.196876,11.3388,227.715,            29P   1658
0.195545,11.3388,227.717,0.193984,11.3388,227.717,0.192611,           29P   1659
11.3388,227.728,0.177,11.3388,227.738,0.161803,11.3388,227.748,       29P   1660
0.146666,11.3388,227.749,0.145725,11.3388,227.75,0.144348,            29P   1661
11.3388,227.751,0.142919,11.3388,227.752,0.141306,11.3388,            29P   1662
227.753,0.139939,11.3388,227.754,0.138363,11.3388,227.755,            29P   1663
0.136914,11.3388,227.766,0.121703,11.3388,227.777,0.106915,           29P   1664
11.3388,227.788,0.0919825,11.3388,227.789,0.0903984,11.3388,          29P   1665
227.79,0.0886781,11.3388,227.791,0.0870258,11.3388,227.792,           29P   1666
0.085577,11.3388,227.794,0.0839121,11.3388,227.795,0.0823823,         29P   1667
11.3388,227.806,0.0676945,11.3388,227.817,0.0532947,11.3388,          29P   1668
227.828,0.0388077,11.3388,227.829,0.0371413,11.3388,227.831,          29P   1669
0.03497,11.3388,227.833,0.0327262,11.3388,227.835,0.0305829,          29P   1670
11.3388,227.836,0.0290101,11.3388,227.847,0.0146323,11.3388,          29P   1671
227.859,0.000673266,11.3388,227.87,-0.0133234,11.3388,227.872,        29P   1672
-0.0148425,11.3388,227.873,-0.0164603,11.3388,227.874,-0.018095,      29P   1673
11.3388,227.876,-0.0196251,11.3388,227.877,-0.0214036,11.3388,        29P   1674
227.878,-0.0230505,11.3388,227.89,-0.0370327,11.3388,227.902,         29P   1675
-0.0505184,11.3388,227.914,-0.064041,11.3388,227.915,-0.0654611,      29P   1676
11.3388,227.917,-0.06701,11.3388,227.918,-0.0686498,11.3388,          29P   1677
227.92,-0.0702301,11.3388,227.921,-0.0721061,11.3388,227.923,         29P   1678
-0.073805,11.3388,227.935,-0.0876754,11.3388,227.947,-0.101251,       29P   1679
11.3388,227.96,-0.114922,11.3388,227.962,-0.116452,11.3388,           29P   1680
227.963,-0.118082,11.3388,227.965,-0.119693,11.3388,227.967,          29P   1681
-0.12161,11.3388,227.968,-0.123385,11.3388,227.981,-0.136825,         29P   1682
11.3388,227.994,-0.149848,11.3388,228.007,-0.162911,11.3388,          29P   1683
228.008,-0.164387,11.3388,228.01,-0.166016,11.3388,228.012,           29P   1684
-0.167674,11.3388,228.014,-0.169628,11.3388,228.015,-0.171438,        29P   1685
11.3388,228.029,-0.18436,11.3388,228.042,-0.19681,11.3388,            29P   1686
228.055,-0.209333,11.3388,228.056,-0.21077,11.3388,228.058,           29P   1687
-0.212372,11.3388,228.06,-0.214072,11.3388,228.062,-0.216103,         29P   1688
11.3388,228.064,-0.217958,11.3388,228.078,-0.230395,11.3388,          29P   1689
228.091,-0.242375,11.3388,228.104,-0.254376,11.3388,228.106,          29P   1690
-0.255754,11.3388,228.108,-0.257377,11.3388,228.11,-0.259127,         29P   1691
11.3388,228.112,-0.261212,11.3388,228.114,-0.263116,11.3388,          29P   1692
228.128,-0.275079,11.3388,228.141,-0.286496,11.3388,228.155,          29P   1693
-0.297942,11.3388,228.156,-0.299293,11.3388,228.158,-0.300924,        29P   1694
11.3388,228.16,-0.302691,11.3388,228.163,-0.304798,11.3388,           29P   1695
228.165,-0.306735,11.3388,228.176,-0.315829,11.3388,228.187,          29P   1696
-0.324401,11.3388,228.198,-0.333011,11.3388,228.2,-0.334306,          29P   1697
11.3388,228.202,-0.335934,11.3388,228.205,-0.338528,11.3388,          29P   1698
228.208,-0.341119,11.3388,228.217,-0.348301,11.3388,228.225,          29P   1699
-0.35424,11.3388,228.233,-0.360085,11.3388,228.234,-0.360942,         29P   1700
11.3388,228.235,-0.36193,11.3388,228.237,-0.363203,11.3388,           29P   1701
228.239,-0.365025,11.3388,228.242,-0.367234,11.3388,228.245,          29P   1702
-0.369239,11.3388,228.25,-0.3733,11.3388,228.255,-0.376807,           29P   1703
11.3388,228.26,-0.38045,11.3388,228.261,-0.381693,11.3388,            29P   1704
228.263,-0.383333,11.3388,228.266,-0.385168,11.3388,228.269,          29P   1705
-0.387392,11.3388,228.272,-0.389406,11.3388,228.274,-0.391119,        29P   1706
11.3388,228.275,-0.392026,11.3388,228.276,-0.39278,11.3388,           29P   1707
228.277,-0.393048,11.3388,228.278,-0.393847,11.3388,228.279,          29P   1708
-0.394407,11.3388,228.28,-0.39544,11.3388,228.281,-0.39582,           29P   1709
11.3388,228.282,-0.396504,11.3388,228.283,-0.396822,11.3388,          29P   1710
228.285,-0.397197,11.3388,228.287,-0.397403,11.3388,228.288,          29P   1711
-0.397404,11.3388,228.289,-0.397301,11.3388,228.291,-0.397117,        29P   1712
11.3388,228.292,-0.396674,11.3388,228.294,-0.39591,11.3388,           29P   1713
228.295,-0.395564,11.3388,228.296,-0.394808,11.3388,228.297,          29P   1714
-0.394158,11.3388,228.298,-0.392998,11.3388,228.299,-0.391375,        29P   1715
11.3388,228.3,-0.389468,11.3388,228.301,-0.38745,11.3388,             29P   1716
228.302,-0.384945,11.3388,228.302,-0.381782,11.3388,228.302,          29P   1717
-0.379534,11.3388,228.301,-0.377866,11.3388,228.301,-0.376982,        29P   1718
11.3388,228.3,-0.375685,11.3388,228.299,-0.374781,11.3388,            29P   1719
228.298,-0.373249,11.3388,228.297,-0.372328,11.3388,228.296,          29P   1720
-0.371525,11.3388,228.296,-0.370853,11.3388,228.295,-0.37012,         29P   1721
11.3388,228.294,-0.368794,11.3388,228.293,-0.367939,11.3388,          29P   1722
228.291,-0.36644,11.3388,228.29,-0.365055,11.3388,228.288,            29P   1723
-0.363651,11.3388,228.287,-0.362196,11.3388,228.286,-0.361105,        29P   1724
11.3388,228.285,-0.359735,11.3388,228.284,-0.359071,11.3388,          29P   1725
228.283,-0.358014,11.3388,228.282,-0.357176,11.3388,228.279,          29P   1726
-0.35468,11.3388,228.277,-0.351743,11.3388,228.272,-0.347486,         29P   1727
11.3388,228.269,-0.344137,11.3388,228.266,-0.340738,11.3388,          29P   1728
228.263,-0.338293,11.3388,228.261,-0.335558,11.3388,228.259,          29P   1729
-0.333458,11.3388,228.256,-0.330735,11.3388,228.253,-0.327832,        29P   1730
11.3388,228.25,-0.324336,11.3388,228.246,-0.321097,11.3388,           29P   1731
228.24,-0.314956,11.3388,228.235,-0.309741,11.3388,228.23,            29P   1732
-0.30421,11.3388,228.228,-0.302157,11.3388,228.225,-0.299535,         29P   1733
11.3388,228.223,-0.296743,11.3388,228.219,-0.293359,11.3388,          29P   1734
228.216,-0.290202,11.3388,228.208,-0.281182,11.3388,228.2,            29P   1735
-0.273035,11.3388,228.192,-0.264571,11.3388,228.19,-0.26259,          29P   1736
11.3388,228.188,-0.260053,11.3388,228.185,-0.257359,11.3388,          29P   1737
228.182,-0.254122,11.3388,228.179,-0.251123,11.3388,228.168,          29P   1738
-0.239176,11.3388,228.158,-0.228039,11.3388,228.147,-0.216629,        29P   1739
11.3388,228.145,-0.214745,11.3388,228.143,-0.212348,11.3388,          29P   1740
228.141,-0.209811,11.3388,228.138,-0.206776,11.3388,228.135,          29P   1741
-0.203977,11.3388,228.124,-0.191742,11.3388,228.113,-0.180255,        29P   1742
11.3388,228.102,-0.168406,11.3388,228.101,-0.1666,11.3388,            29P   1743
228.098,-0.164333,11.3388,228.096,-0.161962,11.3388,228.094,          29P   1744
-0.159132,11.3388,228.091,-0.156492,11.3388,228.08,-0.143742,         29P   1745
11.3388,228.069,-0.131667,11.3388,228.058,-0.11934,11.3388,           29P   1746
228.057,-0.117671,11.3388,228.055,-0.115547,11.3388,228.053,          29P   1747
-0.113327,11.3388,228.05,-0.110143,11.3388,228.037,-0.096123,         29P   1748
11.3388,228.026,-0.0827249,11.3388,228.014,-0.0699857,11.3388,        29P   1749
228.013,-0.0684088,11.3388,228.011,-0.0664619,11.3388,228.01,         29P   1750
-0.0644008,11.3388,228.007,-0.0619776,11.3388,228.006,                29P   1751
-0.0597359,11.3388,227.994,-0.0462113,11.3388,227.983,                29P   1752
-0.0332209,11.3388,227.971,-0.0199964,11.3388,227.97,-0.0185543,      29P   1753
11.3388,227.969,-0.0167385,11.3388,227.967,-0.0148567,11.3388,        29P   1754
227.965,-0.0126323,11.3388,227.964,-0.010615,11.3388,227.952,         29P   1755
0.00312391,11.3388,227.94,0.0164948,11.3388,227.929,0.0301456,        29P   1756
11.3388,227.928,0.0316081,11.3388,227.926,0.0332827,11.3388,          29P   1757
227.925,0.0349865,11.3388,227.923,0.0369508,11.3388,227.922,          29P   1758
0.0387553,11.3388,227.91,0.0529438,11.3388,227.898,0.066856,          29P   1759
11.3388,227.887,0.0809395,11.3388,227.886,0.0822545,11.3388,          29P   1760
227.885,0.0836994,11.3388,227.883,0.085202,11.3388,227.882,           29P   1761
0.0869423,11.3388,227.88,0.0885391,11.3388,227.868,0.103052,          29P   1762
11.3388,227.857,0.117298,11.3388,227.845,0.131749,11.3388,            29P   1763
227.844,0.132889,11.3388,227.843,0.134182,11.3388,227.842,            29P   1764
0.135476,11.3388,227.84,0.136997,11.3388,227.839,0.138386,            29P   1765
11.3388,227.827,0.153285,11.3388,227.815,0.168002,11.3388,            29P   1766
227.803,0.182826,11.3388,227.802,0.183832,11.3388,227.801,            29P   1767
0.184927,11.3388,227.8,0.186017,11.3388,227.799,0.187553,             29P   1768
11.3388,227.786,0.20309,11.3388,227.773,0.219139,11.3388,227.76,      29P   1769
0.234861,11.3388,227.759,0.236114,11.3388,227.758,0.237768,           29P   1770
11.3388,227.745,0.254192,11.3388,227.732,0.270406,11.3388,            29P   1771
227.719,0.286477,11.3388,227.718,0.287473,11.3388,227.717,            29P   1772
0.288614,11.3388,227.704,0.304597,11.3388,227.691,0.321154,           29P   1773
11.3388,227.678,0.337652,11.3388,227.677,0.33863,11.3388,             29P   1774
227.666,0.352674,11.3388,227.655,0.366703,11.3388,227.643,            29P   1775
0.380859,11.3388,227.634,0.392528,11.3388,227.625,0.404465,           29P   1776
11.3388,227.609,0.424032,11.3388,227.598,0.438445,11.3388,            29P   1777
227.587,0.452358,11.3388,227.583,0.458097,11.3388,227.587,            29P   1778
0.469656,11.4913,227.586,0.4706,11.4913,227.585,0.471533,             29P   1779
11.4913,227.583,0.472053,11.4913,227.582,0.472168,11.4913,            29P   1780
227.58,0.472022,11.4913,227.578,0.47127,11.4913,227.577,              29P   1781
0.470334,11.4913,227.576,0.46956,11.4913,227.576,0.469002,            29P   1782
11.4913,227.576,0.468337,11.4913,227.575,0.467476,11.4913,            29P   1783
227.575,0.466925,11.4913,227.575,0.465901,11.4913,227.575,            29P   1784
0.465412,11.4913,227.575,0.464417,11.4913,227.575,0.463954,           29P   1785
11.4913,227.576,0.463025,11.4913,227.576,0.462088,11.4913,            29P   1786
227.577,0.461086,11.4913,227.577,0.460436,11.4913,227.577,            29P   1787
0.460106,11.4913,227.578,0.459397,11.4913,227.578,0.459017,           29P   1788
11.4913,227.578,0.458307,11.4913,227.578,0.457979,11.4913,            29P   1789
227.579,0.457044,11.4913,227.579,0.456437,11.4913,227.581,            29P   1790
0.453024,11.4913,227.583,0.44978,11.4913,227.584,0.446078,            29P   1791
11.4913,227.585,0.444742,11.4913,227.586,0.44298,11.4913,             29P   1792
227.587,0.441341,11.4913,227.588,0.439774,11.4913,227.588,            29P   1793
0.438735,11.4913,227.589,0.437375,11.4913,227.592,0.430794,           29P   1794
11.4913,227.596,0.424078,11.4913,227.599,0.417618,11.4913,227.6,      29P   1795
0.416271,11.4913,227.6,0.415007,11.4913,227.601,0.413282,             29P   1796
11.4913,227.602,0.411652,11.4913,227.603,0.410052,11.4913,            29P   1797
227.604,0.408964,11.4913,227.604,0.40754,11.4913,227.61,0.39722,      29P   1798
11.4913,227.615,0.386889,11.4913,227.621,0.376839,11.4913,            29P   1799
227.621,0.375613,11.4913,227.622,0.373971,11.4913,227.623,            29P   1800
0.372371,11.4913,227.624,0.370785,11.4913,227.625,0.369648,           29P   1801
11.4913,227.626,0.368141,11.4913,227.633,0.355005,11.4913,            29P   1802
227.64,0.34188,11.4913,227.647,0.329205,11.4913,227.648,              29P   1803
0.328012,11.4913,227.649,0.326879,11.4913,227.65,0.325262,            29P   1804
11.4913,227.65,0.323711,11.4913,227.651,0.322102,11.4913,             29P   1805
227.652,0.320924,11.4913,227.653,0.319327,11.4913,227.662,            29P   1806
0.303014,11.4913,227.672,0.286906,11.4913,227.681,0.271325,           29P   1807
11.4913,227.682,0.270291,11.4913,227.683,0.269208,11.4913,            29P   1808
227.683,0.267688,11.4913,227.684,0.266167,11.4913,227.685,            29P   1809
0.264573,11.4913,227.686,0.263298,11.4913,227.687,0.261591,           29P   1810
11.4913,227.697,0.2455,11.4913,227.707,0.229693,11.4913,227.717,      29P   1811
0.214461,11.4913,227.717,0.213496,11.4913,227.718,0.212492,           29P   1812
11.4913,227.719,0.211041,11.4913,227.72,0.209583,11.4913,             29P   1813
227.721,0.207986,11.4913,227.722,0.206654,11.4913,227.723,            29P   1814
0.205092,11.4913,227.724,0.203717,11.4913,227.734,0.188089,           29P   1815
11.4913,227.744,0.172825,11.4913,227.754,0.157589,11.4913,            29P   1816
227.755,0.156641,11.4913,227.756,0.155254,11.4913,227.757,            29P   1817
0.153816,11.4913,227.758,0.152191,11.4913,227.759,0.150814,           29P   1818
11.4913,227.76,0.149227,11.4913,227.761,0.147767,11.4913,             29P   1819
227.772,0.132152,11.4913,227.782,0.117204,11.4913,227.793,            29P   1820
0.102099,11.4913,227.794,0.100495,11.4913,227.795,0.098754,           29P   1821
11.4913,227.796,0.0973848,11.4913,227.797,0.0959183,11.4913,          29P   1822
227.798,0.0942327,11.4913,227.799,0.0926839,11.4913,227.81,           29P   1823
0.0775027,11.4913,227.821,0.0628835,11.4913,227.832,0.0481795,        29P   1824
11.4913,227.833,0.0464881,11.4913,227.835,0.0443082,11.4913,          29P   1825
227.836,0.0423296,11.4913,227.838,0.0401532,11.4913,227.839,          29P   1826
0.0385558,11.4913,227.85,0.0236525,11.4913,227.861,0.0094388,         29P   1827
11.4913,227.873,-0.00484069,11.4913,227.874,-0.00639067,11.4913,      29P   1828
227.875,-0.00801945,11.4913,227.876,-0.00939864,11.4913,227.878,      29P   1829
-0.0109613,11.4913,227.879,-0.0127782,11.4913,227.88,-0.014461,       29P   1830
11.4913,227.892,-0.0290268,11.4913,227.903,-0.0428539,11.4913,        29P   1831
227.915,-0.0566757,11.4913,227.916,-0.0581269,11.4913,227.917,        29P   1832
-0.05969,11.4913,227.919,-0.0611006,11.4913,227.92,-0.062715,         29P   1833
11.4913,227.922,-0.0646311,11.4913,227.923,-0.066366,11.4913,         29P   1834
227.935,-0.0807961,11.4913,227.947,-0.0946398,11.4913,227.96,         29P   1835
-0.108607,11.4913,227.961,-0.110155,11.4913,227.962,-0.111566,        29P   1836
11.4913,227.964,-0.113214,11.4913,227.965,-0.115175,11.4913,          29P   1837
227.967,-0.11699,11.4913,227.98,-0.130996,11.4913,227.992,            29P   1838
-0.14437,11.4913,228.005,-0.157829,11.4913,228.006,-0.159335,         29P   1839
11.4913,228.007,-0.160778,11.4913,228.009,-0.162488,11.4913,          29P   1840
228.011,-0.164505,11.4913,228.013,-0.166372,11.4913,228.025,          29P   1841
-0.179728,11.4913,228.038,-0.192617,11.4913,228.051,-0.205539,        29P   1842
11.4913,228.052,-0.207009,11.4913,228.054,-0.208662,11.4913,          29P   1843
228.056,-0.210414,11.4913,228.058,-0.212508,11.4913,228.06,           29P   1844
-0.214418,11.4913,228.073,-0.22747,11.4913,228.086,-0.239789,         29P   1845
11.4913,228.099,-0.252159,11.4913,228.1,-0.253564,11.4913,            29P   1846
228.102,-0.255013,11.4913,228.104,-0.256819,11.4913,228.106,          29P   1847
-0.258972,11.4913,228.108,-0.260938,11.4913,228.121,-0.273481,        29P   1848
11.4913,228.134,-0.285306,11.4913,228.148,-0.297164,11.4913,          29P   1849
228.149,-0.298552,11.4913,228.151,-0.300068,11.4913,228.153,          29P   1850
-0.301899,11.4913,228.155,-0.304084,11.4913,228.158,-0.306093,        29P   1851
11.4913,228.169,-0.315702,11.4913,228.179,-0.324623,11.4913,          29P   1852
228.189,-0.333639,11.4913,228.191,-0.334987,11.4913,228.193,          29P   1853
-0.336525,11.4913,228.196,-0.339249,11.4913,228.199,-0.341971,        29P   1854
11.4913,228.208,-0.349696,11.4913,228.216,-0.355932,11.4913,          29P   1855
228.223,-0.361995,11.4913,228.224,-0.362878,11.4913,228.225,          29P   1856
-0.36386,11.4913,228.227,-0.365034,11.4913,228.229,-0.366913,         29P   1857
11.4913,228.232,-0.369189,11.4913,228.235,-0.371251,11.4913,          29P   1858
228.24,-0.375587,11.4913,228.245,-0.379209,11.4913,228.249,           29P   1859
-0.382987,11.4913,228.251,-0.384274,11.4913,228.253,-0.385822,        29P   1860
11.4913,228.255,-0.38774,11.4913,228.258,-0.390074,11.4913,           29P   1861
228.261,-0.392194,11.4913,228.263,-0.394144,11.4913,228.265,          29P   1862
-0.395219,11.4913,228.266,-0.396072,11.4913,228.266,-0.39636,         29P   1863
11.4913,228.267,-0.397178,11.4913,228.268,-0.39754,11.4913,           29P   1864
228.269,-0.398192,11.4913,228.27,-0.398478,11.4913,228.272,           29P   1865
-0.399039,11.4913,228.273,-0.39924,11.4913,228.275,-0.399345,         29P   1866
11.4913,228.276,-0.399285,11.4913,228.278,-0.399013,11.4913,          29P   1867
228.278,-0.398851,11.4913,228.28,-0.398454,11.4913,228.281,           29P   1868
-0.397864,11.4913,228.282,-0.397078,11.4913,228.283,-0.396788,        29P   1869
11.4913,228.284,-0.395953,11.4913,228.285,-0.395091,11.4913,          29P   1870
228.286,-0.393613,11.4913,228.287,-0.391723,11.4913,228.288,          29P   1871
-0.389937,11.4913,228.289,-0.387649,11.4913,228.289,-0.384688,        29P   1872
11.4913,228.288,-0.381166,11.4913,228.287,-0.378468,11.4913,          29P   1873
228.285,-0.376595,11.4913,228.285,-0.375663,11.4913,228.284,          29P   1874
-0.374819,11.4913,228.284,-0.374739,11.4913,228.283,-0.374077,        29P   1875
11.4913,228.282,-0.373191,11.4913,228.281,-0.372283,11.4913,          29P   1876
228.28,-0.371553,11.4913,228.28,-0.370834,11.4913,228.278,            29P   1877
-0.369607,11.4913,228.278,-0.368788,11.4913,228.276,-0.367263,        29P   1878
11.4913,228.275,-0.365816,11.4913,228.273,-0.36437,11.4913,           29P   1879
228.272,-0.362982,11.4913,228.271,-0.3619,11.4913,228.269,            29P   1880
-0.36056,11.4913,228.269,-0.359867,11.4913,228.268,-0.358856,         29P   1881
11.4913,228.267,-0.358112,11.4913,228.264,-0.355623,11.4913,          29P   1882
228.261,-0.352603,11.4913,228.257,-0.348269,11.4913,228.254,          29P   1883
-0.344932,11.4913,228.251,-0.341601,11.4913,228.248,-0.339168,        29P   1884
11.4913,228.245,-0.336445,11.4913,228.243,-0.3343,11.4913,            29P   1885
228.241,-0.33159,11.4913,228.238,-0.328698,11.4913,228.234,           29P   1886
-0.325217,11.4913,228.231,-0.321989,11.4913,228.225,-0.315926,        29P   1887
11.4913,228.22,-0.31073,11.4913,228.215,-0.305222,11.4913,            29P   1888
228.213,-0.303123,11.4913,228.21,-0.300514,11.4913,228.207,           29P   1889
-0.297735,11.4913,228.204,-0.29437,11.4913,228.201,-0.291231,         29P   1890
11.4913,228.193,-0.282311,11.4913,228.185,-0.27421,11.4913,           29P   1891
228.177,-0.265773,11.4913,228.175,-0.263748,11.4913,228.173,          29P   1892
-0.261217,11.4913,228.17,-0.258528,11.4913,228.167,-0.255293,         29P   1893
11.4913,228.164,-0.252295,11.4913,228.153,-0.240386,11.4913,          29P   1894
228.143,-0.229198,11.4913,228.132,-0.217692,11.4913,228.13,           29P   1895
-0.215744,11.4913,228.128,-0.213327,11.4913,228.126,-0.210765,        29P   1896
11.4913,228.123,-0.207697,11.4913,228.12,-0.204867,11.4913,           29P   1897
228.109,-0.192527,11.4913,228.099,-0.180883,11.4913,228.088,          29P   1898
-0.168924,11.4913,228.086,-0.167065,11.4913,228.084,-0.164782,        29P   1899
11.4913,228.082,-0.162392,11.4913,228.08,-0.159542,11.4913,           29P   1900
228.077,-0.156886,11.4913,228.066,-0.144108,11.4913,228.055,          29P   1901
-0.131994,11.4913,228.045,-0.11957,11.4913,228.043,-0.11784,          29P   1902
11.4913,228.041,-0.115698,11.4913,228.039,-0.113457,11.4913,          29P   1903
228.037,-0.11024,11.4913,228.024,-0.0960952,11.4913,228.013,          29P   1904
-0.082486,11.4913,228.002,-0.0695693,11.4913,228.001,-0.0679364,      29P   1905
11.4913,227.999,-0.065964,11.4913,227.997,-0.0638756,11.4913,         29P   1906
227.995,-0.0614209,11.4913,227.993,-0.0591508,11.4913,227.982,        29P   1907
-0.0454934,11.4913,227.971,-0.0323618,11.4913,227.96,-0.0189653,      29P   1908
11.4913,227.959,-0.0174679,11.4913,227.957,-0.0156281,11.4913,        29P   1909
227.956,-0.0137206,11.4913,227.954,-0.0114649,11.4913,227.952,        29P   1910
-0.00941858,11.4913,227.941,0.00480238,11.4913,227.93,0.018413,       29P   1911
11.4913,227.918,0.0323093,11.4913,227.917,0.0337962,11.4913,          29P   1912
227.916,0.0352112,11.4913,227.915,0.0369456,11.4913,227.913,          29P   1913
0.0389452,11.4913,227.912,0.0407822,11.4913,227.9,0.0552278,          29P   1914
11.4913,227.889,0.0693934,11.4913,227.878,0.0837536,11.4913,          29P   1915
227.877,0.0850931,11.4913,227.876,0.0865671,11.4913,227.874,          29P   1916
0.0880997,11.4913,227.873,0.0898751,11.4913,227.872,0.0915042,        29P   1917
11.4913,227.86,0.10655,11.4913,227.849,0.121108,11.4913,227.837,      29P   1918
0.135831,11.4913,227.836,0.136987,11.4913,227.835,0.138066,           29P   1919
11.4913,227.834,0.139383,11.4913,227.833,0.140932,11.4913,            29P   1920
227.832,0.142346,11.4913,227.82,0.157614,11.4913,227.808,             29P   1921
0.172563,11.4913,227.797,0.187713,11.4913,227.796,0.188739,           29P   1922
11.4913,227.795,0.189754,11.4913,227.794,0.190869,11.4913,            29P   1923
227.793,0.192441,11.4913,227.781,0.208959,11.4913,227.768,            29P   1924
0.225499,11.4913,227.756,0.241583,11.4913,227.755,0.242752,           29P   1925
11.4913,227.754,0.243922,11.4913,227.741,0.260539,11.4913,            29P   1926
227.729,0.277011,11.4913,227.716,0.293432,11.4913,227.716,            29P   1927
0.294364,11.4913,227.715,0.29553,11.4913,227.702,0.312575,            29P   1928
11.4913,227.689,0.329601,11.4913,227.677,0.346538,11.4913,            29P   1929
227.676,0.347472,11.4913,227.665,0.361923,11.4913,227.655,            29P   1930
0.376263,11.4913,227.644,0.390636,11.4913,227.636,0.402385,           29P   1931
11.4913,227.627,0.414159,11.4913,227.612,0.434314,11.4913,            29P   1932
227.602,0.449194,11.4913,227.591,0.463731,11.4913,227.587,            29P   1933
0.469656,11.4913,227.59,0.483106,11.6457,227.59,0.483971,             29P   1934
11.6457,227.588,0.484989,11.6457,227.587,0.485541,11.6457,            29P   1935
227.586,0.485633,11.6457,227.584,0.485552,11.6457,227.583,            29P   1936
0.485042,11.6457,227.581,0.483873,11.6457,227.581,0.482732,           29P   1937
11.6457,227.58,0.481844,11.6457,227.58,0.481031,11.6457,227.58,       29P   1938
0.480112,11.6457,227.58,0.479544,11.6457,227.58,0.478437,             29P   1939
11.6457,227.58,0.47792,11.6457,227.581,0.476919,11.6457,227.581,      29P   1940
0.47638,11.6457,227.582,0.47539,11.6457,227.582,0.474656,             29P   1941
11.6457,227.582,0.473935,11.6457,227.583,0.473293,11.6457,            29P   1942
227.583,0.472966,11.6457,227.583,0.472258,11.6457,227.583,            29P   1943
0.471879,11.6457,227.584,0.471175,11.6457,227.584,0.470851,           29P   1944
11.6457,227.584,0.469923,11.6457,227.585,0.46932,11.6457,             29P   1945
227.586,0.465934,11.6457,227.588,0.462708,11.6457,227.59,             29P   1946
0.459019,11.6457,227.591,0.457687,11.6457,227.592,0.45593,            29P   1947
11.6457,227.592,0.454293,11.6457,227.593,0.452726,11.6457,            29P   1948
227.594,0.451688,11.6457,227.594,0.450328,11.6457,227.598,            29P   1949
0.443742,11.6457,227.601,0.437001,11.6457,227.604,0.430516,           29P   1950
11.6457,227.605,0.429164,11.6457,227.606,0.427896,11.6457,            29P   1951
227.607,0.426165,11.6457,227.607,0.42453,11.6457,227.608,             29P   1952
0.422925,11.6457,227.609,0.421833,11.6457,227.61,0.420405,            29P   1953
11.6457,227.615,0.410054,11.6457,227.62,0.399701,11.6457,             29P   1954
227.626,0.389635,11.6457,227.627,0.388407,11.6457,227.627,            29P   1955
0.386763,11.6457,227.628,0.38516,11.6457,227.629,0.383572,            29P   1956
11.6457,227.63,0.382434,11.6457,227.631,0.380925,11.6457,             29P   1957
227.638,0.367773,11.6457,227.645,0.354635,11.6457,227.652,            29P   1958
0.341937,11.6457,227.653,0.340743,11.6457,227.653,0.339607,           29P   1959
11.6457,227.654,0.337987,11.6457,227.655,0.336433,11.6457,            29P   1960
227.656,0.33482,11.6457,227.657,0.33364,11.6457,227.658,              29P   1961
0.332039,11.6457,227.667,0.315686,11.6457,227.676,0.299514,           29P   1962
11.6457,227.686,0.283838,11.6457,227.686,0.282797,11.6457,            29P   1963
227.687,0.281707,11.6457,227.688,0.280178,11.6457,227.689,            29P   1964
0.278646,11.6457,227.69,0.277041,11.6457,227.69,0.275758,             29P   1965
11.6457,227.691,0.274039,11.6457,227.701,0.257832,11.6457,            29P   1966
227.711,0.241879,11.6457,227.72,0.226511,11.6457,227.721,             29P   1967
0.225537,11.6457,227.721,0.224524,11.6457,227.722,0.22306,            29P   1968
11.6457,227.723,0.221589,11.6457,227.724,0.219978,11.6457,            29P   1969
227.725,0.218634,11.6457,227.726,0.217059,11.6457,227.727,            29P   1970
0.215672,11.6457,227.737,0.1999,11.6457,227.747,0.184502,             29P   1971
11.6457,227.757,0.169104,11.6457,227.757,0.16815,11.6457,             29P   1972
227.758,0.166748,11.6457,227.759,0.165294,11.6457,227.76,             29P   1973
0.163651,11.6457,227.761,0.162259,11.6457,227.762,0.160653,           29P   1974
11.6457,227.763,0.159177,11.6457,227.773,0.144077,11.6457,            29P   1975
227.783,0.128973,11.6457,227.793,0.113693,11.6457,227.794,            29P   1976
0.112074,11.6457,227.796,0.110314,11.6457,227.797,0.1082,             29P   1977
11.6457,227.798,0.106718,11.6457,227.799,0.105014,11.6457,227.8,      29P   1978
0.103449,11.6457,227.81,0.088849,11.6457,227.821,0.074125,            29P   1979
11.6457,227.832,0.0592199,11.6457,227.833,0.0575048,11.6457,          29P   1980
227.834,0.0552351,11.6457,227.836,0.0525062,11.6457,227.838,          29P   1981
0.0502973,11.6457,227.839,0.0486756,11.6457,227.85,0.0342644,         29P   1982
11.6457,227.86,0.0198205,11.6457,227.871,0.00526034,11.6457,          29P   1983
227.872,0.00367967,11.6457,227.873,0.00196448,11.6457,227.875,        29P   1984
-0.000140797,11.6457,227.876,-0.00173394,11.6457,227.878,             29P   1985
-0.00358627,11.6457,227.879,-0.00530196,11.6457,227.89,               29P   1986
-0.0194877,11.6457,227.9,-0.0335595,11.6457,227.912,-0.0476518,       29P   1987
11.6457,227.913,-0.0491315,11.6457,227.914,-0.0507722,11.6457,        29P   1988
227.916,-0.0528481,11.6457,227.917,-0.054493,11.6457,227.919,         29P   1989
-0.0564453,11.6457,227.92,-0.0582129,11.6457,227.931,-0.072268,       29P   1990
11.6457,227.943,-0.0863512,11.6457,227.955,-0.100579,11.6457,         29P   1991
227.957,-0.102194,11.6457,227.958,-0.104245,11.6457,227.96,           29P   1992
-0.105922,11.6457,227.961,-0.107919,11.6457,227.963,-0.109768,        29P   1993
11.6457,227.975,-0.123423,11.6457,227.987,-0.137021,11.6457,          29P   1994
227.999,-0.150707,11.6457,228.,-0.152276,11.6457,228.002,             29P   1995
-0.154311,11.6457,228.004,-0.156049,11.6457,228.006,-0.158097,        29P   1996
11.6457,228.007,-0.159994,11.6457,228.02,-0.173529,11.6457,           29P   1997
228.032,-0.186614,11.6457,228.045,-0.199766,11.6457,228.046,          29P   1998
-0.201294,11.6457,228.048,-0.202977,11.6457,228.049,-0.204761,        29P   1999
11.6457,228.052,-0.206894,11.6457,228.053,-0.20884,11.6457,           29P   2000
228.066,-0.221563,11.6457,228.078,-0.234124,11.6457,228.091,          29P   2001
-0.246728,11.6457,228.093,-0.248196,11.6457,228.095,-0.250212,        29P   2002
11.6457,228.097,-0.25205,11.6457,228.099,-0.254241,11.6457,           29P   2003
228.101,-0.25624,11.6457,228.114,-0.268547,11.6457,228.126,           29P   2004
-0.280549,11.6457,228.139,-0.292596,11.6457,228.141,-0.294034,        29P   2005
11.6457,228.143,-0.295993,11.6457,228.145,-0.297852,11.6457,          29P   2006
228.148,-0.30007,11.6457,228.15,-0.302109,11.6457,228.16,             29P   2007
-0.311437,11.6457,228.17,-0.320455,11.6457,228.181,-0.329515,         29P   2008
11.6457,228.182,-0.330888,11.6457,228.184,-0.332834,11.6457,          29P   2009
228.188,-0.335563,11.6457,228.191,-0.338289,11.6457,228.199,          29P   2010
-0.34559,11.6457,228.207,-0.351827,11.6457,228.214,-0.357974,         29P   2011
11.6457,228.215,-0.358878,11.6457,228.217,-0.359975,11.6457,          29P   2012
228.218,-0.361509,11.6457,228.221,-0.363423,11.6457,228.223,          29P   2013
-0.365744,11.6457,228.226,-0.367849,11.6457,228.231,-0.371893,        29P   2014
11.6457,228.235,-0.375564,11.6457,228.24,-0.379395,11.6457,           29P   2015
228.242,-0.38071,11.6457,228.244,-0.382661,11.6457,228.246,           29P   2016
-0.384593,11.6457,228.249,-0.386937,11.6457,228.252,-0.389062,        29P   2017
11.6457,228.254,-0.390672,11.6457,228.255,-0.391469,11.6457,          29P   2018
228.256,-0.392188,11.6457,228.256,-0.392464,11.6457,228.257,          29P   2019
-0.393346,11.6457,228.258,-0.394023,11.6457,228.26,-0.394835,         29P   2020
11.6457,228.261,-0.395075,11.6457,228.263,-0.395479,11.6457,          29P   2021
228.264,-0.395597,11.6457,228.265,-0.395594,11.6457,228.267,          29P   2022
-0.39555,11.6457,228.268,-0.39526,11.6457,228.27,-0.394724,           29P   2023
11.6457,228.271,-0.394201,11.6457,228.272,-0.393476,11.6457,          29P   2024
228.274,-0.392169,11.6457,228.275,-0.391374,11.6457,228.275,          29P   2025
-0.390295,11.6457,228.276,-0.389593,11.6457,228.277,-0.388344,        29P   2026
11.6457,228.278,-0.386483,11.6457,228.278,-0.383938,11.6457,          29P   2027
228.278,-0.381528,11.6457,228.278,-0.37868,11.6457,228.277,           29P   2028
-0.3762,11.6457,228.276,-0.374724,11.6457,228.275,-0.373789,          29P   2029
11.6457,228.275,-0.373386,11.6457,228.274,-0.37244,11.6457,           29P   2030
228.273,-0.371354,11.6457,228.271,-0.369689,11.6457,228.27,           29P   2031
-0.368812,11.6457,228.269,-0.367938,11.6457,228.268,-0.367231,        29P   2032
11.6457,228.268,-0.366523,11.6457,228.266,-0.365303,11.6457,          29P   2033
228.265,-0.364494,11.6457,228.264,-0.363005,11.6457,228.262,          29P   2034
-0.361599,11.6457,228.261,-0.360194,11.6457,228.259,-0.358708,        29P   2035
11.6457,228.258,-0.357651,11.6457,228.257,-0.356342,11.6457,          29P   2036
228.256,-0.355792,11.6457,228.255,-0.354803,11.6457,228.255,          29P   2037
-0.354064,11.6457,228.252,-0.351647,11.6457,228.249,-0.348735,        29P   2038
11.6457,228.245,-0.34455,11.6457,228.241,-0.341315,11.6457,           29P   2039
228.238,-0.337951,11.6457,228.235,-0.335583,11.6457,228.232,          29P   2040
-0.332927,11.6457,228.23,-0.33096,11.6457,228.228,-0.328304,          29P   2041
11.6457,228.225,-0.325465,11.6457,228.221,-0.322039,11.6457,          29P   2042
228.218,-0.318856,11.6457,228.212,-0.312735,11.6457,228.207,          29P   2043
-0.307585,11.6457,228.201,-0.302119,11.6457,228.199,-0.300169,        29P   2044
11.6457,228.197,-0.297578,11.6457,228.194,-0.294819,11.6457,          29P   2045
228.191,-0.291476,11.6457,228.188,-0.288358,11.6457,228.179,          29P   2046
-0.279375,11.6457,228.171,-0.271324,11.6457,228.163,-0.262947,        29P   2047
11.6457,228.162,-0.261056,11.6457,228.159,-0.258542,11.6457,          29P   2048
228.157,-0.255873,11.6457,228.154,-0.252665,11.6457,228.151,          29P   2049
-0.24969,11.6457,228.139,-0.23777,11.6457,228.129,-0.226679,          29P   2050
11.6457,228.118,-0.215243,11.6457,228.117,-0.213418,11.6457,          29P   2051
228.114,-0.21101,11.6457,228.112,-0.208461,11.6457,228.109,           29P   2052
-0.205407,11.6457,228.107,-0.20259,11.6457,228.095,-0.19021,          29P   2053
11.6457,228.085,-0.178588,11.6457,228.074,-0.166619,11.6457,          29P   2054
228.073,-0.164848,11.6457,228.071,-0.162556,11.6457,228.069,          29P   2055
-0.160163,11.6457,228.066,-0.157306,11.6457,228.064,-0.154644,        29P   2056
11.6457,228.052,-0.141716,11.6457,228.042,-0.129538,11.6457,          29P   2057
228.031,-0.117024,11.6457,228.03,-0.115393,11.6457,228.028,           29P   2058
-0.113232,11.6457,228.026,-0.110973,11.6457,228.023,-0.107731,        29P   2059
11.6457,228.011,-0.0933902,11.6457,228.,-0.0796567,11.6457,           29P   2060
227.989,-0.0666205,11.6457,227.988,-0.0650552,11.6457,227.986,        29P   2061
-0.0630627,11.6457,227.985,-0.0609548,11.6457,227.983,                29P   2062
-0.0584772,11.6457,227.981,-0.0561855,11.6457,227.969,                29P   2063
-0.0423105,11.6457,227.959,-0.0290393,11.6457,227.948,                29P   2064
-0.0154533,11.6457,227.947,-0.014022,11.6457,227.945,-0.012154,       29P   2065
11.6457,227.944,-0.0102181,11.6457,227.942,-0.00792816,11.6457,       29P   2066
227.941,-0.0058501,11.6457,227.93,0.00791656,11.6457,227.919,         29P   2067
0.0217449,11.6457,227.908,0.0358519,11.6457,227.907,0.037366,         29P   2068
11.6457,227.906,0.0394998,11.6457,227.904,0.04126,11.6457,            29P   2069
227.903,0.0432888,11.6457,227.901,0.0451524,11.6457,227.89,           29P   2070
0.0598015,11.6457,227.879,0.0741516,11.6457,227.868,0.0887314,        29P   2071
11.6457,227.867,0.0900951,11.6457,227.866,0.0915913,11.6457,          29P   2072
227.865,0.093148,11.6457,227.864,0.0949517,11.6457,227.862,           29P   2073
0.0966072,11.6457,227.851,0.111327,11.6457,227.84,0.126141,           29P   2074
11.6457,227.829,0.141151,11.6457,227.828,0.142344,11.6457,            29P   2075
227.827,0.144018,11.6457,227.826,0.14536,11.6457,227.825,             29P   2076
0.14694,11.6457,227.824,0.148382,11.6457,227.813,0.163703,            29P   2077
11.6457,227.802,0.17896,11.6457,227.79,0.194409,11.6457,227.79,       29P   2078
0.195461,11.6457,227.789,0.196749,11.6457,227.788,0.197886,           29P   2079
11.6457,227.787,0.199489,11.6457,227.775,0.215978,11.6457,            29P   2080
227.763,0.232827,11.6457,227.751,0.249287,11.6457,227.75,             29P   2081
0.250754,11.6457,227.749,0.252039,11.6457,227.737,0.268891,           29P   2082
11.6457,227.725,0.285818,11.6457,227.713,0.302594,11.6457,            29P   2083
227.713,0.303754,11.6457,227.712,0.304944,11.6457,227.7,              29P   2084
0.322073,11.6457,227.688,0.339367,11.6457,227.676,0.356674,           29P   2085
11.6457,227.675,0.357796,11.6457,227.665,0.372455,11.6457,            29P   2086
227.655,0.387192,11.6457,227.645,0.401988,11.6457,227.636,            29P   2087
0.414162,11.6457,227.628,0.426346,11.6457,227.614,0.44693,            29P   2088
11.6457,227.604,0.462153,11.6457,227.594,0.477002,11.6457,            29P   2089
227.59,0.483106,11.6457,227.591,0.492926,11.7557,227.591,             29P   2090
0.493609,11.7557,227.59,0.494649,11.7557,227.588,0.495388,            29P   2091
11.7557,227.587,0.495555,11.7557,227.585,0.494891,11.7557,            29P   2092
227.583,0.493475,11.7557,227.582,0.492443,11.7557,227.582,            29P   2093
0.491526,11.7557,227.582,0.490848,11.7557,227.582,0.490315,           29P   2094
11.7557,227.582,0.489396,11.7557,227.582,0.488796,11.7557,            29P   2095
227.583,0.487819,11.7557,227.583,0.487353,11.7557,227.583,            29P   2096
0.486341,11.7557,227.584,0.485807,11.7557,227.584,0.484815,           29P   2097
11.7557,227.584,0.484031,11.7557,227.585,0.483245,11.7557,            29P   2098
227.585,0.482594,11.7557,227.585,0.482263,11.7557,227.586,            29P   2099
0.481547,11.7557,227.586,0.481164,11.7557,227.586,0.480451,           29P   2100
11.7557,227.586,0.480123,11.7557,227.587,0.479184,11.7557,            29P   2101
227.587,0.478574,11.7557,227.589,0.475149,11.7557,227.59,             29P   2102
0.471891,11.7557,227.592,0.468172,11.7557,227.593,0.46683,            29P   2103
11.7557,227.594,0.46506,11.7557,227.594,0.463413,11.7557,             29P   2104
227.595,0.461838,11.7557,227.596,0.460795,11.7557,227.596,            29P   2105
0.459428,11.7557,227.6,0.452814,11.7557,227.603,0.446063,             29P   2106
11.7557,227.606,0.439564,11.7557,227.607,0.438209,11.7557,            29P   2107
227.608,0.436938,11.7557,227.609,0.435203,11.7557,227.609,            29P   2108
0.433562,11.7557,227.61,0.431952,11.7557,227.611,0.430857,            29P   2109
11.7557,227.612,0.429424,11.7557,227.617,0.419035,11.7557,            29P   2110
227.622,0.408625,11.7557,227.628,0.398497,11.7557,227.628,            29P   2111
0.397262,11.7557,227.629,0.395607,11.7557,227.63,0.393994,            29P   2112
11.7557,227.631,0.392396,11.7557,227.631,0.39125,11.7557,             29P   2113
227.632,0.389731,11.7557,227.639,0.376494,11.7557,227.646,            29P   2114
0.363264,11.7557,227.653,0.35047,11.7557,227.654,0.349267,            29P   2115
11.7557,227.655,0.348122,11.7557,227.655,0.34649,11.7557,             29P   2116
227.656,0.344924,11.7557,227.657,0.343299,11.7557,227.658,            29P   2117
0.342109,11.7557,227.659,0.340496,11.7557,227.668,0.324014,           29P   2118
11.7557,227.677,0.307707,11.7557,227.686,0.291907,11.7557,            29P   2119
227.687,0.290859,11.7557,227.687,0.28976,11.7557,227.688,             29P   2120
0.288219,11.7557,227.689,0.286676,11.7557,227.69,0.285058,            29P   2121
11.7557,227.691,0.283766,11.7557,227.692,0.282033,11.7557,            29P   2122
227.701,0.265706,11.7557,227.711,0.249645,11.7557,227.72,             29P   2123
0.234183,11.7557,227.721,0.233203,11.7557,227.721,0.232184,           29P   2124
11.7557,227.722,0.230711,11.7557,227.723,0.229232,11.7557,            29P   2125
227.724,0.227611,11.7557,227.725,0.226259,11.7557,227.726,            29P   2126
0.224674,11.7557,227.727,0.223279,11.7557,227.736,0.20743,            29P   2127
11.7557,227.746,0.191944,11.7557,227.756,0.176442,11.7557,            29P   2128
227.757,0.175467,11.7557,227.758,0.174056,11.7557,227.758,            29P   2129
0.172591,11.7557,227.76,0.170937,11.7557,227.76,0.169535,             29P   2130
11.7557,227.761,0.167918,11.7557,227.762,0.166432,11.7557,            29P   2131
227.773,0.150694,11.7557,227.782,0.13544,11.7557,227.793,             29P   2132
0.120025,11.7557,227.794,0.11838,11.7557,227.795,0.116604,            29P   2133
11.7557,227.796,0.115035,11.7557,227.797,0.113539,11.7557,            29P   2134
227.798,0.11182,11.7557,227.799,0.11024,11.7557,227.81,0.094801,      29P   2135
11.7557,227.82,0.0798902,11.7557,227.83,0.0648293,11.7557,            29P   2136
227.832,0.0630964,11.7557,227.833,0.0609753,11.7557,227.835,          29P   2137
0.058776,11.7557,227.836,0.0565436,11.7557,227.837,0.0549046,         29P   2138
11.7557,227.848,0.0396642,11.7557,227.858,0.025038,11.7557,           29P   2139
227.869,0.0103356,11.7557,227.87,0.00873966,11.7557,227.871,          29P   2140
0.00716698,11.7557,227.872,0.00558094,11.7557,227.874,                29P   2141
0.00397201,11.7557,227.875,0.0021014,11.7557,227.876,                 29P   2142
0.000368863,11.7557,227.887,-0.0145715,11.7557,227.898,               29P   2143
-0.0287976,11.7557,227.909,-0.0430091,11.7557,227.91,-0.0445011,      29P   2144
11.7557,227.911,-0.0460175,11.7557,227.913,-0.0476188,11.7557,        29P   2145
227.914,-0.0492782,11.7557,227.916,-0.0512476,11.7557,227.917,        29P   2146
-0.0530306,11.7557,227.929,-0.0677913,11.7557,227.94,-0.0820026,      29P   2147
11.7557,227.952,-0.0963437,11.7557,227.953,-0.0978594,11.7557,        29P   2148
227.955,-0.0994539,11.7557,227.956,-0.101145,11.7557,227.958,         29P   2149
-0.103159,11.7557,227.959,-0.105023,11.7557,227.972,-0.119343,        29P   2150
11.7557,227.983,-0.133063,11.7557,227.996,-0.146862,11.7557,          29P   2151
227.997,-0.148331,11.7557,227.998,-0.149945,11.7557,228.,             29P   2152
-0.151698,11.7557,228.002,-0.153765,11.7557,228.003,-0.155678,        29P   2153
11.7557,228.016,-0.169429,11.7557,228.028,-0.182627,11.7557,          29P   2154
228.04,-0.195872,11.7557,228.042,-0.197316,11.7557,228.043,           29P   2155
-0.199011,11.7557,228.045,-0.200807,11.7557,228.047,-0.202954,        29P   2156
11.7557,228.049,-0.204913,11.7557,228.062,-0.218241,11.7557,          29P   2157
228.074,-0.230874,11.7557,228.087,-0.243545,11.7557,228.088,          29P   2158
-0.244915,11.7557,228.09,-0.246526,11.7557,228.092,-0.248375,         29P   2159
11.7557,228.094,-0.250579,11.7557,228.096,-0.252591,11.7557,          29P   2160
228.109,-0.26538,11.7557,228.122,-0.277448,11.7557,228.135,           29P   2161
-0.289521,11.7557,228.137,-0.290882,11.7557,228.138,-0.292526,        29P   2162
11.7557,228.14,-0.294389,11.7557,228.143,-0.296612,11.7557,           29P   2163
228.145,-0.298654,11.7557,228.156,-0.308367,11.7557,228.166,          29P   2164
-0.317423,11.7557,228.176,-0.326572,11.7557,228.178,-0.327903,        29P   2165
11.7557,228.18,-0.329553,11.7557,228.183,-0.332316,11.7557,           29P   2166
228.186,-0.335078,11.7557,228.195,-0.342848,11.7557,228.202,          29P   2167
-0.349173,11.7557,228.209,-0.355336,11.7557,228.211,-0.35622,         29P   2168
11.7557,228.212,-0.357226,11.7557,228.213,-0.3585,11.7557,            29P   2169
228.216,-0.360411,11.7557,228.218,-0.362726,11.7557,228.221,          29P   2170
-0.364824,11.7557,228.226,-0.369173,11.7557,228.231,-0.372844,        29P   2171
11.7557,228.235,-0.376666,11.7557,228.237,-0.37794,11.7557,           29P   2172
228.239,-0.379592,11.7557,228.241,-0.381524,11.7557,228.244,          29P   2173
-0.383871,11.7557,228.247,-0.386001,11.7557,228.249,-0.387899,        29P   2174
11.7557,228.251,-0.388933,11.7557,228.252,-0.389757,11.7557,          29P   2175
228.252,-0.390002,11.7557,228.253,-0.390696,11.7557,228.254,          29P   2176
-0.391064,11.7557,228.255,-0.391638,11.7557,228.256,-0.391851,        29P   2177
11.7557,228.258,-0.392244,11.7557,228.259,-0.392321,11.7557,          29P   2178
228.261,-0.392158,11.7557,228.262,-0.391943,11.7557,228.264,          29P   2179
-0.391551,11.7557,228.265,-0.391179,11.7557,228.266,-0.390594,        29P   2180
11.7557,228.267,-0.389809,11.7557,228.268,-0.388765,11.7557,          29P   2181
228.269,-0.388362,11.7557,228.27,-0.387339,11.7557,228.27,            29P   2182
-0.38634,11.7557,228.271,-0.384681,11.7557,228.272,-0.38258,          29P   2183
11.7557,228.272,-0.380549,11.7557,228.272,-0.378159,11.7557,          29P   2184
228.272,-0.375291,11.7557,228.27,-0.372083,11.7557,228.268,           29P   2185
-0.370148,11.7557,228.267,-0.368992,11.7557,228.267,-0.368487,        29P   2186
11.7557,228.266,-0.367708,11.7557,228.265,-0.367189,11.7557,          29P   2187
228.264,-0.366104,11.7557,228.263,-0.365247,11.7557,228.262,          29P   2188
-0.364387,11.7557,228.261,-0.363692,11.7557,228.261,-0.362997,        29P   2189
11.7557,228.259,-0.361803,11.7557,228.258,-0.361008,11.7557,          29P   2190
228.257,-0.35954,11.7557,228.255,-0.358151,11.7557,228.254,           29P   2191
-0.356759,11.7557,228.253,-0.355668,11.7557,228.252,-0.354622,        29P   2192
11.7557,228.25,-0.353319,11.7557,228.249,-0.352389,11.7557,           29P   2193
228.248,-0.3514,11.7557,228.247,-0.350665,11.7557,228.245,            29P   2194
-0.348245,11.7557,228.242,-0.345318,11.7557,228.237,-0.341105,        29P   2195
11.7557,228.234,-0.33785,11.7557,228.231,-0.334859,11.7557,           29P   2196
228.229,-0.332485,11.7557,228.226,-0.329832,11.7557,228.223,          29P   2197
-0.327486,11.7557,228.221,-0.324848,11.7557,228.218,-0.322034,        29P   2198
11.7557,228.214,-0.318645,11.7557,228.211,-0.315503,11.7557,          29P   2199
228.205,-0.309855,11.7557,228.2,-0.304786,11.7557,228.194,            29P   2200
-0.299394,11.7557,228.192,-0.297077,11.7557,228.189,-0.294515,        29P   2201
11.7557,228.187,-0.291786,11.7557,228.183,-0.288475,11.7557,          29P   2202
228.18,-0.285384,11.7557,228.172,-0.276824,11.7557,228.164,           29P   2203
-0.26881,11.7557,228.156,-0.260474,11.7557,228.154,-0.258237,         29P   2204
11.7557,228.151,-0.255745,11.7557,228.149,-0.253087,11.7557,          29P   2205
228.146,-0.249892,11.7557,228.143,-0.246929,11.7557,228.132,          29P   2206
-0.235376,11.7557,228.121,-0.224301,11.7557,228.111,-0.212882,        29P   2207
11.7557,228.109,-0.210728,11.7557,228.107,-0.208335,11.7557,          29P   2208
228.104,-0.205788,11.7557,228.101,-0.202736,11.7557,228.099,          29P   2209
-0.19992,11.7557,228.088,-0.187805,11.7557,228.077,-0.176164,         29P   2210
11.7557,228.067,-0.16418,11.7557,228.065,-0.162141,11.7557,           29P   2211
228.063,-0.159859,11.7557,228.061,-0.157462,11.7557,228.058,          29P   2212
-0.154601,11.7557,228.056,-0.151934,11.7557,228.045,-0.139314,        29P   2213
11.7557,228.034,-0.127104,11.7557,228.024,-0.114578,11.7557,          29P   2214
228.022,-0.112613,11.7557,228.02,-0.11046,11.7557,228.018,            29P   2215
-0.108199,11.7557,228.016,-0.104953,11.7557,228.004,-0.0908387,       29P   2216
11.7557,227.992,-0.0770839,11.7557,227.982,-0.0640025,11.7557,        29P   2217
227.98,-0.0621873,11.7557,227.978,-0.0601923,11.7557,227.977,         29P   2218
-0.0580756,11.7557,227.975,-0.0555868,11.7557,227.973,                29P   2219
-0.0532842,11.7557,227.962,-0.0395947,11.7557,227.951,                29P   2220
-0.0262306,11.7557,227.941,-0.0125457,11.7557,227.939,                29P   2221
-0.0108456,11.7557,227.938,-0.00896727,11.7557,227.936,               29P   2222
-0.00701668,11.7557,227.935,-0.00470936,11.7557,227.933,              29P   2223
-0.00261535,11.7557,227.922,0.0117914,11.7557,227.911,0.0257533,      29P   2224
11.7557,227.901,0.0399903,11.7557,227.9,0.0415039,11.7557,            29P   2225
227.899,0.0431171,11.7557,227.897,0.0448936,11.7557,227.896,          29P   2226
0.0469414,11.7557,227.894,0.0488225,11.7557,227.883,0.0636205,        29P   2227
11.7557,227.873,0.0781136,11.7557,227.862,0.0928441,11.7557,          29P   2228
227.861,0.0942117,11.7557,227.86,0.0957258,11.7557,227.859,           29P   2229
0.0972987,11.7557,227.857,0.0991211,11.7557,227.856,0.100794,         29P   2230
11.7557,227.845,0.11614,11.7557,227.834,0.131123,11.7557,             29P   2231
227.823,0.146303,11.7557,227.822,0.147467,11.7557,227.821,            29P   2232
0.148716,11.7557,227.821,0.150074,11.7557,227.819,0.151671,           29P   2233
11.7557,227.818,0.15313,11.7557,227.807,0.168418,11.7557,             29P   2234
227.797,0.183852,11.7557,227.786,0.199496,11.7557,227.785,            29P   2235
0.200547,11.7557,227.784,0.202081,11.7557,227.783,0.203232,           29P   2236
11.7557,227.782,0.204855,11.7557,227.77,0.221363,11.7557,             29P   2237
227.758,0.238439,11.7557,227.747,0.255107,11.7557,227.746,            29P   2238
0.256804,11.7557,227.745,0.258087,11.7557,227.733,0.275124,           29P   2239
11.7557,227.722,0.292255,11.7557,227.71,0.309287,11.7557,             29P   2240
227.709,0.310484,11.7557,227.709,0.311693,11.7557,227.697,            29P   2241
0.329107,11.7557,227.685,0.346719,11.7557,227.674,0.364294,           29P   2242
11.7557,227.673,0.365438,11.7557,227.663,0.380306,11.7557,            29P   2243
227.653,0.395237,11.7557,227.644,0.410277,11.7557,227.636,            29P   2244
0.42265,11.7557,227.628,0.435057,11.7557,227.614,0.455997,            29P   2245
11.7557,227.605,0.471453,11.7557,227.595,0.486677,11.7557,            29P   2246
227.591,0.492926,11.7557,227.593,0.503732,11.8688,227.593,            29P   2247
0.504777,11.8688,227.591,0.505833,11.8688,227.59,0.50596,             29P   2248
11.8688,227.588,0.505773,11.8688,227.587,0.505309,11.8688,            29P   2249
227.586,0.504412,11.8688,227.585,0.503051,11.8688,227.585,            29P   2250
0.50187,11.8688,227.585,0.500976,11.8688,227.585,0.499638,            29P   2251
11.8688,227.586,0.498852,11.8688,227.586,0.498443,11.8688,            29P   2252
227.586,0.497524,11.8688,227.587,0.497042,11.8688,227.587,            29P   2253
0.496023,11.8688,227.587,0.495482,11.8688,227.588,0.494481,           29P   2254
11.8688,227.588,0.493701,11.8688,227.589,0.492922,11.8688,            29P   2255
227.589,0.492267,11.8688,227.589,0.491933,11.8688,227.589,            29P   2256
0.491213,11.8688,227.59,0.490827,11.8688,227.59,0.49011,11.8688,      29P   2257
227.59,0.489778,11.8688,227.591,0.488833,11.8688,227.591,             29P   2258
0.48822,11.8688,227.592,0.484771,11.8688,227.594,0.48149,             29P   2259
11.8688,227.596,0.477747,11.8688,227.596,0.476396,11.8688,            29P   2260
227.597,0.474615,11.8688,227.598,0.472956,11.8688,227.599,            29P   2261
0.471371,11.8688,227.599,0.47032,11.8688,227.6,0.468944,11.8688,      29P   2262
227.603,0.462284,11.8688,227.606,0.45548,11.8688,227.61,              29P   2263
0.448918,11.8688,227.61,0.447549,11.8688,227.611,0.446265,            29P   2264
11.8688,227.612,0.444511,11.8688,227.613,0.442852,11.8688,            29P   2265
227.613,0.441225,11.8688,227.614,0.440117,11.8688,227.615,            29P   2266
0.438667,11.8688,227.62,0.428158,11.8688,227.625,0.417611,            29P   2267
11.8688,227.63,0.407375,11.8688,227.631,0.406126,11.8688,             29P   2268
227.631,0.404455,11.8688,227.632,0.402826,11.8688,227.633,            29P   2269
0.401212,11.8688,227.634,0.400055,11.8688,227.634,0.398522,           29P   2270
11.8688,227.641,0.385161,11.8688,227.648,0.371837,11.8688,            29P   2271
227.655,0.35894,11.8688,227.656,0.357727,11.8688,227.656,             29P   2272
0.356573,11.8688,227.657,0.354927,11.8688,227.658,0.353348,           29P   2273
11.8688,227.659,0.351709,11.8688,227.659,0.35051,11.8688,227.66,      29P   2274
0.348883,11.8688,227.669,0.33226,11.8688,227.678,0.315799,            29P   2275
11.8688,227.687,0.299863,11.8688,227.687,0.298805,11.8688,            29P   2276
227.688,0.297697,11.8688,227.689,0.296142,11.8688,227.69,             29P   2277
0.294586,11.8688,227.691,0.292955,11.8688,227.691,0.291651,           29P   2278
11.8688,227.692,0.289904,11.8688,227.702,0.273438,11.8688,            29P   2279
227.711,0.257238,11.8688,227.72,0.241587,11.8688,227.721,             29P   2280
0.240595,11.8688,227.721,0.239563,11.8688,227.722,0.238072,           29P   2281
11.8688,227.723,0.236573,11.8688,227.724,0.234931,11.8688,            29P   2282
227.725,0.233561,11.8688,227.726,0.231955,11.8688,227.726,            29P   2283
0.23054,11.8688,227.736,0.214424,11.8688,227.745,0.198692,            29P   2284
11.8688,227.755,0.183,11.8688,227.755,0.18206,11.8688,227.756,        29P   2285
0.180632,11.8688,227.757,0.17915,11.8688,227.758,0.177478,            29P   2286
11.8688,227.759,0.17606,11.8688,227.76,0.174425,11.8688,227.761,      29P   2287
0.172922,11.8688,227.771,0.157096,11.8688,227.78,0.141719,            29P   2288
11.8688,227.79,0.126124,11.8688,227.791,0.124501,11.8688,             29P   2289
227.793,0.122703,11.8688,227.794,0.120987,11.8688,227.795,            29P   2290
0.119472,11.8688,227.796,0.117731,11.8688,227.797,0.11613,            29P   2291
11.8688,227.806,0.101168,11.8688,227.816,0.086054,11.8688,            29P   2292
227.827,0.0708081,11.8688,227.828,0.0690541,11.8688,227.83,           29P   2293
0.0663433,11.8688,227.831,0.0639924,11.8688,227.833,0.0617354,        29P   2294
11.8688,227.834,0.0600788,11.8688,227.844,0.0453111,11.8688,          29P   2295
227.854,0.0305713,11.8688,227.865,0.0157085,11.8688,227.866,          29P   2296
0.0140949,11.8688,227.867,0.0119833,11.8688,227.868,0.0102571,        29P   2297
11.8688,227.87,0.00863026,11.8688,227.871,0.00673864,11.8688,         29P   2298
227.872,0.00498642,11.8688,227.883,-0.00956195,11.8688,227.893,       29P   2299
-0.0239574,11.8688,227.904,-0.0383386,11.8688,227.905,                29P   2300
-0.0398483,11.8688,227.907,-0.0418353,11.8688,227.908,                29P   2301
-0.0435666,11.8688,227.909,-0.0452445,11.8688,227.911,                29P   2302
-0.0472356,11.8688,227.912,-0.049038,11.8688,227.923,-0.0634759,      29P   2303
11.8688,227.935,-0.0778242,11.8688,227.946,-0.0922804,11.8688,        29P   2304
227.948,-0.0941741,11.8688,227.949,-0.0958879,11.8688,227.951,        29P   2305
-0.0975913,11.8688,227.952,-0.0996188,11.8688,227.954,-0.101495,      29P   2306
11.8688,227.966,-0.115434,11.8688,227.977,-0.12922,11.8688,           29P   2307
227.99,-0.143057,11.8688,227.991,-0.144898,11.8688,227.993,           29P   2308
-0.146614,11.8688,227.994,-0.14837,11.8688,227.996,-0.150439,         29P   2309
11.8688,227.998,-0.152355,11.8688,228.01,-0.165803,11.8688,           29P   2310
228.022,-0.178989,11.8688,228.035,-0.192192,11.8688,228.036,          29P   2311
-0.193939,11.8688,228.038,-0.195627,11.8688,228.04,-0.197416,         29P   2312
11.8688,228.042,-0.199554,11.8688,228.044,-0.201504,11.8688,          29P   2313
228.056,-0.214316,11.8688,228.069,-0.226856,11.8688,228.082,          29P   2314
-0.239379,11.8688,228.084,-0.241077,11.8688,228.085,-0.24276,         29P   2315
11.8688,228.087,-0.244584,11.8688,228.089,-0.246757,11.8688,          29P   2316
228.092,-0.24874,11.8688,228.104,-0.260995,11.8688,228.117,           29P   2317
-0.272856,11.8688,228.131,-0.284681,11.8688,228.133,-0.286273,        29P   2318
11.8688,228.134,-0.287937,11.8688,228.137,-0.289759,11.8688,          29P   2319
228.139,-0.291932,11.8688,228.141,-0.293927,11.8688,228.152,          29P   2320
-0.303149,11.8688,228.162,-0.311923,11.8688,228.173,-0.320698,        29P   2321
11.8688,228.175,-0.322157,11.8688,228.177,-0.323823,11.8688,          29P   2322
228.18,-0.326461,11.8688,228.183,-0.329091,11.8688,228.193,           29P   2323
-0.336265,11.8688,228.2,-0.342257,11.8688,228.208,-0.348117,          29P   2324
11.8688,228.209,-0.349029,11.8688,228.21,-0.350071,11.8688,           29P   2325
228.212,-0.351339,11.8688,228.214,-0.353158,11.8688,228.217,          29P   2326
-0.35536,11.8688,228.22,-0.357353,11.8688,228.225,-0.361291,          29P   2327
11.8688,228.23,-0.364763,11.8688,228.235,-0.368355,11.8688,           29P   2328
228.237,-0.369677,11.8688,228.239,-0.371288,11.8688,228.241,          29P   2329
-0.373097,11.8688,228.244,-0.375286,11.8688,228.247,-0.377266,        29P   2330
11.8688,228.249,-0.378882,11.8688,228.251,-0.379707,11.8688,          29P   2331
228.252,-0.380448,11.8688,228.252,-0.380771,11.8688,228.253,          29P   2332
-0.381535,11.8688,228.254,-0.38196,11.8688,228.256,-0.38262,          29P   2333
11.8688,228.257,-0.382885,11.8688,228.259,-0.383348,11.8688,          29P   2334
228.26,-0.383473,11.8688,228.261,-0.383351,11.8688,228.263,           29P   2335
-0.383146,11.8688,228.264,-0.38272,11.8688,228.265,-0.382261,         29P   2336
11.8688,228.266,-0.3816,11.8688,228.267,-0.380713,11.8688,            29P   2337
228.269,-0.379457,11.8688,228.269,-0.378881,11.8688,228.27,           29P   2338
-0.377741,11.8688,228.271,-0.376753,11.8688,228.271,-0.375112,        29P   2339
11.8688,228.272,-0.372962,11.8688,228.272,-0.370644,11.8688,          29P   2340
228.272,-0.368321,11.8688,228.271,-0.365651,11.8688,228.269,          29P   2341
-0.362802,11.8688,228.267,-0.360932,11.8688,228.265,-0.359944,        29P   2342
11.8688,228.265,-0.359686,11.8688,228.264,-0.359091,11.8688,          29P   2343
228.264,-0.358472,11.8688,228.262,-0.35731,11.8688,228.261,           29P   2344
-0.356489,11.8688,228.26,-0.355665,11.8688,228.26,-0.355001,          29P   2345
11.8688,228.259,-0.354336,11.8688,228.258,-0.353192,11.8688,          29P   2346
228.257,-0.352432,11.8688,228.255,-0.351031,11.8688,228.253,          29P   2347
-0.349706,11.8688,228.252,-0.348381,11.8688,228.25,-0.347127,         29P   2348
11.8688,228.249,-0.346123,11.8688,228.248,-0.344888,11.8688,          29P   2349
228.247,-0.344223,11.8688,228.246,-0.343297,11.8688,228.245,          29P   2350
-0.342601,11.8688,228.242,-0.340316,11.8688,228.239,-0.337556,        29P   2351
11.8688,228.235,-0.333582,11.8688,228.231,-0.330505,11.8688,          29P   2352
228.227,-0.327454,11.8688,228.225,-0.3252,11.8688,228.222,            29P   2353
-0.322663,11.8688,228.22,-0.320627,11.8688,228.217,-0.31808,          29P   2354
11.8688,228.214,-0.31536,11.8688,228.21,-0.312073,11.8688,            29P   2355
228.207,-0.309016,11.8688,228.201,-0.303311,11.8688,228.195,          29P   2356
-0.298356,11.8688,228.19,-0.293097,11.8688,228.187,-0.291041,         29P   2357
11.8688,228.185,-0.288547,11.8688,228.182,-0.28589,11.8688,           29P   2358
228.179,-0.28267,11.8688,228.175,-0.279665,11.8688,228.166,           29P   2359
-0.271156,11.8688,228.158,-0.263394,11.8688,228.15,-0.255248,         29P   2360
11.8688,228.148,-0.25325,11.8688,228.145,-0.250775,11.8688,           29P   2361
228.143,-0.248171,11.8688,228.14,-0.245037,11.8688,228.137,           29P   2362
-0.242127,11.8688,228.125,-0.230655,11.8688,228.115,-0.219762,        29P   2363
11.8688,228.104,-0.208481,11.8688,228.102,-0.206472,11.8688,          29P   2364
228.1,-0.204066,11.8688,228.097,-0.201548,11.8688,228.094,            29P   2365
-0.198532,11.8688,228.092,-0.195748,11.8688,228.08,-0.183673,         29P   2366
11.8688,228.07,-0.172188,11.8688,228.059,-0.160299,11.8688,           29P   2367
228.057,-0.15837,11.8688,228.055,-0.156063,11.8688,228.053,           29P   2368
-0.153683,11.8688,228.051,-0.150841,11.8688,228.048,-0.148191,        29P   2369
11.8688,228.037,-0.135563,11.8688,228.026,-0.123426,11.8688,          29P   2370
228.016,-0.110892,11.8688,228.014,-0.109008,11.8688,228.012,          29P   2371
-0.106817,11.8688,228.01,-0.104552,11.8688,228.008,-0.101299,         29P   2372
11.8688,227.996,-0.0871148,11.8688,227.984,-0.0732977,11.8688,        29P   2373
227.974,-0.0601434,11.8688,227.972,-0.0583454,11.8688,227.971,        29P   2374
-0.0563211,11.8688,227.969,-0.0541926,11.8688,227.967,-0.05169,       29P   2375
11.8688,227.965,-0.0493746,11.8688,227.954,-0.0356136,11.8688,        29P   2376
227.944,-0.022186,11.8688,227.933,-0.00841067,11.8688,227.932,        29P   2377
-0.00669375,11.8688,227.931,-0.00479064,11.8688,227.929,              29P   2378
-0.00282656,11.8688,227.927,-0.000503033,11.8688,227.926,             29P   2379
0.00160597,11.8688,227.915,0.0159528,11.8688,227.905,0.0300236,       29P   2380
11.8688,227.894,0.0443989,11.8688,227.893,0.0459746,11.8688,          29P   2381
227.892,0.0477298,11.8688,227.89,0.0495241,11.8688,227.889,           29P   2382
0.0515928,11.8688,227.888,0.0534934,11.8688,227.877,0.0684124,        29P   2383
11.8688,227.866,0.0830816,11.8688,227.856,0.0979854,11.8688,          29P   2384
227.855,0.0994028,11.8688,227.854,0.100927,11.8688,227.853,           29P   2385
0.102518,11.8688,227.851,0.104362,11.8688,227.85,0.106055,            29P   2386
11.8688,227.839,0.121349,11.8688,227.829,0.136511,11.8688,            29P   2387
227.818,0.151885,11.8688,227.817,0.153202,11.8688,227.816,            29P   2388
0.154568,11.8688,227.815,0.155944,11.8688,227.814,0.157562,           29P   2389
11.8688,227.813,0.15904,11.8688,227.802,0.174983,11.8688,             29P   2390
227.792,0.190637,11.8688,227.781,0.206476,11.8688,227.78,             29P   2391
0.207586,11.8688,227.78,0.208624,11.8688,227.779,0.20979,             29P   2392
11.8688,227.778,0.211432,11.8688,227.766,0.228656,11.8688,            29P   2393
227.754,0.245926,11.8688,227.743,0.262812,11.8688,227.743,            29P   2394
0.264008,11.8688,227.742,0.265312,11.8688,227.73,0.282494,            29P   2395
11.8688,227.719,0.299883,11.8688,227.708,0.317186,11.8688,            29P   2396
227.707,0.318486,11.8688,227.706,0.319715,11.8688,227.695,            29P   2397
0.337329,11.8688,227.684,0.355236,11.8688,227.673,0.373101,           29P   2398
11.8688,227.672,0.374338,11.8688,227.663,0.389414,11.8688,            29P   2399
227.653,0.404585,11.8688,227.644,0.419827,11.8688,227.636,            29P   2400
0.432345,11.8688,227.628,0.4449,11.8688,227.616,0.46619,11.8688,      29P   2401
227.606,0.482072,11.8688,227.597,0.497408,11.8688,227.593,            29P   2402
0.503732,11.8688,227.589,0.511781,11.9414,227.588,0.512727,           29P   2403
11.9414,227.587,0.513822,11.9414,227.585,0.513978,11.9414,            29P   2404
227.584,0.513692,11.9414,227.583,0.513056,11.9414,227.582,            29P   2405
0.511745,11.9414,227.581,0.51014,11.9414,227.581,0.508985,            29P   2406
11.9414,227.582,0.508276,11.9414,227.582,0.507344,11.9414,            29P   2407
227.582,0.506536,11.9414,227.583,0.506071,11.9414,227.583,            29P   2408
0.505107,11.9414,227.583,0.504621,11.9414,227.584,0.503586,           29P   2409
11.9414,227.584,0.503038,11.9414,227.584,0.502021,11.9414,            29P   2410
227.585,0.501227,11.9414,227.585,0.500433,11.9414,227.585,            29P   2411
0.499768,11.9414,227.585,0.499428,11.9414,227.586,0.498697,           29P   2412
11.9414,227.586,0.498305,11.9414,227.586,0.497576,11.9414,            29P   2413
227.586,0.49724,11.9414,227.587,0.49628,11.9414,227.587,              29P   2414
0.495657,11.9414,227.589,0.492154,11.9414,227.59,0.488822,            29P   2415
11.9414,227.592,0.485019,11.9414,227.592,0.483646,11.9414,            29P   2416
227.593,0.481837,11.9414,227.594,0.480152,11.9414,227.595,            29P   2417
0.478541,11.9414,227.595,0.477473,11.9414,227.596,0.476075,           29P   2418
11.9414,227.599,0.469308,11.9414,227.602,0.462397,11.9414,            29P   2419
227.605,0.455738,11.9414,227.605,0.454349,11.9414,227.606,            29P   2420
0.453047,11.9414,227.607,0.451268,11.9414,227.608,0.449586,           29P   2421
11.9414,227.608,0.447936,11.9414,227.609,0.446812,11.9414,            29P   2422
227.61,0.445343,11.9414,227.614,0.434691,11.9414,227.619,             29P   2423
0.424012,11.9414,227.624,0.413641,11.9414,227.625,0.412376,           29P   2424
11.9414,227.626,0.410682,11.9414,227.626,0.409031,11.9414,            29P   2425
227.627,0.407395,11.9414,227.628,0.406223,11.9414,227.629,            29P   2426
0.404669,11.9414,227.635,0.391126,11.9414,227.642,0.377613,           29P   2427
11.9414,227.648,0.364541,11.9414,227.649,0.363311,11.9414,            29P   2428
227.649,0.362141,11.9414,227.65,0.360473,11.9414,227.651,             29P   2429
0.358873,11.9414,227.652,0.357212,11.9414,227.653,0.355996,           29P   2430
11.9414,227.653,0.354348,11.9414,227.662,0.337504,11.9414,            29P   2431
227.671,0.320836,11.9414,227.679,0.304704,11.9414,227.68,             29P   2432
0.303633,11.9414,227.68,0.302511,11.9414,227.681,0.300938,            29P   2433
11.9414,227.682,0.299362,11.9414,227.683,0.297711,11.9414,            29P   2434
227.684,0.296391,11.9414,227.684,0.294623,11.9414,227.693,            29P   2435
0.277955,11.9414,227.703,0.261565,11.9414,227.711,0.245749,           29P   2436
11.9414,227.712,0.244747,11.9414,227.713,0.243704,11.9414,            29P   2437
227.713,0.242197,11.9414,227.714,0.240683,11.9414,227.715,            29P   2438
0.239024,11.9414,227.716,0.23764,11.9414,227.717,0.236018,            29P   2439
11.9414,227.718,0.23459,11.9414,227.727,0.218458,11.9414,             29P   2440
227.736,0.202584,11.9414,227.746,0.186747,11.9414,227.746,            29P   2441
0.185657,11.9414,227.747,0.184216,11.9414,227.748,0.182721,           29P   2442
11.9414,227.749,0.181033,11.9414,227.75,0.179602,11.9414,             29P   2443
227.751,0.177952,11.9414,227.752,0.176435,11.9414,227.761,            29P   2444
0.160562,11.9414,227.771,0.145046,11.9414,227.781,0.129342,           29P   2445
11.9414,227.782,0.12758,11.9414,227.783,0.12577,11.9414,227.784,      29P   2446
0.124076,11.9414,227.785,0.122551,11.9414,227.786,0.120799,           29P   2447
11.9414,227.787,0.119189,11.9414,227.797,0.103886,11.9414,            29P   2448
227.807,0.088694,11.9414,227.817,0.0733703,11.9414,227.818,           29P   2449
0.0716073,11.9414,227.82,0.0691023,11.9414,227.822,0.0667717,         29P   2450
11.9414,227.823,0.0645029,11.9414,227.824,0.0628375,11.9414,          29P   2451
227.834,0.0477608,11.9414,227.845,0.0329452,11.9414,227.855,          29P   2452
0.018061,11.9414,227.856,0.0164455,11.9414,227.858,0.0145331,         29P   2453
11.9414,227.859,0.0128371,11.9414,227.86,0.0112093,11.9414,           29P   2454
227.861,0.00931716,11.9414,227.863,0.00756496,11.9414,227.873,        29P   2455
-0.00718264,11.9414,227.884,-0.0215317,11.9414,227.895,               29P   2456
-0.0358208,11.9414,227.896,-0.0373207,11.9414,227.898,                29P   2457
-0.0391221,11.9414,227.899,-0.0408128,11.9414,227.9,-0.0424787,       29P   2458
11.9414,227.902,-0.044455,11.9414,227.903,-0.0462434,11.9414,         29P   2459
227.915,-0.0606027,11.9414,227.926,-0.074785,11.9414,227.939,         29P   2460
-0.0889878,11.9414,227.94,-0.0908373,11.9414,227.942,-0.092492,       29P   2461
11.9414,227.943,-0.094163,11.9414,227.945,-0.0961509,11.9414,         29P   2462
227.946,-0.0979896,11.9414,227.958,-0.111718,11.9414,227.971,         29P   2463
-0.125141,11.9414,227.983,-0.138541,11.9414,227.985,-0.140272,        29P   2464
11.9414,227.987,-0.141908,11.9414,227.988,-0.143606,11.9414,          29P   2465
227.99,-0.145606,11.9414,227.992,-0.147457,11.9414,228.005,           29P   2466
-0.160518,11.9414,228.018,-0.173169,11.9414,228.031,-0.185728,        29P   2467
11.9414,228.032,-0.187314,11.9414,228.034,-0.188917,11.9414,          29P   2468
228.036,-0.190615,11.9414,228.038,-0.192643,11.9414,228.04,           29P   2469
-0.19449,11.9414,228.054,-0.206784,11.9414,228.067,-0.218544,         29P   2470
11.9414,228.081,-0.230179,11.9414,228.082,-0.23162,11.9414,           29P   2471
228.084,-0.23316,11.9414,228.086,-0.234851,11.9414,228.089,           29P   2472
-0.236863,11.9414,228.091,-0.238696,11.9414,228.105,-0.250124,        29P   2473
11.9414,228.119,-0.260915,11.9414,228.133,-0.2716,11.9414,            29P   2474
228.135,-0.272956,11.9414,228.137,-0.27449,11.9414,228.139,           29P   2475
-0.276131,11.9414,228.142,-0.278085,11.9414,228.144,-0.279875,        29P   2476
11.9414,228.156,-0.288217,11.9414,228.167,-0.296062,11.9414,          29P   2477
228.178,-0.303756,11.9414,228.18,-0.304979,11.9414,228.182,           29P   2478
-0.306362,11.9414,228.186,-0.308666,11.9414,228.189,-0.310956,        29P   2479
11.9414,228.199,-0.317239,11.9414,228.207,-0.322392,11.9414,          29P   2480
228.215,-0.327383,11.9414,228.217,-0.328139,11.9414,228.218,          29P   2481
-0.329002,11.9414,228.22,-0.330066,11.9414,228.222,-0.331607,         29P   2482
11.9414,228.226,-0.333469,11.9414,228.228,-0.33515,11.9414,           29P   2483
228.234,-0.338514,11.9414,228.239,-0.34142,11.9414,228.244,           29P   2484
-0.344418,11.9414,228.246,-0.345485,11.9414,228.249,-0.346808,        29P   2485
11.9414,228.251,-0.3483,11.9414,228.255,-0.350109,11.9414,            29P   2486
228.258,-0.35174,11.9414,228.26,-0.353104,11.9414,228.261,            29P   2487
-0.353814,11.9414,228.263,-0.354427,11.9414,228.263,-0.354672,        29P   2488
11.9414,228.264,-0.355373,11.9414,228.265,-0.355817,11.9414,          29P   2489
228.267,-0.356462,11.9414,228.268,-0.356665,11.9414,228.269,          29P   2490
-0.35712,11.9414,228.27,-0.357285,11.9414,228.272,-0.357285,          29P   2491
11.9414,228.274,-0.357172,11.9414,228.275,-0.356797,11.9414,          29P   2492
228.276,-0.356404,11.9414,228.277,-0.355869,11.9414,228.278,          29P   2493
-0.35513,11.9414,228.28,-0.353977,11.9414,228.28,-0.353443,           29P   2494
11.9414,228.281,-0.352372,11.9414,228.282,-0.351436,11.9414,          29P   2495
228.283,-0.349861,11.9414,228.283,-0.347788,11.9414,228.284,          29P   2496
-0.345572,11.9414,228.283,-0.343158,11.9414,228.283,-0.340377,        29P   2497
11.9414,228.281,-0.337455,11.9414,228.279,-0.335667,11.9414,          29P   2498
228.278,-0.334609,11.9414,228.277,-0.334229,11.9414,228.276,          29P   2499
-0.333633,11.9414,228.276,-0.333133,11.9414,228.274,-0.332171,        29P   2500
11.9414,228.273,-0.331471,11.9414,228.272,-0.330768,11.9414,          29P   2501
228.271,-0.330201,11.9414,228.27,-0.329633,11.9414,228.269,           29P   2502
-0.328655,11.9414,228.268,-0.328004,11.9414,228.266,-0.326802,        29P   2503
11.9414,228.265,-0.325664,11.9414,228.263,-0.324523,11.9414,          29P   2504
228.261,-0.323417,11.9414,228.26,-0.322579,11.9414,228.258,           29P   2505
-0.321511,11.9414,228.258,-0.32096,11.9414,228.256,-0.320127,         29P   2506
11.9414,228.255,-0.319524,11.9414,228.253,-0.317537,11.9414,          29P   2507
228.249,-0.31513,11.9414,228.244,-0.31165,11.9414,228.24,             29P   2508
-0.308948,11.9414,228.236,-0.306236,11.9414,228.234,-0.304233,        29P   2509
11.9414,228.23,-0.301996,11.9414,228.228,-0.300229,11.9414,           29P   2510
228.225,-0.297997,11.9414,228.222,-0.295593,11.9414,228.218,          29P   2511
-0.292683,11.9414,228.214,-0.289973,11.9414,228.207,-0.284869,        29P   2512
11.9414,228.202,-0.280451,11.9414,228.195,-0.275741,11.9414,          29P   2513
228.193,-0.273936,11.9414,228.19,-0.271696,11.9414,228.187,           29P   2514
-0.269306,11.9414,228.184,-0.266403,11.9414,228.18,-0.263687,         29P   2515
11.9414,228.17,-0.255953,11.9414,228.162,-0.248781,11.9414,           29P   2516
228.153,-0.241318,11.9414,228.151,-0.23952,11.9414,228.148,           29P   2517
-0.237352,11.9414,228.145,-0.234959,11.9414,228.142,-0.232075,        29P   2518
11.9414,228.139,-0.229393,11.9414,228.126,-0.218749,11.9414,          29P   2519
228.115,-0.208504,11.9414,228.103,-0.197939,11.9414,228.101,          29P   2520
-0.196117,11.9414,228.099,-0.193982,11.9414,228.096,-0.191619,        29P   2521
11.9414,228.093,-0.188784,11.9414,228.091,-0.186163,11.9414,          29P   2522
228.078,-0.174737,11.9414,228.067,-0.163719,11.9414,228.056,          29P   2523
-0.15238,11.9414,228.054,-0.150591,11.9414,228.052,-0.148515,         29P   2524
11.9414,228.05,-0.146241,11.9414,228.047,-0.143524,11.9414,           29P   2525
228.044,-0.140988,11.9414,228.033,-0.128815,11.9414,228.021,          29P   2526
-0.117034,11.9414,228.01,-0.104921,11.9414,228.009,-0.103184,         29P   2527
11.9414,228.007,-0.101169,11.9414,228.005,-0.0989778,11.9414,         29P   2528
228.002,-0.0958294,11.9414,227.989,-0.0820122,11.9414,227.977,        29P   2529
-0.0685125,11.9414,227.966,-0.0556544,11.9414,227.965,                29P   2530
-0.0539761,11.9414,227.963,-0.0520506,11.9414,227.962,                29P   2531
-0.0499676,11.9414,227.959,-0.0475173,11.9414,227.958,                29P   2532
-0.0452488,11.9414,227.946,-0.031661,11.9414,227.935,-0.0184078,      29P   2533
11.9414,227.924,-0.00480041,11.9414,227.923,-0.00320728,11.9414,      29P   2534
227.922,-0.00136249,11.9414,227.92,0.000579156,11.9414,227.918,       29P   2535
0.00287701,11.9414,227.917,0.00496357,11.9414,227.906,0.0192098,      29P   2536
11.9414,227.895,0.0331909,11.9414,227.884,0.0474938,11.9414,          29P   2537
227.883,0.0490438,11.9414,227.882,0.0507494,11.9414,227.881,          29P   2538
0.0525356,11.9414,227.879,0.0545952,11.9414,227.878,0.0564878,        29P   2539
11.9414,227.867,0.07136,11.9414,227.856,0.0859763,11.9414,            29P   2540
227.846,0.100877,11.9414,227.845,0.102281,11.9414,227.843,            29P   2541
0.10383,11.9414,227.842,0.105421,11.9414,227.841,0.107266,            29P   2542
11.9414,227.84,0.108959,11.9414,227.829,0.124482,11.9414,             29P   2543
227.818,0.13968,11.9414,227.808,0.155112,11.9414,227.807,             29P   2544
0.156237,11.9414,227.806,0.157583,11.9414,227.805,0.158964,           29P   2545
11.9414,227.804,0.160588,11.9414,227.803,0.162072,11.9414,            29P   2546
227.792,0.178171,11.9414,227.781,0.193914,11.9414,227.771,            29P   2547
0.209877,11.9414,227.77,0.210857,11.9414,227.769,0.211954,            29P   2548
11.9414,227.768,0.213129,11.9414,227.767,0.214785,11.9414,            29P   2549
227.756,0.232027,11.9414,227.745,0.249478,11.9414,227.734,            29P   2550
0.266559,11.9414,227.733,0.267898,11.9414,227.732,0.269217,           29P   2551
11.9414,227.721,0.286675,11.9414,227.71,0.304285,11.9414,             29P   2552
227.699,0.321828,11.9414,227.698,0.323069,11.9414,227.697,            29P   2553
0.324315,11.9414,227.686,0.342227,11.9414,227.675,0.360408,           29P   2554
11.9414,227.665,0.378566,11.9414,227.664,0.379773,11.9414,            29P   2555
227.655,0.395123,11.9414,227.646,0.41056,11.9414,227.637,             29P   2556
0.426105,11.9414,227.629,0.438876,11.9414,227.622,0.451701,           29P   2557
11.9414,227.61,0.473435,11.9414,227.601,0.4896,11.9414,227.592,       29P   2558
0.505308,11.9414,227.589,0.511781,11.9414,227.585,0.5167,11.983,      29P   2559
227.585,0.517548,11.983,227.583,0.518673,11.983,227.581,              29P   2560
0.518891,11.983,227.58,0.518549,11.983,227.579,0.517797,11.983,       29P   2561
227.578,0.51617,11.983,227.578,0.514386,11.983,227.578,0.51326,       29P   2562
11.983,227.579,0.512704,11.983,227.579,0.512148,11.983,227.579,       29P   2563
0.51131,11.983,227.579,0.510787,11.983,227.58,0.509773,11.983,        29P   2564
227.58,0.509282,11.983,227.58,0.508236,11.983,227.581,0.507681,       29P   2565
11.983,227.581,0.506654,11.983,227.581,0.505851,11.983,227.582,       29P   2566
0.505048,11.983,227.582,0.504375,11.983,227.582,0.504032,11.983,      29P   2567
227.582,0.503293,11.983,227.582,0.502896,11.983,227.583,0.50216,      29P   2568
11.983,227.583,0.50182,11.983,227.583,0.50085,11.983,227.584,         29P   2569
0.500219,11.983,227.585,0.496677,11.983,227.586,0.493308,11.983,      29P   2570
227.588,0.489461,11.983,227.589,0.488072,11.983,227.589,              29P   2571
0.486241,11.983,227.59,0.484537,11.983,227.591,0.482907,11.983,       29P   2572
227.591,0.481826,11.983,227.592,0.480412,11.983,227.595,              29P   2573
0.473565,11.983,227.598,0.466572,11.983,227.601,0.459842,11.983,      29P   2574
227.601,0.458438,11.983,227.602,0.457122,11.983,227.602,              29P   2575
0.455325,11.983,227.603,0.453626,11.983,227.604,0.451959,11.983,      29P   2576
227.604,0.450825,11.983,227.605,0.449342,11.983,227.61,0.438587,      29P   2577
11.983,227.615,0.427818,11.983,227.619,0.41735,11.983,227.62,         29P   2578
0.416074,11.983,227.621,0.414364,11.983,227.622,0.412697,11.983,      29P   2579
227.622,0.411046,11.983,227.623,0.409862,11.983,227.624,              29P   2580
0.408294,11.983,227.63,0.394621,11.983,227.636,0.380969,11.983,       29P   2581
227.643,0.36777,11.983,227.643,0.366529,11.983,227.644,0.365348,      29P   2582
11.983,227.645,0.363664,11.983,227.645,0.362048,11.983,227.646,       29P   2583
0.360372,11.983,227.647,0.359145,11.983,227.648,0.357481,11.983,      29P   2584
227.656,0.34048,11.983,227.664,0.323668,11.983,227.673,0.307396,      29P   2585
11.983,227.673,0.306316,11.983,227.674,0.305184,11.983,227.675,       29P   2586
0.303598,11.983,227.676,0.302009,11.983,227.676,0.300343,11.983,      29P   2587
227.677,0.299012,11.983,227.678,0.297229,11.983,227.687,              29P   2588
0.280419,11.983,227.696,0.263894,11.983,227.705,0.247968,11.983,      29P   2589
227.705,0.246958,11.983,227.706,0.245909,11.983,227.707,              29P   2590
0.244391,11.983,227.707,0.242867,11.983,227.708,0.241197,11.983,      29P   2591
227.709,0.239804,11.983,227.71,0.238171,11.983,227.711,0.236734,      29P   2592
11.983,227.72,0.220617,11.983,227.729,0.204655,11.983,227.738,        29P   2593
0.188725,11.983,227.739,0.187512,11.983,227.74,0.186063,11.983,       29P   2594
227.741,0.184559,11.983,227.742,0.182861,11.983,227.743,              29P   2595
0.181421,11.983,227.744,0.179762,11.983,227.745,0.178236,11.983,      29P   2596
227.754,0.162375,11.983,227.764,0.146767,11.983,227.774,              29P   2597
0.130999,11.983,227.775,0.129126,11.983,227.776,0.127309,11.983,      29P   2598
227.777,0.125609,11.983,227.778,0.124079,11.983,227.779,0.12232,      29P   2599
11.983,227.78,0.120704,11.983,227.79,0.105144,11.983,227.8,           29P   2600
0.0899181,11.983,227.81,0.0745576,11.983,227.811,0.0727904,           29P   2601
11.983,227.813,0.0704907,11.983,227.814,0.0681541,11.983,             29P   2602
227.816,0.0658793,11.983,227.817,0.0642095,11.983,227.827,            29P   2603
0.0488994,11.983,227.838,0.0340445,11.983,227.848,0.019166,           29P   2604
11.983,227.849,0.0175514,11.983,227.851,0.0158352,11.983,             29P   2605
227.852,0.0141408,11.983,227.853,0.0125149,11.983,227.854,            29P   2606
0.0106252,11.983,227.856,0.0088758,11.983,227.866,-0.00601499,        29P   2607
11.983,227.877,-0.0203022,11.983,227.889,-0.034495,11.983,            29P   2608
227.89,-0.0359845,11.983,227.891,-0.0376051,11.983,227.892,           29P   2609
-0.0392839,11.983,227.894,-0.0409376,11.983,227.895,-0.042899,        29P   2610
11.983,227.897,-0.0446735,11.983,227.908,-0.0589497,11.983,           29P   2611
227.92,-0.0729783,11.983,227.933,-0.0869598,11.983,227.934,           29P   2612
-0.0887485,11.983,227.936,-0.090376,11.983,227.937,-0.092019,         29P   2613
11.983,227.939,-0.0939726,11.983,227.941,-0.0957788,11.983,           29P   2614
227.953,-0.109326,11.983,227.966,-0.122442,11.983,227.979,            29P   2615
-0.13548,11.983,227.981,-0.137099,11.983,227.982,-0.138689,           29P   2616
11.983,227.984,-0.140339,11.983,227.986,-0.142282,11.983,             29P   2617
227.988,-0.144079,11.983,228.001,-0.156841,11.983,228.015,            29P   2618
-0.169053,11.983,228.028,-0.181092,11.983,228.03,-0.182528,           29P   2619
11.983,228.032,-0.184063,11.983,228.034,-0.185687,11.983,             29P   2620
228.036,-0.187625,11.983,228.038,-0.18939,11.983,228.052,             29P   2621
-0.20127,11.983,228.066,-0.212405,11.983,228.081,-0.223333,           29P   2622
11.983,228.082,-0.224546,11.983,228.084,-0.22599,11.983,228.086,      29P   2623
-0.227575,11.983,228.089,-0.22946,11.983,228.091,-0.231175,           29P   2624
11.983,228.106,-0.241949,11.983,228.12,-0.251891,11.983,228.135,      29P   2625
-0.261678,11.983,228.137,-0.262829,11.983,228.139,-0.264278,          29P   2626
11.983,228.142,-0.265776,11.983,228.144,-0.267558,11.983,             29P   2627
228.147,-0.269187,11.983,228.159,-0.276835,11.983,228.171,            29P   2628
-0.283954,11.983,228.183,-0.290802,11.983,228.185,-0.291828,          29P   2629
11.983,228.187,-0.293001,11.983,228.191,-0.295044,11.983,             29P   2630
228.194,-0.297069,11.983,228.205,-0.302655,11.983,228.213,            29P   2631
-0.307153,11.983,228.222,-0.311469,11.983,228.223,-0.312098,          29P   2632
11.983,228.225,-0.31282,11.983,228.227,-0.313737,11.983,228.229,      29P   2633
-0.315063,11.983,228.233,-0.316662,11.983,228.236,-0.318101,          29P   2634
11.983,228.242,-0.321016,11.983,228.247,-0.323484,11.983,             29P   2635
228.253,-0.326024,11.983,228.254,-0.326883,11.983,228.257,            29P   2636
-0.327997,11.983,228.26,-0.329245,11.983,228.263,-0.33076,            29P   2637
11.983,228.266,-0.332123,11.983,228.269,-0.333289,11.983,228.27,      29P   2638
-0.333907,11.983,228.272,-0.334416,11.983,228.272,-0.334595,          29P   2639
11.983,228.274,-0.335252,11.983,228.275,-0.335727,11.983,             29P   2640
228.276,-0.33637,11.983,228.277,-0.33652,11.983,228.278,              29P   2641
-0.336963,11.983,228.279,-0.337158,11.983,228.281,-0.337264,          29P   2642
11.983,228.283,-0.337235,11.983,228.284,-0.336912,11.983,             29P   2643
228.285,-0.336568,11.983,228.286,-0.336146,11.983,228.287,            29P   2644
-0.335537,11.983,228.289,-0.334469,11.983,228.289,-0.333956,          29P   2645
11.983,228.29,-0.332947,11.983,228.291,-0.332072,11.983,228.292,      29P   2646
-0.330576,11.983,228.293,-0.328584,11.983,228.293,-0.326441,          29P   2647
11.983,228.293,-0.323946,11.983,228.293,-0.32106,11.983,228.291,      29P   2648
-0.318098,11.983,228.29,-0.316402,11.983,228.289,-0.315287,           29P   2649
11.983,228.288,-0.314795,11.983,228.287,-0.314172,11.983,             29P   2650
228.286,-0.313738,11.983,228.284,-0.312905,11.983,228.283,            29P   2651
-0.312298,11.983,228.282,-0.311689,11.983,228.281,-0.311197,          29P   2652
11.983,228.28,-0.310703,11.983,228.279,-0.309853,11.983,228.278,      29P   2653
-0.309286,11.983,228.276,-0.308237,11.983,228.274,-0.307244,          29P   2654
11.983,228.272,-0.306244,11.983,228.271,-0.305244,11.983,             29P   2655
228.269,-0.304536,11.983,228.268,-0.303596,11.983,228.267,            29P   2656
-0.303139,11.983,228.265,-0.302377,11.983,228.265,-0.301844,          29P   2657
11.983,228.261,-0.300086,11.983,228.258,-0.297951,11.983,             29P   2658
228.252,-0.294851,11.983,228.248,-0.292438,11.983,228.244,            29P   2659
-0.289979,11.983,228.241,-0.288168,11.983,228.238,-0.286162,          29P   2660
11.983,228.236,-0.28461,11.983,228.232,-0.282624,11.983,228.229,      29P   2661
-0.280464,11.983,228.225,-0.277848,11.983,228.221,-0.275406,          29P   2662
11.983,228.214,-0.270759,11.983,228.208,-0.26676,11.983,228.201,      29P   2663
-0.262475,11.983,228.199,-0.260875,11.983,228.196,-0.258832,          29P   2664
11.983,228.192,-0.256648,11.983,228.189,-0.253991,11.983,             29P   2665
228.185,-0.2515,11.983,228.175,-0.244358,11.983,228.165,              29P   2666
-0.237636,11.983,228.156,-0.230704,11.983,228.154,-0.229071,          29P   2667
11.983,228.151,-0.227146,11.983,228.148,-0.224919,11.983,             29P   2668
228.145,-0.22223,11.983,228.141,-0.219726,11.983,228.128,             29P   2669
-0.209718,11.983,228.116,-0.199978,11.983,228.104,-0.189977,          29P   2670
11.983,228.102,-0.188315,11.983,228.1,-0.186399,11.983,228.097,       29P   2671
-0.184157,11.983,228.094,-0.181465,11.983,228.091,-0.178973,          29P   2672
11.983,228.078,-0.168049,11.983,228.066,-0.157394,11.983,             29P   2673
228.054,-0.146491,11.983,228.052,-0.144823,11.983,228.05,             29P   2674
-0.142936,11.983,228.048,-0.140747,11.983,228.045,-0.138129,          29P   2675
11.983,228.043,-0.135683,11.983,228.03,-0.123856,11.983,228.018,      29P   2676
-0.112357,11.983,228.007,-0.100586,11.983,228.005,-0.098983,          29P   2677
11.983,228.003,-0.0971117,11.983,228.001,-0.0949805,11.983,           29P   2678
227.998,-0.091917,11.983,227.985,-0.0783861,11.983,227.973,           29P   2679
-0.0651488,11.983,227.961,-0.0525382,11.983,227.96,-0.0509714,        29P   2680
11.983,227.958,-0.0491282,11.983,227.957,-0.0470835,11.983,           29P   2681
227.954,-0.0446771,11.983,227.952,-0.0424483,11.983,227.941,          29P   2682
-0.0289936,11.983,227.929,-0.0158923,11.983,227.918,-0.00243436,      29P   2683
11.983,227.917,-0.000960195,11.983,227.916,0.000834854,11.983,        29P   2684
227.914,0.00275632,11.983,227.912,0.00503098,11.983,227.911,          29P   2685
0.00709714,11.983,227.899,0.0212248,11.983,227.888,0.0351156,         29P   2686
11.983,227.878,0.04934,11.983,227.876,0.0508641,11.983,227.875,       29P   2687
0.0525525,11.983,227.874,0.0543295,11.983,227.872,0.0563788,          29P   2688
11.983,227.871,0.0582622,11.983,227.86,0.0730765,11.983,227.849,      29P   2689
0.0876259,11.983,227.838,0.1025,11.983,227.837,0.103889,11.983,       29P   2690
227.836,0.105455,11.983,227.835,0.107044,11.983,227.834,              29P   2691
0.108886,11.983,227.832,0.110577,11.983,227.821,0.126246,11.983,      29P   2692
227.811,0.141448,11.983,227.8,0.156899,11.983,227.799,0.157858,       29P   2693
11.983,227.798,0.159206,11.983,227.797,0.160589,11.983,227.796,       29P   2694
0.162215,11.983,227.795,0.163702,11.983,227.784,0.179872,11.983,      29P   2695
227.774,0.195656,11.983,227.763,0.211691,11.983,227.762,              29P   2696
0.212561,11.983,227.762,0.213731,11.983,227.761,0.214911,11.983,      29P   2697
227.76,0.216575,11.983,227.748,0.23377,11.983,227.737,0.251336,       29P   2698
11.983,227.726,0.268541,11.983,227.725,0.270023,11.983,227.725,       29P   2699
0.271351,11.983,227.713,0.289008,11.983,227.703,0.30676,11.983,       29P   2700
227.692,0.324456,11.983,227.691,0.325639,11.983,227.69,0.326895,      29P   2701
11.983,227.68,0.345012,11.983,227.669,0.363367,11.983,227.658,        29P   2702
0.381719,11.983,227.658,0.382893,11.983,227.649,0.398433,11.983,      29P   2703
227.64,0.414051,11.983,227.631,0.429805,11.983,227.624,0.442755,      29P   2704
11.983,227.617,0.45577,11.983,227.605,0.477809,11.983,227.597,        29P   2705
0.49415,11.983,227.588,0.510123,11.983,227.585,0.5167,11.983,0.,      29P   2706
2.32188,0.,1.25944;                                                   29P   2707
S      5G      3D     30P   2707                                        T      1
