This is a NASA-IGES-NURBS-Only file converted by:                       S      1
NIGES Translator Version 3.2 developed at NASA Ames Research Center.    S      2
Conversion done on: Mon May 20 14:04:05 1996.                           S      3
>>>>>>>>>>>>>>>>>>>> Original Start Section follows <<<<<<<<<<<<<<<<<<<<S      4
                                                                        S      5
1H,,1H;,,20Hcmpr igv        srf ,22HIBM PROFESSIONAL CADAM,47HIBM IGES PG      1
rocessor for AIX and UNIX V2R2 (1994),32,75,6,75,15,,1.,1,4HINCH,1000,  G      2
0.125984,13H960520.100957,1.00000E-06,205.074,,,8,0,;                   G      3
     406       1       1       1       0       0       0       000020101D      1
     406       0       0       1      15                               0D      2
     406       2       1       1       0       0       0       000020101D      3
     406       0       0       1      15                               0D      4
     126       3       0       1       0       0       0       000000000D      5
     126     109       0      33       0                               0D      6
     126      36       0       1       0       0       0       000000000D      7
     126     109       0      34       0                               0D      8
     126      70       0       1       0       0       0       000000000D      9
     126     109       0      33       0                               0D     10
     126     103       0       1       0       0       0       000000000D     11
     126     109       0      33       0                               0D     12
     126     136       0       1       0       0       0       000000000D     13
     126     109       0      35       0                               0D     14
     126     171       0       1       0       0       0       000000000D     15
     126     109       0      34       0                               0D     16
     126     205       0       1       0       0       0       000000000D     17
     126     109       0      35       0                               0D     18
     126     240       0       1       0       0       0       000000000D     19
     126     109       0      33       0                               0D     20
     126     273       0       1       0       0       0       000000000D     21
     126     109       0      35       0                               0D     22
     126     308       0       1       0       0       0       000000000D     23
     126     109       0      34       0                               0D     24
     126     342       0       1       0       0       0       000000000D     25
     126     109       0      34       0                               0D     26
     126     376       0       1       0       0       0       000000000D     27
     126     109       0      34       0                               0D     28
     126     410       0       1       0       0       0       000000000D     29
     126     109       0      33       0                               0D     30
     128     443       0       1       0       0       0       000000000D     31
     128     109       2    1916       0                               0D     32
406,1,23Hcmpr igv        srf ,3d;                                      1P      1
406,1,2H3d;                                                            3P      2
126,55,3,0,1,1,0,0.,0.,0.,0.,0.0143556,0.0286241,0.0428995,            5P      3
0.0571747,0.0571747,0.0571747,0.0884274,0.13543,0.198037,              5P      4
0.276367,0.370408,0.464441,0.558559,0.652666,0.746864,0.841063,        5P      5
0.935384,1.02966,1.12409,1.21849,1.31294,1.40746,1.48622,              5P      6
1.54933,1.5966,1.62815,1.62815,1.64815,1.6682,1.68825,1.70829,         5P      7
1.70829,1.70829,1.73972,1.78685,1.84977,1.92828,2.02248,2.11668,       5P      8
2.2108,2.30493,2.39901,2.49294,2.58692,2.68083,2.77474,2.86861,        5P      9
2.96232,3.05614,3.1342,3.19671,3.24348,3.27472,3.27472,3.27472,        5P     10
3.27472,1.,1.,1.,1.,1.,1.,1.,1.,1.,1.,1.,1.,1.,1.,1.,1.,1.,1.,         5P     11
1.,1.,1.,1.,1.,1.,1.,1.,1.,1.,1.,1.,1.,1.,1.,1.,1.,1.,1.,1.,1.,        5P     12
1.,1.,1.,1.,1.,1.,1.,1.,1.,1.,1.,1.,1.,1.,1.,1.,1.,203.048,            5P     13
0.0129,6.85,203.043,0.0120835,6.85,203.034,0.00686938,6.85,            5P     14
203.029,-0.00769686,6.85,203.034,-0.0222183,6.85,203.043,              5P     15
-0.027474,6.85,203.048,-0.0283,6.85,203.058,-0.0301083,6.85,           5P     16
203.084,-0.0345193,6.85,203.13,-0.0421034,6.85,203.192,                5P     17
-0.0507006,6.85,203.27,-0.0599174,6.85,203.358,-0.0673644,6.85,        5P     18
203.452,-0.0724646,6.85,203.546,-0.0741843,6.85,203.641,               5P     19
-0.0729983,6.85,203.735,-0.0688166,6.85,203.829,-0.0609304,6.85,       5P     20
203.922,-0.0516376,6.85,204.016,-0.0433208,6.85,204.11,                5P     21
-0.0354501,6.85,204.205,-0.0278792,6.85,204.299,-0.0210228,6.85,       5P     22
204.388,-0.0149737,6.85,204.466,-0.0100102,6.85,204.529,               5P     23
-0.00611787,6.85,204.577,-0.00362241,6.85,204.603,-0.00210862,         5P     24
6.85,204.62,-0.00111432,6.85,204.634,0.00510727,6.85,204.641,          5P     25
0.0260292,6.85,204.632,0.0461319,6.85,204.618,0.0512665,6.85,          5P     26
204.611,0.051,6.85,204.6,0.0505822,6.85,204.574,0.0495831,6.85,        5P     27
204.527,0.0479765,6.85,204.464,0.0462471,6.85,204.386,0.0450111,       5P     28
6.85,204.297,0.0444083,6.85,204.203,0.0449201,6.85,204.108,            5P     29
0.0465091,6.85,204.014,0.0492439,6.85,203.92,0.0529089,6.85,           5P     30
203.827,0.0583041,6.85,203.733,0.0624772,6.85,203.639,0.0637832,       5P     31
6.85,203.545,0.0627897,6.85,203.451,0.0588622,6.85,203.358,            5P     32
0.0527807,6.85,203.269,0.0443003,6.85,203.192,0.035,6.85,203.13,       5P     33
0.026343,6.85,203.084,0.0190012,6.85,203.058,0.0146767,6.85,           5P     34
203.048,0.0129,6.85,0.,3.27472,0.,0.,0.;                               5P     35
126,55,3,0,1,1,0,0.,0.,0.,0.,0.0150287,0.0301041,0.0451898,            7P     36
0.0602329,0.0602329,0.0602329,0.0931133,0.142517,0.208421,             7P     37
0.290902,0.389787,0.48886,0.58796,0.687115,0.786362,0.88563,           7P     38
0.985019,1.08449,1.18403,1.28366,1.38336,1.48305,1.56629,              7P     39
1.63283,1.68285,1.71616,1.71616,1.73724,1.75834,1.77945,1.80056,       7P     40
1.80056,1.80056,1.83361,1.88321,1.94944,2.03204,2.13119,2.23017,       7P     41
2.3292,2.42801,2.52691,2.62563,2.72434,2.82295,2.9215,3.01996,         7P     42
3.11839,3.21673,3.29859,3.36408,3.41321,3.44597,3.44597,3.44597,       7P     43
3.44597,1.,1.,1.,1.,1.,1.,1.,1.,1.,1.,1.,1.,1.,1.,1.,1.,1.,1.,         7P     44
1.,1.,1.,1.,1.,1.,1.,1.,1.,1.,1.,1.,1.,1.,1.,1.,1.,1.,1.,1.,1.,        7P     45
1.,1.,1.,1.,1.,1.,1.,1.,1.,1.,1.,1.,1.,1.,1.,1.,1.,203.011,            7P     46
-0.0001,7.557,203.006,-0.000959092,7.557,202.997,-0.00642455,          7P     47
7.557,202.991,-0.0217459,7.557,202.997,-0.0371578,7.557,203.006,       7P     48
-0.0425171,7.557,203.011,-0.0434,7.557,203.022,-0.04533,7.557,         7P     49
203.049,-0.0500007,7.557,203.098,-0.057704,7.557,203.163,              7P     50
-0.0666186,7.557,203.245,-0.0754705,7.557,203.338,-0.0826444,          7P     51
7.557,203.437,-0.0863969,7.557,203.536,-0.0865717,7.557,203.635,       7P     52
-0.0833134,7.557,203.734,-0.0763627,7.557,203.833,-0.0654249,          7P     53
7.557,203.932,-0.0524991,7.557,204.03,-0.040145,7.557,204.129,         7P     54
-0.0280958,7.557,204.228,-0.0160415,7.557,204.327,-0.00431424,         7P     55
7.557,204.421,0.00684861,7.557,204.503,0.016251,7.557,204.569,         7P     56
0.0238649,7.557,204.619,0.0295994,7.557,204.647,0.0326793,7.557,       7P     57
204.665,0.0346727,7.557,204.678,0.0423314,7.557,204.685,               7P     58
0.0646449,7.557,204.674,0.0852353,7.557,204.659,0.0896982,7.557,       7P     59
204.652,0.089,7.557,204.641,0.0879065,7.557,204.614,0.0852406,         7P     60
7.557,204.564,0.0807283,7.557,204.498,0.0753505,7.557,204.416,         7P     61
0.0695173,7.557,204.322,0.0643596,7.557,204.223,0.0603585,7.557,       7P     62
204.124,0.0578067,7.557,204.025,0.057023,7.557,203.927,                7P     63
0.0573013,7.557,203.828,0.0599655,7.557,203.729,0.0616337,7.557,       7P     64
203.631,0.060699,7.557,203.532,0.0573742,7.557,203.434,                7P     65
0.0518154,7.557,203.336,0.0437738,7.557,203.243,0.0340818,7.557,       7P     66
203.162,0.0236644,7.557,203.097,0.014166,7.557,203.049,                7P     67
0.0063533,7.557,203.022,0.001773,7.557,203.011,-0.0001,7.557,0.,       7P     68
3.44597,0.,0.,0.;                                                      7P     69
126,55,3,0,1,1,0,0.,0.,0.,0.,0.0162362,0.0323938,0.0485585,            9P     70
0.0647223,0.0647223,0.0647223,0.100233,0.153369,0.224381,              9P     71
0.313128,0.419745,0.526477,0.633392,0.740361,0.847467,0.954765,        9P     72
1.06215,1.16967,1.27732,1.3851,1.49291,1.60097,1.6911,1.76329,         9P     73
1.81751,1.85356,1.85356,1.8764,1.89925,1.9221,1.94494,1.94494,         9P     74
1.94494,1.98069,2.03433,2.10574,2.19496,2.3018,2.40864,2.5153,         9P     75
2.62184,2.7282,2.83451,2.94062,3.04668,3.15265,3.25845,3.36414,        9P     76
3.46966,3.55757,3.62788,3.68048,3.7156,3.7156,3.7156,3.7156,1.,        9P     77
1.,1.,1.,1.,1.,1.,1.,1.,1.,1.,1.,1.,1.,1.,1.,1.,1.,1.,1.,1.,1.,        9P     78
1.,1.,1.,1.,1.,1.,1.,1.,1.,1.,1.,1.,1.,1.,1.,1.,1.,1.,1.,1.,1.,        9P     79
1.,1.,1.,1.,1.,1.,1.,1.,1.,1.,1.,1.,1.,202.954,-0.0161,8.659,          9P     80
202.948,-0.0170407,8.659,202.938,-0.0229121,8.659,202.932,             9P     81
-0.0393964,8.659,202.938,-0.0558549,8.659,202.948,-0.0617581,          9P     82
8.659,202.954,-0.0627,8.659,202.965,-0.0647694,8.659,202.994,          9P     83
-0.0697572,8.659,203.047,-0.0780058,8.659,203.117,-0.0872986,          9P     84
8.659,203.206,-0.0961879,8.659,203.306,-0.102586,8.659,203.413,        9P     85
-0.105261,8.659,203.52,-0.103372,8.659,203.627,-0.0974417,8.659,       9P     86
203.733,-0.0870291,8.659,203.84,-0.0721807,8.659,203.946,              9P     87
-0.0544006,8.659,204.052,-0.0371553,8.659,204.158,-0.0195144,          9P     88
8.659,204.264,-0.00172776,8.659,204.371,0.0162593,8.659,204.471,       9P     89
0.0335749,8.659,204.56,0.0489216,8.659,204.631,0.0614737,8.659,        9P     90
204.684,0.070831,8.659,204.714,0.0760934,8.659,204.733,                9P     91
0.0795345,8.659,204.748,0.0885655,8.659,204.753,0.113218,8.659,        9P     92
204.74,0.134694,8.659,204.723,0.138434,8.659,204.716,0.1372,           9P     93
8.659,204.704,0.135269,8.659,204.675,0.130524,8.659,204.622,           9P     94
0.122297,8.659,204.551,0.112204,8.659,204.462,0.100933,8.659,          9P     95
204.362,0.0898438,8.659,204.256,0.080254,8.659,204.149,                9P     96
0.0727748,8.659,204.043,0.0672713,8.659,203.937,0.063761,8.659,        9P     97
203.83,0.0628896,8.659,203.724,0.061486,8.659,203.618,0.0577712,       9P     98
8.659,203.512,0.0518433,8.659,203.407,0.0438851,8.659,203.302,         9P     99
0.0336482,8.659,203.203,0.0220518,8.659,203.116,0.0101363,8.659,       9P    100
203.046,-0.000428329,8.659,202.994,-0.00907399,8.659,202.965,          9P    101
-0.0140654,8.659,202.954,-0.0161,8.659,0.,3.7156,0.,0.,0.;             9P    102
126,55,3,0,1,1,0,0.,0.,0.,0.,0.0171955,0.034321,0.0514544,            11P    103
0.0685805,0.0685805,0.0685805,0.10613,0.16249,0.237804,0.331846,      11P    104
0.445027,0.558239,0.671687,0.78527,0.899015,1.01301,1.12711,          11P    105
1.24139,1.35588,1.47046,1.58534,1.70035,1.79621,1.87314,1.93077,      11P    106
1.96927,1.96927,1.99352,2.01784,2.04215,2.06647,2.06647,2.06647,      11P    107
2.10446,2.16141,2.23736,2.33203,2.44551,2.55885,2.67203,2.78507,      11P    108
2.89785,3.01053,3.12309,3.23535,3.34753,3.45956,3.57149,3.68315,      11P    109
3.77617,3.85047,3.90613,3.94329,3.94329,3.94329,3.94329,1.,1.,        11P    110
1.,1.,1.,1.,1.,1.,1.,1.,1.,1.,1.,1.,1.,1.,1.,1.,1.,1.,1.,1.,1.,       11P    111
1.,1.,1.,1.,1.,1.,1.,1.,1.,1.,1.,1.,1.,1.,1.,1.,1.,1.,1.,1.,1.,       11P    112
1.,1.,1.,1.,1.,1.,1.,1.,1.,1.,1.,1.,202.905,-0.028,9.585,202.9,       11P    113
-0.0290033,9.585,202.889,-0.0352632,9.585,202.883,-0.0527369,         11P    114
9.585,202.889,-0.0701865,9.585,202.9,-0.0763863,9.585,202.905,        11P    115
-0.0774,9.585,202.918,-0.0796227,9.585,202.949,-0.0849567,9.585,      11P    116
203.004,-0.0935739,9.585,203.079,-0.103115,9.585,203.173,             11P    117
-0.112329,9.585,203.279,-0.118237,9.585,203.393,-0.12008,9.585,       11P    118
203.506,-0.116639,9.585,203.619,-0.108744,9.585,203.733,              11P    119
-0.0957372,9.585,203.845,-0.0776152,9.585,203.957,-0.0563383,         11P    120
9.585,204.069,-0.0353305,9.585,204.182,-0.0134309,9.585,204.294,      11P    121
0.00872227,9.585,204.407,0.0314981,9.585,204.513,0.0536605,           11P    122
9.585,204.607,0.0734119,9.585,204.682,0.0896072,9.585,204.738,        11P    123
0.101914,9.585,204.77,0.108822,9.585,204.79,0.113349,9.585,           11P    124
204.805,0.123534,9.585,204.81,0.149989,9.585,204.795,0.172212,        11P    125
9.585,204.777,0.175579,9.585,204.769,0.1739,9.585,204.757,            11P    126
0.171276,9.585,204.726,0.16485,9.585,204.67,0.154028,9.585,           11P    127
204.595,0.140262,9.585,204.502,0.124798,9.585,204.396,0.109379,       11P    128
9.585,204.283,0.0956343,9.585,204.171,0.0841378,9.585,204.058,        11P    129
0.0754544,9.585,203.945,0.0688913,9.585,203.833,0.065398,9.585,       11P    130
203.72,0.0619286,9.585,203.608,0.055921,9.585,203.496,0.0480077,      11P    131
9.585,203.384,0.03828,9.585,203.273,0.0263081,9.585,203.169,          11P    132
0.0133293,9.585,203.076,0.00021858,9.585,203.003,-0.0112882,          11P    133
9.585,202.948,-0.0205039,9.585,202.918,-0.0258321,9.585,202.905,      11P    134
-0.028,9.585,0.,3.94329,0.,0.,0.;                                     11P    135
126,56,3,0,1,1,0,0.,0.,0.,0.,0.0180343,0.0360429,0.0540603,           13P    136
0.0721024,0.0721024,0.0721024,0.111477,0.170665,0.249588,             13P    137
0.348417,0.467174,0.586078,0.705163,0.824557,0.944115,1.06387,        13P    138
1.18385,1.30395,1.42434,1.54496,1.66567,1.78666,1.88765,1.96857,      13P    139
2.02937,2.0698,2.0698,2.0698,2.0954,2.12096,2.14653,2.17209,          13P    140
2.17209,2.17209,2.21196,2.27186,2.35151,2.45102,2.57024,2.68931,      13P    141
2.8081,2.92667,3.0451,3.16336,3.2813,3.39915,3.51674,3.63419,         13P    142
3.75145,3.86854,3.96597,4.04383,4.10214,4.14104,4.14104,4.14104,      13P    143
4.14104,1.,1.,1.,1.,1.,1.,1.,1.,1.,1.,1.,1.,1.,1.,1.,1.,1.,1.,        13P    144
1.,1.,1.,1.,1.,1.,1.,1.,1.,1.,1.,1.,1.,1.,1.,1.,1.,1.,1.,1.,1.,       13P    145
1.,1.,1.,1.,1.,1.,1.,1.,1.,1.,1.,1.,1.,1.,1.,1.,1.,1.,202.863,        13P    146
-0.0379,10.389,202.858,-0.0389712,10.389,202.846,-0.0454694,          13P    147
10.389,202.839,-0.0638383,10.389,202.846,-0.0821748,10.389,           13P    148
202.858,-0.0887332,10.389,202.863,-0.0898,10.389,202.876,             13P    149
-0.0921283,10.389,202.909,-0.0977149,10.389,202.967,-0.106739,        13P    150
10.389,203.046,-0.116585,10.389,203.144,-0.125876,10.389,             13P    151
203.256,-0.131535,10.389,203.375,-0.132531,10.389,203.494,            13P    152
-0.127931,10.389,203.613,-0.118297,10.389,203.732,-0.103227,          13P    153
10.389,203.85,-0.0825061,10.389,203.967,-0.058026,10.389,             13P    154
204.085,-0.033898,10.389,204.203,-0.00842149,10.389,204.32,           13P    155
0.0173227,10.389,204.438,0.0442176,10.389,204.549,0.0702419,          13P    156
10.389,204.648,0.0938858,10.389,204.726,0.113032,10.389,204.785,      13P    157
0.127722,10.389,204.818,0.135983,10.389,204.831,0.1393,10.389,        13P    158
204.839,0.1414,10.389,204.855,0.152628,10.389,204.859,0.180624,       13P    159
10.389,204.842,0.203496,10.389,204.823,0.206395,10.389,204.815,       13P    160
0.2044,10.389,204.802,0.201287,10.389,204.77,0.193617,10.389,         13P    161
204.711,0.180319,10.389,204.633,0.163688,10.389,204.536,0.14487,      13P    162
10.389,204.425,0.125705,10.389,204.307,0.108464,10.389,204.189,       13P    163
0.0939429,10.389,204.071,0.0822352,10.389,203.953,0.0733583,          13P    164
10.389,203.835,0.0677647,10.389,203.717,0.0624211,10.389,             13P    165
203.599,0.0545736,10.389,203.482,0.0451358,10.389,203.365,            13P    166
0.0337238,10.389,203.249,0.0204282,10.389,203.139,0.00606925,         13P    167
10.389,203.043,-0.00804016,10.389,202.966,-0.0202438,10.389,          13P    168
202.908,-0.0299206,10.389,202.876,-0.0355894,10.389,202.863,          13P    169
-0.0379,10.389,0.,4.14104,0.,0.,0.;                                   13P    170
126,55,3,0,1,1,0,0.,0.,0.,0.,0.0188321,0.03757,0.0563142,             15P    171
0.0750197,0.0750197,0.116125,0.177737,0.260093,0.363116,0.48687,      15P    172
0.610883,0.735218,0.859637,0.984414,1.10941,1.23461,1.36003,          15P    173
1.48565,1.6115,1.73768,1.86399,1.96946,2.05396,2.1174,2.15974,        15P    174
2.15974,2.15974,2.1864,2.21308,2.23977,2.26645,2.26645,2.26645,       15P    175
2.3081,2.37049,2.45362,2.55747,2.68171,2.80579,2.92971,3.05333,       15P    176
3.17672,3.29989,3.42293,3.54569,3.66819,3.79047,3.91266,4.03457,      15P    177
4.136,4.21704,4.27781,4.31822,4.31822,4.31822,4.31822,1.,1.,1.,       15P    178
1.,1.,1.,1.,1.,1.,1.,1.,1.,1.,1.,1.,1.,1.,1.,1.,1.,1.,1.,1.,1.,       15P    179
1.,1.,1.,1.,1.,1.,1.,1.,1.,1.,1.,1.,1.,1.,1.,1.,1.,1.,1.,1.,1.,       15P    180
1.,1.,1.,1.,1.,1.,1.,1.,1.,1.,1.,202.826,-0.0464,11.111,202.82,       15P    181
-0.0475008,11.111,202.808,-0.0544168,11.111,202.801,-0.0735281,       15P    182
11.111,202.808,-0.0926351,11.111,202.82,-0.0993899,11.111,            15P    183
202.839,-0.102939,11.111,202.873,-0.108775,11.111,202.934,            15P    184
-0.118056,11.111,203.016,-0.128425,11.111,203.119,-0.137541,          15P    185
11.111,203.235,-0.143166,11.111,203.359,-0.143342,11.111,             15P    186
203.484,-0.137849,11.111,203.608,-0.126633,11.111,203.731,            15P    187
-0.109712,11.111,203.854,-0.0866083,11.111,203.976,-0.0597261,        15P    188
11.111,204.099,-0.0325501,11.111,204.221,-0.00433845,11.111,          15P    189
204.344,0.0248662,11.111,204.466,0.0550842,11.111,204.582,            15P    190
0.0843871,11.111,204.684,0.111232,11.111,204.765,0.133119,            15P    191
11.111,204.826,0.1498,11.111,204.86,0.159213,11.111,204.874,          15P    192
0.163,11.111,204.883,0.165385,11.111,204.898,0.177494,11.111,         15P    193
204.902,0.206764,11.111,204.884,0.230234,11.111,204.864,              15P    194
0.232772,11.111,204.856,0.2305,11.111,204.842,0.226953,11.111,        15P    195
204.809,0.218214,11.111,204.748,0.202985,11.111,204.667,              15P    196
0.183877,11.111,204.566,0.162017,11.111,204.451,0.139894,11.111,      15P    197
204.328,0.119596,11.111,204.206,0.102404,11.111,204.083,              15P    198
0.0882921,11.111,203.96,0.0772989,11.111,203.837,0.0699611,           15P    199
11.111,203.714,0.0628837,11.111,203.592,0.0535573,11.111,203.47,      15P    200
0.0427502,11.111,203.348,0.0299011,11.111,203.227,0.0152892,          15P    201
11.111,203.113,-6.13223E-05,11.111,203.012,-0.0150875,11.111,         15P    202
202.932,-0.0279849,11.111,202.872,-0.0381986,11.111,202.839,          15P    203
-0.0440379,11.111,202.826,-0.0464,11.111,0.,4.31822,0.,0.,0.;         15P    204
126,56,3,0,1,1,0,0.,0.,0.,0.,0.0200539,0.0401789,0.0603132,           17P    205
0.0804327,0.0804327,0.0804327,0.124365,0.190517,0.278677,             17P    206
0.389098,0.521726,0.654642,0.78785,0.921369,1.05509,1.18903,          17P    207
1.32325,1.45778,1.59252,1.72749,1.8628,1.99827,2.11134,2.20192,       17P    208
2.26994,2.31539,2.31539,2.31539,2.34393,2.37252,2.40112,2.42971,      17P    209
2.42971,2.42971,2.47436,2.54113,2.63006,2.74118,2.87423,3.00701,      17P    210
3.13958,3.27191,3.40391,3.53577,3.66736,3.7987,3.9298,4.06066,        17P    211
4.19134,4.32174,4.43021,4.51696,4.5819,4.62518,4.62518,4.62518,       17P    212
4.62518,1.,1.,1.,1.,1.,1.,1.,1.,1.,1.,1.,1.,1.,1.,1.,1.,1.,1.,        17P    213
1.,1.,1.,1.,1.,1.,1.,1.,1.,1.,1.,1.,1.,1.,1.,1.,1.,1.,1.,1.,1.,       17P    214
1.,1.,1.,1.,1.,1.,1.,1.,1.,1.,1.,1.,1.,1.,1.,1.,1.,1.,202.761,        17P    215
-0.0601,12.378,202.754,-0.0612907,12.378,202.741,-0.0686395,          17P    216
12.378,202.734,-0.0891081,12.378,202.741,-0.109621,12.378,            17P    217
202.754,-0.11692,12.378,202.761,-0.1181,12.378,202.775,               17P    218
-0.120676,12.378,202.811,-0.126852,12.378,202.877,-0.13678,           17P    219
12.378,202.964,-0.147445,12.378,203.074,-0.156996,12.378,203.2,       17P    220
-0.162174,12.378,203.333,-0.161224,12.378,203.466,-0.154104,          17P    221
12.378,203.598,-0.140291,12.378,203.731,-0.120452,12.378,             17P    222
203.862,-0.0935796,12.378,203.993,-0.0624476,12.378,204.123,          17P    223
-0.0308269,12.378,204.254,0.00231888,12.378,204.384,0.0367313,        17P    224
12.378,204.515,0.0723931,12.378,204.638,0.107383,12.378,204.746,      17P    225
0.139104,12.378,204.833,0.165346,12.378,204.898,0.185349,12.378,      17P    226
204.934,0.196582,12.378,204.949,0.2011,12.378,204.958,0.203936,       17P    227
12.378,204.974,0.217379,12.378,204.977,0.248875,12.378,204.957,       17P    228
0.273379,12.378,204.936,0.27545,12.378,204.927,0.2727,12.378,         17P    229
204.913,0.268405,12.378,204.877,0.257843,12.378,204.813,              17P    230
0.239524,12.378,204.727,0.21651,12.378,204.619,0.190108,12.378,       17P    231
204.496,0.16287,12.378,204.366,0.137965,12.378,204.235,0.116389,      17P    232
12.378,204.104,0.0985888,12.378,203.973,0.0839658,12.378,             17P    233
203.841,0.0737986,12.378,203.71,0.0642955,12.378,203.579,             17P    234
0.0524817,12.378,203.449,0.0390466,12.378,203.319,0.0242067,          17P    235
12.378,203.189,0.00760085,12.378,203.067,-0.00969202,12.378,          17P    236
202.96,-0.0262182,12.378,202.874,-0.0401952,12.378,202.81,            17P    237
-0.0511945,12.378,202.775,-0.0575307,12.378,202.761,-0.0601,          17P    238
12.378,0.,4.62518,0.,0.,0.;                                           17P    239
126,55,3,0,1,1,0,0.,0.,0.,0.,0.0207646,0.0414265,0.062096,            19P    240
0.082726,0.082726,0.128189,0.196251,0.287119,0.400939,0.537659,       19P    241
0.674682,0.812033,0.949538,1.08731,1.2254,1.36376,1.50237,            19P    242
1.64122,1.78027,1.9196,2.05912,2.17564,2.26895,2.33901,2.38573,       19P    243
2.38573,2.38573,2.41517,2.44452,2.47388,2.50324,2.50324,2.50324,      19P    244
2.54911,2.61787,2.70938,2.82373,2.96068,3.09741,3.23385,3.37008,      19P    245
3.50602,3.64178,3.77726,3.91248,4.04756,4.18233,4.31689,4.45117,      19P    246
4.56292,4.65221,4.71908,4.76368,4.76368,4.76368,4.76368,1.,1.,        19P    247
1.,1.,1.,1.,1.,1.,1.,1.,1.,1.,1.,1.,1.,1.,1.,1.,1.,1.,1.,1.,1.,       19P    248
1.,1.,1.,1.,1.,1.,1.,1.,1.,1.,1.,1.,1.,1.,1.,1.,1.,1.,1.,1.,1.,       19P    249
1.,1.,1.,1.,1.,1.,1.,1.,1.,1.,1.,1.,202.731,-0.066,12.96,             19P    250
202.724,-0.0672272,12.96,202.711,-0.0748419,12.96,202.704,            19P    251
-0.0959313,12.96,202.711,-0.116985,12.96,202.724,-0.124478,           19P    252
12.96,202.746,-0.128394,12.96,202.783,-0.134804,12.96,202.851,        19P    253
-0.144905,12.96,202.941,-0.15578,12.96,203.054,-0.165458,12.96,       19P    254
203.183,-0.170381,12.96,203.321,-0.169117,12.96,203.458,              19P    255
-0.161123,12.96,203.594,-0.146347,12.96,203.731,-0.125187,12.96,      19P    256
203.866,-0.0967413,12.96,204.,-0.0636627,12.96,204.135,               19P    257
-0.0300319,12.96,204.269,0.00517133,12.96,204.403,0.0419102,          19P    258
12.96,204.537,0.0799986,12.96,204.663,0.11728,12.96,204.775,          19P    259
0.151374,12.96,204.864,0.179387,12.96,204.93,0.20075,12.96,           19P    260
204.967,0.212836,12.96,204.982,0.2177,12.96,204.991,0.220765,         19P    261
12.96,205.008,0.234995,12.96,205.011,0.26735,12.96,204.99,            19P    262
0.292243,12.96,204.968,0.294046,12.96,204.959,0.2911,12.96,           19P    263
204.944,0.286497,12.96,204.908,0.275165,12.96,204.842,0.255596,       19P    264
12.96,204.754,0.230872,12.96,204.643,0.202298,12.96,204.517,          19P    265
0.173075,12.96,204.383,0.146028,12.96,204.249,0.122565,12.96,         19P    266
204.114,0.103019,12.96,203.979,0.087067,12.96,203.844,0.0755754,      19P    267
12.96,203.708,0.064896,12.96,203.574,0.0519051,12.96,203.44,          19P    268
0.0377373,12.96,203.306,0.0216395,12.96,203.172,0.00419013,           19P    269
12.96,203.047,-0.0138355,12.96,202.936,-0.0310767,12.96,202.848,      19P    270
-0.045581,12.96,202.782,-0.0568621,12.96,202.746,-0.0633647,          19P    271
12.96,202.731,-0.066,12.96,0.,4.76368,0.,0.,0.;                       19P    272
126,56,3,0,1,1,0,0.,0.,0.,0.,0.0212321,0.042453,0.0636839,            21P    273
0.0849394,0.0849394,0.0849394,0.131601,0.201684,0.295167,             21P    274
0.412173,0.552883,0.693808,0.834997,0.976385,1.11813,1.26016,         21P    275
1.40235,1.54484,1.68754,1.83051,1.97373,2.11712,2.23677,2.33263,      21P    276
2.40464,2.45265,2.45265,2.45265,2.48273,2.51285,2.54298,2.5731,       21P    277
2.5731,2.5731,2.62022,2.69079,2.78477,2.90212,3.04266,3.18307,        21P    278
3.32321,3.46307,3.60277,3.74223,3.8814,4.0204,4.15907,4.29761,        21P    279
4.43585,4.57391,4.68879,4.78053,4.84924,4.89505,4.89505,4.89505,      21P    280
4.89505,1.,1.,1.,1.,1.,1.,1.,1.,1.,1.,1.,1.,1.,1.,1.,1.,1.,1.,        21P    281
1.,1.,1.,1.,1.,1.,1.,1.,1.,1.,1.,1.,1.,1.,1.,1.,1.,1.,1.,1.,1.,       21P    282
1.,1.,1.,1.,1.,1.,1.,1.,1.,1.,1.,1.,1.,1.,1.,1.,1.,1.,202.703,        21P    283
-0.072,13.513,202.696,-0.0732484,13.513,202.683,-0.0809884,           21P    284
13.513,202.675,-0.102625,13.513,202.683,-0.124201,13.513,             21P    285
202.696,-0.132062,13.513,202.703,-0.1333,13.513,202.719,              21P    286
-0.136017,13.513,202.757,-0.142517,13.513,202.826,-0.152951,          21P    287
13.513,202.919,-0.164169,13.513,203.036,-0.173742,13.513,             21P    288
203.169,-0.178638,13.513,203.31,-0.177002,13.513,203.45,              21P    289
-0.168126,13.513,203.591,-0.152434,13.513,203.731,-0.129804,          21P    290
13.513,203.87,-0.0997967,13.513,204.008,-0.064882,13.513,             21P    291
204.146,-0.0292731,13.513,204.283,0.00815209,13.513,204.421,          21P    292
0.0472712,13.513,204.558,0.0879693,13.513,204.688,0.127863,           21P    293
13.513,204.801,0.164507,13.513,204.892,0.194572,13.513,204.961,       21P    294
0.217677,13.513,204.998,0.230673,13.513,205.013,0.2359,13.513,        21P    295
205.023,0.239174,13.513,205.04,0.253941,13.513,205.042,0.287142,      21P    296
13.513,205.02,0.312395,13.513,204.998,0.313948,13.513,204.988,        21P    297
0.3108,13.513,204.973,0.305874,13.513,204.936,0.293728,13.513,        21P    298
204.869,0.272473,13.513,204.779,0.245804,13.513,204.666,              21P    299
0.214914,13.513,204.537,0.183309,13.513,204.399,0.154101,13.513,      21P    300
204.262,0.128636,13.513,204.123,0.107285,13.513,203.985,              21P    301
0.0897011,13.513,203.846,0.0769879,13.513,203.707,0.0650196,          21P    302
13.513,203.569,0.0511889,13.513,203.431,0.0357163,13.513,             21P    303
203.294,0.0190065,13.513,203.157,0.000558015,13.513,203.028,          21P    304
-0.0182505,13.513,202.914,-0.0358998,13.513,202.824,-0.0509265,       21P    305
13.513,202.756,-0.0626412,13.513,202.718,-0.0693067,13.513,           21P    306
202.703,-0.072,13.513,0.,4.89505,0.,0.,0.;                            21P    307
126,55,3,0,1,1,0,0.,0.,0.,0.,0.0217161,0.043378,0.0650519,            23P    308
0.0867148,0.0867148,0.134396,0.205894,0.301387,0.420895,              23P    309
0.564501,0.708332,0.852362,0.996735,1.14126,1.28608,1.43113,          23P    310
1.57638,1.72175,1.86743,2.01332,2.1594,2.28129,2.37887,2.45218,       23P    311
2.50104,2.50104,2.50104,2.53158,2.56216,2.59275,2.62374,2.62374,      23P    312
2.62374,2.67113,2.74282,2.83844,2.95765,3.10065,3.2435,3.38613,       23P    313
3.52849,3.67069,3.81269,3.95446,4.09607,4.23752,4.37865,4.51965,      23P    314
4.66037,4.77749,4.87114,4.94126,4.98798,4.98798,4.98798,4.98798,      23P    315
1.,1.,1.,1.,1.,1.,1.,1.,1.,1.,1.,1.,1.,1.,1.,1.,1.,1.,1.,1.,1.,       23P    316
1.,1.,1.,1.,1.,1.,1.,1.,1.,1.,1.,1.,1.,1.,1.,1.,1.,1.,1.,1.,1.,       23P    317
1.,1.,1.,1.,1.,1.,1.,1.,1.,1.,1.,1.,1.,1.,202.684,-0.0778,            23P    318
13.914,202.677,-0.079066,13.914,202.663,-0.0869337,13.914,            23P    319
202.655,-0.109028,13.914,202.663,-0.131106,13.914,202.677,            23P    320
-0.138932,13.914,202.699,-0.142991,13.914,202.739,-0.149653,          23P    321
13.914,202.809,-0.160284,13.914,202.904,-0.171705,13.914,             23P    322
203.023,-0.181369,13.914,203.159,-0.186189,13.914,203.303,            23P    323
-0.184163,13.914,203.447,-0.17453,13.914,203.59,-0.158036,            23P    324
13.914,203.733,-0.13405,13.914,203.874,-0.102408,13.914,204.014,      23P    325
-0.0657482,13.914,204.154,-0.0280525,13.914,204.294,0.0118799,        23P    326
13.914,204.434,0.0533668,13.914,204.573,0.0970401,13.914,             23P    327
204.704,0.139928,13.914,204.819,0.179487,13.914,204.911,              23P    328
0.211958,13.914,204.98,0.236917,13.914,205.018,0.251088,13.914,       23P    329
205.034,0.2568,13.914,205.043,0.260371,13.914,205.06,0.275683,        23P    330
13.914,205.062,0.309442,13.914,205.039,0.334761,13.914,205.016,       23P    331
0.335633,13.914,205.006,0.332152,13.914,204.991,0.326828,13.914,      23P    332
204.954,0.313636,13.914,204.886,0.290657,13.914,204.795,0.2617,       23P    333
13.914,204.681,0.228183,13.914,204.55,0.193899,13.914,204.411,        23P    334
0.161908,13.914,204.271,0.134202,13.914,204.13,0.110822,13.914,       23P    335
203.99,0.0915873,13.914,203.848,0.0772997,13.914,203.707,             23P    336
0.0642771,13.914,203.566,0.0490413,13.914,203.426,0.0330181,          23P    337
13.914,203.286,0.0151866,13.914,203.146,-0.00369942,13.914,           23P    338
203.015,-0.0231399,13.914,202.899,-0.0412332,13.914,202.807,          23P    339
-0.056378,13.914,202.737,-0.06833,13.914,202.699,-0.0750769,          23P    340
13.914,202.684,-0.0778,13.914,0.,4.98798,0.,0.,0.;                    23P    341
126,55,3,0,1,1,0,0.,0.,0.,0.,0.0219417,0.043881,0.0658295,            25P    342
0.0878023,0.0878023,0.136405,0.209318,0.306513,0.428215,              25P    343
0.574412,0.720858,0.867453,1.0143,1.1613,1.30846,1.45583,             25P    344
1.60342,1.75117,1.8991,2.04711,2.19541,2.31916,2.41815,2.49255,       25P    345
2.54207,2.54207,2.54207,2.57308,2.60404,2.635,2.66596,2.66596,        25P    346
2.66596,2.71441,2.78699,2.88372,3.00456,3.14939,3.29403,3.43854,      25P    347
3.58291,3.72708,3.87113,4.015,4.15878,4.30229,4.44573,4.58895,        25P    348
4.73194,4.8511,4.94628,5.01759,5.06511,5.06511,5.06511,5.06511,       25P    349
1.,1.,1.,1.,1.,1.,1.,1.,1.,1.,1.,1.,1.,1.,1.,1.,1.,1.,1.,1.,1.,       25P    350
1.,1.,1.,1.,1.,1.,1.,1.,1.,1.,1.,1.,1.,1.,1.,1.,1.,1.,1.,1.,1.,       25P    351
1.,1.,1.,1.,1.,1.,1.,1.,1.,1.,1.,1.,1.,1.,202.668,-0.0868,            25P    352
14.282,202.661,-0.0880789,14.282,202.647,-0.096081,14.282,            25P    353
202.639,-0.118422,14.282,202.647,-0.140759,14.282,202.661,            25P    354
-0.148804,14.282,202.684,-0.152967,14.282,202.724,-0.159798,          25P    355
14.282,202.796,-0.170613,14.282,202.893,-0.182126,14.282,             25P    356
203.014,-0.191799,14.282,203.152,-0.196408,14.282,203.299,            25P    357
-0.193444,14.282,203.445,-0.182992,14.282,203.591,-0.164721,          25P    358
14.282,203.736,-0.139052,14.282,203.879,-0.10517,14.282,204.021,      25P    359
-0.0659165,14.282,204.163,-0.0251837,14.282,204.304,0.0179878,        25P    360
14.282,204.445,0.0631822,14.282,204.585,0.110999,14.282,204.717,      25P    361
0.1581,14.282,204.833,0.201756,14.282,204.925,0.237714,14.282,        25P    362
204.994,0.265516,14.282,205.032,0.281194,14.282,205.047,0.2875,       25P    363
14.282,205.057,0.29145,14.282,205.074,0.307431,14.282,205.074,        25P    364
0.341722,14.282,205.05,0.366385,14.282,205.027,0.366821,14.282,       25P    365
205.018,0.363,14.282,205.002,0.357019,14.282,204.965,0.342289,        25P    366
14.282,204.897,0.316633,14.282,204.806,0.28451,14.282,204.691,        25P    367
0.247081,14.282,204.56,0.208751,14.282,204.42,0.172798,14.282,        25P    368
204.278,0.141757,14.282,204.136,0.115257,14.282,203.994,              25P    369
0.0933077,14.282,203.851,0.0767693,14.282,203.708,0.0616697,          25P    370
14.282,203.565,0.044991,14.282,203.423,0.0272469,14.282,203.28,       25P    371
0.00866283,14.282,203.139,-0.0114145,14.282,203.005,-0.0313432,       25P    372
14.282,202.887,-0.0497603,14.282,202.793,-0.0653623,14.282,           25P    373
202.723,-0.0771841,14.282,202.684,-0.0840307,14.282,202.668,          25P    374
-0.0868,14.282,0.,5.06511,0.,0.,0.;                                   25P    375
126,55,3,0,1,1,0,0.,0.,0.,0.,0.0219417,0.043881,0.0658295,            27P    376
0.0878023,0.0878023,0.136405,0.209318,0.306513,0.428215,              27P    377
0.574412,0.720858,0.867453,1.0143,1.1613,1.30846,1.45583,             27P    378
1.60342,1.75117,1.8991,2.04711,2.19541,2.31916,2.41815,2.49255,       27P    379
2.54207,2.54207,2.54207,2.57308,2.60404,2.635,2.66596,2.66596,        27P    380
2.66596,2.71441,2.78699,2.88372,3.00456,3.14939,3.29403,3.43854,      27P    381
3.58291,3.72708,3.87113,4.015,4.15878,4.30229,4.44573,4.58895,        27P    382
4.73194,4.8511,4.94628,5.01759,5.06511,5.06511,5.06511,5.06511,       27P    383
1.,1.,1.,1.,1.,1.,1.,1.,1.,1.,1.,1.,1.,1.,1.,1.,1.,1.,1.,1.,1.,       27P    384
1.,1.,1.,1.,1.,1.,1.,1.,1.,1.,1.,1.,1.,1.,1.,1.,1.,1.,1.,1.,1.,       27P    385
1.,1.,1.,1.,1.,1.,1.,1.,1.,1.,1.,1.,1.,1.,202.668,-0.0868,            27P    386
14.292,202.661,-0.0880789,14.292,202.647,-0.096081,14.292,            27P    387
202.639,-0.118422,14.292,202.647,-0.140759,14.292,202.661,            27P    388
-0.148804,14.292,202.684,-0.152967,14.292,202.724,-0.159798,          27P    389
14.292,202.796,-0.170613,14.292,202.893,-0.182126,14.292,             27P    390
203.014,-0.191799,14.292,203.152,-0.196408,14.292,203.299,            27P    391
-0.193444,14.292,203.445,-0.182992,14.292,203.591,-0.164721,          27P    392
14.292,203.736,-0.139052,14.292,203.879,-0.10517,14.292,204.021,      27P    393
-0.0659165,14.292,204.163,-0.0251837,14.292,204.304,0.0179878,        27P    394
14.292,204.445,0.0631822,14.292,204.585,0.110999,14.292,204.717,      27P    395
0.1581,14.292,204.833,0.201756,14.292,204.925,0.237714,14.292,        27P    396
204.994,0.265516,14.292,205.032,0.281194,14.292,205.047,0.2875,       27P    397
14.292,205.057,0.29145,14.292,205.074,0.307431,14.292,205.074,        27P    398
0.341722,14.292,205.05,0.366385,14.292,205.027,0.366821,14.292,       27P    399
205.018,0.363,14.292,205.002,0.357019,14.292,204.965,0.342289,        27P    400
14.292,204.897,0.316633,14.292,204.806,0.28451,14.292,204.691,        27P    401
0.247081,14.292,204.56,0.208751,14.292,204.42,0.172798,14.292,        27P    402
204.278,0.141757,14.292,204.136,0.115257,14.292,203.994,              27P    403
0.0933077,14.292,203.851,0.0767693,14.292,203.708,0.0616697,          27P    404
14.292,203.565,0.044991,14.292,203.423,0.0272469,14.292,203.28,       27P    405
0.00866283,14.292,203.139,-0.0114145,14.292,203.005,-0.0313432,       27P    406
14.292,202.887,-0.0497603,14.292,202.793,-0.0653623,14.292,           27P    407
202.723,-0.0771841,14.292,202.684,-0.0840307,14.292,202.668,          27P    408
-0.0868,14.292,0.,5.06511,0.,0.,0.;                                   27P    409
126,55,3,0,1,1,0,0.,0.,0.,0.,0.0143556,0.0286241,0.0428995,           29P    410
0.0571747,0.0571747,0.0571747,0.0884274,0.13543,0.198037,             29P    411
0.276367,0.370408,0.464441,0.558559,0.652666,0.746864,0.841063,       29P    412
0.935384,1.02966,1.12409,1.21849,1.31294,1.40746,1.48622,             29P    413
1.54933,1.5966,1.62815,1.62815,1.64815,1.6682,1.68825,1.70829,        29P    414
1.70829,1.70829,1.73972,1.78685,1.84977,1.92828,2.02248,2.11668,      29P    415
2.2108,2.30493,2.39901,2.49294,2.58692,2.68083,2.77474,2.86861,       29P    416
2.96232,3.05614,3.1342,3.19671,3.24348,3.27472,3.27472,3.27472,       29P    417
3.27472,1.,1.,1.,1.,1.,1.,1.,1.,1.,1.,1.,1.,1.,1.,1.,1.,1.,1.,        29P    418
1.,1.,1.,1.,1.,1.,1.,1.,1.,1.,1.,1.,1.,1.,1.,1.,1.,1.,1.,1.,1.,       29P    419
1.,1.,1.,1.,1.,1.,1.,1.,1.,1.,1.,1.,1.,1.,1.,1.,1.,203.048,           29P    420
0.0129,6.76,203.043,0.0120835,6.76,203.034,0.00686938,6.76,           29P    421
203.029,-0.00769686,6.76,203.034,-0.0222183,6.76,203.043,             29P    422
-0.027474,6.76,203.048,-0.0283,6.76,203.058,-0.0301083,6.76,          29P    423
203.084,-0.0345193,6.76,203.13,-0.0421034,6.76,203.192,               29P    424
-0.0507006,6.76,203.27,-0.0599174,6.76,203.358,-0.0673644,6.76,       29P    425
203.452,-0.0724646,6.76,203.546,-0.0741843,6.76,203.641,              29P    426
-0.0729983,6.76,203.735,-0.0688166,6.76,203.829,-0.0609304,6.76,      29P    427
203.922,-0.0516376,6.76,204.016,-0.0433208,6.76,204.11,               29P    428
-0.0354501,6.76,204.205,-0.0278792,6.76,204.299,-0.0210228,6.76,      29P    429
204.388,-0.0149737,6.76,204.466,-0.0100102,6.76,204.529,              29P    430
-0.00611787,6.76,204.577,-0.00362241,6.76,204.603,-0.00210862,        29P    431
6.76,204.62,-0.00111432,6.76,204.634,0.00510727,6.76,204.641,         29P    432
0.0260292,6.76,204.632,0.0461319,6.76,204.618,0.0512665,6.76,         29P    433
204.611,0.051,6.76,204.6,0.0505822,6.76,204.574,0.0495831,6.76,       29P    434
204.527,0.0479765,6.76,204.464,0.0462471,6.76,204.386,0.0450111,      29P    435
6.76,204.297,0.0444083,6.76,204.203,0.0449201,6.76,204.108,           29P    436
0.0465091,6.76,204.014,0.0492439,6.76,203.92,0.0529089,6.76,          29P    437
203.827,0.0583041,6.76,203.733,0.0624772,6.76,203.639,0.0637832,      29P    438
6.76,203.545,0.0627897,6.76,203.451,0.0588622,6.76,203.358,           29P    439
0.0527807,6.76,203.269,0.0443003,6.76,203.192,0.035,6.76,203.13,      29P    440
0.026343,6.76,203.084,0.0190012,6.76,203.058,0.0146767,6.76,          29P    441
203.048,0.0129,6.76,0.,3.27472,0.,0.,0.;                              29P    442
128,305,12,3,3,1,0,1,0,0,0.,0.,0.,0.,0.0143556,0.0286241,             31P    443
0.0428995,0.0571747,0.0571747,0.0884274,0.13543,0.197241,             31P    444
0.198037,0.275527,0.276367,0.369574,0.370408,0.371371,0.463591,       31P    445
0.464441,0.466053,0.557639,0.558559,0.559594,0.560829,0.651904,       31P    446
0.652666,0.654379,0.655772,0.746864,0.748012,0.749261,0.750811,       31P    447
0.841063,0.841854,0.84303,0.844337,0.845953,0.935384,0.936183,        31P    448
0.937498,0.939568,0.941227,1.02966,1.03088,1.03214,1.03347,           31P    449
1.03493,1.03665,1.12409,1.12519,1.12636,1.12754,1.12823,1.13037,      31P    450
1.13217,1.21849,1.21986,1.22114,1.22208,1.2231,1.22382,1.22458,       31P    451
1.22601,1.22781,1.31294,1.31461,1.31576,1.3172,1.3189,1.3196,         31P    452
1.32039,1.32179,1.32351,1.40746,1.40934,1.411,1.41206,1.41288,        31P    453
1.41481,1.41551,1.41632,1.41769,1.41939,1.48622,1.48845,1.49043,      31P    454
1.49167,1.49275,1.49354,1.49487,1.49561,1.49637,1.49772,1.4994,       31P    455
1.54933,1.55168,1.55406,1.55555,1.55673,1.55761,1.559,1.55976,        31P    456
1.56049,1.56178,1.5634,1.5966,1.59922,1.60185,1.60341,1.60482,        31P    457
1.60573,1.60792,1.60867,1.60991,1.6115,1.62815,1.62815,1.63087,       31P    458
1.63087,1.63362,1.63362,1.63539,1.63539,1.63679,1.63679,1.63784,      31P    459
1.63784,1.63934,1.63934,1.64079,1.64079,1.64198,1.64198,1.64351,      31P    460
1.64351,1.64815,1.65091,1.65375,1.65553,1.65703,1.65805,1.65955,      31P    461
1.66027,1.66204,1.66356,1.6682,1.67096,1.67389,1.67572,1.67725,       31P    462
1.67829,1.67979,1.68106,1.68212,1.68357,1.68825,1.69102,1.69402,      31P    463
1.69591,1.69747,1.69853,1.70004,1.70121,1.7022,1.70359,1.70829,       31P    464
1.70829,1.71107,1.71107,1.71416,1.71416,1.7161,1.7161,1.71768,        31P    465
1.71768,1.71876,1.71876,1.72028,1.72028,1.72136,1.72136,1.72254,      31P    466
1.72254,1.72361,1.72361,1.73972,1.74248,1.74567,1.74765,1.74921,      31P    467
1.75035,1.7519,1.75289,1.75365,1.75493,1.78685,1.78962,1.79294,       31P    468
1.79495,1.79658,1.79766,1.79917,1.8001,1.80186,1.84977,1.85255,       31P    469
1.85588,1.85802,1.85956,1.8607,1.86213,1.86297,1.86439,1.92828,       31P    470
1.93105,1.93451,1.93664,1.93826,1.93945,1.94081,1.94148,1.94252,      31P    471
2.02248,2.02528,2.02868,2.03088,2.03254,2.03367,2.03501,2.03616,      31P    472
2.11668,2.11934,2.12283,2.12501,2.12669,2.12902,2.12967,2.2108,       31P    473
2.21345,2.21684,2.21899,2.22063,2.22174,2.22288,2.30493,2.30734,      31P    474
2.31074,2.31287,2.3144,2.31548,2.31658,2.39901,2.40133,2.40447,       31P    475
2.40653,2.40805,2.40906,2.41004,2.49294,2.49515,2.49817,2.5001,       31P    476
2.50157,2.50246,2.50339,2.58692,2.58895,2.59169,2.59358,2.59484,      31P    477
2.59577,2.59656,2.68083,2.68265,2.68517,2.6868,2.68804,2.68887,       31P    478
2.68957,2.77474,2.77631,2.77856,2.77996,2.78102,2.78237,2.86861,      31P    479
2.86988,2.87181,2.873,2.8739,2.87503,2.96232,2.96341,2.96496,         31P    480
2.96595,2.96716,3.05614,3.05796,3.05922,3.1342,3.13544,3.13652,       31P    481
3.19671,3.19763,3.24348,3.27472,3.27472,3.27472,3.27472,0.,0.,        31P    482
0.,0.,0.807939,1.91154,2.83888,3.64404,4.36706,5.63581,6.2186,        31P    483
6.77233,7.17385,7.55226,7.55226,7.55226,7.55226,1.,1.,1.,1.,1.,       31P    484
1.,1.,1.,1.,1.,1.,1.,1.,1.,1.,1.,1.,1.,1.,1.,1.,1.,1.,1.,1.,1.,       31P    485
1.,1.,1.,1.,1.,1.,1.,1.,1.,1.,1.,1.,1.,1.,1.,1.,1.,1.,1.,1.,1.,       31P    486
1.,1.,1.,1.,1.,1.,1.,1.,1.,1.,1.,1.,1.,1.,1.,1.,1.,1.,1.,1.,1.,       31P    487
1.,1.,1.,1.,1.,1.,1.,1.,1.,1.,1.,1.,1.,1.,1.,1.,1.,1.,1.,1.,1.,       31P    488
1.,1.,1.,1.,1.,1.,1.,1.,1.,1.,1.,1.,1.,1.,1.,1.,1.,1.,1.,1.,1.,       31P    489
1.,1.,1.,1.,1.,1.,1.,1.,1.,1.,1.,1.,1.,1.,1.,1.,1.,1.,1.,1.,1.,       31P    490
1.,1.,1.,1.,1.,1.,1.,1.,1.,1.,1.,1.,1.,1.,1.,1.,1.,1.,1.,1.,1.,       31P    491
1.,1.,1.,1.,1.,1.,1.,1.,1.,1.,1.,1.,1.,1.,1.,1.,1.,1.,1.,1.,1.,       31P    492
1.,1.,1.,1.,1.,1.,1.,1.,1.,1.,1.,1.,1.,1.,1.,1.,1.,1.,1.,1.,1.,       31P    493
1.,1.,1.,1.,1.,1.,1.,1.,1.,1.,1.,1.,1.,1.,1.,1.,1.,1.,1.,1.,1.,       31P    494
1.,1.,1.,1.,1.,1.,1.,1.,1.,1.,1.,1.,1.,1.,1.,1.,1.,1.,1.,1.,1.,       31P    495
1.,1.,1.,1.,1.,1.,1.,1.,1.,1.,1.,1.,1.,1.,1.,1.,1.,1.,1.,1.,1.,       31P    496
1.,1.,1.,1.,1.,1.,1.,1.,1.,1.,1.,1.,1.,1.,1.,1.,1.,1.,1.,1.,1.,       31P    497
1.,1.,1.,1.,1.,1.,1.,1.,1.,1.,1.,1.,1.,1.,1.,1.,1.,1.,1.,1.,1.,       31P    498
1.,1.,1.,1.,1.,1.,1.,1.,1.,1.,1.,1.,1.,1.,1.,1.,1.,1.,1.,1.,1.,       31P    499
1.,1.,1.,1.,1.,1.,1.,1.,1.,1.,1.,1.,1.,1.,1.,1.,1.,1.,1.,1.,1.,       31P    500
1.,1.,1.,1.,1.,1.,1.,1.,1.,1.,1.,1.,1.,1.,1.,1.,1.,1.,1.,1.,1.,       31P    501
1.,1.,1.,1.,1.,1.,1.,1.,1.,1.,1.,1.,1.,1.,1.,1.,1.,1.,1.,1.,1.,       31P    502
1.,1.,1.,1.,1.,1.,1.,1.,1.,1.,1.,1.,1.,1.,1.,1.,1.,1.,1.,1.,1.,       31P    503
1.,1.,1.,1.,1.,1.,1.,1.,1.,1.,1.,1.,1.,1.,1.,1.,1.,1.,1.,1.,1.,       31P    504
1.,1.,1.,1.,1.,1.,1.,1.,1.,1.,1.,1.,1.,1.,1.,1.,1.,1.,1.,1.,1.,       31P    505
1.,1.,1.,1.,1.,1.,1.,1.,1.,1.,1.,1.,1.,1.,1.,1.,1.,1.,1.,1.,1.,       31P    506
1.,1.,1.,1.,1.,1.,1.,1.,1.,1.,1.,1.,1.,1.,1.,1.,1.,1.,1.,1.,1.,       31P    507
1.,1.,1.,1.,1.,1.,1.,1.,1.,1.,1.,1.,1.,1.,1.,1.,1.,1.,1.,1.,1.,       31P    508
1.,1.,1.,1.,1.,1.,1.,1.,1.,1.,1.,1.,1.,1.,1.,1.,1.,1.,1.,1.,1.,       31P    509
1.,1.,1.,1.,1.,1.,1.,1.,1.,1.,1.,1.,1.,1.,1.,1.,1.,1.,1.,1.,1.,       31P    510
1.,1.,1.,1.,1.,1.,1.,1.,1.,1.,1.,1.,1.,1.,1.,1.,1.,1.,1.,1.,1.,       31P    511
1.,1.,1.,1.,1.,1.,1.,1.,1.,1.,1.,1.,1.,1.,1.,1.,1.,1.,1.,1.,1.,       31P    512
1.,1.,1.,1.,1.,1.,1.,1.,1.,1.,1.,1.,1.,1.,1.,1.,1.,1.,1.,1.,1.,       31P    513
1.,1.,1.,1.,1.,1.,1.,1.,1.,1.,1.,1.,1.,1.,1.,1.,1.,1.,1.,1.,1.,       31P    514
1.,1.,1.,1.,1.,1.,1.,1.,1.,1.,1.,1.,1.,1.,1.,1.,1.,1.,1.,1.,1.,       31P    515
1.,1.,1.,1.,1.,1.,1.,1.,1.,1.,1.,1.,1.,1.,1.,1.,1.,1.,1.,1.,1.,       31P    516
1.,1.,1.,1.,1.,1.,1.,1.,1.,1.,1.,1.,1.,1.,1.,1.,1.,1.,1.,1.,1.,       31P    517
1.,1.,1.,1.,1.,1.,1.,1.,1.,1.,1.,1.,1.,1.,1.,1.,1.,1.,1.,1.,1.,       31P    518
1.,1.,1.,1.,1.,1.,1.,1.,1.,1.,1.,1.,1.,1.,1.,1.,1.,1.,1.,1.,1.,       31P    519
1.,1.,1.,1.,1.,1.,1.,1.,1.,1.,1.,1.,1.,1.,1.,1.,1.,1.,1.,1.,1.,       31P    520
1.,1.,1.,1.,1.,1.,1.,1.,1.,1.,1.,1.,1.,1.,1.,1.,1.,1.,1.,1.,1.,       31P    521
1.,1.,1.,1.,1.,1.,1.,1.,1.,1.,1.,1.,1.,1.,1.,1.,1.,1.,1.,1.,1.,       31P    522
1.,1.,1.,1.,1.,1.,1.,1.,1.,1.,1.,1.,1.,1.,1.,1.,1.,1.,1.,1.,1.,       31P    523
1.,1.,1.,1.,1.,1.,1.,1.,1.,1.,1.,1.,1.,1.,1.,1.,1.,1.,1.,1.,1.,       31P    524
1.,1.,1.,1.,1.,1.,1.,1.,1.,1.,1.,1.,1.,1.,1.,1.,1.,1.,1.,1.,1.,       31P    525
1.,1.,1.,1.,1.,1.,1.,1.,1.,1.,1.,1.,1.,1.,1.,1.,1.,1.,1.,1.,1.,       31P    526
1.,1.,1.,1.,1.,1.,1.,1.,1.,1.,1.,1.,1.,1.,1.,1.,1.,1.,1.,1.,1.,       31P    527
1.,1.,1.,1.,1.,1.,1.,1.,1.,1.,1.,1.,1.,1.,1.,1.,1.,1.,1.,1.,1.,       31P    528
1.,1.,1.,1.,1.,1.,1.,1.,1.,1.,1.,1.,1.,1.,1.,1.,1.,1.,1.,1.,1.,       31P    529
1.,1.,1.,1.,1.,1.,1.,1.,1.,1.,1.,1.,1.,1.,1.,1.,1.,1.,1.,1.,1.,       31P    530
1.,1.,1.,1.,1.,1.,1.,1.,1.,1.,1.,1.,1.,1.,1.,1.,1.,1.,1.,1.,1.,       31P    531
1.,1.,1.,1.,1.,1.,1.,1.,1.,1.,1.,1.,1.,1.,1.,1.,1.,1.,1.,1.,1.,       31P    532
1.,1.,1.,1.,1.,1.,1.,1.,1.,1.,1.,1.,1.,1.,1.,1.,1.,1.,1.,1.,1.,       31P    533
1.,1.,1.,1.,1.,1.,1.,1.,1.,1.,1.,1.,1.,1.,1.,1.,1.,1.,1.,1.,1.,       31P    534
1.,1.,1.,1.,1.,1.,1.,1.,1.,1.,1.,1.,1.,1.,1.,1.,1.,1.,1.,1.,1.,       31P    535
1.,1.,1.,1.,1.,1.,1.,1.,1.,1.,1.,1.,1.,1.,1.,1.,1.,1.,1.,1.,1.,       31P    536
1.,1.,1.,1.,1.,1.,1.,1.,1.,1.,1.,1.,1.,1.,1.,1.,1.,1.,1.,1.,1.,       31P    537
1.,1.,1.,1.,1.,1.,1.,1.,1.,1.,1.,1.,1.,1.,1.,1.,1.,1.,1.,1.,1.,       31P    538
1.,1.,1.,1.,1.,1.,1.,1.,1.,1.,1.,1.,1.,1.,1.,1.,1.,1.,1.,1.,1.,       31P    539
1.,1.,1.,1.,1.,1.,1.,1.,1.,1.,1.,1.,1.,1.,1.,1.,1.,1.,1.,1.,1.,       31P    540
1.,1.,1.,1.,1.,1.,1.,1.,1.,1.,1.,1.,1.,1.,1.,1.,1.,1.,1.,1.,1.,       31P    541
1.,1.,1.,1.,1.,1.,1.,1.,1.,1.,1.,1.,1.,1.,1.,1.,1.,1.,1.,1.,1.,       31P    542
1.,1.,1.,1.,1.,1.,1.,1.,1.,1.,1.,1.,1.,1.,1.,1.,1.,1.,1.,1.,1.,       31P    543
1.,1.,1.,1.,1.,1.,1.,1.,1.,1.,1.,1.,1.,1.,1.,1.,1.,1.,1.,1.,1.,       31P    544
1.,1.,1.,1.,1.,1.,1.,1.,1.,1.,1.,1.,1.,1.,1.,1.,1.,1.,1.,1.,1.,       31P    545
1.,1.,1.,1.,1.,1.,1.,1.,1.,1.,1.,1.,1.,1.,1.,1.,1.,1.,1.,1.,1.,       31P    546
1.,1.,1.,1.,1.,1.,1.,1.,1.,1.,1.,1.,1.,1.,1.,1.,1.,1.,1.,1.,1.,       31P    547
1.,1.,1.,1.,1.,1.,1.,1.,1.,1.,1.,1.,1.,1.,1.,1.,1.,1.,1.,1.,1.,       31P    548
1.,1.,1.,1.,1.,1.,1.,1.,1.,1.,1.,1.,1.,1.,1.,1.,1.,1.,1.,1.,1.,       31P    549
1.,1.,1.,1.,1.,1.,1.,1.,1.,1.,1.,1.,1.,1.,1.,1.,1.,1.,1.,1.,1.,       31P    550
1.,1.,1.,1.,1.,1.,1.,1.,1.,1.,1.,1.,1.,1.,1.,1.,1.,1.,1.,1.,1.,       31P    551
1.,1.,1.,1.,1.,1.,1.,1.,1.,1.,1.,1.,1.,1.,1.,1.,1.,1.,1.,1.,1.,       31P    552
1.,1.,1.,1.,1.,1.,1.,1.,1.,1.,1.,1.,1.,1.,1.,1.,1.,1.,1.,1.,1.,       31P    553
1.,1.,1.,1.,1.,1.,1.,1.,1.,1.,1.,1.,1.,1.,1.,1.,1.,1.,1.,1.,1.,       31P    554
1.,1.,1.,1.,1.,1.,1.,1.,1.,1.,1.,1.,1.,1.,1.,1.,1.,1.,1.,1.,1.,       31P    555
1.,1.,1.,1.,1.,1.,1.,1.,1.,1.,1.,1.,1.,1.,1.,1.,1.,1.,1.,1.,1.,       31P    556
1.,1.,1.,1.,1.,1.,1.,1.,1.,1.,1.,1.,1.,1.,1.,1.,1.,1.,1.,1.,1.,       31P    557
1.,1.,1.,1.,1.,1.,1.,1.,1.,1.,1.,1.,1.,1.,1.,1.,1.,1.,1.,1.,1.,       31P    558
1.,1.,1.,1.,1.,1.,1.,1.,1.,1.,1.,1.,1.,1.,1.,1.,1.,1.,1.,1.,1.,       31P    559
1.,1.,1.,1.,1.,1.,1.,1.,1.,1.,1.,1.,1.,1.,1.,1.,1.,1.,1.,1.,1.,       31P    560
1.,1.,1.,1.,1.,1.,1.,1.,1.,1.,1.,1.,1.,1.,1.,1.,1.,1.,1.,1.,1.,       31P    561
1.,1.,1.,1.,1.,1.,1.,1.,1.,1.,1.,1.,1.,1.,1.,1.,1.,1.,1.,1.,1.,       31P    562
1.,1.,1.,1.,1.,1.,1.,1.,1.,1.,1.,1.,1.,1.,1.,1.,1.,1.,1.,1.,1.,       31P    563
1.,1.,1.,1.,1.,1.,1.,1.,1.,1.,1.,1.,1.,1.,1.,1.,1.,1.,1.,1.,1.,       31P    564
1.,1.,1.,1.,1.,1.,1.,1.,1.,1.,1.,1.,1.,1.,1.,1.,1.,1.,1.,1.,1.,       31P    565
1.,1.,1.,1.,1.,1.,1.,1.,1.,1.,1.,1.,1.,1.,1.,1.,1.,1.,1.,1.,1.,       31P    566
1.,1.,1.,1.,1.,1.,1.,1.,1.,1.,1.,1.,1.,1.,1.,1.,1.,1.,1.,1.,1.,       31P    567
1.,1.,1.,1.,1.,1.,1.,1.,1.,1.,1.,1.,1.,1.,1.,1.,1.,1.,1.,1.,1.,       31P    568
1.,1.,1.,1.,1.,1.,1.,1.,1.,1.,1.,1.,1.,1.,1.,1.,1.,1.,1.,1.,1.,       31P    569
1.,1.,1.,1.,1.,1.,1.,1.,1.,1.,1.,1.,1.,1.,1.,1.,1.,1.,1.,1.,1.,       31P    570
1.,1.,1.,1.,1.,1.,1.,1.,1.,1.,1.,1.,1.,1.,1.,1.,1.,1.,1.,1.,1.,       31P    571
1.,1.,1.,1.,1.,1.,1.,1.,1.,1.,1.,1.,1.,1.,1.,1.,1.,1.,1.,1.,1.,       31P    572
1.,1.,1.,1.,1.,1.,1.,1.,1.,1.,1.,1.,1.,1.,1.,1.,1.,1.,1.,1.,1.,       31P    573
1.,1.,1.,1.,1.,1.,1.,1.,1.,1.,1.,1.,1.,1.,1.,1.,1.,1.,1.,1.,1.,       31P    574
1.,1.,1.,1.,1.,1.,1.,1.,1.,1.,1.,1.,1.,1.,1.,1.,1.,1.,1.,1.,1.,       31P    575
1.,1.,1.,1.,1.,1.,1.,1.,1.,1.,1.,1.,1.,1.,1.,1.,1.,1.,1.,1.,1.,       31P    576
1.,1.,1.,1.,1.,1.,1.,1.,1.,1.,1.,1.,1.,1.,1.,1.,1.,1.,1.,1.,1.,       31P    577
1.,1.,1.,1.,1.,1.,1.,1.,1.,1.,1.,1.,1.,1.,1.,1.,1.,1.,1.,1.,1.,       31P    578
1.,1.,1.,1.,1.,1.,1.,1.,1.,1.,1.,1.,1.,1.,1.,1.,1.,1.,1.,1.,1.,       31P    579
1.,1.,1.,1.,1.,1.,1.,1.,1.,1.,1.,1.,1.,1.,1.,1.,1.,1.,1.,1.,1.,       31P    580
1.,1.,1.,1.,1.,1.,1.,1.,1.,1.,1.,1.,1.,1.,1.,1.,1.,1.,1.,1.,1.,       31P    581
1.,1.,1.,1.,1.,1.,1.,1.,1.,1.,1.,1.,1.,1.,1.,1.,1.,1.,1.,1.,1.,       31P    582
1.,1.,1.,1.,1.,1.,1.,1.,1.,1.,1.,1.,1.,1.,1.,1.,1.,1.,1.,1.,1.,       31P    583
1.,1.,1.,1.,1.,1.,1.,1.,1.,1.,1.,1.,1.,1.,1.,1.,1.,1.,1.,1.,1.,       31P    584
1.,1.,1.,1.,1.,1.,1.,1.,1.,1.,1.,1.,1.,1.,1.,1.,1.,1.,1.,1.,1.,       31P    585
1.,1.,1.,1.,1.,1.,1.,1.,1.,1.,1.,1.,1.,1.,1.,1.,1.,1.,1.,1.,1.,       31P    586
1.,1.,1.,1.,1.,1.,1.,1.,1.,1.,1.,1.,1.,1.,1.,1.,1.,1.,1.,1.,1.,       31P    587
1.,1.,1.,1.,1.,1.,1.,1.,1.,1.,1.,1.,1.,1.,1.,1.,1.,1.,1.,1.,1.,       31P    588
1.,1.,1.,1.,1.,1.,1.,1.,1.,1.,1.,1.,1.,1.,1.,1.,1.,1.,1.,1.,1.,       31P    589
1.,1.,1.,1.,1.,1.,1.,1.,1.,1.,1.,1.,1.,1.,1.,1.,1.,1.,1.,1.,1.,       31P    590
1.,1.,1.,1.,1.,1.,1.,1.,1.,1.,1.,1.,1.,1.,1.,1.,1.,1.,1.,1.,1.,       31P    591
1.,1.,1.,1.,1.,1.,1.,1.,1.,1.,1.,1.,1.,1.,1.,1.,1.,1.,1.,1.,1.,       31P    592
1.,1.,1.,1.,1.,1.,1.,1.,1.,1.,1.,1.,1.,1.,1.,1.,1.,1.,1.,1.,1.,       31P    593
1.,1.,1.,1.,1.,1.,1.,1.,1.,1.,1.,1.,1.,1.,1.,1.,1.,1.,1.,1.,1.,       31P    594
1.,1.,1.,1.,1.,1.,1.,1.,1.,1.,1.,1.,1.,1.,1.,1.,1.,1.,1.,1.,1.,       31P    595
1.,1.,1.,1.,1.,1.,1.,1.,1.,1.,1.,1.,1.,1.,1.,1.,1.,1.,1.,1.,1.,       31P    596
1.,1.,1.,1.,1.,1.,1.,1.,1.,1.,1.,1.,1.,1.,1.,1.,1.,1.,1.,1.,1.,       31P    597
1.,1.,1.,1.,1.,1.,1.,1.,1.,1.,1.,1.,1.,1.,1.,1.,1.,1.,1.,1.,1.,       31P    598
1.,1.,1.,1.,1.,1.,1.,1.,1.,1.,1.,1.,1.,1.,1.,1.,1.,1.,1.,1.,1.,       31P    599
1.,1.,1.,1.,1.,1.,1.,1.,1.,1.,1.,1.,1.,1.,1.,1.,1.,1.,1.,1.,1.,       31P    600
1.,1.,1.,1.,1.,1.,1.,1.,1.,1.,1.,1.,1.,1.,1.,1.,1.,1.,1.,1.,1.,       31P    601
1.,1.,1.,1.,1.,1.,1.,1.,1.,1.,1.,1.,1.,1.,1.,1.,1.,1.,1.,1.,1.,       31P    602
1.,1.,1.,1.,1.,1.,1.,1.,1.,1.,1.,1.,1.,1.,1.,1.,1.,1.,1.,1.,1.,       31P    603
1.,1.,1.,1.,1.,1.,1.,1.,1.,1.,1.,1.,1.,1.,1.,1.,1.,1.,1.,1.,1.,       31P    604
1.,1.,1.,1.,1.,1.,1.,1.,1.,1.,1.,1.,1.,1.,1.,1.,1.,1.,1.,1.,1.,       31P    605
1.,1.,1.,1.,1.,1.,1.,1.,1.,1.,1.,1.,1.,1.,1.,1.,1.,1.,1.,1.,1.,       31P    606
1.,1.,1.,1.,1.,1.,1.,1.,1.,1.,1.,1.,1.,1.,1.,1.,1.,1.,1.,1.,1.,       31P    607
1.,1.,1.,1.,1.,1.,1.,1.,1.,1.,1.,1.,1.,1.,1.,1.,1.,1.,1.,1.,1.,       31P    608
1.,1.,1.,1.,1.,1.,1.,1.,1.,1.,1.,1.,1.,1.,1.,1.,1.,1.,1.,1.,1.,       31P    609
1.,1.,1.,1.,1.,1.,1.,1.,1.,1.,1.,1.,1.,1.,1.,1.,1.,1.,1.,1.,1.,       31P    610
1.,1.,1.,1.,1.,1.,1.,1.,1.,1.,1.,1.,1.,1.,1.,1.,1.,1.,1.,1.,1.,       31P    611
1.,1.,1.,1.,1.,1.,1.,1.,1.,1.,1.,1.,1.,1.,1.,1.,1.,1.,1.,1.,1.,       31P    612
1.,1.,1.,1.,1.,1.,1.,1.,1.,1.,1.,1.,1.,1.,1.,1.,1.,1.,1.,1.,1.,       31P    613
1.,1.,1.,1.,1.,1.,1.,1.,1.,1.,1.,1.,1.,1.,1.,1.,1.,1.,1.,1.,1.,       31P    614
1.,1.,1.,1.,1.,1.,1.,1.,1.,1.,1.,1.,1.,1.,1.,1.,1.,1.,1.,1.,1.,       31P    615
1.,1.,1.,1.,1.,1.,1.,1.,1.,1.,1.,1.,1.,1.,1.,1.,1.,1.,1.,1.,1.,       31P    616
1.,1.,1.,1.,1.,1.,1.,1.,1.,1.,1.,1.,1.,1.,1.,1.,1.,1.,1.,1.,1.,       31P    617
1.,1.,1.,1.,1.,1.,1.,1.,1.,1.,1.,1.,1.,1.,1.,1.,1.,1.,1.,1.,1.,       31P    618
1.,1.,1.,1.,1.,1.,1.,1.,1.,1.,1.,1.,1.,1.,1.,1.,1.,1.,1.,1.,1.,       31P    619
1.,1.,1.,1.,1.,1.,1.,1.,1.,1.,1.,1.,1.,1.,1.,1.,1.,1.,1.,1.,1.,       31P    620
1.,1.,1.,1.,1.,1.,1.,1.,1.,1.,1.,1.,1.,1.,1.,1.,1.,1.,1.,1.,1.,       31P    621
1.,1.,1.,1.,1.,1.,1.,1.,1.,1.,1.,1.,1.,1.,1.,1.,1.,1.,1.,1.,1.,       31P    622
1.,1.,1.,1.,1.,1.,1.,1.,1.,1.,1.,1.,1.,1.,1.,1.,1.,1.,1.,1.,1.,       31P    623
1.,1.,1.,1.,1.,1.,1.,1.,1.,1.,1.,1.,1.,1.,1.,1.,1.,1.,1.,1.,1.,       31P    624
1.,1.,1.,1.,1.,1.,1.,1.,1.,1.,1.,1.,1.,1.,1.,1.,1.,1.,1.,1.,1.,       31P    625
1.,1.,1.,1.,1.,1.,1.,1.,1.,1.,1.,1.,1.,1.,1.,1.,1.,1.,1.,1.,1.,       31P    626
1.,1.,1.,1.,1.,1.,1.,1.,1.,1.,1.,1.,1.,1.,1.,1.,1.,1.,1.,1.,1.,       31P    627
1.,1.,1.,1.,1.,1.,1.,1.,1.,1.,1.,1.,1.,1.,1.,1.,1.,1.,1.,1.,1.,       31P    628
1.,1.,1.,1.,1.,1.,1.,1.,1.,1.,1.,1.,1.,1.,1.,1.,1.,1.,1.,1.,1.,       31P    629
1.,1.,1.,1.,1.,1.,1.,1.,1.,1.,1.,1.,1.,1.,1.,1.,1.,1.,1.,1.,1.,       31P    630
1.,1.,1.,1.,1.,1.,1.,1.,1.,1.,1.,1.,1.,1.,1.,1.,1.,1.,1.,1.,1.,       31P    631
1.,1.,1.,1.,1.,1.,1.,1.,1.,1.,1.,1.,1.,1.,1.,1.,1.,1.,1.,1.,1.,       31P    632
1.,1.,1.,1.,1.,1.,1.,1.,1.,1.,1.,1.,1.,1.,1.,1.,1.,1.,1.,1.,1.,       31P    633
1.,1.,1.,1.,1.,1.,1.,1.,1.,1.,1.,1.,1.,1.,1.,1.,1.,1.,1.,1.,1.,       31P    634
1.,1.,1.,1.,1.,1.,1.,1.,1.,1.,1.,1.,1.,1.,1.,1.,1.,1.,1.,1.,1.,       31P    635
1.,1.,1.,1.,1.,1.,1.,1.,1.,1.,1.,1.,1.,1.,1.,1.,1.,1.,1.,1.,1.,       31P    636
1.,1.,1.,1.,1.,1.,1.,1.,1.,1.,1.,1.,1.,1.,1.,1.,1.,1.,1.,1.,1.,       31P    637
1.,1.,1.,1.,1.,1.,1.,1.,1.,1.,1.,1.,1.,1.,1.,1.,1.,1.,1.,1.,1.,       31P    638
1.,1.,1.,1.,1.,1.,1.,1.,1.,1.,1.,1.,1.,1.,1.,1.,1.,1.,1.,1.,1.,       31P    639
1.,1.,1.,1.,1.,1.,1.,1.,1.,1.,1.,1.,1.,1.,1.,1.,1.,1.,1.,1.,1.,       31P    640
1.,1.,1.,1.,1.,1.,1.,1.,1.,1.,1.,1.,1.,1.,1.,1.,1.,1.,1.,1.,1.,       31P    641
1.,1.,1.,1.,1.,1.,1.,1.,1.,1.,1.,1.,1.,1.,1.,1.,1.,1.,1.,1.,1.,       31P    642
1.,1.,1.,1.,1.,1.,1.,1.,1.,1.,1.,1.,1.,1.,1.,1.,1.,1.,1.,1.,1.,       31P    643
1.,1.,1.,1.,1.,1.,1.,1.,1.,1.,1.,1.,1.,1.,1.,1.,1.,1.,1.,1.,1.,       31P    644
1.,1.,1.,1.,1.,1.,1.,1.,1.,1.,1.,1.,1.,1.,1.,1.,1.,1.,1.,1.,1.,       31P    645
1.,1.,1.,1.,1.,1.,1.,1.,1.,1.,1.,1.,1.,1.,1.,1.,1.,1.,1.,1.,1.,       31P    646
1.,1.,1.,1.,1.,1.,1.,1.,1.,1.,1.,1.,1.,1.,1.,1.,1.,1.,1.,1.,1.,       31P    647
1.,1.,1.,1.,1.,1.,1.,1.,1.,1.,1.,1.,1.,1.,1.,1.,1.,1.,1.,1.,1.,       31P    648
1.,1.,1.,1.,1.,1.,1.,1.,1.,1.,1.,1.,1.,1.,1.,1.,1.,1.,1.,1.,1.,       31P    649
1.,1.,1.,1.,1.,1.,1.,1.,1.,1.,1.,1.,1.,1.,1.,1.,1.,1.,1.,1.,1.,       31P    650
1.,1.,1.,1.,1.,1.,1.,1.,1.,1.,1.,1.,1.,1.,1.,1.,1.,1.,1.,1.,1.,       31P    651
1.,1.,1.,1.,1.,1.,1.,1.,1.,1.,1.,1.,1.,1.,1.,1.,1.,1.,1.,1.,1.,       31P    652
1.,1.,1.,1.,1.,1.,1.,1.,1.,1.,1.,1.,1.,1.,1.,1.,1.,1.,1.,1.,1.,       31P    653
1.,1.,1.,1.,1.,1.,1.,1.,1.,1.,1.,1.,1.,1.,1.,1.,1.,1.,1.,1.,1.,       31P    654
1.,1.,1.,1.,1.,1.,1.,1.,1.,1.,1.,1.,1.,1.,1.,1.,1.,1.,1.,1.,1.,       31P    655
1.,1.,1.,1.,1.,1.,1.,1.,1.,1.,1.,1.,1.,1.,1.,1.,1.,1.,1.,1.,1.,       31P    656
1.,1.,1.,1.,1.,1.,1.,1.,1.,1.,1.,1.,1.,1.,1.,1.,1.,1.,1.,1.,1.,       31P    657
1.,1.,1.,1.,1.,1.,1.,1.,1.,1.,1.,1.,1.,1.,1.,1.,1.,1.,1.,1.,1.,       31P    658
1.,1.,1.,1.,1.,1.,1.,1.,1.,1.,1.,1.,1.,1.,1.,1.,1.,1.,1.,1.,1.,       31P    659
1.,1.,1.,1.,1.,1.,1.,1.,1.,1.,1.,1.,1.,1.,1.,1.,1.,1.,1.,1.,1.,       31P    660
1.,1.,1.,1.,1.,1.,1.,1.,1.,1.,1.,1.,1.,1.,1.,1.,1.,1.,1.,1.,1.,       31P    661
1.,1.,1.,1.,1.,1.,1.,1.,1.,1.,1.,1.,1.,1.,1.,1.,1.,1.,1.,1.,1.,       31P    662
1.,1.,1.,1.,1.,1.,1.,1.,1.,1.,1.,1.,1.,1.,1.,1.,1.,1.,1.,1.,1.,       31P    663
1.,1.,1.,1.,1.,1.,1.,1.,1.,1.,1.,1.,1.,1.,1.,1.,1.,1.,1.,1.,1.,       31P    664
1.,1.,1.,1.,1.,1.,1.,1.,1.,1.,1.,1.,1.,1.,1.,1.,1.,1.,1.,1.,1.,       31P    665
1.,1.,1.,1.,1.,1.,1.,1.,1.,1.,1.,1.,1.,1.,1.,1.,1.,1.,1.,1.,1.,       31P    666
1.,1.,1.,1.,1.,1.,1.,1.,1.,1.,1.,1.,1.,1.,1.,1.,1.,1.,1.,1.,1.,       31P    667
1.,1.,1.,1.,1.,1.,1.,1.,1.,1.,1.,1.,1.,1.,1.,1.,1.,1.,1.,1.,1.,       31P    668
1.,1.,1.,1.,1.,1.,1.,1.,1.,1.,1.,1.,1.,1.,1.,1.,1.,1.,1.,1.,1.,       31P    669
1.,1.,1.,1.,1.,1.,1.,1.,1.,1.,1.,1.,1.,1.,1.,1.,1.,1.,1.,1.,1.,       31P    670
1.,1.,1.,1.,1.,1.,1.,1.,1.,1.,1.,1.,1.,1.,1.,1.,1.,1.,1.,1.,1.,       31P    671
1.,1.,1.,1.,1.,1.,1.,1.,1.,1.,1.,1.,1.,1.,1.,1.,1.,1.,1.,1.,1.,       31P    672
1.,1.,1.,1.,1.,1.,1.,1.,1.,1.,1.,1.,1.,1.,1.,1.,1.,1.,1.,1.,1.,       31P    673
1.,1.,1.,1.,203.048,0.0129,6.75,203.043,0.0120835,6.75,203.034,       31P    674
0.00686938,6.75,203.029,-0.00769686,6.75,203.034,-0.0222183,          31P    675
6.75,203.043,-0.027474,6.75,203.058,-0.0301083,6.75,203.084,          31P    676
-0.0345193,6.75,203.13,-0.0420605,6.75,203.166,-0.047081,6.75,        31P    677
203.212,-0.053089,6.75,203.238,-0.0561958,6.75,203.295,               31P    678
-0.062055,6.75,203.327,-0.0647125,6.75,203.358,-0.066903,6.75,        31P    679
203.39,-0.0690619,6.75,203.421,-0.0707599,6.75,203.453,               31P    680
-0.0719093,6.75,203.484,-0.0730363,6.75,203.515,-0.0736069,6.75,      31P    681
203.546,-0.0737002,6.75,203.548,-0.073703,6.75,203.579,               31P    682
-0.0737745,6.75,203.61,-0.0733756,6.75,203.641,-0.072491,6.75,        31P    683
203.642,-0.0724539,6.75,203.673,-0.0715336,6.75,203.705,              31P    684
-0.0701274,6.75,203.736,-0.0681242,6.75,203.737,-0.0680389,6.75,      31P    685
203.768,-0.0660118,6.75,203.799,-0.0634194,6.75,203.829,              31P    686
-0.0606162,6.75,203.831,-0.0605166,6.75,203.832,-0.0603915,6.75,      31P    687
203.863,-0.057567,6.75,203.893,-0.0545572,6.75,203.923,               31P    688
-0.0517094,6.75,203.925,-0.0515794,6.75,203.926,-0.051423,6.75,       31P    689
203.957,-0.0485715,6.75,203.987,-0.0458929,6.75,204.018,              31P    690
-0.0432944,6.75,204.019,-0.0431855,6.75,204.02,-0.0430699,6.75,       31P    691
204.022,-0.0429411,6.75,204.052,-0.0403592,6.75,204.082,              31P    692
-0.0378533,6.75,204.112,-0.0354081,6.75,204.113,-0.0353142,6.75,      31P    693
204.114,-0.0352314,6.75,204.115,-0.0351224,6.75,204.117,              31P    694
-0.0349963,6.75,204.147,-0.0325433,6.75,204.176,-0.0301611,6.75,      31P    695
204.206,-0.0278974,6.75,204.207,-0.0278062,6.75,204.208,              31P    696
-0.0277241,6.75,204.209,-0.0276563,6.75,204.21,-0.027593,6.75,        31P    697
204.211,-0.0275193,6.75,204.212,-0.0274183,6.75,204.241,              31P    698
-0.0251882,6.75,204.271,-0.0230514,6.75,204.3,-0.0209949,6.75,        31P    699
204.302,-0.0208954,6.75,204.303,-0.0207953,6.75,204.304,              31P    700
-0.0207059,6.75,204.305,-0.0206317,6.75,204.306,-0.0205645,6.75,      31P    701
204.308,-0.0204736,6.75,204.337,-0.018451,6.75,204.366,               31P    702
-0.0164812,6.75,204.395,-0.0145821,6.75,204.396,-0.0144824,6.75,      31P    703
204.398,-0.0144058,6.75,204.399,-0.0143234,6.75,204.4,                31P    704
-0.0142488,6.75,204.401,-0.0141745,6.75,204.402,-0.0141123,6.75,      31P    705
204.403,-0.0140288,6.75,204.427,-0.0125241,6.75,204.45,               31P    706
-0.0110408,6.75,204.474,-0.00956605,6.75,204.476,-0.00945292,         31P    707
6.75,204.477,-0.00936385,6.75,204.478,-0.00929959,6.75,204.479,       31P    708
-0.00923333,6.75,204.48,-0.00917411,6.75,204.481,-0.00911561,         31P    709
6.75,204.482,-0.00905676,6.75,204.483,-0.00897856,6.75,204.501,       31P    710
-0.00788567,6.75,204.519,-0.00679452,6.75,204.537,-0.0057668,         31P    711
6.75,204.539,-0.00565055,6.75,204.541,-0.00555658,6.75,204.542,       31P    712
-0.00549066,6.75,204.543,-0.00542682,6.75,204.544,-0.00537101,        31P    713
6.75,204.545,-0.00531798,6.75,204.546,-0.00526686,6.75,204.547,       31P    714
-0.00520001,6.75,204.559,-0.00453842,6.75,204.572,-0.00386938,        31P    715
6.75,204.584,-0.00315387,6.75,204.587,-0.0030265,6.75,204.589,        31P    716
-0.00292138,6.75,204.59,-0.00284829,6.75,204.591,-0.00276326,         31P    717
6.75,204.593,-0.00269038,6.75,204.594,-0.00261112,6.75,204.595,       31P    718
-0.00254314,6.75,204.602,-0.00217246,6.75,204.608,-0.00182131,        31P    719
6.75,204.614,-0.0014476,6.75,204.615,-0.00134497,6.75,204.617,        31P    720
-0.00104128,6.75,204.618,-0.000838963,6.75,204.619,-0.000429073,      31P    721
6.75,204.62,-0.000249423,6.75,204.621,0.000106894,6.75,204.621,       31P    722
0.00027656,6.75,204.622,0.000593435,6.75,204.622,0.000735488,         31P    723
6.75,204.623,0.00109751,6.75,204.624,0.00132434,6.75,204.625,         31P    724
0.00179389,6.75,204.625,0.00203556,6.75,204.626,0.00249883,6.75,      31P    725
204.626,0.00271682,6.75,204.627,0.00323,6.75,204.627,0.00353003,      31P    726
6.75,204.629,0.00479244,6.75,204.631,0.00648822,6.75,204.633,         31P    727
0.00920186,6.75,204.635,0.0113261,6.75,204.636,0.0131852,6.75,        31P    728
204.636,0.014531,6.75,204.637,0.0158152,6.75,204.637,0.0168676,       31P    729
6.75,204.637,0.0181807,6.75,204.638,0.0195187,6.75,204.638,           31P    730
0.0221953,6.75,204.638,0.0252522,6.75,204.638,0.0287661,6.75,         31P    731
204.637,0.0312818,6.75,204.637,0.033334,6.75,204.636,0.0347383,       31P    732
6.75,204.636,0.0360121,6.75,204.635,0.0371773,6.75,204.634,           31P    733
0.0383152,6.75,204.634,0.0394087,6.75,204.632,0.0414214,6.75,         31P    734
204.63,0.0436919,6.75,204.627,0.0459585,6.75,204.625,0.0473813,       31P    735
6.75,204.623,0.0483993,6.75,204.622,0.0490188,6.75,204.621,           31P    736
0.0495217,6.75,204.619,0.0499193,6.75,204.618,0.0502473,6.75,         31P    737
204.617,0.0505156,6.75,204.615,0.0509414,6.75,204.612,0.0510625,      31P    738
6.75,204.61,0.0509631,6.75,204.609,0.0509263,6.75,204.607,            31P    739
0.050849,6.75,204.606,0.0508085,6.75,204.604,0.0507426,6.75,          31P    740
204.604,0.0507172,6.75,204.603,0.0506714,6.75,204.602,0.0506509,      31P    741
6.75,204.601,0.0506165,6.75,204.601,0.0506025,6.75,204.6,             31P    742
0.0505689,6.75,204.599,0.0505493,6.75,204.599,0.0505158,6.75,         31P    743
204.598,0.0505019,6.75,204.597,0.050473,6.75,204.597,0.0504579,       31P    744
6.75,204.596,0.0504292,6.75,204.596,0.0504156,6.75,204.59,            31P    745
0.0501968,6.75,204.584,0.0499617,6.75,204.577,0.0496941,6.75,         31P    746
204.574,0.0495988,6.75,204.572,0.0495185,6.75,204.57,0.049463,        31P    747
6.75,204.569,0.0494128,6.75,204.568,0.0493696,6.75,204.566,           31P    748
0.0493308,6.75,204.565,0.0492953,6.75,204.554,0.0488994,6.75,         31P    749
204.542,0.0485018,6.75,204.529,0.0481079,6.75,204.527,0.0480249,      31P    750
6.75,204.524,0.0479544,6.75,204.523,0.047907,6.75,204.521,            31P    751
0.0478648,6.75,204.52,0.0478298,6.75,204.519,0.0477883,6.75,          31P    752
204.502,0.0472906,6.75,204.485,0.0468314,6.75,204.467,0.0464344,      31P    753
6.75,204.464,0.0463752,6.75,204.461,0.0463259,6.75,204.46,            31P    754
0.0462924,6.75,204.458,0.0462642,6.75,204.457,0.046241,6.75,          31P    755
204.456,0.0462162,6.75,204.434,0.0457744,6.75,204.411,0.0454345,      31P    756
6.75,204.388,0.0451653,6.75,204.385,0.0451341,6.75,204.383,           31P    757
0.0451079,6.75,204.381,0.0450903,6.75,204.38,0.0450756,6.75,          31P    758
204.379,0.0450645,6.75,204.378,0.0450539,6.75,204.35,0.0447759,       31P    759
6.75,204.323,0.0446124,6.75,204.294,0.0445984,6.75,204.291,           31P    760
0.0445981,6.75,204.289,0.0445988,6.75,204.287,0.0445997,6.75,         31P    761
204.286,0.0446006,6.75,204.284,0.0446017,6.75,204.257,0.0446299,      31P    762
6.75,204.229,0.044806,6.75,204.2,0.0451331,6.75,204.197,              31P    763
0.0451655,6.75,204.194,0.0451951,6.75,204.192,0.0452204,6.75,         31P    764
204.191,0.0452399,6.75,204.163,0.045596,6.75,204.135,0.0460946,       31P    765
6.75,204.106,0.0467669,6.75,204.103,0.0468312,6.75,204.1,             31P    766
0.0468884,6.75,204.099,0.0469278,6.75,204.098,0.0469593,6.75,         31P    767
204.069,0.0476461,6.75,204.041,0.0484935,6.75,204.012,0.0494934,      31P    768
6.75,204.009,0.0495845,6.75,204.007,0.0496663,6.75,204.005,           31P    769
0.0497216,6.75,204.004,0.049765,6.75,203.976,0.050759,6.75,           31P    770
203.947,0.0519068,6.75,203.918,0.0533254,6.75,203.915,0.0534481,      31P    771
6.75,203.913,0.0535588,6.75,203.912,0.0536347,6.75,203.91,            31P    772
0.053693,6.75,203.882,0.0551095,6.75,203.853,0.0567347,6.75,          31P    773
203.824,0.0582259,6.75,203.822,0.0583462,6.75,203.82,0.0584533,       31P    774
6.75,203.818,0.0585246,6.75,203.817,0.058579,6.75,203.789,            31P    775
0.0599854,6.75,203.76,0.0612171,6.75,203.73,0.0620656,6.75,           31P    776
203.728,0.0621279,6.75,203.726,0.0621815,6.75,203.725,0.062218,       31P    777
6.75,203.724,0.0622443,6.75,203.695,0.0629948,6.75,203.666,           31P    778
0.063361,6.75,203.637,0.0634031,6.75,203.635,0.0634048,6.75,          31P    779
203.633,0.0634053,6.75,203.632,0.0634052,6.75,203.631,0.0634049,      31P    780
6.75,203.602,0.0633889,6.75,203.573,0.063038,6.75,203.543,            31P    781
0.0622525,6.75,203.541,0.0622052,6.75,203.54,0.0621617,6.75,          31P    782
203.539,0.062126,6.75,203.509,0.0612833,6.75,203.479,0.0600158,       31P    783
6.75,203.45,0.0584205,6.75,203.448,0.0583417,6.75,203.447,            31P    784
0.0582689,6.75,203.446,0.0582104,6.75,203.416,0.0565786,6.75,         31P    785
203.386,0.0546127,6.75,203.356,0.0521999,6.75,203.355,0.0521018,      31P    786
6.75,203.354,0.0520002,6.75,203.324,0.0495171,6.75,203.293,           31P    787
0.0465592,6.75,203.263,0.0432225,6.75,203.237,0.0403827,6.75,         31P    788
203.211,0.0372974,6.75,203.186,0.0339454,6.75,203.165,0.031228,       31P    789
6.75,203.144,0.028346,6.75,203.109,0.0230287,6.75,203.083,            31P    790
0.0189499,6.75,203.058,0.0146767,6.75,203.048,0.0129,6.75,            31P    791
203.036,0.00838541,7.01903,203.032,0.00755711,7.01903,203.022,        31P    792
0.00226569,7.01903,203.017,-0.0125387,7.01903,203.022,                31P    793
-0.0273745,7.01903,203.031,-0.0326232,7.01903,203.047,                31P    794
-0.0353217,7.01903,203.073,-0.039823,7.01903,203.12,-0.0473646,       31P    795
7.01903,203.156,-0.0524483,7.01903,203.204,-0.0584562,7.01903,        31P    796
203.23,-0.0615043,7.01903,203.288,-0.0672788,7.01903,203.32,          31P    797
-0.0699187,7.01903,203.352,-0.0720125,7.01903,203.384,                31P    798
-0.0740741,7.01903,203.416,-0.0755969,7.01903,203.448,                31P    799
-0.0765707,7.01903,203.48,-0.0775232,7.01903,203.512,-0.0779199,      31P    800
7.01903,203.543,-0.0778102,7.01903,203.544,-0.0778061,7.01903,        31P    801
203.576,-0.0776737,7.01903,203.608,-0.0770411,7.01903,203.639,        31P    802
-0.0758815,7.01903,203.641,-0.0758329,7.01903,203.673,                31P    803
-0.0746332,7.01903,203.704,-0.0729097,7.01903,203.736,                31P    804
-0.0705755,7.01903,203.737,-0.0704763,7.01903,203.769,-0.068119,      31P    805
7.01903,203.8,-0.0651834,7.01903,203.831,-0.0620092,7.01903,          31P    806
203.832,-0.0618964,7.01903,203.833,-0.0617548,7.01903,203.865,        31P    807
-0.0585563,7.01903,203.896,-0.0551456,7.01903,203.926,                31P    808
-0.0518731,7.01903,203.928,-0.0517237,7.01903,203.93,-0.0515438,      31P    809
7.01903,203.961,-0.0482622,7.01903,203.991,-0.045134,7.01903,         31P    810
204.022,-0.0420894,7.01903,204.023,-0.0419617,7.01903,204.025,        31P    811
-0.0418263,7.01903,204.026,-0.0416753,7.01903,204.057,                31P    812
-0.0386496,7.01903,204.087,-0.0357076,7.01903,204.117,                31P    813
-0.0328096,7.01903,204.118,-0.0326984,7.01903,204.119,                31P    814
-0.0326002,7.01903,204.121,-0.0324709,7.01903,204.122,                31P    815
-0.0323212,7.01903,204.153,-0.0294091,7.01903,204.183,                31P    816
-0.0265469,7.01903,204.213,-0.0237802,7.01903,204.214,                31P    817
-0.0236686,7.01903,204.215,-0.0235682,7.01903,204.216,                31P    818
-0.0234852,7.01903,204.217,-0.0234077,7.01903,204.218,                31P    819
-0.0233175,7.01903,204.219,-0.0231938,7.01903,204.249,                31P    820
-0.0204609,7.01903,204.279,-0.0178013,7.01903,204.309,                31P    821
-0.0151888,7.01903,204.31,-0.0150625,7.01903,204.311,-0.0149354,      31P    822
7.01903,204.313,-0.0148219,7.01903,204.314,-0.0147275,7.01903,        31P    823
204.315,-0.0146421,7.01903,204.316,-0.0145265,7.01903,204.345,        31P    824
-0.0119525,7.01903,204.375,-0.00940045,7.01903,204.405,               31P    825
-0.00693398,7.01903,204.406,-0.0068045,7.01903,204.407,               31P    826
-0.00670504,7.01903,204.409,-0.00659803,7.01903,204.41,               31P    827
-0.00650105,7.01903,204.411,-0.00640456,7.01903,204.412,              31P    828
-0.00632378,7.01903,204.413,-0.00621525,7.01903,204.437,              31P    829
-0.00426003,7.01903,204.461,-0.00232836,7.01903,204.485,              31P    830
-0.000393446,7.01903,204.487,-0.000244938,7.01903,204.488,            31P    831
-0.00012794,7.01903,204.489,-4.35038E-05,7.01903,204.49,              31P    832
4.35860E-05,7.01903,204.491,0.000121456,7.01903,204.492,              31P    833
0.000198417,7.01903,204.493,0.000275864,7.01903,204.494,              31P    834
0.000378824,7.01903,204.512,0.00181882,7.01903,204.53,                31P    835
0.00327649,7.01903,204.549,0.00471566,7.01903,204.551,                31P    836
0.00487913,7.01903,204.553,0.00501166,7.01903,204.554,                31P    837
0.00510482,7.01903,204.555,0.00519515,7.01903,204.556,                31P    838
0.00527424,7.01903,204.557,0.00534948,7.01903,204.558,                31P    839
0.00542207,7.01903,204.559,0.00551708,7.01903,204.571,                31P    840
0.00645871,7.01903,204.584,0.00742387,7.01903,204.597,                31P    841
0.00841589,7.01903,204.599,0.0085915,7.01903,204.601,0.00873583,      31P    842
7.01903,204.603,0.00883591,7.01903,204.604,0.00895208,7.01903,        31P    843
204.605,0.00905138,7.01903,204.607,0.0091591,7.01903,204.608,         31P    844
0.00925134,7.01903,204.615,0.00975318,7.01903,204.621,0.0102221,      31P    845
7.01903,204.627,0.0107183,7.01903,204.628,0.0108142,7.01903,          31P    846
204.63,0.0110583,7.01903,204.631,0.0112404,7.01903,204.632,           31P    847
0.0116318,7.01903,204.633,0.0118053,7.01903,204.634,0.0121525,        31P    848
7.01903,204.635,0.0123188,7.01903,204.635,0.0126307,7.01903,          31P    849
204.636,0.0127709,7.01903,204.636,0.0131292,7.01903,204.637,          31P    850
0.0133544,7.01903,204.638,0.0138218,7.01903,204.638,0.0140629,        31P    851
7.01903,204.639,0.0145257,7.01903,204.639,0.0147438,7.01903,          31P    852
204.64,0.0152576,7.01903,204.641,0.0155584,7.01903,204.642,           31P    853
0.0168247,7.01903,204.644,0.0185291,7.01903,204.647,0.0212539,        31P    854
7.01903,204.648,0.0233915,7.01903,204.649,0.0252643,7.01903,          31P    855
204.65,0.0266213,7.01903,204.65,0.0279168,7.01903,204.651,            31P    856
0.0289792,7.01903,204.651,0.0303056,7.01903,204.651,0.0316581,        31P    857
7.01903,204.652,0.0343662,7.01903,204.652,0.037465,7.01903,           31P    858
204.652,0.0410373,7.01903,204.651,0.0436002,7.01903,204.651,          31P    859
0.045695,7.01903,204.65,0.0471306,7.01903,204.65,0.0484342,           31P    860
7.01903,204.649,0.0496282,7.01903,204.648,0.0507958,7.01903,          31P    861
204.648,0.0519192,7.01903,204.646,0.0539899,7.01903,204.644,          31P    862
0.0563354,7.01903,204.642,0.0586926,7.01903,204.639,0.0601744,        31P    863
7.01903,204.637,0.0612395,7.01903,204.636,0.0618907,7.01903,          31P    864
204.635,0.0624221,7.01903,204.633,0.062845,7.01903,204.632,           31P    865
0.0631974,7.01903,204.631,0.0634891,7.01903,204.628,0.063961,         31P    866
7.01903,204.626,0.0641211,7.01903,204.624,0.0640702,7.01903,          31P    867
204.623,0.0640257,7.01903,204.621,0.0638761,7.01903,204.62,           31P    868
0.063805,7.01903,204.618,0.0637015,7.01903,204.617,0.0636615,         31P    869
7.01903,204.616,0.0635894,7.01903,204.616,0.0635572,7.01903,          31P    870
204.615,0.063503,7.01903,204.615,0.063481,7.01903,204.614,            31P    871
0.063428,7.01903,204.613,0.063397,7.01903,204.612,0.0633442,          31P    872
7.01903,204.612,0.0633223,7.01903,204.611,0.0632766,7.01903,          31P    873
204.611,0.0632528,7.01903,204.61,0.0632075,7.01903,204.61,            31P    874
0.063186,7.01903,204.604,0.06284,7.01903,204.597,0.0624664,           31P    875
7.01903,204.59,0.0620386,7.01903,204.587,0.0618857,7.01903,           31P    876
204.585,0.0617569,7.01903,204.583,0.0616677,7.01903,204.582,          31P    877
0.061587,7.01903,204.581,0.0615173,7.01903,204.58,0.0614548,          31P    878
7.01903,204.579,0.0613975,7.01903,204.567,0.0607585,7.01903,          31P    879
204.555,0.060108,7.01903,204.542,0.0594523,7.01903,204.539,           31P    880
0.0593136,7.01903,204.537,0.0591956,7.01903,204.535,0.0591158,        31P    881
7.01903,204.534,0.0590449,7.01903,204.533,0.0589859,7.01903,          31P    882
204.531,0.0589158,7.01903,204.514,0.0580738,7.01903,204.496,          31P    883
0.0572646,7.01903,204.478,0.0565022,7.01903,204.475,0.0563871,        31P    884
7.01903,204.473,0.0562902,7.01903,204.471,0.0562241,7.01903,          31P    885
204.47,0.0561679,7.01903,204.469,0.0561216,7.01903,204.468,           31P    886
0.0560717,7.01903,204.445,0.0551805,7.01903,204.422,0.0543757,        31P    887
7.01903,204.398,0.0536559,7.01903,204.396,0.0535712,7.01903,          31P    888
204.393,0.0534993,7.01903,204.391,0.0534504,7.01903,204.39,           31P    889
0.0534095,7.01903,204.389,0.053378,7.01903,204.388,0.0533481,         31P    890
7.01903,204.36,0.0525571,7.01903,204.332,0.0519051,7.01903,           31P    891
204.303,0.0513997,7.01903,204.3,0.0513516,7.01903,204.297,            31P    892
0.051311,7.01903,204.296,0.0512835,7.01903,204.294,0.0512611,         31P    893
7.01903,204.293,0.0512416,7.01903,204.265,0.0507993,7.01903,          31P    894
204.236,0.0505079,7.01903,204.207,0.0503691,7.01903,204.204,          31P    895
0.0503569,7.01903,204.202,0.050347,7.01903,204.2,0.0503393,           31P    896
7.01903,204.198,0.0503339,7.01903,204.17,0.0502421,7.01903,           31P    897
204.141,0.0503072,7.01903,204.111,0.050569,7.01903,204.109,           31P    898
0.0505949,7.01903,204.106,0.0506187,7.01903,204.105,0.0506354,        31P    899
7.01903,204.103,0.050649,7.01903,204.075,0.0509473,7.01903,           31P    900
204.046,0.0514335,7.01903,204.016,0.0520595,7.01903,204.013,          31P    901
0.0521168,7.01903,204.011,0.0521685,7.01903,204.009,0.0522036,        31P    902
7.01903,204.008,0.0522311,7.01903,203.979,0.0528641,7.01903,          31P    903
203.95,0.0536444,7.01903,203.92,0.0547248,7.01903,203.918,            31P    904
0.0548188,7.01903,203.916,0.054904,7.01903,203.914,0.0549627,         31P    905
7.01903,203.913,0.0550079,7.01903,203.884,0.0561069,7.01903,          31P    906
203.855,0.0574493,7.01903,203.825,0.0586632,7.01903,203.823,          31P    907
0.058761,7.01903,203.821,0.058848,7.01903,203.819,0.0589058,          31P    908
7.01903,203.818,0.0589499,7.01903,203.789,0.0600898,7.01903,          31P    909
203.76,0.0610614,7.01903,203.73,0.0616591,7.01903,203.728,            31P    910
0.0617025,7.01903,203.726,0.0617395,7.01903,203.724,0.0617644,        31P    911
7.01903,203.723,0.0617823,7.01903,203.694,0.0622906,7.01903,          31P    912
203.665,0.0624225,7.01903,203.635,0.0622156,7.01903,203.633,          31P    913
0.0622005,7.01903,203.631,0.0621859,7.01903,203.63,0.0621754,         31P    914
7.01903,203.629,0.0621672,7.01903,203.599,0.0619065,7.01903,          31P    915
203.57,0.0613042,7.01903,203.54,0.0603073,7.01903,203.538,            31P    916
0.0602478,7.01903,203.536,0.0601933,7.01903,203.535,0.0601487,        31P    917
7.01903,203.505,0.0591015,7.01903,203.475,0.0576684,7.01903,          31P    918
203.445,0.0558796,7.01903,203.443,0.0557912,7.01903,203.442,          31P    919
0.0557096,7.01903,203.441,0.055644,7.01903,203.41,0.053816,           31P    920
7.01903,203.38,0.0516304,7.01903,203.35,0.0490355,7.01903,            31P    921
203.349,0.0489302,7.01903,203.347,0.0488211,7.01903,203.316,          31P    922
0.0461571,7.01903,203.285,0.0430606,7.01903,203.254,0.039576,         31P    923
7.01903,203.228,0.0366105,7.01903,203.202,0.0333946,7.01903,          31P    924
203.176,0.0299223,7.01903,203.155,0.0271078,7.01903,203.134,          31P    925
0.0241342,7.01903,203.099,0.018693,7.01903,203.072,0.0145422,         31P    926
7.01903,203.047,0.0101911,7.01903,203.036,0.00838541,7.01903,         31P    927
203.008,-0.0018538,7.65549,203.003,-0.00271325,7.65549,202.993,       31P    928
-0.0082076,7.65549,202.988,-0.0235996,7.65549,202.993,                31P    929
-0.0391549,7.65549,203.003,-0.0444463,7.65549,203.019,                31P    930
-0.0472939,7.65549,203.046,-0.0520097,7.65549,203.095,                31P    931
-0.0596137,7.65549,203.133,-0.0648382,7.65549,203.182,                31P    932
-0.0708723,7.65549,203.209,-0.0738248,7.65549,203.27,-0.0794321,      31P    933
7.65549,203.303,-0.082008,7.65549,203.337,-0.0838858,7.65549,         31P    934
203.37,-0.0857309,7.65549,203.403,-0.086888,7.65549,203.436,          31P    935
-0.0874736,7.65549,203.469,-0.0880401,7.65549,203.503,                31P    936
-0.0880325,7.65549,203.536,-0.0874548,7.65549,203.537,                31P    937
-0.0874347,7.65549,203.57,-0.0868323,7.65549,203.602,-0.0856648,      31P    938
7.65549,203.635,-0.0838765,7.65549,203.637,-0.0838019,7.65549,        31P    939
203.67,-0.0819635,7.65549,203.703,-0.0795147,7.65549,203.736,         31P    940
-0.0764171,7.65549,203.737,-0.0762856,7.65549,203.77,-0.0731662,      31P    941
7.65549,203.802,-0.0694326,7.65549,203.835,-0.0654011,7.65549,        31P    942
203.836,-0.0652578,7.65549,203.837,-0.0650779,7.65549,203.87,         31P    943
-0.0610158,7.65549,203.902,-0.0566845,7.65549,203.934,                31P    944
-0.0524425,7.65549,203.935,-0.0522487,7.65549,203.937,                31P    945
-0.0520153,7.65549,203.969,-0.0477525,7.65549,204.001,                31P    946
-0.0436041,7.65549,204.033,-0.0395359,7.65549,204.034,                31P    947
-0.0393653,7.65549,204.035,-0.0391843,7.65549,204.037,                31P    948
-0.0389825,7.65549,204.069,-0.0349359,7.65549,204.1,-0.0309693,       31P    949
7.65549,204.131,-0.02702,7.65549,204.132,-0.0268684,7.65549,          31P    950
204.133,-0.0267344,7.65549,204.135,-0.0265582,7.65549,204.136,        31P    951
-0.0263539,7.65549,204.168,-0.0223777,7.65549,204.199,                31P    952
-0.0184144,7.65549,204.23,-0.0145051,7.65549,204.231,-0.014347,       31P    953
7.65549,204.232,-0.0142046,7.65549,204.233,-0.0140869,7.65549,        31P    954
204.234,-0.0139769,7.65549,204.235,-0.0138487,7.65549,204.236,        31P    955
-0.0136731,7.65549,204.267,-0.00978823,7.65549,204.298,               31P    956
-0.00593114,7.65549,204.329,-0.00204413,7.65549,204.331,              31P    957
-0.00185635,7.65549,204.332,-0.00166799,7.65549,204.334,              31P    958
-0.00149961,7.65549,204.335,-0.00135948,7.65549,204.336,              31P    959
-0.00123262,7.65549,204.337,-0.0010608,7.65549,204.368,               31P    960
0.00276645,7.65549,204.398,0.0066357,7.65549,204.429,0.0103904,       31P    961
7.65549,204.43,0.010588,7.65549,204.432,0.0107406,7.65549,            31P    962
204.433,0.010904,7.65549,204.434,0.011052,7.65549,204.435,            31P    963
0.0111994,7.65549,204.436,0.0113228,7.65549,204.438,0.0114886,        31P    964
7.65549,204.462,0.0144759,7.65549,204.487,0.0174424,7.65549,          31P    965
204.512,0.0204389,7.65549,204.514,0.0206691,7.65549,204.515,          31P    966
0.0208505,7.65549,204.516,0.0209815,7.65549,204.517,0.0211167,        31P    967
7.65549,204.518,0.0212376,7.65549,204.519,0.0213572,7.65549,          31P    968
204.52,0.0214775,7.65549,204.522,0.0216376,7.65549,204.54,            31P    969
0.0238783,7.65549,204.559,0.0261782,7.65549,204.578,0.0285455,        31P    970
7.65549,204.581,0.0288154,7.65549,204.582,0.0290347,7.65549,          31P    971
204.584,0.0291891,7.65549,204.585,0.029339,7.65549,204.586,           31P    972
0.0294704,7.65549,204.587,0.0295956,7.65549,204.588,0.0297164,        31P    973
7.65549,204.589,0.0298747,7.65549,204.602,0.0314451,7.65549,          31P    974
204.615,0.0330737,7.65549,204.628,0.0346993,7.65549,204.631,          31P    975
0.0349858,7.65549,204.633,0.0352206,7.65549,204.634,0.035383,         31P    976
7.65549,204.636,0.0355712,7.65549,204.637,0.0357317,7.65549,          31P    977
204.638,0.0359056,7.65549,204.64,0.0360542,7.65549,204.646,           31P    978
0.0368617,7.65549,204.653,0.0376082,7.65549,204.66,0.0383948,         31P    979
7.65549,204.661,0.0384879,7.65549,204.662,0.0386421,7.65549,          31P    980
204.663,0.0387931,7.65549,204.665,0.0391541,7.65549,204.666,          31P    981
0.0393156,7.65549,204.667,0.0396404,7.65549,204.667,0.0397986,        31P    982
7.65549,204.668,0.0400996,7.65549,204.668,0.0402357,7.65549,          31P    983
204.669,0.0405854,7.65549,204.67,0.0408069,7.65549,204.671,           31P    984
0.041269,7.65549,204.671,0.0415085,7.65549,204.672,0.04197,           31P    985
7.65549,204.672,0.0421881,7.65549,204.673,0.0427031,7.65549,          31P    986
204.674,0.0430053,7.65549,204.675,0.0442803,7.65549,204.678,          31P    987
0.0460047,7.65549,204.68,0.0487615,7.65549,204.682,0.0509344,         31P    988
7.65549,204.683,0.0528437,7.65549,204.684,0.0542302,7.65549,          31P    989
204.684,0.0555561,7.65549,204.685,0.0566451,7.65549,204.685,          31P    990
0.0580067,7.65549,204.685,0.0593975,7.65549,204.686,0.0621882,        31P    991
7.65549,204.686,0.0653951,7.65549,204.686,0.0691135,7.65549,          31P    992
204.686,0.0717928,7.65549,204.685,0.0739912,7.65549,204.685,          31P    993
0.0755019,7.65549,204.684,0.0768774,7.65549,204.684,0.0781397,        31P    994
7.65549,204.683,0.0793776,7.65549,204.682,0.0805716,7.65549,          31P    995
204.681,0.0827789,7.65549,204.679,0.0852992,7.65549,204.676,          31P    996
0.0878669,7.65549,204.674,0.0894897,7.65549,204.672,0.0906675,        31P    997
7.65549,204.67,0.0913944,7.65549,204.669,0.0919934,7.65549,           31P    998
204.668,0.0924761,7.65549,204.667,0.0928858,7.65549,204.665,          31P    999
0.093232,7.65549,204.663,0.0938107,7.65549,204.661,0.0940595,         31P   1000
7.65549,204.658,0.0941165,7.65549,204.657,0.0940647,7.65549,          31P   1001
204.655,0.0937967,7.65549,204.654,0.0936716,7.65549,204.652,          31P   1002
0.093494,7.65549,204.651,0.0934222,7.65549,204.65,0.093287,           31P   1003
7.65549,204.65,0.0932274,7.65549,204.649,0.093128,7.65549,            31P   1004
204.648,0.0930875,7.65549,204.647,0.0929897,7.65549,204.647,          31P   1005
0.0929325,7.65549,204.646,0.0928352,7.65549,204.646,0.0927949,        31P   1006
7.65549,204.645,0.0927106,7.65549,204.644,0.0926666,7.65549,          31P   1007
204.644,0.092583,7.65549,204.643,0.0925434,7.65549,204.637,           31P   1008
0.0919048,7.65549,204.631,0.0912127,7.65549,204.623,0.0904175,        31P   1009
7.65549,204.62,0.090133,7.65549,204.618,0.0898929,7.65549,            31P   1010
204.616,0.0897266,7.65549,204.615,0.089576,7.65549,204.613,           31P   1011
0.089446,7.65549,204.612,0.0893293,7.65549,204.611,0.0892222,         31P   1012
7.65549,204.599,0.0880279,7.65549,204.586,0.0868024,7.65549,          31P   1013
204.573,0.0855487,7.65549,204.57,0.0852829,7.65549,204.568,           31P   1014
0.0850559,7.65549,204.566,0.0849023,7.65549,204.565,0.0847654,        31P   1015
7.65549,204.563,0.0846514,7.65549,204.562,0.0845157,7.65549,          31P   1016
204.544,0.0828845,7.65549,204.526,0.081268,7.65549,204.507,           31P   1017
0.0796693,7.65549,204.504,0.0794264,7.65549,204.501,0.0792209,        31P   1018
7.65549,204.5,0.0790801,7.65549,204.498,0.0789601,7.65549,            31P   1019
204.497,0.078861,7.65549,204.496,0.0787538,7.65549,204.473,           31P   1020
0.0768378,7.65549,204.449,0.0749816,7.65549,204.424,0.0732368,        31P   1021
7.65549,204.421,0.0730305,7.65549,204.419,0.0728543,7.65549,          31P   1022
204.417,0.0727341,7.65549,204.415,0.0726332,7.65549,204.414,          31P   1023
0.0725555,7.65549,204.413,0.0724815,7.65549,204.384,0.0705207,        31P   1024
7.65549,204.355,0.0687461,7.65549,204.325,0.0671164,7.65549,          31P   1025
204.322,0.0669589,7.65549,204.319,0.0668239,7.65549,204.317,          31P   1026
0.0667316,7.65549,204.316,0.0666556,7.65549,204.315,0.0665891,        31P   1027
7.65549,204.285,0.0650714,7.65549,204.256,0.0637159,7.65549,          31P   1028
204.225,0.0625164,7.65549,204.222,0.0624026,7.65549,204.22,           31P   1029
0.0623032,7.65549,204.217,0.0622201,7.65549,204.216,0.062158,         31P   1030
7.65549,204.186,0.0610462,7.65549,204.156,0.0601229,7.65549,          31P   1031
204.126,0.0594447,7.65549,204.123,0.0593828,7.65549,204.12,           31P   1032
0.0593301,7.65549,204.119,0.0592948,7.65549,204.117,0.0592672,        31P   1033
7.65549,204.087,0.0586753,7.65549,204.057,0.0583314,7.65549,          31P   1034
204.026,0.0581082,7.65549,204.024,0.0580888,7.65549,204.021,          31P   1035
0.0580722,7.65549,204.019,0.0580614,7.65549,204.018,0.0580532,        31P   1036
7.65549,203.988,0.0578684,7.65549,203.958,0.0578232,7.65549,          31P   1037
203.927,0.0581351,7.65549,203.924,0.0581638,7.65549,203.922,          31P   1038
0.0581911,7.65549,203.92,0.0582105,7.65549,203.919,0.0582257,         31P   1039
7.65549,203.889,0.058601,7.65549,203.859,0.059291,7.65549,            31P   1040
203.828,0.0598716,7.65549,203.825,0.0599181,7.65549,203.823,          31P   1041
0.0599592,7.65549,203.822,0.0599864,7.65549,203.82,0.060007,          31P   1042
7.65549,203.79,0.0605398,7.65549,203.76,0.060926,7.65549,             31P   1043
203.729,0.0609535,7.65549,203.726,0.060954,7.65549,203.724,           31P   1044
0.0609531,7.65549,203.723,0.0609518,7.65549,203.722,0.0609506,        31P   1045
7.65549,203.692,0.0609075,7.65549,203.661,0.0605005,7.65549,          31P   1046
203.63,0.0597304,7.65549,203.628,0.0596772,7.65549,203.626,           31P   1047
0.0596283,7.65549,203.624,0.0595943,7.65549,203.623,0.0595685,        31P   1048
7.65549,203.593,0.0587552,7.65549,203.562,0.0575917,7.65549,          31P   1049
203.531,0.0561103,7.65549,203.529,0.0560226,7.65549,203.527,          31P   1050
0.0559425,7.65549,203.526,0.0558776,7.65549,203.495,0.0543593,        31P   1051
7.65549,203.463,0.0525315,7.65549,203.432,0.0502975,7.65549,          31P   1052
203.431,0.0501873,7.65549,203.429,0.0500851,7.65549,203.428,          31P   1053
0.0500034,7.65549,203.397,0.0477251,7.65549,203.365,0.0450471,        31P   1054
7.65549,203.333,0.0420353,7.65549,203.332,0.0419146,7.65549,          31P   1055
203.331,0.0417883,7.65549,203.299,0.0387085,7.65549,203.266,          31P   1056
0.0352753,7.65549,203.234,0.03144,7.65549,203.207,0.0281782,          31P   1057
7.65549,203.179,0.0246544,7.65549,203.153,0.0209015,7.65549,          31P   1058
203.131,0.0178602,7.65549,203.109,0.0146681,7.65549,203.072,          31P   1059
0.00891741,7.65549,203.045,0.00457456,7.65549,203.019,                31P   1060
2.45398E-05,7.65549,203.008,-0.0018538,7.65549,202.957,               31P   1061
-0.0156465,8.60031,202.951,-0.0165894,8.60031,202.941,                31P   1062
-0.0224058,8.60031,202.935,-0.0388386,8.60031,202.941,                31P   1063
-0.0551957,8.60031,202.951,-0.0611696,8.60031,202.968,                31P   1064
-0.0641415,8.60031,202.997,-0.0690746,8.60031,203.049,                31P   1065
-0.0773161,8.60031,203.09,-0.0827667,8.60031,203.143,-0.0889681,      31P   1066
8.60031,203.172,-0.0919299,8.60031,203.237,-0.0972938,8.60031,        31P   1067
203.272,-0.0995603,8.60031,203.308,-0.101162,8.60031,203.343,         31P   1068
-0.102734,8.60031,203.378,-0.10365,8.60031,203.414,-0.103817,         31P   1069
8.60031,203.45,-0.103962,8.60031,203.485,-0.103349,8.60031,           31P   1070
203.521,-0.102077,8.60031,203.522,-0.102033,8.60031,203.557,          31P   1071
-0.100734,8.60031,203.592,-0.0987805,8.60031,203.627,-0.0961068,      31P   1072
8.60031,203.629,-0.0959955,8.60031,203.664,-0.0932599,8.60031,        31P   1073
203.7,-0.0898267,8.60031,203.735,-0.0857034,8.60031,203.736,          31P   1074
-0.0855286,8.60031,203.771,-0.0813858,8.60031,203.806,                31P   1075
-0.0765861,8.60031,203.84,-0.0713227,8.60031,203.841,-0.0711356,      31P   1076
8.60031,203.843,-0.0709006,8.60031,203.877,-0.0655915,8.60031,        31P   1077
203.912,-0.0598612,8.60031,203.945,-0.054267,8.60031,203.947,         31P   1078
-0.0540114,8.60031,203.949,-0.0537036,8.60031,203.983,                31P   1079
-0.0480833,8.60031,204.017,-0.0426167,8.60031,204.051,                31P   1080
-0.0371194,8.60031,204.052,-0.0368886,8.60031,204.054,                31P   1081
-0.0366434,8.60031,204.055,-0.0363697,8.60031,204.089,                31P   1082
-0.0308753,8.60031,204.123,-0.0252997,8.60031,204.156,                31P   1083
-0.0197673,8.60031,204.157,-0.0195546,8.60031,204.159,                31P   1084
-0.0193668,8.60031,204.16,-0.0191196,8.60031,204.162,-0.0188329,      31P   1085
8.60031,204.195,-0.0132509,8.60031,204.229,-0.0076377,8.60031,        31P   1086
204.262,-0.00209591,8.60031,204.264,-0.00187403,8.60031,204.265,      31P   1087
-0.00167417,8.60031,204.266,-0.00150889,8.60031,204.267,              31P   1088
-0.00135429,8.60031,204.268,-0.00117426,8.60031,204.269,              31P   1089
-0.000927282,8.60031,204.302,0.00453909,8.60031,204.335,              31P   1090
0.0100633,8.60031,204.367,0.0154486,8.60031,204.368,0.0157133,        31P   1091
8.60031,204.37,0.0159826,8.60031,204.372,0.0162234,8.60031,           31P   1092
204.373,0.0164237,8.60031,204.374,0.0166051,8.60031,204.375,          31P   1093
0.0168507,8.60031,204.408,0.0223223,8.60031,204.44,0.0278564,         31P   1094
8.60031,204.473,0.0334593,8.60031,204.475,0.0337519,8.60031,          31P   1095
204.476,0.0339734,8.60031,204.477,0.0342157,8.60031,204.479,          31P   1096
0.0344356,8.60031,204.48,0.0346546,8.60031,204.481,0.0348381,         31P   1097
8.60031,204.482,0.0350849,8.60031,204.508,0.0395367,8.60031,          31P   1098
204.535,0.0440692,8.60031,204.561,0.0486615,8.60031,204.563,          31P   1099
0.049014,8.60031,204.565,0.0492918,8.60031,204.566,0.0494924,         31P   1100
8.60031,204.567,0.0496994,8.60031,204.568,0.0498845,8.60031,          31P   1101
204.569,0.0500675,8.60031,204.57,0.0502518,8.60031,204.572,           31P   1102
0.0504968,8.60031,204.591,0.053926,8.60031,204.611,0.0574333,         31P   1103
8.60031,204.632,0.0609557,8.60031,204.634,0.0613564,8.60031,          31P   1104
204.636,0.0616815,8.60031,204.637,0.0619102,8.60031,204.638,          31P   1105
0.062132,8.60031,204.64,0.0623264,8.60031,204.641,0.0625114,          31P   1106
8.60031,204.642,0.0626899,8.60031,204.643,0.0629237,8.60031,          31P   1107
204.656,0.0652428,8.60031,204.67,0.0676413,8.60031,204.685,           31P   1108
0.0701303,8.60031,204.687,0.0705717,8.60031,204.689,0.070935,         31P   1109
8.60031,204.691,0.0711872,8.60031,204.692,0.0714803,8.60031,          31P   1110
204.694,0.071731,8.60031,204.695,0.0720034,8.60031,204.697,           31P   1111
0.0722367,8.60031,204.704,0.0735077,8.60031,204.711,0.0747035,        31P   1112
8.60031,204.718,0.0759765,8.60031,204.719,0.0761593,8.60031,          31P   1113
204.721,0.0765358,8.60031,204.722,0.0767069,8.60031,204.724,          31P   1114
0.0769594,8.60031,204.724,0.077094,8.60031,204.725,0.0773977,         31P   1115
8.60031,204.726,0.0775443,8.60031,204.727,0.0778209,8.60031,          31P   1116
204.727,0.0779476,8.60031,204.728,0.0782759,8.60031,204.729,          31P   1117
0.0784854,8.60031,204.73,0.0789268,8.60031,204.73,0.0791572,          31P   1118
8.60031,204.731,0.0796039,8.60031,204.732,0.0798159,8.60031,          31P   1119
204.732,0.0803189,8.60031,204.733,0.0806156,8.60031,204.735,          31P   1120
0.0818734,8.60031,204.737,0.0835959,8.60031,204.74,0.0863981,         31P   1121
8.60031,204.742,0.0886238,8.60031,204.743,0.0906039,8.60031,          31P   1122
204.744,0.0920506,8.60031,204.745,0.0934403,8.60031,204.745,          31P   1123
0.0945868,8.60031,204.746,0.0960241,8.60031,204.746,0.0974969,        31P   1124
8.60031,204.747,0.100464,8.60031,204.748,0.103895,8.60031,            31P   1125
204.748,0.107894,8.60031,204.747,0.110788,8.60031,204.747,            31P   1126
0.113167,8.60031,204.746,0.114806,8.60031,204.746,0.116299,           31P   1127
8.60031,204.745,0.117674,8.60031,204.745,0.119026,8.60031,            31P   1128
204.744,0.120333,8.60031,204.743,0.122756,8.60031,204.741,            31P   1129
0.125547,8.60031,204.738,0.128432,8.60031,204.736,0.130294,           31P   1130
8.60031,204.733,0.131651,8.60031,204.732,0.132496,8.60031,            31P   1131
204.73,0.133197,8.60031,204.729,0.133769,8.60031,204.728,             31P   1132
0.134262,8.60031,204.726,0.134687,8.60031,204.724,0.135416,           31P   1133
8.60031,204.721,0.135783,8.60031,204.719,0.135979,8.60031,            31P   1134
204.717,0.136001,8.60031,204.715,0.135938,8.60031,204.714,            31P   1135
0.135813,8.60031,204.712,0.135457,8.60031,204.712,0.135333,           31P   1136
8.60031,204.71,0.135136,8.60031,204.71,0.135045,8.60031,204.709,      31P   1137
0.134885,8.60031,204.708,0.134821,8.60031,204.707,0.134668,           31P   1138
8.60031,204.707,0.134578,8.60031,204.706,0.134424,8.60031,            31P   1139
204.705,0.13436,8.60031,204.704,0.134227,8.60031,204.704,             31P   1140
0.134157,8.60031,204.703,0.134025,8.60031,204.703,0.133962,           31P   1141
8.60031,204.696,0.132949,8.60031,204.689,0.131842,8.60031,            31P   1142
204.681,0.130551,8.60031,204.678,0.130088,8.60031,204.676,            31P   1143
0.129695,8.60031,204.674,0.129422,8.60031,204.672,0.129175,           31P   1144
8.60031,204.671,0.128961,8.60031,204.67,0.128768,8.60031,             31P   1145
204.669,0.128591,8.60031,204.656,0.126615,8.60031,204.643,            31P   1146
0.124538,8.60031,204.628,0.122403,8.60031,204.625,0.12195,            31P   1147
8.60031,204.623,0.121564,8.60031,204.621,0.121302,8.60031,            31P   1148
204.619,0.121069,8.60031,204.618,0.120875,8.60031,204.617,            31P   1149
0.120644,8.60031,204.598,0.117868,8.60031,204.578,0.115122,           31P   1150
8.60031,204.558,0.112407,8.60031,204.555,0.111994,8.60031,            31P   1151
204.552,0.111645,8.60031,204.55,0.111406,8.60031,204.549,             31P   1152
0.111202,8.60031,204.548,0.111034,8.60031,204.546,0.110852,           31P   1153
8.60031,204.521,0.107594,8.60031,204.496,0.104412,8.60031,            31P   1154
204.47,0.101288,8.60031,204.467,0.100917,8.60031,204.464,             31P   1155
0.100599,8.60031,204.462,0.100381,8.60031,204.461,0.100199,           31P   1156
8.60031,204.459,0.100057,8.60031,204.458,0.0999229,8.60031,           31P   1157
204.428,0.0963501,8.60031,204.396,0.0929088,8.60031,204.364,          31P   1158
0.0896614,8.60031,204.361,0.0893469,8.60031,204.358,0.0890768,        31P   1159
8.60031,204.356,0.0888919,8.60031,204.355,0.0887397,8.60031,          31P   1160
204.353,0.0886063,8.60031,204.322,0.0855575,8.60031,204.29,           31P   1161
0.0827454,8.60031,204.258,0.0801619,8.60031,204.255,0.079916,         31P   1162
8.60031,204.252,0.0797005,8.60031,204.25,0.0795202,8.60031,           31P   1163
204.248,0.079385,8.60031,204.216,0.0769591,8.60031,204.184,           31P   1164
0.0748125,8.60031,204.152,0.0728213,8.60031,204.149,0.0726355,        31P   1165
8.60031,204.146,0.072474,8.60031,204.144,0.0723644,8.60031,           31P   1166
204.143,0.0722777,8.60031,204.111,0.0704041,8.60031,204.079,          31P   1167
0.0687211,8.60031,204.045,0.0673104,8.60031,204.042,0.067185,         31P   1168
8.60031,204.04,0.0670751,8.60031,204.038,0.067002,8.60031,            31P   1169
204.037,0.0669453,8.60031,204.005,0.0656593,8.60031,203.972,          31P   1170
0.0646676,8.60031,203.939,0.0640011,8.60031,203.936,0.063946,         31P   1171
8.60031,203.934,0.0638984,8.60031,203.932,0.0638667,8.60031,          31P   1172
203.931,0.0638429,8.60031,203.899,0.0632731,8.60031,203.866,          31P   1173
0.0630108,8.60031,203.833,0.062678,8.60031,203.831,0.0626506,         31P   1174
8.60031,203.828,0.0626256,8.60031,203.826,0.0626088,8.60031,          31P   1175
203.825,0.0625957,8.60031,203.793,0.0622555,8.60031,203.76,           31P   1176
0.0618108,8.60031,203.727,0.0610576,8.60031,203.725,0.0609995,        31P   1177
8.60031,203.722,0.060947,8.60031,203.721,0.0609101,8.60031,           31P   1178
203.72,0.0608829,8.60031,203.687,0.0600915,8.60031,203.655,           31P   1179
0.058989,8.60031,203.621,0.0575374,8.60031,203.619,0.0574384,         31P   1180
8.60031,203.617,0.0573482,8.60031,203.616,0.0572856,8.60031,          31P   1181
203.615,0.0572386,8.60031,203.582,0.0557623,8.60031,203.549,          31P   1182
0.0539506,8.60031,203.516,0.0517887,8.60031,203.514,0.0516609,        31P   1183
8.60031,203.512,0.0515466,8.60031,203.51,0.0514524,8.60031,           31P   1184
203.477,0.0492536,8.60031,203.444,0.0467294,8.60031,203.41,           31P   1185
0.043861,8.60031,203.408,0.0437199,8.60031,203.407,0.0435912,         31P   1186
8.60031,203.406,0.043487,8.60031,203.372,0.0405853,8.60031,           31P   1187
203.339,0.0373477,8.60031,203.305,0.0337591,8.60031,203.303,          31P   1188
0.033607,8.60031,203.302,0.0334568,8.60031,203.268,0.0297916,         31P   1189
8.60031,203.234,0.0257609,8.60031,203.199,0.021378,8.60031,           31P   1190
203.17,0.017646,8.60031,203.141,0.013717,8.60031,203.112,             31P   1191
0.00949777,8.60031,203.089,0.00608181,8.60031,203.065,                31P   1192
0.00255314,8.60031,203.025,-0.00385756,8.60031,202.996,               31P   1193
-0.00871034,8.60031,202.968,-0.0136113,8.60031,202.957,               31P   1194
-0.0156465,8.60031,202.908,-0.0275202,9.54433,202.902,                31P   1195
-0.0285118,9.54433,202.891,-0.0348156,9.54433,202.885,-0.052226,      31P   1196
9.54433,202.891,-0.0696282,9.54433,202.902,-0.075749,9.54433,         31P   1197
202.92,-0.0789949,9.54433,202.951,-0.0843399,9.54433,203.006,         31P   1198
-0.0928442,9.54433,203.049,-0.0983959,9.54433,203.105,-0.104802,      31P   1199
9.54433,203.137,-0.107934,9.54433,203.205,-0.113384,9.54433,          31P   1200
203.243,-0.115506,9.54433,203.282,-0.116883,9.54433,203.32,           31P   1201
-0.118231,9.54433,203.357,-0.118846,9.54433,203.395,-0.118586,        31P   1202
9.54433,203.432,-0.118305,9.54433,203.47,-0.117166,9.54433,           31P   1203
203.507,-0.115324,9.54433,203.508,-0.115261,9.54433,203.546,          31P   1204
-0.11339,9.54433,203.583,-0.110821,9.54433,203.62,-0.107399,          31P   1205
9.54433,203.622,-0.107257,9.54433,203.659,-0.103759,9.54433,          31P   1206
203.697,-0.0994321,9.54433,203.734,-0.0942848,9.54433,203.735,        31P   1207
-0.0940666,9.54433,203.772,-0.0888974,9.54433,203.809,                31P   1208
-0.0829541,9.54433,203.846,-0.0765923,9.54433,203.847,                31P   1209
-0.0763661,9.54433,203.849,-0.0760824,9.54433,203.885,                31P   1210
-0.0696764,9.54433,203.921,-0.0628899,9.54433,203.957,                31P   1211
-0.0561443,9.54433,203.959,-0.055836,9.54433,203.961,-0.0554644,      31P   1212
9.54433,203.997,-0.0486751,9.54433,204.033,-0.041973,9.54433,         31P   1213
204.069,-0.0352084,9.54433,204.07,-0.0349245,9.54433,204.072,         31P   1214
-0.0346228,9.54433,204.074,-0.0342859,9.54433,204.109,                31P   1215
-0.0275195,9.54433,204.145,-0.0205721,9.54433,204.18,-0.0136968,      31P   1216
9.54433,204.182,-0.013433,9.54433,204.183,-0.0132002,9.54433,         31P   1217
204.185,-0.0128937,9.54433,204.186,-0.0125386,9.54433,204.222,        31P   1218
-0.00562563,9.54433,204.257,0.00125729,9.54433,204.291,               31P   1219
0.0080608,9.54433,204.293,0.00834091,9.54433,204.294,0.00859322,      31P   1220
9.54433,204.295,0.00880186,9.54433,204.296,0.00899703,9.54433,        31P   1221
204.297,0.0092243,9.54433,204.299,0.00953608,9.54433,204.333,         31P   1222
0.0164372,9.54433,204.368,0.0234289,9.54433,204.403,0.030617,         31P   1223
9.54433,204.405,0.0309668,9.54433,204.407,0.0313104,9.54433,          31P   1224
204.408,0.0316176,9.54433,204.409,0.0318733,9.54433,204.411,          31P   1225
0.0321048,9.54433,204.412,0.0324185,9.54433,204.446,0.039407,         31P   1226
9.54433,204.481,0.0465251,9.54433,204.514,0.0535436,9.54433,          31P   1227
204.516,0.0539184,9.54433,204.518,0.054217,9.54433,204.519,           31P   1228
0.0545274,9.54433,204.52,0.054809,9.54433,204.522,0.0550894,          31P   1229
9.54433,204.523,0.0553243,9.54433,204.524,0.0556402,9.54433,          31P   1230
204.552,0.0613373,9.54433,204.58,0.0671141,9.54433,204.607,           31P   1231
0.0729888,9.54433,204.609,0.0734409,9.54433,204.611,0.0737974,        31P   1232
9.54433,204.612,0.0740549,9.54433,204.614,0.0743206,9.54433,          31P   1233
204.615,0.0745583,9.54433,204.616,0.0747934,9.54433,204.617,          31P   1234
0.0750301,9.54433,204.618,0.075345,9.54433,204.639,0.0797531,         31P   1235
9.54433,204.66,0.0842923,9.54433,204.682,0.088918,9.54433,            31P   1236
204.684,0.0894448,9.54433,204.686,0.0898728,9.54433,204.688,          31P   1237
0.090174,9.54433,204.689,0.0904664,9.54433,204.69,0.0907227,          31P   1238
9.54433,204.691,0.0909667,9.54433,204.692,0.0912023,9.54433,          31P   1239
204.694,0.091511,9.54433,204.708,0.0945739,9.54433,204.722,           31P   1240
0.0977599,9.54433,204.738,0.101043,9.54433,204.74,0.101625,           31P   1241
9.54433,204.742,0.102103,9.54433,204.744,0.102435,9.54433,            31P   1242
204.746,0.10282,9.54433,204.747,0.10315,9.54433,204.749,              31P   1243
0.103507,9.54433,204.75,0.103814,9.54433,204.758,0.105482,            31P   1244
9.54433,204.765,0.107047,9.54433,204.773,0.108711,9.54433,            31P   1245
204.774,0.108944,9.54433,204.776,0.10941,9.54433,204.777,             31P   1246
0.109649,9.54433,204.779,0.110047,9.54433,204.779,0.110195,           31P   1247
9.54433,204.78,0.110447,9.54433,204.781,0.110582,9.54433,             31P   1248
204.782,0.110858,9.54433,204.782,0.110983,9.54433,204.783,            31P   1249
0.111308,9.54433,204.784,0.111519,9.54433,204.785,0.111962,           31P   1250
9.54433,204.786,0.112194,9.54433,204.787,0.112646,9.54433,            31P   1251
204.787,0.112862,9.54433,204.788,0.113374,9.54433,204.789,            31P   1252
0.113678,9.54433,204.791,0.114966,9.54433,204.793,0.116742,           31P   1253
9.54433,204.796,0.119647,9.54433,204.798,0.121964,9.54433,204.8,      31P   1254
0.124025,9.54433,204.801,0.125536,9.54433,204.801,0.126991,           31P   1255
9.54433,204.802,0.128191,9.54433,204.803,0.1297,9.54433,204.803,      31P   1256
0.131248,9.54433,204.804,0.134374,9.54433,204.805,0.138001,           31P   1257
9.54433,204.805,0.142248,9.54433,204.805,0.145327,9.54433,            31P   1258
204.804,0.147865,9.54433,204.804,0.149615,9.54433,204.803,            31P   1259
0.151217,9.54433,204.803,0.152689,9.54433,204.802,0.154138,           31P   1260
9.54433,204.802,0.15554,9.54433,204.8,0.158146,9.54433,204.798,       31P   1261
0.161162,9.54433,204.795,0.164314,9.54433,204.793,0.166373,           31P   1262
9.54433,204.791,0.167903,9.54433,204.789,0.168861,9.54433,            31P   1263
204.787,0.169666,9.54433,204.786,0.170325,9.54433,204.785,            31P   1264
0.1709,9.54433,204.783,0.1714,9.54433,204.78,0.172271,9.54433,        31P   1265
204.778,0.172743,9.54433,204.775,0.173047,9.54433,204.774,            31P   1266
0.173099,9.54433,204.771,0.173076,9.54433,204.77,0.172992,            31P   1267
9.54433,204.768,0.172736,9.54433,204.767,0.172596,9.54433,            31P   1268
204.766,0.172269,9.54433,204.765,0.172133,9.54433,204.764,            31P   1269
0.171917,9.54433,204.764,0.171828,9.54433,204.763,0.17161,            31P   1270
9.54433,204.762,0.171482,9.54433,204.761,0.171267,9.54433,            31P   1271
204.761,0.171177,9.54433,204.76,0.170991,9.54433,204.76,              31P   1272
0.170893,9.54433,204.759,0.170708,9.54433,204.758,0.17062,            31P   1273
9.54433,204.751,0.169206,9.54433,204.744,0.167673,9.54433,            31P   1274
204.735,0.165915,9.54433,204.732,0.165286,9.54433,204.73,             31P   1275
0.164756,9.54433,204.728,0.164389,9.54433,204.726,0.164056,           31P   1276
9.54433,204.725,0.163769,9.54433,204.723,0.163512,9.54433,            31P   1277
204.722,0.163276,9.54433,204.709,0.160644,9.54433,204.695,            31P   1278
0.157947,9.54433,204.68,0.155139,9.54433,204.677,0.154542,            31P   1279
9.54433,204.674,0.15403,9.54433,204.672,0.153682,9.54433,204.67,      31P   1280
0.153371,9.54433,204.669,0.153113,9.54433,204.667,0.152805,           31P   1281
9.54433,204.647,0.149093,9.54433,204.627,0.145302,9.54433,            31P   1282
204.605,0.141529,9.54433,204.602,0.140955,9.54433,204.599,            31P   1283
0.140469,9.54433,204.598,0.140136,9.54433,204.596,0.139851,           31P   1284
9.54433,204.595,0.139617,9.54433,204.593,0.139363,9.54433,            31P   1285
204.567,0.134825,9.54433,204.54,0.130381,9.54433,204.512,             31P   1286
0.126033,9.54433,204.509,0.125517,9.54433,204.506,0.125074,           31P   1287
9.54433,204.504,0.124772,9.54433,204.503,0.124517,9.54433,            31P   1288
204.501,0.12432,9.54433,204.5,0.124133,9.54433,204.468,0.119166,      31P   1289
9.54433,204.435,0.114398,9.54433,204.4,0.109829,9.54433,204.397,      31P   1290
0.109385,9.54433,204.394,0.109004,9.54433,204.392,0.108743,           31P   1291
9.54433,204.391,0.108528,9.54433,204.389,0.108339,9.54433,            31P   1292
204.356,0.104025,9.54433,204.323,0.0999571,9.54433,204.288,           31P   1293
0.0960638,9.54433,204.285,0.0956918,9.54433,204.282,0.0953649,        31P   1294
9.54433,204.279,0.0950904,9.54433,204.278,0.0948844,9.54433,          31P   1295
204.244,0.0911818,9.54433,204.21,0.0877433,9.54433,204.176,           31P   1296
0.0846061,9.54433,204.172,0.0843139,9.54433,204.17,0.0840602,         31P   1297
9.54433,204.168,0.0838883,9.54433,204.166,0.0837522,9.54433,          31P   1298
204.132,0.0808168,9.54433,204.098,0.0782424,9.54433,204.063,          31P   1299
0.0758712,9.54433,204.06,0.0756586,9.54433,204.057,0.075471,          31P   1300
9.54433,204.055,0.0753454,9.54433,204.054,0.0752477,9.54433,          31P   1301
204.02,0.073023,9.54433,203.986,0.0710212,9.54433,203.951,            31P   1302
0.0694007,9.54433,203.948,0.0692645,9.54433,203.945,0.0691447,        31P   1303
9.54433,203.943,0.069064,9.54433,203.942,0.0690028,9.54433,           31P   1304
203.908,0.0675314,9.54433,203.873,0.0664533,9.54433,203.838,          31P   1305
0.0653919,9.54433,203.835,0.0653058,9.54433,203.833,0.0652286,        31P   1306
9.54433,203.831,0.065177,9.54433,203.83,0.0651374,9.54433,            31P   1307
203.795,0.0641127,9.54433,203.761,0.0630692,9.54433,203.725,          31P   1308
0.0616532,9.54433,203.723,0.0615449,9.54433,203.72,0.0614478,         31P   1309
9.54433,203.719,0.0613798,9.54433,203.718,0.0613298,9.54433,          31P   1310
203.683,0.0598816,9.54433,203.648,0.0580528,9.54433,203.613,          31P   1311
0.0558968,9.54433,203.611,0.0557505,9.54433,203.608,0.0556178,        31P   1312
9.54433,203.607,0.0555271,9.54433,203.606,0.0554583,9.54433,          31P   1313
203.571,0.0533,9.54433,203.536,0.0508434,9.54433,203.501,             31P   1314
0.0480861,9.54433,203.499,0.0479236,9.54433,203.497,0.0477721,        31P   1315
9.54433,203.495,0.0476528,9.54433,203.46,0.0448703,9.54433,           31P   1316
203.424,0.0418222,9.54433,203.389,0.0384019,9.54433,203.387,          31P   1317
0.0382334,9.54433,203.385,0.0380739,9.54433,203.384,0.0379494,        31P   1318
9.54433,203.349,0.0344853,9.54433,203.313,0.0306503,9.54433,          31P   1319
203.277,0.0265493,9.54433,203.276,0.0264021,9.54433,203.274,          31P   1320
0.0262301,9.54433,203.238,0.0220464,9.54433,203.201,0.0175068,        31P   1321
9.54433,203.164,0.012619,9.54433,203.133,0.0084821,9.54433,           31P   1322
203.102,0.00406429,9.54433,203.072,-0.000488212,9.54433,203.048,      31P   1323
-0.00417912,9.54433,203.023,-0.00803967,9.54433,202.981,              31P   1324
-0.0149092,9.54433,202.95,-0.0200812,9.54433,202.92,-0.0253773,       31P   1325
9.54433,202.908,-0.0275202,9.54433,202.865,-0.0376434,10.3617,        31P   1326
202.859,-0.0387247,10.3617,202.848,-0.0451293,10.3617,202.841,        31P   1327
-0.063491,10.3617,202.848,-0.0818098,10.3617,202.859,-0.0884173,      31P   1328
10.3617,202.878,-0.0917943,10.3617,202.91,-0.0973542,10.3617,         31P   1329
202.968,-0.106348,10.3617,203.014,-0.11207,10.3617,203.073,           31P   1330
-0.118635,10.3617,203.106,-0.121815,10.3617,203.178,-0.127205,        31P   1331
10.3617,203.218,-0.12919,10.3617,203.258,-0.130356,10.3617,           31P   1332
203.298,-0.131495,10.3617,203.337,-0.131825,10.3617,203.377,          31P   1333
-0.131221,10.3617,203.417,-0.130597,10.3617,203.456,-0.12904,         31P   1334
10.3617,203.495,-0.126699,10.3617,203.497,-0.126618,10.3617,          31P   1335
203.536,-0.124246,10.3617,203.575,-0.121082,10.3617,203.614,          31P   1336
-0.117035,10.3617,203.616,-0.116867,10.3617,203.655,-0.112738,        31P   1337
10.3617,203.694,-0.107769,10.3617,203.733,-0.101897,10.3617,          31P   1338
203.735,-0.101648,10.3617,203.773,-0.0957523,10.3617,203.812,         31P   1339
-0.0889996,10.3617,203.85,-0.0816662,10.3617,203.851,-0.0814054,      31P   1340
10.3617,203.853,-0.0810782,10.3617,203.891,-0.0736857,10.3617,        31P   1341
203.929,-0.0657622,10.3617,203.967,-0.0579824,10.3617,203.969,        31P   1342
-0.0576271,10.3617,203.971,-0.0571989,10.3617,204.009,                31P   1343
-0.0493777,10.3617,204.047,-0.0416864,10.3617,204.084,                31P   1344
-0.0338203,10.3617,204.086,-0.0334896,10.3617,204.087,                31P   1345
-0.0331383,10.3617,204.089,-0.0327459,10.3617,204.126,                31P   1346
-0.0248688,10.3617,204.163,-0.0168303,10.3617,204.2,-0.0088483,       31P   1347
10.3617,204.202,-0.00854068,10.3617,204.203,-0.00826914,10.3617,      31P   1348
204.205,-0.00791179,10.3617,204.206,-0.00749769,10.3617,204.244,      31P   1349
0.000561063,10.3617,204.28,0.00856756,10.3617,204.318,0.0168167,      31P   1350
10.3617,204.319,0.0171451,10.3617,204.32,0.017441,10.3617,            31P   1351
204.321,0.0176857,10.3617,204.322,0.0179147,10.3617,204.324,          31P   1352
0.0181815,10.3617,204.325,0.0185475,10.3617,204.362,0.0266529,        31P   1353
10.3617,204.398,0.0349508,10.3617,204.433,0.0431623,10.3617,          31P   1354
204.435,0.0435399,10.3617,204.437,0.0439463,10.3617,204.438,          31P   1355
0.0443095,10.3617,204.44,0.0446119,10.3617,204.441,0.0448856,         31P   1356
10.3617,204.443,0.0452564,10.3617,204.478,0.0535161,10.3617,          31P   1357
204.514,0.0619064,10.3617,204.55,0.0704501,10.3617,204.552,           31P   1358
0.070897,10.3617,204.553,0.071209,10.3617,204.555,0.0715792,          31P   1359
10.3617,204.556,0.0719152,10.3617,204.558,0.07225,10.3617,            31P   1360
204.559,0.0725305,10.3617,204.561,0.0729078,10.3617,204.589,          31P   1361
0.0797159,10.3617,204.618,0.0866807,10.3617,204.647,0.0937231,        31P   1362
10.3617,204.65,0.0942616,10.3617,204.651,0.0946859,10.3617,           31P   1363
204.653,0.0949922,10.3617,204.654,0.0953081,10.3617,204.655,          31P   1364
0.0955908,10.3617,204.656,0.0958701,10.3617,204.657,0.0961514,        31P   1365
10.3617,204.659,0.0965253,10.3617,204.681,0.101758,10.3617,           31P   1366
204.703,0.107106,10.3617,204.725,0.112584,10.3617,204.728,            31P   1367
0.113209,10.3617,204.73,0.113716,10.3617,204.731,0.114073,            31P   1368
10.3617,204.732,0.11442,10.3617,204.734,0.114725,10.3617,             31P   1369
204.735,0.115014,10.3617,204.736,0.115294,10.3617,204.738,            31P   1370
0.115661,10.3617,204.752,0.1193,10.3617,204.768,0.123104,             31P   1371
10.3617,204.783,0.127031,10.3617,204.786,0.127727,10.3617,            31P   1372
204.788,0.1283,10.3617,204.79,0.128697,10.3617,204.792,0.129158,      31P   1373
10.3617,204.793,0.129553,10.3617,204.795,0.129981,10.3617,            31P   1374
204.796,0.130348,10.3617,204.804,0.132345,10.3617,204.812,            31P   1375
0.13422,10.3617,204.82,0.136216,10.3617,204.821,0.136496,             31P   1376
10.3617,204.823,0.137061,10.3617,204.824,0.137344,10.3617,            31P   1377
204.826,0.137808,10.3617,204.827,0.137991,10.3617,204.828,            31P   1378
0.138323,10.3617,204.829,0.138464,10.3617,204.83,0.138703,            31P   1379
10.3617,204.83,0.138819,10.3617,204.831,0.139126,10.3617,             31P   1380
204.832,0.139323,10.3617,204.833,0.139753,10.3617,204.833,            31P   1381
0.13998,10.3617,204.835,0.140425,10.3617,204.835,0.140638,            31P   1382
10.3617,204.836,0.141147,10.3617,204.837,0.141449,10.3617,            31P   1383
204.839,0.142742,10.3617,204.842,0.144542,10.3617,204.845,            31P   1384
0.147515,10.3617,204.847,0.14989,10.3617,204.849,0.152008,            31P   1385
10.3617,204.85,0.153563,10.3617,204.851,0.155064,10.3617,             31P   1386
204.851,0.156311,10.3617,204.852,0.157875,10.3617,204.853,            31P   1387
0.159483,10.3617,204.854,0.162738,10.3617,204.854,0.166531,           31P   1388
10.3617,204.855,0.170989,10.3617,204.855,0.174239,10.3617,            31P   1389
204.854,0.176926,10.3617,204.854,0.178783,10.3617,204.853,            31P   1390
0.180466,10.3617,204.853,0.182032,10.3617,204.852,0.183576,           31P   1391
10.3617,204.852,0.185074,10.3617,204.85,0.187861,10.3617,             31P   1392
204.848,0.191105,10.3617,204.845,0.194526,10.3617,204.843,            31P   1393
0.196771,10.3617,204.84,0.198452,10.3617,204.839,0.199516,            31P   1394
10.3617,204.837,0.2004,10.3617,204.836,0.201138,10.3617,204.834,      31P   1395
0.201787,10.3617,204.833,0.202355,10.3617,204.83,0.203357,            31P   1396
10.3617,204.827,0.20393,10.3617,204.824,0.204352,10.3617,             31P   1397
204.823,0.204447,10.3617,204.82,0.204516,10.3617,204.819,             31P   1398
0.204474,10.3617,204.817,0.204276,10.3617,204.816,0.20417,            31P   1399
10.3617,204.815,0.203925,10.3617,204.814,0.203788,10.3617,            31P   1400
204.813,0.203512,10.3617,204.813,0.203403,10.3617,204.811,            31P   1401
0.203153,10.3617,204.811,0.203008,10.3617,204.81,0.202754,            31P   1402
10.3617,204.809,0.202648,10.3617,204.808,0.202427,10.3617,            31P   1403
204.808,0.202312,10.3617,204.807,0.202093,10.3617,204.807,            31P   1404
0.201989,10.3617,204.8,0.200312,10.3617,204.792,0.19848,10.3617,      31P   1405
204.783,0.196354,10.3617,204.78,0.195592,10.3617,204.777,             31P   1406
0.194948,10.3617,204.775,0.194501,10.3617,204.773,0.194098,           31P   1407
10.3617,204.772,0.193747,10.3617,204.77,0.193432,10.3617,             31P   1408
204.769,0.193142,10.3617,204.755,0.189908,10.3617,204.74,             31P   1409
0.186527,10.3617,204.725,0.183025,10.3617,204.721,0.182282,           31P   1410
10.3617,204.719,0.181646,10.3617,204.717,0.181215,10.3617,            31P   1411
204.715,0.180834,10.3617,204.713,0.180514,10.3617,204.712,            31P   1412
0.180133,10.3617,204.691,0.175548,10.3617,204.669,0.170946,           31P   1413
10.3617,204.647,0.166366,10.3617,204.644,0.16567,10.3617,             31P   1414
204.641,0.165081,10.3617,204.639,0.164677,10.3617,204.637,            31P   1415
0.164335,10.3617,204.636,0.164051,10.3617,204.634,0.163743,           31P   1416
10.3617,204.607,0.158237,10.3617,204.579,0.152831,10.3617,            31P   1417
204.55,0.147466,10.3617,204.546,0.146829,10.3617,204.543,             31P   1418
0.146281,10.3617,204.541,0.145907,10.3617,204.539,0.145594,           31P   1419
10.3617,204.538,0.14535,10.3617,204.537,0.145119,10.3617,             31P   1420
204.503,0.138959,10.3617,204.468,0.132927,10.3617,204.432,            31P   1421
0.127135,10.3617,204.429,0.126573,10.3617,204.426,0.12609,            31P   1422
10.3617,204.424,0.125759,10.3617,204.422,0.125487,10.3617,            31P   1423
204.421,0.125248,10.3617,204.386,0.119782,10.3617,204.351,            31P   1424
0.114637,10.3617,204.315,0.10972,10.3617,204.311,0.109251,            31P   1425
10.3617,204.308,0.108838,10.3617,204.306,0.108492,10.3617,            31P   1426
204.304,0.108232,10.3617,204.269,0.10356,10.3617,204.233,             31P   1427
0.0992183,10.3617,204.197,0.0951028,10.3617,204.194,0.0947183,        31P   1428
10.3617,204.191,0.0943835,10.3617,204.189,0.0941561,10.3617,          31P   1429
204.187,0.0939764,10.3617,204.152,0.090083,10.3617,204.116,           31P   1430
0.08649,10.3617,204.079,0.083211,10.3617,204.076,0.0829173,           31P   1431
10.3617,204.073,0.0826583,10.3617,204.071,0.0824852,10.3617,          31P   1432
204.069,0.0823508,10.3617,204.034,0.0792859,10.3617,203.998,          31P   1433
0.0765744,10.3617,203.961,0.0742482,10.3617,203.957,0.0740517,        31P   1434
10.3617,203.955,0.0738781,10.3617,203.953,0.0737606,10.3617,          31P   1435
203.951,0.0736716,10.3617,203.916,0.0715221,10.3617,203.879,          31P   1436
0.0697748,10.3617,203.842,0.0680659,10.3617,203.839,0.0679275,        31P   1437
10.3617,203.837,0.0678034,10.3617,203.835,0.0677208,10.3617,          31P   1438
203.833,0.0676574,10.3617,203.798,0.0660138,10.3617,203.761,          31P   1439
0.064381,10.3617,203.724,0.0623754,10.3617,203.721,0.0622227,         31P   1440
10.3617,203.719,0.0620863,10.3617,203.717,0.0619913,10.3617,          31P   1441
203.716,0.0619216,10.3617,203.68,0.0599008,10.3617,203.643,           31P   1442
0.0574957,10.3617,203.606,0.054798,10.3617,203.604,0.0546153,         31P   1443
10.3617,203.601,0.05445,10.3617,203.6,0.0543336,10.3617,203.599,      31P   1444
0.0542481,10.3617,203.562,0.0515679,10.3617,203.525,0.0486333,        31P   1445
10.3617,203.488,0.04536,10.3617,203.486,0.0451668,10.3617,            31P   1446
203.484,0.0450056,10.3617,203.483,0.044864,10.3617,203.445,           31P   1447
0.0415598,10.3617,203.408,0.0379525,10.3617,203.371,0.0340238,        31P   1448
10.3617,203.369,0.0338315,10.3617,203.367,0.0336671,10.3617,          31P   1449
203.366,0.0335254,10.3617,203.328,0.0295848,10.3617,203.291,          31P   1450
0.0253511,10.3617,203.253,0.0207609,10.3617,203.251,0.0205171,        31P   1451
10.3617,203.25,0.0203264,10.3617,203.212,0.0156561,10.3617,           31P   1452
203.173,0.0106202,10.3617,203.136,0.00535464,10.3617,203.103,         31P   1453
0.000821248,10.3617,203.071,-0.00387273,10.3617,203.039,              31P   1454
-0.00879684,10.3617,203.012,-0.0127769,10.3617,202.987,               31P   1455
-0.0168752,10.3617,202.942,-0.0241732,10.3617,202.909,                31P   1456
-0.0295937,10.3617,202.878,-0.0353064,10.3617,202.865,                31P   1457
-0.0376434,10.3617,202.817,-0.0486335,11.2927,202.81,-0.0497308,      31P   1458
11.2927,202.798,-0.0568451,11.2927,202.792,-0.0761277,11.2927,        31P   1459
202.798,-0.0954055,11.2927,202.81,-0.102136,11.2927,202.83,           31P   1460
-0.105752,11.2927,202.864,-0.111686,11.2927,202.926,-0.120994,        31P   1461
11.2927,202.975,-0.127236,11.2927,203.037,-0.13403,11.2927,           31P   1462
203.072,-0.137026,11.2927,203.147,-0.142213,11.2927,203.189,          31P   1463
-0.144239,11.2927,203.231,-0.14523,11.2927,203.273,-0.146191,         31P   1464
11.2927,203.315,-0.146149,11.2927,203.357,-0.145172,11.2927,          31P   1465
203.399,-0.144177,11.2927,203.441,-0.142239,11.2927,203.482,          31P   1466
-0.139365,11.2927,203.484,-0.139266,11.2927,203.525,-0.136354,        31P   1467
11.2927,203.566,-0.132499,11.2927,203.607,-0.127709,11.2927,          31P   1468
203.609,-0.12751,11.2927,203.651,-0.122628,11.2927,203.692,           31P   1469
-0.116808,11.2927,203.733,-0.11,11.2927,203.735,-0.109712,            31P   1470
11.2927,203.776,-0.102881,11.2927,203.816,-0.0951217,11.2927,         31P   1471
203.856,-0.0868239,11.2927,203.857,-0.086529,11.2927,203.859,         31P   1472
-0.086159,11.2927,203.899,-0.077805,11.2927,203.939,-0.0689711,       31P   1473
11.2927,203.979,-0.0600902,11.2927,203.981,-0.0596833,11.2927,        31P   1474
203.983,-0.0591924,11.2927,204.023,-0.0502158,11.2927,204.062,        31P   1475
-0.0411493,11.2927,204.102,-0.0320545,11.2927,204.104,-0.031675,      31P   1476
11.2927,204.105,-0.0312718,11.2927,204.107,-0.0308218,11.2927,        31P   1477
204.146,-0.0217915,11.2927,204.186,-0.0126829,11.2927,204.224,        31P   1478
-0.0034757,11.2927,204.226,-0.00312047,11.2927,204.227,               31P   1479
-0.00280671,11.2927,204.229,-0.00239363,11.2927,204.231,              31P   1480
-0.00191462,11.2927,204.27,0.0074154,11.2927,204.308,0.0168543,       31P   1481
11.2927,204.346,0.0262518,11.2927,204.348,0.0266355,11.2927,          31P   1482
204.349,0.0269811,11.2927,204.35,0.0272669,11.2927,204.351,           31P   1483
0.0275343,11.2927,204.353,0.0278456,11.2927,204.354,0.0282728,        31P   1484
11.2927,204.392,0.0377283,11.2927,204.431,0.0473197,11.2927,          31P   1485
204.469,0.0569956,11.2927,204.471,0.057576,11.2927,204.473,           31P   1486
0.0580455,11.2927,204.474,0.0584652,11.2927,204.476,0.0588146,        31P   1487
11.2927,204.477,0.0591308,11.2927,204.479,0.0595592,11.2927,          31P   1488
204.516,0.0691033,11.2927,204.554,0.078799,11.2927,204.591,           31P   1489
0.0885748,11.2927,204.593,0.0890955,11.2927,204.595,0.0896355,        31P   1490
11.2927,204.597,0.0900671,11.2927,204.598,0.0904591,11.2927,          31P   1491
204.6,0.0908496,11.2927,204.601,0.0911769,11.2927,204.602,            31P   1492
0.0916172,11.2927,204.632,0.0995629,11.2927,204.663,0.107727,         31P   1493
11.2927,204.693,0.115881,11.2927,204.695,0.116517,11.2927,            31P   1494
204.697,0.117019,11.2927,204.698,0.117381,11.2927,204.7,              31P   1495
0.117755,11.2927,204.701,0.118089,11.2927,204.702,0.11842,            31P   1496
11.2927,204.703,0.118753,11.2927,204.705,0.119195,11.2927,            31P   1497
204.728,0.12539,11.2927,204.751,0.13174,11.2927,204.774,              31P   1498
0.138203,11.2927,204.777,0.138939,11.2927,204.779,0.139537,           31P   1499
11.2927,204.78,0.139958,11.2927,204.782,0.140366,11.2927,             31P   1500
204.783,0.140724,11.2927,204.784,0.141065,11.2927,204.786,            31P   1501
0.141394,11.2927,204.787,0.141825,11.2927,204.803,0.146104,           31P   1502
11.2927,204.819,0.150556,11.2927,204.835,0.155164,11.2927,            31P   1503
204.838,0.155981,11.2927,204.84,0.156653,11.2927,204.842,             31P   1504
0.15712,11.2927,204.844,0.157662,11.2927,204.846,0.158125,            31P   1505
11.2927,204.847,0.158629,11.2927,204.849,0.15906,11.2927,             31P   1506
204.857,0.16141,11.2927,204.865,0.163619,11.2927,204.873,             31P   1507
0.165974,11.2927,204.874,0.166304,11.2927,204.877,0.166969,           31P   1508
11.2927,204.878,0.167304,11.2927,204.88,0.167855,11.2927,             31P   1509
204.881,0.168069,11.2927,204.882,0.168453,11.2927,204.883,            31P   1510
0.168625,11.2927,204.884,0.168931,11.2927,204.884,0.169055,           31P   1511
11.2927,204.885,0.169365,11.2927,204.886,0.169582,11.2927,            31P   1512
204.887,0.170013,11.2927,204.888,0.170242,11.2927,204.889,            31P   1513
0.170695,11.2927,204.889,0.170911,11.2927,204.891,0.171427,           31P   1514
11.2927,204.891,0.171735,11.2927,204.894,0.173049,11.2927,            31P   1515
204.896,0.174885,11.2927,204.9,0.177935,11.2927,204.902,0.18041,      31P   1516
11.2927,204.904,0.182621,11.2927,204.905,0.184245,11.2927,            31P   1517
204.906,0.185812,11.2927,204.907,0.187092,11.2927,204.907,            31P   1518
0.188727,11.2927,204.908,0.19041,11.2927,204.909,0.193821,            31P   1519
11.2927,204.91,0.197808,11.2927,204.911,0.202522,11.2927,             31P   1520
204.911,0.205949,11.2927,204.91,0.20879,11.2927,204.91,0.210755,      31P   1521
11.2927,204.909,0.212621,11.2927,204.909,0.214281,11.2927,            31P   1522
204.908,0.215918,11.2927,204.908,0.217507,11.2927,204.906,            31P   1523
0.220464,11.2927,204.904,0.223905,11.2927,204.901,0.227524,           31P   1524
11.2927,204.899,0.229943,11.2927,204.896,0.231766,11.2927,            31P   1525
204.895,0.232924,11.2927,204.893,0.233936,11.2927,204.891,            31P   1526
0.234742,11.2927,204.89,0.235451,11.2927,204.888,0.236074,            31P   1527
11.2927,204.885,0.237177,11.2927,204.883,0.237819,11.2927,            31P   1528
204.879,0.238313,11.2927,204.878,0.238435,11.2927,204.875,            31P   1529
0.238553,11.2927,204.874,0.238535,11.2927,204.872,0.238374,           31P   1530
11.2927,204.871,0.238278,11.2927,204.869,0.238044,11.2927,            31P   1531
204.869,0.237922,11.2927,204.867,0.237684,11.2927,204.867,            31P   1532
0.237571,11.2927,204.866,0.237245,11.2927,204.865,0.23705,            31P   1533
11.2927,204.864,0.236748,11.2927,204.863,0.236623,11.2927,            31P   1534
204.862,0.236363,11.2927,204.862,0.236227,11.2927,204.861,            31P   1535
0.235968,11.2927,204.861,0.235845,11.2927,204.853,0.233868,           31P   1536
11.2927,204.845,0.231719,11.2927,204.836,0.229227,11.2927,            31P   1537
204.832,0.228327,11.2927,204.829,0.227567,11.2927,204.827,            31P   1538
0.227039,11.2927,204.826,0.226547,11.2927,204.824,0.226133,           31P   1539
11.2927,204.823,0.225761,11.2927,204.821,0.225419,11.2927,            31P   1540
204.807,0.221605,11.2927,204.791,0.217622,11.2927,204.775,            31P   1541
0.213494,11.2927,204.771,0.212613,11.2927,204.768,0.21186,            31P   1542
11.2927,204.766,0.211349,11.2927,204.764,0.210881,11.2927,            31P   1543
204.763,0.210499,11.2927,204.761,0.210047,11.2927,204.739,            31P   1544
0.204601,11.2927,204.717,0.199096,11.2927,204.693,0.193593,           31P   1545
11.2927,204.69,0.192753,11.2927,204.687,0.192042,11.2927,             31P   1546
204.685,0.191554,11.2927,204.683,0.191128,11.2927,204.681,            31P   1547
0.190782,11.2927,204.68,0.19041,11.2927,204.651,0.183751,             31P   1548
11.2927,204.622,0.177152,11.2927,204.591,0.170666,11.2927,            31P   1549
204.588,0.169894,11.2927,204.585,0.169232,11.2927,204.582,            31P   1550
0.168779,11.2927,204.581,0.16839,11.2927,204.579,0.168095,            31P   1551
11.2927,204.578,0.167815,11.2927,204.542,0.160377,11.2927,            31P   1552
204.506,0.153184,11.2927,204.468,0.146191,11.2927,204.465,            31P   1553
0.145512,11.2927,204.461,0.144926,11.2927,204.459,0.144525,           31P   1554
11.2927,204.457,0.14419,11.2927,204.456,0.1439,11.2927,204.42,        31P   1555
0.137261,11.2927,204.383,0.130889,11.2927,204.345,0.12478,            31P   1556
11.2927,204.341,0.124196,11.2927,204.338,0.123682,11.2927,            31P   1557
204.335,0.123249,11.2927,204.333,0.122925,11.2927,204.296,            31P   1558
0.117111,11.2927,204.259,0.111697,11.2927,204.221,0.106544,           31P   1559
11.2927,204.217,0.106062,11.2927,204.214,0.105642,11.2927,            31P   1560
204.212,0.105357,11.2927,204.21,0.10513,11.2927,204.173,              31P   1561
0.100246,11.2927,204.135,0.0957062,11.2927,204.096,0.0915001,         31P   1562
11.2927,204.093,0.0911228,11.2927,204.09,0.0907896,11.2927,           31P   1563
204.088,0.0905668,11.2927,204.086,0.0903924,11.2927,204.049,          31P   1564
0.0864427,11.2927,204.011,0.0828754,11.2927,203.972,0.0797396,        31P   1565
11.2927,203.968,0.0794741,11.2927,203.965,0.0792392,11.2927,          31P   1566
203.963,0.0790802,11.2927,203.962,0.0789588,11.2927,203.924,          31P   1567
0.076041,11.2927,203.886,0.0735844,11.2927,203.847,0.0711477,         31P   1568
11.2927,203.844,0.0709501,11.2927,203.841,0.0707729,11.2927,          31P   1569
203.839,0.0706539,11.2927,203.838,0.0705628,11.2927,203.8,            31P   1570
0.0682124,11.2927,203.762,0.0658545,11.2927,203.722,0.0631722,        31P   1571
11.2927,203.719,0.0629686,11.2927,203.717,0.0627876,11.2927,          31P   1572
203.715,0.0626611,11.2927,203.714,0.0625684,11.2927,203.676,          31P   1573
0.0599007,11.2927,203.637,0.0569051,11.2927,203.598,0.0536437,        31P   1574
11.2927,203.595,0.0534232,11.2927,203.593,0.0532238,11.2927,          31P   1575
203.591,0.053098,11.2927,203.59,0.0529951,11.2927,203.552,            31P   1576
0.0497701,11.2927,203.513,0.0463249,11.2927,203.474,0.0424666,        31P   1577
11.2927,203.471,0.0422399,11.2927,203.469,0.0419756,11.2927,          31P   1578
203.467,0.0418088,11.2927,203.428,0.0379243,11.2927,203.389,          31P   1579
0.0336792,11.2927,203.35,0.0292182,11.2927,203.348,0.0289958,         31P   1580
11.2927,203.346,0.0287357,11.2927,203.344,0.0285718,11.2927,          31P   1581
203.305,0.0240146,11.2927,203.265,0.019194,11.2927,203.226,           31P   1582
0.0141893,11.2927,203.225,0.0140127,11.2927,203.223,0.0137967,        31P   1583
11.2927,203.183,0.00864297,11.2927,203.142,0.00320229,11.2927,        31P   1584
203.102,-0.00264651,11.2927,203.067,-0.00756448,11.2927,203.033,      31P   1585
-0.0126988,11.2927,203.,-0.0179733,11.2927,202.972,-0.0222764,        31P   1586
11.2927,202.945,-0.0267368,11.2927,202.898,-0.0346254,11.2927,        31P   1587
202.863,-0.0404861,11.2927,202.83,-0.0462924,11.2927,202.817,         31P   1588
-0.0486335,11.2927,202.772,-0.0578755,12.1496,202.766,                31P   1589
-0.0590525,12.1496,202.753,-0.0662331,12.1496,202.746,                31P   1590
-0.0864455,12.1496,202.753,-0.106766,12.1496,202.766,-0.114083,       31P   1591
12.1496,202.787,-0.117726,12.1496,202.822,-0.123749,12.1496,          31P   1592
202.887,-0.133685,12.1496,202.938,-0.139889,12.1496,203.003,          31P   1593
-0.146812,12.1496,203.039,-0.150012,12.1496,203.119,-0.155335,        31P   1594
12.1496,203.163,-0.157219,12.1496,203.207,-0.158005,12.1496,          31P   1595
203.251,-0.158762,12.1496,203.295,-0.158444,12.1496,203.339,          31P   1596
-0.157156,12.1496,203.383,-0.155852,12.1496,203.426,-0.153572,        31P   1597
12.1496,203.47,-0.150201,12.1496,203.471,-0.150085,12.1496,           31P   1598
203.515,-0.146674,12.1496,203.558,-0.14218,12.1496,203.601,           31P   1599
-0.136764,12.1496,203.603,-0.136539,12.1496,203.647,-0.13103,         31P   1600
12.1496,203.689,-0.124646,12.1496,203.732,-0.117172,12.1496,          31P   1601
203.734,-0.116855,12.1496,203.776,-0.109354,12.1496,203.818,          31P   1602
-0.100805,12.1496,203.86,-0.0916224,12.1496,203.862,-0.0912959,       31P   1603
12.1496,203.864,-0.0908861,12.1496,203.906,-0.0816296,12.1496,        31P   1604
203.948,-0.071704,12.1496,203.99,-0.0617977,12.1496,203.992,          31P   1605
-0.0613492,12.1496,203.994,-0.0608084,12.1496,204.036,                31P   1606
-0.0509253,12.1496,204.077,-0.0410912,12.1496,204.117,                31P   1607
-0.0313169,12.1496,204.119,-0.0308955,12.1496,204.121,                31P   1608
-0.0304479,12.1496,204.123,-0.029948,12.1496,204.164,-0.0199142,      31P   1609
12.1496,204.204,-0.00969142,12.1496,204.245,0.000705157,12.1496,      31P   1610
204.247,0.0011012,12.1496,204.248,0.00145093,12.1496,204.25,          31P   1611
0.00191132,12.1496,204.252,0.00244505,12.1496,204.293,0.0128382,      31P   1612
12.1496,204.333,0.0232918,12.1496,204.373,0.0338622,12.1496,          31P   1613
204.375,0.0342885,12.1496,204.376,0.0346726,12.1496,204.377,          31P   1614
0.0349902,12.1496,204.379,0.0352874,12.1496,204.38,0.0356334,         31P   1615
12.1496,204.382,0.0361083,12.1496,204.421,0.0466207,12.1496,          31P   1616
204.461,0.0573264,12.1496,204.501,0.0681439,12.1496,204.502,          31P   1617
0.0686527,12.1496,204.504,0.0691812,12.1496,204.506,0.0696539,        31P   1618
12.1496,204.508,0.0700473,12.1496,204.509,0.0704036,12.1496,          31P   1619
204.511,0.0708863,12.1496,204.55,0.0816425,12.1496,204.589,           31P   1620
0.0926521,12.1496,204.628,0.103769,12.1496,204.63,0.104353,           31P   1621
12.1496,204.632,0.104782,12.1496,204.633,0.105265,12.1496,            31P   1622
204.635,0.105704,12.1496,204.636,0.106141,12.1496,204.638,            31P   1623
0.106508,12.1496,204.639,0.107,12.1496,204.671,0.115885,12.1496,      31P   1624
204.702,0.124946,12.1496,204.734,0.134226,12.1496,204.737,            31P   1625
0.134938,12.1496,204.739,0.135499,12.1496,204.74,0.135904,            31P   1626
12.1496,204.741,0.136323,12.1496,204.743,0.136697,12.1496,            31P   1627
204.744,0.137068,12.1496,204.745,0.13744,12.1496,204.747,             31P   1628
0.137937,12.1496,204.771,0.144883,12.1496,204.795,0.152058,           31P   1629
12.1496,204.819,0.159388,12.1496,204.822,0.160223,12.1496,            31P   1630
204.824,0.160901,12.1496,204.826,0.161379,12.1496,204.827,            31P   1631
0.161843,12.1496,204.828,0.162249,12.1496,204.83,0.162636,            31P   1632
12.1496,204.831,0.16301,12.1496,204.833,0.1635,12.1496,204.849,       31P   1633
0.168359,12.1496,204.865,0.173421,12.1496,204.882,0.178623,           31P   1634
12.1496,204.886,0.179544,12.1496,204.888,0.180301,12.1496,            31P   1635
204.89,0.180826,12.1496,204.892,0.181436,12.1496,204.893,             31P   1636
0.181957,12.1496,204.895,0.182523,12.1496,204.897,0.183007,           31P   1637
12.1496,204.906,0.185643,12.1496,204.914,0.188111,12.1496,            31P   1638
204.922,0.190731,12.1496,204.924,0.191099,12.1496,204.926,            31P   1639
0.191839,12.1496,204.927,0.192211,12.1496,204.929,0.192822,           31P   1640
12.1496,204.93,0.193061,12.1496,204.931,0.19349,12.1496,204.932,      31P   1641
0.193679,12.1496,204.933,0.19401,12.1496,204.934,0.194152,            31P   1642
12.1496,204.934,0.194385,12.1496,204.935,0.194471,12.1496,            31P   1643
204.936,0.19486,12.1496,204.937,0.19507,12.1496,204.938,              31P   1644
0.195488,12.1496,204.938,0.195695,12.1496,204.94,0.196204,            31P   1645
12.1496,204.94,0.196513,12.1496,204.943,0.197857,12.1496,             31P   1646
204.946,0.199813,12.1496,204.95,0.203117,12.1496,204.953,             31P   1647
0.205645,12.1496,204.955,0.207912,12.1496,204.956,0.209582,           31P   1648
12.1496,204.957,0.211195,12.1496,204.958,0.212636,12.1496,            31P   1649
204.959,0.214332,12.1496,204.959,0.216082,12.1496,204.961,            31P   1650
0.219628,12.1496,204.962,0.223766,12.1496,204.962,0.228602,           31P   1651
12.1496,204.962,0.232203,12.1496,204.962,0.235193,12.1496,            31P   1652
204.961,0.237264,12.1496,204.961,0.238804,12.1496,204.961,            31P   1653
0.240563,12.1496,204.96,0.242302,12.1496,204.959,0.243995,            31P   1654
12.1496,204.958,0.247159,12.1496,204.956,0.2509,12.1496,204.952,      31P   1655
0.254997,12.1496,204.95,0.257578,12.1496,204.947,0.259534,            31P   1656
12.1496,204.946,0.260784,12.1496,204.944,0.261663,12.1496,            31P   1657
204.943,0.262569,12.1496,204.941,0.263373,12.1496,204.94,             31P   1658
0.264086,12.1496,204.936,0.265361,12.1496,204.934,0.266136,           31P   1659
12.1496,204.93,0.266775,12.1496,204.928,0.266929,12.1496,             31P   1660
204.926,0.267111,12.1496,204.924,0.267122,12.1496,204.922,0.267,      31P   1661
12.1496,204.921,0.266918,12.1496,204.919,0.266709,12.1496,            31P   1662
204.918,0.266593,12.1496,204.917,0.266358,12.1496,204.917,            31P   1663
0.266252,12.1496,204.916,0.266038,12.1496,204.915,0.265934,           31P   1664
12.1496,204.914,0.2656,12.1496,204.914,0.265459,12.1496,204.913,      31P   1665
0.265157,12.1496,204.912,0.265,12.1496,204.911,0.264704,12.1496,      31P   1666
204.911,0.264563,12.1496,204.903,0.262287,12.1496,204.894,            31P   1667
0.259753,12.1496,204.884,0.256823,12.1496,204.881,0.255798,           31P   1668
12.1496,204.878,0.254931,12.1496,204.876,0.254329,12.1496,            31P   1669
204.874,0.253854,12.1496,204.872,0.253381,12.1496,204.871,            31P   1670
0.252957,12.1496,204.869,0.252567,12.1496,204.854,0.24821,            31P   1671
12.1496,204.838,0.243647,12.1496,204.821,0.238855,12.1496,            31P   1672
204.817,0.23785,12.1496,204.814,0.23699,12.1496,204.812,              31P   1673
0.236408,12.1496,204.81,0.235956,12.1496,204.809,0.235535,            31P   1674
12.1496,204.807,0.235019,12.1496,204.784,0.228812,12.1496,            31P   1675
204.761,0.222564,12.1496,204.736,0.216262,12.1496,204.732,            31P   1676
0.215314,12.1496,204.729,0.214512,12.1496,204.727,0.213961,           31P   1677
12.1496,204.725,0.213547,12.1496,204.724,0.213168,12.1496,            31P   1678
204.722,0.212749,12.1496,204.692,0.205239,12.1496,204.661,            31P   1679
0.197827,12.1496,204.629,0.190383,12.1496,204.626,0.189504,           31P   1680
12.1496,204.622,0.18875,12.1496,204.62,0.188233,12.1496,204.618,      31P   1681
0.18784,12.1496,204.617,0.187509,12.1496,204.616,0.187189,            31P   1682
12.1496,204.579,0.178683,12.1496,204.54,0.170286,12.1496,             31P   1683
204.501,0.162145,12.1496,204.497,0.161359,12.1496,204.494,            31P   1684
0.160683,12.1496,204.492,0.16022,12.1496,204.49,0.159858,             31P   1685
12.1496,204.488,0.159524,12.1496,204.45,0.151866,12.1496,             31P   1686
204.412,0.144624,12.1496,204.372,0.137602,12.1496,204.368,            31P   1687
0.136932,12.1496,204.365,0.136343,12.1496,204.362,0.135864,           31P   1688
12.1496,204.36,0.135493,12.1496,204.321,0.128808,12.1496,             31P   1689
204.283,0.1225,12.1496,204.242,0.11648,12.1496,204.239,0.115918,      31P   1690
12.1496,204.235,0.115429,12.1496,204.233,0.115097,12.1496,            31P   1691
204.231,0.114842,12.1496,204.192,0.109152,12.1496,204.153,            31P   1692
0.103879,12.1496,204.112,0.0988737,12.1496,204.109,0.0984246,         31P   1693
12.1496,204.105,0.0980274,12.1496,204.103,0.0977614,12.1496,          31P   1694
204.102,0.0975593,12.1496,204.062,0.0928355,12.1496,204.023,          31P   1695
0.088425,12.1496,203.982,0.0845345,12.1496,203.979,0.0842055,         31P   1696
12.1496,203.975,0.0839143,12.1496,203.973,0.0837164,12.1496,          31P   1697
203.972,0.083569,12.1496,203.932,0.0799535,12.1496,203.892,           31P   1698
0.076928,12.1496,203.851,0.0739698,12.1496,203.848,0.0737302,         31P   1699
12.1496,203.845,0.0735157,12.1496,203.843,0.0733761,12.1496,          31P   1700
203.842,0.0732688,12.1496,203.802,0.0704272,12.1496,203.762,          31P   1701
0.0676187,12.1496,203.721,0.064473,12.1496,203.718,0.0642346,         31P   1702
12.1496,203.715,0.0640228,12.1496,203.713,0.0638781,12.1496,          31P   1703
203.712,0.0637722,12.1496,203.672,0.0606552,12.1496,203.632,          31P   1704
0.0571898,12.1496,203.591,0.0533229,12.1496,203.588,0.0530613,        31P   1705
12.1496,203.585,0.0528245,12.1496,203.583,0.0526008,12.1496,          31P   1706
203.582,0.052478,12.1496,203.542,0.0486361,12.1496,203.501,           31P   1707
0.0444316,12.1496,203.461,0.0401153,12.1496,203.458,0.0398575,        31P   1708
12.1496,203.456,0.0396325,12.1496,203.454,0.0394456,12.1496,          31P   1709
203.413,0.0350624,12.1496,203.372,0.0305765,12.1496,203.331,          31P   1710
0.025714,12.1496,203.329,0.0254756,12.1496,203.327,0.0252633,         31P   1711
12.1496,203.325,0.0250881,12.1496,203.284,0.0202025,12.1496,          31P   1712
203.243,0.0149503,12.1496,203.201,0.00938507,12.1496,203.2,           31P   1713
0.00915617,12.1496,203.198,0.00894694,12.1496,203.156,                31P   1714
0.00329148,12.1496,203.114,-0.0026994,12.1496,203.071,                31P   1715
-0.00900248,12.1496,203.035,-0.0142991,12.1496,202.999,               31P   1716
-0.0197246,12.1496,202.964,-0.0253022,12.1496,202.935,                31P   1717
-0.0298467,12.1496,202.907,-0.0344494,12.1496,202.858,                31P   1718
-0.0427454,12.1496,202.822,-0.0489218,12.1496,202.786,                31P   1719
-0.0553167,12.1496,202.772,-0.0578755,12.1496,202.732,                31P   1720
-0.0658515,12.9503,202.725,-0.067082,12.9503,202.712,-0.0747411,      31P   1721
12.9503,202.704,-0.0958456,12.9503,202.712,-0.116904,12.9503,         31P   1722
202.725,-0.124287,12.9503,202.746,-0.128249,12.9503,202.784,          31P   1723
-0.134712,12.9503,202.851,-0.144748,12.9503,202.904,-0.151094,        31P   1724
12.9503,202.972,-0.158198,12.9503,203.01,-0.161473,12.9503,           31P   1725
203.093,-0.166771,12.9503,203.139,-0.168496,12.9503,203.185,          31P   1726
-0.16915,12.9503,203.23,-0.169778,12.9503,203.276,-0.169349,          31P   1727
12.9503,203.322,-0.167797,12.9503,203.368,-0.166226,12.9503,          31P   1728
203.413,-0.163545,12.9503,203.458,-0.159799,12.9503,203.46,           31P   1729
-0.15967,12.9503,203.505,-0.155881,12.9503,203.549,-0.151084,         31P   1730
12.9503,203.595,-0.145167,12.9503,203.596,-0.144921,12.9503,          31P   1731
203.642,-0.138901,12.9503,203.687,-0.131902,12.9503,203.732,          31P   1732
-0.123718,12.9503,203.733,-0.123371,12.9503,203.778,-0.11516,         31P   1733
12.9503,203.822,-0.105863,12.9503,203.865,-0.095973,12.9503,          31P   1734
203.867,-0.0956214,12.9503,203.869,-0.0951803,12.9503,203.912,        31P   1735
-0.0852175,12.9503,203.955,-0.0746148,12.9503,203.998,                31P   1736
-0.0640724,12.9503,204.,-0.0635839,12.9503,204.002,-0.0629948,        31P   1737
12.9503,204.046,-0.0522286,12.9503,204.089,-0.041472,12.9503,         31P   1738
204.132,-0.0303576,12.9503,204.134,-0.0298993,12.9503,204.136,        31P   1739
-0.0294124,12.9503,204.138,-0.0288688,12.9503,204.18,-0.0179569,      31P   1740
12.9503,204.223,-0.00687492,12.9503,204.264,0.00422425,12.9503,       31P   1741
204.266,0.00465581,12.9503,204.267,0.00503695,12.9503,204.269,        31P   1742
0.00553872,12.9503,204.271,0.00612053,12.9503,204.313,0.017452,       31P   1743
12.9503,204.355,0.0288976,12.9503,204.397,0.0404597,12.9503,          31P   1744
204.398,0.0409267,12.9503,204.4,0.0413475,12.9503,204.401,            31P   1745
0.0416955,12.9503,204.402,0.042021,12.9503,204.404,0.0424002,         31P   1746
12.9503,204.406,0.0429204,12.9503,204.447,0.0544382,12.9503,          31P   1747
204.488,0.0661701,12.9503,204.529,0.0779922,12.9503,204.531,          31P   1748
0.0785681,12.9503,204.533,0.0791451,12.9503,204.535,0.079661,         31P   1749
12.9503,204.536,0.0800904,12.9503,204.538,0.0804793,12.9503,          31P   1750
204.54,0.081006,12.9503,204.58,0.0927428,12.9503,204.621,             31P   1751
0.104719,12.9503,204.661,0.116894,12.9503,204.663,0.117534,           31P   1752
12.9503,204.665,0.118031,12.9503,204.667,0.118562,12.9503,            31P   1753
204.669,0.119044,12.9503,204.67,0.119524,12.9503,204.671,             31P   1754
0.119926,12.9503,204.673,0.120467,12.9503,204.706,0.130236,           31P   1755
12.9503,204.738,0.140261,12.9503,204.771,0.150441,12.9503,            31P   1756
204.774,0.151224,12.9503,204.776,0.15184,12.9503,204.777,             31P   1757
0.152286,12.9503,204.779,0.152745,12.9503,204.78,0.153156,            31P   1758
12.9503,204.781,0.153563,12.9503,204.783,0.153972,12.9503,            31P   1759
204.784,0.154516,12.9503,204.809,0.162136,12.9503,204.834,            31P   1760
0.169964,12.9503,204.859,0.177944,12.9503,204.862,0.178853,           31P   1761
12.9503,204.864,0.179592,12.9503,204.866,0.180111,12.9503,            31P   1762
204.868,0.180616,12.9503,204.869,0.181058,12.9503,204.87,             31P   1763
0.181479,12.9503,204.872,0.181886,12.9503,204.873,0.182419,           31P   1764
12.9503,204.89,0.187706,12.9503,204.907,0.193211,12.9503,             31P   1765
204.925,0.198919,12.9503,204.928,0.199932,12.9503,204.931,            31P   1766
0.200765,12.9503,204.933,0.201343,12.9503,204.935,0.202014,           31P   1767
12.9503,204.936,0.202589,12.9503,204.938,0.203214,12.9503,            31P   1768
204.94,0.203749,12.9503,204.949,0.206663,12.9503,204.957,             31P   1769
0.209406,12.9503,204.966,0.212332,12.9503,204.968,0.212743,           31P   1770
12.9503,204.97,0.21357,12.9503,204.971,0.213986,12.9503,204.973,      31P   1771
0.21467,12.9503,204.974,0.214938,12.9503,204.976,0.215418,            31P   1772
12.9503,204.976,0.21563,12.9503,204.977,0.216002,12.9503,             31P   1773
204.978,0.21616,12.9503,204.98,0.216725,12.9503,204.981,              31P   1774
0.217132,12.9503,204.982,0.217582,12.9503,204.983,0.217823,           31P   1775
12.9503,204.984,0.218302,12.9503,204.985,0.218525,12.9503,            31P   1776
204.986,0.219047,12.9503,204.986,0.219354,12.9503,204.989,            31P   1777
0.220659,12.9503,204.992,0.222439,12.9503,204.995,0.225417,           31P   1778
12.9503,204.998,0.228041,12.9503,205.,0.230396,12.9503,205.001,       31P   1779
0.23213,12.9503,205.002,0.233806,12.9503,205.003,0.235041,            31P   1780
12.9503,205.004,0.236788,12.9503,205.005,0.238591,12.9503,            31P   1781
205.006,0.242264,12.9503,205.007,0.246608,12.9503,205.008,            31P   1782
0.251853,12.9503,205.008,0.255596,12.9503,205.008,0.258707,           31P   1783
12.9503,205.007,0.260866,12.9503,205.007,0.263392,12.9503,            31P   1784
205.006,0.265214,12.9503,205.006,0.26701,12.9503,205.005,             31P   1785
0.268751,12.9503,205.004,0.271981,12.9503,205.001,0.275698,           31P   1786
12.9503,204.999,0.279473,12.9503,204.996,0.282203,12.9503,            31P   1787
204.993,0.284278,12.9503,204.992,0.285607,12.9503,204.989,            31P   1788
0.287015,12.9503,204.988,0.287927,12.9503,204.986,0.288731,           31P   1789
12.9503,204.985,0.289438,12.9503,204.981,0.290695,12.9503,            31P   1790
204.978,0.291438,12.9503,204.975,0.292032,12.9503,204.974,            31P   1791
0.292203,12.9503,204.971,0.292415,12.9503,204.969,0.292438,           31P   1792
12.9503,204.967,0.292333,12.9503,204.966,0.292256,12.9503,            31P   1793
204.964,0.292054,12.9503,204.963,0.291941,12.9503,204.962,            31P   1794
0.291711,12.9503,204.962,0.291607,12.9503,204.96,0.291231,            31P   1795
12.9503,204.959,0.290919,12.9503,204.958,0.290524,12.9503,            31P   1796
204.957,0.290365,12.9503,204.956,0.290042,12.9503,204.955,            31P   1797
0.289872,12.9503,204.954,0.289546,12.9503,204.954,0.289392,           31P   1798
12.9503,204.946,0.286918,12.9503,204.938,0.284296,12.9503,            31P   1799
204.928,0.28125,12.9503,204.924,0.280118,12.9503,204.921,             31P   1800
0.279161,12.9503,204.919,0.278497,12.9503,204.917,0.277787,           31P   1801
12.9503,204.915,0.277267,12.9503,204.913,0.2768,12.9503,204.912,      31P   1802
0.276371,12.9503,204.896,0.271588,12.9503,204.879,0.266629,           31P   1803
12.9503,204.862,0.261564,12.9503,204.858,0.260467,12.9503,            31P   1804
204.855,0.259527,12.9503,204.853,0.258891,12.9503,204.851,            31P   1805
0.258219,12.9503,204.849,0.257727,12.9503,204.847,0.257163,           31P   1806
12.9503,204.823,0.250373,12.9503,204.799,0.243491,12.9503,            31P   1807
204.774,0.236687,12.9503,204.77,0.235634,12.9503,204.767,             31P   1808
0.234742,12.9503,204.765,0.23413,12.9503,204.762,0.233524,            31P   1809
12.9503,204.761,0.233078,12.9503,204.759,0.232612,12.9503,            31P   1810
204.728,0.22426,12.9503,204.696,0.215967,12.9503,204.664,             31P   1811
0.207834,12.9503,204.66,0.206857,12.9503,204.656,0.206018,            31P   1812
12.9503,204.654,0.205444,12.9503,204.652,0.204897,12.9503,            31P   1813
204.65,0.204517,12.9503,204.649,0.204162,12.9503,204.61,0.19473,      31P   1814
12.9503,204.571,0.185527,12.9503,204.53,0.176617,12.9503,             31P   1815
204.526,0.175745,12.9503,204.523,0.174995,12.9503,204.52,             31P   1816
0.17448,12.9503,204.518,0.174025,12.9503,204.517,0.173653,            31P   1817
12.9503,204.477,0.165143,12.9503,204.437,0.156972,12.9503,            31P   1818
204.396,0.149094,12.9503,204.392,0.148338,12.9503,204.389,            31P   1819
0.147674,12.9503,204.386,0.147092,12.9503,204.383,0.146673,           31P   1820
12.9503,204.343,0.139134,12.9503,204.303,0.132039,12.9503,            31P   1821
204.262,0.125262,12.9503,204.258,0.124627,12.9503,204.254,            31P   1822
0.124073,12.9503,204.252,0.123696,12.9503,204.25,0.123386,            31P   1823
12.9503,204.21,0.116938,12.9503,204.169,0.110911,12.9503,             31P   1824
204.126,0.105258,12.9503,204.123,0.104749,12.9503,204.119,            31P   1825
0.1043,12.9503,204.117,0.103999,12.9503,204.115,0.103757,             31P   1826
12.9503,204.074,0.0984203,12.9503,204.033,0.093508,12.9503,           31P   1827
203.991,0.0890793,12.9503,203.987,0.0887032,12.9503,203.984,          31P   1828
0.0883697,12.9503,203.982,0.0881448,12.9503,203.98,0.0879688,         31P   1829
12.9503,203.939,0.0838148,12.9503,203.897,0.0801884,12.9503,          31P   1830
203.855,0.076667,12.9503,203.852,0.0763816,12.9503,203.848,           31P   1831
0.0761261,12.9503,203.846,0.0759502,12.9503,203.845,0.075816,         31P   1832
12.9503,203.803,0.0724353,12.9503,203.762,0.0691447,12.9503,          31P   1833
203.719,0.0654624,12.9503,203.716,0.065183,12.9503,203.713,           31P   1834
0.0649346,12.9503,203.711,0.064758,12.9503,203.71,0.0646284,          31P   1835
12.9503,203.668,0.0609725,12.9503,203.626,0.0569173,12.9503,          31P   1836
203.584,0.052648,12.9503,203.581,0.0523595,12.9503,203.578,           31P   1837
0.0520992,12.9503,203.576,0.0519278,12.9503,203.575,0.0517939,        31P   1838
12.9503,203.533,0.0475933,12.9503,203.491,0.043254,12.9503,           31P   1839
203.448,0.0384661,12.9503,203.446,0.0381847,12.9503,203.443,          31P   1840
0.0379298,12.9503,203.441,0.0377214,12.9503,203.399,0.0329114,        31P   1841
12.9503,203.356,0.027708,12.9503,203.313,0.0223095,12.9503,           31P   1842
203.311,0.0220444,12.9503,203.309,0.0218001,12.9503,203.307,          31P   1843
0.0216046,12.9503,203.264,0.0161902,12.9503,203.221,0.010612,         31P   1844
12.9503,203.178,0.00474415,12.9503,203.177,0.00450727,12.9503,        31P   1845
203.175,0.0042266,12.9503,203.131,-0.00174909,12.9503,203.087,        31P   1846
-0.00806395,12.9503,203.042,-0.0147064,12.9503,203.005,               31P   1847
-0.0203421,12.9503,202.968,-0.0261613,12.9503,202.931,                31P   1848
-0.0320693,12.9503,202.901,-0.036881,12.9503,202.871,-0.0418262,      31P   1849
12.9503,202.82,-0.0504233,12.9503,202.783,-0.0567675,12.9503,         31P   1850
202.746,-0.0632206,12.9503,202.732,-0.0658515,12.9503,202.706,        31P   1851
-0.0712202,13.4623,202.699,-0.0724648,13.4623,202.685,                31P   1852
-0.0801717,13.4623,202.678,-0.101713,13.4623,202.686,-0.123173,       31P   1853
13.4623,202.699,-0.131158,13.4623,202.721,-0.135071,13.4623,          31P   1854
202.759,-0.141517,13.4623,202.828,-0.151943,13.4623,202.883,          31P   1855
-0.15852,13.4623,202.952,-0.165722,13.4623,202.992,-0.168915,         31P   1856
13.4623,203.077,-0.174128,13.4623,203.124,-0.175854,13.4623,          31P   1857
203.171,-0.17645,13.4623,203.218,-0.177018,13.4623,203.265,           31P   1858
-0.176459,13.4623,203.312,-0.174715,13.4623,203.358,-0.172952,        31P   1859
13.4623,203.405,-0.170055,13.4623,203.451,-0.16602,13.4623,           31P   1860
203.453,-0.165882,13.4623,203.499,-0.161817,13.4623,203.545,          31P   1861
-0.156608,13.4623,203.591,-0.15035,13.4623,203.593,-0.15009,          31P   1862
13.4623,203.64,-0.143721,13.4623,203.686,-0.136302,13.4623,           31P   1863
203.731,-0.127793,13.4623,203.733,-0.127432,13.4623,203.778,          31P   1864
-0.118896,13.4623,203.823,-0.109235,13.4623,203.868,-0.0988351,       31P   1865
13.4623,203.869,-0.0984654,13.4623,203.871,-0.0980015,13.4623,        31P   1866
203.916,-0.0875256,13.4623,203.96,-0.0763752,13.4623,204.005,         31P   1867
-0.0650155,13.4623,204.007,-0.0645033,13.4623,204.01,-0.0638856,      31P   1868
13.4623,204.054,-0.0525967,13.4623,204.098,-0.041329,13.4623,         31P   1869
204.141,-0.0300407,13.4623,204.143,-0.0295599,13.4623,204.145,        31P   1870
-0.029049,13.4623,204.147,-0.0284786,13.4623,204.191,-0.0170292,      31P   1871
13.4623,204.234,-0.00538597,13.4623,204.277,0.00646423,13.4623,       31P   1872
204.279,0.00691868,13.4623,204.28,0.00732006,13.4623,204.282,         31P   1873
0.00784851,13.4623,204.284,0.00846131,13.4623,204.327,0.0203978,      31P   1874
13.4623,204.37,0.0324867,13.4623,204.413,0.044695,13.4623,            31P   1875
204.414,0.045188,13.4623,204.416,0.0456321,13.4623,204.417,           31P   1876
0.0459995,13.4623,204.418,0.0463431,13.4623,204.42,0.0467434,         31P   1877
13.4623,204.422,0.0472925,13.4623,204.464,0.0594493,13.4623,          31P   1878
204.506,0.0718226,13.4623,204.548,0.0843064,13.4623,204.55,           31P   1879
0.0849112,13.4623,204.552,0.0855206,13.4623,204.554,0.0860655,        31P   1880
13.4623,204.556,0.0865192,13.4623,204.557,0.0869299,13.4623,          31P   1881
204.559,0.0874863,13.4623,204.6,0.0998853,13.4623,204.642,            31P   1882
0.112556,13.4623,204.683,0.125453,13.4623,204.686,0.126131,           31P   1883
13.4623,204.687,0.126652,13.4623,204.689,0.127215,13.4623,            31P   1884
204.691,0.127725,13.4623,204.692,0.128234,13.4623,204.694,            31P   1885
0.12866,13.4623,204.696,0.129233,13.4623,204.729,0.13958,             31P   1886
13.4623,204.762,0.150208,13.4623,204.796,0.161007,13.4623,            31P   1887
204.798,0.161836,13.4623,204.8,0.16249,13.4623,204.802,0.162962,      31P   1888
13.4623,204.803,0.16345,13.4623,204.805,0.163886,13.4623,             31P   1889
204.806,0.164317,13.4623,204.807,0.164751,13.4623,204.809,            31P   1890
0.165328,13.4623,204.834,0.173409,13.4623,204.86,0.181714,            31P   1891
13.4623,204.886,0.190222,13.4623,204.889,0.191191,13.4623,            31P   1892
204.891,0.191979,13.4623,204.893,0.192534,13.4623,204.894,            31P   1893
0.193073,13.4623,204.896,0.193545,13.4623,204.897,0.193995,           31P   1894
13.4623,204.898,0.194429,13.4623,204.9,0.194999,13.4623,204.917,      31P   1895
0.20065,13.4623,204.935,0.206552,13.4623,204.953,0.212635,            31P   1896
13.4623,204.956,0.213713,13.4623,204.959,0.214599,13.4623,            31P   1897
204.96,0.215213,13.4623,204.963,0.215927,13.4623,204.964,             31P   1898
0.216537,13.4623,204.966,0.217199,13.4623,204.968,0.217767,           31P   1899
13.4623,204.977,0.220855,13.4623,204.986,0.223749,13.4623,            31P   1900
204.995,0.226826,13.4623,204.996,0.227258,13.4623,204.999,            31P   1901
0.228127,13.4623,205.,0.228565,13.4623,205.002,0.229283,13.4623,      31P   1902
205.003,0.229564,13.4623,205.005,0.230067,13.4623,205.005,            31P   1903
0.23029,13.4623,205.006,0.23068,13.4623,205.007,0.230846,             31P   1904
13.4623,205.008,0.23122,13.4623,205.009,0.231427,13.4623,205.01,      31P   1905
0.231897,13.4623,205.011,0.232122,13.4623,205.012,0.232529,           31P   1906
13.4623,205.012,0.232736,13.4623,205.014,0.233257,13.4623,            31P   1907
205.014,0.233571,13.4623,205.017,0.234922,13.4623,205.021,            31P   1908
0.236879,13.4623,205.025,0.240214,13.4623,205.027,0.242881,           31P   1909
13.4623,205.029,0.245279,13.4623,205.031,0.247046,13.4623,            31P   1910
205.032,0.248756,13.4623,205.033,0.250668,13.4623,205.034,            31P   1911
0.252481,13.4623,205.035,0.254349,13.4623,205.036,0.258113,           31P   1912
13.4623,205.037,0.262427,13.4623,205.038,0.267235,13.4623,            31P   1913
205.038,0.271077,13.4623,205.038,0.274272,13.4623,205.037,            31P   1914
0.276489,13.4623,205.037,0.278421,13.4623,205.037,0.280304,           31P   1915
13.4623,205.036,0.282166,13.4623,205.035,0.283977,13.4623,            31P   1916
205.034,0.287357,13.4623,205.032,0.291329,13.4623,205.028,            31P   1917
0.2956,13.4623,205.026,0.298409,13.4623,205.023,0.300546,             31P   1918
13.4623,205.021,0.301917,13.4623,205.02,0.303034,13.4623,             31P   1919
205.018,0.304018,13.4623,205.016,0.304894,13.4623,205.015,            31P   1920
0.305669,13.4623,205.011,0.307059,13.4623,205.008,0.307907,           31P   1921
13.4623,205.004,0.308614,13.4623,205.003,0.308799,13.4623,205.,       31P   1922
0.309034,13.4623,204.998,0.309067,13.4623,204.996,0.308971,           31P   1923
13.4623,204.995,0.308897,13.4623,204.993,0.308697,13.4623,            31P   1924
204.992,0.308584,13.4623,204.991,0.308352,13.4623,204.99,             31P   1925
0.308246,13.4623,204.989,0.307981,13.4623,204.989,0.307817,           31P   1926
13.4623,204.987,0.307464,13.4623,204.987,0.307304,13.4623,            31P   1927
204.986,0.306938,13.4623,204.985,0.306753,13.4623,204.984,            31P   1928
0.306415,13.4623,204.984,0.306253,13.4623,204.975,0.303627,           31P   1929
13.4623,204.966,0.300742,13.4623,204.956,0.297393,13.4623,            31P   1930
204.952,0.296198,13.4623,204.949,0.295186,13.4623,204.947,            31P   1931
0.294484,13.4623,204.945,0.293867,13.4623,204.943,0.293315,           31P   1932
13.4623,204.942,0.292819,13.4623,204.94,0.292364,13.4623,             31P   1933
204.924,0.287277,13.4623,204.907,0.281934,13.4623,204.889,            31P   1934
0.276366,13.4623,204.885,0.275186,13.4623,204.882,0.274176,           31P   1935
13.4623,204.879,0.273492,13.4623,204.877,0.272901,13.4623,            31P   1936
204.876,0.272452,13.4623,204.874,0.271846,13.4623,204.85,             31P   1937
0.264553,13.4623,204.825,0.257205,13.4623,204.799,0.249767,           31P   1938
13.4623,204.795,0.248645,13.4623,204.792,0.247695,13.4623,            31P   1939
204.789,0.247043,13.4623,204.787,0.246503,13.4623,204.786,            31P   1940
0.24609,13.4623,204.784,0.245593,13.4623,204.752,0.236689,            31P   1941
13.4623,204.72,0.227831,13.4623,204.686,0.218987,13.4623,             31P   1942
204.682,0.217943,13.4623,204.678,0.217046,13.4623,204.676,            31P   1943
0.216432,13.4623,204.674,0.215928,13.4623,204.673,0.215553,           31P   1944
13.4623,204.671,0.215173,13.4623,204.632,0.205079,13.4623,            31P   1945
204.591,0.195207,13.4623,204.549,0.185598,13.4623,204.545,            31P   1946
0.184668,13.4623,204.542,0.183868,13.4623,204.539,0.183319,           31P   1947
13.4623,204.537,0.182826,13.4623,204.535,0.18243,13.4623,             31P   1948
204.495,0.17336,13.4623,204.454,0.164705,13.4623,204.412,             31P   1949
0.156337,13.4623,204.408,0.155533,13.4623,204.404,0.154826,           31P   1950
13.4623,204.401,0.154196,13.4623,204.399,0.15375,13.4623,             31P   1951
204.358,0.145726,13.4623,204.317,0.138131,13.4623,204.274,            31P   1952
0.130868,13.4623,204.27,0.130186,13.4623,204.267,0.129591,            31P   1953
13.4623,204.264,0.129187,13.4623,204.262,0.128836,13.4623,            31P   1954
204.221,0.121914,13.4623,204.179,0.11543,13.4623,204.136,             31P   1955
0.109317,13.4623,204.132,0.108766,13.4623,204.128,0.108278,           31P   1956
13.4623,204.126,0.107952,13.4623,204.124,0.107679,13.4623,            31P   1957
204.082,0.101884,13.4623,204.04,0.0964976,13.4623,203.997,            31P   1958
0.0916773,13.4623,203.993,0.0912675,13.4623,203.99,0.0909042,         31P   1959
13.4623,203.987,0.0906541,13.4623,203.986,0.0904479,13.4623,          31P   1960
203.944,0.0859303,13.4623,203.901,0.0820358,13.4623,203.858,          31P   1961
0.0781994,13.4623,203.854,0.0778871,13.4623,203.851,0.0776072,        31P   1962
13.4623,203.849,0.0774376,13.4623,203.847,0.0772876,13.4623,          31P   1963
203.805,0.0735772,13.4623,203.762,0.0698662,13.4623,203.718,          31P   1964
0.0659087,13.4623,203.715,0.0656088,13.4623,203.712,0.0653428,        31P   1965
13.4623,203.71,0.0651706,13.4623,203.709,0.0650336,13.4623,           31P   1966
203.666,0.0611344,13.4623,203.623,0.0569611,13.4623,203.579,          31P   1967
0.0523967,13.4623,203.576,0.0520877,13.4623,203.574,0.0518084,        31P   1968
13.4623,203.572,0.0516246,13.4623,203.571,0.0514793,13.4623,          31P   1969
203.528,0.0469551,13.4623,203.484,0.0420533,13.4623,203.441,          31P   1970
0.0369585,13.4623,203.438,0.0366588,13.4623,203.436,0.0363854,        31P   1971
13.4623,203.434,0.0361568,13.4623,203.39,0.0310618,13.4623,           31P   1972
203.346,0.0258558,13.4623,203.302,0.0202942,13.4623,203.3,            31P   1973
0.0200205,13.4623,203.298,0.0197663,13.4623,203.296,0.0195513,        31P   1974
13.4623,203.252,0.013946,13.4623,203.208,0.0079828,13.4623,           31P   1975
203.164,0.00179648,13.4623,203.162,0.00154551,13.4623,203.16,         31P   1976
0.00125781,13.4623,203.115,-0.00504671,13.4623,203.07,                31P   1977
-0.0116155,13.4623,203.025,-0.0184354,13.4623,202.986,                31P   1978
-0.0242057,13.4623,202.948,-0.0300922,13.4623,202.91,-0.0361824,      31P   1979
13.4623,202.88,-0.0411424,13.4623,202.849,-0.0462161,13.4623,         31P   1980
202.797,-0.0551759,13.4623,202.759,-0.0617834,13.4623,202.721,        31P   1981
-0.0685252,13.4623,202.706,-0.0712202,13.4623,202.683,                31P   1982
-0.0769078,13.9063,202.676,-0.0781747,13.9063,202.662,                31P   1983
-0.0860407,13.9063,202.654,-0.108176,13.9063,202.662,-0.130304,       31P   1984
13.9063,202.676,-0.138047,13.9063,202.699,-0.142109,13.9063,          31P   1985
202.738,-0.148773,13.9063,202.809,-0.159412,13.9063,202.864,          31P   1986
-0.166081,13.9063,202.935,-0.173382,13.9063,202.975,-0.176605,        31P   1987
13.9063,203.062,-0.181897,13.9063,203.11,-0.183642,13.9063,           31P   1988
203.158,-0.184202,13.9063,203.206,-0.184732,13.9063,203.254,          31P   1989
-0.184105,13.9063,203.302,-0.182208,13.9063,203.35,-0.180291,         31P   1990
13.9063,203.398,-0.177104,13.9063,203.444,-0.172924,13.9063,          31P   1991
203.446,-0.172779,13.9063,203.493,-0.168519,13.9063,203.54,           31P   1992
-0.163223,13.9063,203.587,-0.156682,13.9063,203.589,-0.156411,        31P   1993
13.9063,203.637,-0.149751,13.9063,203.683,-0.141911,13.9063,          31P   1994
203.73,-0.13287,13.9063,203.732,-0.132487,13.9063,203.778,            31P   1995
-0.12342,13.9063,203.824,-0.113228,13.9063,203.87,-0.10231,           31P   1996
13.9063,203.872,-0.101922,13.9063,203.874,-0.101435,13.9063,          31P   1997
203.919,-0.0904394,13.9063,203.964,-0.0787619,13.9063,204.009,        31P   1998
-0.0669783,13.9063,204.011,-0.0664382,13.9063,204.014,                31P   1999
-0.0657867,13.9063,204.059,-0.0538771,13.9063,204.104,                31P   2000
-0.0419269,13.9063,204.148,-0.029673,13.9063,204.15,-0.02916,         31P   2001
13.9063,204.152,-0.0286149,13.9063,204.154,-0.0280062,13.9063,        31P   2002
204.199,-0.0157843,13.9063,204.243,-0.0032833,13.9063,204.287,        31P   2003
0.00933752,13.9063,204.288,0.00982266,13.9063,204.29,0.0102511,       31P   2004
13.9063,204.292,0.0108151,13.9063,204.294,0.0114689,13.9063,          31P   2005
204.338,0.0242019,13.9063,204.382,0.0370224,13.9063,204.425,          31P   2006
0.0500654,13.9063,204.427,0.0505922,13.9063,204.428,0.051067,         31P   2007
13.9063,204.429,0.0514597,13.9063,204.431,0.0518271,13.9063,          31P   2008
204.432,0.0522551,13.9063,204.434,0.0528424,13.9063,204.477,          31P   2009
0.0658493,13.9063,204.52,0.0791929,13.9063,204.563,0.0926733,         31P   2010
13.9063,204.565,0.0933271,13.9063,204.567,0.0939852,13.9063,          31P   2011
204.569,0.0945737,13.9063,204.57,0.0950636,13.9063,204.571,           31P   2012
0.0955072,13.9063,204.573,0.0961081,13.9063,204.615,0.109499,         31P   2013
13.9063,204.658,0.123191,13.9063,204.7,0.13716,13.9063,204.702,       31P   2014
0.137895,13.9063,204.704,0.138461,13.9063,204.706,0.13907,            31P   2015
13.9063,204.707,0.139623,13.9063,204.709,0.140175,13.9063,            31P   2016
204.71,0.140636,13.9063,204.712,0.141258,13.9063,204.746,             31P   2017
0.152472,13.9063,204.78,0.164013,13.9063,204.814,0.175742,            31P   2018
13.9063,204.817,0.176643,13.9063,204.819,0.177354,13.9063,            31P   2019
204.82,0.177867,13.9063,204.822,0.178396,13.9063,204.823,             31P   2020
0.17887,13.9063,204.825,0.179338,13.9063,204.826,0.17981,             31P   2021
13.9063,204.828,0.180437,13.9063,204.853,0.189215,13.9063,            31P   2022
204.879,0.198234,13.9063,204.905,0.207462,13.9063,204.908,            31P   2023
0.208513,13.9063,204.911,0.209368,13.9063,204.912,0.209969,           31P   2024
13.9063,204.914,0.210553,13.9063,204.915,0.211065,13.9063,            31P   2025
204.917,0.211553,13.9063,204.918,0.212023,13.9063,204.92,             31P   2026
0.21264,13.9063,204.937,0.218764,13.9063,204.955,0.225158,            31P   2027
13.9063,204.973,0.231792,13.9063,204.977,0.232968,13.9063,            31P   2028
204.979,0.233937,13.9063,204.981,0.234609,13.9063,204.983,            31P   2029
0.23539,13.9063,204.985,0.236058,13.9063,204.987,0.236784,            31P   2030
13.9063,204.989,0.237406,13.9063,204.998,0.240795,13.9063,            31P   2031
205.007,0.243987,13.9063,205.016,0.247392,13.9063,205.017,            31P   2032
0.24787,13.9063,205.02,0.248833,13.9063,205.021,0.249317,             31P   2033
13.9063,205.024,0.250114,13.9063,205.024,0.250425,13.9063,            31P   2034
205.026,0.250984,13.9063,205.027,0.251231,13.9063,205.028,            31P   2035
0.251664,13.9063,205.028,0.251849,13.9063,205.029,0.252308,           31P   2036
13.9063,205.03,0.252582,13.9063,205.032,0.253104,13.9063,             31P   2037
205.032,0.25336,13.9063,205.034,0.253831,13.9063,205.034,             31P   2038
0.254041,13.9063,205.035,0.254507,13.9063,205.036,0.254798,           31P   2039
13.9063,205.039,0.256085,13.9063,205.042,0.257959,13.9063,            31P   2040
205.047,0.261187,13.9063,205.049,0.263834,13.9063,205.051,            31P   2041
0.266224,13.9063,205.053,0.267991,13.9063,205.054,0.269702,           31P   2042
13.9063,205.055,0.271031,13.9063,205.056,0.272826,13.9063,            31P   2043
205.057,0.274682,13.9063,205.059,0.278473,13.9063,205.06,             31P   2044
0.282969,13.9063,205.061,0.288388,13.9063,205.061,0.292312,           31P   2045
13.9063,205.061,0.295584,13.9063,205.06,0.297859,13.9063,205.06,      31P   2046
0.299972,13.9063,205.06,0.301908,13.9063,205.059,0.303825,            31P   2047
13.9063,205.058,0.30569,13.9063,205.057,0.309172,13.9063,             31P   2048
205.055,0.31326,13.9063,205.052,0.317628,13.9063,205.049,             31P   2049
0.32056,13.9063,205.046,0.322798,13.9063,205.045,0.324237,            31P   2050
13.9063,205.043,0.325478,13.9063,205.041,0.326508,13.9063,            31P   2051
205.039,0.327427,13.9063,205.038,0.328242,13.9063,205.034,            31P   2052
0.329699,13.9063,205.031,0.330587,13.9063,205.027,0.331337,           31P   2053
13.9063,205.026,0.331542,13.9063,205.023,0.331817,13.9063,            31P   2054
205.021,0.331871,13.9063,205.019,0.331811,13.9063,205.018,            31P   2055
0.331751,13.9063,205.016,0.331579,13.9063,205.015,0.331479,           31P   2056
13.9063,205.014,0.33127,13.9063,205.013,0.331174,13.9063,             31P   2057
205.012,0.330912,13.9063,205.011,0.330735,13.9063,205.01,             31P   2058
0.330401,13.9063,205.009,0.330253,13.9063,205.008,0.329921,           31P   2059
13.9063,205.008,0.329731,13.9063,205.006,0.329338,13.9063,            31P   2060
205.006,0.329155,13.9063,204.998,0.326242,13.9063,204.989,            31P   2061
0.323066,13.9063,204.978,0.319388,13.9063,204.974,0.318067,           31P   2062
13.9063,204.971,0.31695,13.9063,204.969,0.316174,13.9063,             31P   2063
204.967,0.315467,13.9063,204.965,0.314859,13.9063,204.963,            31P   2064
0.314313,13.9063,204.962,0.313812,13.9063,204.946,0.308213,           31P   2065
13.9063,204.928,0.302377,13.9063,204.91,0.29632,13.9063,204.906,      31P   2066
0.295031,13.9063,204.903,0.293928,13.9063,204.901,0.293181,           31P   2067
13.9063,204.898,0.292509,13.9063,204.896,0.291801,13.9063,            31P   2068
204.894,0.291139,13.9063,204.87,0.283173,13.9063,204.844,             31P   2069
0.275125,13.9063,204.819,0.267191,13.9063,204.815,0.265962,           31P   2070
13.9063,204.811,0.26492,13.9063,204.809,0.264205,13.9063,             31P   2071
204.807,0.263593,13.9063,204.805,0.262969,13.9063,204.803,            31P   2072
0.262424,13.9063,204.771,0.252673,13.9063,204.738,0.243,13.9063,      31P   2073
204.704,0.233516,13.9063,204.7,0.232376,13.9063,204.696,              31P   2074
0.231397,13.9063,204.694,0.230726,13.9063,204.692,0.23016,            31P   2075
13.9063,204.69,0.229665,13.9063,204.689,0.22925,13.9063,204.649,      31P   2076
0.218236,13.9063,204.607,0.207475,13.9063,204.565,0.197029,           31P   2077
13.9063,204.561,0.19601,13.9063,204.557,0.195131,13.9063,             31P   2078
204.555,0.194529,13.9063,204.552,0.19393,13.9063,204.551,             31P   2079
0.193495,13.9063,204.51,0.183536,13.9063,204.468,0.173967,            31P   2080
13.9063,204.425,0.164792,13.9063,204.421,0.163906,13.9063,            31P   2081
204.418,0.163127,13.9063,204.414,0.162419,13.9063,204.412,            31P   2082
0.161927,13.9063,204.37,0.153094,13.9063,204.328,0.14478,             31P   2083
13.9063,204.285,0.136834,13.9063,204.281,0.136086,13.9063,            31P   2084
204.277,0.135434,13.9063,204.275,0.134991,13.9063,204.273,            31P   2085
0.134627,13.9063,204.231,0.127037,13.9063,204.188,0.11991,            31P   2086
13.9063,204.144,0.113192,13.9063,204.14,0.112587,13.9063,             31P   2087
204.136,0.112053,13.9063,204.134,0.111695,13.9063,204.132,            31P   2088
0.111422,13.9063,204.089,0.105073,13.9063,204.046,0.0991934,          31P   2089
13.9063,204.002,0.0938434,13.9063,203.998,0.0933898,13.9063,          31P   2090
203.995,0.0929874,13.9063,203.992,0.0927246,13.9063,203.991,          31P   2091
0.0925328,13.9063,203.948,0.0875127,13.9063,203.904,0.0830792,        31P   2092
13.9063,203.86,0.0787855,13.9063,203.856,0.0784389,13.9063,           31P   2093
203.853,0.0781289,13.9063,203.85,0.0778779,13.9063,203.849,           31P   2094
0.0777209,13.9063,203.805,0.0736216,13.9063,203.762,0.0696963,        31P   2095
13.9063,203.718,0.0653351,13.9063,203.714,0.0650048,13.9063,          31P   2096
203.711,0.0647116,13.9063,203.709,0.0644761,13.9063,203.707,          31P   2097
0.0643271,13.9063,203.664,0.060015,13.9063,203.62,0.0553388,          31P   2098
13.9063,203.576,0.0504378,13.9063,203.573,0.0501072,13.9063,          31P   2099
203.57,0.0498089,13.9063,203.568,0.0495777,13.9063,203.566,           31P   2100
0.0494242,13.9063,203.523,0.0446146,13.9063,203.479,0.0397225,        31P   2101
13.9063,203.434,0.0343961,13.9063,203.431,0.0340825,13.9063,          31P   2102
203.429,0.0338073,13.9063,203.427,0.0336094,13.9063,203.383,          31P   2103
0.0282587,13.9063,203.338,0.022544,13.9063,203.292,0.0166339,         31P   2104
13.9063,203.29,0.0163456,13.9063,203.288,0.016087,13.9063,            31P   2105
203.287,0.0159102,13.9063,203.242,0.0100287,13.9063,203.197,          31P   2106
0.00401062,13.9063,203.151,-0.00236289,13.9063,203.15,                31P   2107
-0.00261929,13.9063,203.148,-0.00289274,13.9063,203.102,              31P   2108
-0.00934205,13.9063,203.056,-0.0161673,13.9063,203.009,               31P   2109
-0.0232323,13.9063,202.97,-0.0292095,13.9063,202.931,-0.0352895,      31P   2110
13.9063,202.893,-0.0414495,13.9063,202.861,-0.0464622,13.9063,        31P   2111
202.83,-0.0515777,13.9063,202.776,-0.0606788,13.9063,202.737,         31P   2112
-0.0674677,13.9063,202.699,-0.0741907,13.9063,202.683,                31P   2113
-0.0769078,13.9063,202.673,-0.0832285,14.166,202.666,-0.0845037,      31P   2114
14.166,202.652,-0.0924587,14.166,202.644,-0.114747,14.166,            31P   2115
202.652,-0.137032,14.166,202.666,-0.144964,14.166,202.689,            31P   2116
-0.149091,14.166,202.729,-0.155864,14.166,202.8,-0.166581,            31P   2117
14.166,202.856,-0.173292,14.166,202.928,-0.180614,14.166,             31P   2118
202.968,-0.183869,14.166,203.056,-0.189108,14.166,203.104,            31P   2119
-0.1908,14.166,203.153,-0.191235,14.166,203.201,-0.191643,            31P   2120
14.166,203.25,-0.190815,14.166,203.298,-0.188737,14.166,203.346,      31P   2121
-0.18664,14.166,203.395,-0.183299,14.166,203.442,-0.178825,           31P   2122
14.166,203.444,-0.178671,14.166,203.492,-0.174136,14.166,             31P   2123
203.539,-0.168448,14.166,203.587,-0.161537,14.166,203.588,            31P   2124
-0.16125,14.166,203.636,-0.154218,14.166,203.684,-0.146028,           31P   2125
14.166,203.731,-0.136585,14.166,203.733,-0.136185,14.166,203.78,      31P   2126
-0.126716,14.166,203.826,-0.116054,14.166,203.872,-0.104619,          31P   2127
14.166,203.873,-0.104212,14.166,203.875,-0.103702,14.166,             31P   2128
203.921,-0.0921851,14.166,203.967,-0.0799415,14.166,204.012,          31P   2129
-0.0675256,14.166,204.014,-0.0669574,14.166,204.017,-0.0662719,       31P   2130
14.166,204.062,-0.0537393,14.166,204.107,-0.0411305,14.166,           31P   2131
204.152,-0.0282253,14.166,204.154,-0.0276841,14.166,204.156,          31P   2132
-0.027109,14.166,204.158,-0.0264668,14.166,204.203,-0.0135726,        31P   2133
14.166,204.247,-0.00038386,14.166,204.292,0.0129802,14.166,           31P   2134
204.293,0.0134937,14.166,204.295,0.0139472,14.166,204.297,            31P   2135
0.0145443,14.166,204.299,0.0152366,14.166,204.343,0.0287201,          31P   2136
14.166,204.387,0.0423389,14.166,204.431,0.0562145,14.166,             31P   2137
204.432,0.0567751,14.166,204.434,0.0572801,14.166,204.435,            31P   2138
0.057698,14.166,204.436,0.0580889,14.166,204.438,0.0585443,           31P   2139
14.166,204.44,0.0591692,14.166,204.483,0.0730096,14.166,204.526,      31P   2140
0.0872282,14.166,204.569,0.10161,14.166,204.571,0.102308,14.166,      31P   2141
204.573,0.10301,14.166,204.575,0.103638,14.166,204.577,0.10416,       31P   2142
14.166,204.578,0.104634,14.166,204.58,0.105275,14.166,204.622,        31P   2143
0.119565,14.166,204.665,0.134191,14.166,204.707,0.149136,14.166,      31P   2144
204.709,0.149923,14.166,204.711,0.150528,14.166,204.713,0.15118,      31P   2145
14.166,204.714,0.151772,14.166,204.716,0.152361,14.166,204.717,       31P   2146
0.152856,14.166,204.719,0.153521,14.166,204.753,0.165523,14.166,      31P   2147
204.787,0.177892,14.166,204.821,0.190481,14.166,204.824,              31P   2148
0.191448,14.166,204.826,0.192211,14.166,204.828,0.192762,14.166,      31P   2149
204.829,0.19333,14.166,204.831,0.193838,14.166,204.832,0.194341,      31P   2150
14.166,204.833,0.194847,14.166,204.835,0.195521,14.166,204.861,       31P   2151
0.204946,14.166,204.887,0.214641,14.166,204.913,0.224581,14.166,      31P   2152
204.916,0.225713,14.166,204.918,0.226634,14.166,204.92,0.227282,      31P   2153
14.166,204.922,0.227912,14.166,204.923,0.228463,14.166,204.924,       31P   2154
0.228989,14.166,204.926,0.229497,14.166,204.927,0.230162,14.166,      31P   2155
204.945,0.236766,14.166,204.963,0.243671,14.166,204.981,              31P   2156
0.250823,14.166,204.984,0.252091,14.166,204.987,0.253135,14.166,      31P   2157
204.989,0.253859,14.166,204.991,0.2547,14.166,204.993,0.25542,        31P   2158
14.166,204.995,0.256201,14.166,204.997,0.256871,14.166,205.006,       31P   2159
0.260518,14.166,205.015,0.263947,14.166,205.024,0.267602,14.166,      31P   2160
205.025,0.268115,14.166,205.028,0.269148,14.166,205.029,              31P   2161
0.269668,14.166,205.031,0.270523,14.166,205.032,0.270857,14.166,      31P   2162
205.034,0.271456,14.166,205.034,0.271721,14.166,205.035,              31P   2163
0.272185,14.166,205.036,0.272384,14.166,205.037,0.272868,14.166,      31P   2164
205.038,0.273153,14.166,205.039,0.273713,14.166,205.04,0.273987,      31P   2165
14.166,205.041,0.274488,14.166,205.042,0.274714,14.166,205.043,       31P   2166
0.275221,14.166,205.044,0.275516,14.166,205.047,0.276758,14.166,      31P   2167
205.05,0.278589,14.166,205.054,0.281778,14.166,205.057,0.284399,      31P   2168
14.166,205.06,0.286773,14.166,205.061,0.288531,14.166,205.062,        31P   2169
0.290236,14.166,205.063,0.291614,14.166,205.064,0.293408,14.166,      31P   2170
205.065,0.295266,14.166,205.067,0.299061,14.166,205.068,              31P   2171
0.303565,14.166,205.069,0.30898,14.166,205.07,0.312943,14.166,        31P   2172
205.069,0.316254,14.166,205.069,0.318558,14.166,205.069,              31P   2173
0.320677,14.166,205.068,0.32264,14.166,205.068,0.324587,14.166,       31P   2174
205.067,0.326484,14.166,205.066,0.330026,14.166,205.064,              31P   2175
0.334192,14.166,205.061,0.338661,14.166,205.058,0.341661,14.166,      31P   2176
205.055,0.343959,14.166,205.053,0.345442,14.166,205.052,              31P   2177
0.346712,14.166,205.05,0.347783,14.166,205.048,0.348744,14.166,       31P   2178
205.047,0.3496,14.166,205.043,0.351144,14.166,205.04,0.352103,        31P   2179
14.166,205.036,0.352932,14.166,205.035,0.353163,14.166,205.032,       31P   2180
0.353491,14.166,205.03,0.353569,14.166,205.028,0.353545,14.166,       31P   2181
205.026,0.353498,14.166,205.025,0.353346,14.166,205.024,              31P   2182
0.353254,14.166,205.022,0.353058,14.166,205.022,0.352966,14.166,      31P   2183
205.021,0.352718,14.166,205.02,0.35255,14.166,205.018,0.352225,       31P   2184
14.166,205.018,0.352079,14.166,205.017,0.351749,14.166,205.016,       31P   2185
0.351561,14.166,205.015,0.351174,14.166,205.015,0.350984,14.166,      31P   2186
205.006,0.347836,14.166,204.997,0.3444,14.166,204.987,0.340419,       31P   2187
14.166,204.983,0.338991,14.166,204.98,0.337783,14.166,204.977,        31P   2188
0.336944,14.166,204.975,0.336184,14.166,204.974,0.335527,14.166,      31P   2189
204.972,0.334936,14.166,204.971,0.334394,14.166,204.954,              31P   2190
0.328337,14.166,204.937,0.322013,14.166,204.919,0.315449,14.166,      31P   2191
204.915,0.314053,14.166,204.911,0.312859,14.166,204.909,0.31205,      31P   2192
14.166,204.907,0.311328,14.166,204.905,0.310662,14.166,204.903,       31P   2193
0.309946,14.166,204.879,0.301323,14.166,204.853,0.292626,14.166,      31P   2194
204.827,0.283956,14.166,204.823,0.282627,14.166,204.82,0.281501,      31P   2195
14.166,204.817,0.280728,14.166,204.815,0.28007,14.166,204.813,        31P   2196
0.279474,14.166,204.812,0.278884,14.166,204.779,0.268336,14.166,      31P   2197
204.746,0.257844,14.166,204.712,0.247478,14.166,204.708,0.24624,      31P   2198
14.166,204.704,0.245178,14.166,204.702,0.244451,14.166,204.7,         31P   2199
0.243839,14.166,204.698,0.243341,14.166,204.696,0.242891,14.166,      31P   2200
204.656,0.230935,14.166,204.615,0.219249,14.166,204.572,              31P   2201
0.207859,14.166,204.568,0.20675,14.166,204.564,0.205796,14.166,       31P   2202
204.562,0.205141,14.166,204.56,0.204559,14.166,204.558,0.204086,      31P   2203
14.166,204.517,0.193255,14.166,204.475,0.182834,14.166,204.432,       31P   2204
0.172791,14.166,204.427,0.171828,14.166,204.424,0.17098,14.166,       31P   2205
204.421,0.170247,14.166,204.418,0.169712,14.166,204.376,              31P   2206
0.160101,14.166,204.334,0.151064,14.166,204.29,0.142372,14.166,       31P   2207
204.286,0.141557,14.166,204.282,0.140846,14.166,204.28,0.140363,      31P   2208
14.166,204.278,0.139962,14.166,204.235,0.131684,14.166,204.192,       31P   2209
0.123881,14.166,204.148,0.116509,14.166,204.144,0.115846,14.166,      31P   2210
204.14,0.115259,14.166,204.138,0.114866,14.166,204.136,0.11457,       31P   2211
14.166,204.093,0.107595,14.166,204.05,0.101119,14.166,204.005,        31P   2212
0.0952074,14.166,204.001,0.0947063,14.166,203.997,0.0942617,          31P   2213
14.166,203.995,0.0939394,14.166,203.993,0.0937169,14.166,203.95,      31P   2214
0.0881737,14.166,203.906,0.0832825,14.166,203.861,0.0785126,          31P   2215
14.166,203.858,0.0781268,14.166,203.854,0.0777816,14.166,             31P   2216
203.852,0.0775215,14.166,203.85,0.0773459,14.166,203.807,             31P   2217
0.0727799,14.166,203.763,0.0683768,14.166,203.718,0.0636132,          31P   2218
14.166,203.714,0.0632529,14.166,203.711,0.0629333,14.166,             31P   2219
203.709,0.0626972,14.166,203.708,0.062535,14.166,203.664,             31P   2220
0.0578459,14.166,203.62,0.0528458,14.166,203.574,0.0475949,           31P   2221
14.166,203.571,0.0472405,14.166,203.569,0.0469208,14.166,             31P   2222
203.567,0.046694,14.166,203.565,0.0465292,14.166,203.521,             31P   2223
0.0413699,14.166,203.477,0.0360549,14.166,203.431,0.0304322,          31P   2224
14.166,203.429,0.0301015,14.166,203.426,0.0297859,14.166,             31P   2225
203.424,0.0295577,14.166,203.379,0.0239268,14.166,203.334,            31P   2226
0.0180848,14.166,203.288,0.011987,14.166,203.286,0.0116884,           31P   2227
14.166,203.284,0.0114009,14.166,203.283,0.0111965,14.166,             31P   2228
203.237,0.00509927,14.166,203.192,-0.00118066,14.166,203.146,         31P   2229
-0.00773818,14.166,203.144,-0.00800282,14.166,203.142,                31P   2230
-0.00826559,14.166,203.096,-0.0149158,14.166,203.049,-0.0218551,      31P   2231
14.166,203.002,-0.0290174,14.166,202.963,-0.0350726,14.166,           31P   2232
202.924,-0.0412168,14.166,202.885,-0.0474909,14.166,202.853,          31P   2233
-0.05259,14.166,202.821,-0.0578057,14.166,202.767,-0.0669494,         31P   2234
14.166,202.727,-0.073674,14.166,202.689,-0.0804775,14.166,            31P   2235
202.673,-0.0832285,14.166,202.668,-0.0868,14.292,202.661,             31P   2236
-0.0880789,14.292,202.647,-0.096081,14.292,202.639,-0.118422,         31P   2237
14.292,202.647,-0.140759,14.292,202.661,-0.148804,14.292,             31P   2238
202.684,-0.152967,14.292,202.724,-0.159798,14.292,202.796,            31P   2239
-0.170542,14.292,202.852,-0.177268,14.292,202.924,-0.184594,          31P   2240
14.292,202.965,-0.187871,14.292,203.053,-0.193075,14.292,             31P   2241
203.102,-0.194731,14.292,203.151,-0.19509,14.292,203.199,             31P   2242
-0.195423,14.292,203.248,-0.194475,14.292,203.297,-0.192296,          31P   2243
14.292,203.345,-0.190098,14.292,203.394,-0.186681,14.292,             31P   2244
203.442,-0.182036,14.292,203.443,-0.181876,14.292,203.491,            31P   2245
-0.177184,14.292,203.539,-0.171265,14.292,203.586,-0.164142,          31P   2246
14.292,203.588,-0.163846,14.292,203.636,-0.156603,14.292,             31P   2247
203.684,-0.148223,14.292,203.731,-0.138562,14.292,203.733,            31P   2248
-0.138153,14.292,203.78,-0.128465,14.292,203.827,-0.117542,           31P   2249
14.292,203.873,-0.10582,14.292,203.874,-0.105403,14.292,203.876,      31P   2250
-0.104881,14.292,203.923,-0.0930733,14.292,203.968,-0.0805131,        31P   2251
14.292,204.014,-0.0677416,14.292,204.016,-0.0671576,14.292,           31P   2252
204.018,-0.0664531,14.292,204.064,-0.0535714,14.292,204.109,          31P   2253
-0.0405936,14.292,204.154,-0.0273278,14.292,204.156,-0.0267709,       31P   2254
14.292,204.158,-0.0261792,14.292,204.16,-0.0255184,14.292,            31P   2255
204.205,-0.0122521,14.292,204.25,0.00131341,14.292,204.294,           31P   2256
0.015088,14.292,204.295,0.0156174,14.292,204.297,0.0160849,           31P   2257
14.292,204.299,0.0167004,14.292,204.301,0.0174141,14.292,             31P   2258
204.346,0.0313164,14.292,204.39,0.0453868,14.292,204.433,             31P   2259
0.0597304,14.292,204.435,0.0603099,14.292,204.436,0.060832,           31P   2260
14.292,204.438,0.0612639,14.292,204.439,0.0616681,14.292,204.44,      31P   2261
0.0621389,14.292,204.442,0.0627849,14.292,204.486,0.0770933,          31P   2262
14.292,204.529,0.0918001,14.292,204.572,0.106685,14.292,204.574,      31P   2263
0.107407,14.292,204.576,0.108134,14.292,204.578,0.108784,14.292,      31P   2264
204.579,0.109325,14.292,204.581,0.109815,14.292,204.583,              31P   2265
0.110478,14.292,204.625,0.12527,14.292,204.667,0.140418,14.292,       31P   2266
204.71,0.155908,14.292,204.712,0.156723,14.292,204.714,0.15735,       31P   2267
14.292,204.716,0.158026,14.292,204.717,0.158639,14.292,204.719,       31P   2268
0.159251,14.292,204.72,0.159763,14.292,204.722,0.160452,14.292,       31P   2269
204.756,0.172894,14.292,204.79,0.185726,14.292,204.824,0.198797,      31P   2270
14.292,204.827,0.199801,14.292,204.829,0.200593,14.292,204.831,       31P   2271
0.201164,14.292,204.832,0.201755,14.292,204.833,0.202283,14.292,      31P   2272
204.835,0.202805,14.292,204.836,0.20333,14.292,204.838,0.204029,      31P   2273
14.292,204.864,0.213818,14.292,204.889,0.223891,14.292,204.916,       31P   2274
0.234232,14.292,204.919,0.23541,14.292,204.921,0.236368,14.292,       31P   2275
204.923,0.237043,14.292,204.924,0.237698,14.292,204.926,              31P   2276
0.238272,14.292,204.927,0.238819,14.292,204.929,0.239348,14.292,      31P   2277
204.93,0.24004,14.292,204.948,0.246914,14.292,204.966,0.254108,       31P   2278
14.292,204.984,0.261551,14.292,204.987,0.26287,14.292,204.99,         31P   2279
0.263956,14.292,204.992,0.264709,14.292,204.994,0.265584,14.292,      31P   2280
204.996,0.266332,14.292,204.998,0.267144,14.292,204.999,              31P   2281
0.267841,14.292,205.009,0.271631,14.292,205.017,0.275192,14.292,      31P   2282
205.027,0.278985,14.292,205.028,0.279517,14.292,205.031,              31P   2283
0.280589,14.292,205.032,0.281129,14.292,205.034,0.282015,14.292,      31P   2284
205.035,0.282361,14.292,205.036,0.282983,14.292,205.037,              31P   2285
0.283258,14.292,205.038,0.283739,14.292,205.039,0.283945,14.292,      31P   2286
205.04,0.284447,14.292,205.041,0.284743,14.292,205.042,0.285324,      31P   2287
14.292,205.043,0.285608,14.292,205.044,0.286128,14.292,205.045,       31P   2288
0.286363,14.292,205.046,0.286899,14.292,205.047,0.2872,14.292,        31P   2289
205.05,0.288414,14.292,205.053,0.290216,14.292,205.057,0.293374,      31P   2290
14.292,205.06,0.295977,14.292,205.062,0.29834,14.292,205.064,         31P   2291
0.300091,14.292,205.065,0.301791,14.292,205.066,0.303208,14.292,      31P   2292
205.067,0.305002,14.292,205.068,0.306859,14.292,205.07,0.310652,      31P   2293
14.292,205.072,0.315153,14.292,205.073,0.320547,14.292,205.073,       31P   2294
0.324528,14.292,205.073,0.327857,14.292,205.072,0.330175,14.292,      31P   2295
205.072,0.332306,14.292,205.072,0.334284,14.292,205.071,              31P   2296
0.336245,14.292,205.071,0.338155,14.292,205.069,0.341727,14.292,      31P   2297
205.067,0.345927,14.292,205.064,0.35044,14.292,205.061,0.353474,      31P   2298
14.292,205.059,0.355803,14.292,205.057,0.357309,14.292,205.055,       31P   2299
0.358602,14.292,205.054,0.359694,14.292,205.052,0.360677,14.292,      31P   2300
205.05,0.361556,14.292,205.047,0.363147,14.292,205.044,0.364146,      31P   2301
14.292,205.04,0.365019,14.292,205.038,0.365266,14.292,205.035,        31P   2302
0.365624,14.292,205.034,0.365717,14.292,205.031,0.365714,14.292,      31P   2303
205.03,0.365674,14.292,205.028,0.365534,14.292,205.027,0.365446,      31P   2304
14.292,205.026,0.365256,14.292,205.025,0.365167,14.292,205.024,       31P   2305
0.364924,14.292,205.023,0.364758,14.292,205.022,0.364436,14.292,      31P   2306
205.021,0.36429,14.292,205.02,0.363961,14.292,205.02,0.363775,        31P   2307
14.292,205.019,0.363395,14.292,205.018,0.363203,14.292,205.01,        31P   2308
0.359924,14.292,205.001,0.356346,14.292,204.99,0.352198,14.292,       31P   2309
204.986,0.35071,14.292,204.983,0.349451,14.292,204.981,0.348577,      31P   2310
14.292,204.979,0.347785,14.292,204.977,0.3471,14.292,204.975,         31P   2311
0.346484,14.292,204.974,0.345919,14.292,204.958,0.339605,14.292,      31P   2312
204.94,0.333008,14.292,204.922,0.326161,14.292,204.918,0.324706,      31P   2313
14.292,204.915,0.323461,14.292,204.912,0.322617,14.292,204.91,        31P   2314
0.321864,14.292,204.909,0.321237,14.292,204.907,0.32049,14.292,       31P   2315
204.882,0.311498,14.292,204.857,0.302438,14.292,204.83,0.293344,      31P   2316
14.292,204.826,0.291959,14.292,204.823,0.290786,14.292,204.821,       31P   2317
0.289981,14.292,204.819,0.289294,14.292,204.817,0.288727,14.292,      31P   2318
204.815,0.288112,14.292,204.783,0.277116,14.292,204.749,              31P   2319
0.266161,14.292,204.715,0.255287,14.292,204.711,0.253994,14.292,      31P   2320
204.707,0.252885,14.292,204.705,0.252125,14.292,204.703,              31P   2321
0.251486,14.292,204.701,0.250993,14.292,204.7,0.250523,14.292,        31P   2322
204.66,0.238035,14.292,204.618,0.225825,14.292,204.575,0.213896,      31P   2323
14.292,204.571,0.212738,14.292,204.568,0.21174,14.292,204.565,        31P   2324
0.211056,14.292,204.563,0.210491,14.292,204.561,0.209997,14.292,      31P   2325
204.52,0.198673,14.292,204.478,0.18777,14.292,204.434,0.177231,       31P   2326
14.292,204.43,0.176223,14.292,204.427,0.175337,14.292,204.423,        31P   2327
0.174593,14.292,204.421,0.174034,14.292,204.379,0.163984,14.292,      31P   2328
204.336,0.154537,14.292,204.292,0.14542,14.292,204.288,0.144566,      31P   2329
14.292,204.285,0.143822,14.292,204.282,0.143317,14.292,204.28,        31P   2330
0.142894,14.292,204.238,0.134226,14.292,204.194,0.126038,14.292,      31P   2331
204.15,0.118296,14.292,204.146,0.117599,14.292,204.142,0.116982,      31P   2332
14.292,204.14,0.116569,14.292,204.138,0.116259,14.292,204.095,        31P   2333
0.108928,14.292,204.051,0.102112,14.292,204.006,0.095881,14.292,      31P   2334
204.002,0.0953529,14.292,203.999,0.0948843,14.292,203.996,            31P   2335
0.0945254,14.292,203.994,0.0942836,14.292,203.951,0.0884438,          31P   2336
14.292,203.907,0.0832966,14.292,203.862,0.0782562,14.292,             31P   2337
203.858,0.077848,14.292,203.855,0.0774826,14.292,203.853,             31P   2338
0.0772208,14.292,203.851,0.0770341,14.292,203.807,0.0722005,          31P   2339
14.292,203.763,0.0675165,14.292,203.718,0.0625257,14.292,             31P   2340
203.715,0.0621483,14.292,203.712,0.0618139,14.292,203.709,            31P   2341
0.0615805,14.292,203.708,0.0614107,14.292,203.664,0.05651,            31P   2342
14.292,203.619,0.0513328,14.292,203.574,0.0458853,14.292,             31P   2343
203.571,0.0455175,14.292,203.568,0.0451856,14.292,203.566,            31P   2344
0.0449646,14.292,203.565,0.0447934,14.292,203.521,0.0394358,          31P   2345
14.292,203.476,0.033868,14.292,203.43,0.028078,14.292,203.428,        31P   2346
0.0277376,14.292,203.425,0.0273969,14.292,203.423,0.0271483,          31P   2347
14.292,203.378,0.0213608,14.292,203.332,0.0154641,14.292,             31P   2348
203.287,0.00926975,14.292,203.285,0.00896572,14.292,203.282,          31P   2349
0.00866024,14.292,203.281,0.00843666,14.292,203.235,0.00222221,       31P   2350
14.292,203.19,-0.00420982,14.292,203.144,-0.0108648,14.292,           31P   2351
203.142,-0.011134,14.292,203.14,-0.0113904,14.292,203.094,            31P   2352
-0.0181507,14.292,203.047,-0.0251412,14.292,203.,-0.032347,           31P   2353
14.292,202.96,-0.0384369,14.292,202.92,-0.0446099,14.292,             31P   2354
202.881,-0.0509473,14.292,202.849,-0.056094,14.292,202.817,           31P   2355
-0.0613674,14.292,202.763,-0.0705189,14.292,202.723,-0.0771841,       31P   2356
14.292,202.684,-0.0840307,14.292,202.668,-0.0868,14.292,0.,           31P   2357
3.27472,0.,7.55226;                                                   31P   2358
S      5G      3D     32P   2358                                        T      1
