This is a NASA-IGES-NURBS-Only file converted by:                       S      1
NIGES Translator Version 3.2 developed at NASA Ames Research Center.    S      2
Conversion done on: Mon May 20 14:05:21 1996.                           S      3
>>>>>>>>>>>>>>>>>>>> Original Start Section follows <<<<<<<<<<<<<<<<<<<<S      4
                                                                        S      5
1H,,1H;,,20Hcmpr stator1    srf ,22HIBM PROFESSIONAL CADAM,47HIBM IGES PG      1
rocessor for AIX and UNIX V2R2 (1994),32,75,6,75,15,,1.,1,4HINCH,1000,  G      2
0.125984,13H960520.101301,1.00000E-06,211.365,,,8,0,;                   G      3
     406       1       1       1       0       0       0       000020101D      1
     406       0       0       1      15                               0D      2
     406       2       1       1       0       0       0       000020101D      3
     406       0       0       1      15                               0D      4
     126       3       0       1       0       0       0       000000000D      5
     126     109       0      33       0                               0D      6
     126      36       0       1       0       0       0       000000000D      7
     126     109       0      33       0                               0D      8
     126      69       0       1       0       0       0       000000000D      9
     126     109       0      33       0                               0D     10
     126     102       0       1       0       0       0       000000000D     11
     126     109       0      33       0                               0D     12
     126     135       0       1       0       0       0       000000000D     13
     126     109       0      34       0                               0D     14
     126     169       0       1       0       0       0       000000000D     15
     126     109       0      34       0                               0D     16
     126     203       0       1       0       0       0       000000000D     17
     126     109       0      34       0                               0D     18
     126     237       0       1       0       0       0       000000000D     19
     126     109       0      34       0                               0D     20
     126     271       0       1       0       0       0       000000000D     21
     126     109       0      34       0                               0D     22
     126     305       0       1       0       0       0       000000000D     23
     126     109       0      34       0                               0D     24
     126     339       0       1       0       0       0       000000000D     25
     126     109       0      34       0                               0D     26
     126     373       0       1       0       0       0       000000000D     27
     126     109       0      33       0                               0D     28
     128     406       0       1       0       0       0       000000000D     29
     128     109       2    1982       0                               0D     30
406,1,23Hcmpr stator1    srf ,3d;                                      1P      1
406,1,2H3d;                                                            3P      2
126,55,3,0,1,1,0,0.,0.,0.,0.,0.0101652,0.020381,0.0306068,             5P      3
0.0408743,0.0408743,0.0408743,0.0736867,0.122811,0.188233,             5P      4
0.26982,0.367314,0.464486,0.561255,0.657541,0.753429,0.848698,         5P      5
0.943585,1.03782,1.13156,1.2246,1.31711,1.40884,1.48491,1.54534,       5P      6
1.5904,1.62043,1.62043,1.62043,1.63768,1.65488,1.6721,1.6893,          5P      7
1.6893,1.72008,1.76643,1.82859,1.90672,2.00138,2.09679,2.19311,        5P      8
2.29015,2.38797,2.48647,2.5856,2.68531,2.78547,2.88605,2.9871,         5P      9
3.08851,3.17336,3.24135,3.29251,3.3266,3.3266,3.3266,3.3266,1.,        5P     10
1.,1.,1.,1.,1.,1.,1.,1.,1.,1.,1.,1.,1.,1.,1.,1.,1.,1.,1.,1.,1.,        5P     11
1.,1.,1.,1.,1.,1.,1.,1.,1.,1.,1.,1.,1.,1.,1.,1.,1.,1.,1.,1.,1.,        5P     12
1.,1.,1.,1.,1.,1.,1.,1.,1.,1.,1.,1.,1.,209.707,-0.4152,8.453,          5P     13
209.705,-0.417596,8.453,209.701,-0.424302,8.453,209.705,               5P     14
-0.435028,8.453,209.715,-0.440223,8.453,209.722,-0.438343,8.453,       5P     15
209.725,-0.4362,8.453,209.734,-0.429352,8.453,209.755,-0.412372,       5P     16
8.453,209.794,-0.382371,8.453,209.846,-0.343474,8.453,209.913,         5P     17
-0.296832,8.453,209.99,-0.246611,8.453,210.074,-0.196302,8.453,        5P     18
210.158,-0.149584,8.453,210.244,-0.106013,8.453,210.331,               5P     19
-0.0659263,8.453,210.419,-0.0293642,8.453,210.508,0.00350272,          5P     20
8.453,210.598,0.0327601,8.453,210.688,0.0581855,8.453,210.779,         5P     21
0.080198,8.453,210.869,0.0988451,8.453,210.955,0.113565,8.453,         5P     22
211.03,0.124419,8.453,211.09,0.131499,8.453,211.135,0.136398,          5P     23
8.453,211.16,0.13872,8.453,211.17,0.1396,8.453,211.176,0.140105,       5P     24
8.453,211.187,0.145452,8.453,211.194,0.162857,8.453,211.188,           5P     25
0.180554,8.453,211.177,0.186718,8.453,211.161,0.188621,8.453,          5P     26
211.136,0.19138,8.453,211.089,0.194968,8.453,211.027,0.197319,         5P     27
8.453,210.949,0.196712,8.453,210.86,0.190286,8.453,210.765,            5P     28
0.177324,8.453,210.671,0.157776,8.453,210.577,0.131844,8.453,          5P     29
210.485,0.0995739,8.453,210.394,0.0607091,8.453,210.305,               5P     30
0.0168018,8.453,210.217,-0.0302977,8.453,210.131,-0.0810957,           5P     31
8.453,210.047,-0.135583,8.453,209.964,-0.19393,8.453,209.888,          5P     32
-0.252329,8.453,209.823,-0.30679,8.453,209.773,-0.352226,8.453,        5P     33
209.735,-0.387239,8.453,209.715,-0.407165,8.453,209.707,-0.4152,       5P     34
8.453,0.,3.3266,0.,0.,0.;                                              5P     35
126,55,3,0,1,1,0,0.,0.,0.,0.,0.0100195,0.0200087,0.0300065,            7P     36
0.0400241,0.0400241,0.0400241,0.0717916,0.119393,0.182615,             7P     37
0.261409,0.355541,0.449067,0.542031,0.63448,0.726234,0.817296,         7P     38
0.907688,0.997345,1.08637,1.17462,1.2622,1.34908,1.42107,              7P     39
1.47845,1.52134,1.54986,1.54986,1.56813,1.58634,1.60457,1.62279,       7P     40
1.62279,1.62279,1.65131,1.69435,1.75211,1.82499,1.91357,2.00312,       7P     41
2.09384,2.18553,2.27814,2.37179,2.46616,2.56117,2.65677,2.7531,        7P     42
2.85,2.94736,3.02894,3.09449,3.14371,3.17662,3.17662,3.17662,          7P     43
3.17662,1.,1.,1.,1.,1.,1.,1.,1.,1.,1.,1.,1.,1.,1.,1.,1.,1.,1.,         7P     44
1.,1.,1.,1.,1.,1.,1.,1.,1.,1.,1.,1.,1.,1.,1.,1.,1.,1.,1.,1.,1.,        7P     45
1.,1.,1.,1.,1.,1.,1.,1.,1.,1.,1.,1.,1.,1.,1.,1.,1.,209.711,            7P     46
-0.4234,8.083,209.708,-0.425678,8.083,209.705,-0.432187,8.083,         7P     47
209.708,-0.442774,8.083,209.718,-0.447942,8.083,209.725,               7P     48
-0.446024,8.083,209.728,-0.4439,8.083,209.736,-0.437163,8.083,         7P     49
209.756,-0.420434,8.083,209.793,-0.390699,8.083,209.844,               7P     50
-0.35249,8.083,209.907,-0.306347,8.083,209.981,-0.256921,8.083,        7P     51
210.061,-0.207787,8.083,210.142,-0.161988,8.083,210.224,               7P     52
-0.119435,8.083,210.307,-0.0805637,8.083,210.391,-0.0451502,           7P     53
8.083,210.475,-0.0131926,8.083,210.56,0.0161891,8.083,210.645,         7P     54
0.0432114,8.083,210.73,0.0683036,8.083,210.814,0.0916135,8.083,        7P     55
210.893,0.112497,8.083,210.963,0.130553,8.083,211.019,0.144626,        7P     56
8.083,211.06,0.155498,8.083,211.084,0.161498,8.083,211.099,            7P     57
0.165438,8.083,211.11,0.1716,8.083,211.116,0.190919,8.083,             7P     58
211.108,0.208706,8.083,211.096,0.214931,8.083,211.09,0.2148,           7P     59
8.083,211.08,0.214594,8.083,211.056,0.213909,8.083,211.013,            7P     60
0.212119,8.083,210.956,0.207606,8.083,210.883,0.199349,8.083,          7P     61
210.8,0.185769,8.083,210.713,0.166207,8.083,210.626,0.141571,          7P     62
8.083,210.539,0.111432,8.083,210.453,0.0758887,8.083,210.369,          7P     63
0.0343888,8.083,210.287,-0.011081,8.083,210.204,-0.0582046,            7P     64
8.083,210.123,-0.108028,8.083,210.042,-0.160603,8.083,209.962,         7P     65
-0.215926,8.083,209.889,-0.271077,8.083,209.825,-0.322125,8.083,       7P     66
209.775,-0.364537,8.083,209.739,-0.39737,8.083,209.719,                7P     67
-0.415917,8.083,209.711,-0.4234,8.083,0.,3.17662,0.,0.,0.;             7P     68
126,55,3,0,1,1,0,0.,0.,0.,0.,0.010664,0.0213375,0.0320179,             9P     69
0.0426175,0.0426175,0.0426175,0.0766582,0.127678,0.195555,             9P     70
0.280428,0.382013,0.483438,0.58454,0.685567,0.786184,0.886647,         9P     71
0.986753,1.08649,1.186,1.28511,1.3838,1.48226,1.56396,1.6291,          9P     72
1.67783,1.71034,1.71034,1.71034,1.72632,1.74233,1.75835,1.77436,       9P     73
1.77436,1.80807,1.85869,1.92644,2.0113,2.11349,2.21606,2.31901,        9P     74
2.42253,2.52635,2.63053,2.73503,2.83989,2.94496,3.05039,3.15593,       9P     75
3.2617,3.35002,3.42086,3.4739,3.50934,3.50934,3.50934,3.50934,         9P     76
1.,1.,1.,1.,1.,1.,1.,1.,1.,1.,1.,1.,1.,1.,1.,1.,1.,1.,1.,1.,1.,        9P     77
1.,1.,1.,1.,1.,1.,1.,1.,1.,1.,1.,1.,1.,1.,1.,1.,1.,1.,1.,1.,1.,        9P     78
1.,1.,1.,1.,1.,1.,1.,1.,1.,1.,1.,1.,1.,1.,209.701,-0.4193,9.079,       9P     79
209.699,-0.421879,9.079,209.696,-0.429065,9.079,209.7,-0.440063,       9P     80
9.079,209.71,-0.445617,9.079,209.717,-0.443348,9.079,209.72,           9P     81
-0.4412,9.079,209.729,-0.4343,9.079,209.752,-0.417152,9.079,           9P     82
209.793,-0.386603,9.079,209.848,-0.347109,9.079,209.918,               9P     83
-0.299476,9.079,209.999,-0.247753,9.079,210.086,-0.195961,9.079,       9P     84
210.175,-0.147218,9.079,210.265,-0.101563,9.079,210.356,               9P     85
-0.0589816,9.079,210.449,-0.0197601,9.079,210.542,0.0158474,           9P     86
9.079,210.637,0.0472165,9.079,210.733,0.0740536,9.079,210.829,         9P     87
0.0966872,9.079,210.926,0.114952,9.079,211.018,0.127819,9.079,         9P     88
211.1,0.135982,9.079,211.165,0.140196,9.079,211.214,0.141977,          9P     89
9.079,211.241,0.14248,9.079,211.252,0.1426,9.079,211.257,              9P     90
0.142659,9.079,211.268,0.147187,9.079,211.275,0.163058,9.079,          9P     91
211.27,0.179824,9.079,211.26,0.185717,9.079,211.243,0.188458,          9P     92
9.079,211.216,0.192788,9.079,211.165,0.199243,9.079,211.098,           9P     93
0.204907,9.079,211.013,0.207519,9.079,210.916,0.20416,9.079,           9P     94
210.814,0.193565,9.079,210.713,0.175811,9.079,210.612,0.151077,        9P     95
9.079,210.513,0.119609,9.079,210.416,0.0811328,9.079,210.322,          9P     96
0.0372693,9.079,210.229,-0.0110597,9.079,210.138,-0.0641815,           9P     97
9.079,210.049,-0.121501,9.079,209.964,-0.18328,9.079,209.886,          9P     98
-0.2455,9.079,209.819,-0.303627,9.079,209.768,-0.352067,9.079,         9P     99
209.73,-0.389509,9.079,209.709,-0.410732,9.079,209.701,-0.4193,        9P    100
9.079,0.,3.50934,0.,0.,0.;                                             9P    101
126,55,3,0,1,1,0,0.,0.,0.,0.,0.0109928,0.0220424,0.0330938,           11P    102
0.0441791,0.0441791,0.0441791,0.0789591,0.131263,0.200767,            11P    103
0.287691,0.391883,0.495949,0.599819,0.703634,0.807306,0.910791,       11P    104
1.0141,1.11722,1.22013,1.32286,1.42534,1.52766,1.61275,1.68082,       11P    105
1.73167,1.76564,1.76564,1.76564,1.7808,1.79601,1.81122,1.82642,       11P    106
1.82642,1.86176,1.91467,1.98536,2.07378,2.18011,2.28671,2.39351,      11P    107
2.50052,2.60778,2.71522,2.82283,2.93067,3.03873,3.14681,3.25509,      11P    108
3.36351,3.45393,3.52635,3.58075,3.61692,3.61692,3.61692,3.61692,      11P    109
1.,1.,1.,1.,1.,1.,1.,1.,1.,1.,1.,1.,1.,1.,1.,1.,1.,1.,1.,1.,1.,       11P    110
1.,1.,1.,1.,1.,1.,1.,1.,1.,1.,1.,1.,1.,1.,1.,1.,1.,1.,1.,1.,1.,       11P    111
1.,1.,1.,1.,1.,1.,1.,1.,1.,1.,1.,1.,1.,1.,209.701,-0.4349,9.673,      11P    112
209.699,-0.437617,9.673,209.695,-0.445068,9.673,209.7,-0.45644,       11P    113
9.673,209.71,-0.461918,9.673,209.718,-0.459835,9.673,209.721,         11P    114
-0.4576,9.673,209.731,-0.450586,9.673,209.754,-0.433139,9.673,        11P    115
209.796,-0.402333,9.673,209.853,-0.362042,9.673,209.925,              11P    116
-0.313387,9.673,210.008,-0.260436,9.673,210.097,-0.20676,9.673,       11P    117
210.187,-0.155984,9.673,210.279,-0.10782,9.673,210.373,               11P    118
-0.0627212,9.673,210.467,-0.0201257,9.673,210.563,0.018809,           11P    119
9.673,210.66,0.0538911,9.673,210.758,0.084635,9.673,210.857,          11P    120
0.111405,9.673,210.957,0.133777,9.673,211.052,0.150973,9.673,         11P    121
211.137,0.162496,9.673,211.204,0.169697,9.673,211.255,0.173506,       11P    122
9.673,211.283,0.175267,9.673,211.295,0.1759,9.673,211.3,              11P    123
0.176182,9.673,211.31,0.180785,9.673,211.316,0.196154,9.673,          11P    124
211.311,0.211853,9.673,211.301,0.217073,9.673,211.284,0.219157,       11P    125
9.673,211.255,0.222483,9.673,211.202,0.227116,9.673,211.132,          11P    126
0.230511,9.673,211.043,0.230305,9.673,210.943,0.223924,9.673,         11P    127
210.837,0.210354,9.673,210.732,0.189756,9.673,210.629,0.162681,       11P    128
9.673,210.527,0.12892,9.673,210.427,0.0888373,9.673,210.33,           11P    129
0.0429222,9.673,210.234,-0.00761903,9.673,210.142,-0.0631494,         11P    130
9.673,210.052,-0.123276,9.673,209.965,-0.188053,9.673,209.886,        11P    131
-0.253137,9.673,209.819,-0.314058,9.673,209.767,-0.364584,9.673,      11P    132
209.73,-0.403765,9.673,209.709,-0.425962,9.673,209.701,-0.4349,       11P    133
9.673,0.,3.61692,0.,0.,0.;                                            11P    134
126,55,3,0,1,1,0,0.,0.,0.,0.,0.011396,0.0228239,0.0342594,            13P    135
0.0456379,0.0456379,0.0456379,0.0810986,0.134167,0.20494,             13P    136
0.293416,0.399495,0.505498,0.61145,0.717338,0.823104,0.928868,        13P    137
1.03446,1.13991,1.24538,1.35063,1.45582,1.56087,1.64838,1.71824,      13P    138
1.77062,1.80556,1.80556,1.80556,1.82036,1.8351,1.84984,1.86458,       13P    139
1.86458,1.90088,1.95533,2.02795,2.11884,2.22797,2.33731,2.44674,      13P    140
2.55634,2.66597,2.7759,2.88578,2.99584,3.10597,3.21625,3.32656,       13P    141
3.43697,3.52889,3.60259,3.65787,3.69471,3.69471,3.69471,3.69471,      13P    142
1.,1.,1.,1.,1.,1.,1.,1.,1.,1.,1.,1.,1.,1.,1.,1.,1.,1.,1.,1.,1.,       13P    143
1.,1.,1.,1.,1.,1.,1.,1.,1.,1.,1.,1.,1.,1.,1.,1.,1.,1.,1.,1.,1.,       13P    144
1.,1.,1.,1.,1.,1.,1.,1.,1.,1.,1.,1.,1.,1.,209.698,-0.449,10.227,      13P    145
209.695,-0.451857,10.227,209.692,-0.459709,10.227,209.697,            13P    146
-0.471287,10.227,209.708,-0.476992,10.227,209.716,-0.47457,           13P    147
10.227,209.719,-0.4723,10.227,209.729,-0.465224,10.227,209.752,       13P    148
-0.447661,10.227,209.795,-0.416572,10.227,209.853,-0.375814,          13P    149
10.227,209.927,-0.326463,10.227,210.011,-0.272523,10.227,             13P    150
210.102,-0.217789,10.227,210.194,-0.165607,10.227,210.288,            13P    151
-0.11588,10.227,210.382,-0.0688117,10.227,210.478,-0.0241171,         13P    152
10.227,210.575,0.0175006,10.227,210.674,0.0553633,10.227,             13P    153
210.773,0.089821,10.227,210.874,0.120391,10.227,210.976,0.14735,      13P    154
10.227,211.073,0.169046,10.227,211.159,0.18531,10.227,211.228,        13P    155
0.196136,10.227,211.28,0.203313,10.227,211.309,0.206718,10.227,       13P    156
211.32,0.208,10.227,211.325,0.208543,10.227,211.335,0.21371,          13P    157
10.227,211.34,0.228832,10.227,211.334,0.243783,10.227,211.324,        13P    158
0.248406,10.227,211.307,0.249771,10.227,211.277,0.251869,10.227,      13P    159
211.223,0.253969,10.227,211.15,0.254572,10.227,211.059,0.250917,      13P    160
10.227,210.956,0.241069,10.227,210.848,0.22416,10.227,210.741,        13P    161
0.200826,10.227,210.636,0.171231,10.227,210.532,0.135375,10.227,      13P    162
210.431,0.09343,10.227,210.332,0.0458878,10.227,210.235,              13P    163
-0.00657686,10.227,210.141,-0.0641215,10.227,210.05,-0.126546,        13P    164
10.227,209.962,-0.193582,10.227,209.883,-0.26109,10.227,209.816,      13P    165
-0.323985,10.227,209.764,-0.376318,10.227,209.726,-0.416849,          13P    166
10.227,209.706,-0.439766,10.227,209.698,-0.449,10.227,0.,             13P    167
3.69471,0.,0.,0.;                                                     13P    168
126,55,3,0,1,1,0,0.,0.,0.,0.,0.0116635,0.0233944,0.0351359,           15P    169
0.0468605,0.0468605,0.0468605,0.0827408,0.136529,0.208106,            15P    170
0.297663,0.405046,0.512456,0.619808,0.727179,0.834421,0.941647,       15P    171
1.0489,1.15603,1.26314,1.37022,1.47721,1.58414,1.6732,1.74436,        15P    172
1.79779,1.83335,1.83335,1.83335,1.84798,1.86259,1.87722,1.89183,      15P    173
1.89183,1.92887,1.98439,2.05851,2.15118,2.26238,2.37376,2.48519,      15P    174
2.59664,2.70821,2.81982,2.93152,3.04321,3.15505,3.26684,3.37867,      15P    175
3.49059,3.58388,3.65851,3.71447,3.75178,3.75178,3.75178,3.75178,      15P    176
1.,1.,1.,1.,1.,1.,1.,1.,1.,1.,1.,1.,1.,1.,1.,1.,1.,1.,1.,1.,1.,       15P    177
1.,1.,1.,1.,1.,1.,1.,1.,1.,1.,1.,1.,1.,1.,1.,1.,1.,1.,1.,1.,1.,       15P    178
1.,1.,1.,1.,1.,1.,1.,1.,1.,1.,1.,1.,1.,1.,209.693,-0.4613,            15P    179
10.751,209.69,-0.46427,10.751,209.687,-0.47236,10.751,209.692,        15P    180
-0.484181,10.751,209.704,-0.489884,10.751,209.712,-0.487548,          15P    181
10.751,209.715,-0.4852,10.751,209.725,-0.478015,10.751,209.749,       15P    182
-0.460181,10.751,209.792,-0.428758,10.751,209.851,-0.387582,          15P    183
10.751,209.925,-0.337601,10.751,210.011,-0.283049,10.751,             15P    184
210.102,-0.227386,10.751,210.196,-0.17427,10.751,210.29,              15P    185
-0.123745,10.751,210.386,-0.0754886,10.751,210.483,-0.0297324,        15P    186
10.751,210.582,0.0132253,10.751,210.681,0.0529194,10.751,             15P    187
210.782,0.0894636,10.751,210.884,0.12259,10.751,210.986,              15P    188
0.152709,10.751,211.084,0.177658,10.751,211.171,0.197229,10.751,      15P    189
211.241,0.210977,10.751,211.294,0.220427,10.751,211.323,              15P    190
0.225174,10.751,211.335,0.227,10.751,211.339,0.227751,10.751,         15P    191
211.349,0.233118,10.751,211.354,0.248264,10.751,211.347,              15P    192
0.262895,10.751,211.337,0.267244,10.751,211.32,0.268149,10.751,       15P    193
211.289,0.269481,10.751,211.234,0.270587,10.751,211.16,0.269598,      15P    194
10.751,211.067,0.264306,10.751,210.963,0.252624,10.751,210.853,       15P    195
0.234049,10.751,210.744,0.209145,10.751,210.637,0.177952,10.751,      15P    196
210.532,0.140955,10.751,210.429,0.097561,10.751,210.328,              15P    197
0.0489196,10.751,210.231,-0.00527404,10.751,210.136,-0.0645826,       15P    198
10.751,210.044,-0.128771,10.751,209.956,-0.197988,10.751,             15P    199
209.877,-0.267532,10.751,209.81,-0.332508,10.751,209.758,             15P    200
-0.386473,10.751,209.721,-0.428224,10.751,209.701,-0.4518,            15P    201
10.751,209.693,-0.4613,10.751,0.,3.75178,0.,0.,0.;                    15P    202
126,55,3,0,1,1,0,0.,0.,0.,0.,0.0120788,0.0242117,0.0363565,           17P    203
0.0485286,0.0485286,0.0485286,0.0848494,0.139197,0.21183,             17P    204
0.302498,0.41137,0.520173,0.629053,0.737888,0.846793,0.955651,        17P    205
1.0644,1.17333,1.28211,1.39093,1.49984,1.60869,1.69931,1.7719,        17P    206
1.82633,1.86255,1.86255,1.86255,1.87719,1.89187,1.90656,1.92124,      17P    207
1.92124,1.95916,2.01607,2.09201,2.18686,2.30076,2.41452,2.52836,      17P    208
2.64226,2.75621,2.87002,2.98399,3.09786,3.2117,3.32564,3.43952,       17P    209
3.55343,3.64829,3.72427,3.78119,3.81918,3.81918,3.81918,3.81918,      17P    210
1.,1.,1.,1.,1.,1.,1.,1.,1.,1.,1.,1.,1.,1.,1.,1.,1.,1.,1.,1.,1.,       17P    211
1.,1.,1.,1.,1.,1.,1.,1.,1.,1.,1.,1.,1.,1.,1.,1.,1.,1.,1.,1.,1.,       17P    212
1.,1.,1.,1.,1.,1.,1.,1.,1.,1.,1.,1.,1.,1.,209.69,-0.484,11.732,       17P    213
209.688,-0.487206,11.732,209.685,-0.495676,11.732,209.69,             17P    214
-0.507728,11.732,209.702,-0.513279,11.732,209.711,-0.510825,          17P    215
11.732,209.714,-0.5084,11.732,209.724,-0.501162,11.732,209.748,       17P    216
-0.48319,11.732,209.792,-0.451232,11.732,209.852,-0.409475,           17P    217
11.732,209.927,-0.358648,11.732,210.013,-0.302955,11.732,             17P    218
210.106,-0.246117,11.732,210.2,-0.191503,11.732,210.296,              17P    219
-0.139297,11.732,210.393,-0.0894451,11.732,210.49,-0.041776,          17P    220
11.732,210.59,0.00325773,11.732,210.69,0.0456839,11.732,210.791,      17P    221
0.0857017,11.732,210.893,0.122732,11.732,210.997,0.157237,            17P    222
11.732,211.095,0.187311,11.732,211.182,0.211606,11.732,211.253,       17P    223
0.229677,11.732,211.305,0.242502,11.732,211.335,0.249256,11.732,      17P    224
211.347,0.2519,11.732,211.351,0.252969,11.732,211.361,0.258692,       17P    225
11.732,211.365,0.27416,11.732,211.358,0.288557,11.732,211.348,        17P    226
0.292712,11.732,211.33,0.293387,11.732,211.299,0.294309,11.732,       17P    227
211.242,0.294572,11.732,211.166,0.292656,11.732,211.071,              17P    228
0.285917,11.732,210.965,0.272536,11.732,210.853,0.252189,11.732,      17P    229
210.742,0.225271,11.732,210.633,0.191883,11.732,210.526,              17P    230
0.152569,11.732,210.422,0.106933,11.732,210.32,0.0555756,11.732,      17P    231
210.221,-0.00154603,11.732,210.126,-0.0643583,11.732,210.035,         17P    232
-0.132332,11.732,209.947,-0.205458,11.732,209.869,-0.279311,          17P    233
11.732,209.803,-0.347822,11.732,209.753,-0.404931,11.732,             17P    234
209.717,-0.448927,11.732,209.698,-0.473915,11.732,209.69,-0.484,      17P    235
11.732,0.,3.81918,0.,0.,0.;                                           17P    236
126,55,3,0,1,1,0,0.,0.,0.,0.,0.0122934,0.0246436,0.0370078,           19P    237
0.0493546,0.0493546,0.0493546,0.0856754,0.140243,0.212958,            19P    238
0.30396,0.41305,0.522167,0.631313,0.740408,0.849556,0.958721,         19P    239
1.06778,1.17696,1.28605,1.39515,1.5043,1.61344,1.70442,1.77718,       19P    240
1.83174,1.86808,1.86808,1.86808,1.8828,1.8974,1.91201,1.92661,        19P    241
1.92661,1.96472,2.02183,2.09813,2.19342,2.30777,2.42212,2.53643,      19P    242
2.65087,2.76513,2.87955,2.99389,3.10825,3.2226,3.33689,3.45131,       19P    243
3.56568,3.66096,3.7372,3.79442,3.83245,3.83245,3.83245,3.83245,       19P    244
1.,1.,1.,1.,1.,1.,1.,1.,1.,1.,1.,1.,1.,1.,1.,1.,1.,1.,1.,1.,1.,       19P    245
1.,1.,1.,1.,1.,1.,1.,1.,1.,1.,1.,1.,1.,1.,1.,1.,1.,1.,1.,1.,1.,       19P    246
1.,1.,1.,1.,1.,1.,1.,1.,1.,1.,1.,1.,1.,1.,209.695,-0.496,12.209,      19P    247
209.692,-0.49931,12.209,209.69,-0.507991,12.209,209.695,              19P    248
-0.520126,12.209,209.707,-0.525753,12.209,209.716,-0.523161,          19P    249
12.209,209.72,-0.5207,12.209,209.729,-0.51346,12.209,209.754,         19P    250
-0.495444,12.209,209.798,-0.463457,12.209,209.857,-0.421664,          19P    251
12.209,209.933,-0.37057,12.209,210.019,-0.314467,12.209,210.112,      19P    252
-0.25704,12.209,210.206,-0.201742,12.209,210.301,-0.148637,           19P    253
12.209,210.398,-0.0976575,12.209,210.495,-0.0487228,12.209,           19P    254
210.594,-0.00214087,12.209,210.694,0.0423788,12.209,210.794,          19P    255
0.0845618,12.209,210.896,0.124574,12.209,210.998,0.162388,            19P    256
12.209,211.096,0.195899,12.209,211.182,0.223789,12.209,211.252,       19P    257
0.245014,12.209,211.304,0.260205,12.209,211.333,0.268377,12.209,      19P    258
211.345,0.2716,12.209,211.35,0.272905,12.209,211.359,0.279208,        19P    259
12.209,211.362,0.2947,12.209,211.355,0.308761,12.209,211.345,         19P    260
0.312601,12.209,211.327,0.312958,12.209,211.295,0.313297,12.209,      19P    261
211.238,0.312451,12.209,211.162,0.309027,12.209,211.067,              19P    262
0.300435,12.209,210.96,0.285411,12.209,210.848,0.262839,12.209,       19P    263
210.737,0.234047,12.209,210.629,0.198912,12.209,210.522,              19P    264
0.157808,12.209,210.418,0.110558,12.209,210.316,0.057605,12.209,      19P    265
210.218,-0.00137926,12.209,210.124,-0.06587,12.209,210.033,           19P    266
-0.135885,12.209,209.947,-0.210956,12.209,209.87,-0.286577,           19P    267
12.209,209.805,-0.356816,12.209,209.756,-0.415208,12.209,             19P    268
209.721,-0.460304,12.209,209.702,-0.485763,12.209,209.695,            19P    269
-0.496,12.209,0.,3.83245,0.,0.,0.;                                    19P    270
126,55,3,0,1,1,0,0.,0.,0.,0.,0.0124639,0.0249064,0.0373593,           21P    271
0.0498063,0.0498063,0.0498063,0.0861879,0.140828,0.213593,            21P    272
0.304569,0.413793,0.523051,0.632253,0.74145,0.850604,0.959898,        21P    273
1.06907,1.17824,1.28741,1.3967,1.50589,1.61509,1.70608,1.77884,       21P    274
1.83343,1.8698,1.8698,1.8698,1.88433,1.89889,1.91347,1.92804,         21P    275
1.92804,1.96635,2.02361,2.10004,2.19562,2.31029,2.42493,2.53961,      21P    276
2.65428,2.76897,2.88366,2.99826,3.11298,3.22771,3.34236,3.45707,      21P    277
3.57183,3.66742,3.74386,3.80135,3.8396,3.8396,3.8396,3.8396,1.,       21P    278
1.,1.,1.,1.,1.,1.,1.,1.,1.,1.,1.,1.,1.,1.,1.,1.,1.,1.,1.,1.,1.,       21P    279
1.,1.,1.,1.,1.,1.,1.,1.,1.,1.,1.,1.,1.,1.,1.,1.,1.,1.,1.,1.,1.,       21P    280
1.,1.,1.,1.,1.,1.,1.,1.,1.,1.,1.,1.,1.,209.709,-0.5194,12.681,        21P    281
209.707,-0.52287,12.681,209.705,-0.531732,12.681,209.711,             21P    282
-0.543747,12.681,209.723,-0.54904,12.681,209.732,-0.546332,           21P    283
12.681,209.735,-0.5438,12.681,209.745,-0.536399,12.681,209.769,       21P    284
-0.517966,12.681,209.813,-0.485209,12.681,209.871,-0.442148,          21P    285
12.681,209.946,-0.389684,12.681,210.031,-0.331772,12.681,             21P    286
210.123,-0.272382,12.681,210.216,-0.214966,12.681,210.31,             21P    287
-0.159578,12.681,210.405,-0.106151,12.681,210.501,-0.0546867,         21P    288
12.681,210.599,-0.00521578,12.681,210.697,0.0425353,12.681,           21P    289
210.796,0.0882916,12.681,210.896,0.1324,12.681,210.997,0.17463,       21P    290
12.681,211.093,0.212646,12.681,211.178,0.24488,12.681,211.246,        21P    291
0.269658,12.681,211.298,0.287766,12.681,211.326,0.297601,12.681,      21P    292
211.338,0.3015,12.681,211.342,0.303058,12.681,211.351,0.309679,       21P    293
12.681,211.354,0.325189,12.681,211.346,0.338954,12.681,211.336,       21P    294
0.342525,12.681,211.318,0.342434,12.681,211.286,0.341944,12.681,      21P    295
211.229,0.33948,12.681,211.153,0.333814,12.681,211.058,0.322613,      21P    296
12.681,210.951,0.304243,12.681,210.839,0.278549,12.681,210.729,       21P    297
0.246541,12.681,210.621,0.208287,12.681,210.515,0.164102,12.681,      21P    298
210.412,0.113908,12.681,210.312,0.0577508,12.681,210.215,             21P    299
-0.00424874,12.681,210.123,-0.071974,12.681,210.034,-0.145159,        21P    300
12.681,209.951,-0.22347,12.681,209.876,-0.302206,12.681,209.814,      21P    301
-0.375113,12.681,209.767,-0.435707,12.681,209.734,-0.482301,          21P    302
12.681,209.716,-0.50875,12.681,209.709,-0.5194,12.681,0.,3.8396,      21P    303
0.,0.,0.;                                                             21P    304
126,55,3,0,1,1,0,0.,0.,0.,0.,0.0126368,0.02526,0.0378891,             23P    305
0.0505464,0.0505464,0.0505464,0.0869482,0.141556,0.214365,            23P    306
0.305326,0.414586,0.523847,0.632997,0.742164,0.851366,0.960593,       23P    307
1.06982,1.17894,1.2881,1.39726,1.50635,1.61546,1.70629,1.77899,       23P    308
1.83344,1.86977,1.86977,1.86977,1.88421,1.89862,1.91304,1.92745,      23P    309
1.92745,1.96571,2.0231,2.09972,2.19543,2.31023,2.42512,2.54013,       23P    310
2.65509,2.77002,2.88502,3.00014,3.11512,3.23018,3.34525,3.46043,      23P    311
3.57551,3.67153,3.74831,3.80593,3.84443,3.84443,3.84443,3.84443,      23P    312
1.,1.,1.,1.,1.,1.,1.,1.,1.,1.,1.,1.,1.,1.,1.,1.,1.,1.,1.,1.,1.,       23P    313
1.,1.,1.,1.,1.,1.,1.,1.,1.,1.,1.,1.,1.,1.,1.,1.,1.,1.,1.,1.,1.,       23P    314
1.,1.,1.,1.,1.,1.,1.,1.,1.,1.,1.,1.,1.,1.,209.739,-0.5602,            23P    315
13.044,209.737,-0.563868,13.044,209.735,-0.572971,13.044,             23P    316
209.742,-0.584748,13.044,209.755,-0.58934,13.044,209.764,             23P    317
-0.586235,13.044,209.767,-0.5835,13.044,209.776,-0.575635,            23P    318
13.044,209.8,-0.556053,13.044,209.842,-0.521138,13.044,209.898,       23P    319
-0.475367,13.044,209.97,-0.419225,13.044,210.052,-0.357175,           23P    320
13.044,210.141,-0.293427,13.044,210.231,-0.231464,13.044,             23P    321
210.322,-0.171507,13.044,210.414,-0.113254,13.044,210.508,            23P    322
-0.0570379,13.044,210.603,-0.00240844,13.044,210.698,0.0503592,       23P    323
13.044,210.795,0.10159,13.044,210.892,0.15109,13.044,210.99,          23P    324
0.19877,13.044,211.083,0.242279,13.044,211.166,0.279502,13.044,       23P    325
211.233,0.308071,13.044,211.283,0.329249,13.044,211.311,              23P    326
0.340737,13.044,211.323,0.3453,13.044,211.327,0.347115,13.044,        23P    327
211.335,0.354001,13.044,211.337,0.369524,13.044,211.329,              23P    328
0.382765,13.044,211.319,0.386018,13.044,211.301,0.38522,13.044,       23P    329
211.27,0.383461,13.044,211.212,0.379023,13.044,211.136,0.370125,      23P    330
13.044,211.042,0.355088,13.044,210.936,0.332157,13.044,210.825,       23P    331
0.301476,13.044,210.716,0.264263,13.044,210.61,0.220696,13.044,       23P    332
210.506,0.171187,13.044,210.405,0.115664,13.044,210.308,              23P    333
0.0542241,13.044,210.214,-0.013206,13.044,210.125,-0.0860961,         23P    334
13.044,210.041,-0.164464,13.044,209.962,-0.247994,13.044,             23P    335
209.892,-0.331357,13.044,209.835,-0.408447,13.044,209.792,            23P    336
-0.472319,13.044,209.761,-0.521306,13.044,209.745,-0.549025,          23P    337
13.044,209.739,-0.5602,13.044,0.,3.84443,0.,0.,0.;                    23P    338
126,55,3,0,1,1,0,0.,0.,0.,0.,0.012927,0.0259227,0.0389235,            25P    339
0.0518773,0.0518773,0.0518773,0.0881718,0.142775,0.215539,            25P    340
0.306407,0.415496,0.52456,0.633568,0.74266,0.8516,0.96056,            25P    341
1.06951,1.17838,1.28716,1.39585,1.50445,1.61284,1.70314,1.77518,      25P    342
1.82917,1.86517,1.86517,1.86517,1.87918,1.89315,1.90713,1.9211,       25P    343
1.9211,1.95916,2.01646,2.09282,2.18846,2.30347,2.41853,2.53372,       25P    344
2.6491,2.7646,2.88012,2.99573,3.11136,3.22701,3.34281,3.4586,         25P    345
3.57449,3.67123,3.74866,3.80674,3.8456,3.8456,3.8456,3.8456,1.,       25P    346
1.,1.,1.,1.,1.,1.,1.,1.,1.,1.,1.,1.,1.,1.,1.,1.,1.,1.,1.,1.,1.,       25P    347
1.,1.,1.,1.,1.,1.,1.,1.,1.,1.,1.,1.,1.,1.,1.,1.,1.,1.,1.,1.,1.,       25P    348
1.,1.,1.,1.,1.,1.,1.,1.,1.,1.,1.,1.,1.,209.807,-0.6351,13.409,        25P    349
209.806,-0.639113,13.409,209.805,-0.648567,13.409,209.814,            25P    350
-0.659611,13.409,209.828,-0.66281,13.409,209.836,-0.658364,           25P    351
13.409,209.839,-0.6552,13.409,209.847,-0.646334,13.409,209.868,       25P    352
-0.624212,13.409,209.905,-0.584741,13.409,209.956,-0.532844,          25P    353
13.409,210.021,-0.469261,13.409,210.096,-0.398645,13.409,             25P    354
210.178,-0.326048,13.409,210.261,-0.255038,13.409,210.345,            25P    355
-0.186116,13.409,210.431,-0.119099,13.409,210.518,-0.0538939,         25P    356
13.409,210.607,0.00944588,13.409,210.697,0.0711885,13.409,            25P    357
210.788,0.131049,13.409,210.879,0.189275,13.409,210.972,              25P    358
0.245678,13.409,211.061,0.297131,13.409,211.139,0.341268,13.409,      25P    359
211.203,0.375477,13.409,211.251,0.400584,13.409,211.277,              25P    360
0.414332,13.409,211.288,0.4198,13.409,211.292,0.421928,13.409,        25P    361
211.299,0.428951,13.409,211.301,0.444121,13.409,211.292,              25P    362
0.456476,13.409,211.282,0.45937,13.409,211.265,0.457619,13.409,       25P    363
211.234,0.45404,13.409,211.177,0.445757,13.409,211.102,0.432119,      25P    364
13.409,211.008,0.410258,13.409,210.904,0.379203,13.409,210.796,       25P    365
0.339629,13.409,210.691,0.293138,13.409,210.588,0.240198,13.409,      25P    366
210.489,0.181095,13.409,210.394,0.115952,13.409,210.302,              25P    367
0.0449716,13.409,210.216,-0.0318899,13.409,210.135,-0.11428,          25P    368
13.409,210.059,-0.201869,13.409,209.989,-0.294481,13.409,             25P    369
209.929,-0.386237,13.409,209.882,-0.470552,13.409,209.848,            25P    370
-0.539954,13.409,209.824,-0.593101,13.409,209.812,-0.623036,          25P    371
13.409,209.807,-0.6351,13.409,0.,3.8456,0.,0.,0.;                     25P    372
126,55,3,0,1,1,0,0.,0.,0.,0.,0.0100195,0.0200087,0.0300065,           27P    373
0.0400241,0.0400241,0.0400241,0.0717916,0.119393,0.182615,            27P    374
0.261409,0.355541,0.449067,0.542031,0.63448,0.726234,0.817296,        27P    375
0.907688,0.997345,1.08637,1.17462,1.2622,1.34908,1.42107,             27P    376
1.47845,1.52134,1.54986,1.54986,1.56813,1.58634,1.60457,1.62279,      27P    377
1.62279,1.62279,1.65131,1.69435,1.75211,1.82499,1.91357,2.00312,      27P    378
2.09384,2.18553,2.27814,2.37179,2.46616,2.56117,2.65677,2.7531,       27P    379
2.85,2.94736,3.02894,3.09449,3.14371,3.17662,3.17662,3.17662,         27P    380
3.17662,1.,1.,1.,1.,1.,1.,1.,1.,1.,1.,1.,1.,1.,1.,1.,1.,1.,1.,        27P    381
1.,1.,1.,1.,1.,1.,1.,1.,1.,1.,1.,1.,1.,1.,1.,1.,1.,1.,1.,1.,1.,       27P    382
1.,1.,1.,1.,1.,1.,1.,1.,1.,1.,1.,1.,1.,1.,1.,1.,1.,209.711,           27P    383
-0.4234,8.063,209.708,-0.425678,8.063,209.705,-0.432187,8.063,        27P    384
209.708,-0.442774,8.063,209.718,-0.447942,8.063,209.725,              27P    385
-0.446024,8.063,209.728,-0.4439,8.063,209.736,-0.437163,8.063,        27P    386
209.756,-0.420434,8.063,209.793,-0.390699,8.063,209.844,              27P    387
-0.35249,8.063,209.907,-0.306347,8.063,209.981,-0.256921,8.063,       27P    388
210.061,-0.207787,8.063,210.142,-0.161988,8.063,210.224,              27P    389
-0.119435,8.063,210.307,-0.0805637,8.063,210.391,-0.0451502,          27P    390
8.063,210.475,-0.0131926,8.063,210.56,0.0161891,8.063,210.645,        27P    391
0.0432114,8.063,210.73,0.0683036,8.063,210.814,0.0916135,8.063,       27P    392
210.893,0.112497,8.063,210.963,0.130553,8.063,211.019,0.144626,       27P    393
8.063,211.06,0.155498,8.063,211.084,0.161498,8.063,211.099,           27P    394
0.165438,8.063,211.11,0.1716,8.063,211.116,0.190919,8.063,            27P    395
211.108,0.208706,8.063,211.096,0.214931,8.063,211.09,0.2148,          27P    396
8.063,211.08,0.214594,8.063,211.056,0.213909,8.063,211.013,           27P    397
0.212119,8.063,210.956,0.207606,8.063,210.883,0.199349,8.063,         27P    398
210.8,0.185769,8.063,210.713,0.166207,8.063,210.626,0.141571,         27P    399
8.063,210.539,0.111432,8.063,210.453,0.0758887,8.063,210.369,         27P    400
0.0343888,8.063,210.287,-0.011081,8.063,210.204,-0.0582046,           27P    401
8.063,210.123,-0.108028,8.063,210.042,-0.160603,8.063,209.962,        27P    402
-0.215926,8.063,209.889,-0.271077,8.063,209.825,-0.322125,8.063,      27P    403
209.775,-0.364537,8.063,209.739,-0.39737,8.063,209.719,               27P    404
-0.415917,8.063,209.711,-0.4234,8.063,0.,3.17662,0.,0.,0.;            27P    405
128,319,12,3,3,1,0,1,0,0,0.,0.,0.,0.,0.0100195,0.0200087,             29P    406
0.0208721,0.0289822,0.0300065,0.0309084,0.0321524,0.0390315,          29P    407
0.0390315,0.0400241,0.0400241,0.0409088,0.0409088,0.0417661,          29P    408
0.0417661,0.0428528,0.0428528,0.0693902,0.0705738,0.0717916,          29P    409
0.0728335,0.115573,0.117274,0.119393,0.177015,0.178044,0.179746,      29P    410
0.182615,0.252669,0.25384,0.257655,0.261409,0.342951,0.344178,        29P    411
0.345794,0.350753,0.355541,0.432656,0.434615,0.435575,0.437603,       29P    412
0.443544,0.449067,0.523217,0.52479,0.525709,0.5268,0.53595,           29P    413
0.542031,0.613741,0.615701,0.616749,0.617978,0.620568,0.627895,       29P    414
0.63448,0.703477,0.704323,0.706502,0.707685,0.70903,0.711645,         29P    415
0.71946,0.726234,0.79373,0.794866,0.797291,0.798618,0.799917,         29P    416
0.802584,0.810434,0.817296,0.883456,0.884471,0.885317,0.888102,       29P    417
0.889407,0.890645,0.893199,0.901042,0.907688,0.973388,0.974792,       29P    418
0.975922,0.978806,0.980067,0.981213,0.983481,0.991031,0.997345,       29P    419
1.06324,1.06511,1.0664,1.0695,1.0716,1.07355,1.08054,1.08637,         29P    420
1.15303,1.15455,1.15553,1.15691,1.16016,1.16183,1.16327,1.16938,      29P    421
1.17462,1.24273,1.24468,1.24587,1.2475,1.25075,1.25168,1.2526,        29P    422
1.25772,1.2622,1.33227,1.33484,1.33622,1.33803,1.34173,1.34532,       29P    423
1.34908,1.40687,1.40989,1.41149,1.41341,1.41568,1.4167,1.41796,       29P    424
1.42107,1.46637,1.46997,1.47169,1.47379,1.47464,1.47567,1.4773,       29P    425
1.47845,1.51496,1.51685,1.51869,1.52134,1.52234,1.54071,1.54071,      29P    426
1.54497,1.54497,1.54737,1.54737,1.54841,1.54841,1.54986,1.54986,      29P    427
1.55238,1.55238,1.55691,1.55896,1.56136,1.56265,1.56384,1.5651,       29P    428
1.56813,1.57101,1.5727,1.57357,1.57537,1.57714,1.58027,1.58307,       29P    429
1.58481,1.58634,1.58634,1.58943,1.59073,1.59164,1.59263,1.59263,      29P    430
1.59512,1.59512,1.59671,1.59671,1.598,1.598,1.60181,1.60181,          29P    431
1.60312,1.60312,1.60457,1.60457,1.60613,1.60613,1.61313,1.61313,      29P    432
1.61834,1.62279,1.62279,1.62425,1.62682,1.6285,1.62954,1.63317,       29P    433
1.63512,1.63665,1.64253,1.65131,1.66568,1.67167,1.67419,1.67585,      29P    434
1.67688,1.68115,1.68247,1.68679,1.69435,1.72875,1.73498,1.73743,      29P    435
1.73908,1.74004,1.74294,1.7438,1.74615,1.75211,1.80776,1.81407,       29P    436
1.8165,1.81807,1.81893,1.82075,1.82173,1.82499,1.90276,1.90892,       29P    437
1.91114,1.91357,1.91472,1.9978,2.00312,2.00595,2.00834,2.00956,       29P    438
2.09296,2.09384,2.09915,2.1011,2.10214,2.10365,2.18553,2.1869,        29P    439
2.18826,2.19285,2.19388,2.19612,2.19788,2.27814,2.2803,2.28367,       29P    440
2.28682,2.28884,2.29032,2.29214,2.29303,2.37179,2.37436,2.3791,       29P    441
2.38113,2.38469,2.38574,2.38665,2.38754,2.46616,2.46903,2.4746,       29P    442
2.47572,2.4792,2.48112,2.48211,2.56117,2.56424,2.57064,2.5739,        29P    443
2.57575,2.57668,2.65677,2.65989,2.66575,2.66881,2.67043,2.67137,      29P    444
2.7531,2.75593,2.76118,2.76373,2.76525,2.76611,2.85,2.85242,          29P    445
2.85672,2.85883,2.86009,2.94736,2.94926,2.95246,2.95405,2.95502,      29P    446
3.02894,3.03028,3.03241,3.03347,3.03446,3.09449,3.09652,3.09742,      29P    447
3.14371,3.14485,3.17662,3.17662,3.17662,3.17662,0.,0.,0.,0.,          29P    448
0.390101,1.01614,1.61035,2.16454,2.68871,3.66997,4.14714,             29P    449
4.61994,4.98646,5.36524,5.36524,5.36524,5.36524,1.,1.,1.,1.,1.,       29P    450
1.,1.,1.,1.,1.,1.,1.,1.,1.,1.,1.,1.,1.,1.,1.,1.,1.,1.,1.,1.,1.,       29P    451
1.,1.,1.,1.,1.,1.,1.,1.,1.,1.,1.,1.,1.,1.,1.,1.,1.,1.,1.,1.,1.,       29P    452
1.,1.,1.,1.,1.,1.,1.,1.,1.,1.,1.,1.,1.,1.,1.,1.,1.,1.,1.,1.,1.,       29P    453
1.,1.,1.,1.,1.,1.,1.,1.,1.,1.,1.,1.,1.,1.,1.,1.,1.,1.,1.,1.,1.,       29P    454
1.,1.,1.,1.,1.,1.,1.,1.,1.,1.,1.,1.,1.,1.,1.,1.,1.,1.,1.,1.,1.,       29P    455
1.,1.,1.,1.,1.,1.,1.,1.,1.,1.,1.,1.,1.,1.,1.,1.,1.,1.,1.,1.,1.,       29P    456
1.,1.,1.,1.,1.,1.,1.,1.,1.,1.,1.,1.,1.,1.,1.,1.,1.,1.,1.,1.,1.,       29P    457
1.,1.,1.,1.,1.,1.,1.,1.,1.,1.,1.,1.,1.,1.,1.,1.,1.,1.,1.,1.,1.,       29P    458
1.,1.,1.,1.,1.,1.,1.,1.,1.,1.,1.,1.,1.,1.,1.,1.,1.,1.,1.,1.,1.,       29P    459
1.,1.,1.,1.,1.,1.,1.,1.,1.,1.,1.,1.,1.,1.,1.,1.,1.,1.,1.,1.,1.,       29P    460
1.,1.,1.,1.,1.,1.,1.,1.,1.,1.,1.,1.,1.,1.,1.,1.,1.,1.,1.,1.,1.,       29P    461
1.,1.,1.,1.,1.,1.,1.,1.,1.,1.,1.,1.,1.,1.,1.,1.,1.,1.,1.,1.,1.,       29P    462
1.,1.,1.,1.,1.,1.,1.,1.,1.,1.,1.,1.,1.,1.,1.,1.,1.,1.,1.,1.,1.,       29P    463
1.,1.,1.,1.,1.,1.,1.,1.,1.,1.,1.,1.,1.,1.,1.,1.,1.,1.,1.,1.,1.,       29P    464
1.,1.,1.,1.,1.,1.,1.,1.,1.,1.,1.,1.,1.,1.,1.,1.,1.,1.,1.,1.,1.,       29P    465
1.,1.,1.,1.,1.,1.,1.,1.,1.,1.,1.,1.,1.,1.,1.,1.,1.,1.,1.,1.,1.,       29P    466
1.,1.,1.,1.,1.,1.,1.,1.,1.,1.,1.,1.,1.,1.,1.,1.,1.,1.,1.,1.,1.,       29P    467
1.,1.,1.,1.,1.,1.,1.,1.,1.,1.,1.,1.,1.,1.,1.,1.,1.,1.,1.,1.,1.,       29P    468
1.,1.,1.,1.,1.,1.,1.,1.,1.,1.,1.,1.,1.,1.,1.,1.,1.,1.,1.,1.,1.,       29P    469
1.,1.,1.,1.,1.,1.,1.,1.,1.,1.,1.,1.,1.,1.,1.,1.,1.,1.,1.,1.,1.,       29P    470
1.,1.,1.,1.,1.,1.,1.,1.,1.,1.,1.,1.,1.,1.,1.,1.,1.,1.,1.,1.,1.,       29P    471
1.,1.,1.,1.,1.,1.,1.,1.,1.,1.,1.,1.,1.,1.,1.,1.,1.,1.,1.,1.,1.,       29P    472
1.,1.,1.,1.,1.,1.,1.,1.,1.,1.,1.,1.,1.,1.,1.,1.,1.,1.,1.,1.,1.,       29P    473
1.,1.,1.,1.,1.,1.,1.,1.,1.,1.,1.,1.,1.,1.,1.,1.,1.,1.,1.,1.,1.,       29P    474
1.,1.,1.,1.,1.,1.,1.,1.,1.,1.,1.,1.,1.,1.,1.,1.,1.,1.,1.,1.,1.,       29P    475
1.,1.,1.,1.,1.,1.,1.,1.,1.,1.,1.,1.,1.,1.,1.,1.,1.,1.,1.,1.,1.,       29P    476
1.,1.,1.,1.,1.,1.,1.,1.,1.,1.,1.,1.,1.,1.,1.,1.,1.,1.,1.,1.,1.,       29P    477
1.,1.,1.,1.,1.,1.,1.,1.,1.,1.,1.,1.,1.,1.,1.,1.,1.,1.,1.,1.,1.,       29P    478
1.,1.,1.,1.,1.,1.,1.,1.,1.,1.,1.,1.,1.,1.,1.,1.,1.,1.,1.,1.,1.,       29P    479
1.,1.,1.,1.,1.,1.,1.,1.,1.,1.,1.,1.,1.,1.,1.,1.,1.,1.,1.,1.,1.,       29P    480
1.,1.,1.,1.,1.,1.,1.,1.,1.,1.,1.,1.,1.,1.,1.,1.,1.,1.,1.,1.,1.,       29P    481
1.,1.,1.,1.,1.,1.,1.,1.,1.,1.,1.,1.,1.,1.,1.,1.,1.,1.,1.,1.,1.,       29P    482
1.,1.,1.,1.,1.,1.,1.,1.,1.,1.,1.,1.,1.,1.,1.,1.,1.,1.,1.,1.,1.,       29P    483
1.,1.,1.,1.,1.,1.,1.,1.,1.,1.,1.,1.,1.,1.,1.,1.,1.,1.,1.,1.,1.,       29P    484
1.,1.,1.,1.,1.,1.,1.,1.,1.,1.,1.,1.,1.,1.,1.,1.,1.,1.,1.,1.,1.,       29P    485
1.,1.,1.,1.,1.,1.,1.,1.,1.,1.,1.,1.,1.,1.,1.,1.,1.,1.,1.,1.,1.,       29P    486
1.,1.,1.,1.,1.,1.,1.,1.,1.,1.,1.,1.,1.,1.,1.,1.,1.,1.,1.,1.,1.,       29P    487
1.,1.,1.,1.,1.,1.,1.,1.,1.,1.,1.,1.,1.,1.,1.,1.,1.,1.,1.,1.,1.,       29P    488
1.,1.,1.,1.,1.,1.,1.,1.,1.,1.,1.,1.,1.,1.,1.,1.,1.,1.,1.,1.,1.,       29P    489
1.,1.,1.,1.,1.,1.,1.,1.,1.,1.,1.,1.,1.,1.,1.,1.,1.,1.,1.,1.,1.,       29P    490
1.,1.,1.,1.,1.,1.,1.,1.,1.,1.,1.,1.,1.,1.,1.,1.,1.,1.,1.,1.,1.,       29P    491
1.,1.,1.,1.,1.,1.,1.,1.,1.,1.,1.,1.,1.,1.,1.,1.,1.,1.,1.,1.,1.,       29P    492
1.,1.,1.,1.,1.,1.,1.,1.,1.,1.,1.,1.,1.,1.,1.,1.,1.,1.,1.,1.,1.,       29P    493
1.,1.,1.,1.,1.,1.,1.,1.,1.,1.,1.,1.,1.,1.,1.,1.,1.,1.,1.,1.,1.,       29P    494
1.,1.,1.,1.,1.,1.,1.,1.,1.,1.,1.,1.,1.,1.,1.,1.,1.,1.,1.,1.,1.,       29P    495
1.,1.,1.,1.,1.,1.,1.,1.,1.,1.,1.,1.,1.,1.,1.,1.,1.,1.,1.,1.,1.,       29P    496
1.,1.,1.,1.,1.,1.,1.,1.,1.,1.,1.,1.,1.,1.,1.,1.,1.,1.,1.,1.,1.,       29P    497
1.,1.,1.,1.,1.,1.,1.,1.,1.,1.,1.,1.,1.,1.,1.,1.,1.,1.,1.,1.,1.,       29P    498
1.,1.,1.,1.,1.,1.,1.,1.,1.,1.,1.,1.,1.,1.,1.,1.,1.,1.,1.,1.,1.,       29P    499
1.,1.,1.,1.,1.,1.,1.,1.,1.,1.,1.,1.,1.,1.,1.,1.,1.,1.,1.,1.,1.,       29P    500
1.,1.,1.,1.,1.,1.,1.,1.,1.,1.,1.,1.,1.,1.,1.,1.,1.,1.,1.,1.,1.,       29P    501
1.,1.,1.,1.,1.,1.,1.,1.,1.,1.,1.,1.,1.,1.,1.,1.,1.,1.,1.,1.,1.,       29P    502
1.,1.,1.,1.,1.,1.,1.,1.,1.,1.,1.,1.,1.,1.,1.,1.,1.,1.,1.,1.,1.,       29P    503
1.,1.,1.,1.,1.,1.,1.,1.,1.,1.,1.,1.,1.,1.,1.,1.,1.,1.,1.,1.,1.,       29P    504
1.,1.,1.,1.,1.,1.,1.,1.,1.,1.,1.,1.,1.,1.,1.,1.,1.,1.,1.,1.,1.,       29P    505
1.,1.,1.,1.,1.,1.,1.,1.,1.,1.,1.,1.,1.,1.,1.,1.,1.,1.,1.,1.,1.,       29P    506
1.,1.,1.,1.,1.,1.,1.,1.,1.,1.,1.,1.,1.,1.,1.,1.,1.,1.,1.,1.,1.,       29P    507
1.,1.,1.,1.,1.,1.,1.,1.,1.,1.,1.,1.,1.,1.,1.,1.,1.,1.,1.,1.,1.,       29P    508
1.,1.,1.,1.,1.,1.,1.,1.,1.,1.,1.,1.,1.,1.,1.,1.,1.,1.,1.,1.,1.,       29P    509
1.,1.,1.,1.,1.,1.,1.,1.,1.,1.,1.,1.,1.,1.,1.,1.,1.,1.,1.,1.,1.,       29P    510
1.,1.,1.,1.,1.,1.,1.,1.,1.,1.,1.,1.,1.,1.,1.,1.,1.,1.,1.,1.,1.,       29P    511
1.,1.,1.,1.,1.,1.,1.,1.,1.,1.,1.,1.,1.,1.,1.,1.,1.,1.,1.,1.,1.,       29P    512
1.,1.,1.,1.,1.,1.,1.,1.,1.,1.,1.,1.,1.,1.,1.,1.,1.,1.,1.,1.,1.,       29P    513
1.,1.,1.,1.,1.,1.,1.,1.,1.,1.,1.,1.,1.,1.,1.,1.,1.,1.,1.,1.,1.,       29P    514
1.,1.,1.,1.,1.,1.,1.,1.,1.,1.,1.,1.,1.,1.,1.,1.,1.,1.,1.,1.,1.,       29P    515
1.,1.,1.,1.,1.,1.,1.,1.,1.,1.,1.,1.,1.,1.,1.,1.,1.,1.,1.,1.,1.,       29P    516
1.,1.,1.,1.,1.,1.,1.,1.,1.,1.,1.,1.,1.,1.,1.,1.,1.,1.,1.,1.,1.,       29P    517
1.,1.,1.,1.,1.,1.,1.,1.,1.,1.,1.,1.,1.,1.,1.,1.,1.,1.,1.,1.,1.,       29P    518
1.,1.,1.,1.,1.,1.,1.,1.,1.,1.,1.,1.,1.,1.,1.,1.,1.,1.,1.,1.,1.,       29P    519
1.,1.,1.,1.,1.,1.,1.,1.,1.,1.,1.,1.,1.,1.,1.,1.,1.,1.,1.,1.,1.,       29P    520
1.,1.,1.,1.,1.,1.,1.,1.,1.,1.,1.,1.,1.,1.,1.,1.,1.,1.,1.,1.,1.,       29P    521
1.,1.,1.,1.,1.,1.,1.,1.,1.,1.,1.,1.,1.,1.,1.,1.,1.,1.,1.,1.,1.,       29P    522
1.,1.,1.,1.,1.,1.,1.,1.,1.,1.,1.,1.,1.,1.,1.,1.,1.,1.,1.,1.,1.,       29P    523
1.,1.,1.,1.,1.,1.,1.,1.,1.,1.,1.,1.,1.,1.,1.,1.,1.,1.,1.,1.,1.,       29P    524
1.,1.,1.,1.,1.,1.,1.,1.,1.,1.,1.,1.,1.,1.,1.,1.,1.,1.,1.,1.,1.,       29P    525
1.,1.,1.,1.,1.,1.,1.,1.,1.,1.,1.,1.,1.,1.,1.,1.,1.,1.,1.,1.,1.,       29P    526
1.,1.,1.,1.,1.,1.,1.,1.,1.,1.,1.,1.,1.,1.,1.,1.,1.,1.,1.,1.,1.,       29P    527
1.,1.,1.,1.,1.,1.,1.,1.,1.,1.,1.,1.,1.,1.,1.,1.,1.,1.,1.,1.,1.,       29P    528
1.,1.,1.,1.,1.,1.,1.,1.,1.,1.,1.,1.,1.,1.,1.,1.,1.,1.,1.,1.,1.,       29P    529
1.,1.,1.,1.,1.,1.,1.,1.,1.,1.,1.,1.,1.,1.,1.,1.,1.,1.,1.,1.,1.,       29P    530
1.,1.,1.,1.,1.,1.,1.,1.,1.,1.,1.,1.,1.,1.,1.,1.,1.,1.,1.,1.,1.,       29P    531
1.,1.,1.,1.,1.,1.,1.,1.,1.,1.,1.,1.,1.,1.,1.,1.,1.,1.,1.,1.,1.,       29P    532
1.,1.,1.,1.,1.,1.,1.,1.,1.,1.,1.,1.,1.,1.,1.,1.,1.,1.,1.,1.,1.,       29P    533
1.,1.,1.,1.,1.,1.,1.,1.,1.,1.,1.,1.,1.,1.,1.,1.,1.,1.,1.,1.,1.,       29P    534
1.,1.,1.,1.,1.,1.,1.,1.,1.,1.,1.,1.,1.,1.,1.,1.,1.,1.,1.,1.,1.,       29P    535
1.,1.,1.,1.,1.,1.,1.,1.,1.,1.,1.,1.,1.,1.,1.,1.,1.,1.,1.,1.,1.,       29P    536
1.,1.,1.,1.,1.,1.,1.,1.,1.,1.,1.,1.,1.,1.,1.,1.,1.,1.,1.,1.,1.,       29P    537
1.,1.,1.,1.,1.,1.,1.,1.,1.,1.,1.,1.,1.,1.,1.,1.,1.,1.,1.,1.,1.,       29P    538
1.,1.,1.,1.,1.,1.,1.,1.,1.,1.,1.,1.,1.,1.,1.,1.,1.,1.,1.,1.,1.,       29P    539
1.,1.,1.,1.,1.,1.,1.,1.,1.,1.,1.,1.,1.,1.,1.,1.,1.,1.,1.,1.,1.,       29P    540
1.,1.,1.,1.,1.,1.,1.,1.,1.,1.,1.,1.,1.,1.,1.,1.,1.,1.,1.,1.,1.,       29P    541
1.,1.,1.,1.,1.,1.,1.,1.,1.,1.,1.,1.,1.,1.,1.,1.,1.,1.,1.,1.,1.,       29P    542
1.,1.,1.,1.,1.,1.,1.,1.,1.,1.,1.,1.,1.,1.,1.,1.,1.,1.,1.,1.,1.,       29P    543
1.,1.,1.,1.,1.,1.,1.,1.,1.,1.,1.,1.,1.,1.,1.,1.,1.,1.,1.,1.,1.,       29P    544
1.,1.,1.,1.,1.,1.,1.,1.,1.,1.,1.,1.,1.,1.,1.,1.,1.,1.,1.,1.,1.,       29P    545
1.,1.,1.,1.,1.,1.,1.,1.,1.,1.,1.,1.,1.,1.,1.,1.,1.,1.,1.,1.,1.,       29P    546
1.,1.,1.,1.,1.,1.,1.,1.,1.,1.,1.,1.,1.,1.,1.,1.,1.,1.,1.,1.,1.,       29P    547
1.,1.,1.,1.,1.,1.,1.,1.,1.,1.,1.,1.,1.,1.,1.,1.,1.,1.,1.,1.,1.,       29P    548
1.,1.,1.,1.,1.,1.,1.,1.,1.,1.,1.,1.,1.,1.,1.,1.,1.,1.,1.,1.,1.,       29P    549
1.,1.,1.,1.,1.,1.,1.,1.,1.,1.,1.,1.,1.,1.,1.,1.,1.,1.,1.,1.,1.,       29P    550
1.,1.,1.,1.,1.,1.,1.,1.,1.,1.,1.,1.,1.,1.,1.,1.,1.,1.,1.,1.,1.,       29P    551
1.,1.,1.,1.,1.,1.,1.,1.,1.,1.,1.,1.,1.,1.,1.,1.,1.,1.,1.,1.,1.,       29P    552
1.,1.,1.,1.,1.,1.,1.,1.,1.,1.,1.,1.,1.,1.,1.,1.,1.,1.,1.,1.,1.,       29P    553
1.,1.,1.,1.,1.,1.,1.,1.,1.,1.,1.,1.,1.,1.,1.,1.,1.,1.,1.,1.,1.,       29P    554
1.,1.,1.,1.,1.,1.,1.,1.,1.,1.,1.,1.,1.,1.,1.,1.,1.,1.,1.,1.,1.,       29P    555
1.,1.,1.,1.,1.,1.,1.,1.,1.,1.,1.,1.,1.,1.,1.,1.,1.,1.,1.,1.,1.,       29P    556
1.,1.,1.,1.,1.,1.,1.,1.,1.,1.,1.,1.,1.,1.,1.,1.,1.,1.,1.,1.,1.,       29P    557
1.,1.,1.,1.,1.,1.,1.,1.,1.,1.,1.,1.,1.,1.,1.,1.,1.,1.,1.,1.,1.,       29P    558
1.,1.,1.,1.,1.,1.,1.,1.,1.,1.,1.,1.,1.,1.,1.,1.,1.,1.,1.,1.,1.,       29P    559
1.,1.,1.,1.,1.,1.,1.,1.,1.,1.,1.,1.,1.,1.,1.,1.,1.,1.,1.,1.,1.,       29P    560
1.,1.,1.,1.,1.,1.,1.,1.,1.,1.,1.,1.,1.,1.,1.,1.,1.,1.,1.,1.,1.,       29P    561
1.,1.,1.,1.,1.,1.,1.,1.,1.,1.,1.,1.,1.,1.,1.,1.,1.,1.,1.,1.,1.,       29P    562
1.,1.,1.,1.,1.,1.,1.,1.,1.,1.,1.,1.,1.,1.,1.,1.,1.,1.,1.,1.,1.,       29P    563
1.,1.,1.,1.,1.,1.,1.,1.,1.,1.,1.,1.,1.,1.,1.,1.,1.,1.,1.,1.,1.,       29P    564
1.,1.,1.,1.,1.,1.,1.,1.,1.,1.,1.,1.,1.,1.,1.,1.,1.,1.,1.,1.,1.,       29P    565
1.,1.,1.,1.,1.,1.,1.,1.,1.,1.,1.,1.,1.,1.,1.,1.,1.,1.,1.,1.,1.,       29P    566
1.,1.,1.,1.,1.,1.,1.,1.,1.,1.,1.,1.,1.,1.,1.,1.,1.,1.,1.,1.,1.,       29P    567
1.,1.,1.,1.,1.,1.,1.,1.,1.,1.,1.,1.,1.,1.,1.,1.,1.,1.,1.,1.,1.,       29P    568
1.,1.,1.,1.,1.,1.,1.,1.,1.,1.,1.,1.,1.,1.,1.,1.,1.,1.,1.,1.,1.,       29P    569
1.,1.,1.,1.,1.,1.,1.,1.,1.,1.,1.,1.,1.,1.,1.,1.,1.,1.,1.,1.,1.,       29P    570
1.,1.,1.,1.,1.,1.,1.,1.,1.,1.,1.,1.,1.,1.,1.,1.,1.,1.,1.,1.,1.,       29P    571
1.,1.,1.,1.,1.,1.,1.,1.,1.,1.,1.,1.,1.,1.,1.,1.,1.,1.,1.,1.,1.,       29P    572
1.,1.,1.,1.,1.,1.,1.,1.,1.,1.,1.,1.,1.,1.,1.,1.,1.,1.,1.,1.,1.,       29P    573
1.,1.,1.,1.,1.,1.,1.,1.,1.,1.,1.,1.,1.,1.,1.,1.,1.,1.,1.,1.,1.,       29P    574
1.,1.,1.,1.,1.,1.,1.,1.,1.,1.,1.,1.,1.,1.,1.,1.,1.,1.,1.,1.,1.,       29P    575
1.,1.,1.,1.,1.,1.,1.,1.,1.,1.,1.,1.,1.,1.,1.,1.,1.,1.,1.,1.,1.,       29P    576
1.,1.,1.,1.,1.,1.,1.,1.,1.,1.,1.,1.,1.,1.,1.,1.,1.,1.,1.,1.,1.,       29P    577
1.,1.,1.,1.,1.,1.,1.,1.,1.,1.,1.,1.,1.,1.,1.,1.,1.,1.,1.,1.,1.,       29P    578
1.,1.,1.,1.,1.,1.,1.,1.,1.,1.,1.,1.,1.,1.,1.,1.,1.,1.,1.,1.,1.,       29P    579
1.,1.,1.,1.,1.,1.,1.,1.,1.,1.,1.,1.,1.,1.,1.,1.,1.,1.,1.,1.,1.,       29P    580
1.,1.,1.,1.,1.,1.,1.,1.,1.,1.,1.,1.,1.,1.,1.,1.,1.,1.,1.,1.,1.,       29P    581
1.,1.,1.,1.,1.,1.,1.,1.,1.,1.,1.,1.,1.,1.,1.,1.,1.,1.,1.,1.,1.,       29P    582
1.,1.,1.,1.,1.,1.,1.,1.,1.,1.,1.,1.,1.,1.,1.,1.,1.,1.,1.,1.,1.,       29P    583
1.,1.,1.,1.,1.,1.,1.,1.,1.,1.,1.,1.,1.,1.,1.,1.,1.,1.,1.,1.,1.,       29P    584
1.,1.,1.,1.,1.,1.,1.,1.,1.,1.,1.,1.,1.,1.,1.,1.,1.,1.,1.,1.,1.,       29P    585
1.,1.,1.,1.,1.,1.,1.,1.,1.,1.,1.,1.,1.,1.,1.,1.,1.,1.,1.,1.,1.,       29P    586
1.,1.,1.,1.,1.,1.,1.,1.,1.,1.,1.,1.,1.,1.,1.,1.,1.,1.,1.,1.,1.,       29P    587
1.,1.,1.,1.,1.,1.,1.,1.,1.,1.,1.,1.,1.,1.,1.,1.,1.,1.,1.,1.,1.,       29P    588
1.,1.,1.,1.,1.,1.,1.,1.,1.,1.,1.,1.,1.,1.,1.,1.,1.,1.,1.,1.,1.,       29P    589
1.,1.,1.,1.,1.,1.,1.,1.,1.,1.,1.,1.,1.,1.,1.,1.,1.,1.,1.,1.,1.,       29P    590
1.,1.,1.,1.,1.,1.,1.,1.,1.,1.,1.,1.,1.,1.,1.,1.,1.,1.,1.,1.,1.,       29P    591
1.,1.,1.,1.,1.,1.,1.,1.,1.,1.,1.,1.,1.,1.,1.,1.,1.,1.,1.,1.,1.,       29P    592
1.,1.,1.,1.,1.,1.,1.,1.,1.,1.,1.,1.,1.,1.,1.,1.,1.,1.,1.,1.,1.,       29P    593
1.,1.,1.,1.,1.,1.,1.,1.,1.,1.,1.,1.,1.,1.,1.,1.,1.,1.,1.,1.,1.,       29P    594
1.,1.,1.,1.,1.,1.,1.,1.,1.,1.,1.,1.,1.,1.,1.,1.,1.,1.,1.,1.,1.,       29P    595
1.,1.,1.,1.,1.,1.,1.,1.,1.,1.,1.,1.,1.,1.,1.,1.,1.,1.,1.,1.,1.,       29P    596
1.,1.,1.,1.,1.,1.,1.,1.,1.,1.,1.,1.,1.,1.,1.,1.,1.,1.,1.,1.,1.,       29P    597
1.,1.,1.,1.,1.,1.,1.,1.,1.,1.,1.,1.,1.,1.,1.,1.,1.,1.,1.,1.,1.,       29P    598
1.,1.,1.,1.,1.,1.,1.,1.,1.,1.,1.,1.,1.,1.,1.,1.,1.,1.,1.,1.,1.,       29P    599
1.,1.,1.,1.,1.,1.,1.,1.,1.,1.,1.,1.,1.,1.,1.,1.,1.,1.,1.,1.,1.,       29P    600
1.,1.,1.,1.,1.,1.,1.,1.,1.,1.,1.,1.,1.,1.,1.,1.,1.,1.,1.,1.,1.,       29P    601
1.,1.,1.,1.,1.,1.,1.,1.,1.,1.,1.,1.,1.,1.,1.,1.,1.,1.,1.,1.,1.,       29P    602
1.,1.,1.,1.,1.,1.,1.,1.,1.,1.,1.,1.,1.,1.,1.,1.,1.,1.,1.,1.,1.,       29P    603
1.,1.,1.,1.,1.,1.,1.,1.,1.,1.,1.,1.,1.,1.,1.,1.,1.,1.,1.,1.,1.,       29P    604
1.,1.,1.,1.,1.,1.,1.,1.,1.,1.,1.,1.,1.,1.,1.,1.,1.,1.,1.,1.,1.,       29P    605
1.,1.,1.,1.,1.,1.,1.,1.,1.,1.,1.,1.,1.,1.,1.,1.,1.,1.,1.,1.,1.,       29P    606
1.,1.,1.,1.,1.,1.,1.,1.,1.,1.,1.,1.,1.,1.,1.,1.,1.,1.,1.,1.,1.,       29P    607
1.,1.,1.,1.,1.,1.,1.,1.,1.,1.,1.,1.,1.,1.,1.,1.,1.,1.,1.,1.,1.,       29P    608
1.,1.,1.,1.,1.,1.,1.,1.,1.,1.,1.,1.,1.,1.,1.,1.,1.,1.,1.,1.,1.,       29P    609
1.,1.,1.,1.,1.,1.,1.,1.,1.,1.,1.,1.,1.,1.,1.,1.,1.,1.,1.,1.,1.,       29P    610
1.,1.,1.,1.,1.,1.,1.,1.,1.,1.,1.,1.,1.,1.,1.,1.,1.,1.,1.,1.,1.,       29P    611
1.,1.,1.,1.,1.,1.,1.,1.,1.,1.,1.,1.,1.,1.,1.,1.,1.,1.,1.,1.,1.,       29P    612
1.,1.,1.,1.,1.,1.,1.,1.,1.,1.,1.,1.,1.,1.,1.,1.,1.,1.,1.,1.,1.,       29P    613
1.,1.,1.,1.,1.,1.,1.,1.,1.,1.,1.,1.,1.,1.,1.,1.,1.,1.,1.,1.,1.,       29P    614
1.,1.,1.,1.,1.,1.,1.,1.,1.,1.,1.,1.,1.,1.,1.,1.,1.,1.,1.,1.,1.,       29P    615
1.,1.,1.,1.,1.,1.,1.,1.,1.,1.,1.,1.,1.,1.,1.,1.,1.,1.,1.,1.,1.,       29P    616
1.,1.,1.,1.,1.,1.,1.,1.,1.,1.,1.,1.,1.,1.,1.,1.,1.,1.,1.,1.,1.,       29P    617
1.,1.,1.,1.,1.,1.,1.,1.,1.,1.,1.,1.,1.,1.,1.,1.,1.,1.,1.,1.,1.,       29P    618
1.,1.,1.,1.,1.,1.,1.,1.,1.,1.,1.,1.,1.,1.,1.,1.,1.,1.,1.,1.,1.,       29P    619
1.,1.,1.,1.,1.,1.,1.,1.,1.,1.,1.,1.,1.,1.,1.,1.,1.,1.,1.,1.,1.,       29P    620
1.,1.,1.,1.,1.,1.,1.,1.,1.,1.,1.,1.,1.,1.,1.,1.,1.,1.,1.,1.,1.,       29P    621
1.,1.,1.,1.,1.,1.,1.,1.,1.,1.,1.,1.,1.,1.,1.,1.,1.,1.,1.,1.,1.,       29P    622
1.,1.,1.,1.,1.,1.,1.,1.,1.,1.,1.,1.,1.,1.,1.,1.,1.,1.,1.,1.,1.,       29P    623
1.,1.,1.,1.,1.,1.,1.,1.,1.,1.,1.,1.,1.,1.,1.,1.,1.,1.,1.,1.,1.,       29P    624
1.,1.,1.,1.,1.,1.,1.,1.,1.,1.,1.,1.,1.,1.,1.,1.,1.,1.,1.,1.,1.,       29P    625
1.,1.,1.,1.,1.,1.,1.,1.,1.,1.,1.,1.,1.,1.,1.,1.,1.,1.,1.,1.,1.,       29P    626
1.,1.,1.,1.,1.,1.,1.,1.,1.,1.,1.,1.,1.,1.,1.,1.,1.,1.,1.,1.,1.,       29P    627
1.,1.,1.,1.,1.,1.,1.,1.,1.,1.,1.,1.,1.,1.,1.,1.,1.,1.,1.,1.,1.,       29P    628
1.,1.,1.,1.,1.,1.,1.,1.,1.,1.,1.,1.,1.,1.,1.,1.,1.,1.,1.,1.,1.,       29P    629
1.,1.,1.,1.,1.,1.,1.,1.,1.,1.,1.,1.,1.,1.,1.,1.,1.,1.,1.,1.,1.,       29P    630
1.,1.,1.,1.,1.,1.,1.,1.,1.,1.,1.,1.,1.,1.,1.,1.,1.,1.,1.,1.,1.,       29P    631
1.,1.,1.,1.,1.,1.,1.,1.,1.,1.,1.,1.,1.,1.,1.,1.,1.,1.,1.,1.,1.,       29P    632
1.,1.,1.,1.,1.,1.,1.,1.,1.,1.,1.,1.,1.,1.,1.,1.,1.,1.,1.,1.,1.,       29P    633
1.,1.,1.,1.,1.,1.,1.,1.,1.,1.,1.,1.,1.,1.,1.,1.,1.,1.,1.,1.,1.,       29P    634
1.,1.,1.,1.,1.,1.,1.,1.,1.,1.,1.,1.,1.,1.,1.,1.,1.,1.,1.,1.,1.,       29P    635
1.,1.,1.,1.,1.,1.,1.,1.,1.,1.,1.,1.,1.,1.,1.,1.,1.,1.,1.,1.,1.,       29P    636
1.,1.,1.,1.,1.,1.,1.,1.,1.,1.,1.,1.,1.,1.,1.,1.,1.,1.,1.,1.,1.,       29P    637
1.,1.,1.,1.,1.,1.,1.,1.,1.,1.,1.,1.,1.,1.,1.,1.,1.,1.,1.,1.,1.,       29P    638
1.,1.,1.,1.,1.,1.,1.,1.,1.,1.,1.,1.,1.,1.,1.,1.,1.,1.,1.,1.,1.,       29P    639
1.,1.,1.,1.,1.,1.,1.,1.,1.,1.,1.,1.,1.,1.,1.,1.,1.,1.,1.,1.,1.,       29P    640
1.,1.,1.,1.,1.,1.,1.,1.,1.,1.,1.,1.,1.,1.,1.,1.,1.,1.,1.,1.,1.,       29P    641
1.,1.,1.,1.,1.,1.,1.,1.,1.,1.,1.,1.,1.,1.,1.,1.,1.,1.,1.,1.,1.,       29P    642
1.,1.,1.,1.,1.,1.,1.,1.,1.,1.,1.,1.,1.,1.,1.,1.,1.,1.,1.,1.,1.,       29P    643
1.,1.,1.,1.,1.,1.,1.,1.,1.,1.,1.,1.,1.,1.,1.,1.,1.,1.,1.,1.,1.,       29P    644
1.,1.,1.,1.,1.,1.,1.,1.,1.,1.,1.,1.,1.,1.,1.,1.,1.,1.,1.,1.,1.,       29P    645
1.,1.,1.,1.,1.,1.,1.,1.,1.,1.,1.,1.,1.,1.,1.,1.,1.,1.,1.,1.,1.,       29P    646
1.,1.,1.,1.,1.,1.,1.,1.,1.,1.,1.,1.,1.,1.,1.,1.,1.,1.,1.,1.,1.,       29P    647
1.,1.,1.,1.,1.,1.,1.,1.,1.,1.,1.,1.,1.,1.,1.,1.,1.,1.,209.711,        29P    648
-0.4234,8.063,209.708,-0.425678,8.063,209.705,-0.432187,8.063,        29P    649
209.707,-0.439551,8.063,209.711,-0.444382,8.063,209.714,              29P    650
-0.446085,8.063,209.718,-0.446608,8.063,209.719,-0.446691,8.063,      29P    651
209.722,-0.446672,8.063,209.725,-0.445796,8.063,209.727,              29P    652
-0.44431,8.063,209.727,-0.444111,8.063,209.728,-0.443712,8.063,       29P    653
209.728,-0.443525,8.063,209.728,-0.443155,8.063,209.729,              29P    654
-0.442974,8.063,209.729,-0.442562,8.063,209.729,-0.442332,8.063,      29P    655
209.737,-0.436479,8.063,209.744,-0.430636,8.063,209.751,              29P    656
-0.42456,8.063,209.752,-0.423837,8.063,209.764,-0.414394,8.063,       29P    657
209.776,-0.404907,8.063,209.788,-0.395321,8.063,209.804,              29P    658
-0.382686,8.063,209.82,-0.370419,8.063,209.836,-0.358395,8.063,       29P    659
209.838,-0.35728,8.063,209.858,-0.342436,8.063,209.878,-0.32793,      29P    660
8.063,209.898,-0.313537,8.063,209.9,-0.311863,8.063,209.925,          29P    661
-0.294834,8.063,209.949,-0.278721,8.063,209.972,-0.263396,8.063,      29P    662
209.974,-0.261981,8.063,209.978,-0.259923,8.063,210.002,              29P    663
-0.244241,8.063,210.026,-0.229481,8.063,210.049,-0.215762,8.063,      29P    664
210.05,-0.214914,8.063,210.053,-0.213387,8.063,210.056,               29P    665
-0.211085,8.063,210.081,-0.196535,8.063,210.105,-0.183106,8.063,      29P    666
210.127,-0.170772,8.063,210.128,-0.170196,8.063,210.131,              29P    667
-0.168403,8.063,210.136,-0.165791,8.063,210.161,-0.15195,8.063,       29P    668
210.185,-0.139611,8.063,210.207,-0.128407,8.063,210.208,              29P    669
-0.127773,8.063,210.21,-0.127045,8.063,210.213,-0.12538,8.063,        29P    670
210.218,-0.122926,8.063,210.243,-0.110673,8.063,210.266,              29P    671
-0.0997643,8.063,210.288,-0.0898073,8.063,210.289,-0.0892264,         29P    672
8.063,210.291,-0.0885776,8.063,210.292,-0.0878695,8.063,210.296,      29P    673
-0.0862514,8.063,210.301,-0.0838987,8.063,210.326,-0.0727494,         29P    674
8.063,210.349,-0.0628624,8.063,210.371,-0.0538598,8.063,210.372,      29P    675
-0.0532417,8.063,210.374,-0.0526042,8.063,210.376,-0.0519369,         29P    676
8.063,210.379,-0.0504505,8.063,210.385,-0.0482759,8.063,210.41,       29P    677
-0.038234,8.063,210.433,-0.0293906,8.063,210.454,-0.0215064,          29P    678
8.063,210.455,-0.0209684,8.063,210.457,-0.0203976,8.063,210.459,      29P    679
-0.0197827,8.063,210.46,-0.0191951,8.063,210.464,-0.0178562,          29P    680
8.063,210.469,-0.0159039,8.063,210.494,-0.00677524,8.063,             29P    681
210.518,0.00136314,8.063,210.539,0.00868438,8.063,210.541,            29P    682
0.00926512,8.063,210.542,0.00982959,8.063,210.544,0.0103947,          29P    683
8.063,210.546,0.0108935,8.063,210.549,0.0120616,8.063,210.554,        29P    684
0.0137733,8.063,210.579,0.0221868,8.063,210.603,0.0297628,8.063,      29P    685
210.625,0.0366438,8.063,210.627,0.0372662,8.063,210.629,              29P    686
0.0379108,8.063,210.631,0.0386198,8.063,210.635,0.0397131,8.063,      29P    687
210.639,0.0411702,8.063,210.665,0.0489738,8.063,210.688,              29P    688
0.0560438,8.063,210.71,0.062487,8.063,210.712,0.0628485,8.063,        29P    689
210.713,0.0633702,8.063,210.716,0.0639544,8.063,210.718,              29P    690
0.0645431,8.063,210.72,0.0653969,8.063,210.725,0.0665772,8.063,       29P    691
210.75,0.0738802,8.063,210.774,0.0806113,8.063,210.797,               29P    692
0.0868538,8.063,210.799,0.087271,8.063,210.801,0.0878016,8.063,       29P    693
210.803,0.0883095,8.063,210.804,0.0887548,8.063,210.806,              29P    694
0.0893629,8.063,210.81,0.0902785,8.063,210.835,0.097196,8.063,        29P    695
210.86,0.10376,8.063,210.884,0.110003,8.063,210.886,0.110489,         29P    696
8.063,210.888,0.111069,8.063,210.891,0.111835,8.063,210.895,          29P    697
0.112765,8.063,210.916,0.118243,8.063,210.937,0.123641,8.063,         29P    698
210.957,0.12881,8.063,210.959,0.129352,8.063,210.961,0.129831,        29P    699
8.063,210.962,0.130261,8.063,210.964,0.130638,8.063,210.966,          29P    700
0.131083,8.063,210.982,0.135183,8.063,210.998,0.13944,8.063,          29P    701
211.015,0.14363,8.063,211.017,0.144244,8.063,211.019,0.144632,        29P    702
8.063,211.02,0.144963,8.063,211.021,0.145255,8.063,211.022,           29P    703
0.145572,8.063,211.035,0.148842,8.063,211.048,0.152174,8.063,         29P    704
211.061,0.155563,8.063,211.063,0.1561,8.063,211.065,0.156562,         29P    705
8.063,211.072,0.158415,8.063,211.078,0.160043,8.063,211.085,          29P    706
0.161948,8.063,211.087,0.162307,8.063,211.089,0.162868,8.063,         29P    707
211.09,0.163069,8.063,211.091,0.163358,8.063,211.091,0.163446,        29P    708
8.063,211.092,0.163655,8.063,211.092,0.163778,8.063,211.094,          29P    709
0.164112,8.063,211.094,0.164354,8.063,211.097,0.165113,8.063,         29P    710
211.099,0.165963,8.063,211.101,0.167404,8.063,211.103,0.168449,       29P    711
8.063,211.104,0.169425,8.063,211.105,0.170219,8.063,211.107,          29P    712
0.171449,8.063,211.108,0.173212,8.063,211.11,0.175308,8.063,          29P    713
211.111,0.176913,8.063,211.111,0.178236,8.063,211.112,0.179624,       29P    714
8.063,211.113,0.181783,8.063,211.113,0.184348,8.063,211.114,          29P    715
0.186956,8.063,211.114,0.189028,8.063,211.114,0.190141,8.063,         29P    716
211.114,0.191709,8.063,211.114,0.193189,8.063,211.113,0.194944,       29P    717
8.063,211.113,0.195992,8.063,211.113,0.196608,8.063,211.112,          29P    718
0.197729,8.063,211.112,0.198519,8.063,211.112,0.199785,8.063,         29P    719
211.111,0.200272,8.063,211.111,0.201143,8.063,211.111,0.201531,       29P    720
8.063,211.11,0.20304,8.063,211.109,0.204123,8.063,211.108,            29P    721
0.205506,8.063,211.108,0.205853,8.063,211.107,0.206572,8.063,         29P    722
211.107,0.206941,8.063,211.106,0.207687,8.063,211.106,0.208064,       29P    723
8.063,211.103,0.210067,8.063,211.101,0.211475,8.063,211.098,          29P    724
0.213345,8.063,211.095,0.214482,8.063,211.091,0.214832,8.063,         29P    725
211.089,0.214789,8.063,211.088,0.21476,8.063,211.086,0.214716,        29P    726
8.063,211.084,0.214674,8.063,211.082,0.214622,8.063,211.08,           29P    727
0.214565,8.063,211.078,0.214501,8.063,211.074,0.214415,8.063,         29P    728
211.069,0.214256,8.063,211.059,0.213944,8.063,211.05,0.213591,        29P    729
8.063,211.042,0.213276,8.063,211.039,0.213128,8.063,211.037,          29P    730
0.213051,8.063,211.035,0.212946,8.063,211.032,0.212842,8.063,         29P    731
211.029,0.212681,8.063,211.025,0.212459,8.063,211.009,0.21162,        29P    732
8.063,210.993,0.210504,8.063,210.979,0.209327,8.063,210.976,          29P    733
0.209036,8.063,210.974,0.208891,8.063,210.972,0.208733,8.063,         29P    734
210.971,0.208595,8.063,210.968,0.208414,8.063,210.965,0.20814,        29P    735
8.063,210.944,0.206182,8.063,210.922,0.203729,8.063,210.9,            29P    736
0.201009,8.063,210.897,0.200564,8.063,210.895,0.200352,8.063,         29P    737
210.894,0.200166,8.063,210.893,0.200005,8.063,210.891,0.199737,       29P    738
8.063,210.864,0.196067,8.063,210.835,0.191445,8.063,210.807,          29P    739
0.186124,8.063,210.803,0.185447,8.063,210.801,0.185081,8.063,         29P    740
210.773,0.179578,8.063,210.744,0.173102,8.063,210.714,0.165703,       29P    741
8.063,210.711,0.164841,8.063,210.709,0.16431,8.063,210.681,           29P    742
0.157109,8.063,210.653,0.149313,8.063,210.625,0.140359,8.063,         29P    743
210.622,0.13954,8.063,210.62,0.138699,8.063,210.618,0.138241,         29P    744
8.063,210.591,0.129637,8.063,210.565,0.120266,8.063,210.538,          29P    745
0.110212,8.063,210.536,0.10934,8.063,210.534,0.108504,8.063,          29P    746
210.531,0.107559,8.063,210.53,0.106952,8.063,210.504,0.0967588,       29P    747
8.063,210.478,0.0858828,8.063,210.452,0.0740388,8.063,210.449,        29P    748
0.0728351,8.063,210.447,0.071645,8.063,210.445,0.0707145,8.063,       29P    749
210.443,0.0699689,8.063,210.442,0.0693802,8.063,210.417,              29P    750
0.0579067,8.063,210.393,0.0456642,8.063,210.367,0.0323744,8.063,      29P    751
210.364,0.0309283,8.063,210.361,0.0293247,8.063,210.359,              29P    752
0.0282906,8.063,210.358,0.0274287,8.063,210.357,0.0269839,8.063,      29P    753
210.333,0.0144207,8.063,210.309,0.00115484,8.063,210.284,             29P    754
-0.0130413,8.063,210.281,-0.0146015,8.063,210.278,-0.0162642,         29P    755
8.063,210.276,-0.0173318,8.063,210.274,-0.0183781,8.063,210.251,      29P    756
-0.0318068,8.063,210.227,-0.0456083,8.063,210.201,-0.0606247,         29P    757
8.063,210.197,-0.0627891,8.063,210.194,-0.0647506,8.063,210.192,      29P    758
-0.0657818,8.063,210.169,-0.0799348,8.063,210.145,-0.0946021,         29P    759
8.063,210.12,-0.110452,8.063,210.116,-0.1126,8.063,210.113,           29P    760
-0.114485,8.063,210.112,-0.115491,8.063,210.088,-0.130583,8.063,      29P    761
210.064,-0.1462,8.063,210.039,-0.162932,8.063,210.036,-0.164918,      29P    762
8.063,210.034,-0.166661,8.063,210.033,-0.167584,8.063,210.009,        29P    763
-0.183741,8.063,209.985,-0.200392,8.063,209.96,-0.218084,8.063,       29P    764
209.958,-0.219812,8.063,209.956,-0.221316,8.063,209.932,              29P    765
-0.239089,8.063,209.907,-0.257213,8.063,209.883,-0.276134,8.063,      29P    766
209.881,-0.277507,8.063,209.88,-0.27869,8.063,209.86,-0.294406,       29P    767
8.063,209.84,-0.31035,8.063,209.82,-0.326822,8.063,209.819,           29P    768
-0.327785,8.063,209.818,-0.328677,8.063,209.802,-0.341917,8.063,      29P    769
209.786,-0.355557,8.063,209.77,-0.369391,8.063,209.758,               29P    770
-0.380214,8.063,209.746,-0.390965,8.063,209.726,-0.408743,8.063,      29P    771
209.718,-0.416176,8.063,209.711,-0.4234,8.063,209.71,-0.41929,        29P    772
8.19299,209.707,-0.421608,8.19299,209.704,-0.42817,8.19299,           29P    773
209.706,-0.435542,8.19299,209.71,-0.440404,8.19299,209.714,           29P    774
-0.44213,8.19299,209.717,-0.442655,8.19299,209.718,-0.442736,         29P    775
8.19299,209.721,-0.442696,8.19299,209.724,-0.441742,8.19299,          29P    776
209.727,-0.440078,8.19299,209.727,-0.43988,8.19299,209.727,           29P    777
-0.439477,8.19299,209.728,-0.439288,8.19299,209.728,-0.438915,        29P    778
8.19299,209.728,-0.438731,8.19299,209.729,-0.438315,8.19299,          29P    779
209.729,-0.438082,8.19299,209.736,-0.432167,8.19299,209.744,          29P    780
-0.426258,8.19299,209.751,-0.420123,8.19299,209.752,-0.419393,        29P    781
8.19299,209.764,-0.40986,8.19299,209.776,-0.400304,8.19299,           29P    782
209.789,-0.390635,8.19299,209.805,-0.377889,8.19299,209.822,          29P    783
-0.365488,8.19299,209.838,-0.353351,8.19299,209.84,-0.352225,         29P    784
8.19299,209.86,-0.337244,8.19299,209.88,-0.322638,8.19299,            29P    785
209.901,-0.308143,8.19299,209.904,-0.306458,8.19299,209.929,          29P    786
-0.289308,8.19299,209.953,-0.273073,8.19299,209.977,-0.257613,        29P    787
8.19299,209.979,-0.256185,8.19299,209.983,-0.254109,8.19299,          29P    788
210.007,-0.238285,8.19299,210.032,-0.223376,8.19299,210.055,          29P    789
-0.209536,8.19299,210.056,-0.208681,8.19299,210.059,-0.20714,         29P    790
8.19299,210.063,-0.204819,8.19299,210.088,-0.190148,8.19299,          29P    791
210.112,-0.176628,8.19299,210.135,-0.164213,8.19299,210.136,          29P    792
-0.163633,8.19299,210.139,-0.161828,8.19299,210.144,-0.159198,        29P    793
8.19299,210.17,-0.145265,8.19299,210.194,-0.132843,8.19299,           29P    794
210.217,-0.12156,8.19299,210.218,-0.120921,8.19299,210.22,            29P    795
-0.120187,8.19299,210.223,-0.118511,8.19299,210.228,-0.116039,        29P    796
8.19299,210.253,-0.103698,8.19299,210.277,-0.092704,8.19299,          29P    797
210.299,-0.0826728,8.19299,210.3,-0.0820875,8.19299,210.302,          29P    798
-0.0814339,8.19299,210.303,-0.0807206,8.19299,210.307,                29P    799
-0.0790905,8.19299,210.312,-0.0767205,8.19299,210.338,                29P    800
-0.0654908,8.19299,210.361,-0.0555398,8.19299,210.384,                29P    801
-0.0464892,8.19299,210.385,-0.0458678,8.19299,210.387,-0.045227,      29P    802
8.19299,210.388,-0.0445563,8.19299,210.392,-0.0430623,8.19299,        29P    803
210.398,-0.0408771,8.19299,210.423,-0.0307889,8.19299,210.447,        29P    804
-0.0219169,8.19299,210.468,-0.0140393,8.19299,210.47,-0.0135018,      29P    805
8.19299,210.471,-0.0129317,8.19299,210.473,-0.0123177,8.19299,        29P    806
210.475,-0.0117311,8.19299,210.478,-0.0103947,8.19299,210.484,        29P    807
-0.00844748,8.19299,210.51,0.000647213,8.19299,210.533,               29P    808
0.00870508,8.19299,210.555,0.0158962,8.19299,210.557,0.0164664,       29P    809
8.19299,210.559,0.0170204,8.19299,210.56,0.0175748,8.19299,           29P    810
210.562,0.0180639,8.19299,210.565,0.0192089,8.19299,210.571,          29P    811
0.0208845,8.19299,210.596,0.0291053,8.19299,210.62,0.0364334,         29P    812
8.19299,210.643,0.0430219,8.19299,210.645,0.0436176,8.19299,          29P    813
210.647,0.0442341,8.19299,210.649,0.0449116,8.19299,210.653,          29P    814
0.0459557,8.19299,210.658,0.0473453,8.19299,210.684,0.054772,         29P    815
8.19299,210.708,0.0614198,8.19299,210.73,0.067403,8.19299,            29P    816
210.732,0.0677385,8.19299,210.734,0.0682225,8.19299,210.736,          29P    817
0.0687639,8.19299,210.738,0.0693091,8.19299,210.741,0.0700993,        29P    818
8.19299,210.745,0.0711901,8.19299,210.771,0.0779242,8.19299,          29P    819
210.796,0.0840395,8.19299,210.819,0.0896215,8.19299,210.821,          29P    820
0.0899943,8.19299,210.823,0.0904681,8.19299,210.825,0.0909211,        29P    821
8.19299,210.826,0.0913179,8.19299,210.829,0.0918595,8.19299,          29P    822
210.832,0.0926738,8.19299,210.859,0.0988117,8.19299,210.884,          29P    823
0.104529,8.19299,210.909,0.109849,8.19299,210.91,0.110262,            29P    824
8.19299,210.913,0.110755,8.19299,210.916,0.111406,8.19299,            29P    825
210.919,0.112194,8.19299,210.941,0.116823,8.19299,210.962,            29P    826
0.121295,8.19299,210.983,0.125483,8.19299,210.985,0.125921,           29P    827
8.19299,210.987,0.126308,8.19299,210.989,0.126655,8.19299,            29P    828
210.99,0.126958,8.19299,210.992,0.127316,8.19299,211.009,             29P    829
0.130609,8.19299,211.026,0.133966,8.19299,211.043,0.137231,           29P    830
8.19299,211.045,0.137709,8.19299,211.047,0.13801,8.19299,             29P    831
211.048,0.138267,8.19299,211.049,0.138494,8.19299,211.051,            29P    832
0.13874,8.19299,211.064,0.141277,8.19299,211.077,0.143837,            29P    833
8.19299,211.09,0.146392,8.19299,211.092,0.146796,8.19299,             29P    834
211.094,0.147143,8.19299,211.101,0.148532,8.19299,211.108,            29P    835
0.14974,8.19299,211.115,0.151142,8.19299,211.117,0.151406,            29P    836
8.19299,211.119,0.151817,8.19299,211.12,0.151965,8.19299,             29P    837
211.121,0.152177,8.19299,211.121,0.152245,8.19299,211.122,            29P    838
0.152418,8.19299,211.123,0.152527,8.19299,211.124,0.152846,           29P    839
8.19299,211.125,0.153085,8.19299,211.127,0.153855,8.19299,            29P    840
211.129,0.154745,8.19299,211.132,0.156285,8.19299,211.134,            29P    841
0.157409,8.19299,211.135,0.15846,8.19299,211.136,0.159315,            29P    842
8.19299,211.137,0.160638,8.19299,211.139,0.162527,8.19299,            29P    843
211.14,0.16474,8.19299,211.141,0.166419,8.19299,211.142,              29P    844
0.167797,8.19299,211.142,0.169237,8.19299,211.143,0.171466,           29P    845
8.19299,211.143,0.174097,8.19299,211.143,0.176753,8.19299,            29P    846
211.143,0.178853,8.19299,211.143,0.179978,8.19299,211.143,            29P    847
0.18156,8.19299,211.143,0.183049,8.19299,211.142,0.184803,            29P    848
8.19299,211.142,0.185846,8.19299,211.142,0.186458,8.19299,            29P    849
211.141,0.187568,8.19299,211.141,0.188346,8.19299,211.14,             29P    850
0.189584,8.19299,211.14,0.190058,8.19299,211.139,0.190901,            29P    851
8.19299,211.139,0.191274,8.19299,211.138,0.19272,8.19299,             29P    852
211.137,0.193742,8.19299,211.136,0.195023,8.19299,211.136,            29P    853
0.195342,8.19299,211.135,0.195998,8.19299,211.135,0.196332,           29P    854
8.19299,211.134,0.197001,8.19299,211.133,0.197335,8.19299,            29P    855
211.131,0.19909,8.19299,211.129,0.200208,8.19299,211.125,             29P    856
0.201433,8.19299,211.122,0.202213,8.19299,211.118,0.202564,           29P    857
8.19299,211.116,0.202639,8.19299,211.115,0.202689,8.19299,            29P    858
211.113,0.202758,8.19299,211.111,0.202819,8.19299,211.109,            29P    859
0.202891,8.19299,211.107,0.202962,8.19299,211.104,0.203034,           29P    860
8.19299,211.101,0.203126,8.19299,211.096,0.203273,8.19299,            29P    861
211.086,0.203492,8.19299,211.076,0.203646,8.19299,211.068,            29P    862
0.203717,8.19299,211.065,0.203739,8.19299,211.063,0.203748,           29P    863
8.19299,211.061,0.203758,8.19299,211.059,0.203764,8.19299,            29P    864
211.055,0.203766,8.19299,211.051,0.203759,8.19299,211.035,            29P    865
0.203672,8.19299,211.019,0.20333,8.19299,211.004,0.202832,            29P    866
8.19299,211.001,0.202703,8.19299,210.999,0.202637,8.19299,            29P    867
210.997,0.202565,8.19299,210.995,0.2025,8.19299,210.993,              29P    868
0.202415,8.19299,210.99,0.202283,8.19299,210.969,0.201311,            29P    869
8.19299,210.946,0.199853,8.19299,210.924,0.198017,8.19299,            29P    870
210.92,0.197713,8.19299,210.919,0.197567,8.19299,210.917,             29P    871
0.197438,8.19299,210.916,0.197326,8.19299,210.914,0.197139,           29P    872
8.19299,210.886,0.194564,8.19299,210.857,0.191002,8.19299,            29P    873
210.828,0.186677,8.19299,210.825,0.186124,8.19299,210.823,            29P    874
0.185824,8.19299,210.794,0.181313,8.19299,210.764,0.175798,           29P    875
8.19299,210.734,0.169279,8.19299,210.73,0.168517,8.19299,             29P    876
210.728,0.168047,8.19299,210.699,0.161666,8.19299,210.671,            29P    877
0.154585,8.19299,210.642,0.146315,8.19299,210.639,0.145558,           29P    878
8.19299,210.637,0.144779,8.19299,210.635,0.144356,8.19299,            29P    879
210.608,0.136382,8.19299,210.58,0.127588,8.19299,210.553,             29P    880
0.118081,8.19299,210.551,0.117257,8.19299,210.549,0.116466,           29P    881
8.19299,210.546,0.11557,8.19299,210.544,0.114995,8.19299,             29P    882
210.518,0.105331,8.19299,210.491,0.0949237,8.19299,210.464,           29P    883
0.08352,8.19299,210.462,0.0823606,8.19299,210.459,0.0812137,          29P    884
8.19299,210.457,0.0803167,8.19299,210.455,0.0795977,8.19299,          29P    885
210.454,0.07903,8.19299,210.429,0.0679619,8.19299,210.403,            29P    886
0.0560891,8.19299,210.377,0.0431202,8.19299,210.374,0.0417082,        29P    887
8.19299,210.371,0.0401417,8.19299,210.369,0.039131,8.19299,           29P    888
210.368,0.0382885,8.19299,210.367,0.0378535,8.19299,210.342,          29P    889
0.0255681,8.19299,210.318,0.0125212,8.19299,210.292,-0.00152844,      29P    890
8.19299,210.289,-0.00307344,8.19299,210.286,-0.0047208,8.19299,       29P    891
210.284,-0.00577876,8.19299,210.282,-0.00681614,8.19299,210.258,      29P    892
-0.0201321,8.19299,210.233,-0.0338908,8.19299,210.207,                29P    893
-0.0489147,8.19299,210.203,-0.051081,8.19299,210.2,-0.0530452,        29P    894
8.19299,210.198,-0.0540779,8.19299,210.174,-0.0682544,8.19299,        29P    895
210.149,-0.0829962,8.19299,210.124,-0.0989823,8.19299,210.12,         29P    896
-0.101149,8.19299,210.117,-0.103052,8.19299,210.116,-0.104068,        29P    897
8.19299,210.092,-0.119304,8.19299,210.067,-0.135124,8.19299,          29P    898
210.042,-0.152139,8.19299,210.039,-0.154159,8.19299,210.036,          29P    899
-0.155933,8.19299,210.035,-0.156872,8.19299,210.011,-0.173317,        29P    900
8.19299,209.987,-0.19032,8.19299,209.962,-0.208401,8.19299,           29P    901
209.959,-0.210168,8.19299,209.957,-0.211705,8.19299,209.933,          29P    902
-0.229872,8.19299,209.908,-0.248415,8.19299,209.884,-0.267813,        29P    903
8.19299,209.882,-0.269221,8.19299,209.88,-0.270434,8.19299,           29P    904
209.86,-0.286551,8.19299,209.84,-0.302932,8.19299,209.82,             29P    905
-0.319922,8.19299,209.819,-0.320916,8.19299,209.818,-0.321835,        29P    906
8.19299,209.801,-0.335493,8.19299,209.785,-0.349561,8.19299,          29P    907
209.769,-0.363791,8.19299,209.757,-0.374925,8.19299,209.745,          29P    908
-0.385975,8.19299,209.725,-0.404232,8.19299,209.717,-0.411862,        29P    909
8.19299,209.71,-0.41929,8.19299,209.707,-0.411959,8.5316,             29P    910
209.705,-0.414377,8.5316,209.701,-0.421088,8.5316,209.704,            29P    911
-0.428522,8.5316,209.708,-0.433464,8.5316,209.712,-0.435238,          29P    912
8.5316,209.715,-0.435758,8.5316,209.717,-0.435829,8.5316,209.72,      29P    913
-0.435736,8.5316,209.723,-0.434619,8.5316,209.725,-0.432594,          29P    914
8.5316,209.726,-0.432391,8.5316,209.726,-0.431979,8.5316,             29P    915
209.726,-0.431785,8.5316,209.727,-0.431402,8.5316,209.727,            29P    916
-0.431214,8.5316,209.728,-0.430787,8.5316,209.728,-0.430548,          29P    917
8.5316,209.736,-0.424484,8.5316,209.743,-0.418422,8.5316,             29P    918
209.751,-0.412146,8.5316,209.752,-0.411399,8.5316,209.765,            29P    919
-0.401654,8.5316,209.778,-0.391925,8.5316,209.791,-0.382055,          29P    920
8.5316,209.808,-0.369046,8.5316,209.825,-0.356325,8.5316,             29P    921
209.843,-0.34391,8.5316,209.844,-0.342758,8.5316,209.866,             29P    922
-0.32743,8.5316,209.887,-0.312562,8.5316,209.909,-0.297801,           29P    923
8.5316,209.912,-0.296086,8.5316,209.938,-0.278616,8.5316,             29P    924
209.963,-0.262059,8.5316,209.989,-0.246253,8.5316,209.991,            29P    925
-0.244793,8.5316,209.994,-0.242674,8.5316,210.02,-0.226485,           29P    926
8.5316,210.046,-0.211197,8.5316,210.07,-0.197036,8.5316,210.072,      29P    927
-0.196162,8.5316,210.074,-0.194585,8.5316,210.078,-0.19221,           29P    928
8.5316,210.105,-0.177213,8.5316,210.13,-0.16343,8.5316,210.154,       29P    929
-0.15077,8.5316,210.155,-0.150178,8.5316,210.158,-0.148338,           29P    930
8.5316,210.163,-0.145656,8.5316,210.191,-0.131445,8.5316,             29P    931
210.216,-0.11877,8.5316,210.239,-0.107247,8.5316,210.241,             29P    932
-0.106595,8.5316,210.242,-0.105846,8.5316,210.246,-0.104133,          29P    933
8.5316,210.251,-0.101609,8.5316,210.277,-0.0889993,8.5316,            29P    934
210.302,-0.0777495,8.5316,210.325,-0.0674833,8.5316,210.327,          29P    935
-0.0668844,8.5316,210.328,-0.0662154,8.5316,210.33,-0.0654854,        29P    936
8.5316,210.334,-0.0638171,8.5316,210.339,-0.0613916,8.5316,           29P    937
210.366,-0.0498995,8.5316,210.39,-0.039723,8.5316,210.414,            29P    938
-0.0304865,8.5316,210.415,-0.0298525,8.5316,210.417,-0.0291987,       29P    939
8.5316,210.419,-0.0285144,8.5316,210.422,-0.0269904,8.5316,           29P    940
210.428,-0.0247622,8.5316,210.455,-0.0144806,8.5316,210.479,          29P    941
-0.00546147,8.5316,210.502,0.00248202,8.5316,210.503,0.00302391,      29P    942
8.5316,210.505,0.00359837,8.5316,210.507,0.00421677,8.5316,           29P    943
210.509,0.00480737,8.5316,210.512,0.00615214,8.5316,210.518,          29P    944
0.00810863,8.5316,210.545,0.0172262,8.5316,210.57,0.0252011,          29P    945
8.5316,210.593,0.0321964,8.5316,210.594,0.0327508,8.5316,             29P    946
210.596,0.0332887,8.5316,210.598,0.0338264,8.5316,210.6,              29P    947
0.0343005,8.5316,210.603,0.0354092,8.5316,210.609,0.0370272,          29P    948
8.5316,210.636,0.0449352,8.5316,210.661,0.0518237,8.5316,             29P    949
210.685,0.057873,8.5316,210.687,0.0584193,8.5316,210.689,             29P    950
0.0589839,8.5316,210.691,0.0596031,8.5316,210.695,0.0605558,          29P    951
8.5316,210.7,0.0618169,8.5316,210.727,0.0685403,8.5316,210.753,       29P    952
0.0743805,8.5316,210.777,0.0794673,8.5316,210.778,0.0797522,          29P    953
8.5316,210.78,0.0801627,8.5316,210.782,0.0806208,8.5316,210.784,      29P    954
0.081081,8.5316,210.788,0.0817467,8.5316,210.792,0.0826605,           29P    955
8.5316,210.82,0.0882718,8.5316,210.846,0.0931625,8.5316,210.87,       29P    956
0.0974199,8.5316,210.872,0.0977036,8.5316,210.874,0.0980634,          29P    957
8.5316,210.876,0.0984062,8.5316,210.878,0.0987056,8.5316,210.88,      29P    958
0.0991136,8.5316,210.884,0.0997243,8.5316,210.912,0.104297,           29P    959
8.5316,210.939,0.108295,8.5316,210.965,0.111728,8.5316,210.967,       29P    960
0.111993,8.5316,210.969,0.112309,8.5316,210.972,0.112722,8.5316,      29P    961
210.976,0.113218,8.5316,210.999,0.11611,8.5316,211.022,0.118671,      29P    962
8.5316,211.044,0.120828,8.5316,211.046,0.121052,8.5316,211.048,       29P    963
0.121248,8.5316,211.05,0.121423,8.5316,211.052,0.121574,8.5316,       29P    964
211.054,0.121752,8.5316,211.071,0.123373,8.5316,211.089,              29P    965
0.124868,8.5316,211.107,0.126204,8.5316,211.11,0.126398,8.5316,       29P    966
211.112,0.12652,8.5316,211.113,0.126622,8.5316,211.114,0.126713,      29P    967
8.5316,211.116,0.126811,8.5316,211.13,0.127815,8.5316,211.143,        29P    968
0.128755,8.5316,211.158,0.129563,8.5316,211.16,0.129688,8.5316,       29P    969
211.162,0.129794,8.5316,211.17,0.13021,8.5316,211.176,0.13054,        29P    970
8.5316,211.185,0.130894,8.5316,211.186,0.130959,8.5316,211.188,       29P    971
0.131058,8.5316,211.189,0.131094,8.5316,211.19,0.131144,8.5316,       29P    972
211.191,0.131172,8.5316,211.192,0.131267,8.5316,211.192,              29P    973
0.131346,8.5316,211.194,0.131617,8.5316,211.195,0.131844,8.5316,      29P    974
211.197,0.132623,8.5316,211.199,0.133587,8.5316,211.202,              29P    975
0.135322,8.5316,211.204,0.136603,8.5316,211.205,0.137806,8.5316,      29P    976
211.206,0.138786,8.5316,211.207,0.140307,8.5316,211.209,              29P    977
0.142466,8.5316,211.21,0.144936,8.5316,211.211,0.14678,8.5316,        29P    978
211.211,0.148282,8.5316,211.212,0.149839,8.5316,211.212,              29P    979
0.152225,8.5316,211.212,0.155007,8.5316,211.212,0.157773,8.5316,      29P    980
211.212,0.159938,8.5316,211.211,0.161088,8.5316,211.211,              29P    981
0.162699,8.5316,211.21,0.164204,8.5316,211.209,0.165948,8.5316,       29P    982
211.209,0.166976,8.5316,211.208,0.167572,8.5316,211.208,              29P    983
0.168649,8.5316,211.207,0.169391,8.5316,211.206,0.170553,8.5316,      29P    984
211.206,0.170992,8.5316,211.205,0.171762,8.5316,211.205,              29P    985
0.172098,8.5316,211.203,0.173386,8.5316,211.202,0.174259,8.5316,      29P    986
211.201,0.175294,8.5316,211.2,0.175548,8.5316,211.199,0.176055,       29P    987
8.5316,211.199,0.176306,8.5316,211.198,0.176791,8.5316,211.197,       29P    988
0.177028,8.5316,211.194,0.17822,8.5316,211.192,0.178717,8.5316,       29P    989
211.188,0.178618,8.5316,211.184,0.178671,8.5316,211.181,              29P    990
0.179027,8.5316,211.179,0.179345,8.5316,211.177,0.179561,8.5316,      29P    991
211.175,0.179863,8.5316,211.173,0.180139,8.5316,211.171,              29P    992
0.180468,8.5316,211.169,0.180805,8.5316,211.166,0.18116,8.5316,       29P    993
211.163,0.181622,8.5316,211.157,0.182401,8.5316,211.147,              29P    994
0.183722,8.5316,211.137,0.184933,8.5316,211.129,0.18581,8.5316,       29P    995
211.125,0.186186,8.5316,211.124,0.186375,8.5316,211.121,              29P    996
0.186626,8.5316,211.119,0.186859,8.5316,211.115,0.187199,8.5316,      29P    997
211.111,0.187643,8.5316,211.094,0.189121,8.5316,211.077,              29P    998
0.190392,8.5316,211.062,0.191304,8.5316,211.058,0.191512,8.5316,      29P    999
211.057,0.191611,8.5316,211.055,0.191717,8.5316,211.053,              29P   1000
0.191805,8.5316,211.051,0.191917,8.5316,211.048,0.192081,8.5316,      29P   1001
211.025,0.193159,8.5316,211.001,0.193764,8.5316,210.978,              29P   1002
0.193761,8.5316,210.975,0.193747,8.5316,210.973,0.193738,8.5316,      29P   1003
210.971,0.193728,8.5316,210.97,0.193718,8.5316,210.968,0.1937,        29P   1004
8.5316,210.939,0.193395,8.5316,210.908,0.192032,8.5316,210.878,       29P   1005
0.18977,8.5316,210.874,0.189475,8.5316,210.872,0.189313,8.5316,       29P   1006
210.842,0.186855,8.5316,210.81,0.183329,8.5316,210.778,0.178626,      29P   1007
8.5316,210.775,0.178072,8.5316,210.772,0.177728,8.5316,210.742,       29P   1008
0.17304,8.5316,210.712,0.167434,8.5316,210.681,0.160575,8.5316,       29P   1009
210.679,0.159946,8.5316,210.676,0.159296,8.5316,210.674,              29P   1010
0.158941,8.5316,210.645,0.15227,8.5316,210.616,0.144666,8.5316,       29P   1011
210.587,0.136285,8.5316,210.585,0.135557,8.5316,210.582,              29P   1012
0.134858,8.5316,210.58,0.134064,8.5316,210.578,0.133555,8.5316,       29P   1013
210.55,0.124977,8.5316,210.522,0.115527,8.5316,210.493,0.105025,      29P   1014
8.5316,210.49,0.103957,8.5316,210.487,0.102898,8.5316,210.485,        29P   1015
0.10207,8.5316,210.483,0.101406,8.5316,210.482,0.100881,8.5316,       29P   1016
210.455,0.0906425,8.5316,210.428,0.0795254,8.5316,210.401,            29P   1017
0.0672029,8.5316,210.398,0.0658597,8.5316,210.394,0.0643676,          29P   1018
8.5316,210.392,0.0634041,8.5316,210.39,0.0626002,8.5316,210.39,       29P   1019
0.062185,8.5316,210.364,0.050455,8.5316,210.337,0.0378326,            29P   1020
8.5316,210.31,0.0240433,8.5316,210.307,0.0225248,8.5316,210.304,      29P   1021
0.0209041,8.5316,210.302,0.0198626,8.5316,210.3,0.0188403,            29P   1022
8.5316,210.274,0.00571312,8.5316,210.248,-0.00801279,8.5316,          29P   1023
210.221,-0.0231228,8.5316,210.217,-0.0253036,8.5316,210.213,          29P   1024
-0.0272828,8.5316,210.211,-0.0283239,8.5316,210.186,-0.0426189,       29P   1025
8.5316,210.16,-0.0575962,8.5316,210.134,-0.0739589,8.5316,            29P   1026
210.13,-0.0761787,8.5316,210.127,-0.0781293,8.5316,210.125,           29P   1027
-0.0791708,8.5316,210.1,-0.0948007,8.5316,210.074,-0.111143,          29P   1028
8.5316,210.048,-0.128858,8.5316,210.045,-0.130962,8.5316,             29P   1029
210.042,-0.132813,8.5316,210.041,-0.133793,8.5316,210.016,            29P   1030
-0.150946,8.5316,209.991,-0.168801,8.5316,209.965,-0.187823,          29P   1031
8.5316,209.963,-0.189682,8.5316,209.96,-0.1913,8.5316,209.935,        29P   1032
-0.210419,8.5316,209.91,-0.229971,8.5316,209.884,-0.250512,           29P   1033
8.5316,209.883,-0.252003,8.5316,209.881,-0.253289,8.5316,209.86,      29P   1034
-0.270366,8.5316,209.84,-0.287788,8.5316,209.819,-0.305982,           29P   1035
8.5316,209.818,-0.307041,8.5316,209.817,-0.308026,8.5316,209.8,       29P   1036
-0.322652,8.5316,209.784,-0.337728,8.5316,209.767,-0.352902,          29P   1037
8.5316,209.755,-0.364768,8.5316,209.742,-0.376531,8.5316,             29P   1038
209.723,-0.39593,8.5316,209.715,-0.404037,8.5316,209.707,             29P   1039
-0.411959,8.5316,209.699,-0.416886,9.06845,209.697,-0.419474,         29P   1040
9.06845,209.694,-0.426742,9.06845,209.697,-0.434718,9.06845,          29P   1041
209.702,-0.439984,9.06845,209.706,-0.441815,9.06845,209.709,          29P   1042
-0.441896,9.06845,209.711,-0.441835,9.06845,209.714,-0.441397,        29P   1043
9.06845,209.717,-0.440155,9.06845,209.719,-0.438487,9.06845,          29P   1044
209.719,-0.438117,9.06845,209.72,-0.437689,9.06845,209.72,            29P   1045
-0.437487,9.06845,209.721,-0.43709,9.06845,209.721,-0.436895,         29P   1046
9.06845,209.721,-0.436453,9.06845,209.722,-0.436206,9.06845,          29P   1047
209.73,-0.429935,9.06845,209.738,-0.423782,9.06845,209.747,           29P   1048
-0.417353,9.06845,209.748,-0.416588,9.06845,209.761,-0.406593,        29P   1049
9.06845,209.775,-0.396532,9.06845,209.788,-0.386376,9.06845,          29P   1050
209.807,-0.372959,9.06845,209.825,-0.359985,9.06845,209.844,          29P   1051
-0.347274,9.06845,209.845,-0.346096,9.06845,209.868,-0.330468,        29P   1052
9.06845,209.89,-0.31515,9.06845,209.914,-0.299892,9.06845,            29P   1053
209.916,-0.29811,9.06845,209.944,-0.280068,9.06845,209.971,           29P   1054
-0.26289,9.06845,209.997,-0.246571,9.06845,210.,-0.245063,            29P   1055
9.06845,210.003,-0.242851,9.06845,210.031,-0.226152,9.06845,          29P   1056
210.058,-0.210463,9.06845,210.083,-0.195842,9.06845,210.085,          29P   1057
-0.194939,9.06845,210.088,-0.193316,9.06845,210.092,-0.190862,        29P   1058
9.06845,210.12,-0.175342,9.06845,210.146,-0.160974,9.06845,           29P   1059
210.171,-0.147778,9.06845,210.172,-0.147162,9.06845,210.176,          29P   1060
-0.145243,9.06845,210.181,-0.142448,9.06845,210.21,-0.127641,         29P   1061
9.06845,210.236,-0.114439,9.06845,210.261,-0.102388,9.06845,          29P   1062
210.262,-0.101705,9.06845,210.264,-0.100921,9.06845,210.268,          29P   1063
-0.0991292,9.06845,210.273,-0.0964855,9.06845,210.301,                29P   1064
-0.0832701,9.06845,210.326,-0.0714305,9.06845,210.351,-0.060622,      29P   1065
9.06845,210.352,-0.0599913,9.06845,210.354,-0.059287,9.06845,         29P   1066
210.355,-0.0585184,9.06845,210.359,-0.0567619,9.06845,210.365,        29P   1067
-0.0542081,9.06845,210.393,-0.0421072,9.06845,210.419,                29P   1068
-0.0313817,9.06845,210.443,-0.0216089,9.06845,210.445,                29P   1069
-0.0209379,9.06845,210.447,-0.0202458,9.06845,210.448,                29P   1070
-0.0195214,9.06845,210.452,-0.0179075,9.06845,210.458,                29P   1071
-0.0155464,9.06845,210.486,-0.00464254,9.06845,210.512,               29P   1072
0.00494932,9.06845,210.536,0.0133622,9.06845,210.537,0.013936,        29P   1073
9.06845,210.539,0.0145442,9.06845,210.541,0.0151985,9.06845,          29P   1074
210.542,0.0158235,9.06845,210.547,0.0172461,9.06845,210.552,          29P   1075
0.0193141,9.06845,210.581,0.0289403,9.06845,210.606,0.0373138,        29P   1076
9.06845,210.631,0.0446408,9.06845,210.632,0.0452214,9.06845,          29P   1077
210.634,0.0457847,9.06845,210.636,0.0463474,9.06845,210.638,          29P   1078
0.0468438,9.06845,210.642,0.0480044,9.06845,210.647,0.0496976,        29P   1079
9.06845,210.676,0.0579528,9.06845,210.702,0.0651438,9.06845,          29P   1080
210.727,0.0714303,9.06845,210.729,0.0719979,9.06845,210.731,          29P   1081
0.0725842,9.06845,210.734,0.0732268,9.06845,210.738,0.0742156,        29P   1082
9.06845,210.743,0.0755413,9.06845,210.772,0.0824939,9.06845,          29P   1083
210.798,0.0884977,9.06845,210.823,0.0936814,9.06845,210.825,          29P   1084
0.0939716,9.06845,210.827,0.0943896,9.06845,210.829,0.0948558,        29P   1085
9.06845,210.831,0.0953235,9.06845,210.835,0.0960002,9.06845,          29P   1086
210.839,0.0969388,9.06845,210.868,0.102662,9.06845,210.896,           29P   1087
0.107542,9.06845,210.922,0.111633,9.06845,210.924,0.111905,           29P   1088
9.06845,210.926,0.11225,9.06845,210.928,0.112577,9.06845,210.93,      29P   1089
0.112862,9.06845,210.932,0.11325,9.06845,210.936,0.113828,            29P   1090
9.06845,210.965,0.118111,9.06845,210.993,0.121676,9.06845,            29P   1091
211.021,0.124632,9.06845,211.023,0.12486,9.06845,211.025,             29P   1092
0.125131,9.06845,211.029,0.125485,9.06845,211.033,0.125907,           29P   1093
9.06845,211.056,0.128333,9.06845,211.08,0.13041,9.06845,211.103,      29P   1094
0.132027,9.06845,211.105,0.132193,9.06845,211.108,0.132338,           29P   1095
9.06845,211.11,0.132466,9.06845,211.111,0.132577,9.06845,             29P   1096
211.113,0.132706,9.06845,211.132,0.133889,9.06845,211.151,            29P   1097
0.134839,9.06845,211.169,0.135497,9.06845,211.172,0.135589,           29P   1098
9.06845,211.174,0.135645,9.06845,211.175,0.135692,9.06845,            29P   1099
211.177,0.135732,9.06845,211.178,0.135775,9.06845,211.193,            29P   1100
0.136205,9.06845,211.207,0.136487,9.06845,211.222,0.136615,           29P   1101
9.06845,211.225,0.136633,9.06845,211.227,0.136646,9.06845,            29P   1102
211.235,0.136689,9.06845,211.243,0.136687,9.06845,211.251,            29P   1103
0.136631,9.06845,211.253,0.136618,9.06845,211.255,0.136593,           29P   1104
9.06845,211.256,0.136584,9.06845,211.257,0.136569,9.06845,            29P   1105
211.257,0.136567,9.06845,211.258,0.136581,9.06845,211.258,            29P   1106
0.136603,9.06845,211.26,0.136743,9.06845,211.26,0.136894,             29P   1107
9.06845,211.263,0.13748,9.06845,211.265,0.138344,9.06845,             29P   1108
211.268,0.140068,9.06845,211.27,0.141391,9.06845,211.271,             29P   1109
0.142658,9.06845,211.272,0.143699,9.06845,211.274,0.145289,           29P   1110
9.06845,211.275,0.147535,9.06845,211.277,0.150135,9.06845,            29P   1111
211.277,0.152085,9.06845,211.278,0.153673,9.06845,211.278,            29P   1112
0.15532,9.06845,211.278,0.157837,9.06845,211.278,0.160754,            29P   1113
9.06845,211.278,0.163618,9.06845,211.277,0.165824,9.06845,            29P   1114
211.277,0.166979,9.06845,211.276,0.168583,9.06845,211.275,            29P   1115
0.170057,9.06845,211.274,0.171709,9.06845,211.273,0.172664,           29P   1116
9.06845,211.273,0.17321,9.06845,211.272,0.174188,9.06845,             29P   1117
211.271,0.174849,9.06845,211.27,0.175856,9.06845,211.269,             29P   1118
0.17623,9.06845,211.269,0.176873,9.06845,211.268,0.177148,            29P   1119
9.06845,211.266,0.178181,9.06845,211.265,0.178833,9.06845,            29P   1120
211.263,0.179527,9.06845,211.263,0.179688,9.06845,211.262,            29P   1121
0.179991,9.06845,211.261,0.180133,9.06845,211.26,0.180388,            29P   1122
9.06845,211.26,0.180475,9.06845,211.257,0.180817,9.06845,             29P   1123
211.254,0.181241,9.06845,211.25,0.182256,9.06845,211.246,             29P   1124
0.183011,9.06845,211.243,0.183657,9.06845,211.241,0.184017,           29P   1125
9.06845,211.239,0.184261,9.06845,211.237,0.184605,9.06845,            29P   1126
211.235,0.184921,9.06845,211.233,0.185299,9.06845,211.231,            29P   1127
0.185688,9.06845,211.228,0.186102,9.06845,211.225,0.186643,           29P   1128
9.06845,211.219,0.187565,9.06845,211.208,0.189174,9.06845,            29P   1129
211.197,0.190696,9.06845,211.189,0.191824,9.06845,211.185,            29P   1130
0.192312,9.06845,211.183,0.192558,9.06845,211.181,0.192885,           29P   1131
9.06845,211.178,0.193191,9.06845,211.175,0.19364,9.06845,211.17,      29P   1132
0.194227,9.06845,211.153,0.196195,9.06845,211.135,0.197938,           29P   1133
9.06845,211.119,0.199237,9.06845,211.116,0.199535,9.06845,            29P   1134
211.114,0.199678,9.06845,211.112,0.199831,9.06845,211.11,             29P   1135
0.19996,9.06845,211.108,0.200123,9.06845,211.104,0.200365,            29P   1136
9.06845,211.081,0.20196,9.06845,211.056,0.203052,9.06845,             29P   1137
211.032,0.203518,9.06845,211.028,0.20358,9.06845,211.027,             29P   1138
0.203606,9.06845,211.025,0.203628,9.06845,211.024,0.203645,           29P   1139
9.06845,211.021,0.203671,9.06845,210.991,0.203973,9.06845,            29P   1140
210.959,0.203285,9.06845,210.927,0.201584,9.06845,210.923,            29P   1141
0.201358,9.06845,210.921,0.201233,9.06845,210.889,0.199323,           29P   1142
9.06845,210.856,0.196297,9.06845,210.823,0.192091,9.06845,            29P   1143
210.819,0.191593,9.06845,210.816,0.191285,9.06845,210.784,            29P   1144
0.187066,9.06845,210.753,0.181951,9.06845,210.721,0.175568,           29P   1145
9.06845,210.718,0.174981,9.06845,210.715,0.174377,9.06845,            29P   1146
210.713,0.174047,9.06845,210.683,0.167816,9.06845,210.652,            29P   1147
0.160603,9.06845,210.622,0.152484,9.06845,210.619,0.151779,           29P   1148
9.06845,210.617,0.151102,9.06845,210.614,0.150335,9.06845,            29P   1149
210.612,0.149843,9.06845,210.582,0.141534,9.06845,210.553,            29P   1150
0.132372,9.06845,210.523,0.122078,9.06845,210.52,0.12103,             29P   1151
9.06845,210.517,0.119991,9.06845,210.514,0.119177,9.06845,            29P   1152
210.512,0.118525,9.06845,210.511,0.118009,9.06845,210.483,            29P   1153
0.107942,9.06845,210.454,0.0969077,9.06845,210.425,0.0846647,         29P   1154
9.06845,210.422,0.08333,9.06845,210.418,0.0818472,9.06845,            29P   1155
210.416,0.0808896,9.06845,210.414,0.0800907,9.06845,210.413,          29P   1156
0.0796782,9.06845,210.386,0.0680219,9.06845,210.358,0.0554664,        29P   1157
9.06845,210.329,0.0415847,9.06845,210.326,0.0400541,9.06845,          29P   1158
210.323,0.0384186,9.06845,210.32,0.0373666,9.06845,210.318,           29P   1159
0.0363339,9.06845,210.291,0.023066,9.06845,210.264,0.00904685,        29P   1160
9.06845,210.235,-0.00653295,9.06845,210.231,-0.0087838,9.06845,       29P   1161
210.227,-0.0108282,9.06845,210.225,-0.0119044,9.06845,210.198,        29P   1162
-0.0266868,9.06845,210.171,-0.0422992,9.06845,210.143,                29P   1163
-0.0593852,9.06845,210.14,-0.0617035,9.06845,210.136,-0.0637401,      29P   1164
9.06845,210.134,-0.064828,9.06845,210.108,-0.081154,9.06845,          29P   1165
210.081,-0.098241,9.06845,210.054,-0.116786,9.06845,210.051,          29P   1166
-0.118988,9.06845,210.048,-0.120918,9.06845,210.046,-0.121944,        29P   1167
9.06845,210.02,-0.139909,9.06845,209.994,-0.158646,9.06845,           29P   1168
209.967,-0.178734,9.06845,209.964,-0.180697,9.06845,209.962,          29P   1169
-0.182401,9.06845,209.935,-0.202605,9.06845,209.909,-0.223377,        29P   1170
9.06845,209.883,-0.24519,9.06845,209.881,-0.246774,9.06845,           29P   1171
209.879,-0.248135,9.06845,209.858,-0.266262,9.06845,209.837,          29P   1172
-0.284732,9.06845,209.815,-0.303866,9.06845,209.814,-0.305009,        29P   1173
9.06845,209.813,-0.306045,9.06845,209.796,-0.32143,9.06845,           29P   1174
209.779,-0.337279,9.06845,209.762,-0.353625,9.06845,209.749,          29P   1175
-0.366425,9.06845,209.736,-0.379007,9.06845,209.716,-0.399983,        29P   1176
9.06845,209.707,-0.408734,9.06845,209.699,-0.416886,9.06845,          29P   1177
209.702,-0.435112,9.65965,209.7,-0.437817,9.65965,209.697,            29P   1178
-0.445187,9.65965,209.7,-0.453393,9.65965,209.705,-0.458616,          29P   1179
9.65965,209.709,-0.460356,9.65965,209.713,-0.460679,9.65965,          29P   1180
209.714,-0.460696,9.65965,209.717,-0.46048,9.65965,209.72,            29P   1181
-0.459372,9.65965,209.723,-0.457534,9.65965,209.723,-0.457252,        29P   1182
9.65965,209.724,-0.456819,9.65965,209.724,-0.456614,9.65965,          29P   1183
209.725,-0.456212,9.65965,209.725,-0.456014,9.65965,209.725,          29P   1184
-0.455565,9.65965,209.726,-0.455315,9.65965,209.734,-0.448941,        29P   1185
9.65965,209.742,-0.442601,9.65965,209.751,-0.436067,9.65965,          29P   1186
209.752,-0.435291,9.65965,209.766,-0.425143,9.65965,209.78,           29P   1187
-0.414939,9.65965,209.794,-0.404596,9.65965,209.813,-0.391063,        29P   1188
9.65965,209.832,-0.377694,9.65965,209.851,-0.364607,9.65965,          29P   1189
209.852,-0.36339,9.65965,209.876,-0.347031,9.65965,209.899,           29P   1190
-0.331287,9.65965,209.923,-0.315618,9.65965,209.926,-0.31382,         29P   1191
9.65965,209.954,-0.295195,9.65965,209.982,-0.277559,9.65965,          29P   1192
210.009,-0.260651,9.65965,210.012,-0.259091,9.65965,210.015,          29P   1193
-0.25689,9.65965,210.043,-0.239571,9.65965,210.07,-0.223132,          29P   1194
9.65965,210.097,-0.207816,9.65965,210.098,-0.20687,9.65965,           29P   1195
210.101,-0.205148,9.65965,210.106,-0.202577,9.65965,210.134,          29P   1196
-0.18632,9.65965,210.161,-0.171269,9.65965,210.186,-0.157362,         29P   1197
9.65965,210.187,-0.156713,9.65965,210.191,-0.15469,9.65965,           29P   1198
210.197,-0.151741,9.65965,210.226,-0.136096,9.65965,210.252,          29P   1199
-0.122067,9.65965,210.278,-0.109266,9.65965,210.279,-0.108541,        29P   1200
9.65965,210.281,-0.107709,9.65965,210.285,-0.105806,9.65965,          29P   1201
210.29,-0.102998,9.65965,210.318,-0.0889644,9.65965,210.345,          29P   1202
-0.0763733,9.65965,210.369,-0.0647398,9.65965,210.371,                29P   1203
-0.0640607,9.65965,210.372,-0.0633019,9.65965,210.374,                29P   1204
-0.0624732,9.65965,210.378,-0.0605781,9.65965,210.384,                29P   1205
-0.0578175,9.65965,210.412,-0.0447039,9.65965,210.438,                29P   1206
-0.0329425,9.65965,210.463,-0.0222249,9.65965,210.465,-0.021489,      29P   1207
9.65965,210.467,-0.0207301,9.65965,210.468,-0.0199356,9.65965,        29P   1208
210.473,-0.018166,9.65965,210.479,-0.0155771,9.65965,210.507,         29P   1209
-0.00362229,9.65965,210.533,0.00690948,9.65965,210.557,               29P   1210
0.0162487,9.65965,210.559,0.0168859,9.65965,210.56,0.0175618,         29P   1211
9.65965,210.562,0.01829,9.65965,210.564,0.0189853,9.65965,            29P   1212
210.568,0.0205691,9.65965,210.574,0.022876,9.65965,210.603,           29P   1213
0.0336417,9.65965,210.629,0.0431325,9.65965,210.654,0.0514975,        29P   1214
9.65965,210.656,0.0521605,9.65965,210.657,0.0528042,9.65965,          29P   1215
210.659,0.0534483,9.65965,210.661,0.0540158,9.65965,210.665,          29P   1216
0.0553432,9.65965,210.671,0.0572818,9.65965,210.7,0.0668166,          29P   1217
9.65965,210.727,0.0751487,9.65965,210.752,0.0825425,9.65965,          29P   1218
210.754,0.0832105,9.65965,210.756,0.0839015,9.65965,210.759,          29P   1219
0.0846606,9.65965,210.763,0.0858284,9.65965,210.768,0.0873295,        29P   1220
9.65965,210.797,0.0956317,9.65965,210.825,0.102906,9.65965,           29P   1221
210.85,0.109266,9.65965,210.851,0.109622,9.65965,210.854,             29P   1222
0.110136,9.65965,210.856,0.110709,9.65965,210.858,0.111285,           29P   1223
9.65965,210.862,0.112118,9.65965,210.866,0.113234,9.65965,            29P   1224
210.895,0.120166,9.65965,210.923,0.126324,9.65965,210.949,            29P   1225
0.131752,9.65965,210.951,0.132113,9.65965,210.953,0.132573,           29P   1226
9.65965,210.956,0.133011,9.65965,210.958,0.133394,9.65965,            29P   1227
210.96,0.133916,9.65965,210.964,0.134698,9.65965,210.994,             29P   1228
0.140614,9.65965,211.023,0.145802,9.65965,211.051,0.150207,           29P   1229
9.65965,211.053,0.150547,9.65965,211.055,0.150952,9.65965,            29P   1230
211.059,0.151481,9.65965,211.063,0.152116,9.65965,211.088,            29P   1231
0.155881,9.65965,211.113,0.159138,9.65965,211.136,0.161965,           29P   1232
9.65965,211.139,0.162259,9.65965,211.141,0.162517,9.65965,            29P   1233
211.143,0.162747,9.65965,211.144,0.162949,9.65965,211.146,            29P   1234
0.163184,9.65965,211.165,0.165301,9.65965,211.185,0.167378,           29P   1235
9.65965,211.204,0.169092,9.65965,211.207,0.169337,9.65965,            29P   1236
211.208,0.16949,9.65965,211.21,0.169619,9.65965,211.211,              29P   1237
0.169732,9.65965,211.213,0.169853,9.65965,211.227,0.171081,           29P   1238
9.65965,211.242,0.172098,9.65965,211.257,0.173082,9.65965,            29P   1239
211.259,0.173238,9.65965,211.261,0.173371,9.65965,211.27,             29P   1240
0.173904,9.65965,211.277,0.174359,9.65965,211.286,0.174888,           29P   1241
9.65965,211.288,0.174987,9.65965,211.29,0.175143,9.65965,             29P   1242
211.291,0.175199,9.65965,211.293,0.175279,9.65965,211.293,            29P   1243
0.175306,9.65965,211.295,0.175369,9.65965,211.295,0.175403,           29P   1244
9.65965,211.297,0.175449,9.65965,211.298,0.175562,9.65965,211.3,      29P   1245
0.176113,9.65965,211.303,0.176873,9.65965,211.306,0.178365,           29P   1246
9.65965,211.307,0.17951,9.65965,211.309,0.180612,9.65965,211.31,      29P   1247
0.181527,9.65965,211.311,0.183048,9.65965,211.313,0.185319,           29P   1248
9.65965,211.314,0.187961,9.65965,211.315,0.189948,9.65965,            29P   1249
211.315,0.19157,9.65965,211.315,0.193254,9.65965,211.316,             29P   1250
0.195835,9.65965,211.316,0.198839,9.65965,211.315,0.201772,           29P   1251
9.65965,211.314,0.20401,9.65965,211.314,0.205172,9.65965,             29P   1252
211.313,0.206778,9.65965,211.312,0.208234,9.65965,211.311,            29P   1253
0.209834,9.65965,211.31,0.210748,9.65965,211.309,0.211255,            29P   1254
9.65965,211.308,0.212149,9.65965,211.308,0.212727,9.65965,            29P   1255
211.306,0.213587,9.65965,211.306,0.2139,9.65965,211.305,              29P   1256
0.214432,9.65965,211.305,0.214659,9.65965,211.303,0.215502,           29P   1257
9.65965,211.302,0.216013,9.65965,211.3,0.21653,9.65965,211.299,       29P   1258
0.21665,9.65965,211.298,0.216876,9.65965,211.298,0.216967,            29P   1259
9.65965,211.297,0.217096,9.65965,211.296,0.217209,9.65965,            29P   1260
211.292,0.217698,9.65965,211.29,0.218026,9.65965,211.285,             29P   1261
0.218517,9.65965,211.281,0.21891,9.65965,211.278,0.219317,            29P   1262
9.65965,211.275,0.219572,9.65965,211.274,0.219745,9.65965,            29P   1263
211.272,0.219987,9.65965,211.27,0.220207,9.65965,211.267,             29P   1264
0.22047,9.65965,211.265,0.220739,9.65965,211.262,0.221023,            29P   1265
9.65965,211.258,0.221394,9.65965,211.252,0.222015,9.65965,            29P   1266
211.242,0.223057,9.65965,211.231,0.224041,9.65965,211.222,            29P   1267
0.22476,9.65965,211.219,0.225068,9.65965,211.217,0.225223,            29P   1268
9.65965,211.214,0.225427,9.65965,211.211,0.225617,9.65965,            29P   1269
211.208,0.225893,9.65965,211.203,0.22625,9.65965,211.185,             29P   1270
0.227441,9.65965,211.166,0.228368,9.65965,211.15,0.228952,            29P   1271
9.65965,211.146,0.22908,9.65965,211.144,0.22914,9.65965,211.142,      29P   1272
0.229203,9.65965,211.14,0.229254,9.65965,211.138,0.229318,            29P   1273
9.65965,211.134,0.229409,9.65965,211.11,0.229985,9.65965,             29P   1274
211.084,0.230017,9.65965,211.059,0.229497,9.65965,211.056,            29P   1275
0.229401,9.65965,211.054,0.229353,9.65965,211.052,0.22931,            29P   1276
9.65965,211.051,0.229272,9.65965,211.048,0.229205,9.65965,            29P   1277
211.017,0.228264,9.65965,210.985,0.22632,9.65965,210.952,             29P   1278
0.223453,9.65965,210.948,0.223081,9.65965,210.946,0.222879,           29P   1279
9.65965,210.913,0.219797,9.65965,210.879,0.215637,9.65965,            29P   1280
210.845,0.210294,9.65965,210.841,0.209665,9.65965,210.839,            29P   1281
0.209275,9.65965,210.806,0.203997,9.65965,210.774,0.197822,           29P   1282
9.65965,210.741,0.190441,9.65965,210.738,0.189764,9.65965,            29P   1283
210.735,0.189061,9.65965,210.733,0.188679,9.65965,210.702,            29P   1284
0.181526,9.65965,210.671,0.1735,9.65965,210.64,0.164615,9.65965,      29P   1285
210.637,0.163843,9.65965,210.635,0.163101,9.65965,210.632,            29P   1286
0.162255,9.65965,210.63,0.161711,9.65965,210.599,0.152624,            29P   1287
9.65965,210.569,0.142671,9.65965,210.538,0.131716,9.65965,            29P   1288
210.535,0.130602,9.65965,210.532,0.129499,9.65965,210.53,             29P   1289
0.128636,9.65965,210.528,0.127944,9.65965,210.527,0.127397,           29P   1290
9.65965,210.497,0.116734,9.65965,210.468,0.105217,9.65965,            29P   1291
210.438,0.0923786,9.65965,210.435,0.0909785,9.65965,210.432,          29P   1292
0.0894229,9.65965,210.429,0.0884183,9.65965,210.427,0.0875793,        29P   1293
9.65965,210.426,0.0871457,9.65965,210.398,0.0748969,9.65965,          29P   1294
210.37,0.0616256,9.65965,210.34,0.0469862,9.65965,210.337,            29P   1295
0.0453725,9.65965,210.334,0.04365,9.65965,210.332,0.0425429,          29P   1296
9.65965,210.329,0.0414547,9.65965,210.302,0.0274759,9.65965,          29P   1297
210.274,0.0127466,9.65965,210.244,-0.00359177,9.65965,210.24,         29P   1298
-0.00595184,9.65965,210.236,-0.00809715,9.65965,210.234,              29P   1299
-0.00922548,9.65965,210.207,-0.024721,9.65965,210.18,-0.0410715,      29P   1300
9.65965,210.151,-0.0590083,9.65965,210.147,-0.0614428,9.65965,        29P   1301
210.144,-0.0635844,9.65965,210.142,-0.0647274,9.65965,210.115,        29P   1302
-0.081879,9.65965,210.088,-0.0998656,9.65965,210.06,-0.119417,        29P   1303
9.65965,210.057,-0.12174,9.65965,210.054,-0.123806,9.65965,           29P   1304
210.052,-0.124888,9.65965,210.025,-0.143836,9.65965,209.999,          29P   1305
-0.163619,9.65965,209.972,-0.184727,9.65965,209.969,-0.186792,        29P   1306
9.65965,209.967,-0.188606,9.65965,209.94,-0.209853,9.65965,           29P   1307
209.913,-0.231619,9.65965,209.887,-0.254542,9.65965,209.885,          29P   1308
-0.256209,9.65965,209.883,-0.257657,9.65965,209.861,-0.276737,        29P   1309
9.65965,209.84,-0.296249,9.65965,209.819,-0.316399,9.65965,           29P   1310
209.817,-0.317497,9.65965,209.816,-0.318588,9.65965,209.799,          29P   1311
-0.334802,9.65965,209.782,-0.351729,9.65965,209.765,-0.368748,        29P   1312
9.65965,209.752,-0.381998,9.65965,209.739,-0.395222,9.65965,          29P   1313
209.719,-0.416884,9.65965,209.71,-0.426072,9.65965,209.702,           29P   1314
-0.435112,9.65965,209.698,-0.448903,10.217,209.696,-0.451766,         29P   1315
10.217,209.693,-0.459665,10.217,209.696,-0.46797,10.217,209.702,      29P   1316
-0.473356,10.217,209.705,-0.475193,10.217,209.709,-0.475428,          29P   1317
10.217,209.711,-0.475407,10.217,209.714,-0.475058,10.217,             29P   1318
209.717,-0.473793,10.217,209.72,-0.471982,10.217,209.72,              29P   1319
-0.471779,10.217,209.721,-0.471341,10.217,209.721,-0.471135,          29P   1320
10.217,209.721,-0.47073,10.217,209.722,-0.470531,10.217,209.722,      29P   1321
-0.47008,10.217,209.723,-0.469828,10.217,209.731,-0.463424,           29P   1322
10.217,209.74,-0.457065,10.217,209.749,-0.450475,10.217,209.75,       29P   1323
-0.449691,10.217,209.764,-0.43945,10.217,209.778,-0.429201,           29P   1324
10.217,209.793,-0.418713,10.217,209.812,-0.405002,10.217,             29P   1325
209.832,-0.391449,10.217,209.851,-0.378172,10.217,209.853,            29P   1326
-0.37694,10.217,209.877,-0.360464,10.217,209.901,-0.344467,           29P   1327
10.217,209.925,-0.328494,10.217,209.928,-0.326552,10.217,             29P   1328
209.956,-0.307891,10.217,209.985,-0.28984,10.217,210.013,             29P   1329
-0.272582,10.217,210.015,-0.270979,10.217,210.019,-0.268418,          29P   1330
10.217,210.048,-0.250684,10.217,210.076,-0.233961,10.217,             29P   1331
210.103,-0.218307,10.217,210.104,-0.217339,10.217,210.107,            29P   1332
-0.215652,10.217,210.112,-0.213022,10.217,210.141,-0.19638,           29P   1333
10.217,210.168,-0.180896,10.217,210.194,-0.166563,10.217,             29P   1334
210.195,-0.165893,10.217,210.199,-0.163809,10.217,210.205,            29P   1335
-0.160768,10.217,210.234,-0.144633,10.217,210.262,-0.130134,          29P   1336
10.217,210.287,-0.116842,10.217,210.289,-0.116089,10.217,210.29,      29P   1337
-0.115225,10.217,210.294,-0.113247,10.217,210.3,-0.110328,            29P   1338
10.217,210.329,-0.0957231,10.217,210.355,-0.0825583,10.217,           29P   1339
210.38,-0.070386,10.217,210.382,-0.0696754,10.217,210.383,            29P   1340
-0.0688811,10.217,210.385,-0.0680139,10.217,210.389,-0.0660309,       29P   1341
10.217,210.395,-0.063142,10.217,210.424,-0.049416,10.217,             29P   1342
210.451,-0.0370809,10.217,210.476,-0.0257429,10.217,210.478,          29P   1343
-0.0249641,10.217,210.479,-0.0241602,10.217,210.481,-0.0233187,       29P   1344
10.217,210.485,-0.0214431,10.217,210.492,-0.0186952,10.217,           29P   1345
210.52,-0.00597979,10.217,210.547,0.00531815,10.217,210.571,          29P   1346
0.015345,10.217,210.573,0.0160292,10.217,210.574,0.0167544,           29P   1347
10.217,210.576,0.0175342,10.217,210.578,0.0182808,10.217,             29P   1348
210.582,0.0199813,10.217,210.589,0.0224586,10.217,210.617,            29P   1349
0.0340279,10.217,210.644,0.0442626,10.217,210.669,0.0534357,          29P   1350
10.217,210.671,0.0541632,10.217,210.673,0.0548698,10.217,             29P   1351
210.675,0.0555752,10.217,210.676,0.0561998,10.217,210.68,             29P   1352
0.0576621,10.217,210.686,0.0598036,10.217,210.715,0.0701505,          29P   1353
10.217,210.742,0.0795494,10.217,210.768,0.08795,10.217,210.77,        29P   1354
0.0887093,10.217,210.772,0.0894943,10.217,210.775,0.0903545,          29P   1355
10.217,210.779,0.091683,10.217,210.785,0.0936192,10.217,210.814,      29P   1356
0.102928,10.217,210.841,0.111257,10.217,210.867,0.118708,10.217,      29P   1357
210.869,0.119126,10.217,210.871,0.119729,10.217,210.873,              29P   1358
0.120402,10.217,210.875,0.121078,10.217,210.879,0.12206,10.217,       29P   1359
210.884,0.123519,10.217,210.914,0.131896,10.217,210.942,              29P   1360
0.139404,10.217,210.969,0.146101,10.217,210.971,0.146547,10.217,      29P   1361
210.973,0.147115,10.217,210.975,0.147656,10.217,210.977,              29P   1362
0.148126,10.217,210.98,0.148772,10.217,210.984,0.149741,10.217,       29P   1363
211.014,0.157055,10.217,211.043,0.163633,10.217,211.071,              29P   1364
0.169545,10.217,211.073,0.170003,10.217,211.076,0.170549,10.217,      29P   1365
211.079,0.171268,10.217,211.084,0.172131,10.217,211.108,              29P   1366
0.177147,10.217,211.132,0.181805,10.217,211.156,0.186016,10.217,      29P   1367
211.158,0.186455,10.217,211.161,0.186842,10.217,211.163,              29P   1368
0.187188,10.217,211.164,0.187488,10.217,211.166,0.187844,10.217,      29P   1369
211.186,0.191119,10.217,211.206,0.194345,10.217,211.225,              29P   1370
0.197308,10.217,211.228,0.197739,10.217,211.23,0.198009,10.217,       29P   1371
211.232,0.198239,10.217,211.233,0.198438,10.217,211.234,              29P   1372
0.198656,10.217,211.249,0.200903,10.217,211.265,0.20308,10.217,       29P   1373
211.28,0.205124,10.217,211.283,0.205446,10.217,211.285,0.205719,      29P   1374
10.217,211.293,0.206801,10.217,211.301,0.207708,10.217,211.309,       29P   1375
0.208717,10.217,211.311,0.208905,10.217,211.314,0.209195,10.217,      29P   1376
211.314,0.209298,10.217,211.316,0.209445,10.217,211.316,              29P   1377
0.209488,10.217,211.317,0.209593,10.217,211.317,0.209654,10.217,      29P   1378
211.319,0.209833,10.217,211.32,0.209936,10.217,211.323,0.210165,      29P   1379
10.217,211.325,0.210781,10.217,211.329,0.212306,10.217,211.331,       29P   1380
0.213556,10.217,211.332,0.214793,10.217,211.333,0.215817,10.217,      29P   1381
211.335,0.217412,10.217,211.337,0.219899,10.217,211.338,              29P   1382
0.222714,10.217,211.339,0.224798,10.217,211.339,0.226486,10.217,      29P   1383
211.339,0.228224,10.217,211.34,0.230862,10.217,211.339,0.233889,      29P   1384
10.217,211.339,0.236639,10.217,211.338,0.238714,10.217,211.337,       29P   1385
0.239805,10.217,211.336,0.241337,10.217,211.335,0.242775,10.217,      29P   1386
211.334,0.244373,10.217,211.333,0.245274,10.217,211.333,              29P   1387
0.245783,10.217,211.332,0.246687,10.217,211.331,0.247284,10.217,      29P   1388
211.329,0.248158,10.217,211.329,0.248474,10.217,211.328,              29P   1389
0.248997,10.217,211.327,0.249213,10.217,211.325,0.249988,10.217,      29P   1390
211.324,0.25041,10.217,211.322,0.25075,10.217,211.321,0.250808,       29P   1391
10.217,211.32,0.25087,10.217,211.319,0.250909,10.217,211.318,         29P   1392
0.251004,10.217,211.318,0.251041,10.217,211.315,0.251275,10.217,      29P   1393
211.312,0.251474,10.217,211.307,0.251827,10.217,211.303,              29P   1394
0.252095,10.217,211.3,0.252335,10.217,211.298,0.252471,10.217,        29P   1395
211.296,0.252564,10.217,211.294,0.252695,10.217,211.292,              29P   1396
0.252814,10.217,211.29,0.252956,10.217,211.287,0.2531,10.217,         29P   1397
211.284,0.25325,10.217,211.281,0.25344,10.217,211.274,0.253774,       29P   1398
10.217,211.263,0.254264,10.217,211.251,0.254652,10.217,211.242,       29P   1399
0.254898,10.217,211.238,0.254998,10.217,211.236,0.255047,10.217,      29P   1400
211.234,0.25511,10.217,211.231,0.255166,10.217,211.227,0.255246,      29P   1401
10.217,211.222,0.255345,10.217,211.204,0.25563,10.217,211.186,        29P   1402
0.255728,10.217,211.169,0.255594,10.217,211.165,0.25555,10.217,       29P   1403
211.163,0.255526,10.217,211.161,0.255497,10.217,211.159,0.25547,      29P   1404
10.217,211.157,0.255433,10.217,211.153,0.255372,10.217,211.128,       29P   1405
0.254871,10.217,211.102,0.253774,10.217,211.077,0.252236,10.217,      29P   1406
211.073,0.251979,10.217,211.071,0.251855,10.217,211.07,0.251745,      29P   1407
10.217,211.068,0.25165,10.217,211.066,0.25149,10.217,211.034,         29P   1408
0.249269,10.217,211.,0.246044,10.217,210.967,0.241939,10.217,         29P   1409
210.963,0.241412,10.217,210.96,0.241127,10.217,210.927,0.236852,      29P   1410
10.217,210.893,0.231516,10.217,210.858,0.225194,10.217,210.854,       29P   1411
0.224455,10.217,210.852,0.224003,10.217,210.819,0.217742,10.217,      29P   1412
210.786,0.210738,10.217,210.752,0.202504,10.217,210.749,0.20175,      29P   1413
10.217,210.746,0.200995,10.217,210.745,0.20058,10.217,210.713,        29P   1414
0.192645,10.217,210.681,0.183852,10.217,210.65,0.174217,10.217,       29P   1415
210.647,0.173382,10.217,210.644,0.172585,10.217,210.642,              29P   1416
0.171697,10.217,210.64,0.171127,10.217,210.609,0.161353,10.217,       29P   1417
210.578,0.150781,10.217,210.546,0.139176,10.217,210.543,              29P   1418
0.137998,10.217,210.54,0.136833,10.217,210.538,0.13592,10.217,        29P   1419
210.536,0.13519,10.217,210.534,0.134614,10.217,210.505,0.123384,      29P   1420
10.217,210.475,0.111329,10.217,210.445,0.0979704,10.217,210.441,      29P   1421
0.0965139,10.217,210.438,0.0948942,10.217,210.435,0.0938469,          29P   1422
10.217,210.433,0.0929749,10.217,210.432,0.0925254,10.217,             29P   1423
210.404,0.0798073,10.217,210.375,0.0661058,10.217,210.345,            29P   1424
0.0509688,10.217,210.341,0.0493,10.217,210.338,0.0475135,10.217,      29P   1425
210.336,0.0463629,10.217,210.333,0.0452371,10.217,210.305,            29P   1426
0.0307754,10.217,210.277,0.0155273,10.217,210.247,-0.00139952,        29P   1427
10.217,210.243,-0.00384452,10.217,210.239,-0.00605985,10.217,         29P   1428
210.237,-0.0072283,10.217,210.209,-0.0232814,10.217,210.181,          29P   1429
-0.0402271,10.217,210.152,-0.0588373,10.217,210.148,-0.0613633,       29P   1430
10.217,210.144,-0.0635778,10.217,210.143,-0.0647636,10.217,           29P   1431
210.115,-0.0825671,10.217,210.088,-0.101276,10.217,210.059,           29P   1432
-0.121547,10.217,210.056,-0.123954,10.217,210.053,-0.125992,          29P   1433
10.217,210.052,-0.127113,10.217,210.025,-0.146739,10.217,             29P   1434
209.998,-0.167177,10.217,209.97,-0.18916,10.217,209.967,              29P   1435
-0.191301,10.217,209.965,-0.193111,10.217,209.938,-0.215152,          29P   1436
10.217,209.911,-0.237826,10.217,209.884,-0.26167,10.217,209.882,      29P   1437
-0.263397,10.217,209.881,-0.264843,10.217,209.859,-0.284612,          29P   1438
10.217,209.837,-0.304742,10.217,209.815,-0.325678,10.217,             29P   1439
209.814,-0.327173,10.217,209.813,-0.328304,10.217,209.795,            29P   1440
-0.34511,10.217,209.778,-0.362419,10.217,209.762,-0.379772,           29P   1441
10.217,209.748,-0.393583,10.217,209.736,-0.407336,10.217,             29P   1442
209.715,-0.430168,10.217,209.706,-0.439689,10.217,209.698,            29P   1443
-0.448903,10.217,209.69,-0.464798,10.9033,209.688,-0.467791,          29P   1444
10.9033,209.685,-0.475931,10.9033,209.689,-0.484586,10.9033,          29P   1445
209.694,-0.490009,10.9033,209.698,-0.491777,10.9033,209.702,          29P   1446
-0.492152,10.9033,209.704,-0.492177,10.9033,209.708,-0.491957,        29P   1447
10.9033,209.711,-0.490776,10.9033,209.713,-0.488879,10.9033,          29P   1448
209.713,-0.488912,10.9033,209.714,-0.488473,10.9033,209.714,          29P   1449
-0.488267,10.9033,209.715,-0.487852,10.9033,209.715,-0.487648,        29P   1450
10.9033,209.715,-0.487184,10.9033,209.716,-0.486925,10.9033,          29P   1451
209.724,-0.48034,10.9033,209.733,-0.47374,10.9033,209.743,            29P   1452
-0.466908,10.9033,209.744,-0.466099,10.9033,209.758,-0.455543,        29P   1453
10.9033,209.772,-0.445252,10.9033,209.787,-0.43458,10.9033,           29P   1454
209.807,-0.420736,10.9033,209.827,-0.406958,10.9033,209.846,          29P   1455
-0.393422,10.9033,209.848,-0.392167,10.9033,209.872,-0.375501,        29P   1456
10.9033,209.897,-0.359148,10.9033,209.922,-0.342869,10.9033,          29P   1457
209.925,-0.340765,10.9033,209.955,-0.321321,10.9033,209.983,          29P   1458
-0.302992,10.9033,210.012,-0.285374,10.9033,210.014,-0.283787,        29P   1459
10.9033,210.018,-0.281547,10.9033,210.047,-0.263747,10.9033,          29P   1460
210.075,-0.246567,10.9033,210.102,-0.230504,10.9033,210.104,          29P   1461
-0.229518,10.9033,210.108,-0.227453,10.9033,210.112,-0.224757,        29P   1462
10.9033,210.142,-0.207694,10.9033,210.169,-0.191855,10.9033,          29P   1463
210.196,-0.177227,10.9033,210.197,-0.176547,10.9033,210.201,          29P   1464
-0.17442,10.9033,210.207,-0.171317,10.9033,210.237,-0.154864,         29P   1465
10.9033,210.265,-0.14009,10.9033,210.291,-0.126472,10.9033,           29P   1466
210.293,-0.125698,10.9033,210.294,-0.124812,10.9033,210.298,          29P   1467
-0.122785,10.9033,210.304,-0.11979,10.9033,210.333,-0.10479,          29P   1468
10.9033,210.36,-0.0912123,10.9033,210.386,-0.0786827,10.9033,         29P   1469
210.387,-0.0779513,10.9033,210.389,-0.0771353,10.9033,210.391,        29P   1470
-0.076243,10.9033,210.395,-0.0742026,10.9033,210.401,-0.0712309,      29P   1471
10.9033,210.43,-0.0571157,10.9033,210.457,-0.0444489,10.9033,         29P   1472
210.483,-0.0327789,10.9033,210.485,-0.0319773,10.9033,210.487,        29P   1473
-0.0311504,10.9033,210.488,-0.0302839,10.9033,210.493,                29P   1474
-0.0283523,10.9033,210.499,-0.0255213,10.9033,210.528,                29P   1475
-0.0124235,10.9033,210.555,-0.000726699,10.9033,210.58,               29P   1476
0.00974532,10.9033,210.582,0.01046,10.9033,210.583,0.01122,           29P   1477
10.9033,210.585,0.012045,10.9033,210.587,0.012826,10.9033,            29P   1478
210.591,0.014606,10.9033,210.598,0.0172027,10.9033,210.627,           29P   1479
0.0293371,10.9033,210.654,0.0401816,10.9033,210.679,0.0499159,        29P   1480
10.9033,210.681,0.050688,10.9033,210.683,0.0514404,10.9033,           29P   1481
210.685,0.052202,10.9033,210.687,0.0528648,10.9033,210.691,           29P   1482
0.054417,10.9033,210.697,0.0566904,10.9033,210.727,0.0679363,         29P   1483
10.9033,210.754,0.0779663,10.9033,210.78,0.0870167,10.9033,           29P   1484
210.782,0.0878351,10.9033,210.785,0.0886847,10.9033,210.787,          29P   1485
0.0896276,10.9033,210.792,0.0910631,10.9033,210.797,0.0928843,        29P   1486
10.9033,210.827,0.103158,10.9033,210.854,0.112361,10.9033,            29P   1487
210.881,0.120691,10.9033,210.882,0.121158,10.9033,210.884,            29P   1488
0.121833,10.9033,210.886,0.122587,10.9033,210.889,0.12336,            29P   1489
10.9033,210.892,0.124462,10.9033,210.897,0.125928,10.9033,            29P   1490
210.927,0.135308,10.9033,210.955,0.143897,10.9033,210.983,            29P   1491
0.151663,10.9033,210.984,0.152182,10.9033,210.987,0.15284,            29P   1492
10.9033,210.989,0.15347,10.9033,210.991,0.154035,10.9033,             29P   1493
210.993,0.154787,10.9033,210.998,0.155915,10.9033,211.028,            29P   1494
0.164307,10.9033,211.057,0.172109,10.9033,211.085,0.179279,           29P   1495
10.9033,211.088,0.179835,10.9033,211.09,0.180499,10.9033,             29P   1496
211.094,0.181374,10.9033,211.098,0.182447,10.9033,211.123,            29P   1497
0.188724,10.9033,211.149,0.194672,10.9033,211.173,0.20012,            29P   1498
10.9033,211.175,0.200689,10.9033,211.177,0.201191,10.9033,            29P   1499
211.179,0.20164,10.9033,211.181,0.202046,10.9033,211.183,             29P   1500
0.202509,10.9033,211.202,0.206739,10.9033,211.222,0.210986,           29P   1501
10.9033,211.242,0.214941,10.9033,211.245,0.215517,10.9033,            29P   1502
211.246,0.215879,10.9033,211.248,0.216187,10.9033,211.249,            29P   1503
0.216473,10.9033,211.251,0.21677,10.9033,211.266,0.219804,            29P   1504
10.9033,211.281,0.222811,10.9033,211.297,0.225719,10.9033,211.3,      29P   1505
0.226177,10.9033,211.302,0.226569,10.9033,211.31,0.228162,            29P   1506
10.9033,211.318,0.229527,10.9033,211.327,0.231108,10.9033,            29P   1507
211.329,0.231405,10.9033,211.331,0.231867,10.9033,211.332,            29P   1508
0.232035,10.9033,211.334,0.232275,10.9033,211.334,0.232347,           29P   1509
10.9033,211.335,0.232521,10.9033,211.336,0.232628,10.9033,            29P   1510
211.337,0.232899,10.9033,211.338,0.233024,10.9033,211.341,            29P   1511
0.233418,10.9033,211.343,0.234181,10.9033,211.346,0.235844,           29P   1512
10.9033,211.348,0.237143,10.9033,211.35,0.238387,10.9033,             29P   1513
211.351,0.23946,10.9033,211.352,0.241128,10.9033,211.354,             29P   1514
0.243438,10.9033,211.355,0.246282,10.9033,211.356,0.248448,           29P   1515
10.9033,211.356,0.25022,10.9033,211.356,0.252056,10.9033,             29P   1516
211.356,0.254839,10.9033,211.356,0.257996,10.9033,211.355,            29P   1517
0.261102,10.9033,211.354,0.263423,10.9033,211.353,0.264593,           29P   1518
10.9033,211.352,0.266177,10.9033,211.351,0.267549,10.9033,            29P   1519
211.349,0.268943,10.9033,211.348,0.269742,10.9033,211.347,            29P   1520
0.270179,10.9033,211.346,0.270942,10.9033,211.345,0.271422,           29P   1521
10.9033,211.344,0.272102,10.9033,211.343,0.272338,10.9033,            29P   1522
211.342,0.272715,10.9033,211.342,0.272869,10.9033,211.34,             29P   1523
0.273416,10.9033,211.338,0.273626,10.9033,211.336,0.273609,           29P   1524
10.9033,211.336,0.27362,10.9033,211.334,0.273674,10.9033,             29P   1525
211.334,0.273699,10.9033,211.333,0.273743,10.9033,211.332,            29P   1526
0.273771,10.9033,211.329,0.273908,10.9033,211.326,0.274006,           29P   1527
10.9033,211.321,0.274161,10.9033,211.317,0.27428,10.9033,             29P   1528
211.313,0.274398,10.9033,211.311,0.274471,10.9033,211.309,            29P   1529
0.274519,10.9033,211.307,0.274585,10.9033,211.305,0.274642,           29P   1530
10.9033,211.302,0.274709,10.9033,211.3,0.274774,10.9033,211.297,      29P   1531
0.274841,10.9033,211.293,0.274926,10.9033,211.287,0.275049,           29P   1532
10.9033,211.276,0.275252,10.9033,211.264,0.275389,10.9033,            29P   1533
211.255,0.275443,10.9033,211.251,0.275456,10.9033,211.249,            29P   1534
0.27546,10.9033,211.246,0.275462,10.9033,211.244,0.27546,             29P   1535
10.9033,211.24,0.27545,10.9033,211.235,0.275426,10.9033,211.216,      29P   1536
0.275273,10.9033,211.197,0.274847,10.9033,211.18,0.274258,            29P   1537
10.9033,211.176,0.274107,10.9033,211.174,0.27403,10.9033,             29P   1538
211.172,0.273945,10.9033,211.17,0.27387,10.9033,211.167,              29P   1539
0.273771,10.9033,211.164,0.273618,10.9033,211.138,0.272482,           29P   1540
10.9033,211.111,0.270803,10.9033,211.086,0.268731,10.9033,            29P   1541
211.082,0.268388,10.9033,211.08,0.268224,10.9033,211.078,             29P   1542
0.268079,10.9033,211.077,0.267953,10.9033,211.074,0.267743,           29P   1543
10.9033,211.042,0.264905,10.9033,211.008,0.261,10.9033,210.974,       29P   1544
0.256251,10.9033,210.97,0.255644,10.9033,210.968,0.255315,            29P   1545
10.9033,210.934,0.250402,10.9033,210.899,0.24445,10.9033,             29P   1546
210.864,0.237534,10.9033,210.86,0.236726,10.9033,210.857,             29P   1547
0.236181,10.9033,210.823,0.229342,10.9033,210.79,0.221766,            29P   1548
10.9033,210.756,0.213004,10.9033,210.753,0.212203,10.9033,            29P   1549
210.749,0.211278,10.9033,210.748,0.210792,10.9033,210.715,            29P   1550
0.202292,10.9033,210.683,0.192936,10.9033,210.652,0.183011,           29P   1551
10.9033,210.649,0.182145,10.9033,210.646,0.181292,10.9033,            29P   1552
210.643,0.180262,10.9033,210.641,0.179599,10.9033,210.609,            29P   1553
0.169367,10.9033,210.578,0.158434,10.9033,210.546,0.146624,           29P   1554
10.9033,210.543,0.145414,10.9033,210.54,0.144217,10.9033,             29P   1555
210.538,0.143285,10.9033,210.536,0.142536,10.9033,210.534,            29P   1556
0.141939,10.9033,210.504,0.130296,10.9033,210.474,0.117717,           29P   1557
10.9033,210.443,0.103893,10.9033,210.439,0.102389,10.9033,            29P   1558
210.436,0.100728,10.9033,210.433,0.0996618,10.9033,210.431,           29P   1559
0.0987635,10.9033,210.43,0.098296,10.9033,210.401,0.0851664,          29P   1560
10.9033,210.372,0.0710869,10.9033,210.341,0.0554752,10.9033,          29P   1561
210.338,0.0537535,10.9033,210.334,0.0519305,10.9033,210.332,          29P   1562
0.0507669,10.9033,210.33,0.0496036,10.9033,210.301,0.034654,          29P   1563
10.9033,210.272,0.0187227,10.9033,210.242,0.00110038,10.9033,         29P   1564
210.238,-0.00144523,10.9033,210.234,-0.0037833,10.9033,210.232,       29P   1565
-0.00500153,10.9033,210.203,-0.0217076,10.9033,210.175,               29P   1566
-0.0392755,10.9033,210.146,-0.0585682,10.9033,210.142,-0.061188,      29P   1567
10.9033,210.138,-0.0635196,10.9033,210.136,-0.0647513,10.9033,        29P   1568
210.108,-0.0832007,10.9033,210.081,-0.102518,10.9033,210.052,         29P   1569
-0.123583,10.9033,210.049,-0.126088,10.9033,210.045,-0.128668,        29P   1570
10.9033,210.044,-0.129835,10.9033,210.016,-0.150272,10.9033,          29P   1571
209.989,-0.171621,10.9033,209.962,-0.194081,10.9033,209.959,          29P   1572
-0.196314,10.9033,209.957,-0.198516,10.9033,209.929,-0.221481,        29P   1573
10.9033,209.902,-0.245,10.9033,209.876,-0.269515,10.9033,             29P   1574
209.874,-0.271317,10.9033,209.872,-0.27307,10.9033,209.85,            29P   1575
-0.293695,10.9033,209.828,-0.314793,10.9033,209.807,-0.336408,        29P   1576
10.9033,209.806,-0.33753,10.9033,209.805,-0.33871,10.9033,            29P   1577
209.787,-0.356254,10.9033,209.77,-0.374381,10.9033,209.753,           29P   1578
-0.393032,10.9033,209.74,-0.407421,10.9033,209.727,-0.42182,          29P   1579
10.9033,209.707,-0.445347,10.9033,209.699,-0.455243,10.9033,          29P   1580
209.69,-0.464798,10.9033,209.688,-0.480422,11.564,209.686,            29P   1581
-0.483603,11.564,209.683,-0.49201,11.564,209.687,-0.500305,           29P   1582
11.564,209.693,-0.505597,11.564,209.696,-0.507379,11.564,209.7,       29P   1583
-0.507884,11.564,209.702,-0.507958,11.564,209.705,-0.507878,          29P   1584
11.564,209.709,-0.506824,11.564,209.712,-0.505021,11.564,             29P   1585
209.712,-0.504601,11.564,209.713,-0.504102,11.564,209.713,            29P   1586
-0.503862,11.564,209.714,-0.503443,11.564,209.714,-0.503238,          29P   1587
11.564,209.715,-0.502775,11.564,209.715,-0.502516,11.564,             29P   1588
209.724,-0.495945,11.564,209.733,-0.489554,11.564,209.742,            29P   1589
-0.482855,11.564,209.743,-0.482043,11.564,209.757,-0.47143,           29P   1590
11.564,209.772,-0.460665,11.564,209.787,-0.449764,11.564,             29P   1591
209.807,-0.435569,11.564,209.827,-0.42145,11.564,209.847,             29P   1592
-0.407662,11.564,209.848,-0.406378,11.564,209.874,-0.388971,          29P   1593
11.564,209.898,-0.372368,11.564,209.923,-0.355785,11.564,             29P   1594
209.926,-0.354003,11.564,209.955,-0.334622,11.564,209.985,            29P   1595
-0.315863,11.564,210.013,-0.297897,11.564,210.016,-0.295999,          29P   1596
11.564,210.02,-0.293566,11.564,210.05,-0.275148,11.564,210.078,       29P   1597
-0.257695,11.564,210.106,-0.241322,11.564,210.108,-0.240275,          29P   1598
11.564,210.111,-0.238493,11.564,210.115,-0.235741,11.564,             29P   1599
210.145,-0.218343,11.564,210.173,-0.202111,11.564,210.2,              29P   1600
-0.187097,11.564,210.201,-0.186378,11.564,210.205,-0.184195,          29P   1601
11.564,210.211,-0.18101,11.564,210.241,-0.164103,11.564,210.269,      29P   1602
-0.148922,11.564,210.296,-0.134986,11.564,210.297,-0.134206,          29P   1603
11.564,210.299,-0.133299,11.564,210.303,-0.131226,11.564,             29P   1604
210.309,-0.128164,11.564,210.338,-0.112849,11.564,210.366,            29P   1605
-0.0990158,11.564,210.391,-0.0862018,11.564,210.393,-0.0854536,       29P   1606
11.564,210.395,-0.0846103,11.564,210.396,-0.0836973,11.564,           29P   1607
210.401,-0.0816091,11.564,210.407,-0.0785662,11.564,210.436,          29P   1608
-0.064107,11.564,210.464,-0.0510853,11.564,210.489,-0.039093,         29P   1609
11.564,210.491,-0.0382683,11.564,210.493,-0.0374148,11.564,           29P   1610
210.495,-0.0365245,11.564,210.499,-0.0345397,11.564,210.506,          29P   1611
-0.0316309,11.564,210.535,-0.0181079,11.564,210.562,-0.00608948,      29P   1612
11.564,210.587,0.00468434,11.564,210.589,0.00541968,11.564,           29P   1613
210.591,0.00619082,11.564,210.593,0.00698633,11.564,210.595,          29P   1614
0.00779012,11.564,210.599,0.00962231,11.564,210.605,0.0122959,        29P   1615
11.564,210.635,0.0248838,11.564,210.662,0.0360966,11.564,             29P   1616
210.688,0.0462511,11.564,210.69,0.0470567,11.564,210.692,             29P   1617
0.0478285,11.564,210.693,0.0485522,11.564,210.695,0.0492451,          29P   1618
11.564,210.699,0.0508682,11.564,210.705,0.0532487,11.564,             29P   1619
210.735,0.0650289,11.564,210.763,0.0756265,11.564,210.789,            29P   1620
0.0851754,11.564,210.791,0.0860388,11.564,210.794,0.086919,           29P   1621
11.564,210.796,0.0878349,11.564,210.8,0.089349,11.564,210.806,        29P   1622
0.0913786,11.564,210.836,0.102223,11.564,210.864,0.111898,            29P   1623
11.564,210.89,0.120677,11.564,210.892,0.121169,11.564,210.894,        29P   1624
0.12188,11.564,210.896,0.122675,11.564,210.899,0.123402,11.564,       29P   1625
210.902,0.124564,11.564,210.907,0.126178,11.564,210.937,              29P   1626
0.136195,11.564,210.966,0.145304,11.564,210.994,0.153644,11.564,      29P   1627
210.995,0.154201,11.564,210.998,0.154909,11.564,211.,0.155586,        29P   1628
11.564,211.002,0.156093,11.564,211.004,0.156903,11.564,211.008,       29P   1629
0.158121,11.564,211.039,0.167408,11.564,211.069,0.175973,11.564,      29P   1630
211.098,0.183819,11.564,211.1,0.184428,11.564,211.102,0.185154,       29P   1631
11.564,211.106,0.186111,11.564,211.11,0.187177,11.564,211.135,        29P   1632
0.194024,11.564,211.16,0.200477,11.564,211.185,0.20648,11.564,        29P   1633
211.187,0.207107,11.564,211.189,0.207661,11.564,211.191,              29P   1634
0.208158,11.564,211.193,0.208511,11.564,211.195,0.209024,11.564,      29P   1635
211.215,0.213816,11.564,211.235,0.218615,11.564,211.255,              29P   1636
0.223159,11.564,211.258,0.223823,11.564,211.26,0.224241,11.564,       29P   1637
211.261,0.224596,11.564,211.262,0.224824,11.564,211.264,              29P   1638
0.225163,11.564,211.28,0.228757,11.564,211.295,0.232196,11.564,       29P   1639
211.311,0.23558,11.564,211.313,0.236114,11.564,211.315,0.236572,      29P   1640
11.564,211.324,0.238305,11.564,211.331,0.239857,11.564,211.34,        29P   1641
0.241613,11.564,211.341,0.241944,11.564,211.344,0.242459,11.564,      29P   1642
211.345,0.242638,11.564,211.346,0.242885,11.564,211.346,              29P   1643
0.242965,11.564,211.347,0.243137,11.564,211.348,0.243198,11.564,      29P   1644
211.349,0.243422,11.564,211.351,0.243866,11.564,211.354,              29P   1645
0.245185,11.564,211.356,0.246655,11.564,211.359,0.249132,11.564,      29P   1646
211.361,0.250921,11.564,211.362,0.252585,11.564,211.363,              29P   1647
0.253626,11.564,211.364,0.255624,11.564,211.365,0.258452,11.564,      29P   1648
211.365,0.261568,11.564,211.365,0.263837,11.564,211.365,              29P   1649
0.265624,11.564,211.365,0.267426,11.564,211.364,0.27003,11.564,       29P   1650
211.363,0.272731,11.564,211.362,0.275348,11.564,211.36,0.277297,      29P   1651
11.564,211.359,0.278272,11.564,211.358,0.27959,11.564,211.356,        29P   1652
0.280729,11.564,211.354,0.282035,11.564,211.353,0.282605,11.564,      29P   1653
211.352,0.282908,11.564,211.351,0.283428,11.564,211.35,0.28373,       29P   1654
11.564,211.348,0.284101,11.564,211.348,0.284225,11.564,211.347,       29P   1655
0.284411,11.564,211.346,0.284459,11.564,211.344,0.284492,11.564,      29P   1656
211.342,0.284543,11.564,211.34,0.284654,11.564,211.34,0.28468,        29P   1657
11.564,211.339,0.28473,11.564,211.338,0.284756,11.564,211.337,        29P   1658
0.284812,11.564,211.336,0.284839,11.564,211.333,0.28499,11.564,       29P   1659
211.33,0.285109,11.564,211.325,0.285307,11.564,211.321,0.285457,      29P   1660
11.564,211.317,0.285594,11.564,211.315,0.285674,11.564,211.313,       29P   1661
0.285728,11.564,211.311,0.285801,11.564,211.309,0.285866,11.564,      29P   1662
211.306,0.285943,11.564,211.304,0.286018,11.564,211.301,              29P   1663
0.286095,11.564,211.297,0.286191,11.564,211.291,0.286343,11.564,      29P   1664
211.279,0.286562,11.564,211.267,0.286701,11.564,211.258,              29P   1665
0.286759,11.564,211.254,0.286775,11.564,211.252,0.286781,11.564,      29P   1666
211.249,0.286788,11.564,211.247,0.28679,11.564,211.243,0.286788,      29P   1667
11.564,211.237,0.286778,11.564,211.219,0.286682,11.564,211.2,         29P   1668
0.28636,11.564,211.182,0.285852,11.564,211.178,0.285718,11.564,       29P   1669
211.176,0.28565,11.564,211.174,0.285574,11.564,211.172,0.285506,      29P   1670
11.564,211.17,0.285416,11.564,211.166,0.285276,11.564,211.14,         29P   1671
0.284232,11.564,211.113,0.282569,11.564,211.087,0.280462,11.564,      29P   1672
211.083,0.280113,11.564,211.081,0.279946,11.564,211.08,0.279798,      29P   1673
11.564,211.078,0.279669,11.564,211.076,0.279455,11.564,211.043,       29P   1674
0.276489,11.564,211.008,0.272373,11.564,210.974,0.267553,11.564,      29P   1675
210.97,0.26694,11.564,210.967,0.266608,11.564,210.933,0.26162,        29P   1676
11.564,210.898,0.255721,11.564,210.862,0.248577,11.564,210.858,       29P   1677
0.24774,11.564,210.855,0.247226,11.564,210.821,0.240278,11.564,       29P   1678
210.788,0.232575,11.564,210.753,0.223543,11.564,210.75,0.222716,      29P   1679
11.564,210.747,0.22198,11.564,210.746,0.221562,11.564,210.713,        29P   1680
0.212853,11.564,210.68,0.203219,11.564,210.647,0.19265,11.564,        29P   1681
210.645,0.191741,11.564,210.642,0.190879,11.564,210.639,0.18989,      29P   1682
11.564,210.637,0.189255,11.564,210.605,0.178705,11.564,210.573,       29P   1683
0.167392,11.564,210.541,0.155066,11.564,210.538,0.1538,11.564,        29P   1684
210.535,0.152514,11.564,210.532,0.151477,11.564,210.53,0.150662,      29P   1685
11.564,210.528,0.150046,11.564,210.498,0.138082,11.564,210.468,       29P   1686
0.125356,11.564,210.437,0.111105,11.564,210.433,0.109543,11.564,      29P   1687
210.429,0.107755,11.564,210.427,0.106563,11.564,210.425,              29P   1688
0.105622,11.564,210.424,0.105158,11.564,210.395,0.0915833,            29P   1689
11.564,210.365,0.077116,11.564,210.334,0.0609365,11.564,210.331,      29P   1690
0.0591496,11.564,210.327,0.05714,11.564,210.325,0.0557947,            29P   1691
11.564,210.322,0.0545898,11.564,210.293,0.0391143,11.564,             29P   1692
210.265,0.0229865,11.564,210.234,0.00476326,11.564,210.23,            29P   1693
0.00213164,11.564,210.226,-0.000107843,11.564,210.224,                29P   1694
-0.00135718,11.564,210.196,-0.0186604,11.564,210.167,-0.0371552,      29P   1695
11.564,210.138,-0.0572769,11.564,210.134,-0.0599995,11.564,           29P   1696
210.131,-0.0622252,11.564,210.129,-0.0634922,11.564,210.101,          29P   1697
-0.0827175,11.564,210.073,-0.103044,11.564,210.045,-0.12495,          29P   1698
11.564,210.041,-0.127539,11.564,210.039,-0.129611,11.564,             29P   1699
210.037,-0.130821,11.564,210.01,-0.152037,11.564,209.982,             29P   1700
-0.174349,11.564,209.955,-0.198201,11.564,209.952,-0.200514,          29P   1701
11.564,209.95,-0.202718,11.564,209.923,-0.226677,11.564,209.896,      29P   1702
-0.251392,11.564,209.87,-0.27706,11.564,209.868,-0.278926,            29P   1703
11.564,209.866,-0.280687,11.564,209.844,-0.302172,11.564,             29P   1704
209.823,-0.324023,11.564,209.802,-0.346574,11.564,209.801,            29P   1705
-0.347982,11.564,209.799,-0.34922,11.564,209.783,-0.367481,           29P   1706
11.564,209.766,-0.386299,11.564,209.749,-0.405436,11.564,             29P   1707
209.737,-0.420394,11.564,209.724,-0.435258,11.564,209.704,            29P   1708
-0.459925,11.564,209.696,-0.470317,11.564,209.688,-0.480422,          29P   1709
11.564,209.693,-0.494487,12.2076,209.691,-0.497784,12.2076,           29P   1710
209.688,-0.506438,12.2076,209.692,-0.514718,12.2076,209.698,          29P   1711
-0.520259,12.2076,209.702,-0.52226,12.2076,209.706,-0.522776,         29P   1712
12.2076,209.707,-0.522837,12.2076,209.711,-0.522736,12.2076,          29P   1713
209.714,-0.521775,12.2076,209.716,-0.520431,12.2076,209.717,          29P   1714
-0.520262,12.2076,209.717,-0.519892,12.2076,209.717,-0.519727,        29P   1715
12.2076,209.718,-0.519313,12.2076,209.718,-0.519107,12.2076,          29P   1716
209.719,-0.518639,12.2076,209.719,-0.518378,12.2076,209.728,          29P   1717
-0.511731,12.2076,209.737,-0.504977,12.2076,209.747,-0.498045,        29P   1718
12.2076,209.748,-0.497209,12.2076,209.763,-0.486304,12.2076,          29P   1719
209.778,-0.475629,12.2076,209.793,-0.464797,12.2076,209.813,          29P   1720
-0.450854,12.2076,209.833,-0.436984,12.2076,209.853,-0.423245,        29P   1721
12.2076,209.855,-0.421972,12.2076,209.879,-0.405115,12.2076,          29P   1722
209.904,-0.388431,12.2076,209.929,-0.371771,12.2076,209.932,          29P   1723
-0.36963,12.2076,209.962,-0.349999,12.2076,209.991,-0.331163,         29P   1724
12.2076,210.02,-0.313065,12.2076,210.023,-0.311292,12.2076,           29P   1725
210.027,-0.308863,12.2076,210.056,-0.290249,12.2076,210.085,          29P   1726
-0.272601,12.2076,210.113,-0.256035,12.2076,210.114,-0.255069,        29P   1727
12.2076,210.118,-0.253216,12.2076,210.122,-0.250431,12.2076,          29P   1728
210.152,-0.232775,12.2076,210.18,-0.216332,12.2076,210.207,           29P   1729
-0.201082,12.2076,210.208,-0.200398,12.2076,210.212,-0.198179,        29P   1730
12.2076,210.218,-0.194942,12.2076,210.248,-0.177775,12.2076,          29P   1731
210.276,-0.162287,12.2076,210.303,-0.148007,12.2076,210.304,          29P   1732
-0.147182,12.2076,210.306,-0.146253,12.2076,210.31,-0.144127,         29P   1733
12.2076,210.316,-0.140987,12.2076,210.345,-0.125244,12.2076,          29P   1734
210.372,-0.110984,12.2076,210.398,-0.0977587,12.2076,210.4,           29P   1735
-0.0969867,12.2076,210.401,-0.0961354,12.2076,210.403,                29P   1736
-0.0951929,12.2076,210.407,-0.093037,12.2076,210.414,-0.0898948,      29P   1737
12.2076,210.443,-0.0749475,12.2076,210.47,-0.0614653,12.2076,         29P   1738
210.496,-0.0489921,12.2076,210.498,-0.0481365,12.2076,210.5,          29P   1739
-0.0472569,12.2076,210.501,-0.0463302,12.2076,210.506,                29P   1740
-0.0442639,12.2076,210.512,-0.0412332,12.2076,210.541,                29P   1741
-0.0272776,12.2076,210.568,-0.0146666,12.2076,210.593,                29P   1742
-0.00326916,12.2076,210.595,-0.00249108,12.2076,210.597,              29P   1743
-0.00164987,12.2076,210.599,-0.000684049,12.2076,210.601,             29P   1744
0.000167322,12.2076,210.605,0.00210881,12.2076,210.611,               29P   1745
0.00494528,12.2076,210.64,0.01812,12.2076,210.667,0.0301165,          29P   1746
12.2076,210.693,0.0409973,12.2076,210.695,0.0418607,12.2076,          29P   1747
210.696,0.0427196,12.2076,210.699,0.0436615,12.2076,210.7,            29P   1748
0.0444038,12.2076,210.704,0.0461429,12.2076,210.71,0.0486943,         29P   1749
12.2076,210.74,0.0611253,12.2076,210.767,0.0725372,12.2076,           29P   1750
210.793,0.082977,12.2076,210.795,0.0839216,12.2076,210.798,           29P   1751
0.0849229,12.2076,210.801,0.0861099,12.2076,210.805,0.087771,         29P   1752
12.2076,210.81,0.0899842,12.2076,210.84,0.101742,12.2076,             29P   1753
210.867,0.112569,12.2076,210.893,0.12248,12.2076,210.895,             29P   1754
0.123036,12.2076,210.897,0.123839,12.2076,210.899,0.124738,           29P   1755
12.2076,210.902,0.125769,12.2076,210.906,0.127083,12.2076,            29P   1756
210.91,0.1289,12.2076,210.94,0.140011,12.2076,210.968,0.150419,       29P   1757
12.2076,210.995,0.160037,12.2076,210.997,0.160679,12.2076,            29P   1758
210.999,0.161496,12.2076,211.002,0.162278,12.2076,211.004,            29P   1759
0.163106,12.2076,211.007,0.164041,12.2076,211.011,0.165449,           29P   1760
12.2076,211.04,0.175926,12.2076,211.07,0.185937,12.2076,211.098,      29P   1761
0.195322,12.2076,211.1,0.196051,12.2076,211.103,0.196922,             29P   1762
12.2076,211.106,0.198071,12.2076,211.111,0.199612,12.2076,            29P   1763
211.136,0.207667,12.2076,211.16,0.215596,12.2076,211.184,             29P   1764
0.223106,12.2076,211.187,0.223892,12.2076,211.189,0.224587,           29P   1765
12.2076,211.191,0.22521,12.2076,211.193,0.225889,12.2076,             29P   1766
211.195,0.226533,12.2076,211.214,0.232331,12.2076,211.234,            29P   1767
0.238407,12.2076,211.253,0.244206,12.2076,211.256,0.245054,           29P   1768
12.2076,211.258,0.245587,12.2076,211.26,0.246041,12.2076,             29P   1769
211.261,0.246583,12.2076,211.263,0.247016,12.2076,211.278,            29P   1770
0.251391,12.2076,211.293,0.255794,12.2076,211.309,0.260209,           29P   1771
12.2076,211.311,0.260908,12.2076,211.313,0.261508,12.2076,            29P   1772
211.322,0.264001,12.2076,211.33,0.266135,12.2076,211.339,             29P   1773
0.268591,12.2076,211.34,0.269048,12.2076,211.343,0.269755,            29P   1774
12.2076,211.344,0.270018,12.2076,211.345,0.270406,12.2076,            29P   1775
211.345,0.270486,12.2076,211.346,0.270704,12.2076,211.347,            29P   1776
0.270889,12.2076,211.348,0.271468,12.2076,211.349,0.271869,           29P   1777
12.2076,211.352,0.273067,12.2076,211.354,0.274551,12.2076,            29P   1778
211.356,0.277144,12.2076,211.358,0.279015,12.2076,211.359,            29P   1779
0.280736,12.2076,211.36,0.28261,12.2076,211.36,0.284763,12.2076,      29P   1780
211.361,0.287634,12.2076,211.361,0.290757,12.2076,211.361,            29P   1781
0.292949,12.2076,211.361,0.29472,12.2076,211.361,0.29651,             29P   1782
12.2076,211.36,0.299147,12.2076,211.358,0.302029,12.2076,             29P   1783
211.356,0.304573,12.2076,211.354,0.306341,12.2076,211.353,            29P   1784
0.307196,12.2076,211.352,0.308335,12.2076,211.35,0.309278,            29P   1785
12.2076,211.348,0.310133,12.2076,211.347,0.310617,12.2076,            29P   1786
211.346,0.310859,12.2076,211.345,0.311258,12.2076,211.344,            29P   1787
0.311475,12.2076,211.342,0.311712,12.2076,211.341,0.311758,           29P   1788
12.2076,211.34,0.311758,12.2076,211.34,0.311761,12.2076,211.338,      29P   1789
0.311811,12.2076,211.337,0.311843,12.2076,211.334,0.311875,           29P   1790
12.2076,211.334,0.311883,12.2076,211.333,0.311902,12.2076,            29P   1791
211.332,0.311911,12.2076,211.331,0.31193,12.2076,211.33,              29P   1792
0.311939,12.2076,211.327,0.311989,12.2076,211.324,0.312024,           29P   1793
12.2076,211.319,0.312074,12.2076,211.315,0.312108,12.2076,            29P   1794
211.311,0.31213,12.2076,211.309,0.312141,12.2076,211.307,             29P   1795
0.312148,12.2076,211.305,0.312154,12.2076,211.303,0.312158,           29P   1796
12.2076,211.3,0.312159,12.2076,211.298,0.312158,12.2076,211.295,      29P   1797
0.312151,12.2076,211.291,0.312138,12.2076,211.285,0.3121,             29P   1798
12.2076,211.273,0.311983,12.2076,211.261,0.311785,12.2076,            29P   1799
211.252,0.311575,12.2076,211.248,0.311472,12.2076,211.246,            29P   1800
0.311417,12.2076,211.243,0.311341,12.2076,211.24,0.311265,            29P   1801
12.2076,211.236,0.311145,12.2076,211.231,0.310976,12.2076,            29P   1802
211.213,0.310321,12.2076,211.193,0.309401,12.2076,211.176,            29P   1803
0.30836,12.2076,211.172,0.308099,12.2076,211.17,0.307969,             29P   1804
12.2076,211.167,0.307825,12.2076,211.166,0.3077,12.2076,211.163,      29P   1805
0.307534,12.2076,211.159,0.307282,12.2076,211.134,0.305455,           29P   1806
12.2076,211.107,0.302995,12.2076,211.081,0.300223,12.2076,            29P   1807
211.077,0.299769,12.2076,211.075,0.299553,12.2076,211.073,            29P   1808
0.299363,12.2076,211.072,0.299198,12.2076,211.069,0.298924,           29P   1809
12.2076,211.036,0.29518,12.2076,211.002,0.290485,12.2076,             29P   1810
210.968,0.284883,12.2076,210.964,0.284168,12.2076,210.961,            29P   1811
0.283781,12.2076,210.927,0.277932,12.2076,210.891,0.270836,           29P   1812
12.2076,210.856,0.262856,12.2076,210.852,0.261927,12.2076,            29P   1813
210.849,0.261362,12.2076,210.815,0.253498,12.2076,210.781,            29P   1814
0.244851,12.2076,210.746,0.234968,12.2076,210.743,0.234064,           29P   1815
12.2076,210.74,0.233118,12.2076,210.738,0.232601,12.2076,             29P   1816
210.706,0.223135,12.2076,210.673,0.212853,12.2076,210.641,            29P   1817
0.201787,12.2076,210.638,0.200823,12.2076,210.636,0.199907,           29P   1818
12.2076,210.633,0.198933,12.2076,210.631,0.198313,12.2076,            29P   1819
210.599,0.187067,12.2076,210.568,0.175082,12.2076,210.535,            29P   1820
0.161892,12.2076,210.532,0.160581,12.2076,210.529,0.159308,           29P   1821
12.2076,210.527,0.158321,12.2076,210.525,0.157519,12.2076,            29P   1822
210.523,0.156872,12.2076,210.493,0.144198,12.2076,210.462,            29P   1823
0.130625,12.2076,210.431,0.115762,12.2076,210.428,0.114158,           29P   1824
12.2076,210.424,0.112368,12.2076,210.422,0.111204,12.2076,            29P   1825
210.42,0.110235,12.2076,210.419,0.109709,12.2076,210.389,             29P   1826
0.0955863,12.2076,210.36,0.0804549,12.2076,210.329,0.0636487,         29P   1827
12.2076,210.326,0.0617996,12.2076,210.322,0.0597796,12.2076,          29P   1828
210.32,0.0584569,12.2076,210.318,0.0572044,12.2076,210.289,           29P   1829
0.0411036,12.2076,210.26,0.0241153,12.2076,210.23,0.00517842,         29P   1830
12.2076,210.226,0.00244025,12.2076,210.221,-0.000297815,12.2076,      29P   1831
210.219,-0.00160423,12.2076,210.191,-0.019557,12.2076,210.164,        29P   1832
-0.0381888,12.2076,210.134,-0.0589607,12.2076,210.13,-0.0617916,      29P   1833
12.2076,210.127,-0.0645573,12.2076,210.125,-0.0658843,12.2076,        29P   1834
210.097,-0.085763,12.2076,210.07,-0.10637,12.2076,210.042,            29P   1835
-0.129043,12.2076,210.039,-0.131755,12.2076,210.036,-0.1344,          29P   1836
12.2076,210.034,-0.135656,12.2076,210.007,-0.157609,12.2076,          29P   1837
209.981,-0.180213,12.2076,209.954,-0.20469,12.2076,209.951,           29P   1838
-0.207107,12.2076,209.949,-0.209403,12.2076,209.922,-0.234046,        29P   1839
12.2076,209.896,-0.259327,12.2076,209.87,-0.285674,12.2076,           29P   1840
209.868,-0.287621,12.2076,209.866,-0.289457,12.2076,209.845,          29P   1841
-0.311553,12.2076,209.824,-0.33406,12.2076,209.804,-0.357203,         29P   1842
12.2076,209.803,-0.358467,12.2076,209.801,-0.359733,12.2076,          29P   1843
209.785,-0.378488,12.2076,209.768,-0.397975,12.2076,209.752,          29P   1844
-0.417764,12.2076,209.74,-0.433156,12.2076,209.728,-0.448543,         29P   1845
12.2076,209.709,-0.473738,12.2076,209.701,-0.484315,12.2076,          29P   1846
209.693,-0.494487,12.2076,209.704,-0.512209,12.6459,209.702,          29P   1847
-0.515653,12.6459,209.7,-0.524624,12.6459,209.704,-0.532765,          29P   1848
12.6459,209.71,-0.537928,12.6459,209.713,-0.539653,12.6459,           29P   1849
209.717,-0.540244,12.6459,209.718,-0.540374,12.6459,209.722,          29P   1850
-0.540453,12.6459,209.725,-0.539542,12.6459,209.728,-0.537925,        29P   1851
12.6459,209.729,-0.537712,12.6459,209.729,-0.537186,12.6459,          29P   1852
209.73,-0.536857,12.6459,209.73,-0.536421,12.6459,209.731,            29P   1853
-0.53621,12.6459,209.731,-0.535741,12.6459,209.732,-0.535477,         29P   1854
12.6459,209.741,-0.528758,12.6459,209.75,-0.521941,12.6459,           29P   1855
209.759,-0.515111,12.6459,209.76,-0.514287,12.6459,209.774,           29P   1856
-0.503547,12.6459,209.789,-0.493205,12.6459,209.804,-0.482141,        29P   1857
12.6459,209.824,-0.467621,12.6459,209.844,-0.453039,12.6459,          29P   1858
209.864,-0.438982,12.6459,209.865,-0.437681,12.6459,209.89,           29P   1859
-0.420438,12.6459,209.914,-0.403488,12.6459,209.939,-0.386508,        29P   1860
12.6459,209.943,-0.384324,12.6459,209.972,-0.364357,12.6459,          29P   1861
210.001,-0.345078,12.6459,210.03,-0.326554,12.6459,210.032,           29P   1862
-0.324693,12.6459,210.036,-0.322202,12.6459,210.066,-0.303223,        29P   1863
12.6459,210.094,-0.285153,12.6459,210.122,-0.268167,12.6459,          29P   1864
210.123,-0.267096,12.6459,210.126,-0.265205,12.6459,210.131,          29P   1865
-0.262349,12.6459,210.16,-0.244298,12.6459,210.188,-0.227404,         29P   1866
12.6459,210.215,-0.211701,12.6459,210.216,-0.210938,12.6459,          29P   1867
210.22,-0.208654,12.6459,210.226,-0.205319,12.6459,210.256,           29P   1868
-0.187558,12.6459,210.284,-0.17157,12.6459,210.31,-0.156826,          29P   1869
12.6459,210.312,-0.156043,12.6459,210.313,-0.155084,12.6459,          29P   1870
210.317,-0.152888,12.6459,210.323,-0.149645,12.6459,210.352,          29P   1871
-0.133593,12.6459,210.379,-0.118857,12.6459,210.404,-0.105161,        29P   1872
12.6459,210.406,-0.104361,12.6459,210.408,-0.103277,12.6459,          29P   1873
210.41,-0.102301,12.6459,210.414,-0.100068,12.6459,210.42,            29P   1874
-0.0968127,12.6459,210.449,-0.0815534,12.6459,210.476,                29P   1875
-0.0675483,12.6459,210.501,-0.0545605,12.6459,210.503,-0.053663,      29P   1876
12.6459,210.505,-0.0525239,12.6459,210.507,-0.0515589,12.6459,        29P   1877
210.511,-0.0494068,12.6459,210.518,-0.0462493,12.6459,210.547,        29P   1878
-0.031537,12.6459,210.574,-0.0183492,12.6459,210.598,                 29P   1879
-0.00637893,12.6459,210.6,-0.00556165,12.6459,210.602,                29P   1880
-0.00474567,12.6459,210.604,-0.0038248,12.6459,210.605,               29P   1881
-0.00292973,12.6459,210.61,-0.000888072,12.6459,210.616,              29P   1882
0.00209676,12.6459,210.645,0.0161888,12.6459,210.672,0.0288832,       29P   1883
12.6459,210.697,0.0404244,12.6459,210.699,0.0413403,12.6459,          29P   1884
210.701,0.042165,12.6459,210.703,0.0430371,12.6459,210.704,           29P   1885
0.0438252,12.6459,210.708,0.0456718,12.6459,210.714,0.0483822,        29P   1886
12.6459,210.744,0.0618359,12.6459,210.771,0.0740219,12.6459,          29P   1887
210.796,0.085233,12.6459,210.799,0.0862477,12.6459,210.801,           29P   1888
0.0872228,12.6459,210.804,0.0883587,12.6459,210.808,0.090146,         29P   1889
12.6459,210.813,0.0925326,12.6459,210.842,0.105365,12.6459,           29P   1890
210.87,0.117118,12.6459,210.896,0.127925,12.6459,210.897,             29P   1891
0.128531,12.6459,210.899,0.129407,12.6459,210.901,0.130387,           29P   1892
12.6459,210.904,0.131352,12.6459,210.907,0.132787,12.6459,            29P   1893
210.912,0.134774,12.6459,210.942,0.147109,12.6459,210.97,             29P   1894
0.158559,12.6459,210.996,0.16918,12.6459,210.998,0.16989,             29P   1895
12.6459,211.,0.170793,12.6459,211.003,0.171657,12.6459,211.004,       29P   1896
0.172386,12.6459,211.007,0.173421,12.6459,211.011,0.174979,           29P   1897
12.6459,211.041,0.186779,12.6459,211.07,0.197937,12.6459,             29P   1898
211.098,0.208455,12.6459,211.1,0.209273,12.6459,211.103,              29P   1899
0.210249,12.6459,211.106,0.211539,12.6459,211.11,0.213071,            29P   1900
12.6459,211.135,0.222291,12.6459,211.159,0.231267,12.6459,            29P   1901
211.183,0.239802,12.6459,211.185,0.240695,12.6459,211.187,            29P   1902
0.241486,12.6459,211.189,0.242195,12.6459,211.191,0.242789,           29P   1903
12.6459,211.193,0.243522,12.6459,211.212,0.2503,12.6459,211.232,      29P   1904
0.257278,12.6459,211.251,0.263975,12.6459,211.254,0.264954,           29P   1905
12.6459,211.256,0.265571,12.6459,211.257,0.266096,12.6459,            29P   1906
211.258,0.266531,12.6459,211.26,0.267033,12.6459,211.275,             29P   1907
0.272221,12.6459,211.29,0.277373,12.6459,211.305,0.282563,            29P   1908
12.6459,211.308,0.283385,12.6459,211.31,0.284091,12.6459,             29P   1909
211.318,0.286832,12.6459,211.325,0.289235,12.6459,211.334,            29P   1910
0.292075,12.6459,211.335,0.292626,12.6459,211.338,0.293509,           29P   1911
12.6459,211.339,0.293795,12.6459,211.34,0.294165,12.6459,             29P   1912
211.341,0.294414,12.6459,211.342,0.294927,12.6459,211.343,            29P   1913
0.295178,12.6459,211.344,0.295923,12.6459,211.345,0.296471,           29P   1914
12.6459,211.347,0.29821,12.6459,211.349,0.300117,12.6459,             29P   1915
211.352,0.303141,12.6459,211.353,0.305237,12.6459,211.353,            29P   1916
0.307104,12.6459,211.354,0.308472,12.6459,211.354,0.310507,           29P   1917
12.6459,211.355,0.313442,12.6459,211.355,0.316582,12.6459,            29P   1918
211.354,0.318919,12.6459,211.354,0.320643,12.6459,211.353,            29P   1919
0.322331,12.6459,211.352,0.324759,12.6459,211.35,0.327405,            29P   1920
12.6459,211.348,0.329707,12.6459,211.346,0.331294,12.6459,            29P   1921
211.345,0.332015,12.6459,211.343,0.332958,12.6459,211.341,            29P   1922
0.33373,12.6459,211.339,0.334439,12.6459,211.338,0.334784,            29P   1923
12.6459,211.337,0.334953,12.6459,211.336,0.335227,12.6459,            29P   1924
211.335,0.335317,12.6459,211.333,0.335282,12.6459,211.333,            29P   1925
0.335277,12.6459,211.332,0.335284,12.6459,211.331,0.335286,           29P   1926
12.6459,211.329,0.335287,12.6459,211.327,0.335286,12.6459,            29P   1927
211.325,0.335284,12.6459,211.325,0.335283,12.6459,211.324,            29P   1928
0.335281,12.6459,211.323,0.335279,12.6459,211.322,0.335275,           29P   1929
12.6459,211.321,0.335273,12.6459,211.318,0.335258,12.6459,            29P   1930
211.315,0.335238,12.6459,211.31,0.335191,12.6459,211.306,             29P   1931
0.335146,12.6459,211.302,0.335087,12.6459,211.3,0.335047,             29P   1932
12.6459,211.298,0.335018,12.6459,211.296,0.334974,12.6459,            29P   1933
211.294,0.33493,12.6459,211.291,0.334874,12.6459,211.289,             29P   1934
0.334811,12.6459,211.286,0.334737,12.6459,211.282,0.334635,           29P   1935
12.6459,211.275,0.334442,12.6459,211.264,0.334036,12.6459,            29P   1936
211.252,0.333542,12.6459,211.243,0.333103,12.6459,211.239,            29P   1937
0.332899,12.6459,211.237,0.332793,12.6459,211.234,0.332649,           29P   1938
12.6459,211.231,0.332508,12.6459,211.227,0.332291,12.6459,            29P   1939
211.222,0.331995,12.6459,211.203,0.330898,12.6459,211.184,            29P   1940
0.329536,12.6459,211.167,0.328104,12.6459,211.162,0.327749,           29P   1941
12.6459,211.16,0.327573,12.6459,211.158,0.327379,12.6459,             29P   1942
211.156,0.327211,12.6459,211.154,0.32699,12.6459,211.15,              29P   1943
0.326655,12.6459,211.125,0.324252,12.6459,211.097,0.321179,           29P   1944
12.6459,211.072,0.317777,12.6459,211.068,0.317221,12.6459,            29P   1945
211.066,0.316956,12.6459,211.064,0.316724,12.6459,211.062,            29P   1946
0.316523,12.6459,211.06,0.316187,12.6459,211.027,0.311582,            29P   1947
12.6459,210.992,0.305829,12.6459,210.958,0.299337,12.6459,            29P   1948
210.954,0.298512,12.6459,210.952,0.298067,12.6459,210.918,            29P   1949
0.291448,12.6459,210.882,0.283684,12.6459,210.847,0.274827,           29P   1950
12.6459,210.843,0.273794,12.6459,210.84,0.273112,12.6459,             29P   1951
210.806,0.264558,12.6459,210.773,0.255268,12.6459,210.739,            29P   1952
0.244672,12.6459,210.735,0.243703,12.6459,210.732,0.242713,           29P   1953
12.6459,210.731,0.242193,12.6459,210.698,0.232018,12.6459,            29P   1954
210.666,0.220985,12.6459,210.634,0.209197,12.6459,210.631,            29P   1955
0.208185,12.6459,210.628,0.207226,12.6459,210.625,0.206111,           29P   1956
12.6459,210.624,0.205391,12.6459,210.592,0.19346,12.6459,210.56,      29P   1957
0.180738,12.6459,210.529,0.167061,12.6459,210.525,0.165601,           29P   1958
12.6459,210.522,0.164152,12.6459,210.519,0.163057,12.6459,            29P   1959
210.517,0.16219,12.6459,210.516,0.16151,12.6459,210.486,              29P   1960
0.148404,12.6459,210.456,0.13431,12.6459,210.425,0.118758,            29P   1961
12.6459,210.422,0.117012,12.6459,210.418,0.115092,12.6459,            29P   1962
210.416,0.113878,12.6459,210.414,0.112864,12.6459,210.413,            29P   1963
0.112432,12.6459,210.384,0.0976462,12.6459,210.355,0.0817658,         29P   1964
12.6459,210.324,0.0642299,12.6459,210.321,0.0622806,12.6459,          29P   1965
210.318,0.0602148,12.6459,210.315,0.0588963,12.6459,210.313,          29P   1966
0.057592,12.6459,210.285,0.040862,12.6459,210.256,0.0231528,          29P   1967
12.6459,210.226,0.0035318,12.6459,210.222,0.000708283,12.6459,        29P   1968
210.219,-0.00171102,12.6459,210.217,-0.00307728,12.6459,210.189,      29P   1969
-0.0217039,12.6459,210.161,-0.0415173,12.6459,210.132,-0.063069,      29P   1970
12.6459,210.128,-0.0659575,12.6459,210.125,-0.0684501,12.6459,        29P   1971
210.123,-0.0698253,12.6459,210.096,-0.0904695,12.6459,210.069,        29P   1972
-0.112165,12.6459,210.042,-0.135597,12.6459,210.039,-0.138316,        29P   1973
12.6459,210.036,-0.140701,12.6459,210.034,-0.141994,12.6459,          29P   1974
210.008,-0.164744,12.6459,209.982,-0.18843,12.6459,209.956,           29P   1975
-0.213748,12.6459,209.953,-0.216143,12.6459,209.951,-0.218277,        29P   1976
12.6459,209.925,-0.243732,12.6459,209.899,-0.269988,12.6459,          29P   1977
209.874,-0.297428,12.6459,209.872,-0.299356,12.6459,209.871,          29P   1978
-0.301067,12.6459,209.85,-0.323838,12.6459,209.83,-0.347063,          29P   1979
12.6459,209.81,-0.371079,12.6459,209.809,-0.372815,12.6459,           29P   1980
209.808,-0.374115,12.6459,209.792,-0.39342,12.6459,209.776,           29P   1981
-0.412895,12.6459,209.761,-0.433046,12.6459,209.749,-0.448854,        29P   1982
12.6459,209.737,-0.464689,12.6459,209.719,-0.490741,12.6459,          29P   1983
209.711,-0.501635,12.6459,209.704,-0.512209,12.6459,209.733,          29P   1984
-0.55495,13.0501,209.73,-0.558595,13.0501,209.729,-0.567245,          29P   1985
13.0501,209.733,-0.575183,13.0501,209.739,-0.580317,13.0501,          29P   1986
209.743,-0.582115,13.0501,209.747,-0.582681,13.0501,209.748,          29P   1987
-0.582736,13.0501,209.752,-0.582621,13.0501,209.755,-0.581658,        29P   1988
13.0501,209.758,-0.580231,13.0501,209.758,-0.580026,13.0501,          29P   1989
209.759,-0.57964,13.0501,209.759,-0.579465,13.0501,209.76,            29P   1990
-0.579052,13.0501,209.76,-0.578837,13.0501,209.761,-0.578327,         29P   1991
13.0501,209.761,-0.578044,13.0501,209.77,-0.570911,13.0501,           29P   1992
209.778,-0.563799,13.0501,209.787,-0.556326,13.0501,209.788,          29P   1993
-0.555442,13.0501,209.802,-0.54389,13.0501,209.817,-0.532324,         29P   1994
13.0501,209.831,-0.520559,13.0501,209.851,-0.504965,13.0501,          29P   1995
209.87,-0.489665,13.0501,209.889,-0.474666,13.0501,209.891,           29P   1996
-0.473275,13.0501,209.915,-0.454791,13.0501,209.939,-0.436565,        29P   1997
13.0501,209.963,-0.418313,13.0501,209.966,-0.416208,13.0501,          29P   1998
209.994,-0.394692,13.0501,210.023,-0.373975,13.0501,210.05,           29P   1999
-0.354042,13.0501,210.053,-0.352088,13.0501,210.057,-0.349408,        29P   2000
13.0501,210.085,-0.328922,13.0501,210.113,-0.309442,13.0501,          29P   2001
210.14,-0.291078,13.0501,210.141,-0.289977,13.0501,210.144,           29P   2002
-0.28793,13.0501,210.149,-0.284841,13.0501,210.177,-0.265333,         29P   2003
13.0501,210.204,-0.247003,13.0501,210.23,-0.229947,13.0501,           29P   2004
210.232,-0.229093,13.0501,210.235,-0.226612,13.0501,210.241,          29P   2005
-0.222989,13.0501,210.27,-0.203902,13.0501,210.297,-0.186491,         29P   2006
13.0501,210.323,-0.170359,13.0501,210.324,-0.169294,13.0501,          29P   2007
210.326,-0.168244,13.0501,210.33,-0.165841,13.0501,210.335,           29P   2008
-0.162289,13.0501,210.364,-0.14444,13.0501,210.39,-0.128231,          29P   2009
13.0501,210.415,-0.113177,13.0501,210.417,-0.112299,13.0501,          29P   2010
210.418,-0.111358,13.0501,210.42,-0.110285,13.0501,210.424,           29P   2011
-0.10783,13.0501,210.43,-0.104251,13.0501,210.458,-0.0871609,         29P   2012
13.0501,210.485,-0.0717432,13.0501,210.51,-0.0573552,13.0501,         29P   2013
210.511,-0.0563802,13.0501,210.513,-0.0554065,13.0501,210.515,        29P   2014
-0.0543362,13.0501,210.519,-0.0519483,13.0501,210.525,                29P   2015
-0.0484415,13.0501,210.553,-0.0323142,13.0501,210.579,                29P   2016
-0.0175802,13.0501,210.603,-0.0042259,13.0501,210.605,                29P   2017
-0.00331416,13.0501,210.607,-0.00219792,13.0501,210.609,              29P   2018
-0.00115008,13.0501,210.61,-0.00015201,13.0501,210.615,               29P   2019
0.00212444,13.0501,210.621,0.00545211,13.0501,210.649,0.0208698,      29P   2020
13.0501,210.675,0.0350312,13.0501,210.699,0.0480111,13.0501,          29P   2021
210.701,0.0490414,13.0501,210.703,0.0502325,13.0501,210.705,          29P   2022
0.0512426,13.0501,210.707,0.05213,13.0501,210.711,0.0542102,          29P   2023
13.0501,210.717,0.0572666,13.0501,210.745,0.07212,13.0501,            29P   2024
210.771,0.085964,13.0501,210.796,0.0987021,13.0501,210.798,           29P   2025
0.099855,13.0501,210.801,0.101269,13.0501,210.804,0.10259,            29P   2026
13.0501,210.808,0.10462,13.0501,210.813,0.107329,13.0501,             29P   2027
210.842,0.121867,13.0501,210.868,0.135211,13.0501,210.893,            29P   2028
0.147506,13.0501,210.895,0.148196,13.0501,210.897,0.149192,           29P   2029
13.0501,210.899,0.150308,13.0501,210.901,0.151441,13.0501,            29P   2030
210.905,0.153075,13.0501,210.909,0.155336,13.0501,210.938,            29P   2031
0.169349,13.0501,210.966,0.182437,13.0501,210.992,0.194675,           29P   2032
13.0501,210.994,0.195493,13.0501,210.996,0.196534,13.0501,            29P   2033
210.998,0.197531,13.0501,211.,0.198413,13.0501,211.002,0.199607,      29P   2034
13.0501,211.006,0.201406,13.0501,211.035,0.215006,13.0501,            29P   2035
211.064,0.228009,13.0501,211.091,0.240326,13.0501,211.093,            29P   2036
0.241283,13.0501,211.096,0.242427,13.0501,211.099,0.243939,           29P   2037
13.0501,211.103,0.245778,13.0501,211.127,0.256555,13.0501,            29P   2038
211.151,0.267105,13.0501,211.174,0.277109,13.0501,211.176,            29P   2039
0.278155,13.0501,211.179,0.279081,13.0501,211.18,0.279912,            29P   2040
13.0501,211.182,0.280646,13.0501,211.184,0.281505,13.0501,            29P   2041
211.203,0.289404,13.0501,211.222,0.297569,13.0501,211.241,            29P   2042
0.305486,13.0501,211.244,0.306646,13.0501,211.245,0.307377,           29P   2043
13.0501,211.247,0.307999,13.0501,211.248,0.308556,13.0501,            29P   2044
211.25,0.309152,13.0501,211.264,0.315283,13.0501,211.279,             29P   2045
0.321432,13.0501,211.294,0.327605,13.0501,211.296,0.328582,           29P   2046
13.0501,211.298,0.329422,13.0501,211.307,0.332806,13.0501,            29P   2047
211.314,0.335763,13.0501,211.322,0.339192,13.0501,211.324,            29P   2048
0.339796,13.0501,211.327,0.340681,13.0501,211.328,0.34109,            29P   2049
13.0501,211.329,0.341792,13.0501,211.329,0.341988,13.0501,            29P   2050
211.33,0.342508,13.0501,211.33,0.34285,13.0501,211.332,0.343847,      29P   2051
13.0501,211.333,0.34454,13.0501,211.335,0.3466,13.0501,211.336,       29P   2052
0.348764,13.0501,211.338,0.352113,13.0501,211.339,0.354387,           29P   2053
13.0501,211.339,0.356382,13.0501,211.34,0.35796,13.0501,211.34,       29P   2054
0.360688,13.0501,211.34,0.363701,13.0501,211.339,0.366778,            29P   2055
13.0501,211.338,0.368509,13.0501,211.337,0.370164,13.0501,            29P   2056
211.336,0.371874,13.0501,211.335,0.374321,13.0501,211.332,            29P   2057
0.376644,13.0501,211.33,0.378504,13.0501,211.328,0.379606,            29P   2058
13.0501,211.327,0.380167,13.0501,211.325,0.38089,13.0501,             29P   2059
211.323,0.381381,13.0501,211.321,0.38162,13.0501,211.319,             29P   2060
0.381661,13.0501,211.319,0.381628,13.0501,211.317,0.381511,           29P   2061
13.0501,211.316,0.381449,13.0501,211.315,0.381385,13.0501,            29P   2062
211.314,0.381358,13.0501,211.313,0.381303,13.0501,211.312,            29P   2063
0.381279,13.0501,211.31,0.381183,13.0501,211.309,0.381109,            29P   2064
13.0501,211.307,0.381008,13.0501,211.306,0.380982,13.0501,            29P   2065
211.305,0.380927,13.0501,211.304,0.380897,13.0501,211.303,            29P   2066
0.380836,13.0501,211.302,0.380804,13.0501,211.299,0.380627,           29P   2067
13.0501,211.296,0.380478,13.0501,211.291,0.380208,13.0501,            29P   2068
211.287,0.37999,13.0501,211.283,0.379762,13.0501,211.281,             29P   2069
0.379621,13.0501,211.279,0.379524,13.0501,211.277,0.379384,           29P   2070
13.0501,211.275,0.379252,13.0501,211.272,0.379092,13.0501,            29P   2071
211.27,0.378923,13.0501,211.267,0.378737,13.0501,211.263,             29P   2072
0.378488,13.0501,211.257,0.378045,13.0501,211.245,0.377201,           29P   2073
13.0501,211.233,0.376266,13.0501,211.224,0.375464,13.0501,            29P   2074
211.22,0.375094,13.0501,211.218,0.374901,13.0501,211.215,             29P   2075
0.374641,13.0501,211.212,0.374388,13.0501,211.208,0.374001,           29P   2076
13.0501,211.203,0.373475,13.0501,211.185,0.371551,13.0501,            29P   2077
211.165,0.369269,13.0501,211.148,0.367032,13.0501,211.144,            29P   2078
0.366486,13.0501,211.142,0.366216,13.0501,211.14,0.365921,            29P   2079
13.0501,211.138,0.365666,13.0501,211.135,0.365334,13.0501,            29P   2080
211.132,0.364831,13.0501,211.106,0.361267,13.0501,211.079,            29P   2081
0.357014,13.0501,211.053,0.352487,13.0501,211.049,0.351751,           29P   2082
13.0501,211.047,0.351401,13.0501,211.046,0.351094,13.0501,            29P   2083
211.044,0.350829,13.0501,211.042,0.350387,13.0501,211.009,            29P   2084
0.344371,13.0501,210.975,0.337096,13.0501,210.941,0.329044,           29P   2085
13.0501,210.937,0.328023,13.0501,210.934,0.327472,13.0501,210.9,      29P   2086
0.319088,13.0501,210.865,0.309628,13.0501,210.83,0.299034,            29P   2087
13.0501,210.826,0.297801,13.0501,210.824,0.29718,13.0501,210.79,      29P   2088
0.286895,13.0501,210.757,0.275974,13.0501,210.723,0.263598,           29P   2089
13.0501,210.72,0.262467,13.0501,210.717,0.261307,13.0501,             29P   2090
210.715,0.260618,13.0501,210.683,0.248762,13.0501,210.651,            29P   2091
0.236031,13.0501,210.62,0.222545,13.0501,210.617,0.221373,            29P   2092
13.0501,210.615,0.22025,13.0501,210.612,0.218986,13.0501,210.61,      29P   2093
0.218177,13.0501,210.579,0.204547,13.0501,210.548,0.190185,           29P   2094
13.0501,210.517,0.174748,13.0501,210.514,0.173196,13.0501,            29P   2095
210.511,0.171665,13.0501,210.508,0.17046,13.0501,210.506,             29P   2096
0.169493,13.0501,210.505,0.168728,13.0501,210.475,0.153802,           29P   2097
13.0501,210.446,0.138042,13.0501,210.416,0.120786,13.0501,            29P   2098
210.413,0.119053,13.0501,210.41,0.117079,13.0501,210.407,             29P   2099
0.115734,13.0501,210.405,0.114612,13.0501,210.404,0.113773,           29P   2100
13.0501,210.376,0.0974037,13.0501,210.347,0.0799248,13.0501,          29P   2101
210.318,0.0606604,13.0501,210.315,0.0585825,13.0501,210.311,          29P   2102
0.0563372,13.0501,210.309,0.0548764,13.0501,210.307,0.0534444,        29P   2103
13.0501,210.279,0.0349758,13.0501,210.252,0.0155842,13.0501,          29P   2104
210.223,-0.00584284,13.0501,210.219,-0.00896665,13.0501,210.215,      29P   2105
-0.0118068,13.0501,210.213,-0.0132491,13.0501,210.187,                29P   2106
-0.0334645,13.0501,210.16,-0.0546647,13.0501,210.133,-0.0779041,      29P   2107
13.0501,210.129,-0.0811616,13.0501,210.126,-0.0839518,13.0501,        29P   2108
210.124,-0.0854239,13.0501,210.098,-0.107518,13.0501,210.073,         29P   2109
-0.130731,13.0501,210.046,-0.155862,13.0501,210.043,-0.159031,        29P   2110
13.0501,210.04,-0.161671,13.0501,210.039,-0.163069,13.0501,           29P   2111
210.014,-0.187219,13.0501,209.99,-0.212498,13.0501,209.965,           29P   2112
-0.239452,13.0501,209.962,-0.242312,13.0501,209.96,-0.244612,         29P   2113
13.0501,209.936,-0.271745,13.0501,209.912,-0.299244,13.0501,          29P   2114
209.888,-0.328266,13.0501,209.887,-0.330551,13.0501,209.885,          29P   2115
-0.332371,13.0501,209.866,-0.356527,13.0501,209.847,-0.380901,        29P   2116
13.0501,209.829,-0.406288,13.0501,209.828,-0.407834,13.0501,          29P   2117
209.827,-0.40921,13.0501,209.812,-0.429647,13.0501,209.798,           29P   2118
-0.450987,13.0501,209.784,-0.472283,13.0501,209.773,-0.488872,        29P   2119
13.0501,209.763,-0.504988,13.0501,209.746,-0.532304,13.0501,          29P   2120
209.739,-0.543807,13.0501,209.733,-0.55495,13.0501,209.778,           29P   2121
-0.604588,13.2891,209.776,-0.608462,13.2891,209.776,-0.617218,        29P   2122
13.2891,209.781,-0.624881,13.2891,209.786,-0.629536,13.2891,          29P   2123
209.79,-0.631065,13.2891,209.795,-0.631408,13.2891,209.796,           29P   2124
-0.631417,13.2891,209.8,-0.631173,13.2891,209.803,-0.630045,          29P   2125
13.2891,209.806,-0.628416,13.2891,209.806,-0.628193,13.2891,          29P   2126
209.807,-0.627765,13.2891,209.807,-0.627562,13.2891,209.807,          29P   2127
-0.627124,13.2891,209.808,-0.626899,13.2891,209.808,-0.626371,        29P   2128
13.2891,209.809,-0.62607,13.2891,209.816,-0.618304,13.2891,           29P   2129
209.825,-0.610551,13.2891,209.833,-0.602446,13.2891,209.834,          29P   2130
-0.601484,13.2891,209.847,-0.588921,13.2891,209.86,-0.576183,         29P   2131
13.2891,209.874,-0.563346,13.2891,209.892,-0.54637,13.2891,           29P   2132
209.91,-0.529835,13.2891,209.928,-0.513471,13.2891,209.93,            29P   2133
-0.511953,13.2891,209.952,-0.49168,13.2891,209.975,-0.471811,         29P   2134
13.2891,209.997,-0.451879,13.2891,210.,-0.449648,13.2891,             29P   2135
210.027,-0.42602,13.2891,210.053,-0.403346,13.2891,210.08,            29P   2136
-0.381526,13.2891,210.082,-0.379507,13.2891,210.085,-0.376573,        29P   2137
13.2891,210.113,-0.354063,13.2891,210.139,-0.33273,13.2891,           29P   2138
210.164,-0.312584,13.2891,210.165,-0.311455,13.2891,210.168,          29P   2139
-0.309209,13.2891,210.173,-0.305819,13.2891,210.2,-0.284346,          29P   2140
13.2891,210.225,-0.264191,13.2891,210.25,-0.245419,13.2891,           29P   2141
210.251,-0.244537,13.2891,210.255,-0.241805,13.2891,210.26,           29P   2142
-0.237818,13.2891,210.288,-0.216741,13.2891,210.313,-0.197555,        29P   2143
13.2891,210.338,-0.179779,13.2891,210.339,-0.178664,13.2891,          29P   2144
210.341,-0.177507,13.2891,210.345,-0.174859,13.2891,210.35,           29P   2145
-0.170945,13.2891,210.377,-0.151303,13.2891,210.402,-0.133427,        29P   2146
13.2891,210.426,-0.116781,13.2891,210.427,-0.115807,13.2891,          29P   2147
210.429,-0.11474,13.2891,210.431,-0.113553,13.2891,210.435,           29P   2148
-0.110837,13.2891,210.44,-0.106877,13.2891,210.467,-0.0880351,        29P   2149
13.2891,210.493,-0.0709313,13.2891,210.516,-0.0549785,13.2891,        29P   2150
210.518,-0.0538501,13.2891,210.52,-0.0527406,13.2891,210.522,         29P   2151
-0.0515539,13.2891,210.525,-0.0489067,13.2891,210.531,                29P   2152
-0.0450193,13.2891,210.558,-0.0270364,13.2891,210.583,                29P   2153
-0.0106972,13.2891,210.606,0.00415279,13.2891,210.608,                29P   2154
0.00516672,13.2891,210.61,0.00630891,13.2891,210.612,0.00747023,      29P   2155
13.2891,210.613,0.00858073,13.2891,210.617,0.011114,13.2891,          29P   2156
210.623,0.0148186,13.2891,210.65,0.0321245,13.2891,210.675,           29P   2157
0.0479316,13.2891,210.699,0.062407,13.2891,210.701,0.063556,          29P   2158
13.2891,210.703,0.0647573,13.2891,210.704,0.0658778,13.2891,          29P   2159
210.706,0.0668674,13.2891,210.71,0.0691871,13.2891,210.715,           29P   2160
0.0725952,13.2891,210.743,0.0893121,13.2891,210.768,0.10475,          29P   2161
13.2891,210.792,0.118983,13.2891,210.794,0.120271,13.2891,            29P   2162
210.797,0.121704,13.2891,210.799,0.123174,13.2891,210.803,            29P   2163
0.125444,13.2891,210.808,0.128474,13.2891,210.836,0.144747,           29P   2164
13.2891,210.862,0.159714,13.2891,210.886,0.173528,13.2891,            29P   2165
210.887,0.174303,13.2891,210.889,0.175423,13.2891,210.891,            29P   2166
0.176677,13.2891,210.894,0.177943,13.2891,210.897,0.179779,           29P   2167
13.2891,210.901,0.182322,13.2891,210.929,0.198088,13.2891,            29P   2168
210.956,0.212828,13.2891,210.981,0.226604,13.2891,210.983,            29P   2169
0.227525,13.2891,210.985,0.228697,13.2891,210.987,0.229819,           29P   2170
13.2891,210.989,0.230803,13.2891,210.991,0.232148,13.2891,            29P   2171
210.995,0.234173,13.2891,211.023,0.249489,13.2891,211.051,            29P   2172
0.264122,13.2891,211.077,0.277997,13.2891,211.079,0.279076,           29P   2173
13.2891,211.082,0.280365,13.2891,211.085,0.282068,13.2891,            29P   2174
211.089,0.284132,13.2891,211.112,0.296285,13.2891,211.135,            29P   2175
0.308194,13.2891,211.158,0.319524,13.2891,211.16,0.32071,             29P   2176
13.2891,211.162,0.321759,13.2891,211.164,0.322701,13.2891,            29P   2177
211.166,0.323525,13.2891,211.168,0.324499,13.2891,211.186,            29P   2178
0.333465,13.2891,211.205,0.342743,13.2891,211.223,0.351711,           29P   2179
13.2891,211.226,0.353024,13.2891,211.227,0.353851,13.2891,            29P   2180
211.229,0.354556,13.2891,211.23,0.355177,13.2891,211.231,             29P   2181
0.355851,13.2891,211.246,0.362793,13.2891,211.26,0.369738,            29P   2182
13.2891,211.275,0.376738,13.2891,211.277,0.377846,13.2891,            29P   2183
211.279,0.378798,13.2891,211.287,0.382624,13.2891,211.294,            29P   2184
0.385975,13.2891,211.302,0.389871,13.2891,211.304,0.390698,           29P   2185
13.2891,211.306,0.392112,13.2891,211.307,0.392691,13.2891,            29P   2186
211.308,0.393608,13.2891,211.308,0.393882,13.2891,211.309,            29P   2187
0.394575,13.2891,211.309,0.395004,13.2891,211.311,0.396206,           29P   2188
13.2891,211.311,0.39701,13.2891,211.313,0.399425,13.2891,             29P   2189
211.314,0.401902,13.2891,211.315,0.405503,13.2891,211.315,            29P   2190
0.407847,13.2891,211.315,0.409841,13.2891,211.315,0.411368,           29P   2191
13.2891,211.315,0.413775,13.2891,211.314,0.416602,13.2891,            29P   2192
211.312,0.419383,13.2891,211.311,0.421054,13.2891,211.31,             29P   2193
0.422454,13.2891,211.309,0.423829,13.2891,211.307,0.425705,           29P   2194
13.2891,211.304,0.427412,13.2891,211.301,0.428602,13.2891,            29P   2195
211.299,0.429191,13.2891,211.297,0.429385,13.2891,211.295,            29P   2196
0.429553,13.2891,211.294,0.429644,13.2891,211.292,0.429604,           29P   2197
13.2891,211.29,0.429526,13.2891,211.29,0.429456,13.2891,211.288,      29P   2198
0.429303,13.2891,211.287,0.429206,13.2891,211.285,0.429068,           29P   2199
13.2891,211.285,0.429014,13.2891,211.284,0.428915,13.2891,            29P   2200
211.283,0.42887,13.2891,211.281,0.428692,13.2891,211.28,              29P   2201
0.428558,13.2891,211.278,0.428374,13.2891,211.277,0.428327,           29P   2202
13.2891,211.276,0.428227,13.2891,211.275,0.428174,13.2891,            29P   2203
211.274,0.428064,13.2891,211.273,0.428007,13.2891,211.27,             29P   2204
0.427691,13.2891,211.267,0.427425,13.2891,211.262,0.42695,            29P   2205
13.2891,211.258,0.426568,13.2891,211.255,0.426172,13.2891,            29P   2206
211.252,0.425927,13.2891,211.251,0.425759,13.2891,211.248,            29P   2207
0.425518,13.2891,211.246,0.425292,13.2891,211.244,0.425018,           29P   2208
13.2891,211.241,0.424729,13.2891,211.238,0.424412,13.2891,            29P   2209
211.234,0.423992,13.2891,211.228,0.423249,13.2891,211.216,            29P   2210
0.42186,13.2891,211.205,0.420375,13.2891,211.195,0.419147,            29P   2211
13.2891,211.191,0.418589,13.2891,211.189,0.418301,13.2891,            29P   2212
211.186,0.417913,13.2891,211.184,0.417538,13.2891,211.18,             29P   2213
0.416971,13.2891,211.175,0.416204,13.2891,211.156,0.413442,           29P   2214
13.2891,211.137,0.410293,13.2891,211.12,0.407251,13.2891,             29P   2215
211.116,0.40651,13.2891,211.114,0.406144,13.2891,211.112,             29P   2216
0.405744,13.2891,211.11,0.4054,13.2891,211.107,0.40495,13.2891,       29P   2217
211.104,0.404271,13.2891,211.078,0.399472,13.2891,211.051,            29P   2218
0.39384,13.2891,211.026,0.387983,13.2891,211.022,0.387033,            29P   2219
13.2891,211.02,0.386583,13.2891,211.019,0.386188,13.2891,             29P   2220
211.017,0.385846,13.2891,211.015,0.385279,13.2891,210.983,            29P   2221
0.377556,13.2891,210.949,0.368431,13.2891,210.915,0.358539,           29P   2222
13.2891,210.911,0.357287,13.2891,210.909,0.356612,13.2891,            29P   2223
210.875,0.346438,13.2891,210.841,0.335056,13.2891,210.806,            29P   2224
0.32246,13.2891,210.802,0.320995,13.2891,210.8,0.320156,13.2891,      29P   2225
210.767,0.307961,13.2891,210.735,0.295109,13.2891,210.702,            29P   2226
0.280736,13.2891,210.699,0.279424,13.2891,210.696,0.278079,           29P   2227
13.2891,210.694,0.277323,13.2891,210.663,0.263586,13.2891,            29P   2228
210.632,0.248968,13.2891,210.602,0.23359,13.2891,210.599,             29P   2229
0.232256,13.2891,210.597,0.230978,13.2891,210.594,0.229536,           29P   2230
13.2891,210.592,0.228612,13.2891,210.562,0.213097,13.2891,            29P   2231
210.532,0.196837,13.2891,210.502,0.179482,13.2891,210.499,            29P   2232
0.177728,13.2891,210.496,0.175996,13.2891,210.494,0.174638,           29P   2233
13.2891,210.492,0.173551,13.2891,210.49,0.172693,13.2891,             29P   2234
210.462,0.155958,13.2891,210.434,0.138363,13.2891,210.405,            29P   2235
0.119193,13.2891,210.402,0.11717,13.2891,210.399,0.114905,            29P   2236
13.2891,210.396,0.113412,13.2891,210.394,0.112167,13.2891,            29P   2237
210.393,0.11141,13.2891,210.366,0.093254,13.2891,210.339,             29P   2238
0.0739541,13.2891,210.311,0.0527852,13.2891,210.308,0.0504731,        29P   2239
13.2891,210.305,0.0479938,13.2891,210.303,0.0463931,13.2891,          29P   2240
210.301,0.0448217,13.2891,210.275,0.0246065,13.2891,210.249,          29P   2241
0.00341961,13.2891,210.222,-0.0198071,13.2891,210.218,                29P   2242
-0.0231846,13.2891,210.214,-0.0262464,13.2891,210.212,                29P   2243
-0.0279249,13.2891,210.187,-0.0499425,13.2891,210.162,                29P   2244
-0.0729809,13.2891,210.137,-0.0980846,13.2891,210.133,-0.101538,      29P   2245
13.2891,210.13,-0.104533,13.2891,210.129,-0.106148,13.2891,           29P   2246
210.105,-0.130079,13.2891,210.081,-0.155082,13.2891,210.057,          29P   2247
-0.182074,13.2891,210.054,-0.185357,13.2891,210.051,-0.188172,        29P   2248
13.2891,210.05,-0.189644,13.2891,210.027,-0.215652,13.2891,           29P   2249
210.004,-0.242696,13.2891,209.982,-0.271498,13.2891,209.98,           29P   2250
-0.274408,13.2891,209.978,-0.276851,13.2891,209.955,-0.305718,        29P   2251
13.2891,209.934,-0.335111,13.2891,209.913,-0.365952,13.2891,          29P   2252
209.911,-0.368266,13.2891,209.91,-0.370189,13.2891,209.893,           29P   2253
-0.395739,13.2891,209.877,-0.421624,13.2891,209.861,-0.448448,        29P   2254
13.2891,209.86,-0.450041,13.2891,209.859,-0.451491,13.2891,           29P   2255
209.846,-0.472993,13.2891,209.833,-0.495277,13.2891,209.821,          29P   2256
-0.517653,13.2891,209.812,-0.535302,13.2891,209.803,-0.552458,        29P   2257
13.2891,209.789,-0.581112,13.2891,209.784,-0.59294,13.2891,           29P   2258
209.778,-0.604588,13.2891,209.807,-0.6351,13.409,209.806,             29P   2259
-0.639113,13.409,209.805,-0.647947,13.409,209.811,-0.65544,           29P   2260
13.409,209.817,-0.659786,13.409,209.821,-0.66114,13.409,209.825,      29P   2261
-0.66133,13.409,209.826,-0.661309,13.409,209.83,-0.66098,13.409,      29P   2262
209.833,-0.65974,13.409,209.836,-0.657974,13.409,209.836,             29P   2263
-0.657741,13.409,209.837,-0.657282,13.409,209.837,-0.657058,          29P   2264
13.409,209.837,-0.656603,13.409,209.838,-0.656372,13.409,             29P   2265
209.838,-0.655833,13.409,209.839,-0.655521,13.409,209.846,            29P   2266
-0.647352,13.409,209.854,-0.639182,13.409,209.862,-0.630681,          29P   2267
13.409,209.863,-0.629669,13.409,209.875,-0.616458,13.409,             29P   2268
209.888,-0.602981,13.409,209.901,-0.589464,13.409,209.918,            29P   2269
-0.571636,13.409,209.935,-0.554334,13.409,209.953,-0.537108,          29P   2270
13.409,209.954,-0.53551,13.409,209.976,-0.514109,13.409,209.997,      29P   2271
-0.493208,13.409,210.019,-0.472222,13.409,210.021,-0.469901,          29P   2272
13.409,210.047,-0.444942,13.409,210.073,-0.421038,13.409,             29P   2273
210.098,-0.398035,13.409,210.1,-0.395982,13.409,210.103,              29P   2274
-0.392888,13.409,210.13,-0.369105,13.409,210.155,-0.346611,           29P   2275
13.409,210.179,-0.32535,13.409,210.18,-0.32421,13.409,210.183,        29P   2276
-0.321839,13.409,210.187,-0.318261,13.409,210.213,-0.295552,          29P   2277
13.409,210.238,-0.274259,13.409,210.262,-0.254417,13.409,             29P   2278
210.263,-0.253525,13.409,210.267,-0.250638,13.409,210.272,            29P   2279
-0.246423,13.409,210.299,-0.224095,13.409,210.324,-0.203806,          29P   2280
13.409,210.347,-0.185012,13.409,210.349,-0.183879,13.409,210.35,      29P   2281
-0.182655,13.409,210.354,-0.179856,13.409,210.359,-0.175717,          29P   2282
13.409,210.385,-0.154975,13.409,210.409,-0.136072,13.409,             29P   2283
210.433,-0.118442,13.409,210.434,-0.117407,13.409,210.435,            29P   2284
-0.116256,13.409,210.437,-0.114999,13.409,210.441,-0.112122,          29P   2285
13.409,210.446,-0.107926,13.409,210.473,-0.0880133,13.409,            29P   2286
210.497,-0.0698674,13.409,210.52,-0.052954,13.409,210.522,            29P   2287
-0.0517273,13.409,210.524,-0.0505266,13.409,210.525,-0.0492687,       29P   2288
13.409,210.529,-0.0464625,13.409,210.535,-0.042342,13.409,            29P   2289
210.561,-0.0232116,13.409,210.586,-0.00589555,13.409,210.608,         29P   2290
0.00986641,13.409,210.61,0.0109427,13.409,210.611,0.0120857,          29P   2291
13.409,210.613,0.0133187,13.409,210.615,0.0144978,13.409,             29P   2292
210.619,0.0171878,13.409,210.624,0.0211223,13.409,210.651,            29P   2293
0.0395965,13.409,210.675,0.0564074,13.409,210.698,0.0717877,          29P   2294
13.409,210.7,0.0730085,13.409,210.702,0.0741964,13.409,210.704,       29P   2295
0.0753868,13.409,210.705,0.0764382,13.409,210.709,0.0789026,          29P   2296
13.409,210.714,0.0825229,13.409,210.741,0.100382,13.409,210.766,      29P   2297
0.116774,13.409,210.789,0.131902,13.409,210.792,0.133271,13.409,      29P   2298
210.794,0.134691,13.409,210.796,0.136254,13.409,210.8,0.138667,       29P   2299
13.409,210.805,0.14189,13.409,210.832,0.159198,13.409,210.857,        29P   2300
0.175135,13.409,210.881,0.189857,13.409,210.882,0.190683,13.409,      29P   2301
210.884,0.191876,13.409,210.886,0.193213,13.409,210.888,              29P   2302
0.194563,13.409,210.892,0.19652,13.409,210.896,0.199231,13.409,       29P   2303
210.923,0.21604,13.409,210.949,0.231763,13.409,210.974,0.246448,      29P   2304
13.409,210.976,0.247429,13.409,210.978,0.248678,13.409,210.98,        29P   2305
0.249874,13.409,210.982,0.250923,13.409,210.984,0.252356,13.409,      29P   2306
210.988,0.254515,13.409,211.015,0.270836,13.409,211.042,0.28642,      29P   2307
13.409,211.068,0.301201,13.409,211.07,0.302351,13.409,211.073,        29P   2308
0.303723,13.409,211.076,0.305538,13.409,211.08,0.307737,13.409,       29P   2309
211.103,0.320686,13.409,211.125,0.333381,13.409,211.148,              29P   2310
0.345484,13.409,211.15,0.346751,13.409,211.152,0.347872,13.409,       29P   2311
211.154,0.348878,13.409,211.155,0.349759,13.409,211.157,0.3508,       29P   2312
13.409,211.175,0.360384,13.409,211.193,0.370312,13.409,211.211,       29P   2313
0.379884,13.409,211.214,0.381285,13.409,211.216,0.382168,13.409,      29P   2314
211.217,0.382919,13.409,211.218,0.383582,13.409,211.22,0.3843,        29P   2315
13.409,211.234,0.391703,13.409,211.248,0.3991,13.409,211.262,         29P   2316
0.40657,13.409,211.265,0.407753,13.409,211.267,0.40877,13.409,        29P   2317
211.274,0.412848,13.409,211.281,0.416422,13.409,211.29,0.420584,      29P   2318
13.409,211.291,0.421558,13.409,211.293,0.423324,13.409,211.294,       29P   2319
0.42401,13.409,211.295,0.425055,13.409,211.295,0.425379,13.409,       29P   2320
211.296,0.426175,13.409,211.296,0.426656,13.409,211.297,              29P   2321
0.427975,13.409,211.297,0.428839,13.409,211.299,0.431454,13.409,      29P   2322
211.299,0.434111,13.409,211.3,0.437846,13.409,211.3,0.440217,         29P   2323
13.409,211.299,0.442197,13.409,211.299,0.443698,13.409,211.298,       29P   2324
0.44585,13.409,211.297,0.448543,13.409,211.295,0.451125,13.409,       29P   2325
211.294,0.452785,13.409,211.293,0.454018,13.409,211.291,              29P   2326
0.455168,13.409,211.289,0.456663,13.409,211.286,0.457979,13.409,      29P   2327
211.283,0.45875,13.409,211.28,0.459026,13.409,211.279,0.458985,       29P   2328
13.409,211.277,0.458797,13.409,211.275,0.45864,13.409,211.273,        29P   2329
0.458442,13.409,211.272,0.458308,13.409,211.271,0.458227,13.409,      29P   2330
211.27,0.45808,13.409,211.269,0.457973,13.409,211.267,0.457797,       29P   2331
13.409,211.267,0.457728,13.409,211.265,0.457602,13.409,211.265,       29P   2332
0.457546,13.409,211.263,0.45732,13.409,211.261,0.45715,13.409,        29P   2333
211.259,0.456918,13.409,211.259,0.456858,13.409,211.258,              29P   2334
0.456732,13.409,211.257,0.456665,13.409,211.256,0.456526,13.409,      29P   2335
211.255,0.456454,13.409,211.252,0.456054,13.409,211.249,0.45572,      29P   2336
13.409,211.244,0.455123,13.409,211.24,0.454642,13.409,211.236,        29P   2337
0.454146,13.409,211.234,0.453839,13.409,211.232,0.453628,13.409,      29P   2338
211.23,0.453326,13.409,211.228,0.453042,13.409,211.225,0.452699,      29P   2339
13.409,211.223,0.452337,13.409,211.22,0.451942,13.409,211.216,        29P   2340
0.451417,13.409,211.21,0.450491,13.409,211.198,0.448769,13.409,       29P   2341
211.187,0.446949,13.409,211.177,0.445462,13.409,211.173,              29P   2342
0.444791,13.409,211.171,0.444444,13.409,211.169,0.443979,13.409,      29P   2343
211.166,0.443532,13.409,211.162,0.442855,13.409,211.157,              29P   2344
0.441944,13.409,211.138,0.438679,13.409,211.119,0.435013,13.409,      29P   2345
211.102,0.431486,13.409,211.098,0.430628,13.409,211.096,              29P   2346
0.430205,13.409,211.094,0.429742,13.409,211.092,0.429343,13.409,      29P   2347
211.09,0.428823,13.409,211.086,0.428037,13.409,211.061,0.42249,       29P   2348
13.409,211.034,0.416016,13.409,211.009,0.409347,13.409,211.005,       29P   2349
0.408266,13.409,211.003,0.407754,13.409,211.002,0.407305,13.409,      29P   2350
211.,0.406918,13.409,210.998,0.406274,13.409,210.966,0.397508,        29P   2351
13.409,210.932,0.387259,13.409,210.899,0.376245,13.409,210.895,       29P   2352
0.374852,13.409,210.893,0.374102,13.409,210.86,0.362845,13.409,       29P   2353
210.826,0.350284,13.409,210.792,0.336465,13.409,210.788,              29P   2354
0.334859,13.409,210.785,0.333872,13.409,210.753,0.320508,13.409,      29P   2355
210.721,0.306466,13.409,210.689,0.290868,13.409,210.686,              29P   2356
0.289445,13.409,210.683,0.287987,13.409,210.681,0.287195,13.409,      29P   2357
210.651,0.272307,13.409,210.62,0.256537,13.409,210.59,0.240002,       29P   2358
13.409,210.588,0.238569,13.409,210.585,0.237198,13.409,210.583,       29P   2359
0.235649,13.409,210.581,0.234656,13.409,210.551,0.217988,13.409,      29P   2360
210.522,0.200564,13.409,210.493,0.182029,13.409,210.49,0.180148,      29P   2361
13.409,210.487,0.178291,13.409,210.485,0.176841,13.409,210.483,       29P   2362
0.17568,13.409,210.481,0.174764,13.409,210.454,0.156924,13.409,       29P   2363
210.426,0.138201,13.409,210.398,0.117858,13.409,210.395,              29P   2364
0.115644,13.409,210.392,0.113188,13.409,210.39,0.111604,13.409,       29P   2365
210.388,0.110284,13.409,210.387,0.109603,13.409,210.361,              29P   2366
0.0903529,13.409,210.335,0.0699396,13.409,210.307,0.0476074,          29P   2367
13.409,210.304,0.0451476,13.409,210.301,0.0425217,13.409,             29P   2368
210.299,0.0408339,13.409,210.297,0.0391773,13.409,210.272,            29P   2369
0.0179027,13.409,210.247,-0.00437616,13.409,210.221,-0.028692,        29P   2370
13.409,210.217,-0.0322209,13.409,210.214,-0.0354222,13.409,           29P   2371
210.212,-0.0372545,13.409,210.188,-0.0603764,13.409,210.164,          29P   2372
-0.084534,13.409,210.14,-0.110774,13.409,210.136,-0.114337,           29P   2373
13.409,210.133,-0.117465,13.409,210.132,-0.11917,13.409,210.109,      29P   2374
-0.144233,13.409,210.086,-0.170318,13.409,210.063,-0.198444,          29P   2375
13.409,210.061,-0.201779,13.409,210.058,-0.204708,13.409,             29P   2376
210.057,-0.206223,13.409,210.035,-0.233379,13.409,210.014,            29P   2377
-0.261483,13.409,209.993,-0.291412,13.409,209.991,-0.294329,          29P   2378
13.409,209.989,-0.296866,13.409,209.968,-0.326779,13.409,             29P   2379
209.948,-0.357347,13.409,209.929,-0.389286,13.409,209.927,            29P   2380
-0.391599,13.409,209.926,-0.393592,13.409,209.91,-0.41998,            29P   2381
13.409,209.895,-0.446795,13.409,209.881,-0.47448,13.409,209.88,       29P   2382
-0.476095,13.409,209.879,-0.47759,13.409,209.868,-0.499727,           29P   2383
13.409,209.856,-0.522544,13.409,209.845,-0.54557,13.409,209.837,      29P   2384
-0.563879,13.409,209.829,-0.581706,13.409,209.817,-0.611161,          29P   2385
13.409,209.812,-0.623161,13.409,209.807,-0.6351,13.409,0.,            29P   2386
3.17662,0.,5.36524;                                                   29P   2387
S      5G      3D     30P   2387                                        T      1
