This is a NASA-IGES-NURBS-Only file converted by:                       S      1
NIGES Translator Version 3.2 developed at NASA Ames Research Center.    S      2
Conversion done on: Mon May 20 14:04:45 1996.                           S      3
>>>>>>>>>>>>>>>>>>>> Original Start Section follows <<<<<<<<<<<<<<<<<<<<S      4
                                                                        S      5
1H,,1H;,,20Hcmpr rotor5     srf ,22HIBM PROFESSIONAL CADAM,47HIBM IGES PG      1
rocessor for AIX and UNIX V2R2 (1994),32,75,6,75,15,,1.,1,4HINCH,1000,  G      2
0.125984,13H960520.101150,1.00000E-06,223.474,,,8,0,;                   G      3
     406       1       1       1       0       0       0       000020101D      1
     406       0       0       1      15                               0D      2
     406       2       1       1       0       0       0       000020101D      3
     406       0       0       1      15                               0D      4
     126       3       0       1       0       0       0       000000000D      5
     126     109       0      34       0                               0D      6
     126      37       0       1       0       0       0       000000000D      7
     126     109       0      34       0                               0D      8
     126      71       0       1       0       0       0       000000000D      9
     126     109       0      34       0                               0D     10
     126     105       0       1       0       0       0       000000000D     11
     126     109       0      34       0                               0D     12
     126     139       0       1       0       0       0       000000000D     13
     126     109       0      33       0                               0D     14
     126     172       0       1       0       0       0       000000000D     15
     126     109       0      34       0                               0D     16
     126     206       0       1       0       0       0       000000000D     17
     126     109       0      34       0                               0D     18
     126     240       0       1       0       0       0       000000000D     19
     126     109       0      34       0                               0D     20
     126     274       0       1       0       0       0       000000000D     21
     126     109       0      33       0                               0D     22
     126     307       0       1       0       0       0       000000000D     23
     126     109       0      34       0                               0D     24
     126     341       0       1       0       0       0       000000000D     25
     126     109       0      33       0                               0D     26
     126     374       0       1       0       0       0       000000000D     27
     126     109       0      34       0                               0D     28
     128     408       0       1       0       0       0       000000000D     29
     128     109       2    2535       0                               0D     30
406,1,23Hcmpr rotor5     srf ,3d;                                      1P      1
406,1,2H3d;                                                            3P      2
126,54,3,0,1,1,0,0.,0.,0.,0.,0.00756169,0.0151071,0.0226524,           5P      3
0.0301978,0.0301978,0.0571247,0.0976663,0.151718,0.219107,             5P      4
0.299993,0.380828,0.461527,0.542301,0.623077,0.703711,0.784439,        5P      5
0.865097,0.945736,1.02642,1.10706,1.18774,1.25501,1.30879,             5P      6
1.34912,1.37607,1.37607,1.37607,1.3956,1.41513,1.43467,1.43467,        5P      7
1.43467,1.46071,1.49967,1.55164,1.61662,1.69457,1.77255,1.8505,        5P      8
1.9286,2.00655,2.08462,2.16265,2.24077,2.31894,2.39696,2.47521,        5P      9
2.55344,2.61871,2.67091,2.71003,2.73614,2.73614,2.73614,2.73614,       5P     10
1.,1.,1.,1.,1.,1.,1.,1.,1.,1.,1.,1.,1.,1.,1.,1.,1.,1.,1.,1.,1.,        5P     11
1.,1.,1.,1.,1.,1.,1.,1.,1.,1.,1.,1.,1.,1.,1.,1.,1.,1.,1.,1.,1.,        5P     12
1.,1.,1.,1.,1.,1.,1.,1.,1.,1.,1.,1.,1.,222.409,0.4589,10.686,          5P     13
222.407,0.460752,10.686,222.402,0.46317,10.686,222.394,0.461102,       5P     14
10.686,222.389,0.454342,10.686,222.39,0.448853,10.686,222.395,         5P     15
0.438562,10.686,222.405,0.418519,10.686,222.424,0.382835,10.686,       5P     16
222.452,0.336182,10.686,222.488,0.279399,10.686,222.533,               5P     17
0.217441,10.686,222.584,0.154719,10.686,222.638,0.0951162,             5P     18
10.686,222.696,0.038925,10.686,222.758,-0.0138055,10.686,              5P     19
222.822,-0.0627153,10.686,222.889,-0.108018,10.686,222.957,            5P     20
-0.15134,10.686,223.026,-0.191995,10.686,223.097,-0.230324,            5P     21
10.686,223.17,-0.26608,10.686,223.239,-0.297154,10.686,223.301,        5P     22
-0.322854,10.686,223.352,-0.341803,10.686,223.39,-0.355301,            5P     23
10.686,223.411,-0.362543,10.686,223.419,-0.3654,10.686,223.426,        5P     24
-0.367471,10.686,223.441,-0.365022,10.686,223.449,-0.343858,           5P     25
10.686,223.44,-0.331478,10.686,223.434,-0.3287,10.686,223.427,         5P     26
-0.324997,10.686,223.407,-0.315674,10.686,223.372,-0.298588,           5P     27
10.686,223.326,-0.274985,10.686,223.268,-0.244188,10.686,              5P     28
223.205,-0.207493,10.686,223.138,-0.166862,10.686,223.073,             5P     29
-0.124064,10.686,223.009,-0.0795187,10.686,222.946,-0.0332098,         5P     30
10.686,222.885,0.0150848,10.686,222.824,0.0646496,10.686,              5P     31
222.765,0.115255,10.686,222.706,0.166794,10.686,222.649,               5P     32
0.219406,10.686,222.592,0.272912,10.686,222.539,0.324536,10.686,       5P     33
222.493,0.370781,10.686,222.456,0.408342,10.686,222.429,               5P     34
0.436591,10.686,222.415,0.452505,10.686,222.409,0.4589,10.686,         5P     35
0.,2.73614,0.,0.,0.;                                                   5P     36
126,54,3,0,1,1,0,0.,0.,0.,0.,0.00775338,0.015525,0.0232966,            7P     37
0.0310682,0.0310682,0.0580414,0.0985915,0.152555,0.219963,             7P     38
0.300798,0.381576,0.462204,0.542822,0.623412,0.704055,0.784503,        7P     39
0.865086,0.9456,1.02611,1.10654,1.18709,1.25414,1.30773,1.34797,       7P     40
1.37481,1.37481,1.37481,1.39472,1.41464,1.43456,1.43456,1.43456,       7P     41
1.46042,1.49912,1.55082,1.61537,1.69285,1.7703,1.84777,1.92531,        7P     42
2.00285,2.08035,2.15799,2.23561,2.31336,2.39105,2.46879,2.54666,       7P     43
2.61154,2.66345,2.70242,2.72845,2.72845,2.72845,2.72845,1.,1.,         7P     44
1.,1.,1.,1.,1.,1.,1.,1.,1.,1.,1.,1.,1.,1.,1.,1.,1.,1.,1.,1.,1.,        7P     45
1.,1.,1.,1.,1.,1.,1.,1.,1.,1.,1.,1.,1.,1.,1.,1.,1.,1.,1.,1.,1.,        7P     46
1.,1.,1.,1.,1.,1.,1.,1.,1.,1.,1.,222.405,0.4343,10.566,222.403,        7P     47
0.436143,10.566,222.398,0.438594,10.566,222.39,0.436256,10.566,        7P     48
222.385,0.429264,10.566,222.386,0.423617,10.566,222.391,               7P     49
0.413257,10.566,222.401,0.393236,10.566,222.42,0.357643,10.566,        7P     50
222.448,0.311387,10.566,222.485,0.255072,10.566,222.531,               7P     51
0.194191,10.566,222.584,0.132936,10.566,222.641,0.0753384,             7P     52
10.566,222.701,0.0217672,10.566,222.764,-0.0279733,10.566,             7P     53
222.831,-0.0731046,10.566,222.9,-0.114396,10.566,222.971,              7P     54
-0.153423,10.566,223.043,-0.189856,10.566,223.116,-0.223526,           7P     55
10.566,223.19,-0.254581,10.566,223.261,-0.281265,10.566,223.325,       7P     56
-0.302774,10.566,223.376,-0.318622,10.566,223.415,-0.329573,           7P     57
10.566,223.436,-0.335411,10.566,223.445,-0.3377,10.566,223.451,        7P     58
-0.339399,10.566,223.466,-0.335972,10.566,223.474,-0.313661,           7P     59
10.566,223.463,-0.301896,10.566,223.457,-0.2996,10.566,223.449,        7P     60
-0.296618,10.566,223.429,-0.289049,10.566,223.393,-0.274803,           7P     61
10.566,223.345,-0.254935,10.566,223.286,-0.228545,10.566,              7P     62
223.221,-0.196368,10.566,223.152,-0.160111,10.566,223.085,             7P     63
-0.121352,10.566,223.019,-0.0803966,10.566,222.955,-0.037065,          7P     64
10.566,222.892,0.00844311,10.566,222.831,0.0556658,10.566,             7P     65
222.77,0.10372,10.566,222.71,0.153028,10.566,222.65,0.203328,          7P     66
10.566,222.592,0.254738,10.566,222.538,0.304409,10.566,222.491,        7P     67
0.349016,10.566,222.454,0.385202,10.566,222.426,0.412718,10.566,       7P     68
222.411,0.428116,10.566,222.405,0.4343,10.566,0.,2.72845,0.,0.,        7P     69
0.;                                                                    7P     70
126,55,3,0,1,1,0,0.,0.,0.,0.,0.00713867,0.014245,0.0213513,            9P     71
0.0285566,0.0285566,0.0285566,0.0555249,0.0959251,0.149769,            9P     72
0.217142,0.297888,0.37859,0.45928,0.539945,0.620563,0.701268,          9P     73
0.781902,0.862483,0.943113,1.02368,1.10433,1.18493,1.25209,            9P     74
1.30575,1.34614,1.37302,1.37302,1.37302,1.39254,1.41206,1.43158,       9P     75
1.43158,1.43158,1.45642,1.49575,1.54797,1.61349,1.69199,1.77051,       9P     76
1.84903,1.92765,2.00619,2.08468,2.16332,2.24192,2.32056,2.39919,       9P     77
2.47782,2.55648,2.62214,2.67459,2.71397,2.74025,2.74025,2.74025,       9P     78
2.74025,1.,1.,1.,1.,1.,1.,1.,1.,1.,1.,1.,1.,1.,1.,1.,1.,1.,1.,         9P     79
1.,1.,1.,1.,1.,1.,1.,1.,1.,1.,1.,1.,1.,1.,1.,1.,1.,1.,1.,1.,1.,        9P     80
1.,1.,1.,1.,1.,1.,1.,1.,1.,1.,1.,1.,1.,1.,1.,1.,1.,222.418,            9P     81
0.4887,10.873,222.416,0.490489,10.873,222.412,0.492809,10.873,         9P     82
222.404,0.491018,10.873,222.4,0.484681,10.873,222.4,0.479446,          9P     83
10.873,222.401,0.4773,10.873,222.405,0.469269,10.873,222.416,          9P     84
0.449286,10.873,222.435,0.413666,10.873,222.462,0.366951,10.873,       9P     85
222.497,0.30974,10.873,222.54,0.24695,10.873,222.589,0.182675,         9P     86
10.873,222.641,0.120989,10.873,222.696,0.0618256,10.873,222.754,       9P     87
0.00557214,10.873,222.815,-0.0476248,10.873,222.878,-0.0981744,        9P     88
10.873,222.942,-0.146997,10.873,223.008,-0.193482,10.873,              9P     89
223.075,-0.23822,10.873,223.143,-0.280514,10.873,223.209,              9P     90
-0.318639,10.873,223.268,-0.35051,10.873,223.316,-0.374961,            9P     91
10.873,223.353,-0.39261,10.873,223.373,-0.402204,10.873,223.381,       9P     92
-0.406,10.873,223.387,-0.408756,10.873,223.402,-0.408009,10.873,       9P     93
223.413,-0.387011,10.873,223.404,-0.374756,10.873,223.398,             9P     94
-0.371295,10.873,223.391,-0.366892,10.873,223.373,-0.355446,           9P     95
10.873,223.341,-0.334301,10.873,223.297,-0.30536,10.873,223.243,       9P     96
-0.268278,10.873,223.183,-0.225243,10.873,223.12,-0.178215,            9P     97
10.873,223.058,-0.129881,10.873,222.997,-0.0803259,10.873,             9P     98
222.937,-0.0295218,10.873,222.878,0.0225568,10.873,222.821,            9P     99
0.0756963,10.873,222.763,0.12944,10.873,222.707,0.184201,10.873,       9P    100
222.651,0.239551,10.873,222.596,0.295804,10.873,222.545,               9P    101
0.349533,10.873,222.5,0.397581,10.873,222.465,0.436441,10.873,         9P    102
222.438,0.465707,10.873,222.424,0.482115,10.873,222.418,0.4887,        9P    103
10.873,0.,2.74025,0.,0.,0.;                                            9P    104
126,55,3,0,1,1,0,0.,0.,0.,0.,0.00669837,0.0133645,0.0200307,          11P    105
0.0266969,0.0266969,0.0266969,0.0535762,0.0939763,0.147808,           11P    106
0.214985,0.295666,0.376298,0.456839,0.537472,0.618064,0.698604,       11P    107
0.779071,0.859653,0.940138,1.02065,1.10117,1.18162,1.24866,           11P    108
1.30237,1.34259,1.36936,1.36936,1.36936,1.38785,1.40633,1.42482,      11P    109
1.42482,1.42482,1.4511,1.49054,1.54317,1.60896,1.68787,1.76683,       11P    110
1.84573,1.92464,2.00358,2.08257,2.16155,2.24054,2.31947,2.3985,       11P    111
2.47757,2.5566,2.62244,2.6752,2.71471,2.74111,2.74111,2.74111,        11P    112
2.74111,1.,1.,1.,1.,1.,1.,1.,1.,1.,1.,1.,1.,1.,1.,1.,1.,1.,1.,        11P    113
1.,1.,1.,1.,1.,1.,1.,1.,1.,1.,1.,1.,1.,1.,1.,1.,1.,1.,1.,1.,1.,       11P    114
1.,1.,1.,1.,1.,1.,1.,1.,1.,1.,1.,1.,1.,1.,1.,1.,1.,222.428,           11P    115
0.5133,11.058,222.426,0.515011,11.058,222.422,0.517296,11.058,        11P    116
222.415,0.515686,11.058,222.41,0.509751,11.058,222.411,0.504883,      11P    117
11.058,222.412,0.5029,11.058,222.416,0.494905,11.058,222.426,         11P    118
0.474965,11.058,222.445,0.439384,11.058,222.472,0.392619,11.058,      11P    119
222.507,0.335147,11.058,222.549,0.271574,11.058,222.596,              11P    120
0.206321,11.058,222.646,0.142897,11.058,222.699,0.0817582,            11P    121
11.058,222.754,0.0227314,11.058,222.811,-0.0339702,11.058,            11P    122
222.87,-0.088346,11.058,222.931,-0.141388,11.058,222.993,             11P    123
-0.192588,11.058,223.056,-0.242082,11.058,223.121,-0.289886,          11P    124
11.058,223.184,-0.333321,11.058,223.24,-0.370382,11.058,223.285,      11P    125
-0.399009,11.058,223.319,-0.420048,11.058,223.338,-0.43147,           11P    126
11.058,223.346,-0.436,11.058,223.351,-0.439128,11.058,223.366,        11P    127
-0.439784,11.058,223.378,-0.421907,11.058,223.372,-0.408686,          11P    128
11.058,223.367,-0.4049,11.058,223.36,-0.399517,11.058,223.343,        11P    129
-0.386018,11.058,223.312,-0.361493,11.058,223.271,-0.328523,          11P    130
11.058,223.22,-0.28671,11.058,223.163,-0.238635,11.058,223.104,       11P    131
-0.186862,11.058,223.045,-0.134209,11.058,222.987,-0.0808836,         11P    132
11.058,222.93,-0.0264004,11.058,222.873,0.0287727,11.058,             11P    133
222.818,0.0847139,11.058,222.762,0.141166,11.058,222.708,             11P    134
0.198353,11.058,222.654,0.255974,11.058,222.601,0.314431,11.058,      11P    135
222.551,0.369986,11.058,222.507,0.419661,11.058,222.473,0.45962,      11P    136
11.058,222.447,0.489743,11.058,222.433,0.506555,11.058,222.428,       11P    137
0.5133,11.058,0.,2.74111,0.,0.,0.;                                    11P    138
126,54,3,0,1,1,0,0.,0.,0.,0.,0.00628218,0.0125715,0.0188608,          13P    139
0.0251501,0.0251501,0.0251501,0.0519867,0.0923396,0.146023,           13P    140
0.213199,0.293839,0.374281,0.454821,0.535298,0.615866,0.696265,       13P    141
0.776739,0.857144,0.937532,1.01795,1.09838,1.17865,1.24565,           13P    142
1.29918,1.33933,1.36613,1.36613,1.36613,1.38404,1.40196,1.41988,      13P    143
1.41988,1.44622,1.4858,1.53854,1.60441,1.68357,1.76278,1.8419,        13P    144
1.92103,2.00024,2.07947,2.15866,2.23788,2.31714,2.3963,2.47559,       13P    145
2.55486,2.62091,2.67379,2.71348,2.73987,2.73987,2.73987,2.73987,      13P    146
1.,1.,1.,1.,1.,1.,1.,1.,1.,1.,1.,1.,1.,1.,1.,1.,1.,1.,1.,1.,1.,       13P    147
1.,1.,1.,1.,1.,1.,1.,1.,1.,1.,1.,1.,1.,1.,1.,1.,1.,1.,1.,1.,1.,       13P    148
1.,1.,1.,1.,1.,1.,1.,1.,1.,1.,1.,1.,1.,222.437,0.5335,11.237,         13P    149
222.436,0.535136,11.237,222.432,0.537492,11.237,222.425,              13P    150
0.536026,11.237,222.421,0.530486,11.237,222.422,0.525863,11.237,      13P    151
222.423,0.524,11.237,222.427,0.51605,11.237,222.437,0.496194,         13P    152
11.237,222.456,0.460606,11.237,222.482,0.413787,11.237,222.517,       13P    153
0.356066,11.237,222.558,0.292008,11.237,222.604,0.225681,11.237,      13P    154
222.652,0.161151,11.237,222.702,0.0981818,11.237,222.754,             13P    155
0.0370162,11.237,222.809,-0.0221936,11.237,222.865,-0.0797122,        13P    156
11.237,222.923,-0.135857,11.237,222.982,-0.190423,11.237,             13P    157
223.042,-0.243692,11.237,223.104,-0.295211,11.237,223.163,            13P    158
-0.342478,11.237,223.216,-0.38309,11.237,223.259,-0.414656,           13P    159
11.237,223.292,-0.437997,11.237,223.31,-0.450733,11.237,223.318,      13P    160
-0.4558,11.237,223.323,-0.459188,11.237,223.337,-0.460687,            13P    161
11.237,223.35,-0.444139,11.237,223.345,-0.431087,11.237,223.334,      13P    162
-0.421238,11.237,223.317,-0.406551,11.237,223.288,-0.380113,          13P    163
11.237,223.249,-0.344464,11.237,223.201,-0.29967,11.237,223.146,      13P    164
-0.248298,11.237,223.09,-0.193231,11.237,223.033,-0.137495,           13P    165
11.237,222.978,-0.0811861,11.237,222.923,-0.0242179,11.237,           13P    166
222.868,0.0335071,11.237,222.815,0.091729,11.237,222.762,             13P    167
0.15043,11.237,222.709,0.209601,11.237,222.657,0.269238,11.237,       13P    168
222.605,0.329439,11.237,222.557,0.386637,11.237,222.515,0.43756,      13P    169
11.237,222.481,0.478554,11.237,222.456,0.509437,11.237,222.443,       13P    170
0.526627,11.237,222.437,0.5335,11.237,0.,2.73987,0.,0.,0.;            13P    171
126,54,3,0,1,1,0,0.,0.,0.,0.,0.0058226,0.0116475,0.0174724,           15P    172
0.0232972,0.0232972,0.0232972,0.0501766,0.0903942,0.144106,           15P    173
0.211201,0.291729,0.372161,0.452627,0.533028,0.613473,0.693846,       15P    174
0.774211,0.85457,0.934898,1.01524,1.09551,1.17573,1.24254,            15P    175
1.29609,1.33612,1.36287,1.36287,1.36287,1.38031,1.39776,1.41521,      15P    176
1.41521,1.44166,1.48119,1.53401,1.59998,1.67925,1.75853,1.83776,      15P    177
1.91703,1.9964,2.07567,2.15507,2.23437,2.31373,2.39307,2.47247,       15P    178
2.55189,2.61806,2.67095,2.71075,2.73715,2.73715,2.73715,2.73715,      15P    179
1.,1.,1.,1.,1.,1.,1.,1.,1.,1.,1.,1.,1.,1.,1.,1.,1.,1.,1.,1.,1.,       15P    180
1.,1.,1.,1.,1.,1.,1.,1.,1.,1.,1.,1.,1.,1.,1.,1.,1.,1.,1.,1.,1.,       15P    181
1.,1.,1.,1.,1.,1.,1.,1.,1.,1.,1.,1.,1.,222.445,0.55,11.413,           15P    182
222.444,0.551545,11.413,222.44,0.553857,11.413,222.434,0.552621,      15P    183
11.413,222.43,0.547508,11.413,222.431,0.543231,11.413,222.432,        15P    184
0.5415,11.413,222.436,0.53351,11.413,222.446,0.513621,11.413,         15P    185
222.465,0.478095,11.413,222.491,0.431086,11.413,222.525,              15P    186
0.373211,11.413,222.565,0.308606,11.413,222.609,0.24154,11.413,       15P    187
222.656,0.176013,11.413,222.704,0.111712,11.413,222.755,              15P    188
0.0490935,11.413,222.807,-0.0121656,11.413,222.861,-0.0717968,        15P    189
11.413,222.916,-0.130228,11.413,222.973,-0.187243,11.413,             15P    190
223.031,-0.242803,11.413,223.09,-0.297011,11.413,223.147,             15P    191
-0.346927,11.413,223.198,-0.389726,11.413,223.24,-0.423279,           15P    192
11.413,223.271,-0.448027,11.413,223.289,-0.461594,11.413,             15P    193
223.296,-0.467,11.413,223.301,-0.470527,11.413,223.314,               15P    194
-0.472649,11.413,223.328,-0.457049,11.413,223.323,-0.44414,           15P    195
11.413,223.313,-0.433976,11.413,223.297,-0.418679,11.413,             15P    196
223.269,-0.391003,11.413,223.231,-0.354122,11.413,223.184,            15P    197
-0.307268,11.413,223.132,-0.254056,11.413,223.077,-0.196748,          15P    198
11.413,223.022,-0.139235,11.413,222.969,-0.0808426,11.413,            15P    199
222.916,-0.0220263,11.413,222.863,0.0374421,11.413,222.811,           15P    200
0.0974245,11.413,222.76,0.157731,11.413,222.709,0.218528,11.413,      15P    201
222.658,0.279765,11.413,222.608,0.341314,11.413,222.561,              15P    202
0.399965,11.413,222.52,0.452087,11.413,222.488,0.493909,11.413,       15P    203
222.464,0.525444,11.413,222.451,0.542995,11.413,222.445,0.55,         15P    204
11.413,0.,2.73715,0.,0.,0.;                                           15P    205
126,55,3,0,1,1,0,0.,0.,0.,0.,0.00486961,0.00973152,0.0145934,         17P    206
0.0194553,0.0194553,0.0194553,0.0462882,0.086538,0.140174,            17P    207
0.207086,0.287475,0.367826,0.448153,0.528395,0.608733,0.688933,       17P    208
0.769099,0.849276,0.929369,1.0095,1.08949,1.16954,1.23616,            17P    209
1.28945,1.32939,1.35596,1.35596,1.35596,1.37247,1.38899,1.4055,       17P    210
1.4055,1.4055,1.43189,1.47143,1.52422,1.59019,1.66938,1.74863,        17P    211
1.82795,1.90728,1.98663,2.06595,2.14536,2.22471,2.30413,2.38363,      17P    212
2.4631,2.54266,2.60883,2.66184,2.70161,2.7281,2.7281,2.7281,          17P    213
2.7281,1.,1.,1.,1.,1.,1.,1.,1.,1.,1.,1.,1.,1.,1.,1.,1.,1.,1.,1.,      17P    214
1.,1.,1.,1.,1.,1.,1.,1.,1.,1.,1.,1.,1.,1.,1.,1.,1.,1.,1.,1.,1.,       17P    215
1.,1.,1.,1.,1.,1.,1.,1.,1.,1.,1.,1.,1.,1.,1.,1.,222.463,0.5781,       17P    216
11.756,222.462,0.579443,11.756,222.459,0.581441,11.756,222.454,       17P    217
0.580614,11.756,222.451,0.576456,11.756,222.451,0.572851,11.756,      17P    218
222.452,0.5714,11.756,222.456,0.563391,11.756,222.466,0.543399,       17P    219
11.756,222.484,0.507453,11.756,222.509,0.460146,11.756,222.541,       17P    220
0.401437,11.756,222.579,0.335863,11.756,222.621,0.267315,11.756,      17P    221
222.665,0.199961,11.756,222.71,0.133588,11.756,222.757,               17P    222
0.0683614,11.756,222.805,0.00420988,11.756,222.855,-0.058703,         17P    223
11.756,222.906,-0.120388,11.756,222.959,-0.180808,11.756,             17P    224
223.013,-0.239988,11.756,223.068,-0.297832,11.756,223.122,            17P    225
-0.35118,11.756,223.17,-0.397153,11.756,223.209,-0.433384,            17P    226
11.756,223.239,-0.460106,11.756,223.255,-0.474702,11.756,             17P    227
223.262,-0.4805,11.756,223.266,-0.484103,11.756,223.279,              17P    228
-0.486963,11.756,223.292,-0.472794,11.756,223.289,-0.460376,          17P    229
11.756,223.285,-0.4564,11.756,223.279,-0.450049,11.756,223.264,       17P    230
-0.434141,11.756,223.237,-0.405308,11.756,223.201,-0.366635,          17P    231
11.756,223.156,-0.3178,11.756,223.106,-0.262,11.756,223.054,          17P    232
-0.202188,11.756,223.003,-0.141695,11.756,222.953,-0.0805868,         17P    233
11.756,222.903,-0.0189247,11.756,222.854,0.0434583,11.756,            17P    234
222.805,0.106225,11.756,222.757,0.169362,11.756,222.709,              17P    235
0.232874,11.756,222.662,0.296707,11.756,222.615,0.361083,11.756,      17P    236
222.571,0.422096,11.756,222.533,0.476291,11.756,222.503,0.51973,      17P    237
11.756,222.481,0.552533,11.756,222.468,0.570792,11.756,222.463,       17P    238
0.5781,11.756,0.,2.7281,0.,0.,0.;                                     17P    239
126,54,3,0,1,1,0,0.,0.,0.,0.,0.00435643,0.0087435,0.0131306,          19P    240
0.0175177,0.0175177,0.0175177,0.0443076,0.0845122,0.138091,           19P    241
0.205108,0.285424,0.365706,0.445991,0.526264,0.606476,0.686688,       19P    242
0.766808,0.846884,0.927024,1.007,1.08692,1.16684,1.23345,             19P    243
1.28663,1.32653,1.35308,1.35308,1.35308,1.36906,1.38504,1.40102,      19P    244
1.40102,1.42734,1.46697,1.51964,1.5856,1.6648,1.74401,1.82328,        19P    245
1.90258,1.98189,2.06127,2.14063,2.22007,2.29948,2.37904,2.45851,      19P    246
2.538,2.60434,2.65734,2.69709,2.72369,2.72369,2.72369,2.72369,        19P    247
1.,1.,1.,1.,1.,1.,1.,1.,1.,1.,1.,1.,1.,1.,1.,1.,1.,1.,1.,1.,1.,       19P    248
1.,1.,1.,1.,1.,1.,1.,1.,1.,1.,1.,1.,1.,1.,1.,1.,1.,1.,1.,1.,1.,       19P    249
1.,1.,1.,1.,1.,1.,1.,1.,1.,1.,1.,1.,1.,222.472,0.5921,11.931,         19P    250
222.471,0.593318,11.931,222.469,0.595248,11.931,222.464,              19P    251
0.594495,11.931,222.461,0.590765,11.931,222.461,0.587518,11.931,      19P    252
222.462,0.5862,11.931,222.466,0.578152,11.931,222.475,0.558061,       19P    253
11.931,222.493,0.522085,11.931,222.518,0.474333,11.931,222.549,       19P    254
0.415311,11.931,222.586,0.34906,11.931,222.627,0.279846,11.931,       19P    255
222.669,0.211562,11.931,222.713,0.144148,11.931,222.758,              19P    256
0.0777677,11.931,222.804,0.0122229,11.931,222.852,-0.0520751,         19P    257
11.931,222.901,-0.115231,11.931,222.952,-0.177062,11.931,             19P    258
223.004,-0.237625,11.931,223.058,-0.296708,11.931,223.11,             19P    259
-0.351326,11.931,223.157,-0.398407,11.931,223.196,-0.435311,          19P    260
11.931,223.225,-0.462638,11.931,223.241,-0.477568,11.931,             19P    261
223.248,-0.4835,11.931,223.252,-0.487071,11.931,223.264,              19P    262
-0.489929,11.931,223.277,-0.476401,11.931,223.274,-0.464403,          19P    263
11.931,223.264,-0.454071,11.931,223.249,-0.437946,11.931,             19P    264
223.222,-0.408954,11.931,223.187,-0.36989,11.931,223.143,             19P    265
-0.320475,11.931,223.094,-0.263803,11.931,223.043,-0.203128,          19P    266
11.931,222.993,-0.141588,11.931,222.944,-0.0794244,11.931,            19P    267
222.896,-0.0164845,11.931,222.848,0.047098,11.931,222.802,            19P    268
0.111305,11.931,222.755,0.175598,11.931,222.709,0.240518,11.931,      19P    269
222.664,0.305594,11.931,222.619,0.371173,11.931,222.576,              19P    270
0.433306,11.931,222.54,0.488452,11.931,222.511,0.532785,11.931,       19P    271
222.489,0.566126,11.931,222.477,0.584665,11.931,222.472,0.5921,       19P    272
11.931,0.,2.72369,0.,0.,0.;                                           19P    273
126,54,3,0,1,1,0,0.,0.,0.,0.,0.00390724,0.00780876,0.0117103,         21P    274
0.0156118,0.0156118,0.0424053,0.0825699,0.136191,0.203233,            21P    275
0.283634,0.363873,0.444205,0.524471,0.604665,0.684847,0.764993,       21P    276
0.845015,0.925029,1.00497,1.08494,1.16472,1.2312,1.28437,             21P    277
1.32426,1.35078,1.35078,1.35078,1.36637,1.38197,1.39756,1.39756,      21P    278
1.39756,1.42389,1.46339,1.5161,1.58205,1.66121,1.74043,1.81966,       21P    279
1.89898,1.97835,2.0577,2.1372,2.21664,2.29613,2.37564,2.45519,        21P    280
2.5348,2.60111,2.65424,2.69398,2.72052,2.72052,2.72052,2.72052,       21P    281
1.,1.,1.,1.,1.,1.,1.,1.,1.,1.,1.,1.,1.,1.,1.,1.,1.,1.,1.,1.,1.,       21P    282
1.,1.,1.,1.,1.,1.,1.,1.,1.,1.,1.,1.,1.,1.,1.,1.,1.,1.,1.,1.,1.,       21P    283
1.,1.,1.,1.,1.,1.,1.,1.,1.,1.,1.,1.,1.,222.48,0.6062,12.108,          21P    284
222.48,0.60731,12.108,222.477,0.609074,12.108,222.473,0.608562,       21P    285
12.108,222.47,0.605263,12.108,222.47,0.602376,12.108,222.475,         21P    286
0.593126,12.108,222.484,0.572973,12.108,222.502,0.536708,12.108,      21P    287
222.526,0.488759,12.108,222.556,0.429149,12.108,222.592,              21P    288
0.362324,12.108,222.632,0.292337,12.108,222.673,0.223205,12.108,      21P    289
222.715,0.154768,12.108,222.758,0.0872844,12.108,222.802,             21P    290
0.0205483,12.108,222.848,-0.0451705,12.108,222.896,-0.109621,         21P    291
12.108,222.945,-0.172676,12.108,222.996,-0.234539,12.108,             21P    292
223.048,-0.294963,12.108,223.099,-0.350798,12.108,223.145,            21P    293
-0.398739,12.108,223.182,-0.436493,12.108,223.211,-0.464248,          21P    294
12.108,223.227,-0.479525,12.108,223.233,-0.4856,12.108,223.237,       21P    295
-0.489171,12.108,223.249,-0.492105,12.108,223.262,-0.479054,          21P    296
12.108,223.259,-0.467319,12.108,223.255,-0.4635,12.108,223.249,       21P    297
-0.45705,12.108,223.234,-0.440879,12.108,223.208,-0.411585,           21P    298
12.108,223.173,-0.372058,12.108,223.13,-0.322062,12.108,223.082,      21P    299
-0.2646,12.108,223.032,-0.20306,12.108,222.984,-0.140485,12.108,      21P    300
222.936,-0.0772203,12.108,222.889,-0.0131283,12.108,222.843,          21P    301
0.0517578,12.108,222.798,0.117159,12.108,222.753,0.182741,            21P    302
12.108,222.709,0.248767,12.108,222.665,0.315068,12.108,222.621,       21P    303
0.381647,12.108,222.581,0.444941,12.108,222.545,0.500929,12.108,      21P    304
222.517,0.545996,12.108,222.496,0.579845,12.108,222.485,              21P    305
0.598662,12.108,222.48,0.6062,12.108,0.,2.72052,0.,0.,0.;             21P    306
126,55,3,0,1,1,0,0.,0.,0.,0.,0.00341866,0.00686353,0.0103084,         23P    307
0.0137533,0.0137533,0.0137533,0.040601,0.0808601,0.13453,             23P    308
0.201612,0.282122,0.362489,0.442876,0.523122,0.603388,0.683613,       23P    309
0.763823,0.843882,0.923907,1.00392,1.08391,1.16384,1.23045,           23P    310
1.28382,1.32372,1.35048,1.35048,1.35048,1.36569,1.38089,1.39609,      23P    311
1.39609,1.39609,1.42233,1.46186,1.51454,1.58035,1.65936,1.73847,      23P    312
1.81765,1.89687,1.97616,2.05551,2.13486,2.21438,2.29382,2.37344,      23P    313
2.45296,2.53264,2.59902,2.65216,2.69207,2.71865,2.71865,2.71865,      23P    314
2.71865,1.,1.,1.,1.,1.,1.,1.,1.,1.,1.,1.,1.,1.,1.,1.,1.,1.,1.,        23P    315
1.,1.,1.,1.,1.,1.,1.,1.,1.,1.,1.,1.,1.,1.,1.,1.,1.,1.,1.,1.,1.,       23P    316
1.,1.,1.,1.,1.,1.,1.,1.,1.,1.,1.,1.,1.,1.,1.,1.,1.,222.483,           23P    317
0.6178,12.245,222.482,0.618783,12.245,222.48,0.620378,12.245,         23P    318
222.476,0.619888,12.245,222.474,0.616991,12.245,222.474,              23P    319
0.614446,12.245,222.475,0.6134,12.245,222.478,0.60525,12.245,         23P    320
222.488,0.584917,12.245,222.505,0.548541,12.245,222.528,              23P    321
0.500232,12.245,222.558,0.440217,12.245,222.593,0.372833,12.245,      23P    322
222.632,0.302169,12.245,222.672,0.232333,12.245,222.712,              23P    323
0.163173,12.245,222.754,0.09479,12.245,222.798,0.0271468,12.245,      23P    324
222.842,-0.0394955,12.245,222.889,-0.104663,12.245,222.937,           23P    325
-0.168144,12.245,222.988,-0.230126,12.245,223.041,-0.290093,          23P    326
12.245,223.093,-0.344968,12.245,223.141,-0.391587,12.245,223.18,      23P    327
-0.427675,12.245,223.21,-0.453931,12.245,223.227,-0.468216,           23P    328
12.245,223.234,-0.4739,12.245,223.238,-0.477129,12.245,223.25,        23P    329
-0.47956,12.245,223.261,-0.466286,12.245,223.258,-0.454767,           23P    330
12.245,223.254,-0.4513,12.245,223.248,-0.445314,12.245,223.232,       23P    331
-0.430202,12.245,223.204,-0.402363,12.245,223.167,-0.364715,          23P    332
12.245,223.122,-0.316468,12.245,223.073,-0.260308,12.245,             23P    333
223.023,-0.199386,12.245,222.974,-0.137189,12.245,222.926,            23P    334
-0.0737553,12.245,222.88,-0.00924515,12.245,222.835,0.0562935,        23P    335
12.245,222.792,0.122528,12.245,222.748,0.188901,12.245,222.705,       23P    336
0.255816,12.245,222.662,0.32293,12.245,222.62,0.390367,12.245,        23P    337
222.581,0.454511,12.245,222.546,0.511172,12.245,222.519,              23P    338
0.556808,12.245,222.499,0.591064,12.245,222.487,0.61016,12.245,       23P    339
222.483,0.6178,12.245,0.,2.71865,0.,0.,0.;                            23P    340
126,53,3,0,1,1,0,0.,0.,0.,0.,0.0029278,0.00585415,0.0087805,          25P    341
0.0117069,0.0117069,0.0388275,0.0795461,0.133894,0.201648,            25P    342
0.282911,0.364118,0.445115,0.526253,0.607207,0.688146,0.769013,       25P    343
0.849913,0.930941,1.01212,1.09375,1.17612,1.24555,1.30178,            25P    344
1.34455,1.37328,1.37328,1.38882,1.40435,1.41988,1.41988,1.41988,      25P    345
1.44779,1.48935,1.54416,1.61195,1.69245,1.77247,1.85209,1.93158,      25P    346
2.01106,2.09047,2.1701,2.24976,2.32948,2.40928,2.48916,2.56912,       25P    347
2.63584,2.68927,2.72938,2.7561,2.7561,2.7561,2.7561,1.,1.,1.,1.,      25P    348
1.,1.,1.,1.,1.,1.,1.,1.,1.,1.,1.,1.,1.,1.,1.,1.,1.,1.,1.,1.,1.,       25P    349
1.,1.,1.,1.,1.,1.,1.,1.,1.,1.,1.,1.,1.,1.,1.,1.,1.,1.,1.,1.,1.,       25P    350
1.,1.,1.,1.,1.,1.,1.,1.,222.458,0.6302,12.412,222.457,0.631056,       25P    351
12.412,222.456,0.632423,12.412,222.453,0.632106,12.412,222.45,        25P    352
0.629651,12.412,222.451,0.627489,12.412,222.455,0.618359,12.412,      25P    353
222.464,0.597768,12.412,222.481,0.560733,12.412,222.504,              25P    354
0.511719,12.412,222.534,0.450882,12.412,222.569,0.382585,12.412,      25P    355
222.608,0.311151,12.412,222.647,0.240417,12.412,222.689,              25P    356
0.170608,12.412,222.731,0.101682,12.412,222.775,0.0335621,            25P    357
12.412,222.821,-0.0329946,12.412,222.871,-0.0966615,12.412,           25P    358
222.925,-0.157233,12.412,222.983,-0.214401,12.412,223.045,            25P    359
-0.267677,12.412,223.108,-0.313707,12.412,223.167,-0.35027,           25P    360
12.412,223.216,-0.376847,12.412,223.255,-0.394718,12.412,             25P    361
223.277,-0.403933,12.412,223.291,-0.409428,12.412,223.302,            25P    362
-0.409227,12.412,223.311,-0.392862,12.412,223.305,-0.382239,          25P    363
12.412,223.3,-0.38,12.412,223.292,-0.375977,12.412,223.271,           25P    364
-0.365688,12.412,223.234,-0.34605,12.412,223.187,-0.317882,           25P    365
12.412,223.131,-0.279646,12.412,223.071,-0.232697,12.412,             25P    366
223.012,-0.179155,12.412,222.956,-0.122469,12.412,222.903,            25P    367
-0.0626917,12.412,222.854,-0.000640859,12.412,222.807,0.0639886,      25P    368
12.412,222.762,0.129701,12.412,222.718,0.19613,12.412,222.675,        25P    369
0.263133,12.412,222.633,0.330733,12.412,222.591,0.398955,12.412,      25P    370
222.553,0.463818,12.412,222.519,0.521537,12.412,222.493,              25P    371
0.567899,12.412,222.473,0.602879,12.412,222.462,0.622388,12.412,      25P    372
222.458,0.6302,12.412,0.,2.7561,0.,0.,0.;                             25P    373
126,54,3,0,1,1,0,0.,0.,0.,0.,0.00775338,0.015525,0.0232966,           27P    374
0.0310682,0.0310682,0.0580414,0.0985915,0.152555,0.219963,            27P    375
0.300798,0.381576,0.462204,0.542822,0.623412,0.704055,0.784503,       27P    376
0.865086,0.9456,1.02611,1.10654,1.18709,1.25414,1.30773,1.34797,      27P    377
1.37481,1.37481,1.37481,1.39472,1.41464,1.43456,1.43456,1.43456,      27P    378
1.46042,1.49912,1.55082,1.61537,1.69285,1.7703,1.84777,1.92531,       27P    379
2.00285,2.08035,2.15799,2.23561,2.31336,2.39105,2.46879,2.54666,      27P    380
2.61154,2.66345,2.70242,2.72845,2.72845,2.72845,2.72845,1.,1.,        27P    381
1.,1.,1.,1.,1.,1.,1.,1.,1.,1.,1.,1.,1.,1.,1.,1.,1.,1.,1.,1.,1.,       27P    382
1.,1.,1.,1.,1.,1.,1.,1.,1.,1.,1.,1.,1.,1.,1.,1.,1.,1.,1.,1.,1.,       27P    383
1.,1.,1.,1.,1.,1.,1.,1.,1.,1.,1.,222.405,0.4343,10.556,222.403,       27P    384
0.436143,10.556,222.398,0.438594,10.556,222.39,0.436256,10.556,       27P    385
222.385,0.429264,10.556,222.386,0.423617,10.556,222.391,              27P    386
0.413257,10.556,222.401,0.393236,10.556,222.42,0.357643,10.556,       27P    387
222.448,0.311387,10.556,222.485,0.255072,10.556,222.531,              27P    388
0.194191,10.556,222.584,0.132936,10.556,222.641,0.0753384,            27P    389
10.556,222.701,0.0217672,10.556,222.764,-0.0279733,10.556,            27P    390
222.831,-0.0731046,10.556,222.9,-0.114396,10.556,222.971,             27P    391
-0.153423,10.556,223.043,-0.189856,10.556,223.116,-0.223526,          27P    392
10.556,223.19,-0.254581,10.556,223.261,-0.281265,10.556,223.325,      27P    393
-0.302774,10.556,223.376,-0.318622,10.556,223.415,-0.329573,          27P    394
10.556,223.436,-0.335411,10.556,223.445,-0.3377,10.556,223.451,       27P    395
-0.339399,10.556,223.466,-0.335972,10.556,223.474,-0.313661,          27P    396
10.556,223.463,-0.301896,10.556,223.457,-0.2996,10.556,223.449,       27P    397
-0.296618,10.556,223.429,-0.289049,10.556,223.393,-0.274803,          27P    398
10.556,223.345,-0.254935,10.556,223.286,-0.228545,10.556,             27P    399
223.221,-0.196368,10.556,223.152,-0.160111,10.556,223.085,            27P    400
-0.121352,10.556,223.019,-0.0803966,10.556,222.955,-0.037065,         27P    401
10.556,222.892,0.00844311,10.556,222.831,0.0556658,10.556,            27P    402
222.77,0.10372,10.556,222.71,0.153028,10.556,222.65,0.203328,         27P    403
10.556,222.592,0.254738,10.556,222.538,0.304409,10.556,222.491,       27P    404
0.349016,10.556,222.454,0.385202,10.556,222.426,0.412718,10.556,      27P    405
222.411,0.428116,10.556,222.405,0.4343,10.556,0.,2.72845,0.,0.,       27P    406
0.;                                                                   27P    407
128,403,12,3,3,1,0,1,0,0,0.,0.,0.,0.,0.00343097,0.00487023,           29P    408
0.00666742,0.00775338,0.00973275,0.0125191,0.0125191,0.0141836,       29P    409
0.0141836,0.015525,0.015525,0.0174168,0.0174168,0.0187822,            29P    410
0.0187822,0.0199381,0.0212593,0.0232966,0.0232966,0.0250453,          29P    411
0.0250453,0.0265735,0.0265735,0.0284336,0.0284336,0.0310682,          29P    412
0.0310682,0.0384379,0.0407472,0.0425289,0.044385,0.046294,            29P    413
0.0500171,0.05177,0.0533286,0.0552858,0.056964,0.0580414,             29P    414
0.0787479,0.0811514,0.0828107,0.0846598,0.086549,0.0901069,           29P    415
0.0919547,0.0935421,0.0955119,0.0973916,0.0985915,0.13255,            29P    416
0.135015,0.136588,0.138332,0.140191,0.143648,0.145414,0.147125,       29P    417
0.149124,0.151291,0.152555,0.199625,0.202338,0.203826,0.205467,       29P    418
0.207112,0.210529,0.212311,0.213991,0.216207,0.21849,0.219963,        29P    419
0.280073,0.283138,0.284461,0.285923,0.287511,0.290801,0.292614,       29P    420
0.2943,0.296605,0.299149,0.300798,0.360464,0.363795,0.364934,         29P    421
0.366345,0.367872,0.370977,0.37272,0.374559,0.37696,0.379757,         29P    422
0.381576,0.440648,0.444472,0.445501,0.44677,0.44821,0.451188,         29P    423
0.452925,0.454728,0.457302,0.460229,0.462204,0.520972,0.526,          29P    424
0.527183,0.528461,0.531333,0.533066,0.534989,0.53762,0.540776,        29P    425
0.542822,0.601114,0.606429,0.607536,0.608811,0.611523,0.613298,       29P    426
0.615208,0.61789,0.621324,0.623412,0.681241,0.686844,0.687887,        29P    427
0.689021,0.69164,0.693362,0.695376,0.698248,0.701732,0.704055,        29P    428
0.761296,0.766574,0.768148,0.769196,0.77175,0.773501,0.775471,        29P    429
0.778534,0.782232,0.784503,0.841385,0.846923,0.848364,0.849383,       29P    430
0.851854,0.853571,0.85568,0.858768,0.862664,0.865086,0.9216,          29P    431
0.927727,0.929487,0.931926,0.933623,0.935794,0.939051,0.943076,       29P    432
0.9456,1.00196,1.0079,1.00963,1.01202,1.0137,1.01594,1.01927,         29P    433
1.02353,1.02611,1.08277,1.0881,1.08963,1.09202,1.0938,1.09609,        29P    434
1.09957,1.10395,1.10654,1.16431,1.16811,1.16968,1.17199,1.17374,      29P    435
1.17616,1.17982,1.1844,1.18709,1.23305,1.23479,1.23632,1.23859,       29P    436
1.24046,1.24289,1.24669,1.25148,1.25414,1.28812,1.28961,1.29197,      29P    437
1.29376,1.29635,1.30013,1.3051,1.30773,1.32812,1.32955,1.33106,       29P    438
1.33375,1.33638,1.34034,1.34532,1.34797,1.35472,1.35472,1.35613,      29P    439
1.35613,1.35853,1.35853,1.36043,1.36043,1.36303,1.36303,1.36711,      29P    440
1.36711,1.37036,1.3722,1.3722,1.37481,1.37481,1.37592,1.37827,        29P    441
1.38143,1.38655,1.38916,1.39026,1.39168,1.39332,1.39472,1.39612,      29P    442
1.39983,1.40163,1.40163,1.40347,1.40347,1.40598,1.40598,1.41115,      29P    443
1.41115,1.41464,1.41464,1.41824,1.41824,1.42542,1.42542,1.42804,      29P    444
1.43063,1.43063,1.43207,1.43326,1.43456,1.43456,1.43707,1.44019,      29P    445
1.4444,1.45015,1.4566,1.46042,1.46766,1.46953,1.47162,1.47441,        29P    446
1.47648,1.47961,1.48365,1.48931,1.49545,1.49912,1.52052,1.5223,       29P    447
1.52441,1.52913,1.53212,1.53604,1.54131,1.54728,1.55082,1.58666,      29P    448
1.58837,1.5904,1.5949,1.59772,1.60152,1.60654,1.61207,1.61537,        29P    449
1.66606,1.66771,1.66959,1.67391,1.67546,1.67655,1.68007,1.68471,      29P    450
1.68981,1.69285,1.7455,1.74706,1.75294,1.75543,1.75867,1.76289,       29P    451
1.76756,1.7703,1.82497,1.82646,1.82818,1.83192,1.83422,1.8372,        29P    452
1.84106,1.84529,1.84777,1.90452,1.90591,1.90752,1.91093,1.91302,      29P    453
1.91574,1.92318,1.92531,1.98412,1.98535,1.98688,1.99005,1.9919,       29P    454
1.99432,1.99755,2.00091,2.00285,2.0637,2.06487,2.06622,2.06907,       29P    455
2.0708,2.07294,2.0757,2.07876,2.08035,2.14255,2.14437,2.14564,        29P    456
2.14822,2.14966,2.15156,2.154,2.15657,2.15799,2.22236,2.22395,        29P    457
2.22499,2.22726,2.22855,2.23018,2.23226,2.23447,2.23561,2.30282,      29P    458
2.30442,2.30637,2.30748,2.30875,2.31056,2.31336,2.38257,2.38393,      29P    459
2.3851,2.38631,2.38742,2.38886,2.39105,2.46235,2.46341,2.46461,       29P    460
2.46612,2.46715,2.46879,2.54177,2.54298,2.54421,2.54547,2.54666,      29P    461
2.60916,2.61032,2.61154,2.66246,2.66345,2.70242,2.72845,2.72845,      29P    462
2.72845,2.72845,0.,0.,0.,0.,0.132368,0.32196,0.508835,0.689227,       29P    463
0.86618,1.2108,1.38658,1.56433,1.70184,1.87114,1.87114,1.87114,       29P    464
1.87114,1.,1.,1.,1.,1.,1.,1.,1.,1.,1.,1.,1.,1.,1.,1.,1.,1.,1.,        29P    465
1.,1.,1.,1.,1.,1.,1.,1.,1.,1.,1.,1.,1.,1.,1.,1.,1.,1.,1.,1.,1.,       29P    466
1.,1.,1.,1.,1.,1.,1.,1.,1.,1.,1.,1.,1.,1.,1.,1.,1.,1.,1.,1.,1.,       29P    467
1.,1.,1.,1.,1.,1.,1.,1.,1.,1.,1.,1.,1.,1.,1.,1.,1.,1.,1.,1.,1.,       29P    468
1.,1.,1.,1.,1.,1.,1.,1.,1.,1.,1.,1.,1.,1.,1.,1.,1.,1.,1.,1.,1.,       29P    469
1.,1.,1.,1.,1.,1.,1.,1.,1.,1.,1.,1.,1.,1.,1.,1.,1.,1.,1.,1.,1.,       29P    470
1.,1.,1.,1.,1.,1.,1.,1.,1.,1.,1.,1.,1.,1.,1.,1.,1.,1.,1.,1.,1.,       29P    471
1.,1.,1.,1.,1.,1.,1.,1.,1.,1.,1.,1.,1.,1.,1.,1.,1.,1.,1.,1.,1.,       29P    472
1.,1.,1.,1.,1.,1.,1.,1.,1.,1.,1.,1.,1.,1.,1.,1.,1.,1.,1.,1.,1.,       29P    473
1.,1.,1.,1.,1.,1.,1.,1.,1.,1.,1.,1.,1.,1.,1.,1.,1.,1.,1.,1.,1.,       29P    474
1.,1.,1.,1.,1.,1.,1.,1.,1.,1.,1.,1.,1.,1.,1.,1.,1.,1.,1.,1.,1.,       29P    475
1.,1.,1.,1.,1.,1.,1.,1.,1.,1.,1.,1.,1.,1.,1.,1.,1.,1.,1.,1.,1.,       29P    476
1.,1.,1.,1.,1.,1.,1.,1.,1.,1.,1.,1.,1.,1.,1.,1.,1.,1.,1.,1.,1.,       29P    477
1.,1.,1.,1.,1.,1.,1.,1.,1.,1.,1.,1.,1.,1.,1.,1.,1.,1.,1.,1.,1.,       29P    478
1.,1.,1.,1.,1.,1.,1.,1.,1.,1.,1.,1.,1.,1.,1.,1.,1.,1.,1.,1.,1.,       29P    479
1.,1.,1.,1.,1.,1.,1.,1.,1.,1.,1.,1.,1.,1.,1.,1.,1.,1.,1.,1.,1.,       29P    480
1.,1.,1.,1.,1.,1.,1.,1.,1.,1.,1.,1.,1.,1.,1.,1.,1.,1.,1.,1.,1.,       29P    481
1.,1.,1.,1.,1.,1.,1.,1.,1.,1.,1.,1.,1.,1.,1.,1.,1.,1.,1.,1.,1.,       29P    482
1.,1.,1.,1.,1.,1.,1.,1.,1.,1.,1.,1.,1.,1.,1.,1.,1.,1.,1.,1.,1.,       29P    483
1.,1.,1.,1.,1.,1.,1.,1.,1.,1.,1.,1.,1.,1.,1.,1.,1.,1.,1.,1.,1.,       29P    484
1.,1.,1.,1.,1.,1.,1.,1.,1.,1.,1.,1.,1.,1.,1.,1.,1.,1.,1.,1.,1.,       29P    485
1.,1.,1.,1.,1.,1.,1.,1.,1.,1.,1.,1.,1.,1.,1.,1.,1.,1.,1.,1.,1.,       29P    486
1.,1.,1.,1.,1.,1.,1.,1.,1.,1.,1.,1.,1.,1.,1.,1.,1.,1.,1.,1.,1.,       29P    487
1.,1.,1.,1.,1.,1.,1.,1.,1.,1.,1.,1.,1.,1.,1.,1.,1.,1.,1.,1.,1.,       29P    488
1.,1.,1.,1.,1.,1.,1.,1.,1.,1.,1.,1.,1.,1.,1.,1.,1.,1.,1.,1.,1.,       29P    489
1.,1.,1.,1.,1.,1.,1.,1.,1.,1.,1.,1.,1.,1.,1.,1.,1.,1.,1.,1.,1.,       29P    490
1.,1.,1.,1.,1.,1.,1.,1.,1.,1.,1.,1.,1.,1.,1.,1.,1.,1.,1.,1.,1.,       29P    491
1.,1.,1.,1.,1.,1.,1.,1.,1.,1.,1.,1.,1.,1.,1.,1.,1.,1.,1.,1.,1.,       29P    492
1.,1.,1.,1.,1.,1.,1.,1.,1.,1.,1.,1.,1.,1.,1.,1.,1.,1.,1.,1.,1.,       29P    493
1.,1.,1.,1.,1.,1.,1.,1.,1.,1.,1.,1.,1.,1.,1.,1.,1.,1.,1.,1.,1.,       29P    494
1.,1.,1.,1.,1.,1.,1.,1.,1.,1.,1.,1.,1.,1.,1.,1.,1.,1.,1.,1.,1.,       29P    495
1.,1.,1.,1.,1.,1.,1.,1.,1.,1.,1.,1.,1.,1.,1.,1.,1.,1.,1.,1.,1.,       29P    496
1.,1.,1.,1.,1.,1.,1.,1.,1.,1.,1.,1.,1.,1.,1.,1.,1.,1.,1.,1.,1.,       29P    497
1.,1.,1.,1.,1.,1.,1.,1.,1.,1.,1.,1.,1.,1.,1.,1.,1.,1.,1.,1.,1.,       29P    498
1.,1.,1.,1.,1.,1.,1.,1.,1.,1.,1.,1.,1.,1.,1.,1.,1.,1.,1.,1.,1.,       29P    499
1.,1.,1.,1.,1.,1.,1.,1.,1.,1.,1.,1.,1.,1.,1.,1.,1.,1.,1.,1.,1.,       29P    500
1.,1.,1.,1.,1.,1.,1.,1.,1.,1.,1.,1.,1.,1.,1.,1.,1.,1.,1.,1.,1.,       29P    501
1.,1.,1.,1.,1.,1.,1.,1.,1.,1.,1.,1.,1.,1.,1.,1.,1.,1.,1.,1.,1.,       29P    502
1.,1.,1.,1.,1.,1.,1.,1.,1.,1.,1.,1.,1.,1.,1.,1.,1.,1.,1.,1.,1.,       29P    503
1.,1.,1.,1.,1.,1.,1.,1.,1.,1.,1.,1.,1.,1.,1.,1.,1.,1.,1.,1.,1.,       29P    504
1.,1.,1.,1.,1.,1.,1.,1.,1.,1.,1.,1.,1.,1.,1.,1.,1.,1.,1.,1.,1.,       29P    505
1.,1.,1.,1.,1.,1.,1.,1.,1.,1.,1.,1.,1.,1.,1.,1.,1.,1.,1.,1.,1.,       29P    506
1.,1.,1.,1.,1.,1.,1.,1.,1.,1.,1.,1.,1.,1.,1.,1.,1.,1.,1.,1.,1.,       29P    507
1.,1.,1.,1.,1.,1.,1.,1.,1.,1.,1.,1.,1.,1.,1.,1.,1.,1.,1.,1.,1.,       29P    508
1.,1.,1.,1.,1.,1.,1.,1.,1.,1.,1.,1.,1.,1.,1.,1.,1.,1.,1.,1.,1.,       29P    509
1.,1.,1.,1.,1.,1.,1.,1.,1.,1.,1.,1.,1.,1.,1.,1.,1.,1.,1.,1.,1.,       29P    510
1.,1.,1.,1.,1.,1.,1.,1.,1.,1.,1.,1.,1.,1.,1.,1.,1.,1.,1.,1.,1.,       29P    511
1.,1.,1.,1.,1.,1.,1.,1.,1.,1.,1.,1.,1.,1.,1.,1.,1.,1.,1.,1.,1.,       29P    512
1.,1.,1.,1.,1.,1.,1.,1.,1.,1.,1.,1.,1.,1.,1.,1.,1.,1.,1.,1.,1.,       29P    513
1.,1.,1.,1.,1.,1.,1.,1.,1.,1.,1.,1.,1.,1.,1.,1.,1.,1.,1.,1.,1.,       29P    514
1.,1.,1.,1.,1.,1.,1.,1.,1.,1.,1.,1.,1.,1.,1.,1.,1.,1.,1.,1.,1.,       29P    515
1.,1.,1.,1.,1.,1.,1.,1.,1.,1.,1.,1.,1.,1.,1.,1.,1.,1.,1.,1.,1.,       29P    516
1.,1.,1.,1.,1.,1.,1.,1.,1.,1.,1.,1.,1.,1.,1.,1.,1.,1.,1.,1.,1.,       29P    517
1.,1.,1.,1.,1.,1.,1.,1.,1.,1.,1.,1.,1.,1.,1.,1.,1.,1.,1.,1.,1.,       29P    518
1.,1.,1.,1.,1.,1.,1.,1.,1.,1.,1.,1.,1.,1.,1.,1.,1.,1.,1.,1.,1.,       29P    519
1.,1.,1.,1.,1.,1.,1.,1.,1.,1.,1.,1.,1.,1.,1.,1.,1.,1.,1.,1.,1.,       29P    520
1.,1.,1.,1.,1.,1.,1.,1.,1.,1.,1.,1.,1.,1.,1.,1.,1.,1.,1.,1.,1.,       29P    521
1.,1.,1.,1.,1.,1.,1.,1.,1.,1.,1.,1.,1.,1.,1.,1.,1.,1.,1.,1.,1.,       29P    522
1.,1.,1.,1.,1.,1.,1.,1.,1.,1.,1.,1.,1.,1.,1.,1.,1.,1.,1.,1.,1.,       29P    523
1.,1.,1.,1.,1.,1.,1.,1.,1.,1.,1.,1.,1.,1.,1.,1.,1.,1.,1.,1.,1.,       29P    524
1.,1.,1.,1.,1.,1.,1.,1.,1.,1.,1.,1.,1.,1.,1.,1.,1.,1.,1.,1.,1.,       29P    525
1.,1.,1.,1.,1.,1.,1.,1.,1.,1.,1.,1.,1.,1.,1.,1.,1.,1.,1.,1.,1.,       29P    526
1.,1.,1.,1.,1.,1.,1.,1.,1.,1.,1.,1.,1.,1.,1.,1.,1.,1.,1.,1.,1.,       29P    527
1.,1.,1.,1.,1.,1.,1.,1.,1.,1.,1.,1.,1.,1.,1.,1.,1.,1.,1.,1.,1.,       29P    528
1.,1.,1.,1.,1.,1.,1.,1.,1.,1.,1.,1.,1.,1.,1.,1.,1.,1.,1.,1.,1.,       29P    529
1.,1.,1.,1.,1.,1.,1.,1.,1.,1.,1.,1.,1.,1.,1.,1.,1.,1.,1.,1.,1.,       29P    530
1.,1.,1.,1.,1.,1.,1.,1.,1.,1.,1.,1.,1.,1.,1.,1.,1.,1.,1.,1.,1.,       29P    531
1.,1.,1.,1.,1.,1.,1.,1.,1.,1.,1.,1.,1.,1.,1.,1.,1.,1.,1.,1.,1.,       29P    532
1.,1.,1.,1.,1.,1.,1.,1.,1.,1.,1.,1.,1.,1.,1.,1.,1.,1.,1.,1.,1.,       29P    533
1.,1.,1.,1.,1.,1.,1.,1.,1.,1.,1.,1.,1.,1.,1.,1.,1.,1.,1.,1.,1.,       29P    534
1.,1.,1.,1.,1.,1.,1.,1.,1.,1.,1.,1.,1.,1.,1.,1.,1.,1.,1.,1.,1.,       29P    535
1.,1.,1.,1.,1.,1.,1.,1.,1.,1.,1.,1.,1.,1.,1.,1.,1.,1.,1.,1.,1.,       29P    536
1.,1.,1.,1.,1.,1.,1.,1.,1.,1.,1.,1.,1.,1.,1.,1.,1.,1.,1.,1.,1.,       29P    537
1.,1.,1.,1.,1.,1.,1.,1.,1.,1.,1.,1.,1.,1.,1.,1.,1.,1.,1.,1.,1.,       29P    538
1.,1.,1.,1.,1.,1.,1.,1.,1.,1.,1.,1.,1.,1.,1.,1.,1.,1.,1.,1.,1.,       29P    539
1.,1.,1.,1.,1.,1.,1.,1.,1.,1.,1.,1.,1.,1.,1.,1.,1.,1.,1.,1.,1.,       29P    540
1.,1.,1.,1.,1.,1.,1.,1.,1.,1.,1.,1.,1.,1.,1.,1.,1.,1.,1.,1.,1.,       29P    541
1.,1.,1.,1.,1.,1.,1.,1.,1.,1.,1.,1.,1.,1.,1.,1.,1.,1.,1.,1.,1.,       29P    542
1.,1.,1.,1.,1.,1.,1.,1.,1.,1.,1.,1.,1.,1.,1.,1.,1.,1.,1.,1.,1.,       29P    543
1.,1.,1.,1.,1.,1.,1.,1.,1.,1.,1.,1.,1.,1.,1.,1.,1.,1.,1.,1.,1.,       29P    544
1.,1.,1.,1.,1.,1.,1.,1.,1.,1.,1.,1.,1.,1.,1.,1.,1.,1.,1.,1.,1.,       29P    545
1.,1.,1.,1.,1.,1.,1.,1.,1.,1.,1.,1.,1.,1.,1.,1.,1.,1.,1.,1.,1.,       29P    546
1.,1.,1.,1.,1.,1.,1.,1.,1.,1.,1.,1.,1.,1.,1.,1.,1.,1.,1.,1.,1.,       29P    547
1.,1.,1.,1.,1.,1.,1.,1.,1.,1.,1.,1.,1.,1.,1.,1.,1.,1.,1.,1.,1.,       29P    548
1.,1.,1.,1.,1.,1.,1.,1.,1.,1.,1.,1.,1.,1.,1.,1.,1.,1.,1.,1.,1.,       29P    549
1.,1.,1.,1.,1.,1.,1.,1.,1.,1.,1.,1.,1.,1.,1.,1.,1.,1.,1.,1.,1.,       29P    550
1.,1.,1.,1.,1.,1.,1.,1.,1.,1.,1.,1.,1.,1.,1.,1.,1.,1.,1.,1.,1.,       29P    551
1.,1.,1.,1.,1.,1.,1.,1.,1.,1.,1.,1.,1.,1.,1.,1.,1.,1.,1.,1.,1.,       29P    552
1.,1.,1.,1.,1.,1.,1.,1.,1.,1.,1.,1.,1.,1.,1.,1.,1.,1.,1.,1.,1.,       29P    553
1.,1.,1.,1.,1.,1.,1.,1.,1.,1.,1.,1.,1.,1.,1.,1.,1.,1.,1.,1.,1.,       29P    554
1.,1.,1.,1.,1.,1.,1.,1.,1.,1.,1.,1.,1.,1.,1.,1.,1.,1.,1.,1.,1.,       29P    555
1.,1.,1.,1.,1.,1.,1.,1.,1.,1.,1.,1.,1.,1.,1.,1.,1.,1.,1.,1.,1.,       29P    556
1.,1.,1.,1.,1.,1.,1.,1.,1.,1.,1.,1.,1.,1.,1.,1.,1.,1.,1.,1.,1.,       29P    557
1.,1.,1.,1.,1.,1.,1.,1.,1.,1.,1.,1.,1.,1.,1.,1.,1.,1.,1.,1.,1.,       29P    558
1.,1.,1.,1.,1.,1.,1.,1.,1.,1.,1.,1.,1.,1.,1.,1.,1.,1.,1.,1.,1.,       29P    559
1.,1.,1.,1.,1.,1.,1.,1.,1.,1.,1.,1.,1.,1.,1.,1.,1.,1.,1.,1.,1.,       29P    560
1.,1.,1.,1.,1.,1.,1.,1.,1.,1.,1.,1.,1.,1.,1.,1.,1.,1.,1.,1.,1.,       29P    561
1.,1.,1.,1.,1.,1.,1.,1.,1.,1.,1.,1.,1.,1.,1.,1.,1.,1.,1.,1.,1.,       29P    562
1.,1.,1.,1.,1.,1.,1.,1.,1.,1.,1.,1.,1.,1.,1.,1.,1.,1.,1.,1.,1.,       29P    563
1.,1.,1.,1.,1.,1.,1.,1.,1.,1.,1.,1.,1.,1.,1.,1.,1.,1.,1.,1.,1.,       29P    564
1.,1.,1.,1.,1.,1.,1.,1.,1.,1.,1.,1.,1.,1.,1.,1.,1.,1.,1.,1.,1.,       29P    565
1.,1.,1.,1.,1.,1.,1.,1.,1.,1.,1.,1.,1.,1.,1.,1.,1.,1.,1.,1.,1.,       29P    566
1.,1.,1.,1.,1.,1.,1.,1.,1.,1.,1.,1.,1.,1.,1.,1.,1.,1.,1.,1.,1.,       29P    567
1.,1.,1.,1.,1.,1.,1.,1.,1.,1.,1.,1.,1.,1.,1.,1.,1.,1.,1.,1.,1.,       29P    568
1.,1.,1.,1.,1.,1.,1.,1.,1.,1.,1.,1.,1.,1.,1.,1.,1.,1.,1.,1.,1.,       29P    569
1.,1.,1.,1.,1.,1.,1.,1.,1.,1.,1.,1.,1.,1.,1.,1.,1.,1.,1.,1.,1.,       29P    570
1.,1.,1.,1.,1.,1.,1.,1.,1.,1.,1.,1.,1.,1.,1.,1.,1.,1.,1.,1.,1.,       29P    571
1.,1.,1.,1.,1.,1.,1.,1.,1.,1.,1.,1.,1.,1.,1.,1.,1.,1.,1.,1.,1.,       29P    572
1.,1.,1.,1.,1.,1.,1.,1.,1.,1.,1.,1.,1.,1.,1.,1.,1.,1.,1.,1.,1.,       29P    573
1.,1.,1.,1.,1.,1.,1.,1.,1.,1.,1.,1.,1.,1.,1.,1.,1.,1.,1.,1.,1.,       29P    574
1.,1.,1.,1.,1.,1.,1.,1.,1.,1.,1.,1.,1.,1.,1.,1.,1.,1.,1.,1.,1.,       29P    575
1.,1.,1.,1.,1.,1.,1.,1.,1.,1.,1.,1.,1.,1.,1.,1.,1.,1.,1.,1.,1.,       29P    576
1.,1.,1.,1.,1.,1.,1.,1.,1.,1.,1.,1.,1.,1.,1.,1.,1.,1.,1.,1.,1.,       29P    577
1.,1.,1.,1.,1.,1.,1.,1.,1.,1.,1.,1.,1.,1.,1.,1.,1.,1.,1.,1.,1.,       29P    578
1.,1.,1.,1.,1.,1.,1.,1.,1.,1.,1.,1.,1.,1.,1.,1.,1.,1.,1.,1.,1.,       29P    579
1.,1.,1.,1.,1.,1.,1.,1.,1.,1.,1.,1.,1.,1.,1.,1.,1.,1.,1.,1.,1.,       29P    580
1.,1.,1.,1.,1.,1.,1.,1.,1.,1.,1.,1.,1.,1.,1.,1.,1.,1.,1.,1.,1.,       29P    581
1.,1.,1.,1.,1.,1.,1.,1.,1.,1.,1.,1.,1.,1.,1.,1.,1.,1.,1.,1.,1.,       29P    582
1.,1.,1.,1.,1.,1.,1.,1.,1.,1.,1.,1.,1.,1.,1.,1.,1.,1.,1.,1.,1.,       29P    583
1.,1.,1.,1.,1.,1.,1.,1.,1.,1.,1.,1.,1.,1.,1.,1.,1.,1.,1.,1.,1.,       29P    584
1.,1.,1.,1.,1.,1.,1.,1.,1.,1.,1.,1.,1.,1.,1.,1.,1.,1.,1.,1.,1.,       29P    585
1.,1.,1.,1.,1.,1.,1.,1.,1.,1.,1.,1.,1.,1.,1.,1.,1.,1.,1.,1.,1.,       29P    586
1.,1.,1.,1.,1.,1.,1.,1.,1.,1.,1.,1.,1.,1.,1.,1.,1.,1.,1.,1.,1.,       29P    587
1.,1.,1.,1.,1.,1.,1.,1.,1.,1.,1.,1.,1.,1.,1.,1.,1.,1.,1.,1.,1.,       29P    588
1.,1.,1.,1.,1.,1.,1.,1.,1.,1.,1.,1.,1.,1.,1.,1.,1.,1.,1.,1.,1.,       29P    589
1.,1.,1.,1.,1.,1.,1.,1.,1.,1.,1.,1.,1.,1.,1.,1.,1.,1.,1.,1.,1.,       29P    590
1.,1.,1.,1.,1.,1.,1.,1.,1.,1.,1.,1.,1.,1.,1.,1.,1.,1.,1.,1.,1.,       29P    591
1.,1.,1.,1.,1.,1.,1.,1.,1.,1.,1.,1.,1.,1.,1.,1.,1.,1.,1.,1.,1.,       29P    592
1.,1.,1.,1.,1.,1.,1.,1.,1.,1.,1.,1.,1.,1.,1.,1.,1.,1.,1.,1.,1.,       29P    593
1.,1.,1.,1.,1.,1.,1.,1.,1.,1.,1.,1.,1.,1.,1.,1.,1.,1.,1.,1.,1.,       29P    594
1.,1.,1.,1.,1.,1.,1.,1.,1.,1.,1.,1.,1.,1.,1.,1.,1.,1.,1.,1.,1.,       29P    595
1.,1.,1.,1.,1.,1.,1.,1.,1.,1.,1.,1.,1.,1.,1.,1.,1.,1.,1.,1.,1.,       29P    596
1.,1.,1.,1.,1.,1.,1.,1.,1.,1.,1.,1.,1.,1.,1.,1.,1.,1.,1.,1.,1.,       29P    597
1.,1.,1.,1.,1.,1.,1.,1.,1.,1.,1.,1.,1.,1.,1.,1.,1.,1.,1.,1.,1.,       29P    598
1.,1.,1.,1.,1.,1.,1.,1.,1.,1.,1.,1.,1.,1.,1.,1.,1.,1.,1.,1.,1.,       29P    599
1.,1.,1.,1.,1.,1.,1.,1.,1.,1.,1.,1.,1.,1.,1.,1.,1.,1.,1.,1.,1.,       29P    600
1.,1.,1.,1.,1.,1.,1.,1.,1.,1.,1.,1.,1.,1.,1.,1.,1.,1.,1.,1.,1.,       29P    601
1.,1.,1.,1.,1.,1.,1.,1.,1.,1.,1.,1.,1.,1.,1.,1.,1.,1.,1.,1.,1.,       29P    602
1.,1.,1.,1.,1.,1.,1.,1.,1.,1.,1.,1.,1.,1.,1.,1.,1.,1.,1.,1.,1.,       29P    603
1.,1.,1.,1.,1.,1.,1.,1.,1.,1.,1.,1.,1.,1.,1.,1.,1.,1.,1.,1.,1.,       29P    604
1.,1.,1.,1.,1.,1.,1.,1.,1.,1.,1.,1.,1.,1.,1.,1.,1.,1.,1.,1.,1.,       29P    605
1.,1.,1.,1.,1.,1.,1.,1.,1.,1.,1.,1.,1.,1.,1.,1.,1.,1.,1.,1.,1.,       29P    606
1.,1.,1.,1.,1.,1.,1.,1.,1.,1.,1.,1.,1.,1.,1.,1.,1.,1.,1.,1.,1.,       29P    607
1.,1.,1.,1.,1.,1.,1.,1.,1.,1.,1.,1.,1.,1.,1.,1.,1.,1.,1.,1.,1.,       29P    608
1.,1.,1.,1.,1.,1.,1.,1.,1.,1.,1.,1.,1.,1.,1.,1.,1.,1.,1.,1.,1.,       29P    609
1.,1.,1.,1.,1.,1.,1.,1.,1.,1.,1.,1.,1.,1.,1.,1.,1.,1.,1.,1.,1.,       29P    610
1.,1.,1.,1.,1.,1.,1.,1.,1.,1.,1.,1.,1.,1.,1.,1.,1.,1.,1.,1.,1.,       29P    611
1.,1.,1.,1.,1.,1.,1.,1.,1.,1.,1.,1.,1.,1.,1.,1.,1.,1.,1.,1.,1.,       29P    612
1.,1.,1.,1.,1.,1.,1.,1.,1.,1.,1.,1.,1.,1.,1.,1.,1.,1.,1.,1.,1.,       29P    613
1.,1.,1.,1.,1.,1.,1.,1.,1.,1.,1.,1.,1.,1.,1.,1.,1.,1.,1.,1.,1.,       29P    614
1.,1.,1.,1.,1.,1.,1.,1.,1.,1.,1.,1.,1.,1.,1.,1.,1.,1.,1.,1.,1.,       29P    615
1.,1.,1.,1.,1.,1.,1.,1.,1.,1.,1.,1.,1.,1.,1.,1.,1.,1.,1.,1.,1.,       29P    616
1.,1.,1.,1.,1.,1.,1.,1.,1.,1.,1.,1.,1.,1.,1.,1.,1.,1.,1.,1.,1.,       29P    617
1.,1.,1.,1.,1.,1.,1.,1.,1.,1.,1.,1.,1.,1.,1.,1.,1.,1.,1.,1.,1.,       29P    618
1.,1.,1.,1.,1.,1.,1.,1.,1.,1.,1.,1.,1.,1.,1.,1.,1.,1.,1.,1.,1.,       29P    619
1.,1.,1.,1.,1.,1.,1.,1.,1.,1.,1.,1.,1.,1.,1.,1.,1.,1.,1.,1.,1.,       29P    620
1.,1.,1.,1.,1.,1.,1.,1.,1.,1.,1.,1.,1.,1.,1.,1.,1.,1.,1.,1.,1.,       29P    621
1.,1.,1.,1.,1.,1.,1.,1.,1.,1.,1.,1.,1.,1.,1.,1.,1.,1.,1.,1.,1.,       29P    622
1.,1.,1.,1.,1.,1.,1.,1.,1.,1.,1.,1.,1.,1.,1.,1.,1.,1.,1.,1.,1.,       29P    623
1.,1.,1.,1.,1.,1.,1.,1.,1.,1.,1.,1.,1.,1.,1.,1.,1.,1.,1.,1.,1.,       29P    624
1.,1.,1.,1.,1.,1.,1.,1.,1.,1.,1.,1.,1.,1.,1.,1.,1.,1.,1.,1.,1.,       29P    625
1.,1.,1.,1.,1.,1.,1.,1.,1.,1.,1.,1.,1.,1.,1.,1.,1.,1.,1.,1.,1.,       29P    626
1.,1.,1.,1.,1.,1.,1.,1.,1.,1.,1.,1.,1.,1.,1.,1.,1.,1.,1.,1.,1.,       29P    627
1.,1.,1.,1.,1.,1.,1.,1.,1.,1.,1.,1.,1.,1.,1.,1.,1.,1.,1.,1.,1.,       29P    628
1.,1.,1.,1.,1.,1.,1.,1.,1.,1.,1.,1.,1.,1.,1.,1.,1.,1.,1.,1.,1.,       29P    629
1.,1.,1.,1.,1.,1.,1.,1.,1.,1.,1.,1.,1.,1.,1.,1.,1.,1.,1.,1.,1.,       29P    630
1.,1.,1.,1.,1.,1.,1.,1.,1.,1.,1.,1.,1.,1.,1.,1.,1.,1.,1.,1.,1.,       29P    631
1.,1.,1.,1.,1.,1.,1.,1.,1.,1.,1.,1.,1.,1.,1.,1.,1.,1.,1.,1.,1.,       29P    632
1.,1.,1.,1.,1.,1.,1.,1.,1.,1.,1.,1.,1.,1.,1.,1.,1.,1.,1.,1.,1.,       29P    633
1.,1.,1.,1.,1.,1.,1.,1.,1.,1.,1.,1.,1.,1.,1.,1.,1.,1.,1.,1.,1.,       29P    634
1.,1.,1.,1.,1.,1.,1.,1.,1.,1.,1.,1.,1.,1.,1.,1.,1.,1.,1.,1.,1.,       29P    635
1.,1.,1.,1.,1.,1.,1.,1.,1.,1.,1.,1.,1.,1.,1.,1.,1.,1.,1.,1.,1.,       29P    636
1.,1.,1.,1.,1.,1.,1.,1.,1.,1.,1.,1.,1.,1.,1.,1.,1.,1.,1.,1.,1.,       29P    637
1.,1.,1.,1.,1.,1.,1.,1.,1.,1.,1.,1.,1.,1.,1.,1.,1.,1.,1.,1.,1.,       29P    638
1.,1.,1.,1.,1.,1.,1.,1.,1.,1.,1.,1.,1.,1.,1.,1.,1.,1.,1.,1.,1.,       29P    639
1.,1.,1.,1.,1.,1.,1.,1.,1.,1.,1.,1.,1.,1.,1.,1.,1.,1.,1.,1.,1.,       29P    640
1.,1.,1.,1.,1.,1.,1.,1.,1.,1.,1.,1.,1.,1.,1.,1.,1.,1.,1.,1.,1.,       29P    641
1.,1.,1.,1.,1.,1.,1.,1.,1.,1.,1.,1.,1.,1.,1.,1.,1.,1.,1.,1.,1.,       29P    642
1.,1.,1.,1.,1.,1.,1.,1.,1.,1.,1.,1.,1.,1.,1.,1.,1.,1.,1.,1.,1.,       29P    643
1.,1.,1.,1.,1.,1.,1.,1.,1.,1.,1.,1.,1.,1.,1.,1.,1.,1.,1.,1.,1.,       29P    644
1.,1.,1.,1.,1.,1.,1.,1.,1.,1.,1.,1.,1.,1.,1.,1.,1.,1.,1.,1.,1.,       29P    645
1.,1.,1.,1.,1.,1.,1.,1.,1.,1.,1.,1.,1.,1.,1.,1.,1.,1.,1.,1.,1.,       29P    646
1.,1.,1.,1.,1.,1.,1.,1.,1.,1.,1.,1.,1.,1.,1.,1.,1.,1.,1.,1.,1.,       29P    647
1.,1.,1.,1.,1.,1.,1.,1.,1.,1.,1.,1.,1.,1.,1.,1.,1.,1.,1.,1.,1.,       29P    648
1.,1.,1.,1.,1.,1.,1.,1.,1.,1.,1.,1.,1.,1.,1.,1.,1.,1.,1.,1.,1.,       29P    649
1.,1.,1.,1.,1.,1.,1.,1.,1.,1.,1.,1.,1.,1.,1.,1.,1.,1.,1.,1.,1.,       29P    650
1.,1.,1.,1.,1.,1.,1.,1.,1.,1.,1.,1.,1.,1.,1.,1.,1.,1.,1.,1.,1.,       29P    651
1.,1.,1.,1.,1.,1.,1.,1.,1.,1.,1.,1.,1.,1.,1.,1.,1.,1.,1.,1.,1.,       29P    652
1.,1.,1.,1.,1.,1.,1.,1.,1.,1.,1.,1.,1.,1.,1.,1.,1.,1.,1.,1.,1.,       29P    653
1.,1.,1.,1.,1.,1.,1.,1.,1.,1.,1.,1.,1.,1.,1.,1.,1.,1.,1.,1.,1.,       29P    654
1.,1.,1.,1.,1.,1.,1.,1.,1.,1.,1.,1.,1.,1.,1.,1.,1.,1.,1.,1.,1.,       29P    655
1.,1.,1.,1.,1.,1.,1.,1.,1.,1.,1.,1.,1.,1.,1.,1.,1.,1.,1.,1.,1.,       29P    656
1.,1.,1.,1.,1.,1.,1.,1.,1.,1.,1.,1.,1.,1.,1.,1.,1.,1.,1.,1.,1.,       29P    657
1.,1.,1.,1.,1.,1.,1.,1.,1.,1.,1.,1.,1.,1.,1.,1.,1.,1.,1.,1.,1.,       29P    658
1.,1.,1.,1.,1.,1.,1.,1.,1.,1.,1.,1.,1.,1.,1.,1.,1.,1.,1.,1.,1.,       29P    659
1.,1.,1.,1.,1.,1.,1.,1.,1.,1.,1.,1.,1.,1.,1.,1.,1.,1.,1.,1.,1.,       29P    660
1.,1.,1.,1.,1.,1.,1.,1.,1.,1.,1.,1.,1.,1.,1.,1.,1.,1.,1.,1.,1.,       29P    661
1.,1.,1.,1.,1.,1.,1.,1.,1.,1.,1.,1.,1.,1.,1.,1.,1.,1.,1.,1.,1.,       29P    662
1.,1.,1.,1.,1.,1.,1.,1.,1.,1.,1.,1.,1.,1.,1.,1.,1.,1.,1.,1.,1.,       29P    663
1.,1.,1.,1.,1.,1.,1.,1.,1.,1.,1.,1.,1.,1.,1.,1.,1.,1.,1.,1.,1.,       29P    664
1.,1.,1.,1.,1.,1.,1.,1.,1.,1.,1.,1.,1.,1.,1.,1.,1.,1.,1.,1.,1.,       29P    665
1.,1.,1.,1.,1.,1.,1.,1.,1.,1.,1.,1.,1.,1.,1.,1.,1.,1.,1.,1.,1.,       29P    666
1.,1.,1.,1.,1.,1.,1.,1.,1.,1.,1.,1.,1.,1.,1.,1.,1.,1.,1.,1.,1.,       29P    667
1.,1.,1.,1.,1.,1.,1.,1.,1.,1.,1.,1.,1.,1.,1.,1.,1.,1.,1.,1.,1.,       29P    668
1.,1.,1.,1.,1.,1.,1.,1.,1.,1.,1.,1.,1.,1.,1.,1.,1.,1.,1.,1.,1.,       29P    669
1.,1.,1.,1.,1.,1.,1.,1.,1.,1.,1.,1.,1.,1.,1.,1.,1.,1.,1.,1.,1.,       29P    670
1.,1.,1.,1.,1.,1.,1.,1.,1.,1.,1.,1.,1.,1.,1.,1.,1.,1.,1.,1.,1.,       29P    671
1.,1.,1.,1.,1.,1.,1.,1.,1.,1.,1.,1.,1.,1.,1.,1.,1.,1.,1.,1.,1.,       29P    672
1.,1.,1.,1.,1.,1.,1.,1.,1.,1.,1.,1.,1.,1.,1.,1.,1.,1.,1.,1.,1.,       29P    673
1.,1.,1.,1.,1.,1.,1.,1.,1.,1.,1.,1.,1.,1.,1.,1.,1.,1.,1.,1.,1.,       29P    674
1.,1.,1.,1.,1.,1.,1.,1.,1.,1.,1.,1.,1.,1.,1.,1.,1.,1.,1.,1.,1.,       29P    675
1.,1.,1.,1.,1.,1.,1.,1.,1.,1.,1.,1.,1.,1.,1.,1.,1.,1.,1.,1.,1.,       29P    676
1.,1.,1.,1.,1.,1.,1.,1.,1.,1.,1.,1.,1.,1.,1.,1.,1.,1.,1.,1.,1.,       29P    677
1.,1.,1.,1.,1.,1.,1.,1.,1.,1.,1.,1.,1.,1.,1.,1.,1.,1.,1.,1.,1.,       29P    678
1.,1.,1.,1.,1.,1.,1.,1.,1.,1.,1.,1.,1.,1.,1.,1.,1.,1.,1.,1.,1.,       29P    679
1.,1.,1.,1.,1.,1.,1.,1.,1.,1.,1.,1.,1.,1.,1.,1.,1.,1.,1.,1.,1.,       29P    680
1.,1.,1.,1.,1.,1.,1.,1.,1.,1.,1.,1.,1.,1.,1.,1.,1.,1.,1.,1.,1.,       29P    681
1.,1.,1.,1.,1.,1.,1.,1.,1.,1.,1.,1.,1.,1.,1.,1.,1.,1.,1.,1.,1.,       29P    682
1.,1.,1.,1.,1.,1.,1.,1.,1.,1.,1.,1.,1.,1.,1.,1.,1.,1.,1.,1.,1.,       29P    683
1.,1.,1.,1.,1.,1.,1.,1.,1.,1.,1.,1.,1.,1.,1.,1.,1.,1.,1.,1.,1.,       29P    684
1.,1.,1.,1.,1.,1.,1.,1.,1.,1.,1.,1.,1.,1.,1.,1.,1.,1.,1.,1.,1.,       29P    685
1.,1.,1.,1.,1.,1.,1.,1.,1.,1.,1.,1.,1.,1.,1.,1.,1.,1.,1.,1.,1.,       29P    686
1.,1.,1.,1.,1.,1.,1.,1.,1.,1.,1.,1.,1.,1.,1.,1.,1.,1.,1.,1.,1.,       29P    687
1.,1.,1.,1.,1.,1.,1.,1.,1.,1.,1.,1.,1.,1.,1.,1.,1.,1.,1.,1.,1.,       29P    688
1.,1.,1.,1.,1.,1.,1.,1.,1.,1.,1.,1.,1.,1.,1.,1.,1.,1.,1.,1.,1.,       29P    689
1.,1.,1.,1.,1.,1.,1.,1.,1.,1.,1.,1.,1.,1.,1.,1.,1.,1.,1.,1.,1.,       29P    690
1.,1.,1.,1.,1.,1.,1.,1.,1.,1.,1.,1.,1.,1.,1.,1.,1.,1.,1.,1.,1.,       29P    691
1.,1.,1.,1.,1.,1.,1.,1.,1.,1.,1.,1.,1.,1.,1.,1.,1.,1.,1.,1.,1.,       29P    692
1.,1.,1.,1.,1.,1.,1.,1.,1.,1.,1.,1.,1.,1.,1.,1.,1.,1.,1.,1.,1.,       29P    693
1.,1.,1.,1.,1.,1.,1.,1.,1.,1.,1.,1.,1.,1.,1.,1.,1.,1.,1.,1.,1.,       29P    694
1.,1.,1.,1.,1.,1.,1.,1.,1.,1.,1.,1.,1.,1.,1.,1.,1.,1.,1.,1.,1.,       29P    695
1.,1.,1.,1.,1.,1.,1.,1.,1.,1.,1.,1.,1.,1.,1.,1.,1.,1.,1.,1.,1.,       29P    696
1.,1.,1.,1.,1.,1.,1.,1.,1.,1.,1.,1.,1.,1.,1.,1.,1.,1.,1.,1.,1.,       29P    697
1.,1.,1.,1.,1.,1.,1.,1.,1.,1.,1.,1.,1.,1.,1.,1.,1.,1.,1.,1.,1.,       29P    698
1.,1.,1.,1.,1.,1.,1.,1.,1.,1.,1.,1.,1.,1.,1.,1.,1.,1.,1.,1.,1.,       29P    699
1.,1.,1.,1.,1.,1.,1.,1.,1.,1.,1.,1.,1.,1.,1.,1.,1.,1.,1.,1.,1.,       29P    700
1.,1.,1.,1.,1.,1.,1.,1.,1.,1.,1.,1.,1.,1.,1.,1.,1.,1.,1.,1.,1.,       29P    701
1.,1.,1.,1.,1.,1.,1.,1.,1.,1.,1.,1.,1.,1.,1.,1.,1.,1.,1.,1.,1.,       29P    702
1.,1.,1.,1.,1.,1.,1.,1.,1.,1.,1.,1.,1.,1.,1.,1.,1.,1.,1.,1.,1.,       29P    703
1.,1.,1.,1.,1.,1.,1.,1.,1.,1.,1.,1.,1.,1.,1.,1.,1.,1.,1.,1.,1.,       29P    704
1.,1.,1.,1.,1.,1.,1.,1.,1.,1.,1.,1.,1.,1.,1.,1.,1.,1.,1.,1.,1.,       29P    705
1.,1.,1.,1.,1.,1.,1.,1.,1.,1.,1.,1.,1.,1.,1.,1.,1.,1.,1.,1.,1.,       29P    706
1.,1.,1.,1.,1.,1.,1.,1.,1.,1.,1.,1.,1.,1.,1.,1.,1.,1.,1.,1.,1.,       29P    707
1.,1.,1.,1.,1.,1.,1.,1.,1.,1.,1.,1.,1.,1.,1.,1.,1.,1.,1.,1.,1.,       29P    708
1.,1.,1.,1.,1.,1.,1.,1.,1.,1.,1.,1.,1.,1.,1.,1.,1.,1.,1.,1.,1.,       29P    709
1.,1.,1.,1.,1.,1.,1.,1.,1.,1.,1.,1.,1.,1.,1.,1.,1.,1.,1.,1.,1.,       29P    710
1.,1.,1.,1.,1.,1.,1.,1.,1.,1.,1.,1.,1.,1.,1.,1.,1.,1.,1.,1.,1.,       29P    711
1.,1.,1.,1.,1.,1.,1.,1.,1.,1.,1.,1.,1.,1.,1.,1.,1.,1.,1.,1.,1.,       29P    712
1.,1.,1.,1.,1.,1.,1.,1.,1.,1.,1.,1.,1.,1.,1.,1.,1.,1.,1.,1.,1.,       29P    713
1.,1.,1.,1.,1.,1.,1.,1.,1.,1.,1.,1.,1.,1.,1.,1.,1.,1.,1.,1.,1.,       29P    714
1.,1.,1.,1.,1.,222.405,0.4343,10.556,222.404,0.435115,10.556,         29P    715
222.402,0.436101,10.556,222.4,0.437025,10.556,222.399,0.437424,       29P    716
10.556,222.397,0.437652,10.556,222.395,0.437629,10.556,222.394,       29P    717
0.437254,10.556,222.392,0.436726,10.556,222.392,0.436489,10.556,      29P    718
222.391,0.435994,10.556,222.39,0.435749,10.556,222.39,0.435102,       29P    719
10.556,222.389,0.434677,10.556,222.388,0.43388,10.556,222.388,        29P    720
0.433526,10.556,222.388,0.432841,10.556,222.387,0.432141,10.556,      29P    721
222.386,0.430779,10.556,222.386,0.429693,10.556,222.386,              29P    722
0.428438,10.556,222.386,0.427845,10.556,222.385,0.426728,10.556,      29P    723
222.385,0.426204,10.556,222.386,0.425048,10.556,222.386,              29P    724
0.424418,10.556,222.386,0.422929,10.556,222.386,0.422086,10.556,      29P    725
222.388,0.419103,10.556,222.389,0.416221,10.556,222.391,              29P    726
0.412816,10.556,222.392,0.41105,10.556,222.393,0.409404,10.556,       29P    727
222.394,0.407184,10.556,222.395,0.404997,10.556,222.396,              29P    728
0.402916,10.556,222.397,0.401358,10.556,222.398,0.399823,10.556,      29P    729
222.398,0.398431,10.556,222.402,0.391506,10.556,222.406,              29P    730
0.384395,10.556,222.41,0.377149,10.556,222.411,0.375422,10.556,       29P    731
222.412,0.373845,10.556,222.413,0.371717,10.556,222.414,              29P    732
0.369591,10.556,222.415,0.367556,10.556,222.416,0.365985,10.556,      29P    733
222.417,0.364406,10.556,222.418,0.362941,10.556,222.424,              29P    734
0.352202,10.556,222.43,0.341396,10.556,222.437,0.330574,10.556,       29P    735
222.438,0.328929,10.556,222.439,0.327457,10.556,222.44,0.325451,      29P    736
10.556,222.441,0.323441,10.556,222.442,0.321476,10.556,222.443,       29P    737
0.319925,10.556,222.444,0.318262,10.556,222.445,0.316726,10.556,      29P    738
222.454,0.302457,10.556,222.463,0.288179,10.556,222.473,              29P    739
0.274036,10.556,222.474,0.272427,10.556,222.475,0.271113,10.556,      29P    740
222.476,0.269269,10.556,222.478,0.26739,10.556,222.479,0.265504,      29P    741
10.556,222.48,0.263949,10.556,222.481,0.262258,10.556,222.482,        29P    742
0.260627,10.556,222.495,0.2432,10.556,222.507,0.2259,10.556,          29P    743
222.521,0.208972,10.556,222.522,0.207439,10.556,222.523,              29P    744
0.206294,10.556,222.524,0.204635,10.556,222.525,0.202887,10.556,      29P    745
222.527,0.201117,10.556,222.528,0.199605,10.556,222.529,              29P    746
0.197904,10.556,222.531,0.196216,10.556,222.544,0.179645,10.556,      29P    747
222.558,0.163189,10.556,222.572,0.147223,10.556,222.574,              29P    748
0.145761,10.556,222.574,0.144749,10.556,222.576,0.14325,10.556,       29P    749
222.577,0.141671,10.556,222.579,0.140018,10.556,222.58,0.138541,      29P    750
10.556,222.582,0.136807,10.556,222.583,0.13508,10.556,222.598,        29P    751
0.119439,10.556,222.613,0.103909,10.556,222.628,0.0889692,            29P    752
10.556,222.629,0.0875414,10.556,222.63,0.0866704,10.556,222.631,      29P    753
0.0853467,10.556,222.633,0.0839171,10.556,222.635,0.082406,           29P    754
10.556,222.636,0.080991,10.556,222.638,0.0793036,10.556,222.64,       29P    755
0.0775808,10.556,222.655,0.0629396,10.556,222.671,0.0482234,          29P    756
10.556,222.688,0.0340962,10.556,222.689,0.0324726,10.556,             29P    757
222.691,0.0313177,10.556,222.692,0.0300463,10.556,222.694,            29P    758
0.0286385,10.556,222.696,0.0272849,10.556,222.698,0.0256282,          29P    759
10.556,222.7,0.0239494,10.556,222.716,0.0103749,10.556,222.733,       29P    760
-0.00327152,10.556,222.75,-0.0162612,10.556,222.752,-0.0178006,       29P    761
10.556,222.754,-0.0188181,10.556,222.755,-0.0199664,10.556,           29P    762
222.757,-0.0212379,10.556,222.758,-0.0225008,10.556,222.761,          29P    763
-0.0240885,10.556,222.763,-0.0257056,10.556,222.78,-0.0381508,        29P    764
10.556,222.798,-0.0505614,10.556,222.816,-0.0623492,10.556,           29P    765
222.818,-0.0637663,10.556,222.819,-0.0646388,10.556,222.821,          29P    766
-0.0656326,10.556,222.823,-0.0667835,10.556,222.825,-0.0679775,       29P    767
10.556,222.827,-0.0694861,10.556,222.829,-0.071045,10.556,            29P    768
222.847,-0.0823317,10.556,222.866,-0.0935588,10.556,222.884,          29P    769
-0.104378,10.556,222.886,-0.105708,10.556,222.888,-0.106578,          29P    770
10.556,222.889,-0.107477,10.556,222.891,-0.108529,10.556,             29P    771
222.893,-0.109665,10.556,222.896,-0.111124,10.556,222.898,            29P    772
-0.11263,10.556,222.916,-0.123085,10.556,222.935,-0.133626,           29P    773
10.556,222.954,-0.143775,10.556,222.956,-0.145043,10.556,             29P    774
222.958,-0.145824,10.556,222.959,-0.146647,10.556,222.961,            29P    775
-0.147641,10.556,222.963,-0.14873,10.556,222.966,-0.15016,            29P    776
10.556,222.968,-0.151634,10.556,222.987,-0.161457,10.556,             29P    777
223.006,-0.171373,10.556,223.025,-0.180908,10.556,223.029,            29P    778
-0.182431,10.556,223.03,-0.183299,10.556,223.032,-0.184225,           29P    779
10.556,223.034,-0.18527,10.556,223.037,-0.186653,10.556,223.04,       29P    780
-0.188082,10.556,223.059,-0.197223,10.556,223.079,-0.206372,          29P    781
10.556,223.098,-0.215137,10.556,223.101,-0.216508,10.556,             29P    782
223.103,-0.217298,10.556,223.105,-0.218155,10.556,223.107,            29P    783
-0.219139,10.556,223.11,-0.220468,10.556,223.113,-0.221838,           29P    784
10.556,223.132,-0.230359,10.556,223.152,-0.238766,10.556,             29P    785
223.172,-0.246758,10.556,223.175,-0.247918,10.556,223.176,            29P    786
-0.24863,10.556,223.178,-0.249436,10.556,223.181,-0.250375,           29P    787
10.556,223.184,-0.251635,10.556,223.187,-0.252926,10.556,             29P    788
223.207,-0.260889,10.556,223.227,-0.268502,10.556,223.247,            29P    789
-0.275724,10.556,223.249,-0.2766,10.556,223.251,-0.27724,10.556,      29P    790
223.253,-0.277975,10.556,223.256,-0.278861,10.556,223.259,            29P    791
-0.280063,10.556,223.262,-0.281288,10.556,223.279,-0.287233,          29P    792
10.556,223.295,-0.292693,10.556,223.311,-0.297864,10.556,             29P    793
223.312,-0.298445,10.556,223.314,-0.299038,10.556,223.316,            29P    794
-0.299723,10.556,223.319,-0.300566,10.556,223.322,-0.301707,          29P    795
10.556,223.326,-0.302865,10.556,223.339,-0.307108,10.556,             29P    796
223.351,-0.310916,10.556,223.363,-0.31459,10.556,223.365,             29P    797
-0.315136,10.556,223.367,-0.315786,10.556,223.37,-0.316571,           29P    798
10.556,223.373,-0.317655,10.556,223.377,-0.318736,10.556,             29P    799
223.386,-0.321375,10.556,223.394,-0.323634,10.556,223.401,            29P    800
-0.325754,10.556,223.403,-0.326264,10.556,223.405,-0.326882,          29P    801
10.556,223.408,-0.327718,10.556,223.412,-0.328756,10.556,             29P    802
223.416,-0.329789,10.556,223.42,-0.331064,10.556,223.423,             29P    803
-0.331892,10.556,223.426,-0.332608,10.556,223.426,-0.332732,          29P    804
10.556,223.428,-0.333066,10.556,223.428,-0.333276,10.556,223.43,      29P    805
-0.333651,10.556,223.43,-0.333817,10.556,223.432,-0.334209,           29P    806
10.556,223.433,-0.334435,10.556,223.435,-0.335014,10.556,             29P    807
223.436,-0.335367,10.556,223.438,-0.335999,10.556,223.44,             29P    808
-0.336437,10.556,223.442,-0.336873,10.556,223.443,-0.337254,          29P    809
10.556,223.444,-0.337477,10.556,223.445,-0.337795,10.556,             29P    810
223.446,-0.338058,10.556,223.448,-0.338363,10.556,223.452,            29P    811
-0.338364,10.556,223.456,-0.337632,10.556,223.459,-0.336507,          29P    812
10.556,223.46,-0.335709,10.556,223.461,-0.334984,10.556,223.463,      29P    813
-0.334103,10.556,223.464,-0.333127,10.556,223.465,-0.331564,          29P    814
10.556,223.467,-0.329676,10.556,223.468,-0.32802,10.556,223.468,      29P    815
-0.326903,10.556,223.469,-0.326326,10.556,223.469,-0.324932,          29P    816
10.556,223.469,-0.324106,10.556,223.47,-0.32154,10.556,223.47,        29P    817
-0.319759,10.556,223.47,-0.316793,10.556,223.47,-0.315604,            29P    818
10.556,223.47,-0.313236,10.556,223.469,-0.312059,10.556,223.468,      29P    819
-0.308657,10.556,223.467,-0.306557,10.556,223.464,-0.304098,          29P    820
10.556,223.463,-0.302868,10.556,223.461,-0.301821,10.556,223.46,      29P    821
-0.301093,10.556,223.46,-0.300648,10.556,223.458,-0.300066,           29P    822
10.556,223.458,-0.29975,10.556,223.456,-0.29931,10.556,223.455,       29P    823
-0.298659,10.556,223.452,-0.297518,10.556,223.447,-0.295995,          29P    824
10.556,223.442,-0.294072,10.556,223.437,-0.292178,10.556,             29P    825
223.432,-0.290093,10.556,223.428,-0.288541,10.556,223.424,            29P    826
-0.28719,10.556,223.422,-0.286373,10.556,223.42,-0.285531,            29P    827
10.556,223.418,-0.284558,10.556,223.415,-0.283429,10.556,             29P    828
223.411,-0.281856,10.556,223.406,-0.279903,10.556,223.401,            29P    829
-0.277983,10.556,223.392,-0.27409,10.556,223.383,-0.270698,           29P    830
10.556,223.375,-0.267466,10.556,223.373,-0.266363,10.556,223.37,      29P    831
-0.2651,10.556,223.366,-0.2636,10.556,223.362,-0.262023,10.556,       29P    832
223.358,-0.260051,10.556,223.353,-0.258117,10.556,223.339,            29P    833
-0.252151,10.556,223.327,-0.246635,10.556,223.315,-0.241216,          29P    834
10.556,223.312,-0.240087,10.556,223.31,-0.238798,10.556,223.306,      29P    835
-0.237261,10.556,223.303,-0.235646,10.556,223.298,-0.233648,          29P    836
10.556,223.294,-0.231708,10.556,223.276,-0.223334,10.556,             29P    837
223.259,-0.215287,10.556,223.243,-0.20726,10.556,223.241,             29P    838
-0.206095,10.556,223.239,-0.204942,10.556,223.236,-0.203904,          29P    839
10.556,223.235,-0.202986,10.556,223.232,-0.201604,10.556,             29P    840
223.228,-0.199616,10.556,223.224,-0.197691,10.556,223.206,            29P    841
-0.188503,10.556,223.189,-0.179657,10.556,223.172,-0.170155,          29P    842
10.556,223.169,-0.16858,10.556,223.165,-0.166733,10.556,223.162,      29P    843
-0.165147,10.556,223.159,-0.163204,10.556,223.155,-0.161335,          29P    844
10.556,223.137,-0.151329,10.556,223.12,-0.141602,10.556,223.104,      29P    845
-0.131838,10.556,223.102,-0.130664,10.556,223.099,-0.12935,           29P    846
10.556,223.097,-0.12782,10.556,223.094,-0.126266,10.556,223.091,      29P    847
-0.12438,10.556,223.088,-0.122573,10.556,223.07,-0.111706,            29P    848
10.556,223.053,-0.101107,10.556,223.036,-0.0904365,10.556,            29P    849
223.034,-0.0892899,10.556,223.032,-0.0880157,10.556,223.03,           29P    850
-0.0865398,10.556,223.026,-0.0843384,10.556,223.023,-0.08212,         29P    851
10.556,223.004,-0.0697399,10.556,222.986,-0.0582333,10.556,           29P    852
222.969,-0.0466117,10.556,222.968,-0.045491,10.556,222.966,           29P    853
-0.0442519,10.556,222.964,-0.0428431,10.556,222.962,-0.0414198,       29P    854
10.556,222.96,-0.0397063,10.556,222.957,-0.0380812,10.556,            29P    855
222.939,-0.0254575,10.556,222.922,-0.0130122,10.556,222.905,          29P    856
-0.000485686,10.556,222.903,0.000577031,10.556,222.902,               29P    857
0.00175161,10.556,222.9,0.00308477,10.556,222.898,0.00440087,         29P    858
10.556,222.896,0.00598255,10.556,222.894,0.00745704,10.556,           29P    859
222.876,0.0207699,10.556,222.859,0.0340336,10.556,222.842,            29P    860
0.0473422,10.556,222.84,0.0484977,10.556,222.839,0.0495762,           29P    861
10.556,222.837,0.0507857,10.556,222.836,0.0519671,10.556,             29P    862
222.834,0.053379,10.556,222.832,0.0546935,10.556,222.814,             29P    863
0.0686741,10.556,222.796,0.0825503,10.556,222.779,0.0964906,          29P    864
10.556,222.778,0.0975122,10.556,222.777,0.0984711,10.556,             29P    865
222.775,0.099554,10.556,222.774,0.100596,10.556,222.772,0.10183,      29P    866
10.556,222.771,0.102963,10.556,222.753,0.1177,10.556,222.735,         29P    867
0.132474,10.556,222.716,0.147554,10.556,222.715,0.148546,10.556,      29P    868
222.714,0.149471,10.556,222.713,0.150366,10.556,222.712,              29P    869
0.151621,10.556,222.693,0.167385,10.556,222.674,0.183194,10.556,      29P    870
222.656,0.198804,10.556,222.655,0.199618,10.556,222.654,              29P    871
0.200377,10.556,222.653,0.201195,10.556,222.652,0.202228,10.556,      29P    872
222.633,0.218561,10.556,222.614,0.234975,10.556,222.596,              29P    873
0.251337,10.556,222.595,0.252176,10.556,222.594,0.253009,10.556,      29P    874
222.593,0.25394,10.556,222.575,0.270792,10.556,222.556,0.287863,      29P    875
10.556,222.537,0.304994,10.556,222.537,0.305834,10.556,222.536,       29P    876
0.30667,10.556,222.52,0.321438,10.556,222.504,0.336296,10.556,        29P    877
222.489,0.35127,10.556,222.476,0.363576,10.556,222.463,0.375917,      29P    878
10.556,222.441,0.397186,10.556,222.426,0.412718,10.556,222.411,       29P    879
0.428116,10.556,222.405,0.4343,10.556,222.406,0.44302,10.5993,        29P    880
222.405,0.44384,10.5993,222.403,0.444825,10.5993,222.401,             29P    881
0.44575,10.5993,222.4,0.446153,10.5993,222.398,0.446392,10.5993,      29P    882
222.396,0.446391,10.5993,222.395,0.446047,10.5993,222.393,            29P    883
0.445554,10.5993,222.393,0.445331,10.5993,222.392,0.444864,           29P    884
10.5993,222.392,0.444631,10.5993,222.391,0.444015,10.5993,            29P    885
222.39,0.443608,10.5993,222.39,0.442841,10.5993,222.389,              29P    886
0.442499,10.5993,222.389,0.441835,10.5993,222.388,0.441156,           29P    887
10.5993,222.387,0.439829,10.5993,222.387,0.438768,10.5993,            29P    888
222.387,0.437539,10.5993,222.387,0.436958,10.5993,222.387,            29P    889
0.435857,10.5993,222.387,0.435339,10.5993,222.387,0.434193,           29P    890
10.5993,222.387,0.433564,10.5993,222.387,0.432068,10.5993,            29P    891
222.387,0.431216,10.5993,222.389,0.428191,10.5993,222.39,             29P    892
0.425263,10.5993,222.392,0.421798,10.5993,222.393,0.420001,           29P    893
10.5993,222.394,0.418327,10.5993,222.395,0.416069,10.5993,            29P    894
222.396,0.413846,10.5993,222.397,0.411733,10.5993,222.398,            29P    895
0.410153,10.5993,222.399,0.408598,10.5993,222.4,0.407191,             29P    896
10.5993,222.403,0.400195,10.5993,222.407,0.393042,10.5993,            29P    897
222.411,0.385768,10.5993,222.412,0.384034,10.5993,222.413,            29P    898
0.382453,10.5993,222.414,0.380317,10.5993,222.415,0.378185,           29P    899
10.5993,222.416,0.376144,10.5993,222.417,0.374568,10.5993,            29P    900
222.418,0.372985,10.5993,222.419,0.371515,10.5993,222.425,            29P    901
0.360743,10.5993,222.431,0.349894,10.5993,222.438,0.339027,           29P    902
10.5993,222.439,0.337375,10.5993,222.44,0.335897,10.5993,             29P    903
222.441,0.333882,10.5993,222.442,0.331864,10.5993,222.443,            29P    904
0.329891,10.5993,222.444,0.328333,10.5993,222.445,0.326663,           29P    905
10.5993,222.446,0.325121,10.5993,222.455,0.310792,10.5993,            29P    906
222.464,0.29646,10.5993,222.474,0.282252,10.5993,222.475,             29P    907
0.280635,10.5993,222.476,0.279314,10.5993,222.477,0.277462,           29P    908
10.5993,222.478,0.275573,10.5993,222.48,0.273678,10.5993,             29P    909
222.481,0.272115,10.5993,222.482,0.270416,10.5993,222.483,            29P    910
0.268776,10.5993,222.495,0.251255,10.5993,222.508,0.233833,           29P    911
10.5993,222.521,0.216772,10.5993,222.522,0.215227,10.5993,            29P    912
222.523,0.214072,10.5993,222.524,0.2124,10.5993,222.526,              29P    913
0.210638,10.5993,222.527,0.208853,10.5993,222.528,0.207328,           29P    914
10.5993,222.53,0.205614,10.5993,222.531,0.203912,10.5993,             29P    915
222.544,0.187203,10.5993,222.558,0.170599,10.5993,222.572,            29P    916
0.15447,10.5993,222.573,0.152994,10.5993,222.574,0.151971,            29P    917
10.5993,222.576,0.150456,10.5993,222.577,0.148861,10.5993,            29P    918
222.579,0.14719,10.5993,222.58,0.145698,10.5993,222.581,              29P    919
0.143945,10.5993,222.583,0.1422,10.5993,222.597,0.126387,             29P    920
10.5993,222.612,0.110664,10.5993,222.627,0.0955148,10.5993,           29P    921
222.628,0.0940668,10.5993,222.629,0.0931835,10.5993,222.631,          29P    922
0.0918409,10.5993,222.632,0.0903907,10.5993,222.634,0.0888577,        29P    923
10.5993,222.635,0.087422,10.5993,222.637,0.0857098,10.5993,           29P    924
222.639,0.0839614,10.5993,222.654,0.0691007,10.5993,222.67,           29P    925
0.0541385,10.5993,222.686,0.0397526,10.5993,222.688,0.038099,         29P    926
10.5993,222.689,0.0369228,10.5993,222.691,0.0356276,10.5993,          29P    927
222.692,0.0341934,10.5993,222.694,0.0328143,10.5993,222.696,          29P    928
0.0311262,10.5993,222.698,0.0294153,10.5993,222.714,0.0155798,        29P    929
10.5993,222.731,0.00165079,10.5993,222.748,-0.0116424,10.5993,        29P    930
222.75,-0.0132182,10.5993,222.751,-0.0142598,10.5993,222.753,         29P    931
-0.0154356,10.5993,222.755,-0.0167379,10.5993,222.756,                29P    932
-0.0180315,10.5993,222.758,-0.0196582,10.5993,222.761,                29P    933
-0.0213154,10.5993,222.777,-0.0340734,10.5993,222.795,-0.046836,      29P    934
10.5993,222.813,-0.0589806,10.5993,222.815,-0.0604408,10.5993,        29P    935
222.816,-0.0613399,10.5993,222.818,-0.0623642,10.5993,222.82,         29P    936
-0.0635504,10.5993,222.821,-0.0647813,10.5993,222.824,                29P    937
-0.0663366,10.5993,222.826,-0.0679439,10.5993,222.844,                29P    938
-0.0795831,10.5993,222.862,-0.0911773,10.5993,222.88,-0.102369,       29P    939
10.5993,222.883,-0.103745,10.5993,222.884,-0.104646,10.5993,          29P    940
222.886,-0.105576,10.5993,222.887,-0.106665,10.5993,222.889,          29P    941
-0.10784,10.5993,222.892,-0.109351,10.5993,222.894,-0.11091,          29P    942
10.5993,222.912,-0.121737,10.5993,222.931,-0.13267,10.5993,           29P    943
222.949,-0.143204,10.5993,222.952,-0.14452,10.5993,222.953,           29P    944
-0.14533,10.5993,222.955,-0.146185,10.5993,222.957,-0.147216,         29P    945
10.5993,222.959,-0.148347,10.5993,222.961,-0.149831,10.5993,          29P    946
222.964,-0.151362,10.5993,222.982,-0.161561,10.5993,223.001,          29P    947
-0.171859,10.5993,223.02,-0.181782,10.5993,223.023,-0.183367,         29P    948
10.5993,223.025,-0.184271,10.5993,223.027,-0.185236,10.5993,          29P    949
223.029,-0.186324,10.5993,223.032,-0.187764,10.5993,223.035,          29P    950
-0.189253,10.5993,223.054,-0.198781,10.5993,223.073,-0.208342,        29P    951
10.5993,223.092,-0.217518,10.5993,223.095,-0.218953,10.5993,          29P    952
223.097,-0.219781,10.5993,223.099,-0.220678,10.5993,223.101,          29P    953
-0.221709,10.5993,223.104,-0.223101,10.5993,223.107,-0.224537,        29P    954
10.5993,223.127,-0.233468,10.5993,223.146,-0.242291,10.5993,          29P    955
223.166,-0.250683,10.5993,223.168,-0.251901,10.5993,223.17,           29P    956
-0.252649,10.5993,223.172,-0.253495,10.5993,223.175,-0.254482,        29P    957
10.5993,223.178,-0.255805,10.5993,223.181,-0.25716,10.5993,           29P    958
223.201,-0.265524,10.5993,223.221,-0.273524,10.5993,223.24,           29P    959
-0.281139,10.5993,223.243,-0.282062,10.5993,223.244,-0.282737,        29P    960
10.5993,223.246,-0.283513,10.5993,223.249,-0.284448,10.5993,          29P    961
223.252,-0.285717,10.5993,223.256,-0.287012,10.5993,223.272,          29P    962
-0.293296,10.5993,223.288,-0.299089,10.5993,223.304,-0.304573,        29P    963
10.5993,223.305,-0.30519,10.5993,223.307,-0.305818,10.5993,           29P    964
223.309,-0.306545,10.5993,223.312,-0.307438,10.5993,223.315,          29P    965
-0.308647,10.5993,223.319,-0.309875,10.5993,223.332,-0.314369,        29P    966
10.5993,223.344,-0.318398,10.5993,223.356,-0.322294,10.5993,          29P    967
223.358,-0.322874,10.5993,223.36,-0.323564,10.5993,223.362,           29P    968
-0.324396,10.5993,223.366,-0.325549,10.5993,223.37,-0.326698,         29P    969
10.5993,223.379,-0.329508,10.5993,223.386,-0.331921,10.5993,          29P    970
223.394,-0.33419,10.5993,223.396,-0.334736,10.5993,223.398,           29P    971
-0.335397,10.5993,223.401,-0.336293,10.5993,223.404,-0.337405,        29P    972
10.5993,223.408,-0.338512,10.5993,223.413,-0.339879,10.5993,          29P    973
223.416,-0.340768,10.5993,223.418,-0.341536,10.5993,223.419,          29P    974
-0.341669,10.5993,223.42,-0.342027,10.5993,223.421,-0.342252,         29P    975
10.5993,223.422,-0.342655,10.5993,223.423,-0.342833,10.5993,          29P    976
223.424,-0.343253,10.5993,223.425,-0.343496,10.5993,223.427,          29P    977
-0.344118,10.5993,223.429,-0.344497,10.5993,223.431,-0.345176,        29P    978
10.5993,223.433,-0.345659,10.5993,223.434,-0.346161,10.5993,          29P    979
223.436,-0.346606,10.5993,223.436,-0.34684,10.5993,223.438,           29P    980
-0.347133,10.5993,223.439,-0.347372,10.5993,223.441,-0.347634,        29P    981
10.5993,223.445,-0.347566,10.5993,223.448,-0.346764,10.5993,          29P    982
223.451,-0.345583,10.5993,223.453,-0.344749,10.5993,223.454,          29P    983
-0.343994,10.5993,223.455,-0.343076,10.5993,223.456,-0.342064,        29P    984
10.5993,223.458,-0.340453,10.5993,223.459,-0.338522,10.5993,          29P    985
223.46,-0.33684,10.5993,223.461,-0.335707,10.5993,223.461,            29P    986
-0.335122,10.5993,223.461,-0.333711,10.5993,223.462,-0.332877,        29P    987
10.5993,223.462,-0.330288,10.5993,223.462,-0.328496,10.5993,          29P    988
223.462,-0.325522,10.5993,223.462,-0.324332,10.5993,223.462,          29P    989
-0.321967,10.5993,223.461,-0.320793,10.5993,223.46,-0.317411,         29P    990
10.5993,223.458,-0.315339,10.5993,223.456,-0.312952,10.5993,          29P    991
223.454,-0.311777,10.5993,223.453,-0.310821,10.5993,223.452,          29P    992
-0.310179,10.5993,223.451,-0.309776,10.5993,223.45,-0.309218,         29P    993
10.5993,223.449,-0.308892,10.5993,223.448,-0.308415,10.5993,          29P    994
223.446,-0.30771,10.5993,223.443,-0.306476,10.5993,223.439,           29P    995
-0.304831,10.5993,223.434,-0.302757,10.5993,223.429,-0.30072,         29P    996
10.5993,223.424,-0.298481,10.5993,223.42,-0.296818,10.5993,           29P    997
223.416,-0.295372,10.5993,223.414,-0.2945,10.5993,223.412,            29P    998
-0.293599,10.5993,223.41,-0.29256,10.5993,223.407,-0.291356,          29P    999
10.5993,223.403,-0.289678,10.5993,223.398,-0.287597,10.5993,          29P   1000
223.393,-0.285553,10.5993,223.384,-0.281408,10.5993,223.375,          29P   1001
-0.2778,10.5993,223.368,-0.274364,10.5993,223.365,-0.273192,          29P   1002
10.5993,223.362,-0.271851,10.5993,223.358,-0.270257,10.5993,          29P   1003
223.355,-0.268583,10.5993,223.35,-0.266491,10.5993,223.346,           29P   1004
-0.26444,10.5993,223.332,-0.258116,10.5993,223.32,-0.252283,          29P   1005
10.5993,223.308,-0.246564,10.5993,223.305,-0.245372,10.5993,          29P   1006
223.302,-0.244014,10.5993,223.299,-0.242393,10.5993,223.295,          29P   1007
-0.240692,10.5993,223.291,-0.238587,10.5993,223.287,-0.236545,        29P   1008
10.5993,223.269,-0.227736,10.5993,223.253,-0.219297,10.5993,          29P   1009
223.237,-0.210904,10.5993,223.234,-0.209687,10.5993,223.232,          29P   1010
-0.208481,10.5993,223.23,-0.207397,10.5993,223.228,-0.206438,         29P   1011
10.5993,223.225,-0.204995,10.5993,223.222,-0.202918,10.5993,          29P   1012
223.218,-0.20091,10.5993,223.2,-0.191326,10.5993,223.183,             29P   1013
-0.18212,10.5993,223.166,-0.17225,10.5993,223.163,-0.170616,          29P   1014
10.5993,223.159,-0.168698,10.5993,223.157,-0.167051,10.5993,          29P   1015
223.153,-0.165035,10.5993,223.15,-0.163097,10.5993,223.132,           29P   1016
-0.152718,10.5993,223.115,-0.142647,10.5993,223.098,-0.132557,        29P   1017
10.5993,223.096,-0.131343,10.5993,223.094,-0.129986,10.5993,          29P   1018
223.092,-0.128407,10.5993,223.089,-0.126802,10.5993,223.086,          29P   1019
-0.124855,10.5993,223.083,-0.12299,10.5993,223.065,-0.111777,         29P   1020
10.5993,223.048,-0.100864,10.5993,223.031,-0.0899054,10.5993,         29P   1021
223.029,-0.0887279,10.5993,223.027,-0.0874198,10.5993,223.025,        29P   1022
-0.085905,10.5993,223.022,-0.0836461,10.5993,223.018,-0.0813708,      29P   1023
10.5993,222.999,-0.0686786,10.5993,222.982,-0.0569144,10.5993,        29P   1024
222.966,-0.0450446,10.5993,222.964,-0.0439,10.5993,222.962,           29P   1025
-0.0426346,10.5993,222.96,-0.0411959,10.5993,222.958,-0.0397426,      29P   1026
10.5993,222.956,-0.0379931,10.5993,222.953,-0.0363339,10.5993,        29P   1027
222.935,-0.0234458,10.5993,222.918,-0.010747,10.5993,222.901,         29P   1028
0.00201217,10.5993,222.9,0.00309455,10.5993,222.898,0.00429072,       29P   1029
10.5993,222.897,0.00564821,10.5993,222.895,0.00698817,10.5993,        29P   1030
222.893,0.00859828,10.5993,222.891,0.010099,10.5993,222.873,          29P   1031
0.0236467,10.5993,222.856,0.0371174,10.5993,222.839,0.0506415,        29P   1032
10.5993,222.837,0.0518157,10.5993,222.836,0.0529118,10.5993,          29P   1033
222.834,0.054141,10.5993,222.833,0.0553418,10.5993,222.831,           29P   1034
0.0567768,10.5993,222.829,0.0581131,10.5993,222.811,0.0723253,        29P   1035
10.5993,222.794,0.0864483,10.5993,222.777,0.100585,10.5993,           29P   1036
222.775,0.101621,10.5993,222.774,0.102593,10.5993,222.773,            29P   1037
0.103691,10.5993,222.772,0.104747,10.5993,222.77,0.105997,            29P   1038
10.5993,222.769,0.107144,10.5993,222.751,0.122067,10.5993,            29P   1039
222.733,0.13701,10.5993,222.715,0.152277,10.5993,222.714,             29P   1040
0.153283,10.5993,222.713,0.154219,10.5993,222.711,0.155125,           29P   1041
10.5993,222.71,0.156396,10.5993,222.691,0.17236,10.5993,222.673,      29P   1042
0.188392,10.5993,222.655,0.204227,10.5993,222.654,0.205053,           29P   1043
10.5993,222.653,0.205823,10.5993,222.652,0.206652,10.5993,            29P   1044
222.651,0.207701,10.5993,222.632,0.22427,10.5993,222.614,             29P   1045
0.240926,10.5993,222.596,0.257532,10.5993,222.595,0.258383,           29P   1046
10.5993,222.594,0.259229,10.5993,222.593,0.260173,10.5993,            29P   1047
222.574,0.277277,10.5993,222.556,0.294606,10.5993,222.537,            29P   1048
0.311995,10.5993,222.536,0.312847,10.5993,222.536,0.313696,           29P   1049
10.5993,222.52,0.328686,10.5993,222.504,0.343758,10.5993,             29P   1050
222.489,0.358954,10.5993,222.476,0.371443,10.5993,222.464,            29P   1051
0.383972,10.5993,222.442,0.40549,10.5993,222.427,0.421161,            29P   1052
10.5993,222.412,0.436755,10.5993,222.406,0.44302,10.5993,             29P   1053
222.409,0.463021,10.7046,222.408,0.463854,10.7046,222.407,            29P   1054
0.464843,10.7046,222.405,0.465767,10.7046,222.403,0.466171,           29P   1055
10.7046,222.402,0.466419,10.7046,222.4,0.466452,10.7046,222.398,      29P   1056
0.466157,10.7046,222.397,0.46572,10.7046,222.396,0.46552,             29P   1057
10.7046,222.395,0.465095,10.7046,222.395,0.464883,10.7046,            29P   1058
222.394,0.464311,10.7046,222.394,0.463926,10.7046,222.393,            29P   1059
0.463194,10.7046,222.393,0.462866,10.7046,222.392,0.462228,           29P   1060
10.7046,222.392,0.461575,10.7046,222.391,0.460301,10.7046,            29P   1061
222.391,0.45928,10.7046,222.39,0.458094,10.7046,222.39,0.457532,      29P   1062
10.7046,222.39,0.456463,10.7046,222.39,0.455959,10.7046,222.39,       29P   1063
0.454838,10.7046,222.39,0.454217,10.7046,222.39,0.452715,             29P   1064
10.7046,222.391,0.451854,10.7046,222.392,0.448755,10.7046,            29P   1065
222.394,0.445743,10.7046,222.395,0.442173,10.7046,222.396,            29P   1066
0.440322,10.7046,222.397,0.438596,10.7046,222.398,0.43627,            29P   1067
10.7046,222.4,0.433984,10.7046,222.401,0.431815,10.7046,222.402,      29P   1068
0.430196,10.7046,222.402,0.428606,10.7046,222.403,0.427169,           29P   1069
10.7046,222.407,0.420046,10.7046,222.411,0.412818,10.7046,            29P   1070
222.415,0.405492,10.7046,222.416,0.403746,10.7046,222.416,            29P   1071
0.402155,10.7046,222.418,0.400006,10.7046,222.419,0.397862,           29P   1072
10.7046,222.42,0.39581,10.7046,222.421,0.394225,10.7046,222.422,      29P   1073
0.392632,10.7046,222.422,0.391154,10.7046,222.428,0.380319,           29P   1074
10.7046,222.435,0.369384,10.7046,222.441,0.358425,10.7046,            29P   1075
222.442,0.356759,10.7046,222.443,0.355268,10.7046,222.444,            29P   1076
0.353237,10.7046,222.445,0.351201,10.7046,222.447,0.349211,           29P   1077
10.7046,222.448,0.34764,10.7046,222.449,0.345955,10.7046,             29P   1078
222.449,0.3444,10.7046,222.458,0.329949,10.7046,222.467,              29P   1079
0.315499,10.7046,222.477,0.301151,10.7046,222.478,0.299517,           29P   1080
10.7046,222.479,0.298184,10.7046,222.48,0.296312,10.7046,             29P   1081
222.481,0.294404,10.7046,222.482,0.292488,10.7046,222.483,            29P   1082
0.290908,10.7046,222.485,0.289189,10.7046,222.486,0.287531,           29P   1083
10.7046,222.498,0.269808,10.7046,222.51,0.252124,10.7046,             29P   1084
222.523,0.234773,10.7046,222.524,0.233201,10.7046,222.525,            29P   1085
0.232027,10.7046,222.526,0.230326,10.7046,222.528,0.228533,           29P   1086
10.7046,222.529,0.226717,10.7046,222.53,0.225166,10.7046,             29P   1087
222.531,0.223421,10.7046,222.533,0.221688,10.7046,222.546,            29P   1088
0.204679,10.7046,222.559,0.187753,10.7046,222.573,0.171264,           29P   1089
10.7046,222.574,0.169755,10.7046,222.575,0.168709,10.7046,            29P   1090
222.576,0.167159,10.7046,222.578,0.165527,10.7046,222.579,            29P   1091
0.163818,10.7046,222.58,0.162291,10.7046,222.582,0.160496,            29P   1092
10.7046,222.583,0.15871,10.7046,222.597,0.142515,10.7046,             29P   1093
222.612,0.126361,10.7046,222.626,0.110743,10.7046,222.628,            29P   1094
0.10925,10.7046,222.629,0.108339,10.7046,222.63,0.106954,             29P   1095
10.7046,222.631,0.105458,10.7046,222.633,0.103876,10.7046,            29P   1096
222.634,0.102394,10.7046,222.636,0.100626,10.7046,222.638,            29P   1097
0.0988206,10.7046,222.652,0.0834684,10.7046,222.668,0.0679552,        29P   1098
10.7046,222.684,0.0529865,10.7046,222.686,0.0512654,10.7046,          29P   1099
222.687,0.0500409,10.7046,222.688,0.0486923,10.7046,222.69,           29P   1100
0.0471985,10.7046,222.692,0.0457618,10.7046,222.693,0.0440028,        29P   1101
10.7046,222.695,0.0422194,10.7046,222.711,0.0277937,10.7046,          29P   1102
222.727,0.0132213,10.7046,222.744,-0.000763672,10.7046,222.746,       29P   1103
-0.00242245,10.7046,222.747,-0.00351921,10.7046,222.749,              29P   1104
-0.00475769,10.7046,222.75,-0.00612992,10.7046,222.752,               29P   1105
-0.00749364,10.7046,222.754,-0.00920911,10.7046,222.756,              29P   1106
-0.010958,10.7046,222.773,-0.0244288,10.7046,222.79,-0.0379928,       29P   1107
10.7046,222.807,-0.0509541,10.7046,222.809,-0.0525132,10.7046,        29P   1108
222.81,-0.0534734,10.7046,222.812,-0.0545673,10.7046,222.814,         29P   1109
-0.0558347,10.7046,222.815,-0.05715,10.7046,222.818,-0.0588125,       29P   1110
10.7046,222.82,-0.0605312,10.7046,222.837,-0.0729807,10.7046,         29P   1111
222.855,-0.0854246,10.7046,222.873,-0.0974813,10.7046,222.875,        29P   1112
-0.0989643,10.7046,222.876,-0.0999351,10.7046,222.878,-0.100938,      29P   1113
10.7046,222.879,-0.102112,10.7046,222.881,-0.10338,10.7046,           29P   1114
222.884,-0.10501,10.7046,222.886,-0.106693,10.7046,222.904,           29P   1115
-0.118385,10.7046,222.922,-0.130228,10.7046,222.94,-0.141663,         29P   1116
10.7046,222.942,-0.143091,10.7046,222.944,-0.143971,10.7046,          29P   1117
222.945,-0.144899,10.7046,222.947,-0.146019,10.7046,222.949,          29P   1118
-0.147248,10.7046,222.951,-0.14886,10.7046,222.954,-0.150523,         29P   1119
10.7046,222.972,-0.161605,10.7046,222.991,-0.172812,10.7046,          29P   1120
223.009,-0.183654,10.7046,223.012,-0.185387,10.7046,223.014,          29P   1121
-0.186376,10.7046,223.016,-0.187431,10.7046,223.018,-0.188622,        29P   1122
10.7046,223.021,-0.190199,10.7046,223.023,-0.19183,10.7046,           29P   1123
223.042,-0.202271,10.7046,223.061,-0.212804,10.7046,223.08,           29P   1124
-0.222956,10.7046,223.083,-0.224545,10.7046,223.084,-0.225461,        29P   1125
10.7046,223.086,-0.226456,10.7046,223.088,-0.227597,10.7046,          29P   1126
223.091,-0.22914,10.7046,223.094,-0.230732,10.7046,223.113,           29P   1127
-0.240637,10.7046,223.132,-0.250458,10.7046,223.151,-0.25982,         29P   1128
10.7046,223.154,-0.261179,10.7046,223.156,-0.262014,10.7046,          29P   1129
223.158,-0.262958,10.7046,223.16,-0.26406,10.7046,223.163,            29P   1130
-0.265537,10.7046,223.166,-0.267051,10.7046,223.186,-0.276394,        29P   1131
10.7046,223.205,-0.28535,10.7046,223.225,-0.293935,10.7046,           29P   1132
223.227,-0.294976,10.7046,223.229,-0.295738,10.7046,223.231,          29P   1133
-0.296614,10.7046,223.233,-0.297671,10.7046,223.236,-0.299106,        29P   1134
10.7046,223.24,-0.300571,10.7046,223.256,-0.307692,10.7046,           29P   1135
223.272,-0.314299,10.7046,223.287,-0.320561,10.7046,223.289,          29P   1136
-0.321264,10.7046,223.29,-0.321982,10.7046,223.292,-0.322811,         29P   1137
10.7046,223.295,-0.323831,10.7046,223.298,-0.325212,10.7046,          29P   1138
223.302,-0.326613,10.7046,223.315,-0.331743,10.7046,223.327,          29P   1139
-0.336337,10.7046,223.339,-0.340805,10.7046,223.34,-0.34147,          29P   1140
10.7046,223.342,-0.342263,10.7046,223.345,-0.34322,10.7046,           29P   1141
223.349,-0.344546,10.7046,223.352,-0.345871,10.7046,223.361,          29P   1142
-0.349116,10.7046,223.369,-0.35192,10.7046,223.376,-0.354566,         29P   1143
10.7046,223.378,-0.355203,10.7046,223.38,-0.355975,10.7046,           29P   1144
223.383,-0.357021,10.7046,223.386,-0.358321,10.7046,223.39,           29P   1145
-0.359616,10.7046,223.395,-0.361216,10.7046,223.398,-0.362257,        29P   1146
10.7046,223.4,-0.363157,10.7046,223.401,-0.363312,10.7046,            29P   1147
223.402,-0.363732,10.7046,223.403,-0.363996,10.7046,223.404,          29P   1148
-0.364469,10.7046,223.405,-0.364677,10.7046,223.406,-0.365169,        29P   1149
10.7046,223.407,-0.365455,10.7046,223.409,-0.36619,10.7046,           29P   1150
223.41,-0.366628,10.7046,223.413,-0.367394,10.7046,223.414,           29P   1151
-0.367953,10.7046,223.416,-0.368555,10.7046,223.417,-0.369094,        29P   1152
10.7046,223.418,-0.36933,10.7046,223.419,-0.369553,10.7046,           29P   1153
223.42,-0.369728,10.7046,223.423,-0.369867,10.7046,223.426,           29P   1154
-0.3696,10.7046,223.43,-0.368586,10.7046,223.433,-0.367239,           29P   1155
10.7046,223.434,-0.366306,10.7046,223.435,-0.365469,10.7046,          29P   1156
223.436,-0.364458,10.7046,223.438,-0.363358,10.7046,223.439,          29P   1157
-0.361629,10.7046,223.44,-0.359597,10.7046,223.441,-0.357853,         29P   1158
10.7046,223.441,-0.356682,10.7046,223.442,-0.356081,10.7046,          29P   1159
223.442,-0.354635,10.7046,223.442,-0.353783,10.7046,223.443,          29P   1160
-0.351152,10.7046,223.443,-0.349344,10.7046,223.442,-0.346372,        29P   1161
10.7046,223.442,-0.34519,10.7046,223.441,-0.342857,10.7046,           29P   1162
223.441,-0.341714,10.7046,223.439,-0.338454,10.7046,223.437,          29P   1163
-0.336471,10.7046,223.435,-0.334236,10.7046,223.433,-0.333166,        29P   1164
10.7046,223.432,-0.332368,10.7046,223.431,-0.331872,10.7046,          29P   1165
223.43,-0.331537,10.7046,223.429,-0.331007,10.7046,223.428,           29P   1166
-0.330651,10.7046,223.427,-0.33009,10.7046,223.425,-0.32926,          29P   1167
10.7046,223.422,-0.327808,10.7046,223.418,-0.325877,10.7046,          29P   1168
223.413,-0.323449,10.7046,223.408,-0.321073,10.7046,223.403,          29P   1169
-0.318471,10.7046,223.399,-0.316545,10.7046,223.396,-0.314874,        29P   1170
10.7046,223.394,-0.313867,10.7046,223.392,-0.312829,10.7046,          29P   1171
223.389,-0.311633,10.7046,223.387,-0.310247,10.7046,223.383,          29P   1172
-0.308319,10.7046,223.378,-0.305932,10.7046,223.373,-0.30359,         29P   1173
10.7046,223.364,-0.298846,10.7046,223.356,-0.294723,10.7046,          29P   1174
223.349,-0.290806,10.7046,223.346,-0.28947,10.7046,223.343,           29P   1175
-0.287942,10.7046,223.34,-0.286128,10.7046,223.336,-0.284224,         29P   1176
10.7046,223.332,-0.281845,10.7046,223.327,-0.279517,10.7046,          29P   1177
223.314,-0.272347,10.7046,223.302,-0.265762,10.7046,223.29,           29P   1178
-0.259335,10.7046,223.288,-0.257996,10.7046,223.285,-0.256472,        29P   1179
10.7046,223.282,-0.254654,10.7046,223.278,-0.252747,10.7046,          29P   1180
223.274,-0.250392,10.7046,223.27,-0.248109,10.7046,223.253,           29P   1181
-0.23827,10.7046,223.237,-0.228907,10.7046,223.221,-0.219646,         29P   1182
10.7046,223.219,-0.218302,10.7046,223.217,-0.216973,10.7046,          29P   1183
223.215,-0.215779,10.7046,223.213,-0.214722,10.7046,223.21,           29P   1184
-0.213134,10.7046,223.206,-0.21085,10.7046,223.203,-0.208642,         29P   1185
10.7046,223.185,-0.198118,10.7046,223.169,-0.188058,10.7046,          29P   1186
223.152,-0.177317,10.7046,223.149,-0.175539,10.7046,223.146,          29P   1187
-0.173455,10.7046,223.143,-0.171665,10.7046,223.14,-0.169476,         29P   1188
10.7046,223.136,-0.167372,10.7046,223.119,-0.156114,10.7046,          29P   1189
223.102,-0.145234,10.7046,223.086,-0.13438,10.7046,223.084,           29P   1190
-0.133075,10.7046,223.082,-0.131616,10.7046,223.08,-0.129919,         29P   1191
10.7046,223.077,-0.128195,10.7046,223.074,-0.126105,10.7046,          29P   1192
223.071,-0.124104,10.7046,223.054,-0.112081,10.7046,223.037,          29P   1193
-0.10043,10.7046,223.021,-0.0887897,10.7046,223.019,-0.0875393,       29P   1194
10.7046,223.017,-0.0861508,10.7046,223.015,-0.0845436,10.7046,        29P   1195
223.012,-0.082148,10.7046,223.008,-0.0797371,10.7046,222.99,          29P   1196
-0.0663002,10.7046,222.973,-0.0539127,10.7046,222.957,                29P   1197
-0.0414473,10.7046,222.955,-0.0402454,10.7046,222.953,-0.038917,      29P   1198
10.7046,222.951,-0.0374069,10.7046,222.949,-0.0358817,10.7046,        29P   1199
222.947,-0.034046,10.7046,222.945,-0.0323054,10.7046,222.927,         29P   1200
-0.0187878,10.7046,222.91,-0.00549501,10.7046,222.894,                29P   1201
0.00781352,10.7046,222.893,0.00894235,10.7046,222.891,0.0101895,      29P   1202
10.7046,222.889,0.0116045,10.7046,222.887,0.013001,10.7046,           29P   1203
222.885,0.0146784,10.7046,222.883,0.0162413,10.7046,222.866,          29P   1204
0.0303464,10.7046,222.849,0.0443164,10.7046,222.832,0.058351,         29P   1205
10.7046,222.831,0.0595696,10.7046,222.83,0.0607071,10.7046,           29P   1206
222.828,0.0619829,10.7046,222.827,0.0632292,10.7046,222.825,          29P   1207
0.064719,10.7046,222.823,0.0661062,10.7046,222.806,0.0808626,         29P   1208
10.7046,222.789,0.0955523,10.7046,222.772,0.110164,10.7046,           29P   1209
222.771,0.111234,10.7046,222.769,0.112238,10.7046,222.768,            29P   1210
0.113372,10.7046,222.767,0.114462,10.7046,222.765,0.115752,           29P   1211
10.7046,222.764,0.116935,10.7046,222.746,0.132319,10.7046,            29P   1212
222.729,0.147687,10.7046,222.712,0.16341,10.7046,222.71,              29P   1213
0.164445,10.7046,222.709,0.16541,10.7046,222.708,0.166343,            29P   1214
10.7046,222.707,0.167652,10.7046,222.689,0.184097,10.7046,            29P   1215
222.671,0.200644,10.7046,222.653,0.216994,10.7046,222.652,            29P   1216
0.217846,10.7046,222.651,0.218641,10.7046,222.65,0.219498,            29P   1217
10.7046,222.649,0.220582,10.7046,222.631,0.237696,10.7046,            29P   1218
222.613,0.254898,10.7046,222.595,0.272046,10.7046,222.594,            29P   1219
0.272925,10.7046,222.593,0.273798,10.7046,222.592,0.274773,           29P   1220
10.7046,222.574,0.292413,10.7046,222.556,0.310302,10.7046,            29P   1221
222.538,0.328252,10.7046,222.537,0.329132,10.7046,222.536,            29P   1222
0.330008,10.7046,222.521,0.345483,10.7046,222.505,0.361039,           29P   1223
10.7046,222.49,0.376708,10.7046,222.478,0.389584,10.7046,             29P   1224
222.465,0.402508,10.7046,222.444,0.424569,10.7046,222.429,            29P   1225
0.440561,10.7046,222.414,0.45658,10.7046,222.409,0.463021,            29P   1226
10.7046,222.418,0.489341,10.872,222.418,0.490085,10.872,222.416,      29P   1227
0.491042,10.872,222.414,0.491994,10.872,222.413,0.492426,10.872,      29P   1228
222.411,0.492692,10.872,222.409,0.492663,10.872,222.407,0.4922,       29P   1229
10.872,222.406,0.491528,10.872,222.405,0.491224,10.872,222.404,       29P   1230
0.490579,10.872,222.404,0.490258,10.872,222.403,0.489453,10.872,      29P   1231
222.403,0.488956,10.872,222.402,0.488051,10.872,222.402,              29P   1232
0.487657,10.872,222.401,0.4869,10.872,222.401,0.486132,10.872,        29P   1233
222.401,0.484623,10.872,222.4,0.48344,10.872,222.4,0.482101,          29P   1234
10.872,222.4,0.481483,10.872,222.401,0.480344,10.872,222.401,         29P   1235
0.479818,10.872,222.401,0.478677,10.872,222.401,0.478086,10.872,      29P   1236
222.402,0.476789,10.872,222.402,0.476024,10.872,222.404,              29P   1237
0.473067,10.872,222.405,0.470215,10.872,222.407,0.466844,10.872,      29P   1238
222.408,0.465097,10.872,222.409,0.463467,10.872,222.41,0.461268,      29P   1239
10.872,222.411,0.459099,10.872,222.412,0.457032,10.872,222.413,       29P   1240
0.455483,10.872,222.414,0.453955,10.872,222.415,0.452568,10.872,      29P   1241
222.418,0.445657,10.872,222.422,0.438526,10.872,222.426,              29P   1242
0.431236,10.872,222.427,0.429496,10.872,222.428,0.427909,10.872,      29P   1243
222.429,0.425764,10.872,222.43,0.423621,10.872,222.431,0.421568,      29P   1244
10.872,222.432,0.419983,10.872,222.433,0.418389,10.872,222.434,       29P   1245
0.416909,10.872,222.44,0.406062,10.872,222.446,0.395116,10.872,       29P   1246
222.452,0.384127,10.872,222.453,0.382456,10.872,222.454,              29P   1247
0.380961,10.872,222.455,0.378923,10.872,222.457,0.37688,10.872,       29P   1248
222.458,0.374882,10.872,222.459,0.373305,10.872,222.46,0.371613,      29P   1249
10.872,222.461,0.370051,10.872,222.469,0.355531,10.872,222.478,       29P   1250
0.340968,10.872,222.488,0.326492,10.872,222.489,0.324844,10.872,      29P   1251
222.489,0.323499,10.872,222.491,0.32161,10.872,222.492,0.319685,      29P   1252
10.872,222.493,0.317751,10.872,222.494,0.316157,10.872,222.495,       29P   1253
0.314423,10.872,222.496,0.312749,10.872,222.508,0.294862,10.872,      29P   1254
222.52,0.277009,10.872,222.533,0.259414,10.872,222.534,0.25782,       29P   1255
10.872,222.535,0.256628,10.872,222.536,0.254902,10.872,222.537,       29P   1256
0.253082,10.872,222.539,0.251237,10.872,222.54,0.249661,10.872,       29P   1257
222.541,0.247888,10.872,222.543,0.246126,10.872,222.555,              29P   1258
0.228826,10.872,222.568,0.211518,10.872,222.581,0.194614,10.872,      29P   1259
222.583,0.193066,10.872,222.583,0.191993,10.872,222.585,              29P   1260
0.190404,10.872,222.586,0.18873,10.872,222.587,0.186977,10.872,       29P   1261
222.589,0.185409,10.872,222.59,0.183568,10.872,222.592,0.181734,      29P   1262
10.872,222.605,0.165111,10.872,222.619,0.148493,10.872,222.633,       29P   1263
0.132322,10.872,222.634,0.130775,10.872,222.635,0.129831,10.872,      29P   1264
222.636,0.128396,10.872,222.638,0.126844,10.872,222.639,              29P   1265
0.125203,10.872,222.64,0.123664,10.872,222.642,0.121828,10.872,       29P   1266
222.644,0.119951,10.872,222.658,0.103986,10.872,222.673,              29P   1267
0.0877325,10.872,222.688,0.0719832,10.872,222.689,0.0701716,          29P   1268
10.872,222.691,0.0688826,10.872,222.692,0.0674625,10.872,             29P   1269
222.694,0.0658892,10.872,222.695,0.0643757,10.872,222.697,            29P   1270
0.0625221,10.872,222.699,0.0606424,10.872,222.714,0.0454327,          29P   1271
10.872,222.729,0.0300176,10.872,222.745,0.0151536,10.872,             29P   1272
222.747,0.0133897,10.872,222.748,0.0122233,10.872,222.75,             29P   1273
0.0109057,10.872,222.751,0.00944519,10.872,222.753,0.00799335,        29P   1274
10.872,222.755,0.00616633,10.872,222.757,0.00430279,10.872,           29P   1275
222.772,-0.0100584,10.872,222.789,-0.0245998,10.872,222.805,          29P   1276
-0.0386422,10.872,222.807,-0.0403333,10.872,222.808,-0.0413751,       29P   1277
10.872,222.81,-0.042563,10.872,222.811,-0.0439403,10.872,             29P   1278
222.813,-0.0453706,10.872,222.815,-0.0471802,10.872,222.818,          29P   1279
-0.0490532,10.872,222.834,-0.0626363,10.872,222.851,-0.076374,        29P   1280
10.872,222.867,-0.0897541,10.872,222.869,-0.0914008,10.872,           29P   1281
222.871,-0.0924788,10.872,222.872,-0.0935931,10.872,222.874,          29P   1282
-0.0948977,10.872,222.876,-0.096307,10.872,222.878,-0.0981188,        29P   1283
10.872,222.88,-0.0999903,10.872,222.897,-0.112995,10.872,             29P   1284
222.914,-0.126198,10.872,222.931,-0.139001,10.872,222.933,            29P   1285
-0.140601,10.872,222.935,-0.141587,10.872,222.936,-0.142627,          29P   1286
10.872,222.938,-0.143883,10.872,222.94,-0.14526,10.872,222.942,       29P   1287
-0.147069,10.872,222.945,-0.148936,10.872,222.962,-0.161385,          29P   1288
10.872,222.979,-0.174048,10.872,222.997,-0.186401,10.872,223.,        29P   1289
-0.188379,10.872,223.002,-0.189507,10.872,223.003,-0.190711,          29P   1290
10.872,223.005,-0.192072,10.872,223.008,-0.193875,10.872,             29P   1291
223.011,-0.195742,10.872,223.028,-0.207706,10.872,223.046,            29P   1292
-0.219866,10.872,223.064,-0.231623,10.872,223.067,-0.233464,          29P   1293
10.872,223.068,-0.234525,10.872,223.07,-0.235677,10.872,223.072,      29P   1294
-0.237,10.872,223.075,-0.238788,10.872,223.078,-0.240633,10.872,      29P   1295
223.096,-0.252122,10.872,223.114,-0.263546,10.872,223.132,            29P   1296
-0.274598,10.872,223.135,-0.276205,10.872,223.137,-0.277193,          29P   1297
10.872,223.138,-0.278312,10.872,223.141,-0.279619,10.872,             29P   1298
223.144,-0.281374,10.872,223.147,-0.283178,10.872,223.165,            29P   1299
-0.294331,10.872,223.184,-0.305217,10.872,223.202,-0.315692,          29P   1300
10.872,223.204,-0.316963,10.872,223.206,-0.317893,10.872,             29P   1301
223.208,-0.318962,10.872,223.21,-0.320253,10.872,223.213,             29P   1302
-0.322005,10.872,223.217,-0.323795,10.872,223.232,-0.332491,          29P   1303
10.872,223.247,-0.340566,10.872,223.262,-0.34834,10.872,223.263,      29P   1304
-0.349215,10.872,223.265,-0.350109,10.872,223.267,-0.351142,          29P   1305
10.872,223.269,-0.352416,10.872,223.272,-0.354144,10.872,             29P   1306
223.276,-0.355906,10.872,223.288,-0.362376,10.872,223.299,            29P   1307
-0.368267,10.872,223.311,-0.374025,10.872,223.312,-0.374883,          29P   1308
10.872,223.315,-0.375905,10.872,223.317,-0.37714,10.872,223.32,       29P   1309
-0.378852,10.872,223.324,-0.380564,10.872,223.332,-0.384759,          29P   1310
10.872,223.34,-0.388386,10.872,223.347,-0.39182,10.872,223.348,       29P   1311
-0.392647,10.872,223.35,-0.393651,10.872,223.353,-0.395011,           29P   1312
10.872,223.357,-0.396705,10.872,223.36,-0.398396,10.872,223.364,      29P   1313
-0.40049,10.872,223.367,-0.401854,10.872,223.37,-0.403035,            29P   1314
10.872,223.37,-0.403239,10.872,223.371,-0.403791,10.872,223.372,      29P   1315
-0.404137,10.872,223.373,-0.404757,10.872,223.374,-0.405032,          29P   1316
10.872,223.375,-0.405684,10.872,223.376,-0.406055,10.872,             29P   1317
223.378,-0.40699,10.872,223.379,-0.407613,10.872,223.382,             29P   1318
-0.408824,10.872,223.383,-0.409478,10.872,223.385,-0.40984,           29P   1319
10.872,223.386,-0.410063,10.872,223.387,-0.410145,10.872,             29P   1320
223.389,-0.41019,10.872,223.39,-0.410199,10.872,223.392,              29P   1321
-0.410023,10.872,223.396,-0.409244,10.872,223.399,-0.407682,          29P   1322
10.872,223.402,-0.405758,10.872,223.403,-0.40449,10.872,223.404,      29P   1323
-0.403391,10.872,223.405,-0.402126,10.872,223.406,-0.400797,          29P   1324
10.872,223.407,-0.398766,10.872,223.408,-0.396481,10.872,             29P   1325
223.408,-0.394608,10.872,223.408,-0.39337,10.872,223.408,             29P   1326
-0.392743,10.872,223.409,-0.39126,10.872,223.409,-0.390405,           29P   1327
10.872,223.408,-0.387826,10.872,223.408,-0.386138,10.872,             29P   1328
223.407,-0.383434,10.872,223.406,-0.382383,10.872,223.405,            29P   1329
-0.380308,10.872,223.404,-0.379264,10.872,223.402,-0.376288,          29P   1330
10.872,223.4,-0.374678,10.872,223.397,-0.373163,10.872,223.396,       29P   1331
-0.37232,10.872,223.394,-0.371392,10.872,223.393,-0.370639,           29P   1332
10.872,223.392,-0.370152,10.872,223.391,-0.369433,10.872,223.39,      29P   1333
-0.368982,10.872,223.389,-0.368295,10.872,223.388,-0.367279,          29P   1334
10.872,223.385,-0.365502,10.872,223.381,-0.363136,10.872,             29P   1335
223.377,-0.360157,10.872,223.372,-0.357236,10.872,223.367,            29P   1336
-0.35403,10.872,223.364,-0.351653,10.872,223.36,-0.34959,10.872,      29P   1337
223.359,-0.348347,10.872,223.357,-0.347065,10.872,223.354,            29P   1338
-0.345588,10.872,223.352,-0.343878,10.872,223.348,-0.341501,          29P   1339
10.872,223.344,-0.338562,10.872,223.339,-0.335686,10.872,             29P   1340
223.331,-0.329876,10.872,223.323,-0.324862,10.872,223.316,            29P   1341
-0.320121,10.872,223.314,-0.318506,10.872,223.311,-0.316661,          29P   1342
10.872,223.308,-0.314474,10.872,223.304,-0.312181,10.872,223.3,       29P   1343
-0.309321,10.872,223.296,-0.306527,10.872,223.284,-0.297934,          29P   1344
10.872,223.272,-0.290089,10.872,223.261,-0.282485,10.872,             29P   1345
223.259,-0.280903,10.872,223.257,-0.279102,10.872,223.254,            29P   1346
-0.276959,10.872,223.25,-0.274713,10.872,223.246,-0.271944,           29P   1347
10.872,223.243,-0.269266,10.872,223.226,-0.257744,10.872,             29P   1348
223.211,-0.246887,10.872,223.196,-0.236195,10.872,223.194,            29P   1349
-0.234645,10.872,223.192,-0.233112,10.872,223.19,-0.231735,           29P   1350
10.872,223.189,-0.230517,10.872,223.186,-0.228686,10.872,             29P   1351
223.183,-0.226055,10.872,223.179,-0.223512,10.872,223.163,            29P   1352
-0.211397,10.872,223.147,-0.199851,10.872,223.131,-0.187621,          29P   1353
10.872,223.129,-0.185599,10.872,223.126,-0.183231,10.872,             29P   1354
223.123,-0.1812,10.872,223.12,-0.178718,10.872,223.117,               29P   1355
-0.176337,10.872,223.1,-0.163612,10.872,223.085,-0.151434,            29P   1356
10.872,223.069,-0.139357,10.872,223.068,-0.137905,10.872,             29P   1357
223.066,-0.136283,10.872,223.063,-0.134397,10.872,223.061,            29P   1358
-0.132483,10.872,223.058,-0.130163,10.872,223.055,-0.127944,          29P   1359
10.872,223.039,-0.114615,10.872,223.023,-0.101762,10.872,             29P   1360
223.007,-0.0889834,10.872,223.006,-0.0876112,10.872,223.004,          29P   1361
-0.086088,10.872,223.002,-0.0843257,10.872,222.999,-0.0817001,        29P   1362
10.872,222.996,-0.0790599,10.872,222.978,-0.0643564,10.872,           29P   1363
222.962,-0.0508663,10.872,222.947,-0.0373802,10.872,222.945,          29P   1364
-0.0360803,10.872,222.943,-0.0346442,10.872,222.941,-0.0330127,       29P   1365
10.872,222.94,-0.0313657,10.872,222.937,-0.0293846,10.872,            29P   1366
222.935,-0.0275076,10.872,222.918,-0.0129399,10.872,222.902,          29P   1367
0.00128002,10.872,222.887,0.0154885,10.872,222.885,0.0166935,         29P   1368
10.872,222.884,0.0180248,10.872,222.882,0.019535,10.872,222.88,       29P   1369
0.0210253,10.872,222.879,0.0228153,10.872,222.877,0.024483,           29P   1370
10.872,222.86,0.0395324,10.872,222.844,0.0544259,10.872,222.828,      29P   1371
0.0693022,10.872,222.827,0.0705935,10.872,222.825,0.0717987,          29P   1372
10.872,222.824,0.0731497,10.872,222.822,0.074469,10.872,222.821,      29P   1373
0.0760452,10.872,222.819,0.0775123,10.872,222.802,0.0931112,          29P   1374
10.872,222.786,0.108539,10.872,222.77,0.124037,10.872,222.768,        29P   1375
0.125173,10.872,222.767,0.126239,10.872,222.766,0.127443,10.872,      29P   1376
222.765,0.128602,10.872,222.763,0.129974,10.872,222.762,              29P   1377
0.131233,10.872,222.745,0.14762,10.872,222.728,0.16401,10.872,        29P   1378
222.711,0.180654,10.872,222.71,0.181749,10.872,222.709,0.182769,      29P   1379
10.872,222.708,0.183756,10.872,222.707,0.185139,10.872,222.689,       29P   1380
0.202522,10.872,222.671,0.219851,10.872,222.655,0.236906,10.872,      29P   1381
222.654,0.237795,10.872,222.653,0.238624,10.872,222.652,              29P   1382
0.239517,10.872,222.651,0.240639,10.872,222.633,0.258447,10.872,      29P   1383
222.616,0.276311,10.872,222.599,0.294013,10.872,222.598,0.29492,      29P   1384
10.872,222.597,0.29582,10.872,222.596,0.296826,10.872,222.578,        29P   1385
0.315152,10.872,222.561,0.33349,10.872,222.544,0.3517,10.872,         29P   1386
222.543,0.352593,10.872,222.542,0.353481,10.872,222.527,              29P   1387
0.369152,10.872,222.513,0.384858,10.872,222.498,0.400799,10.872,      29P   1388
222.486,0.413902,10.872,222.474,0.427042,10.872,222.453,              29P   1389
0.449741,10.872,222.438,0.466341,10.872,222.424,0.482759,10.872,      29P   1390
222.418,0.489341,10.872,222.427,0.513588,11.0558,222.426,             29P   1391
0.514511,11.0558,222.425,0.515562,11.0558,222.423,0.516433,           29P   1392
11.0558,222.422,0.516741,11.0558,222.42,0.516813,11.0558,             29P   1393
222.418,0.516665,11.0558,222.417,0.516224,11.0558,222.415,            29P   1394
0.515617,11.0558,222.415,0.515346,11.0558,222.414,0.514766,           29P   1395
11.0558,222.414,0.514474,11.0558,222.413,0.513654,11.0558,            29P   1396
222.413,0.51308,11.0558,222.412,0.512011,11.0558,222.412,             29P   1397
0.511538,11.0558,222.411,0.510653,11.0558,222.411,0.509772,           29P   1398
11.0558,222.411,0.508243,11.0558,222.411,0.507088,11.0558,            29P   1399
222.411,0.505803,11.0558,222.411,0.505212,11.0558,222.411,            29P   1400
0.504133,11.0558,222.412,0.503655,11.0558,222.412,0.502673,           29P   1401
11.0558,222.412,0.502125,11.0558,222.413,0.500769,11.0558,            29P   1402
222.413,0.499975,11.0558,222.415,0.496977,11.0558,222.416,            29P   1403
0.494078,11.0558,222.418,0.49065,11.0558,222.419,0.488872,            29P   1404
11.0558,222.42,0.487215,11.0558,222.421,0.484979,11.0558,             29P   1405
222.422,0.482777,11.0558,222.423,0.480682,11.0558,222.424,            29P   1406
0.479113,11.0558,222.425,0.477569,11.0558,222.426,0.476168,           29P   1407
11.0558,222.429,0.469202,11.0558,222.433,0.462052,11.0558,            29P   1408
222.437,0.454758,11.0558,222.438,0.453018,11.0558,222.439,            29P   1409
0.451431,11.0558,222.44,0.449286,11.0558,222.441,0.447143,            29P   1410
11.0558,222.442,0.445091,11.0558,222.443,0.443505,11.0558,            29P   1411
222.444,0.441911,11.0558,222.445,0.440431,11.0558,222.451,            29P   1412
0.429581,11.0558,222.457,0.418611,11.0558,222.464,0.40759,            29P   1413
11.0558,222.465,0.405914,11.0558,222.465,0.404414,11.0558,            29P   1414
222.467,0.402369,11.0558,222.468,0.400319,11.0558,222.469,            29P   1415
0.398314,11.0558,222.47,0.396732,11.0558,222.471,0.395034,            29P   1416
11.0558,222.472,0.393466,11.0558,222.48,0.378893,11.0558,             29P   1417
222.489,0.364265,11.0558,222.498,0.349681,11.0558,222.499,            29P   1418
0.34802,11.0558,222.5,0.346664,11.0558,222.501,0.34476,11.0558,       29P   1419
222.503,0.342818,11.0558,222.504,0.340867,11.0558,222.505,            29P   1420
0.339258,11.0558,222.506,0.337507,11.0558,222.507,0.335817,           29P   1421
11.0558,222.518,0.317749,11.0558,222.53,0.299633,11.0558,             29P   1422
222.542,0.281784,11.0558,222.544,0.280167,11.0558,222.544,            29P   1423
0.278958,11.0558,222.546,0.277207,11.0558,222.547,0.275361,           29P   1424
11.0558,222.548,0.27349,11.0558,222.549,0.271892,11.0558,             29P   1425
222.551,0.270094,11.0558,222.552,0.268308,11.0558,222.564,            29P   1426
0.25077,11.0558,222.577,0.233241,11.0558,222.59,0.216028,             29P   1427
11.0558,222.591,0.214451,11.0558,222.592,0.213358,11.0558,            29P   1428
222.593,0.211739,11.0558,222.594,0.210032,11.0558,222.595,            29P   1429
0.208243,11.0558,222.597,0.206643,11.0558,222.598,0.204763,           29P   1430
11.0558,222.6,0.20289,11.0558,222.612,0.185897,11.0558,222.626,       29P   1431
0.168801,11.0558,222.639,0.152156,11.0558,222.641,0.150563,           29P   1432
11.0558,222.641,0.149592,11.0558,222.643,0.148114,11.0558,            29P   1433
222.644,0.146517,11.0558,222.645,0.144827,11.0558,222.646,            29P   1434
0.143244,11.0558,222.648,0.141354,11.0558,222.65,0.139423,            29P   1435
11.0558,222.663,0.122994,11.0558,222.678,0.106276,11.0558,            29P   1436
222.692,0.0899835,11.0558,222.694,0.0881082,11.0558,222.695,          29P   1437
0.0867733,11.0558,222.696,0.0853023,11.0558,222.698,0.0836717,        29P   1438
11.0558,222.699,0.0821025,11.0558,222.701,0.0801796,11.0558,          29P   1439
222.703,0.0782283,11.0558,222.717,0.0624296,11.0558,222.732,          29P   1440
0.0462992,11.0558,222.747,0.0306244,11.0558,222.749,0.0287627,        29P   1441
11.0558,222.75,0.0275311,11.0558,222.751,0.0261393,11.0558,           29P   1442
222.753,0.0245958,11.0558,222.754,0.0230608,11.0558,222.756,          29P   1443
0.021128,11.0558,222.758,0.019155,11.0558,222.773,0.00394073,         29P   1444
11.0558,222.788,-0.0115732,11.0558,222.804,-0.0265772,11.0558,        29P   1445
222.806,-0.0283842,11.0558,222.807,-0.0294978,11.0558,222.808,        29P   1446
-0.0307672,11.0558,222.81,-0.0322391,11.0558,222.811,-0.0337677,      29P   1447
11.0558,222.813,-0.0357016,11.0558,222.815,-0.0377033,11.0558,        29P   1448
222.831,-0.0522212,11.0558,222.847,-0.0669114,11.0558,222.863,        29P   1449
-0.0812854,11.0558,222.865,-0.0830554,11.0558,222.866,                29P   1450
-0.0842144,11.0558,222.867,-0.085412,11.0558,222.869,-0.0868155,      29P   1451
11.0558,222.871,-0.0883322,11.0558,222.873,-0.090283,11.0558,         29P   1452
222.875,-0.0922991,11.0558,222.891,-0.106317,11.0558,222.907,         29P   1453
-0.120621,11.0558,222.923,-0.134566,11.0558,222.925,-0.13631,         29P   1454
11.0558,222.926,-0.137385,11.0558,222.928,-0.138519,11.0558,          29P   1455
222.929,-0.139889,11.0558,222.931,-0.141392,11.0558,222.934,          29P   1456
-0.143367,11.0558,222.936,-0.145406,11.0558,222.952,-0.159009,        29P   1457
11.0558,222.969,-0.172917,11.0558,222.986,-0.186488,11.0558,          29P   1458
222.988,-0.18866,11.0558,222.99,-0.189899,11.0558,222.991,            29P   1459
-0.191225,11.0558,222.993,-0.19272,11.0558,222.996,-0.1947,           29P   1460
11.0558,222.998,-0.196751,11.0558,223.015,-0.209887,11.0558,          29P   1461
223.032,-0.223243,11.0558,223.049,-0.236284,11.0558,223.052,          29P   1462
-0.238328,11.0558,223.053,-0.239509,11.0558,223.055,-0.240792,        29P   1463
11.0558,223.057,-0.242265,11.0558,223.06,-0.244258,11.0558,           29P   1464
223.062,-0.246318,11.0558,223.079,-0.259158,11.0558,223.097,          29P   1465
-0.272072,11.0558,223.114,-0.284588,11.0558,223.116,-0.286407,        29P   1466
11.0558,223.118,-0.287527,11.0558,223.12,-0.288796,11.0558,           29P   1467
223.122,-0.290276,11.0558,223.124,-0.292264,11.0558,223.127,          29P   1468
-0.294307,11.0558,223.145,-0.306933,11.0558,223.163,-0.319255,        29P   1469
11.0558,223.18,-0.331219,11.0558,223.182,-0.332672,11.0558,           29P   1470
223.184,-0.333736,11.0558,223.185,-0.334961,11.0558,223.188,          29P   1471
-0.336439,11.0558,223.191,-0.338448,11.0558,223.194,-0.340504,        29P   1472
11.0558,223.208,-0.350501,11.0558,223.222,-0.359865,11.0558,          29P   1473
223.236,-0.368888,11.0558,223.238,-0.369903,11.0558,223.239,          29P   1474
-0.37094,11.0558,223.241,-0.372141,11.0558,223.244,-0.37362,          29P   1475
11.0558,223.247,-0.375626,11.0558,223.25,-0.37767,11.0558,            29P   1476
223.262,-0.385175,11.0558,223.272,-0.392012,11.0558,223.283,          29P   1477
-0.398744,11.0558,223.285,-0.399747,11.0558,223.287,-0.400946,        29P   1478
11.0558,223.289,-0.402393,11.0558,223.292,-0.404404,11.0558,          29P   1479
223.295,-0.406418,11.0558,223.303,-0.411362,11.0558,223.31,           29P   1480
-0.415659,11.0558,223.317,-0.419732,11.0558,223.319,-0.420713,        29P   1481
11.0558,223.321,-0.421903,11.0558,223.323,-0.423518,11.0558,          29P   1482
223.327,-0.425527,11.0558,223.33,-0.427531,11.0558,223.334,           29P   1483
-0.430011,11.0558,223.337,-0.431626,11.0558,223.339,-0.433026,        29P   1484
11.0558,223.339,-0.433268,11.0558,223.341,-0.433921,11.0558,          29P   1485
223.341,-0.434334,11.0558,223.343,-0.435073,11.0558,223.343,          29P   1486
-0.435395,11.0558,223.344,-0.436153,11.0558,223.345,-0.436611,        29P   1487
11.0558,223.347,-0.437843,11.0558,223.348,-0.438411,11.0558,          29P   1488
223.351,-0.439092,11.0558,223.352,-0.439438,11.0558,223.354,          29P   1489
-0.439582,11.0558,223.356,-0.439642,11.0558,223.357,-0.439614,        29P   1490
11.0558,223.358,-0.439485,11.0558,223.359,-0.439332,11.0558,          29P   1491
223.361,-0.438835,11.0558,223.365,-0.43751,11.0558,223.368,           29P   1492
-0.435275,11.0558,223.37,-0.433017,11.0558,223.371,-0.4316,           29P   1493
11.0558,223.372,-0.430399,11.0558,223.372,-0.429043,11.0558,          29P   1494
223.373,-0.427642,11.0558,223.374,-0.425527,11.0558,223.374,          29P   1495
-0.42319,11.0558,223.374,-0.421292,11.0558,223.374,-0.42004,          29P   1496
11.0558,223.374,-0.419406,11.0558,223.374,-0.417907,11.0558,          29P   1497
223.374,-0.417042,11.0558,223.373,-0.414419,11.0558,223.372,          29P   1498
-0.412691,11.0558,223.371,-0.410002,11.0558,223.37,-0.408958,         29P   1499
11.0558,223.369,-0.407079,11.0558,223.368,-0.406331,11.0558,          29P   1500
223.365,-0.404435,11.0558,223.363,-0.40303,11.0558,223.36,            29P   1501
-0.400935,11.0558,223.359,-0.399829,11.0558,223.358,-0.398744,        29P   1502
11.0558,223.357,-0.397914,11.0558,223.356,-0.397371,11.0558,          29P   1503
223.355,-0.396558,11.0558,223.354,-0.396041,11.0558,223.353,          29P   1504
-0.395247,11.0558,223.352,-0.394074,11.0558,223.349,-0.392024,        29P   1505
11.0558,223.346,-0.389299,11.0558,223.341,-0.385874,11.0558,          29P   1506
223.337,-0.382526,11.0558,223.333,-0.378861,11.0558,223.329,          29P   1507
-0.376152,11.0558,223.326,-0.373804,11.0558,223.325,-0.372389,        29P   1508
11.0558,223.323,-0.370933,11.0558,223.321,-0.369257,11.0558,          29P   1509
223.318,-0.367318,11.0558,223.315,-0.364625,11.0558,223.311,          29P   1510
-0.3613,11.0558,223.307,-0.35805,11.0558,223.299,-0.351486,           29P   1511
11.0558,223.292,-0.345828,11.0558,223.285,-0.340484,11.0558,          29P   1512
223.283,-0.338663,11.0558,223.28,-0.336584,11.0558,223.277,           29P   1513
-0.334121,11.0558,223.274,-0.331539,11.0558,223.27,-0.328321,         29P   1514
11.0558,223.266,-0.325179,11.0558,223.254,-0.315522,11.0558,          29P   1515
223.244,-0.30673,11.0558,223.234,-0.29823,11.0558,223.232,            29P   1516
-0.296461,11.0558,223.229,-0.294449,11.0558,223.226,-0.292055,        29P   1517
11.0558,223.223,-0.289548,11.0558,223.22,-0.286458,11.0558,           29P   1518
223.216,-0.283471,11.0558,223.201,-0.270626,11.0558,223.187,          29P   1519
-0.258557,11.0558,223.173,-0.246735,11.0558,223.171,-0.245021,        29P   1520
11.0558,223.169,-0.243328,11.0558,223.167,-0.241808,11.0558,          29P   1521
223.165,-0.240463,11.0558,223.163,-0.238443,11.0558,223.16,           29P   1522
-0.235544,11.0558,223.157,-0.232746,11.0558,223.141,-0.219425,        29P   1523
11.0558,223.127,-0.206811,11.0558,223.112,-0.1935,11.0558,            29P   1524
223.109,-0.1913,11.0558,223.106,-0.188725,11.0558,223.104,            29P   1525
-0.186518,11.0558,223.101,-0.183822,11.0558,223.098,-0.181236,        29P   1526
11.0558,223.082,-0.167423,11.0558,223.067,-0.154244,11.0558,          29P   1527
223.053,-0.141236,11.0558,223.051,-0.139673,11.0558,223.049,          29P   1528
-0.137927,11.0558,223.047,-0.135898,11.0558,223.045,-0.13384,         29P   1529
11.0558,223.042,-0.131347,11.0558,223.039,-0.128964,11.0558,          29P   1530
223.024,-0.114659,11.0558,223.009,-0.100929,11.0558,222.994,          29P   1531
-0.0872821,11.0558,222.993,-0.0858165,11.0558,222.991,                29P   1532
-0.0841898,11.0558,222.989,-0.0823078,11.0558,222.986,                29P   1533
-0.0795036,11.0558,222.983,-0.0766837,11.0558,222.966,-0.06098,       29P   1534
11.0558,222.951,-0.046578,11.0558,222.936,-0.0322573,11.0558,         29P   1535
222.935,-0.0308772,11.0558,222.933,-0.0293532,11.0558,222.931,        29P   1536
-0.0276228,11.0558,222.93,-0.0258766,11.0558,222.927,-0.0237774,      29P   1537
11.0558,222.925,-0.0217899,11.0558,222.909,-0.00637221,11.0558,       29P   1538
222.894,0.00859069,11.0558,222.879,0.0234939,11.0558,222.878,         29P   1539
0.0247578,11.0558,222.876,0.0261537,11.0558,222.875,0.0277369,        29P   1540
11.0558,222.873,0.0292989,11.0558,222.871,0.0311746,11.0558,          29P   1541
222.869,0.0329217,11.0558,222.854,0.0486848,11.0558,222.838,          29P   1542
0.0642389,11.0558,222.823,0.0797794,11.0558,222.821,0.0811285,        29P   1543
11.0558,222.82,0.0823867,11.0558,222.819,0.0837981,11.0558,           29P   1544
222.817,0.0851765,11.0558,222.816,0.0868233,11.0558,222.814,          29P   1545
0.0883563,11.0558,222.798,0.104658,11.0558,222.782,0.120794,          29P   1546
11.0558,222.767,0.136915,11.0558,222.766,0.138096,11.0558,            29P   1547
222.764,0.139204,11.0558,222.763,0.140455,11.0558,222.762,            29P   1548
0.141659,11.0558,222.761,0.143085,11.0558,222.759,0.144392,           29P   1549
11.0558,222.743,0.161396,11.0558,222.727,0.178343,11.0558,            29P   1550
222.711,0.195543,11.0558,222.71,0.196675,11.0558,222.709,             29P   1551
0.197731,11.0558,222.708,0.198751,11.0558,222.706,0.200181,           29P   1552
11.0558,222.689,0.218112,11.0558,222.672,0.236019,11.0558,            29P   1553
222.656,0.253646,11.0558,222.655,0.254565,11.0558,222.654,            29P   1554
0.255422,11.0558,222.654,0.256347,11.0558,222.653,0.257537,           29P   1555
11.0558,222.635,0.276067,11.0558,222.619,0.294536,11.0558,            29P   1556
222.602,0.312812,11.0558,222.601,0.313748,11.0558,222.6,0.31468,      29P   1557
11.0558,222.599,0.315718,11.0558,222.583,0.33413,11.0558,             29P   1558
222.566,0.353019,11.0558,222.549,0.371996,11.0558,222.548,            29P   1559
0.372926,11.0558,222.547,0.373854,11.0558,222.533,0.390249,           29P   1560
11.0558,222.518,0.406967,11.0558,222.504,0.423346,11.0558,            29P   1561
222.493,0.436792,11.0558,222.481,0.450234,11.0558,222.461,            29P   1562
0.473274,11.0558,222.447,0.490053,11.0558,222.433,0.506836,           29P   1563
11.0558,222.427,0.513588,11.0558,222.438,0.534022,11.2358,            29P   1564
222.437,0.534865,11.2358,222.436,0.53592,11.2358,222.434,             29P   1565
0.536877,11.2358,222.432,0.53725,11.2358,222.43,0.537373,             29P   1566
11.2358,222.428,0.537077,11.2358,222.427,0.536346,11.2358,            29P   1567
222.425,0.535466,11.2358,222.425,0.535093,11.2358,222.424,            29P   1568
0.534384,11.2358,222.424,0.534056,11.2358,222.423,0.533207,           29P   1569
11.2358,222.423,0.53266,11.2358,222.423,0.531663,11.2358,             29P   1570
222.422,0.531228,11.2358,222.422,0.530415,11.2358,222.422,            29P   1571
0.529607,11.2358,222.422,0.528042,11.2358,222.422,0.526866,           29P   1572
11.2358,222.422,0.525594,11.2358,222.423,0.525045,11.2358,            29P   1573
222.423,0.524105,11.2358,222.423,0.523657,11.2358,222.424,            29P   1574
0.522643,11.2358,222.424,0.522089,11.2358,222.425,0.520759,           29P   1575
11.2358,222.425,0.519979,11.2358,222.427,0.517014,11.2358,            29P   1576
222.428,0.514147,11.2358,222.43,0.510754,11.2358,222.431,             29P   1577
0.508993,11.2358,222.432,0.507351,11.2358,222.433,0.505135,           29P   1578
11.2358,222.434,0.502949,11.2358,222.435,0.500867,11.2358,            29P   1579
222.436,0.499307,11.2358,222.437,0.497769,11.2358,222.438,            29P   1580
0.496374,11.2358,222.441,0.489429,11.2358,222.445,0.482271,           29P   1581
11.2358,222.449,0.474961,11.2358,222.45,0.473217,11.2358,             29P   1582
222.451,0.471626,11.2358,222.452,0.469476,11.2358,222.453,            29P   1583
0.467328,11.2358,222.454,0.465271,11.2358,222.455,0.463682,           29P   1584
11.2358,222.456,0.462085,11.2358,222.457,0.460602,11.2358,            29P   1585
222.463,0.449732,11.2358,222.469,0.438755,11.2358,222.475,            29P   1586
0.427715,11.2358,222.476,0.426036,11.2358,222.477,0.424533,           29P   1587
11.2358,222.478,0.422484,11.2358,222.48,0.42043,11.2358,222.481,      29P   1588
0.41842,11.2358,222.482,0.416833,11.2358,222.483,0.415131,            29P   1589
11.2358,222.483,0.413559,11.2358,222.492,0.398941,11.2358,            29P   1590
222.501,0.384239,11.2358,222.51,0.369576,11.2358,222.511,             29P   1591
0.367907,11.2358,222.511,0.366543,11.2358,222.513,0.364629,           29P   1592
11.2358,222.514,0.362676,11.2358,222.515,0.360714,11.2358,            29P   1593
222.516,0.359096,11.2358,222.517,0.357336,11.2358,222.518,            29P   1594
0.355636,11.2358,222.529,0.337469,11.2358,222.541,0.319247,           29P   1595
11.2358,222.553,0.301213,11.2358,222.554,0.299578,11.2358,            29P   1596
222.555,0.298356,11.2358,222.556,0.296585,11.2358,222.557,            29P   1597
0.294718,11.2358,222.559,0.292824,11.2358,222.56,0.291206,            29P   1598
11.2358,222.561,0.289385,11.2358,222.562,0.287576,11.2358,            29P   1599
222.574,0.269801,11.2358,222.586,0.251949,11.2358,222.599,            29P   1600
0.234424,11.2358,222.6,0.232819,11.2358,222.601,0.231706,             29P   1601
11.2358,222.602,0.230057,11.2358,222.603,0.228319,11.2358,            29P   1602
222.604,0.226499,11.2358,222.605,0.22487,11.2358,222.607,             29P   1603
0.222957,11.2358,222.608,0.22105,11.2358,222.621,0.20376,             29P   1604
11.2358,222.634,0.186378,11.2358,222.647,0.169369,11.2358,            29P   1605
222.648,0.167741,11.2358,222.649,0.166748,11.2358,222.65,             29P   1606
0.165237,11.2358,222.651,0.163603,11.2358,222.652,0.161873,           29P   1607
11.2358,222.654,0.160252,11.2358,222.655,0.158316,11.2358,            29P   1608
222.657,0.156336,11.2358,222.67,0.139487,11.2358,222.683,             29P   1609
0.122237,11.2358,222.697,0.105377,11.2358,222.699,0.103435,           29P   1610
11.2358,222.7,0.102054,11.2358,222.701,0.100531,11.2358,222.702,      29P   1611
0.0988428,11.2358,222.704,0.0972175,11.2358,222.705,0.0952257,        29P   1612
11.2358,222.707,0.093204,11.2358,222.721,0.0768323,11.2358,           29P   1613
222.735,0.0600871,11.2358,222.749,0.0438001,11.2358,222.751,          29P   1614
0.0418656,11.2358,222.752,0.0405865,11.2358,222.753,0.0391402,        29P   1615
11.2358,222.755,0.0375361,11.2358,222.756,0.0359407,11.2358,          29P   1616
222.758,0.0339317,11.2358,222.76,0.0318808,11.2358,222.774,           29P   1617
0.0160629,11.2358,222.789,-9.10706E-05,11.2358,222.804,               29P   1618
-0.0158253,11.2358,222.805,-0.0177219,11.2358,222.806,                29P   1619
-0.0188901,11.2358,222.808,-0.0202234,11.2358,222.809,                29P   1620
-0.0217702,11.2358,222.811,-0.0233774,11.2358,222.813,                29P   1621
-0.0254121,11.2358,222.815,-0.0275198,11.2358,222.829,                29P   1622
-0.0428148,11.2358,222.844,-0.0584037,11.2358,222.859,                29P   1623
-0.0736595,11.2358,222.861,-0.0755379,11.2358,222.862,-0.076768,      29P   1624
11.2358,222.864,-0.0780417,11.2358,222.865,-0.079531,11.2358,         29P   1625
222.867,-0.0811402,11.2358,222.869,-0.0832097,11.2358,222.871,        29P   1626
-0.0853482,11.2358,222.886,-0.100212,11.2358,222.901,-0.115365,       29P   1627
11.2358,222.917,-0.130164,11.2358,222.919,-0.132015,11.2358,          29P   1628
222.92,-0.133156,11.2358,222.921,-0.134362,11.2358,222.923,           29P   1629
-0.135817,11.2358,222.924,-0.137414,11.2358,222.927,-0.139511,        29P   1630
11.2358,222.929,-0.141678,11.2358,222.944,-0.156146,11.2358,          29P   1631
222.96,-0.170975,11.2358,222.976,-0.185528,11.2358,222.979,           29P   1632
-0.18786,11.2358,222.98,-0.18919,11.2358,222.982,-0.190605,           29P   1633
11.2358,222.983,-0.192211,11.2358,222.986,-0.19434,11.2358,           29P   1634
222.988,-0.196547,11.2358,223.004,-0.210696,11.2358,223.02,           29P   1635
-0.225147,11.2358,223.036,-0.239232,11.2358,223.039,-0.24144,         29P   1636
11.2358,223.04,-0.242713,11.2358,223.042,-0.24409,11.2358,            29P   1637
223.044,-0.245679,11.2358,223.046,-0.24783,11.2358,223.049,           29P   1638
-0.250051,11.2358,223.065,-0.263902,11.2358,223.081,-0.277795,        29P   1639
11.2358,223.098,-0.291312,11.2358,223.1,-0.293278,11.2358,            29P   1640
223.102,-0.294488,11.2358,223.103,-0.295852,11.2358,223.105,          29P   1641
-0.297453,11.2358,223.108,-0.299604,11.2358,223.111,-0.301815,        29P   1642
11.2358,223.128,-0.315504,11.2358,223.144,-0.328926,11.2358,          29P   1643
223.161,-0.342005,11.2358,223.163,-0.343595,11.2358,223.164,          29P   1644
-0.344758,11.2358,223.166,-0.346091,11.2358,223.168,-0.347709,        29P   1645
11.2358,223.171,-0.349908,11.2358,223.174,-0.352159,11.2358,          29P   1646
223.188,-0.363117,11.2358,223.201,-0.373396,11.2358,223.214,          29P   1647
-0.383324,11.2358,223.216,-0.384441,11.2358,223.217,-0.385583,        29P   1648
11.2358,223.219,-0.386899,11.2358,223.221,-0.388526,11.2358,          29P   1649
223.224,-0.390736,11.2358,223.227,-0.392989,11.2358,223.239,          29P   1650
-0.401272,11.2358,223.249,-0.408832,11.2358,223.259,-0.416295,        29P   1651
11.2358,223.261,-0.417407,11.2358,223.262,-0.41873,11.2358,           29P   1652
223.265,-0.420337,11.2358,223.268,-0.422569,11.2358,223.271,          29P   1653
-0.424805,11.2358,223.278,-0.430302,11.2358,223.285,-0.435079,        29P   1654
11.2358,223.291,-0.43961,11.2358,223.293,-0.440702,11.2358,           29P   1655
223.295,-0.442025,11.2358,223.297,-0.443817,11.2358,223.301,          29P   1656
-0.446053,11.2358,223.304,-0.448287,11.2358,223.308,-0.451056,        29P   1657
11.2358,223.31,-0.452863,11.2358,223.312,-0.454427,11.2358,           29P   1658
223.313,-0.454697,11.2358,223.314,-0.455426,11.2358,223.315,          29P   1659
-0.455879,11.2358,223.316,-0.456692,11.2358,223.316,-0.457063,        29P   1660
11.2358,223.317,-0.457965,11.2358,223.318,-0.458411,11.2358,          29P   1661
223.32,-0.459358,11.2358,223.322,-0.459807,11.2358,223.324,           29P   1662
-0.460371,11.2358,223.326,-0.460609,11.2358,223.328,-0.460603,        29P   1663
11.2358,223.329,-0.460519,11.2358,223.33,-0.460415,11.2358,           29P   1664
223.331,-0.460175,11.2358,223.332,-0.459908,11.2358,223.335,          29P   1665
-0.459178,11.2358,223.338,-0.457417,11.2358,223.341,-0.454866,        29P   1666
11.2358,223.342,-0.452383,11.2358,223.343,-0.450842,11.2358,          29P   1667
223.344,-0.44955,11.2358,223.345,-0.448115,11.2358,223.345,           29P   1668
-0.44665,11.2358,223.345,-0.44446,11.2358,223.345,-0.442084,          29P   1669
11.2358,223.345,-0.440191,11.2358,223.345,-0.438955,11.2358,          29P   1670
223.345,-0.438337,11.2358,223.344,-0.436899,11.2358,223.344,          29P   1671
-0.43609,11.2358,223.343,-0.433731,11.2358,223.342,-0.432287,         29P   1672
11.2358,223.341,-0.430204,11.2358,223.34,-0.429521,11.2358,           29P   1673
223.338,-0.428069,11.2358,223.337,-0.427023,11.2358,223.334,          29P   1674
-0.424273,11.2358,223.332,-0.422636,11.2358,223.33,-0.420439,         29P   1675
11.2358,223.329,-0.419266,11.2358,223.327,-0.418089,11.2358,          29P   1676
223.326,-0.417181,11.2358,223.326,-0.416593,11.2358,223.325,          29P   1677
-0.415715,11.2358,223.324,-0.415157,11.2358,223.323,-0.414299,        29P   1678
11.2358,223.322,-0.41303,11.2358,223.319,-0.410815,11.2358,           29P   1679
223.316,-0.407875,11.2358,223.312,-0.404187,11.2358,223.308,          29P   1680
-0.400586,11.2358,223.304,-0.396645,11.2358,223.3,-0.393733,          29P   1681
11.2358,223.298,-0.391208,11.2358,223.296,-0.389687,11.2358,          29P   1682
223.294,-0.38812,11.2358,223.292,-0.386315,11.2358,223.29,            29P   1683
-0.384226,11.2358,223.287,-0.381322,11.2358,223.283,-0.377732,        29P   1684
11.2358,223.279,-0.374219,11.2358,223.271,-0.367122,11.2358,          29P   1685
223.265,-0.361002,11.2358,223.259,-0.355233,11.2358,223.257,          29P   1686
-0.353269,11.2358,223.254,-0.351028,11.2358,223.251,-0.348375,        29P   1687
11.2358,223.248,-0.345598,11.2358,223.245,-0.34214,11.2358,           29P   1688
223.241,-0.338769,11.2358,223.23,-0.32842,11.2358,223.22,             29P   1689
-0.319037,11.2358,223.21,-0.30997,11.2358,223.208,-0.308083,          29P   1690
11.2358,223.206,-0.305938,11.2358,223.203,-0.303385,11.2358,          29P   1691
223.2,-0.300711,11.2358,223.197,-0.297415,11.2358,223.193,            29P   1692
-0.294229,11.2358,223.179,-0.280528,11.2358,223.165,-0.26766,         29P   1693
11.2358,223.152,-0.255078,11.2358,223.15,-0.253255,11.2358,           29P   1694
223.149,-0.251453,11.2358,223.147,-0.249837,11.2358,223.145,          29P   1695
-0.248407,11.2358,223.143,-0.246259,11.2358,223.14,-0.243177,         29P   1696
11.2358,223.137,-0.240204,11.2358,223.122,-0.226051,11.2358,          29P   1697
223.109,-0.212672,11.2358,223.094,-0.198561,11.2358,223.092,          29P   1698
-0.19623,11.2358,223.089,-0.193501,11.2358,223.087,-0.191162,         29P   1699
11.2358,223.084,-0.188305,11.2358,223.081,-0.185565,11.2358,          29P   1700
223.066,-0.170931,11.2358,223.052,-0.156982,11.2358,223.039,          29P   1701
-0.14323,11.2358,223.037,-0.141578,11.2358,223.035,-0.139733,         29P   1702
11.2358,223.033,-0.137589,11.2358,223.031,-0.135414,11.2358,          29P   1703
223.028,-0.13278,11.2358,223.026,-0.130263,11.2358,223.011,           29P   1704
-0.115153,11.2358,222.997,-0.100673,11.2358,222.983,-0.0863487,       29P   1705
11.2358,222.981,-0.0848115,11.2358,222.98,-0.0831052,11.2358,         29P   1706
222.978,-0.0811321,11.2358,222.975,-0.0781933,11.2358,222.972,        29P   1707
-0.0752408,11.2358,222.956,-0.0588106,11.2358,222.942,                29P   1708
-0.0438118,11.2358,222.927,-0.0288779,11.2358,222.926,                29P   1709
-0.0274392,11.2358,222.924,-0.0258497,11.2358,222.923,                29P   1710
-0.0240445,11.2358,222.921,-0.0222228,11.2358,222.919,                29P   1711
-0.0200322,11.2358,222.917,-0.0179576,11.2358,222.902,                29P   1712
-0.00186177,11.2358,222.887,0.0137846,11.2358,222.873,0.0293337,      29P   1713
11.2358,222.871,0.0306517,11.2358,222.87,0.0321077,11.2358,           29P   1714
222.869,0.0337587,11.2358,222.867,0.0353874,11.2358,222.865,          29P   1715
0.0373428,11.2358,222.864,0.0391636,11.2358,222.848,0.0555866,        29P   1716
11.2358,222.833,0.0717553,11.2358,222.819,0.0878995,11.2358,          29P   1717
222.817,0.0893009,11.2358,222.816,0.0906109,11.2358,222.815,          29P   1718
0.092077,11.2358,222.814,0.0935087,11.2358,222.812,0.0952193,         29P   1719
11.2358,222.811,0.0968114,11.2358,222.795,0.113739,11.2358,           29P   1720
222.78,0.130485,11.2358,222.765,0.147188,11.2358,222.764,             29P   1721
0.148411,11.2358,222.763,0.149561,11.2358,222.762,0.150858,           29P   1722
11.2358,222.761,0.152104,11.2358,222.759,0.153581,11.2358,            29P   1723
222.758,0.154934,11.2358,222.742,0.172551,11.2358,222.727,            29P   1724
0.19006,11.2358,222.711,0.207833,11.2358,222.71,0.209002,             29P   1725
11.2358,222.709,0.210084,11.2358,222.708,0.211138,11.2358,            29P   1726
222.707,0.212615,11.2358,222.691,0.231257,11.2358,222.674,            29P   1727
0.249772,11.2358,222.659,0.267951,11.2358,222.658,0.268899,           29P   1728
11.2358,222.657,0.269781,11.2358,222.656,0.270728,11.2358,            29P   1729
222.655,0.271847,11.2358,222.639,0.290508,11.2358,222.623,            29P   1730
0.309476,11.2358,222.607,0.328245,11.2358,222.606,0.329206,           29P   1731
11.2358,222.606,0.330156,11.2358,222.605,0.331222,11.2358,            29P   1732
222.588,0.351003,11.2358,222.571,0.370414,11.2358,222.555,            29P   1733
0.389773,11.2358,222.554,0.390722,11.2358,222.554,0.391665,           29P   1734
11.2358,222.54,0.408215,11.2358,222.526,0.424855,11.2358,             29P   1735
222.512,0.441489,11.2358,222.501,0.455151,11.2358,222.49,             29P   1736
0.468923,11.2358,222.471,0.492645,11.2358,222.457,0.509871,           29P   1737
11.2358,222.443,0.527152,11.2358,222.438,0.534022,11.2358,            29P   1738
222.447,0.555358,11.4686,222.447,0.556095,11.4686,222.445,            29P   1739
0.55713,11.4686,222.444,0.558131,11.4686,222.442,0.55853,             29P   1740
11.4686,222.441,0.558639,11.4686,222.439,0.55835,11.4686,             29P   1741
222.437,0.557671,11.4686,222.436,0.55679,11.4686,222.435,             29P   1742
0.556406,11.4686,222.435,0.555459,11.4686,222.434,0.554945,           29P   1743
11.4686,222.434,0.553774,11.4686,222.433,0.553156,11.4686,            29P   1744
222.433,0.552093,11.4686,222.433,0.551647,11.4686,222.433,            29P   1745
0.55074,11.4686,222.433,0.549782,11.4686,222.433,0.548209,            29P   1746
11.4686,222.434,0.547208,11.4686,222.435,0.54616,11.4686,             29P   1747
222.435,0.545615,11.4686,222.435,0.54458,11.4686,222.436,             29P   1748
0.54412,11.4686,222.436,0.543112,11.4686,222.436,0.542558,            29P   1749
11.4686,222.437,0.541214,11.4686,222.437,0.540426,11.4686,            29P   1750
222.439,0.53744,11.4686,222.44,0.534554,11.4686,222.442,              29P   1751
0.531142,11.4686,222.443,0.529373,11.4686,222.444,0.527724,           29P   1752
11.4686,222.445,0.5255,11.4686,222.446,0.523309,11.4686,222.447,      29P   1753
0.521224,11.4686,222.448,0.519664,11.4686,222.449,0.518127,           29P   1754
11.4686,222.45,0.516734,11.4686,222.453,0.5098,11.4686,222.457,       29P   1755
0.502679,11.4686,222.461,0.495398,11.4686,222.462,0.493661,           29P   1756
11.4686,222.463,0.492075,11.4686,222.464,0.489931,11.4686,            29P   1757
222.465,0.487788,11.4686,222.466,0.485734,11.4686,222.467,            29P   1758
0.484146,11.4686,222.468,0.482549,11.4686,222.469,0.481066,           29P   1759
11.4686,222.475,0.470188,11.4686,222.481,0.45915,11.4686,             29P   1760
222.487,0.448056,11.4686,222.488,0.446368,11.4686,222.489,            29P   1761
0.444858,11.4686,222.49,0.4428,11.4686,222.491,0.440737,11.4686,      29P   1762
222.492,0.438719,11.4686,222.493,0.437126,11.4686,222.494,            29P   1763
0.435418,11.4686,222.495,0.43384,11.4686,222.503,0.419175,            29P   1764
11.4686,222.512,0.404458,11.4686,222.521,0.389738,11.4686,            29P   1765
222.522,0.388061,11.4686,222.523,0.386691,11.4686,222.524,            29P   1766
0.384768,11.4686,222.525,0.382806,11.4686,222.526,0.380833,           29P   1767
11.4686,222.527,0.379206,11.4686,222.528,0.377435,11.4686,            29P   1768
222.529,0.375725,11.4686,222.54,0.357436,11.4686,222.552,             29P   1769
0.339008,11.4686,222.563,0.320762,11.4686,222.564,0.319108,           29P   1770
11.4686,222.565,0.317872,11.4686,222.566,0.316081,11.4686,            29P   1771
222.567,0.314192,11.4686,222.568,0.312276,11.4686,222.57,             29P   1772
0.310639,11.4686,222.571,0.308797,11.4686,222.572,0.306966,           29P   1773
11.4686,222.583,0.288985,11.4686,222.595,0.270927,11.4686,            29P   1774
222.607,0.253154,11.4686,222.608,0.251525,11.4686,222.609,            29P   1775
0.250396,11.4686,222.61,0.248724,11.4686,222.611,0.24696,             29P   1776
11.4686,222.613,0.245112,11.4686,222.614,0.243459,11.4686,            29P   1777
222.615,0.241515,11.4686,222.617,0.239579,11.4686,222.629,            29P   1778
0.222011,11.4686,222.641,0.204293,11.4686,222.653,0.18691,            29P   1779
11.4686,222.655,0.185247,11.4686,222.655,0.184231,11.4686,            29P   1780
222.656,0.182686,11.4686,222.658,0.181015,11.4686,222.659,            29P   1781
0.179246,11.4686,222.66,0.177588,11.4686,222.662,0.175607,            29P   1782
11.4686,222.663,0.173582,11.4686,222.676,0.156343,11.4686,            29P   1783
222.689,0.138656,11.4686,222.702,0.121359,11.4686,222.703,            29P   1784
0.119367,11.4686,222.704,0.117946,11.4686,222.706,0.116383,           29P   1785
11.4686,222.707,0.114651,11.4686,222.708,0.112983,11.4686,            29P   1786
222.71,0.110939,11.4686,222.711,0.108865,11.4686,222.724,             29P   1787
0.0920664,11.4686,222.738,0.0748584,11.4686,222.752,0.0580088,        29P   1788
11.4686,222.753,0.056006,11.4686,222.754,0.0546774,11.4686,           29P   1789
222.755,0.0531789,11.4686,222.757,0.0515161,11.4686,222.758,          29P   1790
0.0498615,11.4686,222.76,0.0477769,11.4686,222.762,0.0456473,         29P   1791
11.4686,222.775,0.0292161,11.4686,222.789,0.0123287,11.4686,          29P   1792
222.803,-0.00411217,11.4686,222.805,-0.00609365,11.4686,222.806,      29P   1793
-0.00731765,11.4686,222.807,-0.00871047,11.4686,222.808,              29P   1794
-0.0103261,11.4686,222.81,-0.0120047,11.4686,222.811,-0.0141294,      29P   1795
11.4686,222.813,-0.0163301,11.4686,222.827,-0.0323102,11.4686,        29P   1796
222.841,-0.0485678,11.4686,222.856,-0.0645206,11.4686,222.858,        29P   1797
-0.0664855,11.4686,222.859,-0.0677724,11.4686,222.86,-0.0690913,      29P   1798
11.4686,222.861,-0.0706501,11.4686,222.863,-0.0723348,11.4686,        29P   1799
222.865,-0.0745018,11.4686,222.867,-0.076742,11.4686,222.881,         29P   1800
-0.0923297,11.4686,222.896,-0.108258,11.4686,222.91,-0.123845,        29P   1801
11.4686,222.912,-0.125795,11.4686,222.913,-0.126997,11.4686,          29P   1802
222.914,-0.128255,11.4686,222.916,-0.129788,11.4686,222.917,          29P   1803
-0.131471,11.4686,222.919,-0.133682,11.4686,222.922,-0.135967,        29P   1804
11.4686,222.936,-0.151182,11.4686,222.951,-0.166827,11.4686,          29P   1805
222.966,-0.182147,11.4686,222.969,-0.1846,11.4686,222.97,             29P   1806
-0.186001,11.4686,222.972,-0.187531,11.4686,222.973,-0.18922,         29P   1807
11.4686,222.976,-0.191458,11.4686,222.978,-0.193777,11.4686,          29P   1808
222.993,-0.208605,11.4686,223.008,-0.223758,11.4686,223.024,          29P   1809
-0.238615,11.4686,223.026,-0.240946,11.4686,223.027,-0.242293,        29P   1810
11.4686,223.029,-0.243788,11.4686,223.031,-0.245469,11.4686,          29P   1811
223.033,-0.247743,11.4686,223.036,-0.250095,11.4686,223.051,          29P   1812
-0.264733,11.4686,223.067,-0.279541,11.4686,223.082,-0.293986,        29P   1813
11.4686,223.085,-0.296087,11.4686,223.086,-0.297382,11.4686,          29P   1814
223.088,-0.298878,11.4686,223.089,-0.30059,11.4686,223.092,           29P   1815
-0.30289,11.4686,223.094,-0.305256,11.4686,223.11,-0.319862,          29P   1816
11.4686,223.126,-0.334225,11.4686,223.142,-0.348178,11.4686,          29P   1817
223.144,-0.349874,11.4686,223.146,-0.351114,11.4686,223.147,          29P   1818
-0.352572,11.4686,223.149,-0.354296,11.4686,223.152,-0.356639,        29P   1819
11.4686,223.155,-0.359036,11.4686,223.168,-0.370674,11.4686,          29P   1820
223.181,-0.381606,11.4686,223.194,-0.392213,11.4686,223.195,          29P   1821
-0.393407,11.4686,223.196,-0.394628,11.4686,223.198,-0.396067,        29P   1822
11.4686,223.2,-0.397809,11.4686,223.203,-0.400176,11.4686,            29P   1823
223.206,-0.40259,11.4686,223.216,-0.411443,11.4686,223.226,           29P   1824
-0.419569,11.4686,223.236,-0.427575,11.4686,223.238,-0.428768,        29P   1825
11.4686,223.239,-0.430219,11.4686,223.241,-0.431941,11.4686,          29P   1826
223.244,-0.434333,11.4686,223.247,-0.436729,11.4686,223.255,          29P   1827
-0.44259,11.4686,223.261,-0.447707,11.4686,223.267,-0.452578,         29P   1828
11.4686,223.269,-0.453751,11.4686,223.27,-0.455179,11.4686,           29P   1829
223.273,-0.457135,11.4686,223.276,-0.459546,11.4686,223.279,          29P   1830
-0.461957,11.4686,223.283,-0.464925,11.4686,223.285,-0.466856,        29P   1831
11.4686,223.287,-0.468542,11.4686,223.288,-0.468833,11.4686,          29P   1832
223.289,-0.469624,11.4686,223.289,-0.470151,11.4686,223.29,           29P   1833
-0.471088,11.4686,223.291,-0.471442,11.4686,223.292,-0.472155,        29P   1834
11.4686,223.293,-0.472521,11.4686,223.295,-0.473337,11.4686,          29P   1835
223.297,-0.473682,11.4686,223.299,-0.474009,11.4686,223.301,          29P   1836
-0.474101,11.4686,223.302,-0.473956,11.4686,223.304,-0.47375,         29P   1837
11.4686,223.305,-0.473518,11.4686,223.306,-0.473082,11.4686,          29P   1838
223.307,-0.472673,11.4686,223.309,-0.471642,11.4686,223.312,          29P   1839
-0.469435,11.4686,223.315,-0.46652,11.4686,223.316,-0.463823,         29P   1840
11.4686,223.317,-0.462214,11.4686,223.317,-0.460879,11.4686,          29P   1841
223.318,-0.459379,11.4686,223.318,-0.457862,11.4686,223.318,          29P   1842
-0.455618,11.4686,223.317,-0.453219,11.4686,223.317,-0.451427,        29P   1843
11.4686,223.317,-0.450273,11.4686,223.316,-0.449704,11.4686,          29P   1844
223.316,-0.448396,11.4686,223.315,-0.447663,11.4686,223.314,          29P   1845
-0.445494,11.4686,223.313,-0.444212,11.4686,223.311,-0.442272,        29P   1846
11.4686,223.31,-0.441215,11.4686,223.308,-0.439289,11.4686,           29P   1847
223.307,-0.438577,11.4686,223.305,-0.436224,11.4686,223.303,          29P   1848
-0.434545,11.4686,223.301,-0.432254,11.4686,223.299,-0.431043,        29P   1849
11.4686,223.298,-0.429828,11.4686,223.297,-0.428878,11.4686,          29P   1850
223.297,-0.428239,11.4686,223.296,-0.427283,11.4686,223.295,          29P   1851
-0.426686,11.4686,223.294,-0.425786,11.4686,223.293,-0.424455,        29P   1852
11.4686,223.29,-0.422131,11.4686,223.287,-0.419041,11.4686,           29P   1853
223.283,-0.41516,11.4686,223.28,-0.411367,11.4686,223.275,            29P   1854
-0.407221,11.4686,223.272,-0.404158,11.4686,223.27,-0.401506,         29P   1855
11.4686,223.268,-0.399908,11.4686,223.267,-0.398264,11.4686,          29P   1856
223.265,-0.396374,11.4686,223.262,-0.394189,11.4686,223.259,          29P   1857
-0.391158,11.4686,223.256,-0.38742,11.4686,223.252,-0.383769,         29P   1858
11.4686,223.245,-0.376404,11.4686,223.238,-0.370064,11.4686,          29P   1859
223.232,-0.364069,11.4686,223.23,-0.362026,11.4686,223.228,           29P   1860
-0.359692,11.4686,223.225,-0.356926,11.4686,223.222,-0.354026,        29P   1861
11.4686,223.219,-0.350409,11.4686,223.215,-0.346876,11.4686,          29P   1862
223.205,-0.336018,11.4686,223.195,-0.326128,11.4686,223.186,          29P   1863
-0.316603,11.4686,223.184,-0.314619,11.4686,223.182,-0.312368,        29P   1864
11.4686,223.179,-0.309691,11.4686,223.177,-0.30689,11.4686,           29P   1865
223.173,-0.303441,11.4686,223.17,-0.30011,11.4686,223.156,            29P   1866
-0.285804,11.4686,223.143,-0.272422,11.4686,223.131,-0.2593,          29P   1867
11.4686,223.129,-0.257396,11.4686,223.127,-0.255516,11.4686,          29P   1868
223.126,-0.253828,11.4686,223.124,-0.252334,11.4686,223.122,          29P   1869
-0.250091,11.4686,223.119,-0.24687,11.4686,223.116,-0.243761,         29P   1870
11.4686,223.102,-0.228962,11.4686,223.089,-0.214945,11.4686,          29P   1871
223.075,-0.200237,11.4686,223.073,-0.197806,11.4686,223.07,           29P   1872
-0.194966,11.4686,223.068,-0.192533,11.4686,223.065,-0.189564,        29P   1873
11.4686,223.063,-0.186719,11.4686,223.049,-0.171535,11.4686,          29P   1874
223.035,-0.157117,11.4686,223.022,-0.14286,11.4686,223.021,           29P   1875
-0.141144,11.4686,223.019,-0.13923,11.4686,223.017,-0.137004,         29P   1876
11.4686,223.015,-0.134747,11.4686,223.012,-0.132011,11.4686,          29P   1877
223.01,-0.129396,11.4686,222.996,-0.113694,11.4686,222.982,           29P   1878
-0.098601,11.4686,222.969,-0.0836853,11.4686,222.967,-0.0820811,      29P   1879
11.4686,222.966,-0.0803043,11.4686,222.964,-0.0782503,11.4686,        29P   1880
222.961,-0.0751915,11.4686,222.958,-0.0721195,11.4686,222.943,        29P   1881
-0.0550297,11.4686,222.929,-0.0394496,11.4686,222.916,                29P   1882
-0.0239756,11.4686,222.915,-0.0224818,11.4686,222.913,                29P   1883
-0.0208353,11.4686,222.911,-0.0189659,11.4686,222.91,-0.0170791,      29P   1884
11.4686,222.908,-0.0148115,11.4686,222.906,-0.0126645,11.4686,        29P   1885
222.891,0.00398635,11.4686,222.877,0.0201402,11.4686,222.864,         29P   1886
0.0362123,11.4686,222.862,0.0375779,11.4686,222.861,0.0390831,        29P   1887
11.4686,222.86,0.0407901,11.4686,222.858,0.0424743,11.4686,           29P   1888
222.856,0.0444964,11.4686,222.855,0.0463795,11.4686,222.84,           29P   1889
0.0633794,11.4686,222.826,0.0801186,11.4686,222.812,0.0967933,        29P   1890
11.4686,222.811,0.0982405,11.4686,222.81,0.0995788,11.4686,           29P   1891
222.808,0.101093,11.4686,222.807,0.10257,11.4686,222.806,             29P   1892
0.104336,11.4686,222.804,0.105979,11.4686,222.79,0.123457,            29P   1893
11.4686,222.775,0.1407,11.4686,222.761,0.157914,11.4686,222.76,       29P   1894
0.159175,11.4686,222.759,0.160348,11.4686,222.758,0.161684,           29P   1895
11.4686,222.756,0.162969,11.4686,222.755,0.164491,11.4686,            29P   1896
222.754,0.165886,11.4686,222.739,0.184,11.4686,222.724,0.202074,      29P   1897
11.4686,222.709,0.220409,11.4686,222.708,0.221618,11.4686,            29P   1898
222.707,0.222782,11.4686,222.706,0.223869,11.4686,222.705,            29P   1899
0.225393,11.4686,222.69,0.244093,11.4686,222.675,0.263144,            29P   1900
11.4686,222.659,0.281809,11.4686,222.659,0.282783,11.4686,            29P   1901
222.658,0.283699,11.4686,222.657,0.284701,11.4686,222.656,            29P   1902
0.286363,11.4686,222.64,0.30603,11.4686,222.624,0.325463,             29P   1903
11.4686,222.609,0.344729,11.4686,222.608,0.345718,11.4686,            29P   1904
222.607,0.346726,11.4686,222.606,0.347821,11.4686,222.591,            29P   1905
0.367183,11.4686,222.576,0.387149,11.4686,222.56,0.407101,            29P   1906
11.4686,222.559,0.40808,11.4686,222.559,0.409068,11.4686,             29P   1907
222.545,0.426255,11.4686,222.532,0.443513,11.4686,222.519,            29P   1908
0.460823,11.4686,222.508,0.475061,11.4686,222.497,0.489449,           29P   1909
11.4686,222.479,0.513508,11.4686,222.465,0.53112,11.4686,             29P   1910
222.452,0.548317,11.4686,222.447,0.555358,11.4686,222.461,            29P   1911
0.573508,11.6999,222.46,0.574524,11.6999,222.458,0.575622,            29P   1912
11.6999,222.456,0.576366,11.6999,222.455,0.576495,11.6999,            29P   1913
222.453,0.576268,11.6999,222.451,0.575623,11.6999,222.45,             29P   1914
0.574453,11.6999,222.449,0.573314,11.6999,222.448,0.572875,           29P   1915
11.6999,222.448,0.571894,11.6999,222.448,0.571394,11.6999,            29P   1916
222.448,0.570237,11.6999,222.448,0.569525,11.6999,222.448,            29P   1917
0.568045,11.6999,222.448,0.567352,11.6999,222.448,0.566589,           29P   1918
11.6999,222.449,0.566273,11.6999,222.449,0.565351,11.6999,            29P   1919
222.45,0.564352,11.6999,222.45,0.563213,11.6999,222.451,              29P   1920
0.562697,11.6999,222.451,0.561732,11.6999,222.451,0.561279,           29P   1921
11.6999,222.452,0.560271,11.6999,222.452,0.559718,11.6999,            29P   1922
222.453,0.558382,11.6999,222.453,0.557599,11.6999,222.455,            29P   1923
0.554626,11.6999,222.456,0.551748,11.6999,222.458,0.54834,            29P   1924
11.6999,222.459,0.54657,11.6999,222.46,0.54492,11.6999,222.461,       29P   1925
0.542691,11.6999,222.462,0.540492,11.6999,222.463,0.538396,           29P   1926
11.6999,222.464,0.536826,11.6999,222.464,0.535279,11.6999,            29P   1927
222.465,0.533874,11.6999,222.469,0.526883,11.6999,222.472,            29P   1928
0.519675,11.6999,222.476,0.512322,11.6999,222.477,0.510568,           29P   1929
11.6999,222.478,0.508968,11.6999,222.479,0.506807,11.6999,            29P   1930
222.48,0.504648,11.6999,222.481,0.502581,11.6999,222.482,             29P   1931
0.500985,11.6999,222.483,0.49938,11.6999,222.484,0.497891,            29P   1932
11.6999,222.489,0.486972,11.6999,222.495,0.475948,11.6999,            29P   1933
222.501,0.464829,11.6999,222.502,0.463137,11.6999,222.503,            29P   1934
0.461623,11.6999,222.504,0.459557,11.6999,222.505,0.457485,           29P   1935
11.6999,222.507,0.455457,11.6999,222.507,0.453856,11.6999,            29P   1936
222.508,0.452137,11.6999,222.509,0.450549,11.6999,222.517,            29P   1937
0.435781,11.6999,222.526,0.420875,11.6999,222.534,0.405988,           29P   1938
11.6999,222.535,0.404293,11.6999,222.536,0.402908,11.6999,            29P   1939
222.537,0.400964,11.6999,222.538,0.398981,11.6999,222.539,            29P   1940
0.396989,11.6999,222.54,0.395345,11.6999,222.541,0.393557,            29P   1941
11.6999,222.542,0.39183,11.6999,222.553,0.37337,11.6999,222.564,      29P   1942
0.354822,11.6999,222.575,0.336404,11.6999,222.576,0.334734,           29P   1943
11.6999,222.577,0.333486,11.6999,222.578,0.331677,11.6999,            29P   1944
222.579,0.329768,11.6999,222.58,0.327832,11.6999,222.581,             29P   1945
0.326178,11.6999,222.582,0.324315,11.6999,222.583,0.322464,           29P   1946
11.6999,222.594,0.304278,11.6999,222.606,0.285956,11.6999,            29P   1947
222.617,0.267906,11.6999,222.618,0.266252,11.6999,222.619,            29P   1948
0.265106,11.6999,222.62,0.263407,11.6999,222.621,0.261616,            29P   1949
11.6999,222.622,0.259738,11.6999,222.623,0.258059,11.6999,            29P   1950
222.625,0.256085,11.6999,222.626,0.254118,11.6999,222.638,            29P   1951
0.236271,11.6999,222.649,0.218263,11.6999,222.661,0.200583,           29P   1952
11.6999,222.663,0.198891,11.6999,222.663,0.197858,11.6999,            29P   1953
222.664,0.196286,11.6999,222.665,0.194586,11.6999,222.667,            29P   1954
0.192786,11.6999,222.668,0.191099,11.6999,222.669,0.189084,           29P   1955
11.6999,222.671,0.187023,11.6999,222.683,0.169455,11.6999,            29P   1956
222.695,0.151434,11.6999,222.708,0.133748,11.6999,222.709,            29P   1957
0.131711,11.6999,222.71,0.130284,11.6999,222.711,0.128685,            29P   1958
11.6999,222.712,0.126912,11.6999,222.714,0.125204,11.6999,            29P   1959
222.715,0.123111,11.6999,222.717,0.120986,11.6999,222.729,            29P   1960
0.103751,11.6999,222.742,0.0860606,11.6999,222.755,0.0687563,         29P   1961
11.6999,222.756,0.0666997,11.6999,222.757,0.0653592,11.6999,          29P   1962
222.759,0.0638207,11.6999,222.76,0.0621136,11.6999,222.761,           29P   1963
0.0604152,11.6999,222.763,0.0582755,11.6999,222.764,0.0560899,        29P   1964
11.6999,222.777,0.0392088,11.6999,222.79,0.0218885,11.6999,           29P   1965
222.804,0.00495936,11.6999,222.805,0.00291805,11.6999,222.806,        29P   1966
0.00167761,11.6999,222.807,0.000242107,11.6999,222.809,               29P   1967
-0.0014236,11.6999,222.81,-0.00315469,11.6999,222.812,                29P   1968
-0.00534665,11.6999,222.814,-0.00761803,11.6999,222.827,              29P   1969
-0.0240425,11.6999,222.84,-0.0408842,11.6999,222.854,-0.0574048,      29P   1970
11.6999,222.856,-0.0594394,11.6999,222.857,-0.0607719,11.6999,        29P   1971
222.858,-0.0622196,11.6999,222.859,-0.0638331,11.6999,222.861,        29P   1972
-0.0655769,11.6999,222.862,-0.0678197,11.6999,222.864,                29P   1973
-0.0701377,11.6999,222.878,-0.0861952,11.6999,222.892,-0.10265,       29P   1974
11.6999,222.906,-0.118773,11.6999,222.907,-0.120791,11.6999,          29P   1975
222.908,-0.122035,11.6999,222.91,-0.123413,11.6999,222.911,           29P   1976
-0.124999,11.6999,222.913,-0.12674,11.6999,222.914,-0.129029,         29P   1977
11.6999,222.917,-0.131393,11.6999,222.931,-0.147376,11.6999,          29P   1978
222.945,-0.163625,11.6999,222.959,-0.17957,11.6999,222.962,           29P   1979
-0.182125,11.6999,222.963,-0.183572,11.6999,222.964,-0.184922,        29P   1980
11.6999,222.966,-0.186682,11.6999,222.968,-0.189016,11.6999,          29P   1981
222.97,-0.191435,11.6999,222.984,-0.20714,11.6999,222.999,            29P   1982
-0.223029,11.6999,223.014,-0.238572,11.6999,223.016,-0.24101,         29P   1983
11.6999,223.017,-0.242409,11.6999,223.019,-0.243727,11.6999,          29P   1984
223.02,-0.245485,11.6999,223.023,-0.247863,11.6999,223.025,           29P   1985
-0.250322,11.6999,223.04,-0.265837,11.6999,223.055,-0.281316,         29P   1986
11.6999,223.07,-0.296386,11.6999,223.072,-0.298578,11.6999,           29P   1987
223.073,-0.299922,11.6999,223.074,-0.301258,11.6999,223.076,          29P   1988
-0.303043,11.6999,223.079,-0.305443,11.6999,223.081,-0.307911,        29P   1989
11.6999,223.097,-0.323356,11.6999,223.112,-0.338361,11.6999,          29P   1990
223.127,-0.352974,11.6999,223.129,-0.354749,11.6999,223.13,           29P   1991
-0.356048,11.6999,223.132,-0.357358,11.6999,223.133,-0.359165,        29P   1992
11.6999,223.136,-0.361623,11.6999,223.139,-0.36414,11.6999,           29P   1993
223.152,-0.376541,11.6999,223.164,-0.38807,11.6999,223.176,           29P   1994
-0.399288,11.6999,223.177,-0.400551,11.6999,223.179,-0.401844,        29P   1995
11.6999,223.18,-0.403178,11.6999,223.182,-0.405023,11.6999,           29P   1996
223.185,-0.407529,11.6999,223.187,-0.410087,11.6999,223.198,          29P   1997
-0.419649,11.6999,223.207,-0.428276,11.6999,223.216,-0.436766,        29P   1998
11.6999,223.218,-0.438036,11.6999,223.219,-0.439384,11.6999,          29P   1999
223.221,-0.441209,11.6999,223.224,-0.443745,11.6999,223.227,          29P   2000
-0.446284,11.6999,223.234,-0.452659,11.6999,223.24,-0.458084,         29P   2001
11.6999,223.246,-0.463227,11.6999,223.247,-0.464469,11.6999,          29P   2002
223.249,-0.465956,11.6999,223.251,-0.467864,11.6999,223.254,          29P   2003
-0.470406,11.6999,223.257,-0.472945,11.6999,223.261,-0.476216,        29P   2004
11.6999,223.263,-0.47838,11.6999,223.265,-0.480193,11.6999,           29P   2005
223.266,-0.48051,11.6999,223.267,-0.481329,11.6999,223.267,           29P   2006
-0.481666,11.6999,223.268,-0.482318,11.6999,223.269,-0.48263,         29P   2007
11.6999,223.27,-0.483305,11.6999,223.271,-0.483636,11.6999,           29P   2008
223.273,-0.484323,11.6999,223.275,-0.484592,11.6999,223.278,          29P   2009
-0.484794,11.6999,223.28,-0.484667,11.6999,223.282,-0.484183,         29P   2010
11.6999,223.283,-0.483656,11.6999,223.283,-0.483528,11.6999,          29P   2011
223.284,-0.483261,11.6999,223.285,-0.482738,11.6999,223.287,          29P   2012
-0.48152,11.6999,223.29,-0.479316,11.6999,223.292,-0.476241,          29P   2013
11.6999,223.293,-0.473418,11.6999,223.293,-0.471525,11.6999,          29P   2014
223.294,-0.469964,11.6999,223.294,-0.468427,11.6999,223.294,          29P   2015
-0.466894,11.6999,223.294,-0.464654,11.6999,223.293,-0.462437,        29P   2016
11.6999,223.292,-0.460769,11.6999,223.292,-0.459701,11.6999,          29P   2017
223.291,-0.459179,11.6999,223.291,-0.457944,11.6999,223.29,           29P   2018
-0.457287,11.6999,223.288,-0.455502,11.6999,223.287,-0.454133,        29P   2019
11.6999,223.285,-0.451899,11.6999,223.284,-0.4511,11.6999,            29P   2020
223.282,-0.44944,11.6999,223.282,-0.448553,11.6999,223.279,           29P   2021
-0.445929,11.6999,223.277,-0.444196,11.6999,223.275,-0.441671,        29P   2022
11.6999,223.274,-0.440276,11.6999,223.272,-0.438921,11.6999,          29P   2023
223.272,-0.437958,11.6999,223.271,-0.43745,11.6999,223.27,            29P   2024
-0.436691,11.6999,223.27,-0.436151,11.6999,223.269,-0.435228,         29P   2025
11.6999,223.268,-0.433862,11.6999,223.265,-0.431476,11.6999,          29P   2026
223.262,-0.428303,11.6999,223.259,-0.424317,11.6999,223.255,          29P   2027
-0.42042,11.6999,223.251,-0.416143,11.6999,223.248,-0.412989,         29P   2028
11.6999,223.246,-0.410256,11.6999,223.244,-0.408618,11.6999,          29P   2029
223.242,-0.406926,11.6999,223.241,-0.404974,11.6999,223.239,          29P   2030
-0.402716,11.6999,223.236,-0.399582,11.6999,223.232,-0.395709,        29P   2031
11.6999,223.229,-0.391924,11.6999,223.221,-0.384272,11.6999,          29P   2032
223.215,-0.37769,11.6999,223.21,-0.371483,11.6999,223.208,            29P   2033
-0.36938,11.6999,223.206,-0.366968,11.6999,223.203,-0.364111,         29P   2034
11.6999,223.2,-0.361119,11.6999,223.197,-0.357393,11.6999,            29P   2035
223.193,-0.353759,11.6999,223.183,-0.342587,11.6999,223.174,          29P   2036
-0.33246,11.6999,223.165,-0.322686,11.6999,223.163,-0.320663,         29P   2037
11.6999,223.161,-0.318351,11.6999,223.159,-0.315602,11.6999,          29P   2038
223.156,-0.312724,11.6999,223.153,-0.309175,11.6999,223.15,           29P   2039
-0.305747,11.6999,223.136,-0.290993,11.6999,223.124,-0.277172,        29P   2040
11.6999,223.112,-0.263655,11.6999,223.11,-0.261712,11.6999,           29P   2041
223.109,-0.259777,11.6999,223.107,-0.25804,11.6999,223.106,           29P   2042
-0.256503,11.6999,223.104,-0.254196,11.6999,223.101,-0.250885,        29P   2043
11.6999,223.098,-0.24769,11.6999,223.085,-0.232468,11.6999,           29P   2044
223.072,-0.218095,11.6999,223.059,-0.202953,11.6999,223.057,          29P   2045
-0.200469,11.6999,223.054,-0.197541,11.6999,223.052,-0.195032,        29P   2046
11.6999,223.049,-0.191966,11.6999,223.047,-0.189028,11.6999,          29P   2047
223.033,-0.173321,11.6999,223.021,-0.158378,11.6999,223.008,          29P   2048
-0.143649,11.6999,223.007,-0.141896,11.6999,223.005,-0.139921,        29P   2049
11.6999,223.003,-0.137625,11.6999,223.001,-0.135296,11.6999,          29P   2050
222.999,-0.132473,11.6999,222.996,-0.129777,11.6999,222.983,          29P   2051
-0.113579,11.6999,222.97,-0.0980789,11.6999,222.957,-0.082758,        29P   2052
11.6999,222.956,-0.0811313,11.6999,222.954,-0.0793085,11.6999,        29P   2053
222.952,-0.0771984,11.6999,222.95,-0.074056,11.6999,222.947,          29P   2054
-0.0708972,11.6999,222.932,-0.0533131,11.6999,222.919,                29P   2055
-0.0372868,11.6999,222.906,-0.0213371,11.6999,222.905,                29P   2056
-0.0198169,11.6999,222.904,-0.0181194,11.6999,222.902,                29P   2057
-0.0161917,11.6999,222.901,-0.0142484,11.6999,222.899,                29P   2058
-0.0119094,11.6999,222.897,-0.00969463,11.6999,222.883,               29P   2059
0.00750537,11.6999,222.87,0.0241909,11.6999,222.857,0.0407426,        29P   2060
11.6999,222.856,0.0421292,11.6999,222.854,0.0436788,11.6999,          29P   2061
222.853,0.0454358,11.6999,222.852,0.0471676,11.6999,222.85,           29P   2062
0.049248,11.6999,222.848,0.051185,11.6999,222.835,0.0685855,          29P   2063
11.6999,222.821,0.0857591,11.6999,222.808,0.102913,11.6999,           29P   2064
222.806,0.104402,11.6999,222.805,0.105865,11.6999,222.804,            29P   2065
0.107423,11.6999,222.803,0.108944,11.6999,222.801,0.110761,           29P   2066
11.6999,222.8,0.112453,11.6999,222.786,0.130379,11.6999,222.772,      29P   2067
0.14817,11.6999,222.759,0.165877,11.6999,222.758,0.167174,            29P   2068
11.6999,222.757,0.168456,11.6999,222.756,0.16983,11.6999,             29P   2069
222.755,0.171151,11.6999,222.754,0.172716,11.6999,222.752,            29P   2070
0.17415,11.6999,222.738,0.193059,11.6999,222.724,0.211579,            29P   2071
11.6999,222.709,0.230358,11.6999,222.708,0.231577,11.6999,            29P   2072
222.708,0.232483,11.6999,222.707,0.233597,11.6999,222.706,            29P   2073
0.235158,11.6999,222.691,0.255031,11.6999,222.676,0.274579,           29P   2074
11.6999,222.662,0.293762,11.6999,222.661,0.294754,11.6999,            29P   2075
222.66,0.295634,11.6999,222.659,0.29649,11.6999,222.659,              29P   2076
0.297689,11.6999,222.644,0.317877,11.6999,222.629,0.337902,           29P   2077
11.6999,222.614,0.357692,11.6999,222.614,0.358693,11.6999,            29P   2078
222.613,0.359535,11.6999,222.612,0.36066,11.6999,222.597,             29P   2079
0.381174,11.6999,222.582,0.401623,11.6999,222.567,0.422021,           29P   2080
11.6999,222.567,0.423021,11.6999,222.566,0.423931,11.6999,            29P   2081
222.553,0.441557,11.6999,222.541,0.459146,11.6999,222.528,            29P   2082
0.47674,11.6999,222.518,0.491098,11.6999,222.508,0.50548,             29P   2083
11.6999,222.49,0.530205,11.6999,222.478,0.548335,11.6999,             29P   2084
222.465,0.566239,11.6999,222.461,0.573508,11.6999,222.472,            29P   2085
0.592282,11.9317,222.472,0.593159,11.9317,222.47,0.594283,            29P   2086
11.9317,222.468,0.594988,11.9317,222.467,0.594993,11.9317,            29P   2087
222.466,0.594657,11.9317,222.463,0.593665,11.9317,222.462,            29P   2088
0.592281,11.9317,222.462,0.590641,11.9317,222.462,0.589954,           29P   2089
11.9317,222.461,0.588984,11.9317,222.461,0.588638,11.9317,            29P   2090
222.461,0.587569,11.9317,222.462,0.586881,11.9317,222.462,            29P   2091
0.585985,11.9317,222.462,0.58569,11.9317,222.463,0.584996,            29P   2092
11.9317,222.463,0.58417,11.9317,222.464,0.582733,11.9317,             29P   2093
222.464,0.581725,11.9317,222.465,0.580592,11.9317,222.465,            29P   2094
0.580066,11.9317,222.465,0.579082,11.9317,222.466,0.578623,           29P   2095
11.9317,222.466,0.577607,11.9317,222.466,0.57705,11.9317,             29P   2096
222.467,0.575702,11.9317,222.467,0.574913,11.9317,222.469,            29P   2097
0.571915,11.9317,222.47,0.569018,11.9317,222.472,0.565591,            29P   2098
11.9317,222.473,0.563814,11.9317,222.474,0.562157,11.9317,            29P   2099
222.475,0.559922,11.9317,222.476,0.557719,11.9317,222.477,            29P   2100
0.555621,11.9317,222.478,0.554051,11.9317,222.478,0.552504,           29P   2101
11.9317,222.479,0.551101,11.9317,222.483,0.544116,11.9317,            29P   2102
222.486,0.536929,11.9317,222.49,0.529573,11.9317,222.491,             29P   2103
0.527817,11.9317,222.492,0.526214,11.9317,222.493,0.524047,           29P   2104
11.9317,222.494,0.521881,11.9317,222.495,0.519804,11.9317,            29P   2105
222.496,0.518199,11.9317,222.497,0.516585,11.9317,222.497,            29P   2106
0.515085,11.9317,222.503,0.504089,11.9317,222.509,0.49293,            29P   2107
11.9317,222.514,0.481704,11.9317,222.515,0.479997,11.9317,            29P   2108
222.516,0.478469,11.9317,222.517,0.476385,11.9317,222.518,            29P   2109
0.474297,11.9317,222.519,0.472253,11.9317,222.52,0.47064,             29P   2110
11.9317,222.521,0.46891,11.9317,222.522,0.467311,11.9317,222.53,      29P   2111
0.452452,11.9317,222.538,0.437508,11.9317,222.546,0.422539,           29P   2112
11.9317,222.547,0.420834,11.9317,222.548,0.419441,11.9317,            29P   2113
222.549,0.417485,11.9317,222.55,0.415488,11.9317,222.551,             29P   2114
0.413482,11.9317,222.552,0.411826,11.9317,222.553,0.410024,           29P   2115
11.9317,222.554,0.408284,11.9317,222.564,0.389672,11.9317,            29P   2116
222.574,0.370894,11.9317,222.585,0.352258,11.9317,222.586,            29P   2117
0.350568,11.9317,222.587,0.349305,11.9317,222.588,0.347475,           29P   2118
11.9317,222.589,0.345544,11.9317,222.59,0.343586,11.9317,             29P   2119
222.591,0.341912,11.9317,222.592,0.340028,11.9317,222.593,            29P   2120
0.338156,11.9317,222.604,0.319762,11.9317,222.615,0.301238,           29P   2121
11.9317,222.626,0.282951,11.9317,222.627,0.281275,11.9317,            29P   2122
222.627,0.280114,11.9317,222.628,0.278392,11.9317,222.63,             29P   2123
0.276576,11.9317,222.631,0.274673,11.9317,222.632,0.27297,            29P   2124
11.9317,222.633,0.270968,11.9317,222.634,0.268973,11.9317,            29P   2125
222.645,0.250867,11.9317,222.657,0.232559,11.9317,222.668,            29P   2126
0.214563,11.9317,222.669,0.21284,11.9317,222.67,0.211789,             29P   2127
11.9317,222.671,0.210189,11.9317,222.672,0.208458,11.9317,            29P   2128
222.673,0.206626,11.9317,222.674,0.204908,11.9317,222.675,            29P   2129
0.202856,11.9317,222.677,0.200757,11.9317,222.688,0.182925,           29P   2130
11.9317,222.7,0.16456,11.9317,222.712,0.14652,11.9317,222.713,        29P   2131
0.144442,11.9317,222.714,0.142922,11.9317,222.715,0.14129,            29P   2132
11.9317,222.716,0.139481,11.9317,222.718,0.137739,11.9317,            29P   2133
222.719,0.135604,11.9317,222.72,0.133435,11.9317,222.732,0.1159,      29P   2134
11.9317,222.744,0.097835,11.9317,222.757,0.0801062,11.9317,           29P   2135
222.758,0.0779984,11.9317,222.759,0.0765681,11.9317,222.76,           29P   2136
0.0749908,11.9317,222.761,0.0732404,11.9317,222.763,0.0714985,        29P   2137
11.9317,222.764,0.0693036,11.9317,222.766,0.067061,11.9317,           29P   2138
222.778,0.0497817,11.9317,222.79,0.0319686,11.9317,222.803,           29P   2139
0.0145697,11.9317,222.804,0.0124721,11.9317,222.805,0.0111481,        29P   2140
11.9317,222.806,0.00967315,11.9317,222.808,0.00796184,11.9317,        29P   2141
222.809,0.00618346,11.9317,222.81,0.00393183,11.9317,222.812,         29P   2142
0.00159887,11.9317,222.825,-0.0154488,11.9317,222.838,                29P   2143
-0.0327512,11.9317,222.85,-0.0497304,11.9317,222.852,-0.0518219,      29P   2144
11.9317,222.853,-0.0531916,11.9317,222.854,-0.0544843,11.9317,        29P   2145
222.855,-0.0561436,11.9317,222.857,-0.0579369,11.9317,222.858,        29P   2146
-0.0602437,11.9317,222.86,-0.0626284,11.9317,222.873,-0.0793175,      29P   2147
11.9317,222.886,-0.0962874,11.9317,222.9,-0.112897,11.9317,           29P   2148
222.901,-0.114976,11.9317,222.902,-0.116257,11.9317,222.903,          29P   2149
-0.117493,11.9317,222.905,-0.119128,11.9317,222.906,-0.120921,        29P   2150
11.9317,222.908,-0.123278,11.9317,222.91,-0.125714,11.9317,           29P   2151
222.923,-0.141626,11.9317,222.936,-0.158297,11.9317,222.95,           29P   2152
-0.174705,11.9317,222.952,-0.177334,11.9317,222.954,-0.178852,        29P   2153
11.9317,222.955,-0.180822,11.9317,222.957,-0.182632,11.9317,          29P   2154
222.959,-0.185032,11.9317,222.961,-0.187519,11.9317,222.974,          29P   2155
-0.203115,11.9317,222.988,-0.219373,11.9317,223.003,-0.235317,        29P   2156
11.9317,223.005,-0.237818,11.9317,223.006,-0.239274,11.9317,          29P   2157
223.008,-0.241211,11.9317,223.009,-0.243013,11.9317,223.012,          29P   2158
-0.245451,11.9317,223.014,-0.247971,11.9317,223.028,-0.263364,        29P   2159
11.9317,223.042,-0.279167,11.9317,223.057,-0.294619,11.9317,          29P   2160
223.059,-0.296867,11.9317,223.06,-0.298261,11.9317,223.062,           29P   2161
-0.300167,11.9317,223.064,-0.301998,11.9317,223.066,-0.304459,        29P   2162
11.9317,223.068,-0.30699,11.9317,223.083,-0.322343,11.9317,           29P   2163
223.097,-0.337717,11.9317,223.112,-0.352734,11.9317,223.114,          29P   2164
-0.354558,11.9317,223.115,-0.355897,11.9317,223.117,-0.357761,        29P   2165
11.9317,223.119,-0.359618,11.9317,223.121,-0.362143,11.9317,          29P   2166
223.124,-0.364727,11.9317,223.136,-0.377036,11.9317,223.148,          29P   2167
-0.388834,11.9317,223.16,-0.400264,11.9317,223.161,-0.40155,          29P   2168
11.9317,223.163,-0.402861,11.9317,223.164,-0.404667,11.9317,          29P   2169
223.166,-0.406542,11.9317,223.169,-0.409088,11.9317,223.172,          29P   2170
-0.411685,11.9317,223.181,-0.420963,11.9317,223.191,-0.429691,        29P   2171
11.9317,223.2,-0.438332,11.9317,223.201,-0.439612,11.9317,            29P   2172
223.203,-0.441436,11.9317,223.205,-0.443296,11.9317,223.208,          29P   2173
-0.445882,11.9317,223.21,-0.448473,11.9317,223.217,-0.454588,         29P   2174
11.9317,223.223,-0.460109,11.9317,223.229,-0.465357,11.9317,          29P   2175
223.23,-0.466617,11.9317,223.232,-0.46818,11.9317,223.234,            29P   2176
-0.470491,11.9317,223.237,-0.473081,11.9317,223.24,-0.475667,         29P   2177
11.9317,223.243,-0.478648,11.9317,223.245,-0.480536,11.9317,          29P   2178
223.247,-0.482285,11.9317,223.248,-0.48258,11.9317,223.249,           29P   2179
-0.483444,11.9317,223.25,-0.484161,11.9317,223.251,-0.485095,         29P   2180
11.9317,223.252,-0.485387,11.9317,223.253,-0.485996,11.9317,          29P   2181
223.254,-0.486283,11.9317,223.256,-0.486851,11.9317,223.258,          29P   2182
-0.487032,11.9317,223.26,-0.487033,11.9317,223.261,-0.486947,         29P   2183
11.9317,223.263,-0.486638,11.9317,223.264,-0.486283,11.9317,          29P   2184
223.265,-0.485753,11.9317,223.267,-0.484885,11.9317,223.268,          29P   2185
-0.484262,11.9317,223.27,-0.482861,11.9317,223.273,-0.479713,         29P   2186
11.9317,223.274,-0.476266,11.9317,223.275,-0.473307,11.9317,          29P   2187
223.275,-0.471889,11.9317,223.275,-0.470741,11.9317,223.275,          29P   2188
-0.469218,11.9317,223.274,-0.467721,11.9317,223.274,-0.465564,        29P   2189
11.9317,223.273,-0.463389,11.9317,223.272,-0.461828,11.9317,          29P   2190
223.271,-0.460833,11.9317,223.271,-0.460347,11.9317,223.27,           29P   2191
-0.459312,11.9317,223.269,-0.45871,11.9317,223.267,-0.456825,         29P   2192
11.9317,223.266,-0.455589,11.9317,223.264,-0.453509,11.9317,          29P   2193
223.263,-0.452652,11.9317,223.262,-0.450918,11.9317,223.261,          29P   2194
-0.450046,11.9317,223.259,-0.447425,11.9317,223.257,-0.445676,        29P   2195
11.9317,223.255,-0.44357,11.9317,223.254,-0.442536,11.9317,           29P   2196
223.253,-0.441431,11.9317,223.252,-0.44043,11.9317,223.251,           29P   2197
-0.439569,11.9317,223.25,-0.438281,11.9317,223.249,-0.437565,         29P   2198
11.9317,223.249,-0.436637,11.9317,223.247,-0.435264,11.9317,          29P   2199
223.245,-0.432869,11.9317,223.242,-0.429688,11.9317,223.238,          29P   2200
-0.425696,11.9317,223.235,-0.421797,11.9317,223.231,-0.417549,        29P   2201
11.9317,223.228,-0.414395,11.9317,223.225,-0.411662,11.9317,          29P   2202
223.224,-0.410001,11.9317,223.222,-0.408301,11.9317,223.22,           29P   2203
-0.406348,11.9317,223.218,-0.404088,11.9317,223.215,-0.400949,        29P   2204
11.9317,223.212,-0.397069,11.9317,223.208,-0.393275,11.9317,          29P   2205
223.201,-0.385628,11.9317,223.195,-0.379017,11.9317,223.19,           29P   2206
-0.372772,11.9317,223.188,-0.370625,11.9317,223.186,-0.368196,        29P   2207
11.9317,223.183,-0.365319,11.9317,223.18,-0.362305,11.9317,           29P   2208
223.177,-0.358548,11.9317,223.174,-0.35488,11.9317,223.164,           29P   2209
-0.343633,11.9317,223.155,-0.333382,11.9317,223.146,-0.323478,        29P   2210
11.9317,223.144,-0.321397,11.9317,223.142,-0.319053,11.9317,          29P   2211
223.14,-0.316265,11.9317,223.137,-0.313342,11.9317,223.134,           29P   2212
-0.309743,11.9317,223.131,-0.306265,11.9317,223.118,-0.291335,        29P   2213
11.9317,223.106,-0.277296,11.9317,223.094,-0.263564,11.9317,          29P   2214
223.092,-0.261547,11.9317,223.091,-0.259581,11.9317,223.089,          29P   2215
-0.257816,11.9317,223.088,-0.256255,11.9317,223.086,-0.25391,         29P   2216
11.9317,223.083,-0.250546,11.9317,223.08,-0.247299,11.9317,           29P   2217
223.067,-0.231874,11.9317,223.055,-0.21726,11.9317,223.042,           29P   2218
-0.201852,11.9317,223.04,-0.199274,11.9317,223.038,-0.196294,         29P   2219
11.9317,223.036,-0.19374,11.9317,223.033,-0.190623,11.9317,           29P   2220
223.031,-0.187632,11.9317,223.018,-0.171684,11.9317,223.005,          29P   2221
-0.156459,11.9317,222.993,-0.141441,11.9317,222.992,-0.139607,        29P   2222
11.9317,222.99,-0.137589,11.9317,222.988,-0.135247,11.9317,           29P   2223
222.986,-0.132871,11.9317,222.984,-0.129996,11.9317,222.982,          29P   2224
-0.127246,11.9317,222.969,-0.110768,11.9317,222.956,-0.0949333,       29P   2225
11.9317,222.944,-0.0792518,11.9317,222.943,-0.0775364,11.9317,        29P   2226
222.941,-0.0756646,11.9317,222.939,-0.0735039,11.9317,222.937,        29P   2227
-0.0702856,11.9317,222.934,-0.0670552,11.9317,222.921,                29P   2228
-0.0490906,11.9317,222.908,-0.0326513,11.9317,222.896,                29P   2229
-0.0163167,11.9317,222.894,-0.0147129,11.9317,222.893,                29P   2230
-0.0129748,11.9317,222.892,-0.0110012,11.9317,222.89,                 29P   2231
-0.00900592,11.9317,222.888,-0.00661176,11.9317,222.887,              29P   2232
-0.00434497,11.9317,222.873,0.013208,11.9317,222.861,0.030271,        29P   2233
11.9317,222.848,0.0472502,11.9317,222.847,0.0487196,11.9317,          29P   2234
222.846,0.0503098,11.9317,222.845,0.0521132,11.9317,222.843,          29P   2235
0.0538942,11.9317,222.842,0.0560303,11.9317,222.84,0.0580196,         29P   2236
11.9317,222.827,0.0760895,11.9317,222.814,0.0937697,11.9317,          29P   2237
222.802,0.111354,11.9317,222.8,0.112879,11.9317,222.799,              29P   2238
0.114175,11.9317,222.798,0.115771,11.9317,222.797,0.11733,            29P   2239
11.9317,222.796,0.119191,11.9317,222.795,0.120923,11.9317,            29P   2240
222.781,0.139446,11.9317,222.768,0.157606,11.9317,222.755,            29P   2241
0.175741,11.9317,222.754,0.17707,11.9317,222.753,0.178202,            29P   2242
11.9317,222.752,0.17961,11.9317,222.751,0.180963,11.9317,222.75,      29P   2243
0.182567,11.9317,222.749,0.184037,11.9317,222.736,0.202717,           29P   2244
11.9317,222.723,0.221746,11.9317,222.709,0.241016,11.9317,            29P   2245
222.708,0.242314,11.9317,222.707,0.243925,11.9317,222.706,            29P   2246
0.245066,11.9317,222.705,0.246667,11.9317,222.691,0.266399,           29P   2247
11.9317,222.677,0.286389,11.9317,222.664,0.306015,11.9317,            29P   2248
222.663,0.30705,11.9317,222.662,0.308097,11.9317,222.661,             29P   2249
0.309386,11.9317,222.66,0.310698,11.9317,222.646,0.330915,            29P   2250
11.9317,222.632,0.351388,11.9317,222.619,0.371613,11.9317,            29P   2251
222.618,0.372671,11.9317,222.617,0.373989,11.9317,222.616,            29P   2252
0.375138,11.9317,222.602,0.395782,11.9317,222.588,0.416652,           29P   2253
11.9317,222.574,0.437481,11.9317,222.573,0.438502,11.9317,            29P   2254
222.573,0.439669,11.9317,222.561,0.45752,11.9317,222.549,             29P   2255
0.47549,11.9317,222.537,0.493514,11.9317,222.527,0.50826,             29P   2256
11.9317,222.517,0.52306,11.9317,222.501,0.548183,11.9317,             29P   2257
222.489,0.566737,11.9317,222.477,0.584837,11.9317,222.472,            29P   2258
0.592282,11.9317,222.479,0.60476,12.0945,222.479,0.605431,            29P   2259
12.0945,222.478,0.606528,12.0945,222.476,0.607425,12.0945,            29P   2260
222.474,0.607534,12.0945,222.472,0.606842,12.0945,222.471,            29P   2261
0.605917,12.0945,222.47,0.604581,12.0945,222.469,0.602998,            29P   2262
12.0945,222.469,0.602319,12.0945,222.469,0.600949,12.0945,            29P   2263
222.47,0.600319,12.0945,222.47,0.599425,12.0945,222.47,0.598946,      29P   2264
12.0945,222.471,0.598018,12.0945,222.471,0.597585,12.0945,            29P   2265
222.471,0.596816,12.0945,222.472,0.59609,12.0945,222.472,             29P   2266
0.594753,12.0945,222.473,0.593746,12.0945,222.473,0.59261,            29P   2267
12.0945,222.474,0.592086,12.0945,222.474,0.591104,12.0945,            29P   2268
222.474,0.590646,12.0945,222.475,0.58963,12.0945,222.475,             29P   2269
0.589072,12.0945,222.476,0.587725,12.0945,222.476,0.586935,           29P   2270
12.0945,222.478,0.583935,12.0945,222.479,0.581032,12.0945,            29P   2271
222.481,0.577593,12.0945,222.481,0.575809,12.0945,222.482,            29P   2272
0.574144,12.0945,222.483,0.571896,12.0945,222.484,0.569679,           29P   2273
12.0945,222.485,0.567567,12.0945,222.486,0.565985,12.0945,            29P   2274
222.487,0.564425,12.0945,222.488,0.56301,12.0945,222.491,             29P   2275
0.555965,12.0945,222.494,0.548706,12.0945,222.498,0.541293,           29P   2276
12.0945,222.499,0.539524,12.0945,222.5,0.53791,12.0945,222.501,       29P   2277
0.53573,12.0945,222.502,0.533551,12.0945,222.503,0.531464,            29P   2278
12.0945,222.504,0.529851,12.0945,222.504,0.52823,12.0945,             29P   2279
222.505,0.526725,12.0945,222.511,0.515688,12.0945,222.516,            29P   2280
0.504519,12.0945,222.522,0.493255,12.0945,222.523,0.491541,           29P   2281
12.0945,222.524,0.490007,12.0945,222.525,0.487915,12.0945,            29P   2282
222.526,0.485816,12.0945,222.527,0.483762,12.0945,222.528,            29P   2283
0.48214,12.0945,222.529,0.4804,12.0945,222.529,0.478792,12.0945,      29P   2284
222.537,0.463839,12.0945,222.545,0.448754,12.0945,222.553,            29P   2285
0.433657,12.0945,222.554,0.431937,12.0945,222.554,0.430533,           29P   2286
12.0945,222.555,0.42856,12.0945,222.557,0.426547,12.0945,             29P   2287
222.558,0.424525,12.0945,222.558,0.422856,12.0945,222.559,            29P   2288
0.42104,12.0945,222.56,0.419286,12.0945,222.57,0.400532,12.0945,      29P   2289
222.581,0.381636,12.0945,222.591,0.362861,12.0945,222.592,            29P   2290
0.361158,12.0945,222.593,0.359886,12.0945,222.594,0.358042,           29P   2291
12.0945,222.595,0.356096,12.0945,222.596,0.354122,12.0945,            29P   2292
222.597,0.352436,12.0945,222.598,0.350537,12.0945,222.599,            29P   2293
0.348649,12.0945,222.609,0.330105,12.0945,222.62,0.31141,             29P   2294
12.0945,222.631,0.292947,12.0945,222.632,0.291255,12.0945,            29P   2295
222.632,0.290082,12.0945,222.633,0.288344,12.0945,222.634,            29P   2296
0.28651,12.0945,222.635,0.284588,12.0945,222.636,0.282869,            29P   2297
12.0945,222.638,0.280848,12.0945,222.639,0.278832,12.0945,            29P   2298
222.65,0.260548,12.0945,222.661,0.24205,12.0945,222.672,              29P   2299
0.223848,12.0945,222.673,0.222105,12.0945,222.673,0.221041,           29P   2300
12.0945,222.674,0.219423,12.0945,222.675,0.217672,12.0945,            29P   2301
222.676,0.215818,12.0945,222.677,0.214079,12.0945,222.679,            29P   2302
0.212003,12.0945,222.68,0.209879,12.0945,222.691,0.191657,            29P   2303
12.0945,222.703,0.173039,12.0945,222.714,0.154758,12.0945,            29P   2304
222.716,0.152652,12.0945,222.716,0.151296,12.0945,222.717,            29P   2305
0.149643,12.0945,222.719,0.14781,12.0945,222.72,0.146044,             29P   2306
12.0945,222.721,0.14388,12.0945,222.723,0.141682,12.0945,             29P   2307
222.734,0.123759,12.0945,222.746,0.105431,12.0945,222.758,            29P   2308
0.0874507,12.0945,222.759,0.085313,12.0945,222.76,0.0840225,          29P   2309
12.0945,222.761,0.0824228,12.0945,222.762,0.0806473,12.0945,          29P   2310
222.763,0.0788805,12.0945,222.765,0.0766542,12.0945,222.766,          29P   2311
0.0743794,12.0945,222.778,0.0567208,12.0945,222.79,0.0386303,         29P   2312
12.0945,222.802,0.0209358,12.0945,222.804,0.018802,12.0945,           29P   2313
222.805,0.0175955,12.0945,222.806,0.0160948,12.0945,222.807,          29P   2314
0.0143533,12.0945,222.808,0.0125434,12.0945,222.81,0.0102514,         29P   2315
12.0945,222.811,0.00787627,12.0945,222.823,-0.00897299,12.0945,       29P   2316
222.835,-0.0265665,12.0945,222.848,-0.0438696,12.0945,222.849,        29P   2317
-0.0460009,12.0945,222.85,-0.0473966,12.0945,222.852,-0.0492702,      29P   2318
12.0945,222.853,-0.0509603,12.0945,222.854,-0.0527869,12.0945,        29P   2319
222.856,-0.0551364,12.0945,222.858,-0.0575648,12.0945,222.87,         29P   2320
-0.0740813,12.0945,222.883,-0.0912987,12.0945,222.896,-0.1082,        29P   2321
12.0945,222.897,-0.110315,12.0945,222.898,-0.111618,12.0945,          29P   2322
222.9,-0.113398,12.0945,222.901,-0.115061,12.0945,222.902,            29P   2323
-0.116885,12.0945,222.904,-0.119284,12.0945,222.906,-0.121762,        29P   2324
12.0945,222.919,-0.138432,12.0945,222.932,-0.155449,12.0945,          29P   2325
222.946,-0.172157,12.0945,222.948,-0.174834,12.0945,222.949,          29P   2326
-0.176297,12.0945,222.95,-0.177856,12.0945,222.952,-0.1797,           29P   2327
12.0945,222.954,-0.182146,12.0945,222.956,-0.18468,12.0945,           29P   2328
222.969,-0.20104,12.0945,222.983,-0.217678,12.0945,222.996,           29P   2329
-0.233975,12.0945,222.999,-0.236532,12.0945,223.,-0.237961,           29P   2330
12.0945,223.001,-0.23949,12.0945,223.003,-0.241333,12.0945,           29P   2331
223.005,-0.243828,12.0945,223.007,-0.246407,12.0945,223.021,          29P   2332
-0.262588,12.0945,223.035,-0.278832,12.0945,223.049,-0.29468,         29P   2333
12.0945,223.051,-0.296986,12.0945,223.052,-0.29837,12.0945,           29P   2334
223.053,-0.29991,12.0945,223.055,-0.301788,12.0945,223.057,           29P   2335
-0.304314,12.0945,223.06,-0.30691,12.0945,223.074,-0.323053,          29P   2336
12.0945,223.088,-0.338854,12.0945,223.103,-0.354237,12.0945,          29P   2337
223.104,-0.356107,12.0945,223.106,-0.357466,12.0945,223.107,          29P   2338
-0.358975,12.0945,223.109,-0.360876,12.0945,223.111,-0.363463,        29P   2339
12.0945,223.114,-0.36611,12.0945,223.126,-0.379039,12.0945,           29P   2340
223.137,-0.391153,12.0945,223.149,-0.402939,12.0945,223.15,           29P   2341
-0.404266,12.0945,223.151,-0.405634,12.0945,223.153,-0.407148,        29P   2342
12.0945,223.155,-0.409085,12.0945,223.157,-0.411718,12.0945,          29P   2343
223.16,-0.414404,12.0945,223.169,-0.424308,12.0945,223.178,           29P   2344
-0.433362,12.0945,223.187,-0.442276,12.0945,223.188,-0.443636,        29P   2345
12.0945,223.19,-0.445164,12.0945,223.192,-0.447081,12.0945,           29P   2346
223.194,-0.449745,12.0945,223.197,-0.452413,12.0945,223.204,          29P   2347
-0.458979,12.0945,223.209,-0.46469,12.0945,223.215,-0.470129,         29P   2348
12.0945,223.216,-0.471455,12.0945,223.218,-0.473066,12.0945,          29P   2349
223.22,-0.475181,12.0945,223.223,-0.477877,12.0945,223.226,           29P   2350
-0.480574,12.0945,223.229,-0.483899,12.0945,223.231,-0.486058,        29P   2351
12.0945,223.233,-0.487965,12.0945,223.234,-0.488334,12.0945,          29P   2352
223.235,-0.489153,12.0945,223.235,-0.48954,12.0945,223.237,           29P   2353
-0.49018,12.0945,223.237,-0.490441,12.0945,223.239,-0.490987,         29P   2354
12.0945,223.239,-0.491239,12.0945,223.242,-0.491708,12.0945,          29P   2355
223.243,-0.491822,12.0945,223.246,-0.491696,12.0945,223.247,          29P   2356
-0.49141,12.0945,223.249,-0.490804,12.0945,223.251,-0.490163,         29P   2357
12.0945,223.251,-0.489772,12.0945,223.252,-0.489128,12.0945,          29P   2358
223.253,-0.488449,12.0945,223.255,-0.486951,12.0945,223.257,          29P   2359
-0.484351,12.0945,223.259,-0.480991,12.0945,223.259,-0.478042,        29P   2360
12.0945,223.259,-0.476135,12.0945,223.259,-0.474587,12.0945,          29P   2361
223.259,-0.473083,12.0945,223.258,-0.471615,12.0945,223.258,          29P   2362
-0.469516,12.0945,223.256,-0.46736,12.0945,223.255,-0.465847,         29P   2363
12.0945,223.254,-0.464954,12.0945,223.254,-0.464557,12.0945,          29P   2364
223.253,-0.463526,12.0945,223.253,-0.462902,12.0945,223.251,          29P   2365
-0.461004,12.0945,223.25,-0.459717,12.0945,223.248,-0.457566,         29P   2366
12.0945,223.247,-0.456705,12.0945,223.246,-0.454955,12.0945,          29P   2367
223.245,-0.454065,12.0945,223.242,-0.451396,12.0945,223.241,          29P   2368
-0.449619,12.0945,223.239,-0.447069,12.0945,223.237,-0.445728,        29P   2369
12.0945,223.236,-0.444402,12.0945,223.235,-0.443473,12.0945,          29P   2370
223.235,-0.442868,12.0945,223.234,-0.441963,12.0945,223.233,          29P   2371
-0.441369,12.0945,223.233,-0.440423,12.0945,223.231,-0.439026,        29P   2372
12.0945,223.229,-0.436585,12.0945,223.226,-0.433342,12.0945,          29P   2373
223.223,-0.429269,12.0945,223.219,-0.425287,12.0945,223.215,          29P   2374
-0.420864,12.0945,223.212,-0.41764,12.0945,223.21,-0.414844,          29P   2375
12.0945,223.209,-0.413209,12.0945,223.207,-0.411489,12.0945,          29P   2376
223.205,-0.409491,12.0945,223.203,-0.407178,12.0945,223.201,          29P   2377
-0.403966,12.0945,223.197,-0.399995,12.0945,223.194,-0.396112,        29P   2378
12.0945,223.187,-0.388206,12.0945,223.181,-0.381444,12.0945,          29P   2379
223.176,-0.375066,12.0945,223.174,-0.372963,12.0945,223.172,          29P   2380
-0.370484,12.0945,223.169,-0.367548,12.0945,223.167,-0.364468,        29P   2381
12.0945,223.163,-0.360637,12.0945,223.16,-0.356899,12.0945,           29P   2382
223.15,-0.345342,12.0945,223.142,-0.334912,12.0945,223.133,           29P   2383
-0.324838,12.0945,223.131,-0.32281,12.0945,223.129,-0.320426,         29P   2384
12.0945,223.127,-0.31759,12.0945,223.125,-0.314631,12.0945,           29P   2385
223.121,-0.310971,12.0945,223.119,-0.307434,12.0945,223.106,          29P   2386
-0.292137,12.0945,223.094,-0.277869,12.0945,223.083,-0.263928,        29P   2387
12.0945,223.081,-0.262001,12.0945,223.079,-0.260005,12.0945,          29P   2388
223.078,-0.258213,12.0945,223.077,-0.256629,12.0945,223.075,          29P   2389
-0.25425,12.0945,223.072,-0.250835,12.0945,223.069,-0.247541,         29P   2390
12.0945,223.056,-0.231761,12.0945,223.045,-0.216934,12.0945,          29P   2391
223.032,-0.20128,12.0945,223.03,-0.198804,12.0945,223.028,            29P   2392
-0.195776,12.0945,223.026,-0.19318,12.0945,223.023,-0.189999,         29P   2393
12.0945,223.021,-0.186959,12.0945,223.008,-0.170616,12.0945,          29P   2394
222.996,-0.155126,12.0945,222.984,-0.139858,12.0945,222.983,          29P   2395
-0.138126,12.0945,222.981,-0.136087,12.0945,222.98,-0.133707,         29P   2396
12.0945,222.978,-0.131292,12.0945,222.975,-0.128357,12.0945,          29P   2397
222.973,-0.125562,12.0945,222.96,-0.108675,12.0945,222.948,           29P   2398
-0.0925913,12.0945,222.936,-0.0766649,12.0945,222.935,                29P   2399
-0.0750657,12.0945,222.934,-0.0731806,12.0945,222.932,                29P   2400
-0.0709864,12.0945,222.93,-0.0677183,12.0945,222.927,-0.064422,       29P   2401
12.0945,222.914,-0.0460301,12.0945,222.901,-0.0293334,12.0945,        29P   2402
222.889,-0.0127243,12.0945,222.888,-0.0112276,12.0945,222.887,        29P   2403
-0.00946009,12.0945,222.886,-0.00745295,12.0945,222.884,              29P   2404
-0.00544041,12.0945,222.882,-0.00300524,12.0945,222.881,              29P   2405
-0.000699412,12.0945,222.868,0.0172975,12.0945,222.856,               29P   2406
0.0346662,12.0945,222.844,0.051919,12.0945,222.843,0.0532787,         29P   2407
12.0945,222.841,0.0548941,12.0945,222.84,0.0567259,12.0945,           29P   2408
222.839,0.0585261,12.0945,222.837,0.0606954,12.0945,222.836,          29P   2409
0.0627154,12.0945,222.823,0.0805038,12.0945,222.811,0.0984166,        29P   2410
12.0945,222.799,0.116277,12.0945,222.798,0.117829,12.0945,            29P   2411
222.796,0.119721,12.0945,222.795,0.121342,12.0945,222.794,            29P   2412
0.122924,12.0945,222.793,0.124815,12.0945,222.792,0.126575,           29P   2413
12.0945,222.779,0.144897,12.0945,222.766,0.163362,12.0945,            29P   2414
222.754,0.181775,12.0945,222.753,0.183123,12.0945,222.752,            29P   2415
0.18479,12.0945,222.751,0.186219,12.0945,222.75,0.187594,             29P   2416
12.0945,222.749,0.189222,12.0945,222.748,0.190714,12.0945,            29P   2417
222.734,0.210312,12.0945,222.721,0.229604,12.0945,222.708,            29P   2418
0.249153,12.0945,222.707,0.250335,12.0945,222.707,0.251447,           29P   2419
12.0945,222.706,0.25261,12.0945,222.705,0.254235,12.0945,             29P   2420
222.691,0.274795,12.0945,222.677,0.295122,12.0945,222.664,            29P   2421
0.315024,12.0945,222.664,0.316019,12.0945,222.663,0.31693,            29P   2422
12.0945,222.662,0.317919,12.0945,222.661,0.319233,12.0945,            29P   2423
222.648,0.340159,12.0945,222.634,0.360892,12.0945,222.621,            29P   2424
0.381398,12.0945,222.62,0.382369,12.0945,222.619,0.383343,            29P   2425
12.0945,222.619,0.384508,12.0945,222.605,0.405287,12.0945,            29P   2426
222.591,0.426498,12.0945,222.578,0.447618,12.0945,222.577,            29P   2427
0.448653,12.0945,222.576,0.450007,12.0945,222.565,0.468114,           29P   2428
12.0945,222.553,0.4863,12.0945,222.542,0.504556,12.0945,222.532,      29P   2429
0.519555,12.0945,222.523,0.534548,12.0945,222.507,0.560088,           29P   2430
12.0945,222.495,0.578836,12.0945,222.484,0.597244,12.0945,            29P   2431
222.479,0.60476,12.0945,222.488,0.619093,12.2559,222.487,             29P   2432
0.62018,12.2559,222.486,0.621277,12.2559,222.483,0.621416,            29P   2433
12.2559,222.482,0.620983,12.2559,222.48,0.619856,12.2559,             29P   2434
222.479,0.618044,12.2559,222.479,0.616312,12.2559,222.479,            29P   2435
0.615156,12.2559,222.48,0.614861,12.2559,222.48,0.614126,             29P   2436
12.2559,222.48,0.613618,12.2559,222.481,0.612455,12.2559,             29P   2437
222.481,0.611858,12.2559,222.481,0.610861,12.2559,222.482,            29P   2438
0.610456,12.2559,222.482,0.609698,12.2559,222.482,0.608945,           29P   2439
12.2559,222.483,0.607576,12.2559,222.483,0.606562,12.2559,            29P   2440
222.484,0.605419,12.2559,222.484,0.604891,12.2559,222.485,            29P   2441
0.603902,12.2559,222.485,0.603441,12.2559,222.485,0.602419,           29P   2442
12.2559,222.486,0.601858,12.2559,222.486,0.600502,12.2559,            29P   2443
222.487,0.599708,12.2559,222.488,0.596693,12.2559,222.489,            29P   2444
0.593779,12.2559,222.491,0.590332,12.2559,222.492,0.588545,           29P   2445
12.2559,222.492,0.586879,12.2559,222.493,0.58463,12.2559,             29P   2446
222.494,0.582414,12.2559,222.495,0.580305,12.2559,222.496,            29P   2447
0.578725,12.2559,222.497,0.577169,12.2559,222.498,0.575757,           29P   2448
12.2559,222.501,0.568731,12.2559,222.504,0.561501,12.2559,            29P   2449
222.508,0.5541,12.2559,222.509,0.552333,12.2559,222.51,0.550721,      29P   2450
12.2559,222.511,0.548541,12.2559,222.512,0.546361,12.2559,            29P   2451
222.513,0.544272,12.2559,222.513,0.542658,12.2559,222.514,            29P   2452
0.541034,12.2559,222.515,0.539526,12.2559,222.52,0.528465,            29P   2453
12.2559,222.526,0.517238,12.2559,222.531,0.505922,12.2559,            29P   2454
222.532,0.504201,12.2559,222.533,0.50266,12.2559,222.534,             29P   2455
0.500559,12.2559,222.535,0.498451,12.2559,222.536,0.496389,           29P   2456
12.2559,222.537,0.494761,12.2559,222.537,0.493013,12.2559,            29P   2457
222.538,0.491399,12.2559,222.546,0.476391,12.2559,222.553,            29P   2458
0.461261,12.2559,222.561,0.446107,12.2559,222.562,0.444381,           29P   2459
12.2559,222.562,0.442971,12.2559,222.563,0.440991,12.2559,            29P   2460
222.565,0.43897,12.2559,222.566,0.436939,12.2559,222.566,             29P   2461
0.435263,12.2559,222.567,0.433439,12.2559,222.568,0.431677,           29P   2462
12.2559,222.578,0.412838,12.2559,222.588,0.393832,12.2559,            29P   2463
222.598,0.374934,12.2559,222.599,0.37322,12.2559,222.599,             29P   2464
0.371939,12.2559,222.6,0.370082,12.2559,222.601,0.368123,             29P   2465
12.2559,222.602,0.366136,12.2559,222.603,0.364438,12.2559,            29P   2466
222.604,0.362525,12.2559,222.605,0.360625,12.2559,222.615,            29P   2467
0.34195,12.2559,222.625,0.323111,12.2559,222.636,0.304497,            29P   2468
12.2559,222.637,0.30279,12.2559,222.637,0.301608,12.2559,             29P   2469
222.638,0.299855,12.2559,222.639,0.298006,12.2559,222.64,             29P   2470
0.296068,12.2559,222.641,0.294334,12.2559,222.642,0.292296,           29P   2471
12.2559,222.644,0.290263,12.2559,222.654,0.271823,12.2559,            29P   2472
222.664,0.253157,12.2559,222.675,0.234782,12.2559,222.676,            29P   2473
0.233023,12.2559,222.676,0.231949,12.2559,222.677,0.230315,           29P   2474
12.2559,222.678,0.228547,12.2559,222.679,0.226675,12.2559,            29P   2475
222.681,0.22492,12.2559,222.682,0.222824,12.2559,222.683,             29P   2476
0.220679,12.2559,222.693,0.202827,12.2559,222.704,0.184054,           29P   2477
12.2559,222.715,0.165543,12.2559,222.716,0.16341,12.2559,             29P   2478
222.718,0.16145,12.2559,222.719,0.159776,12.2559,222.72,              29P   2479
0.157918,12.2559,222.721,0.15613,12.2559,222.722,0.153937,            29P   2480
12.2559,222.723,0.15171,12.2559,222.734,0.134018,12.2559,             29P   2481
222.745,0.115453,12.2559,222.757,0.097202,12.2559,222.758,            29P   2482
0.0950321,12.2559,222.759,0.0932147,12.2559,222.76,0.091591,          29P   2483
12.2559,222.761,0.089789,12.2559,222.762,0.0879957,12.2559,           29P   2484
222.764,0.0857361,12.2559,222.765,0.0834273,12.2559,222.776,          29P   2485
0.0659169,12.2559,222.788,0.0475876,12.2559,222.799,0.0296103,        29P   2486
12.2559,222.8,0.0274422,12.2559,222.802,0.0257715,12.2559,            29P   2487
222.803,0.0242468,12.2559,222.804,0.0224774,12.2559,222.805,          29P   2488
0.0206383,12.2559,222.806,0.0183093,12.2559,222.808,0.0158955,        29P   2489
12.2559,222.819,-0.00173749,12.2559,222.831,-0.0196809,12.2559,       29P   2490
222.843,-0.0372844,12.2559,222.845,-0.0394526,12.2559,222.846,        29P   2491
-0.0408726,12.2559,222.846,-0.0422224,12.2559,222.848,                29P   2492
-0.0439423,12.2559,222.849,-0.0458011,12.2559,222.851,                29P   2493
-0.0481921,12.2559,222.852,-0.0506635,12.2559,222.864,                29P   2494
-0.0679504,12.2559,222.876,-0.0855239,12.2559,222.889,-0.102713,      29P   2495
12.2559,222.89,-0.104863,12.2559,222.891,-0.106189,12.2559,           29P   2496
222.892,-0.107477,12.2559,222.893,-0.109168,12.2559,222.895,          29P   2497
-0.111024,12.2559,222.896,-0.113463,12.2559,222.898,-0.115982,        29P   2498
12.2559,222.91,-0.132596,12.2559,222.923,-0.149856,12.2559,           29P   2499
222.936,-0.166831,12.2559,222.938,-0.169551,12.2559,222.94,           29P   2500
-0.171303,12.2559,222.941,-0.172985,12.2559,222.942,-0.174858,        29P   2501
12.2559,222.944,-0.177342,12.2559,222.946,-0.179916,12.2559,          29P   2502
222.959,-0.196261,12.2559,222.972,-0.213113,12.2559,222.986,          29P   2503
-0.229588,12.2559,222.988,-0.232172,12.2559,222.989,-0.233804,        29P   2504
12.2559,222.99,-0.235447,12.2559,222.992,-0.237307,12.2559,           29P   2505
222.994,-0.239825,12.2559,222.996,-0.242427,12.2559,223.01,           29P   2506
-0.258524,12.2559,223.023,-0.274833,12.2559,223.037,-0.290731,        29P   2507
12.2559,223.039,-0.293043,12.2559,223.041,-0.294576,12.2559,          29P   2508
223.042,-0.29621,12.2559,223.044,-0.298093,12.2559,223.046,           29P   2509
-0.300624,12.2559,223.048,-0.303226,12.2559,223.063,-0.319276,        29P   2510
12.2559,223.077,-0.335062,12.2559,223.091,-0.3504,12.2559,            29P   2511
223.093,-0.352263,12.2559,223.094,-0.353656,12.2559,223.096,          29P   2512
-0.355246,12.2559,223.098,-0.357141,12.2559,223.1,-0.359716,          29P   2513
12.2559,223.103,-0.362351,12.2559,223.115,-0.375185,12.2559,          29P   2514
223.127,-0.387186,12.2559,223.138,-0.398769,12.2559,223.139,          29P   2515
-0.400073,12.2559,223.141,-0.40137,12.2559,223.142,-0.402929,         29P   2516
12.2559,223.144,-0.404828,12.2559,223.147,-0.407406,12.2559,          29P   2517
223.15,-0.410034,12.2559,223.159,-0.419766,12.2559,223.169,           29P   2518
-0.428566,12.2559,223.178,-0.437214,12.2559,223.179,-0.438406,        29P   2519
12.2559,223.181,-0.439962,12.2559,223.183,-0.44182,12.2559,           29P   2520
223.186,-0.4444,12.2559,223.188,-0.446982,12.2559,223.195,            29P   2521
-0.453429,12.2559,223.201,-0.458925,12.2559,223.207,-0.464137,        29P   2522
12.2559,223.209,-0.465348,12.2559,223.21,-0.466793,12.2559,           29P   2523
223.212,-0.468874,12.2559,223.215,-0.471447,12.2559,223.218,          29P   2524
-0.474015,12.2559,223.222,-0.477388,12.2559,223.225,-0.479653,        29P   2525
12.2559,223.227,-0.481443,12.2559,223.227,-0.481545,12.2559,          29P   2526
223.228,-0.48213,12.2559,223.228,-0.482567,12.2559,223.23,            29P   2527
-0.483259,12.2559,223.23,-0.483543,12.2559,223.232,-0.484093,         29P   2528
12.2559,223.233,-0.484332,12.2559,223.235,-0.484764,12.2559,          29P   2529
223.236,-0.484851,12.2559,223.239,-0.484653,12.2559,223.24,           29P   2530
-0.484314,12.2559,223.242,-0.483658,12.2559,223.243,-0.483067,        29P   2531
12.2559,223.244,-0.482596,12.2559,223.245,-0.481829,12.2559,          29P   2532
223.246,-0.481092,12.2559,223.248,-0.479484,12.2559,223.25,           29P   2533
-0.476688,12.2559,223.251,-0.47317,12.2559,223.251,-0.470128,         29P   2534
12.2559,223.251,-0.468229,12.2559,223.251,-0.466702,12.2559,          29P   2535
223.25,-0.46521,12.2559,223.25,-0.463778,12.2559,223.249,             29P   2536
-0.461767,12.2559,223.248,-0.460082,12.2559,223.247,-0.458997,        29P   2537
12.2559,223.246,-0.458194,12.2559,223.245,-0.457601,12.2559,          29P   2538
223.244,-0.456423,12.2559,223.243,-0.455833,12.2559,223.241,          29P   2539
-0.454016,12.2559,223.24,-0.452803,12.2559,223.238,-0.450763,         29P   2540
12.2559,223.237,-0.449936,12.2559,223.236,-0.448254,12.2559,          29P   2541
223.235,-0.4474,12.2559,223.232,-0.444836,12.2559,223.231,            29P   2542
-0.443123,12.2559,223.229,-0.441007,12.2559,223.227,-0.439774,        29P   2543
12.2559,223.226,-0.438533,12.2559,223.225,-0.437355,12.2559,          29P   2544
223.224,-0.43671,12.2559,223.223,-0.435746,12.2559,223.223,           29P   2545
-0.43514,12.2559,223.222,-0.434223,12.2559,223.221,-0.432865,         29P   2546
12.2559,223.218,-0.430491,12.2559,223.215,-0.427332,12.2559,          29P   2547
223.212,-0.423358,12.2559,223.208,-0.419469,12.2559,223.204,          29P   2548
-0.415407,12.2559,223.201,-0.412258,12.2559,223.199,-0.409529,        29P   2549
12.2559,223.197,-0.407733,12.2559,223.195,-0.405994,12.2559,          29P   2550
223.193,-0.404045,12.2559,223.191,-0.401789,12.2559,223.188,          29P   2551
-0.398656,12.2559,223.185,-0.394785,12.2559,223.181,-0.390999,        29P   2552
12.2559,223.174,-0.383544,12.2559,223.168,-0.376942,12.2559,          29P   2553
223.163,-0.370697,12.2559,223.161,-0.368356,12.2559,223.158,          29P   2554
-0.365925,12.2559,223.156,-0.363043,12.2559,223.153,-0.360038,        29P   2555
12.2559,223.15,-0.356271,12.2559,223.146,-0.352592,12.2559,           29P   2556
223.137,-0.341517,12.2559,223.128,-0.331203,12.2559,223.119,          29P   2557
-0.321211,12.2559,223.117,-0.318921,12.2559,223.115,-0.316554,        29P   2558
12.2559,223.113,-0.313738,12.2559,223.11,-0.310755,12.2559,           29P   2559
223.107,-0.307115,12.2559,223.104,-0.303595,12.2559,223.092,          29P   2560
-0.288731,12.2559,223.08,-0.274467,12.2559,223.068,-0.260478,         29P   2561
12.2559,223.067,-0.258164,12.2559,223.065,-0.256159,12.2559,          29P   2562
223.064,-0.25436,12.2559,223.062,-0.252768,12.2559,223.06,            29P   2563
-0.250377,12.2559,223.058,-0.246944,12.2559,223.055,-0.24363,         29P   2564
12.2559,223.043,-0.228158,12.2559,223.031,-0.21321,12.2559,           29P   2565
223.019,-0.197444,12.2559,223.016,-0.194497,12.2559,223.014,          29P   2566
-0.191447,12.2559,223.012,-0.188833,12.2559,223.009,-0.18567,         29P   2567
12.2559,223.007,-0.182608,12.2559,222.995,-0.166562,12.2559,          29P   2568
222.983,-0.150961,12.2559,222.972,-0.135542,12.2559,222.97,           29P   2569
-0.133374,12.2559,222.969,-0.131272,12.2559,222.967,-0.128866,        29P   2570
12.2559,222.965,-0.126425,12.2559,222.963,-0.123499,12.2559,          29P   2571
222.961,-0.120672,12.2559,222.949,-0.104032,12.2559,222.937,          29P   2572
-0.0877287,12.2559,222.925,-0.0715779,12.2559,222.924,                29P   2573
-0.0695034,12.2559,222.922,-0.0675413,12.2559,222.921,                29P   2574
-0.0653154,12.2559,222.919,-0.0619999,12.2559,222.916,-0.058706,      29P   2575
12.2559,222.903,-0.0405171,12.2559,222.892,-0.0235712,12.2559,        29P   2576
222.88,-0.00671252,12.2559,222.879,-0.0047685,12.2559,222.878,        29P   2577
-0.00297423,12.2559,222.876,-0.000936704,12.2559,222.875,             29P   2578
0.00115945,12.2559,222.873,0.0036316,12.2559,222.872,0.00597243,      29P   2579
12.2559,222.86,0.0237971,12.2559,222.848,0.0414287,12.2559,           29P   2580
222.836,0.0589598,12.2559,222.835,0.0607639,12.2559,222.834,          29P   2581
0.0624057,12.2559,222.833,0.0642675,12.2559,222.832,0.066125,         29P   2582
12.2559,222.83,0.0683301,12.2559,222.829,0.0703836,12.2559,           29P   2583
222.817,0.0890258,12.2559,222.805,0.107263,12.2559,222.793,           29P   2584
0.125404,12.2559,222.792,0.126973,12.2559,222.791,0.12832,            29P   2585
12.2559,222.79,0.129966,12.2559,222.789,0.131579,12.2559,             29P   2586
222.788,0.1335,12.2559,222.787,0.135287,12.2559,222.774,              29P   2587
0.154391,12.2559,222.762,0.173129,12.2559,222.75,0.191816,            29P   2588
12.2559,222.749,0.193188,12.2559,222.748,0.194363,12.2559,            29P   2589
222.748,0.195813,12.2559,222.747,0.197204,12.2559,222.746,            29P   2590
0.198855,12.2559,222.745,0.200369,12.2559,222.732,0.219721,           29P   2591
12.2559,222.72,0.239301,12.2559,222.707,0.259135,12.2559,             29P   2592
222.706,0.260761,12.2559,222.706,0.262004,12.2559,222.705,            29P   2593
0.263165,12.2559,222.704,0.264812,12.2559,222.691,0.285217,           29P   2594
12.2559,222.678,0.305789,12.2559,222.665,0.325935,12.2559,            29P   2595
222.665,0.327118,12.2559,222.664,0.328224,12.2559,222.663,            29P   2596
0.329295,12.2559,222.662,0.330628,12.2559,222.649,0.351418,           29P   2597
12.2559,222.636,0.372355,12.2559,222.624,0.393121,12.2559,            29P   2598
222.623,0.394428,12.2559,222.622,0.395543,12.2559,222.621,            29P   2599
0.396723,12.2559,222.608,0.418175,12.2559,222.595,0.439639,           29P   2600
12.2559,222.582,0.460989,12.2559,222.582,0.462035,12.2559,            29P   2601
222.581,0.463008,12.2559,222.57,0.481091,12.2559,222.559,             29P   2602
0.499445,12.2559,222.548,0.517871,12.2559,222.539,0.533047,           29P   2603
12.2559,222.53,0.54818,12.2559,222.514,0.573824,12.2559,222.503,      29P   2604
0.592874,12.2559,222.492,0.611428,12.2559,222.488,0.619093,           29P   2605
12.2559,222.471,0.626413,12.3566,222.471,0.62738,12.3566,             29P   2606
222.469,0.628629,12.3566,222.467,0.628525,12.3566,222.465,            29P   2607
0.627672,12.3566,222.464,0.626493,12.3566,222.463,0.624712,           29P   2608
12.3566,222.464,0.623374,12.3566,222.464,0.622119,12.3566,            29P   2609
222.464,0.621556,12.3566,222.465,0.620566,12.3566,222.465,            29P   2610
0.620109,12.3566,222.466,0.619038,12.3566,222.466,0.618452,           29P   2611
12.3566,222.466,0.617449,12.3566,222.467,0.617033,12.3566,            29P   2612
222.467,0.616264,12.3566,222.467,0.615509,12.3566,222.468,            29P   2613
0.614133,12.3566,222.468,0.61311,12.3566,222.469,0.611956,            29P   2614
12.3566,222.469,0.611424,12.3566,222.47,0.610425,12.3566,222.47,      29P   2615
0.60996,12.3566,222.47,0.608928,12.3566,222.47,0.608362,12.3566,      29P   2616
222.471,0.606993,12.3566,222.471,0.606191,12.3566,222.473,            29P   2617
0.603146,12.3566,222.474,0.600201,12.3566,222.476,0.596717,           29P   2618
12.3566,222.477,0.59491,12.3566,222.477,0.593224,12.3566,             29P   2619
222.478,0.59095,12.3566,222.479,0.588707,12.3566,222.48,              29P   2620
0.586572,12.3566,222.481,0.584973,12.3566,222.482,0.583398,           29P   2621
12.3566,222.483,0.581968,12.3566,222.486,0.574853,12.3566,            29P   2622
222.489,0.567528,12.3566,222.493,0.560036,12.3566,222.494,            29P   2623
0.558247,12.3566,222.494,0.556615,12.3566,222.495,0.554409,           29P   2624
12.3566,222.497,0.552204,12.3566,222.498,0.550091,12.3566,            29P   2625
222.498,0.548458,12.3566,222.499,0.546815,12.3566,222.5,0.54529,      29P   2626
12.3566,222.505,0.534104,12.3566,222.511,0.52276,12.3566,             29P   2627
222.516,0.511325,12.3566,222.517,0.509585,12.3566,222.518,            29P   2628
0.508028,12.3566,222.519,0.505904,12.3566,222.52,0.503774,            29P   2629
12.3566,222.521,0.50169,12.3566,222.522,0.500044,12.3566,             29P   2630
222.522,0.498278,12.3566,222.523,0.496647,12.3566,222.531,            29P   2631
0.481477,12.3566,222.538,0.466183,12.3566,222.546,0.450865,           29P   2632
12.3566,222.547,0.44912,12.3566,222.547,0.447694,12.3566,             29P   2633
222.548,0.445693,12.3566,222.55,0.44365,12.3566,222.551,              29P   2634
0.441597,12.3566,222.551,0.439903,12.3566,222.552,0.438059,           29P   2635
12.3566,222.553,0.436278,12.3566,222.563,0.417236,12.3566,            29P   2636
222.573,0.398029,12.3566,222.583,0.37894,12.3566,222.584,             29P   2637
0.377209,12.3566,222.584,0.375915,12.3566,222.585,0.374039,           29P   2638
12.3566,222.586,0.372061,12.3566,222.588,0.370054,12.3566,            29P   2639
222.588,0.368339,12.3566,222.589,0.366408,12.3566,222.59,             29P   2640
0.364488,12.3566,222.6,0.34563,12.3566,222.611,0.32661,12.3566,       29P   2641
222.621,0.307812,12.3566,222.622,0.306089,12.3566,222.623,            29P   2642
0.304895,12.3566,222.624,0.303124,12.3566,222.625,0.301257,           29P   2643
12.3566,222.626,0.2993,12.3566,222.627,0.297549,12.3566,222.628,      29P   2644
0.29549,12.3566,222.629,0.293438,12.3566,222.639,0.274813,            29P   2645
12.3566,222.65,0.255961,12.3566,222.661,0.237415,12.3566,             29P   2646
222.662,0.235639,12.3566,222.662,0.234555,12.3566,222.663,            29P   2647
0.232906,12.3566,222.664,0.231122,12.3566,222.665,0.229234,           29P   2648
12.3566,222.666,0.227462,12.3566,222.667,0.225347,12.3566,            29P   2649
222.669,0.223183,12.3566,222.679,0.204952,12.3566,222.69,             29P   2650
0.186009,12.3566,222.702,0.167359,12.3566,222.703,0.16521,            29P   2651
12.3566,222.704,0.16347,12.3566,222.705,0.161784,12.3566,             29P   2652
222.706,0.159913,12.3566,222.707,0.158111,12.3566,222.708,            29P   2653
0.155902,12.3566,222.71,0.153658,12.3566,222.721,0.135649,            29P   2654
12.3566,222.732,0.116943,12.3566,222.743,0.0985679,12.3566,           29P   2655
222.745,0.0963834,12.3566,222.746,0.0947564,12.3566,222.747,          29P   2656
0.0931217,12.3566,222.748,0.0913075,12.3566,222.749,0.0895021,        29P   2657
12.3566,222.751,0.0872273,12.3566,222.752,0.0849031,12.3566,          29P   2658
222.763,0.0671121,12.3566,222.775,0.0486593,12.3566,222.787,          29P   2659
0.0306172,12.3566,222.788,0.0284419,12.3566,222.789,0.0269424,        29P   2660
12.3566,222.79,0.0254128,12.3566,222.791,0.0236382,12.3566,           29P   2661
222.793,0.0217941,12.3566,222.794,0.0194592,12.3566,222.796,          29P   2662
0.0170401,12.3566,222.807,-0.000569891,12.3566,222.82,                29P   2663
-0.0184845,12.3566,222.832,-0.0359618,12.3566,222.834,                29P   2664
-0.0381131,12.3566,222.835,-0.0395216,12.3566,222.836,                29P   2665
-0.0409208,12.3566,222.837,-0.0426256,12.3566,222.838,                29P   2666
-0.0444673,12.3566,222.84,-0.0468352,12.3566,222.842,-0.0492812,      29P   2667
12.3566,222.854,-0.0663284,12.3566,222.867,-0.0836063,12.3566,        29P   2668
222.88,-0.100406,12.3566,222.882,-0.102507,12.3566,222.883,           29P   2669
-0.103801,12.3566,222.884,-0.105114,12.3566,222.885,-0.106763,        29P   2670
12.3566,222.887,-0.108573,12.3566,222.888,-0.11095,12.3566,           29P   2671
222.89,-0.113405,12.3566,222.903,-0.129687,12.3566,222.917,           29P   2672
-0.146386,12.3566,222.931,-0.162655,12.3566,222.934,-0.165259,        29P   2673
12.3566,222.935,-0.166838,12.3566,222.936,-0.168425,12.3566,          29P   2674
222.938,-0.170215,12.3566,222.94,-0.172587,12.3566,222.942,           29P   2675
-0.175042,12.3566,222.956,-0.190703,12.3566,222.971,-0.206629,        29P   2676
12.3566,222.986,-0.222042,12.3566,222.988,-0.224456,12.3566,          29P   2677
222.989,-0.225915,12.3566,222.991,-0.227426,12.3566,222.992,          29P   2678
-0.229161,12.3566,222.995,-0.231507,12.3566,222.997,-0.233928,        29P   2679
12.3566,223.012,-0.248953,12.3566,223.027,-0.263956,12.3566,          29P   2680
223.043,-0.278371,12.3566,223.045,-0.280465,12.3566,223.047,          29P   2681
-0.281805,12.3566,223.048,-0.283261,12.3566,223.05,-0.284961,         29P   2682
12.3566,223.053,-0.287242,12.3566,223.055,-0.289583,12.3566,          29P   2683
223.071,-0.304029,12.3566,223.087,-0.317998,12.3566,223.104,          29P   2684
-0.331339,12.3566,223.106,-0.332957,12.3566,223.107,-0.334154,        29P   2685
12.3566,223.109,-0.335514,12.3566,223.111,-0.337154,12.3566,          29P   2686
223.113,-0.339379,12.3566,223.116,-0.34165,12.3566,223.13,            29P   2687
-0.352692,12.3566,223.144,-0.36287,12.3566,223.157,-0.372555,         29P   2688
12.3566,223.158,-0.373644,12.3566,223.16,-0.374739,12.3566,           29P   2689
223.161,-0.376023,12.3566,223.164,-0.377603,12.3566,223.167,          29P   2690
-0.379744,12.3566,223.17,-0.38192,12.3566,223.181,-0.389993,          29P   2691
12.3566,223.191,-0.397163,12.3566,223.202,-0.404099,12.3566,          29P   2692
223.203,-0.405035,12.3566,223.205,-0.406264,12.3566,223.207,          29P   2693
-0.407746,12.3566,223.211,-0.409799,12.3566,223.214,-0.411845,        29P   2694
12.3566,223.222,-0.416911,12.3566,223.229,-0.421212,12.3566,          29P   2695
223.235,-0.425254,12.3566,223.237,-0.426206,12.3566,223.239,          29P   2696
-0.427346,12.3566,223.241,-0.42894,12.3566,223.245,-0.430921,         29P   2697
12.3566,223.248,-0.432891,12.3566,223.252,-0.435421,12.3566,          29P   2698
223.255,-0.437097,12.3566,223.257,-0.43846,12.3566,223.257,           29P   2699
-0.438596,12.3566,223.259,-0.439181,12.3566,223.259,-0.439603,        29P   2700
12.3566,223.261,-0.440201,12.3566,223.261,-0.440385,12.3566,          29P   2701
223.263,-0.44084,12.3566,223.263,-0.44107,12.3566,223.266,            29P   2702
-0.441489,12.3566,223.267,-0.441582,12.3566,223.27,-0.441425,         29P   2703
12.3566,223.271,-0.441132,12.3566,223.273,-0.440544,12.3566,          29P   2704
223.274,-0.43997,12.3566,223.275,-0.439538,12.3566,223.276,           29P   2705
-0.438827,12.3566,223.277,-0.438133,12.3566,223.279,-0.436581,        29P   2706
12.3566,223.281,-0.433715,12.3566,223.282,-0.430155,12.3566,          29P   2707
223.283,-0.427091,12.3566,223.282,-0.425233,12.3566,223.282,          29P   2708
-0.423737,12.3566,223.282,-0.422218,12.3566,223.281,-0.420752,        29P   2709
12.3566,223.281,-0.418685,12.3566,223.279,-0.416804,12.3566,          29P   2710
223.278,-0.41556,12.3566,223.277,-0.414733,12.3566,223.277,           29P   2711
-0.414243,12.3566,223.275,-0.413279,12.3566,223.275,-0.41281,         29P   2712
12.3566,223.273,-0.411392,12.3566,223.271,-0.41041,12.3566,           29P   2713
223.269,-0.408778,12.3566,223.268,-0.408129,12.3566,223.266,          29P   2714
-0.406809,12.3566,223.265,-0.406137,12.3566,223.262,-0.404118,        29P   2715
12.3566,223.26,-0.402767,12.3566,223.257,-0.401013,12.3566,           29P   2716
223.256,-0.400025,12.3566,223.255,-0.399034,12.3566,223.253,          29P   2717
-0.398166,12.3566,223.253,-0.397666,12.3566,223.252,-0.396918,        29P   2718
12.3566,223.251,-0.396442,12.3566,223.25,-0.395712,12.3566,           29P   2719
223.248,-0.394632,12.3566,223.246,-0.39274,12.3566,223.242,           29P   2720
-0.390216,12.3566,223.238,-0.387031,12.3566,223.234,-0.383901,        29P   2721
12.3566,223.229,-0.380554,12.3566,223.226,-0.378,12.3566,             29P   2722
223.223,-0.375778,12.3566,223.221,-0.374366,12.3566,223.219,          29P   2723
-0.372962,12.3566,223.217,-0.371368,12.3566,223.214,-0.369519,        29P   2724
12.3566,223.211,-0.366945,12.3566,223.207,-0.363753,12.3566,          29P   2725
223.203,-0.360618,12.3566,223.195,-0.354357,12.3566,223.188,          29P   2726
-0.348828,12.3566,223.181,-0.343561,12.3566,223.179,-0.341711,        29P   2727
12.3566,223.176,-0.339655,12.3566,223.173,-0.337213,12.3566,          29P   2728
223.17,-0.334606,12.3566,223.166,-0.331398,12.3566,223.162,           29P   2729
-0.328254,12.3566,223.151,-0.318677,12.3566,223.141,-0.309748,        29P   2730
12.3566,223.131,-0.301017,12.3566,223.128,-0.299,12.3566,             29P   2731
223.126,-0.296927,12.3566,223.123,-0.294455,12.3566,223.121,          29P   2732
-0.291946,12.3566,223.117,-0.288741,12.3566,223.114,-0.285634,        29P   2733
12.3566,223.099,-0.272374,12.3566,223.086,-0.259606,12.3566,          29P   2734
223.073,-0.246944,12.3566,223.071,-0.244972,12.3566,223.069,          29P   2735
-0.243154,12.3566,223.067,-0.24152,12.3566,223.066,-0.240074,         29P   2736
12.3566,223.064,-0.237899,12.3566,223.061,-0.234772,12.3566,          29P   2737
223.058,-0.231748,12.3566,223.043,-0.21747,12.3566,223.03,            29P   2738
-0.203655,12.3566,223.017,-0.188951,12.3566,223.014,-0.186454,        29P   2739
12.3566,223.012,-0.183603,12.3566,223.01,-0.181157,12.3566,           29P   2740
223.007,-0.178082,12.3566,223.004,-0.175209,12.3566,222.99,           29P   2741
-0.159993,12.3566,222.977,-0.145209,12.3566,222.965,-0.130481,        29P   2742
12.3566,222.963,-0.12856,12.3566,222.962,-0.126666,12.3566,           29P   2743
222.96,-0.124363,12.3566,222.958,-0.122025,12.3566,222.955,           29P   2744
-0.119104,12.3566,222.953,-0.116391,12.3566,222.94,-0.100244,         29P   2745
12.3566,222.927,-0.0844611,12.3566,222.915,-0.06874,12.3566,          29P   2746
222.913,-0.0668898,12.3566,222.912,-0.0651169,12.3566,222.91,         29P   2747
-0.062948,12.3566,222.908,-0.0597161,12.3566,222.905,-0.0563627,      29P   2748
12.3566,222.891,-0.0384206,12.3566,222.879,-0.0217787,12.3566,        29P   2749
222.867,-0.00512149,12.3566,222.865,-0.00323755,12.3566,222.864,      29P   2750
-0.00146325,12.3566,222.863,0.000552655,12.3566,222.861,              29P   2751
0.00247975,12.3566,222.859,0.00492777,12.3566,222.858,                29P   2752
0.00724724,12.3566,222.845,0.0250909,12.3566,222.833,0.042671,        29P   2753
12.3566,222.821,0.0601846,12.3566,222.82,0.0618868,12.3566,           29P   2754
222.819,0.0635273,12.3566,222.817,0.0653878,12.3566,222.816,          29P   2755
0.067167,12.3566,222.815,0.0693711,12.3566,222.813,0.0714239,         29P   2756
12.3566,222.801,0.0900007,12.3566,222.789,0.108265,12.3566,           29P   2757
222.777,0.126478,12.3566,222.776,0.128074,12.3566,222.775,            29P   2758
0.12949,12.3566,222.774,0.131144,12.3566,222.773,0.132743,            29P   2759
12.3566,222.771,0.134672,12.3566,222.77,0.136468,12.3566,             29P   2760
222.757,0.155608,12.3566,222.745,0.174471,12.3566,222.733,            29P   2761
0.193286,12.3566,222.732,0.194653,12.3566,222.731,0.195894,           29P   2762
12.3566,222.73,0.197354,12.3566,222.729,0.198769,12.3566,             29P   2763
222.728,0.200433,12.3566,222.727,0.201957,12.3566,222.715,            29P   2764
0.221642,12.3566,222.702,0.241367,12.3566,222.69,0.26133,             29P   2765
12.3566,222.689,0.2628,12.3566,222.688,0.264026,12.3566,222.687,      29P   2766
0.265248,12.3566,222.686,0.26691,12.3566,222.673,0.287664,            29P   2767
12.3566,222.66,0.308461,12.3566,222.647,0.328852,12.3566,             29P   2768
222.647,0.329978,12.3566,222.646,0.331027,12.3566,222.645,            29P   2769
0.332095,12.3566,222.645,0.333443,12.3566,222.631,0.354637,           29P   2770
12.3566,222.618,0.376005,12.3566,222.606,0.397044,12.3566,            29P   2771
222.605,0.398237,12.3566,222.604,0.3992,12.3566,222.604,              29P   2772
0.400396,12.3566,222.59,0.422091,12.3566,222.577,0.443902,            29P   2773
12.3566,222.565,0.465582,12.3566,222.564,0.466644,12.3566,            29P   2774
222.563,0.467603,12.3566,222.552,0.486175,12.3566,222.541,            29P   2775
0.504853,12.3566,222.53,0.523582,12.3566,222.521,0.538923,            29P   2776
12.3566,222.513,0.554292,12.3566,222.497,0.58052,12.3566,             29P   2777
222.486,0.59981,12.3566,222.476,0.618727,12.3566,222.471,             29P   2778
0.626413,12.3566,222.458,0.6302,12.412,222.457,0.631056,12.412,       29P   2779
222.456,0.632423,12.412,222.453,0.63218,12.412,222.452,0.631042,      29P   2780
12.412,222.451,0.629876,12.412,222.451,0.628182,12.412,222.451,       29P   2781
0.62717,12.412,222.451,0.625804,12.412,222.452,0.625008,12.412,       29P   2782
222.452,0.6238,12.412,222.452,0.623388,12.412,222.453,0.622396,       29P   2783
12.412,222.453,0.621816,12.412,222.454,0.620816,12.412,222.454,       29P   2784
0.620397,12.412,222.454,0.619624,12.412,222.454,0.618864,12.412,      29P   2785
222.455,0.617479,12.412,222.456,0.616449,12.412,222.456,              29P   2786
0.615288,12.412,222.456,0.614752,12.412,222.457,0.613747,12.412,      29P   2787
222.457,0.613279,12.412,222.457,0.61224,12.412,222.458,0.611669,      29P   2788
12.412,222.458,0.610291,12.412,222.459,0.609484,12.412,222.46,        29P   2789
0.606417,12.412,222.461,0.603451,12.412,222.463,0.599939,12.412,      29P   2790
222.464,0.598117,12.412,222.465,0.596417,12.412,222.466,              29P   2791
0.594124,12.412,222.467,0.591862,12.412,222.468,0.589708,12.412,      29P   2792
222.469,0.588094,12.412,222.469,0.586504,12.412,222.47,0.585062,      29P   2793
12.412,222.473,0.577881,12.412,222.477,0.570486,12.412,222.48,        29P   2794
0.562926,12.412,222.481,0.561122,12.412,222.482,0.559476,12.412,      29P   2795
222.483,0.55725,12.412,222.484,0.555027,12.412,222.485,0.552895,      29P   2796
12.412,222.486,0.551249,12.412,222.486,0.549592,12.412,222.487,       29P   2797
0.548055,12.412,222.492,0.536778,12.412,222.498,0.525349,12.412,      29P   2798
222.503,0.513829,12.412,222.504,0.512076,12.412,222.505,              29P   2799
0.510507,12.412,222.506,0.508368,12.412,222.507,0.506222,12.412,      29P   2800
222.508,0.504122,12.412,222.509,0.502464,12.412,222.51,0.500685,      29P   2801
12.412,222.511,0.499042,12.412,222.518,0.483759,12.412,222.526,       29P   2802
0.468351,12.412,222.533,0.452919,12.412,222.534,0.451161,12.412,      29P   2803
222.535,0.449725,12.412,222.536,0.447708,12.412,222.537,0.44565,      29P   2804
12.412,222.538,0.443582,12.412,222.539,0.441875,12.412,222.54,        29P   2805
0.440018,12.412,222.541,0.438224,12.412,222.551,0.419042,12.412,      29P   2806
222.561,0.399697,12.412,222.571,0.380479,12.412,222.572,              29P   2807
0.378736,12.412,222.572,0.377434,12.412,222.573,0.375546,12.412,      29P   2808
222.574,0.373555,12.412,222.575,0.371535,12.412,222.576,              29P   2809
0.369808,12.412,222.577,0.367864,12.412,222.578,0.365932,12.412,      29P   2810
222.588,0.346952,12.412,222.599,0.327815,12.412,222.609,              29P   2811
0.308899,12.412,222.61,0.307165,12.412,222.611,0.305963,12.412,       29P   2812
222.612,0.304182,12.412,222.613,0.302303,12.412,222.614,              29P   2813
0.300333,12.412,222.615,0.298571,12.412,222.616,0.296499,12.412,      29P   2814
222.617,0.294434,12.412,222.628,0.275691,12.412,222.638,0.25672,      29P   2815
12.412,222.649,0.238068,12.412,222.65,0.236283,12.412,222.651,        29P   2816
0.235193,12.412,222.652,0.233534,12.412,222.653,0.23174,12.412,       29P   2817
222.654,0.229841,12.412,222.655,0.228061,12.412,222.656,              29P   2818
0.225934,12.412,222.657,0.223758,12.412,222.668,0.205233,12.412,      29P   2819
222.68,0.186186,12.412,222.691,0.167461,12.412,222.692,0.165304,      29P   2820
12.412,222.693,0.163768,12.412,222.694,0.162074,12.412,222.695,       29P   2821
0.160196,12.412,222.696,0.158387,12.412,222.698,0.15617,12.412,       29P   2822
222.699,0.153918,12.412,222.71,0.135672,12.412,222.722,0.116891,      29P   2823
12.412,222.734,0.098456,12.412,222.735,0.0962644,12.412,222.736,      29P   2824
0.0948141,12.412,222.737,0.0931741,12.412,222.738,0.0913541,          29P   2825
12.412,222.739,0.0895429,12.412,222.741,0.0872609,12.412,             29P   2826
222.742,0.0849293,12.412,222.754,0.066935,12.412,222.766,             29P   2827
0.048422,12.412,222.778,0.0303687,12.412,222.779,0.0281926,           29P   2828
12.412,222.78,0.0268515,12.412,222.781,0.0253216,12.412,222.782,      29P   2829
0.0235468,12.412,222.783,0.0217028,12.412,222.785,0.0193685,          29P   2830
12.412,222.787,0.0169507,12.412,222.799,-0.000594277,12.412,          29P   2831
222.811,-0.018444,12.412,222.824,-0.035784,12.412,222.826,            29P   2832
-0.0379173,12.412,222.827,-0.0393138,12.412,222.828,-0.0407567,       29P   2833
12.412,222.829,-0.0424459,12.412,222.83,-0.0442703,12.412,            29P   2834
222.832,-0.0466151,12.412,222.834,-0.0490359,12.412,222.847,          29P   2835
-0.0658526,12.412,222.86,-0.0828643,12.412,222.874,-0.0993296,        29P   2836
12.412,222.876,-0.101387,12.412,222.877,-0.102655,12.412,             29P   2837
222.878,-0.103992,12.412,222.88,-0.105606,12.412,222.881,             29P   2838
-0.107377,12.412,222.883,-0.109702,12.412,222.885,-0.1121,            29P   2839
12.412,222.899,-0.128092,12.412,222.914,-0.144324,12.412,             29P   2840
222.929,-0.160019,12.412,222.931,-0.162528,12.412,222.933,            29P   2841
-0.163958,12.412,222.934,-0.165485,12.412,222.936,-0.167208,          29P   2842
12.412,222.938,-0.169489,12.412,222.94,-0.171848,12.412,222.955,      29P   2843
-0.186944,12.412,222.971,-0.202128,12.412,222.987,-0.216698,          29P   2844
12.412,222.989,-0.218977,12.412,222.991,-0.22029,12.412,222.992,      29P   2845
-0.221715,12.412,222.994,-0.223351,12.412,222.996,-0.225561,          29P   2846
12.412,222.999,-0.227839,12.412,223.015,-0.24201,12.412,223.032,      29P   2847
-0.255988,12.412,223.049,-0.269246,12.412,223.051,-0.271169,          29P   2848
12.412,223.052,-0.27235,12.412,223.054,-0.273686,12.412,223.056,      29P   2849
-0.275243,12.412,223.059,-0.27733,12.412,223.062,-0.279468,           29P   2850
12.412,223.079,-0.292653,12.412,223.097,-0.305214,12.412,             29P   2851
223.114,-0.317015,12.412,223.117,-0.318445,12.412,223.118,            29P   2852
-0.319489,12.412,223.12,-0.320687,12.412,223.122,-0.322131,           29P   2853
12.412,223.125,-0.324087,12.412,223.128,-0.326078,12.412,             29P   2854
223.143,-0.335726,12.412,223.158,-0.344505,12.412,223.172,            29P   2855
-0.352739,12.412,223.174,-0.353663,12.412,223.176,-0.354606,          29P   2856
12.412,223.177,-0.355694,12.412,223.18,-0.35703,12.412,223.183,       29P   2857
-0.358837,12.412,223.186,-0.360667,12.412,223.199,-0.367453,          29P   2858
12.412,223.21,-0.373382,12.412,223.222,-0.379018,12.412,223.223,      29P   2859
-0.379766,12.412,223.225,-0.380761,12.412,223.228,-0.381958,          29P   2860
12.412,223.231,-0.383611,12.412,223.235,-0.385251,12.412,             29P   2861
223.243,-0.389248,12.412,223.251,-0.392642,12.412,223.258,            29P   2862
-0.3958,12.412,223.26,-0.396559,12.412,223.262,-0.397476,12.412,      29P   2863
223.265,-0.398714,12.412,223.268,-0.400246,12.412,223.272,            29P   2864
-0.401763,12.412,223.276,-0.403628,12.412,223.279,-0.404832,          29P   2865
12.412,223.282,-0.405868,12.412,223.282,-0.406047,12.412,             29P   2866
223.284,-0.406652,12.412,223.285,-0.407077,12.412,223.286,            29P   2867
-0.407616,12.412,223.286,-0.407725,12.412,223.287,-0.408111,          29P   2868
12.412,223.288,-0.408336,12.412,223.291,-0.408755,12.412,             29P   2869
223.292,-0.408857,12.412,223.294,-0.408744,12.412,223.296,            29P   2870
-0.408501,12.412,223.298,-0.407986,12.412,223.299,-0.407438,          29P   2871
12.412,223.3,-0.407035,12.412,223.301,-0.406361,12.412,223.302,       29P   2872
-0.405708,12.412,223.304,-0.404213,12.412,223.306,-0.401276,          29P   2873
12.412,223.308,-0.397692,12.412,223.308,-0.394617,12.412,             29P   2874
223.308,-0.392819,12.412,223.308,-0.391368,12.412,223.308,            29P   2875
-0.389825,12.412,223.307,-0.38833,12.412,223.306,-0.386209,           29P   2876
12.412,223.305,-0.384143,12.412,223.304,-0.382743,12.412,             29P   2877
223.303,-0.381884,12.412,223.302,-0.381484,12.412,223.301,            29P   2878
-0.380692,12.412,223.301,-0.380315,12.412,223.298,-0.379196,          29P   2879
12.412,223.297,-0.378387,12.412,223.294,-0.377061,12.412,             29P   2880
223.293,-0.376547,12.412,223.291,-0.375497,12.412,223.29,             29P   2881
-0.374962,12.412,223.286,-0.373354,12.412,223.284,-0.372275,          29P   2882
12.412,223.281,-0.370791,12.412,223.28,-0.369999,12.412,223.278,      29P   2883
-0.369203,12.412,223.277,-0.368588,12.412,223.276,-0.368186,          29P   2884
12.412,223.275,-0.367584,12.412,223.274,-0.367201,12.412,             29P   2885
223.273,-0.366614,12.412,223.271,-0.365743,12.412,223.268,            29P   2886
-0.364216,12.412,223.264,-0.362173,12.412,223.26,-0.359587,           29P   2887
12.412,223.255,-0.357033,12.412,223.25,-0.354214,12.412,223.246,      29P   2888
-0.352111,12.412,223.243,-0.350276,12.412,223.241,-0.349166,          29P   2889
12.412,223.239,-0.34802,12.412,223.236,-0.346695,12.412,223.233,      29P   2890
-0.345155,12.412,223.23,-0.343004,12.412,223.225,-0.340328,           29P   2891
12.412,223.221,-0.337688,12.412,223.212,-0.332317,12.412,             29P   2892
223.204,-0.327602,12.412,223.197,-0.323079,12.412,223.194,            29P   2893
-0.321618,12.412,223.192,-0.319847,12.412,223.188,-0.317739,          29P   2894
12.412,223.185,-0.315434,12.412,223.18,-0.312651,12.412,223.176,      29P   2895
-0.309916,12.412,223.163,-0.301461,12.412,223.152,-0.293588,          29P   2896
12.412,223.141,-0.285822,12.412,223.139,-0.28403,12.412,223.136,      29P   2897
-0.282181,12.412,223.133,-0.279974,12.412,223.13,-0.27783,            29P   2898
12.412,223.126,-0.274959,12.412,223.123,-0.272169,12.412,             29P   2899
223.107,-0.26012,12.412,223.092,-0.248504,12.412,223.078,             29P   2900
-0.236869,12.412,223.076,-0.23518,12.412,223.074,-0.233507,           29P   2901
12.412,223.072,-0.232001,12.412,223.07,-0.230668,12.412,223.068,      29P   2902
-0.228662,12.412,223.065,-0.225772,12.412,223.061,-0.222972,          29P   2903
12.412,223.046,-0.209601,12.412,223.032,-0.196672,12.412,             29P   2904
223.017,-0.182801,12.412,223.015,-0.180675,12.412,223.012,            29P   2905
-0.17798,12.412,223.009,-0.175666,12.412,223.006,-0.172659,           29P   2906
12.412,223.003,-0.169935,12.412,222.988,-0.155352,12.412,             29P   2907
222.974,-0.141215,12.412,222.961,-0.127039,12.412,222.96,             29P   2908
-0.125334,12.412,222.958,-0.123602,12.412,222.956,-0.121383,          29P   2909
12.412,222.954,-0.119128,12.412,222.951,-0.116214,12.412,             29P   2910
222.949,-0.113592,12.412,222.934,-0.0978256,12.412,222.921,           29P   2911
-0.0824702,12.412,222.908,-0.0671074,12.412,222.906,-0.0654572,       29P   2912
12.412,222.905,-0.063835,12.412,222.903,-0.0617139,12.412,            29P   2913
222.901,-0.0585519,12.412,222.898,-0.0551569,12.412,222.883,          29P   2914
-0.0374122,12.412,222.87,-0.0210353,12.412,222.857,-0.00456613,       29P   2915
12.412,222.856,-0.0027554,12.412,222.855,-0.00100001,12.412,          29P   2916
222.853,0.000995208,12.412,222.852,0.0027862,12.412,222.85,           29P   2917
0.00521072,12.412,222.848,0.00750904,12.412,222.835,0.0253546,        29P   2918
12.412,222.822,0.0428582,12.412,222.81,0.0603219,12.412,222.809,      29P   2919
0.0619195,12.412,222.808,0.0635555,12.412,222.807,0.0654112,          29P   2920
12.412,222.805,0.0671253,12.412,222.804,0.069324,12.412,222.802,      29P   2921
0.071372,12.412,222.79,0.0898509,12.412,222.777,0.108098,12.412,      29P   2922
222.765,0.126328,12.412,222.764,0.127942,12.412,222.763,              29P   2923
0.129419,12.412,222.762,0.131075,12.412,222.761,0.13266,12.412,       29P   2924
222.759,0.134592,12.412,222.758,0.13639,12.412,222.745,0.15551,       29P   2925
12.412,222.733,0.17443,12.412,222.72,0.193307,12.412,222.72,          29P   2926
0.194668,12.412,222.719,0.195965,12.412,222.718,0.19743,12.412,       29P   2927
222.717,0.198862,12.412,222.716,0.20053,12.412,222.715,0.20206,       29P   2928
12.412,222.702,0.221964,12.412,222.689,0.241764,12.412,222.676,       29P   2929
0.261788,12.412,222.675,0.263111,12.412,222.675,0.264343,12.412,      29P   2930
222.674,0.26561,12.412,222.673,0.267281,12.412,222.659,0.288264,      29P   2931
12.412,222.646,0.309196,12.412,222.634,0.32974,12.412,222.633,        29P   2932
0.330811,12.412,222.632,0.331809,12.412,222.632,0.332885,12.412,      29P   2933
222.631,0.334244,12.412,222.618,0.355716,12.412,222.604,              29P   2934
0.377381,12.412,222.592,0.398593,12.412,222.591,0.39968,12.412,       29P   2935
222.59,0.400536,12.412,222.59,0.401741,12.412,222.577,0.423564,       29P   2936
12.412,222.563,0.4456,12.412,222.551,0.467497,12.412,222.55,          29P   2937
0.468571,12.412,222.549,0.469536,12.412,222.538,0.488468,12.412,      29P   2938
222.527,0.507367,12.412,222.516,0.526302,12.412,222.507,0.54174,      29P   2939
12.412,222.499,0.557268,12.412,222.484,0.583909,12.412,222.473,       29P   2940
0.603349,12.412,222.462,0.622514,12.412,222.458,0.6302,12.412,        29P   2941
0.,2.72845,0.,1.87114;                                                29P   2942
S      5G      3D     30P   2942                                        T      1
