This is a NASA-IGES-NURBS-Only file converted by:                       S      1
NIGES Translator Version 3.2 developed at NASA Ames Research Center.    S      2
Conversion done on: Mon May 20 14:04:52 1996.                           S      3
>>>>>>>>>>>>>>>>>>>> Original Start Section follows <<<<<<<<<<<<<<<<<<<<S      4
                                                                        S      5
1H,,1H;,,20Hcmpr rotor6     srf ,22HIBM PROFESSIONAL CADAM,47HIBM IGES PG      1
rocessor for AIX and UNIX V2R2 (1994),32,75,6,75,15,,1.,1,4HINCH,1000,  G      2
0.125984,13H960520.101203,1.00000E-06,226.103,,,8,0,;                   G      3
     406       1       1       1       0       0       0       000020101D      1
     406       0       0       1      15                               0D      2
     406       2       1       1       0       0       0       000020101D      3
     406       0       0       1      15                               0D      4
     126       3       0       1       0       0       0       000000000D      5
     126     109       0      34       0                               0D      6
     126      37       0       1       0       0       0       000000000D      7
     126     109       0      35       0                               0D      8
     126      72       0       1       0       0       0       000000000D      9
     126     109       0      35       0                               0D     10
     126     107       0       1       0       0       0       000000000D     11
     126     109       0      34       0                               0D     12
     126     141       0       1       0       0       0       000000000D     13
     126     109       0      34       0                               0D     14
     126     175       0       1       0       0       0       000000000D     15
     126     109       0      35       0                               0D     16
     126     210       0       1       0       0       0       000000000D     17
     126     109       0      33       0                               0D     18
     126     243       0       1       0       0       0       000000000D     19
     126     109       0      35       0                               0D     20
     126     278       0       1       0       0       0       000000000D     21
     126     109       0      34       0                               0D     22
     126     312       0       1       0       0       0       000000000D     23
     126     109       0      33       0                               0D     24
     126     345       0       1       0       0       0       000000000D     25
     126     109       0      33       0                               0D     26
     126     378       0       1       0       0       0       000000000D     27
     126     109       0      34       0                               0D     28
     128     412       0       1       0       0       0       000000000D     29
     128     109       2    2260       0                               0D     30
406,1,23Hcmpr rotor6     srf ,3d;                                      1P      1
406,1,2H3d;                                                            3P      2
126,55,3,0,1,1,0,0.,0.,0.,0.,0.00659315,0.013179,0.0197649,            5P      3
0.0263507,0.0263507,0.0492966,0.0836509,0.129513,0.186761,             5P      4
0.255357,0.324005,0.392547,0.461081,0.529586,0.598097,0.666533,        5P      5
0.735041,0.803534,0.871996,0.940431,1.00897,1.06602,1.1116,            5P      6
1.1459,1.1687,1.1687,1.1687,1.18141,1.19412,1.20682,1.2195,            5P      7
1.2195,1.2195,1.24147,1.27453,1.31859,1.37371,1.43981,1.50594,         5P      8
1.57201,1.63817,1.70426,1.77046,1.83665,1.90278,1.969,2.03525,         5P      9
2.10146,2.1678,2.22311,2.26731,2.30055,2.32263,2.32263,2.32263,        5P     10
2.32263,1.,1.,1.,1.,1.,1.,1.,1.,1.,1.,1.,1.,1.,1.,1.,1.,1.,1.,         5P     11
1.,1.,1.,1.,1.,1.,1.,1.,1.,1.,1.,1.,1.,1.,1.,1.,1.,1.,1.,1.,1.,        5P     12
1.,1.,1.,1.,1.,1.,1.,1.,1.,1.,1.,1.,1.,1.,1.,1.,1.,225.226,            5P     13
0.3861,10.668,225.224,0.387696,10.668,225.22,0.389802,10.668,          5P     14
225.213,0.388014,10.668,225.209,0.38219,10.668,225.209,0.37738,        5P     15
10.668,225.214,0.368503,10.668,225.222,0.35136,10.668,225.238,         5P     16
0.320796,10.668,225.26,0.280952,10.668,225.291,0.232426,10.668,        5P     17
225.328,0.179451,10.668,225.371,0.126011,10.668,225.417,               5P     18
0.0750827,10.668,225.466,0.0273036,10.668,225.518,-0.0174511,          5P     19
10.668,225.573,-0.0588865,10.668,225.63,-0.0973152,10.668,             5P     20
225.687,-0.133927,10.668,225.746,-0.168567,10.668,225.807,             5P     21
-0.200965,10.668,225.868,-0.231152,10.668,225.927,-0.257748,           5P     22
10.668,225.98,-0.279281,10.668,226.023,-0.295539,10.668,226.055,       5P     23
-0.307021,10.668,226.073,-0.313113,10.668,226.08,-0.3155,10.668,       5P     24
226.084,-0.31683,10.668,226.094,-0.31642,10.668,226.103,               5P     25
-0.306202,10.668,226.103,-0.292225,10.668,226.097,-0.285528,           5P     26
10.668,226.093,-0.2838,10.668,226.086,-0.280803,10.668,226.069,        5P     27
-0.273207,10.668,226.039,-0.259109,10.668,226.,-0.23961,10.668,        5P     28
225.951,-0.214051,10.668,225.897,-0.183204,10.668,225.84,              5P     29
-0.148711,10.668,225.785,-0.112395,10.668,225.731,-0.0742254,          5P     30
10.668,225.679,-0.034155,10.668,225.627,0.00758588,10.668,             5P     31
225.577,0.0506172,10.668,225.527,0.0940674,10.668,225.478,             5P     32
0.138434,10.668,225.429,0.183262,10.668,225.381,0.228901,10.668,       5P     33
225.336,0.272749,10.668,225.297,0.311803,10.668,225.266,               5P     34
0.343422,10.668,225.243,0.367395,10.668,225.231,0.380758,10.668,       5P     35
225.226,0.3861,10.668,0.,2.32263,0.,0.,0.;                             5P     36
126,55,3,0,1,1,0,0.,0.,0.,0.,0.0064323,0.0128448,0.0192573,            7P     37
0.0256698,0.0256698,0.0486153,0.0830578,0.128908,0.186199,             7P     38
0.254912,0.323586,0.392297,0.460834,0.529479,0.598026,0.666654,        7P     39
0.735216,0.803788,0.872311,0.940912,1.0094,1.06656,1.11227,            7P     40
1.14654,1.16946,1.16946,1.16946,1.18197,1.19449,1.207,1.21948,         7P     41
1.21948,1.21948,1.24159,1.27482,1.31911,1.37451,1.44095,1.50739,       7P     42
1.57388,1.64034,1.70686,1.77338,1.83989,1.90649,1.973,2.03955,         7P     43
2.10624,2.17286,2.22839,2.27289,2.30623,2.32853,2.32853,2.32853,       7P     44
2.32853,1.,1.,1.,1.,1.,1.,1.,1.,1.,1.,1.,1.,1.,1.,1.,1.,1.,1.,         7P     45
1.,1.,1.,1.,1.,1.,1.,1.,1.,1.,1.,1.,1.,1.,1.,1.,1.,1.,1.,1.,1.,        7P     46
1.,1.,1.,1.,1.,1.,1.,1.,1.,1.,1.,1.,1.,1.,1.,1.,1.,225.228,            7P     47
0.4025,10.764,225.226,0.404091,10.764,225.222,0.406145,10.764,         7P     48
225.215,0.404482,10.764,225.211,0.39881,10.764,225.212,0.394127,       7P     49
10.764,225.216,0.385305,10.764,225.225,0.368134,10.764,225.24,         7P     50
0.337535,10.764,225.263,0.297537,10.764,225.293,0.248731,10.764,       7P     51
225.329,0.195125,10.764,225.371,0.140689,10.764,225.416,               7P     52
0.0887071,10.764,225.464,0.0393458,10.764,225.514,-0.00740214,         7P     53
10.764,225.567,-0.0510282,10.764,225.622,-0.0921686,10.764,            7P     54
225.678,-0.131624,10.764,225.735,-0.169126,10.764,225.794,             7P     55
-0.204624,10.764,225.854,-0.238242,10.764,225.911,-0.267961,           7P     56
10.764,225.963,-0.292836,10.764,226.005,-0.311451,10.764,              7P     57
226.036,-0.325014,10.764,226.054,-0.332244,10.764,226.061,             7P     58
-0.3351,10.764,226.065,-0.336659,10.764,226.074,-0.336791,             7P     59
10.764,226.084,-0.327372,10.764,226.085,-0.313687,10.764,              7P     60
226.079,-0.306571,10.764,226.075,-0.3046,10.764,226.069,               7P     61
-0.301108,10.764,226.053,-0.292273,10.764,226.024,-0.275818,           7P     62
10.764,225.986,-0.253455,10.764,225.938,-0.224452,10.764,              7P     63
225.886,-0.190248,10.764,225.831,-0.152537,10.764,225.777,             7P     64
-0.113339,10.764,225.725,-0.0727363,10.764,225.673,-0.0306211,         7P     65
10.764,225.623,0.0128218,10.764,225.573,0.0573303,10.764,              7P     66
225.524,0.102389,10.764,225.476,0.14799,10.764,225.428,0.194339,       7P     67
10.764,225.381,0.241268,10.764,225.337,0.286265,10.764,225.298,        7P     68
0.326395,10.764,225.268,0.358726,10.764,225.245,0.383265,10.764,       7P     69
225.233,0.396985,10.764,225.228,0.4025,10.764,0.,2.32853,0.,0.,        7P     70
0.;                                                                    7P     71
126,55,3,0,1,1,0,0.,0.,0.,0.,0.00617041,0.0123408,0.0185112,           9P     72
0.0246816,0.0246816,0.0476275,0.0819818,0.127862,0.185151,             9P     73
0.25386,0.322576,0.391208,0.459855,0.528529,0.597175,0.665843,         9P     74
0.734413,0.803023,0.871677,0.940275,1.00888,1.06598,1.11178,           9P     75
1.14601,1.16887,1.16887,1.16887,1.18103,1.1932,1.20537,1.21747,        9P     76
1.21747,1.21747,1.23975,1.27319,1.3178,1.37349,1.44045,1.50731,        9P     77
1.57427,1.6412,1.70812,1.77505,1.84203,1.90901,1.97598,2.04296,        9P     78
2.10996,2.17706,2.23292,2.27763,2.31115,2.33348,2.33348,2.33348,       9P     79
2.33348,1.,1.,1.,1.,1.,1.,1.,1.,1.,1.,1.,1.,1.,1.,1.,1.,1.,1.,         9P     80
1.,1.,1.,1.,1.,1.,1.,1.,1.,1.,1.,1.,1.,1.,1.,1.,1.,1.,1.,1.,1.,        9P     81
1.,1.,1.,1.,1.,1.,1.,1.,1.,1.,1.,1.,1.,1.,1.,1.,1.,225.233,            9P     82
0.4239,10.913,225.231,0.42546,10.913,225.227,0.427642,10.913,          9P     83
225.221,0.42611,10.913,225.217,0.420654,10.913,225.218,0.416155,       9P     84
10.913,225.222,0.407403,10.913,225.23,0.390251,10.913,225.246,         9P     85
0.359746,10.913,225.268,0.319521,10.913,225.298,0.270444,10.913,       9P     86
225.333,0.216304,10.913,225.374,0.160774,10.913,225.417,               9P     87
0.107347,10.913,225.463,0.0560286,10.913,225.511,0.00689506,           9P     88
10.913,225.561,-0.039775,10.913,225.613,-0.0842017,10.913,             9P     89
225.667,-0.127286,10.913,225.721,-0.168702,10.913,225.777,             9P     90
-0.208365,10.913,225.835,-0.246373,10.913,225.889,-0.280707,           9P     91
10.913,225.939,-0.309461,10.913,225.979,-0.331777,10.913,              9P     92
226.009,-0.34789,10.913,226.026,-0.356634,10.913,226.033,              9P     93
-0.3601,10.913,226.036,-0.361944,10.913,226.045,-0.362904,             9P     94
10.913,226.056,-0.354721,10.913,226.058,-0.341555,10.913,              9P     95
226.053,-0.334189,10.913,226.05,-0.3319,10.913,226.043,                9P     96
-0.327688,10.913,226.028,-0.317099,10.913,226.001,-0.297808,           9P     97
10.913,225.965,-0.271568,10.913,225.92,-0.238403,10.913,225.87,        9P     98
-0.199796,10.913,225.818,-0.157825,10.913,225.767,-0.114995,           9P     99
10.913,225.716,-0.0710312,10.913,225.666,-0.0262888,10.913,            9P    100
225.618,0.0196196,10.913,225.569,0.0660884,10.913,225.522,             9P    101
0.113222,10.913,225.475,0.160824,10.913,225.428,0.2089,10.913,         9P    102
225.382,0.257635,10.913,225.339,0.304181,10.913,225.302,               9P    103
0.345572,10.913,225.272,0.378984,10.913,225.25,0.404161,10.913,        9P    104
225.238,0.418252,10.913,225.233,0.4239,10.913,0.,2.33348,0.,0.,        9P    105
0.;                                                                    9P    106
126,56,3,0,1,1,0,0.,0.,0.,0.,0.00582354,0.0116682,0.0175129,          11P    107
0.0233576,0.0233576,0.0233576,0.0463446,0.0806482,0.126514,           11P    108
0.183747,0.252406,0.32109,0.389771,0.458323,0.526952,0.59555,         11P    109
0.664154,0.732747,0.801243,0.869837,0.938344,1.00691,1.06397,         11P    110
1.10965,1.14388,1.16674,1.16674,1.16674,1.17847,1.1902,1.20192,       11P    111
1.21364,1.21364,1.21364,1.23601,1.26965,1.31447,1.37047,1.43761,      11P    112
1.50485,1.57205,1.63924,1.70656,1.77381,1.841,1.90828,1.97551,        11P    113
2.04284,2.11013,2.17747,2.23357,2.27842,2.31207,2.33451,2.33451,      11P    114
2.33451,2.33451,1.,1.,1.,1.,1.,1.,1.,1.,1.,1.,1.,1.,1.,1.,1.,1.,      11P    115
1.,1.,1.,1.,1.,1.,1.,1.,1.,1.,1.,1.,1.,1.,1.,1.,1.,1.,1.,1.,1.,       11P    116
1.,1.,1.,1.,1.,1.,1.,1.,1.,1.,1.,1.,1.,1.,1.,1.,1.,1.,1.,1.,          11P    117
225.24,0.4428,11.061,225.239,0.444299,11.061,225.236,0.446514,        11P    118
11.061,225.229,0.445143,11.061,225.226,0.440045,11.061,225.226,       11P    119
0.435751,11.061,225.227,0.434,11.061,225.23,0.427112,11.061,          11P    120
225.239,0.409998,11.061,225.254,0.379424,11.061,225.276,              11P    121
0.339161,11.061,225.305,0.289741,11.061,225.34,0.235038,11.061,       11P    122
225.379,0.178645,11.061,225.421,0.123818,11.061,225.464,              11P    123
0.070899,11.061,225.51,0.0196902,11.061,225.558,-0.0296283,           11P    124
11.061,225.607,-0.0769757,11.061,225.658,-0.12323,11.061,225.71,      11P    125
-0.167973,11.061,225.763,-0.211186,11.061,225.817,-0.253189,          11P    126
11.061,225.87,-0.291264,11.061,225.917,-0.323851,11.061,225.955,      11P    127
-0.348973,11.061,225.983,-0.367536,11.061,226.,-0.377601,11.061,      11P    128
226.006,-0.3816,11.061,226.009,-0.383651,11.061,226.018,              11P    129
-0.385249,11.061,226.029,-0.378237,11.061,226.032,-0.365789,          11P    130
11.061,226.028,-0.358189,11.061,226.025,-0.3557,11.061,226.019,       11P    131
-0.350951,11.061,226.005,-0.339022,11.061,225.979,-0.317296,          11P    132
11.061,225.945,-0.288255,11.061,225.903,-0.25142,11.061,225.855,      11P    133
-0.209179,11.061,225.806,-0.163842,11.061,225.757,-0.117692,          11P    134
11.061,225.708,-0.0709981,11.061,225.661,-0.0235198,11.061,           11P    135
225.614,0.0245845,11.061,225.567,0.0732901,11.061,225.521,            11P    136
0.122173,11.061,225.476,0.171788,11.061,225.431,0.221615,11.061,      11P    137
225.386,0.271925,11.061,225.344,0.319929,11.061,225.308,0.36248,      11P    138
11.061,225.279,0.396842,11.061,225.257,0.422604,11.061,225.245,       11P    139
0.437021,11.061,225.24,0.4428,11.061,0.,2.33451,0.,0.,0.;             11P    140
126,55,3,0,1,1,0,0.,0.,0.,0.,0.00549336,0.0110116,0.0165299,          13P    141
0.0220482,0.0220482,0.0220482,0.0449455,0.0792926,0.125111,           13P    142
0.182266,0.250956,0.3196,0.388175,0.456761,0.5253,0.593937,           13P    143
0.662413,0.731003,0.799472,0.868004,0.9365,1.00494,1.06201,           13P    144
1.10759,1.14187,1.16468,1.16468,1.16468,1.17605,1.18743,1.19879,      13P    145
1.21019,1.21019,1.23268,1.26636,1.31127,1.36742,1.43481,1.50227,      13P    146
1.56966,1.63707,1.7045,1.77197,1.83946,1.90684,1.97433,2.04178,       13P    147
2.10929,2.17684,2.23306,2.27809,2.31188,2.33431,2.33431,2.33431,      13P    148
2.33431,1.,1.,1.,1.,1.,1.,1.,1.,1.,1.,1.,1.,1.,1.,1.,1.,1.,1.,        13P    149
1.,1.,1.,1.,1.,1.,1.,1.,1.,1.,1.,1.,1.,1.,1.,1.,1.,1.,1.,1.,1.,       13P    150
1.,1.,1.,1.,1.,1.,1.,1.,1.,1.,1.,1.,1.,1.,1.,1.,1.,225.248,           13P    151
0.4585,11.205,225.246,0.45994,11.205,225.243,0.462131,11.205,         13P    152
225.237,0.460908,11.205,225.233,0.456111,11.205,225.234,0.45205,      13P    153
11.205,225.235,0.4504,11.205,225.238,0.443553,11.205,225.246,         13P    154
0.426477,11.205,225.262,0.395819,11.205,225.284,0.355614,11.205,      13P    155
225.312,0.305919,11.205,225.346,0.250678,11.205,225.384,              13P    156
0.193602,11.205,225.424,0.137858,11.205,225.466,0.0835761,            13P    157
11.205,225.51,0.0306965,11.205,225.556,-0.0204844,11.205,             13P    158
225.603,-0.0703347,11.205,225.651,-0.118898,11.205,225.701,           13P    159
-0.166116,11.205,225.752,-0.212101,11.205,225.803,-0.256826,          13P    160
11.205,225.854,-0.297705,11.205,225.898,-0.332837,11.205,             13P    161
225.935,-0.360109,11.205,225.963,-0.380325,11.205,225.978,            13P    162
-0.391332,11.205,225.984,-0.3957,11.205,225.988,-0.397878,            13P    163
11.205,225.996,-0.399889,11.205,226.007,-0.393692,11.205,226.01,      13P    164
-0.38182,11.205,226.007,-0.374197,11.205,225.998,-0.366471,           13P    165
11.205,225.985,-0.353652,11.205,225.96,-0.330554,11.205,225.928,      13P    166
-0.299556,11.205,225.887,-0.260453,11.205,225.842,-0.215658,          13P    167
11.205,225.795,-0.16778,11.205,225.748,-0.119509,11.205,225.701,      13P    168
-0.0705652,11.205,225.655,-0.0211808,11.205,225.61,0.0287518,         13P    169
11.205,225.565,0.0790044,11.205,225.521,0.129676,11.205,225.476,      13P    170
0.180638,11.205,225.433,0.23195,11.205,225.389,0.283649,11.205,       13P    171
225.349,0.332845,11.205,225.313,0.37645,11.205,225.285,0.411581,      13P    172
11.205,225.264,0.43791,11.205,225.252,0.452623,11.205,225.248,        13P    173
0.4585,11.205,0.,2.33431,0.,0.,0.;                                    13P    174
126,56,3,0,1,1,0,0.,0.,0.,0.,0.0051677,0.0103409,0.0155142,           15P    175
0.0206874,0.0206874,0.0206874,0.0435404,0.077933,0.123609,            15P    176
0.180877,0.24946,0.317974,0.38657,0.455115,0.523648,0.592173,         15P    177
0.660762,0.729189,0.797714,0.866167,0.934662,1.00303,1.06009,         15P    178
1.10566,1.13983,1.16265,1.16265,1.16265,1.17369,1.18474,1.19579,      15P    179
1.20683,1.20683,1.20683,1.22931,1.26304,1.30802,1.36431,1.43179,      15P    180
1.49929,1.56682,1.63438,1.70191,1.76948,1.8371,1.90461,1.97224,       15P    181
2.03985,2.10737,2.17501,2.23137,2.27652,2.31028,2.33284,2.33284,      15P    182
2.33284,2.33284,1.,1.,1.,1.,1.,1.,1.,1.,1.,1.,1.,1.,1.,1.,1.,1.,      15P    183
1.,1.,1.,1.,1.,1.,1.,1.,1.,1.,1.,1.,1.,1.,1.,1.,1.,1.,1.,1.,1.,       15P    184
1.,1.,1.,1.,1.,1.,1.,1.,1.,1.,1.,1.,1.,1.,1.,1.,1.,1.,1.,1.,          15P    185
225.253,0.471,11.345,225.252,0.472375,11.345,225.249,0.474425,        15P    186
11.345,225.243,0.473354,11.345,225.24,0.468849,11.345,225.24,         15P    187
0.465052,11.345,225.241,0.4635,11.345,225.245,0.456644,11.345,        15P    188
225.253,0.439524,11.345,225.269,0.409027,11.345,225.29,0.36861,       15P    189
11.345,225.318,0.318797,11.345,225.352,0.263225,11.345,225.389,       15P    190
0.20558,11.345,225.428,0.14913,11.345,225.468,0.09378,11.345,         15P    191
225.51,0.0397866,11.345,225.554,-0.012925,11.345,225.599,             15P    192
-0.0643556,11.345,225.646,-0.114613,11.345,225.694,-0.1637,           15P    193
11.345,225.743,-0.211503,11.345,225.793,-0.25811,11.345,225.842,      15P    194
-0.300783,11.345,225.885,-0.337617,11.345,225.921,-0.366264,          15P    195
11.345,225.947,-0.387539,11.345,225.962,-0.399101,11.345,             15P    196
225.968,-0.4037,11.345,225.971,-0.405925,11.345,225.979,              15P    197
-0.408156,11.345,225.99,-0.402486,11.345,225.994,-0.391101,           15P    198
11.345,225.991,-0.383596,11.345,225.988,-0.381,11.345,225.983,        15P    199
-0.375713,11.345,225.97,-0.362469,11.345,225.946,-0.338428,           15P    200
11.345,225.914,-0.306363,11.345,225.875,-0.265846,11.345,             15P    201
225.831,-0.219684,11.345,225.785,-0.170276,11.345,225.74,             15P    202
-0.120349,11.345,225.695,-0.0700797,11.345,225.65,-0.0193705,         15P    203
11.345,225.606,0.0318508,11.345,225.562,0.0834318,11.345,             15P    204
225.519,0.135276,11.345,225.476,0.18744,11.345,225.433,0.239933,      15P    205
11.345,225.391,0.292683,11.345,225.352,0.342793,11.345,225.317,       15P    206
0.387315,11.345,225.29,0.423051,11.345,225.269,0.450021,11.345,       15P    207
225.258,0.464997,11.345,225.253,0.471,11.345,0.,2.33284,0.,0.,        15P    208
0.;                                                                   15P    209
126,55,3,0,1,1,0,0.,0.,0.,0.,0.00443732,0.0088713,0.0133053,          17P    210
0.0177392,0.0177392,0.0177392,0.0406382,0.0749395,0.120649,           17P    211
0.177832,0.246411,0.314925,0.383524,0.452003,0.520461,0.588941,       17P    212
0.657346,0.725846,0.794218,0.862567,0.930947,0.999194,1.05616,        17P    213
1.10165,1.13576,1.15847,1.15847,1.15847,1.16892,1.17937,1.18981,      17P    214
1.20023,1.20023,1.22272,1.25646,1.30146,1.35766,1.42522,1.49276,      17P    215
1.56029,1.62796,1.69557,1.76319,1.83088,1.89856,1.96618,2.03387,      17P    216
2.10161,2.16932,2.22576,2.27093,2.30483,2.3274,2.3274,2.3274,         17P    217
2.3274,1.,1.,1.,1.,1.,1.,1.,1.,1.,1.,1.,1.,1.,1.,1.,1.,1.,1.,1.,      17P    218
1.,1.,1.,1.,1.,1.,1.,1.,1.,1.,1.,1.,1.,1.,1.,1.,1.,1.,1.,1.,1.,       17P    219
1.,1.,1.,1.,1.,1.,1.,1.,1.,1.,1.,1.,1.,1.,1.,1.,225.263,0.4906,       17P    220
11.62,225.263,0.491821,11.62,225.26,0.493683,11.62,225.255,           17P    221
0.492917,11.62,225.252,0.489096,11.62,225.252,0.485832,11.62,         17P    222
225.253,0.4845,11.62,225.256,0.477619,11.62,225.265,0.460467,         17P    223
11.62,225.28,0.429761,11.62,225.301,0.38915,11.62,225.328,            17P    224
0.338844,11.62,225.36,0.282692,11.62,225.396,0.224,11.62,             17P    225
225.433,0.166394,11.62,225.471,0.109638,11.62,225.511,0.0539229,      17P    226
11.62,225.552,-0.000744683,11.62,225.595,-0.0544357,11.62,            17P    227
225.639,-0.106832,11.62,225.684,-0.158226,11.62,225.731,              17P    228
-0.208197,11.62,225.779,-0.256999,11.62,225.825,-0.301785,11.62,      17P    229
225.867,-0.340385,11.62,225.901,-0.370482,11.62,225.927,              17P    230
-0.392683,11.62,225.941,-0.404858,11.62,225.947,-0.4097,11.62,        17P    231
225.95,-0.411926,11.62,225.957,-0.41432,11.62,225.968,-0.409312,      17P    232
11.62,225.972,-0.398618,11.62,225.969,-0.391515,11.62,225.961,        17P    233
-0.383571,11.62,225.948,-0.369983,11.62,225.925,-0.34551,11.62,       17P    234
225.894,-0.312594,11.62,225.856,-0.271214,11.62,225.814,              17P    235
-0.223546,11.62,225.769,-0.172825,11.62,225.725,-0.121333,11.62,      17P    236
225.682,-0.0694131,11.62,225.64,-0.0168803,11.62,225.598,             17P    237
0.0361635,11.62,225.556,0.0895518,11.62,225.515,0.143217,11.62,       17P    238
225.474,0.197277,11.62,225.434,0.251589,11.62,225.394,0.306094,       17P    239
11.62,225.356,0.35814,11.62,225.324,0.404071,11.62,225.298,           17P    240
0.441135,11.62,225.278,0.468874,11.62,225.268,0.484389,11.62,         17P    241
225.263,0.4906,11.62,0.,2.3274,0.,0.,0.;                              17P    242
126,56,3,0,1,1,0,0.,0.,0.,0.,0.00405762,0.0081349,0.0122122,          19P    243
0.0162895,0.0162895,0.0162895,0.0391449,0.073537,0.119288,            19P    244
0.176412,0.244946,0.31353,0.382049,0.450559,0.519068,0.587445,        19P    245
0.655905,0.724278,0.792601,0.86094,0.929268,0.997504,1.05438,         19P    246
1.09977,1.13393,1.15664,1.15664,1.15664,1.16677,1.17691,1.18703,      19P    247
1.1972,1.1972,1.1972,1.21962,1.25335,1.29835,1.35456,1.422,           19P    248
1.48958,1.55717,1.62466,1.69231,1.75997,1.82757,1.89526,1.96301,      19P    249
2.03071,2.09845,2.16619,2.22266,2.26787,2.30173,2.32434,2.32434,      19P    250
2.32434,2.32434,1.,1.,1.,1.,1.,1.,1.,1.,1.,1.,1.,1.,1.,1.,1.,1.,      19P    251
1.,1.,1.,1.,1.,1.,1.,1.,1.,1.,1.,1.,1.,1.,1.,1.,1.,1.,1.,1.,1.,       19P    252
1.,1.,1.,1.,1.,1.,1.,1.,1.,1.,1.,1.,1.,1.,1.,1.,1.,1.,1.,1.,          19P    253
225.269,0.5007,11.759,225.268,0.501831,11.759,225.265,0.503653,       19P    254
11.759,225.261,0.502999,11.759,225.258,0.499546,11.759,225.258,       19P    255
0.496527,11.759,225.259,0.4953,11.759,225.262,0.488425,11.759,        19P    256
225.27,0.471229,11.759,225.285,0.440357,11.759,225.306,0.399572,      19P    257
11.759,225.333,0.349054,11.759,225.364,0.292431,11.759,225.399,       19P    258
0.233413,11.759,225.435,0.175037,11.759,225.473,0.117678,11.759,      19P    259
225.511,0.0610901,11.759,225.551,0.00539224,11.759,225.592,           19P    260
-0.0491571,11.759,225.635,-0.102612,11.759,225.679,-0.154688,         19P    261
11.759,225.725,-0.205647,11.759,225.772,-0.255087,11.759,             19P    262
225.818,-0.300579,11.759,225.859,-0.33953,11.759,225.893,             19P    263
-0.37003,11.759,225.918,-0.392346,11.759,225.933,-0.404624,           19P    264
11.759,225.939,-0.4095,11.759,225.941,-0.411677,11.759,225.948,       19P    265
-0.414025,11.759,225.959,-0.409202,11.759,225.962,-0.398792,          19P    266
11.759,225.96,-0.391827,11.759,225.957,-0.3894,11.759,225.952,        19P    267
-0.384048,11.759,225.939,-0.370603,11.759,225.916,-0.346231,          19P    268
11.759,225.885,-0.313304,11.759,225.847,-0.271833,11.759,             19P    269
225.805,-0.22408,11.759,225.761,-0.172785,11.759,225.718,             19P    270
-0.120959,11.759,225.675,-0.068326,11.759,225.633,-0.0152469,         19P    271
11.759,225.593,0.0387504,11.759,225.552,0.0929553,11.759,             19P    272
225.512,0.147588,11.759,225.472,0.202429,11.759,225.433,              19P    273
0.257636,11.759,225.395,0.313287,11.759,225.358,0.365925,11.759,      19P    274
225.327,0.412774,11.759,225.302,0.450308,11.759,225.283,              19P    275
0.478665,11.759,225.273,0.494399,11.759,225.269,0.5007,11.759,        19P    276
0.,2.32434,0.,0.,0.;                                                  19P    277
126,56,3,0,1,1,0,0.,0.,0.,0.,0.00363266,0.00724107,0.0108495,         21P    278
0.0144579,0.0144579,0.0144579,0.0374085,0.07167,0.117465,             21P    279
0.174712,0.243308,0.311961,0.380441,0.449002,0.517565,0.586049,       21P    280
0.654461,0.722907,0.791269,0.859584,0.927864,0.996172,1.05304,        21P    281
1.09849,1.13266,1.15536,1.15536,1.15536,1.16517,1.17499,1.1848,       21P    282
1.19464,1.19464,1.19464,1.21713,1.25086,1.29585,1.35211,1.41961,      21P    283
1.48721,1.55478,1.62234,1.68998,1.75766,1.8254,1.8931,1.96089,        21P    284
2.02865,2.09643,2.16419,2.22072,2.26594,2.29991,2.32255,2.32255,      21P    285
2.32255,2.32255,1.,1.,1.,1.,1.,1.,1.,1.,1.,1.,1.,1.,1.,1.,1.,1.,      21P    286
1.,1.,1.,1.,1.,1.,1.,1.,1.,1.,1.,1.,1.,1.,1.,1.,1.,1.,1.,1.,1.,       21P    287
1.,1.,1.,1.,1.,1.,1.,1.,1.,1.,1.,1.,1.,1.,1.,1.,1.,1.,1.,1.,          21P    288
225.272,0.5113,11.901,225.272,0.512327,11.901,225.269,0.513877,       21P    289
11.901,225.266,0.51341,11.901,225.263,0.510359,11.901,225.263,        21P    290
0.507692,11.901,225.264,0.5066,11.901,225.267,0.499653,11.901,        21P    291
225.275,0.482371,11.901,225.29,0.451394,11.901,225.31,0.410456,       21P    292
11.901,225.336,0.35953,11.901,225.367,0.30259,11.901,225.401,         21P    293
0.242919,11.901,225.436,0.184044,11.901,225.473,0.125994,11.901,      21P    294
225.51,0.0685743,11.901,225.549,0.0120841,11.901,225.589,             21P    295
-0.0435626,11.901,225.631,-0.0976556,11.901,225.674,-0.150657,        21P    296
11.901,225.719,-0.202002,11.901,225.765,-0.25207,11.901,225.811,      21P    297
-0.297846,11.901,225.852,-0.337065,11.901,225.886,-0.367622,          21P    298
11.901,225.912,-0.389944,11.901,225.926,-0.402224,11.901,             21P    299
225.932,-0.4071,11.901,225.934,-0.409207,11.901,225.941,              21P    300
-0.41142,11.901,225.951,-0.406655,11.901,225.955,-0.396582,           21P    301
11.901,225.952,-0.389806,11.901,225.95,-0.3875,11.901,225.944,        21P    302
-0.382231,11.901,225.931,-0.368988,11.901,225.908,-0.344727,          21P    303
11.901,225.877,-0.31214,11.901,225.838,-0.270882,11.901,225.796,      21P    304
-0.223104,11.901,225.752,-0.171747,11.901,225.709,-0.119539,          21P    305
11.901,225.667,-0.0664918,11.901,225.626,-0.0127361,11.901,           21P    306
225.586,0.0419509,11.901,225.547,0.0970325,11.901,225.508,            21P    307
0.152476,11.901,225.47,0.208232,11.901,225.432,0.264365,11.901,       21P    308
225.394,0.320743,11.901,225.359,0.374293,11.901,225.329,              21P    309
0.421908,11.901,225.304,0.46009,11.901,225.286,0.488904,11.901,       21P    310
225.276,0.5049,11.901,225.272,0.5113,11.901,0.,2.32255,0.,0.,0.;      21P    311
126,56,3,0,1,1,0,0.,0.,0.,0.,0.0033584,0.00671352,0.0100686,          23P    312
0.0134238,0.0134238,0.0134238,0.0363323,0.0707314,0.116619,           23P    313
0.173863,0.24257,0.311279,0.379884,0.448536,0.517087,0.585566,        23P    314
0.654062,0.722542,0.79101,0.8594,0.927744,0.996123,1.05309,           23P    315
1.09868,1.13278,1.15563,1.15563,1.15563,1.16527,1.17493,1.18458,      23P    316
1.19422,1.19422,1.19422,1.21665,1.25039,1.29536,1.35158,1.41917,      23P    317
1.48671,1.55425,1.62189,1.68953,1.75727,1.82496,1.89277,1.96047,      23P    318
2.02837,2.09619,2.16409,2.22065,2.26593,2.29997,2.32252,2.32252,      23P    319
2.32252,2.32252,1.,1.,1.,1.,1.,1.,1.,1.,1.,1.,1.,1.,1.,1.,1.,1.,      23P    320
1.,1.,1.,1.,1.,1.,1.,1.,1.,1.,1.,1.,1.,1.,1.,1.,1.,1.,1.,1.,1.,       23P    321
1.,1.,1.,1.,1.,1.,1.,1.,1.,1.,1.,1.,1.,1.,1.,1.,1.,1.,1.,1.,          23P    322
225.274,0.5199,12.01,225.273,0.520864,12.01,225.271,0.522394,         23P    323
12.01,225.268,0.522001,12.01,225.265,0.519207,12.01,225.266,          23P    324
0.516717,12.01,225.266,0.5157,12.01,225.269,0.508755,12.01,           23P    325
225.277,0.491408,12.01,225.292,0.460326,12.01,225.312,0.419031,       23P    326
12.01,225.338,0.367935,12.01,225.368,0.310475,12.01,225.401,          23P    327
0.250408,12.01,225.436,0.191089,12.01,225.471,0.132402,12.01,         23P    328
225.508,0.0745084,12.01,225.546,0.017331,12.01,225.585,               23P    329
-0.0388421,12.01,225.626,-0.0935343,12.01,225.669,-0.146774,          23P    330
12.01,225.714,-0.198217,12.01,225.761,-0.248266,12.01,225.807,        23P    331
-0.293501,12.01,225.849,-0.332204,12.01,225.883,-0.361931,12.01,      23P    332
225.91,-0.383721,12.01,225.925,-0.395512,12.01,225.931,-0.4002,       23P    333
12.01,225.933,-0.402179,12.01,225.94,-0.404212,12.01,225.949,         23P    334
-0.399209,12.01,225.953,-0.389185,12.01,225.95,-0.382682,12.01,       23P    335
225.947,-0.3805,12.01,225.942,-0.375425,12.01,225.928,-0.362654,      23P    336
12.01,225.904,-0.33937,12.01,225.872,-0.307779,12.01,225.833,         23P    337
-0.267309,12.01,225.789,-0.220425,12.01,225.745,-0.169481,12.01,      23P    338
225.702,-0.117443,12.01,225.66,-0.0643654,12.01,225.619,              23P    339
-0.0102438,12.01,225.58,0.0449099,12.01,225.542,0.100567,12.01,       23P    340
225.504,0.156627,12.01,225.466,0.212997,12.01,225.429,0.269715,       23P    341
12.01,225.392,0.32687,12.01,225.358,0.381125,12.01,225.328,           23P    342
0.429376,12.01,225.305,0.468071,12.01,225.287,0.497198,12.01,         23P    343
225.278,0.513426,12.01,225.274,0.5199,12.01,0.,2.32252,0.,0.,0.;      23P    344
126,55,3,0,1,1,0,0.,0.,0.,0.,0.00297312,0.0059105,0.00884788,         25P    345
0.0117853,0.0117853,0.0117853,0.0347931,0.0694702,0.115632,           25P    346
0.173235,0.242335,0.31133,0.38043,0.449391,0.518238,0.587137,         25P    347
0.656018,0.724824,0.793623,0.862448,0.931344,1.0004,1.05802,          25P    348
1.10428,1.13902,1.16229,1.16229,1.17178,1.18126,1.19074,1.20024,      25P    349
1.20024,1.20024,1.22301,1.25715,1.30256,1.35928,1.42716,1.4949,       25P    350
1.56263,1.6304,1.69816,1.76591,1.83378,1.90176,1.96972,2.03768,       25P    351
2.10574,2.17382,2.2306,2.27605,2.31021,2.33295,2.33295,2.33295,       25P    352
2.33295,1.,1.,1.,1.,1.,1.,1.,1.,1.,1.,1.,1.,1.,1.,1.,1.,1.,1.,        25P    353
1.,1.,1.,1.,1.,1.,1.,1.,1.,1.,1.,1.,1.,1.,1.,1.,1.,1.,1.,1.,1.,       25P    354
1.,1.,1.,1.,1.,1.,1.,1.,1.,1.,1.,1.,1.,1.,1.,1.,1.,225.265,           25P    355
0.5328,12.15,225.265,0.533668,12.15,225.263,0.534987,12.15,           25P    356
225.26,0.534729,12.15,225.258,0.532261,12.15,225.258,0.530095,        25P    357
12.15,225.258,0.5292,12.15,225.262,0.522187,12.15,225.269,            25P    358
0.504635,12.15,225.284,0.473198,12.15,225.304,0.431522,12.15,         25P    359
225.329,0.379769,12.15,225.359,0.321842,12.15,225.392,0.261046,       25P    360
12.15,225.426,0.201032,12.15,225.461,0.141709,12.15,225.497,          25P    361
0.0831827,12.15,225.535,0.0252951,12.15,225.574,-0.0313221,           25P    362
12.15,225.616,-0.0858583,12.15,225.661,-0.13822,12.15,225.708,        25P    363
-0.188122,12.15,225.758,-0.235654,12.15,225.808,-0.277664,12.15,      25P    364
225.854,-0.312426,12.15,225.892,-0.338518,12.15,225.922,              25P    365
-0.357009,12.15,225.938,-0.366899,12.15,225.948,-0.37239,12.15,       25P    366
225.955,-0.373699,12.15,225.963,-0.367718,12.15,225.965,              25P    367
-0.357538,12.15,225.962,-0.351484,12.15,225.959,-0.3497,12.15,        25P    368
225.953,-0.345421,12.15,225.937,-0.334593,12.15,225.91,               25P    369
-0.314502,12.15,225.874,-0.286693,12.15,225.83,-0.250295,12.15,       25P    370
225.783,-0.206997,12.15,225.735,-0.159032,12.15,225.689,              25P    371
-0.109112,12.15,225.645,-0.0572584,12.15,225.604,-0.00387842,         25P    372
12.15,225.564,0.0511963,12.15,225.526,0.10716,12.15,225.488,          25P    373
0.163592,12.15,225.451,0.220659,12.15,225.415,0.278013,12.15,         25P    374
225.379,0.336071,12.15,225.346,0.391158,12.15,225.317,0.440304,       25P    375
12.15,225.295,0.479797,12.15,225.278,0.509559,12.15,225.269,          25P    376
0.526158,12.15,225.265,0.5328,12.15,0.,2.33295,0.,0.,0.;              25P    377
126,55,3,0,1,1,0,0.,0.,0.,0.,0.00659315,0.013179,0.0197649,           27P    378
0.0263507,0.0263507,0.0492966,0.0836509,0.129513,0.186761,            27P    379
0.255357,0.324005,0.392547,0.461081,0.529586,0.598097,0.666533,       27P    380
0.735041,0.803534,0.871996,0.940431,1.00897,1.06602,1.1116,           27P    381
1.1459,1.1687,1.1687,1.1687,1.18141,1.19412,1.20682,1.2195,           27P    382
1.2195,1.2195,1.24147,1.27453,1.31859,1.37371,1.43981,1.50594,        27P    383
1.57201,1.63817,1.70426,1.77046,1.83665,1.90278,1.969,2.03525,        27P    384
2.10146,2.1678,2.22311,2.26731,2.30055,2.32263,2.32263,2.32263,       27P    385
2.32263,1.,1.,1.,1.,1.,1.,1.,1.,1.,1.,1.,1.,1.,1.,1.,1.,1.,1.,        27P    386
1.,1.,1.,1.,1.,1.,1.,1.,1.,1.,1.,1.,1.,1.,1.,1.,1.,1.,1.,1.,1.,       27P    387
1.,1.,1.,1.,1.,1.,1.,1.,1.,1.,1.,1.,1.,1.,1.,1.,1.,225.226,           27P    388
0.3861,10.658,225.224,0.387696,10.658,225.22,0.389802,10.658,         27P    389
225.213,0.388014,10.658,225.209,0.38219,10.658,225.209,0.37738,       27P    390
10.658,225.214,0.368503,10.658,225.222,0.35136,10.658,225.238,        27P    391
0.320796,10.658,225.26,0.280952,10.658,225.291,0.232426,10.658,       27P    392
225.328,0.179451,10.658,225.371,0.126011,10.658,225.417,              27P    393
0.0750827,10.658,225.466,0.0273036,10.658,225.518,-0.0174511,         27P    394
10.658,225.573,-0.0588865,10.658,225.63,-0.0973152,10.658,            27P    395
225.687,-0.133927,10.658,225.746,-0.168567,10.658,225.807,            27P    396
-0.200965,10.658,225.868,-0.231152,10.658,225.927,-0.257748,          27P    397
10.658,225.98,-0.279281,10.658,226.023,-0.295539,10.658,226.055,      27P    398
-0.307021,10.658,226.073,-0.313113,10.658,226.08,-0.3155,10.658,      27P    399
226.084,-0.31683,10.658,226.094,-0.31642,10.658,226.103,              27P    400
-0.306202,10.658,226.103,-0.292225,10.658,226.097,-0.285528,          27P    401
10.658,226.093,-0.2838,10.658,226.086,-0.280803,10.658,226.069,       27P    402
-0.273207,10.658,226.039,-0.259109,10.658,226.,-0.23961,10.658,       27P    403
225.951,-0.214051,10.658,225.897,-0.183204,10.658,225.84,             27P    404
-0.148711,10.658,225.785,-0.112395,10.658,225.731,-0.0742254,         27P    405
10.658,225.679,-0.034155,10.658,225.627,0.00758588,10.658,            27P    406
225.577,0.0506172,10.658,225.527,0.0940674,10.658,225.478,            27P    407
0.138434,10.658,225.429,0.183262,10.658,225.381,0.228901,10.658,      27P    408
225.336,0.272749,10.658,225.297,0.311803,10.658,225.266,              27P    409
0.343422,10.658,225.243,0.367395,10.658,225.231,0.380758,10.658,      27P    410
225.226,0.3861,10.658,0.,2.32263,0.,0.,0.;                            27P    411
128,363,12,3,3,1,0,1,0,0,0.,0.,0.,0.,0.00335855,0.00442821,           29P    412
0.00546587,0.00659315,0.00885309,0.0102957,0.0116088,0.0116088,       29P    413
0.013179,0.013179,0.0154463,0.0154463,0.0164472,0.0174238,            29P    414
0.0174238,0.0184251,0.0197649,0.0197649,0.0219378,0.0219378,          29P    415
0.0232387,0.0232387,0.0245668,0.0245668,0.0263507,0.0263507,          29P    416
0.0346391,0.0363339,0.0374098,0.0391161,0.0405547,0.0433498,          29P    417
0.0447206,0.0474059,0.0492966,0.0691627,0.0716724,0.0734829,          29P    418
0.0747856,0.0775919,0.0788957,0.0802377,0.0816003,0.0836509,          29P    419
0.11512,0.117469,0.1192,0.120401,0.123068,0.124485,0.12587,           29P    420
0.127267,0.129513,0.172468,0.174718,0.176282,0.177467,0.180086,       29P    421
0.181354,0.184289,0.185727,0.186761,0.241262,0.243316,0.244765,       29P    422
0.245905,0.248368,0.2497,0.251121,0.252679,0.254266,0.255357,         29P    423
0.309952,0.311972,0.314279,0.316582,0.318,0.319456,0.321075,          29P    424
0.322766,0.324005,0.378746,0.380454,0.382736,0.384878,0.386232,       29P    425
0.387787,0.389388,0.391302,0.392547,0.447401,0.449017,0.451075,       29P    426
0.453122,0.454475,0.45599,0.457715,0.459666,0.461081,0.515944,        29P    427
0.517583,0.519393,0.521356,0.52267,0.524269,0.526069,0.528137,        29P    428
0.529586,0.584538,0.586068,0.587732,0.589581,0.590964,0.592519,       29P    429
0.594396,0.59651,0.598097,0.653114,0.654483,0.655997,0.657869,        29P    430
0.659097,0.660773,0.662745,0.664964,0.666533,0.721616,0.722932,       29P    431
0.724356,0.725997,0.727344,0.729017,0.730996,0.733352,0.735041,       29P    432
0.790111,0.791295,0.792588,0.794222,0.79547,0.797164,0.799286,        29P    433
0.801751,0.803534,0.859613,0.860796,0.862376,0.863659,0.865409,       29P    434
0.867621,0.8701,0.871996,0.927896,0.929036,0.930571,0.931812,         29P    435
0.933567,0.9359,0.938527,0.940431,0.995968,0.997142,0.998644,         29P    436
0.999908,1.00178,1.00418,1.00684,1.00897,1.054,1.05545,1.05669,       29P    437
1.05855,1.06102,1.06386,1.06602,1.09939,1.10082,1.10204,1.104,        29P    438
1.10661,1.10945,1.1116,1.13343,1.13484,1.13616,1.13806,1.14068,       29P    439
1.14364,1.1561,1.1561,1.15756,1.15756,1.15885,1.15885,1.1608,         29P    440
1.1608,1.16343,1.16343,1.16521,1.1665,1.1665,1.1687,1.1687,           29P    441
1.17016,1.17247,1.17554,1.17695,1.17898,1.18141,1.18414,1.18616,      29P    442
1.18765,1.19146,1.19279,1.19412,1.19412,1.1958,1.1958,1.19776,        29P    443
1.19776,1.19976,1.20155,1.20155,1.20394,1.20394,1.20682,1.20682,      29P    444
1.21181,1.21181,1.21638,1.21638,1.2176,1.2195,1.2195,1.22393,         29P    445
1.22651,1.22972,1.23398,1.23844,1.24147,1.2509,1.25243,1.25388,       29P    446
1.25752,1.26002,1.26318,1.26727,1.27159,1.27453,1.29589,1.2974,       29P    447
1.29879,1.30229,1.30471,1.30778,1.31167,1.31576,1.31859,1.35215,      29P    448
1.35356,1.35487,1.35834,1.36058,1.36349,1.3671,1.37103,1.37371,       29P    449
1.41966,1.42095,1.4223,1.42552,1.42763,1.43029,1.43374,1.4373,        29P    450
1.43981,1.48726,1.48848,1.48969,1.49273,1.49475,1.49719,1.5003,       29P    451
1.50357,1.50594,1.55483,1.55603,1.55709,1.55996,1.5618,1.56405,       29P    452
1.56695,1.56989,1.62239,1.62346,1.62461,1.62723,1.62888,1.63089,      29P    453
1.63356,1.63618,1.63817,1.69004,1.69107,1.69208,1.69446,1.69597,      29P    454
1.69787,1.70017,1.70254,1.70426,1.75772,1.75957,1.7631,1.76478,       29P    455
1.76679,1.76889,1.77046,1.82546,1.82712,1.82906,1.83025,1.83163,      29P    456
1.83346,1.83522,1.83665,1.89316,1.89467,1.89627,1.8973,1.89856,       29P    457
1.90013,1.90166,1.90278,1.96095,1.96215,1.96445,1.96545,1.96679,      29P    458
1.96799,1.969,2.02846,2.02969,2.03092,2.03244,2.03346,2.03525,        29P    459
2.09629,2.09729,2.09873,2.10014,2.10146,2.16487,2.16638,2.1678,       29P    460
2.22161,2.22274,2.26626,2.26731,2.30055,2.32263,2.32263,2.32263,      29P    461
2.32263,0.,0.,0.,0.,0.107284,0.257892,0.407293,0.552315,              29P    462
0.692992,0.968874,1.10833,1.25078,1.36013,1.50099,1.50099,            29P    463
1.50099,1.50099,1.,1.,1.,1.,1.,1.,1.,1.,1.,1.,1.,1.,1.,1.,1.,1.,      29P    464
1.,1.,1.,1.,1.,1.,1.,1.,1.,1.,1.,1.,1.,1.,1.,1.,1.,1.,1.,1.,1.,       29P    465
1.,1.,1.,1.,1.,1.,1.,1.,1.,1.,1.,1.,1.,1.,1.,1.,1.,1.,1.,1.,1.,       29P    466
1.,1.,1.,1.,1.,1.,1.,1.,1.,1.,1.,1.,1.,1.,1.,1.,1.,1.,1.,1.,1.,       29P    467
1.,1.,1.,1.,1.,1.,1.,1.,1.,1.,1.,1.,1.,1.,1.,1.,1.,1.,1.,1.,1.,       29P    468
1.,1.,1.,1.,1.,1.,1.,1.,1.,1.,1.,1.,1.,1.,1.,1.,1.,1.,1.,1.,1.,       29P    469
1.,1.,1.,1.,1.,1.,1.,1.,1.,1.,1.,1.,1.,1.,1.,1.,1.,1.,1.,1.,1.,       29P    470
1.,1.,1.,1.,1.,1.,1.,1.,1.,1.,1.,1.,1.,1.,1.,1.,1.,1.,1.,1.,1.,       29P    471
1.,1.,1.,1.,1.,1.,1.,1.,1.,1.,1.,1.,1.,1.,1.,1.,1.,1.,1.,1.,1.,       29P    472
1.,1.,1.,1.,1.,1.,1.,1.,1.,1.,1.,1.,1.,1.,1.,1.,1.,1.,1.,1.,1.,       29P    473
1.,1.,1.,1.,1.,1.,1.,1.,1.,1.,1.,1.,1.,1.,1.,1.,1.,1.,1.,1.,1.,       29P    474
1.,1.,1.,1.,1.,1.,1.,1.,1.,1.,1.,1.,1.,1.,1.,1.,1.,1.,1.,1.,1.,       29P    475
1.,1.,1.,1.,1.,1.,1.,1.,1.,1.,1.,1.,1.,1.,1.,1.,1.,1.,1.,1.,1.,       29P    476
1.,1.,1.,1.,1.,1.,1.,1.,1.,1.,1.,1.,1.,1.,1.,1.,1.,1.,1.,1.,1.,       29P    477
1.,1.,1.,1.,1.,1.,1.,1.,1.,1.,1.,1.,1.,1.,1.,1.,1.,1.,1.,1.,1.,       29P    478
1.,1.,1.,1.,1.,1.,1.,1.,1.,1.,1.,1.,1.,1.,1.,1.,1.,1.,1.,1.,1.,       29P    479
1.,1.,1.,1.,1.,1.,1.,1.,1.,1.,1.,1.,1.,1.,1.,1.,1.,1.,1.,1.,1.,       29P    480
1.,1.,1.,1.,1.,1.,1.,1.,1.,1.,1.,1.,1.,1.,1.,1.,1.,1.,1.,1.,1.,       29P    481
1.,1.,1.,1.,1.,1.,1.,1.,1.,1.,1.,1.,1.,1.,1.,1.,1.,1.,1.,1.,1.,       29P    482
1.,1.,1.,1.,1.,1.,1.,1.,1.,1.,1.,1.,1.,1.,1.,1.,1.,1.,1.,1.,1.,       29P    483
1.,1.,1.,1.,1.,1.,1.,1.,1.,1.,1.,1.,1.,1.,1.,1.,1.,1.,1.,1.,1.,       29P    484
1.,1.,1.,1.,1.,1.,1.,1.,1.,1.,1.,1.,1.,1.,1.,1.,1.,1.,1.,1.,1.,       29P    485
1.,1.,1.,1.,1.,1.,1.,1.,1.,1.,1.,1.,1.,1.,1.,1.,1.,1.,1.,1.,1.,       29P    486
1.,1.,1.,1.,1.,1.,1.,1.,1.,1.,1.,1.,1.,1.,1.,1.,1.,1.,1.,1.,1.,       29P    487
1.,1.,1.,1.,1.,1.,1.,1.,1.,1.,1.,1.,1.,1.,1.,1.,1.,1.,1.,1.,1.,       29P    488
1.,1.,1.,1.,1.,1.,1.,1.,1.,1.,1.,1.,1.,1.,1.,1.,1.,1.,1.,1.,1.,       29P    489
1.,1.,1.,1.,1.,1.,1.,1.,1.,1.,1.,1.,1.,1.,1.,1.,1.,1.,1.,1.,1.,       29P    490
1.,1.,1.,1.,1.,1.,1.,1.,1.,1.,1.,1.,1.,1.,1.,1.,1.,1.,1.,1.,1.,       29P    491
1.,1.,1.,1.,1.,1.,1.,1.,1.,1.,1.,1.,1.,1.,1.,1.,1.,1.,1.,1.,1.,       29P    492
1.,1.,1.,1.,1.,1.,1.,1.,1.,1.,1.,1.,1.,1.,1.,1.,1.,1.,1.,1.,1.,       29P    493
1.,1.,1.,1.,1.,1.,1.,1.,1.,1.,1.,1.,1.,1.,1.,1.,1.,1.,1.,1.,1.,       29P    494
1.,1.,1.,1.,1.,1.,1.,1.,1.,1.,1.,1.,1.,1.,1.,1.,1.,1.,1.,1.,1.,       29P    495
1.,1.,1.,1.,1.,1.,1.,1.,1.,1.,1.,1.,1.,1.,1.,1.,1.,1.,1.,1.,1.,       29P    496
1.,1.,1.,1.,1.,1.,1.,1.,1.,1.,1.,1.,1.,1.,1.,1.,1.,1.,1.,1.,1.,       29P    497
1.,1.,1.,1.,1.,1.,1.,1.,1.,1.,1.,1.,1.,1.,1.,1.,1.,1.,1.,1.,1.,       29P    498
1.,1.,1.,1.,1.,1.,1.,1.,1.,1.,1.,1.,1.,1.,1.,1.,1.,1.,1.,1.,1.,       29P    499
1.,1.,1.,1.,1.,1.,1.,1.,1.,1.,1.,1.,1.,1.,1.,1.,1.,1.,1.,1.,1.,       29P    500
1.,1.,1.,1.,1.,1.,1.,1.,1.,1.,1.,1.,1.,1.,1.,1.,1.,1.,1.,1.,1.,       29P    501
1.,1.,1.,1.,1.,1.,1.,1.,1.,1.,1.,1.,1.,1.,1.,1.,1.,1.,1.,1.,1.,       29P    502
1.,1.,1.,1.,1.,1.,1.,1.,1.,1.,1.,1.,1.,1.,1.,1.,1.,1.,1.,1.,1.,       29P    503
1.,1.,1.,1.,1.,1.,1.,1.,1.,1.,1.,1.,1.,1.,1.,1.,1.,1.,1.,1.,1.,       29P    504
1.,1.,1.,1.,1.,1.,1.,1.,1.,1.,1.,1.,1.,1.,1.,1.,1.,1.,1.,1.,1.,       29P    505
1.,1.,1.,1.,1.,1.,1.,1.,1.,1.,1.,1.,1.,1.,1.,1.,1.,1.,1.,1.,1.,       29P    506
1.,1.,1.,1.,1.,1.,1.,1.,1.,1.,1.,1.,1.,1.,1.,1.,1.,1.,1.,1.,1.,       29P    507
1.,1.,1.,1.,1.,1.,1.,1.,1.,1.,1.,1.,1.,1.,1.,1.,1.,1.,1.,1.,1.,       29P    508
1.,1.,1.,1.,1.,1.,1.,1.,1.,1.,1.,1.,1.,1.,1.,1.,1.,1.,1.,1.,1.,       29P    509
1.,1.,1.,1.,1.,1.,1.,1.,1.,1.,1.,1.,1.,1.,1.,1.,1.,1.,1.,1.,1.,       29P    510
1.,1.,1.,1.,1.,1.,1.,1.,1.,1.,1.,1.,1.,1.,1.,1.,1.,1.,1.,1.,1.,       29P    511
1.,1.,1.,1.,1.,1.,1.,1.,1.,1.,1.,1.,1.,1.,1.,1.,1.,1.,1.,1.,1.,       29P    512
1.,1.,1.,1.,1.,1.,1.,1.,1.,1.,1.,1.,1.,1.,1.,1.,1.,1.,1.,1.,1.,       29P    513
1.,1.,1.,1.,1.,1.,1.,1.,1.,1.,1.,1.,1.,1.,1.,1.,1.,1.,1.,1.,1.,       29P    514
1.,1.,1.,1.,1.,1.,1.,1.,1.,1.,1.,1.,1.,1.,1.,1.,1.,1.,1.,1.,1.,       29P    515
1.,1.,1.,1.,1.,1.,1.,1.,1.,1.,1.,1.,1.,1.,1.,1.,1.,1.,1.,1.,1.,       29P    516
1.,1.,1.,1.,1.,1.,1.,1.,1.,1.,1.,1.,1.,1.,1.,1.,1.,1.,1.,1.,1.,       29P    517
1.,1.,1.,1.,1.,1.,1.,1.,1.,1.,1.,1.,1.,1.,1.,1.,1.,1.,1.,1.,1.,       29P    518
1.,1.,1.,1.,1.,1.,1.,1.,1.,1.,1.,1.,1.,1.,1.,1.,1.,1.,1.,1.,1.,       29P    519
1.,1.,1.,1.,1.,1.,1.,1.,1.,1.,1.,1.,1.,1.,1.,1.,1.,1.,1.,1.,1.,       29P    520
1.,1.,1.,1.,1.,1.,1.,1.,1.,1.,1.,1.,1.,1.,1.,1.,1.,1.,1.,1.,1.,       29P    521
1.,1.,1.,1.,1.,1.,1.,1.,1.,1.,1.,1.,1.,1.,1.,1.,1.,1.,1.,1.,1.,       29P    522
1.,1.,1.,1.,1.,1.,1.,1.,1.,1.,1.,1.,1.,1.,1.,1.,1.,1.,1.,1.,1.,       29P    523
1.,1.,1.,1.,1.,1.,1.,1.,1.,1.,1.,1.,1.,1.,1.,1.,1.,1.,1.,1.,1.,       29P    524
1.,1.,1.,1.,1.,1.,1.,1.,1.,1.,1.,1.,1.,1.,1.,1.,1.,1.,1.,1.,1.,       29P    525
1.,1.,1.,1.,1.,1.,1.,1.,1.,1.,1.,1.,1.,1.,1.,1.,1.,1.,1.,1.,1.,       29P    526
1.,1.,1.,1.,1.,1.,1.,1.,1.,1.,1.,1.,1.,1.,1.,1.,1.,1.,1.,1.,1.,       29P    527
1.,1.,1.,1.,1.,1.,1.,1.,1.,1.,1.,1.,1.,1.,1.,1.,1.,1.,1.,1.,1.,       29P    528
1.,1.,1.,1.,1.,1.,1.,1.,1.,1.,1.,1.,1.,1.,1.,1.,1.,1.,1.,1.,1.,       29P    529
1.,1.,1.,1.,1.,1.,1.,1.,1.,1.,1.,1.,1.,1.,1.,1.,1.,1.,1.,1.,1.,       29P    530
1.,1.,1.,1.,1.,1.,1.,1.,1.,1.,1.,1.,1.,1.,1.,1.,1.,1.,1.,1.,1.,       29P    531
1.,1.,1.,1.,1.,1.,1.,1.,1.,1.,1.,1.,1.,1.,1.,1.,1.,1.,1.,1.,1.,       29P    532
1.,1.,1.,1.,1.,1.,1.,1.,1.,1.,1.,1.,1.,1.,1.,1.,1.,1.,1.,1.,1.,       29P    533
1.,1.,1.,1.,1.,1.,1.,1.,1.,1.,1.,1.,1.,1.,1.,1.,1.,1.,1.,1.,1.,       29P    534
1.,1.,1.,1.,1.,1.,1.,1.,1.,1.,1.,1.,1.,1.,1.,1.,1.,1.,1.,1.,1.,       29P    535
1.,1.,1.,1.,1.,1.,1.,1.,1.,1.,1.,1.,1.,1.,1.,1.,1.,1.,1.,1.,1.,       29P    536
1.,1.,1.,1.,1.,1.,1.,1.,1.,1.,1.,1.,1.,1.,1.,1.,1.,1.,1.,1.,1.,       29P    537
1.,1.,1.,1.,1.,1.,1.,1.,1.,1.,1.,1.,1.,1.,1.,1.,1.,1.,1.,1.,1.,       29P    538
1.,1.,1.,1.,1.,1.,1.,1.,1.,1.,1.,1.,1.,1.,1.,1.,1.,1.,1.,1.,1.,       29P    539
1.,1.,1.,1.,1.,1.,1.,1.,1.,1.,1.,1.,1.,1.,1.,1.,1.,1.,1.,1.,1.,       29P    540
1.,1.,1.,1.,1.,1.,1.,1.,1.,1.,1.,1.,1.,1.,1.,1.,1.,1.,1.,1.,1.,       29P    541
1.,1.,1.,1.,1.,1.,1.,1.,1.,1.,1.,1.,1.,1.,1.,1.,1.,1.,1.,1.,1.,       29P    542
1.,1.,1.,1.,1.,1.,1.,1.,1.,1.,1.,1.,1.,1.,1.,1.,1.,1.,1.,1.,1.,       29P    543
1.,1.,1.,1.,1.,1.,1.,1.,1.,1.,1.,1.,1.,1.,1.,1.,1.,1.,1.,1.,1.,       29P    544
1.,1.,1.,1.,1.,1.,1.,1.,1.,1.,1.,1.,1.,1.,1.,1.,1.,1.,1.,1.,1.,       29P    545
1.,1.,1.,1.,1.,1.,1.,1.,1.,1.,1.,1.,1.,1.,1.,1.,1.,1.,1.,1.,1.,       29P    546
1.,1.,1.,1.,1.,1.,1.,1.,1.,1.,1.,1.,1.,1.,1.,1.,1.,1.,1.,1.,1.,       29P    547
1.,1.,1.,1.,1.,1.,1.,1.,1.,1.,1.,1.,1.,1.,1.,1.,1.,1.,1.,1.,1.,       29P    548
1.,1.,1.,1.,1.,1.,1.,1.,1.,1.,1.,1.,1.,1.,1.,1.,1.,1.,1.,1.,1.,       29P    549
1.,1.,1.,1.,1.,1.,1.,1.,1.,1.,1.,1.,1.,1.,1.,1.,1.,1.,1.,1.,1.,       29P    550
1.,1.,1.,1.,1.,1.,1.,1.,1.,1.,1.,1.,1.,1.,1.,1.,1.,1.,1.,1.,1.,       29P    551
1.,1.,1.,1.,1.,1.,1.,1.,1.,1.,1.,1.,1.,1.,1.,1.,1.,1.,1.,1.,1.,       29P    552
1.,1.,1.,1.,1.,1.,1.,1.,1.,1.,1.,1.,1.,1.,1.,1.,1.,1.,1.,1.,1.,       29P    553
1.,1.,1.,1.,1.,1.,1.,1.,1.,1.,1.,1.,1.,1.,1.,1.,1.,1.,1.,1.,1.,       29P    554
1.,1.,1.,1.,1.,1.,1.,1.,1.,1.,1.,1.,1.,1.,1.,1.,1.,1.,1.,1.,1.,       29P    555
1.,1.,1.,1.,1.,1.,1.,1.,1.,1.,1.,1.,1.,1.,1.,1.,1.,1.,1.,1.,1.,       29P    556
1.,1.,1.,1.,1.,1.,1.,1.,1.,1.,1.,1.,1.,1.,1.,1.,1.,1.,1.,1.,1.,       29P    557
1.,1.,1.,1.,1.,1.,1.,1.,1.,1.,1.,1.,1.,1.,1.,1.,1.,1.,1.,1.,1.,       29P    558
1.,1.,1.,1.,1.,1.,1.,1.,1.,1.,1.,1.,1.,1.,1.,1.,1.,1.,1.,1.,1.,       29P    559
1.,1.,1.,1.,1.,1.,1.,1.,1.,1.,1.,1.,1.,1.,1.,1.,1.,1.,1.,1.,1.,       29P    560
1.,1.,1.,1.,1.,1.,1.,1.,1.,1.,1.,1.,1.,1.,1.,1.,1.,1.,1.,1.,1.,       29P    561
1.,1.,1.,1.,1.,1.,1.,1.,1.,1.,1.,1.,1.,1.,1.,1.,1.,1.,1.,1.,1.,       29P    562
1.,1.,1.,1.,1.,1.,1.,1.,1.,1.,1.,1.,1.,1.,1.,1.,1.,1.,1.,1.,1.,       29P    563
1.,1.,1.,1.,1.,1.,1.,1.,1.,1.,1.,1.,1.,1.,1.,1.,1.,1.,1.,1.,1.,       29P    564
1.,1.,1.,1.,1.,1.,1.,1.,1.,1.,1.,1.,1.,1.,1.,1.,1.,1.,1.,1.,1.,       29P    565
1.,1.,1.,1.,1.,1.,1.,1.,1.,1.,1.,1.,1.,1.,1.,1.,1.,1.,1.,1.,1.,       29P    566
1.,1.,1.,1.,1.,1.,1.,1.,1.,1.,1.,1.,1.,1.,1.,1.,1.,1.,1.,1.,1.,       29P    567
1.,1.,1.,1.,1.,1.,1.,1.,1.,1.,1.,1.,1.,1.,1.,1.,1.,1.,1.,1.,1.,       29P    568
1.,1.,1.,1.,1.,1.,1.,1.,1.,1.,1.,1.,1.,1.,1.,1.,1.,1.,1.,1.,1.,       29P    569
1.,1.,1.,1.,1.,1.,1.,1.,1.,1.,1.,1.,1.,1.,1.,1.,1.,1.,1.,1.,1.,       29P    570
1.,1.,1.,1.,1.,1.,1.,1.,1.,1.,1.,1.,1.,1.,1.,1.,1.,1.,1.,1.,1.,       29P    571
1.,1.,1.,1.,1.,1.,1.,1.,1.,1.,1.,1.,1.,1.,1.,1.,1.,1.,1.,1.,1.,       29P    572
1.,1.,1.,1.,1.,1.,1.,1.,1.,1.,1.,1.,1.,1.,1.,1.,1.,1.,1.,1.,1.,       29P    573
1.,1.,1.,1.,1.,1.,1.,1.,1.,1.,1.,1.,1.,1.,1.,1.,1.,1.,1.,1.,1.,       29P    574
1.,1.,1.,1.,1.,1.,1.,1.,1.,1.,1.,1.,1.,1.,1.,1.,1.,1.,1.,1.,1.,       29P    575
1.,1.,1.,1.,1.,1.,1.,1.,1.,1.,1.,1.,1.,1.,1.,1.,1.,1.,1.,1.,1.,       29P    576
1.,1.,1.,1.,1.,1.,1.,1.,1.,1.,1.,1.,1.,1.,1.,1.,1.,1.,1.,1.,1.,       29P    577
1.,1.,1.,1.,1.,1.,1.,1.,1.,1.,1.,1.,1.,1.,1.,1.,1.,1.,1.,1.,1.,       29P    578
1.,1.,1.,1.,1.,1.,1.,1.,1.,1.,1.,1.,1.,1.,1.,1.,1.,1.,1.,1.,1.,       29P    579
1.,1.,1.,1.,1.,1.,1.,1.,1.,1.,1.,1.,1.,1.,1.,1.,1.,1.,1.,1.,1.,       29P    580
1.,1.,1.,1.,1.,1.,1.,1.,1.,1.,1.,1.,1.,1.,1.,1.,1.,1.,1.,1.,1.,       29P    581
1.,1.,1.,1.,1.,1.,1.,1.,1.,1.,1.,1.,1.,1.,1.,1.,1.,1.,1.,1.,1.,       29P    582
1.,1.,1.,1.,1.,1.,1.,1.,1.,1.,1.,1.,1.,1.,1.,1.,1.,1.,1.,1.,1.,       29P    583
1.,1.,1.,1.,1.,1.,1.,1.,1.,1.,1.,1.,1.,1.,1.,1.,1.,1.,1.,1.,1.,       29P    584
1.,1.,1.,1.,1.,1.,1.,1.,1.,1.,1.,1.,1.,1.,1.,1.,1.,1.,1.,1.,1.,       29P    585
1.,1.,1.,1.,1.,1.,1.,1.,1.,1.,1.,1.,1.,1.,1.,1.,1.,1.,1.,1.,1.,       29P    586
1.,1.,1.,1.,1.,1.,1.,1.,1.,1.,1.,1.,1.,1.,1.,1.,1.,1.,1.,1.,1.,       29P    587
1.,1.,1.,1.,1.,1.,1.,1.,1.,1.,1.,1.,1.,1.,1.,1.,1.,1.,1.,1.,1.,       29P    588
1.,1.,1.,1.,1.,1.,1.,1.,1.,1.,1.,1.,1.,1.,1.,1.,1.,1.,1.,1.,1.,       29P    589
1.,1.,1.,1.,1.,1.,1.,1.,1.,1.,1.,1.,1.,1.,1.,1.,1.,1.,1.,1.,1.,       29P    590
1.,1.,1.,1.,1.,1.,1.,1.,1.,1.,1.,1.,1.,1.,1.,1.,1.,1.,1.,1.,1.,       29P    591
1.,1.,1.,1.,1.,1.,1.,1.,1.,1.,1.,1.,1.,1.,1.,1.,1.,1.,1.,1.,1.,       29P    592
1.,1.,1.,1.,1.,1.,1.,1.,1.,1.,1.,1.,1.,1.,1.,1.,1.,1.,1.,1.,1.,       29P    593
1.,1.,1.,1.,1.,1.,1.,1.,1.,1.,1.,1.,1.,1.,1.,1.,1.,1.,1.,1.,1.,       29P    594
1.,1.,1.,1.,1.,1.,1.,1.,1.,1.,1.,1.,1.,1.,1.,1.,1.,1.,1.,1.,1.,       29P    595
1.,1.,1.,1.,1.,1.,1.,1.,1.,1.,1.,1.,1.,1.,1.,1.,1.,1.,1.,1.,1.,       29P    596
1.,1.,1.,1.,1.,1.,1.,1.,1.,1.,1.,1.,1.,1.,1.,1.,1.,1.,1.,1.,1.,       29P    597
1.,1.,1.,1.,1.,1.,1.,1.,1.,1.,1.,1.,1.,1.,1.,1.,1.,1.,1.,1.,1.,       29P    598
1.,1.,1.,1.,1.,1.,1.,1.,1.,1.,1.,1.,1.,1.,1.,1.,1.,1.,1.,1.,1.,       29P    599
1.,1.,1.,1.,1.,1.,1.,1.,1.,1.,1.,1.,1.,1.,1.,1.,1.,1.,1.,1.,1.,       29P    600
1.,1.,1.,1.,1.,1.,1.,1.,1.,1.,1.,1.,1.,1.,1.,1.,1.,1.,1.,1.,1.,       29P    601
1.,1.,1.,1.,1.,1.,1.,1.,1.,1.,1.,1.,1.,1.,1.,1.,1.,1.,1.,1.,1.,       29P    602
1.,1.,1.,1.,1.,1.,1.,1.,1.,1.,1.,1.,1.,1.,1.,1.,1.,1.,1.,1.,1.,       29P    603
1.,1.,1.,1.,1.,1.,1.,1.,1.,1.,1.,1.,1.,1.,1.,1.,1.,1.,1.,1.,1.,       29P    604
1.,1.,1.,1.,1.,1.,1.,1.,1.,1.,1.,1.,1.,1.,1.,1.,1.,1.,1.,1.,1.,       29P    605
1.,1.,1.,1.,1.,1.,1.,1.,1.,1.,1.,1.,1.,1.,1.,1.,1.,1.,1.,1.,1.,       29P    606
1.,1.,1.,1.,1.,1.,1.,1.,1.,1.,1.,1.,1.,1.,1.,1.,1.,1.,1.,1.,1.,       29P    607
1.,1.,1.,1.,1.,1.,1.,1.,1.,1.,1.,1.,1.,1.,1.,1.,1.,1.,1.,1.,1.,       29P    608
1.,1.,1.,1.,1.,1.,1.,1.,1.,1.,1.,1.,1.,1.,1.,1.,1.,1.,1.,1.,1.,       29P    609
1.,1.,1.,1.,1.,1.,1.,1.,1.,1.,1.,1.,1.,1.,1.,1.,1.,1.,1.,1.,1.,       29P    610
1.,1.,1.,1.,1.,1.,1.,1.,1.,1.,1.,1.,1.,1.,1.,1.,1.,1.,1.,1.,1.,       29P    611
1.,1.,1.,1.,1.,1.,1.,1.,1.,1.,1.,1.,1.,1.,1.,1.,1.,1.,1.,1.,1.,       29P    612
1.,1.,1.,1.,1.,1.,1.,1.,1.,1.,1.,1.,1.,1.,1.,1.,1.,1.,1.,1.,1.,       29P    613
1.,1.,1.,1.,1.,1.,1.,1.,1.,1.,1.,1.,1.,1.,1.,1.,1.,1.,1.,1.,1.,       29P    614
1.,1.,1.,1.,1.,1.,1.,1.,1.,1.,1.,1.,1.,1.,1.,1.,1.,1.,1.,1.,1.,       29P    615
1.,1.,1.,1.,1.,1.,1.,1.,1.,1.,1.,1.,1.,1.,1.,1.,1.,1.,1.,1.,1.,       29P    616
1.,1.,1.,1.,1.,1.,1.,1.,1.,1.,1.,1.,1.,1.,1.,1.,1.,1.,1.,1.,1.,       29P    617
1.,1.,1.,1.,1.,1.,1.,1.,1.,1.,1.,1.,1.,1.,1.,1.,1.,1.,1.,1.,1.,       29P    618
1.,1.,1.,1.,1.,1.,1.,1.,1.,1.,1.,1.,1.,1.,1.,1.,1.,1.,1.,1.,1.,       29P    619
1.,1.,1.,1.,1.,1.,1.,1.,1.,1.,1.,1.,1.,1.,1.,1.,1.,1.,1.,1.,1.,       29P    620
1.,1.,1.,1.,1.,1.,1.,1.,1.,1.,1.,1.,1.,1.,1.,1.,1.,1.,1.,1.,1.,       29P    621
1.,1.,1.,1.,1.,1.,1.,1.,1.,1.,1.,1.,1.,1.,1.,1.,1.,1.,1.,1.,1.,       29P    622
1.,1.,1.,1.,1.,1.,1.,1.,1.,1.,1.,1.,1.,1.,1.,1.,1.,1.,1.,1.,1.,       29P    623
1.,1.,1.,1.,1.,1.,1.,1.,1.,1.,1.,1.,1.,1.,1.,1.,1.,1.,1.,1.,1.,       29P    624
1.,1.,1.,1.,1.,1.,1.,1.,1.,1.,1.,1.,1.,1.,1.,1.,1.,1.,1.,1.,1.,       29P    625
1.,1.,1.,1.,1.,1.,1.,1.,1.,1.,1.,1.,1.,1.,1.,1.,1.,1.,1.,1.,1.,       29P    626
1.,1.,1.,1.,1.,1.,1.,1.,1.,1.,1.,1.,1.,1.,1.,1.,1.,1.,1.,1.,1.,       29P    627
1.,1.,1.,1.,1.,1.,1.,1.,1.,1.,1.,1.,1.,1.,1.,1.,1.,1.,1.,1.,1.,       29P    628
1.,1.,1.,1.,1.,1.,1.,1.,1.,1.,1.,1.,1.,1.,1.,1.,1.,1.,1.,1.,1.,       29P    629
1.,1.,1.,1.,1.,1.,1.,1.,1.,1.,1.,1.,1.,1.,1.,1.,1.,1.,1.,1.,1.,       29P    630
1.,1.,1.,1.,1.,1.,1.,1.,1.,1.,1.,1.,1.,1.,1.,1.,1.,1.,1.,1.,1.,       29P    631
1.,1.,1.,1.,1.,1.,1.,1.,1.,1.,1.,1.,1.,1.,1.,1.,1.,1.,1.,1.,1.,       29P    632
1.,1.,1.,1.,1.,1.,1.,1.,1.,1.,1.,1.,1.,1.,1.,1.,1.,1.,1.,1.,1.,       29P    633
1.,1.,1.,1.,1.,1.,1.,1.,1.,1.,1.,1.,1.,1.,1.,1.,1.,1.,1.,1.,1.,       29P    634
1.,1.,1.,1.,1.,1.,1.,1.,1.,1.,1.,1.,1.,1.,1.,1.,1.,1.,1.,1.,1.,       29P    635
1.,1.,1.,1.,1.,1.,1.,1.,1.,1.,1.,1.,1.,1.,1.,1.,1.,1.,1.,1.,1.,       29P    636
1.,1.,1.,1.,1.,1.,1.,1.,1.,1.,1.,1.,1.,1.,1.,1.,1.,1.,1.,1.,1.,       29P    637
1.,1.,1.,1.,1.,1.,1.,1.,1.,1.,1.,1.,1.,1.,1.,1.,1.,1.,1.,1.,1.,       29P    638
1.,1.,1.,1.,1.,1.,1.,1.,1.,1.,1.,1.,1.,1.,1.,1.,1.,1.,1.,1.,1.,       29P    639
1.,1.,1.,1.,1.,1.,1.,1.,1.,1.,1.,1.,1.,1.,1.,1.,1.,1.,1.,1.,1.,       29P    640
1.,1.,1.,1.,1.,1.,1.,1.,1.,1.,1.,1.,1.,1.,1.,1.,1.,1.,1.,1.,1.,       29P    641
1.,1.,1.,1.,1.,1.,1.,1.,1.,1.,1.,1.,1.,1.,1.,1.,1.,1.,1.,1.,1.,       29P    642
1.,1.,1.,1.,1.,1.,1.,1.,1.,1.,1.,1.,1.,1.,1.,1.,1.,1.,1.,1.,1.,       29P    643
1.,1.,1.,1.,1.,1.,1.,1.,1.,1.,1.,1.,1.,1.,1.,1.,1.,1.,1.,1.,1.,       29P    644
1.,1.,1.,1.,1.,1.,1.,1.,1.,1.,1.,1.,1.,1.,1.,1.,1.,1.,1.,1.,1.,       29P    645
1.,1.,1.,1.,1.,1.,1.,1.,1.,1.,1.,1.,1.,1.,1.,1.,1.,1.,1.,1.,1.,       29P    646
1.,1.,1.,1.,1.,1.,1.,1.,1.,1.,1.,1.,1.,1.,1.,1.,1.,1.,1.,1.,1.,       29P    647
1.,1.,1.,1.,1.,1.,1.,1.,1.,1.,1.,1.,1.,1.,1.,1.,1.,1.,1.,1.,1.,       29P    648
1.,1.,1.,1.,1.,1.,1.,1.,1.,1.,1.,1.,1.,1.,1.,1.,1.,1.,1.,1.,1.,       29P    649
1.,1.,1.,1.,1.,1.,1.,1.,1.,1.,1.,1.,1.,1.,1.,1.,1.,1.,1.,1.,1.,       29P    650
1.,1.,1.,1.,1.,1.,1.,1.,1.,1.,1.,1.,1.,1.,1.,1.,1.,1.,1.,1.,1.,       29P    651
1.,1.,1.,1.,1.,1.,1.,1.,1.,1.,1.,1.,1.,1.,1.,1.,1.,1.,1.,1.,1.,       29P    652
1.,1.,1.,1.,1.,1.,1.,1.,1.,1.,1.,1.,1.,1.,1.,1.,1.,1.,1.,1.,1.,       29P    653
1.,1.,1.,1.,1.,1.,1.,1.,1.,1.,1.,1.,1.,1.,1.,1.,1.,1.,1.,1.,1.,       29P    654
1.,1.,1.,1.,1.,1.,1.,1.,1.,1.,1.,1.,1.,1.,1.,1.,1.,1.,1.,1.,1.,       29P    655
1.,1.,1.,1.,1.,1.,1.,1.,1.,1.,1.,1.,1.,1.,1.,1.,1.,1.,1.,1.,1.,       29P    656
1.,1.,1.,1.,1.,1.,1.,1.,1.,1.,1.,1.,1.,1.,1.,1.,1.,1.,1.,1.,1.,       29P    657
1.,1.,1.,1.,1.,1.,1.,1.,1.,1.,1.,1.,1.,1.,1.,1.,1.,1.,1.,1.,1.,       29P    658
1.,1.,1.,1.,1.,1.,1.,1.,1.,1.,1.,1.,1.,1.,1.,1.,1.,1.,1.,1.,1.,       29P    659
1.,1.,1.,1.,1.,1.,1.,1.,1.,1.,1.,1.,1.,1.,1.,1.,1.,1.,1.,1.,1.,       29P    660
1.,1.,1.,1.,1.,1.,1.,1.,1.,1.,1.,1.,1.,1.,1.,1.,1.,1.,1.,1.,1.,       29P    661
1.,1.,1.,1.,1.,1.,1.,1.,1.,1.,1.,1.,1.,1.,1.,1.,1.,1.,1.,1.,1.,       29P    662
1.,1.,1.,1.,1.,1.,1.,1.,1.,1.,1.,1.,1.,1.,1.,1.,1.,1.,1.,1.,1.,       29P    663
1.,1.,1.,1.,1.,1.,1.,1.,1.,1.,1.,1.,1.,1.,1.,1.,1.,1.,1.,1.,1.,       29P    664
1.,1.,1.,1.,1.,1.,1.,1.,1.,1.,1.,1.,1.,1.,1.,1.,1.,1.,1.,1.,1.,       29P    665
1.,1.,1.,1.,1.,1.,1.,1.,1.,1.,1.,1.,1.,1.,1.,1.,1.,1.,1.,1.,1.,       29P    666
1.,1.,1.,1.,1.,1.,1.,1.,1.,1.,1.,1.,1.,1.,1.,1.,1.,1.,1.,1.,1.,       29P    667
1.,1.,1.,1.,1.,1.,1.,1.,1.,1.,1.,1.,1.,1.,1.,1.,1.,1.,1.,1.,1.,       29P    668
1.,1.,1.,1.,1.,1.,1.,1.,1.,1.,1.,1.,1.,1.,1.,1.,1.,1.,1.,1.,1.,       29P    669
1.,1.,1.,1.,1.,1.,1.,1.,1.,1.,1.,1.,1.,1.,1.,1.,1.,1.,1.,1.,1.,       29P    670
1.,1.,1.,1.,1.,1.,1.,1.,1.,1.,1.,1.,1.,1.,1.,1.,1.,1.,1.,1.,1.,       29P    671
1.,1.,1.,1.,1.,1.,1.,1.,1.,1.,1.,1.,1.,1.,1.,1.,1.,1.,1.,1.,1.,       29P    672
1.,1.,1.,1.,1.,1.,1.,1.,1.,1.,1.,1.,1.,1.,1.,1.,1.,1.,1.,1.,1.,       29P    673
1.,1.,1.,1.,1.,1.,1.,1.,1.,1.,1.,1.,1.,1.,1.,1.,1.,1.,1.,1.,1.,       29P    674
1.,1.,1.,1.,1.,1.,1.,1.,1.,1.,1.,1.,1.,1.,1.,1.,1.,1.,1.,1.,1.,       29P    675
1.,1.,1.,1.,1.,1.,1.,1.,1.,1.,1.,1.,1.,1.,1.,1.,1.,1.,1.,1.,1.,       29P    676
1.,1.,1.,1.,1.,1.,1.,1.,1.,1.,1.,1.,1.,1.,1.,1.,1.,1.,1.,1.,1.,       29P    677
1.,1.,1.,1.,1.,1.,1.,1.,1.,1.,1.,1.,1.,1.,1.,1.,1.,1.,1.,1.,1.,       29P    678
1.,1.,1.,1.,1.,1.,1.,1.,1.,1.,1.,1.,1.,1.,1.,1.,1.,1.,1.,1.,1.,       29P    679
1.,1.,1.,1.,1.,1.,1.,1.,1.,1.,1.,1.,1.,1.,1.,1.,1.,1.,1.,1.,1.,       29P    680
1.,1.,1.,1.,1.,1.,1.,1.,1.,1.,1.,1.,1.,1.,1.,1.,1.,1.,1.,1.,1.,       29P    681
1.,1.,1.,1.,1.,1.,1.,1.,1.,1.,1.,1.,1.,1.,1.,1.,1.,1.,1.,1.,1.,       29P    682
1.,1.,1.,1.,1.,1.,1.,1.,1.,1.,1.,1.,1.,1.,1.,1.,1.,1.,1.,1.,1.,       29P    683
1.,1.,1.,1.,1.,1.,1.,1.,1.,1.,1.,1.,1.,1.,1.,1.,1.,1.,1.,1.,1.,       29P    684
1.,1.,1.,1.,1.,1.,1.,1.,1.,1.,1.,1.,1.,1.,1.,1.,1.,1.,1.,1.,1.,       29P    685
1.,1.,1.,1.,1.,1.,1.,1.,1.,1.,1.,1.,1.,1.,1.,1.,1.,1.,1.,1.,1.,       29P    686
1.,1.,1.,1.,1.,1.,1.,1.,1.,1.,1.,1.,1.,1.,1.,1.,1.,1.,1.,1.,1.,       29P    687
1.,1.,1.,1.,1.,1.,1.,1.,1.,1.,1.,1.,1.,1.,1.,1.,1.,1.,1.,1.,1.,       29P    688
1.,1.,1.,1.,1.,1.,1.,1.,1.,1.,1.,1.,225.226,0.3861,10.658,            29P    689
225.225,0.386913,10.658,225.224,0.387799,10.658,225.222,              29P    690
0.388511,10.658,225.221,0.388818,10.658,225.219,0.389066,10.658,      29P    691
225.218,0.389025,10.658,225.216,0.388653,10.658,225.215,              29P    692
0.388319,10.658,225.214,0.387908,10.658,225.214,0.387644,10.658,      29P    693
225.213,0.386905,10.658,225.212,0.386388,10.658,225.211,              29P    694
0.385555,10.658,225.211,0.385027,10.658,225.211,0.384458,10.658,      29P    695
225.21,0.383871,10.658,225.21,0.383156,10.658,225.21,0.3824,          29P    696
10.658,225.209,0.381241,10.658,225.209,0.380499,10.658,225.209,       29P    697
0.379309,10.658,225.209,0.378863,10.658,225.209,0.377971,10.658,      29P    698
225.209,0.377525,10.658,225.21,0.376504,10.658,225.21,0.375936,       29P    699
10.658,225.211,0.372909,10.658,225.213,0.369913,10.658,225.214,       29P    700
0.366601,10.658,225.215,0.365261,10.658,225.216,0.363998,10.658,      29P    701
225.217,0.362222,10.658,225.217,0.360547,10.658,225.218,              29P    702
0.358502,10.658,225.219,0.356728,10.658,225.223,0.349441,10.658,      29P    703
225.227,0.342234,10.658,225.23,0.335087,10.658,225.231,0.333427,      29P    704
10.658,225.232,0.331681,10.658,225.233,0.330086,10.658,225.234,       29P    705
0.328481,10.658,225.234,0.327302,10.658,225.235,0.325904,10.658,      29P    706
225.241,0.31566,10.658,225.247,0.305222,10.658,225.253,0.294965,      29P    707
10.658,225.253,0.293443,10.658,225.254,0.291831,10.658,225.255,       29P    708
0.29031,10.658,225.256,0.288738,10.658,225.257,0.287532,10.658,       29P    709
225.258,0.286088,10.658,225.266,0.272725,10.658,225.274,              29P    710
0.259267,10.658,225.282,0.246169,10.658,225.283,0.24477,10.658,       29P    711
225.284,0.24327,10.658,225.285,0.241854,10.658,225.286,0.239951,      29P    712
10.658,225.287,0.238379,10.658,225.288,0.236875,10.658,225.299,       29P    713
0.221034,10.658,225.31,0.205282,10.658,225.321,0.189712,10.658,       29P    714
225.322,0.188467,10.658,225.323,0.187114,10.658,225.324,              29P    715
0.185794,10.658,225.325,0.1844,10.658,225.326,0.183249,10.658,        29P    716
225.327,0.182032,10.658,225.328,0.180903,10.658,225.339,              29P    717
0.165661,10.658,225.351,0.1506,10.658,225.364,0.13552,10.658,         29P    718
225.365,0.133826,10.658,225.367,0.132288,10.658,225.368,              29P    719
0.130969,10.658,225.369,0.129825,10.658,225.37,0.128613,10.658,       29P    720
225.371,0.127458,10.658,225.383,0.112825,10.658,225.396,              29P    721
0.0984736,10.658,225.409,0.0842143,10.658,225.411,0.0827282,          29P    722
10.658,225.412,0.0813305,10.658,225.413,0.0801108,10.658,             29P    723
225.414,0.079023,10.658,225.416,0.0778017,10.658,225.417,             29P    724
0.0766571,10.658,225.43,0.0627268,10.658,225.444,0.0492262,           29P    725
10.658,225.458,0.0358914,10.658,225.459,0.0345902,10.658,             29P    726
225.461,0.0333513,10.658,225.462,0.0322375,10.658,225.463,            29P    727
0.031198,10.658,225.464,0.0300249,10.658,225.466,0.0288765,           29P    728
10.658,225.48,0.0157621,10.658,225.494,0.00306725,10.658,             29P    729
225.509,-0.00933485,10.658,225.511,-0.0104837,10.658,225.512,         29P    730
-0.0115615,10.658,225.513,-0.0125927,10.658,225.515,-0.0135879,       29P    731
10.658,225.516,-0.0147399,10.658,225.517,-0.015858,10.658,            29P    732
225.533,-0.0281291,10.658,225.548,-0.0399047,10.658,225.563,          29P    733
-0.0513662,10.658,225.565,-0.0523585,10.658,225.566,-0.0533199,       29P    734
10.658,225.567,-0.0542582,10.658,225.569,-0.0552005,10.658,           29P    735
225.57,-0.056284,10.658,225.572,-0.0573715,10.658,225.588,            29P    736
-0.0687937,10.658,225.604,-0.0797203,10.658,225.62,-0.0903953,        29P    737
10.658,225.621,-0.091271,10.658,225.622,-0.0921197,10.658,            29P    738
225.624,-0.0929973,10.658,225.625,-0.0938919,10.658,225.627,          29P    739
-0.0949671,10.658,225.628,-0.0960211,10.658,225.645,-0.106779,        29P    740
10.658,225.661,-0.117159,10.658,225.677,-0.127289,10.658,             29P    741
225.679,-0.128056,10.658,225.68,-0.128827,10.658,225.681,             29P    742
-0.12964,10.658,225.683,-0.130512,10.658,225.684,-0.131558,           29P    743
10.658,225.686,-0.132605,10.658,225.703,-0.142863,10.658,             29P    744
225.719,-0.152686,10.658,225.736,-0.162192,10.658,225.737,            29P    745
-0.16287,10.658,225.738,-0.163558,10.658,225.74,-0.164311,            29P    746
10.658,225.741,-0.165143,10.658,225.743,-0.166173,10.658,             29P    747
225.745,-0.167215,10.658,225.762,-0.177067,10.658,225.78,             29P    748
-0.186439,10.658,225.797,-0.195513,10.658,225.798,-0.196136,          29P    749
10.658,225.8,-0.196845,10.658,225.801,-0.19765,10.658,225.803,        29P    750
-0.198637,10.658,225.805,-0.199644,10.658,225.823,-0.208835,          29P    751
10.658,225.841,-0.217554,10.658,225.858,-0.225974,10.658,             29P    752
225.859,-0.226536,10.658,225.861,-0.227186,10.658,225.862,            29P    753
-0.227949,10.658,225.864,-0.228908,10.658,225.866,-0.229886,          29P    754
10.658,225.885,-0.238424,10.658,225.902,-0.246514,10.658,225.92,      29P    755
-0.254262,10.658,225.921,-0.254786,10.658,225.923,-0.255402,          29P    756
10.658,225.924,-0.256135,10.658,225.927,-0.257049,10.658,             29P    757
225.929,-0.257994,10.658,225.944,-0.264525,10.658,225.959,            29P    758
-0.270692,10.658,225.974,-0.276586,10.658,225.975,-0.277148,          29P    759
10.658,225.977,-0.277833,10.658,225.979,-0.278713,10.658,             29P    760
225.981,-0.279627,10.658,225.993,-0.284309,10.658,226.005,            29P    761
-0.288729,10.658,226.016,-0.292935,10.658,226.018,-0.293472,          29P    762
10.658,226.019,-0.294145,10.658,226.022,-0.295003,10.658,             29P    763
226.024,-0.295881,10.658,226.032,-0.298964,10.658,226.04,             29P    764
-0.301831,10.658,226.048,-0.304552,10.658,226.05,-0.305063,           29P    765
10.658,226.051,-0.305707,10.658,226.054,-0.306529,10.658,             29P    766
226.059,-0.308503,10.658,226.064,-0.310168,10.658,226.069,            29P    767
-0.311657,10.658,226.069,-0.311814,10.658,226.07,-0.312108,           29P    768
10.658,226.07,-0.312245,10.658,226.071,-0.31259,10.658,226.072,       29P    769
-0.312798,10.658,226.074,-0.313283,10.658,226.074,-0.313561,          29P    770
10.658,226.076,-0.314027,10.658,226.077,-0.314351,10.658,             29P    771
226.078,-0.314673,10.658,226.079,-0.315039,10.658,226.08,             29P    772
-0.31527,10.658,226.081,-0.315654,10.658,226.082,-0.315996,           29P    773
10.658,226.084,-0.31637,10.658,226.087,-0.31639,10.658,226.089,       29P    774
-0.316127,10.658,226.091,-0.315692,10.658,226.093,-0.314844,          29P    775
10.658,226.095,-0.313629,10.658,226.097,-0.312317,10.658,             29P    776
226.099,-0.310582,10.658,226.1,-0.308765,10.658,226.101,              29P    777
-0.306822,10.658,226.101,-0.305992,10.658,226.102,-0.305037,          29P    778
10.658,226.102,-0.304493,10.658,226.102,-0.303295,10.658,             29P    779
226.102,-0.302638,10.658,226.103,-0.301302,10.658,226.103,            29P    780
-0.300014,10.658,226.103,-0.29872,10.658,226.103,-0.297296,           29P    781
10.658,226.103,-0.296485,10.658,226.102,-0.294724,10.658,             29P    782
226.102,-0.293779,10.658,226.101,-0.291297,10.658,226.1,              29P    783
-0.289825,10.658,226.098,-0.28731,10.658,226.097,-0.286241,           29P    784
10.658,226.095,-0.285116,10.658,226.094,-0.284543,10.658,             29P    785
226.093,-0.284059,10.658,226.091,-0.283195,10.658,226.089,            29P    786
-0.282236,10.658,226.086,-0.280833,10.658,226.083,-0.27945,           29P    787
10.658,226.079,-0.277801,10.658,226.076,-0.276168,10.658,             29P    788
226.071,-0.273808,10.658,226.067,-0.271843,10.658,226.063,            29P    789
-0.27009,10.658,226.061,-0.269155,10.658,226.059,-0.268079,           29P    790
10.658,226.056,-0.266756,10.658,226.053,-0.265364,10.658,             29P    791
226.049,-0.263707,10.658,226.046,-0.262075,10.658,226.037,            29P    792
-0.257944,10.658,226.03,-0.254178,10.658,226.022,-0.250599,           29P    793
10.658,226.02,-0.249654,10.658,226.018,-0.248572,10.658,226.016,      29P    794
-0.247236,10.658,226.013,-0.24584,10.658,226.009,-0.244188,           29P    795
10.658,226.006,-0.242568,10.658,225.994,-0.236477,10.658,             29P    796
225.983,-0.230691,10.658,225.972,-0.225038,10.658,225.97,             29P    797
-0.224073,10.658,225.968,-0.222975,10.658,225.966,-0.221623,          29P    798
10.658,225.963,-0.220245,10.658,225.96,-0.218596,10.658,225.957,      29P    799
-0.216977,10.658,225.942,-0.208621,10.658,225.927,-0.200484,          29P    800
10.658,225.913,-0.192395,10.658,225.912,-0.191418,10.658,225.91,      29P    801
-0.190303,10.658,225.907,-0.188965,10.658,225.905,-0.187586,          29P    802
10.658,225.902,-0.18596,10.658,225.899,-0.184354,10.658,225.884,      29P    803
-0.175303,10.658,225.869,-0.166468,10.658,225.855,-0.157689,          29P    804
10.658,225.854,-0.156725,10.658,225.852,-0.15562,10.658,225.85,       29P    805
-0.154295,10.658,225.848,-0.152954,10.658,225.845,-0.151388,          29P    806
10.658,225.843,-0.149831,10.658,225.828,-0.140106,10.658,             29P    807
225.813,-0.130563,10.658,225.799,-0.121079,10.658,225.797,            29P    808
-0.120126,10.658,225.796,-0.119052,10.658,225.794,-0.117755,          29P    809
10.658,225.792,-0.116453,10.658,225.79,-0.114941,10.658,225.773,      29P    810
-0.104015,10.658,225.758,-0.0932115,10.658,225.743,-0.0825404,        29P    811
10.658,225.742,-0.0815971,10.658,225.74,-0.0805385,10.658,            29P    812
225.739,-0.0793093,10.658,225.737,-0.0780679,10.658,225.735,          29P    813
-0.0766339,10.658,225.733,-0.0752027,10.658,225.718,-0.0640735,       29P    814
10.658,225.703,-0.0530455,10.658,225.689,-0.0420272,10.658,           29P    815
225.688,-0.0411237,10.658,225.687,-0.0401196,10.658,225.685,          29P    816
-0.0389343,10.658,225.684,-0.0377621,10.658,225.682,-0.0364131,       29P    817
10.658,225.68,-0.0350981,10.658,225.665,-0.0232411,10.658,            29P    818
225.65,-0.0112931,10.658,225.635,0.00120071,10.658,225.634,           29P    819
0.00270001,10.658,225.632,0.00423764,10.658,225.63,0.00547169,        29P    820
10.658,225.629,0.00668314,10.658,225.614,0.0192067,10.658,            29P    821
225.599,0.0317975,10.658,225.584,0.0445385,10.658,225.583,            29P    822
0.0455793,10.658,225.582,0.0465594,10.658,225.581,0.0475184,          29P    823
10.658,225.579,0.0486009,10.658,225.578,0.0496948,10.658,             29P    824
225.563,0.0626953,10.658,225.548,0.0756955,10.658,225.533,            29P    825
0.0888446,10.658,225.532,0.0897573,10.658,225.531,0.0906169,          29P    826
10.658,225.53,0.091467,10.658,225.529,0.0924304,10.658,225.528,       29P    827
0.0933634,10.658,225.513,0.106812,10.658,225.498,0.120309,            29P    828
10.658,225.483,0.134137,10.658,225.482,0.135146,10.658,225.481,       29P    829
0.136187,10.658,225.48,0.136983,10.658,225.479,0.137778,10.658,       29P    830
225.464,0.151625,10.658,225.448,0.165538,10.658,225.433,0.17961,      29P    831
10.658,225.432,0.180514,10.658,225.431,0.18137,10.658,225.43,         29P    832
0.182354,10.658,225.415,0.196882,10.658,225.399,0.211528,10.658,      29P    833
225.384,0.226206,10.658,225.383,0.227097,10.658,225.382,              29P    834
0.228061,10.658,225.366,0.24337,10.658,225.351,0.258825,10.658,       29P    835
225.335,0.274379,10.658,225.321,0.287685,10.658,225.308,              29P    836
0.300955,10.658,225.285,0.324284,10.658,225.274,0.335167,10.658,      29P    837
225.256,0.353818,10.658,225.243,0.367395,10.658,225.231,              29P    838
0.380758,10.658,225.226,0.3861,10.658,225.226,0.391727,10.6933,       29P    839
225.225,0.39254,10.6933,225.224,0.39342,10.6933,225.223,              29P    840
0.394125,10.6933,225.221,0.394428,10.6933,225.22,0.394674,            29P    841
10.6933,225.218,0.394639,10.6933,225.217,0.394279,10.6933,            29P    842
225.216,0.393956,10.6933,225.215,0.393557,10.6933,225.215,            29P    843
0.3933,10.6933,225.213,0.392582,10.6933,225.213,0.392079,             29P    844
10.6933,225.212,0.391269,10.6933,225.212,0.390756,10.6933,            29P    845
225.211,0.390202,10.6933,225.211,0.389632,10.6933,225.211,            29P    846
0.388937,10.6933,225.21,0.388202,10.6933,225.21,0.387072,             29P    847
10.6933,225.21,0.386344,10.6933,225.21,0.385172,10.6933,225.21,       29P    848
0.384732,10.6933,225.21,0.383847,10.6933,225.21,0.383403,             29P    849
10.6933,225.21,0.382384,10.6933,225.211,0.381817,10.6933,             29P    850
225.212,0.378802,10.6933,225.213,0.375813,10.6933,225.215,            29P    851
0.372504,10.6933,225.216,0.371165,10.6933,225.216,0.369903,           29P    852
10.6933,225.217,0.368127,10.6933,225.218,0.366453,10.6933,            29P    853
225.219,0.364407,10.6933,225.22,0.362632,10.6933,225.224,             29P    854
0.355342,10.6933,225.227,0.348131,10.6933,225.231,0.340976,           29P    855
10.6933,225.232,0.339313,10.6933,225.233,0.337565,10.6933,            29P    856
225.234,0.335967,10.6933,225.234,0.334359,10.6933,225.235,            29P    857
0.333178,10.6933,225.236,0.331777,10.6933,225.241,0.321508,           29P    858
10.6933,225.247,0.311025,10.6933,225.253,0.300712,10.6933,            29P    859
225.254,0.299181,10.6933,225.255,0.297559,10.6933,225.256,            29P    860
0.29603,10.6933,225.257,0.294449,10.6933,225.257,0.293235,            29P    861
10.6933,225.258,0.291783,10.6933,225.266,0.278338,10.6933,            29P    862
225.275,0.264787,10.6933,225.283,0.251589,10.6933,225.284,            29P    863
0.25018,10.6933,225.285,0.248668,10.6933,225.286,0.247241,            29P    864
10.6933,225.287,0.245323,10.6933,225.288,0.243739,10.6933,            29P    865
225.289,0.242223,10.6933,225.3,0.226256,10.6933,225.31,0.210417,      29P    866
10.6933,225.322,0.19476,10.6933,225.323,0.193508,10.6933,             29P    867
225.324,0.192147,10.6933,225.325,0.19082,10.6933,225.326,             29P    868
0.189418,10.6933,225.327,0.188261,10.6933,225.328,0.187036,           29P    869
10.6933,225.328,0.185901,10.6933,225.34,0.17057,10.6933,225.352,      29P    870
0.155411,10.6933,225.364,0.140227,10.6933,225.366,0.138522,           29P    871
10.6933,225.367,0.136973,10.6933,225.368,0.135645,10.6933,            29P    872
225.369,0.134493,10.6933,225.37,0.133273,10.6933,225.371,             29P    873
0.132109,10.6933,225.383,0.117374,10.6933,225.396,0.10292,            29P    874
10.6933,225.409,0.0885393,10.6933,225.411,0.0870404,10.6933,          29P    875
225.412,0.0856305,10.6933,225.413,0.0844,10.6933,225.414,             29P    876
0.0833024,10.6933,225.415,0.0820701,10.6933,225.416,0.080915,         29P    877
10.6933,225.43,0.0668563,10.6933,225.443,0.0532066,10.6933,           29P    878
225.457,0.0397006,10.6933,225.459,0.0383826,10.6933,225.46,           29P    879
0.0371274,10.6933,225.461,0.0359989,10.6933,225.462,0.0349456,        29P    880
10.6933,225.464,0.0337568,10.6933,225.465,0.0325928,10.6933,          29P    881
225.479,0.0192995,10.6933,225.494,0.00640791,10.6933,225.508,         29P    882
-0.00619593,10.6933,225.51,-0.00736356,10.6933,225.511,               29P    883
-0.00845893,10.6933,225.512,-0.00950704,10.6933,225.513,              29P    884
-0.0105186,10.6933,225.515,-0.0116896,10.6933,225.516,                29P    885
-0.0128262,10.6933,225.531,-0.0253003,10.6933,225.546,                29P    886
-0.0372783,10.6933,225.562,-0.0489653,10.6933,225.563,                29P    887
-0.0499774,10.6933,225.565,-0.0509579,10.6933,225.566,                29P    888
-0.0519151,10.6933,225.567,-0.0528766,10.6933,225.569,                29P    889
-0.0539823,10.6933,225.57,-0.0550922,10.6933,225.586,-0.0667528,      29P    890
10.6933,225.602,-0.077942,10.6933,225.618,-0.0888873,10.6933,         29P    891
225.619,-0.0897852,10.6933,225.62,-0.0906555,10.6933,225.621,         29P    892
-0.0915554,10.6933,225.623,-0.0924729,10.6933,225.624,                29P    893
-0.0935757,10.6933,225.626,-0.0946567,10.6933,225.642,-0.105692,      29P    894
10.6933,225.658,-0.116348,10.6933,225.675,-0.126751,10.6933,          29P    895
225.676,-0.127539,10.6933,225.677,-0.128331,10.6933,225.678,          29P    896
-0.129167,10.6933,225.68,-0.130062,10.6933,225.682,-0.131137,         29P    897
10.6933,225.683,-0.132212,10.6933,225.7,-0.14275,10.6933,             29P    898
225.716,-0.152847,10.6933,225.733,-0.162631,10.6933,225.734,          29P    899
-0.163329,10.6933,225.735,-0.164037,10.6933,225.737,-0.164812,        29P    900
10.6933,225.738,-0.165669,10.6933,225.74,-0.166729,10.6933,           29P    901
225.742,-0.167803,10.6933,225.759,-0.17795,10.6933,225.776,           29P    902
-0.18762,10.6933,225.793,-0.197006,10.6933,225.795,-0.197651,         29P    903
10.6933,225.796,-0.198385,10.6933,225.798,-0.199218,10.6933,          29P    904
225.799,-0.20024,10.6933,225.801,-0.201282,10.6933,225.819,           29P    905
-0.210801,10.6933,225.837,-0.219856,10.6933,225.854,-0.228602,        29P    906
10.6933,225.855,-0.229186,10.6933,225.857,-0.229861,10.6933,          29P    907
225.858,-0.230653,10.6933,225.86,-0.231649,10.6933,225.862,           29P    908
-0.232665,10.6933,225.88,-0.241533,10.6933,225.898,-0.249931,         29P    909
10.6933,225.916,-0.258021,10.6933,225.917,-0.258568,10.6933,          29P    910
225.918,-0.259211,10.6933,225.92,-0.259978,10.6933,225.922,           29P    911
-0.260934,10.6933,225.924,-0.261922,10.6933,225.939,-0.26876,         29P    912
10.6933,225.954,-0.275256,10.6933,225.969,-0.28145,10.6933,           29P    913
225.97,-0.28204,10.6933,225.972,-0.282761,10.6933,225.974,            29P    914
-0.283685,10.6933,225.976,-0.284644,10.6933,225.988,-0.289557,        29P    915
10.6933,226.,-0.294182,10.6933,226.011,-0.298602,10.6933,             29P    916
226.012,-0.299167,10.6933,226.014,-0.299875,10.6933,226.016,          29P    917
-0.300779,10.6933,226.019,-0.301703,10.6933,226.027,-0.304956,        29P    918
10.6933,226.035,-0.307994,10.6933,226.043,-0.310882,10.6933,          29P    919
226.044,-0.311426,10.6933,226.046,-0.312109,10.6933,226.048,          29P    920
-0.312982,10.6933,226.054,-0.315078,10.6933,226.059,-0.316846,        29P    921
10.6933,226.063,-0.318428,10.6933,226.064,-0.318595,10.6933,          29P    922
226.064,-0.318907,10.6933,226.065,-0.319053,10.6933,226.066,          29P    923
-0.319419,10.6933,226.066,-0.31964,10.6933,226.068,-0.320157,         29P    924
10.6933,226.069,-0.320452,10.6933,226.07,-0.320947,10.6933,           29P    925
226.071,-0.321296,10.6933,226.072,-0.321653,10.6933,226.073,          29P    926
-0.322063,10.6933,226.074,-0.322299,10.6933,226.075,-0.322656,        29P    927
10.6933,226.076,-0.32297,10.6933,226.079,-0.323292,10.6933,           29P    928
226.081,-0.323257,10.6933,226.083,-0.322938,10.6933,226.085,          29P    929
-0.322449,10.6933,226.087,-0.321525,10.6933,226.089,-0.320245,        29P    930
10.6933,226.091,-0.318883,10.6933,226.093,-0.317096,10.6933,          29P    931
226.094,-0.315241,10.6933,226.095,-0.313265,10.6933,226.096,          29P    932
-0.312422,10.6933,226.096,-0.311454,10.6933,226.096,-0.310904,        29P    933
10.6933,226.096,-0.309695,10.6933,226.096,-0.309034,10.6933,          29P    934
226.097,-0.30769,10.6933,226.097,-0.306396,10.6933,226.097,           29P    935
-0.305101,10.6933,226.097,-0.303677,10.6933,226.096,-0.302869,        29P    936
10.6933,226.096,-0.301116,10.6933,226.096,-0.300178,10.6933,          29P    937
226.095,-0.297719,10.6933,226.094,-0.296268,10.6933,226.091,          29P    938
-0.293809,10.6933,226.09,-0.292795,10.6933,226.088,-0.291787,         29P    939
10.6933,226.088,-0.291261,10.6933,226.087,-0.290783,10.6933,          29P    940
226.085,-0.289871,10.6933,226.083,-0.28886,10.6933,226.08,            29P    941
-0.28738,10.6933,226.077,-0.28592,10.6933,226.073,-0.284179,          29P    942
10.6933,226.069,-0.282454,10.6933,226.064,-0.27996,10.6933,           29P    943
226.06,-0.277881,10.6933,226.056,-0.276026,10.6933,226.055,           29P    944
-0.275037,10.6933,226.052,-0.273899,10.6933,226.049,-0.2725,          29P    945
10.6933,226.047,-0.271029,10.6933,226.043,-0.269278,10.6933,          29P    946
226.04,-0.267554,10.6933,226.031,-0.263197,10.6933,226.024,           29P    947
-0.259234,10.6933,226.016,-0.255474,10.6933,226.015,-0.254481,        29P    948
10.6933,226.012,-0.253344,10.6933,226.01,-0.251942,10.6933,           29P    949
226.007,-0.250476,10.6933,226.004,-0.248743,10.6933,226.001,          29P    950
-0.247042,10.6933,225.989,-0.240653,10.6933,225.978,-0.234588,        29P    951
10.6933,225.967,-0.228676,10.6933,225.965,-0.227666,10.6933,          29P    952
225.963,-0.226518,10.6933,225.961,-0.225105,10.6933,225.958,          29P    953
-0.223666,10.6933,225.955,-0.221944,10.6933,225.952,-0.220255,        29P    954
10.6933,225.937,-0.21154,10.6933,225.923,-0.203087,10.6933,           29P    955
225.909,-0.194704,10.6933,225.907,-0.193691,10.6933,225.905,          29P    956
-0.192536,10.6933,225.903,-0.191151,10.6933,225.9,-0.189723,          29P    957
10.6933,225.898,-0.18804,10.6933,225.895,-0.186378,10.6933,           29P    958
225.88,-0.177015,10.6933,225.865,-0.167893,10.6933,225.851,           29P    959
-0.158844,10.6933,225.85,-0.157851,10.6933,225.848,-0.156712,         29P    960
10.6933,225.846,-0.155347,10.6933,225.844,-0.153966,10.6933,          29P    961
225.841,-0.152353,10.6933,225.839,-0.150749,10.6933,225.824,          29P    962
-0.140737,10.6933,225.809,-0.130928,10.6933,225.795,-0.121202,        29P    963
10.6933,225.794,-0.120225,10.6933,225.792,-0.119124,10.6933,          29P    964
225.79,-0.117794,10.6933,225.788,-0.11646,10.6933,225.786,            29P    965
-0.114911,10.6933,225.77,-0.10372,10.6933,225.755,-0.0926824,         29P    966
10.6933,225.74,-0.0817992,10.6933,225.739,-0.0808373,10.6933,         29P    967
225.738,-0.0797578,10.6933,225.736,-0.0785045,10.6933,225.734,        29P    968
-0.077239,10.6933,225.732,-0.0757772,10.6933,225.73,-0.0743187,       29P    969
10.6933,225.715,-0.0629777,10.6933,225.701,-0.051757,10.6933,         29P    970
225.687,-0.0405651,10.6933,225.686,-0.0396474,10.6933,225.684,        29P    971
-0.0386277,10.6933,225.683,-0.037424,10.6933,225.681,-0.0362339,      29P    972
10.6933,225.68,-0.0348643,10.6933,225.678,-0.0335295,10.6933,         29P    973
225.663,-0.0214956,10.6933,225.648,-0.00939006,10.6933,225.633,       29P    974
0.00325649,10.6933,225.632,0.00477398,10.6933,225.63,0.00633013,      29P    975
10.6933,225.628,0.00757899,10.6933,225.627,0.0088049,10.6933,         29P    976
225.612,0.0214772,10.6933,225.597,0.0342069,10.6933,225.582,          29P    977
0.0470911,10.6933,225.581,0.0481437,10.6933,225.58,0.0491348,         29P    978
10.6933,225.579,0.0501046,10.6933,225.578,0.0511993,10.6933,          29P    979
225.577,0.0523056,10.6933,225.562,0.0654537,10.6933,225.547,          29P    980
0.078608,10.6933,225.532,0.0918936,10.6933,225.531,0.0928157,         29P    981
10.6933,225.53,0.093684,10.6933,225.529,0.0945428,10.6933,            29P    982
225.528,0.0955158,10.6933,225.527,0.0964582,10.6933,225.512,          29P    983
0.11004,10.6933,225.497,0.123646,10.6933,225.482,0.13756,             29P    984
10.6933,225.481,0.138575,10.6933,225.48,0.139622,10.6933,             29P    985
225.479,0.140423,10.6933,225.478,0.141223,10.6933,225.463,            29P    986
0.155149,10.6933,225.448,0.16918,10.6933,225.433,0.183373,            29P    987
10.6933,225.432,0.184285,10.6933,225.431,0.185149,10.6933,            29P    988
225.43,0.186141,10.6933,225.414,0.200795,10.6933,225.399,             29P    989
0.215565,10.6933,225.384,0.23039,10.6933,225.383,0.231291,            29P    990
10.6933,225.382,0.232265,10.6933,225.366,0.247731,10.6933,            29P    991
225.351,0.263354,10.6933,225.335,0.279076,10.6933,225.321,            29P    992
0.292525,10.6933,225.308,0.305937,10.6933,225.285,0.329446,           29P    993
10.6933,225.275,0.340388,10.6933,225.257,0.359153,10.6933,            29P    994
225.244,0.372821,10.6933,225.231,0.386317,10.6933,225.226,            29P    995
0.391727,10.6933,225.228,0.404851,10.7782,225.227,0.405659,           29P    996
10.7782,225.226,0.40653,10.7782,225.224,0.407227,10.7782,             29P    997
225.223,0.407529,10.7782,225.222,0.407776,10.7782,225.22,             29P    998
0.407748,10.7782,225.219,0.407402,10.7782,225.218,0.407087,           29P    999
10.7782,225.217,0.406697,10.7782,225.217,0.406446,10.7782,            29P   1000
225.216,0.40575,10.7782,225.215,0.405267,10.7782,225.214,             29P   1001
0.404489,10.7782,225.214,0.403998,10.7782,225.214,0.403468,           29P   1002
10.7782,225.213,0.402922,10.7782,225.213,0.402256,10.7782,            29P   1003
225.213,0.401554,10.7782,225.212,0.400472,10.7782,225.212,            29P   1004
0.399771,10.7782,225.212,0.398634,10.7782,225.212,0.398204,           29P   1005
10.7782,225.212,0.39734,10.7782,225.212,0.396904,10.7782,             29P   1006
225.212,0.395891,10.7782,225.213,0.395329,10.7782,225.214,            29P   1007
0.392333,10.7782,225.216,0.389356,10.7782,225.217,0.386054,           29P   1008
10.7782,225.218,0.384716,10.7782,225.218,0.383455,10.7782,            29P   1009
225.219,0.38168,10.7782,225.22,0.380005,10.7782,225.221,              29P   1010
0.377958,10.7782,225.222,0.376181,10.7782,225.226,0.368884,           29P   1011
10.7782,225.229,0.361666,10.7782,225.233,0.354493,10.7782,            29P   1012
225.234,0.352826,10.7782,225.235,0.351072,10.7782,225.236,            29P   1013
0.349469,10.7782,225.237,0.347855,10.7782,225.237,0.346669,           29P   1014
10.7782,225.238,0.345262,10.7782,225.243,0.334946,10.7782,            29P   1015
225.249,0.324375,10.7782,225.255,0.313954,10.7782,225.256,            29P   1016
0.312407,10.7782,225.257,0.310768,10.7782,225.258,0.309222,           29P   1017
10.7782,225.259,0.307623,10.7782,225.26,0.306396,10.7782,225.26,      29P   1018
0.304927,10.7782,225.268,0.291326,10.7782,225.277,0.277596,           29P   1019
10.7782,225.285,0.264206,10.7782,225.286,0.262776,10.7782,            29P   1020
225.287,0.261242,10.7782,225.288,0.259793,10.7782,225.289,            29P   1021
0.257847,10.7782,225.29,0.256239,10.7782,225.291,0.254699,            29P   1022
10.7782,225.302,0.238488,10.7782,225.312,0.222467,10.7782,            29P   1023
225.323,0.206619,10.7782,225.324,0.205352,10.7782,225.325,            29P   1024
0.203975,10.7782,225.326,0.202631,10.7782,225.327,0.201212,           29P   1025
10.7782,225.328,0.20004,10.7782,225.329,0.1988,10.7782,225.33,        29P   1026
0.197651,10.7782,225.341,0.182125,10.7782,225.353,0.166745,           29P   1027
10.7782,225.365,0.151325,10.7782,225.366,0.149592,10.7782,            29P   1028
225.368,0.148019,10.7782,225.369,0.146669,10.7782,225.37,             29P   1029
0.145499,10.7782,225.371,0.14426,10.7782,225.372,0.143078,            29P   1030
10.7782,225.384,0.128106,10.7782,225.396,0.113408,10.7782,            29P   1031
225.409,0.0987408,10.7782,225.411,0.0972118,10.7782,225.412,          29P   1032
0.0957732,10.7782,225.413,0.0945172,10.7782,225.414,0.093397,         29P   1033
10.7782,225.415,0.0921389,10.7782,225.416,0.0909594,10.7782,          29P   1034
225.429,0.0766006,10.7782,225.443,0.062608,10.7782,225.456,           29P   1035
0.0487101,10.7782,225.458,0.0473535,10.7782,225.459,0.0460612,        29P   1036
10.7782,225.46,0.044899,10.7782,225.461,0.0438141,10.7782,            29P   1037
225.463,0.0425893,10.7782,225.464,0.0413897,10.7782,225.478,          29P   1038
0.0276879,10.7782,225.492,0.014348,10.7782,225.506,0.00127649,        29P   1039
10.7782,225.508,6.53692E-05,10.7782,225.509,-0.00107097,10.7782,      29P   1040
225.51,-0.00215851,10.7782,225.511,-0.00320813,10.7782,225.513,       29P   1041
-0.00442339,10.7782,225.514,-0.00560305,10.7782,225.529,              29P   1042
-0.0185516,10.7782,225.543,-0.0310119,10.7782,225.559,                29P   1043
-0.0432285,10.7782,225.56,-0.0442867,10.7782,225.561,-0.0453123,      29P   1044
10.7782,225.562,-0.0463139,10.7782,225.564,-0.0473201,10.7782,        29P   1045
225.565,-0.0484776,10.7782,225.567,-0.04964,10.7782,225.582,          29P   1046
-0.0618566,10.7782,225.597,-0.0736488,10.7782,225.613,                29P   1047
-0.0852167,10.7782,225.614,-0.0861658,10.7782,225.615,                29P   1048
-0.0870859,10.7782,225.617,-0.0880375,10.7782,225.618,                29P   1049
-0.0890077,10.7782,225.62,-0.0901741,10.7782,225.621,-0.0913177,      29P   1050
10.7782,225.637,-0.102993,10.7782,225.653,-0.114289,10.7782,          29P   1051
225.669,-0.125334,10.7782,225.67,-0.12617,10.7782,225.671,            29P   1052
-0.127011,10.7782,225.672,-0.127899,10.7782,225.674,-0.128849,        29P   1053
10.7782,225.675,-0.129991,10.7782,225.677,-0.131133,10.7782,          29P   1054
225.693,-0.142327,10.7782,225.709,-0.153069,10.7782,225.726,          29P   1055
-0.163508,10.7782,225.727,-0.164254,10.7782,225.728,-0.165009,        29P   1056
10.7782,225.729,-0.165837,10.7782,225.731,-0.166752,10.7782,          29P   1057
225.732,-0.167884,10.7782,225.734,-0.169031,10.7782,225.751,          29P   1058
-0.179873,10.7782,225.768,-0.190245,10.7782,225.785,-0.200367,        29P   1059
10.7782,225.786,-0.201062,10.7782,225.787,-0.201854,10.7782,          29P   1060
225.789,-0.202753,10.7782,225.791,-0.203856,10.7782,225.793,          29P   1061
-0.204982,10.7782,225.81,-0.215268,10.7782,225.827,-0.22511,          29P   1062
10.7782,225.844,-0.234624,10.7782,225.845,-0.23526,10.7782,           29P   1063
225.847,-0.235994,10.7782,225.848,-0.236856,10.7782,225.85,           29P   1064
-0.23794,10.7782,225.852,-0.239045,10.7782,225.87,-0.248694,          29P   1065
10.7782,225.887,-0.257834,10.7782,225.904,-0.266731,10.7782,          29P   1066
225.906,-0.267332,10.7782,225.907,-0.268041,10.7782,225.909,          29P   1067
-0.268885,10.7782,225.911,-0.269939,10.7782,225.913,-0.27103,         29P   1068
10.7782,225.928,-0.278585,10.7782,225.942,-0.285839,10.7782,          29P   1069
225.957,-0.292738,10.7782,225.958,-0.293396,10.7782,225.96,           29P   1070
-0.294198,10.7782,225.962,-0.295226,10.7782,225.964,-0.296293,        29P   1071
10.7782,225.976,-0.301755,10.7782,225.987,-0.306877,10.7782,          29P   1072
225.998,-0.311812,10.7782,225.999,-0.312444,10.7782,226.001,          29P   1073
-0.313235,10.7782,226.004,-0.314247,10.7782,226.006,-0.315284,        29P   1074
10.7782,226.014,-0.318939,10.7782,226.022,-0.322379,10.7782,          29P   1075
226.029,-0.325659,10.7782,226.031,-0.326276,10.7782,226.033,          29P   1076
-0.327052,10.7782,226.035,-0.328044,10.7782,226.04,-0.330427,         29P   1077
10.7782,226.045,-0.332437,10.7782,226.049,-0.334239,10.7782,          29P   1078
226.05,-0.334428,10.7782,226.051,-0.334784,10.7782,226.051,           29P   1079
-0.33495,10.7782,226.052,-0.335367,10.7782,226.053,-0.335619,         29P   1080
10.7782,226.054,-0.33621,10.7782,226.055,-0.336544,10.7782,           29P   1081
226.056,-0.337096,10.7782,226.057,-0.33749,10.7782,226.058,           29P   1082
-0.337901,10.7782,226.059,-0.338378,10.7782,226.06,-0.338616,         29P   1083
10.7782,226.061,-0.338908,10.7782,226.062,-0.339154,10.7782,          29P   1084
226.065,-0.339346,10.7782,226.067,-0.339173,10.7782,226.069,          29P   1085
-0.338716,10.7782,226.071,-0.338096,10.7782,226.074,-0.336998,        29P   1086
10.7782,226.076,-0.335565,10.7782,226.077,-0.334088,10.7782,          29P   1087
226.079,-0.33218,10.7782,226.08,-0.330234,10.7782,226.081,            29P   1088
-0.328184,10.7782,226.081,-0.327313,10.7782,226.081,-0.326319,        29P   1089
10.7782,226.081,-0.325756,10.7782,226.082,-0.324525,10.7782,          29P   1090
226.082,-0.323854,10.7782,226.082,-0.322497,10.7782,226.082,          29P   1091
-0.321195,10.7782,226.082,-0.3199,10.7782,226.081,-0.318482,          29P   1092
10.7782,226.081,-0.31768,10.7782,226.081,-0.315949,10.7782,           29P   1093
226.08,-0.315031,10.7782,226.079,-0.312668,10.7782,226.078,           29P   1094
-0.311291,10.7782,226.075,-0.308971,10.7782,226.074,-0.308057,        29P   1095
10.7782,226.072,-0.307244,10.7782,226.071,-0.306796,10.7782,          29P   1096
226.071,-0.306315,10.7782,226.069,-0.305292,10.7782,226.067,          29P   1097
-0.304156,10.7782,226.064,-0.302494,10.7782,226.061,-0.300855,        29P   1098
10.7782,226.057,-0.2989,10.7782,226.054,-0.296961,10.7782,            29P   1099
226.049,-0.294154,10.7782,226.045,-0.291814,10.7782,226.041,          29P   1100
-0.289727,10.7782,226.039,-0.288614,10.7782,226.037,-0.287334,        29P   1101
10.7782,226.034,-0.285761,10.7782,226.032,-0.284108,10.7782,          29P   1102
226.028,-0.282143,10.7782,226.025,-0.280212,10.7782,226.017,          29P   1103
-0.275336,10.7782,226.009,-0.270922,10.7782,226.002,-0.266746,        29P   1104
10.7782,226.001,-0.265643,10.7782,225.998,-0.264381,10.7782,          29P   1105
225.996,-0.262826,10.7782,225.993,-0.2612,10.7782,225.99,             29P   1106
-0.259279,10.7782,225.987,-0.257395,10.7782,225.975,-0.25032,         29P   1107
10.7782,225.965,-0.243619,10.7782,225.954,-0.237113,10.7782,          29P   1108
225.953,-0.236002,10.7782,225.951,-0.234741,10.7782,225.948,          29P   1109
-0.233189,10.7782,225.946,-0.231609,10.7782,225.943,-0.229721,        29P   1110
10.7782,225.94,-0.227871,10.7782,225.925,-0.218335,10.7782,           29P   1111
225.911,-0.209153,10.7782,225.898,-0.200094,10.7782,225.896,          29P   1112
-0.199,10.7782,225.894,-0.197753,10.7782,225.892,-0.196257,           29P   1113
10.7782,225.89,-0.194717,10.7782,225.887,-0.192902,10.7782,           29P   1114
225.884,-0.191111,10.7782,225.87,-0.181028,10.7782,225.856,           29P   1115
-0.171245,10.7782,225.842,-0.161575,10.7782,225.84,-0.160514,         29P   1116
10.7782,225.839,-0.159297,10.7782,225.837,-0.157839,10.7782,          29P   1117
225.835,-0.156365,10.7782,225.832,-0.154644,10.7782,225.83,           29P   1118
-0.152933,10.7782,225.815,-0.142258,10.7782,225.801,-0.131836,        29P   1119
10.7782,225.787,-0.12155,10.7782,225.786,-0.120517,10.7782,           29P   1120
225.784,-0.119354,10.7782,225.783,-0.117949,10.7782,225.781,          29P   1121
-0.116539,10.7782,225.779,-0.114905,10.7782,225.763,-0.103099,        29P   1122
10.7782,225.748,-0.0915176,10.7782,225.734,-0.0801391,10.7782,        29P   1123
225.732,-0.0791335,10.7782,225.731,-0.0780054,10.7782,225.729,        29P   1124
-0.0766959,10.7782,225.728,-0.075374,10.7782,225.726,-0.0738476,      29P   1125
10.7782,225.724,-0.0723249,10.7782,225.709,-0.0604889,10.7782,        29P   1126
225.695,-0.0488168,10.7782,225.681,-0.0372161,10.7782,225.68,         29P   1127
-0.036265,10.7782,225.679,-0.0352085,10.7782,225.677,-0.0339616,      29P   1128
10.7782,225.676,-0.0327291,10.7782,225.674,-0.0313111,10.7782,        29P   1129
225.673,-0.0299296,10.7782,225.658,-0.0174778,10.7782,225.644,        29P   1130
-0.0049969,10.7782,225.629,0.00801495,10.7782,225.627,                29P   1131
0.00957598,10.7782,225.625,0.0111766,10.7782,225.624,0.0124609,       29P   1132
10.7782,225.622,0.0137214,10.7782,225.608,0.02675,10.7782,            29P   1133
225.593,0.0398134,10.7782,225.579,0.0530357,10.7782,225.578,          29P   1134
0.0541159,10.7782,225.576,0.0551331,10.7782,225.575,0.0561284,        29P   1135
10.7782,225.574,0.0572518,10.7782,225.573,0.0583872,10.7782,          29P   1136
225.558,0.071881,10.7782,225.544,0.0853892,10.7782,225.529,           29P   1137
0.0989979,10.7782,225.528,0.0999423,10.7782,225.527,0.100832,         29P   1138
10.7782,225.526,0.101711,10.7782,225.525,0.102707,10.7782,            29P   1139
225.524,0.103672,10.7782,225.509,0.117571,10.7782,225.494,            29P   1140
0.131454,10.7782,225.48,0.145603,10.7782,225.479,0.146635,            29P   1141
10.7782,225.478,0.147699,10.7782,225.477,0.148515,10.7782,            29P   1142
225.476,0.149328,10.7782,225.461,0.163483,10.7782,225.446,            29P   1143
0.177802,10.7782,225.432,0.192286,10.7782,225.431,0.193216,           29P   1144
10.7782,225.43,0.194097,10.7782,225.429,0.19511,10.7782,225.414,      29P   1145
0.210041,10.7782,225.399,0.225104,10.7782,225.384,0.240264,           29P   1146
10.7782,225.383,0.241185,10.7782,225.382,0.242181,10.7782,            29P   1147
225.366,0.258002,10.7782,225.351,0.274012,10.7782,225.335,            29P   1148
0.290097,10.7782,225.322,0.303856,10.7782,225.309,0.317571,           29P   1149
10.7782,225.286,0.341495,10.7782,225.276,0.352584,10.7782,            29P   1150
225.258,0.371626,10.7782,225.246,0.38551,10.7782,225.233,             29P   1151
0.399296,10.7782,225.228,0.404851,10.7782,225.232,0.424243,           29P   1152
10.9126,225.231,0.425058,10.9126,225.23,0.425945,10.9126,             29P   1153
225.229,0.426667,10.9126,225.228,0.426983,10.9126,225.226,            29P   1154
0.427252,10.9126,225.225,0.427265,10.9126,225.223,0.426953,           29P   1155
10.9126,225.222,0.426646,10.9126,225.221,0.426257,10.9126,            29P   1156
225.221,0.426,10.9126,225.22,0.425229,10.9126,225.219,0.42465,        29P   1157
10.9126,225.218,0.423686,10.9126,225.218,0.423068,10.9126,            29P   1158
225.217,0.422394,10.9126,225.217,0.421698,10.9126,225.217,            29P   1159
0.420848,10.9126,225.217,0.419937,10.9126,225.217,0.418581,           29P   1160
10.9126,225.217,0.417763,10.9126,225.217,0.416525,10.9126,            29P   1161
225.217,0.416075,10.9126,225.217,0.415195,10.9126,225.217,            29P   1162
0.414773,10.9126,225.218,0.413855,10.9126,225.218,0.413323,           29P   1163
10.9126,225.22,0.410268,10.9126,225.221,0.407248,10.9126,             29P   1164
225.223,0.403914,10.9126,225.224,0.402565,10.9126,225.224,            29P   1165
0.401294,10.9126,225.225,0.399508,10.9126,225.226,0.397825,           29P   1166
10.9126,225.227,0.395769,10.9126,225.228,0.393987,10.9126,            29P   1167
225.231,0.38667,10.9126,225.235,0.379445,10.9126,225.239,             29P   1168
0.372273,10.9126,225.24,0.370607,10.9126,225.241,0.368854,            29P   1169
10.9126,225.242,0.367252,10.9126,225.242,0.365639,10.9126,            29P   1170
225.243,0.364454,10.9126,225.244,0.363049,10.9126,225.249,            29P   1171
0.352747,10.9126,225.255,0.342208,10.9126,225.261,0.331844,           29P   1172
10.9126,225.262,0.330306,10.9126,225.263,0.328676,10.9126,            29P   1173
225.263,0.32714,10.9126,225.264,0.325551,10.9126,225.265,             29P   1174
0.324332,10.9126,225.266,0.322874,10.9126,225.274,0.30937,            29P   1175
10.9126,225.282,0.29578,10.9126,225.29,0.282516,10.9126,225.291,      29P   1176
0.2811,10.9126,225.292,0.27958,10.9126,225.293,0.278145,10.9126,      29P   1177
225.294,0.276216,10.9126,225.295,0.274622,10.9126,225.296,            29P   1178
0.273096,10.9126,225.306,0.257025,10.9126,225.317,0.240926,           29P   1179
10.9126,225.328,0.224899,10.9126,225.329,0.223617,10.9126,            29P   1180
225.33,0.222223,10.9126,225.33,0.220862,10.9126,225.331,              29P   1181
0.219425,10.9126,225.332,0.218238,10.9126,225.333,0.216981,           29P   1182
10.9126,225.334,0.215816,10.9126,225.345,0.200074,10.9126,            29P   1183
225.356,0.184408,10.9126,225.368,0.16866,10.9126,225.37,0.16689,      29P   1184
10.9126,225.371,0.165283,10.9126,225.372,0.163905,10.9126,            29P   1185
225.373,0.162709,10.9126,225.374,0.161442,10.9126,225.375,            29P   1186
0.160234,10.9126,225.386,0.144929,10.9126,225.399,0.129868,           29P   1187
10.9126,225.411,0.114775,10.9126,225.412,0.113201,10.9126,            29P   1188
225.414,0.111719,10.9126,225.415,0.110426,10.9126,225.416,            29P   1189
0.109272,10.9126,225.417,0.107975,10.9126,225.418,0.106759,           29P   1190
10.9126,225.43,0.0919523,10.9126,225.443,0.0774549,10.9126,           29P   1191
225.457,0.0630146,10.9126,225.458,0.0616048,10.9126,225.459,          29P   1192
0.0602616,10.9126,225.46,0.059054,10.9126,225.461,0.057926,           29P   1193
10.9126,225.462,0.0566523,10.9126,225.464,0.0554048,10.9126,          29P   1194
225.477,0.0411513,10.9126,225.49,0.0272384,10.9126,225.504,           29P   1195
0.0135146,10.9126,225.506,0.0122425,10.9126,225.507,0.0110484,        29P   1196
10.9126,225.508,0.00990565,10.9126,225.509,0.00880178,10.9126,        29P   1197
225.511,0.00752314,10.9126,225.512,0.0062813,10.9126,225.526,         29P   1198
-0.00735723,10.9126,225.54,-0.0205884,10.9126,225.555,                29P   1199
-0.0336061,10.9126,225.556,-0.0347339,10.9126,225.557,                29P   1200
-0.0358272,10.9126,225.558,-0.0368945,10.9126,225.559,                29P   1201
-0.0379674,10.9126,225.561,-0.039202,10.9126,225.562,-0.0404419,      29P   1202
10.9126,225.577,-0.0534764,10.9126,225.592,-0.0660898,10.9126,        29P   1203
225.607,-0.0785155,10.9126,225.608,-0.0795353,10.9126,225.609,        29P   1204
-0.080524,10.9126,225.61,-0.0815465,10.9126,225.612,-0.0825897,       29P   1205
10.9126,225.613,-0.0838441,10.9126,225.615,-0.0850745,10.9126,        29P   1206
225.63,-0.0976394,10.9126,225.645,-0.109852,10.9126,225.66,           29P   1207
-0.12185,10.9126,225.661,-0.122759,10.9126,225.662,-0.123673,         29P   1208
10.9126,225.664,-0.124637,10.9126,225.665,-0.125671,10.9126,          29P   1209
225.667,-0.126913,10.9126,225.668,-0.128156,10.9126,225.684,          29P   1210
-0.140342,10.9126,225.699,-0.152095,10.9126,225.715,-0.163568,        29P   1211
10.9126,225.716,-0.164387,10.9126,225.717,-0.165218,10.9126,          29P   1212
225.718,-0.166127,10.9126,225.72,-0.167133,10.9126,225.721,           29P   1213
-0.16838,10.9126,225.723,-0.169642,10.9126,225.739,-0.181579,         29P   1214
10.9126,225.755,-0.193049,10.9126,225.772,-0.204265,10.9126,          29P   1215
225.773,-0.205036,10.9126,225.774,-0.205913,10.9126,225.776,          29P   1216
-0.20691,10.9126,225.777,-0.208132,10.9126,225.779,-0.209381,         29P   1217
10.9126,225.796,-0.220787,10.9126,225.812,-0.231727,10.9126,          29P   1218
225.829,-0.242428,10.9126,225.83,-0.243143,10.9126,225.831,           29P   1219
-0.243969,10.9126,225.833,-0.24494,10.9126,225.835,-0.246163,         29P   1220
10.9126,225.836,-0.247411,10.9126,225.853,-0.258318,10.9126,          29P   1221
225.87,-0.268787,10.9126,225.887,-0.278908,10.9126,225.888,           29P   1222
-0.279592,10.9126,225.889,-0.280397,10.9126,225.891,-0.281356,        29P   1223
10.9126,225.893,-0.282553,10.9126,225.895,-0.283791,10.9126,          29P   1224
225.909,-0.292354,10.9126,225.923,-0.30052,10.9126,225.937,           29P   1225
-0.308468,10.9126,225.938,-0.309227,10.9126,225.94,-0.310154,         29P   1226
10.9126,225.942,-0.311345,10.9126,225.944,-0.312586,10.9126,          29P   1227
225.956,-0.318955,10.9126,225.966,-0.325051,10.9126,225.977,          29P   1228
-0.330876,10.9126,225.978,-0.331621,10.9126,225.98,-0.332554,         29P   1229
10.9126,225.982,-0.333744,10.9126,225.984,-0.334961,10.9126,          29P   1230
225.992,-0.339242,10.9126,226.,-0.343235,10.9126,226.007,             29P   1231
-0.347065,10.9126,226.009,-0.347786,10.9126,226.01,-0.348694,         29P   1232
10.9126,226.012,-0.349857,10.9126,226.018,-0.352657,10.9126,          29P   1233
226.022,-0.35504,10.9126,226.027,-0.357182,10.9126,226.027,           29P   1234
-0.357407,10.9126,226.028,-0.35783,10.9126,226.028,-0.358028,         29P   1235
10.9126,226.029,-0.358527,10.9126,226.03,-0.358825,10.9126,           29P   1236
226.031,-0.359512,10.9126,226.032,-0.359929,10.9126,226.033,          29P   1237
-0.36067,10.9126,226.034,-0.361116,10.9126,226.035,-0.361442,         29P   1238
10.9126,226.036,-0.361753,10.9126,226.037,-0.361907,10.9126,          29P   1239
226.038,-0.362093,10.9126,226.04,-0.36223,10.9126,226.042,            29P   1240
-0.362217,10.9126,226.044,-0.361831,10.9126,226.046,-0.361127,        29P   1241
10.9126,226.048,-0.360277,10.9126,226.05,-0.358939,10.9126,           29P   1242
226.052,-0.357287,10.9126,226.054,-0.35564,10.9126,226.055,           29P   1243
-0.353544,10.9126,226.056,-0.351437,10.9126,226.056,-0.34928,         29P   1244
10.9126,226.057,-0.348383,10.9126,226.057,-0.34736,10.9126,           29P   1245
226.057,-0.346784,10.9126,226.057,-0.345531,10.9126,226.057,          29P   1246
-0.344854,10.9126,226.057,-0.343502,10.9126,226.057,-0.342222,        29P   1247
10.9126,226.056,-0.340992,10.9126,226.056,-0.339664,10.9126,          29P   1248
226.055,-0.338929,10.9126,226.055,-0.337374,10.9126,226.054,          29P   1249
-0.336561,10.9126,226.052,-0.334339,10.9126,226.051,-0.333103,        29P   1250
10.9126,226.048,-0.331445,10.9126,226.047,-0.33062,10.9126,           29P   1251
226.045,-0.329471,10.9126,226.045,-0.328856,10.9126,226.044,          29P   1252
-0.32825,10.9126,226.042,-0.327031,10.9126,226.04,-0.325682,          29P   1253
10.9126,226.037,-0.323714,10.9126,226.034,-0.321776,10.9126,          29P   1254
226.031,-0.319475,10.9126,226.028,-0.317206,10.9126,226.023,          29P   1255
-0.313938,10.9126,226.019,-0.311231,10.9126,226.016,-0.308824,        29P   1256
10.9126,226.014,-0.307541,10.9126,226.012,-0.306067,10.9126,          29P   1257
226.01,-0.304257,10.9126,226.007,-0.302355,10.9126,226.004,           29P   1258
-0.300093,10.9126,226.001,-0.297867,10.9126,225.993,-0.29224,         29P   1259
10.9126,225.986,-0.287126,10.9126,225.979,-0.282305,10.9126,          29P   1260
225.978,-0.281033,10.9126,225.976,-0.279579,10.9126,225.973,          29P   1261
-0.27779,10.9126,225.971,-0.275923,10.9126,225.968,-0.273721,         29P   1262
10.9126,225.965,-0.271569,10.9126,225.954,-0.263506,10.9126,          29P   1263
225.944,-0.255969,10.9126,225.934,-0.248688,10.9126,225.932,          29P   1264
-0.247445,10.9126,225.93,-0.246035,10.9126,225.928,-0.2443,           29P   1265
10.9126,225.926,-0.242535,10.9126,225.923,-0.240426,10.9126,          29P   1266
225.92,-0.23836,10.9126,225.906,-0.227715,10.9126,225.893,            29P   1267
-0.217482,10.9126,225.88,-0.207424,10.9126,225.879,-0.206209,         29P   1268
10.9126,225.877,-0.204825,10.9126,225.875,-0.203166,10.9126,          29P   1269
225.873,-0.201459,10.9126,225.87,-0.199448,10.9126,225.868,           29P   1270
-0.197464,10.9126,225.853,-0.186304,10.9126,225.84,-0.175528,         29P   1271
10.9126,225.827,-0.16496,10.9126,225.826,-0.163801,10.9126,           29P   1272
225.824,-0.162474,10.9126,225.822,-0.160883,10.9126,225.82,           29P   1273
-0.159276,10.9126,225.818,-0.157402,10.9126,225.816,-0.155542,        29P   1274
10.9126,225.802,-0.143942,10.9126,225.788,-0.132711,10.9126,          29P   1275
225.775,-0.121645,10.9126,225.774,-0.120533,10.9126,225.772,          29P   1276
-0.119281,10.9126,225.77,-0.117771,10.9126,225.769,-0.116255,         29P   1277
10.9126,225.766,-0.114496,10.9126,225.752,-0.1018,10.9126,            29P   1278
225.737,-0.089352,10.9126,225.724,-0.0772262,10.9126,225.722,         29P   1279
-0.076155,10.9126,225.721,-0.0749539,10.9126,225.719,-0.0735608,      29P   1280
10.9126,225.718,-0.0721554,10.9126,225.716,-0.0705339,10.9126,        29P   1281
225.714,-0.068918,10.9126,225.7,-0.0563678,10.9126,225.686,           29P   1282
-0.0441066,10.9126,225.673,-0.031934,10.9126,225.672,-0.0309361,      29P   1283
10.9126,225.671,-0.0298275,10.9126,225.669,-0.0285194,10.9126,        29P   1284
225.668,-0.0272262,10.9126,225.666,-0.0257385,10.9126,225.665,        29P   1285
-0.024289,10.9126,225.65,-0.0112237,10.9126,225.636,0.00187042,       29P   1286
10.9126,225.622,0.0154358,10.9126,225.62,0.0170622,10.9126,           29P   1287
225.619,0.0187281,10.9126,225.617,0.0200647,10.9126,225.616,          29P   1288
0.0213759,10.9126,225.602,0.0349223,10.9126,225.588,0.0484128,        29P   1289
10.9126,225.574,0.0620908,10.9126,225.572,0.0632083,10.9126,          29P   1290
225.571,0.0642602,10.9126,225.57,0.0652901,10.9126,225.569,           29P   1291
0.0664529,10.9126,225.568,0.0676282,10.9126,225.554,0.0815994,        29P   1292
10.9126,225.539,0.0956211,10.9126,225.525,0.109738,10.9126,           29P   1293
225.524,0.110717,10.9126,225.523,0.111639,10.9126,225.522,            29P   1294
0.112551,10.9126,225.521,0.113584,10.9126,225.52,0.114585,            29P   1295
10.9126,225.506,0.129007,10.9126,225.492,0.143394,10.9126,            29P   1296
225.477,0.158155,10.9126,225.476,0.159233,10.9126,225.475,            29P   1297
0.160344,10.9126,225.474,0.161187,10.9126,225.473,0.162037,           29P   1298
10.9126,225.459,0.176797,10.9126,225.444,0.191638,10.9126,            29P   1299
225.43,0.206623,10.9126,225.429,0.207586,10.9126,225.428,             29P   1300
0.208497,10.9126,225.427,0.209545,10.9126,225.412,0.225126,           29P   1301
10.9126,225.398,0.240693,10.9126,225.383,0.256068,10.9126,            29P   1302
225.382,0.257001,10.9126,225.381,0.25801,10.9126,225.367,             29P   1303
0.274006,10.9126,225.352,0.290135,10.9126,225.337,0.306469,           29P   1304
10.9126,225.324,0.320446,10.9126,225.311,0.334385,10.9126,            29P   1305
225.289,0.359066,10.9126,225.279,0.370639,10.9126,225.262,            29P   1306
0.390301,10.9126,225.249,0.404516,10.9126,225.237,0.418606,           29P   1307
10.9126,225.232,0.424243,10.9126,225.241,0.443076,11.0595,            29P   1308
225.24,0.443779,11.0595,225.239,0.444687,11.0595,225.237,             29P   1309
0.445509,11.0595,225.236,0.445888,11.0595,225.235,0.446222,           29P   1310
11.0595,225.233,0.44616,11.0595,225.231,0.445617,11.0595,225.23,      29P   1311
0.445124,11.0595,225.229,0.444512,11.0595,225.229,0.444116,           29P   1312
11.0595,225.228,0.443122,11.0595,225.228,0.442511,11.0595,            29P   1313
225.227,0.441571,11.0595,225.227,0.440989,11.0595,225.227,            29P   1314
0.440368,11.0595,225.226,0.439722,11.0595,225.226,0.438932,           29P   1315
11.0595,225.226,0.438122,11.0595,225.226,0.436954,11.0595,            29P   1316
225.226,0.436248,11.0595,225.227,0.435135,11.0595,225.227,            29P   1317
0.434726,11.0595,225.227,0.433956,11.0595,225.227,0.433561,           29P   1318
11.0595,225.228,0.432619,11.0595,225.228,0.43208,11.0595,             29P   1319
225.229,0.429052,11.0595,225.231,0.426054,11.0595,225.233,            29P   1320
0.422736,11.0595,225.233,0.421394,11.0595,225.234,0.420128,           29P   1321
11.0595,225.235,0.418348,11.0595,225.236,0.41667,11.0595,             29P   1322
225.237,0.414619,11.0595,225.238,0.41284,11.0595,225.241,             29P   1323
0.405534,11.0595,225.245,0.398303,11.0595,225.249,0.391115,           29P   1324
11.0595,225.25,0.389444,11.0595,225.251,0.387686,11.0595,             29P   1325
225.251,0.38608,11.0595,225.252,0.384462,11.0595,225.253,             29P   1326
0.383273,11.0595,225.254,0.381864,11.0595,225.259,0.371525,           29P   1327
11.0595,225.265,0.360936,11.0595,225.27,0.350501,11.0595,             29P   1328
225.271,0.348952,11.0595,225.272,0.34731,11.0595,225.273,             29P   1329
0.345761,11.0595,225.274,0.34416,11.0595,225.275,0.342931,            29P   1330
11.0595,225.276,0.34146,11.0595,225.283,0.32784,11.0595,225.291,      29P   1331
0.314084,11.0595,225.299,0.300639,11.0595,225.3,0.299203,             29P   1332
11.0595,225.301,0.297661,11.0595,225.302,0.296206,11.0595,            29P   1333
225.303,0.29425,11.0595,225.304,0.292634,11.0595,225.305,             29P   1334
0.291086,11.0595,225.315,0.274785,11.0595,225.325,0.258492,           29P   1335
11.0595,225.336,0.24226,11.0595,225.337,0.240961,11.0595,             29P   1336
225.338,0.239549,11.0595,225.339,0.238171,11.0595,225.34,             29P   1337
0.236715,11.0595,225.341,0.235513,11.0595,225.341,0.234239,           29P   1338
11.0595,225.342,0.233059,11.0595,225.353,0.217112,11.0595,            29P   1339
225.364,0.201216,11.0595,225.375,0.185158,11.0595,225.377,            29P   1340
0.183352,11.0595,225.378,0.181712,11.0595,225.379,0.180302,           29P   1341
11.0595,225.38,0.179082,11.0595,225.381,0.177787,11.0595,             29P   1342
225.382,0.176553,11.0595,225.393,0.160913,11.0595,225.405,            29P   1343
0.145437,11.0595,225.417,0.129909,11.0595,225.418,0.12829,            29P   1344
11.0595,225.419,0.126765,11.0595,225.42,0.125432,11.0595,             29P   1345
225.421,0.124244,11.0595,225.422,0.12291,11.0595,225.423,             29P   1346
0.121659,11.0595,225.435,0.106424,11.0595,225.447,0.0914943,          29P   1347
11.0595,225.46,0.0765531,11.0595,225.461,0.0750939,11.0595,           29P   1348
225.463,0.073703,11.0595,225.464,0.0724496,11.0595,225.465,           29P   1349
0.071281,11.0595,225.466,0.0699611,11.0595,225.467,0.0686677,         29P   1350
11.0595,225.48,0.0538883,11.0595,225.493,0.0393784,11.0595,           29P   1351
225.506,0.0249804,11.0595,225.507,0.0236453,11.0595,225.508,          29P   1352
0.0223914,11.0595,225.509,0.021189,11.0595,225.51,0.0200292,          29P   1353
11.0595,225.512,0.0186854,11.0595,225.513,0.0173796,11.0595,          29P   1354
225.526,0.00303639,11.0595,225.54,-0.0109613,11.0595,225.553,         29P   1355
-0.0247666,11.0595,225.555,-0.0259628,11.0595,225.556,                29P   1356
-0.0271227,11.0595,225.557,-0.0282572,11.0595,225.558,                29P   1357
-0.0293956,11.0595,225.559,-0.0307057,11.0595,225.561,                29P   1358
-0.0320217,11.0595,225.575,-0.0458563,11.0595,225.589,                29P   1359
-0.0592812,11.0595,225.603,-0.0725661,11.0595,225.604,                29P   1360
-0.0736566,11.0595,225.605,-0.0747144,11.0595,225.606,                29P   1361
-0.0758101,11.0595,225.608,-0.0769266,11.0595,225.609,                29P   1362
-0.0782696,11.0595,225.61,-0.0795872,11.0595,225.625,-0.093045,       29P   1363
11.0595,225.639,-0.106182,11.0595,225.654,-0.119117,11.0595,          29P   1364
225.655,-0.120096,11.0595,225.656,-0.121082,11.0595,225.657,          29P   1365
-0.122123,11.0595,225.658,-0.123238,11.0595,225.66,-0.124578,         29P   1366
11.0595,225.661,-0.125919,11.0595,225.676,-0.139065,11.0595,          29P   1367
225.691,-0.151772,11.0595,225.705,-0.164211,11.0595,225.707,          29P   1368
-0.165099,11.0595,225.708,-0.166,11.0595,225.709,-0.166988,           29P   1369
11.0595,225.71,-0.16808,11.0595,225.712,-0.169432,11.0595,            29P   1370
225.713,-0.170802,11.0595,225.729,-0.183761,11.0595,225.744,          29P   1371
-0.19626,11.0595,225.76,-0.208583,11.0595,225.761,-0.20943,           29P   1372
11.0595,225.762,-0.210396,11.0595,225.763,-0.211493,11.0595,          29P   1373
225.765,-0.212838,11.0595,225.767,-0.214214,11.0595,225.783,          29P   1374
-0.226784,11.0595,225.798,-0.238938,11.0595,225.814,-0.250808,        29P   1375
11.0595,225.815,-0.251601,11.0595,225.816,-0.252518,11.0595,          29P   1376
225.817,-0.253595,11.0595,225.819,-0.254951,11.0595,225.821,          29P   1377
-0.256334,11.0595,225.837,-0.268421,11.0595,225.853,-0.280004,        29P   1378
11.0595,225.869,-0.291373,11.0595,225.87,-0.292142,11.0595,           29P   1379
225.871,-0.293048,11.0595,225.873,-0.294128,11.0595,225.875,          29P   1380
-0.295478,11.0595,225.877,-0.296876,11.0595,225.89,-0.30656,          29P   1381
11.0595,225.904,-0.315913,11.0595,225.917,-0.324928,11.0595,          29P   1382
225.918,-0.325789,11.0595,225.92,-0.326839,11.0595,225.922,           29P   1383
-0.328187,11.0595,225.924,-0.329588,11.0595,225.934,-0.336773,        29P   1384
11.0595,225.945,-0.343601,11.0595,225.955,-0.350221,11.0595,          29P   1385
225.956,-0.35107,11.0595,225.958,-0.352133,11.0595,225.96,            29P   1386
-0.353492,11.0595,225.962,-0.354887,11.0595,225.969,-0.359802,        29P   1387
11.0595,225.977,-0.364437,11.0595,225.984,-0.368874,11.0595,          29P   1388
225.985,-0.36971,11.0595,225.987,-0.370762,11.0595,225.989,           29P   1389
-0.372108,11.0595,225.994,-0.375344,11.0595,225.998,-0.378089,        29P   1390
11.0595,226.002,-0.380557,11.0595,226.002,-0.380818,11.0595,          29P   1391
226.003,-0.381307,11.0595,226.004,-0.381533,11.0595,226.005,          29P   1392
-0.3821,11.0595,226.005,-0.382454,11.0595,226.006,-0.383316,          29P   1393
11.0595,226.007,-0.383726,11.0595,226.009,-0.384262,11.0595,          29P   1394
226.01,-0.384588,11.0595,226.011,-0.384827,11.0595,226.012,           29P   1395
-0.385057,11.0595,226.013,-0.385151,11.0595,226.014,-0.38522,         29P   1396
11.0595,226.015,-0.385229,11.0595,226.017,-0.384962,11.0595,          29P   1397
226.02,-0.384254,11.0595,226.022,-0.383288,11.0595,226.023,           29P   1398
-0.382227,11.0595,226.025,-0.380641,11.0595,226.027,-0.378787,        29P   1399
11.0595,226.028,-0.376971,11.0595,226.029,-0.3747,11.0595,            29P   1400
226.03,-0.372487,11.0595,226.03,-0.370273,11.0595,226.03,             29P   1401
-0.369336,11.0595,226.03,-0.368287,11.0595,226.03,-0.367709,          29P   1402
11.0595,226.03,-0.366468,11.0595,226.03,-0.365806,11.0595,            29P   1403
226.029,-0.364478,11.0595,226.029,-0.363216,11.0595,226.028,          29P   1404
-0.36196,11.0595,226.028,-0.360592,11.0595,226.027,-0.35982,          29P   1405
11.0595,226.026,-0.358179,11.0595,226.025,-0.357346,11.0595,          29P   1406
226.023,-0.355826,11.0595,226.022,-0.355049,11.0595,226.02,           29P   1407
-0.353174,11.0595,226.018,-0.352178,11.0595,226.017,-0.350948,        29P   1408
11.0595,226.016,-0.350286,11.0595,226.015,-0.34962,11.0595,           29P   1409
226.014,-0.348256,11.0595,226.012,-0.34674,11.0595,226.009,           29P   1410
-0.344529,11.0595,226.007,-0.342356,11.0595,226.004,-0.339771,        29P   1411
11.0595,226.001,-0.337217,11.0595,225.996,-0.333535,11.0595,          29P   1412
225.993,-0.330482,11.0595,225.99,-0.327773,11.0595,225.988,           29P   1413
-0.32633,11.0595,225.986,-0.324673,11.0595,225.984,-0.322643,         29P   1414
11.0595,225.981,-0.320514,11.0595,225.978,-0.317989,11.0595,          29P   1415
225.975,-0.315514,11.0595,225.968,-0.309272,11.0595,225.961,          29P   1416
-0.303646,11.0595,225.955,-0.298343,11.0595,225.954,-0.296943,        29P   1417
11.0595,225.952,-0.295344,11.0595,225.949,-0.293373,11.0595,          29P   1418
225.947,-0.291317,11.0595,225.944,-0.288888,11.0595,225.942,          29P   1419
-0.28651,11.0595,225.931,-0.277593,11.0595,225.922,-0.269212,         29P   1420
11.0595,225.913,-0.26114,11.0595,225.911,-0.259763,11.0595,           29P   1421
225.909,-0.258201,11.0595,225.907,-0.256281,11.0595,225.905,          29P   1422
-0.25433,11.0595,225.902,-0.252,11.0595,225.9,-0.249722,11.0595,      29P   1423
225.887,-0.237996,11.0595,225.874,-0.226825,11.0595,225.862,          29P   1424
-0.215907,11.0595,225.861,-0.21459,11.0595,225.859,-0.213089,         29P   1425
11.0595,225.857,-0.211291,11.0595,225.855,-0.209442,11.0595,          29P   1426
225.853,-0.207264,11.0595,225.85,-0.205119,11.0595,225.837,           29P   1427
-0.193054,11.0595,225.824,-0.181456,11.0595,225.812,-0.170072,        29P   1428
11.0595,225.811,-0.168823,11.0595,225.809,-0.167392,11.0595,          29P   1429
225.807,-0.165678,11.0595,225.805,-0.163946,11.0595,225.803,          29P   1430
-0.161925,11.0595,225.801,-0.15992,11.0595,225.788,-0.147408,         29P   1431
11.0595,225.775,-0.135282,11.0595,225.763,-0.123427,11.0595,          29P   1432
225.762,-0.122236,11.0595,225.76,-0.120897,11.0595,225.758,           29P   1433
-0.119281,11.0595,225.757,-0.117661,11.0595,225.755,-0.115784,        29P   1434
11.0595,225.741,-0.102245,11.0595,225.727,-0.0890955,11.0595,         29P   1435
225.714,-0.0762691,11.0595,225.713,-0.0751358,11.0595,225.711,        29P   1436
-0.0738651,11.0595,225.71,-0.0723909,11.0595,225.708,-0.0709035,      29P   1437
11.0595,225.707,-0.0691868,11.0595,225.705,-0.0674757,11.0595,        29P   1438
225.691,-0.054182,11.0595,225.678,-0.0411623,11.0595,225.666,         29P   1439
-0.0283159,11.0595,225.665,-0.0272629,11.0595,225.664,                29P   1440
-0.0260937,11.0595,225.662,-0.0247147,11.0595,225.661,                29P   1441
-0.0233522,11.0595,225.659,-0.0217856,11.0595,225.658,                29P   1442
-0.0202602,11.0595,225.644,-0.00652132,11.0595,225.631,               29P   1443
0.00715302,11.0595,225.617,0.0213504,11.0595,225.616,0.0230531,       29P   1444
11.0595,225.614,0.0248002,11.0595,225.613,0.0262002,11.0595,          29P   1445
225.611,0.0275738,11.0595,225.598,0.0417656,11.0595,225.584,          29P   1446
0.0559408,11.0595,225.571,0.0702034,11.0595,225.57,0.0713682,         29P   1447
11.0595,225.569,0.0724667,11.0595,225.568,0.0735393,11.0595,          29P   1448
225.566,0.0747495,11.0595,225.565,0.0759721,11.0595,225.552,          29P   1449
0.0904967,11.0595,225.538,0.104959,11.0595,225.524,0.119575,          29P   1450
11.0595,225.523,0.120589,11.0595,225.522,0.121546,11.0595,            29P   1451
225.521,0.122491,11.0595,225.52,0.123562,11.0595,225.52,              29P   1452
0.124599,11.0595,225.506,0.13952,11.0595,225.492,0.154496,            29P   1453
11.0595,225.478,0.169777,11.0595,225.477,0.170892,11.0595,            29P   1454
225.476,0.172043,11.0595,225.475,0.172946,11.0595,225.474,            29P   1455
0.173824,11.0595,225.46,0.189209,11.0595,225.447,0.204527,            29P   1456
11.0595,225.433,0.219954,11.0595,225.432,0.220945,11.0595,            29P   1457
225.431,0.221884,11.0595,225.43,0.222961,11.0595,225.416,             29P   1458
0.238468,11.0595,225.402,0.254424,11.0595,225.388,0.270437,           29P   1459
11.0595,225.387,0.27141,11.0595,225.386,0.272463,11.0595,             29P   1460
225.371,0.289193,11.0595,225.356,0.306298,11.0595,225.342,            29P   1461
0.323092,11.0595,225.33,0.337443,11.0595,225.317,0.351705,            29P   1462
11.0595,225.296,0.376705,11.0595,225.286,0.38837,11.0595,225.27,      29P   1463
0.408342,11.0595,225.257,0.422865,11.0595,225.245,0.437285,           29P   1464
11.0595,225.241,0.443076,11.0595,225.248,0.458842,11.2035,            29P   1465
225.247,0.459789,11.2035,225.246,0.460811,11.2035,225.244,            29P   1466
0.461535,11.2035,225.243,0.461796,11.2035,225.242,0.461895,           29P   1467
11.2035,225.24,0.46171,11.2035,225.238,0.461186,11.2035,225.238,      29P   1468
0.460758,11.2035,225.237,0.460242,11.2035,225.236,0.459915,           29P   1469
11.2035,225.235,0.458923,11.2035,225.235,0.458172,11.2035,            29P   1470
225.234,0.457038,11.2035,225.234,0.45633,11.2035,225.234,             29P   1471
0.455641,11.2035,225.234,0.454995,11.2035,225.234,0.454263,           29P   1472
11.2035,225.234,0.453551,11.2035,225.234,0.452315,11.2035,            29P   1473
225.234,0.451492,11.2035,225.235,0.450377,11.2035,225.235,            29P   1474
0.44999,11.2035,225.235,0.449196,11.2035,225.236,0.448796,            29P   1475
11.2035,225.236,0.447864,11.2035,225.236,0.44733,11.2035,             29P   1476
225.238,0.444308,11.2035,225.239,0.441315,11.2035,225.241,            29P   1477
0.438001,11.2035,225.242,0.436659,11.2035,225.242,0.435394,           29P   1478
11.2035,225.243,0.433614,11.2035,225.244,0.431935,11.2035,            29P   1479
225.245,0.429882,11.2035,225.246,0.4281,11.2035,225.25,0.420776,      29P   1480
11.2035,225.253,0.413508,11.2035,225.257,0.406294,11.2035,            29P   1481
225.258,0.404618,11.2035,225.259,0.402856,11.2035,225.26,             29P   1482
0.401245,11.2035,225.26,0.399625,11.2035,225.261,0.398434,            29P   1483
11.2035,225.262,0.397023,11.2035,225.267,0.386677,11.2035,            29P   1484
225.273,0.376124,11.2035,225.279,0.365708,11.2035,225.28,             29P   1485
0.364161,11.2035,225.281,0.362522,11.2035,225.281,0.360976,           29P   1486
11.2035,225.282,0.359376,11.2035,225.283,0.358148,11.2035,            29P   1487
225.284,0.356677,11.2035,225.291,0.343055,11.2035,225.299,            29P   1488
0.329241,11.2035,225.307,0.315712,11.2035,225.308,0.314267,           29P   1489
11.2035,225.309,0.312716,11.2035,225.31,0.311251,11.2035,             29P   1490
225.311,0.309282,11.2035,225.312,0.307654,11.2035,225.313,            29P   1491
0.306096,11.2035,225.323,0.289677,11.2035,225.333,0.273221,           29P   1492
11.2035,225.343,0.25681,11.2035,225.344,0.255498,11.2035,             29P   1493
225.345,0.254071,11.2035,225.346,0.252677,11.2035,225.347,            29P   1494
0.251205,11.2035,225.347,0.249989,11.2035,225.348,0.248702,           29P   1495
11.2035,225.349,0.247508,11.2035,225.359,0.231369,11.2035,            29P   1496
225.37,0.215281,11.2035,225.381,0.199013,11.2035,225.383,             29P   1497
0.197184,11.2035,225.384,0.195522,11.2035,225.385,0.194105,           29P   1498
11.2035,225.386,0.192868,11.2035,225.387,0.191556,11.2035,            29P   1499
225.387,0.190305,11.2035,225.398,0.174441,11.2035,225.41,             29P   1500
0.158733,11.2035,225.421,0.142905,11.2035,225.423,0.141254,           29P   1501
11.2035,225.424,0.1397,11.2035,225.425,0.13835,11.2035,225.426,       29P   1502
0.137138,11.2035,225.427,0.135776,11.2035,225.428,0.134499,           29P   1503
11.2035,225.439,0.118928,11.2035,225.451,0.103604,11.2035,            29P   1504
225.463,0.0882284,11.2035,225.464,0.0867265,11.2035,225.466,          29P   1505
0.0852951,11.2035,225.467,0.0840141,11.2035,225.468,0.0828108,        29P   1506
11.2035,225.469,0.0814514,11.2035,225.47,0.0801192,11.2035,           29P   1507
225.482,0.0648865,11.2035,225.494,0.0499072,11.2035,225.507,          29P   1508
0.0350286,11.2035,225.508,0.0336488,11.2035,225.509,0.0323534,        29P   1509
11.2035,225.51,0.0311184,11.2035,225.511,0.0299197,11.2035,           29P   1510
225.513,0.0285305,11.2035,225.514,0.0271807,11.2035,225.527,          29P   1511
0.0123435,11.2035,225.539,-0.00215345,11.2035,225.553,                29P   1512
-0.0165602,11.2035,225.554,-0.017809,11.2035,225.555,-0.0190202,      29P   1513
11.2035,225.556,-0.0201979,11.2035,225.557,-0.0213882,11.2035,        29P   1514
225.558,-0.0227586,11.2035,225.559,-0.0241361,11.2035,225.573,        29P   1515
-0.0386299,11.2035,225.586,-0.0527959,11.2035,225.6,-0.066787,        29P   1516
11.2035,225.601,-0.0679353,11.2035,225.602,-0.0690487,11.2035,        29P   1517
225.603,-0.070196,11.2035,225.604,-0.0713712,11.2035,225.605,         29P   1518
-0.0727844,11.2035,225.607,-0.0741707,11.2035,225.62,-0.0883332,      29P   1519
11.2035,225.634,-0.102113,11.2035,225.648,-0.115697,11.2035,          29P   1520
225.649,-0.116726,11.2035,225.65,-0.117761,11.2035,225.651,           29P   1521
-0.118849,11.2035,225.652,-0.12002,11.2035,225.654,-0.121427,         29P   1522
11.2035,225.655,-0.122837,11.2035,225.669,-0.13666,11.2035,           29P   1523
225.684,-0.150047,11.2035,225.698,-0.163211,11.2035,225.699,          29P   1524
-0.164151,11.2035,225.7,-0.165104,11.2035,225.701,-0.166145,          29P   1525
11.2035,225.702,-0.167301,11.2035,225.704,-0.168734,11.2035,          29P   1526
225.705,-0.170186,11.2035,225.72,-0.183932,11.2035,225.735,           29P   1527
-0.197243,11.2035,225.749,-0.210351,11.2035,225.75,-0.211251,         29P   1528
11.2035,225.752,-0.212274,11.2035,225.753,-0.21344,11.2035,           29P   1529
225.754,-0.214871,11.2035,225.756,-0.216333,11.2035,225.771,          29P   1530
-0.229702,11.2035,225.786,-0.242608,11.2035,225.801,-0.255274,        29P   1531
11.2035,225.802,-0.25612,11.2035,225.803,-0.257096,11.2035,           29P   1532
225.805,-0.258246,11.2035,225.806,-0.259694,11.2035,225.808,          29P   1533
-0.261172,11.2035,225.824,-0.274099,11.2035,225.839,-0.286551,        29P   1534
11.2035,225.854,-0.298765,11.2035,225.855,-0.299592,11.2035,          29P   1535
225.856,-0.300563,11.2035,225.858,-0.301723,11.2035,225.86,           29P   1536
-0.303173,11.2035,225.861,-0.304674,11.2035,225.875,-0.315074,        29P   1537
11.2035,225.887,-0.325111,11.2035,225.9,-0.33484,11.2035,             29P   1538
225.901,-0.335767,11.2035,225.903,-0.336901,11.2035,225.905,          29P   1539
-0.338358,11.2035,225.907,-0.339874,11.2035,225.917,-0.347653,        29P   1540
11.2035,225.927,-0.35508,11.2035,225.936,-0.362277,11.2035,           29P   1541
225.938,-0.363197,11.2035,225.939,-0.364352,11.2035,225.941,          29P   1542
-0.365829,11.2035,225.943,-0.367344,11.2035,225.951,-0.372683,        29P   1543
11.2035,225.957,-0.377712,11.2035,225.964,-0.382538,11.2035,          29P   1544
225.965,-0.383445,11.2035,225.967,-0.38459,11.2035,225.969,           29P   1545
-0.386056,11.2035,225.974,-0.389584,11.2035,225.978,-0.392585,        29P   1546
11.2035,225.982,-0.395285,11.2035,225.982,-0.395568,11.2035,          29P   1547
225.983,-0.396098,11.2035,225.983,-0.396351,11.2035,225.984,          29P   1548
-0.397002,11.2035,225.985,-0.397348,11.2035,225.986,-0.398044,        29P   1549
11.2035,225.987,-0.398383,11.2035,225.989,-0.398841,11.2035,          29P   1550
225.99,-0.399103,11.2035,225.991,-0.39926,11.2035,225.992,            29P   1551
-0.399388,11.2035,225.993,-0.399414,11.2035,225.994,-0.399365,        29P   1552
11.2035,225.995,-0.399255,11.2035,225.997,-0.398744,11.2035,          29P   1553
226.,-0.39786,11.2035,226.001,-0.396706,11.2035,226.003,              29P   1554
-0.395465,11.2035,226.005,-0.393687,11.2035,226.006,-0.391572,        29P   1555
11.2035,226.007,-0.389574,11.2035,226.008,-0.387143,11.2035,          29P   1556
226.008,-0.384864,11.2035,226.008,-0.382632,11.2035,226.008,          29P   1557
-0.381793,11.2035,226.008,-0.380816,11.2035,226.008,-0.380251,        29P   1558
11.2035,226.007,-0.379023,11.2035,226.007,-0.378361,11.2035,          29P   1559
226.007,-0.377065,11.2035,226.006,-0.375859,11.2035,226.005,          29P   1560
-0.374749,11.2035,226.004,-0.37359,11.2035,226.004,-0.373,            29P   1561
11.2035,226.003,-0.37191,11.2035,226.002,-0.371366,11.2035,226.,      29P   1562
-0.369575,11.2035,225.999,-0.368351,11.2035,225.996,-0.366099,        29P   1563
11.2035,225.995,-0.365045,11.2035,225.994,-0.363695,11.2035,          29P   1564
225.993,-0.362966,11.2035,225.992,-0.362238,11.2035,225.991,          29P   1565
-0.360778,11.2035,225.989,-0.359177,11.2035,225.987,-0.356838,        29P   1566
11.2035,225.984,-0.354523,11.2035,225.981,-0.351777,11.2035,          29P   1567
225.979,-0.349072,11.2035,225.974,-0.345177,11.2035,225.971,          29P   1568
-0.341957,11.2035,225.968,-0.339098,11.2035,225.966,-0.337575,        29P   1569
11.2035,225.965,-0.335826,11.2035,225.962,-0.33368,11.2035,           29P   1570
225.96,-0.331428,11.2035,225.957,-0.328753,11.2035,225.954,           29P   1571
-0.326125,11.2035,225.947,-0.319492,11.2035,225.941,-0.313493,        29P   1572
11.2035,225.935,-0.307846,11.2035,225.934,-0.306355,11.2035,          29P   1573
225.932,-0.304653,11.2035,225.93,-0.302557,11.2035,225.928,           29P   1574
-0.300371,11.2035,225.925,-0.297792,11.2035,225.922,-0.29527,         29P   1575
11.2035,225.913,-0.28582,11.2035,225.904,-0.276977,11.2035,           29P   1576
225.895,-0.26846,11.2035,225.893,-0.267007,11.2035,225.892,           29P   1577
-0.265359,11.2035,225.89,-0.263332,11.2035,225.888,-0.261272,         29P   1578
11.2035,225.885,-0.258812,11.2035,225.883,-0.256405,11.2035,          29P   1579
225.87,-0.244016,11.2035,225.858,-0.232193,11.2035,225.847,           29P   1580
-0.220652,11.2035,225.845,-0.21926,11.2035,225.844,-0.217673,         29P   1581
11.2035,225.842,-0.215774,11.2035,225.84,-0.213819,11.2035,           29P   1582
225.838,-0.211519,11.2035,225.835,-0.209253,11.2035,225.823,          29P   1583
-0.196515,11.2035,225.811,-0.184297,11.2035,225.799,-0.172371,        29P   1584
11.2035,225.798,-0.171064,11.2035,225.796,-0.169566,11.2035,          29P   1585
225.795,-0.167773,11.2035,225.793,-0.165962,11.2035,225.791,          29P   1586
-0.163851,11.2035,225.789,-0.161757,11.2035,225.776,-0.148701,        29P   1587
11.2035,225.764,-0.13611,11.2035,225.752,-0.123757,11.2035,           29P   1588
225.751,-0.122516,11.2035,225.749,-0.12112,11.2035,225.748,           29P   1589
-0.119435,11.2035,225.746,-0.117745,11.2035,225.744,-0.115785,        29P   1590
11.2035,225.731,-0.101645,11.2035,225.718,-0.0878518,11.2035,         29P   1591
225.705,-0.0744568,11.2035,225.704,-0.073274,11.2035,225.703,         29P   1592
-0.0719476,11.2035,225.701,-0.0704096,11.2035,225.7,-0.0688582,       29P   1593
11.2035,225.698,-0.0670687,11.2035,225.696,-0.0652859,11.2035,        29P   1594
225.684,-0.0514414,11.2035,225.671,-0.0379517,11.2035,225.659,        29P   1595
-0.0246461,11.2035,225.658,-0.023556,11.2035,225.657,-0.0223451,      29P   1596
11.2035,225.655,-0.0209168,11.2035,225.654,-0.0195055,11.2035,        29P   1597
225.653,-0.017883,11.2035,225.651,-0.016303,11.2035,225.638,          29P   1598
-0.00206283,11.2035,225.625,0.0121,11.2035,225.612,0.0267397,         29P   1599
11.2035,225.611,0.0284943,11.2035,225.609,0.0302847,11.2035,          29P   1600
225.608,0.0317265,11.2035,225.606,0.0331407,11.2035,225.593,          29P   1601
0.0477576,11.2035,225.58,0.0622881,11.2035,225.567,0.0769788,         29P   1602
11.2035,225.566,0.0781785,11.2035,225.565,0.079301,11.2035,           29P   1603
225.564,0.0804067,11.2035,225.563,0.0816547,11.2035,225.562,          29P   1604
0.082916,11.2035,225.549,0.0979127,11.2035,225.536,0.112911,          29P   1605
11.2035,225.522,0.127976,11.2035,225.522,0.129021,11.2035,            29P   1606
225.521,0.129998,11.2035,225.52,0.130971,11.2035,225.519,             29P   1607
0.132074,11.2035,225.518,0.133141,11.2035,225.504,0.1486,             29P   1608
11.2035,225.491,0.163915,11.2035,225.478,0.179573,11.2035,            29P   1609
225.477,0.180715,11.2035,225.476,0.181888,11.2035,225.475,            29P   1610
0.182706,11.2035,225.474,0.183606,11.2035,225.461,0.198927,           29P   1611
11.2035,225.448,0.214631,11.2035,225.434,0.230467,11.2035,            29P   1612
225.433,0.231485,11.2035,225.433,0.232446,11.2035,225.432,            29P   1613
0.233553,11.2035,225.417,0.250336,11.2035,225.404,0.266749,           29P   1614
11.2035,225.39,0.283098,11.2035,225.389,0.284091,11.2035,             29P   1615
225.388,0.285163,11.2035,225.374,0.302106,11.2035,225.36,             29P   1616
0.319156,11.2035,225.346,0.336178,11.2035,225.334,0.350729,           29P   1617
11.2035,225.323,0.365249,11.2035,225.302,0.39096,11.2035,             29P   1618
225.292,0.402924,11.2035,225.276,0.423387,11.2035,225.264,            29P   1619
0.438272,11.2035,225.252,0.452978,11.2035,225.248,0.458842,           29P   1620
11.2035,225.255,0.475379,11.3898,225.255,0.47615,11.3898,             29P   1621
225.254,0.477092,11.3898,225.252,0.477834,11.3898,225.251,            29P   1622
0.478129,11.3898,225.249,0.478297,11.3898,225.247,0.477953,           29P   1623
11.3898,225.246,0.477079,11.3898,225.245,0.476421,11.3898,            29P   1624
225.244,0.475658,11.3898,225.244,0.475193,11.3898,225.243,            29P   1625
0.474046,11.3898,225.243,0.473356,11.3898,225.243,0.472341,           29P   1626
11.3898,225.243,0.471761,11.3898,225.243,0.471153,11.3898,            29P   1627
225.243,0.470292,11.3898,225.243,0.469055,11.3898,225.243,            29P   1628
0.467738,11.3898,225.244,0.46678,11.3898,225.244,0.466656,            29P   1629
11.3898,225.244,0.466084,11.3898,225.245,0.465689,11.3898,            29P   1630
225.245,0.464899,11.3898,225.245,0.464499,11.3898,225.246,            29P   1631
0.46356,11.3898,225.246,0.463022,11.3898,225.247,0.459987,            29P   1632
11.3898,225.249,0.456984,11.3898,225.25,0.453664,11.3898,             29P   1633
225.251,0.452321,11.3898,225.252,0.451055,11.3898,225.253,            29P   1634
0.449276,11.3898,225.253,0.447599,11.3898,225.254,0.445551,           29P   1635
11.3898,225.255,0.443775,11.3898,225.259,0.436488,11.3898,            29P   1636
225.263,0.429286,11.3898,225.267,0.422117,11.3898,225.267,            29P   1637
0.420451,11.3898,225.268,0.418693,11.3898,225.269,0.41709,            29P   1638
11.3898,225.27,0.415474,11.3898,225.271,0.414286,11.3898,             29P   1639
225.271,0.412877,11.3898,225.277,0.402545,11.3898,225.282,            29P   1640
0.391919,11.3898,225.288,0.381434,11.3898,225.289,0.379877,           29P   1641
11.3898,225.29,0.378224,11.3898,225.291,0.376667,11.3898,             29P   1642
225.292,0.375058,11.3898,225.292,0.373823,11.3898,225.293,            29P   1643
0.372344,11.3898,225.3,0.358654,11.3898,225.308,0.344808,             29P   1644
11.3898,225.316,0.33123,11.3898,225.317,0.329779,11.3898,             29P   1645
225.318,0.328218,11.3898,225.319,0.326747,11.3898,225.32,             29P   1646
0.32477,11.3898,225.321,0.323135,11.3898,225.322,0.321569,            29P   1647
11.3898,225.331,0.305077,11.3898,225.341,0.288506,11.3898,            29P   1648
225.351,0.271945,11.3898,225.352,0.27062,11.3898,225.353,             29P   1649
0.269176,11.3898,225.354,0.267769,11.3898,225.355,0.266282,           29P   1650
11.3898,225.355,0.265054,11.3898,225.356,0.263754,11.3898,            29P   1651
225.357,0.262548,11.3898,225.367,0.246296,11.3898,225.377,            29P   1652
0.230007,11.3898,225.388,0.2135,11.3898,225.389,0.211644,             29P   1653
11.3898,225.391,0.209955,11.3898,225.392,0.208462,11.3898,            29P   1654
225.392,0.207206,11.3898,225.393,0.205875,11.3898,225.394,            29P   1655
0.204604,11.3898,225.405,0.188546,11.3898,225.416,0.172568,           29P   1656
11.3898,225.427,0.15642,11.3898,225.428,0.154735,11.3898,             29P   1657
225.429,0.153146,11.3898,225.43,0.151716,11.3898,225.431,             29P   1658
0.150478,11.3898,225.432,0.149087,11.3898,225.433,0.147782,           29P   1659
11.3898,225.444,0.131921,11.3898,225.455,0.116228,11.3898,            29P   1660
225.467,0.100467,11.3898,225.468,0.0989278,11.3898,225.469,           29P   1661
0.0974583,11.3898,225.47,0.0961001,11.3898,225.471,0.0948664,         29P   1662
11.3898,225.472,0.0934727,11.3898,225.473,0.0921068,11.3898,          29P   1663
225.485,0.0765252,11.3898,225.497,0.0611507,11.3898,225.509,          29P   1664
0.0457976,11.3898,225.51,0.0443734,11.3898,225.511,0.0430336,         29P   1665
11.3898,225.512,0.0417209,11.3898,225.513,0.0404823,11.3898,          29P   1666
225.514,0.0390464,11.3898,225.515,0.0376507,11.3898,225.527,          29P   1667
0.0223423,11.3898,225.539,0.00727278,11.3898,225.552,                 29P   1668
-0.00769611,11.3898,225.553,-0.00899364,11.3898,225.554,              29P   1669
-0.010254,11.3898,225.555,-0.0115146,11.3898,225.556,-0.0127511,      29P   1670
11.3898,225.557,-0.0141745,11.3898,225.559,-0.0156051,11.3898,        29P   1671
225.571,-0.030628,11.3898,225.584,-0.0453276,11.3898,225.597,         29P   1672
-0.0598879,11.3898,225.598,-0.0610832,11.3898,225.599,                29P   1673
-0.0622439,11.3898,225.6,-0.0634675,11.3898,225.601,-0.0646913,       29P   1674
11.3898,225.602,-0.0661633,11.3898,225.603,-0.0676075,11.3898,        29P   1675
225.616,-0.0823347,11.3898,225.629,-0.0967392,11.3898,225.643,        29P   1676
-0.110982,11.3898,225.644,-0.112061,11.3898,225.645,-0.113148,        29P   1677
11.3898,225.646,-0.11432,11.3898,225.647,-0.115549,11.3898,           29P   1678
225.648,-0.117025,11.3898,225.65,-0.118504,11.3898,225.663,           29P   1679
-0.132988,11.3898,225.676,-0.147075,11.3898,225.69,-0.160914,         29P   1680
11.3898,225.691,-0.161902,11.3898,225.692,-0.162905,11.3898,          29P   1681
225.693,-0.164027,11.3898,225.694,-0.165242,11.3898,225.695,          29P   1682
-0.166748,11.3898,225.697,-0.168274,11.3898,225.711,-0.182692,        29P   1683
11.3898,225.725,-0.196662,11.3898,225.739,-0.210446,11.3898,          29P   1684
225.74,-0.211393,11.3898,225.741,-0.212492,11.3898,225.742,           29P   1685
-0.213719,11.3898,225.744,-0.215224,11.3898,225.746,-0.216763,        29P   1686
11.3898,225.76,-0.230812,11.3898,225.774,-0.244423,11.3898,           29P   1687
225.789,-0.257777,11.3898,225.79,-0.25867,11.3898,225.791,            29P   1688
-0.259719,11.3898,225.792,-0.260931,11.3898,225.794,-0.262458,        29P   1689
11.3898,225.795,-0.264017,11.3898,225.81,-0.277637,11.3898,           29P   1690
225.825,-0.290766,11.3898,225.839,-0.303694,11.3898,225.84,           29P   1691
-0.304569,11.3898,225.842,-0.305606,11.3898,225.843,-0.306834,        29P   1692
11.3898,225.845,-0.30837,11.3898,225.847,-0.309961,11.3898,           29P   1693
225.859,-0.320977,11.3898,225.871,-0.331649,11.3898,225.884,          29P   1694
-0.341996,11.3898,225.885,-0.34299,11.3898,225.886,-0.344197,         29P   1695
11.3898,225.888,-0.345746,11.3898,225.89,-0.347358,11.3898,           29P   1696
225.9,-0.355624,11.3898,225.909,-0.363528,11.3898,225.919,            29P   1697
-0.371204,11.3898,225.92,-0.372196,11.3898,225.921,-0.373428,         29P   1698
11.3898,225.923,-0.375004,11.3898,225.925,-0.376621,11.3898,          29P   1699
225.932,-0.382313,11.3898,225.939,-0.387681,11.3898,225.945,          29P   1700
-0.392818,11.3898,225.946,-0.393792,11.3898,225.948,-0.39501,         29P   1701
11.3898,225.95,-0.396568,11.3898,225.954,-0.400312,11.3898,           29P   1702
225.959,-0.403491,11.3898,225.962,-0.406355,11.3898,225.963,          29P   1703
-0.406665,11.3898,225.963,-0.407249,11.3898,225.964,-0.407493,        29P   1704
11.3898,225.965,-0.408039,11.3898,225.965,-0.408338,11.3898,          29P   1705
225.967,-0.408962,11.3898,225.968,-0.409246,11.3898,225.969,          29P   1706
-0.409585,11.3898,225.97,-0.409764,11.3898,225.971,-0.409839,         29P   1707
11.3898,225.972,-0.409871,11.3898,225.973,-0.409836,11.3898,          29P   1708
225.974,-0.409677,11.3898,225.976,-0.409422,11.3898,225.978,          29P   1709
-0.408628,11.3898,225.98,-0.407342,11.3898,225.982,-0.405887,         29P   1710
11.3898,225.983,-0.404451,11.3898,225.985,-0.402415,11.3898,          29P   1711
225.986,-0.40046,11.3898,225.986,-0.398725,11.3898,225.987,           29P   1712
-0.39654,11.3898,225.987,-0.394259,11.3898,225.987,-0.392063,         29P   1713
11.3898,225.986,-0.390798,11.3898,225.986,-0.389557,11.3898,          29P   1714
225.986,-0.388998,11.3898,225.985,-0.387863,11.3898,225.985,          29P   1715
-0.387294,11.3898,225.984,-0.386172,11.3898,225.983,-0.385149,        29P   1716
11.3898,225.982,-0.384271,11.3898,225.981,-0.383387,11.3898,          29P   1717
225.981,-0.382839,11.3898,225.979,-0.381509,11.3898,225.979,          29P   1718
-0.380752,11.3898,225.977,-0.37886,11.3898,225.976,-0.377712,         29P   1719
11.3898,225.973,-0.375463,11.3898,225.972,-0.374376,11.3898,          29P   1720
225.971,-0.373056,11.3898,225.97,-0.372362,11.3898,225.97,            29P   1721
-0.371662,11.3898,225.968,-0.370136,11.3898,225.967,-0.368367,        29P   1722
11.3898,225.964,-0.365823,11.3898,225.962,-0.363402,11.3898,          29P   1723
225.959,-0.360523,11.3898,225.956,-0.357681,11.3898,225.952,          29P   1724
-0.353586,11.3898,225.949,-0.350194,11.3898,225.946,-0.347186,        29P   1725
11.3898,225.945,-0.345582,11.3898,225.943,-0.343745,11.3898,          29P   1726
225.941,-0.341493,11.3898,225.939,-0.339133,11.3898,225.936,          29P   1727
-0.336334,11.3898,225.933,-0.333589,11.3898,225.927,-0.32667,         29P   1728
11.3898,225.921,-0.320432,11.3898,225.915,-0.314556,11.3898,          29P   1729
225.914,-0.313003,11.3898,225.912,-0.311231,11.3898,225.91,           29P   1730
-0.309048,11.3898,225.908,-0.30677,11.3898,225.905,-0.304082,         29P   1731
11.3898,225.903,-0.301452,11.3898,225.893,-0.291594,11.3898,          29P   1732
225.885,-0.282355,11.3898,225.876,-0.273484,11.3898,225.875,          29P   1733
-0.271969,11.3898,225.873,-0.270254,11.3898,225.871,-0.268146,        29P   1734
11.3898,225.869,-0.266004,11.3898,225.867,-0.263449,11.3898,          29P   1735
225.865,-0.260951,11.3898,225.853,-0.248099,11.3898,225.841,          29P   1736
-0.235881,11.3898,225.83,-0.223932,11.3898,225.829,-0.222489,         29P   1737
11.3898,225.827,-0.220846,11.3898,225.826,-0.218878,11.3898,          29P   1738
225.824,-0.216853,11.3898,225.821,-0.214469,11.3898,225.819,          29P   1739
-0.21212,11.3898,225.807,-0.198911,11.3898,225.796,-0.18621,          29P   1740
11.3898,225.785,-0.173783,11.3898,225.783,-0.172418,11.3898,          29P   1741
225.782,-0.170857,11.3898,225.78,-0.168987,11.3898,225.779,           29P   1742
-0.167099,11.3898,225.777,-0.164896,11.3898,225.775,-0.162711,        29P   1743
11.3898,225.762,-0.149088,11.3898,225.751,-0.135931,11.3898,          29P   1744
225.739,-0.123093,11.3898,225.738,-0.121802,11.3898,225.737,          29P   1745
-0.120351,11.3898,225.736,-0.118603,11.3898,225.734,-0.116849,        29P   1746
11.3898,225.732,-0.114818,11.3898,225.719,-0.100171,11.3898,          29P   1747
225.707,-0.085972,11.3898,225.695,-0.0721785,11.3898,225.694,         29P   1748
-0.0709582,11.3898,225.692,-0.0695923,11.3898,225.691,                29P   1749
-0.0680083,11.3898,225.69,-0.0664104,11.3898,225.688,-0.0645671,      29P   1750
11.3898,225.686,-0.0627304,11.3898,225.674,-0.0484684,11.3898,        29P   1751
225.662,-0.0345546,11.3898,225.65,-0.0208334,11.3898,225.649,         29P   1752
-0.0197071,11.3898,225.648,-0.0184584,11.3898,225.647,                29P   1753
-0.0169856,11.3898,225.646,-0.0155304,11.3898,225.644,                29P   1754
-0.0138573,11.3898,225.643,-0.0122283,11.3898,225.631,                29P   1755
0.00240822,11.3898,225.618,0.0170039,11.3898,225.606,0.0321157,       29P   1756
11.3898,225.604,0.0339289,11.3898,225.602,0.0358232,11.3898,          29P   1757
225.601,0.0373121,11.3898,225.6,0.0387728,11.3898,225.587,            29P   1758
0.0538242,11.3898,225.575,0.0688496,11.3898,225.563,0.083981,         29P   1759
11.3898,225.562,0.0852184,11.3898,225.561,0.0864199,11.3898,          29P   1760
225.56,0.0875579,11.3898,225.559,0.0888422,11.3898,225.557,           29P   1761
0.0901397,11.3898,225.545,0.105522,11.3898,225.532,0.120884,          29P   1762
11.3898,225.519,0.136339,11.3898,225.519,0.137413,11.3898,            29P   1763
225.518,0.138457,11.3898,225.517,0.139455,11.3898,225.516,            29P   1764
0.140586,11.3898,225.515,0.141682,11.3898,225.503,0.157038,           29P   1765
11.3898,225.49,0.172759,11.3898,225.477,0.188853,11.3898,             29P   1766
225.476,0.190029,11.3898,225.475,0.191265,11.3898,225.474,            29P   1767
0.192616,11.3898,225.473,0.193542,11.3898,225.46,0.209842,            29P   1768
11.3898,225.447,0.226015,11.3898,225.434,0.242269,11.3898,            29P   1769
225.434,0.243313,11.3898,225.433,0.24431,11.3898,225.432,             29P   1770
0.245445,11.3898,225.419,0.261952,11.3898,225.406,0.278736,           29P   1771
11.3898,225.392,0.295461,11.3898,225.392,0.296477,11.3898,            29P   1772
225.391,0.297582,11.3898,225.377,0.314663,11.3898,225.364,            29P   1773
0.332176,11.3898,225.35,0.349859,11.3898,225.338,0.365013,            29P   1774
11.3898,225.327,0.380493,11.3898,225.307,0.406337,11.3898,            29P   1775
225.298,0.418377,11.3898,225.282,0.439118,11.3898,225.271,            29P   1776
0.454224,11.3898,225.26,0.469327,11.3898,225.255,0.475379,            29P   1777
11.3898,225.261,0.487098,11.5747,225.261,0.488069,11.5747,            29P   1778
225.259,0.489046,11.5747,225.258,0.489615,11.5747,225.257,            29P   1779
0.489754,11.5747,225.255,0.489627,11.5747,225.253,0.488962,           29P   1780
11.5747,225.252,0.488056,11.5747,225.252,0.487481,11.5747,            29P   1781
225.251,0.486872,11.5747,225.251,0.486534,11.5747,225.25,             29P   1782
0.485552,11.5747,225.25,0.484859,11.5747,225.25,0.483555,             29P   1783
11.5747,225.25,0.482438,11.5747,225.251,0.48128,11.5747,225.251,      29P   1784
0.480727,11.5747,225.251,0.480267,11.5747,225.251,0.479821,           29P   1785
11.5747,225.252,0.478747,11.5747,225.252,0.478007,11.5747,            29P   1786
225.253,0.476884,11.5747,225.253,0.476493,11.5747,225.253,            29P   1787
0.475701,11.5747,225.253,0.475302,11.5747,225.254,0.474366,           29P   1788
11.5747,225.254,0.473829,11.5747,225.256,0.4708,11.5747,225.257,      29P   1789
0.4678,11.5747,225.259,0.464481,11.5747,225.259,0.463137,             29P   1790
11.5747,225.26,0.461871,11.5747,225.261,0.46009,11.5747,225.262,      29P   1791
0.45841,11.5747,225.263,0.456357,11.5747,225.264,0.454576,            29P   1792
11.5747,225.267,0.447238,11.5747,225.271,0.439986,11.5747,            29P   1793
225.275,0.432778,11.5747,225.275,0.431104,11.5747,225.276,            29P   1794
0.429364,11.5747,225.277,0.427753,11.5747,225.278,0.426131,           29P   1795
11.5747,225.279,0.424939,11.5747,225.279,0.423525,11.5747,            29P   1796
225.285,0.413138,11.5747,225.29,0.402515,11.5747,225.296,             29P   1797
0.392015,11.5747,225.297,0.390456,11.5747,225.297,0.388824,           29P   1798
11.5747,225.298,0.387264,11.5747,225.299,0.38565,11.5747,225.3,       29P   1799
0.384412,11.5747,225.301,0.382929,11.5747,225.308,0.369171,           29P   1800
11.5747,225.316,0.355235,11.5747,225.323,0.341589,11.5747,            29P   1801
225.324,0.340131,11.5747,225.325,0.338587,11.5747,225.326,            29P   1802
0.33711,11.5747,225.327,0.335124,11.5747,225.328,0.333482,            29P   1803
11.5747,225.329,0.33191,11.5747,225.338,0.315331,11.5747,             29P   1804
225.348,0.29872,11.5747,225.358,0.282052,11.5747,225.358,             29P   1805
0.280718,11.5747,225.359,0.279284,11.5747,225.36,0.277867,            29P   1806
11.5747,225.361,0.27637,11.5747,225.362,0.275132,11.5747,             29P   1807
225.363,0.273822,11.5747,225.363,0.272606,11.5747,225.373,            29P   1808
0.255902,11.5747,225.383,0.2394,11.5747,225.394,0.22273,11.5747,      29P   1809
225.395,0.220856,11.5747,225.396,0.21917,11.5747,225.397,             29P   1810
0.217982,11.5747,225.398,0.216714,11.5747,225.398,0.21537,            29P   1811
11.5747,225.399,0.214088,11.5747,225.41,0.197575,11.5747,225.42,      29P   1812
0.181457,11.5747,225.431,0.165147,11.5747,225.432,0.163445,           29P   1813
11.5747,225.434,0.161854,11.5747,225.434,0.16072,11.5747,             29P   1814
225.435,0.159469,11.5747,225.436,0.158062,11.5747,225.437,            29P   1815
0.156743,11.5747,225.448,0.140436,11.5747,225.459,0.124514,           29P   1816
11.5747,225.47,0.108513,11.5747,225.471,0.106949,11.5747,             29P   1817
225.472,0.10547,11.5747,225.473,0.104358,11.5747,225.474,             29P   1818
0.103105,11.5747,225.475,0.101689,11.5747,225.476,0.100302,           29P   1819
11.5747,225.487,0.0842468,11.5747,225.499,0.068591,11.5747,           29P   1820
225.51,0.0529744,11.5747,225.512,0.0515258,11.5747,225.513,           29P   1821
0.0501758,11.5747,225.513,0.049061,11.5747,225.514,0.0478012,         29P   1822
11.5747,225.515,0.0463407,11.5747,225.516,0.0449211,11.5747,          29P   1823
225.528,0.0291256,11.5747,225.54,0.0137853,11.5747,225.552,           29P   1824
-0.00151038,11.5747,225.553,-0.00283656,11.5747,225.554,              29P   1825
-0.00411256,11.5747,225.555,-0.00518127,11.5747,225.556,              29P   1826
-0.00644619,11.5747,225.557,-0.00790276,11.5747,225.558,              29P   1827
-0.00936719,11.5747,225.571,-0.0249262,11.5747,225.583,               29P   1828
-0.0400397,11.5747,225.595,-0.0549508,11.5747,225.596,                29P   1829
-0.0561746,11.5747,225.597,-0.0573526,11.5747,225.598,                29P   1830
-0.0584326,11.5747,225.599,-0.059685,11.5747,225.6,-0.0611911,        29P   1831
11.5747,225.602,-0.0626684,11.5747,225.614,-0.0779141,11.5747,        29P   1832
225.627,-0.0926121,11.5747,225.64,-0.107189,11.5747,225.641,          29P   1833
-0.108294,11.5747,225.642,-0.109398,11.5747,225.643,-0.110418,        29P   1834
11.5747,225.644,-0.111677,11.5747,225.645,-0.11319,11.5747,           29P   1835
225.646,-0.114706,11.5747,225.659,-0.129717,11.5747,225.672,          29P   1836
-0.144201,11.5747,225.685,-0.158386,11.5747,225.686,-0.159399,        29P   1837
11.5747,225.687,-0.160421,11.5747,225.688,-0.161407,11.5747,          29P   1838
225.689,-0.162652,11.5747,225.691,-0.164194,11.5747,225.692,          29P   1839
-0.165757,11.5747,225.706,-0.180662,11.5747,225.719,-0.194943,        29P   1840
11.5747,225.733,-0.209072,11.5747,225.734,-0.210041,11.5747,          29P   1841
225.735,-0.211031,11.5747,225.736,-0.212289,11.5747,225.738,          29P   1842
-0.213833,11.5747,225.739,-0.215412,11.5747,225.753,-0.229951,        29P   1843
11.5747,225.767,-0.243949,11.5747,225.781,-0.25768,11.5747,           29P   1844
225.782,-0.258596,11.5747,225.783,-0.259552,11.5747,225.784,          29P   1845
-0.260799,11.5747,225.786,-0.262368,11.5747,225.788,-0.263971,        29P   1846
11.5747,225.802,-0.278026,11.5747,225.816,-0.29153,11.5747,           29P   1847
225.831,-0.304825,11.5747,225.832,-0.305724,11.5747,225.833,          29P   1848
-0.306742,11.5747,225.834,-0.308006,11.5747,225.836,-0.309585,        29P   1849
11.5747,225.837,-0.311221,11.5747,225.85,-0.322599,11.5747,           29P   1850
225.862,-0.333567,11.5747,225.874,-0.344198,11.5747,225.875,          29P   1851
-0.34517,11.5747,225.876,-0.346409,11.5747,225.878,-0.348001,         29P   1852
11.5747,225.88,-0.349658,11.5747,225.889,-0.35821,11.5747,            29P   1853
225.899,-0.366328,11.5747,225.908,-0.374203,11.5747,225.909,          29P   1854
-0.37516,11.5747,225.91,-0.376424,11.5747,225.912,-0.378041,          29P   1855
11.5747,225.914,-0.379699,11.5747,225.921,-0.385581,11.5747,          29P   1856
225.927,-0.391093,11.5747,225.934,-0.396397,11.5747,225.935,          29P   1857
-0.39736,11.5747,225.936,-0.39862,11.5747,225.938,-0.400233,          29P   1858
11.5747,225.943,-0.404149,11.5747,225.947,-0.407491,11.5747,          29P   1859
225.95,-0.410475,11.5747,225.951,-0.410738,11.5747,225.951,           29P   1860
-0.411216,11.5747,225.952,-0.411437,11.5747,225.953,-0.411957,        29P   1861
11.5747,225.953,-0.412229,11.5747,225.955,-0.412766,11.5747,          29P   1862
225.956,-0.412998,11.5747,225.957,-0.41327,11.5747,225.959,           29P   1863
-0.413377,11.5747,225.96,-0.413333,11.5747,225.961,-0.413207,         29P   1864
11.5747,225.962,-0.413117,11.5747,225.963,-0.412893,11.5747,          29P   1865
225.964,-0.412543,11.5747,225.966,-0.411704,11.5747,225.968,          29P   1866
-0.410455,11.5747,225.969,-0.408971,11.5747,225.971,-0.407253,        29P   1867
11.5747,225.972,-0.405072,11.5747,225.973,-0.402849,11.5747,          29P   1868
225.973,-0.400728,11.5747,225.973,-0.398235,11.5747,225.973,          29P   1869
-0.395951,11.5747,225.972,-0.393636,11.5747,225.972,-0.392921,        29P   1870
11.5747,225.971,-0.392164,11.5747,225.971,-0.391772,11.5747,          29P   1871
225.971,-0.390724,11.5747,225.97,-0.390072,11.5747,225.969,           29P   1872
-0.389018,11.5747,225.968,-0.388115,11.5747,225.967,-0.387188,        29P   1873
11.5747,225.966,-0.386151,11.5747,225.966,-0.385564,11.5747,          29P   1874
225.965,-0.384287,11.5747,225.964,-0.383593,11.5747,225.962,          29P   1875
-0.381675,11.5747,225.961,-0.380452,11.5747,225.959,-0.378063,        29P   1876
11.5747,225.958,-0.376895,11.5747,225.956,-0.37509,11.5747,           29P   1877
225.955,-0.374019,11.5747,225.954,-0.372981,11.5747,225.953,          29P   1878
-0.37148,11.5747,225.951,-0.370293,11.5747,225.95,-0.368326,          29P   1879
11.5747,225.947,-0.365878,11.5747,225.945,-0.362975,11.5747,          29P   1880
225.942,-0.360113,11.5747,225.938,-0.355984,11.5747,225.935,          29P   1881
-0.352577,11.5747,225.932,-0.349553,11.5747,225.93,-0.347952,         29P   1882
11.5747,225.929,-0.346103,11.5747,225.927,-0.343834,11.5747,          29P   1883
225.924,-0.341454,11.5747,225.922,-0.338628,11.5747,225.919,          29P   1884
-0.335854,11.5747,225.913,-0.328844,11.5747,225.907,-0.322522,        29P   1885
11.5747,225.901,-0.316577,11.5747,225.9,-0.31502,11.5747,             29P   1886
225.898,-0.313228,11.5747,225.896,-0.311023,11.5747,225.894,          29P   1887
-0.308723,11.5747,225.891,-0.306011,11.5747,225.889,-0.303358,        29P   1888
11.5747,225.88,-0.29341,11.5747,225.871,-0.284107,11.5747,            29P   1889
225.863,-0.275128,11.5747,225.862,-0.273605,11.5747,225.86,           29P   1890
-0.271866,11.5747,225.858,-0.269728,11.5747,225.856,-0.267553,        29P   1891
11.5747,225.854,-0.264957,11.5747,225.852,-0.262415,11.5747,          29P   1892
225.84,-0.249323,11.5747,225.829,-0.236829,11.5747,225.818,           29P   1893
-0.224682,11.5747,225.817,-0.223225,11.5747,225.815,-0.221557,        29P   1894
11.5747,225.814,-0.219559,11.5747,225.812,-0.217505,11.5747,          29P   1895
225.81,-0.215089,11.5747,225.808,-0.21271,11.5747,225.796,            29P   1896
-0.199328,11.5747,225.784,-0.186528,11.5747,225.773,-0.173971,        29P   1897
11.5747,225.772,-0.172603,11.5747,225.771,-0.171025,11.5747,          29P   1898
225.769,-0.169134,11.5747,225.767,-0.167224,11.5747,225.766,          29P   1899
-0.164997,11.5747,225.764,-0.162786,11.5747,225.752,-0.148984,        29P   1900
11.5747,225.74,-0.135641,11.5747,225.729,-0.122612,11.5747,           29P   1901
225.728,-0.121317,11.5747,225.727,-0.119845,11.5747,225.725,          29P   1902
-0.11807,11.5747,225.724,-0.11629,11.5747,225.722,-0.114228,          29P   1903
11.5747,225.71,-0.0993429,11.5747,225.697,-0.0849,11.5747,            29P   1904
225.686,-0.0708342,11.5747,225.685,-0.0696027,11.5747,225.683,        29P   1905
-0.0682095,11.5747,225.682,-0.0665935,11.5747,225.681,                29P   1906
-0.0649631,11.5747,225.679,-0.0630821,11.5747,225.678,                29P   1907
-0.0612075,11.5747,225.666,-0.0466373,11.5747,225.654,-0.032418,      29P   1908
11.5747,225.643,-0.0184268,11.5747,225.642,-0.0172911,11.5747,        29P   1909
225.641,-0.0160182,11.5747,225.64,-0.014517,11.5747,225.638,          29P   1910
-0.0130339,11.5747,225.637,-0.0113291,11.5747,225.636,                29P   1911
-0.0096694,11.5747,225.623,0.00551199,11.5747,225.611,0.0203631,      29P   1912
11.5747,225.599,0.0357275,11.5747,225.598,0.0375603,11.5747,          29P   1913
225.596,0.0392147,11.5747,225.595,0.0407284,11.5747,225.594,          29P   1914
0.0422133,11.5747,225.581,0.0577905,11.5747,225.569,0.0730701,        29P   1915
11.5747,225.557,0.0884638,11.5747,225.556,0.0897109,11.5747,          29P   1916
225.556,0.0906599,11.5747,225.555,0.0918178,11.5747,225.554,          29P   1917
0.0931246,11.5747,225.553,0.0944449,11.5747,225.54,0.110348,          29P   1918
11.5747,225.528,0.126011,11.5747,225.516,0.141791,11.5747,            29P   1919
225.515,0.142878,11.5747,225.514,0.143697,11.5747,225.513,            29P   1920
0.144717,11.5747,225.513,0.145872,11.5747,225.512,0.146991,           29P   1921
11.5747,225.499,0.163335,11.5747,225.487,0.179441,11.5747,            29P   1922
225.474,0.195873,11.5747,225.474,0.197063,11.5747,225.473,            29P   1923
0.198144,11.5747,225.472,0.199021,11.5747,225.471,0.199965,           29P   1924
11.5747,225.459,0.216421,11.5747,225.446,0.232878,11.5747,            29P   1925
225.434,0.249385,11.5747,225.433,0.250444,11.5747,225.432,            29P   1926
0.251397,11.5747,225.432,0.252549,11.5747,225.419,0.269649,           29P   1927
11.5747,225.406,0.286667,11.5747,225.393,0.303742,11.5747,            29P   1928
225.392,0.304779,11.5747,225.392,0.305859,11.5747,225.378,            29P   1929
0.323767,11.5747,225.366,0.341756,11.5747,225.353,0.359693,           29P   1930
11.5747,225.342,0.374879,11.5747,225.33,0.390008,11.5747,             29P   1931
225.311,0.416853,11.5747,225.302,0.429489,11.5747,225.287,            29P   1932
0.450513,11.5747,225.276,0.465773,11.5747,225.266,0.480901,           29P   1933
11.5747,225.261,0.487098,11.5747,225.269,0.500763,11.76,225.268,      29P   1934
0.501646,11.76,225.267,0.502706,11.76,225.266,0.503306,11.76,         29P   1935
225.264,0.503424,11.76,225.263,0.503359,11.76,225.262,0.50296,        29P   1936
11.76,225.26,0.501595,11.76,225.259,0.500501,11.76,225.259,           29P   1937
0.49923,11.76,225.259,0.498457,11.76,225.259,0.496681,11.76,          29P   1938
225.259,0.495695,11.76,225.26,0.494785,11.76,225.26,0.494802,         29P   1939
11.76,225.26,0.494828,11.76,225.26,0.494225,11.76,225.26,             29P   1940
0.493473,11.76,225.261,0.492719,11.76,225.261,0.491668,11.76,         29P   1941
225.261,0.491032,11.76,225.262,0.490003,11.76,225.262,0.489612,       29P   1942
11.76,225.262,0.488823,11.76,225.263,0.488424,11.76,225.263,          29P   1943
0.48749,11.76,225.263,0.486954,11.76,225.265,0.48393,11.76,           29P   1944
225.266,0.480933,11.76,225.268,0.477614,11.76,225.269,0.47627,        29P   1945
11.76,225.269,0.475004,11.76,225.27,0.473221,11.76,225.271,           29P   1946
0.47154,11.76,225.272,0.469484,11.76,225.273,0.4677,11.76,            29P   1947
225.276,0.460405,11.76,225.28,0.453137,11.76,225.283,0.445902,        29P   1948
11.76,225.284,0.444221,11.76,225.285,0.442412,11.76,225.286,          29P   1949
0.440794,11.76,225.287,0.439166,11.76,225.287,0.43797,11.76,          29P   1950
225.288,0.43655,11.76,225.293,0.426177,11.76,225.299,0.415513,        29P   1951
11.76,225.304,0.404977,11.76,225.305,0.403412,11.76,225.306,          29P   1952
0.401717,11.76,225.307,0.400153,11.76,225.307,0.398534,11.76,         29P   1953
225.308,0.397292,11.76,225.309,0.395804,11.76,225.316,0.382059,       29P   1954
11.76,225.323,0.368086,11.76,225.331,0.354352,11.76,225.332,          29P   1955
0.352884,11.76,225.332,0.351272,11.76,225.333,0.349784,11.76,         29P   1956
225.334,0.347782,11.76,225.335,0.346127,11.76,225.336,0.344542,       29P   1957
11.76,225.345,0.32787,11.76,225.354,0.311058,11.76,225.364,           29P   1958
0.294255,11.76,225.365,0.292911,11.76,225.366,0.291418,11.76,         29P   1959
225.366,0.289991,11.76,225.367,0.288483,11.76,225.368,0.287237,       29P   1960
11.76,225.369,0.285917,11.76,225.37,0.284694,11.76,225.379,           29P   1961
0.268637,11.76,225.389,0.252127,11.76,225.399,0.235292,11.76,         29P   1962
225.4,0.233399,11.76,225.401,0.231649,11.76,225.402,0.229693,         29P   1963
11.76,225.403,0.22841,11.76,225.404,0.22705,11.76,225.405,            29P   1964
0.225752,11.76,225.414,0.209763,11.76,225.424,0.193395,11.76,         29P   1965
225.435,0.176826,11.76,225.436,0.175097,11.76,225.437,0.173446,       29P   1966
11.76,225.438,0.171558,11.76,225.439,0.170288,11.76,225.44,           29P   1967
0.168862,11.76,225.441,0.167523,11.76,225.451,0.151615,11.76,         29P   1968
225.461,0.13553,11.76,225.472,0.119279,11.76,225.473,0.117692,        29P   1969
11.76,225.474,0.116158,11.76,225.475,0.114394,11.76,225.476,          29P   1970
0.11312,11.76,225.477,0.111681,11.76,225.478,0.11027,11.76,           29P   1971
225.489,0.0944747,11.76,225.5,0.0785304,11.76,225.511,0.0625514,      29P   1972
11.76,225.512,0.0610689,11.76,225.513,0.0596569,11.76,225.514,        29P   1973
0.0579921,11.76,225.515,0.0567024,11.76,225.516,0.0552072,11.76,      29P   1974
225.517,0.0537536,11.76,225.528,0.038112,11.76,225.539,               29P   1975
0.0223975,11.76,225.55,0.00675636,11.76,225.551,0.00540045,           29P   1976
11.76,225.552,0.00406625,11.76,225.554,0.00245095,11.76,225.555,      29P   1977
0.00115884,11.76,225.556,-0.000328758,11.76,225.557,-0.00182408,      29P   1978
11.76,225.568,-0.0172877,11.76,225.58,-0.0326647,11.76,225.592,       29P   1979
-0.0479354,11.76,225.593,-0.0491892,11.76,225.594,-0.0504205,         29P   1980
11.76,225.595,-0.0519369,11.76,225.596,-0.0532207,11.76,225.597,      29P   1981
-0.054765,11.76,225.598,-0.0562804,11.76,225.61,-0.0714854,           29P   1982
11.76,225.622,-0.0866053,11.76,225.634,-0.101515,11.76,225.635,       29P   1983
-0.102644,11.76,225.636,-0.103794,11.76,225.637,-0.105262,11.76,      29P   1984
225.639,-0.106547,11.76,225.64,-0.108091,11.76,225.641,               29P   1985
-0.109637,11.76,225.653,-0.124551,11.76,225.666,-0.139231,11.76,      29P   1986
225.679,-0.153722,11.76,225.68,-0.154757,11.76,225.68,-0.155817,      29P   1987
11.76,225.682,-0.157213,11.76,225.683,-0.158486,11.76,225.684,        29P   1988
-0.160064,11.76,225.686,-0.161664,11.76,225.699,-0.176599,11.76,      29P   1989
225.712,-0.191299,11.76,225.725,-0.205748,11.76,225.726,              29P   1990
-0.206744,11.76,225.727,-0.20808,11.76,225.728,-0.209365,11.76,       29P   1991
225.73,-0.210941,11.76,225.731,-0.212552,11.76,225.745,               29P   1992
-0.227087,11.76,225.758,-0.241284,11.76,225.772,-0.25526,11.76,       29P   1993
225.773,-0.256195,11.76,225.774,-0.257459,11.76,225.775,              29P   1994
-0.258729,11.76,225.777,-0.260327,11.76,225.779,-0.26196,11.76,       29P   1995
225.793,-0.27616,11.76,225.806,-0.289941,11.76,225.82,-0.303441,      29P   1996
11.76,225.821,-0.304354,11.76,225.823,-0.305502,11.76,225.824,        29P   1997
-0.306783,11.76,225.826,-0.308385,11.76,225.827,-0.310043,11.76,      29P   1998
225.839,-0.321456,11.76,225.851,-0.332543,11.76,225.863,              29P   1999
-0.34333,11.76,225.864,-0.344433,11.76,225.865,-0.345691,11.76,       29P   2000
225.867,-0.347307,11.76,225.869,-0.348989,11.76,225.878,              29P   2001
-0.357531,11.76,225.887,-0.365781,11.76,225.896,-0.373733,11.76,      29P   2002
225.898,-0.37484,11.76,225.899,-0.376116,11.76,225.901,               29P   2003
-0.377745,11.76,225.903,-0.379415,11.76,225.91,-0.385232,11.76,       29P   2004
225.916,-0.390764,11.76,225.922,-0.396086,11.76,225.923,              29P   2005
-0.397153,11.76,225.925,-0.398416,11.76,225.927,-0.400034,11.76,      29P   2006
225.931,-0.403876,11.76,225.935,-0.40714,11.76,225.939,               29P   2007
-0.410128,11.76,225.939,-0.410471,11.76,225.94,-0.411018,11.76,       29P   2008
225.941,-0.411232,11.76,225.942,-0.411729,11.76,225.942,              29P   2009
-0.411988,11.76,225.944,-0.412492,11.76,225.944,-0.412702,11.76,      29P   2010
225.946,-0.412873,11.76,225.947,-0.412953,11.76,225.947,              29P   2011
-0.412962,11.76,225.949,-0.412938,11.76,225.95,-0.412767,11.76,       29P   2012
225.951,-0.41234,11.76,225.952,-0.411929,11.76,225.955,               29P   2013
-0.410719,11.76,225.957,-0.40921,11.76,225.958,-0.407505,11.76,       29P   2014
225.959,-0.406138,11.76,225.96,-0.403984,11.76,225.961,               29P   2015
-0.401567,11.76,225.961,-0.399425,11.76,225.961,-0.396823,11.76,      29P   2016
225.96,-0.394595,11.76,225.959,-0.392696,11.76,225.959,               29P   2017
-0.391808,11.76,225.958,-0.39074,11.76,225.957,-0.390109,11.76,       29P   2018
225.956,-0.389215,11.76,225.956,-0.388966,11.76,225.955,              29P   2019
-0.388225,11.76,225.955,-0.387317,11.76,225.954,-0.386414,11.76,      29P   2020
225.953,-0.385418,11.76,225.952,-0.384847,11.76,225.951,              29P   2021
-0.383581,11.76,225.95,-0.382888,11.76,225.948,-0.381002,11.76,       29P   2022
225.947,-0.37981,11.76,225.945,-0.377611,11.76,225.944,               29P   2023
-0.376606,11.76,225.943,-0.375509,11.76,225.943,-0.374973,11.76,      29P   2024
225.942,-0.374391,11.76,225.941,-0.372794,11.76,225.939,              29P   2025
-0.370725,11.76,225.936,-0.367884,11.76,225.933,-0.365469,11.76,      29P   2026
225.931,-0.362601,11.76,225.928,-0.35977,11.76,225.924,               29P   2027
-0.355707,11.76,225.921,-0.352326,11.76,225.918,-0.34932,11.76,       29P   2028
225.917,-0.347701,11.76,225.915,-0.345861,11.76,225.913,              29P   2029
-0.343602,11.76,225.91,-0.341231,11.76,225.908,-0.338414,11.76,       29P   2030
225.905,-0.335647,11.76,225.899,-0.328679,11.76,225.893,              29P   2031
-0.322358,11.76,225.887,-0.316406,11.76,225.886,-0.314817,11.76,      29P   2032
225.884,-0.313022,11.76,225.882,-0.310813,11.76,225.88,               29P   2033
-0.308508,11.76,225.878,-0.305789,11.76,225.875,-0.303129,11.76,      29P   2034
225.866,-0.293178,11.76,225.858,-0.283841,11.76,225.85,               29P   2035
-0.274848,11.76,225.848,-0.273296,11.76,225.847,-0.271556,11.76,      29P   2036
225.845,-0.269417,11.76,225.843,-0.267242,11.76,225.84,               29P   2037
-0.264644,11.76,225.838,-0.262103,11.76,225.826,-0.249036,11.76,      29P   2038
225.815,-0.236544,11.76,225.805,-0.22431,11.76,225.804,               29P   2039
-0.222819,11.76,225.802,-0.221137,11.76,225.8,-0.219121,11.76,        29P   2040
225.799,-0.217047,11.76,225.796,-0.214605,11.76,225.794,              29P   2041
-0.212198,11.76,225.783,-0.198682,11.76,225.772,-0.185666,11.76,      29P   2042
225.761,-0.172952,11.76,225.76,-0.17154,11.76,225.758,-0.169944,      29P   2043
11.76,225.757,-0.168032,11.76,225.755,-0.166101,11.76,225.753,        29P   2044
-0.16385,11.76,225.751,-0.161616,11.76,225.74,-0.147711,11.76,        29P   2045
225.729,-0.134266,11.76,225.718,-0.121073,11.76,225.717,              29P   2046
-0.119726,11.76,225.715,-0.118235,11.76,225.714,-0.116436,11.76,      29P   2047
225.712,-0.114631,11.76,225.711,-0.112539,11.76,225.698,              29P   2048
-0.0974616,11.76,225.687,-0.0827497,11.76,225.675,-0.0684699,         29P   2049
11.76,225.674,-0.0671892,11.76,225.673,-0.0657752,11.76,225.672,      29P   2050
-0.0641356,11.76,225.671,-0.0624818,11.76,225.669,-0.060574,          29P   2051
11.76,225.668,-0.0586733,11.76,225.656,-0.0439309,11.76,225.645,      29P   2052
-0.0295357,11.76,225.634,-0.0152896,11.76,225.633,-0.0141028,         29P   2053
11.76,225.632,-0.0128058,11.76,225.63,-0.0112757,11.76,225.629,       29P   2054
-0.00976358,11.76,225.628,-0.00802467,11.76,225.627,-0.00633106,      29P   2055
11.76,225.615,0.00852115,11.76,225.604,0.0237238,11.76,225.592,       29P   2056
0.0394358,11.76,225.591,0.0413352,11.76,225.589,0.0436708,11.76,      29P   2057
225.588,0.0452179,11.76,225.587,0.0467354,11.76,225.575,              29P   2058
0.0619963,11.76,225.564,0.0775622,11.76,225.552,0.0932939,11.76,      29P   2059
225.551,0.0945966,11.76,225.55,0.0962162,11.76,225.549,               29P   2060
0.0974001,11.76,225.548,0.0987363,11.76,225.547,0.100086,11.76,       29P   2061
225.536,0.11576,11.76,225.524,0.131779,11.76,225.512,0.147864,        29P   2062
11.76,225.511,0.148992,11.76,225.51,0.150413,11.76,225.51,            29P   2063
0.151452,11.76,225.509,0.152629,11.76,225.508,0.153768,11.76,         29P   2064
225.496,0.169888,11.76,225.484,0.186215,11.76,225.472,0.202916,       29P   2065
11.76,225.472,0.20415,11.76,225.47,0.205678,11.76,225.47,             29P   2066
0.206653,11.76,225.469,0.207613,11.76,225.457,0.22425,11.76,          29P   2067
225.445,0.241029,11.76,225.433,0.257956,11.76,225.433,0.259044,       29P   2068
11.76,225.432,0.260163,11.76,225.431,0.261346,11.76,225.419,          29P   2069
0.278734,11.76,225.407,0.296279,11.76,225.395,0.313698,11.76,         29P   2070
225.394,0.314756,11.76,225.393,0.315973,11.76,225.381,0.334037,       29P   2071
11.76,225.368,0.352188,11.76,225.356,0.370479,11.76,225.345,          29P   2072
0.386047,11.76,225.335,0.401677,11.76,225.316,0.428923,11.76,         29P   2073
225.308,0.441722,11.76,225.293,0.463275,11.76,225.283,0.479047,       29P   2074
11.76,225.273,0.494484,11.76,225.269,0.500763,11.76,225.272,          29P   2075
0.510408,11.89,225.271,0.511082,11.89,225.27,0.512012,11.89,          29P   2076
225.268,0.51262,11.89,225.267,0.512741,11.89,225.265,0.512072,        29P   2077
11.89,225.263,0.510711,11.89,225.263,0.50947,11.89,225.263,           29P   2078
0.508619,11.89,225.263,0.507974,11.89,225.263,0.507779,11.89,         29P   2079
225.263,0.507114,11.89,225.263,0.506675,11.89,225.263,0.505635,       29P   2080
11.89,225.264,0.504427,11.89,225.264,0.503217,11.89,225.265,          29P   2081
0.50262,11.89,225.265,0.50192,11.89,225.265,0.501222,11.89,           29P   2082
225.266,0.500158,11.89,225.266,0.499497,11.89,225.267,0.498442,       29P   2083
11.89,225.267,0.498049,11.89,225.267,0.497253,11.89,225.267,          29P   2084
0.496852,11.89,225.268,0.495911,11.89,225.268,0.495371,11.89,         29P   2085
225.269,0.492326,11.89,225.271,0.48931,11.89,225.272,0.485972,        29P   2086
11.89,225.273,0.484621,11.89,225.274,0.483347,11.89,225.274,          29P   2087
0.481556,11.89,225.275,0.479866,11.89,225.276,0.477801,11.89,         29P   2088
225.277,0.47601,11.89,225.281,0.468521,11.89,225.284,0.461218,        29P   2089
11.89,225.288,0.453975,11.89,225.288,0.452292,11.89,225.289,          29P   2090
0.450664,11.89,225.29,0.449045,11.89,225.291,0.447416,11.89,          29P   2091
225.291,0.446218,11.89,225.292,0.444798,11.89,225.297,0.434263,       29P   2092
11.89,225.303,0.423584,11.89,225.308,0.413016,11.89,225.309,          29P   2093
0.411446,11.89,225.31,0.409909,11.89,225.311,0.408339,11.89,          29P   2094
225.311,0.406713,11.89,225.312,0.405465,11.89,225.313,0.403971,       29P   2095
11.89,225.32,0.390005,11.89,225.327,0.375928,11.89,225.334,           29P   2096
0.362142,11.89,225.335,0.360669,11.89,225.336,0.359215,11.89,         29P   2097
225.337,0.357722,11.89,225.338,0.355715,11.89,225.339,0.354056,       29P   2098
11.89,225.34,0.352467,11.89,225.349,0.335622,11.89,225.358,           29P   2099
0.318812,11.89,225.367,0.301928,11.89,225.368,0.300577,11.89,         29P   2100
225.369,0.299216,11.89,225.37,0.29778,11.89,225.37,0.296263,          29P   2101
11.89,225.371,0.295009,11.89,225.372,0.293681,11.89,225.373,          29P   2102
0.292449,11.89,225.382,0.275609,11.89,225.392,0.258872,11.89,         29P   2103
225.401,0.241894,11.89,225.403,0.239985,11.89,225.404,0.238349,       29P   2104
11.89,225.404,0.236955,11.89,225.405,0.235663,11.89,225.406,          29P   2105
0.234292,11.89,225.407,0.232984,11.89,225.417,0.216243,11.89,         29P   2106
225.426,0.199758,11.89,225.437,0.183081,11.89,225.438,0.181341,       29P   2107
11.89,225.439,0.179782,11.89,225.44,0.178443,11.89,225.44,            29P   2108
0.177164,11.89,225.441,0.175727,11.89,225.442,0.174378,11.89,         29P   2109
225.452,0.157804,11.89,225.463,0.14154,11.89,225.473,0.12512,         29P   2110
11.89,225.474,0.123516,11.89,225.475,0.122051,11.89,225.476,          29P   2111
0.120754,11.89,225.477,0.119467,11.89,225.478,0.118012,11.89,         29P   2112
225.479,0.116586,11.89,225.489,0.100151,11.89,225.5,0.084001,         29P   2113
11.89,225.511,0.0678616,11.89,225.512,0.0663644,11.89,225.513,        29P   2114
0.0650244,11.89,225.514,0.0637428,11.89,225.514,0.0624403,11.89,      29P   2115
225.515,0.0609304,11.89,225.516,0.0594625,11.89,225.527,              29P   2116
0.0431985,11.89,225.538,0.0273165,11.89,225.55,0.0114583,11.89,       29P   2117
225.551,0.0100832,11.89,225.551,0.00881528,11.89,225.552,             29P   2118
0.00757724,11.89,225.553,0.00626558,11.89,225.554,0.0047551,          29P   2119
11.89,225.555,0.00323641,11.89,225.567,-0.0128455,11.89,225.578,      29P   2120
-0.0285261,11.89,225.59,-0.0439872,11.89,225.591,-0.0452561,          29P   2121
11.89,225.591,-0.0464332,11.89,225.592,-0.0476543,11.89,225.593,      29P   2122
-0.0489527,11.89,225.595,-0.050514,11.89,225.596,-0.0520454,          29P   2123
11.89,225.608,-0.0677848,11.89,225.62,-0.0830045,11.89,225.632,       29P   2124
-0.0980829,11.89,225.632,-0.0992251,11.89,225.633,-0.100327,          29P   2125
11.89,225.634,-0.101488,11.89,225.635,-0.102789,11.89,225.637,        29P   2126
-0.104354,11.89,225.638,-0.105921,11.89,225.65,-0.121372,11.89,       29P   2127
225.662,-0.136323,11.89,225.675,-0.150968,11.89,225.676,              29P   2128
-0.152014,11.89,225.677,-0.153043,11.89,225.678,-0.154156,11.89,      29P   2129
225.679,-0.155442,11.89,225.68,-0.157034,11.89,225.681,               29P   2130
-0.158648,11.89,225.695,-0.173965,11.89,225.708,-0.188706,11.89,      29P   2131
225.721,-0.203254,11.89,225.722,-0.204245,11.89,225.723,              29P   2132
-0.205343,11.89,225.724,-0.206638,11.89,225.725,-0.208227,11.89,      29P   2133
225.727,-0.20985,11.89,225.74,-0.224739,11.89,225.754,-0.239105,      29P   2134
11.89,225.767,-0.253205,11.89,225.768,-0.254143,11.89,225.769,        29P   2135
-0.255195,11.89,225.77,-0.256476,11.89,225.772,-0.258088,11.89,       29P   2136
225.773,-0.259734,11.89,225.787,-0.273889,11.89,225.801,              29P   2137
-0.287749,11.89,225.815,-0.301338,11.89,225.816,-0.302257,11.89,      29P   2138
225.817,-0.303572,11.89,225.818,-0.304862,11.89,225.82,               29P   2139
-0.306474,11.89,225.822,-0.308144,11.89,225.833,-0.319462,11.89,      29P   2140
225.845,-0.330625,11.89,225.857,-0.341472,11.89,225.858,              29P   2141
-0.342747,11.89,225.86,-0.344011,11.89,225.861,-0.345636,11.89,       29P   2142
225.863,-0.347326,11.89,225.872,-0.355774,11.89,225.881,              29P   2143
-0.364055,11.89,225.89,-0.372026,11.89,225.892,-0.373268,11.89,       29P   2144
225.893,-0.374546,11.89,225.895,-0.376178,11.89,225.897,              29P   2145
-0.377852,11.89,225.903,-0.383566,11.89,225.91,-0.389115,11.89,       29P   2146
225.916,-0.394472,11.89,225.917,-0.395662,11.89,225.919,              29P   2147
-0.396935,11.89,225.921,-0.398566,11.89,225.925,-0.402304,11.89,      29P   2148
225.929,-0.405465,11.89,225.932,-0.408483,11.89,225.933,              29P   2149
-0.408933,11.89,225.934,-0.409541,11.89,225.934,-0.40974,11.89,       29P   2150
225.935,-0.410187,11.89,225.936,-0.410409,11.89,225.938,              29P   2151
-0.410819,11.89,225.938,-0.410968,11.89,225.94,-0.41107,11.89,        29P   2152
225.941,-0.411064,11.89,225.942,-0.410916,11.89,225.943,              29P   2153
-0.410677,11.89,225.944,-0.410484,11.89,225.945,-0.410072,11.89,      29P   2154
225.946,-0.40956,11.89,225.948,-0.40846,11.89,225.95,-0.40692,        29P   2155
11.89,225.951,-0.405174,11.89,225.952,-0.403202,11.89,225.953,        29P   2156
-0.400562,11.89,225.953,-0.398103,11.89,225.953,-0.395949,11.89,      29P   2157
225.953,-0.393777,11.89,225.952,-0.391614,11.89,225.951,              29P   2158
-0.389499,11.89,225.95,-0.388626,11.89,225.949,-0.38799,11.89,        29P   2159
225.949,-0.387847,11.89,225.948,-0.387201,11.89,225.948,              29P   2160
-0.386695,11.89,225.947,-0.385722,11.89,225.946,-0.384833,11.89,      29P   2161
225.945,-0.383941,11.89,225.944,-0.382955,11.89,225.944,              29P   2162
-0.38239,11.89,225.942,-0.381144,11.89,225.942,-0.380461,11.89,       29P   2163
225.94,-0.378598,11.89,225.939,-0.377415,11.89,225.936,               29P   2164
-0.374823,11.89,225.935,-0.373412,11.89,225.933,-0.371973,11.89,      29P   2165
225.933,-0.371306,11.89,225.932,-0.370764,11.89,225.931,              29P   2166
-0.36952,11.89,225.929,-0.367917,11.89,225.927,-0.365542,11.89,       29P   2167
225.925,-0.363125,11.89,225.922,-0.360252,11.89,225.919,              29P   2168
-0.357414,11.89,225.915,-0.353264,11.89,225.912,-0.349876,11.89,      29P   2169
225.909,-0.346871,11.89,225.908,-0.345331,11.89,225.906,              29P   2170
-0.343494,11.89,225.904,-0.341242,11.89,225.902,-0.338879,11.89,      29P   2171
225.899,-0.336075,11.89,225.897,-0.333322,11.89,225.89,               29P   2172
-0.326311,11.89,225.884,-0.32004,11.89,225.879,-0.314134,11.89,       29P   2173
225.877,-0.312642,11.89,225.876,-0.310861,11.89,225.873,              29P   2174
-0.308668,11.89,225.871,-0.30638,11.89,225.869,-0.30368,11.89,        29P   2175
225.866,-0.301037,11.89,225.857,-0.291072,11.89,225.849,              29P   2176
-0.281782,11.89,225.841,-0.272801,11.89,225.839,-0.271331,11.89,      29P   2177
225.838,-0.269588,11.89,225.836,-0.267449,11.89,225.834,              29P   2178
-0.265273,11.89,225.831,-0.262674,11.89,225.829,-0.260131,11.89,      29P   2179
225.818,-0.246977,11.89,225.807,-0.234441,11.89,225.796,              29P   2180
-0.222193,11.89,225.795,-0.220769,11.89,225.793,-0.219084,11.89,      29P   2181
225.792,-0.217067,11.89,225.79,-0.214992,11.89,225.788,-0.21255,      29P   2182
11.89,225.786,-0.210143,11.89,225.774,-0.196551,11.89,225.763,        29P   2183
-0.18355,11.89,225.752,-0.170802,11.89,225.751,-0.169465,11.89,       29P   2184
225.75,-0.167861,11.89,225.748,-0.165942,11.89,225.747,               29P   2185
-0.164004,11.89,225.745,-0.161743,11.89,225.743,-0.159499,11.89,      29P   2186
225.731,-0.145427,11.89,225.72,-0.13188,11.89,225.709,-0.118597,      29P   2187
11.89,225.708,-0.117342,11.89,225.707,-0.115841,11.89,225.706,        29P   2188
-0.11403,11.89,225.704,-0.112213,11.89,225.703,-0.110108,11.89,       29P   2189
225.69,-0.0948485,11.89,225.679,-0.0800469,11.89,225.668,             29P   2190
-0.0656458,11.89,225.667,-0.0644418,11.89,225.666,-0.0630155,         29P   2191
11.89,225.664,-0.0613614,11.89,225.663,-0.0596925,11.89,225.661,      29P   2192
-0.0577672,11.89,225.66,-0.0558485,11.89,225.648,-0.0408802,          29P   2193
11.89,225.637,-0.0263227,11.89,225.627,-0.0119361,11.89,225.626,      29P   2194
-0.0108239,11.89,225.625,-0.00951441,11.89,225.624,-0.00796969,       29P   2195
11.89,225.622,-0.00644323,11.89,225.621,-0.00468801,11.89,            29P   2196
225.62,-0.00297868,11.89,225.608,0.0125557,11.89,225.597,             29P   2197
0.027904,11.89,225.586,0.0437851,11.89,225.584,0.045632,11.89,        29P   2198
225.583,0.0475012,11.89,225.582,0.0490657,11.89,225.581,              29P   2199
0.0506004,11.89,225.569,0.0665969,11.89,225.558,0.0823841,11.89,      29P   2200
225.546,0.098301,11.89,225.546,0.099539,11.89,225.545,0.100681,       29P   2201
11.89,225.544,0.101878,11.89,225.543,0.103229,11.89,225.542,          29P   2202
0.104595,11.89,225.53,0.120938,11.89,225.519,0.137133,11.89,          29P   2203
225.508,0.153426,11.89,225.507,0.154512,11.89,225.506,0.155502,       29P   2204
11.89,225.505,0.156555,11.89,225.505,0.157747,11.89,225.504,          29P   2205
0.158902,11.89,225.492,0.175649,11.89,225.481,0.192246,11.89,         29P   2206
225.469,0.209208,11.89,225.468,0.21039,11.89,225.467,0.211612,        29P   2207
11.89,225.467,0.212586,11.89,225.466,0.213561,11.89,225.455,          29P   2208
0.230128,11.89,225.443,0.247144,11.89,225.432,0.26425,11.89,          29P   2209
225.431,0.265346,11.89,225.43,0.266807,11.89,225.429,0.268002,        29P   2210
11.89,225.417,0.285311,11.89,225.405,0.302968,11.89,225.394,          29P   2211
0.320589,11.89,225.393,0.321657,11.89,225.392,0.323158,11.89,         29P   2212
225.38,0.341351,11.89,225.368,0.359808,11.89,225.356,0.378359,        29P   2213
11.89,225.346,0.394173,11.89,225.335,0.409979,11.89,225.318,          29P   2214
0.437551,11.89,225.309,0.450636,11.89,225.296,0.472336,11.89,         29P   2215
225.286,0.48835,11.89,225.276,0.503941,11.89,225.272,0.510408,        29P   2216
11.89,225.276,0.520459,12.0205,225.275,0.52152,12.0205,225.274,       29P   2217
0.522555,12.0205,225.272,0.522762,12.0205,225.271,0.52264,            29P   2218
12.0205,225.27,0.522235,12.0205,225.269,0.521275,12.0205,             29P   2219
225.268,0.51974,12.0205,225.267,0.518685,12.0205,225.267,             29P   2220
0.51743,12.0205,225.268,0.516658,12.0205,225.268,0.515343,            29P   2221
12.0205,225.269,0.514689,12.0205,225.269,0.513821,12.0205,            29P   2222
225.269,0.513403,12.0205,225.269,0.512985,12.0205,225.27,             29P   2223
0.512386,12.0205,225.27,0.511675,12.0205,225.27,0.510963,             29P   2224
12.0205,225.271,0.509901,12.0205,225.271,0.509245,12.0205,            29P   2225
225.272,0.508195,12.0205,225.272,0.507802,12.0205,225.272,            29P   2226
0.507007,12.0205,225.272,0.506606,12.0205,225.273,0.505665,           29P   2227
12.0205,225.273,0.505126,12.0205,225.274,0.502082,12.0205,            29P   2228
225.276,0.499067,12.0205,225.277,0.49573,12.0205,225.278,             29P   2229
0.494379,12.0205,225.279,0.493106,12.0205,225.279,0.491315,           29P   2230
12.0205,225.28,0.489626,12.0205,225.281,0.487561,12.0205,             29P   2231
225.282,0.485769,12.0205,225.285,0.478812,12.0205,225.289,            29P   2232
0.471552,12.0205,225.292,0.464278,12.0205,225.293,0.462586,           29P   2233
12.0205,225.294,0.460362,12.0205,225.295,0.458734,12.0205,            29P   2234
225.296,0.457095,12.0205,225.296,0.455889,12.0205,225.297,            29P   2235
0.45446,12.0205,225.302,0.444348,12.0205,225.307,0.433604,            29P   2236
12.0205,225.312,0.422972,12.0205,225.313,0.421394,12.0205,            29P   2237
225.314,0.419323,12.0205,225.315,0.417745,12.0205,225.316,            29P   2238
0.416113,12.0205,225.316,0.41486,12.0205,225.317,0.41336,             29P   2239
12.0205,225.324,0.399844,12.0205,225.331,0.385777,12.0205,            29P   2240
225.338,0.371916,12.0205,225.339,0.370434,12.0205,225.34,             29P   2241
0.368448,12.0205,225.34,0.366946,12.0205,225.342,0.364925,            29P   2242
12.0205,225.342,0.363254,12.0205,225.343,0.361653,12.0205,            29P   2243
225.352,0.345115,12.0205,225.361,0.328116,12.0205,225.37,             29P   2244
0.311085,12.0205,225.37,0.309722,12.0205,225.371,0.3079,12.0205,      29P   2245
225.372,0.306453,12.0205,225.373,0.304924,12.0205,225.374,            29P   2246
0.30366,12.0205,225.374,0.302323,12.0205,225.375,0.301082,            29P   2247
12.0205,225.384,0.284644,12.0205,225.393,0.267856,12.0205,            29P   2248
225.403,0.250783,12.0205,225.404,0.248862,12.0205,225.405,            29P   2249
0.246807,12.0205,225.406,0.245277,12.0205,225.407,0.243977,           29P   2250
12.0205,225.408,0.242598,12.0205,225.408,0.241282,12.0205,            29P   2251
225.418,0.224881,12.0205,225.427,0.208282,12.0205,225.437,            29P   2252
0.191435,12.0205,225.438,0.189677,12.0205,225.44,0.187771,            29P   2253
12.0205,225.44,0.186293,12.0205,225.441,0.185,12.0205,225.442,        29P   2254
0.183548,12.0205,225.443,0.182184,12.0205,225.453,0.165799,           29P   2255
12.0205,225.463,0.149343,12.0205,225.473,0.132741,12.0205,            29P   2256
225.474,0.131119,12.0205,225.475,0.129367,12.0205,225.476,            29P   2257
0.127948,12.0205,225.477,0.126648,12.0205,225.477,0.125178,           29P   2258
12.0205,225.478,0.123737,12.0205,225.488,0.107487,12.0205,            29P   2259
225.499,0.0911959,12.0205,225.509,0.074856,12.0205,225.51,            29P   2260
0.0733399,12.0205,225.511,0.0717073,12.0205,225.512,0.0703201,        29P   2261
12.0205,225.513,0.0690007,12.0205,225.514,0.0674709,12.0205,          29P   2262
225.515,0.0659835,12.0205,225.525,0.0498576,12.0205,225.536,          29P   2263
0.0337394,12.0205,225.547,0.0176749,12.0205,225.548,0.0162822,        29P   2264
12.0205,225.549,0.0147244,12.0205,225.55,0.0133819,12.0205,           29P   2265
225.551,0.0120542,12.0205,225.552,0.0105254,12.0205,225.553,          29P   2266
0.00898851,12.0205,225.564,-0.00699667,12.0205,225.575,               29P   2267
-0.0228286,12.0205,225.586,-0.0384931,12.0205,225.587,                29P   2268
-0.0397789,12.0205,225.588,-0.0411921,12.0205,225.589,                29P   2269
-0.0424994,12.0205,225.59,-0.0438154,12.0205,225.591,-0.0453981,      29P   2270
12.0205,225.592,-0.0469508,12.0205,225.603,-0.0626446,12.0205,        29P   2271
225.615,-0.0781007,12.0205,225.627,-0.0933513,12.0205,225.628,        29P   2272
-0.0945062,12.0205,225.629,-0.095816,12.0205,225.63,-0.0970608,       29P   2273
12.0205,225.631,-0.0983758,12.0205,225.632,-0.0999555,12.0205,        29P   2274
225.633,-0.101538,12.0205,225.645,-0.116936,12.0205,225.657,          29P   2275
-0.131965,12.0205,225.67,-0.146704,12.0205,225.67,-0.147757,          29P   2276
12.0205,225.671,-0.148924,12.0205,225.672,-0.150111,12.0205,          29P   2277
225.673,-0.151404,12.0205,225.675,-0.153007,12.0205,225.676,          29P   2278
-0.154631,12.0205,225.689,-0.169956,12.0205,225.702,-0.184805,        29P   2279
12.0205,225.715,-0.199451,12.0205,225.716,-0.200486,12.0205,          29P   2280
225.717,-0.201646,12.0205,225.718,-0.20295,12.0205,225.72,            29P   2281
-0.204549,12.0205,225.721,-0.206183,12.0205,225.734,-0.221095,        29P   2282
12.0205,225.748,-0.235527,12.0205,225.761,-0.249612,12.0205,          29P   2283
225.762,-0.250569,12.0205,225.763,-0.251669,12.0205,225.764,          29P   2284
-0.252947,12.0205,225.766,-0.254555,12.0205,225.768,-0.256196,        29P   2285
12.0205,225.781,-0.270283,12.0205,225.795,-0.284036,12.0205,          29P   2286
225.809,-0.297536,12.0205,225.81,-0.298449,12.0205,225.811,           29P   2287
-0.299777,12.0205,225.813,-0.301059,12.0205,225.814,-0.30266,         29P   2288
12.0205,225.816,-0.304319,12.0205,225.828,-0.315618,12.0205,          29P   2289
225.84,-0.326697,12.0205,225.852,-0.337373,12.0205,225.853,           29P   2290
-0.338574,12.0205,225.854,-0.339817,12.0205,225.856,-0.341413,        29P   2291
12.0205,225.858,-0.343073,12.0205,225.867,-0.351445,12.0205,          29P   2292
225.877,-0.359546,12.0205,225.886,-0.367382,12.0205,225.887,          29P   2293
-0.368524,12.0205,225.889,-0.369781,12.0205,225.89,-0.371387,         29P   2294
12.0205,225.892,-0.373034,12.0205,225.899,-0.378686,12.0205,          29P   2295
225.905,-0.384135,12.0205,225.912,-0.389337,12.0205,225.913,          29P   2296
-0.390458,12.0205,225.915,-0.39169,12.0205,225.917,-0.393266,         29P   2297
12.0205,225.921,-0.396986,12.0205,225.925,-0.400133,12.0205,          29P   2298
225.929,-0.403033,12.0205,225.929,-0.403381,12.0205,225.93,           29P   2299
-0.403888,12.0205,225.931,-0.40407,12.0205,225.932,-0.4045,           29P   2300
12.0205,225.932,-0.40472,12.0205,225.934,-0.405124,12.0205,           29P   2301
225.935,-0.405269,12.0205,225.936,-0.405355,12.0205,225.937,          29P   2302
-0.405332,12.0205,225.938,-0.405177,12.0205,225.939,-0.404962,        29P   2303
12.0205,225.94,-0.404744,12.0205,225.941,-0.404277,12.0205,           29P   2304
225.942,-0.403736,12.0205,225.944,-0.40258,12.0205,225.946,           29P   2305
-0.400975,12.0205,225.947,-0.399172,12.0205,225.948,-0.397177,        29P   2306
12.0205,225.949,-0.394675,12.0205,225.949,-0.392174,12.0205,          29P   2307
225.949,-0.390053,12.0205,225.948,-0.387762,12.0205,225.947,          29P   2308
-0.385731,12.0205,225.946,-0.384039,12.0205,225.945,-0.383417,        29P   2309
12.0205,225.945,-0.382703,12.0205,225.944,-0.382271,12.0205,          29P   2310
225.943,-0.3814,12.0205,225.943,-0.380964,12.0205,225.942,            29P   2311
-0.380067,12.0205,225.941,-0.379197,12.0205,225.94,-0.378327,         29P   2312
12.0205,225.939,-0.377365,12.0205,225.939,-0.376815,12.0205,          29P   2313
225.937,-0.375599,12.0205,225.937,-0.374933,12.0205,225.935,          29P   2314
-0.373118,12.0205,225.933,-0.371968,12.0205,225.931,-0.369854,        29P   2315
12.0205,225.93,-0.36889,12.0205,225.929,-0.367572,12.0205,            29P   2316
225.928,-0.366833,12.0205,225.927,-0.366058,12.0205,225.926,          29P   2317
-0.364514,12.0205,225.924,-0.362865,12.0205,225.921,-0.360471,        29P   2318
12.0205,225.919,-0.358141,12.0205,225.916,-0.355373,12.0205,          29P   2319
225.913,-0.35264,12.0205,225.91,-0.348891,12.0205,225.906,            29P   2320
-0.345625,12.0205,225.903,-0.342722,12.0205,225.901,-0.340983,        29P   2321
12.0205,225.9,-0.339205,12.0205,225.897,-0.337021,12.0205,            29P   2322
225.895,-0.334729,12.0205,225.892,-0.332004,12.0205,225.89,           29P   2323
-0.329325,12.0205,225.883,-0.322762,12.0205,225.877,-0.316626,        29P   2324
12.0205,225.872,-0.310828,12.0205,225.87,-0.309089,12.0205,           29P   2325
225.868,-0.307338,12.0205,225.866,-0.305181,12.0205,225.864,          29P   2326
-0.302929,12.0205,225.861,-0.300269,12.0205,225.859,-0.297665,        29P   2327
12.0205,225.85,-0.288087,12.0205,225.841,-0.278893,12.0205,           29P   2328
225.833,-0.270035,12.0205,225.831,-0.26833,12.0205,225.83,            29P   2329
-0.266625,12.0205,225.828,-0.264517,12.0205,225.826,-0.262372,        29P   2330
12.0205,225.823,-0.259811,12.0205,225.821,-0.257304,12.0205,          29P   2331
225.809,-0.244559,12.0205,225.798,-0.232202,12.0205,225.788,          29P   2332
-0.220065,12.0205,225.786,-0.218432,12.0205,225.785,-0.216766,        29P   2333
12.0205,225.783,-0.214765,12.0205,225.781,-0.212705,12.0205,          29P   2334
225.779,-0.210278,12.0205,225.777,-0.207885,12.0205,225.765,          29P   2335
-0.194612,12.0205,225.754,-0.181612,12.0205,225.744,-0.168866,        29P   2336
12.0205,225.742,-0.167275,12.0205,225.741,-0.165682,12.0205,          29P   2337
225.739,-0.163763,12.0205,225.738,-0.161824,12.0205,225.736,          29P   2338
-0.159562,12.0205,225.734,-0.157317,12.0205,225.723,-0.143554,        29P   2339
12.0205,225.712,-0.12999,12.0205,225.701,-0.116677,12.0205,           29P   2340
225.7,-0.115096,12.0205,225.698,-0.11359,12.0205,225.697,             29P   2341
-0.111774,12.0205,225.696,-0.109952,12.0205,225.694,-0.107841,        29P   2342
12.0205,225.682,-0.0928084,12.0205,225.67,-0.077939,12.0205,          29P   2343
225.659,-0.0634339,12.0205,225.658,-0.0619401,12.0205,225.657,        29P   2344
-0.0605029,12.0205,225.656,-0.0588357,12.0205,225.655,                29P   2345
-0.0571535,12.0205,225.653,-0.0552123,12.0205,225.652,                29P   2346
-0.0532774,12.0205,225.641,-0.038451,12.0205,225.63,-0.0237377,       29P   2347
12.0205,225.619,-0.00918373,12.0205,225.618,-0.00778228,12.0205,      29P   2348
225.617,-0.00645727,12.0205,225.616,-0.00489411,12.0205,225.615,      29P   2349
-0.00334935,12.0205,225.614,-0.00157299,12.0205,225.612,              29P   2350
0.000157056,12.0205,225.601,0.0155427,12.0205,225.591,0.0310828,      29P   2351
12.0205,225.579,0.0471634,12.0205,225.578,0.0492685,12.0205,          29P   2352
225.576,0.0512709,12.0205,225.575,0.0528552,12.0205,225.574,          29P   2353
0.0544093,12.0205,225.563,0.0702463,12.0205,225.552,0.0862297,        29P   2354
12.0205,225.541,0.102369,12.0205,225.54,0.103881,12.0205,             29P   2355
225.539,0.105149,12.0205,225.539,0.106364,12.0205,225.538,            29P   2356
0.107734,12.0205,225.537,0.10912,12.0205,225.526,0.125416,            29P   2357
12.0205,225.515,0.141856,12.0205,225.504,0.158365,12.0205,            29P   2358
225.503,0.159651,12.0205,225.502,0.160754,12.0205,225.501,            29P   2359
0.161821,12.0205,225.501,0.163028,12.0205,225.5,0.164198,             29P   2360
12.0205,225.489,0.180856,12.0205,225.477,0.197634,12.0205,            29P   2361
225.466,0.214786,12.0205,225.465,0.216212,12.0205,225.464,            29P   2362
0.217521,12.0205,225.464,0.218509,12.0205,225.463,0.219496,           29P   2363
12.0205,225.452,0.23677,12.0205,225.441,0.253995,12.0205,             29P   2364
225.429,0.271337,12.0205,225.429,0.27246,12.0205,225.428,             29P   2365
0.273396,12.0205,225.427,0.274607,12.0205,225.416,0.292587,           29P   2366
12.0205,225.404,0.310534,12.0205,225.393,0.328418,12.0205,            29P   2367
225.392,0.32951,12.0205,225.392,0.330587,12.0205,225.38,0.34903,      29P   2368
12.0205,225.368,0.367741,12.0205,225.357,0.38655,12.0205,             29P   2369
225.347,0.402596,12.0205,225.337,0.418626,12.0205,225.32,             29P   2370
0.446592,12.0205,225.312,0.459852,12.0205,225.299,0.482155,           29P   2371
12.0205,225.289,0.498327,12.0205,225.28,0.514208,12.0205,             29P   2372
225.276,0.520459,12.0205,225.27,0.528158,12.1034,225.27,              29P   2373
0.529121,12.1034,225.268,0.530132,12.1034,225.266,0.530316,           29P   2374
12.1034,225.265,0.530063,12.1034,225.264,0.52942,12.1034,             29P   2375
225.263,0.52826,12.1034,225.263,0.526573,12.1034,225.263,             29P   2376
0.525555,12.1034,225.263,0.524503,12.1034,225.263,0.52391,            29P   2377
12.1034,225.264,0.522704,12.1034,225.264,0.522037,12.1034,            29P   2378
225.264,0.521098,12.1034,225.265,0.520568,12.1034,225.265,            29P   2379
0.520038,12.1034,225.265,0.519436,12.1034,225.265,0.518723,           29P   2380
12.1034,225.266,0.518011,12.1034,225.266,0.516941,12.1034,            29P   2381
225.267,0.51628,12.1034,225.267,0.515223,12.1034,225.267,             29P   2382
0.514827,12.1034,225.268,0.514027,12.1034,225.268,0.513623,           29P   2383
12.1034,225.268,0.512677,12.1034,225.268,0.512134,12.1034,            29P   2384
225.27,0.509072,12.1034,225.271,0.506038,12.1034,225.273,             29P   2385
0.50268,12.1034,225.273,0.501321,12.1034,225.274,0.500041,            29P   2386
12.1034,225.275,0.498239,12.1034,225.276,0.496539,12.1034,            29P   2387
225.277,0.494462,12.1034,225.277,0.492659,12.1034,225.281,            29P   2388
0.48545,12.1034,225.284,0.478128,12.1034,225.288,0.470818,            29P   2389
12.1034,225.288,0.469118,12.1034,225.289,0.467115,12.1034,            29P   2390
225.29,0.465479,12.1034,225.291,0.463833,12.1034,225.291,             29P   2391
0.462622,12.1034,225.292,0.461186,12.1034,225.297,0.450835,           29P   2392
12.1034,225.302,0.440035,12.1034,225.307,0.429349,12.1034,            29P   2393
225.308,0.427762,12.1034,225.309,0.425888,12.1034,225.31,             29P   2394
0.424301,12.1034,225.311,0.422659,12.1034,225.311,0.421399,           29P   2395
12.1034,225.312,0.41989,12.1034,225.319,0.406096,12.1034,             29P   2396
225.326,0.391923,12.1034,225.333,0.377985,12.1034,225.334,            29P   2397
0.376496,12.1034,225.335,0.374705,12.1034,225.335,0.373195,           29P   2398
12.1034,225.336,0.371163,12.1034,225.337,0.369484,12.1034,            29P   2399
225.338,0.367875,12.1034,225.347,0.351083,12.1034,225.355,            29P   2400
0.334016,12.1034,225.365,0.316898,12.1034,225.365,0.315529,           29P   2401
12.1034,225.366,0.313874,12.1034,225.367,0.312419,12.1034,            29P   2402
225.368,0.310882,12.1034,225.368,0.309611,12.1034,225.369,            29P   2403
0.308266,12.1034,225.37,0.307018,12.1034,225.379,0.290299,            29P   2404
12.1034,225.388,0.27339,12.1034,225.398,0.256204,12.1034,             29P   2405
225.399,0.254271,12.1034,225.4,0.252365,12.1034,225.401,              29P   2406
0.250856,12.1034,225.401,0.249548,12.1034,225.402,0.24816,            29P   2407
12.1034,225.403,0.246836,12.1034,225.412,0.23017,12.1034,             29P   2408
225.422,0.213463,12.1034,225.432,0.196517,12.1034,225.433,            29P   2409
0.194748,12.1034,225.434,0.192961,12.1034,225.435,0.191505,           29P   2410
12.1034,225.435,0.190205,12.1034,225.436,0.188744,12.1034,            29P   2411
225.437,0.187373,12.1034,225.447,0.170761,12.1034,225.457,            29P   2412
0.15421,12.1034,225.467,0.137512,12.1034,225.468,0.135881,            29P   2413
12.1034,225.469,0.134226,12.1034,225.47,0.132825,12.1034,             29P   2414
225.471,0.131517,12.1034,225.471,0.130038,12.1034,225.472,            29P   2415
0.128589,12.1034,225.482,0.112115,12.1034,225.493,0.0957186,          29P   2416
12.1034,225.503,0.0792777,12.1034,225.504,0.0777522,12.1034,          29P   2417
225.505,0.0762181,12.1034,225.506,0.0748444,12.1034,225.507,          29P   2418
0.0735169,12.1034,225.508,0.0719776,12.1034,225.509,0.070481,         29P   2419
12.1034,225.519,0.0541276,12.1034,225.53,0.0379099,12.1034,           29P   2420
225.541,0.0217638,12.1034,225.542,0.0203641,12.1034,225.543,          29P   2421
0.0189061,12.1034,225.543,0.0175791,12.1034,225.544,0.0162448,        29P   2422
12.1034,225.545,0.0147086,12.1034,225.546,0.0131644,12.1034,          29P   2423
225.557,-0.00299894,12.1034,225.568,-0.0188871,12.1034,225.58,        29P   2424
-0.0345553,12.1034,225.581,-0.0358412,12.1034,225.582,                29P   2425
-0.0371685,12.1034,225.583,-0.0384583,12.1034,225.584,                29P   2426
-0.0397738,12.1034,225.585,-0.0413556,12.1034,225.586,                29P   2427
-0.0429071,12.1034,225.597,-0.0586783,12.1034,225.609,                29P   2428
-0.0740712,12.1034,225.621,-0.0892115,12.1034,225.622,-0.090358,      29P   2429
12.1034,225.623,-0.0915829,12.1034,225.624,-0.0928004,12.1034,        29P   2430
225.625,-0.0941052,12.1034,225.626,-0.0956723,12.1034,225.628,        29P   2431
-0.0972416,12.1034,225.64,-0.112576,12.1034,225.652,-0.12743,         29P   2432
12.1034,225.665,-0.141937,12.1034,225.666,-0.142973,12.1034,          29P   2433
225.667,-0.144072,12.1034,225.668,-0.145223,12.1034,225.669,          29P   2434
-0.146495,12.1034,225.67,-0.148071,12.1034,225.672,-0.149668,         29P   2435
12.1034,225.685,-0.164617,12.1034,225.698,-0.179143,12.1034,          29P   2436
225.712,-0.193392,12.1034,225.713,-0.194514,12.1034,225.714,          29P   2437
-0.195629,12.1034,225.715,-0.196896,12.1034,225.717,-0.19845,         29P   2438
12.1034,225.718,-0.200036,12.1034,225.732,-0.21444,12.1034,           29P   2439
225.746,-0.228371,12.1034,225.76,-0.241891,12.1034,225.761,           29P   2440
-0.242885,12.1034,225.762,-0.243928,12.1034,225.763,-0.245154,        29P   2441
12.1034,225.765,-0.246695,12.1034,225.767,-0.248267,12.1034,          29P   2442
225.781,-0.261882,12.1034,225.796,-0.274966,12.1034,225.811,          29P   2443
-0.287687,12.1034,225.812,-0.288547,12.1034,225.813,-0.289677,        29P   2444
12.1034,225.814,-0.290883,12.1034,225.816,-0.292389,12.1034,          29P   2445
225.818,-0.293948,12.1034,225.83,-0.304572,12.1034,225.843,           29P   2446
-0.314897,12.1034,225.855,-0.324787,12.1034,225.857,-0.325885,        29P   2447
12.1034,225.858,-0.327036,12.1034,225.86,-0.328512,12.1034,           29P   2448
225.862,-0.330047,12.1034,225.872,-0.337846,12.1034,225.882,          29P   2449
-0.34528,12.1034,225.891,-0.352406,12.1034,225.893,-0.353378,         29P   2450
12.1034,225.894,-0.35452,12.1034,225.896,-0.355977,12.1034,           29P   2451
225.898,-0.357469,12.1034,225.906,-0.362705,12.1034,225.913,          29P   2452
-0.36761,12.1034,225.919,-0.372284,12.1034,225.921,-0.373175,         29P   2453
12.1034,225.922,-0.374282,12.1034,225.924,-0.375697,12.1034,          29P   2454
225.929,-0.379067,12.1034,225.933,-0.381915,12.1034,225.937,          29P   2455
-0.384463,12.1034,225.938,-0.384714,12.1034,225.938,-0.385194,        29P   2456
12.1034,225.939,-0.385416,12.1034,225.94,-0.385872,12.1034,           29P   2457
225.941,-0.386087,12.1034,225.942,-0.38648,12.1034,225.943,           29P   2458
-0.386621,12.1034,225.945,-0.3867,12.1034,225.946,-0.386677,          29P   2459
12.1034,225.947,-0.386514,12.1034,225.948,-0.386274,12.1034,          29P   2460
225.949,-0.386055,12.1034,225.95,-0.385587,12.1034,225.951,           29P   2461
-0.385028,12.1034,225.953,-0.383717,12.1034,225.954,-0.382029,        29P   2462
12.1034,225.956,-0.380166,12.1034,225.956,-0.378326,12.1034,          29P   2463
225.957,-0.37587,12.1034,225.957,-0.37351,12.1034,225.957,            29P   2464
-0.37138,12.1034,225.956,-0.369006,12.1034,225.955,-0.366862,         29P   2465
12.1034,225.954,-0.365081,12.1034,225.953,-0.364396,12.1034,          29P   2466
225.952,-0.363775,12.1034,225.952,-0.363496,12.1034,225.951,          29P   2467
-0.362812,12.1034,225.95,-0.362406,12.1034,225.949,-0.361587,         29P   2468
12.1034,225.948,-0.360805,12.1034,225.947,-0.360021,12.1034,          29P   2469
225.946,-0.359155,12.1034,225.946,-0.358658,12.1034,225.944,          29P   2470
-0.357562,12.1034,225.944,-0.356961,12.1034,225.941,-0.355323,        29P   2471
12.1034,225.94,-0.354283,12.1034,225.938,-0.352332,12.1034,           29P   2472
225.937,-0.35142,12.1034,225.935,-0.350208,12.1034,225.934,           29P   2473
-0.349538,12.1034,225.933,-0.34885,12.1034,225.932,-0.347481,         29P   2474
12.1034,225.93,-0.346006,12.1034,225.927,-0.343851,12.1034,           29P   2475
225.925,-0.341728,12.1034,225.922,-0.339202,12.1034,225.919,          29P   2476
-0.336705,12.1034,225.914,-0.333116,12.1034,225.911,-0.33012,         29P   2477
12.1034,225.908,-0.327453,12.1034,225.906,-0.326016,12.1034,          29P   2478
225.904,-0.324381,12.1034,225.902,-0.322372,12.1034,225.899,          29P   2479
-0.320261,12.1034,225.896,-0.31775,12.1034,225.893,-0.315278,         29P   2480
12.1034,225.886,-0.309023,12.1034,225.88,-0.303336,12.1034,           29P   2481
225.874,-0.297946,12.1034,225.872,-0.296528,12.1034,225.87,           29P   2482
-0.294899,12.1034,225.868,-0.292891,12.1034,225.866,-0.290792,        29P   2483
12.1034,225.863,-0.288312,12.1034,225.86,-0.285881,12.1034,           29P   2484
225.85,-0.276846,12.1034,225.841,-0.268252,12.1034,225.832,           29P   2485
-0.259892,12.1034,225.831,-0.258371,12.1034,225.829,-0.256719,        29P   2486
12.1034,225.827,-0.254725,12.1034,225.825,-0.252696,12.1034,          29P   2487
225.822,-0.25027,12.1034,225.82,-0.247894,12.1034,225.807,            29P   2488
-0.235725,12.1034,225.796,-0.223944,12.1034,225.784,-0.212312,        29P   2489
12.1034,225.783,-0.210826,12.1034,225.781,-0.209213,12.1034,          29P   2490
225.78,-0.207292,12.1034,225.778,-0.205315,12.1034,225.775,           29P   2491
-0.202985,12.1034,225.773,-0.200685,12.1034,225.761,-0.187835,        29P   2492
12.1034,225.749,-0.175315,12.1034,225.738,-0.162953,12.1034,          29P   2493
225.737,-0.161504,12.1034,225.735,-0.159926,12.1034,225.734,          29P   2494
-0.158063,12.1034,225.732,-0.15618,12.1034,225.73,-0.153982,          29P   2495
12.1034,225.728,-0.1518,12.1034,225.716,-0.138174,12.1034,            29P   2496
225.705,-0.124918,12.1034,225.694,-0.111853,12.1034,225.693,          29P   2497
-0.110547,12.1034,225.691,-0.10907,12.1034,225.69,-0.107286,          29P   2498
12.1034,225.688,-0.105497,12.1034,225.687,-0.103421,12.1034,          29P   2499
225.674,-0.0884245,12.1034,225.662,-0.0737417,12.1034,225.651,        29P   2500
-0.0593829,12.1034,225.65,-0.0581273,12.1034,225.649,-0.0567044,      29P   2501
12.1034,225.648,-0.0550535,12.1034,225.646,-0.0533874,12.1034,        29P   2502
225.645,-0.0514644,12.1034,225.643,-0.0495471,12.1034,225.632,        29P   2503
-0.0346606,12.1034,225.621,-0.0200388,12.1034,225.61,                 29P   2504
-0.00553386,12.1034,225.609,-0.00433439,12.1034,225.608,              29P   2505
-0.00301363,12.1034,225.607,-0.00145515,12.1034,225.606,              29P   2506
8.52532E-05,12.1034,225.605,0.001857,12.1034,225.603,0.00358296,      29P   2507
12.1034,225.592,0.0191068,12.1034,225.581,0.0346584,12.1034,          29P   2508
225.57,0.0507794,12.1034,225.568,0.052742,12.1034,225.567,            29P   2509
0.0547228,12.1034,225.566,0.0563116,12.1034,225.565,0.0578704,        29P   2510
12.1034,225.554,0.073914,12.1034,225.543,0.0899726,12.1034,           29P   2511
225.532,0.106185,12.1034,225.531,0.107571,12.1034,225.53,             29P   2512
0.108818,12.1034,225.529,0.110038,12.1034,225.528,0.111414,           29P   2513
12.1034,225.527,0.112806,12.1034,225.516,0.1293,12.1034,225.505,      29P   2514
0.145817,12.1034,225.494,0.162435,12.1034,225.493,0.163627,           29P   2515
12.1034,225.493,0.164713,12.1034,225.492,0.165787,12.1034,            29P   2516
225.491,0.167003,12.1034,225.49,0.168181,12.1034,225.479,             29P   2517
0.185073,12.1034,225.468,0.201999,12.1034,225.457,0.219294,           29P   2518
12.1034,225.456,0.220633,12.1034,225.455,0.221935,12.1034,            29P   2519
225.455,0.22293,12.1034,225.454,0.223924,12.1034,225.443,             29P   2520
0.241324,12.1034,225.432,0.258685,12.1034,225.421,0.276184,           29P   2521
12.1034,225.42,0.27728,12.1034,225.419,0.278279,12.1034,225.419,      29P   2522
0.279502,12.1034,225.407,0.297628,12.1034,225.396,0.315757,           29P   2523
12.1034,225.385,0.333822,12.1034,225.384,0.334901,12.1034,            29P   2524
225.383,0.336035,12.1034,225.372,0.354664,12.1034,225.361,            29P   2525
0.373563,12.1034,225.349,0.392579,12.1034,225.339,0.408792,           29P   2526
12.1034,225.33,0.425011,12.1034,225.313,0.453312,12.1034,             29P   2527
225.305,0.466752,12.1034,225.292,0.48921,12.1034,225.283,             29P   2528
0.505607,12.1034,225.274,0.521691,12.1034,225.27,0.528158,            29P   2529
12.1034,225.265,0.5328,12.15,225.265,0.533668,12.15,225.264,          29P   2530
0.534661,12.15,225.262,0.534858,12.15,225.26,0.534521,12.15,          29P   2531
225.259,0.533707,12.15,225.258,0.532419,12.15,225.258,0.530628,       29P   2532
12.15,225.258,0.52964,12.15,225.259,0.528757,12.15,225.259,           29P   2533
0.528315,12.15,225.259,0.527178,12.15,225.26,0.526484,12.15,          29P   2534
225.26,0.525484,12.15,225.26,0.524879,12.15,225.261,0.524274,         29P   2535
12.15,225.261,0.523669,12.15,225.261,0.522953,12.15,225.261,          29P   2536
0.522237,12.15,225.262,0.521163,12.15,225.262,0.520499,12.15,         29P   2537
225.263,0.519437,12.15,225.263,0.519039,12.15,225.263,0.518236,       29P   2538
12.15,225.263,0.51783,12.15,225.264,0.516879,12.15,225.264,           29P   2539
0.516334,12.15,225.266,0.513258,12.15,225.267,0.510211,12.15,         29P   2540
225.268,0.506838,12.15,225.269,0.505473,12.15,225.27,0.504187,        29P   2541
12.15,225.27,0.502377,12.15,225.271,0.500669,12.15,225.272,           29P   2542
0.498583,12.15,225.273,0.496773,12.15,225.276,0.489335,12.15,         29P   2543
225.28,0.481964,12.15,225.283,0.474628,12.15,225.284,0.472924,        29P   2544
12.15,225.285,0.471129,12.15,225.286,0.469489,12.15,225.286,          29P   2545
0.467837,12.15,225.287,0.466623,12.15,225.288,0.465183,12.15,         29P   2546
225.293,0.45462,12.15,225.298,0.443783,12.15,225.303,0.433061,        29P   2547
12.15,225.304,0.431469,12.15,225.305,0.429781,12.15,225.305,          29P   2548
0.428188,12.15,225.306,0.42654,12.15,225.307,0.425275,12.15,          29P   2549
225.308,0.42376,12.15,225.314,0.409726,12.15,225.321,0.395475,        29P   2550
12.15,225.328,0.381486,12.15,225.329,0.379991,12.15,225.33,           29P   2551
0.378387,12.15,225.331,0.376871,12.15,225.332,0.374833,12.15,         29P   2552
225.333,0.373148,12.15,225.333,0.371534,12.15,225.342,0.35453,        29P   2553
12.15,225.351,0.337424,12.15,225.36,0.320255,12.15,225.361,           29P   2554
0.318881,12.15,225.362,0.317387,12.15,225.362,0.315927,12.15,         29P   2555
225.363,0.314385,12.15,225.364,0.31311,12.15,225.365,0.31176,         29P   2556
12.15,225.365,0.310508,12.15,225.374,0.293584,12.15,225.383,          29P   2557
0.276598,12.15,225.393,0.259341,12.15,225.394,0.2574,12.15,           29P   2558
225.395,0.255636,12.15,225.396,0.254122,12.15,225.397,0.252808,       29P   2559
12.15,225.397,0.251414,12.15,225.398,0.250084,12.15,225.408,          29P   2560
0.23323,12.15,225.417,0.216454,12.15,225.427,0.199451,12.15,          29P   2561
225.428,0.197676,12.15,225.429,0.196004,12.15,225.43,0.194543,        29P   2562
12.15,225.431,0.193239,12.15,225.432,0.191773,12.15,225.432,          29P   2563
0.190397,12.15,225.442,0.173635,12.15,225.452,0.157034,12.15,         29P   2564
225.462,0.140287,12.15,225.463,0.13865,12.15,225.464,0.137089,        29P   2565
12.15,225.465,0.135685,12.15,225.466,0.134372,12.15,225.467,          29P   2566
0.132889,12.15,225.468,0.131435,12.15,225.478,0.114809,12.15,         29P   2567
225.488,0.0983551,12.15,225.499,0.0818608,12.15,225.499,              29P   2568
0.0803304,12.15,225.5,0.0788922,12.15,225.501,0.0775141,12.15,        29P   2569
225.502,0.0761823,12.15,225.503,0.0746381,12.15,225.504,              29P   2570
0.0731367,12.15,225.515,0.0566322,12.15,225.525,0.0403656,12.15,      29P   2571
225.536,0.0241852,12.15,225.537,0.0227826,12.15,225.538,              29P   2572
0.0214218,12.15,225.539,0.0200922,12.15,225.54,0.0187552,12.15,       29P   2573
225.541,0.0172161,12.15,225.542,0.015669,12.15,225.553,               29P   2574
-0.000603819,12.15,225.564,-0.0165053,12.15,225.575,-0.0321487,       29P   2575
12.15,225.576,-0.0334324,12.15,225.577,-0.034677,12.15,225.578,       29P   2576
-0.0359643,12.15,225.579,-0.0372771,12.15,225.58,-0.0388554,          29P   2577
12.15,225.581,-0.0404032,12.15,225.593,-0.0562061,12.15,225.605,      29P   2578
-0.0715244,12.15,225.617,-0.0865545,12.15,225.618,-0.0876924,         29P   2579
12.15,225.619,-0.0888373,12.15,225.62,-0.0900455,12.15,225.621,       29P   2580
-0.0913402,12.15,225.623,-0.0928949,12.15,225.624,-0.0944515,         29P   2581
12.15,225.636,-0.109708,12.15,225.649,-0.124402,12.15,225.662,        29P   2582
-0.138711,12.15,225.663,-0.139732,12.15,225.664,-0.140768,12.15,      29P   2583
225.665,-0.141902,12.15,225.666,-0.143156,12.15,225.667,              29P   2584
-0.14471,12.15,225.669,-0.146283,12.15,225.682,-0.160913,12.15,       29P   2585
225.696,-0.175176,12.15,225.71,-0.189099,12.15,225.711,               29P   2586
-0.190287,12.15,225.712,-0.191376,12.15,225.714,-0.192613,12.15,      29P   2587
225.715,-0.194129,12.15,225.717,-0.195677,12.15,225.731,              29P   2588
-0.209661,12.15,225.745,-0.223182,12.15,225.76,-0.236252,12.15,       29P   2589
225.761,-0.237275,12.15,225.762,-0.238283,12.15,225.764,              29P   2590
-0.239467,12.15,225.765,-0.240955,12.15,225.767,-0.242473,12.15,      29P   2591
225.782,-0.255726,12.15,225.797,-0.268288,12.15,225.812,              29P   2592
-0.280401,12.15,225.813,-0.28122,12.15,225.815,-0.282183,12.15,       29P   2593
225.816,-0.28333,12.15,225.818,-0.284762,12.15,225.82,-0.286243,      29P   2594
12.15,225.833,-0.296346,12.15,225.846,-0.306082,12.15,225.859,        29P   2595
-0.315366,12.15,225.86,-0.316379,12.15,225.862,-0.317458,12.15,       29P   2596
225.864,-0.318843,12.15,225.866,-0.32028,12.15,225.876,               29P   2597
-0.327642,12.15,225.887,-0.334567,12.15,225.897,-0.341145,12.15,      29P   2598
225.898,-0.341985,12.15,225.9,-0.343038,12.15,225.902,-0.34438,       29P   2599
12.15,225.904,-0.345752,12.15,225.912,-0.350674,12.15,225.919,        29P   2600
-0.35516,12.15,225.926,-0.35943,12.15,225.927,-0.360139,12.15,        29P   2601
225.929,-0.36115,12.15,225.931,-0.362442,12.15,225.936,               29P   2602
-0.365546,12.15,225.94,-0.368169,12.15,225.944,-0.370446,12.15,       29P   2603
225.945,-0.370623,12.15,225.945,-0.371087,12.15,225.946,              29P   2604
-0.371343,12.15,225.947,-0.371824,12.15,225.948,-0.372037,12.15,      29P   2605
225.949,-0.372428,12.15,225.95,-0.372569,12.15,225.952,               29P   2606
-0.372649,12.15,225.953,-0.372632,12.15,225.954,-0.372472,12.15,      29P   2607
225.955,-0.372225,12.15,225.956,-0.372009,12.15,225.957,              29P   2608
-0.371544,12.15,225.958,-0.370979,12.15,225.96,-0.369543,12.15,       29P   2609
225.962,-0.367798,12.15,225.963,-0.365895,12.15,225.964,              29P   2610
-0.364216,12.15,225.964,-0.361814,12.15,225.964,-0.359571,12.15,      29P   2611
225.964,-0.357431,12.15,225.963,-0.354975,12.15,225.962,              29P   2612
-0.352729,12.15,225.96,-0.350858,12.15,225.96,-0.350102,12.15,        29P   2613
225.959,-0.349534,12.15,225.959,-0.349369,12.15,225.958,              29P   2614
-0.348832,12.15,225.957,-0.34846,12.15,225.956,-0.347711,12.15,       29P   2615
225.955,-0.346994,12.15,225.954,-0.346276,12.15,225.953,              29P   2616
-0.345482,12.15,225.952,-0.345027,12.15,225.951,-0.34402,12.15,       29P   2617
225.95,-0.343469,12.15,225.948,-0.341964,12.15,225.946,               29P   2618
-0.341008,12.15,225.944,-0.339169,12.15,225.943,-0.338288,12.15,      29P   2619
225.941,-0.337169,12.15,225.94,-0.336567,12.15,225.939,               29P   2620
-0.335964,12.15,225.938,-0.334735,12.15,225.936,-0.333371,12.15,      29P   2621
225.933,-0.331376,12.15,225.93,-0.329408,12.15,225.927,               29P   2622
-0.327064,12.15,225.924,-0.324743,12.15,225.919,-0.321253,12.15,      29P   2623
225.915,-0.318461,12.15,225.912,-0.315971,12.15,225.91,-0.31478,      29P   2624
12.15,225.908,-0.313253,12.15,225.906,-0.311375,12.15,225.903,        29P   2625
-0.3094,12.15,225.9,-0.307049,12.15,225.897,-0.304732,12.15,          29P   2626
225.889,-0.298686,12.15,225.882,-0.293337,12.15,225.876,              29P   2627
-0.288255,12.15,225.875,-0.287102,12.15,225.873,-0.285566,12.15,      29P   2628
225.87,-0.28367,12.15,225.868,-0.281688,12.15,225.865,-0.279344,      29P   2629
12.15,225.862,-0.277045,12.15,225.852,-0.268405,12.15,225.842,        29P   2630
-0.260272,12.15,225.833,-0.252291,12.15,225.832,-0.250928,12.15,      29P   2631
225.83,-0.249314,12.15,225.828,-0.247408,12.15,225.825,               29P   2632
-0.245466,12.15,225.823,-0.243144,12.15,225.82,-0.240867,12.15,       29P   2633
225.807,-0.229122,12.15,225.795,-0.217781,12.15,225.783,              29P   2634
-0.206536,12.15,225.782,-0.205178,12.15,225.78,-0.203604,12.15,       29P   2635
225.778,-0.201747,12.15,225.776,-0.199833,12.15,225.774,              29P   2636
-0.197577,12.15,225.772,-0.19535,12.15,225.759,-0.18281,12.15,        29P   2637
225.747,-0.170664,12.15,225.735,-0.158606,12.15,225.734,              29P   2638
-0.157283,12.15,225.732,-0.155717,12.15,225.731,-0.153899,12.15,      29P   2639
225.729,-0.15206,12.15,225.727,-0.149913,12.15,225.725,-0.14778,      29P   2640
12.15,225.712,-0.134248,12.15,225.7,-0.121241,12.15,225.689,          29P   2641
-0.108377,12.15,225.688,-0.107308,12.15,225.687,-0.105853,12.15,      29P   2642
225.685,-0.104097,12.15,225.684,-0.102333,12.15,225.682,              29P   2643
-0.100287,12.15,225.669,-0.085312,12.15,225.657,-0.0707864,           29P   2644
12.15,225.645,-0.0565578,12.15,225.645,-0.0555071,12.15,225.643,      29P   2645
-0.054097,12.15,225.642,-0.0524608,12.15,225.641,-0.0508094,          29P   2646
12.15,225.639,-0.048903,12.15,225.638,-0.0470019,12.15,225.626,       29P   2647
-0.0320708,12.15,225.615,-0.0175431,12.15,225.604,-0.00309843,        29P   2648
12.15,225.603,-0.00207563,12.15,225.602,-0.000760199,12.15,           29P   2649
225.601,0.000792243,12.15,225.6,0.00232691,12.15,225.598,             29P   2650
0.00409236,12.15,225.597,0.00581251,12.15,225.586,0.0214147,          29P   2651
12.15,225.574,0.0369511,12.15,225.563,0.0530776,12.15,225.562,        29P   2652
0.0549111,12.15,225.56,0.056893,12.15,225.559,0.0584828,12.15,        29P   2653
225.558,0.0600427,12.15,225.547,0.0762157,12.15,225.536,              29P   2654
0.0923041,12.15,225.525,0.108544,12.15,225.524,0.109815,12.15,        29P   2655
225.523,0.111063,12.15,225.522,0.112285,12.15,225.522,0.113664,       29P   2656
12.15,225.521,0.115058,12.15,225.509,0.13167,12.15,225.498,           29P   2657
0.148217,12.15,225.487,0.16489,12.15,225.487,0.165996,12.15,          29P   2658
225.486,0.167086,12.15,225.485,0.168163,12.15,225.484,0.169384,       29P   2659
12.15,225.484,0.170566,12.15,225.472,0.18761,12.15,225.461,           29P   2660
0.204621,12.15,225.45,0.221996,12.15,225.449,0.223252,12.15,          29P   2661
225.449,0.224559,12.15,225.448,0.225559,12.15,225.447,0.226558,       29P   2662
12.15,225.436,0.244004,12.15,225.425,0.26144,12.15,225.414,           29P   2663
0.279032,12.15,225.413,0.280105,12.15,225.413,0.281175,12.15,         29P   2664
225.412,0.282404,12.15,225.401,0.300596,12.15,225.39,0.318839,        29P   2665
12.15,225.379,0.337012,12.15,225.378,0.338078,12.15,225.377,          29P   2666
0.339272,12.15,225.366,0.35802,12.15,225.354,0.377027,12.15,          29P   2667
225.343,0.396168,12.15,225.334,0.41248,12.15,225.324,0.428817,        29P   2668
12.15,225.308,0.45733,12.15,225.3,0.47088,12.15,225.287,              29P   2669
0.493403,12.15,225.278,0.509948,12.15,225.269,0.526158,12.15,         29P   2670
225.265,0.5328,12.15,0.,2.32263,0.,1.50099;                           29P   2671
S      5G      3D     30P   2671                                        T      1
