This is a NASA-IGES-NURBS-Only file converted by:                       S      1
NIGES Translator Version 3.2 developed at NASA Ames Research Center.    S      2
Conversion done on: Mon May 20 14:04:24 1996.                           S      3
>>>>>>>>>>>>>>>>>>>> Original Start Section follows <<<<<<<<<<<<<<<<<<<<S      4
                                                                        S      5
1H,,1H;,,20Hcmpr rotor2     srf ,22HIBM PROFESSIONAL CADAM,47HIBM IGES PG      1
rocessor for AIX and UNIX V2R2 (1994),32,75,6,75,15,,1.,1,4HINCH,1000,  G      2
0.125984,13H960520.101059,1.00000E-06,214.153,,,8,0,;                   G      3
     406       1       1       1       0       0       0       000020101D      1
     406       0       0       1      15                               0D      2
     406       2       1       1       0       0       0       000020101D      3
     406       0       0       1      15                               0D      4
     126       3       0       1       0       0       0       000000000D      5
     126     109       0      32       0                               0D      6
     126      35       0       1       0       0       0       000000000D      7
     126     109       0      32       0                               0D      8
     126      67       0       1       0       0       0       000000000D      9
     126     109       0      32       0                               0D     10
     126      99       0       1       0       0       0       000000000D     11
     126     109       0      34       0                               0D     12
     126     133       0       1       0       0       0       000000000D     13
     126     109       0      33       0                               0D     14
     126     166       0       1       0       0       0       000000000D     15
     126     109       0      34       0                               0D     16
     126     200       0       1       0       0       0       000000000D     17
     126     109       0      33       0                               0D     18
     126     233       0       1       0       0       0       000000000D     19
     126     109       0      34       0                               0D     20
     126     267       0       1       0       0       0       000000000D     21
     126     109       0      33       0                               0D     22
     126     300       0       1       0       0       0       000000000D     23
     126     109       0      33       0                               0D     24
     126     333       0       1       0       0       0       000000000D     25
     126     109       0      33       0                               0D     26
     126     366       0       1       0       0       0       000000000D     27
     126     109       0      32       0                               0D     28
     128     398       0       1       0       0       0       000000000D     29
     128     109       2    2970       0                               0D     30
406,1,23Hcmpr rotor2     srf ,3d;                                      1P      1
406,1,2H3d;                                                            3P      2
126,53,3,0,1,1,0,0.,0.,0.,0.,0.0143883,0.0288125,0.0432212,            5P      3
0.0576139,0.0576139,0.112259,0.19416,0.303379,0.439834,0.603563,       5P      4
0.767186,0.930778,1.09429,1.25756,1.42086,1.58407,1.74727,             5P      5
1.91057,2.07432,2.23901,2.40516,2.54511,2.65818,2.74351,2.80063,       5P      6
2.80063,2.82573,2.85083,2.87591,2.90104,2.90104,2.95072,3.02531,       5P      7
3.12488,3.24934,3.39878,3.54821,3.69782,3.84776,3.99805,4.14881,       5P      8
4.30003,4.45156,4.60357,4.7559,4.90853,5.06141,5.18912,5.29133,        5P      9
5.36817,5.41929,5.41929,5.41929,5.41929,1.,1.,1.,1.,1.,1.,1.,1.,       5P     10
1.,1.,1.,1.,1.,1.,1.,1.,1.,1.,1.,1.,1.,1.,1.,1.,1.,1.,1.,1.,1.,        5P     11
1.,1.,1.,1.,1.,1.,1.,1.,1.,1.,1.,1.,1.,1.,1.,1.,1.,1.,1.,1.,1.,        5P     12
1.,1.,1.,1.,211.927,0.8566,9.012,211.924,0.860065,9.012,211.914,       5P     13
0.86379,9.012,211.899,0.858666,9.012,211.891,0.844956,9.012,           5P     14
211.894,0.834836,9.012,211.905,0.814516,9.012,211.926,0.774536,        5P     15
9.012,211.967,0.70352,9.012,212.025,0.610602,9.012,212.101,            5P     16
0.497615,9.012,212.195,0.374532,9.012,212.301,0.250219,9.012,          5P     17
212.416,0.133093,9.012,212.537,0.0234011,9.012,212.666,                5P     18
-0.0775148,9.012,212.801,-0.169328,9.012,212.943,-0.249465,            5P     19
9.012,213.093,-0.315393,9.012,213.249,-0.365302,9.012,213.41,          5P     20
-0.396924,9.012,213.575,-0.408352,9.012,213.732,-0.397303,9.012,       5P     21
213.869,-0.368926,9.012,213.976,-0.333319,9.012,214.055,               5P     22
-0.299294,9.012,214.097,-0.277431,9.012,214.121,-0.264145,9.012,       5P     23
214.136,-0.254351,9.012,214.14,-0.2264,9.012,214.126,-0.204174,        5P     24
9.012,214.108,-0.196457,9.012,214.084,-0.201943,9.012,214.043,         5P     25
-0.210204,9.012,213.969,-0.22116,9.012,213.87,-0.228882,9.012,         5P     26
213.745,-0.228087,9.012,213.604,-0.213412,9.012,213.458,               5P     27
-0.183389,9.012,213.314,-0.140697,9.012,213.174,-0.0863105,            5P     28
9.012,213.038,-0.0218325,9.012,212.906,0.0518659,9.012,212.778,        5P     29
0.132449,9.012,212.653,0.218107,9.012,212.531,0.308695,9.012,          5P     30
212.412,0.40352,9.012,212.295,0.50239,9.012,212.188,0.599164,          5P     31
9.012,212.095,0.687022,9.012,212.023,0.758843,9.012,211.969,           5P     32
0.813584,9.012,211.939,0.844287,9.012,211.927,0.8566,9.012,0.,         5P     33
5.41929,0.,0.,0.;                                                      5P     34
126,53,3,0,1,1,0,0.,0.,0.,0.,0.0148375,0.0296676,0.044483,             7P     35
0.0593054,0.0593054,0.114911,0.198123,0.309184,0.447891,               7P     36
0.614169,0.780406,0.946512,1.11246,1.27846,1.44456,1.61088,            7P     37
1.7774,1.94467,2.1128,2.28225,2.45307,2.59598,2.70949,2.79331,         7P     38
2.84805,2.84805,2.87314,2.89825,2.92332,2.94844,2.94844,2.99387,       7P     39
3.06362,3.15886,3.28027,3.428,3.57673,3.72616,3.87589,4.02602,         7P     40
4.17644,4.32712,4.4781,4.62935,4.78096,4.93308,5.08555,5.21288,        7P     41
5.31491,5.39159,5.44269,5.44269,5.44269,5.44269,1.,1.,1.,1.,1.,        7P     42
1.,1.,1.,1.,1.,1.,1.,1.,1.,1.,1.,1.,1.,1.,1.,1.,1.,1.,1.,1.,1.,        7P     43
1.,1.,1.,1.,1.,1.,1.,1.,1.,1.,1.,1.,1.,1.,1.,1.,1.,1.,1.,1.,1.,        7P     44
1.,1.,1.,1.,1.,1.,1.,211.88,0.7815,8.688,211.877,0.785029,8.688,       7P     45
211.866,0.788343,8.688,211.851,0.78279,8.688,211.843,0.768431,         7P     46
8.688,211.846,0.758143,8.688,211.857,0.737508,8.688,211.88,            7P     47
0.697073,8.688,211.922,0.625255,8.688,211.982,0.531802,8.688,          7P     48
212.062,0.418731,8.688,212.161,0.296463,8.688,212.274,0.174567,        7P     49
8.688,212.396,0.0615313,8.688,212.526,-0.0418334,8.688,212.664,        7P     50
-0.134248,8.688,212.81,-0.214547,8.688,212.964,-0.279228,8.688,        7P     51
213.124,-0.325395,8.688,213.29,-0.350421,8.688,213.459,                7P     52
-0.352124,8.688,213.627,-0.328219,8.688,213.782,-0.27983,8.688,        7P     53
213.91,-0.21621,8.688,214.004,-0.152589,8.688,214.068,                 7P     54
-0.0983664,8.688,214.101,-0.065797,8.688,214.119,-0.0464049,           7P     55
8.688,214.131,-0.032704,8.688,214.127,-0.00478878,8.688,214.107,       7P     56
0.0125498,8.688,214.088,0.0148992,8.688,214.067,0.00338635,            7P     57
8.688,214.033,-0.0145359,8.688,213.969,-0.04316,8.688,213.879,         7P     58
-0.074424,8.688,213.76,-0.102302,8.688,213.621,-0.118341,8.688,        7P     59
213.472,-0.117874,8.688,213.323,-0.101256,8.688,213.177,               7P     60
-0.069733,8.688,213.033,-0.0245264,8.688,212.894,0.0331466,            7P     61
8.688,212.759,0.100476,8.688,212.628,0.174956,8.688,212.5,             7P     62
0.25674,8.688,212.376,0.344302,8.688,212.256,0.437507,8.688,           7P     63
212.146,0.530095,8.688,212.051,0.615237,8.688,211.977,0.685301,        7P     64
8.688,211.922,0.739087,8.688,211.892,0.76934,8.688,211.88,             7P     65
0.7815,8.688,0.,5.44269,0.,0.,0.;                                      7P     66
126,53,3,0,1,1,0,0.,0.,0.,0.,0.0135515,0.0271201,0.0406746,            9P     67
0.0542391,0.0542391,0.108029,0.188871,0.296465,0.430975,               9P     68
0.592334,0.753666,0.91498,1.07624,1.23744,1.39862,1.55976,             9P     69
1.72073,1.88174,2.04272,2.20374,2.36519,2.50018,2.60873,2.69068,       9P     70
2.7455,2.7455,2.76842,2.79136,2.81428,2.83724,2.83724,2.88802,         9P     71
2.96409,3.06541,3.19214,3.34439,3.49682,3.64963,3.80276,3.95612,       9P     72
4.10977,4.26372,4.41778,4.57213,4.72656,4.88116,5.03591,5.16499,       9P     73
5.26836,5.34601,5.39772,5.39772,5.39772,5.39772,1.,1.,1.,1.,1.,        9P     74
1.,1.,1.,1.,1.,1.,1.,1.,1.,1.,1.,1.,1.,1.,1.,1.,1.,1.,1.,1.,1.,        9P     75
1.,1.,1.,1.,1.,1.,1.,1.,1.,1.,1.,1.,1.,1.,1.,1.,1.,1.,1.,1.,1.,        9P     76
1.,1.,1.,1.,1.,1.,1.,211.993,0.9423,9.547,211.99,0.945619,9.547,       9P     77
211.981,0.94958,9.547,211.967,0.945221,9.547,211.959,0.932561,         9P     78
9.547,211.961,0.922894,9.547,211.971,0.903063,9.547,211.993,           9P     79
0.8636,9.547,212.033,0.79339,9.547,212.088,0.701238,9.547,             9P     80
212.162,0.588487,9.547,212.25,0.464532,9.547,212.35,0.33796,           9P     81
9.547,212.457,0.216483,9.547,212.569,0.100623,9.547,212.687,           9P     82
-0.00926429,9.547,212.811,-0.112709,9.547,212.94,-0.208805,            9P     83
9.547,213.075,-0.296847,9.547,213.215,-0.375616,9.547,213.361,         9P     84
-0.44407,9.547,213.512,-0.500786,9.547,213.659,-0.541734,9.547,        9P     85
213.792,-0.565997,9.547,213.9,-0.57688,9.547,213.982,-0.579651,        9P     86
9.547,214.028,-0.578808,9.547,214.054,-0.577804,9.547,214.07,          9P     87
-0.57405,9.547,214.083,-0.552197,9.547,214.079,-0.528105,9.547,        9P     88
214.066,-0.516338,9.547,214.042,-0.510758,9.547,214.001,               9P     89
-0.500607,9.547,213.928,-0.479745,9.547,213.832,-0.447713,9.547,       9P     90
213.713,-0.401839,9.547,213.582,-0.342169,9.547,213.447,               9P     91
-0.271715,9.547,213.315,-0.19466,9.547,213.186,-0.111943,9.547,        9P     92
213.06,-0.0243617,9.547,212.937,0.0676974,9.547,212.816,               9P     93
0.163267,9.547,212.697,0.261724,9.547,212.581,0.362915,9.547,          9P     94
212.466,0.46665,9.547,212.354,0.572793,9.547,212.249,0.675077,         9P     95
9.547,212.159,0.766948,9.547,212.087,0.841613,9.547,212.034,           9P     96
0.89802,9.547,212.005,0.92963,9.547,211.993,0.9423,9.547,0.,           9P     97
5.39772,0.,0.,0.;                                                      9P     98
126,54,3,0,1,1,0,0.,0.,0.,0.,0.0125876,0.0252006,0.0378011,           11P     99
0.0503665,0.0503665,0.0503665,0.104102,0.184914,0.292463,             11P    100
0.426967,0.588258,0.749559,0.910797,1.07198,1.23316,1.39429,          11P    101
1.55537,1.71646,1.87747,2.03852,2.19958,2.36052,2.49483,2.60229,      11P    102
2.68285,2.73669,2.73669,2.7567,2.77672,2.79672,2.81662,2.81662,       11P    103
2.86865,2.94687,3.05115,3.18152,3.33802,3.49459,3.65123,3.80787,      11P    104
3.96457,4.12138,4.27827,4.43515,4.59212,4.74908,4.90619,5.0632,       11P    105
5.19424,5.299,5.3776,5.43009,5.43009,5.43009,5.43009,1.,1.,1.,        11P    106
1.,1.,1.,1.,1.,1.,1.,1.,1.,1.,1.,1.,1.,1.,1.,1.,1.,1.,1.,1.,1.,       11P    107
1.,1.,1.,1.,1.,1.,1.,1.,1.,1.,1.,1.,1.,1.,1.,1.,1.,1.,1.,1.,1.,       11P    108
1.,1.,1.,1.,1.,1.,1.,1.,1.,1.,212.041,1.0008,10.051,212.038,          11P    109
1.00395,10.051,212.03,1.00797,10.051,212.017,1.00422,10.051,          11P    110
212.009,0.992668,10.051,212.011,0.9836,10.051,212.013,0.9799,         11P    111
10.051,212.021,0.964077,10.051,212.042,0.924601,10.051,212.082,       11P    112
0.854189,10.051,212.137,0.761541,10.051,212.208,0.647692,10.051,      11P    113
212.294,0.522011,10.051,212.391,0.392497,10.051,212.492,              11P    114
0.267328,10.051,212.599,0.146305,10.051,212.711,0.0300857,            11P    115
10.051,212.827,-0.0811429,10.051,212.949,-0.187234,10.051,            11P    116
213.074,-0.288314,10.051,213.204,-0.383799,10.051,213.338,            11P    117
-0.473339,10.051,213.476,-0.55663,10.051,213.61,-0.628794,            11P    118
10.051,213.731,-0.686956,10.051,213.829,-0.729472,10.051,             11P    119
213.904,-0.758928,10.051,213.946,-0.774234,10.051,213.97,             11P    120
-0.782417,10.051,213.984,-0.782503,10.051,214.001,-0.767701,          11P    121
10.051,214.003,-0.746116,10.051,213.994,-0.734097,10.051,             11P    122
213.974,-0.721095,10.051,213.938,-0.697397,10.051,213.873,            11P    123
-0.654,10.051,213.787,-0.594989,10.051,213.68,-0.519448,10.051,       11P    124
213.562,-0.431593,10.051,213.437,-0.336091,10.051,213.315,            11P    125
-0.238132,10.051,213.195,-0.138142,10.051,213.076,-0.0359915,         11P    126
10.051,212.958,0.0681074,10.051,212.843,0.174115,10.051,212.729,      11P    127
0.281852,10.051,212.616,0.391221,10.051,212.505,0.502296,10.051,      11P    128
212.395,0.614825,10.051,212.293,0.722587,10.051,212.204,              11P    129
0.818707,10.051,212.134,0.896345,10.051,212.082,0.95496,10.051,       11P    130
212.053,0.987677,10.051,212.041,1.0008,10.051,0.,5.43009,0.,0.,       11P    131
0.;                                                                   11P    132
126,56,3,0,1,1,0,0.,0.,0.,0.,0.0116461,0.0233025,0.0349511,           13P    133
0.0465962,0.0465962,0.0465962,0.100502,0.181508,0.289332,             13P    134
0.424217,0.586117,0.74794,0.90976,1.07167,1.2335,1.39532,             13P    135
1.55717,1.71897,1.8809,2.0427,2.20459,2.36644,2.50143,2.60939,        13P    136
2.69047,2.74442,2.74442,2.74442,2.76236,2.78031,2.79826,2.81618,      13P    137
2.81618,2.81618,2.86925,2.94881,3.05497,3.18757,3.34673,3.50577,      13P    138
3.66483,3.82387,3.9829,4.14193,4.30092,4.45987,4.61887,4.77779,       13P    139
4.93679,5.09575,5.22813,5.33412,5.41362,5.46659,5.46659,5.46659,      13P    140
5.46659,1.,1.,1.,1.,1.,1.,1.,1.,1.,1.,1.,1.,1.,1.,1.,1.,1.,1.,        13P    141
1.,1.,1.,1.,1.,1.,1.,1.,1.,1.,1.,1.,1.,1.,1.,1.,1.,1.,1.,1.,1.,       13P    142
1.,1.,1.,1.,1.,1.,1.,1.,1.,1.,1.,1.,1.,1.,1.,1.,1.,1.,212.082,        13P    143
1.0491,10.52,212.079,1.05209,10.52,212.071,1.05611,10.52,             13P    144
212.059,1.05302,10.52,212.052,1.04249,10.52,212.053,1.03404,          13P    145
10.52,212.055,1.0306,10.52,212.063,1.01469,10.52,212.084,             13P    146
0.974977,10.52,212.123,0.904056,10.52,212.177,0.810485,10.52,         13P    147
212.247,0.69516,10.52,212.331,0.56699,10.52,212.423,0.43448,          13P    148
10.52,212.521,0.305092,10.52,212.623,0.179211,10.52,212.729,          13P    149
0.0569784,10.52,212.839,-0.0614868,10.52,212.954,-0.17588,10.52,      13P    150
213.071,-0.286735,10.52,213.193,-0.393342,10.52,213.319,              13P    151
-0.495961,10.52,213.447,-0.594097,10.52,213.572,-0.682824,10.52,      13P    152
213.684,-0.757357,10.52,213.776,-0.814715,10.52,213.845,              13P    153
-0.85626,10.52,213.884,-0.87879,10.52,213.9,-0.8877,10.52,            13P    154
213.905,-0.890664,10.52,213.918,-0.892827,10.52,213.935,              13P    155
-0.881966,10.52,213.94,-0.86303,10.52,213.933,-0.851332,10.52,        13P    156
213.929,-0.8474,10.52,213.916,-0.835754,10.52,213.882,-0.806598,      13P    157
10.52,213.823,-0.753889,10.52,213.744,-0.683064,10.52,213.645,        13P    158
-0.594121,10.52,213.535,-0.492191,10.52,213.419,-0.383302,10.52,      13P    159
213.304,-0.273189,10.52,213.19,-0.16198,10.52,213.078,                13P    160
-0.0497121,10.52,212.966,0.0638255,10.52,212.856,0.17832,10.52,       13P    161
212.747,0.293836,10.52,212.639,0.410398,10.52,212.532,0.528075,       13P    162
10.52,212.426,0.6466,10.52,212.327,0.759596,10.52,212.241,            13P    163
0.859919,10.52,212.172,0.940689,10.52,212.121,1.00159,10.52,          13P    164
212.093,1.03552,10.52,212.082,1.0491,10.52,0.,5.46659,0.,0.,0.;       13P    165
126,55,3,0,1,1,0,0.,0.,0.,0.,0.0106195,0.0212382,0.0318533,           15P    166
0.0424827,0.0424827,0.0424827,0.0966029,0.177891,0.286219,            15P    167
0.421558,0.584016,0.746408,0.90878,1.07124,1.23367,1.39603,           15P    168
1.55841,1.72085,1.88321,2.04559,2.20806,2.37045,2.50583,2.61409,      15P    169
2.69529,2.74947,2.74947,2.74947,2.76613,2.78278,2.79943,2.81602,      15P    170
2.81602,2.86956,2.94978,3.05688,3.19067,3.35122,3.51166,3.67223,      15P    171
3.83269,3.99321,4.1536,4.31405,4.47444,4.63483,4.79519,4.95557,       15P    172
5.11586,5.24956,5.35644,5.43658,5.49003,5.49003,5.49003,5.49003,      15P    173
1.,1.,1.,1.,1.,1.,1.,1.,1.,1.,1.,1.,1.,1.,1.,1.,1.,1.,1.,1.,1.,       15P    174
1.,1.,1.,1.,1.,1.,1.,1.,1.,1.,1.,1.,1.,1.,1.,1.,1.,1.,1.,1.,1.,       15P    175
1.,1.,1.,1.,1.,1.,1.,1.,1.,1.,1.,1.,1.,1.,212.118,1.0945,10.965,      15P    176
212.116,1.0973,10.965,212.109,1.10121,10.965,212.098,1.09875,         15P    177
10.965,212.091,1.08932,10.965,212.092,1.08155,10.965,212.094,         15P    178
1.0784,10.965,212.102,1.06236,10.965,212.123,1.02234,10.965,          15P    179
212.161,0.950654,10.965,212.213,0.855961,10.965,212.282,              15P    180
0.739027,10.965,212.362,0.608509,10.965,212.452,0.472781,10.965,      15P    181
212.545,0.3396,10.965,212.642,0.209263,10.965,212.742,0.0816054,      15P    182
10.965,212.846,-0.0429677,10.965,212.954,-0.164762,10.965,            15P    183
213.065,-0.283272,10.965,213.179,-0.398827,10.965,213.296,            15P    184
-0.51127,10.965,213.416,-0.620413,10.965,213.533,-0.720491,           15P    185
10.965,213.637,-0.806201,10.965,213.723,-0.87294,10.965,213.787,      15P    186
-0.922209,10.965,213.823,-0.949104,10.965,213.838,-0.9598,            15P    187
10.965,213.842,-0.963088,10.965,213.854,-0.966373,10.965,             15P    188
213.871,-0.957933,10.965,213.877,-0.940876,10.965,213.872,            15P    189
-0.929505,10.965,213.856,-0.912573,10.965,213.825,-0.880264,          15P    190
10.965,213.77,-0.822016,10.965,213.697,-0.74419,10.965,213.605,       15P    191
-0.646402,10.965,213.502,-0.535461,10.965,213.393,-0.417171,          15P    192
10.965,213.286,-0.298308,10.965,213.178,-0.178922,10.965,             15P    193
213.072,-0.0587525,10.965,212.966,0.0621136,10.965,212.862,           15P    194
0.183569,10.965,212.758,0.305715,10.965,212.654,0.428355,10.965,      15P    195
212.552,0.551804,10.965,212.45,0.675849,10.965,212.355,0.793727,      15P    196
10.965,212.272,0.898078,10.965,212.206,0.982181,10.965,212.156,       15P    197
1.04525,10.965,212.129,1.08042,10.965,212.118,1.0945,10.965,0.,       15P    198
5.49003,0.,0.,0.;                                                     15P    199
126,55,3,0,1,1,0,0.,0.,0.,0.,0.0087659,0.0175156,0.0262578,           17P    200
0.0350075,0.0350075,0.0350075,0.0895237,0.171274,0.280268,            17P    201
0.416445,0.579922,0.743205,0.906576,1.06979,1.23301,1.39608,          17P    202
1.55914,1.7221,1.88493,2.04769,2.21036,2.37287,2.50819,2.61642,       17P    203
2.69754,2.75164,2.75164,2.75164,2.7672,2.78276,2.79831,2.81385,       17P    204
2.81385,2.86763,2.94827,3.05593,3.19047,3.35203,3.5138,3.67554,       17P    205
3.83743,3.99932,4.16125,4.32326,4.48539,4.64748,4.80963,4.97179,      17P    206
5.13402,5.26921,5.37732,5.45847,5.51253,5.51253,5.51253,5.51253,      17P    207
1.,1.,1.,1.,1.,1.,1.,1.,1.,1.,1.,1.,1.,1.,1.,1.,1.,1.,1.,1.,1.,       17P    208
1.,1.,1.,1.,1.,1.,1.,1.,1.,1.,1.,1.,1.,1.,1.,1.,1.,1.,1.,1.,1.,       17P    209
1.,1.,1.,1.,1.,1.,1.,1.,1.,1.,1.,1.,1.,1.,212.179,1.1854,11.796,      17P    210
212.177,1.18784,11.796,212.172,1.19153,11.796,212.163,1.19011,        17P    211
11.796,212.157,1.18257,11.796,212.157,1.17612,11.796,212.159,         17P    212
1.1735,11.796,212.167,1.15718,11.796,212.187,1.11644,11.796,          17P    213
212.223,1.04331,11.796,212.273,0.946451,11.796,212.337,0.826182,      17P    214
11.796,212.412,0.691304,11.796,212.494,0.550015,11.796,212.579,       17P    215
0.410361,11.796,212.666,0.272433,11.796,212.756,0.136172,11.796,      17P    216
212.848,0.0015777,11.796,212.943,-0.130999,11.796,213.041,            17P    217
-0.261556,11.796,213.141,-0.3897,11.796,213.244,-0.515845,            17P    218
11.796,213.349,-0.639698,11.796,213.451,-0.754679,11.796,             17P    219
213.543,-0.854386,11.796,213.617,-0.933081,11.796,213.673,            17P    220
-0.991487,11.796,213.705,-1.02373,11.796,213.717,-1.0366,11.796,      17P    221
213.721,-1.0403,11.796,213.732,-1.04498,11.796,213.748,-1.03926,      17P    222
11.796,213.756,-1.02412,11.796,213.752,-1.01304,11.796,213.739,       17P    223
-0.994569,11.796,213.712,-0.958742,11.796,213.663,-0.894209,          17P    224
11.796,213.599,-0.808035,11.796,213.518,-0.700178,11.796,             17P    225
213.427,-0.577901,11.796,213.331,-0.448031,11.796,213.234,            17P    226
-0.317915,11.796,213.139,-0.187441,11.796,213.043,-0.0566645,         17P    227
11.796,212.948,0.0745808,11.796,212.854,0.206152,11.796,212.76,       17P    228
0.338243,11.796,212.666,0.470639,11.796,212.573,0.603515,11.796,      17P    229
212.481,0.736959,11.796,212.395,0.86335,11.796,212.319,0.975384,      17P    230
11.796,212.259,1.06518,11.796,212.214,1.13276,11.796,212.189,         17P    231
1.17036,11.796,212.179,1.1854,11.796,0.,5.51253,0.,0.,0.;             17P    232
126,55,3,0,1,1,0,0.,0.,0.,0.,0.00592799,0.0139138,0.0216321,          19P    233
0.0307963,0.0307963,0.0307963,0.0855011,0.167529,0.276829,            19P    234
0.413411,0.577214,0.740949,0.904653,1.06819,1.23166,1.39502,          19P    235
1.55834,1.72139,1.88444,2.0473,2.21,2.37243,2.50771,2.61582,          19P    236
2.69682,2.75088,2.75088,2.75088,2.76621,2.78156,2.79688,2.81226,      19P    237
2.81226,2.86607,2.94686,3.05464,3.18938,3.35127,3.51336,3.6755,       19P    238
3.83778,4.00014,4.16261,4.32517,4.48779,4.65053,4.81333,4.9761,       19P    239
5.13902,5.27474,5.38343,5.46484,5.51922,5.51922,5.51922,5.51922,      19P    240
1.,1.,1.,1.,1.,1.,1.,1.,1.,1.,1.,1.,1.,1.,1.,1.,1.,1.,1.,1.,1.,       19P    241
1.,1.,1.,1.,1.,1.,1.,1.,1.,1.,1.,1.,1.,1.,1.,1.,1.,1.,1.,1.,1.,       19P    242
1.,1.,1.,1.,1.,1.,1.,1.,1.,1.,1.,1.,1.,1.,212.209,1.2331,12.204,      19P    243
212.208,1.23479,12.204,212.204,1.23804,12.204,212.196,1.23843,        19P    244
12.204,212.189,1.23244,12.204,212.189,1.22586,12.204,212.19,          19P    245
1.2231,12.204,212.198,1.20662,12.204,212.218,1.16546,12.204,          19P    246
212.253,1.09155,12.204,212.302,0.993581,12.204,212.364,0.871761,      19P    247
12.204,212.436,0.734835,12.204,212.514,0.591017,12.204,212.594,       19P    248
0.448429,12.204,212.677,0.307234,12.204,212.761,0.167241,12.204,      19P    249
212.847,0.0284601,12.204,212.936,-0.108705,12.204,213.027,            19P    250
-0.244111,12.204,213.121,-0.377504,12.204,213.216,-0.509275,          19P    251
12.204,213.315,-0.638983,12.204,213.409,-0.759921,12.204,             19P    252
213.494,-0.865359,12.204,213.563,-0.948705,12.204,213.615,            19P    253
-1.0109,12.204,213.644,-1.0452,12.204,213.655,-1.0589,12.204,         19P    254
213.659,-1.06279,12.204,213.669,-1.06797,12.204,213.685,              19P    255
-1.06324,12.204,213.694,-1.04871,12.204,213.691,-1.03765,12.204,      19P    256
213.678,-1.01853,12.204,213.653,-0.981336,12.204,213.608,             19P    257
-0.914445,12.204,213.547,-0.825287,12.204,213.472,-0.713588,          19P    258
12.204,213.386,-0.586981,12.204,213.295,-0.452607,12.204,             19P    259
213.205,-0.317994,12.204,213.115,-0.183111,12.204,213.025,            19P    260
-0.0479307,12.204,212.935,0.0876998,12.204,212.846,0.223547,          19P    261
12.204,212.758,0.359889,12.204,212.669,0.496564,12.204,212.581,       19P    262
0.633608,12.204,212.494,0.771191,12.204,212.413,0.901448,12.204,      19P    263
212.341,1.01678,12.204,212.284,1.10932,12.204,212.242,1.17889,        19P    264
12.204,212.218,1.21759,12.204,212.209,1.2331,12.204,0.,5.51922,       19P    265
0.,0.,0.;                                                             19P    266
126,54,3,0,1,1,0,0.,0.,0.,0.,0.0064858,0.0170014,0.0261464,           21P    267
0.0261464,0.0261464,0.0809176,0.163151,0.272789,0.409694,             21P    268
0.573956,0.738178,0.902293,1.06632,1.23014,1.39399,1.55756,           21P    269
1.72101,1.8843,2.04745,2.21031,2.37294,2.5083,2.61653,2.69759,        21P    270
2.75159,2.75159,2.75159,2.76695,2.78233,2.79769,2.81307,2.81307,      21P    271
2.86703,2.94786,3.0558,3.19088,3.35306,3.51553,3.67816,3.84096,       21P    272
4.00387,4.16691,4.33003,4.49328,4.65655,4.82001,4.98352,5.14703,      21P    273
5.28337,5.39241,5.47435,5.52888,5.52888,5.52888,5.52888,1.,1.,        21P    274
1.,1.,1.,1.,1.,1.,1.,1.,1.,1.,1.,1.,1.,1.,1.,1.,1.,1.,1.,1.,1.,       21P    275
1.,1.,1.,1.,1.,1.,1.,1.,1.,1.,1.,1.,1.,1.,1.,1.,1.,1.,1.,1.,1.,       21P    276
1.,1.,1.,1.,1.,1.,1.,1.,1.,1.,1.,212.238,1.2813,12.609,212.237,       21P    277
1.28319,12.609,212.232,1.28721,12.609,212.221,1.28389,12.609,         21P    278
212.221,1.27577,12.609,212.222,1.273,12.609,212.229,1.25638,          21P    279
12.609,212.248,1.21486,12.609,212.283,1.14027,12.609,212.33,          21P    280
1.04125,12.609,212.389,0.917858,12.609,212.459,0.779008,12.609,       21P    281
212.533,0.632663,12.609,212.609,0.487398,12.609,212.687,              21P    282
0.343021,12.609,212.766,0.19956,12.609,212.847,0.0570132,12.609,      21P    283
212.929,-0.084422,12.609,213.014,-0.224166,12.609,213.101,            21P    284
-0.362498,12.609,213.19,-0.499249,12.609,213.281,-0.634445,           21P    285
12.609,213.368,-0.76078,12.609,213.447,-0.870962,12.609,213.51,       21P    286
-0.958501,12.609,213.559,-1.0236,12.609,213.586,-1.05962,12.609,      21P    287
213.597,-1.074,12.609,213.6,-1.07809,12.609,213.61,-1.08381,          21P    288
12.609,213.626,-1.07979,12.609,213.635,-1.06562,12.609,213.633,       21P    289
-1.05444,12.609,213.621,-1.03487,12.609,213.597,-0.996822,            21P    290
12.609,213.554,-0.928255,12.609,213.497,-0.83664,12.609,213.426,      21P    291
-0.721845,12.609,213.345,-0.591443,12.609,213.26,-0.453082,           21P    292
12.609,213.175,-0.314395,12.609,213.09,-0.175297,12.609,213.006,      21P    293
-0.0359247,12.609,212.922,0.103916,12.609,212.838,0.243876,           21P    294
12.609,212.755,0.384285,12.609,212.672,0.52492,12.609,212.589,        21P    295
0.665841,12.609,212.507,0.80726,12.609,212.43,0.941099,12.609,        21P    296
212.363,1.05944,12.609,212.309,1.15443,12.609,212.269,1.22571,        21P    297
12.609,212.247,1.26542,12.609,212.238,1.2813,12.609,0.,5.52888,       21P    298
0.,0.,0.;                                                             21P    299
126,54,3,0,1,1,0,0.,0.,0.,0.,0.00567188,0.0148772,0.022791,           23P    300
0.022791,0.0782406,0.161208,0.271861,0.409824,0.575229,0.740348,      23P    301
0.905146,1.06972,1.23414,1.39826,1.56203,1.72558,1.88889,             23P    302
2.05188,2.21461,2.37702,2.5121,2.62012,2.70104,2.75501,2.75501,       23P    303
2.75501,2.77048,2.78597,2.80144,2.81686,2.81686,2.81686,2.87048,      23P    304
2.95098,3.05845,3.193,3.35473,3.51685,3.67919,3.84192,4.00479,        23P    305
4.16805,4.33154,4.49524,4.65919,4.8234,4.98776,5.15239,5.28983,       23P    306
5.39984,5.48246,5.53766,5.53766,5.53766,5.53766,1.,1.,1.,1.,1.,       23P    307
1.,1.,1.,1.,1.,1.,1.,1.,1.,1.,1.,1.,1.,1.,1.,1.,1.,1.,1.,1.,1.,       23P    308
1.,1.,1.,1.,1.,1.,1.,1.,1.,1.,1.,1.,1.,1.,1.,1.,1.,1.,1.,1.,1.,       23P    309
1.,1.,1.,1.,1.,1.,1.,1.,212.247,1.3247,12.918,212.246,1.32637,        23P    310
12.918,212.242,1.32998,12.918,212.233,1.32704,12.918,212.232,         23P    311
1.32,12.918,212.241,1.30076,12.918,212.26,1.25874,12.918,             23P    312
212.294,1.18318,12.918,212.341,1.08278,12.918,212.399,0.957852,       23P    313
12.918,212.467,0.817001,12.918,212.539,0.668589,12.918,212.613,       23P    314
0.521065,12.918,212.687,0.374354,12.918,212.763,0.228416,12.918,      23P    315
212.839,0.0831377,12.918,212.917,-0.0609068,12.918,212.998,           23P    316
-0.203082,12.918,213.081,-0.343507,12.918,213.168,-0.481932,          23P    317
12.918,213.256,-0.618262,12.918,213.343,-0.744802,12.918,             23P    318
213.422,-0.854405,12.918,213.487,-0.940605,12.918,213.537,            23P    319
-1.00438,12.918,213.566,-1.03937,12.918,213.577,-1.0533,12.918,       23P    320
213.58,-1.05729,12.918,213.59,-1.06304,12.918,213.607,-1.05855,       23P    321
12.918,213.615,-1.04404,12.918,213.613,-1.03279,12.918,213.61,        23P    322
-1.0286,12.918,213.6,-1.01401,12.918,213.574,-0.977422,12.918,        23P    323
213.528,-0.910929,12.918,213.469,-0.821652,12.918,213.395,            23P    324
-0.708635,12.918,213.314,-0.579263,12.918,213.23,-0.440991,           23P    325
12.918,213.146,-0.301513,12.918,213.064,-0.161074,12.918,             23P    326
212.983,-0.0196808,12.918,212.903,0.12249,12.918,212.824,             23P    327
0.265363,12.918,212.744,0.408434,12.918,212.665,0.551954,12.918,      23P    328
212.586,0.695787,12.918,212.507,0.840171,12.918,212.433,              23P    329
0.976743,12.918,212.368,1.09785,12.918,212.316,1.1948,12.918,         23P    330
212.277,1.26782,12.918,212.256,1.30843,12.918,212.247,1.3247,         23P    331
12.918,0.,5.53766,0.,0.,0.;                                           23P    332
126,54,3,0,1,1,0,0.,0.,0.,0.,0.00499246,0.00998438,0.0149763,         25P    333
0.0199682,0.0199682,0.0767585,0.161821,0.274799,0.41568,              25P    334
0.584104,0.751795,0.918935,1.08548,1.25149,1.41696,1.58202,           25P    335
1.74644,1.91051,2.07416,2.23778,2.40135,2.53819,2.64801,2.73086,      25P    336
2.78637,2.78637,2.80218,2.818,2.8338,2.84952,2.84952,2.84952,         25P    337
2.90419,2.98607,3.0948,3.2302,3.39244,3.55468,3.71719,3.88015,        25P    338
4.04346,4.20733,4.37175,4.53674,4.70219,4.86826,5.0348,5.2021,        25P    339
5.34193,5.45421,5.53864,5.59498,5.59498,5.59498,5.59498,1.,1.,        25P    340
1.,1.,1.,1.,1.,1.,1.,1.,1.,1.,1.,1.,1.,1.,1.,1.,1.,1.,1.,1.,1.,       25P    341
1.,1.,1.,1.,1.,1.,1.,1.,1.,1.,1.,1.,1.,1.,1.,1.,1.,1.,1.,1.,1.,       25P    342
1.,1.,1.,1.,1.,1.,1.,1.,1.,1.,1.,212.208,1.4002,13.228,212.208,       25P    343
1.40169,13.228,212.205,1.40407,13.228,212.199,1.40359,13.228,         25P    344
212.196,1.3994,13.228,212.196,1.39572,13.228,212.204,1.37695,         25P    345
13.228,212.224,1.3339,13.228,212.26,1.25675,13.228,212.307,           25P    346
1.15411,13.228,212.366,1.02655,13.228,212.434,0.882663,13.228,        25P    347
212.506,0.731195,13.228,212.579,0.580716,13.228,212.652,              25P    348
0.431107,13.228,212.726,0.282326,13.228,212.799,0.134199,13.228,      25P    349
212.876,-0.0121134,13.228,212.957,-0.155022,13.228,213.044,           25P    350
-0.294403,13.228,213.136,-0.429816,13.228,213.234,-0.560752,          25P    351
13.228,213.333,-0.679627,13.228,213.427,-0.779773,13.228,             25P    352
213.505,-0.856449,13.228,213.567,-0.911724,13.228,213.602,            25P    353
-0.94138,13.228,213.621,-0.956438,13.228,213.631,-0.961058,           25P    354
13.228,213.647,-0.953855,13.228,213.654,-0.93795,13.228,213.65,       25P    355
-0.926765,13.228,213.646,-0.9232,13.228,213.633,-0.9108,13.228,       25P    356
213.599,-0.879499,13.228,213.542,-0.821772,13.228,213.467,            25P    357
-0.742331,13.228,213.379,-0.639692,13.228,213.284,-0.519291,          25P    358
13.228,213.189,-0.387626,13.228,213.098,-0.252767,13.228,             25P    359
213.011,-0.114662,13.228,212.928,0.0259952,13.228,212.849,            25P    360
0.1693,13.228,212.771,0.31405,13.228,212.693,0.459352,13.228,         25P    361
212.615,0.605658,13.228,212.538,0.752563,13.228,212.461,              25P    362
0.900481,13.228,212.389,1.04087,13.228,212.326,1.16559,13.228,        25P    363
212.275,1.26574,13.228,212.237,1.34131,13.228,212.217,1.38336,        25P    364
13.228,212.208,1.4002,13.228,0.,5.59498,0.,0.,0.;                     25P    365
126,53,3,0,1,1,0,0.,0.,0.,0.,0.0148375,0.0296676,0.044483,            27P    366
0.0593054,0.0593054,0.114911,0.198123,0.309184,0.447891,              27P    367
0.614169,0.780406,0.946512,1.11246,1.27846,1.44456,1.61088,           27P    368
1.7774,1.94467,2.1128,2.28225,2.45307,2.59598,2.70949,2.79331,        27P    369
2.84805,2.84805,2.87314,2.89825,2.92332,2.94844,2.94844,2.99387,      27P    370
3.06362,3.15886,3.28027,3.428,3.57673,3.72616,3.87589,4.02602,        27P    371
4.17644,4.32712,4.4781,4.62935,4.78096,4.93308,5.08555,5.21288,       27P    372
5.31491,5.39159,5.44269,5.44269,5.44269,5.44269,1.,1.,1.,1.,1.,       27P    373
1.,1.,1.,1.,1.,1.,1.,1.,1.,1.,1.,1.,1.,1.,1.,1.,1.,1.,1.,1.,1.,       27P    374
1.,1.,1.,1.,1.,1.,1.,1.,1.,1.,1.,1.,1.,1.,1.,1.,1.,1.,1.,1.,1.,       27P    375
1.,1.,1.,1.,1.,1.,1.,211.88,0.7815,8.668,211.877,0.785029,8.668,      27P    376
211.866,0.788343,8.668,211.851,0.78279,8.668,211.843,0.768431,        27P    377
8.668,211.846,0.758143,8.668,211.857,0.737508,8.668,211.88,           27P    378
0.697073,8.668,211.922,0.625255,8.668,211.982,0.531802,8.668,         27P    379
212.062,0.418731,8.668,212.161,0.296463,8.668,212.274,0.174567,       27P    380
8.668,212.396,0.0615313,8.668,212.526,-0.0418334,8.668,212.664,       27P    381
-0.134248,8.668,212.81,-0.214547,8.668,212.964,-0.279228,8.668,       27P    382
213.124,-0.325395,8.668,213.29,-0.350421,8.668,213.459,               27P    383
-0.352124,8.668,213.627,-0.328219,8.668,213.782,-0.27983,8.668,       27P    384
213.91,-0.21621,8.668,214.004,-0.152589,8.668,214.068,                27P    385
-0.0983664,8.668,214.101,-0.065797,8.668,214.119,-0.0464049,          27P    386
8.668,214.131,-0.032704,8.668,214.127,-0.00478878,8.668,214.107,      27P    387
0.0125498,8.668,214.088,0.0148992,8.668,214.067,0.00338635,           27P    388
8.668,214.033,-0.0145359,8.668,213.969,-0.04316,8.668,213.879,        27P    389
-0.074424,8.668,213.76,-0.102302,8.668,213.621,-0.118341,8.668,       27P    390
213.472,-0.117874,8.668,213.323,-0.101256,8.668,213.177,              27P    391
-0.069733,8.668,213.033,-0.0245264,8.668,212.894,0.0331466,           27P    392
8.668,212.759,0.100476,8.668,212.628,0.174956,8.668,212.5,            27P    393
0.25674,8.668,212.376,0.344302,8.668,212.256,0.437507,8.668,          27P    394
212.146,0.530095,8.668,212.051,0.615237,8.668,211.977,0.685301,       27P    395
8.668,211.922,0.739087,8.668,211.892,0.76934,8.668,211.88,            27P    396
0.7815,8.668,0.,5.44269,0.,0.,0.;                                     27P    397
128,480,12,3,3,1,0,1,0,0,0.,0.,0.,0.,0.00485657,0.00584579,           29P    398
0.00865485,0.0105279,0.0115952,0.0126168,0.0136644,0.0148375,         29P    399
0.0172937,0.0194247,0.0194247,0.0210551,0.0232006,0.0232006,          29P    400
0.0252591,0.0252591,0.0273461,0.0296676,0.0296676,0.0315786,          29P    401
0.0347983,0.0347983,0.0378889,0.0410135,0.0421164,0.0421164,          29P    402
0.0434079,0.044483,0.0463926,0.0463926,0.0504834,0.0504834,           29P    403
0.054691,0.054691,0.0578627,0.0578627,0.0593054,0.0593054,            29P    404
0.0746693,0.0768988,0.0796562,0.0843155,0.0883896,0.09577,            29P    405
0.100063,0.104344,0.108929,0.112744,0.114911,0.157416,0.158443,       29P    406
0.160608,0.165206,0.169105,0.176357,0.180715,0.185343,0.190445,       29P    407
0.194999,0.198123,0.267198,0.268536,0.272991,0.276718,0.283751,       29P    408
0.288067,0.293142,0.298935,0.30469,0.309184,0.403308,0.404366,        29P    409
0.407678,0.411169,0.417924,0.422363,0.427958,0.434566,0.441733,       29P    410
0.447891,0.565009,0.568206,0.56921,0.572575,0.57898,0.583555,         29P    411
0.589624,0.597269,0.606169,0.614169,0.726671,0.730675,0.73379,        29P    412
0.739972,0.74467,0.751299,0.759946,0.7705,0.780406,0.888228,          29P    413
0.889623,0.892109,0.893922,0.895091,0.900944,0.905783,0.912912,       29P    414
0.922604,0.934798,0.946512,1.0497,1.05138,1.05338,1.05623,1.062,      29P    415
1.06698,1.07447,1.08521,1.09902,1.11246,1.21096,1.21297,1.21458,      29P    416
1.21739,1.22303,1.22811,1.23603,1.24775,1.26299,1.27846,1.37226,      29P    417
1.37428,1.37567,1.37839,1.38399,1.38922,1.39752,1.41027,1.427,        29P    418
1.44456,1.53328,1.53524,1.53673,1.53939,1.54497,1.55037,1.55898,      29P    419
1.57276,1.59091,1.61088,1.69419,1.69599,1.69752,1.6989,1.70028,       29P    420
1.70601,1.71146,1.72044,1.73507,1.75481,1.7774,1.85492,1.85649,       29P    421
1.85831,1.86105,1.86697,1.87268,1.88183,1.89742,1.91883,1.94467,      29P    422
2.01553,2.01669,2.0177,2.01891,2.02175,2.02795,2.03378,2.04326,       29P    423
2.05974,2.08328,2.1128,2.17585,2.17687,2.17935,2.18235,2.18902,       29P    424
2.19495,2.20469,2.22211,2.24868,2.28225,2.33595,2.33953,2.34281,      29P    425
2.35001,2.3561,2.366,2.3849,2.41555,2.45307,2.4692,2.47293,           29P    426
2.47642,2.48422,2.49049,2.50062,2.52101,2.55611,2.57574,2.57955,      29P    427
2.58328,2.59155,2.59598,2.59798,2.60833,2.63047,2.65554,2.65653,      29P    428
2.65942,2.66337,2.66966,2.67205,2.67871,2.68908,2.70776,2.70776,      29P    429
2.70949,2.70949,2.71053,2.71053,2.7131,2.7131,2.71678,2.71678,        29P    430
2.72382,2.72577,2.72577,2.72786,2.73242,2.73242,2.73896,2.7413,       29P    431
2.74304,2.74304,2.74751,2.75029,2.75407,2.75536,2.75667,2.75879,      29P    432
2.7631,2.76838,2.76838,2.77196,2.77196,2.77326,2.77326,2.77529,       29P    433
2.77821,2.77821,2.78317,2.78603,2.79149,2.79149,2.79331,2.80321,      29P    434
2.80321,2.81273,2.81273,2.81462,2.82126,2.82316,2.82316,2.82515,      29P    435
2.82632,2.8313,2.83793,2.84482,2.84805,2.84805,2.85671,2.86088,       29P    436
2.86088,2.86314,2.87314,2.87531,2.88833,2.89825,2.90037,2.9019,       29P    437
2.90479,2.906,2.91092,2.91208,2.91357,2.91357,2.92332,2.92434,        29P    438
2.93592,2.94844,2.94844,2.95372,2.96347,2.98879,2.99387,3.006,        29P    439
3.00816,3.01056,3.01228,3.01722,3.03052,3.03838,3.04162,3.05824,      29P    440
3.06362,3.09096,3.13838,3.14114,3.14228,3.14516,3.15005,3.15886,      29P    441
3.16316,3.17364,3.1889,3.21874,3.26338,3.28027,3.2972,3.30079,        29P    442
3.3048,3.30957,3.32232,3.3321,3.34577,3.37226,3.41346,3.428,          29P    443
3.45654,3.45793,3.46073,3.46464,3.46928,3.48139,3.49044,3.5027,       29P    444
3.52596,3.56353,3.57673,3.6161,3.62082,3.62453,3.62898,3.64056,       29P    445
3.64881,3.6597,3.68004,3.71379,3.72616,3.77454,3.77603,3.78109,       29P    446
3.78456,3.78881,3.79964,3.80715,3.81671,3.83445,3.86438,3.87589,      29P    447
3.9334,3.93611,3.94146,3.94467,3.94866,3.95878,3.96549,3.97377,       29P    448
3.98908,4.01532,4.02602,4.09282,4.09657,4.10196,4.10489,4.10853,      29P    449
4.11778,4.12383,4.13095,4.14402,4.16673,4.17644,4.25276,4.25725,      29P    450
4.26253,4.2652,4.26849,4.27685,4.28212,4.2882,4.29925,4.3186,         29P    451
4.32712,4.41325,4.41814,4.42323,4.42556,4.42857,4.43586,4.44037,      29P    452
4.44545,4.45459,4.47079,4.4781,4.5742,4.57929,4.58396,4.58604,        29P    453
4.5886,4.59487,4.59868,4.60278,4.61022,4.62346,4.62935,4.73575,       29P    454
4.74068,4.74487,4.74659,4.7487,4.75384,4.75691,4.7601,4.76594,        29P    455
4.77644,4.78096,4.89776,4.90222,4.90583,4.9071,4.90881,4.91284,       29P    456
4.91521,4.91758,4.92183,4.92973,4.93308,5.0605,5.06402,5.06776,       29P    457
5.06898,5.07174,5.07347,5.07496,5.07787,5.08327,5.08555,5.19653,      29P    458
5.19911,5.20101,5.20246,5.20527,5.2063,5.20802,5.21153,5.21288,       29P    459
5.30576,5.30723,5.3092,5.3108,5.31226,5.31491,5.38788,5.38932,        29P    460
5.39055,5.39159,5.44269,5.44269,5.44269,5.44269,0.,0.,0.,0.,          29P    461
0.369808,0.915574,1.42524,1.89845,2.34725,3.18543,3.59728,            29P    462
4.00617,4.31835,4.63979,4.63979,4.63979,4.63979,1.,1.,1.,1.,1.,       29P    463
1.,1.,1.,1.,1.,1.,1.,1.,1.,1.,1.,1.,1.,1.,1.,1.,1.,1.,1.,1.,1.,       29P    464
1.,1.,1.,1.,1.,1.,1.,1.,1.,1.,1.,1.,1.,1.,1.,1.,1.,1.,1.,1.,1.,       29P    465
1.,1.,1.,1.,1.,1.,1.,1.,1.,1.,1.,1.,1.,1.,1.,1.,1.,1.,1.,1.,1.,       29P    466
1.,1.,1.,1.,1.,1.,1.,1.,1.,1.,1.,1.,1.,1.,1.,1.,1.,1.,1.,1.,1.,       29P    467
1.,1.,1.,1.,1.,1.,1.,1.,1.,1.,1.,1.,1.,1.,1.,1.,1.,1.,1.,1.,1.,       29P    468
1.,1.,1.,1.,1.,1.,1.,1.,1.,1.,1.,1.,1.,1.,1.,1.,1.,1.,1.,1.,1.,       29P    469
1.,1.,1.,1.,1.,1.,1.,1.,1.,1.,1.,1.,1.,1.,1.,1.,1.,1.,1.,1.,1.,       29P    470
1.,1.,1.,1.,1.,1.,1.,1.,1.,1.,1.,1.,1.,1.,1.,1.,1.,1.,1.,1.,1.,       29P    471
1.,1.,1.,1.,1.,1.,1.,1.,1.,1.,1.,1.,1.,1.,1.,1.,1.,1.,1.,1.,1.,       29P    472
1.,1.,1.,1.,1.,1.,1.,1.,1.,1.,1.,1.,1.,1.,1.,1.,1.,1.,1.,1.,1.,       29P    473
1.,1.,1.,1.,1.,1.,1.,1.,1.,1.,1.,1.,1.,1.,1.,1.,1.,1.,1.,1.,1.,       29P    474
1.,1.,1.,1.,1.,1.,1.,1.,1.,1.,1.,1.,1.,1.,1.,1.,1.,1.,1.,1.,1.,       29P    475
1.,1.,1.,1.,1.,1.,1.,1.,1.,1.,1.,1.,1.,1.,1.,1.,1.,1.,1.,1.,1.,       29P    476
1.,1.,1.,1.,1.,1.,1.,1.,1.,1.,1.,1.,1.,1.,1.,1.,1.,1.,1.,1.,1.,       29P    477
1.,1.,1.,1.,1.,1.,1.,1.,1.,1.,1.,1.,1.,1.,1.,1.,1.,1.,1.,1.,1.,       29P    478
1.,1.,1.,1.,1.,1.,1.,1.,1.,1.,1.,1.,1.,1.,1.,1.,1.,1.,1.,1.,1.,       29P    479
1.,1.,1.,1.,1.,1.,1.,1.,1.,1.,1.,1.,1.,1.,1.,1.,1.,1.,1.,1.,1.,       29P    480
1.,1.,1.,1.,1.,1.,1.,1.,1.,1.,1.,1.,1.,1.,1.,1.,1.,1.,1.,1.,1.,       29P    481
1.,1.,1.,1.,1.,1.,1.,1.,1.,1.,1.,1.,1.,1.,1.,1.,1.,1.,1.,1.,1.,       29P    482
1.,1.,1.,1.,1.,1.,1.,1.,1.,1.,1.,1.,1.,1.,1.,1.,1.,1.,1.,1.,1.,       29P    483
1.,1.,1.,1.,1.,1.,1.,1.,1.,1.,1.,1.,1.,1.,1.,1.,1.,1.,1.,1.,1.,       29P    484
1.,1.,1.,1.,1.,1.,1.,1.,1.,1.,1.,1.,1.,1.,1.,1.,1.,1.,1.,1.,1.,       29P    485
1.,1.,1.,1.,1.,1.,1.,1.,1.,1.,1.,1.,1.,1.,1.,1.,1.,1.,1.,1.,1.,       29P    486
1.,1.,1.,1.,1.,1.,1.,1.,1.,1.,1.,1.,1.,1.,1.,1.,1.,1.,1.,1.,1.,       29P    487
1.,1.,1.,1.,1.,1.,1.,1.,1.,1.,1.,1.,1.,1.,1.,1.,1.,1.,1.,1.,1.,       29P    488
1.,1.,1.,1.,1.,1.,1.,1.,1.,1.,1.,1.,1.,1.,1.,1.,1.,1.,1.,1.,1.,       29P    489
1.,1.,1.,1.,1.,1.,1.,1.,1.,1.,1.,1.,1.,1.,1.,1.,1.,1.,1.,1.,1.,       29P    490
1.,1.,1.,1.,1.,1.,1.,1.,1.,1.,1.,1.,1.,1.,1.,1.,1.,1.,1.,1.,1.,       29P    491
1.,1.,1.,1.,1.,1.,1.,1.,1.,1.,1.,1.,1.,1.,1.,1.,1.,1.,1.,1.,1.,       29P    492
1.,1.,1.,1.,1.,1.,1.,1.,1.,1.,1.,1.,1.,1.,1.,1.,1.,1.,1.,1.,1.,       29P    493
1.,1.,1.,1.,1.,1.,1.,1.,1.,1.,1.,1.,1.,1.,1.,1.,1.,1.,1.,1.,1.,       29P    494
1.,1.,1.,1.,1.,1.,1.,1.,1.,1.,1.,1.,1.,1.,1.,1.,1.,1.,1.,1.,1.,       29P    495
1.,1.,1.,1.,1.,1.,1.,1.,1.,1.,1.,1.,1.,1.,1.,1.,1.,1.,1.,1.,1.,       29P    496
1.,1.,1.,1.,1.,1.,1.,1.,1.,1.,1.,1.,1.,1.,1.,1.,1.,1.,1.,1.,1.,       29P    497
1.,1.,1.,1.,1.,1.,1.,1.,1.,1.,1.,1.,1.,1.,1.,1.,1.,1.,1.,1.,1.,       29P    498
1.,1.,1.,1.,1.,1.,1.,1.,1.,1.,1.,1.,1.,1.,1.,1.,1.,1.,1.,1.,1.,       29P    499
1.,1.,1.,1.,1.,1.,1.,1.,1.,1.,1.,1.,1.,1.,1.,1.,1.,1.,1.,1.,1.,       29P    500
1.,1.,1.,1.,1.,1.,1.,1.,1.,1.,1.,1.,1.,1.,1.,1.,1.,1.,1.,1.,1.,       29P    501
1.,1.,1.,1.,1.,1.,1.,1.,1.,1.,1.,1.,1.,1.,1.,1.,1.,1.,1.,1.,1.,       29P    502
1.,1.,1.,1.,1.,1.,1.,1.,1.,1.,1.,1.,1.,1.,1.,1.,1.,1.,1.,1.,1.,       29P    503
1.,1.,1.,1.,1.,1.,1.,1.,1.,1.,1.,1.,1.,1.,1.,1.,1.,1.,1.,1.,1.,       29P    504
1.,1.,1.,1.,1.,1.,1.,1.,1.,1.,1.,1.,1.,1.,1.,1.,1.,1.,1.,1.,1.,       29P    505
1.,1.,1.,1.,1.,1.,1.,1.,1.,1.,1.,1.,1.,1.,1.,1.,1.,1.,1.,1.,1.,       29P    506
1.,1.,1.,1.,1.,1.,1.,1.,1.,1.,1.,1.,1.,1.,1.,1.,1.,1.,1.,1.,1.,       29P    507
1.,1.,1.,1.,1.,1.,1.,1.,1.,1.,1.,1.,1.,1.,1.,1.,1.,1.,1.,1.,1.,       29P    508
1.,1.,1.,1.,1.,1.,1.,1.,1.,1.,1.,1.,1.,1.,1.,1.,1.,1.,1.,1.,1.,       29P    509
1.,1.,1.,1.,1.,1.,1.,1.,1.,1.,1.,1.,1.,1.,1.,1.,1.,1.,1.,1.,1.,       29P    510
1.,1.,1.,1.,1.,1.,1.,1.,1.,1.,1.,1.,1.,1.,1.,1.,1.,1.,1.,1.,1.,       29P    511
1.,1.,1.,1.,1.,1.,1.,1.,1.,1.,1.,1.,1.,1.,1.,1.,1.,1.,1.,1.,1.,       29P    512
1.,1.,1.,1.,1.,1.,1.,1.,1.,1.,1.,1.,1.,1.,1.,1.,1.,1.,1.,1.,1.,       29P    513
1.,1.,1.,1.,1.,1.,1.,1.,1.,1.,1.,1.,1.,1.,1.,1.,1.,1.,1.,1.,1.,       29P    514
1.,1.,1.,1.,1.,1.,1.,1.,1.,1.,1.,1.,1.,1.,1.,1.,1.,1.,1.,1.,1.,       29P    515
1.,1.,1.,1.,1.,1.,1.,1.,1.,1.,1.,1.,1.,1.,1.,1.,1.,1.,1.,1.,1.,       29P    516
1.,1.,1.,1.,1.,1.,1.,1.,1.,1.,1.,1.,1.,1.,1.,1.,1.,1.,1.,1.,1.,       29P    517
1.,1.,1.,1.,1.,1.,1.,1.,1.,1.,1.,1.,1.,1.,1.,1.,1.,1.,1.,1.,1.,       29P    518
1.,1.,1.,1.,1.,1.,1.,1.,1.,1.,1.,1.,1.,1.,1.,1.,1.,1.,1.,1.,1.,       29P    519
1.,1.,1.,1.,1.,1.,1.,1.,1.,1.,1.,1.,1.,1.,1.,1.,1.,1.,1.,1.,1.,       29P    520
1.,1.,1.,1.,1.,1.,1.,1.,1.,1.,1.,1.,1.,1.,1.,1.,1.,1.,1.,1.,1.,       29P    521
1.,1.,1.,1.,1.,1.,1.,1.,1.,1.,1.,1.,1.,1.,1.,1.,1.,1.,1.,1.,1.,       29P    522
1.,1.,1.,1.,1.,1.,1.,1.,1.,1.,1.,1.,1.,1.,1.,1.,1.,1.,1.,1.,1.,       29P    523
1.,1.,1.,1.,1.,1.,1.,1.,1.,1.,1.,1.,1.,1.,1.,1.,1.,1.,1.,1.,1.,       29P    524
1.,1.,1.,1.,1.,1.,1.,1.,1.,1.,1.,1.,1.,1.,1.,1.,1.,1.,1.,1.,1.,       29P    525
1.,1.,1.,1.,1.,1.,1.,1.,1.,1.,1.,1.,1.,1.,1.,1.,1.,1.,1.,1.,1.,       29P    526
1.,1.,1.,1.,1.,1.,1.,1.,1.,1.,1.,1.,1.,1.,1.,1.,1.,1.,1.,1.,1.,       29P    527
1.,1.,1.,1.,1.,1.,1.,1.,1.,1.,1.,1.,1.,1.,1.,1.,1.,1.,1.,1.,1.,       29P    528
1.,1.,1.,1.,1.,1.,1.,1.,1.,1.,1.,1.,1.,1.,1.,1.,1.,1.,1.,1.,1.,       29P    529
1.,1.,1.,1.,1.,1.,1.,1.,1.,1.,1.,1.,1.,1.,1.,1.,1.,1.,1.,1.,1.,       29P    530
1.,1.,1.,1.,1.,1.,1.,1.,1.,1.,1.,1.,1.,1.,1.,1.,1.,1.,1.,1.,1.,       29P    531
1.,1.,1.,1.,1.,1.,1.,1.,1.,1.,1.,1.,1.,1.,1.,1.,1.,1.,1.,1.,1.,       29P    532
1.,1.,1.,1.,1.,1.,1.,1.,1.,1.,1.,1.,1.,1.,1.,1.,1.,1.,1.,1.,1.,       29P    533
1.,1.,1.,1.,1.,1.,1.,1.,1.,1.,1.,1.,1.,1.,1.,1.,1.,1.,1.,1.,1.,       29P    534
1.,1.,1.,1.,1.,1.,1.,1.,1.,1.,1.,1.,1.,1.,1.,1.,1.,1.,1.,1.,1.,       29P    535
1.,1.,1.,1.,1.,1.,1.,1.,1.,1.,1.,1.,1.,1.,1.,1.,1.,1.,1.,1.,1.,       29P    536
1.,1.,1.,1.,1.,1.,1.,1.,1.,1.,1.,1.,1.,1.,1.,1.,1.,1.,1.,1.,1.,       29P    537
1.,1.,1.,1.,1.,1.,1.,1.,1.,1.,1.,1.,1.,1.,1.,1.,1.,1.,1.,1.,1.,       29P    538
1.,1.,1.,1.,1.,1.,1.,1.,1.,1.,1.,1.,1.,1.,1.,1.,1.,1.,1.,1.,1.,       29P    539
1.,1.,1.,1.,1.,1.,1.,1.,1.,1.,1.,1.,1.,1.,1.,1.,1.,1.,1.,1.,1.,       29P    540
1.,1.,1.,1.,1.,1.,1.,1.,1.,1.,1.,1.,1.,1.,1.,1.,1.,1.,1.,1.,1.,       29P    541
1.,1.,1.,1.,1.,1.,1.,1.,1.,1.,1.,1.,1.,1.,1.,1.,1.,1.,1.,1.,1.,       29P    542
1.,1.,1.,1.,1.,1.,1.,1.,1.,1.,1.,1.,1.,1.,1.,1.,1.,1.,1.,1.,1.,       29P    543
1.,1.,1.,1.,1.,1.,1.,1.,1.,1.,1.,1.,1.,1.,1.,1.,1.,1.,1.,1.,1.,       29P    544
1.,1.,1.,1.,1.,1.,1.,1.,1.,1.,1.,1.,1.,1.,1.,1.,1.,1.,1.,1.,1.,       29P    545
1.,1.,1.,1.,1.,1.,1.,1.,1.,1.,1.,1.,1.,1.,1.,1.,1.,1.,1.,1.,1.,       29P    546
1.,1.,1.,1.,1.,1.,1.,1.,1.,1.,1.,1.,1.,1.,1.,1.,1.,1.,1.,1.,1.,       29P    547
1.,1.,1.,1.,1.,1.,1.,1.,1.,1.,1.,1.,1.,1.,1.,1.,1.,1.,1.,1.,1.,       29P    548
1.,1.,1.,1.,1.,1.,1.,1.,1.,1.,1.,1.,1.,1.,1.,1.,1.,1.,1.,1.,1.,       29P    549
1.,1.,1.,1.,1.,1.,1.,1.,1.,1.,1.,1.,1.,1.,1.,1.,1.,1.,1.,1.,1.,       29P    550
1.,1.,1.,1.,1.,1.,1.,1.,1.,1.,1.,1.,1.,1.,1.,1.,1.,1.,1.,1.,1.,       29P    551
1.,1.,1.,1.,1.,1.,1.,1.,1.,1.,1.,1.,1.,1.,1.,1.,1.,1.,1.,1.,1.,       29P    552
1.,1.,1.,1.,1.,1.,1.,1.,1.,1.,1.,1.,1.,1.,1.,1.,1.,1.,1.,1.,1.,       29P    553
1.,1.,1.,1.,1.,1.,1.,1.,1.,1.,1.,1.,1.,1.,1.,1.,1.,1.,1.,1.,1.,       29P    554
1.,1.,1.,1.,1.,1.,1.,1.,1.,1.,1.,1.,1.,1.,1.,1.,1.,1.,1.,1.,1.,       29P    555
1.,1.,1.,1.,1.,1.,1.,1.,1.,1.,1.,1.,1.,1.,1.,1.,1.,1.,1.,1.,1.,       29P    556
1.,1.,1.,1.,1.,1.,1.,1.,1.,1.,1.,1.,1.,1.,1.,1.,1.,1.,1.,1.,1.,       29P    557
1.,1.,1.,1.,1.,1.,1.,1.,1.,1.,1.,1.,1.,1.,1.,1.,1.,1.,1.,1.,1.,       29P    558
1.,1.,1.,1.,1.,1.,1.,1.,1.,1.,1.,1.,1.,1.,1.,1.,1.,1.,1.,1.,1.,       29P    559
1.,1.,1.,1.,1.,1.,1.,1.,1.,1.,1.,1.,1.,1.,1.,1.,1.,1.,1.,1.,1.,       29P    560
1.,1.,1.,1.,1.,1.,1.,1.,1.,1.,1.,1.,1.,1.,1.,1.,1.,1.,1.,1.,1.,       29P    561
1.,1.,1.,1.,1.,1.,1.,1.,1.,1.,1.,1.,1.,1.,1.,1.,1.,1.,1.,1.,1.,       29P    562
1.,1.,1.,1.,1.,1.,1.,1.,1.,1.,1.,1.,1.,1.,1.,1.,1.,1.,1.,1.,1.,       29P    563
1.,1.,1.,1.,1.,1.,1.,1.,1.,1.,1.,1.,1.,1.,1.,1.,1.,1.,1.,1.,1.,       29P    564
1.,1.,1.,1.,1.,1.,1.,1.,1.,1.,1.,1.,1.,1.,1.,1.,1.,1.,1.,1.,1.,       29P    565
1.,1.,1.,1.,1.,1.,1.,1.,1.,1.,1.,1.,1.,1.,1.,1.,1.,1.,1.,1.,1.,       29P    566
1.,1.,1.,1.,1.,1.,1.,1.,1.,1.,1.,1.,1.,1.,1.,1.,1.,1.,1.,1.,1.,       29P    567
1.,1.,1.,1.,1.,1.,1.,1.,1.,1.,1.,1.,1.,1.,1.,1.,1.,1.,1.,1.,1.,       29P    568
1.,1.,1.,1.,1.,1.,1.,1.,1.,1.,1.,1.,1.,1.,1.,1.,1.,1.,1.,1.,1.,       29P    569
1.,1.,1.,1.,1.,1.,1.,1.,1.,1.,1.,1.,1.,1.,1.,1.,1.,1.,1.,1.,1.,       29P    570
1.,1.,1.,1.,1.,1.,1.,1.,1.,1.,1.,1.,1.,1.,1.,1.,1.,1.,1.,1.,1.,       29P    571
1.,1.,1.,1.,1.,1.,1.,1.,1.,1.,1.,1.,1.,1.,1.,1.,1.,1.,1.,1.,1.,       29P    572
1.,1.,1.,1.,1.,1.,1.,1.,1.,1.,1.,1.,1.,1.,1.,1.,1.,1.,1.,1.,1.,       29P    573
1.,1.,1.,1.,1.,1.,1.,1.,1.,1.,1.,1.,1.,1.,1.,1.,1.,1.,1.,1.,1.,       29P    574
1.,1.,1.,1.,1.,1.,1.,1.,1.,1.,1.,1.,1.,1.,1.,1.,1.,1.,1.,1.,1.,       29P    575
1.,1.,1.,1.,1.,1.,1.,1.,1.,1.,1.,1.,1.,1.,1.,1.,1.,1.,1.,1.,1.,       29P    576
1.,1.,1.,1.,1.,1.,1.,1.,1.,1.,1.,1.,1.,1.,1.,1.,1.,1.,1.,1.,1.,       29P    577
1.,1.,1.,1.,1.,1.,1.,1.,1.,1.,1.,1.,1.,1.,1.,1.,1.,1.,1.,1.,1.,       29P    578
1.,1.,1.,1.,1.,1.,1.,1.,1.,1.,1.,1.,1.,1.,1.,1.,1.,1.,1.,1.,1.,       29P    579
1.,1.,1.,1.,1.,1.,1.,1.,1.,1.,1.,1.,1.,1.,1.,1.,1.,1.,1.,1.,1.,       29P    580
1.,1.,1.,1.,1.,1.,1.,1.,1.,1.,1.,1.,1.,1.,1.,1.,1.,1.,1.,1.,1.,       29P    581
1.,1.,1.,1.,1.,1.,1.,1.,1.,1.,1.,1.,1.,1.,1.,1.,1.,1.,1.,1.,1.,       29P    582
1.,1.,1.,1.,1.,1.,1.,1.,1.,1.,1.,1.,1.,1.,1.,1.,1.,1.,1.,1.,1.,       29P    583
1.,1.,1.,1.,1.,1.,1.,1.,1.,1.,1.,1.,1.,1.,1.,1.,1.,1.,1.,1.,1.,       29P    584
1.,1.,1.,1.,1.,1.,1.,1.,1.,1.,1.,1.,1.,1.,1.,1.,1.,1.,1.,1.,1.,       29P    585
1.,1.,1.,1.,1.,1.,1.,1.,1.,1.,1.,1.,1.,1.,1.,1.,1.,1.,1.,1.,1.,       29P    586
1.,1.,1.,1.,1.,1.,1.,1.,1.,1.,1.,1.,1.,1.,1.,1.,1.,1.,1.,1.,1.,       29P    587
1.,1.,1.,1.,1.,1.,1.,1.,1.,1.,1.,1.,1.,1.,1.,1.,1.,1.,1.,1.,1.,       29P    588
1.,1.,1.,1.,1.,1.,1.,1.,1.,1.,1.,1.,1.,1.,1.,1.,1.,1.,1.,1.,1.,       29P    589
1.,1.,1.,1.,1.,1.,1.,1.,1.,1.,1.,1.,1.,1.,1.,1.,1.,1.,1.,1.,1.,       29P    590
1.,1.,1.,1.,1.,1.,1.,1.,1.,1.,1.,1.,1.,1.,1.,1.,1.,1.,1.,1.,1.,       29P    591
1.,1.,1.,1.,1.,1.,1.,1.,1.,1.,1.,1.,1.,1.,1.,1.,1.,1.,1.,1.,1.,       29P    592
1.,1.,1.,1.,1.,1.,1.,1.,1.,1.,1.,1.,1.,1.,1.,1.,1.,1.,1.,1.,1.,       29P    593
1.,1.,1.,1.,1.,1.,1.,1.,1.,1.,1.,1.,1.,1.,1.,1.,1.,1.,1.,1.,1.,       29P    594
1.,1.,1.,1.,1.,1.,1.,1.,1.,1.,1.,1.,1.,1.,1.,1.,1.,1.,1.,1.,1.,       29P    595
1.,1.,1.,1.,1.,1.,1.,1.,1.,1.,1.,1.,1.,1.,1.,1.,1.,1.,1.,1.,1.,       29P    596
1.,1.,1.,1.,1.,1.,1.,1.,1.,1.,1.,1.,1.,1.,1.,1.,1.,1.,1.,1.,1.,       29P    597
1.,1.,1.,1.,1.,1.,1.,1.,1.,1.,1.,1.,1.,1.,1.,1.,1.,1.,1.,1.,1.,       29P    598
1.,1.,1.,1.,1.,1.,1.,1.,1.,1.,1.,1.,1.,1.,1.,1.,1.,1.,1.,1.,1.,       29P    599
1.,1.,1.,1.,1.,1.,1.,1.,1.,1.,1.,1.,1.,1.,1.,1.,1.,1.,1.,1.,1.,       29P    600
1.,1.,1.,1.,1.,1.,1.,1.,1.,1.,1.,1.,1.,1.,1.,1.,1.,1.,1.,1.,1.,       29P    601
1.,1.,1.,1.,1.,1.,1.,1.,1.,1.,1.,1.,1.,1.,1.,1.,1.,1.,1.,1.,1.,       29P    602
1.,1.,1.,1.,1.,1.,1.,1.,1.,1.,1.,1.,1.,1.,1.,1.,1.,1.,1.,1.,1.,       29P    603
1.,1.,1.,1.,1.,1.,1.,1.,1.,1.,1.,1.,1.,1.,1.,1.,1.,1.,1.,1.,1.,       29P    604
1.,1.,1.,1.,1.,1.,1.,1.,1.,1.,1.,1.,1.,1.,1.,1.,1.,1.,1.,1.,1.,       29P    605
1.,1.,1.,1.,1.,1.,1.,1.,1.,1.,1.,1.,1.,1.,1.,1.,1.,1.,1.,1.,1.,       29P    606
1.,1.,1.,1.,1.,1.,1.,1.,1.,1.,1.,1.,1.,1.,1.,1.,1.,1.,1.,1.,1.,       29P    607
1.,1.,1.,1.,1.,1.,1.,1.,1.,1.,1.,1.,1.,1.,1.,1.,1.,1.,1.,1.,1.,       29P    608
1.,1.,1.,1.,1.,1.,1.,1.,1.,1.,1.,1.,1.,1.,1.,1.,1.,1.,1.,1.,1.,       29P    609
1.,1.,1.,1.,1.,1.,1.,1.,1.,1.,1.,1.,1.,1.,1.,1.,1.,1.,1.,1.,1.,       29P    610
1.,1.,1.,1.,1.,1.,1.,1.,1.,1.,1.,1.,1.,1.,1.,1.,1.,1.,1.,1.,1.,       29P    611
1.,1.,1.,1.,1.,1.,1.,1.,1.,1.,1.,1.,1.,1.,1.,1.,1.,1.,1.,1.,1.,       29P    612
1.,1.,1.,1.,1.,1.,1.,1.,1.,1.,1.,1.,1.,1.,1.,1.,1.,1.,1.,1.,1.,       29P    613
1.,1.,1.,1.,1.,1.,1.,1.,1.,1.,1.,1.,1.,1.,1.,1.,1.,1.,1.,1.,1.,       29P    614
1.,1.,1.,1.,1.,1.,1.,1.,1.,1.,1.,1.,1.,1.,1.,1.,1.,1.,1.,1.,1.,       29P    615
1.,1.,1.,1.,1.,1.,1.,1.,1.,1.,1.,1.,1.,1.,1.,1.,1.,1.,1.,1.,1.,       29P    616
1.,1.,1.,1.,1.,1.,1.,1.,1.,1.,1.,1.,1.,1.,1.,1.,1.,1.,1.,1.,1.,       29P    617
1.,1.,1.,1.,1.,1.,1.,1.,1.,1.,1.,1.,1.,1.,1.,1.,1.,1.,1.,1.,1.,       29P    618
1.,1.,1.,1.,1.,1.,1.,1.,1.,1.,1.,1.,1.,1.,1.,1.,1.,1.,1.,1.,1.,       29P    619
1.,1.,1.,1.,1.,1.,1.,1.,1.,1.,1.,1.,1.,1.,1.,1.,1.,1.,1.,1.,1.,       29P    620
1.,1.,1.,1.,1.,1.,1.,1.,1.,1.,1.,1.,1.,1.,1.,1.,1.,1.,1.,1.,1.,       29P    621
1.,1.,1.,1.,1.,1.,1.,1.,1.,1.,1.,1.,1.,1.,1.,1.,1.,1.,1.,1.,1.,       29P    622
1.,1.,1.,1.,1.,1.,1.,1.,1.,1.,1.,1.,1.,1.,1.,1.,1.,1.,1.,1.,1.,       29P    623
1.,1.,1.,1.,1.,1.,1.,1.,1.,1.,1.,1.,1.,1.,1.,1.,1.,1.,1.,1.,1.,       29P    624
1.,1.,1.,1.,1.,1.,1.,1.,1.,1.,1.,1.,1.,1.,1.,1.,1.,1.,1.,1.,1.,       29P    625
1.,1.,1.,1.,1.,1.,1.,1.,1.,1.,1.,1.,1.,1.,1.,1.,1.,1.,1.,1.,1.,       29P    626
1.,1.,1.,1.,1.,1.,1.,1.,1.,1.,1.,1.,1.,1.,1.,1.,1.,1.,1.,1.,1.,       29P    627
1.,1.,1.,1.,1.,1.,1.,1.,1.,1.,1.,1.,1.,1.,1.,1.,1.,1.,1.,1.,1.,       29P    628
1.,1.,1.,1.,1.,1.,1.,1.,1.,1.,1.,1.,1.,1.,1.,1.,1.,1.,1.,1.,1.,       29P    629
1.,1.,1.,1.,1.,1.,1.,1.,1.,1.,1.,1.,1.,1.,1.,1.,1.,1.,1.,1.,1.,       29P    630
1.,1.,1.,1.,1.,1.,1.,1.,1.,1.,1.,1.,1.,1.,1.,1.,1.,1.,1.,1.,1.,       29P    631
1.,1.,1.,1.,1.,1.,1.,1.,1.,1.,1.,1.,1.,1.,1.,1.,1.,1.,1.,1.,1.,       29P    632
1.,1.,1.,1.,1.,1.,1.,1.,1.,1.,1.,1.,1.,1.,1.,1.,1.,1.,1.,1.,1.,       29P    633
1.,1.,1.,1.,1.,1.,1.,1.,1.,1.,1.,1.,1.,1.,1.,1.,1.,1.,1.,1.,1.,       29P    634
1.,1.,1.,1.,1.,1.,1.,1.,1.,1.,1.,1.,1.,1.,1.,1.,1.,1.,1.,1.,1.,       29P    635
1.,1.,1.,1.,1.,1.,1.,1.,1.,1.,1.,1.,1.,1.,1.,1.,1.,1.,1.,1.,1.,       29P    636
1.,1.,1.,1.,1.,1.,1.,1.,1.,1.,1.,1.,1.,1.,1.,1.,1.,1.,1.,1.,1.,       29P    637
1.,1.,1.,1.,1.,1.,1.,1.,1.,1.,1.,1.,1.,1.,1.,1.,1.,1.,1.,1.,1.,       29P    638
1.,1.,1.,1.,1.,1.,1.,1.,1.,1.,1.,1.,1.,1.,1.,1.,1.,1.,1.,1.,1.,       29P    639
1.,1.,1.,1.,1.,1.,1.,1.,1.,1.,1.,1.,1.,1.,1.,1.,1.,1.,1.,1.,1.,       29P    640
1.,1.,1.,1.,1.,1.,1.,1.,1.,1.,1.,1.,1.,1.,1.,1.,1.,1.,1.,1.,1.,       29P    641
1.,1.,1.,1.,1.,1.,1.,1.,1.,1.,1.,1.,1.,1.,1.,1.,1.,1.,1.,1.,1.,       29P    642
1.,1.,1.,1.,1.,1.,1.,1.,1.,1.,1.,1.,1.,1.,1.,1.,1.,1.,1.,1.,1.,       29P    643
1.,1.,1.,1.,1.,1.,1.,1.,1.,1.,1.,1.,1.,1.,1.,1.,1.,1.,1.,1.,1.,       29P    644
1.,1.,1.,1.,1.,1.,1.,1.,1.,1.,1.,1.,1.,1.,1.,1.,1.,1.,1.,1.,1.,       29P    645
1.,1.,1.,1.,1.,1.,1.,1.,1.,1.,1.,1.,1.,1.,1.,1.,1.,1.,1.,1.,1.,       29P    646
1.,1.,1.,1.,1.,1.,1.,1.,1.,1.,1.,1.,1.,1.,1.,1.,1.,1.,1.,1.,1.,       29P    647
1.,1.,1.,1.,1.,1.,1.,1.,1.,1.,1.,1.,1.,1.,1.,1.,1.,1.,1.,1.,1.,       29P    648
1.,1.,1.,1.,1.,1.,1.,1.,1.,1.,1.,1.,1.,1.,1.,1.,1.,1.,1.,1.,1.,       29P    649
1.,1.,1.,1.,1.,1.,1.,1.,1.,1.,1.,1.,1.,1.,1.,1.,1.,1.,1.,1.,1.,       29P    650
1.,1.,1.,1.,1.,1.,1.,1.,1.,1.,1.,1.,1.,1.,1.,1.,1.,1.,1.,1.,1.,       29P    651
1.,1.,1.,1.,1.,1.,1.,1.,1.,1.,1.,1.,1.,1.,1.,1.,1.,1.,1.,1.,1.,       29P    652
1.,1.,1.,1.,1.,1.,1.,1.,1.,1.,1.,1.,1.,1.,1.,1.,1.,1.,1.,1.,1.,       29P    653
1.,1.,1.,1.,1.,1.,1.,1.,1.,1.,1.,1.,1.,1.,1.,1.,1.,1.,1.,1.,1.,       29P    654
1.,1.,1.,1.,1.,1.,1.,1.,1.,1.,1.,1.,1.,1.,1.,1.,1.,1.,1.,1.,1.,       29P    655
1.,1.,1.,1.,1.,1.,1.,1.,1.,1.,1.,1.,1.,1.,1.,1.,1.,1.,1.,1.,1.,       29P    656
1.,1.,1.,1.,1.,1.,1.,1.,1.,1.,1.,1.,1.,1.,1.,1.,1.,1.,1.,1.,1.,       29P    657
1.,1.,1.,1.,1.,1.,1.,1.,1.,1.,1.,1.,1.,1.,1.,1.,1.,1.,1.,1.,1.,       29P    658
1.,1.,1.,1.,1.,1.,1.,1.,1.,1.,1.,1.,1.,1.,1.,1.,1.,1.,1.,1.,1.,       29P    659
1.,1.,1.,1.,1.,1.,1.,1.,1.,1.,1.,1.,1.,1.,1.,1.,1.,1.,1.,1.,1.,       29P    660
1.,1.,1.,1.,1.,1.,1.,1.,1.,1.,1.,1.,1.,1.,1.,1.,1.,1.,1.,1.,1.,       29P    661
1.,1.,1.,1.,1.,1.,1.,1.,1.,1.,1.,1.,1.,1.,1.,1.,1.,1.,1.,1.,1.,       29P    662
1.,1.,1.,1.,1.,1.,1.,1.,1.,1.,1.,1.,1.,1.,1.,1.,1.,1.,1.,1.,1.,       29P    663
1.,1.,1.,1.,1.,1.,1.,1.,1.,1.,1.,1.,1.,1.,1.,1.,1.,1.,1.,1.,1.,       29P    664
1.,1.,1.,1.,1.,1.,1.,1.,1.,1.,1.,1.,1.,1.,1.,1.,1.,1.,1.,1.,1.,       29P    665
1.,1.,1.,1.,1.,1.,1.,1.,1.,1.,1.,1.,1.,1.,1.,1.,1.,1.,1.,1.,1.,       29P    666
1.,1.,1.,1.,1.,1.,1.,1.,1.,1.,1.,1.,1.,1.,1.,1.,1.,1.,1.,1.,1.,       29P    667
1.,1.,1.,1.,1.,1.,1.,1.,1.,1.,1.,1.,1.,1.,1.,1.,1.,1.,1.,1.,1.,       29P    668
1.,1.,1.,1.,1.,1.,1.,1.,1.,1.,1.,1.,1.,1.,1.,1.,1.,1.,1.,1.,1.,       29P    669
1.,1.,1.,1.,1.,1.,1.,1.,1.,1.,1.,1.,1.,1.,1.,1.,1.,1.,1.,1.,1.,       29P    670
1.,1.,1.,1.,1.,1.,1.,1.,1.,1.,1.,1.,1.,1.,1.,1.,1.,1.,1.,1.,1.,       29P    671
1.,1.,1.,1.,1.,1.,1.,1.,1.,1.,1.,1.,1.,1.,1.,1.,1.,1.,1.,1.,1.,       29P    672
1.,1.,1.,1.,1.,1.,1.,1.,1.,1.,1.,1.,1.,1.,1.,1.,1.,1.,1.,1.,1.,       29P    673
1.,1.,1.,1.,1.,1.,1.,1.,1.,1.,1.,1.,1.,1.,1.,1.,1.,1.,1.,1.,1.,       29P    674
1.,1.,1.,1.,1.,1.,1.,1.,1.,1.,1.,1.,1.,1.,1.,1.,1.,1.,1.,1.,1.,       29P    675
1.,1.,1.,1.,1.,1.,1.,1.,1.,1.,1.,1.,1.,1.,1.,1.,1.,1.,1.,1.,1.,       29P    676
1.,1.,1.,1.,1.,1.,1.,1.,1.,1.,1.,1.,1.,1.,1.,1.,1.,1.,1.,1.,1.,       29P    677
1.,1.,1.,1.,1.,1.,1.,1.,1.,1.,1.,1.,1.,1.,1.,1.,1.,1.,1.,1.,1.,       29P    678
1.,1.,1.,1.,1.,1.,1.,1.,1.,1.,1.,1.,1.,1.,1.,1.,1.,1.,1.,1.,1.,       29P    679
1.,1.,1.,1.,1.,1.,1.,1.,1.,1.,1.,1.,1.,1.,1.,1.,1.,1.,1.,1.,1.,       29P    680
1.,1.,1.,1.,1.,1.,1.,1.,1.,1.,1.,1.,1.,1.,1.,1.,1.,1.,1.,1.,1.,       29P    681
1.,1.,1.,1.,1.,1.,1.,1.,1.,1.,1.,1.,1.,1.,1.,1.,1.,1.,1.,1.,1.,       29P    682
1.,1.,1.,1.,1.,1.,1.,1.,1.,1.,1.,1.,1.,1.,1.,1.,1.,1.,1.,1.,1.,       29P    683
1.,1.,1.,1.,1.,1.,1.,1.,1.,1.,1.,1.,1.,1.,1.,1.,1.,1.,1.,1.,1.,       29P    684
1.,1.,1.,1.,1.,1.,1.,1.,1.,1.,1.,1.,1.,1.,1.,1.,1.,1.,1.,1.,1.,       29P    685
1.,1.,1.,1.,1.,1.,1.,1.,1.,1.,1.,1.,1.,1.,1.,1.,1.,1.,1.,1.,1.,       29P    686
1.,1.,1.,1.,1.,1.,1.,1.,1.,1.,1.,1.,1.,1.,1.,1.,1.,1.,1.,1.,1.,       29P    687
1.,1.,1.,1.,1.,1.,1.,1.,1.,1.,1.,1.,1.,1.,1.,1.,1.,1.,1.,1.,1.,       29P    688
1.,1.,1.,1.,1.,1.,1.,1.,1.,1.,1.,1.,1.,1.,1.,1.,1.,1.,1.,1.,1.,       29P    689
1.,1.,1.,1.,1.,1.,1.,1.,1.,1.,1.,1.,1.,1.,1.,1.,1.,1.,1.,1.,1.,       29P    690
1.,1.,1.,1.,1.,1.,1.,1.,1.,1.,1.,1.,1.,1.,1.,1.,1.,1.,1.,1.,1.,       29P    691
1.,1.,1.,1.,1.,1.,1.,1.,1.,1.,1.,1.,1.,1.,1.,1.,1.,1.,1.,1.,1.,       29P    692
1.,1.,1.,1.,1.,1.,1.,1.,1.,1.,1.,1.,1.,1.,1.,1.,1.,1.,1.,1.,1.,       29P    693
1.,1.,1.,1.,1.,1.,1.,1.,1.,1.,1.,1.,1.,1.,1.,1.,1.,1.,1.,1.,1.,       29P    694
1.,1.,1.,1.,1.,1.,1.,1.,1.,1.,1.,1.,1.,1.,1.,1.,1.,1.,1.,1.,1.,       29P    695
1.,1.,1.,1.,1.,1.,1.,1.,1.,1.,1.,1.,1.,1.,1.,1.,1.,1.,1.,1.,1.,       29P    696
1.,1.,1.,1.,1.,1.,1.,1.,1.,1.,1.,1.,1.,1.,1.,1.,1.,1.,1.,1.,1.,       29P    697
1.,1.,1.,1.,1.,1.,1.,1.,1.,1.,1.,1.,1.,1.,1.,1.,1.,1.,1.,1.,1.,       29P    698
1.,1.,1.,1.,1.,1.,1.,1.,1.,1.,1.,1.,1.,1.,1.,1.,1.,1.,1.,1.,1.,       29P    699
1.,1.,1.,1.,1.,1.,1.,1.,1.,1.,1.,1.,1.,1.,1.,1.,1.,1.,1.,1.,1.,       29P    700
1.,1.,1.,1.,1.,1.,1.,1.,1.,1.,1.,1.,1.,1.,1.,1.,1.,1.,1.,1.,1.,       29P    701
1.,1.,1.,1.,1.,1.,1.,1.,1.,1.,1.,1.,1.,1.,1.,1.,1.,1.,1.,1.,1.,       29P    702
1.,1.,1.,1.,1.,1.,1.,1.,1.,1.,1.,1.,1.,1.,1.,1.,1.,1.,1.,1.,1.,       29P    703
1.,1.,1.,1.,1.,1.,1.,1.,1.,1.,1.,1.,1.,1.,1.,1.,1.,1.,1.,1.,1.,       29P    704
1.,1.,1.,1.,1.,1.,1.,1.,1.,1.,1.,1.,1.,1.,1.,1.,1.,1.,1.,1.,1.,       29P    705
1.,1.,1.,1.,1.,1.,1.,1.,1.,1.,1.,1.,1.,1.,1.,1.,1.,1.,1.,1.,1.,       29P    706
1.,1.,1.,1.,1.,1.,1.,1.,1.,1.,1.,1.,1.,1.,1.,1.,1.,1.,1.,1.,1.,       29P    707
1.,1.,1.,1.,1.,1.,1.,1.,1.,1.,1.,1.,1.,1.,1.,1.,1.,1.,1.,1.,1.,       29P    708
1.,1.,1.,1.,1.,1.,1.,1.,1.,1.,1.,1.,1.,1.,1.,1.,1.,1.,1.,1.,1.,       29P    709
1.,1.,1.,1.,1.,1.,1.,1.,1.,1.,1.,1.,1.,1.,1.,1.,1.,1.,1.,1.,1.,       29P    710
1.,1.,1.,1.,1.,1.,1.,1.,1.,1.,1.,1.,1.,1.,1.,1.,1.,1.,1.,1.,1.,       29P    711
1.,1.,1.,1.,1.,1.,1.,1.,1.,1.,1.,1.,1.,1.,1.,1.,1.,1.,1.,1.,1.,       29P    712
1.,1.,1.,1.,1.,1.,1.,1.,1.,1.,1.,1.,1.,1.,1.,1.,1.,1.,1.,1.,1.,       29P    713
1.,1.,1.,1.,1.,1.,1.,1.,1.,1.,1.,1.,1.,1.,1.,1.,1.,1.,1.,1.,1.,       29P    714
1.,1.,1.,1.,1.,1.,1.,1.,1.,1.,1.,1.,1.,1.,1.,1.,1.,1.,1.,1.,1.,       29P    715
1.,1.,1.,1.,1.,1.,1.,1.,1.,1.,1.,1.,1.,1.,1.,1.,1.,1.,1.,1.,1.,       29P    716
1.,1.,1.,1.,1.,1.,1.,1.,1.,1.,1.,1.,1.,1.,1.,1.,1.,1.,1.,1.,1.,       29P    717
1.,1.,1.,1.,1.,1.,1.,1.,1.,1.,1.,1.,1.,1.,1.,1.,1.,1.,1.,1.,1.,       29P    718
1.,1.,1.,1.,1.,1.,1.,1.,1.,1.,1.,1.,1.,1.,1.,1.,1.,1.,1.,1.,1.,       29P    719
1.,1.,1.,1.,1.,1.,1.,1.,1.,1.,1.,1.,1.,1.,1.,1.,1.,1.,1.,1.,1.,       29P    720
1.,1.,1.,1.,1.,1.,1.,1.,1.,1.,1.,1.,1.,1.,1.,1.,1.,1.,1.,1.,1.,       29P    721
1.,1.,1.,1.,1.,1.,1.,1.,1.,1.,1.,1.,1.,1.,1.,1.,1.,1.,1.,1.,1.,       29P    722
1.,1.,1.,1.,1.,1.,1.,1.,1.,1.,1.,1.,1.,1.,1.,1.,1.,1.,1.,1.,1.,       29P    723
1.,1.,1.,1.,1.,1.,1.,1.,1.,1.,1.,1.,1.,1.,1.,1.,1.,1.,1.,1.,1.,       29P    724
1.,1.,1.,1.,1.,1.,1.,1.,1.,1.,1.,1.,1.,1.,1.,1.,1.,1.,1.,1.,1.,       29P    725
1.,1.,1.,1.,1.,1.,1.,1.,1.,1.,1.,1.,1.,1.,1.,1.,1.,1.,1.,1.,1.,       29P    726
1.,1.,1.,1.,1.,1.,1.,1.,1.,1.,1.,1.,1.,1.,1.,1.,1.,1.,1.,1.,1.,       29P    727
1.,1.,1.,1.,1.,1.,1.,1.,1.,1.,1.,1.,1.,1.,1.,1.,1.,1.,1.,1.,1.,       29P    728
1.,1.,1.,1.,1.,1.,1.,1.,1.,1.,1.,1.,1.,1.,1.,1.,1.,1.,1.,1.,1.,       29P    729
1.,1.,1.,1.,1.,1.,1.,1.,1.,1.,1.,1.,1.,1.,1.,1.,1.,1.,1.,1.,1.,       29P    730
1.,1.,1.,1.,1.,1.,1.,1.,1.,1.,1.,1.,1.,1.,1.,1.,1.,1.,1.,1.,1.,       29P    731
1.,1.,1.,1.,1.,1.,1.,1.,1.,1.,1.,1.,1.,1.,1.,1.,1.,1.,1.,1.,1.,       29P    732
1.,1.,1.,1.,1.,1.,1.,1.,1.,1.,1.,1.,1.,1.,1.,1.,1.,1.,1.,1.,1.,       29P    733
1.,1.,1.,1.,1.,1.,1.,1.,1.,1.,1.,1.,1.,1.,1.,1.,1.,1.,1.,1.,1.,       29P    734
1.,1.,1.,1.,1.,1.,1.,1.,1.,1.,1.,1.,1.,1.,1.,1.,1.,1.,1.,1.,1.,       29P    735
1.,1.,1.,1.,1.,1.,1.,1.,1.,1.,1.,1.,1.,1.,1.,1.,1.,1.,1.,1.,1.,       29P    736
1.,1.,1.,1.,1.,1.,1.,1.,1.,1.,1.,1.,1.,1.,1.,1.,1.,1.,1.,1.,1.,       29P    737
1.,1.,1.,1.,1.,1.,1.,1.,1.,1.,1.,1.,1.,1.,1.,1.,1.,1.,1.,1.,1.,       29P    738
1.,1.,1.,1.,1.,1.,1.,1.,1.,1.,1.,1.,1.,1.,1.,1.,1.,1.,1.,1.,1.,       29P    739
1.,1.,1.,1.,1.,1.,1.,1.,1.,1.,1.,1.,1.,1.,1.,1.,1.,1.,1.,1.,1.,       29P    740
1.,1.,1.,1.,1.,1.,1.,1.,1.,1.,1.,1.,1.,1.,1.,1.,1.,1.,1.,1.,1.,       29P    741
1.,1.,1.,1.,1.,1.,1.,1.,1.,1.,1.,1.,1.,1.,1.,1.,1.,1.,1.,1.,1.,       29P    742
1.,1.,1.,1.,1.,1.,1.,1.,1.,1.,1.,1.,1.,1.,1.,1.,1.,1.,1.,1.,1.,       29P    743
1.,1.,1.,1.,1.,1.,1.,1.,1.,1.,1.,1.,1.,1.,1.,1.,1.,1.,1.,1.,1.,       29P    744
1.,1.,1.,1.,1.,1.,1.,1.,1.,1.,1.,1.,1.,1.,1.,1.,1.,1.,1.,1.,1.,       29P    745
1.,1.,1.,1.,1.,1.,1.,1.,1.,1.,1.,1.,1.,1.,1.,1.,1.,1.,1.,1.,1.,       29P    746
1.,1.,1.,1.,1.,1.,1.,1.,1.,1.,1.,1.,1.,1.,1.,1.,1.,1.,1.,1.,1.,       29P    747
1.,1.,1.,1.,1.,1.,1.,1.,1.,1.,1.,1.,1.,1.,1.,1.,1.,1.,1.,1.,1.,       29P    748
1.,1.,1.,1.,1.,1.,1.,1.,1.,1.,1.,1.,1.,1.,1.,1.,1.,1.,1.,1.,1.,       29P    749
1.,1.,1.,1.,1.,1.,1.,1.,1.,1.,1.,1.,1.,1.,1.,1.,1.,1.,1.,1.,1.,       29P    750
1.,1.,1.,1.,1.,1.,1.,1.,1.,1.,1.,1.,1.,1.,1.,1.,1.,1.,1.,1.,1.,       29P    751
1.,1.,1.,1.,1.,1.,1.,1.,1.,1.,1.,1.,1.,1.,1.,1.,1.,1.,1.,1.,1.,       29P    752
1.,1.,1.,1.,1.,1.,1.,1.,1.,1.,1.,1.,1.,1.,1.,1.,1.,1.,1.,1.,1.,       29P    753
1.,1.,1.,1.,1.,1.,1.,1.,1.,1.,1.,1.,1.,1.,1.,1.,1.,1.,1.,1.,1.,       29P    754
1.,1.,1.,1.,1.,1.,1.,1.,1.,1.,1.,1.,1.,1.,1.,1.,1.,1.,1.,1.,1.,       29P    755
1.,1.,1.,1.,1.,1.,1.,1.,1.,1.,1.,1.,1.,1.,1.,1.,1.,1.,1.,1.,1.,       29P    756
1.,1.,1.,1.,1.,1.,1.,1.,1.,1.,1.,1.,1.,1.,1.,1.,1.,1.,1.,1.,1.,       29P    757
1.,1.,1.,1.,1.,1.,1.,1.,1.,1.,1.,1.,1.,1.,1.,1.,1.,1.,1.,1.,1.,       29P    758
1.,1.,1.,1.,1.,1.,1.,1.,1.,1.,1.,1.,1.,1.,1.,1.,1.,1.,1.,1.,1.,       29P    759
1.,1.,1.,1.,1.,1.,1.,1.,1.,1.,1.,1.,1.,1.,1.,1.,1.,1.,1.,1.,1.,       29P    760
1.,1.,1.,1.,1.,1.,1.,1.,1.,1.,1.,211.88,0.7815,8.653,211.879,         29P    761
0.782655,8.653,211.877,0.783804,8.653,211.875,0.785084,8.653,         29P    762
211.873,0.785744,8.653,211.871,0.786192,8.653,211.87,0.786407,        29P    763
8.653,211.868,0.786523,8.653,211.867,0.78659,8.653,211.866,           29P    764
0.786603,8.653,211.864,0.786452,8.653,211.862,0.786169,8.653,         29P    765
211.861,0.785876,8.653,211.86,0.785535,8.653,211.858,0.785088,        29P    766
8.653,211.857,0.784526,8.653,211.857,0.784219,8.653,211.855,          29P    767
0.783542,8.653,211.854,0.782757,8.653,211.853,0.781839,8.653,         29P    768
211.852,0.780891,8.653,211.851,0.779677,8.653,211.849,0.778306,       29P    769
8.653,211.848,0.776526,8.653,211.847,0.774684,8.653,211.846,          29P    770
0.772358,8.653,211.846,0.770976,8.653,211.846,0.770188,8.653,         29P    771
211.845,0.769405,8.653,211.845,0.767976,8.653,211.845,0.766971,       29P    772
8.653,211.845,0.764949,8.653,211.845,0.763566,8.653,211.846,          29P    773
0.760795,8.653,211.846,0.759407,8.653,211.847,0.757044,8.653,         29P    774
211.847,0.756051,8.653,211.848,0.754653,8.653,211.848,0.754223,       29P    775
8.653,211.851,0.749299,8.653,211.854,0.744152,8.653,211.857,          29P    776
0.73821,8.653,211.859,0.735395,8.653,211.861,0.732044,8.653,          29P    777
211.863,0.727349,8.653,211.866,0.722766,8.653,211.868,0.718128,       29P    778
8.653,211.87,0.714306,8.653,211.873,0.710626,8.653,211.874,           29P    779
0.707562,8.653,211.882,0.69351,8.653,211.89,0.680324,8.653,           29P    780
211.898,0.667201,8.653,211.899,0.664965,8.653,211.901,0.661906,       29P    781
8.653,211.903,0.657393,8.653,211.906,0.652953,8.653,211.909,          29P    782
0.648312,8.653,211.911,0.644289,8.653,211.914,0.640215,8.653,         29P    783
211.916,0.636574,8.653,211.929,0.614728,8.653,211.942,0.593982,       29P    784
8.653,211.956,0.573047,8.653,211.958,0.570387,8.653,211.96,           29P    785
0.56614,8.653,211.963,0.561937,8.653,211.966,0.557365,8.653,          29P    786
211.969,0.553143,8.653,211.972,0.548528,8.653,211.975,0.544081,       29P    787
8.653,211.994,0.515184,8.653,212.013,0.487936,8.653,212.033,          29P    788
0.461375,8.653,212.034,0.459257,8.653,212.037,0.455607,8.653,         29P    789
212.04,0.451659,8.653,212.043,0.447153,8.653,212.046,0.442693,        29P    790
8.653,212.05,0.437511,8.653,212.054,0.432189,8.653,212.08,            29P    791
0.397436,8.653,212.106,0.364369,8.653,212.132,0.333288,8.653,         29P    792
212.134,0.331351,8.653,212.136,0.328595,8.653,212.139,0.324932,       29P    793
8.653,212.143,0.320586,8.653,212.147,0.315932,8.653,212.152,          29P    794
0.310192,8.653,212.157,0.30398,8.653,212.185,0.271328,8.653,          29P    795
212.213,0.240589,8.653,212.241,0.211759,8.653,212.244,0.208558,       29P    796
8.653,212.247,0.205197,8.653,212.251,0.201001,8.653,212.256,          29P    797
0.196226,8.653,212.262,0.190073,8.653,212.269,0.183167,8.653,         29P    798
212.299,0.152869,8.653,212.328,0.125479,8.653,212.355,0.100482,       29P    799
8.653,212.357,0.0992085,8.653,212.358,0.0979873,8.653,212.36,         29P    800
0.0960158,8.653,212.363,0.0933738,8.653,212.368,0.0894151,8.653,      29P    801
212.373,0.084618,8.653,212.38,0.0782199,8.653,212.389,0.070853,       29P    802
8.653,212.421,0.0431637,8.653,212.451,0.0185433,8.653,212.479,        29P    803
-0.00331719,8.653,212.481,-0.00465319,8.653,212.483,-0.00682112,      29P    804
8.653,212.487,-0.00958971,8.653,212.492,-0.0132877,8.653,             29P    805
212.498,-0.0179743,8.653,212.507,-0.0244075,8.653,212.517,            29P    806
-0.0319764,8.653,212.55,-0.0568049,8.653,212.582,-0.078459,           29P    807
8.653,212.61,-0.0971397,8.653,212.612,-0.0983142,8.653,212.615,       29P    808
-0.100148,8.653,212.619,-0.102607,8.653,212.624,-0.10598,8.653,       29P    809
212.631,-0.110432,8.653,212.64,-0.116663,8.653,212.652,               29P    810
-0.124161,8.653,212.688,-0.145884,8.653,212.72,-0.164406,8.653,       29P    811
212.749,-0.179789,8.653,212.75,-0.180758,8.653,212.753,-0.18229,      29P    812
8.653,212.757,-0.184414,8.653,212.763,-0.187398,8.653,212.771,        29P    813
-0.191464,8.653,212.782,-0.19724,8.653,212.796,-0.204305,8.653,       29P    814
212.833,-0.222392,8.653,212.866,-0.23722,8.653,212.894,               29P    815
-0.248976,8.653,212.896,-0.249753,8.653,212.899,-0.250987,8.653,      29P    816
212.903,-0.252703,8.653,212.909,-0.255147,8.653,212.918,              29P    817
-0.258572,8.653,212.93,-0.263473,8.653,212.946,-0.269567,8.653,       29P    818
212.985,-0.283316,8.653,213.018,-0.293997,8.653,213.046,              29P    819
-0.301921,8.653,213.047,-0.302351,8.653,213.049,-0.30274,8.653,       29P    820
213.051,-0.303507,8.653,213.055,-0.304631,8.653,213.062,              29P    821
-0.306409,8.653,213.071,-0.308921,8.653,213.085,-0.312543,8.653,      29P    822
213.104,-0.31706,8.653,213.143,-0.32593,8.653,213.176,-0.33216,       29P    823
8.653,213.203,-0.33627,8.653,213.205,-0.336579,8.653,213.208,         29P    824
-0.3371,8.653,213.213,-0.337798,8.653,213.22,-0.338775,8.653,         29P    825
213.23,-0.340147,8.653,213.245,-0.342073,8.653,213.266,               29P    826
-0.344381,8.653,213.305,-0.347955,8.653,213.338,-0.349604,8.653,      29P    827
213.362,-0.350083,8.653,213.363,-0.350104,8.653,213.365,              29P    828
-0.350134,8.653,213.368,-0.350189,8.653,213.373,-0.350249,8.653,      29P    829
213.38,-0.350298,8.653,213.391,-0.350302,8.653,213.408,               29P    830
-0.350121,8.653,213.431,-0.34946,8.653,213.469,-0.34745,8.653,        29P    831
213.501,-0.344535,8.653,213.523,-0.341816,8.653,213.525,              29P    832
-0.341547,8.653,213.529,-0.341033,8.653,213.534,-0.340352,8.653,      29P    833
213.541,-0.339333,8.653,213.552,-0.337745,8.653,213.57,               29P    834
-0.334942,8.653,213.595,-0.330371,8.653,213.633,-0.322603,8.653,      29P    835
213.662,-0.315166,8.653,213.681,-0.309668,8.653,213.686,              29P    836
-0.308377,8.653,213.691,-0.306828,8.653,213.699,-0.304612,8.653,      29P    837
213.71,-0.30119,8.653,213.729,-0.295094,8.653,213.756,-0.285494,      29P    838
8.653,213.782,-0.275305,8.653,213.8,-0.26789,8.653,213.807,           29P    839
-0.264802,8.653,213.812,-0.262799,8.653,213.817,-0.260426,8.653,      29P    840
213.824,-0.257102,8.653,213.836,-0.251958,8.653,213.855,              29P    841
-0.242478,8.653,213.878,-0.23099,8.653,213.895,-0.221555,8.653,       29P    842
213.903,-0.217081,8.653,213.907,-0.21446,8.653,213.912,               29P    843
-0.211706,8.653,213.916,-0.209214,8.653,213.921,-0.206354,8.653,      29P    844
213.931,-0.200413,8.653,213.947,-0.190222,8.653,213.96,               29P    845
-0.181354,8.653,213.968,-0.175916,8.653,213.971,-0.174442,8.653,      29P    846
213.974,-0.171956,8.653,213.978,-0.169546,8.653,213.982,              29P    847
-0.166599,8.653,213.987,-0.162845,8.653,213.997,-0.155852,8.653,      29P    848
214.004,-0.150042,8.653,214.01,-0.145904,8.653,214.01,-0.145552,      29P    849
8.653,214.011,-0.14499,8.653,214.011,-0.14478,8.653,214.012,          29P    850
-0.144046,8.653,214.013,-0.143521,8.653,214.015,-0.142244,8.653,      29P    851
214.016,-0.141491,8.653,214.018,-0.139291,8.653,214.021,              29P    852
-0.137438,8.653,214.023,-0.135573,8.653,214.024,-0.134735,8.653,      29P    853
214.026,-0.13335,8.653,214.028,-0.131959,8.653,214.031,               29P    854
-0.129631,8.653,214.033,-0.127762,8.653,214.036,-0.125511,8.653,      29P    855
214.037,-0.124642,8.653,214.038,-0.12332,8.653,214.04,-0.121774,      29P    856
8.653,214.043,-0.119409,8.653,214.045,-0.117719,8.653,214.046,        29P    857
-0.11634,8.653,214.048,-0.11532,8.653,214.05,-0.11364,8.653,          29P    858
214.053,-0.11109,8.653,214.055,-0.108988,8.653,214.057,               29P    859
-0.107038,8.653,214.058,-0.106247,8.653,214.059,-0.105167,8.653,      29P    860
214.06,-0.104879,8.653,214.06,-0.104141,8.653,214.062,-0.103045,      29P    861
8.653,214.063,-0.101946,8.653,214.065,-0.100192,8.653,214.067,        29P    862
-0.0984432,8.653,214.07,-0.0954586,8.653,214.072,-0.0935784,          29P    863
8.653,214.074,-0.0919274,8.653,214.077,-0.0892669,8.653,214.08,       29P    864
-0.0865865,8.653,214.084,-0.0821203,8.653,214.087,-0.079919,          29P    865
8.653,214.089,-0.077264,8.653,214.091,-0.0752765,8.653,214.094,       29P    866
-0.072833,8.653,214.096,-0.0708226,8.653,214.097,-0.0699053,          29P    867
8.653,214.097,-0.069158,8.653,214.099,-0.0672313,8.653,214.102,       29P    868
-0.0641967,8.653,214.107,-0.0597747,8.653,214.111,-0.0557386,         29P    869
8.653,214.113,-0.0532846,8.653,214.116,-0.0503962,8.653,214.119,      29P    870
-0.0471457,8.653,214.121,-0.0436553,8.653,214.122,-0.0418641,         29P    871
8.653,214.125,-0.0384053,8.653,214.127,-0.0340447,8.653,214.129,      29P    872
-0.0258317,8.653,214.128,-0.0170577,8.653,214.125,-0.00882874,        29P    873
8.653,214.123,-0.00482946,8.653,214.122,-0.00296994,8.653,            29P    874
214.121,-0.00144375,8.653,214.119,0.000890023,8.653,214.117,          29P    875
0.00263872,8.653,214.115,0.00430727,8.653,214.115,0.00486802,         29P    876
8.653,214.112,0.00719146,8.653,214.108,0.00906846,8.653,214.101,      29P    877
0.012083,8.653,214.092,0.0142535,8.653,214.084,0.0128429,8.653,       29P    878
214.079,0.00993885,8.653,214.074,0.00749977,8.653,214.063,            29P    879
0.00105172,8.653,214.051,-0.00512747,8.653,214.038,-0.0114543,        29P    880
8.653,214.032,-0.014279,8.653,214.027,-0.0166737,8.653,214.025,       29P    881
-0.0175704,8.653,214.023,-0.0188563,8.653,214.016,-0.0216671,         29P    882
8.653,214.009,-0.0252621,8.653,214.001,-0.0285377,8.653,213.993,      29P    883
-0.0322078,8.653,213.985,-0.0354672,8.653,213.97,-0.0416617,          29P    884
8.653,213.945,-0.0512966,8.653,213.92,-0.0596928,8.653,213.904,       29P    885
-0.0648568,8.653,213.902,-0.0655346,8.653,213.899,-0.0664206,         29P    886
8.653,213.894,-0.0680484,8.653,213.888,-0.0697787,8.653,213.88,       29P    887
-0.0719996,8.653,213.871,-0.0747619,8.653,213.853,-0.0796576,         29P    888
8.653,213.824,-0.0869608,8.653,213.794,-0.0934015,8.653,213.768,      29P    889
-0.0982425,8.653,213.756,-0.100372,8.653,213.748,-0.101698,           29P    890
8.653,213.744,-0.102353,8.653,213.737,-0.103466,8.653,213.728,        29P    891
-0.104811,8.653,213.716,-0.106482,8.653,213.699,-0.108623,8.653,      29P    892
213.672,-0.111662,8.653,213.645,-0.113975,8.653,213.617,              29P    893
-0.115717,8.653,213.602,-0.116382,8.653,213.591,-0.116743,8.653,      29P    894
213.588,-0.116828,8.653,213.585,-0.116937,8.653,213.578,              29P    895
-0.117112,8.653,213.569,-0.117275,8.653,213.558,-0.117396,8.653,      29P    896
213.543,-0.117434,8.653,213.519,-0.117169,8.653,213.494,              29P    897
-0.116337,8.653,213.464,-0.114765,8.653,213.445,-0.113402,8.653,      29P    898
213.429,-0.112015,8.653,213.425,-0.111629,8.653,213.418,              29P    899
-0.111018,8.653,213.41,-0.11022,8.653,213.4,-0.109141,8.653,          29P    900
213.387,-0.107665,8.653,213.365,-0.105004,8.653,213.343,              29P    901
-0.101873,8.653,213.312,-0.0969355,8.653,213.292,-0.0932652,          29P    902
8.653,213.274,-0.0897323,8.653,213.27,-0.0890807,8.653,213.266,       29P    903
-0.0882381,8.653,213.26,-0.0869995,8.653,213.253,-0.0854551,          29P    904
8.653,213.244,-0.0834939,8.653,213.232,-0.0809844,8.653,213.214,      29P    905
-0.0766951,8.653,213.195,-0.0719671,8.653,213.163,-0.0636454,         29P    906
8.653,213.14,-0.0571136,8.653,213.119,-0.05076,8.653,213.115,         29P    907
-0.0496588,8.653,213.111,-0.0484228,8.653,213.106,-0.0467036,         29P    908
8.653,213.099,-0.0446102,8.653,213.091,-0.0420439,8.653,213.081,      29P    909
-0.0389049,8.653,213.066,-0.033631,8.653,213.049,-0.0278987,          29P    910
8.653,213.017,-0.0161648,8.653,212.991,-0.00640004,8.653,             29P    911
212.968,0.00316518,8.653,212.964,0.00469518,8.653,212.96,             29P    912
0.00621884,8.653,212.956,0.00824316,8.653,212.95,0.0106844,           29P    913
8.653,212.943,0.0136015,8.653,212.935,0.0170419,8.653,212.922,        29P    914
0.0227348,8.653,212.908,0.0288928,8.653,212.875,0.0438648,8.653,      29P    915
212.848,0.0568741,8.653,212.822,0.0696683,8.653,212.818,              29P    916
0.0715237,8.653,212.815,0.0732063,8.653,212.81,0.0753558,8.653,       29P    917
212.805,0.077906,8.653,212.8,0.0808924,8.653,212.793,0.0842992,       29P    918
8.653,212.782,0.0898858,8.653,212.771,0.0959096,8.653,212.737,        29P    919
0.113723,8.653,212.708,0.12976,8.653,212.68,0.145698,8.653,           29P    920
212.677,0.147746,8.653,212.674,0.149484,8.653,212.67,0.151593,        29P    921
8.653,212.666,0.154074,8.653,212.661,0.156912,8.653,212.655,          29P    922
0.160071,8.653,212.647,0.165224,8.653,212.637,0.170798,8.653,         29P    923
212.603,0.191364,8.653,212.572,0.210604,8.653,212.543,0.229855,       29P    924
8.653,212.54,0.232013,8.653,212.537,0.233714,8.653,212.534,           29P    925
0.235709,8.653,212.53,0.238023,8.653,212.526,0.240627,8.653,          29P    926
212.522,0.243451,8.653,212.515,0.248021,8.653,212.508,0.252943,       29P    927
8.653,212.473,0.276302,8.653,212.441,0.298647,8.653,212.41,           29P    928
0.321177,8.653,212.407,0.323294,8.653,212.405,0.324864,8.653,         29P    929
212.402,0.326619,8.653,212.4,0.328642,8.653,212.396,0.330881,         29P    930
8.653,212.393,0.333261,8.653,212.388,0.337108,8.653,212.382,          29P    931
0.341229,8.653,212.347,0.367354,8.653,212.314,0.392879,8.653,         29P    932
212.281,0.418741,8.653,212.279,0.420678,8.653,212.277,0.422044,       29P    933
8.653,212.275,0.4235,8.653,212.273,0.425186,8.653,212.271,            29P    934
0.427011,8.653,212.268,0.428882,8.653,212.265,0.431907,8.653,         29P    935
212.26,0.435144,8.653,212.224,0.464158,8.653,212.19,0.492835,         29P    936
8.653,212.156,0.522144,8.653,212.154,0.523991,8.653,212.152,          29P    937
0.525675,8.653,212.15,0.52692,8.653,212.149,0.528224,8.653,           29P    938
212.147,0.52956,8.653,212.145,0.531702,8.653,212.142,0.534019,        29P    939
8.653,212.112,0.560005,8.653,212.084,0.585776,8.653,212.055,          29P    940
0.611813,8.653,212.054,0.61315,8.653,212.052,0.614542,8.653,          29P    941
212.051,0.615736,8.653,212.05,0.616994,8.653,212.048,0.618407,        29P    942
8.653,212.047,0.619896,8.653,212.023,0.642008,8.653,211.999,          29P    943
0.663895,8.653,211.976,0.68618,8.653,211.975,0.687348,8.653,          29P    944
211.974,0.688511,8.653,211.972,0.689834,8.653,211.954,0.707699,       29P    945
8.653,211.936,0.725728,8.653,211.918,0.743545,8.653,211.917,          29P    946
0.744419,8.653,211.904,0.756996,8.653,211.892,0.76934,8.653,          29P    947
211.88,0.7815,8.653,211.896,0.808826,8.77219,211.895,0.809967,        29P    948
8.77219,211.894,0.811115,8.77219,211.891,0.812413,8.77219,            29P    949
211.889,0.813092,8.77219,211.887,0.813566,8.77219,211.886,            29P    950
0.8138,8.77219,211.885,0.813933,8.77219,211.884,0.814017,             29P    951
8.77219,211.882,0.814055,8.77219,211.88,0.813934,8.77219,             29P    952
211.879,0.813674,8.77219,211.877,0.813399,8.77219,211.876,            29P    953
0.813076,8.77219,211.875,0.812645,8.77219,211.874,0.8121,             29P    954
8.77219,211.873,0.811802,8.77219,211.872,0.811139,8.77219,            29P    955
211.87,0.810369,8.77219,211.869,0.809461,8.77219,211.868,             29P    956
0.808522,8.77219,211.867,0.807316,8.77219,211.866,0.805947,           29P    957
8.77219,211.865,0.804165,8.77219,211.863,0.802316,8.77219,            29P    958
211.863,0.799972,8.77219,211.862,0.798575,8.77219,211.862,            29P    959
0.797778,8.77219,211.862,0.796985,8.77219,211.862,0.795537,           29P    960
8.77219,211.862,0.794521,8.77219,211.861,0.792479,8.77219,            29P    961
211.862,0.791087,8.77219,211.862,0.788306,8.77219,211.863,            29P    962
0.786917,8.77219,211.863,0.784556,8.77219,211.864,0.783571,           29P    963
8.77219,211.865,0.782194,8.77219,211.865,0.781767,8.77219,            29P    964
211.867,0.776841,8.77219,211.87,0.771692,8.77219,211.873,             29P    965
0.765747,8.77219,211.875,0.762931,8.77219,211.877,0.759578,           29P    966
8.77219,211.879,0.754881,8.77219,211.882,0.750296,8.77219,            29P    967
211.884,0.745655,8.77219,211.887,0.741831,8.77219,211.889,            29P    968
0.738149,8.77219,211.89,0.735084,8.77219,211.898,0.721025,            29P    969
8.77219,211.906,0.707833,8.77219,211.914,0.694702,8.77219,            29P    970
211.915,0.692464,8.77219,211.917,0.689403,8.77219,211.919,            29P    971
0.684886,8.77219,211.922,0.680443,8.77219,211.925,0.675797,           29P    972
8.77219,211.927,0.671771,8.77219,211.93,0.667692,8.77219,             29P    973
211.932,0.664047,8.77219,211.945,0.642174,8.77219,211.958,            29P    974
0.621386,8.77219,211.971,0.600397,8.77219,211.973,0.59773,            29P    975
8.77219,211.976,0.593472,8.77219,211.978,0.589257,8.77219,            29P    976
211.981,0.584673,8.77219,211.984,0.580439,8.77219,211.987,            29P    977
0.57581,8.77219,211.99,0.57135,8.77219,212.009,0.542364,8.77219,      29P    978
212.028,0.515017,8.77219,212.047,0.488343,8.77219,212.049,            29P    979
0.486215,8.77219,212.051,0.482549,8.77219,212.054,0.478584,           29P    980
8.77219,212.057,0.474058,8.77219,212.061,0.469577,8.77219,            29P    981
212.064,0.464371,8.77219,212.068,0.459025,8.77219,212.094,            29P    982
0.424103,8.77219,212.12,0.390845,8.77219,212.145,0.35954,             29P    983
8.77219,212.147,0.357589,8.77219,212.149,0.354813,8.77219,            29P    984
212.152,0.351122,8.77219,212.156,0.346744,8.77219,212.16,             29P    985
0.342054,8.77219,212.165,0.336269,8.77219,212.17,0.330007,            29P    986
8.77219,212.198,0.297083,8.77219,212.225,0.266037,8.77219,            29P    987
212.252,0.236872,8.77219,212.255,0.233633,8.77219,212.258,            29P    988
0.230232,8.77219,212.262,0.225986,8.77219,212.267,0.221153,           29P    989
8.77219,212.273,0.214923,8.77219,212.28,0.207929,8.77219,             29P    990
212.309,0.177237,8.77219,212.337,0.149436,8.77219,212.365,            29P    991
0.124002,8.77219,212.366,0.122707,8.77219,212.367,0.121464,           29P    992
8.77219,212.369,0.119457,8.77219,212.372,0.116768,8.77219,            29P    993
212.377,0.112737,8.77219,212.382,0.107851,8.77219,212.389,            29P    994
0.101332,8.77219,212.397,0.0938214,8.77219,212.429,0.0655737,         29P    995
8.77219,212.458,0.0403779,8.77219,212.486,0.0179429,8.77219,          29P    996
212.488,0.0165717,8.77219,212.49,0.0143462,8.77219,212.494,           29P    997
0.0115035,8.77219,212.499,0.00770535,8.77219,212.505,0.00289009,      29P    998
8.77219,212.513,-0.00372307,8.77219,212.523,-0.0115092,8.77219,       29P    999
212.556,-0.0370703,8.77219,212.587,-0.0594418,8.77219,212.615,        29P   1000
-0.0788241,8.77219,212.616,-0.080043,8.77219,212.619,-0.0819468,      29P   1001
8.77219,212.623,-0.0844995,8.77219,212.628,-0.0880035,8.77219,        29P   1002
212.635,-0.0926309,8.77219,212.644,-0.0991144,8.77219,212.656,        29P   1003
-0.106926,8.77219,212.691,-0.129595,8.77219,212.722,-0.149036,        29P   1004
8.77219,212.75,-0.165284,8.77219,212.752,-0.166308,8.77219,           29P   1005
212.755,-0.167926,8.77219,212.759,-0.170173,8.77219,212.764,          29P   1006
-0.17333,8.77219,212.772,-0.177637,8.77219,212.783,-0.183765,         29P   1007
8.77219,212.797,-0.191278,8.77219,212.833,-0.210566,8.77219,          29P   1008
212.865,-0.226534,8.77219,212.893,-0.23932,8.77219,212.895,           29P   1009
-0.240165,8.77219,212.898,-0.241507,8.77219,212.902,-0.243378,        29P   1010
8.77219,212.908,-0.246044,8.77219,212.916,-0.249787,8.77219,          29P   1011
212.929,-0.255159,8.77219,212.945,-0.261867,8.77219,212.982,          29P   1012
-0.277084,8.77219,213.015,-0.289113,8.77219,213.042,-0.298207,        29P   1013
8.77219,213.044,-0.2987,8.77219,213.045,-0.299148,8.77219,            29P   1014
213.048,-0.30003,8.77219,213.052,-0.301325,8.77219,213.058,           29P   1015
-0.30338,8.77219,213.068,-0.306293,8.77219,213.081,-0.310523,         29P   1016
8.77219,213.1,-0.315854,8.77219,213.138,-0.32648,8.77219,             29P   1017
213.171,-0.334283,8.77219,213.198,-0.33969,8.77219,213.2,             29P   1018
-0.340097,8.77219,213.203,-0.340787,8.77219,213.208,-0.341717,        29P   1019
8.77219,213.214,-0.343032,8.77219,213.224,-0.344902,8.77219,          29P   1020
213.24,-0.34759,8.77219,213.26,-0.350952,8.77219,213.299,             29P   1021
-0.356543,8.77219,213.332,-0.359927,8.77219,213.356,-0.361733,        29P   1022
8.77219,213.357,-0.361815,8.77219,213.359,-0.361937,8.77219,          29P   1023
213.362,-0.362179,8.77219,213.367,-0.362511,8.77219,213.374,          29P   1024
-0.362956,8.77219,213.385,-0.363546,8.77219,213.401,-0.364288,        29P   1025
8.77219,213.425,-0.364941,8.77219,213.463,-0.365163,8.77219,          29P   1026
213.494,-0.3641,8.77219,213.517,-0.362714,8.77219,213.519,            29P   1027
-0.362575,8.77219,213.523,-0.362306,8.77219,213.528,-0.361938,        29P   1028
8.77219,213.535,-0.36137,8.77219,213.546,-0.360451,8.77219,           29P   1029
213.564,-0.35874,8.77219,213.59,-0.355756,8.77219,213.628,            29P   1030
-0.350332,8.77219,213.658,-0.344788,8.77219,213.677,-0.34056,         29P   1031
8.77219,213.682,-0.339564,8.77219,213.687,-0.338364,8.77219,          29P   1032
213.695,-0.336636,8.77219,213.706,-0.33395,8.77219,213.726,           29P   1033
-0.329111,8.77219,213.754,-0.321361,8.77219,213.78,-0.312974,         29P   1034
8.77219,213.799,-0.306791,8.77219,213.806,-0.304204,8.77219,          29P   1035
213.811,-0.302523,8.77219,213.816,-0.300527,8.77219,213.824,          29P   1036
-0.297724,8.77219,213.835,-0.293371,8.77219,213.856,-0.285301,        29P   1037
8.77219,213.879,-0.275423,8.77219,213.897,-0.267239,8.77219,          29P   1038
213.905,-0.263343,8.77219,213.91,-0.261059,8.77219,213.915,           29P   1039
-0.258655,8.77219,213.919,-0.256476,8.77219,213.924,-0.253973,        29P   1040
8.77219,213.934,-0.248765,8.77219,213.951,-0.239795,8.77219,          29P   1041
213.965,-0.231949,8.77219,213.974,-0.227125,8.77219,213.976,          29P   1042
-0.225817,8.77219,213.98,-0.22361,8.77219,213.984,-0.221468,          29P   1043
8.77219,213.988,-0.218846,8.77219,213.994,-0.215504,8.77219,          29P   1044
214.004,-0.209269,8.77219,214.012,-0.204076,8.77219,214.018,          29P   1045
-0.200371,8.77219,214.018,-0.200056,8.77219,214.019,-0.199553,        29P   1046
8.77219,214.019,-0.199365,8.77219,214.02,-0.198707,8.77219,           29P   1047
214.021,-0.198237,8.77219,214.023,-0.197093,8.77219,214.024,          29P   1048
-0.196418,8.77219,214.027,-0.194446,8.77219,214.029,-0.192783,        29P   1049
8.77219,214.032,-0.191109,8.77219,214.033,-0.190356,8.77219,          29P   1050
214.035,-0.189112,8.77219,214.037,-0.187862,8.77219,214.04,           29P   1051
-0.18577,8.77219,214.042,-0.184089,8.77219,214.045,-0.182063,         29P   1052
8.77219,214.046,-0.18128,8.77219,214.048,-0.18009,8.77219,            29P   1053
214.05,-0.178698,8.77219,214.053,-0.176566,8.77219,214.055,           29P   1054
-0.175043,8.77219,214.057,-0.173799,8.77219,214.058,-0.172878,        29P   1055
8.77219,214.06,-0.171362,8.77219,214.063,-0.16906,8.77219,            29P   1056
214.066,-0.16716,8.77219,214.068,-0.165398,8.77219,214.069,           29P   1057
-0.164686,8.77219,214.071,-0.163719,8.77219,214.071,-0.163461,        29P   1058
8.77219,214.072,-0.162803,8.77219,214.073,-0.161828,8.77219,          29P   1059
214.074,-0.160858,8.77219,214.077,-0.159316,8.77219,214.079,          29P   1060
-0.157792,8.77219,214.082,-0.155229,8.77219,214.084,-0.15364,         29P   1061
8.77219,214.086,-0.152263,8.77219,214.09,-0.150051,8.77219,           29P   1062
214.093,-0.147878,8.77219,214.098,-0.144299,8.77219,214.101,          29P   1063
-0.142555,8.77219,214.104,-0.140457,8.77219,214.106,-0.138875,        29P   1064
8.77219,214.109,-0.136866,8.77219,214.112,-0.135132,8.77219,          29P   1065
214.113,-0.134332,8.77219,214.114,-0.133673,8.77219,214.116,          29P   1066
-0.131938,8.77219,214.119,-0.129097,8.77219,214.124,-0.124595,        29P   1067
8.77219,214.128,-0.12002,8.77219,214.13,-0.117092,8.77219,            29P   1068
214.132,-0.113602,8.77219,214.134,-0.109624,8.77219,214.136,          29P   1069
-0.105439,8.77219,214.137,-0.103316,8.77219,214.138,-0.0992626,       29P   1070
8.77219,214.138,-0.0944892,8.77219,214.138,-0.0861826,8.77219,        29P   1071
214.135,-0.0780466,8.77219,214.13,-0.0711083,8.77219,214.127,         29P   1072
-0.0680716,8.77219,214.125,-0.0667209,8.77219,214.124,                29P   1073
-0.0656834,8.77219,214.121,-0.0642214,8.77219,214.119,                29P   1074
-0.0632908,8.77219,214.117,-0.0626173,8.77219,214.116,                29P   1075
-0.0624276,8.77219,214.113,-0.0617368,8.77219,214.11,-0.0612535,      29P   1076
8.77219,214.102,-0.0607023,8.77219,214.094,-0.0607087,8.77219,        29P   1077
214.086,-0.0625328,8.77219,214.08,-0.064855,8.77219,214.076,          29P   1078
-0.0668034,8.77219,214.063,-0.0719388,8.77219,214.051,                29P   1079
-0.0768228,8.77219,214.037,-0.0817902,8.77219,214.031,                29P   1080
-0.0839992,8.77219,214.026,-0.0858657,8.77219,214.024,                29P   1081
-0.0865637,8.77219,214.021,-0.0875638,8.77219,214.015,                29P   1082
-0.0897463,8.77219,214.006,-0.0925248,8.77219,213.999,                29P   1083
-0.0950423,8.77219,213.99,-0.0978545,8.77219,213.982,-0.100338,       29P   1084
8.77219,213.966,-0.105026,8.77219,213.94,-0.112241,8.77219,           29P   1085
213.915,-0.118351,8.77219,213.898,-0.122022,8.77219,213.896,          29P   1086
-0.122503,8.77219,213.893,-0.123131,8.77219,213.888,-0.124279,        29P   1087
8.77219,213.882,-0.12549,8.77219,213.874,-0.127033,8.77219,           29P   1088
213.864,-0.128935,8.77219,213.846,-0.132251,8.77219,213.816,          29P   1089
-0.137033,8.77219,213.786,-0.140954,8.77219,213.76,-0.143663,         29P   1090
8.77219,213.747,-0.144783,8.77219,213.739,-0.145451,8.77219,          29P   1091
213.735,-0.145774,8.77219,213.728,-0.146313,8.77219,213.719,          29P   1092
-0.146931,8.77219,213.707,-0.147643,8.77219,213.69,-0.148471,         29P   1093
8.77219,213.663,-0.149392,8.77219,213.636,-0.149602,8.77219,          29P   1094
213.607,-0.149223,8.77219,213.593,-0.148783,8.77219,213.582,          29P   1095
-0.148338,8.77219,213.579,-0.148224,8.77219,213.575,-0.148055,        29P   1096
8.77219,213.568,-0.147725,8.77219,213.56,-0.147261,8.77219,           29P   1097
213.549,-0.146574,8.77219,213.534,-0.145545,8.77219,213.509,          29P   1098
-0.143548,8.77219,213.485,-0.141002,8.77219,213.455,-0.137384,        29P   1099
8.77219,213.436,-0.134746,8.77219,213.42,-0.132314,8.77219,           29P   1100
213.416,-0.131647,8.77219,213.41,-0.130607,8.77219,213.402,           29P   1101
-0.129285,8.77219,213.392,-0.127547,8.77219,213.379,-0.125232,        29P   1102
8.77219,213.357,-0.121204,8.77219,213.336,-0.116705,8.77219,          29P   1103
213.305,-0.109855,8.77219,213.285,-0.104955,8.77219,213.267,          29P   1104
-0.10036,8.77219,213.264,-0.0995152,8.77219,213.26,-0.0984271,        29P   1105
8.77219,213.254,-0.0968335,8.77219,213.246,-0.0948597,8.77219,        29P   1106
213.237,-0.0923728,8.77219,213.226,-0.0892127,8.77219,213.208,        29P   1107
-0.083868,8.77219,213.189,-0.0780747,8.77219,213.158,-0.0680117,      29P   1108
8.77219,213.135,-0.0602654,8.77219,213.115,-0.0528387,8.77219,        29P   1109
213.111,-0.0515539,8.77219,213.107,-0.0501145,8.77219,213.102,        29P   1110
-0.0481155,8.77219,213.095,-0.0456887,8.77219,213.087,                29P   1111
-0.0427241,8.77219,213.078,-0.0391088,8.77219,213.063,                29P   1112
-0.0330621,8.77219,213.046,-0.0265393,8.77219,213.015,                29P   1113
-0.0132698,8.77219,212.99,-0.00235997,8.77219,212.967,                29P   1114
0.00822818,8.77219,212.963,0.00991987,8.77219,212.96,0.0116028,       29P   1115
8.77219,212.955,0.013837,8.77219,212.949,0.0165272,8.77219,           29P   1116
212.942,0.0197359,8.77219,212.935,0.0235148,8.77219,212.922,          29P   1117
0.0297537,8.77219,212.908,0.0364766,8.77219,212.876,0.0527692,        29P   1118
8.77219,212.849,0.0668131,8.77219,212.824,0.0805396,8.77219,          29P   1119
212.82,0.0825287,8.77219,212.817,0.0843316,8.77219,212.813,           29P   1120
0.0866338,8.77219,212.808,0.0893628,8.77219,212.802,0.0925556,        29P   1121
8.77219,212.796,0.0961951,8.77219,212.785,0.102156,8.77219,           29P   1122
212.774,0.108572,8.77219,212.741,0.12751,8.77219,212.712,             29P   1123
0.144471,8.77219,212.685,0.161242,8.77219,212.682,0.163395,           29P   1124
8.77219,212.679,0.165222,8.77219,212.675,0.167438,8.77219,            29P   1125
212.671,0.170045,8.77219,212.666,0.173024,8.77219,212.661,            29P   1126
0.176338,8.77219,212.652,0.18174,8.77219,212.643,0.187575,            29P   1127
8.77219,212.61,0.20908,8.77219,212.58,0.229089,8.77219,212.551,       29P   1128
0.249032,8.77219,212.547,0.251267,8.77219,212.545,0.253028,           29P   1129
8.77219,212.542,0.255092,8.77219,212.538,0.257487,8.77219,            29P   1130
212.534,0.260181,8.77219,212.53,0.263101,8.77219,212.524,             29P   1131
0.267825,8.77219,212.516,0.27291,8.77219,212.482,0.297027,            29P   1132
8.77219,212.451,0.320021,8.77219,212.42,0.343133,8.77219,             29P   1133
212.417,0.345306,8.77219,212.415,0.346915,8.77219,212.412,            29P   1134
0.348715,8.77219,212.41,0.350788,8.77219,212.407,0.353084,            29P   1135
8.77219,212.403,0.355522,8.77219,212.398,0.359464,8.77219,            29P   1136
212.393,0.363684,8.77219,212.358,0.390427,8.77219,212.325,            29P   1137
0.416475,8.77219,212.293,0.442802,8.77219,212.291,0.444773,           29P   1138
8.77219,212.289,0.446164,8.77219,212.287,0.447645,8.77219,            29P   1139
212.285,0.449361,8.77219,212.283,0.451218,8.77219,212.28,             29P   1140
0.453121,8.77219,212.277,0.456199,8.77219,212.273,0.45949,            29P   1141
8.77219,212.237,0.488991,8.77219,212.203,0.518083,8.77219,            29P   1142
212.17,0.547745,8.77219,212.168,0.549615,8.77219,212.166,             29P   1143
0.551318,8.77219,212.164,0.552578,8.77219,212.163,0.553897,           29P   1144
8.77219,212.161,0.555249,8.77219,212.159,0.557416,8.77219,            29P   1145
212.156,0.559759,8.77219,212.127,0.586038,8.77219,212.098,            29P   1146
0.612047,8.77219,212.07,0.638251,8.77219,212.069,0.639597,            29P   1147
8.77219,212.067,0.640997,8.77219,212.066,0.642198,8.77219,            29P   1148
212.065,0.643464,8.77219,212.063,0.644886,8.77219,212.061,            29P   1149
0.646383,8.77219,212.038,0.668622,8.77219,212.015,0.690631,           29P   1150
8.77219,211.992,0.713025,8.77219,211.991,0.714199,8.77219,            29P   1151
211.989,0.715367,8.77219,211.988,0.716697,8.77219,211.97,             29P   1152
0.734647,8.77219,211.952,0.75275,8.77219,211.934,0.770662,            29P   1153
8.77219,211.933,0.77154,8.77219,211.92,0.784184,8.77219,211.908,      29P   1154
0.796604,8.77219,211.896,0.808826,8.77219,211.935,0.870908,           29P   1155
9.06844,211.934,0.872026,9.06844,211.932,0.873179,9.06844,            29P   1156
211.93,0.874518,9.06844,211.928,0.875237,9.06844,211.926,             29P   1157
0.875761,9.06844,211.925,0.876031,9.06844,211.924,0.876194,           29P   1158
9.06844,211.923,0.876309,9.06844,211.921,0.876391,9.06844,            29P   1159
211.919,0.876321,9.06844,211.918,0.876097,9.06844,211.916,            29P   1160
0.87585,9.06844,211.915,0.875553,9.06844,211.914,0.875145,            29P   1161
9.06844,211.913,0.874623,9.06844,211.912,0.874334,9.06844,            29P   1162
211.911,0.873689,9.06844,211.91,0.872934,9.06844,211.908,             29P   1163
0.872036,9.06844,211.907,0.871103,9.06844,211.906,0.869899,           29P   1164
9.06844,211.905,0.868523,9.06844,211.904,0.866724,9.06844,            29P   1165
211.902,0.864852,9.06844,211.901,0.862465,9.06844,211.901,            29P   1166
0.861038,9.06844,211.901,0.860224,9.06844,211.901,0.859412,           29P   1167
9.06844,211.901,0.857926,9.06844,211.901,0.85689,9.06844,             29P   1168
211.901,0.854813,9.06844,211.901,0.853411,9.06844,211.901,            29P   1169
0.850634,9.06844,211.902,0.849253,9.06844,211.903,0.84691,            29P   1170
9.06844,211.903,0.845941,9.06844,211.904,0.844604,9.06844,            29P   1171
211.904,0.844183,9.06844,211.907,0.839254,9.06844,211.909,            29P   1172
0.834101,9.06844,211.913,0.82815,9.06844,211.914,0.825331,            29P   1173
9.06844,211.916,0.821975,9.06844,211.918,0.817273,9.06844,            29P   1174
211.921,0.812682,9.06844,211.924,0.808037,9.06844,211.926,            29P   1175
0.804208,9.06844,211.928,0.800522,9.06844,211.929,0.797453,           29P   1176
9.06844,211.937,0.783378,9.06844,211.945,0.77017,9.06844,             29P   1177
211.952,0.757017,9.06844,211.953,0.754775,9.06844,211.955,            29P   1178
0.751709,9.06844,211.958,0.747184,9.06844,211.96,0.742732,            29P   1179
9.06844,211.963,0.738075,9.06844,211.965,0.734039,9.06844,            29P   1180
211.968,0.72995,9.06844,211.97,0.726295,9.06844,211.983,              29P   1181
0.704358,9.06844,211.995,0.683475,9.06844,212.009,0.662366,           29P   1182
9.06844,212.01,0.659684,9.06844,212.013,0.6554,9.06844,212.016,       29P   1183
0.65116,9.06844,212.018,0.646547,9.06844,212.021,0.642285,            29P   1184
9.06844,212.024,0.637626,9.06844,212.027,0.633135,9.06844,            29P   1185
212.046,0.603949,9.06844,212.064,0.576376,9.06844,212.082,            29P   1186
0.549442,9.06844,212.084,0.547294,9.06844,212.086,0.543592,           29P   1187
9.06844,212.089,0.539586,9.06844,212.092,0.535014,9.06844,            29P   1188
212.095,0.530487,9.06844,212.099,0.525226,9.06844,212.103,            29P   1189
0.519821,9.06844,212.128,0.484514,9.06844,212.153,0.450818,           29P   1190
9.06844,212.178,0.419002,9.06844,212.179,0.417019,9.06844,            29P   1191
212.181,0.414196,9.06844,212.184,0.410443,9.06844,212.188,            29P   1192
0.405989,9.06844,212.192,0.401218,9.06844,212.196,0.39533,            29P   1193
9.06844,212.201,0.388953,9.06844,212.228,0.355409,9.06844,            29P   1194
212.255,0.323664,9.06844,212.281,0.293735,9.06844,212.284,            29P   1195
0.290411,9.06844,212.287,0.286919,9.06844,212.29,0.282558,            29P   1196
9.06844,212.295,0.277593,9.06844,212.301,0.271188,9.06844,            29P   1197
212.307,0.263995,9.06844,212.336,0.232406,9.06844,212.363,            29P   1198
0.203674,9.06844,212.389,0.177249,9.06844,212.39,0.175903,            29P   1199
9.06844,212.391,0.174611,9.06844,212.393,0.172525,9.06844,            29P   1200
212.396,0.169728,9.06844,212.4,0.165535,9.06844,212.405,              29P   1201
0.160448,9.06844,212.412,0.153655,9.06844,212.42,0.145819,            29P   1202
9.06844,212.45,0.11631,9.06844,212.479,0.0898178,9.06844,             29P   1203
212.505,0.0660881,9.06844,212.507,0.0646374,9.06844,212.509,          29P   1204
0.0622824,9.06844,212.513,0.0592726,9.06844,212.517,0.0552488,        29P   1205
9.06844,212.523,0.0501436,9.06844,212.531,0.0431247,9.06844,          29P   1206
212.54,0.0348489,9.06844,212.572,0.00763532,9.06844,212.601,          29P   1207
-0.016356,9.06844,212.628,-0.0373186,9.06844,212.63,-0.0386373,       29P   1208
9.06844,212.632,-0.0406977,9.06844,212.636,-0.0434627,9.06844,        29P   1209
212.641,-0.0472615,9.06844,212.647,-0.0522842,9.06844,212.656,        29P   1210
-0.0593347,9.06844,212.668,-0.067852,9.06844,212.701,-0.0926443,      29P   1211
9.06844,212.731,-0.114145,9.06844,212.758,-0.132335,9.06844,          29P   1212
212.759,-0.133482,9.06844,212.762,-0.135295,9.06844,212.766,          29P   1213
-0.137816,9.06844,212.771,-0.141363,9.06844,212.778,-0.146212,        29P   1214
9.06844,212.789,-0.15313,9.06844,212.802,-0.16165,9.06844,            29P   1215
212.836,-0.183639,9.06844,212.867,-0.202176,9.06844,212.894,          29P   1216
-0.21729,9.06844,212.896,-0.21829,9.06844,212.899,-0.21988,           29P   1217
9.06844,212.903,-0.222099,9.06844,212.908,-0.225269,9.06844,          29P   1218
212.916,-0.229732,9.06844,212.928,-0.236172,9.06844,212.943,          29P   1219
-0.244275,9.06844,212.979,-0.262835,9.06844,213.011,-0.277948,        29P   1220
9.06844,213.037,-0.289726,9.06844,213.039,-0.290366,9.06844,          29P   1221
213.04,-0.290947,9.06844,213.043,-0.292093,9.06844,213.046,           29P   1222
-0.293782,9.06844,213.053,-0.296471,9.06844,213.062,-0.300308,        29P   1223
9.06844,213.075,-0.305936,9.06844,213.092,-0.313143,9.06844,          29P   1224
213.13,-0.327818,9.06844,213.162,-0.339263,9.06844,213.187,           29P   1225
-0.347688,9.06844,213.189,-0.348325,9.06844,213.192,-0.349407,        29P   1226
9.06844,213.197,-0.350877,9.06844,213.204,-0.352978,9.06844,          29P   1227
213.213,-0.356008,9.06844,213.228,-0.360476,9.06844,213.248,          29P   1228
-0.366302,9.06844,213.286,-0.376624,9.06844,213.318,-0.384096,        29P   1229
9.06844,213.342,-0.389048,9.06844,213.343,-0.389276,9.06844,          29P   1230
213.345,-0.389616,9.06844,213.348,-0.390301,9.06844,213.353,          29P   1231
-0.391278,9.06844,213.36,-0.392661,9.06844,213.371,-0.394646,         29P   1232
9.06844,213.387,-0.397583,9.06844,213.41,-0.40137,9.06844,            29P   1233
213.448,-0.406935,9.06844,213.48,-0.410327,9.06844,213.502,           29P   1234
-0.41217,9.06844,213.504,-0.412348,9.06844,213.508,-0.41267,          29P   1235
9.06844,213.513,-0.413063,9.06844,213.521,-0.413587,9.06844,          29P   1236
213.532,-0.414295,9.06844,213.55,-0.415244,9.06844,213.576,           29P   1237
-0.416141,9.06844,213.614,-0.416488,9.06844,213.645,-0.415644,        29P   1238
9.06844,213.665,-0.414588,9.06844,213.67,-0.414329,9.06844,           29P   1239
213.675,-0.413999,9.06844,213.683,-0.413494,9.06844,213.695,          29P   1240
-0.412654,9.06844,213.715,-0.410979,9.06844,213.744,-0.407909,        29P   1241
9.06844,213.772,-0.404111,9.06844,213.791,-0.40108,9.06844,           29P   1242
213.799,-0.399779,9.06844,213.804,-0.398926,9.06844,213.809,          29P   1243
-0.397901,9.06844,213.817,-0.396437,9.06844,213.83,-0.394124,         29P   1244
9.06844,213.851,-0.389704,9.06844,213.876,-0.384027,9.06844,          29P   1245
213.895,-0.379124,9.06844,213.904,-0.376755,9.06844,213.909,          29P   1246
-0.375359,9.06844,213.914,-0.373879,9.06844,213.919,-0.372527,        29P   1247
9.06844,213.924,-0.370969,9.06844,213.936,-0.367705,9.06844,          29P   1248
213.954,-0.361988,9.06844,213.97,-0.356878,9.06844,213.979,           29P   1249
-0.353703,9.06844,213.981,-0.35284,9.06844,213.985,-0.351381,         29P   1250
9.06844,213.989,-0.34996,9.06844,213.994,-0.348215,9.06844,214.,      29P   1251
-0.345982,9.06844,214.012,-0.341792,9.06844,214.021,-0.338268,        29P   1252
9.06844,214.027,-0.335738,9.06844,214.028,-0.335523,9.06844,          29P   1253
214.029,-0.335179,9.06844,214.029,-0.33505,9.06844,214.03,            29P   1254
-0.3346,9.06844,214.031,-0.334278,9.06844,214.033,-0.333494,          29P   1255
9.06844,214.034,-0.333031,9.06844,214.037,-0.331676,9.06844,          29P   1256
214.04,-0.330532,9.06844,214.043,-0.329377,9.06844,214.044,           29P   1257
-0.328857,9.06844,214.046,-0.327997,9.06844,214.048,-0.32713,         29P   1258
9.06844,214.052,-0.325673,9.06844,214.055,-0.324509,9.06844,          29P   1259
214.058,-0.323115,9.06844,214.059,-0.322579,9.06844,214.061,          29P   1260
-0.321764,9.06844,214.063,-0.320797,9.06844,214.067,-0.319281,        29P   1261
9.06844,214.069,-0.318174,9.06844,214.071,-0.317255,9.06844,          29P   1262
214.073,-0.31657,9.06844,214.075,-0.315428,9.06844,214.079,           29P   1263
-0.313655,9.06844,214.082,-0.312144,9.06844,214.084,-0.310721,        29P   1264
9.06844,214.085,-0.310148,9.06844,214.087,-0.309374,9.06844,          29P   1265
214.087,-0.309168,9.06844,214.088,-0.308644,9.06844,214.09,           29P   1266
-0.30787,9.06844,214.091,-0.307109,9.06844,214.094,-0.305908,         29P   1267
9.06844,214.096,-0.304738,9.06844,214.1,-0.302831,9.06844,            29P   1268
214.102,-0.301697,9.06844,214.105,-0.300751,9.06844,214.108,          29P   1269
-0.299253,9.06844,214.112,-0.297893,9.06844,214.118,-0.295745,        29P   1270
9.06844,214.121,-0.294759,9.06844,214.125,-0.293631,9.06844,          29P   1271
214.128,-0.292763,9.06844,214.131,-0.291554,9.06844,214.134,          29P   1272
-0.290375,9.06844,214.135,-0.289817,9.06844,214.136,-0.28934,         29P   1273
9.06844,214.139,-0.288015,9.06844,214.143,-0.285618,9.06844,          29P   1274
214.148,-0.281104,9.06844,214.151,-0.275663,9.06844,214.152,          29P   1275
-0.271934,9.06844,214.153,-0.267417,9.06844,214.153,-0.262187,        29P   1276
9.06844,214.152,-0.256794,9.06844,214.152,-0.254094,9.06844,          29P   1277
214.151,-0.24901,9.06844,214.148,-0.243559,9.06844,214.143,           29P   1278
-0.235239,9.06844,214.136,-0.228447,9.06844,214.127,-0.224006,        29P   1279
9.06844,214.121,-0.222774,9.06844,214.119,-0.22237,9.06844,           29P   1280
214.117,-0.222236,9.06844,214.113,-0.222376,9.06844,214.111,          29P   1281
-0.222938,9.06844,214.108,-0.22407,9.06844,214.107,-0.224552,         29P   1282
9.06844,214.103,-0.226815,9.06844,214.1,-0.228834,9.06844,            29P   1283
214.093,-0.232649,9.06844,214.085,-0.236423,9.06844,214.077,          29P   1284
-0.238635,9.06844,214.071,-0.239533,9.06844,214.066,-0.240282,        29P   1285
9.06844,214.052,-0.242209,9.06844,214.039,-0.243933,9.06844,          29P   1286
214.024,-0.245589,9.06844,214.018,-0.246299,9.06844,214.012,          29P   1287
-0.24688,9.06844,214.01,-0.247095,9.06844,214.007,-0.2474,            29P   1288
9.06844,214.,-0.248054,9.06844,213.991,-0.248849,9.06844,             29P   1289
213.983,-0.249525,9.06844,213.974,-0.250254,9.06844,213.965,          29P   1290
-0.250855,9.06844,213.948,-0.251892,9.06844,213.921,-0.253248,        29P   1291
9.06844,213.895,-0.253837,9.06844,213.877,-0.253914,9.06844,          29P   1292
213.875,-0.253921,9.06844,213.872,-0.253926,9.06844,213.867,          29P   1293
-0.25392,9.06844,213.86,-0.253883,9.06844,213.852,-0.253797,          29P   1294
9.06844,213.842,-0.253634,9.06844,213.823,-0.253161,9.06844,          29P   1295
213.793,-0.251912,9.06844,213.762,-0.249836,9.06844,213.736,          29P   1296
-0.247486,9.06844,213.723,-0.246219,9.06844,213.715,-0.24533,         29P   1297
9.06844,213.711,-0.244871,9.06844,213.704,-0.244051,9.06844,          29P   1298
213.695,-0.242956,9.06844,213.682,-0.241412,9.06844,213.666,          29P   1299
-0.23915,9.06844,213.639,-0.235101,9.06844,213.611,-0.230396,         29P   1300
9.06844,213.583,-0.225075,9.06844,213.569,-0.222066,9.06844,          29P   1301
213.558,-0.219752,9.06844,213.555,-0.219176,9.06844,213.552,          29P   1302
-0.218361,9.06844,213.545,-0.21686,9.06844,213.536,-0.214942,         29P   1303
9.06844,213.525,-0.212387,9.06844,213.511,-0.208887,9.06844,          29P   1304
213.487,-0.202895,9.06844,213.463,-0.196401,9.06844,213.434,          29P   1305
-0.18808,9.06844,213.415,-0.18252,9.06844,213.4,-0.177694,            29P   1306
9.06844,213.396,-0.176385,9.06844,213.39,-0.174363,9.06844,           29P   1307
213.382,-0.171843,9.06844,213.372,-0.168601,9.06844,213.36,           29P   1308
-0.164369,9.06844,213.339,-0.15723,9.06844,213.318,-0.149621,         29P   1309
9.06844,213.289,-0.138436,9.06844,213.269,-0.130755,9.06844,          29P   1310
213.252,-0.123765,9.06844,213.249,-0.122484,9.06844,213.245,          29P   1311
-0.120843,9.06844,213.239,-0.118448,9.06844,213.233,-0.115507,        29P   1312
9.06844,213.224,-0.111837,9.06844,213.213,-0.107213,9.06844,          29P   1313
213.196,-0.0994948,9.06844,213.178,-0.0913094,9.06844,213.148,        29P   1314
-0.0773402,9.06844,213.126,-0.0668741,9.06844,213.107,                29P   1315
-0.0570481,9.06844,213.103,-0.0553527,9.06844,213.1,-0.0534587,       29P   1316
9.06844,213.094,-0.0508345,9.06844,213.088,-0.0476632,9.06844,        29P   1317
213.081,-0.0438093,9.06844,213.072,-0.039131,9.06844,213.057,         29P   1318
-0.031361,9.06844,213.042,-0.0230775,9.06844,213.011,                 29P   1319
-0.00639133,9.06844,212.988,0.00706102,9.06844,212.966,               29P   1320
0.0199184,9.06844,212.963,0.0219687,9.06844,212.959,0.024005,         29P   1321
9.06844,212.955,0.0267046,9.06844,212.949,0.0299468,9.06844,          29P   1322
212.943,0.0338023,9.06844,212.935,0.0383313,9.06844,212.923,          29P   1323
0.0457804,9.06844,212.91,0.0537556,9.06844,212.88,0.0729752,          29P   1324
9.06844,212.854,0.0893129,9.06844,212.83,0.105107,9.06844,            29P   1325
212.827,0.107393,9.06844,212.824,0.109463,9.06844,212.82,             29P   1326
0.112104,9.06844,212.815,0.11523,9.06844,212.81,0.118881,             29P   1327
9.06844,212.804,0.123037,9.06844,212.794,0.12983,9.06844,             29P   1328
212.783,0.137116,9.06844,212.752,0.158556,9.06844,212.724,            29P   1329
0.177572,9.06844,212.699,0.196199,9.06844,212.695,0.198588,           29P   1330
9.06844,212.692,0.200614,9.06844,212.689,0.203069,9.06844,            29P   1331
212.685,0.205954,9.06844,212.68,0.209249,9.06844,212.675,             29P   1332
0.212909,9.06844,212.667,0.218868,9.06844,212.658,0.225288,           29P   1333
9.06844,212.626,0.248892,9.06844,212.598,0.270633,9.06844,            29P   1334
212.57,0.292137,9.06844,212.567,0.294545,9.06844,212.564,             29P   1335
0.296442,9.06844,212.561,0.298664,9.06844,212.558,0.301241,           29P   1336
9.06844,212.554,0.304137,9.06844,212.55,0.307276,9.06844,             29P   1337
212.544,0.312349,9.06844,212.537,0.317802,9.06844,212.504,            29P   1338
0.343634,9.06844,212.474,0.368102,9.06844,212.444,0.392542,           29P   1339
9.06844,212.442,0.394838,9.06844,212.44,0.396538,9.06844,             29P   1340
212.437,0.39844,9.06844,212.435,0.400629,9.06844,212.432,             29P   1341
0.403052,9.06844,212.429,0.405625,9.06844,212.424,0.409782,           29P   1342
9.06844,212.418,0.414228,9.06844,212.385,0.442384,9.06844,            29P   1343
212.353,0.469632,9.06844,212.322,0.497033,9.06844,212.32,             29P   1344
0.499083,9.06844,212.318,0.50053,9.06844,212.316,0.502071,            29P   1345
9.06844,212.314,0.503855,9.06844,212.312,0.505786,9.06844,            29P   1346
212.31,0.507764,9.06844,212.306,0.510961,9.06844,212.302,             29P   1347
0.514381,9.06844,212.268,0.545008,9.06844,212.235,0.575064,           29P   1348
9.06844,212.202,0.605558,9.06844,212.2,0.60748,9.06844,212.199,       29P   1349
0.60923,9.06844,212.197,0.610524,9.06844,212.196,0.611879,            29P   1350
9.06844,212.194,0.613268,9.06844,212.192,0.615493,9.06844,            29P   1351
212.189,0.617899,9.06844,212.161,0.644868,9.06844,212.133,            29P   1352
0.67145,9.06844,212.105,0.698087,9.06844,212.104,0.699454,            29P   1353
9.06844,212.103,0.700877,9.06844,212.101,0.702097,9.06844,212.1,      29P   1354
0.703383,9.06844,212.099,0.704829,9.06844,212.097,0.706349,           29P   1355
9.06844,212.074,0.728922,9.06844,212.051,0.751248,9.06844,            29P   1356
212.029,0.77392,9.06844,212.028,0.775108,9.06844,212.027,             29P   1357
0.776291,9.06844,212.025,0.777637,9.06844,212.007,0.795807,           29P   1358
9.06844,211.989,0.814108,9.06844,211.972,0.832244,9.06844,            29P   1359
211.971,0.833134,9.06844,211.959,0.845938,9.06844,211.947,            29P   1360
0.858541,9.06844,211.935,0.870908,9.06844,211.995,0.944869,           29P   1361
9.53428,211.994,0.946058,9.53428,211.992,0.947282,9.53428,            29P   1362
211.99,0.948692,9.53428,211.988,0.949442,9.53428,211.986,             29P   1363
0.949974,9.53428,211.985,0.950239,9.53428,211.983,0.95039,            29P   1364
9.53428,211.982,0.950487,9.53428,211.981,0.95053,9.53428,             29P   1365
211.979,0.950395,9.53428,211.977,0.950104,9.53428,211.976,            29P   1366
0.949798,9.53428,211.975,0.949439,9.53428,211.974,0.948963,           29P   1367
9.53428,211.972,0.948362,9.53428,211.972,0.948035,9.53428,            29P   1368
211.971,0.947312,9.53428,211.969,0.946475,9.53428,211.968,            29P   1369
0.945493,9.53428,211.967,0.944487,9.53428,211.966,0.943206,           29P   1370
9.53428,211.965,0.941781,9.53428,211.964,0.939945,9.53428,            29P   1371
211.963,0.938056,9.53428,211.962,0.935701,9.53428,211.962,            29P   1372
0.93431,9.53428,211.962,0.933519,9.53428,211.962,0.932734,            29P   1373
9.53428,211.962,0.931311,9.53428,211.962,0.930315,9.53428,            29P   1374
211.962,0.928318,9.53428,211.963,0.926951,9.53428,211.963,            29P   1375
0.924219,9.53428,211.964,0.922903,9.53428,211.965,0.920806,           29P   1376
9.53428,211.966,0.919894,9.53428,211.966,0.918546,9.53428,            29P   1377
211.966,0.918126,9.53428,211.969,0.913236,9.53428,211.972,            29P   1378
0.908124,9.53428,211.975,0.90222,9.53428,211.977,0.899422,            29P   1379
9.53428,211.978,0.896092,9.53428,211.981,0.891425,9.53428,            29P   1380
211.983,0.886868,9.53428,211.986,0.882257,9.53428,211.988,            29P   1381
0.878456,9.53428,211.99,0.874796,9.53428,211.992,0.871748,            29P   1382
9.53428,211.999,0.85777,9.53428,212.007,0.844645,9.53428,             29P   1383
212.014,0.831568,9.53428,212.016,0.829339,9.53428,212.017,            29P   1384
0.826291,9.53428,212.02,0.821791,9.53428,212.022,0.817364,            29P   1385
9.53428,212.025,0.812732,9.53428,212.027,0.808718,9.53428,            29P   1386
212.03,0.80465,9.53428,212.032,0.801014,9.53428,212.045,              29P   1387
0.779191,9.53428,212.057,0.758407,9.53428,212.07,0.737373,            29P   1388
9.53428,212.072,0.7347,9.53428,212.074,0.73043,9.53428,212.077,       29P   1389
0.726203,9.53428,212.08,0.721603,9.53428,212.083,0.717353,            29P   1390
9.53428,212.085,0.712705,9.53428,212.088,0.708224,9.53428,            29P   1391
212.107,0.679094,9.53428,212.124,0.651508,9.53428,212.142,            29P   1392
0.62449,9.53428,212.144,0.622335,9.53428,212.146,0.61862,             29P   1393
9.53428,212.149,0.6146,9.53428,212.152,0.610009,9.53428,212.155,      29P   1394
0.605462,9.53428,212.159,0.600176,9.53428,212.163,0.594744,           29P   1395
9.53428,212.187,0.559244,9.53428,212.211,0.525242,9.53428,            29P   1396
212.235,0.493057,9.53428,212.236,0.491051,9.53428,212.238,            29P   1397
0.488195,9.53428,212.241,0.484397,9.53428,212.244,0.479889,           29P   1398
9.53428,212.248,0.475059,9.53428,212.253,0.469096,9.53428,            29P   1399
212.257,0.462636,9.53428,212.283,0.428644,9.53428,212.309,            29P   1400
0.396391,9.53428,212.334,0.365817,9.53428,212.336,0.362421,           29P   1401
9.53428,212.339,0.358851,9.53428,212.343,0.354389,9.53428,            29P   1402
212.347,0.349307,9.53428,212.353,0.342747,9.53428,212.359,            29P   1403
0.335371,9.53428,212.386,0.302942,9.53428,212.412,0.273256,           29P   1404
9.53428,212.436,0.245846,9.53428,212.437,0.24445,9.53428,             29P   1405
212.439,0.243109,9.53428,212.441,0.240945,9.53428,212.443,            29P   1406
0.238042,9.53428,212.447,0.233687,9.53428,212.452,0.228403,           29P   1407
9.53428,212.458,0.221343,9.53428,212.466,0.213193,9.53428,            29P   1408
212.494,0.182478,9.53428,212.521,0.154788,9.53428,212.546,            29P   1409
0.129803,9.53428,212.547,0.128276,9.53428,212.55,0.125795,            29P   1410
9.53428,212.553,0.122622,9.53428,212.557,0.118376,9.53428,            29P   1411
212.563,0.112985,9.53428,212.57,0.105562,9.53428,212.579,             29P   1412
0.0967912,9.53428,212.609,0.067882,9.53428,212.636,0.042143,          29P   1413
9.53428,212.661,0.0194728,9.53428,212.663,0.0180463,9.53428,          29P   1414
212.665,0.0158166,9.53428,212.669,0.0128224,9.53428,212.673,          29P   1415
0.00870509,9.53428,212.679,0.00325564,9.53428,212.688,                29P   1416
-0.00440579,9.53428,212.698,-0.0136809,9.53428,212.729,               29P   1417
-0.0407414,9.53428,212.757,-0.0644324,9.53428,212.782,                29P   1418
-0.0847226,9.53428,212.784,-0.086002,9.53428,212.786,-0.0880269,      29P   1419
9.53428,212.79,-0.0908444,9.53428,212.795,-0.0948151,9.53428,         29P   1420
212.801,-0.100254,9.53428,212.811,-0.108037,9.53428,212.823,          29P   1421
-0.117666,9.53428,212.855,-0.142657,9.53428,212.884,-0.16413,         29P   1422
9.53428,212.908,-0.182026,9.53428,212.91,-0.18321,9.53428,            29P   1423
212.913,-0.185096,9.53428,212.916,-0.187734,9.53428,212.922,          29P   1424
-0.191513,9.53428,212.929,-0.196854,9.53428,212.94,-0.204607,         29P   1425
9.53428,212.954,-0.214452,9.53428,212.987,-0.237265,9.53428,          29P   1426
213.016,-0.256472,9.53428,213.04,-0.271916,9.53428,213.041,           29P   1427
-0.272756,9.53428,213.043,-0.273519,9.53428,213.045,-0.275028,        29P   1428
9.53428,213.048,-0.277255,9.53428,213.054,-0.28082,9.53428,           29P   1429
213.062,-0.285934,9.53428,213.074,-0.293507,9.53428,213.09,           29P   1430
-0.303349,9.53428,213.124,-0.323771,9.53428,213.154,-0.340514,        29P   1431
9.53428,213.177,-0.353452,9.53428,213.179,-0.354432,9.53428,          29P   1432
213.182,-0.356102,9.53428,213.186,-0.358386,9.53428,213.192,          29P   1433
-0.361672,9.53428,213.201,-0.366464,9.53428,213.215,-0.373655,        29P   1434
9.53428,213.233,-0.383306,9.53428,213.268,-0.401092,9.53428,          29P   1435
213.297,-0.415218,9.53428,213.319,-0.425392,9.53428,213.32,           29P   1436
-0.425862,9.53428,213.322,-0.426565,9.53428,213.325,-0.427987,        29P   1437
9.53428,213.329,-0.43004,9.53428,213.336,-0.432992,9.53428,           29P   1438
213.345,-0.437319,9.53428,213.36,-0.443966,9.53428,213.382,           29P   1439
-0.453101,9.53428,213.417,-0.467892,9.53428,213.447,-0.479152,        29P   1440
9.53428,213.467,-0.486818,9.53428,213.469,-0.487565,9.53428,          29P   1441
213.473,-0.488956,9.53428,213.478,-0.49073,9.53428,213.485,           29P   1442
-0.493246,9.53428,213.495,-0.496931,9.53428,213.512,-0.502797,        29P   1443
9.53428,213.537,-0.510982,9.53428,213.573,-0.522407,9.53428,          29P   1444
213.603,-0.530808,9.53428,213.622,-0.53607,9.53428,213.627,           29P   1445
-0.537282,9.53428,213.632,-0.538694,9.53428,213.64,-0.540639,         29P   1446
9.53428,213.651,-0.54351,9.53428,213.67,-0.548228,9.53428,            29P   1447
213.699,-0.554692,9.53428,213.727,-0.560343,9.53428,213.746,          29P   1448
-0.563855,9.53428,213.753,-0.565233,9.53428,213.758,-0.566108,        29P   1449
9.53428,213.764,-0.567109,9.53428,213.772,-0.568451,9.53428,          29P   1450
213.785,-0.570423,9.53428,213.807,-0.573716,9.53428,213.832,          29P   1451
-0.577011,9.53428,213.851,-0.579203,9.53428,213.861,-0.580144,        29P   1452
9.53428,213.866,-0.580677,9.53428,213.871,-0.581208,9.53428,          29P   1453
213.876,-0.581659,9.53428,213.882,-0.582161,9.53428,213.894,          29P   1454
-0.583141,9.53428,213.913,-0.584543,9.53428,213.929,-0.585429,        29P   1455
9.53428,213.939,-0.585862,9.53428,213.942,-0.585974,9.53428,          29P   1456
213.946,-0.586152,9.53428,213.951,-0.586305,9.53428,213.956,          29P   1457
-0.586473,9.53428,213.963,-0.586662,9.53428,213.975,-0.586926,        29P   1458
9.53428,213.985,-0.587024,9.53428,213.991,-0.587038,9.53428,          29P   1459
213.992,-0.587038,9.53428,213.993,-0.587039,9.53428,213.993,          29P   1460
-0.587039,9.53428,213.995,-0.587039,9.53428,213.995,-0.587038,        29P   1461
9.53428,213.998,-0.587032,9.53428,213.999,-0.587027,9.53428,          29P   1462
214.003,-0.587007,9.53428,214.006,-0.58698,9.53428,214.009,           29P   1463
-0.586939,9.53428,214.01,-0.586919,9.53428,214.012,-0.586888,         29P   1464
9.53428,214.015,-0.586859,9.53428,214.018,-0.586816,9.53428,          29P   1465
214.021,-0.586732,9.53428,214.025,-0.586547,9.53428,214.026,          29P   1466
-0.58646,9.53428,214.029,-0.586318,9.53428,214.031,-0.586216,         29P   1467
9.53428,214.035,-0.586217,9.53428,214.037,-0.586318,9.53429,          29P   1468
214.039,-0.586467,9.53429,214.041,-0.586603,9.53429,214.044,          29P   1469
-0.586885,9.53429,214.047,-0.587485,9.53429,214.051,-0.588204,        29P   1470
9.53429,214.054,-0.58896,9.53429,214.055,-0.589228,9.53429,           29P   1471
214.057,-0.589529,9.53429,214.057,-0.589602,9.53429,214.059,          29P   1472
-0.589774,9.53429,214.06,-0.589988,9.53429,214.062,-0.590094,         29P   1473
9.53429,214.065,-0.590149,9.53429,214.068,-0.590008,9.53429,          29P   1474
214.073,-0.589135,9.53429,214.076,-0.588121,9.53429,214.078,          29P   1475
-0.586897,9.53428,214.082,-0.58475,9.53428,214.085,-0.581579,         29P   1476
9.53428,214.089,-0.575469,9.53428,214.091,-0.57198,9.53428,           29P   1477
214.092,-0.56739,9.53428,214.093,-0.56393,9.53428,214.093,            29P   1478
-0.559443,9.53428,214.093,-0.555624,9.53428,214.093,-0.55387,         29P   1479
9.53428,214.093,-0.552451,9.53428,214.092,-0.548851,9.53428,          29P   1480
214.091,-0.543374,9.53428,214.087,-0.536187,9.53428,214.083,          29P   1481
-0.530833,9.53428,214.079,-0.528353,9.53428,214.075,-0.525766,        29P   1482
9.53428,214.071,-0.523955,9.53428,214.066,-0.524052,9.53428,          29P   1483
214.063,-0.524448,9.53428,214.058,-0.525181,9.53428,214.052,          29P   1484
-0.525866,9.53428,214.043,-0.526678,9.53428,214.035,-0.527003,        29P   1485
9.53428,214.026,-0.526576,9.53428,214.022,-0.525983,9.53428,          29P   1486
214.02,-0.525639,9.53428,214.018,-0.525279,9.53428,214.015,           29P   1487
-0.524594,9.53428,214.013,-0.523904,9.53428,214.011,-0.523023,        29P   1488
9.53428,214.01,-0.522689,9.53428,214.006,-0.521207,9.53428,           29P   1489
214.003,-0.519816,9.53428,213.995,-0.517005,9.53428,213.987,          29P   1490
-0.51395,9.53428,213.979,-0.511349,9.53428,213.973,-0.509611,         29P   1491
9.53428,213.968,-0.508137,9.53428,213.955,-0.504122,9.53428,          29P   1492
213.942,-0.500005,9.53428,213.928,-0.495538,9.53428,213.922,          29P   1493
-0.493476,9.53428,213.916,-0.491681,9.53428,213.914,-0.491002,        29P   1494
9.53428,213.912,-0.490022,9.53428,213.905,-0.487851,9.53428,          29P   1495
213.897,-0.484977,9.53428,213.889,-0.48225,9.53428,213.88,            29P   1496
-0.47913,9.53428,213.872,-0.476252,9.53428,213.856,-0.470549,         29P   1497
9.53428,213.831,-0.461101,9.53428,213.806,-0.451581,9.53428,          29P   1498
213.79,-0.44511,9.53428,213.788,-0.444254,9.53428,213.786,            29P   1499
-0.443126,9.53428,213.78,-0.441019,9.53428,213.775,-0.438715,         29P   1500
9.53428,213.767,-0.435677,9.53428,213.758,-0.431778,9.53428,          29P   1501
213.741,-0.424473,9.53428,213.713,-0.412421,9.53428,213.685,          29P   1502
-0.399724,9.53428,213.661,-0.388545,9.53428,213.65,-0.383143,         29P   1503
9.53428,213.643,-0.379574,9.53428,213.639,-0.377769,9.53428,          29P   1504
213.632,-0.374619,9.53428,213.624,-0.3706,9.53428,213.613,            29P   1505
-0.365228,9.53428,213.598,-0.35776,9.53428,213.574,-0.345435,         29P   1506
9.53428,213.55,-0.332723,9.53428,213.525,-0.319487,9.53428,           29P   1507
213.512,-0.312417,9.53428,213.502,-0.307172,9.53428,213.5,            29P   1508
-0.305872,9.53428,213.497,-0.304048,9.53428,213.491,-0.300721,        29P   1509
9.53428,213.483,-0.296546,9.53428,213.473,-0.291108,9.53428,          29P   1510
213.46,-0.283815,9.53428,213.439,-0.271747,9.53428,213.418,           29P   1511
-0.259336,9.53428,213.392,-0.244038,9.53428,213.376,-0.234195,        29P   1512
9.53428,213.362,-0.225903,9.53428,213.359,-0.223665,9.53428,          29P   1513
213.353,-0.220228,9.53428,213.346,-0.215987,9.53428,213.338,          29P   1514
-0.210598,9.53428,213.326,-0.203648,9.53428,213.308,-0.192135,        29P   1515
9.53428,213.29,-0.180239,9.53428,213.263,-0.163182,9.53428,           29P   1516
213.246,-0.151826,9.53428,213.231,-0.141724,9.53428,213.228,          29P   1517
-0.139879,9.53428,213.225,-0.137523,9.53428,213.22,-0.134098,         29P   1518
9.53428,213.213,-0.129918,9.53428,213.206,-0.124741,9.53428,          29P   1519
213.196,-0.118265,9.53428,213.181,-0.107573,9.53428,213.164,          29P   1520
-0.0964374,9.53428,213.138,-0.0777027,9.53428,213.118,                29P   1521
-0.0639827,9.53428,213.101,-0.0513347,9.53428,213.098,                29P   1522
-0.0491577,9.53428,213.094,-0.0467316,9.53428,213.09,-0.0433774,      29P   1523
9.53428,213.084,-0.0393402,9.53428,213.077,-0.0344575,9.53428,        29P   1524
213.069,-0.0285551,9.53428,213.056,-0.0188156,9.53428,213.042,        29P   1525
-0.00854681,9.53428,213.015,0.0119378,9.53428,212.993,0.0281375,      29P   1526
9.53428,212.973,0.0433962,9.53428,212.97,0.045825,9.53428,            29P   1527
212.967,0.0482332,9.53428,212.963,0.0514217,9.53428,212.958,          29P   1528
0.0552415,9.53428,212.952,0.0597709,9.53428,212.945,0.0650786,        29P   1529
9.53428,212.934,0.0737769,9.53428,212.922,0.0830326,9.53428,          29P   1530
212.894,0.105227,9.53428,212.871,0.123855,9.53428,212.848,            29P   1531
0.141698,9.53428,212.845,0.144278,9.53428,212.842,0.146612,           29P   1532
9.53428,212.839,0.149587,9.53428,212.834,0.153105,9.53428,            29P   1533
212.829,0.157208,9.53428,212.824,0.161873,9.53428,212.814,            29P   1534
0.169486,9.53428,212.804,0.177627,9.53428,212.775,0.201531,           29P   1535
9.53428,212.75,0.222567,9.53428,212.726,0.24303,9.53428,212.723,      29P   1536
0.245653,9.53428,212.72,0.247876,9.53428,212.717,0.250569,            29P   1537
9.53428,212.713,0.253731,9.53428,212.709,0.257338,9.53428,            29P   1538
212.704,0.261343,9.53428,212.697,0.267855,9.53428,212.688,            29P   1539
0.27486,9.53428,212.658,0.300568,9.53428,212.631,0.324077,            29P   1540
9.53428,212.605,0.347185,9.53428,212.602,0.349772,9.53428,212.6,      29P   1541
0.351808,9.53428,212.597,0.354193,9.53428,212.594,0.356957,           29P   1542
9.53428,212.591,0.360062,9.53428,212.587,0.363425,9.53428,            29P   1543
212.581,0.368857,9.53428,212.574,0.37469,9.53428,212.543,             29P   1544
0.402287,9.53428,212.515,0.428264,9.53428,212.487,0.454062,           29P   1545
9.53428,212.484,0.456484,9.53428,212.482,0.458278,9.53428,            29P   1546
212.48,0.460283,9.53428,212.477,0.462591,9.53428,212.475,             29P   1547
0.465144,9.53428,212.472,0.467854,9.53428,212.467,0.47223,            29P   1548
9.53428,212.462,0.476908,9.53428,212.43,0.506506,9.53428,212.4,       29P   1549
0.534978,9.53428,212.37,0.563445,9.53428,212.368,0.565575,            29P   1550
9.53428,212.366,0.567076,9.53428,212.365,0.568676,9.53428,            29P   1551
212.363,0.570528,9.53428,212.361,0.572531,9.53428,212.358,            29P   1552
0.574583,9.53428,212.355,0.577899,9.53428,212.351,0.581443,           29P   1553
9.53428,212.318,0.613169,9.53428,212.287,0.644121,9.53428,            29P   1554
212.255,0.675399,9.53428,212.253,0.67737,9.53428,212.251,             29P   1555
0.679164,9.53428,212.25,0.680492,9.53428,212.249,0.681881,            29P   1556
9.53428,212.247,0.683304,9.53428,212.245,0.685584,9.53428,            29P   1557
212.242,0.688049,9.53428,212.215,0.715688,9.53428,212.188,            29P   1558
0.742838,9.53428,212.161,0.770132,9.53428,212.16,0.771533,            29P   1559
9.53428,212.158,0.772992,9.53428,212.157,0.774242,9.53428,            29P   1560
212.156,0.775559,9.53428,212.154,0.777031,9.53428,212.153,            29P   1561
0.778589,9.53428,212.13,0.801747,9.53428,212.109,0.824539,            29P   1562
9.53428,212.087,0.847553,9.53428,212.085,0.848759,9.53428,            29P   1563
212.084,0.849959,9.53428,212.083,0.851324,9.53428,212.065,            29P   1564
0.869731,9.53428,212.048,0.888158,9.53428,212.031,0.906315,           29P   1565
9.53428,212.03,0.907206,9.53428,212.018,0.92002,9.53428,212.006,      29P   1566
0.932527,9.53428,211.995,0.944869,9.53428,212.04,1.00013,             29P   1567
10.0389,212.039,1.00134,10.0389,212.038,1.00259,10.0389,212.035,      29P   1568
1.00402,10.0389,212.033,1.00477,10.0389,212.031,1.00529,10.0389,      29P   1569
212.03,1.00554,10.0389,212.029,1.00567,10.0389,212.028,1.00573,       29P   1570
10.0389,212.026,1.00572,10.0389,212.024,1.0055,10.0389,212.023,       29P   1571
1.00513,10.0389,212.022,1.00476,10.0389,212.02,1.00432,10.0389,       29P   1572
212.019,1.00377,10.0389,212.018,1.00307,10.0389,212.018,1.00269,      29P   1573
10.0389,212.016,1.00186,10.0389,212.015,1.00089,10.0389,212.014,      29P   1574
0.999787,10.0389,212.013,0.998669,10.0389,212.012,0.997257,           29P   1575
10.0389,212.011,0.995704,10.0389,212.011,0.993717,10.0389,            29P   1576
212.01,0.991693,10.0389,212.01,0.989204,10.0389,212.01,0.987759,      29P   1577
10.0389,212.01,0.986941,10.0389,212.01,0.986132,10.0389,212.01,       29P   1578
0.98467,10.0389,212.01,0.983656,10.0389,212.011,0.981637,             29P   1579
10.0389,212.011,0.980337,10.0389,212.013,0.977977,10.0389,            29P   1580
212.013,0.976763,10.0389,212.014,0.974586,10.0389,212.015,            29P   1581
0.973653,10.0389,212.016,0.972301,10.0389,212.016,0.971878,           29P   1582
10.0389,212.019,0.96695,10.0389,212.021,0.961796,10.0389,             29P   1583
212.025,0.955841,10.0389,212.026,0.953019,10.0389,212.028,            29P   1584
0.949659,10.0389,212.03,0.94495,10.0389,212.033,0.940352,             29P   1585
10.0389,212.035,0.935696,10.0389,212.038,0.931859,10.0389,            29P   1586
212.04,0.928162,10.0389,212.041,0.925083,10.0389,212.049,             29P   1587
0.910963,10.0389,212.057,0.897692,10.0389,212.064,0.884463,           29P   1588
10.0389,212.065,0.882208,10.0389,212.067,0.879124,10.0389,            29P   1589
212.07,0.87457,10.0389,212.072,0.870089,10.0389,212.075,              29P   1590
0.865402,10.0389,212.077,0.861338,10.0389,212.08,0.85722,             29P   1591
10.0389,212.082,0.853538,10.0389,212.094,0.83144,10.0389,             29P   1592
212.107,0.810379,10.0389,212.12,0.789039,10.0389,212.121,             29P   1593
0.786327,10.0389,212.124,0.781994,10.0389,212.127,0.777704,           29P   1594
10.0389,212.129,0.773034,10.0389,212.132,0.768719,10.0389,            29P   1595
212.135,0.763999,10.0389,212.138,0.759448,10.0389,212.156,            29P   1596
0.729856,10.0389,212.173,0.70179,10.0389,212.191,0.674288,            29P   1597
10.0389,212.193,0.672094,10.0389,212.195,0.668312,10.0389,            29P   1598
212.198,0.664219,10.0389,212.201,0.659545,10.0389,212.204,            29P   1599
0.654916,10.0389,212.207,0.649534,10.0389,212.211,0.644003,           29P   1600
10.0389,212.235,0.607852,10.0389,212.259,0.573195,10.0389,            29P   1601
212.282,0.540267,10.0389,212.284,0.538214,10.0389,212.286,            29P   1602
0.535292,10.0389,212.289,0.531404,10.0389,212.292,0.526787,           29P   1603
10.0389,212.295,0.521839,10.0389,212.3,0.515726,10.0389,212.305,      29P   1604
0.509101,10.0389,212.33,0.474219,10.0389,212.354,0.44099,             29P   1605
10.0389,212.379,0.409458,10.0389,212.381,0.405955,10.0389,            29P   1606
212.384,0.402272,10.0389,212.388,0.397671,10.0389,212.392,            29P   1607
0.392428,10.0389,212.397,0.385659,10.0389,212.403,0.378048,           29P   1608
10.0389,212.43,0.344581,10.0389,212.455,0.313906,10.0389,             29P   1609
212.479,0.285454,10.0389,212.48,0.284004,10.0389,212.481,             29P   1610
0.282613,10.0389,212.483,0.280365,10.0389,212.486,0.277349,           29P   1611
10.0389,212.489,0.272824,10.0389,212.494,0.267329,10.0389,212.5,      29P   1612
0.259981,10.0389,212.508,0.25149,10.0389,212.535,0.219452,            29P   1613
10.0389,212.561,0.190415,10.0389,212.585,0.164139,10.0389,            29P   1614
212.586,0.162532,10.0389,212.589,0.159922,10.0389,212.592,            29P   1615
0.156584,10.0389,212.596,0.152115,10.0389,212.601,0.146439,           29P   1616
10.0389,212.608,0.13862,10.0389,212.617,0.129377,10.0389,             29P   1617
212.646,0.0988902,10.0389,212.672,0.0716686,10.0389,212.696,          29P   1618
0.0476046,10.0389,212.697,0.0460903,10.0389,212.7,0.0437228,          29P   1619
10.0389,212.703,0.0405425,10.0389,212.707,0.0361676,10.0389,          29P   1620
212.713,0.0303742,10.0389,212.721,0.0222226,10.0389,212.732,          29P   1621
0.0123429,10.0389,212.761,-0.0165244,10.0389,212.788,-0.0419375,      29P   1622
10.0389,212.812,-0.0638424,10.0389,212.814,-0.065224,10.0389,         29P   1623
212.816,-0.0674111,10.0389,212.819,-0.0704561,10.0389,212.824,        29P   1624
-0.0747507,10.0389,212.83,-0.0806386,10.0389,212.84,-0.0890777,       29P   1625
10.0389,212.851,-0.0995406,10.0389,212.882,-0.126769,10.0389,         29P   1626
212.909,-0.150366,10.0389,212.933,-0.170194,10.0389,212.934,          29P   1627
-0.171507,10.0389,212.937,-0.173598,10.0389,212.94,-0.176525,         29P   1628
10.0389,212.945,-0.180723,10.0389,212.952,-0.186664,10.0389,          29P   1629
212.963,-0.195305,10.0389,212.976,-0.206315,10.0389,213.007,          29P   1630
-0.231926,10.0389,213.034,-0.253738,10.0389,213.057,-0.27148,         29P   1631
10.0389,213.058,-0.272445,10.0389,213.06,-0.273323,10.0389,           29P   1632
213.062,-0.275058,10.0389,213.065,-0.277623,10.0389,213.07,           29P   1633
-0.281734,10.0389,213.078,-0.287644,10.0389,213.089,-0.296427,        29P   1634
10.0389,213.105,-0.3079,10.0389,213.136,-0.331868,10.0389,            29P   1635
213.164,-0.35185,10.0389,213.186,-0.367518,10.0389,213.187,           29P   1636
-0.368705,10.0389,213.19,-0.370731,10.0389,213.194,-0.373505,         29P   1637
10.0389,213.2,-0.377506,10.0389,213.208,-0.383356,10.0389,            29P   1638
213.221,-0.39218,10.0389,213.238,-0.40411,10.0389,213.27,             29P   1639
-0.426329,10.0389,213.297,-0.444397,10.0389,213.318,-0.457693,        29P   1640
10.0389,213.319,-0.458307,10.0389,213.32,-0.459227,10.0389,           29P   1641
213.323,-0.46109,10.0389,213.327,-0.463787,10.0389,213.333,           29P   1642
-0.46768,10.0389,213.342,-0.473416,10.0389,213.356,-0.482303,         29P   1643
10.0389,213.376,-0.494686,10.0389,213.408,-0.515133,10.0389,          29P   1644
213.435,-0.531286,10.0389,213.454,-0.542602,10.0389,213.456,          29P   1645
-0.543707,10.0389,213.46,-0.545769,10.0389,213.464,-0.54841,          29P   1646
10.0389,213.47,-0.552179,10.0389,213.48,-0.557742,10.0389,            29P   1647
213.495,-0.566717,10.0389,213.518,-0.579536,10.0389,213.551,          29P   1648
-0.598075,10.0389,213.578,-0.612558,10.0389,213.596,-0.622078,        29P   1649
10.0389,213.6,-0.624285,10.0389,213.605,-0.626878,10.0389,            29P   1650
213.611,-0.630497,10.0389,213.622,-0.635922,10.0389,213.639,          29P   1651
-0.6451,10.0389,213.665,-0.658377,10.0389,213.69,-0.670999,           29P   1652
10.0389,213.708,-0.679462,10.0389,213.715,-0.682885,10.0389,          29P   1653
213.719,-0.685082,10.0389,213.724,-0.687643,10.0389,213.732,          29P   1654
-0.691157,10.0389,213.743,-0.696473,10.0389,213.763,-0.705862,        29P   1655
10.0389,213.785,-0.716428,10.0389,213.803,-0.724521,10.0389,          29P   1656
213.812,-0.72825,10.0389,213.816,-0.730415,10.0389,213.821,           29P   1657
-0.732656,10.0389,213.826,-0.734653,10.0389,213.831,-0.736929,        29P   1658
10.0389,213.842,-0.741586,10.0389,213.859,-0.749277,10.0389,          29P   1659
213.874,-0.755615,10.0389,213.883,-0.759387,10.0389,213.886,          29P   1660
-0.760405,10.0389,213.89,-0.762109,10.0389,213.894,-0.763741,         29P   1661
10.0389,213.898,-0.765718,10.0389,213.904,-0.768212,10.0389,          29P   1662
213.915,-0.772768,10.0389,213.924,-0.776432,10.0389,213.931,          29P   1663
-0.778989,10.0389,213.931,-0.779206,10.0389,213.932,-0.779552,        29P   1664
10.0389,213.933,-0.779681,10.0389,213.934,-0.780132,10.0389,          29P   1665
213.935,-0.780453,10.0389,213.936,-0.781234,10.0389,213.938,          29P   1666
-0.781693,10.0389,213.941,-0.783024,10.0389,213.944,-0.784141,        29P   1667
10.0389,213.947,-0.785261,10.0389,213.948,-0.785765,10.0389,          29P   1668
213.95,-0.786586,10.0389,213.952,-0.787374,10.0389,213.956,           29P   1669
-0.788646,10.0389,213.958,-0.789796,10.0389,213.961,-0.791405,        29P   1670
10.0389,213.963,-0.792067,10.0389,213.964,-0.793101,10.0389,          29P   1671
213.967,-0.794078,10.0389,213.97,-0.795012,10.0389,213.973,           29P   1672
-0.795321,10.0389,213.975,-0.795333,10.0389,213.977,-0.79525,         29P   1673
10.0389,213.98,-0.794908,10.0389,213.984,-0.79378,10.0389,            29P   1674
213.987,-0.792057,10.0389,213.989,-0.79014,10.0389,213.99,            29P   1675
-0.789288,10.0389,213.992,-0.788035,10.0389,213.992,-0.787693,        29P   1676
10.0389,213.993,-0.786795,10.0389,213.994,-0.785414,10.0389,          29P   1677
213.995,-0.783921,10.0389,213.997,-0.781452,10.0389,213.998,          29P   1678
-0.77885,10.0389,214.,-0.774139,10.0389,214.001,-0.771046,            29P   1679
10.0389,214.001,-0.768375,10.0389,214.001,-0.764084,10.0389,          29P   1680
214.001,-0.759718,10.0389,213.999,-0.752421,10.0389,213.997,          29P   1681
-0.749111,10.0389,213.995,-0.745889,10.0389,213.992,-0.743631,        29P   1682
10.0389,213.989,-0.741514,10.0389,213.986,-0.740473,10.0389,          29P   1683
213.985,-0.740073,10.0389,213.984,-0.739746,10.0389,213.981,          29P   1684
-0.738891,10.0389,213.977,-0.737505,10.0389,213.971,-0.735314,        29P   1685
10.0389,213.966,-0.733048,10.0389,213.964,-0.731493,10.0389,          29P   1686
213.96,-0.729587,10.0389,213.957,-0.727292,10.0389,213.954,           29P   1687
-0.724533,10.0389,213.952,-0.723067,10.0389,213.949,-0.720276,        29P   1688
10.0389,213.945,-0.717029,10.0389,213.938,-0.711441,10.0389,          29P   1689
213.932,-0.705972,10.0389,213.925,-0.700674,10.0389,213.921,          29P   1690
-0.697885,10.0389,213.919,-0.696553,10.0389,213.918,-0.695423,        29P   1691
10.0389,213.915,-0.693636,10.0389,213.913,-0.692224,10.0389,          29P   1692
213.911,-0.690794,10.0389,213.91,-0.690299,10.0389,213.907,           29P   1693
-0.688217,10.0389,213.904,-0.686212,10.0389,213.898,-0.682026,        29P   1694
10.0389,213.892,-0.677288,10.0389,213.885,-0.672646,10.0389,          29P   1695
213.88,-0.669169,10.0389,213.876,-0.666232,10.0389,213.865,           29P   1696
-0.658341,10.0389,213.854,-0.65048,10.0389,213.843,-0.64214,          29P   1697
10.0389,213.837,-0.638339,10.0389,213.833,-0.63506,10.0389,           29P   1698
213.831,-0.633825,10.0389,213.829,-0.632046,10.0389,213.823,          29P   1699
-0.628123,10.0389,213.816,-0.622991,10.0389,213.81,-0.618186,         29P   1700
10.0389,213.802,-0.612724,10.0389,213.796,-0.607744,10.0389,          29P   1701
213.782,-0.597995,10.0389,213.761,-0.58213,10.0389,213.74,            29P   1702
-0.566713,10.0389,213.726,-0.556481,10.0389,213.724,-0.55513,         29P   1703
10.0389,213.722,-0.553352,10.0389,213.718,-0.550045,10.0389,          29P   1704
213.713,-0.546451,10.0389,213.706,-0.54174,10.0389,213.698,           29P   1705
-0.535733,10.0389,213.684,-0.52461,10.0389,213.66,-0.506616,          29P   1706
10.0389,213.635,-0.488234,10.0389,213.615,-0.472398,10.0389,          29P   1707
213.605,-0.464832,10.0389,213.598,-0.459865,10.0389,213.595,          29P   1708
-0.45736,10.0389,213.589,-0.452998,10.0389,213.582,-0.447461,         29P   1709
10.0389,213.572,-0.440108,10.0389,213.559,-0.429952,10.0389,          29P   1710
213.538,-0.413365,10.0389,213.516,-0.396527,10.0389,213.494,          29P   1711
-0.379208,10.0389,213.483,-0.370045,10.0389,213.474,-0.363288,        29P   1712
10.0389,213.472,-0.361615,10.0389,213.469,-0.35927,10.0389,           29P   1713
213.464,-0.355002,10.0389,213.457,-0.349664,10.0389,213.448,          29P   1714
-0.342741,10.0389,213.436,-0.333496,10.0389,213.417,-0.318302,        29P   1715
10.0389,213.398,-0.302858,10.0389,213.375,-0.283999,10.0389,          29P   1716
213.36,-0.271979,10.0389,213.348,-0.261925,10.0389,213.344,           29P   1717
-0.259215,10.0389,213.339,-0.25506,10.0389,213.333,-0.249946,         29P   1718
10.0389,213.325,-0.243466,10.0389,213.315,-0.235135,10.0389,          29P   1719
213.298,-0.2214,10.0389,213.281,-0.207313,10.0389,213.257,            29P   1720
-0.18723,10.0389,213.241,-0.173957,10.0389,213.227,-0.16221,          29P   1721
10.0389,213.224,-0.160066,10.0389,213.221,-0.15733,10.0389,           29P   1722
213.216,-0.153357,10.0389,213.211,-0.148514,10.0389,213.204,          29P   1723
-0.142527,10.0389,213.195,-0.13505,10.0389,213.18,-0.122736,          29P   1724
10.0389,213.165,-0.109963,10.0389,213.14,-0.0885555,10.0389,          29P   1725
213.122,-0.0729755,10.0389,213.106,-0.058691,10.0389,213.103,         29P   1726
-0.0562341,10.0389,213.1,-0.0534982,10.0389,213.095,-0.0497181,       29P   1727
10.0389,213.09,-0.0451741,10.0389,213.084,-0.0396868,10.0389,         29P   1728
213.076,-0.0330624,10.0389,213.064,-0.0221545,10.0389,213.051,        29P   1729
-0.0106953,10.0389,213.025,0.0121004,10.0389,213.004,0.0300268,       29P   1730
10.0389,212.985,0.0468474,10.0389,212.982,0.0495235,10.0389,          29P   1731
212.979,0.0521757,10.0389,212.976,0.0556862,10.0389,212.971,          29P   1732
0.0598891,10.0389,212.965,0.0648691,10.0389,212.959,0.0707014,        29P   1733
10.0389,212.948,0.0802509,10.0389,212.937,0.0903971,10.0389,          29P   1734
212.91,0.114694,10.0389,212.888,0.135016,10.0389,212.867,             29P   1735
0.154424,10.0389,212.864,0.157229,10.0389,212.861,0.159765,           29P   1736
10.0389,212.858,0.162999,10.0389,212.853,0.166821,10.0389,            29P   1737
212.849,0.171276,10.0389,212.843,0.176339,10.0389,212.834,            29P   1738
0.184597,10.0389,212.825,0.193419,10.0389,212.797,0.219298,           29P   1739
10.0389,212.773,0.241997,10.0389,212.75,0.264008,10.0389,             29P   1740
212.747,0.266828,10.0389,212.744,0.269217,10.0389,212.741,            29P   1741
0.272112,10.0389,212.738,0.275508,10.0389,212.733,0.279382,           29P   1742
10.0389,212.729,0.283682,10.0389,212.722,0.29067,10.0389,             29P   1743
212.714,0.29818,10.0389,212.685,0.325721,10.0389,212.659,             29P   1744
0.350821,10.0389,212.634,0.375431,10.0389,212.631,0.378185,           29P   1745
10.0389,212.629,0.380352,10.0389,212.626,0.382891,10.0389,            29P   1746
212.623,0.385832,10.0389,212.62,0.389136,10.0389,212.616,             29P   1747
0.392713,10.0389,212.61,0.39849,10.0389,212.604,0.404689,             29P   1748
10.0389,212.574,0.43401,10.0389,212.547,0.461536,10.0389,212.52,      29P   1749
0.488791,10.0389,212.517,0.49135,10.0389,212.515,0.493244,            29P   1750
10.0389,212.513,0.495361,10.0389,212.511,0.497798,10.0389,            29P   1751
212.508,0.500492,10.0389,212.505,0.503352,10.0389,212.501,            29P   1752
0.50797,10.0389,212.496,0.512903,10.0389,212.465,0.544107,            29P   1753
10.0389,212.436,0.57403,10.0389,212.407,0.603892,10.0389,             29P   1754
212.405,0.606125,10.0389,212.403,0.6077,10.0389,212.401,              29P   1755
0.609378,10.0389,212.4,0.61132,10.0389,212.397,0.61342,10.0389,       29P   1756
212.395,0.615571,10.0389,212.392,0.619048,10.0389,212.388,            29P   1757
0.622762,10.0389,212.357,0.656013,10.0389,212.326,0.688391,           29P   1758
10.0389,212.295,0.721023,10.0389,212.293,0.723079,10.0389,            29P   1759
212.291,0.724951,10.0389,212.29,0.726334,10.0389,212.289,             29P   1760
0.727782,10.0389,212.287,0.729266,10.0389,212.285,0.731644,           29P   1761
10.0389,212.283,0.734214,10.0389,212.256,0.762982,10.0389,            29P   1762
212.229,0.79121,10.0389,212.203,0.819465,10.0389,212.202,             29P   1763
0.820916,10.0389,212.201,0.822425,10.0389,212.2,0.823719,             29P   1764
10.0389,212.198,0.825085,10.0389,212.197,0.826648,10.0389,            29P   1765
212.195,0.82826,10.0389,212.173,0.852183,10.0389,212.152,             29P   1766
0.875711,10.0389,212.131,0.899384,10.0389,212.129,0.900624,           29P   1767
10.0389,212.128,0.901859,10.0389,212.127,0.903262,10.0389,            29P   1768
212.11,0.922269,10.0389,212.093,0.941349,10.0389,212.076,             29P   1769
0.960123,10.0389,212.075,0.961044,10.0389,212.063,0.974292,           29P   1770
10.0389,212.052,0.987408,10.0389,212.04,1.00013,10.0389,212.081,      29P   1771
1.04836,10.5119,212.08,1.04962,10.5119,212.078,1.05092,10.5119,       29P   1772
212.076,1.0524,10.5119,212.074,1.05317,10.5119,212.072,1.05368,       29P   1773
10.5119,212.071,1.0539,10.5119,212.07,1.054,10.5119,212.069,          29P   1774
1.05403,10.5119,212.067,1.05397,10.5119,212.065,1.05366,10.5119,      29P   1775
212.064,1.0532,10.5119,212.062,1.05274,10.5119,212.061,1.05222,       29P   1776
10.5119,212.06,1.05156,10.5119,212.059,1.05074,10.5119,212.058,       29P   1777
1.0503,10.5119,212.057,1.04936,10.5119,212.056,1.04828,10.5119,       29P   1778
212.055,1.04708,10.5119,212.054,1.04585,10.5119,212.054,1.0443,       29P   1779
10.5119,212.053,1.04264,10.5119,212.052,1.04054,10.5119,212.052,      29P   1780
1.03841,10.5119,212.052,1.03585,10.5119,212.053,1.03439,10.5119,      29P   1781
212.053,1.03357,10.5119,212.053,1.03278,10.5119,212.053,1.03139,      29P   1782
10.5119,212.054,1.03049,10.5119,212.055,1.02877,10.5119,212.056,      29P   1783
1.02758,10.5119,212.057,1.0251,10.5119,212.058,1.02385,10.5119,       29P   1784
212.059,1.02167,10.5119,212.059,1.02073,10.5119,212.06,1.01936,       29P   1785
10.5119,212.06,1.01893,10.5119,212.063,1.01396,10.5119,212.066,       29P   1786
1.00875,10.5119,212.069,1.00274,10.5119,212.07,0.999887,10.5119,      29P   1787
212.072,0.996493,10.5119,212.075,0.991736,10.5119,212.077,            29P   1788
0.987091,10.5119,212.08,0.982387,10.5119,212.082,0.97851,             29P   1789
10.5119,212.084,0.974775,10.5119,212.085,0.971665,10.5119,            29P   1790
212.093,0.957397,10.5119,212.101,0.943984,10.5119,212.108,            29P   1791
0.930605,10.5119,212.109,0.928324,10.5119,212.111,0.925205,           29P   1792
10.5119,212.114,0.920598,10.5119,212.116,0.916065,10.5119,            29P   1793
212.119,0.911321,10.5119,212.121,0.907208,10.5119,212.123,            29P   1794
0.90304,10.5119,212.126,0.899312,10.5119,212.138,0.876937,            29P   1795
10.5119,212.15,0.855584,10.5119,212.163,0.833933,10.5119,             29P   1796
212.165,0.831181,10.5119,212.167,0.826785,10.5119,212.17,             29P   1797
0.822431,10.5119,212.173,0.817691,10.5119,212.175,0.813311,           29P   1798
10.5119,212.178,0.80852,10.5119,212.181,0.803899,10.5119,             29P   1799
212.199,0.773851,10.5119,212.216,0.745324,10.5119,212.233,            29P   1800
0.717306,10.5119,212.235,0.715071,10.5119,212.237,0.711217,           29P   1801
10.5119,212.24,0.707046,10.5119,212.243,0.70228,10.5119,212.246,      29P   1802
0.697559,10.5119,212.249,0.692068,10.5119,212.253,0.686423,           29P   1803
10.5119,212.276,0.649516,10.5119,212.299,0.614026,10.5119,            29P   1804
212.322,0.580293,10.5119,212.323,0.57819,10.5119,212.325,             29P   1805
0.575196,10.5119,212.328,0.571213,10.5119,212.331,0.566483,           29P   1806
10.5119,212.335,0.561414,10.5119,212.339,0.555152,10.5119,            29P   1807
212.344,0.548364,10.5119,212.368,0.512627,10.5119,212.392,            29P   1808
0.47856,10.5119,212.416,0.446098,10.5119,212.418,0.442489,            29P   1809
10.5119,212.421,0.438696,10.5119,212.425,0.433953,10.5119,            29P   1810
212.429,0.428547,10.5119,212.434,0.421564,10.5119,212.439,            29P   1811
0.413706,10.5119,212.465,0.379122,10.5119,212.489,0.347284,           29P   1812
10.5119,212.512,0.317705,10.5119,212.513,0.316197,10.5119,            29P   1813
212.514,0.31475,10.5119,212.516,0.312413,10.5119,212.518,             29P   1814
0.309277,10.5119,212.522,0.30457,10.5119,212.527,0.298854,            29P   1815
10.5119,212.533,0.291209,10.5119,212.54,0.282373,10.5119,             29P   1816
212.566,0.249021,10.5119,212.591,0.21874,10.5119,212.614,             29P   1817
0.191244,10.5119,212.615,0.189563,10.5119,212.617,0.186831,           29P   1818
10.5119,212.62,0.183335,10.5119,212.624,0.178655,10.5119,             29P   1819
212.629,0.172708,10.5119,212.636,0.164509,10.5119,212.644,            29P   1820
0.154808,10.5119,212.672,0.122777,10.5119,212.697,0.0940479,          29P   1821
10.5119,212.72,0.0685412,10.5119,212.721,0.0669358,10.5119,           29P   1822
212.723,0.0644254,10.5119,212.726,0.0610521,10.5119,212.731,          29P   1823
0.0564093,10.5119,212.736,0.0502577,10.5119,212.744,0.0415948,        29P   1824
10.5119,212.754,0.0310832,10.5119,212.782,0.000332021,10.5119,        29P   1825
212.807,-0.0268557,10.5119,212.83,-0.0503548,10.5119,212.831,         29P   1826
-0.0518371,10.5119,212.833,-0.0541839,10.5119,212.837,-0.057452,      29P   1827
10.5119,212.841,-0.0620627,10.5119,212.847,-0.0683862,10.5119,        29P   1828
212.856,-0.0774555,10.5119,212.867,-0.0887103,10.5119,212.896,        29P   1829
-0.118034,10.5119,212.922,-0.14355,10.5119,212.944,-0.165096,         29P   1830
10.5119,212.945,-0.166523,10.5119,212.948,-0.168796,10.5119,          29P   1831
212.951,-0.171979,10.5119,212.956,-0.176547,10.5119,212.963,          29P   1832
-0.183017,10.5119,212.972,-0.192441,10.5119,212.985,-0.204466,        29P   1833
10.5119,213.014,-0.232495,10.5119,213.04,-0.25649,10.5119,            29P   1834
213.062,-0.276072,10.5119,213.063,-0.277137,10.5119,213.064,          29P   1835
-0.278106,10.5119,213.066,-0.280022,10.5119,213.069,-0.282854,        29P   1836
10.5119,213.074,-0.287396,10.5119,213.081,-0.293929,10.5119,          29P   1837
213.092,-0.303648,10.5119,213.106,-0.316363,10.5119,213.136,          29P   1838
-0.342977,10.5119,213.162,-0.365283,10.5119,213.183,-0.38287,         29P   1839
10.5119,213.184,-0.384202,10.5119,213.187,-0.386477,10.5119,          29P   1840
213.191,-0.389594,10.5119,213.196,-0.394095,10.5119,213.204,          29P   1841
-0.400683,10.5119,213.216,-0.410637,10.5119,213.232,-0.424132,        29P   1842
10.5119,213.263,-0.449351,10.5119,213.288,-0.469995,10.5119,          29P   1843
213.307,-0.48525,10.5119,213.308,-0.485955,10.5119,213.309,           29P   1844
-0.48701,10.5119,213.312,-0.489149,10.5119,213.316,-0.492247,         29P   1845
10.5119,213.322,-0.496721,10.5119,213.33,-0.50332,10.5119,            29P   1846
213.343,-0.513558,10.5119,213.362,-0.527862,10.5119,213.392,          29P   1847
-0.551567,10.5119,213.417,-0.570436,10.5119,213.435,-0.583742,        29P   1848
10.5119,213.437,-0.585042,10.5119,213.44,-0.58747,10.5119,            29P   1849
213.445,-0.590581,10.5119,213.451,-0.595028,10.5119,213.46,           29P   1850
-0.601602,10.5119,213.474,-0.612241,10.5119,213.495,-0.627508,        29P   1851
10.5119,213.526,-0.649722,10.5119,213.551,-0.667213,10.5119,          29P   1852
213.568,-0.678759,10.5119,213.572,-0.681436,10.5119,213.576,          29P   1853
-0.684586,10.5119,213.583,-0.688984,10.5119,213.593,-0.695584,        29P   1854
10.5119,213.609,-0.706772,10.5119,213.633,-0.723021,10.5119,          29P   1855
213.657,-0.738576,10.5119,213.673,-0.749075,10.5119,213.68,           29P   1856
-0.753332,10.5119,213.684,-0.756068,10.5119,213.689,-0.759262,        29P   1857
10.5119,213.696,-0.763655,10.5119,213.706,-0.770315,10.5119,          29P   1858
213.725,-0.782135,10.5119,213.746,-0.795545,10.5119,213.763,          29P   1859
-0.805893,10.5119,213.77,-0.810674,10.5119,213.775,-0.813451,         29P   1860
10.5119,213.78,-0.816332,10.5119,213.784,-0.818904,10.5119,           29P   1861
213.789,-0.821835,10.5119,213.798,-0.827844,10.5119,213.815,          29P   1862
-0.837812,10.5119,213.829,-0.846087,10.5119,213.837,-0.851037,        29P   1863
10.5119,213.84,-0.852374,10.5119,213.843,-0.854614,10.5119,           29P   1864
213.847,-0.856765,10.5119,213.851,-0.859375,10.5119,213.857,          29P   1865
-0.862673,10.5119,213.867,-0.868719,10.5119,213.876,-0.873617,        29P   1866
10.5119,213.882,-0.87705,10.5119,213.882,-0.877342,10.5119,           29P   1867
213.883,-0.877807,10.5119,213.883,-0.877981,10.5119,213.884,          29P   1868
-0.878588,10.5119,213.885,-0.879021,10.5119,213.887,-0.880069,        29P   1869
10.5119,213.888,-0.880683,10.5119,213.891,-0.882488,10.5119,          29P   1870
213.894,-0.883985,10.5119,213.896,-0.885456,10.5119,213.898,          29P   1871
-0.886115,10.5119,213.899,-0.887229,10.5119,213.901,-0.888445,        29P   1872
10.5119,213.904,-0.890608,10.5119,213.907,-0.89188,10.5119,           29P   1873
213.911,-0.892602,10.5119,213.912,-0.892734,10.5119,213.915,          29P   1874
-0.89284,10.5119,213.917,-0.892784,10.5119,213.921,-0.892161,         29P   1875
10.5119,213.923,-0.891333,10.5119,213.925,-0.890444,10.5119,          29P   1876
213.927,-0.88971,10.5119,213.929,-0.888348,10.5119,213.932,           29P   1877
-0.885897,10.5119,213.935,-0.883509,10.5119,213.936,-0.881055,        29P   1878
10.5119,213.937,-0.880001,10.5119,213.938,-0.878499,10.5119,          29P   1879
213.938,-0.878092,10.5119,213.938,-0.877037,10.5119,213.939,          29P   1880
-0.87544,10.5119,213.94,-0.873784,10.5119,213.94,-0.871112,           29P   1881
10.5119,213.941,-0.868387,10.5119,213.94,-0.863728,10.5119,           29P   1882
213.94,-0.860868,10.5119,213.939,-0.85828,10.5119,213.937,            29P   1883
-0.854112,10.5119,213.934,-0.850552,10.5119,213.928,-0.847131,        29P   1884
10.5119,213.926,-0.845617,10.5119,213.923,-0.843576,10.5119,          29P   1885
213.921,-0.841846,10.5119,213.919,-0.839575,10.5119,213.917,          29P   1886
-0.837547,10.5119,213.916,-0.836605,10.5119,213.915,-0.835838,        29P   1887
10.5119,213.913,-0.833867,10.5119,213.91,-0.830786,10.5119,           29P   1888
213.905,-0.826371,10.5119,213.901,-0.82244,10.5119,213.899,           29P   1889
-0.820108,10.5119,213.896,-0.817386,10.5119,213.892,-0.814505,        29P   1890
10.5119,213.889,-0.811733,10.5119,213.888,-0.810364,10.5119,          29P   1891
213.884,-0.807753,10.5119,213.881,-0.804671,10.5119,213.874,          29P   1892
-0.799265,10.5119,213.868,-0.793848,10.5119,213.862,-0.788394,        29P   1893
10.5119,213.858,-0.785419,10.5119,213.857,-0.783981,10.5119,          29P   1894
213.855,-0.78274,10.5119,213.853,-0.780746,10.5119,213.851,           29P   1895
-0.779127,10.5119,213.849,-0.777434,10.5119,213.849,-0.77684,         29P   1896
10.5119,213.846,-0.774317,10.5119,213.843,-0.771901,10.5119,          29P   1897
213.838,-0.766891,10.5119,213.831,-0.761265,10.5119,213.825,          29P   1898
-0.755882,10.5119,213.821,-0.751917,10.5119,213.817,-0.748567,        29P   1899
10.5119,213.807,-0.739565,10.5119,213.797,-0.730593,10.5119,          29P   1900
213.786,-0.72108,10.5119,213.781,-0.716745,10.5119,213.777,           29P   1901
-0.713007,10.5119,213.776,-0.7116,10.5119,213.773,-0.709571,          29P   1902
10.5119,213.768,-0.705102,10.5119,213.762,-0.699256,10.5119,          29P   1903
213.756,-0.693789,10.5119,213.749,-0.687578,10.5119,213.743,          29P   1904
-0.68192,10.5119,213.73,-0.670857,10.5119,213.71,-0.652877,           29P   1905
10.5119,213.691,-0.635453,10.5119,213.678,-0.623894,10.5119,          29P   1906
213.677,-0.622367,10.5119,213.674,-0.620359,10.5119,213.67,           29P   1907
-0.616624,10.5119,213.666,-0.612565,10.5119,213.66,-0.607244,         29P   1908
10.5119,213.653,-0.600459,10.5119,213.639,-0.587893,10.5119,          29P   1909
213.617,-0.567561,10.5119,213.594,-0.546793,10.5119,213.575,          29P   1910
-0.52892,10.5119,213.566,-0.520387,10.5119,213.56,-0.514788,          29P   1911
10.5119,213.557,-0.511964,10.5119,213.551,-0.50705,10.5119,           29P   1912
213.545,-0.500814,10.5119,213.536,-0.492541,10.5119,213.523,          29P   1913
-0.481123,10.5119,213.503,-0.462504,10.5119,213.483,-0.443649,        29P   1914
10.5119,213.463,-0.424291,10.5119,213.452,-0.414062,10.5119,          29P   1915
213.444,-0.406526,10.5119,213.442,-0.40466,10.5119,213.439,           29P   1916
-0.402046,10.5119,213.434,-0.397288,10.5119,213.428,-0.39134,         29P   1917
10.5119,213.42,-0.38363,10.5119,213.409,-0.373339,10.5119,            29P   1918
213.391,-0.356442,10.5119,213.373,-0.33929,10.5119,213.351,           29P   1919
-0.318367,10.5119,213.338,-0.305044,10.5119,213.326,-0.29391,         29P   1920
10.5119,213.323,-0.290909,10.5119,213.318,-0.286308,10.5119,          29P   1921
213.312,-0.280648,10.5119,213.305,-0.273479,10.5119,213.295,          29P   1922
-0.264262,10.5119,213.28,-0.249077,10.5119,213.264,-0.233518,         29P   1923
10.5119,213.241,-0.211363,10.5119,213.226,-0.196744,10.5119,          29P   1924
213.213,-0.183826,10.5119,213.211,-0.181469,10.5119,213.208,          29P   1925
-0.178462,10.5119,213.203,-0.174096,10.5119,213.198,-0.168778,        29P   1926
10.5119,213.191,-0.162207,10.5119,213.183,-0.154006,10.5119,          29P   1927
213.169,-0.140513,10.5119,213.155,-0.126541,10.5119,213.132,          29P   1928
-0.103149,10.5119,213.115,-0.0861554,10.5119,213.099,-0.0705893,      29P   1929
10.5119,213.097,-0.0679123,10.5119,213.094,-0.0649317,10.5119,        29P   1930
213.09,-0.0608139,10.5119,213.085,-0.0558648,10.5119,213.079,         29P   1931
-0.0498894,10.5119,213.072,-0.0426769,10.5119,213.06,-0.0308037,      29P   1932
10.5119,213.048,-0.0183366,10.5119,213.023,0.00644822,10.5119,        29P   1933
213.004,0.0259106,10.5119,212.986,0.0441354,10.5119,212.984,          29P   1934
0.0470341,10.5119,212.981,0.0499062,10.5119,212.977,0.053707,         29P   1935
10.5119,212.973,0.0582557,10.5119,212.967,0.0636426,10.5119,          29P   1936
212.961,0.0699488,10.5119,212.951,0.0802671,10.5119,212.941,          29P   1937
0.0912174,10.5119,212.915,0.117413,10.5119,212.894,0.139266,          29P   1938
10.5119,212.874,0.160092,10.5119,212.871,0.163101,10.5119,            29P   1939
212.869,0.165822,10.5119,212.865,0.16929,10.5119,212.862,             29P   1940
0.173388,10.5119,212.857,0.178163,10.5119,212.852,0.183588,           29P   1941
10.5119,212.843,0.192433,10.5119,212.834,0.201876,10.5119,            29P   1942
212.808,0.229557,10.5119,212.785,0.25379,10.5119,212.763,             29P   1943
0.277251,10.5119,212.76,0.280256,10.5119,212.758,0.282803,            29P   1944
10.5119,212.755,0.285887,10.5119,212.752,0.289505,10.5119,            29P   1945
212.748,0.293631,10.5119,212.743,0.298211,10.5119,212.736,            29P   1946
0.305651,10.5119,212.729,0.313644,10.5119,212.702,0.342945,           29P   1947
10.5119,212.677,0.369604,10.5119,212.653,0.395691,10.5119,            29P   1948
212.65,0.398609,10.5119,212.648,0.400906,10.5119,212.646,             29P   1949
0.403596,10.5119,212.643,0.406712,10.5119,212.64,0.410211,            29P   1950
10.5119,212.636,0.414,10.5119,212.63,0.420116,10.5119,212.624,        29P   1951
0.426677,10.5119,212.596,0.457697,10.5119,212.57,0.486751,            29P   1952
10.5119,212.544,0.515457,10.5119,212.541,0.518151,10.5119,            29P   1953
212.539,0.520145,10.5119,212.537,0.522374,10.5119,212.535,            29P   1954
0.524939,10.5119,212.532,0.527775,10.5119,212.53,0.530785,            29P   1955
10.5119,212.525,0.535643,10.5119,212.521,0.540832,10.5119,            29P   1956
212.491,0.573643,10.5119,212.463,0.605038,10.5119,212.435,            29P   1957
0.636318,10.5119,212.433,0.638658,10.5119,212.432,0.640307,           29P   1958
10.5119,212.43,0.642064,10.5119,212.428,0.644098,10.5119,             29P   1959
212.426,0.646298,10.5119,212.424,0.64855,10.5119,212.421,             29P   1960
0.65219,10.5119,212.418,0.656078,10.5119,212.387,0.690878,            29P   1961
10.5119,212.357,0.724712,10.5119,212.328,0.758744,10.5119,            29P   1962
212.326,0.760887,10.5119,212.324,0.762839,10.5119,212.323,            29P   1963
0.764285,10.5119,212.322,0.765795,10.5119,212.32,0.767342,            29P   1964
10.5119,212.318,0.769821,10.5119,212.316,0.772499,10.5119,            29P   1965
212.29,0.802616,10.5119,212.264,0.831992,10.5119,212.239,             29P   1966
0.861341,10.5119,212.238,0.862847,10.5119,212.236,0.864415,           29P   1967
10.5119,212.235,0.865759,10.5119,212.234,0.867166,10.5119,            29P   1968
212.233,0.868653,10.5119,212.231,0.870326,10.5119,212.21,             29P   1969
0.89524,10.5119,212.189,0.919634,10.5119,212.168,0.944285,            29P   1970
10.5119,212.167,0.945578,10.5119,212.166,0.946863,10.5119,            29P   1971
212.165,0.948324,10.5119,212.148,0.967847,10.5119,212.132,            29P   1972
0.987606,10.5119,212.116,1.00703,10.5119,212.115,1.00798,             29P   1973
10.5119,212.103,1.02169,10.5119,212.092,1.03521,10.5119,212.081,      29P   1974
1.04836,10.5119,212.129,1.10703,11.0937,212.128,1.10833,11.0937,      29P   1975
212.127,1.10967,11.0937,212.124,1.11114,11.0937,212.122,1.11188,      29P   1976
11.0937,212.12,1.11231,11.0937,212.119,1.11245,11.0937,212.118,       29P   1977
1.11248,11.0937,212.117,1.11243,11.0937,212.115,1.11223,11.0937,      29P   1978
212.113,1.11172,11.0937,212.112,1.11108,11.0937,212.111,1.11049,      29P   1979
11.0937,212.11,1.10982,11.0937,212.109,1.10903,11.0937,212.108,       29P   1980
1.10805,11.0937,212.107,1.10752,11.0937,212.106,1.10637,11.0937,      29P   1981
212.105,1.10505,11.0937,212.105,1.10355,11.0937,212.104,1.10215,      29P   1982
11.0937,212.104,1.10047,11.0937,212.104,1.09865,11.0937,212.104,      29P   1983
1.09638,11.0937,212.104,1.09418,11.0937,212.105,1.09183,11.0937,      29P   1984
212.106,1.09062,11.0937,212.106,1.08996,11.0937,212.107,1.0893,       29P   1985
11.0937,212.107,1.08808,11.0937,212.108,1.0872,11.0937,212.109,       29P   1986
1.08537,11.0937,212.109,1.08413,11.0937,212.111,1.08166,11.0937,      29P   1987
212.111,1.0804,11.0937,212.112,1.0782,11.0937,212.113,1.07725,        29P   1988
11.0937,212.114,1.07587,11.0937,212.114,1.07543,11.0937,212.116,      29P   1989
1.07041,11.0937,212.119,1.06515,11.0937,212.122,1.05907,11.0937,      29P   1990
212.124,1.05619,11.0937,212.126,1.05276,11.0937,212.128,1.04795,      29P   1991
11.0937,212.131,1.04325,11.0937,212.133,1.03849,11.0937,212.135,      29P   1992
1.03456,11.0937,212.137,1.03078,11.0937,212.139,1.02763,11.0937,      29P   1993
212.146,1.01318,11.0937,212.154,0.999584,11.0937,212.161,             29P   1994
0.986013,11.0937,212.162,0.9837,11.0937,212.164,0.980535,             29P   1995
11.0937,212.166,0.975861,11.0937,212.169,0.971261,11.0937,            29P   1996
212.171,0.966448,11.0937,212.174,0.962273,11.0937,212.176,            29P   1997
0.958043,11.0937,212.178,0.95426,11.0937,212.19,0.931548,             29P   1998
11.0937,212.202,0.909863,11.0937,212.215,0.887861,11.0937,            29P   1999
212.216,0.885064,11.0937,212.219,0.880596,11.0937,212.221,            29P   2000
0.876171,11.0937,212.224,0.871353,11.0937,212.226,0.8669,             29P   2001
11.0937,212.229,0.862029,11.0937,212.232,0.85733,11.0937,             29P   2002
212.249,0.826776,11.0937,212.266,0.797734,11.0937,212.283,            29P   2003
0.76916,11.0937,212.284,0.76688,11.0937,212.286,0.762947,             29P   2004
11.0937,212.289,0.758691,11.0937,212.292,0.753828,11.0937,            29P   2005
212.295,0.749009,11.0937,212.298,0.743404,11.0937,212.302,            29P   2006
0.73764,11.0937,212.324,0.69994,11.0937,212.346,0.663599,             29P   2007
11.0937,212.368,0.628937,11.0937,212.369,0.626777,11.0937,            29P   2008
212.371,0.623701,11.0937,212.374,0.619606,11.0937,212.377,            29P   2009
0.614742,11.0937,212.38,0.609527,11.0937,212.384,0.603082,            29P   2010
11.0937,212.389,0.596093,11.0937,212.412,0.559271,11.0937,            29P   2011
212.435,0.524057,11.0937,212.457,0.490443,11.0937,212.459,            29P   2012
0.486712,11.0937,212.462,0.482782,11.0937,212.465,0.47787,            29P   2013
11.0937,212.469,0.472269,11.0937,212.474,0.465033,11.0937,            29P   2014
212.479,0.456888,11.0937,212.503,0.421032,11.0937,212.526,            29P   2015
0.387965,11.0937,212.548,0.357166,11.0937,212.549,0.355596,           29P   2016
11.0937,212.55,0.354089,11.0937,212.552,0.351654,11.0937,             29P   2017
212.554,0.348388,11.0937,212.557,0.343483,11.0937,212.562,            29P   2018
0.337525,11.0937,212.567,0.329553,11.0937,212.574,0.320334,           29P   2019
11.0937,212.599,0.285511,11.0937,212.622,0.253787,11.0937,            29P   2020
212.643,0.224875,11.0937,212.645,0.223106,11.0937,212.647,            29P   2021
0.220233,11.0937,212.65,0.216555,11.0937,212.653,0.211629,            29P   2022
11.0937,212.658,0.205366,11.0937,212.664,0.196727,11.0937,            29P   2023
212.672,0.186497,11.0937,212.698,0.152687,11.0937,212.721,            29P   2024
0.122258,11.0937,212.742,0.0951812,11.0937,212.744,0.0934769,         29P   2025
11.0937,212.746,0.0908115,11.0937,212.749,0.0872294,11.0937,          29P   2026
212.752,0.0822979,11.0937,212.758,0.0757621,11.0937,212.765,          29P   2027
0.0665538,11.0937,212.774,0.0553726,11.0937,212.8,0.022632,           29P   2028
11.0937,212.824,-0.00642277,11.0937,212.845,-0.0316727,11.0937,       29P   2029
212.846,-0.0332657,11.0937,212.848,-0.0357885,11.0937,212.851,        29P   2030
-0.0393033,11.0937,212.855,-0.0442654,11.0937,212.861,                29P   2031
-0.0510763,11.0937,212.869,-0.0608562,11.0937,212.879,                29P   2032
-0.0730118,11.0937,212.906,-0.104733,11.0937,212.93,-0.132454,        29P   2033
11.0937,212.95,-0.155877,11.0937,212.951,-0.157429,11.0937,           29P   2034
212.953,-0.1599,11.0937,212.957,-0.16336,11.0937,212.961,             29P   2035
-0.168327,11.0937,212.967,-0.175362,11.0937,212.976,-0.185609,        29P   2036
11.0937,212.988,-0.198692,11.0937,213.015,-0.229205,11.0937,          29P   2037
213.039,-0.255399,11.0937,213.059,-0.276885,11.0937,213.06,           29P   2038
-0.278054,11.0937,213.061,-0.279118,11.0937,213.063,-0.281221,        29P   2039
11.0937,213.066,-0.284332,11.0937,213.07,-0.289324,11.0937,           29P   2040
213.077,-0.296513,11.0937,213.087,-0.307222,11.0937,213.1,            29P   2041
-0.321262,11.0937,213.128,-0.350725,11.0937,213.151,-0.375554,        29P   2042
11.0937,213.17,-0.395192,11.0937,213.172,-0.39668,11.0937,            29P   2043
213.174,-0.399221,11.0937,213.177,-0.402705,11.0937,213.182,          29P   2044
-0.407736,11.0937,213.189,-0.415104,11.0937,213.2,-0.426249,          29P   2045
11.0937,213.215,-0.44138,11.0937,213.243,-0.469715,11.0937,           29P   2046
213.267,-0.493018,11.0937,213.284,-0.510312,11.0937,213.285,          29P   2047
-0.511112,11.0937,213.286,-0.512309,11.0937,213.289,-0.514735,        29P   2048
11.0937,213.292,-0.518251,11.0937,213.297,-0.523332,11.0937,          29P   2049
213.305,-0.530834,11.0937,213.317,-0.542492,11.0937,213.334,          29P   2050
-0.55882,11.0937,213.362,-0.58597,11.0937,213.385,-0.607693,          29P   2051
11.0937,213.401,-0.62306,11.0937,213.403,-0.624561,11.0937,           29P   2052
213.406,-0.627363,11.0937,213.41,-0.63096,11.0937,213.415,            29P   2053
-0.636103,11.0937,213.424,-0.643713,11.0937,213.437,-0.656046,        29P   2054
11.0937,213.456,-0.673787,11.0937,213.484,-0.699703,11.0937,          29P   2055
213.507,-0.720243,11.0937,213.523,-0.733875,11.0937,213.526,          29P   2056
-0.737037,11.0937,213.53,-0.740762,11.0937,213.536,-0.74597,          29P   2057
11.0937,213.545,-0.753799,11.0937,213.56,-0.767107,11.0937,           29P   2058
213.582,-0.786522,11.0937,213.603,-0.805203,11.0937,213.618,          29P   2059
-0.817853,11.0937,213.624,-0.822989,11.0937,213.628,-0.826292,        29P   2060
11.0937,213.633,-0.830148,11.0937,213.639,-0.835455,11.0937,          29P   2061
213.648,-0.843508,11.0937,213.665,-0.857826,11.0937,213.685,          29P   2062
-0.874141,11.0937,213.7,-0.886815,11.0937,213.707,-0.892692,          29P   2063
11.0937,213.711,-0.896111,11.0937,213.715,-0.899662,11.0937,          29P   2064
213.719,-0.902838,11.0937,213.723,-0.906462,11.0937,213.732,          29P   2065
-0.913903,11.0937,213.747,-0.926296,11.0937,213.76,-0.936635,         29P   2066
11.0937,213.768,-0.942826,11.0937,213.77,-0.944499,11.0937,           29P   2067
213.773,-0.947306,11.0937,213.776,-0.949999,11.0937,213.78,           29P   2068
-0.953268,11.0937,213.786,-0.957398,11.0937,213.795,-0.964987,        29P   2069
11.0937,213.803,-0.971126,11.0937,213.808,-0.975422,11.0937,          29P   2070
213.808,-0.975786,11.0937,213.809,-0.976367,11.0937,213.809,          29P   2071
-0.976583,11.0937,213.81,-0.977338,11.0937,213.811,-0.977876,         29P   2072
11.0937,213.813,-0.979197,11.0937,213.814,-0.979982,11.0937,          29P   2073
213.817,-0.982195,11.0937,213.819,-0.984113,11.0937,213.821,          29P   2074
-0.986145,11.0937,213.822,-0.987068,11.0937,213.824,-0.988449,        29P   2075
11.0937,213.826,-0.989333,11.0937,213.83,-0.990145,11.0937,           29P   2076
213.833,-0.990526,11.0937,213.836,-0.990445,11.0937,213.837,          29P   2077
-0.990312,11.0937,213.839,-0.990038,11.0937,213.842,-0.989301,        29P   2078
11.0937,213.846,-0.987427,11.0937,213.848,-0.985721,11.0937,          29P   2079
213.85,-0.984164,11.0937,213.851,-0.982957,11.0937,213.853,           29P   2080
-0.980844,11.0937,213.855,-0.977244,11.0937,213.856,-0.973883,        29P   2081
11.0937,213.857,-0.970763,11.0937,213.857,-0.969476,11.0937,          29P   2082
213.857,-0.967718,11.0937,213.857,-0.967249,11.0937,213.857,          29P   2083
-0.966052,11.0937,213.857,-0.964278,11.0937,213.856,-0.962501,        29P   2084
11.0937,213.856,-0.959681,11.0937,213.855,-0.956979,11.0937,          29P   2085
213.852,-0.952852,11.0937,213.849,-0.950677,11.0937,213.847,          29P   2086
-0.949364,11.0937,213.844,-0.947354,11.0937,213.842,-0.945022,        29P   2087
11.0937,213.838,-0.939671,11.0937,213.836,-0.936963,11.0937,          29P   2088
213.833,-0.933836,11.0937,213.831,-0.931596,11.0937,213.829,          29P   2089
-0.92894,11.0937,213.827,-0.926863,11.0937,213.826,-0.925926,         29P   2090
11.0937,213.825,-0.925167,11.0937,213.823,-0.923215,11.0937,          29P   2091
213.82,-0.92014,11.0937,213.816,-0.915653,11.0937,213.812,            29P   2092
-0.911554,11.0937,213.81,-0.909053,11.0937,213.807,-0.906106,         29P   2093
11.0937,213.804,-0.902894,11.0937,213.801,-0.899624,11.0937,          29P   2094
213.8,-0.897975,11.0937,213.797,-0.894832,11.0937,213.794,            29P   2095
-0.891139,11.0937,213.788,-0.884701,11.0937,213.783,-0.878298,        29P   2096
11.0937,213.777,-0.871926,11.0937,213.774,-0.868486,11.0937,          29P   2097
213.773,-0.866829,11.0937,213.771,-0.865406,11.0937,213.769,          29P   2098
-0.863129,11.0937,213.768,-0.861293,11.0937,213.766,-0.85939,         29P   2099
11.0937,213.765,-0.858725,11.0937,213.763,-0.855906,11.0937,          29P   2100
213.76,-0.853204,11.0937,213.755,-0.847595,11.0937,213.75,            29P   2101
-0.841288,11.0937,213.744,-0.835227,11.0937,213.74,-0.830745,         29P   2102
11.0937,213.737,-0.826961,11.0937,213.728,-0.816797,11.0937,          29P   2103
213.719,-0.806684,11.0937,213.709,-0.795965,11.0937,213.705,          29P   2104
-0.791083,11.0937,213.701,-0.786872,11.0937,213.7,-0.785287,          29P   2105
11.0937,213.698,-0.783003,11.0937,213.693,-0.777969,11.0937,          29P   2106
213.687,-0.771384,11.0937,213.682,-0.765224,11.0937,213.676,          29P   2107
-0.758224,11.0937,213.67,-0.751846,11.0937,213.659,-0.739372,         29P   2108
11.0937,213.641,-0.719096,11.0937,213.624,-0.699465,11.0937,          29P   2109
213.612,-0.686471,11.0937,213.611,-0.684756,11.0937,213.609,          29P   2110
-0.682499,11.0937,213.605,-0.678304,11.0937,213.601,-0.673748,        29P   2111
11.0937,213.596,-0.66778,11.0937,213.589,-0.660179,11.0937,           29P   2112
213.577,-0.646123,11.0937,213.557,-0.623441,11.0937,213.536,          29P   2113
-0.600354,11.0937,213.519,-0.580518,11.0937,213.51,-0.571053,         29P   2114
11.0937,213.505,-0.564846,11.0937,213.502,-0.561715,11.0937,          29P   2115
213.497,-0.556267,11.0937,213.491,-0.549356,11.0937,213.483,          29P   2116
-0.540186,11.0937,213.472,-0.527531,11.0937,213.454,-0.506895,        29P   2117
11.0937,213.436,-0.48601,11.0937,213.417,-0.464585,11.0937,           29P   2118
213.407,-0.453273,11.0937,213.4,-0.444946,11.0937,213.398,            29P   2119
-0.442884,11.0937,213.396,-0.439996,11.0937,213.391,-0.43474,         29P   2120
11.0937,213.385,-0.428173,11.0937,213.378,-0.419665,11.0937,          29P   2121
213.368,-0.408318,11.0937,213.352,-0.389705,11.0937,213.336,          29P   2122
-0.370846,11.0937,213.316,-0.347875,11.0937,213.303,-0.333272,        29P   2123
11.0937,213.293,-0.321084,11.0937,213.29,-0.3178,11.0937,             29P   2124
213.285,-0.312766,11.0937,213.28,-0.306576,11.0937,213.273,           29P   2125
-0.298741,11.0937,213.265,-0.288673,11.0937,213.25,-0.272099,         29P   2126
11.0937,213.236,-0.25514,11.0937,213.215,-0.231009,11.0937,           29P   2127
213.201,-0.215101,11.0937,213.189,-0.201049,11.0937,213.187,          29P   2128
-0.198485,11.0937,213.184,-0.195214,11.0937,213.18,-0.190466,         29P   2129
11.0937,213.175,-0.184682,11.0937,213.169,-0.177537,11.0937,          29P   2130
213.161,-0.168618,11.0937,213.149,-0.153947,11.0937,213.136,          29P   2131
-0.13876,11.0937,213.114,-0.113348,11.0937,213.099,-0.094905,         29P   2132
11.0937,213.084,-0.0780365,11.0937,213.082,-0.0751361,11.0937,        29P   2133
213.079,-0.0719074,11.0937,213.075,-0.0674478,11.0937,213.071,        29P   2134
-0.06209,11.0937,213.065,-0.0556243,11.0937,213.059,-0.0478234,       29P   2135
11.0937,213.048,-0.0349901,11.0937,213.037,-0.0215302,11.0937,        29P   2136
213.014,0.0052056,11.0937,212.996,0.0261642,11.0937,212.98,           29P   2137
0.0457714,11.0937,212.977,0.0488896,11.0937,212.975,0.0519789,        29P   2138
11.0937,212.971,0.0560668,11.0937,212.967,0.0609583,11.0937,          29P   2139
212.962,0.0667503,11.0937,212.957,0.0735298,11.0937,212.947,          29P   2140
0.0846206,11.0937,212.938,0.0963865,11.0937,212.914,0.124524,         29P   2141
11.0937,212.895,0.147976,11.0937,212.876,0.170304,11.0937,            29P   2142
212.873,0.17353,11.0937,212.871,0.176447,11.0937,212.868,             29P   2143
0.180164,11.0937,212.864,0.184555,11.0937,212.86,0.189671,            29P   2144
11.0937,212.855,0.195484,11.0937,212.847,0.204958,11.0937,            29P   2145
212.839,0.215067,11.0937,212.815,0.244692,11.0937,212.793,            29P   2146
0.270586,11.0937,212.773,0.295605,11.0937,212.77,0.29881,             29P   2147
11.0937,212.768,0.301524,11.0937,212.765,0.304811,11.0937,            29P   2148
212.762,0.308667,11.0937,212.758,0.313063,11.0937,212.754,            29P   2149
0.31794,11.0937,212.748,0.325862,11.0937,212.741,0.334368,            29P   2150
11.0937,212.715,0.365533,11.0937,212.692,0.393829,11.0937,            29P   2151
212.67,0.421484,11.0937,212.667,0.424578,11.0937,212.665,             29P   2152
0.427012,11.0937,212.663,0.429864,11.0937,212.66,0.433166,            29P   2153
11.0937,212.657,0.436874,11.0937,212.654,0.440888,11.0937,            29P   2154
212.648,0.447368,11.0937,212.643,0.454318,11.0937,212.616,            29P   2155
0.487169,11.0937,212.591,0.517905,11.0937,212.567,0.548245,           29P   2156
11.0937,212.565,0.551092,11.0937,212.563,0.5532,11.0937,212.561,      29P   2157
0.555555,11.0937,212.559,0.558266,11.0937,212.557,0.561263,           29P   2158
11.0937,212.554,0.564443,11.0937,212.55,0.569576,11.0937,             29P   2159
212.545,0.575057,11.0937,212.518,0.609715,11.0937,212.491,            29P   2160
0.642841,11.0937,212.465,0.675788,11.0937,212.463,0.678252,           29P   2161
11.0937,212.462,0.679989,11.0937,212.46,0.68184,11.0937,212.459,      29P   2162
0.683981,11.0937,212.457,0.686297,11.0937,212.455,0.688668,           29P   2163
11.0937,212.452,0.692499,11.0937,212.449,0.696592,11.0937,            29P   2164
212.42,0.733227,11.0937,212.392,0.768756,11.0937,212.363,             29P   2165
0.804412,11.0937,212.362,0.806658,11.0937,212.36,0.808702,            29P   2166
11.0937,212.359,0.810199,11.0937,212.358,0.81178,11.0937,             29P   2167
212.356,0.813401,11.0937,212.354,0.815997,11.0937,212.352,            29P   2168
0.818801,11.0937,212.328,0.849723,11.0937,212.304,0.880394,           29P   2169
11.0937,212.28,0.911132,11.0937,212.279,0.91271,11.0937,212.277,      29P   2170
0.914352,11.0937,212.276,0.91576,11.0937,212.275,0.917287,            29P   2171
11.0937,212.273,0.919452,11.0937,212.272,0.921206,11.0937,            29P   2172
212.252,0.946985,11.0937,212.233,0.972565,11.0937,212.213,            29P   2173
0.998269,11.0937,212.212,0.999616,11.0937,212.211,1.00096,            29P   2174
11.0937,212.21,1.00249,11.0937,212.194,1.02302,11.0937,212.178,       29P   2175
1.04357,11.0937,212.162,1.06378,11.0937,212.162,1.06477,11.0937,      29P   2176
212.151,1.07905,11.0937,212.14,1.09334,11.0937,212.129,1.10703,       29P   2177
11.0937,212.169,1.16849,11.6552,212.168,1.1699,11.6552,212.166,       29P   2178
1.17133,11.6552,212.164,1.17287,11.6552,212.162,1.17361,11.6552,      29P   2179
212.16,1.17396,11.6552,212.159,1.17402,11.6552,212.158,1.17397,       29P   2180
11.6552,212.156,1.17383,11.6552,212.155,1.17354,11.6552,212.153,      29P   2181
1.17291,11.6552,212.152,1.17206,11.6552,212.151,1.17122,11.6552,      29P   2182
212.149,1.17027,11.6552,212.148,1.16902,11.6552,212.148,1.16764,      29P   2183
11.6552,212.147,1.16698,11.6552,212.147,1.16576,11.6552,212.146,      29P   2184
1.16455,11.6552,212.146,1.16357,11.6552,212.146,1.16214,11.6552,      29P   2185
212.146,1.16009,11.6552,212.146,1.15827,11.6552,212.147,1.15642,      29P   2186
11.6552,212.148,1.15446,11.6552,212.15,1.15213,11.6552,212.15,        29P   2187
1.15084,11.6552,212.151,1.15011,11.6552,212.151,1.14939,11.6552,      29P   2188
212.151,1.14809,11.6552,212.152,1.14718,11.6552,212.153,1.14537,      29P   2189
11.6552,212.153,1.14414,11.6552,212.155,1.14163,11.6552,212.155,      29P   2190
1.14036,11.6552,212.156,1.13813,11.6552,212.157,1.13717,11.6552,      29P   2191
212.158,1.13577,11.6552,212.158,1.13534,11.6552,212.16,1.13026,       29P   2192
11.6552,212.163,1.12495,11.6552,212.166,1.1188,11.6552,212.168,       29P   2193
1.11589,11.6552,212.169,1.11242,11.6552,212.172,1.10756,11.6552,      29P   2194
212.174,1.10281,11.6552,212.177,1.098,11.6552,212.179,1.09404,        29P   2195
11.6552,212.18,1.09021,11.6552,212.182,1.08703,11.6552,212.189,       29P   2196
1.07242,11.6552,212.196,1.05867,11.6552,212.203,1.04494,11.6552,      29P   2197
212.205,1.0426,11.6552,212.206,1.03939,11.6552,212.209,1.03466,       29P   2198
11.6552,212.211,1.03001,11.6552,212.214,1.02514,11.6552,212.216,      29P   2199
1.02091,11.6552,212.218,1.01663,11.6552,212.22,1.0128,11.6552,        29P   2200
212.232,0.989791,11.6552,212.243,0.967803,11.6552,212.255,            29P   2201
0.945462,11.6552,212.257,0.942623,11.6552,212.259,0.938085,           29P   2202
11.6552,212.262,0.933589,11.6552,212.264,0.928693,11.6552,            29P   2203
212.267,0.924168,11.6552,212.269,0.919216,11.6552,212.272,            29P   2204
0.914439,11.6552,212.288,0.883351,11.6552,212.304,0.853766,           29P   2205
11.6552,212.321,0.824636,11.6552,212.322,0.822313,11.6552,            29P   2206
212.324,0.818318,11.6552,212.326,0.813979,11.6552,212.329,            29P   2207
0.80902,11.6552,212.332,0.804105,11.6552,212.335,0.798389,            29P   2208
11.6552,212.338,0.792509,11.6552,212.36,0.75406,11.6552,212.381,      29P   2209
0.716944,11.6552,212.401,0.681494,11.6552,212.403,0.679281,           29P   2210
11.6552,212.405,0.676125,11.6552,212.407,0.671937,11.6552,            29P   2211
212.41,0.66696,11.6552,212.413,0.661623,11.6552,212.417,              29P   2212
0.655028,11.6552,212.421,0.647874,11.6552,212.443,0.610209,           29P   2213
11.6552,212.465,0.574099,11.6552,212.486,0.539564,11.6552,            29P   2214
212.488,0.535696,11.6552,212.49,0.531661,11.6552,212.493,             29P   2215
0.526611,11.6552,212.497,0.520853,11.6552,212.502,0.513412,           29P   2216
11.6552,212.507,0.505032,11.6552,212.529,0.468128,11.6552,            29P   2217
212.551,0.434015,11.6552,212.571,0.402165,11.6552,212.572,            29P   2218
0.400541,11.6552,212.573,0.398982,11.6552,212.575,0.396464,           29P   2219
11.6552,212.577,0.393085,11.6552,212.58,0.38801,11.6552,212.584,      29P   2220
0.381843,11.6552,212.589,0.373589,11.6552,212.595,0.364038,           29P   2221
11.6552,212.618,0.327949,11.6552,212.64,0.294997,11.6552,212.66,      29P   2222
0.264922,11.6552,212.661,0.263083,11.6552,212.663,0.260093,           29P   2223
11.6552,212.666,0.256267,11.6552,212.669,0.251139,11.6552,            29P   2224
212.673,0.24462,11.6552,212.68,0.235626,11.6552,212.687,0.22497,      29P   2225
11.6552,212.71,0.189738,11.6552,212.732,0.157958,11.6552,             29P   2226
212.752,0.129592,11.6552,212.753,0.127806,11.6552,212.755,            29P   2227
0.125013,11.6552,212.758,0.121258,11.6552,212.761,0.116087,           29P   2228
11.6552,212.766,0.109232,11.6552,212.773,0.0995668,11.6552,           29P   2229
212.781,0.0878224,11.6552,212.805,0.0534064,11.6552,212.827,          29P   2230
0.0227911,11.6552,212.846,-0.00382491,11.6552,212.847,                29P   2231
-0.00550412,11.6552,212.849,-0.00816341,11.6552,212.852,              29P   2232
-0.0118686,11.6552,212.856,-0.0170994,11.6552,212.861,                29P   2233
-0.0242795,11.6552,212.868,-0.0345906,11.6552,212.878,                29P   2234
-0.0474092,11.6552,212.903,-0.0808744,11.6552,212.924,-0.11017,       29P   2235
11.6552,212.943,-0.135011,11.6552,212.944,-0.136655,11.6552,          29P   2236
212.946,-0.139277,11.6552,212.949,-0.142949,11.6552,212.953,          29P   2237
-0.148224,11.6552,212.959,-0.155698,11.6552,212.967,-0.166593,        29P   2238
11.6552,212.978,-0.180519,11.6552,213.003,-0.213034,11.6552,          29P   2239
213.025,-0.241018,11.6552,213.043,-0.263973,11.6552,213.044,          29P   2240
-0.265221,11.6552,213.045,-0.266358,11.6552,213.047,-0.268605,        29P   2241
11.6552,213.049,-0.271929,11.6552,213.053,-0.277261,11.6552,          29P   2242
213.06,-0.28494,11.6552,213.069,-0.29638,11.6552,213.081,             29P   2243
-0.311379,11.6552,213.106,-0.34286,11.6552,213.128,-0.369415,         29P   2244
11.6552,213.146,-0.390459,11.6552,213.147,-0.392053,11.6552,          29P   2245
213.149,-0.394777,11.6552,213.152,-0.39851,11.6552,213.157,           29P   2246
-0.403905,11.6552,213.163,-0.411809,11.6552,213.173,-0.423771,        29P   2247
11.6552,213.187,-0.440028,11.6552,213.213,-0.470506,11.6552,          29P   2248
213.234,-0.495631,11.6552,213.25,-0.514305,11.6552,213.251,           29P   2249
-0.515168,11.6552,213.252,-0.516461,11.6552,213.255,-0.519081,        29P   2250
11.6552,213.258,-0.522878,11.6552,213.263,-0.528369,11.6552,          29P   2251
213.27,-0.536476,11.6552,213.281,-0.549083,11.6552,213.296,           29P   2252
-0.566754,11.6552,213.322,-0.596145,11.6552,213.343,-0.61973,         29P   2253
11.6552,213.358,-0.63644,11.6552,213.36,-0.638075,11.6552,            29P   2254
213.362,-0.641145,11.6552,213.366,-0.645058,11.6552,213.371,          29P   2255
-0.650655,11.6552,213.379,-0.658939,11.6552,213.391,-0.672374,        29P   2256
11.6552,213.408,-0.691718,11.6552,213.435,-0.719995,11.6552,          29P   2257
213.455,-0.74244,11.6552,213.47,-0.757341,11.6552,213.473,            29P   2258
-0.760806,11.6552,213.477,-0.764878,11.6552,213.482,-0.770572,        29P   2259
11.6552,213.49,-0.779131,11.6552,213.504,-0.793686,11.6552,           29P   2260
213.524,-0.814939,11.6552,213.544,-0.83544,11.6552,213.558,           29P   2261
-0.849356,11.6552,213.563,-0.855012,11.6552,213.567,-0.858645,        29P   2262
11.6552,213.571,-0.862896,11.6552,213.577,-0.868751,11.6552,          29P   2263
213.585,-0.877644,11.6552,213.601,-0.893475,11.6552,213.619,          29P   2264
-0.911554,11.6552,213.633,-0.925571,11.6552,213.639,-0.932065,        29P   2265
11.6552,213.643,-0.935826,11.6552,213.647,-0.939746,11.6552,          29P   2266
213.65,-0.943251,11.6552,213.654,-0.94725,11.6552,213.663,            29P   2267
-0.955459,11.6552,213.676,-0.969153,11.6552,213.688,-0.980579,        29P   2268
11.6552,213.695,-0.98744,11.6552,213.697,-0.989293,11.6552,           29P   2269
213.7,-0.992383,11.6552,213.703,-0.995374,11.6552,213.707,            29P   2270
-0.999007,11.6552,213.711,-1.0036,11.6552,213.72,-1.01199,            29P   2271
11.6552,213.727,-1.01888,11.6552,213.732,-1.02377,11.6552,            29P   2272
213.732,-1.02419,11.6552,213.733,-1.02485,11.6552,213.733,            29P   2273
-1.02511,11.6552,213.734,-1.02599,11.6552,213.735,-1.02663,           29P   2274
11.6552,213.737,-1.02809,11.6552,213.737,-1.0289,11.6552,213.74,      29P   2275
-1.03168,11.6552,213.742,-1.03364,11.6552,213.745,-1.03493,           29P   2276
11.6552,213.746,-1.03545,11.6552,213.748,-1.03621,11.6552,            29P   2277
213.75,-1.03671,11.6552,213.754,-1.03717,11.6552,213.757,             29P   2278
-1.03691,11.6552,213.761,-1.03573,11.6552,213.763,-1.03514,           29P   2279
11.6552,213.765,-1.03417,11.6552,213.767,-1.03287,11.6552,            29P   2280
213.77,-1.03031,11.6552,213.771,-1.02806,11.6552,213.772,             29P   2281
-1.02613,11.6552,213.773,-1.02469,11.6552,213.774,-1.02228,           29P   2282
11.6552,213.775,-1.01826,11.6552,213.775,-1.01502,11.6552,            29P   2283
213.775,-1.01182,11.6552,213.775,-1.01058,11.6552,213.774,            29P   2284
-1.00893,11.6552,213.774,-1.0085,11.6552,213.774,-1.00739,            29P   2285
11.6552,213.773,-1.00577,11.6552,213.772,-1.00437,11.6552,            29P   2286
213.77,-1.00241,11.6552,213.769,-1.00044,11.6552,213.766,             29P   2287
-0.997022,11.6552,213.764,-0.994817,11.6552,213.763,-0.992797,        29P   2288
11.6552,213.76,-0.98953,11.6552,213.758,-0.986311,11.6552,            29P   2289
213.754,-0.98121,11.6552,213.752,-0.978724,11.6552,213.75,            29P   2290
-0.975725,11.6552,213.748,-0.973524,11.6552,213.746,-0.970819,        29P   2291
11.6552,213.744,-0.968545,11.6552,213.743,-0.967502,11.6552,          29P   2292
213.743,-0.966635,11.6552,213.741,-0.964387,11.6552,213.738,          29P   2293
-0.960897,11.6552,213.734,-0.95594,11.6552,213.731,-0.951457,         29P   2294
11.6552,213.729,-0.948751,11.6552,213.726,-0.945573,11.6552,          29P   2295
213.724,-0.942148,11.6552,213.721,-0.938731,11.6552,213.72,           29P   2296
-0.937021,11.6552,213.717,-0.93376,11.6552,213.714,-0.929923,         29P   2297
11.6552,213.709,-0.923217,11.6552,213.704,-0.91653,11.6552,           29P   2298
213.698,-0.909848,11.6552,213.696,-0.906226,11.6552,213.694,          29P   2299
-0.904479,11.6552,213.693,-0.902976,11.6552,213.691,-0.900568,        29P   2300
11.6552,213.69,-0.898621,11.6552,213.688,-0.896597,11.6552,           29P   2301
213.688,-0.895888,11.6552,213.685,-0.892882,11.6552,213.683,          29P   2302
-0.890002,11.6552,213.679,-0.884025,11.6552,213.673,-0.877307,        29P   2303
11.6552,213.668,-0.870862,11.6552,213.665,-0.866103,11.6552,          29P   2304
213.662,-0.862084,11.6552,213.653,-0.851289,11.6552,213.645,          29P   2305
-0.840545,11.6552,213.636,-0.829163,11.6552,213.632,-0.823979,        29P   2306
11.6552,213.629,-0.819511,11.6552,213.628,-0.817829,11.6552,          29P   2307
213.626,-0.815404,11.6552,213.622,-0.810064,11.6552,213.616,          29P   2308
-0.803082,11.6552,213.611,-0.796555,11.6552,213.605,-0.789141,        29P   2309
11.6552,213.6,-0.782389,11.6552,213.59,-0.769192,11.6552,             29P   2310
213.574,-0.747754,11.6552,213.558,-0.727022,11.6552,213.547,          29P   2311
-0.713294,11.6552,213.546,-0.711483,11.6552,213.544,-0.709101,        29P   2312
11.6552,213.54,-0.704668,11.6552,213.537,-0.699853,11.6552,           29P   2313
213.532,-0.693545,11.6552,213.526,-0.685507,11.6552,213.514,          29P   2314
-0.670638,11.6552,213.496,-0.646626,11.6552,213.477,-0.622169,        29P   2315
11.6552,213.461,-0.601158,11.6552,213.453,-0.591138,11.6552,          29P   2316
213.448,-0.584565,11.6552,213.445,-0.58125,11.6552,213.441,           29P   2317
-0.57548,11.6552,213.435,-0.568165,11.6552,213.428,-0.558462,         29P   2318
11.6552,213.418,-0.545077,11.6552,213.401,-0.523266,11.6552,          29P   2319
213.384,-0.501211,11.6552,213.367,-0.478601,11.6552,213.358,          29P   2320
-0.466667,11.6552,213.351,-0.457884,11.6552,213.349,-0.45571,         29P   2321
11.6552,213.347,-0.452664,11.6552,213.343,-0.447121,11.6552,          29P   2322
213.337,-0.440197,11.6552,213.331,-0.431227,11.6552,213.321,          29P   2323
-0.419263,11.6552,213.306,-0.399642,11.6552,213.291,-0.379762,        29P   2324
11.6552,213.273,-0.355544,11.6552,213.261,-0.340146,11.6552,          29P   2325
213.251,-0.32729,11.6552,213.249,-0.323826,11.6552,213.245,           29P   2326
-0.318515,11.6552,213.24,-0.311985,11.6552,213.233,-0.303717,         29P   2327
11.6552,213.225,-0.293093,11.6552,213.212,-0.275601,11.6552,          29P   2328
213.198,-0.257702,11.6552,213.179,-0.23224,11.6552,213.167,           29P   2329
-0.215461,11.6552,213.155,-0.200652,11.6552,213.153,-0.19795,         29P   2330
11.6552,213.151,-0.194504,11.6552,213.147,-0.189501,11.6552,          29P   2331
213.142,-0.183409,11.6552,213.137,-0.175887,11.6552,213.13,           29P   2332
-0.166499,11.6552,213.118,-0.151064,11.6552,213.106,-0.135097,        29P   2333
11.6552,213.086,-0.10839,11.6552,213.071,-0.0890187,11.6552,          29P   2334
213.058,-0.0713015,11.6552,213.056,-0.0682552,11.6552,213.053,        29P   2335
-0.0648641,11.6552,213.05,-0.0601801,11.6552,213.045,-0.0545525,      29P   2336
11.6552,213.04,-0.0477609,11.6552,213.034,-0.0395667,11.6552,         29P   2337
213.024,-0.0260856,11.6552,213.014,-0.0119458,11.6552,212.993,        29P   2338
0.0161393,11.6552,212.976,0.0381526,11.6552,212.961,0.0587371,        29P   2339
11.6552,212.959,0.0620106,11.6552,212.956,0.0652535,11.6552,          29P   2340
212.953,0.0695444,11.6552,212.949,0.0746783,11.6552,212.945,          29P   2341
0.0807568,11.6552,212.939,0.0878709,11.6552,212.931,0.0995072,        29P   2342
11.6552,212.922,0.111849,11.6552,212.9,0.141358,11.6552,212.881,      29P   2343
0.165942,11.6552,212.864,0.189344,11.6552,212.862,0.192724,           29P   2344
11.6552,212.859,0.195781,11.6552,212.857,0.199677,11.6552,            29P   2345
212.853,0.204278,11.6552,212.849,0.20964,11.6552,212.845,             29P   2346
0.215731,11.6552,212.837,0.225659,11.6552,212.83,0.236253,            29P   2347
11.6552,212.807,0.267293,11.6552,212.787,0.294421,11.6552,            29P   2348
212.768,0.320628,11.6552,212.765,0.323985,11.6552,212.763,            29P   2349
0.326828,11.6552,212.761,0.330271,11.6552,212.758,0.33431,            29P   2350
11.6552,212.754,0.338914,11.6552,212.751,0.344023,11.6552,            29P   2351
212.745,0.352321,11.6552,212.738,0.361229,11.6552,212.714,            29P   2352
0.393871,11.6552,212.693,0.423503,11.6552,212.672,0.452449,           29P   2353
11.6552,212.669,0.455687,11.6552,212.668,0.458235,11.6552,            29P   2354
212.665,0.46122,11.6552,212.663,0.464676,11.6552,212.66,              29P   2355
0.468556,11.6552,212.657,0.472756,11.6552,212.652,0.479537,           29P   2356
11.6552,212.647,0.486808,11.6552,212.622,0.521176,11.6552,            29P   2357
212.599,0.553314,11.6552,212.576,0.585034,11.6552,212.574,            29P   2358
0.588011,11.6552,212.573,0.590214,11.6552,212.571,0.592677,           29P   2359
11.6552,212.569,0.595511,11.6552,212.566,0.598644,11.6552,            29P   2360
212.564,0.601968,11.6552,212.56,0.607335,11.6552,212.556,             29P   2361
0.613065,11.6552,212.53,0.649296,11.6552,212.506,0.683919,            29P   2362
11.6552,212.481,0.71833,11.6552,212.479,0.720903,11.6552,             29P   2363
212.478,0.722717,11.6552,212.477,0.724649,11.6552,212.475,            29P   2364
0.726885,11.6552,212.473,0.729304,11.6552,212.472,0.73178,            29P   2365
11.6552,212.469,0.735781,11.6552,212.466,0.740054,11.6552,            29P   2366
212.439,0.778208,11.6552,212.413,0.815282,11.6552,212.387,            29P   2367
0.852562,11.6552,212.385,0.85491,11.6552,212.384,0.857048,            29P   2368
11.6552,212.382,0.858715,11.6552,212.381,0.860369,11.6552,            29P   2369
212.38,0.862064,11.6552,212.378,0.864779,11.6552,212.376,             29P   2370
0.867712,11.6552,212.353,0.900895,11.6552,212.331,0.933065,           29P   2371
11.6552,212.308,0.965117,11.6552,212.307,0.966762,11.6552,            29P   2372
212.306,0.968474,11.6552,212.305,0.969941,11.6552,212.304,            29P   2373
0.971236,11.6552,212.303,0.972896,11.6552,212.302,0.974723,           29P   2374
11.6552,212.283,1.00194,11.6552,212.264,1.02851,11.6552,212.246,      29P   2375
1.05532,11.6552,212.245,1.05673,11.6552,212.244,1.05813,11.6552,      29P   2376
212.243,1.05967,11.6552,212.228,1.08121,11.6552,212.214,1.10272,      29P   2377
11.6552,212.199,1.12384,11.6552,212.199,1.12487,11.6552,212.188,      29P   2378
1.1397,11.6552,212.179,1.15421,11.6552,212.169,1.16849,11.6552,       29P   2379
212.208,1.23289,12.2032,212.208,1.23421,12.2032,212.206,1.23563,      29P   2380
12.2032,212.204,1.23705,12.2032,212.202,1.23766,12.2032,212.2,        29P   2381
1.23782,12.2032,212.198,1.23775,12.2032,212.197,1.23759,12.2032,      29P   2382
212.196,1.23731,12.2032,212.195,1.23665,12.2032,212.193,1.23548,      29P   2383
12.2032,212.192,1.23434,12.2032,212.191,1.23335,12.2032,212.19,       29P   2384
1.23232,12.2032,212.19,1.23123,12.2032,212.189,1.22996,12.2032,       29P   2385
212.189,1.22927,12.2032,212.189,1.2276,12.2032,212.189,1.22559,       29P   2386
12.2032,212.189,1.22355,12.2032,212.19,1.22228,12.2032,212.191,       29P   2387
1.22114,12.2032,212.192,1.21995,12.2032,212.192,1.21801,12.2032,      29P   2388
212.193,1.21613,12.2032,212.194,1.21392,12.2032,212.195,1.21263,      29P   2389
12.2032,212.195,1.2119,12.2032,212.196,1.21118,12.2032,212.196,       29P   2390
1.20987,12.2032,212.197,1.20896,12.2032,212.198,1.20713,12.2032,      29P   2391
212.198,1.20588,12.2032,212.199,1.20335,12.2032,212.2,1.20207,        29P   2392
12.2032,212.201,1.19982,12.2032,212.202,1.19885,12.2032,212.202,      29P   2393
1.19744,12.2032,212.202,1.197,12.2032,212.205,1.19188,12.2032,        29P   2394
212.207,1.18651,12.2032,212.21,1.18031,12.2032,212.212,1.17737,       29P   2395
12.2032,212.214,1.17386,12.2032,212.216,1.16895,12.2032,212.218,      29P   2396
1.16415,12.2032,212.22,1.15929,12.2032,212.222,1.15528,12.2032,       29P   2397
212.224,1.15142,12.2032,212.226,1.1482,12.2032,212.233,1.13343,       29P   2398
12.2032,212.24,1.11952,12.2032,212.246,1.10563,12.2032,212.248,       29P   2399
1.10326,12.2032,212.249,1.10002,12.2032,212.251,1.09524,12.2032,      29P   2400
212.254,1.09053,12.2032,212.256,1.0856,12.2032,212.258,1.08132,       29P   2401
12.2032,212.26,1.07699,12.2032,212.262,1.07311,12.2032,212.274,       29P   2402
1.04983,12.2032,212.285,1.02757,12.2032,212.296,1.00494,12.2032,      29P   2403
212.297,1.00206,12.2032,212.3,0.997465,12.2032,212.302,0.992911,      29P   2404
12.2032,212.305,0.98795,12.2032,212.307,0.983365,12.2032,             29P   2405
212.309,0.978347,12.2032,212.312,0.973505,12.2032,212.328,            29P   2406
0.942037,12.2032,212.343,0.912026,12.2032,212.358,0.882438,           29P   2407
12.2032,212.359,0.880075,12.2032,212.362,0.87598,12.2032,             29P   2408
212.364,0.871571,12.2032,212.366,0.866532,12.2032,212.369,            29P   2409
0.861538,12.2032,212.372,0.855727,12.2032,212.375,0.849749,           29P   2410
12.2032,212.395,0.810627,12.2032,212.415,0.772827,12.2032,            29P   2411
212.435,0.736677,12.2032,212.436,0.734427,12.2032,212.438,            29P   2412
0.731231,12.2032,212.44,0.726958,12.2032,212.443,0.721882,            29P   2413
12.2032,212.446,0.716437,12.2032,212.449,0.709708,12.2032,            29P   2414
212.453,0.702406,12.2032,212.474,0.663882,12.2032,212.494,            29P   2415
0.626975,12.2032,212.514,0.591604,12.2032,212.516,0.58772,            29P   2416
12.2032,212.518,0.583579,12.2032,212.521,0.578404,12.2032,            29P   2417
212.524,0.572504,12.2032,212.529,0.564876,12.2032,212.533,            29P   2418
0.556284,12.2032,212.555,0.518436,12.2032,212.574,0.483396,           29P   2419
12.2032,212.593,0.450646,12.2032,212.594,0.448977,12.2032,            29P   2420
212.595,0.447374,12.2032,212.597,0.444785,12.2032,212.599,            29P   2421
0.441309,12.2032,212.602,0.436089,12.2032,212.605,0.429747,           29P   2422
12.2032,212.61,0.421255,12.2032,212.616,0.411427,12.2032,             29P   2423
212.637,0.374279,12.2032,212.657,0.340314,12.2032,212.676,            29P   2424
0.309253,12.2032,212.677,0.307351,12.2032,212.679,0.304263,           29P   2425
12.2032,212.681,0.30031,12.2032,212.684,0.295015,12.2032,             29P   2426
212.688,0.288278,12.2032,212.694,0.278979,12.2032,212.7,              29P   2427
0.267958,12.2032,212.722,0.231501,12.2032,212.742,0.198551,           29P   2428
12.2032,212.76,0.169098,12.2032,212.761,0.167244,12.2032,             29P   2429
212.763,0.164343,12.2032,212.765,0.160443,12.2032,212.769,            29P   2430
0.155072,12.2032,212.773,0.147949,12.2032,212.779,0.137905,           29P   2431
12.2032,212.787,0.125694,12.2032,212.809,0.0898963,12.2032,           29P   2432
212.829,0.0579989,12.2032,212.846,0.0302258,12.2032,212.848,          29P   2433
0.0284735,12.2032,212.849,0.0256982,12.2032,212.852,0.0218309,        29P   2434
12.2032,212.855,0.0163703,12.2032,212.86,0.00887311,12.2032,          29P   2435
212.867,-0.00189693,12.2032,212.875,-0.0152922,12.2032,212.898,       29P   2436
-0.05028,12.2032,212.918,-0.0809531,12.2032,212.935,-0.106982,        29P   2437
12.2032,212.936,-0.10871,12.2032,212.938,-0.111457,12.2032,           29P   2438
212.94,-0.115306,12.2032,212.944,-0.12083,12.2032,212.949,            29P   2439
-0.128664,12.2032,212.957,-0.140086,12.2032,212.967,-0.15469,         29P   2440
12.2032,212.989,-0.188804,12.2032,213.009,-0.218198,12.2032,          29P   2441
213.026,-0.242342,12.2032,213.027,-0.243655,12.2032,213.028,          29P   2442
-0.24485,12.2032,213.029,-0.247215,12.2032,213.032,-0.250711,         29P   2443
12.2032,213.036,-0.256323,12.2032,213.041,-0.264406,12.2032,          29P   2444
213.049,-0.276452,12.2032,213.06,-0.292255,12.2032,213.084,           29P   2445
-0.32545,12.2032,213.104,-0.3535,12.2032,213.119,-0.375756,           29P   2446
12.2032,213.121,-0.377442,12.2032,213.123,-0.380323,12.2032,          29P   2447
213.126,-0.384275,12.2032,213.13,-0.389984,12.2032,213.136,           29P   2448
-0.39835,12.2032,213.145,-0.411016,12.2032,213.157,-0.428238,         29P   2449
12.2032,213.181,-0.460547,12.2032,213.2,-0.48721,12.2032,             29P   2450
213.215,-0.507041,12.2032,213.216,-0.507958,12.2032,213.217,          29P   2451
-0.50933,12.2032,213.219,-0.512112,12.2032,213.222,-0.516146,         29P   2452
12.2032,213.226,-0.521977,12.2032,213.232,-0.53059,12.2032,           29P   2453
213.243,-0.543986,12.2032,213.257,-0.562772,12.2032,213.28,           29P   2454
-0.594098,12.2032,213.3,-0.619222,12.2032,213.313,-0.637045,          29P   2455
12.2032,213.315,-0.638783,12.2032,213.317,-0.642005,12.2032,          29P   2456
213.32,-0.64618,12.2032,213.325,-0.652153,12.2032,213.332,            29P   2457
-0.660998,12.2032,213.343,-0.675348,12.2032,213.359,-0.696032,        29P   2458
12.2032,213.383,-0.726338,12.2032,213.402,-0.750439,12.2032,          29P   2459
213.415,-0.766472,12.2032,213.418,-0.77018,12.2032,213.421,           29P   2460
-0.774564,12.2032,213.426,-0.780698,12.2032,213.433,-0.789922,        29P   2461
12.2032,213.446,-0.805621,12.2032,213.465,-0.828569,12.2032,          29P   2462
213.482,-0.850706,12.2032,213.495,-0.865738,12.2032,213.5,            29P   2463
-0.871847,12.2032,213.503,-0.875783,12.2032,213.507,-0.880373,        29P   2464
12.2032,213.512,-0.886695,12.2032,213.52,-0.896297,12.2032,           29P   2465
213.534,-0.913396,12.2032,213.55,-0.932911,12.2032,213.563,           29P   2466
-0.94812,12.2032,213.569,-0.955179,12.2032,213.572,-0.95931,          29P   2467
12.2032,213.576,-0.963577,12.2032,213.579,-0.967395,12.2032,          29P   2468
213.583,-0.971752,12.2032,213.59,-0.980701,12.2032,213.603,           29P   2469
-0.995588,12.2032,213.613,-1.00805,12.2032,213.62,-1.01553,           29P   2470
12.2032,213.621,-1.01755,12.2032,213.624,-1.02097,12.2032,            29P   2471
213.627,-1.02423,12.2032,213.63,-1.02818,12.2032,213.635,             29P   2472
-1.03318,12.2032,213.643,-1.04247,12.2032,213.649,-1.0499,            29P   2473
12.2032,213.653,-1.05503,12.2032,213.654,-1.05546,12.2032,            29P   2474
213.654,-1.05614,12.2032,213.655,-1.05639,12.2032,213.655,            29P   2475
-1.05726,12.2032,213.656,-1.05787,12.2032,213.657,-1.05951,           29P   2476
12.2032,213.658,-1.06055,12.2032,213.661,-1.06287,12.2032,            29P   2477
213.664,-1.06437,12.2032,213.667,-1.06521,12.2032,213.668,            29P   2478
-1.06552,12.2032,213.671,-1.0659,12.2032,213.673,-1.06584,            29P   2479
12.2032,213.677,-1.06532,12.2032,213.68,-1.06443,12.2032,             29P   2480
213.683,-1.06267,12.2032,213.684,-1.06185,12.2032,213.686,            29P   2481
-1.06053,12.2032,213.688,-1.05872,12.2032,213.69,-1.05558,            29P   2482
12.2032,213.691,-1.05332,12.2032,213.692,-1.05134,12.2032,            29P   2483
213.692,-1.04978,12.2032,213.693,-1.04711,12.2032,213.693,            29P   2484
-1.0431,12.2032,213.692,-1.03953,12.2032,213.691,-1.03662,            29P   2485
12.2032,213.69,-1.03544,12.2032,213.689,-1.03395,12.2032,             29P   2486
213.689,-1.03357,12.2032,213.688,-1.03263,12.2032,213.687,            29P   2487
-1.03129,12.2032,213.686,-1.02992,12.2032,213.685,-1.02769,           29P   2488
12.2032,213.684,-1.02548,12.2032,213.681,-1.02173,12.2032,            29P   2489
213.679,-1.01939,12.2032,213.678,-1.01736,12.2032,213.676,            29P   2490
-1.0141,12.2032,213.674,-1.01083,12.2032,213.67,-1.00538,             29P   2491
12.2032,213.668,-1.0027,12.2032,213.666,-0.999499,12.2032,            29P   2492
213.664,-0.997009,12.2032,213.662,-0.993965,12.2032,213.661,          29P   2493
-0.991553,12.2032,213.66,-0.990464,12.2032,213.659,-0.989608,         29P   2494
12.2032,213.658,-0.987435,12.2032,213.655,-0.983961,12.2032,          29P   2495
213.652,-0.978785,12.2032,213.649,-0.974098,12.2032,213.647,          29P   2496
-0.971265,12.2032,213.645,-0.967936,12.2032,213.642,-0.964344,        29P   2497
12.2032,213.64,-0.96075,12.2032,213.639,-0.958949,12.2032,            29P   2498
213.636,-0.955516,12.2032,213.633,-0.951479,12.2032,213.629,          29P   2499
-0.944428,12.2032,213.624,-0.937402,12.2032,213.619,-0.93039,         29P   2500
12.2032,213.617,-0.926593,12.2032,213.615,-0.924762,12.2032,          29P   2501
213.614,-0.923188,12.2032,213.613,-0.920665,12.2032,213.611,          29P   2502
-0.918628,12.2032,213.61,-0.91651,12.2032,213.609,-0.91577,           29P   2503
12.2032,213.607,-0.912627,12.2032,213.605,-0.909616,12.2032,          29P   2504
213.601,-0.903369,12.2032,213.596,-0.89635,12.2032,213.591,           29P   2505
-0.889617,12.2032,213.588,-0.884644,12.2032,213.585,-0.880446,        29P   2506
12.2032,213.577,-0.869171,12.2032,213.57,-0.857952,12.2032,           29P   2507
213.562,-0.846064,12.2032,213.558,-0.840649,12.2032,213.555,          29P   2508
-0.835981,12.2032,213.554,-0.834224,12.2032,213.552,-0.831691,        29P   2509
12.2032,213.548,-0.82611,12.2032,213.543,-0.818812,12.2032,           29P   2510
213.538,-0.811987,12.2032,213.533,-0.804234,12.2032,213.528,          29P   2511
-0.797172,12.2032,213.519,-0.783364,12.2032,213.504,-0.760937,        29P   2512
12.2032,213.489,-0.739234,12.2032,213.479,-0.724867,12.2032,          29P   2513
213.478,-0.722968,12.2032,213.476,-0.720469,12.2032,213.473,          29P   2514
-0.71583,12.2032,213.47,-0.710792,12.2032,213.465,-0.704191,          29P   2515
12.2032,213.46,-0.695782,12.2032,213.449,-0.680229,12.2032,           29P   2516
213.432,-0.655121,12.2032,213.415,-0.629556,12.2032,213.4,            29P   2517
-0.607598,12.2032,213.393,-0.59712,12.2032,213.388,-0.590252,         29P   2518
12.2032,213.386,-0.586789,12.2032,213.382,-0.580766,12.2032,          29P   2519
213.377,-0.573123,12.2032,213.37,-0.562986,12.2032,213.36,            29P   2520
-0.549001,12.2032,213.345,-0.526213,12.2032,213.329,-0.50317,         29P   2521
12.2032,213.313,-0.479546,12.2032,213.305,-0.467078,12.2032,          29P   2522
213.299,-0.457901,12.2032,213.297,-0.455629,12.2032,213.295,          29P   2523
-0.452446,12.2032,213.291,-0.446655,12.2032,213.286,-0.43942,         29P   2524
12.2032,213.28,-0.430046,12.2032,213.272,-0.417546,12.2032,           29P   2525
213.258,-0.397044,12.2032,213.244,-0.376274,12.2032,213.227,          29P   2526
-0.350979,12.2032,213.216,-0.3349,12.2032,213.207,-0.321481,          29P   2527
12.2032,213.205,-0.317865,12.2032,213.201,-0.312323,12.2032,          29P   2528
213.196,-0.305508,12.2032,213.191,-0.296882,12.2032,213.183,          29P   2529
-0.285798,12.2032,213.171,-0.267553,12.2032,213.158,-0.248889,        29P   2530
12.2032,213.141,-0.222341,12.2032,213.129,-0.20485,12.2032,           29P   2531
213.119,-0.18941,12.2032,213.117,-0.186593,12.2032,213.114,           29P   2532
-0.183001,12.2032,213.111,-0.177785,12.2032,213.107,-0.171433,        29P   2533
12.2032,213.101,-0.163589,12.2032,213.095,-0.153801,12.2032,          29P   2534
213.084,-0.137706,12.2032,213.073,-0.121055,12.2032,213.055,          29P   2535
-0.0932075,12.2032,213.041,-0.0730101,12.2032,213.029,                29P   2536
-0.0545415,12.2032,213.027,-0.051366,12.2032,213.024,-0.0478314,      29P   2537
12.2032,213.021,-0.0429491,12.2032,213.017,-0.0370838,12.2032,        29P   2538
213.013,-0.0300058,12.2032,213.007,-0.0214665,12.2032,212.998,        29P   2539
-0.00741924,12.2032,212.988,0.00731212,12.2032,212.969,               29P   2540
0.0365686,12.2032,212.954,0.0594947,12.2032,212.939,0.0809301,        29P   2541
12.2032,212.937,0.0843389,12.2032,212.935,0.0877157,12.2032,          29P   2542
212.932,0.0921839,12.2032,212.928,0.0975297,12.2032,212.924,          29P   2543
0.103859,12.2032,212.919,0.111266,12.2032,212.911,0.123382,           29P   2544
12.2032,212.903,0.136231,12.2032,212.883,0.166952,12.2032,            29P   2545
212.866,0.192538,12.2032,212.85,0.216888,12.2032,212.848,             29P   2546
0.220405,12.2032,212.846,0.223585,12.2032,212.843,0.227638,           29P   2547
12.2032,212.84,0.232425,12.2032,212.836,0.238003,12.2032,             29P   2548
212.832,0.244339,12.2032,212.825,0.254666,12.2032,212.818,            29P   2549
0.265683,12.2032,212.797,0.297965,12.2032,212.779,0.326172,           29P   2550
12.2032,212.761,0.353426,12.2032,212.759,0.356916,12.2032,            29P   2551
212.757,0.359873,12.2032,212.755,0.363454,12.2032,212.752,            29P   2552
0.367654,12.2032,212.749,0.372442,12.2032,212.745,0.377755,           29P   2553
12.2032,212.74,0.386385,12.2032,212.734,0.39565,12.2032,212.712,      29P   2554
0.429598,12.2032,212.692,0.460414,12.2032,212.673,0.490502,           29P   2555
12.2032,212.67,0.493868,12.2032,212.669,0.496516,12.2032,             29P   2556
212.667,0.499618,12.2032,212.664,0.50321,12.2032,212.662,             29P   2557
0.507242,12.2032,212.659,0.511607,12.2032,212.655,0.518653,           29P   2558
12.2032,212.65,0.526208,12.2032,212.627,0.561914,12.2032,             29P   2559
212.605,0.595288,12.2032,212.584,0.628219,12.2032,212.582,            29P   2560
0.63131,12.2032,212.581,0.633597,12.2032,212.579,0.636153,            29P   2561
12.2032,212.578,0.639095,12.2032,212.575,0.642347,12.2032,            29P   2562
212.573,0.645799,12.2032,212.57,0.65137,12.2032,212.566,              29P   2563
0.657318,12.2032,212.542,0.694925,12.2032,212.519,0.730854,           29P   2564
12.2032,212.497,0.766554,12.2032,212.495,0.769224,12.2032,            29P   2565
212.494,0.771106,12.2032,212.493,0.773111,12.2032,212.491,            29P   2566
0.77543,12.2032,212.49,0.777939,12.2032,212.488,0.780508,             29P   2567
12.2032,212.485,0.784658,12.2032,212.483,0.789091,12.2032,            29P   2568
212.458,0.828891,12.2032,212.433,0.867346,12.2032,212.409,            29P   2569
0.905955,12.2032,212.408,0.908386,12.2032,212.406,0.9106,             29P   2570
12.2032,212.405,0.912092,12.2032,212.404,0.913805,12.2032,            29P   2571
212.403,0.91556,12.2032,212.402,0.918371,12.2032,212.4,0.921408,      29P   2572
12.2032,212.379,0.955028,12.2032,212.358,0.988267,12.2032,            29P   2573
212.338,1.02147,12.2032,212.337,1.02318,12.2032,212.335,1.02495,      29P   2574
12.2032,212.334,1.02647,12.2032,212.333,1.02849,12.2032,212.332,      29P   2575
1.03031,12.2032,212.331,1.0322,12.2032,212.314,1.06024,12.2032,       29P   2576
212.297,1.08781,12.2032,212.28,1.11559,12.2032,212.279,1.11704,       29P   2577
12.2032,212.278,1.11849,12.2032,212.277,1.12022,12.2032,212.263,      29P   2578
1.14233,12.2032,212.25,1.16457,12.2032,212.237,1.18642,12.2032,       29P   2579
212.236,1.18749,12.2032,212.227,1.20303,12.2032,212.217,1.21811,      29P   2580
12.2032,212.208,1.23289,12.2032,212.237,1.27741,12.5765,212.236,      29P   2581
1.27911,12.5765,212.234,1.28061,12.5765,212.231,1.28173,12.5765,      29P   2582
212.229,1.28199,12.5765,212.227,1.28187,12.5765,212.226,1.28154,      29P   2583
12.5765,212.225,1.28111,12.5765,212.224,1.28056,12.5765,212.223,      29P   2584
1.27984,12.5765,212.221,1.27851,12.5765,212.22,1.27698,12.5765,       29P   2585
212.22,1.27557,12.5765,212.219,1.27403,12.5765,212.219,1.27218,       29P   2586
12.5765,212.22,1.2703,12.5765,212.22,1.26957,12.5765,212.22,          29P   2587
1.26849,12.5765,212.221,1.26751,12.5765,212.222,1.26653,12.5765,      29P   2588
212.222,1.26522,12.5765,212.223,1.26355,12.5765,212.224,1.26189,      29P   2589
12.5765,212.225,1.25995,12.5765,212.225,1.25803,12.5765,212.226,      29P   2590
1.25577,12.5765,212.227,1.25446,12.5765,212.227,1.25373,12.5765,      29P   2591
212.228,1.253,12.5765,212.228,1.25168,12.5765,212.229,1.25076,        29P   2592
12.5765,212.23,1.24891,12.5765,212.23,1.24765,12.5765,212.231,        29P   2593
1.24509,12.5765,212.232,1.24379,12.5765,212.233,1.24152,12.5765,      29P   2594
212.233,1.24054,12.5765,212.234,1.23912,12.5765,212.234,1.23867,      29P   2595
12.5765,212.237,1.23349,12.5765,212.239,1.22807,12.5765,212.242,      29P   2596
1.22181,12.5765,212.243,1.21884,12.5765,212.245,1.2153,12.5765,       29P   2597
212.247,1.21034,12.5765,212.249,1.2055,12.5765,212.252,1.20059,       29P   2598
12.5765,212.254,1.19654,12.5765,212.255,1.19264,12.5765,212.257,      29P   2599
1.18939,12.5765,212.264,1.17449,12.5765,212.27,1.16046,12.5765,       29P   2600
212.277,1.14644,12.5765,212.278,1.14405,12.5765,212.28,1.14078,       29P   2601
12.5765,212.282,1.13595,12.5765,212.284,1.1312,12.5765,212.286,       29P   2602
1.12622,12.5765,212.288,1.12191,12.5765,212.291,1.11753,12.5765,      29P   2603
212.292,1.11362,12.5765,212.304,1.09011,12.5765,212.314,1.06763,      29P   2604
12.5765,212.325,1.04475,12.5765,212.327,1.04184,12.5765,212.329,      29P   2605
1.03719,12.5765,212.331,1.03259,12.5765,212.333,1.02757,12.5765,      29P   2606
212.336,1.02293,12.5765,212.338,1.01785,12.5765,212.34,1.01295,       29P   2607
12.5765,212.356,0.980997,12.5765,212.37,0.9506,12.5765,212.385,       29P   2608
0.920638,12.5765,212.386,0.918253,12.5765,212.388,0.914209,           29P   2609
12.5765,212.391,0.909745,12.5765,212.393,0.904641,12.5765,            29P   2610
212.396,0.899584,12.5765,212.398,0.8937,12.5765,212.401,              29P   2611
0.887646,12.5765,212.421,0.848104,12.5765,212.44,0.809813,            29P   2612
12.5765,212.459,0.773135,12.5765,212.46,0.770834,12.5765,             29P   2613
212.462,0.767531,12.5765,212.464,0.763195,12.5765,212.466,            29P   2614
0.758042,12.5765,212.469,0.752516,12.5765,212.473,0.745684,           29P   2615
12.5765,212.477,0.73827,12.5765,212.496,0.699357,12.5765,             29P   2616
212.516,0.661813,12.5765,212.534,0.625861,12.5765,212.536,            29P   2617
0.621701,12.5765,212.539,0.617512,12.5765,212.541,0.612253,           29P   2618
12.5765,212.545,0.606255,12.5765,212.549,0.598502,12.5765,            29P   2619
212.553,0.589769,12.5765,212.573,0.551296,12.5765,212.592,            29P   2620
0.515659,12.5765,212.61,0.482297,12.5765,212.611,0.480597,            29P   2621
12.5765,212.612,0.478964,12.5765,212.613,0.476325,12.5765,            29P   2622
212.615,0.472784,12.5765,212.618,0.467464,12.5765,212.622,            29P   2623
0.460999,12.5765,212.626,0.45234,12.5765,212.632,0.442317,            29P   2624
12.5765,212.652,0.40442,12.5765,212.671,0.369724,12.5765,             29P   2625
212.688,0.337983,12.5765,212.69,0.336049,12.5765,212.691,             29P   2626
0.332893,12.5765,212.693,0.328853,12.5765,212.696,0.323433,           29P   2627
12.5765,212.7,0.316547,12.5765,212.705,0.307043,12.5765,212.712,      29P   2628
0.295777,12.5765,212.732,0.258505,12.5765,212.751,0.224804,           29P   2629
12.5765,212.768,0.194658,12.5765,212.769,0.192759,12.5765,            29P   2630
212.771,0.18979,12.5765,212.773,0.185798,12.5765,212.776,             29P   2631
0.180301,12.5765,212.78,0.173009,12.5765,212.786,0.162724,            29P   2632
12.5765,212.793,0.150219,12.5765,212.814,0.113547,12.5765,            29P   2633
212.833,0.0808376,12.5765,212.849,0.0523207,12.5765,212.851,          29P   2634
0.0505213,12.5765,212.852,0.0476715,12.5765,212.854,0.0436998,        29P   2635
12.5765,212.858,0.038091,12.5765,212.862,0.030389,12.5765,            29P   2636
212.869,0.0193221,12.5765,212.877,0.00555311,12.5765,212.898,         29P   2637
-0.0304232,12.5765,212.916,-0.0619924,12.5765,212.932,                29P   2638
-0.0887894,12.5765,212.934,-0.0905548,12.5765,212.935,                29P   2639
-0.0933828,12.5765,212.938,-0.0973454,12.5765,212.941,-0.103046,      29P   2640
12.5765,212.946,-0.111112,12.5765,212.953,-0.122876,12.5765,          29P   2641
212.962,-0.137918,12.5765,212.983,-0.173068,12.5765,213.002,          29P   2642
-0.203388,12.5765,213.018,-0.228333,12.5765,213.018,-0.22969,         29P   2643
12.5765,213.019,-0.230925,12.5765,213.021,-0.233369,12.5765,          29P   2644
213.023,-0.236982,12.5765,213.027,-0.242783,12.5765,213.032,          29P   2645
-0.25114,12.5765,213.04,-0.2636,12.5765,213.05,-0.279955,             29P   2646
12.5765,213.072,-0.314327,12.5765,213.09,-0.343403,12.5765,           29P   2647
213.105,-0.366484,12.5765,213.106,-0.368232,12.5765,213.108,          29P   2648
-0.37122,12.5765,213.11,-0.375311,12.5765,213.114,-0.381231,          29P   2649
12.5765,213.12,-0.389906,12.5765,213.128,-0.403042,12.5765,           29P   2650
213.14,-0.420909,12.5765,213.162,-0.45444,12.5765,213.18,             29P   2651
-0.482145,12.5765,213.194,-0.502779,12.5765,213.194,-0.503733,        29P   2652
12.5765,213.195,-0.505161,12.5765,213.197,-0.508056,12.5765,          29P   2653
213.2,-0.512255,12.5765,213.204,-0.518326,12.5765,213.21,             29P   2654
-0.527296,12.5765,213.219,-0.541254,12.5765,213.232,-0.560842,        29P   2655
12.5765,213.254,-0.593378,12.5765,213.272,-0.61964,12.5765,           29P   2656
213.285,-0.638286,12.5765,213.286,-0.640117,12.5765,213.288,          29P   2657
-0.643633,12.5765,213.291,-0.648002,12.5765,213.296,-0.654254,        29P   2658
12.5765,213.302,-0.663512,12.5765,213.312,-0.678538,12.5765,          29P   2659
213.327,-0.700205,12.5765,213.349,-0.731906,12.5765,213.366,          29P   2660
-0.757171,12.5765,213.378,-0.773978,12.5765,213.381,-0.777923,        29P   2661
12.5765,213.384,-0.782519,12.5765,213.389,-0.788948,12.5765,          29P   2662
213.395,-0.798619,12.5765,213.407,-0.815081,12.5765,213.424,          29P   2663
-0.839164,12.5765,213.441,-0.862475,12.5765,213.452,-0.878316,        29P   2664
12.5765,213.456,-0.884759,12.5765,213.459,-0.888878,12.5765,          29P   2665
213.463,-0.893724,12.5765,213.468,-0.900402,12.5765,213.475,          29P   2666
-0.91055,12.5765,213.488,-0.928636,12.5765,213.503,-0.949401,         29P   2667
12.5765,213.514,-0.965481,12.5765,213.519,-0.972938,12.5765,          29P   2668
213.523,-0.977188,12.5765,213.526,-0.981693,12.5765,213.529,          29P   2669
-0.985724,12.5765,213.532,-0.990323,12.5765,213.539,-0.999768,        29P   2670
12.5765,213.55,-1.01564,12.5765,213.56,-1.02882,12.5765,213.566,      29P   2671
-1.03674,12.5765,213.567,-1.03888,12.5765,213.57,-1.04236,            29P   2672
12.5765,213.572,-1.04581,12.5765,213.575,-1.05001,12.5765,            29P   2673
213.579,-1.05532,12.5765,213.586,-1.06473,12.5765,213.592,            29P   2674
-1.07234,12.5765,213.596,-1.07791,12.5765,213.596,-1.07839,           29P   2675
12.5765,213.597,-1.07918,12.5765,213.597,-1.07949,12.5765,            29P   2676
213.598,-1.0806,12.5765,213.599,-1.08143,12.5765,213.601,             29P   2677
-1.08303,12.5765,213.602,-1.0837,12.5765,213.605,-1.08553,            29P   2678
12.5765,213.608,-1.08652,12.5765,213.611,-1.08675,12.5765,            29P   2679
213.613,-1.0868,12.5765,213.615,-1.08676,12.5765,213.617,             29P   2680
-1.08635,12.5765,213.621,-1.08519,12.5765,213.624,-1.0838,            29P   2681
12.5765,213.627,-1.08143,12.5765,213.628,-1.08045,12.5765,            29P   2682
213.629,-1.07893,12.5765,213.631,-1.07689,12.5765,213.632,            29P   2683
-1.07333,12.5765,213.633,-1.07065,12.5765,213.633,-1.06843,           29P   2684
12.5765,213.633,-1.06682,12.5765,213.633,-1.06416,12.5765,            29P   2685
213.633,-1.05968,12.5765,213.631,-1.05625,12.5765,213.629,            29P   2686
-1.05374,12.5765,213.629,-1.05292,12.5765,213.628,-1.05182,           29P   2687
12.5765,213.628,-1.05153,12.5765,213.628,-1.05074,12.5765,            29P   2688
213.627,-1.0493,12.5765,213.626,-1.04787,12.5765,213.624,             29P   2689
-1.0456,12.5765,213.623,-1.04335,12.5765,213.621,-1.03951,            29P   2690
12.5765,213.619,-1.03711,12.5765,213.618,-1.035,12.5765,213.616,      29P   2691
-1.03161,12.5765,213.614,-1.02822,12.5765,213.61,-1.02261,            29P   2692
12.5765,213.609,-1.01987,12.5765,213.607,-1.01657,12.5765,            29P   2693
213.606,-1.01444,12.5765,213.604,-1.01184,12.5765,213.602,            29P   2694
-1.00945,12.5765,213.602,-1.00833,12.5765,213.601,-1.00731,           29P   2695
12.5765,213.6,-1.0046,12.5765,213.597,-1.00055,12.5765,213.594,       29P   2696
-0.995209,12.5765,213.591,-0.990373,12.5765,213.589,-0.987451,        29P   2697
12.5765,213.587,-0.984019,12.5765,213.585,-0.980314,12.5765,          29P   2698
213.582,-0.97661,12.5765,213.581,-0.974754,12.5765,213.579,           29P   2699
-0.971216,12.5765,213.577,-0.967054,12.5765,213.572,-0.959784,        29P   2700
12.5765,213.568,-0.952537,12.5765,213.563,-0.945301,12.5765,          29P   2701
213.561,-0.94138,12.5765,213.56,-0.93949,12.5765,213.559,             29P   2702
-0.937864,12.5765,213.557,-0.935259,12.5765,213.556,-0.933154,        29P   2703
12.5765,213.555,-0.930966,12.5765,213.554,-0.9302,12.5765,            29P   2704
213.552,-0.926953,12.5765,213.55,-0.923841,12.5765,213.546,           29P   2705
-0.917383,12.5765,213.542,-0.910125,12.5765,213.538,-0.903162,        29P   2706
12.5765,213.534,-0.898019,12.5765,213.532,-0.893676,12.5765,          29P   2707
213.525,-0.882014,12.5765,213.518,-0.87041,12.5765,213.51,            29P   2708
-0.858117,12.5765,213.507,-0.852519,12.5765,213.504,-0.847694,        29P   2709
12.5765,213.503,-0.845878,12.5765,213.501,-0.84326,12.5765,           29P   2710
213.498,-0.837493,12.5765,213.493,-0.829955,12.5765,213.489,          29P   2711
-0.822907,12.5765,213.484,-0.814901,12.5765,213.479,-0.807611,        29P   2712
12.5765,213.471,-0.793361,12.5765,213.456,-0.770195,12.5765,          29P   2713
213.443,-0.747808,12.5765,213.434,-0.732985,12.5765,213.433,          29P   2714
-0.731035,12.5765,213.431,-0.728475,12.5765,213.428,-0.723688,        29P   2715
12.5765,213.425,-0.71849,12.5765,213.421,-0.711678,12.5765,           29P   2716
213.415,-0.703,12.5765,213.406,-0.686946,12.5765,213.39,              29P   2717
-0.661027,12.5765,213.374,-0.634635,12.5765,213.36,-0.611972,         29P   2718
12.5765,213.353,-0.601178,12.5765,213.349,-0.594091,12.5765,          29P   2719
213.347,-0.590518,12.5765,213.343,-0.584285,12.5765,213.338,          29P   2720
-0.5764,12.5765,213.331,-0.565944,12.5765,213.323,-0.551521,          29P   2721
12.5765,213.308,-0.528025,12.5765,213.294,-0.504276,12.5765,          29P   2722
213.279,-0.479936,12.5765,213.271,-0.467093,12.5765,213.265,          29P   2723
-0.457641,12.5765,213.264,-0.455301,12.5765,213.262,-0.452023,        29P   2724
12.5765,213.258,-0.446059,12.5765,213.253,-0.438609,12.5765,          29P   2725
213.247,-0.428958,12.5765,213.24,-0.416088,12.5765,213.227,           29P   2726
-0.394982,12.5765,213.214,-0.373603,12.5765,213.198,-0.347566,        29P   2727
12.5765,213.187,-0.331013,12.5765,213.179,-0.317197,12.5765,          29P   2728
213.177,-0.313472,12.5765,213.173,-0.307765,12.5765,213.169,          29P   2729
-0.300748,12.5765,213.163,-0.291864,12.5765,213.157,-0.280451,        29P   2730
12.5765,213.145,-0.261661,12.5765,213.133,-0.242439,12.5765,          29P   2731
213.117,-0.215101,12.5765,213.106,-0.197092,12.5765,213.096,          29P   2732
-0.1812,12.5765,213.094,-0.1783,12.5765,213.092,-0.174602,            29P   2733
12.5765,213.089,-0.169234,12.5765,213.085,-0.162698,12.5765,          29P   2734
213.08,-0.154626,12.5765,213.074,-0.144555,12.5765,213.064,           29P   2735
-0.127996,12.5765,213.053,-0.110869,12.5765,213.036,-0.0822245,       29P   2736
12.5765,213.023,-0.0614511,12.5765,213.012,-0.0424537,12.5765,        29P   2737
213.01,-0.0391873,12.5765,213.007,-0.0355513,12.5765,213.004,         29P   2738
-0.030529,12.5765,213.001,-0.0244954,12.5765,212.996,-0.0172141,      29P   2739
12.5765,212.991,-0.00842954,12.5765,212.982,0.00602112,12.5765,       29P   2740
212.973,0.0211747,12.5765,212.955,0.0512666,12.5765,212.941,          29P   2741
0.0748403,12.5765,212.927,0.0968685,12.5765,212.925,0.100371,         29P   2742
12.5765,212.923,0.103841,12.5765,212.92,0.108432,12.5765,             29P   2743
212.917,0.113924,12.5765,212.913,0.120425,12.5765,212.908,            29P   2744
0.128034,12.5765,212.901,0.140477,12.5765,212.893,0.153671,           29P   2745
12.5765,212.874,0.185212,12.5765,212.858,0.211477,12.5765,            29P   2746
212.843,0.236479,12.5765,212.841,0.240091,12.5765,212.839,            29P   2747
0.243357,12.5765,212.836,0.247519,12.5765,212.833,0.252435,           29P   2748
12.5765,212.83,0.258163,12.5765,212.826,0.264671,12.5765,212.82,      29P   2749
0.275277,12.5765,212.813,0.286594,12.5765,212.793,0.319753,           29P   2750
12.5765,212.776,0.348726,12.5765,212.759,0.376705,12.5765,            29P   2751
212.757,0.380288,12.5765,212.755,0.383323,12.5765,212.753,            29P   2752
0.386999,12.5765,212.751,0.391311,12.5765,212.748,0.396225,           29P   2753
12.5765,212.744,0.401678,12.5765,212.739,0.410534,12.5765,            29P   2754
212.733,0.420041,12.5765,212.713,0.45487,12.5765,212.694,             29P   2755
0.48647,12.5765,212.676,0.517318,12.5765,212.674,0.520769,            29P   2756
12.5765,212.672,0.523484,12.5765,212.67,0.526664,12.5765,             29P   2757
212.668,0.530346,12.5765,212.665,0.53448,12.5765,212.663,             29P   2758
0.538955,12.5765,212.658,0.546178,12.5765,212.654,0.553922,           29P   2759
12.5765,212.632,0.590522,12.5765,212.612,0.624725,12.5765,            29P   2760
212.592,0.658471,12.5765,212.59,0.661637,12.5765,212.589,             29P   2761
0.663981,12.5765,212.587,0.666601,12.5765,212.586,0.669615,           29P   2762
12.5765,212.584,0.672948,12.5765,212.582,0.676485,12.5765,            29P   2763
212.578,0.682193,12.5765,212.575,0.688288,12.5765,212.552,            29P   2764
0.726824,12.5765,212.531,0.763638,12.5765,212.509,0.800222,           29P   2765
12.5765,212.508,0.802958,12.5765,212.507,0.804886,12.5765,            29P   2766
212.505,0.806941,12.5765,212.504,0.809318,12.5765,212.503,            29P   2767
0.811889,12.5765,212.501,0.814521,12.5765,212.499,0.818775,           29P   2768
12.5765,212.496,0.823317,12.5765,212.473,0.863497,12.5765,            29P   2769
212.45,0.902872,12.5765,212.427,0.942402,12.5765,212.426,             29P   2770
0.944891,12.5765,212.424,0.947158,12.5765,212.423,0.949326,           29P   2771
12.5765,212.422,0.951079,12.5765,212.421,0.952875,12.5765,            29P   2772
212.419,0.955753,12.5765,212.418,0.958862,12.5765,212.397,            29P   2773
0.993779,12.5765,212.378,1.02781,12.5765,212.359,1.06179,             29P   2774
12.5765,212.358,1.06353,12.5765,212.356,1.06535,12.5765,212.356,      29P   2775
1.06691,12.5765,212.355,1.06846,12.5765,212.354,1.0703,12.5765,       29P   2776
212.353,1.07224,12.5765,212.336,1.10064,12.5765,212.32,1.12884,       29P   2777
12.5765,212.304,1.15723,12.5765,212.303,1.15871,12.5765,212.303,      29P   2778
1.16019,12.5765,212.301,1.16227,12.5765,212.289,1.185,12.5765,        29P   2779
212.276,1.20771,12.5765,212.263,1.23004,12.5765,212.262,1.23113,      29P   2780
12.5765,212.254,1.24688,12.5765,212.245,1.26229,12.5765,212.237,      29P   2781
1.27741,12.5765,212.257,1.31878,12.9228,212.257,1.32008,12.9228,      29P   2782
212.255,1.32157,12.9228,212.252,1.32268,12.9228,212.25,1.32284,       29P   2783
12.9228,212.248,1.32226,12.9228,212.246,1.32165,12.9228,212.246,      29P   2784
1.32114,12.9228,212.245,1.32047,12.9228,212.244,1.31916,12.9228,      29P   2785
212.243,1.3171,12.9228,212.243,1.31553,12.9228,212.243,1.31431,       29P   2786
12.9228,212.243,1.31315,12.9228,212.243,1.31227,12.9228,212.244,      29P   2787
1.3111,12.9228,212.244,1.31014,12.9228,212.245,1.30846,12.9228,       29P   2788
212.245,1.30701,12.9228,212.246,1.30556,12.9228,212.247,1.30426,      29P   2789
12.9228,212.247,1.3027,12.9228,212.248,1.30114,12.9228,212.249,       29P   2790
1.29919,12.9228,212.25,1.29728,12.9228,212.251,1.29502,12.9228,       29P   2791
212.252,1.29372,12.9228,212.252,1.29298,12.9228,212.252,1.29225,      29P   2792
12.9228,212.253,1.29093,12.9228,212.253,1.29001,12.9228,212.254,      29P   2793
1.28816,12.9228,212.255,1.2869,12.9228,212.256,1.28434,12.9228,       29P   2794
212.256,1.28304,12.9228,212.257,1.28077,12.9228,212.258,1.27979,      29P   2795
12.9228,212.258,1.27837,12.9228,212.259,1.27792,12.9228,212.261,      29P   2796
1.27274,12.9228,212.263,1.26731,12.9228,212.266,1.26104,12.9228,      29P   2797
212.268,1.25806,12.9228,212.269,1.25452,12.9228,212.272,1.24955,      29P   2798
12.9228,212.274,1.2447,12.9228,212.276,1.23978,12.9228,212.278,       29P   2799
1.23572,12.9228,212.28,1.23181,12.9228,212.281,1.22855,12.9228,       29P   2800
212.288,1.2136,12.9228,212.294,1.19951,12.9228,212.301,1.18543,       29P   2801
12.9228,212.302,1.18303,12.9228,212.303,1.17974,12.9228,212.305,      29P   2802
1.17489,12.9228,212.308,1.17011,12.9228,212.31,1.16511,12.9228,       29P   2803
212.312,1.16077,12.9228,212.314,1.15637,12.9228,212.316,1.15244,      29P   2804
12.9228,212.326,1.12881,12.9228,212.337,1.10619,12.9228,212.347,      29P   2805
1.08318,12.9228,212.349,1.08025,12.9228,212.351,1.07557,12.9228,      29P   2806
212.353,1.07094,12.9228,212.355,1.0659,12.9228,212.358,1.06123,       29P   2807
12.9228,212.36,1.05613,12.9228,212.362,1.05121,12.9228,212.377,       29P   2808
1.01941,12.9228,212.391,0.988866,12.9228,212.406,0.958711,            29P   2809
12.9228,212.407,0.956287,12.9228,212.409,0.951913,12.9228,            29P   2810
212.411,0.947418,12.9228,212.413,0.94228,12.9228,212.416,             29P   2811
0.937187,12.9228,212.419,0.93126,12.9228,212.421,0.925162,            29P   2812
12.9228,212.44,0.885095,12.9228,212.459,0.846462,12.9228,             29P   2813
212.477,0.809451,12.9228,212.478,0.807181,12.9228,212.479,            29P   2814
0.804023,12.9228,212.481,0.799647,12.9228,212.484,0.794448,           29P   2815
12.9228,212.487,0.788871,12.9228,212.49,0.781976,12.9228,             29P   2816
212.494,0.774494,12.9228,212.513,0.734598,12.9228,212.531,            29P   2817
0.69675,12.9228,212.549,0.660395,12.9228,212.551,0.656809,            29P   2818
12.9228,212.553,0.652512,12.9228,212.556,0.647192,12.9228,            29P   2819
212.559,0.641124,12.9228,212.562,0.633279,12.9228,212.567,            29P   2820
0.62444,12.9228,212.586,0.585496,12.9228,212.604,0.549386,            29P   2821
12.9228,212.621,0.515575,12.9228,212.622,0.513851,12.9228,            29P   2822
212.623,0.512196,12.9228,212.624,0.509522,12.9228,212.626,            29P   2823
0.505933,12.9228,212.628,0.500541,12.9228,212.632,0.493988,           29P   2824
12.9228,212.636,0.485212,12.9228,212.641,0.475052,12.9228,            29P   2825
212.661,0.436635,12.9228,212.678,0.401446,12.9228,212.695,            29P   2826
0.36923,12.9228,212.696,0.367239,12.9228,212.698,0.364036,            29P   2827
12.9228,212.7,0.359935,12.9228,212.702,0.35446,12.9228,212.706,       29P   2828
0.347468,12.9228,212.711,0.337817,12.9228,212.717,0.326375,           29P   2829
12.9228,212.736,0.288511,12.9228,212.754,0.254239,12.9228,            29P   2830
212.77,0.223551,12.9228,212.771,0.221622,12.9228,212.773,             29P   2831
0.218599,12.9228,212.775,0.214535,12.9228,212.778,0.208934,           29P   2832
12.9228,212.781,0.201507,12.9228,212.787,0.191031,12.9228,            29P   2833
212.793,0.178291,12.9228,212.813,0.140921,12.9228,212.83,             29P   2834
0.107565,12.9228,212.846,0.0784811,12.9228,212.847,0.076646,          29P   2835
12.9228,212.848,0.0737395,12.9228,212.851,0.0696888,12.9228,          29P   2836
212.854,0.0639683,12.9228,212.858,0.0561129,12.9228,212.864,          29P   2837
0.0448251,12.9228,212.871,0.0307806,12.9228,212.891,-0.00591851,      29P   2838
12.9228,212.908,-0.0381313,12.9228,212.923,-0.0654868,12.9228,        29P   2839
212.924,-0.0673283,12.9228,212.926,-0.0702153,12.9228,212.928,        29P   2840
-0.0742607,12.9228,212.931,-0.0800417,12.9228,212.936,                29P   2841
-0.0882776,12.9228,212.943,-0.100289,12.9228,212.951,-0.115651,       29P   2842
12.9228,212.971,-0.15155,12.9228,212.989,-0.182522,12.9228,           29P   2843
213.003,-0.207999,12.9228,213.004,-0.209385,12.9228,213.005,          29P   2844
-0.210647,12.9228,213.006,-0.213142,12.9228,213.008,-0.216833,        29P   2845
12.9228,213.012,-0.222757,12.9228,213.017,-0.231292,12.9228,          29P   2846
213.024,-0.244017,12.9228,213.033,-0.260718,12.9228,213.054,          29P   2847
-0.295817,12.9228,213.071,-0.325505,12.9228,213.085,-0.349054,        29P   2848
12.9228,213.086,-0.350839,12.9228,213.088,-0.353889,12.9228,          29P   2849
213.091,-0.358085,12.9228,213.094,-0.364129,12.9228,213.099,          29P   2850
-0.372986,12.9228,213.107,-0.386398,12.9228,213.118,-0.404638,        29P   2851
12.9228,213.139,-0.438868,12.9228,213.156,-0.467143,12.9228,          29P   2852
213.169,-0.488194,12.9228,213.17,-0.489167,12.9228,213.171,           29P   2853
-0.490624,12.9228,213.173,-0.493578,12.9228,213.175,-0.497861,        29P   2854
12.9228,213.179,-0.504054,12.9228,213.185,-0.513203,12.9228,          29P   2855
213.194,-0.527437,12.9228,213.206,-0.547407,12.9228,213.227,          29P   2856
-0.581024,12.9228,213.244,-0.607755,12.9228,213.257,-0.626715,        29P   2857
12.9228,213.258,-0.628541,12.9228,213.26,-0.631691,12.9228,           29P   2858
213.263,-0.636133,12.9228,213.267,-0.642488,12.9228,213.273,          29P   2859
-0.651896,12.9228,213.283,-0.66716,12.9228,213.297,-0.689157,         29P   2860
12.9228,213.319,-0.721487,12.9228,213.336,-0.747091,12.9228,          29P   2861
213.347,-0.764114,12.9228,213.35,-0.76794,12.9228,213.353,            29P   2862
-0.772593,12.9228,213.357,-0.779103,12.9228,213.364,-0.788893,        29P   2863
12.9228,213.375,-0.805549,12.9228,213.392,-0.829887,12.9228,          29P   2864
213.408,-0.853297,12.9228,213.419,-0.869236,12.9228,213.424,          29P   2865
-0.875714,12.9228,213.427,-0.879951,12.9228,213.43,-0.884818,         29P   2866
12.9228,213.435,-0.891523,12.9228,213.442,-0.901704,12.9228,          29P   2867
213.455,-0.91983,12.9228,213.47,-0.940283,12.9228,213.482,            29P   2868
-0.956366,12.9228,213.487,-0.963824,12.9228,213.491,-0.968401,        29P   2869
12.9228,213.494,-0.972905,12.9228,213.497,-0.976934,12.9228,          29P   2870
213.5,-0.981531,12.9228,213.507,-0.990968,12.9228,213.518,            29P   2871
-1.00635,12.9228,213.528,-1.01947,12.9228,213.534,-1.02734,           29P   2872
12.9228,213.536,-1.02949,12.9228,213.539,-1.03337,12.9228,            29P   2873
213.541,-1.03679,12.9228,213.545,-1.04095,12.9228,213.549,            29P   2874
-1.04621,12.9228,213.556,-1.05594,12.9228,213.562,-1.06386,           29P   2875
12.9228,213.566,-1.06936,12.9228,213.567,-1.06981,12.9228,            29P   2876
213.567,-1.07047,12.9228,213.568,-1.07071,12.9228,213.568,            29P   2877
-1.07151,12.9228,213.569,-1.07202,12.9228,213.571,-1.07323,           29P   2878
12.9228,213.572,-1.07389,12.9228,213.575,-1.07528,12.9228,            29P   2879
213.578,-1.07621,12.9228,213.581,-1.07637,12.9228,213.583,            29P   2880
-1.07632,12.9228,213.585,-1.07612,12.9228,213.587,-1.07554,           29P   2881
12.9228,213.591,-1.07431,12.9228,213.593,-1.07284,12.9228,            29P   2882
213.596,-1.07038,12.9228,213.597,-1.06923,12.9228,213.599,            29P   2883
-1.06731,12.9228,213.6,-1.06516,12.9228,213.601,-1.06193,             29P   2884
12.9228,213.602,-1.05928,12.9228,213.602,-1.05707,12.9228,            29P   2885
213.602,-1.05532,12.9228,213.602,-1.05236,12.9228,213.601,            29P   2886
-1.04839,12.9228,213.599,-1.04545,12.9228,213.598,-1.04303,           29P   2887
12.9228,213.597,-1.04202,12.9228,213.596,-1.04062,12.9228,            29P   2888
213.596,-1.04025,12.9228,213.595,-1.0393,12.9228,213.594,             29P   2889
-1.0379,12.9228,213.593,-1.0365,12.9228,213.592,-1.03427,             29P   2890
12.9228,213.59,-1.03205,12.9228,213.588,-1.02829,12.9228,             29P   2891
213.586,-1.02592,12.9228,213.585,-1.02386,12.9228,213.583,            29P   2892
-1.02053,12.9228,213.581,-1.0172,12.9228,213.577,-1.01169,            29P   2893
12.9228,213.575,-1.00898,12.9228,213.573,-1.00574,12.9228,            29P   2894
213.571,-1.00324,12.9228,213.569,-1.00018,12.9228,213.568,            29P   2895
-0.997735,12.9228,213.567,-0.996627,12.9228,213.566,-0.995748,        29P   2896
12.9228,213.565,-0.993508,12.9228,213.563,-0.989944,12.9228,          29P   2897
213.559,-0.98467,12.9228,213.556,-0.979892,12.9228,213.554,           29P   2898
-0.977003,12.9228,213.552,-0.973609,12.9228,213.55,-0.969945,         29P   2899
12.9228,213.547,-0.966278,12.9228,213.546,-0.964441,12.9228,          29P   2900
213.544,-0.960938,12.9228,213.541,-0.956815,12.9228,213.537,          29P   2901
-0.949613,12.9228,213.532,-0.942431,12.9228,213.527,-0.935259,        29P   2902
12.9228,213.525,-0.931373,12.9228,213.524,-0.9295,12.9228,            29P   2903
213.523,-0.927889,12.9228,213.521,-0.925307,12.9228,213.52,           29P   2904
-0.923221,12.9228,213.518,-0.921053,12.9228,213.518,-0.920294,        29P   2905
12.9228,213.516,-0.917075,12.9228,213.514,-0.913991,12.9228,          29P   2906
213.51,-0.907591,12.9228,213.505,-0.900398,12.9228,213.501,           29P   2907
-0.893494,12.9228,213.497,-0.888394,12.9228,213.495,-0.884087,        29P   2908
12.9228,213.487,-0.872517,12.9228,213.48,-0.860994,12.9228,           29P   2909
213.472,-0.848774,12.9228,213.469,-0.843206,12.9228,213.466,          29P   2910
-0.838403,12.9228,213.465,-0.836595,12.9228,213.463,-0.833988,        29P   2911
12.9228,213.459,-0.828244,12.9228,213.455,-0.820729,12.9228,          29P   2912
213.45,-0.813697,12.9228,213.445,-0.805707,12.9228,213.441,           29P   2913
-0.798425,12.9228,213.432,-0.784181,12.9228,213.418,-0.76108,         29P   2914
12.9228,213.404,-0.738637,12.9228,213.395,-0.723767,12.9228,          29P   2915
213.394,-0.721783,12.9228,213.392,-0.719161,12.9228,213.389,          29P   2916
-0.714358,12.9228,213.386,-0.709141,12.9228,213.382,-0.702303,        29P   2917
12.9228,213.377,-0.69359,12.9228,213.367,-0.677466,12.9228,           29P   2918
213.351,-0.651416,12.9228,213.335,-0.624863,12.9228,213.322,          29P   2919
-0.602041,12.9228,213.315,-0.59111,12.9228,213.311,-0.583967,         29P   2920
12.9228,213.309,-0.580365,12.9228,213.305,-0.574139,12.9228,          29P   2921
213.3,-0.566188,12.9228,213.294,-0.555641,12.9228,213.286,            29P   2922
-0.541087,12.9228,213.272,-0.517364,12.9228,213.257,-0.49336,         29P   2923
12.9228,213.243,-0.468737,12.9228,213.235,-0.455735,12.9228,          29P   2924
213.23,-0.446162,12.9228,213.228,-0.443791,12.9228,213.226,           29P   2925
-0.440471,12.9228,213.223,-0.434428,12.9228,213.218,-0.426878,        29P   2926
12.9228,213.213,-0.417094,12.9228,213.205,-0.404044,12.9228,          29P   2927
213.193,-0.382633,12.9228,213.18,-0.36093,12.9228,213.165,            29P   2928
-0.334484,12.9228,213.155,-0.31767,12.9228,213.147,-0.303634,         29P   2929
12.9228,213.145,-0.299857,12.9228,213.142,-0.29406,12.9228,           29P   2930
213.138,-0.28693,12.9228,213.133,-0.277905,12.9228,213.126,           29P   2931
-0.266307,12.9228,213.115,-0.247213,12.9228,213.104,-0.227673,        29P   2932
12.9228,213.088,-0.199873,12.9228,213.078,-0.181549,12.9228,          29P   2933
213.068,-0.165371,12.9228,213.067,-0.162419,12.9228,213.065,          29P   2934
-0.158654,12.9228,213.062,-0.153188,12.9228,213.058,-0.146532,        29P   2935
12.9228,213.053,-0.13831,12.9228,213.047,-0.12805,12.9228,            29P   2936
213.038,-0.111177,12.9228,213.028,-0.09372,12.9228,213.012,           29P   2937
-0.0645213,12.9228,213.,-0.0433432,12.9228,212.989,-0.0239804,        29P   2938
12.9228,212.987,-0.0206514,12.9228,212.985,-0.0169457,12.9228,        29P   2939
212.982,-0.0118273,12.9228,212.979,-0.00567853,12.9228,212.974,       29P   2940
0.00174139,12.9228,212.969,0.010693,12.9228,212.961,0.0254183,        29P   2941
12.9228,212.953,0.0408609,12.9228,212.935,0.0715316,12.9228,          29P   2942
212.922,0.0955698,12.9228,212.91,0.118054,12.9228,212.908,            29P   2943
0.12163,12.9228,212.906,0.125172,12.9228,212.903,0.12986,             29P   2944
12.9228,212.9,0.135468,12.9228,212.896,0.142109,12.9228,212.892,      29P   2945
0.149881,12.9228,212.885,0.162594,12.9228,212.878,0.176078,           29P   2946
12.9228,212.86,0.208313,12.9228,212.845,0.235156,12.9228,             29P   2947
212.831,0.260679,12.9228,212.829,0.264366,12.9228,212.827,            29P   2948
0.267699,12.9228,212.825,0.271946,12.9228,212.822,0.276962,           29P   2949
12.9228,212.819,0.282806,12.9228,212.815,0.289443,12.9228,            29P   2950
212.809,0.300259,12.9228,212.803,0.311794,12.9228,212.784,            29P   2951
0.345587,12.9228,212.768,0.375093,12.9228,212.752,0.403593,           29P   2952
12.9228,212.75,0.407243,12.9228,212.748,0.410335,12.9228,             29P   2953
212.746,0.414079,12.9228,212.744,0.418471,12.9228,212.741,            29P   2954
0.423478,12.9228,212.738,0.429033,12.9228,212.733,0.438056,           29P   2955
12.9228,212.728,0.447742,12.9228,212.708,0.48323,12.9228,             29P   2956
212.691,0.515433,12.9228,212.673,0.546859,12.9228,212.672,            29P   2957
0.550374,12.9228,212.67,0.55314,12.9228,212.668,0.55638,12.9228,      29P   2958
212.666,0.56013,12.9228,212.664,0.564341,12.9228,212.661,             29P   2959
0.568899,12.9228,212.657,0.576256,12.9228,212.653,0.584144,           29P   2960
12.9228,212.633,0.621419,12.9228,212.614,0.65624,12.9228,             29P   2961
212.595,0.690583,12.9228,212.593,0.693806,12.9228,212.592,            29P   2962
0.696191,12.9228,212.59,0.698857,12.9228,212.589,0.701924,            29P   2963
12.9228,212.587,0.705316,12.9228,212.585,0.708914,12.9228,            29P   2964
212.582,0.714723,12.9228,212.578,0.720924,12.9228,212.557,            29P   2965
0.760129,12.9228,212.537,0.797559,12.9228,212.517,0.834711,           29P   2966
12.9228,212.515,0.837489,12.9228,212.514,0.839447,12.9228,            29P   2967
212.513,0.841533,12.9228,212.512,0.843947,12.9228,212.51,             29P   2968
0.846557,12.9228,212.509,0.849229,12.9228,212.506,0.853547,           29P   2969
12.9228,212.504,0.858158,12.9228,212.481,0.899518,12.9228,            29P   2970
212.46,0.939484,12.9228,212.438,0.979636,12.9228,212.437,             29P   2971
0.982165,12.9228,212.436,0.984467,12.9228,212.435,0.986061,           29P   2972
12.9228,212.434,0.987843,12.9228,212.433,0.989668,12.9228,            29P   2973
212.431,0.992592,12.9228,212.43,0.99575,12.9228,212.411,1.03113,      29P   2974
12.9228,212.392,1.06572,12.9228,212.374,1.10018,12.9228,212.373,      29P   2975
1.10195,12.9228,212.372,1.10379,12.9228,212.371,1.10537,12.9228,      29P   2976
212.37,1.10705,12.9228,212.369,1.10892,12.9228,212.368,1.11088,       29P   2977
12.9228,212.352,1.14012,12.9228,212.337,1.16866,12.9228,212.322,      29P   2978
1.19744,12.9228,212.321,1.19895,12.9228,212.32,1.20045,12.9228,       29P   2979
212.319,1.20208,12.9228,212.307,1.22474,12.9228,212.295,1.24781,      29P   2980
12.9228,212.283,1.27044,12.9228,212.282,1.27155,12.9228,212.274,      29P   2981
1.2879,12.9228,212.265,1.30349,12.9228,212.257,1.31878,12.9228,       29P   2982
212.23,1.36982,13.126,212.229,1.37123,13.126,212.227,1.37269,         29P   2983
13.126,212.224,1.37353,13.126,212.222,1.3735,13.126,212.22,           29P   2984
1.37279,13.126,212.219,1.37203,13.126,212.218,1.37104,13.126,         29P   2985
212.217,1.37015,13.126,212.217,1.36867,13.126,212.216,1.36677,        29P   2986
13.126,212.217,1.36518,13.126,212.217,1.36399,13.126,212.217,         29P   2987
1.36282,13.126,212.218,1.36177,13.126,212.218,1.36053,13.126,         29P   2988
212.219,1.35975,13.126,212.219,1.35829,13.126,212.22,1.3569,          29P   2989
13.126,212.221,1.3555,13.126,212.221,1.35419,13.126,212.222,          29P   2990
1.35259,13.126,212.223,1.351,13.126,212.224,1.34904,13.126,           29P   2991
212.225,1.34711,13.126,212.226,1.34484,13.126,212.226,1.34352,        29P   2992
13.126,212.226,1.34278,13.126,212.227,1.34204,13.126,212.227,         29P   2993
1.34072,13.126,212.228,1.33979,13.126,212.229,1.33793,13.126,         29P   2994
212.229,1.33666,13.126,212.23,1.33408,13.126,212.231,1.33277,         29P   2995
13.126,212.232,1.33048,13.126,212.232,1.3295,13.126,212.233,          29P   2996
1.32806,13.126,212.233,1.32761,13.126,212.236,1.3224,13.126,          29P   2997
212.238,1.31693,13.126,212.241,1.31062,13.126,212.242,1.30762,        29P   2998
13.126,212.244,1.30406,13.126,212.246,1.29905,13.126,212.249,         29P   2999
1.29417,13.126,212.251,1.28922,13.126,212.253,1.28513,13.126,         29P   3000
212.254,1.2812,13.126,212.256,1.27792,13.126,212.263,1.26288,         29P   3001
13.126,212.269,1.2487,13.126,212.276,1.23453,13.126,212.277,          29P   3002
1.23212,13.126,212.278,1.22881,13.126,212.281,1.22392,13.126,         29P   3003
212.283,1.21912,13.126,212.285,1.21408,13.126,212.287,1.20971,        29P   3004
13.126,212.289,1.20528,13.126,212.291,1.20132,13.126,212.302,         29P   3005
1.17751,13.126,212.312,1.15472,13.126,212.323,1.13154,13.126,         29P   3006
212.324,1.12861,13.126,212.327,1.1239,13.126,212.329,1.11923,         29P   3007
13.126,212.331,1.11415,13.126,212.333,1.10945,13.126,212.336,         29P   3008
1.10431,13.126,212.338,1.09934,13.126,212.353,1.06716,13.126,         29P   3009
212.367,1.03636,13.126,212.381,1.00595,13.126,212.383,1.00351,        29P   3010
13.126,212.385,0.999229,13.126,212.387,0.994695,13.126,212.389,       29P   3011
0.989511,13.126,212.392,0.984373,13.126,212.394,0.978394,13.126,      29P   3012
212.397,0.972241,13.126,212.416,0.931909,13.126,212.435,              29P   3013
0.892909,13.126,212.452,0.855535,13.126,212.453,0.853221,13.126,      29P   3014
212.455,0.849958,13.126,212.457,0.84554,13.126,212.46,0.840289,       29P   3015
13.126,212.462,0.834657,13.126,212.466,0.827693,13.126,212.469,       29P   3016
0.820136,13.126,212.488,0.780099,13.126,212.507,0.74171,13.126,       29P   3017
212.524,0.704967,13.126,212.526,0.701083,13.126,212.528,              29P   3018
0.696886,13.126,212.531,0.691509,13.126,212.534,0.685375,13.126,      29P   3019
212.538,0.677445,13.126,212.542,0.668511,13.126,212.561,              29P   3020
0.629141,13.126,212.579,0.592624,13.126,212.596,0.558417,13.126,      29P   3021
212.596,0.556673,13.126,212.597,0.554999,13.126,212.599,              29P   3022
0.552293,13.126,212.6,0.548662,13.126,212.603,0.543206,13.126,        29P   3023
212.606,0.536575,13.126,212.611,0.527695,13.126,212.616,              29P   3024
0.517413,13.126,212.635,0.47853,13.126,212.653,0.442901,13.126,       29P   3025
212.669,0.410269,13.126,212.67,0.408318,13.126,212.671,0.405074,      29P   3026
13.126,212.673,0.40092,13.126,212.676,0.395307,13.126,212.68,         29P   3027
0.388225,13.126,212.685,0.378448,13.126,212.69,0.366855,13.126,       29P   3028
212.71,0.32849,13.126,212.727,0.293753,13.126,212.743,0.26264,        29P   3029
13.126,212.744,0.260675,13.126,212.745,0.257611,13.126,212.747,       29P   3030
0.25349,13.126,212.75,0.247819,13.126,212.754,0.240289,13.126,        29P   3031
212.759,0.229666,13.126,212.766,0.216747,13.126,212.785,              29P   3032
0.178851,13.126,212.802,0.145025,13.126,212.817,0.115544,13.126,      29P   3033
212.818,0.113684,13.126,212.82,0.110738,13.126,212.822,0.106632,      29P   3034
13.126,212.825,0.100834,13.126,212.829,0.092873,13.126,212.835,       29P   3035
0.0814349,13.126,212.842,0.0672065,13.126,212.862,0.0300391,          29P   3036
13.126,212.879,-0.0025463,13.126,212.894,-0.0301685,13.126,           29P   3037
212.895,-0.0319342,13.126,212.897,-0.0348489,13.126,212.899,          29P   3038
-0.0389325,13.126,212.902,-0.0448601,13.126,212.907,-0.0531692,       29P   3039
13.126,212.913,-0.0652818,13.126,212.922,-0.080762,13.126,            29P   3040
212.942,-0.116908,13.126,212.96,-0.148022,13.126,212.975,             29P   3041
-0.173564,13.126,212.976,-0.174953,13.126,212.976,-0.176218,          29P   3042
13.126,212.978,-0.178719,13.126,212.98,-0.182417,13.126,212.983,      29P   3043
-0.188353,13.126,212.988,-0.1969,13.126,212.996,-0.209637,            29P   3044
13.126,213.006,-0.226338,13.126,213.027,-0.261398,13.126,             29P   3045
213.045,-0.290971,13.126,213.06,-0.314413,13.126,213.061,             29P   3046
-0.316187,13.126,213.063,-0.319216,13.126,213.065,-0.323341,          29P   3047
13.126,213.069,-0.329341,13.126,213.074,-0.33813,13.126,213.083,      29P   3048
-0.351427,13.126,213.094,-0.36949,13.126,213.116,-0.40333,            29P   3049
13.126,213.135,-0.431185,13.126,213.148,-0.451863,13.126,             29P   3050
213.149,-0.452819,13.126,213.15,-0.45425,13.126,213.152,              29P   3051
-0.45715,13.126,213.155,-0.461355,13.126,213.159,-0.467431,           29P   3052
13.126,213.165,-0.476401,13.126,213.174,-0.490343,13.126,             29P   3053
213.188,-0.509868,13.126,213.211,-0.542477,13.126,213.229,            29P   3054
-0.568439,13.126,213.242,-0.586793,13.126,213.244,-0.588575,          29P   3055
13.126,213.246,-0.591787,13.126,213.249,-0.596083,13.126,             29P   3056
213.254,-0.602224,13.126,213.26,-0.611309,13.126,213.271,             29P   3057
-0.626027,13.126,213.287,-0.647185,13.126,213.311,-0.67811,           29P   3058
13.126,213.33,-0.702513,13.126,213.342,-0.718674,13.126,213.345,      29P   3059
-0.722362,13.126,213.349,-0.726774,13.126,213.354,-0.732941,          29P   3060
13.126,213.361,-0.742203,13.126,213.374,-0.75793,13.126,213.393,      29P   3061
-0.780825,13.126,213.411,-0.802752,13.126,213.424,-0.817604,          29P   3062
13.126,213.429,-0.823629,13.126,213.432,-0.827548,13.126,             29P   3063
213.436,-0.832068,13.126,213.442,-0.838288,13.126,213.45,             29P   3064
-0.847719,13.126,213.465,-0.864465,13.126,213.482,-0.883404,          29P   3065
13.126,213.495,-0.898105,13.126,213.501,-0.904905,13.126,             29P   3066
213.505,-0.908935,13.126,213.509,-0.913034,13.126,213.512,            29P   3067
-0.916695,13.126,213.516,-0.920869,13.126,213.524,-0.929429,          29P   3068
13.126,213.538,-0.943487,13.126,213.549,-0.955284,13.126,             29P   3069
213.556,-0.962336,13.126,213.558,-0.964251,13.126,213.561,            29P   3070
-0.96758,13.126,213.564,-0.970643,13.126,213.567,-0.974358,           29P   3071
13.126,213.572,-0.979051,13.126,213.581,-0.98769,13.126,213.588,      29P   3072
-0.994685,13.126,213.593,-0.999564,13.126,213.593,-0.999968,          29P   3073
13.126,213.594,-1.00059,13.126,213.594,-1.00082,13.126,213.595,       29P   3074
-1.00161,13.126,213.596,-1.00212,13.126,213.597,-1.00331,13.126,      29P   3075
213.599,-1.00395,13.126,213.602,-1.00543,13.126,213.605,              29P   3076
-1.00635,13.126,213.608,-1.00649,13.126,213.61,-1.00645,13.126,       29P   3077
213.612,-1.00627,13.126,213.614,-1.00569,13.126,213.618,              29P   3078
-1.00437,13.126,213.62,-1.00283,13.126,213.623,-1.00032,13.126,       29P   3079
213.624,-0.999208,13.126,213.626,-0.997407,13.126,213.627,            29P   3080
-0.995253,13.126,213.628,-0.991815,13.126,213.629,-0.98913,           29P   3081
13.126,213.629,-0.986894,13.126,213.629,-0.985186,13.126,             29P   3082
213.629,-0.982335,13.126,213.628,-0.978282,13.126,213.627,            29P   3083
-0.975281,13.126,213.625,-0.972798,13.126,213.624,-0.97183,           29P   3084
13.126,213.623,-0.970584,13.126,213.623,-0.970252,13.126,             29P   3085
213.622,-0.969402,13.126,213.621,-0.968149,13.126,213.62,             29P   3086
-0.966895,13.126,213.618,-0.964897,13.126,213.616,-0.96291,           29P   3087
13.126,213.613,-0.959532,13.126,213.611,-0.957413,13.126,213.61,      29P   3088
-0.955558,13.126,213.607,-0.95257,13.126,213.604,-0.949578,           29P   3089
13.126,213.6,-0.944616,13.126,213.598,-0.942182,13.126,213.595,       29P   3090
-0.939259,13.126,213.593,-0.93704,13.126,213.591,-0.934323,           29P   3091
13.126,213.589,-0.932122,13.126,213.588,-0.931122,13.126,             29P   3092
213.588,-0.930319,13.126,213.586,-0.92826,13.126,213.583,             29P   3093
-0.925006,13.126,213.579,-0.920237,13.126,213.575,-0.915912,          29P   3094
13.126,213.573,-0.913295,13.126,213.57,-0.910219,13.126,213.567,      29P   3095
-0.906896,13.126,213.565,-0.903567,13.126,213.563,-0.901898,          29P   3096
13.126,213.561,-0.898716,13.126,213.557,-0.894966,13.126,             29P   3097
213.552,-0.888409,13.126,213.546,-0.881861,13.126,213.541,            29P   3098
-0.875306,13.126,213.538,-0.871751,13.126,213.537,-0.870036,          29P   3099
13.126,213.535,-0.86856,13.126,213.533,-0.866195,13.126,213.532,      29P   3100
-0.864283,13.126,213.53,-0.862294,13.126,213.53,-0.861598,            29P   3101
13.126,213.527,-0.858645,13.126,213.525,-0.855812,13.126,213.52,      29P   3102
-0.849928,13.126,213.515,-0.843306,13.126,213.51,-0.836937,           29P   3103
13.126,213.506,-0.832228,13.126,213.503,-0.828249,13.126,             29P   3104
213.494,-0.817546,13.126,213.486,-0.806857,13.126,213.477,            29P   3105
-0.795497,13.126,213.472,-0.790314,13.126,213.469,-0.785839,          29P   3106
13.126,213.468,-0.784154,13.126,213.466,-0.781724,13.126,             29P   3107
213.462,-0.776367,13.126,213.456,-0.769351,13.126,213.451,            29P   3108
-0.762776,13.126,213.445,-0.7553,13.126,213.44,-0.748478,13.126,      29P   3109
213.43,-0.735115,13.126,213.414,-0.713369,13.126,213.398,             29P   3110
-0.69217,13.126,213.388,-0.678078,13.126,213.386,-0.676208,           29P   3111
13.126,213.384,-0.673742,13.126,213.381,-0.669186,13.126,             29P   3112
213.377,-0.664233,13.126,213.373,-0.657737,13.126,213.367,            29P   3113
-0.649451,13.126,213.356,-0.634094,13.126,213.338,-0.609216,          29P   3114
13.126,213.32,-0.583751,13.126,213.305,-0.561791,13.126,213.298,      29P   3115
-0.551388,13.126,213.293,-0.544496,13.126,213.29,-0.541019,           29P   3116
13.126,213.286,-0.534871,13.126,213.281,-0.527186,13.126,             29P   3117
213.274,-0.51698,13.126,213.265,-0.502881,13.126,213.249,             29P   3118
-0.479857,13.126,213.234,-0.456492,13.126,213.218,-0.432475,          29P   3119
13.126,213.21,-0.419772,13.126,213.204,-0.410411,13.126,213.202,      29P   3120
-0.408093,13.126,213.2,-0.404844,13.126,213.196,-0.398931,            29P   3121
13.126,213.191,-0.391539,13.126,213.185,-0.381953,13.126,             29P   3122
213.177,-0.369157,13.126,213.164,-0.348139,13.126,213.15,             29P   3123
-0.32679,13.126,213.134,-0.300745,13.126,213.124,-0.284146,           29P   3124
13.126,213.115,-0.270268,13.126,213.113,-0.266516,13.126,             29P   3125
213.109,-0.26078,13.126,213.105,-0.253723,13.126,213.1,               29P   3126
-0.244782,13.126,213.093,-0.233287,13.126,213.081,-0.214343,          29P   3127
13.126,213.069,-0.194925,13.126,213.053,-0.167263,13.126,             29P   3128
213.042,-0.149002,13.126,213.032,-0.132861,13.126,213.031,            29P   3129
-0.129915,13.126,213.029,-0.126158,13.126,213.025,-0.120701,          29P   3130
13.126,213.021,-0.114054,13.126,213.017,-0.10584,13.126,213.011,      29P   3131
-0.0955869,13.126,213.001,-0.0787139,13.126,212.991,-0.0612364,       29P   3132
13.126,212.974,-0.0319745,13.126,212.962,-0.0107144,13.126,           29P   3133
212.951,0.00875404,13.126,212.949,0.012102,13.126,212.947,            29P   3134
0.0158295,13.126,212.944,0.0209788,13.126,212.941,0.027167,           29P   3135
13.126,212.936,0.0346373,13.126,212.931,0.0436527,13.126,             29P   3136
212.923,0.0584904,13.126,212.914,0.0740632,13.126,212.897,            29P   3137
0.105011,13.126,212.884,0.129293,13.126,212.871,0.152016,13.126,      29P   3138
212.869,0.15563,13.126,212.867,0.15921,13.126,212.865,0.163948,       29P   3139
13.126,212.862,0.169618,13.126,212.858,0.176331,13.126,212.854,       29P   3140
0.184188,13.126,212.847,0.197042,13.126,212.839,0.210678,13.126,      29P   3141
212.822,0.243281,13.126,212.807,0.27044,13.126,212.793,0.296268,      29P   3142
13.126,212.791,0.299998,13.126,212.789,0.303371,13.126,212.787,       29P   3143
0.307669,13.126,212.784,0.312746,13.126,212.781,0.31866,13.126,       29P   3144
212.777,0.325378,13.126,212.772,0.336325,13.126,212.765,              29P   3145
0.348002,13.126,212.747,0.382213,13.126,212.731,0.412092,13.126,      29P   3146
212.715,0.440964,13.126,212.713,0.444662,13.126,212.711,              29P   3147
0.447794,13.126,212.709,0.451588,13.126,212.707,0.456038,13.126,      29P   3148
212.704,0.46111,13.126,212.701,0.466739,13.126,212.696,0.475882,      29P   3149
13.126,212.691,0.485697,13.126,212.672,0.521661,13.126,212.654,       29P   3150
0.554303,13.126,212.637,0.586159,13.126,212.636,0.589722,13.126,      29P   3151
212.634,0.592526,13.126,212.632,0.59581,13.126,212.63,0.599612,       29P   3152
13.126,212.628,0.60388,13.126,212.626,0.608501,13.126,212.622,        29P   3153
0.615959,13.126,212.617,0.623955,13.126,212.597,0.661742,13.126,      29P   3154
212.578,0.697046,13.126,212.56,0.731873,13.126,212.558,0.735141,      29P   3155
13.126,212.557,0.737559,13.126,212.556,0.740263,13.126,212.554,       29P   3156
0.743374,13.126,212.552,0.746813,13.126,212.55,0.750463,13.126,       29P   3157
212.547,0.756354,13.126,212.544,0.762643,13.126,212.523,              29P   3158
0.802405,13.126,212.503,0.840378,13.126,212.483,0.878087,13.126,      29P   3159
212.482,0.880906,13.126,212.481,0.882894,13.126,212.479,              29P   3160
0.885011,13.126,212.478,0.887461,13.126,212.477,0.890111,13.126,      29P   3161
212.475,0.892824,13.126,212.473,0.897207,13.126,212.471,              29P   3162
0.901888,13.126,212.449,0.943819,13.126,212.427,0.984404,13.126,      29P   3163
212.406,1.02517,13.126,212.405,1.02774,13.126,212.404,1.03008,        29P   3164
13.126,212.403,1.03176,13.126,212.402,1.03357,13.126,212.401,         29P   3165
1.03542,13.126,212.399,1.03839,13.126,212.398,1.04159,13.126,         29P   3166
212.379,1.07753,13.126,212.361,1.11265,13.126,212.343,1.14765,        29P   3167
13.126,212.342,1.14945,13.126,212.341,1.15132,13.126,212.34,          29P   3168
1.15292,13.126,212.339,1.15461,13.126,212.338,1.15651,13.126,         29P   3169
212.337,1.1585,13.126,212.322,1.18817,13.126,212.307,1.21718,         29P   3170
13.126,212.292,1.24644,13.126,212.291,1.24797,13.126,212.291,         29P   3171
1.24949,13.126,212.29,1.25119,13.126,212.278,1.27444,13.126,          29P   3172
212.266,1.29788,13.126,212.254,1.32089,13.126,212.254,1.32202,        29P   3173
13.126,212.245,1.33842,13.126,212.237,1.35428,13.126,212.23,          29P   3174
1.36982,13.126,212.208,1.4002,13.228,212.208,1.40169,13.228,          29P   3175
212.206,1.40312,13.228,212.203,1.40379,13.228,212.201,1.40365,        29P   3176
13.228,212.199,1.40289,13.228,212.198,1.40206,13.228,212.197,         29P   3177
1.40077,13.228,212.196,1.39975,13.228,212.196,1.39817,13.228,         29P   3178
212.196,1.39643,13.228,212.196,1.39487,13.228,212.197,1.39369,        29P   3179
13.228,212.197,1.39251,13.228,212.198,1.39133,13.228,212.198,         29P   3180
1.39002,13.228,212.199,1.38938,13.228,212.199,1.38808,13.228,         29P   3181
212.2,1.38671,13.228,212.201,1.38533,13.228,212.201,1.38401,          29P   3182
13.228,212.202,1.38241,13.228,212.203,1.38081,13.228,212.204,         29P   3183
1.37884,13.228,212.204,1.3769,13.228,212.205,1.37462,13.228,          29P   3184
212.206,1.3733,13.228,212.206,1.37255,13.228,212.207,1.37181,         29P   3185
13.228,212.207,1.37048,13.228,212.208,1.36955,13.228,212.209,         29P   3186
1.36768,13.228,212.209,1.3664,13.228,212.21,1.36381,13.228,           29P   3187
212.211,1.3625,13.228,212.212,1.3602,13.228,212.212,1.35921,          29P   3188
13.228,212.213,1.35777,13.228,212.213,1.35732,13.228,212.216,         29P   3189
1.35208,13.228,212.218,1.34659,13.228,212.221,1.34025,13.228,         29P   3190
212.223,1.33724,13.228,212.224,1.33366,13.228,212.226,1.32864,        29P   3191
13.228,212.229,1.32374,13.228,212.231,1.31877,13.228,212.233,         29P   3192
1.31467,13.228,212.235,1.31072,13.228,212.236,1.30743,13.228,         29P   3193
212.243,1.29233,13.228,212.25,1.27811,13.228,212.256,1.26389,         29P   3194
13.228,212.257,1.26146,13.228,212.259,1.25814,13.228,212.261,         29P   3195
1.25324,13.228,212.263,1.24841,13.228,212.266,1.24336,13.228,         29P   3196
212.268,1.23897,13.228,212.27,1.23453,13.228,212.272,1.23055,         29P   3197
13.228,212.283,1.20662,13.228,212.293,1.18374,13.228,212.304,         29P   3198
1.16046,13.228,212.305,1.15754,13.228,212.307,1.15281,13.228,         29P   3199
212.31,1.14812,13.228,212.312,1.14301,13.228,212.314,1.13829,         29P   3200
13.228,212.317,1.13313,13.228,212.319,1.12814,13.228,212.334,         29P   3201
1.09571,13.228,212.348,1.06477,13.228,212.363,1.0342,13.228,          29P   3202
212.364,1.03176,13.228,212.366,1.02755,13.228,212.368,1.023,          29P   3203
13.228,212.37,1.01779,13.228,212.373,1.01262,13.228,212.376,          29P   3204
1.00661,13.228,212.379,1.00043,13.228,212.398,0.959966,13.228,        29P   3205
212.416,0.920758,13.228,212.434,0.883179,13.228,212.435,              29P   3206
0.880835,13.228,212.436,0.877498,13.228,212.439,0.873055,13.228,      29P   3207
212.441,0.867775,13.228,212.444,0.862112,13.228,212.447,              29P   3208
0.855109,13.228,212.451,0.84751,13.228,212.47,0.807452,13.228,        29P   3209
212.488,0.768741,13.228,212.506,0.731781,13.228,212.508,              29P   3210
0.727672,13.228,212.51,0.723551,13.228,212.512,0.718142,13.228,       29P   3211
212.515,0.711973,13.228,212.519,0.703996,13.228,212.524,              29P   3212
0.695008,13.228,212.543,0.655404,13.228,212.56,0.618663,13.228,       29P   3213
212.577,0.584239,13.228,212.578,0.582484,13.228,212.579,              29P   3214
0.580799,13.228,212.58,0.578076,13.228,212.582,0.574422,13.228,       29P   3215
212.585,0.568931,13.228,212.588,0.562258,13.228,212.592,0.55332,      29P   3216
13.228,212.597,0.542971,13.228,212.616,0.503835,13.228,212.634,       29P   3217
0.467965,13.228,212.65,0.435108,13.228,212.651,0.433189,13.228,       29P   3218
212.653,0.429922,13.228,212.655,0.425739,13.228,212.657,              29P   3219
0.420042,13.228,212.661,0.412911,13.228,212.666,0.403065,13.228,      29P   3220
212.672,0.39139,13.228,212.691,0.352754,13.228,212.708,0.317766,      29P   3221
13.228,212.724,0.286425,13.228,212.725,0.28444,13.228,212.726,        29P   3222
0.281353,13.228,212.728,0.277202,13.228,212.731,0.271495,13.228,      29P   3223
212.735,0.26391,13.228,212.74,0.253209,13.228,212.747,0.240194,       29P   3224
13.228,212.766,0.202019,13.228,212.783,0.167946,13.228,212.798,       29P   3225
0.138259,13.228,212.799,0.136386,13.228,212.8,0.13342,13.228,         29P   3226
212.802,0.129286,13.228,212.805,0.123448,13.228,212.81,0.115433,      29P   3227
13.228,212.815,0.103918,13.228,212.823,0.0895967,13.228,212.842,      29P   3228
0.052195,13.228,212.86,0.0194321,13.228,212.875,-0.0083061,           29P   3229
13.228,212.876,-0.0100142,13.228,212.877,-0.0129409,13.228,           29P   3230
212.88,-0.0170408,13.228,212.883,-0.0230559,13.228,212.887,           29P   3231
-0.0313949,13.228,212.894,-0.0435472,13.228,212.903,-0.0590709,       29P   3232
13.228,212.923,-0.0952976,13.228,212.941,-0.12643,13.228,             29P   3233
212.957,-0.15195,13.228,212.957,-0.153338,13.228,212.958,             29P   3234
-0.154602,13.228,212.96,-0.1571,13.228,212.962,-0.160795,13.228,      29P   3235
212.965,-0.166723,13.228,212.971,-0.175257,13.228,212.978,            29P   3236
-0.187968,13.228,212.988,-0.204626,13.228,213.01,-0.239568,           29P   3237
13.228,213.029,-0.268983,13.228,213.044,-0.292289,13.228,             29P   3238
213.045,-0.294051,13.228,213.047,-0.297058,13.228,213.05,             29P   3239
-0.301123,13.228,213.054,-0.307077,13.228,213.059,-0.315796,          29P   3240
13.228,213.068,-0.32898,13.228,213.08,-0.346872,13.228,213.103,       29P   3241
-0.380354,13.228,213.122,-0.407846,13.228,213.136,-0.428212,          29P   3242
13.228,213.137,-0.429154,13.228,213.138,-0.430563,13.228,213.14,      29P   3243
-0.433419,13.228,213.143,-0.437558,13.228,213.147,-0.443538,          29P   3244
13.228,213.154,-0.452361,13.228,213.164,-0.466064,13.228,             29P   3245
213.178,-0.485231,13.228,213.202,-0.51704,13.228,213.222,             29P   3246
-0.542404,13.228,213.236,-0.560293,13.228,213.237,-0.562041,          29P   3247
13.228,213.24,-0.565305,13.228,213.243,-0.569489,13.228,213.248,      29P   3248
-0.575468,13.228,213.255,-0.584307,13.228,213.266,-0.598611,          29P   3249
13.228,213.283,-0.619137,13.228,213.308,-0.649012,13.228,             29P   3250
213.329,-0.672531,13.228,213.343,-0.68806,13.228,213.346,             29P   3251
-0.691652,13.228,213.35,-0.695888,13.228,213.355,-0.701804,           29P   3252
13.228,213.363,-0.710683,13.228,213.377,-0.725734,13.228,             29P   3253
213.397,-0.747586,13.228,213.417,-0.76845,13.228,213.431,             29P   3254
-0.782522,13.228,213.436,-0.788224,13.228,213.44,-0.791912,           29P   3255
13.228,213.444,-0.796185,13.228,213.45,-0.802058,13.228,213.459,      29P   3256
-0.810955,13.228,213.475,-0.826719,13.228,213.494,-0.844596,          29P   3257
13.228,213.508,-0.858321,13.228,213.515,-0.864656,13.228,             29P   3258
213.519,-0.868291,13.228,213.523,-0.872105,13.228,213.527,            29P   3259
-0.875507,13.228,213.531,-0.879384,13.228,213.54,-0.887326,           29P   3260
13.228,213.555,-0.900473,13.228,213.567,-0.911343,13.228,             29P   3261
213.574,-0.917825,13.228,213.577,-0.919575,13.228,213.58,             29P   3262
-0.922505,13.228,213.583,-0.925315,13.228,213.587,-0.928721,          29P   3263
13.228,213.592,-0.93302,13.228,213.602,-0.940888,13.228,213.609,      29P   3264
-0.947236,13.228,213.615,-0.951674,13.228,213.615,-0.952051,          29P   3265
13.228,213.616,-0.952652,13.228,213.616,-0.952876,13.228,             29P   3266
213.617,-0.953659,13.228,213.618,-0.954189,13.228,213.62,             29P   3267
-0.955391,13.228,213.621,-0.956027,13.228,213.624,-0.957617,          29P   3268
13.228,213.627,-0.958546,13.228,213.631,-0.958708,13.228,             29P   3269
213.632,-0.958697,13.228,213.634,-0.958551,13.228,213.636,            29P   3270
-0.958003,13.228,213.64,-0.956648,13.228,213.643,-0.95508,            29P   3271
13.228,213.646,-0.952569,13.228,213.647,-0.9515,13.228,213.648,       29P   3272
-0.949814,13.228,213.649,-0.947671,13.228,213.651,-0.944095,          29P   3273
13.228,213.652,-0.9414,13.228,213.652,-0.939158,13.228,213.652,       29P   3274
-0.937488,13.228,213.652,-0.934729,13.228,213.651,-0.930606,          29P   3275
13.228,213.649,-0.927527,13.228,213.648,-0.924983,13.228,             29P   3276
213.647,-0.924036,13.228,213.646,-0.922896,13.228,213.645,            29P   3277
-0.922593,13.228,213.644,-0.921815,13.228,213.643,-0.920662,          29P   3278
13.228,213.642,-0.919508,13.228,213.64,-0.917668,13.228,213.638,      29P   3279
-0.915837,13.228,213.635,-0.912724,13.228,213.633,-0.91077,           29P   3280
13.228,213.631,-0.909059,13.228,213.628,-0.906303,13.228,             29P   3281
213.625,-0.90354,13.228,213.62,-0.898956,13.228,213.618,              29P   3282
-0.896706,13.228,213.615,-0.894003,13.228,213.613,-0.891981,          29P   3283
13.228,213.61,-0.889504,13.228,213.608,-0.887473,13.228,213.607,      29P   3284
-0.886547,13.228,213.606,-0.885793,13.228,213.604,-0.883853,          29P   3285
13.228,213.601,-0.880804,13.228,213.597,-0.876382,13.228,             29P   3286
213.593,-0.872367,13.228,213.59,-0.869936,13.228,213.587,             29P   3287
-0.867079,13.228,213.584,-0.863989,13.228,213.581,-0.860892,          29P   3288
13.228,213.579,-0.859339,13.228,213.576,-0.856377,13.228,             29P   3289
213.573,-0.852885,13.228,213.567,-0.84677,13.228,213.561,             29P   3290
-0.840658,13.228,213.555,-0.834529,13.228,213.552,-0.831201,          29P   3291
13.228,213.55,-0.829596,13.228,213.549,-0.828214,13.228,213.546,      29P   3292
-0.825998,13.228,213.545,-0.824206,13.228,213.543,-0.82234,           29P   3293
13.228,213.542,-0.821688,13.228,213.54,-0.818917,13.228,213.537,      29P   3294
-0.816258,13.228,213.532,-0.81073,13.228,213.526,-0.804503,           29P   3295
13.228,213.52,-0.798504,13.228,213.516,-0.794064,13.228,213.512,      29P   3296
-0.790312,13.228,213.503,-0.78021,13.228,213.494,-0.770098,           29P   3297
13.228,213.484,-0.759335,13.228,213.479,-0.75442,13.228,213.475,      29P   3298
-0.750173,13.228,213.474,-0.748574,13.228,213.472,-0.746267,          29P   3299
13.228,213.467,-0.74118,13.228,213.461,-0.734511,13.228,213.456,      29P   3300
-0.728256,13.228,213.45,-0.721139,13.228,213.444,-0.714639,           29P   3301
13.228,213.433,-0.701893,13.228,213.415,-0.681094,13.228,             29P   3302
213.398,-0.660771,13.228,213.387,-0.647232,13.228,213.385,            29P   3303
-0.645443,13.228,213.383,-0.643089,13.228,213.379,-0.638709,          29P   3304
13.228,213.376,-0.633943,13.228,213.37,-0.627689,13.228,213.364,      29P   3305
-0.619707,13.228,213.352,-0.604896,13.228,213.333,-0.580857,          29P   3306
13.228,213.313,-0.556175,13.228,213.297,-0.53484,13.228,213.289,      29P   3307
-0.524818,13.228,213.284,-0.518109,13.228,213.282,-0.514723,          29P   3308
13.228,213.277,-0.508636,13.228,213.272,-0.501145,13.228,             29P   3309
213.264,-0.491189,13.228,213.254,-0.477426,13.228,213.238,            29P   3310
-0.45492,13.228,213.221,-0.432035,13.228,213.205,-0.408476,           29P   3311
13.228,213.196,-0.396003,13.228,213.189,-0.386803,13.228,             29P   3312
213.188,-0.384525,13.228,213.186,-0.381332,13.228,213.181,            29P   3313
-0.375519,13.228,213.176,-0.368249,13.228,213.17,-0.358817,           29P   3314
13.228,213.161,-0.34622,13.228,213.147,-0.325512,13.228,213.133,      29P   3315
-0.304449,13.228,213.116,-0.278732,13.228,213.105,-0.262314,          29P   3316
13.228,213.096,-0.248573,13.228,213.094,-0.244846,13.228,213.09,      29P   3317
-0.239164,13.228,213.086,-0.232171,13.228,213.08,-0.223308,           29P   3318
13.228,213.073,-0.211907,13.228,213.061,-0.193105,13.228,             29P   3319
213.049,-0.173812,13.228,213.032,-0.146305,13.228,213.02,             29P   3320
-0.128126,13.228,213.011,-0.112046,13.228,213.009,-0.109111,          29P   3321
13.228,213.007,-0.105367,13.228,213.003,-0.0999294,13.228,            29P   3322
212.999,-0.0933033,13.228,212.994,-0.0851141,13.228,212.988,          29P   3323
-0.0748879,13.228,212.978,-0.0580526,13.228,212.968,-0.040601,        29P   3324
13.228,212.951,-0.0113622,13.228,212.938,0.00990556,13.228,           29P   3325
212.927,0.029402,13.228,212.925,0.0327552,13.228,212.923,             29P   3326
0.0364891,13.228,212.92,0.041648,13.228,212.917,0.047849,13.228,      29P   3327
212.912,0.0553369,13.228,212.907,0.0643755,13.228,212.899,            29P   3328
0.0792564,13.228,212.89,0.0948829,13.228,212.873,0.125949,            29P   3329
13.228,212.859,0.150343,13.228,212.847,0.173177,13.228,212.845,       29P   3330
0.176808,13.228,212.843,0.180406,13.228,212.84,0.185168,13.228,       29P   3331
212.837,0.190865,13.228,212.834,0.197612,13.228,212.829,0.20551,      29P   3332
13.228,212.822,0.21843,13.228,212.815,0.232137,13.228,212.797,        29P   3333
0.264914,13.228,212.782,0.292225,13.228,212.768,0.318202,13.228,      29P   3334
212.766,0.321954,13.228,212.765,0.325346,13.228,212.762,0.32967,      29P   3335
13.228,212.76,0.334776,13.228,212.756,0.340725,13.228,212.753,        29P   3336
0.347482,13.228,212.747,0.358495,13.228,212.74,0.370243,13.228,       29P   3337
212.722,0.404663,13.228,212.706,0.434733,13.228,212.69,0.463797,      29P   3338
13.228,212.688,0.467519,13.228,212.687,0.470672,13.228,212.685,       29P   3339
0.474491,13.228,212.682,0.478971,13.228,212.68,0.484078,13.228,       29P   3340
212.677,0.489745,13.228,212.672,0.498949,13.228,212.666,              29P   3341
0.508832,13.228,212.647,0.545043,13.228,212.63,0.577915,13.228,       29P   3342
212.613,0.609997,13.228,212.611,0.613586,13.228,212.61,0.616409,      29P   3343
13.228,212.608,0.619716,13.228,212.606,0.623545,13.228,212.604,       29P   3344
0.627844,13.228,212.601,0.632498,13.228,212.597,0.640009,13.228,      29P   3345
212.593,0.648062,13.228,212.573,0.686121,13.228,212.554,              29P   3346
0.721682,13.228,212.536,0.756767,13.228,212.534,0.76006,13.228,       29P   3347
212.533,0.762496,13.228,212.531,0.76522,13.228,212.53,0.768354,       29P   3348
13.228,212.528,0.771819,13.228,212.526,0.775496,13.228,212.523,       29P   3349
0.781431,13.228,212.52,0.787768,13.228,212.499,0.827831,13.228,       29P   3350
212.479,0.866099,13.228,212.459,0.904115,13.228,212.458,              29P   3351
0.906958,13.228,212.457,0.908962,13.228,212.456,0.911097,13.228,      29P   3352
212.454,0.913567,13.228,212.453,0.916238,13.228,212.452,              29P   3353
0.918973,13.228,212.449,0.923393,13.228,212.447,0.928113,13.228,      29P   3354
212.425,0.970345,13.228,212.404,1.01128,13.228,212.383,1.05239,       29P   3355
13.228,212.382,1.05498,13.228,212.38,1.05734,13.228,212.38,           29P   3356
1.05908,13.228,212.379,1.0609,13.228,212.378,1.06277,13.228,          29P   3357
212.376,1.06576,13.228,212.375,1.069,13.228,212.356,1.10524,          29P   3358
13.228,212.338,1.14065,13.228,212.32,1.17596,13.228,212.319,          29P   3359
1.17777,13.228,212.318,1.17966,13.228,212.318,1.18128,13.228,         29P   3360
212.317,1.18298,13.228,212.316,1.18489,13.228,212.315,1.1869,         29P   3361
13.228,212.3,1.2168,13.228,212.285,1.24608,13.228,212.27,             29P   3362
1.27561,13.228,212.269,1.27715,13.228,212.269,1.27869,13.228,         29P   3363
212.268,1.28045,13.228,212.256,1.30408,13.228,212.244,1.32773,        29P   3364
13.228,212.233,1.35096,13.228,212.232,1.3521,13.228,212.224,          29P   3365
1.36849,13.228,212.216,1.3845,13.228,212.208,1.4002,13.228,0.,        29P   3366
5.44269,0.,4.63979;                                                   29P   3367
S      5G      3D     30P   3367                                        T      1
