This is a NASA-IGES-NURBS-Only file converted by:                       S      1
NIGES Translator Version 3.2 developed at NASA Ames Research Center.    S      2
Conversion done on: Mon May 20 14:04:11 1996.                           S      3
>>>>>>>>>>>>>>>>>>>> Original Start Section follows <<<<<<<<<<<<<<<<<<<<S      4
                                                                        S      5
1H,,1H;,,20Hcmpr rotor10    srf ,22HIBM PROFESSIONAL CADAM,47HIBM IGES PG      1
rocessor for AIX and UNIX V2R2 (1994),32,75,6,75,15,,1.,1,4HINCH,1000,  G      2
0.125984,13H960520.101046,1.00000E-06,235.313,,,8,0,;                   G      3
     406       1       1       1       0       0       0       000020101D      1
     406       0       0       1      15                               0D      2
     406       2       1       1       0       0       0       000020101D      3
     406       0       0       1      15                               0D      4
     126       3       0       1       0       0       0       000000000D      5
     126     109       0      34       0                               0D      6
     126      37       0       1       0       0       0       000000000D      7
     126     109       0      34       0                               0D      8
     126      71       0       1       0       0       0       000000000D      9
     126     109       0      34       0                               0D     10
     126     105       0       1       0       0       0       000000000D     11
     126     109       0      35       0                               0D     12
     126     140       0       1       0       0       0       000000000D     13
     126     109       0      36       0                               0D     14
     126     176       0       1       0       0       0       000000000D     15
     126     109       0      33       0                               0D     16
     126     209       0       1       0       0       0       000000000D     17
     126     109       0      35       0                               0D     18
     126     244       0       1       0       0       0       000000000D     19
     126     109       0      35       0                               0D     20
     126     279       0       1       0       0       0       000000000D     21
     126     109       0      35       0                               0D     22
     126     314       0       1       0       0       0       000000000D     23
     126     109       0      35       0                               0D     24
     126     349       0       1       0       0       0       000000000D     25
     126     109       0      35       0                               0D     26
     128     384       0       1       0       0       0       000000000D     27
     128     109       2    1893       0                               0D     28
406,1,23Hcmpr rotor10    srf ,3d;                                      1P      1
406,1,2H3d;                                                            3P      2
126,56,3,0,1,1,0,0.,0.,0.,0.,0.00510052,0.0101407,0.0151809,           5P      3
0.020221,0.020221,0.020221,0.0383726,0.0657639,0.10218,0.147759,       5P      4
0.202364,0.25699,0.311613,0.366226,0.420809,0.475353,0.529946,         5P      5
0.58455,0.639019,0.693563,0.748126,0.8026,0.84803,0.884431,            5P      6
0.911699,0.929845,0.929845,0.929845,0.939628,0.949416,0.959196,        5P      7
0.968962,0.968962,0.968962,0.986564,1.01296,1.04819,1.09223,           5P      8
1.14505,1.19789,1.25078,1.30363,1.35653,1.4094,1.46227,1.51518,        5P      9
1.56812,1.62112,1.67406,1.72707,1.77119,1.80655,1.83307,1.85073,       5P     10
1.85073,1.85073,1.85073,1.,1.,1.,1.,1.,1.,1.,1.,1.,1.,1.,1.,1.,        5P     11
1.,1.,1.,1.,1.,1.,1.,1.,1.,1.,1.,1.,1.,1.,1.,1.,1.,1.,1.,1.,1.,        5P     12
1.,1.,1.,1.,1.,1.,1.,1.,1.,1.,1.,1.,1.,1.,1.,1.,1.,1.,1.,1.,1.,        5P     13
1.,1.,234.709,0.358,10.83,234.708,0.359368,10.83,234.705,              5P     14
0.361251,10.83,234.7,0.360632,10.83,234.696,0.356586,10.83,            5P     15
234.696,0.352896,10.83,234.697,0.3513,10.83,234.698,0.345553,          5P     16
10.83,234.703,0.33117,10.83,234.712,0.30542,10.83,234.726,             5P     17
0.271466,10.83,234.744,0.229822,10.83,234.767,0.183571,10.83,          5P     18
234.794,0.135956,10.83,234.823,0.0898068,10.83,234.855,0.045445,       5P     19
10.83,234.889,0.00268236,10.83,234.925,-0.0381098,10.83,234.963,       5P     20
-0.0771193,10.83,235.003,-0.114811,10.83,235.044,-0.151045,            5P     21
10.83,235.086,-0.185896,10.83,235.129,-0.218998,10.83,235.171,         5P     22
-0.249033,10.83,235.209,-0.274199,10.83,235.239,-0.293624,10.83,       5P     23
235.263,-0.307601,10.83,235.276,-0.315196,10.83,235.281,-0.3182,       5P     24
10.83,235.284,-0.31982,10.83,235.291,-0.320981,10.83,235.3,            5P     25
-0.314848,10.83,235.302,-0.30438,10.83,235.299,-0.298182,10.83,        5P     26
235.296,-0.2962,10.83,235.291,-0.292627,10.83,235.28,-0.283635,        5P     27
10.83,235.259,-0.267082,10.83,235.232,-0.24473,10.83,235.199,          5P     28
-0.216014,10.83,235.162,-0.182553,10.83,235.123,-0.14617,10.83,        5P     29
235.086,-0.108686,10.83,235.05,-0.0701349,10.83,235.015,               5P     30
-0.0306881,10.83,234.981,0.00983097,10.83,234.947,0.0507666,           5P     31
10.83,234.914,0.0919902,10.83,234.881,0.133353,10.83,234.848,          5P     32
0.175083,10.83,234.816,0.216859,10.83,234.785,0.256617,10.83,          5P     33
234.759,0.291854,10.83,234.737,0.320118,10.83,234.722,0.341425,        5P     34
10.83,234.713,0.353265,10.83,234.709,0.358,10.83,0.,1.85073,0.,        5P     35
0.,0.;                                                                 5P     36
126,56,3,0,1,1,0,0.,0.,0.,0.,0.00485013,0.00971704,0.0145839,          7P     37
0.0194508,0.0194508,0.0194508,0.0376401,0.0648293,0.101191,            7P     38
0.146527,0.200909,0.255361,0.309771,0.364168,0.418531,0.472896,        7P     39
0.527187,0.581566,0.635894,0.690231,0.744584,0.798885,0.844117,        7P     40
0.88034,0.907468,0.925615,0.925615,0.925615,0.93505,0.94449,           7P     41
0.953924,0.963379,0.963379,0.963379,0.980896,1.00733,1.04267,          7P     42
1.08668,1.13951,1.1924,1.24524,1.29813,1.35108,1.404,1.45691,          7P     43
1.50979,1.56278,1.61573,1.66867,1.72165,1.76581,1.80107,1.82756,       7P     44
1.84524,1.84524,1.84524,1.84524,1.,1.,1.,1.,1.,1.,1.,1.,1.,1.,         7P     45
1.,1.,1.,1.,1.,1.,1.,1.,1.,1.,1.,1.,1.,1.,1.,1.,1.,1.,1.,1.,1.,        7P     46
1.,1.,1.,1.,1.,1.,1.,1.,1.,1.,1.,1.,1.,1.,1.,1.,1.,1.,1.,1.,1.,        7P     47
1.,1.,1.,1.,1.,234.707,0.3653,10.91,234.706,0.366608,10.91,            7P     48
234.703,0.368637,10.91,234.698,0.36792,10.91,234.694,0.364009,         7P     49
10.91,234.694,0.360429,10.91,234.695,0.3589,10.91,234.697,             7P     50
0.353186,10.91,234.702,0.338967,10.91,234.712,0.313499,10.91,          7P     51
234.726,0.279973,10.91,234.744,0.238612,10.91,234.768,0.192792,        7P     52
10.91,234.794,0.145402,10.91,234.823,0.0992681,10.91,234.854,          7P     53
0.0545709,10.91,234.887,0.0113176,10.91,234.922,-0.0302185,            7P     54
10.91,234.959,-0.0703369,10.91,234.997,-0.109151,10.91,235.037,        7P     55
-0.146397,10.91,235.077,-0.182465,10.91,235.119,-0.216958,10.91,       7P     56
235.16,-0.248002,10.91,235.197,-0.274326,10.91,235.227,                7P     57
-0.294634,10.91,235.25,-0.309346,10.91,235.263,-0.317331,10.91,        7P     58
235.268,-0.3205,10.91,235.27,-0.322147,10.91,235.277,-0.323435,        7P     59
10.91,235.286,-0.317811,10.91,235.289,-0.307838,10.91,235.285,         7P     60
-0.301642,10.91,235.283,-0.2996,10.91,235.279,-0.295817,10.91,         7P     61
235.267,-0.286283,10.91,235.248,-0.268883,10.91,235.221,               7P     62
-0.245324,10.91,235.189,-0.215411,10.91,235.153,-0.180734,10.91,       7P     63
235.116,-0.14312,10.91,235.079,-0.104852,10.91,235.044,                7P     64
-0.0655874,10.91,235.009,-0.0256769,10.91,234.976,0.0152473,           7P     65
10.91,234.942,0.0564594,10.91,234.91,0.0978855,10.91,234.877,          7P     66
0.139583,10.91,234.844,0.181328,10.91,234.812,0.223493,10.91,          7P     67
234.782,0.263423,10.91,234.756,0.29879,10.91,234.735,0.327223,         7P     68
10.91,234.719,0.348628,10.91,234.711,0.360532,10.91,234.707,           7P     69
0.3653,10.91,0.,1.84524,0.,0.,0.;                                      7P     70
126,55,3,0,1,1,0,0.,0.,0.,0.,0.00463536,0.00926114,0.0138869,          9P     71
0.0185127,0.0185127,0.0366107,0.0637829,0.0999653,0.145267,            9P     72
0.199567,0.253774,0.308113,0.362399,0.416556,0.470837,0.525046,        9P     73
0.579272,0.633518,0.687713,0.74185,0.796071,0.84116,0.877331,          9P     74
0.904353,0.922439,0.922439,0.922439,0.931629,0.940822,0.950011,        9P     75
0.959168,0.959168,0.959168,0.976862,1.00325,1.03855,1.08261,           9P     76
1.13552,1.18837,1.24127,1.29425,1.34716,1.40013,1.45302,1.50603,       9P     77
1.55896,1.61193,1.66496,1.71792,1.7621,1.79742,1.82395,1.84162,        9P     78
1.84162,1.84162,1.84162,1.,1.,1.,1.,1.,1.,1.,1.,1.,1.,1.,1.,1.,        9P     79
1.,1.,1.,1.,1.,1.,1.,1.,1.,1.,1.,1.,1.,1.,1.,1.,1.,1.,1.,1.,1.,        9P     80
1.,1.,1.,1.,1.,1.,1.,1.,1.,1.,1.,1.,1.,1.,1.,1.,1.,1.,1.,1.,1.,        9P     81
1.,234.71,0.3745,10.989,234.709,0.375767,10.989,234.706,               9P     82
0.377711,10.989,234.701,0.377106,10.989,234.698,0.373348,10.989,       9P     83
234.698,0.369953,10.989,234.701,0.362813,10.989,234.706,               9P     84
0.348636,10.989,234.716,0.32338,10.989,234.73,0.289932,10.989,         9P     85
234.748,0.248646,10.989,234.771,0.202764,10.989,234.797,0.15517,       9P     86
10.989,234.825,0.10873,10.989,234.855,0.0634108,10.989,234.887,        9P     87
0.0194554,10.989,234.92,-0.0232096,10.989,234.955,-0.0645234,          9P     88
10.989,234.992,-0.104513,10.989,235.03,-0.143248,10.989,235.069,       9P     89
-0.180402,10.989,235.11,-0.21626,10.989,235.15,-0.248738,10.989,       9P     90
235.186,-0.276174,10.989,235.215,-0.297324,10.989,235.237,             9P     91
-0.312764,10.989,235.249,-0.321161,10.989,235.255,-0.3245,             9P     92
10.989,235.257,-0.326196,10.989,235.264,-0.327682,10.989,              9P     93
235.272,-0.322543,10.989,235.275,-0.312929,10.989,235.272,             9P     94
-0.306861,10.989,235.27,-0.3048,10.989,235.266,-0.300818,10.989,       9P     95
235.255,-0.290859,10.989,235.236,-0.272665,10.989,235.21,              9P     96
-0.248368,10.989,235.179,-0.217297,10.989,235.144,-0.181543,           9P     97
10.989,235.108,-0.142889,10.989,235.072,-0.103622,10.989,              9P     98
235.038,-0.063502,10.989,235.004,-0.022843,10.989,234.971,             9P     99
0.0187379,10.989,234.939,0.0606031,10.989,234.907,0.102623,            9P    100
10.989,234.875,0.144994,10.989,234.843,0.187471,10.989,234.812,        9P    101
0.230232,10.989,234.783,0.270902,10.989,234.757,0.306872,10.989,       9P    102
234.737,0.335762,10.989,234.722,0.357589,10.989,234.713,0.36967,       9P    103
10.989,234.71,0.3745,10.989,0.,1.84162,0.,0.,0.;                       9P    104
126,55,3,0,1,1,0,0.,0.,0.,0.,0.00443927,0.00887509,0.0133109,         11P    105
0.0177467,0.0177467,0.0177467,0.0358536,0.0629653,0.0990885,          11P    106
0.144243,0.198446,0.25254,0.306685,0.360864,0.415008,0.469109,        11P    107
0.523176,0.577279,0.631338,0.685432,0.739554,0.793571,0.838566,       11P    108
0.874569,0.901611,0.919595,0.919595,0.919595,0.928484,0.937377,       11P    109
0.946264,0.955184,0.955184,0.972792,0.999239,1.03452,1.07858,         11P    110
1.13151,1.18441,1.2373,1.29028,1.34321,1.39613,1.44913,1.50213,       11P    111
1.55518,1.60815,1.66111,1.71415,1.75825,1.7937,1.82016,1.83783,       11P    112
1.83783,1.83783,1.83783,1.,1.,1.,1.,1.,1.,1.,1.,1.,1.,1.,1.,1.,       11P    113
1.,1.,1.,1.,1.,1.,1.,1.,1.,1.,1.,1.,1.,1.,1.,1.,1.,1.,1.,1.,1.,       11P    114
1.,1.,1.,1.,1.,1.,1.,1.,1.,1.,1.,1.,1.,1.,1.,1.,1.,1.,1.,1.,1.,       11P    115
1.,234.712,0.3819,11.066,234.711,0.383132,11.066,234.709,             11P    116
0.385065,11.066,234.704,0.384537,11.066,234.701,0.380958,11.066,      11P    117
234.701,0.377682,11.066,234.701,0.3763,11.066,234.703,0.370657,       11P    118
11.066,234.709,0.356591,11.066,234.719,0.331377,11.066,234.733,       11P    119
0.298058,11.066,234.751,0.25697,11.066,234.774,0.211075,11.066,       11P    120
234.8,0.163433,11.066,234.827,0.116715,11.066,234.856,0.071035,       11P    121
11.066,234.887,0.0264131,11.066,234.919,-0.0169854,11.066,            11P    122
234.953,-0.059208,11.066,234.988,-0.100226,11.066,235.025,            11P    123
-0.139829,11.066,235.064,-0.178113,11.066,235.103,-0.215149,          11P    124
11.066,235.142,-0.248564,11.066,235.176,-0.276959,11.066,             11P    125
235.205,-0.299031,11.066,235.227,-0.314947,11.066,235.239,            11P    126
-0.323719,11.066,235.244,-0.3272,11.066,235.246,-0.328921,            11P    127
11.066,235.253,-0.330475,11.066,235.261,-0.325713,11.066,             11P    128
235.264,-0.316469,11.066,235.261,-0.310476,11.066,235.255,            11P    129
-0.304302,11.066,235.245,-0.294033,11.066,235.226,-0.275615,          11P    130
11.066,235.201,-0.250434,11.066,235.17,-0.218763,11.066,235.136,      11P    131
-0.182233,11.066,235.101,-0.142787,11.066,235.066,-0.102822,          11P    132
11.066,235.033,-0.0619749,11.066,234.999,-0.0207542,11.066,           11P    133
234.967,0.0213901,11.066,234.935,0.0637366,11.066,234.904,            11P    134
0.1065,11.066,234.873,0.149326,11.066,234.842,0.192471,11.066,        11P    135
234.812,0.235772,11.066,234.783,0.276929,11.066,234.758,              11P    136
0.313379,11.066,234.738,0.342702,11.066,234.724,0.364761,11.066,      11P    137
234.715,0.376999,11.066,234.712,0.3819,11.066,0.,1.83783,0.,0.,       11P    138
0.;                                                                   11P    139
126,56,3,0,1,1,0,0.,0.,0.,0.,0.00420231,0.0084358,0.0126693,          13P    140
0.0169028,0.0169028,0.0169028,0.0349527,0.0620086,0.0980786,          13P    141
0.143233,0.197302,0.251431,0.305498,0.359559,0.413587,0.467584,       13P    142
0.521666,0.57566,0.62964,0.683608,0.737634,0.791576,0.836546,         13P    143
0.872466,0.899409,0.917409,0.917409,0.917409,0.926046,0.934682,       13P    144
0.943319,0.952011,0.952011,0.952011,0.969618,0.996064,1.03135,        13P    145
1.0755,1.12839,1.18133,1.23435,1.28726,1.34029,1.39331,1.44622,       13P    146
1.49933,1.55229,1.60536,1.65833,1.71139,1.75566,1.79102,1.81751,      13P    147
1.83518,1.83518,1.83518,1.83518,1.,1.,1.,1.,1.,1.,1.,1.,1.,1.,        13P    148
1.,1.,1.,1.,1.,1.,1.,1.,1.,1.,1.,1.,1.,1.,1.,1.,1.,1.,1.,1.,1.,       13P    149
1.,1.,1.,1.,1.,1.,1.,1.,1.,1.,1.,1.,1.,1.,1.,1.,1.,1.,1.,1.,1.,       13P    150
1.,1.,1.,1.,1.,234.714,0.3884,11.142,234.713,0.389582,11.142,         13P    151
234.711,0.391552,11.142,234.706,0.391044,11.142,234.703,              13P    152
0.387653,11.142,234.703,0.384515,11.142,234.704,0.3832,11.142,        13P    153
234.706,0.377593,11.142,234.711,0.363601,11.142,234.721,              13P    154
0.338479,11.142,234.736,0.30526,11.142,234.754,0.2642,11.142,         13P    155
234.777,0.218364,11.142,234.802,0.170573,11.142,234.829,              13P    156
0.123656,11.142,234.858,0.0776421,11.142,234.887,0.0326502,           13P    157
11.142,234.919,-0.0113977,11.142,234.952,-0.0543871,11.142,           13P    158
234.986,-0.0961124,11.142,235.022,-0.136512,11.142,235.059,           13P    159
-0.175631,11.142,235.097,-0.213435,11.142,235.135,-0.247696,          13P    160
11.142,235.169,-0.276957,11.142,235.197,-0.299406,11.142,             13P    161
235.219,-0.315946,11.142,235.231,-0.32493,11.142,235.236,             13P    162
-0.3285,11.142,235.238,-0.330213,11.142,235.244,-0.331891,            13P    163
11.142,235.252,-0.327402,11.142,235.255,-0.318485,11.142,             13P    164
235.253,-0.312533,11.142,235.251,-0.3105,11.142,235.247,              13P    165
-0.306382,11.142,235.236,-0.29604,11.142,235.218,-0.277239,           13P    166
11.142,235.193,-0.251821,11.142,235.163,-0.219657,11.142,             13P    167
235.129,-0.182595,11.142,235.095,-0.142683,11.142,235.061,            13P    168
-0.10215,11.142,235.027,-0.0608639,11.142,234.995,-0.0190143,         13P    169
11.142,234.963,0.0235082,11.142,234.932,0.0664209,11.142,             13P    170
234.901,0.10953,11.142,234.871,0.152859,11.142,234.841,0.196561,      13P    171
11.142,234.811,0.240379,11.142,234.783,0.282021,11.142,234.759,       13P    172
0.318984,11.142,234.739,0.348704,11.142,234.725,0.371017,11.142,      13P    173
234.717,0.38343,11.142,234.714,0.3884,11.142,0.,1.83518,0.,0.,        13P    174
0.;                                                                   13P    175
126,55,3,0,1,1,0,0.,0.,0.,0.,0.00370989,0.00742542,0.011141,          15P    176
0.0148565,0.0148565,0.0148565,0.0329064,0.0599998,0.0960698,          15P    177
0.141142,0.195215,0.249332,0.303268,0.357377,0.411395,0.465339,       15P    178
0.519313,0.57334,0.627231,0.681186,0.735075,0.788968,0.833871,        15P    179
0.869785,0.896726,0.914689,0.914689,0.922936,0.931182,0.93942,        15P    180
0.947686,0.947686,0.947686,0.965364,0.991881,1.02717,1.07132,         15P    181
1.1243,1.17735,1.23029,1.28336,1.33644,1.38956,1.4426,1.49574,        15P    182
1.54882,1.60197,1.65506,1.7082,1.75253,1.78797,1.81455,1.83225,       15P    183
1.83225,1.83225,1.83225,1.,1.,1.,1.,1.,1.,1.,1.,1.,1.,1.,1.,1.,       15P    184
1.,1.,1.,1.,1.,1.,1.,1.,1.,1.,1.,1.,1.,1.,1.,1.,1.,1.,1.,1.,1.,       15P    185
1.,1.,1.,1.,1.,1.,1.,1.,1.,1.,1.,1.,1.,1.,1.,1.,1.,1.,1.,1.,1.,       15P    186
1.,234.717,0.3994,11.29,234.717,0.40047,11.29,234.714,0.402189,       15P    187
11.29,234.71,0.401861,11.29,234.708,0.398914,11.29,234.708,           15P    188
0.396155,11.29,234.708,0.395,11.29,234.71,0.38939,11.29,234.716,      15P    189
0.375384,11.29,234.726,0.350306,11.29,234.74,0.317092,11.29,          15P    190
234.758,0.275982,11.29,234.781,0.229989,11.29,234.805,0.181922,       15P    191
11.29,234.832,0.134632,11.29,234.859,0.0880758,11.29,234.888,         15P    192
0.0424171,11.29,234.918,-0.00258311,11.29,234.949,-0.0465348,         15P    193
11.29,234.982,-0.0891489,11.29,235.017,-0.130653,11.29,235.053,       15P    194
-0.170704,11.29,235.09,-0.209435,11.29,235.127,-0.244674,11.29,       15P    195
235.161,-0.274624,11.29,235.188,-0.297621,11.29,235.209,              15P    196
-0.314727,11.29,235.221,-0.323878,11.29,235.228,-0.329163,11.29,      15P    197
235.234,-0.330942,11.29,235.242,-0.32677,11.29,235.245,               15P    198
-0.318219,11.29,235.242,-0.31262,11.29,235.24,-0.3107,11.29,          15P    199
235.236,-0.306593,11.29,235.225,-0.296269,11.29,235.207,              15P    200
-0.277321,11.29,235.182,-0.25195,11.29,235.152,-0.21964,11.29,        15P    201
235.119,-0.182299,11.29,235.084,-0.142064,11.29,235.051,              15P    202
-0.10098,11.29,235.018,-0.0592122,11.29,234.986,-0.0167126,           15P    203
11.29,234.956,0.0265074,11.29,234.925,0.0701757,11.29,234.896,        15P    204
0.114154,11.29,234.866,0.158345,11.29,234.837,0.202954,11.29,         15P    205
234.809,0.247771,11.29,234.782,0.290337,11.29,234.759,0.328246,       15P    206
11.29,234.741,0.358644,11.29,234.728,0.381533,11.29,234.72,           15P    207
0.394293,11.29,234.717,0.3994,11.29,0.,1.83225,0.,0.,0.;              15P    208
126,56,3,0,1,1,0,0.,0.,0.,0.,0.00344858,0.00690295,0.0103573,         17P    209
0.0138117,0.0138117,0.0138117,0.0318253,0.0588812,0.0949658,          17P    210
0.140139,0.194263,0.248287,0.302429,0.356459,0.410501,0.464505,       17P    211
0.518517,0.572417,0.626362,0.680284,0.734181,0.788069,0.832957,       17P    212
0.868848,0.895789,0.913734,0.913734,0.913734,0.922031,0.930328,       17P    213
0.938625,0.945745,0.945745,0.945745,0.963425,0.989941,1.02523,        17P    214
1.06945,1.12242,1.17547,1.22851,1.28168,1.33474,1.38779,1.44098,      17P    215
1.4941,1.54733,1.60048,1.65363,1.70687,1.75119,1.78666,1.8133,        17P    216
1.83103,1.83103,1.83103,1.83103,1.,1.,1.,1.,1.,1.,1.,1.,1.,1.,        17P    217
1.,1.,1.,1.,1.,1.,1.,1.,1.,1.,1.,1.,1.,1.,1.,1.,1.,1.,1.,1.,1.,       17P    218
1.,1.,1.,1.,1.,1.,1.,1.,1.,1.,1.,1.,1.,1.,1.,1.,1.,1.,1.,1.,1.,       17P    219
1.,1.,1.,1.,1.,234.719,0.4055,11.367,234.718,0.406507,11.367,         17P    220
234.716,0.408148,11.367,234.712,0.40788,11.367,234.71,0.405138,       17P    221
11.367,234.71,0.402576,11.367,234.71,0.4015,11.367,234.712,           17P    222
0.395888,11.367,234.718,0.381875,11.367,234.728,0.356796,11.367,      17P    223
234.742,0.323452,11.367,234.76,0.282197,11.367,234.782,0.236035,      17P    224
11.367,234.806,0.187741,11.367,234.832,0.140218,11.367,234.859,       17P    225
0.0933781,11.367,234.887,0.0472903,11.367,234.917,0.00192851,         17P    226
11.367,234.947,-0.0423786,11.367,234.98,-0.0854171,11.367,            17P    227
235.014,-0.127199,11.367,235.05,-0.167751,11.367,235.087,             17P    228
-0.206745,11.367,235.123,-0.24216,11.367,235.157,-0.272263,           17P    229
11.367,235.184,-0.295591,11.367,235.205,-0.312574,11.367,             17P    230
235.217,-0.32183,11.367,235.221,-0.3255,11.367,235.224,               17P    231
-0.327197,11.367,235.23,-0.328825,11.367,235.238,-0.324204,           17P    232
11.367,235.24,-0.315777,11.367,235.237,-0.310738,11.367,235.236,      17P    233
-0.3091,11.367,235.231,-0.305031,11.367,235.221,-0.294793,            17P    234
11.367,235.202,-0.275931,11.367,235.177,-0.250653,11.367,             17P    235
235.147,-0.21837,11.367,235.114,-0.180985,11.367,235.079,             17P    236
-0.140781,11.367,235.046,-0.0994611,11.367,235.013,-0.057569,         17P    237
11.367,234.982,-0.0148298,11.367,234.951,0.0286706,11.367,            17P    238
234.922,0.0726124,11.367,234.892,0.116989,11.367,234.863,             17P    239
0.161613,11.367,234.835,0.206652,11.367,234.807,0.251967,11.367,      17P    240
234.782,0.295093,11.367,234.759,0.333416,11.367,234.742,              17P    241
0.364233,11.367,234.729,0.38739,11.367,234.721,0.400325,11.367,       17P    242
234.719,0.4055,11.367,0.,1.83103,0.,0.,0.;                            17P    243
126,55,3,0,1,1,0,0.,0.,0.,0.,0.00319695,0.00633276,0.00946857,        19P    244
0.0126044,0.0126044,0.0126044,0.0306756,0.0578436,0.0939442,          19P    245
0.13914,0.193366,0.247479,0.301604,0.355734,0.409774,0.463876,        19P    246
0.517934,0.571915,0.625889,0.679821,0.733859,0.787749,0.832727,       19P    247
0.868795,0.895704,0.913764,0.913764,0.921553,0.929342,0.937131,       19P    248
0.94491,0.94491,0.94491,0.962522,0.98904,1.02446,1.06866,             19P    249
1.12174,1.17478,1.22786,1.28096,1.33412,1.38734,1.44048,1.4937,       19P    250
1.54694,1.6002,1.65341,1.70667,1.75107,1.78664,1.8133,1.8311,         19P    251
1.8311,1.8311,1.8311,1.,1.,1.,1.,1.,1.,1.,1.,1.,1.,1.,1.,1.,1.,       19P    252
1.,1.,1.,1.,1.,1.,1.,1.,1.,1.,1.,1.,1.,1.,1.,1.,1.,1.,1.,1.,1.,       19P    253
1.,1.,1.,1.,1.,1.,1.,1.,1.,1.,1.,1.,1.,1.,1.,1.,1.,1.,1.,1.,1.,       19P    254
234.719,0.4126,11.445,234.719,0.413548,11.445,234.717,0.414899,       19P    255
11.445,234.714,0.414784,11.445,234.711,0.412303,11.445,234.711,       19P    256
0.409979,11.445,234.712,0.409,11.445,234.714,0.403357,11.445,         19P    257
234.719,0.389256,11.445,234.729,0.364001,11.445,234.743,              19P    258
0.330565,11.445,234.76,0.289051,11.445,234.782,0.242639,11.445,       19P    259
234.806,0.194098,11.445,234.831,0.146179,11.445,234.858,              19P    260
0.0989962,11.445,234.885,0.0525999,11.445,234.914,0.00671722,         19P    261
11.445,234.945,-0.0379782,11.445,234.977,-0.0814443,11.445,           19P    262
235.011,-0.1234,11.445,235.046,-0.164104,11.445,235.083,              19P    263
-0.203121,11.445,235.12,-0.23853,11.445,235.154,-0.268428,            19P    264
11.445,235.181,-0.291475,11.445,235.202,-0.308265,11.445,             19P    265
235.214,-0.317308,11.445,235.221,-0.322449,11.445,235.227,            19P    266
-0.324003,11.445,235.234,-0.319889,11.445,235.237,-0.31175,           19P    267
11.445,235.234,-0.306574,11.445,235.233,-0.3048,11.445,235.228,       19P    268
-0.300783,11.445,235.218,-0.290675,11.445,235.199,-0.272288,          19P    269
11.445,235.173,-0.247325,11.445,235.143,-0.215361,11.445,             19P    270
235.109,-0.178402,11.445,235.074,-0.138118,11.445,235.041,            19P    271
-0.0970475,11.445,235.008,-0.0550287,11.445,234.977,-0.0121064,       19P    272
11.445,234.947,0.0315779,11.445,234.917,0.0758581,11.445,             19P    273
234.888,0.12054,11.445,234.86,0.165642,11.445,234.832,0.211132,       19P    274
11.445,234.805,0.256948,11.445,234.78,0.300589,11.445,234.758,        19P    275
0.339356,11.445,234.742,0.3707,11.445,234.729,0.394155,11.445,        19P    276
234.722,0.407318,11.445,234.719,0.4126,11.445,0.,1.8311,0.,0.,        19P    277
0.;                                                                   19P    278
126,56,3,0,1,1,0,0.,0.,0.,0.,0.00298663,0.00598234,0.00897805,        21P    279
0.0119738,0.0119738,0.0119738,0.0300691,0.0572227,0.0934522,          21P    280
0.138806,0.193098,0.247395,0.301735,0.355982,0.410213,0.464432,       21P    281
0.518599,0.57278,0.626943,0.681055,0.735223,0.789355,0.834553,        21P    282
0.870584,0.897744,0.915809,0.915809,0.915809,0.923386,0.930963,       21P    283
0.938539,0.946092,0.946092,0.946092,0.963872,0.99049,1.02593,         21P    284
1.0702,1.12346,1.17657,1.22981,1.28307,1.33633,1.38956,1.44279,       21P    285
1.49613,1.54947,1.60279,1.65619,1.70954,1.75405,1.78965,1.8164,       21P    286
1.83415,1.83415,1.83415,1.83415,1.,1.,1.,1.,1.,1.,1.,1.,1.,1.,        21P    287
1.,1.,1.,1.,1.,1.,1.,1.,1.,1.,1.,1.,1.,1.,1.,1.,1.,1.,1.,1.,1.,       21P    288
1.,1.,1.,1.,1.,1.,1.,1.,1.,1.,1.,1.,1.,1.,1.,1.,1.,1.,1.,1.,1.,       21P    289
1.,1.,1.,1.,1.,234.719,0.4185,11.506,234.718,0.419392,11.506,         21P    290
234.717,0.420904,11.506,234.713,0.420783,11.506,234.711,              21P    291
0.418464,11.506,234.711,0.41624,11.506,234.711,0.4153,11.506,         21P    292
234.713,0.409624,11.506,234.719,0.395453,11.506,234.728,              21P    293
0.370053,11.506,234.741,0.336319,11.506,234.759,0.294591,11.506,      21P    294
234.78,0.247796,11.506,234.804,0.198885,11.506,234.829,0.150601,      21P    295
11.506,234.855,0.103096,11.506,234.882,0.0562756,11.506,234.911,      21P    296
0.0102444,11.506,234.941,-0.0347525,11.506,234.973,-0.0782407,        21P    297
11.506,235.008,-0.120243,11.506,235.044,-0.160707,11.506,             21P    298
235.082,-0.199402,11.506,235.119,-0.234216,11.506,235.154,            21P    299
-0.263345,11.506,235.182,-0.285729,11.506,235.204,-0.301873,          21P    300
11.506,235.216,-0.310637,11.506,235.221,-0.3141,11.506,235.223,       21P    301
-0.315552,11.506,235.228,-0.316889,11.506,235.236,-0.312714,          21P    302
11.506,235.238,-0.304764,11.506,235.235,-0.299762,11.506,             21P    303
235.234,-0.2981,11.506,235.229,-0.294188,11.506,235.218,              21P    304
-0.284366,11.506,235.198,-0.266469,11.506,235.173,-0.242196,          21P    305
11.506,235.141,-0.210909,11.506,235.107,-0.174519,11.506,             21P    306
235.071,-0.134862,11.506,235.037,-0.0940513,11.506,235.004,           21P    307
-0.0522674,11.506,234.972,-0.00947295,11.506,234.942,0.0343063,       21P    308
11.506,234.912,0.0786534,11.506,234.884,0.12351,11.506,234.856,       21P    309
0.168931,11.506,234.828,0.214748,11.506,234.802,0.261017,11.506,      21P    310
234.777,0.305137,11.506,234.756,0.344454,11.506,234.74,0.376026,      21P    311
11.506,234.728,0.399916,11.506,234.721,0.413196,11.506,234.719,       21P    312
0.4185,11.506,0.,1.83415,0.,0.,0.;                                    21P    313
126,55,3,0,1,1,0,0.,0.,0.,0.,0.00258944,0.00515783,0.00772623,        23P    314
0.0102946,0.0102946,0.0102946,0.0284784,0.0558696,0.0923281,          23P    315
0.137861,0.192447,0.247152,0.301805,0.356323,0.411031,0.46557,        23P    316
0.520139,0.57471,0.629357,0.683952,0.738655,0.793276,0.838877,        23P    317
0.875433,0.90276,0.920974,0.920974,0.928197,0.93542,0.942643,         23P    318
0.949851,0.949851,0.949851,0.967752,0.99452,1.03024,1.07481,          23P    319
1.12837,1.1819,1.2354,1.2889,1.34243,1.39596,1.44944,1.50294,         23P    320
1.55649,1.61007,1.66363,1.71722,1.7619,1.79759,1.82434,1.84228,       23P    321
1.84228,1.84228,1.84228,1.,1.,1.,1.,1.,1.,1.,1.,1.,1.,1.,1.,1.,       23P    322
1.,1.,1.,1.,1.,1.,1.,1.,1.,1.,1.,1.,1.,1.,1.,1.,1.,1.,1.,1.,1.,       23P    323
1.,1.,1.,1.,1.,1.,1.,1.,1.,1.,1.,1.,1.,1.,1.,1.,1.,1.,1.,1.,1.,       23P    324
1.,234.712,0.4243,11.602,234.712,0.425085,11.602,234.71,              23P    325
0.426347,11.602,234.708,0.426354,11.602,234.706,0.424419,11.602,      23P    326
234.706,0.422511,11.602,234.706,0.4217,11.602,234.708,0.415957,       23P    327
11.602,234.713,0.401588,11.602,234.722,0.375825,11.602,234.735,       23P    328
0.341726,11.602,234.752,0.29953,11.602,234.773,0.252245,11.602,       23P    329
234.796,0.202888,11.602,234.821,0.154315,11.602,234.847,              23P    330
0.106489,11.602,234.875,0.0596306,11.602,234.905,0.0134621,           23P    331
11.602,234.936,-0.0312904,11.602,234.97,-0.0743318,11.602,            23P    332
235.005,-0.115507,11.602,235.043,-0.154799,11.602,235.084,            23P    333
-0.191844,11.602,235.123,-0.224803,11.602,235.16,-0.251963,           23P    334
11.602,235.19,-0.272585,11.602,235.213,-0.287171,11.602,235.226,      23P    335
-0.295011,11.602,235.234,-0.299325,11.602,235.239,-0.300322,          23P    336
11.602,235.246,-0.295866,11.602,235.247,-0.288138,11.602,             23P    337
235.245,-0.283552,11.602,235.243,-0.2821,11.602,235.238,              23P    338
-0.278494,11.602,235.226,-0.269424,11.602,235.205,-0.252826,          23P    339
11.602,235.178,-0.230024,11.602,235.144,-0.200602,11.602,             23P    340
235.107,-0.165945,11.602,235.07,-0.127811,11.602,235.033,             23P    341
-0.0884603,11.602,234.999,-0.0475594,11.602,234.966,-0.00563288,      23P    342
11.602,234.934,0.0376651,11.602,234.904,0.0816922,11.602,             23P    343
234.874,0.12641,11.602,234.846,0.17178,11.602,234.819,0.217932,       23P    344
11.602,234.792,0.264473,11.602,234.768,0.309217,11.602,234.748,       23P    345
0.348948,11.602,234.732,0.381088,11.602,234.721,0.405323,11.602,      23P    346
234.715,0.418858,11.602,234.712,0.4243,11.602,0.,1.84228,0.,0.,       23P    347
0.;                                                                   23P    348
126,55,3,0,1,1,0,0.,0.,0.,0.,0.00523944,0.0105056,0.0157719,          25P    349
0.0210381,0.0210381,0.0392887,0.0667407,0.103355,0.149108,            25P    350
0.2039,0.258717,0.313562,0.368313,0.423004,0.477776,0.532517,         25P    351
0.587178,0.641819,0.696503,0.751092,0.805794,0.85135,0.88778,         25P    352
0.915021,0.933196,0.933196,0.933196,0.943225,0.953254,0.963272,       25P    353
0.973308,0.973308,0.973308,0.990934,1.01732,1.05256,1.09653,          25P    354
1.14938,1.20212,1.25496,1.30779,1.36068,1.41361,1.4664,1.51937,       25P    355
1.5723,1.62527,1.67828,1.73127,1.77544,1.81086,1.83737,1.85503,       25P    356
1.85503,1.85503,1.85503,1.,1.,1.,1.,1.,1.,1.,1.,1.,1.,1.,1.,1.,       25P    357
1.,1.,1.,1.,1.,1.,1.,1.,1.,1.,1.,1.,1.,1.,1.,1.,1.,1.,1.,1.,1.,       25P    358
1.,1.,1.,1.,1.,1.,1.,1.,1.,1.,1.,1.,1.,1.,1.,1.,1.,1.,1.,1.,1.,       25P    359
1.,234.713,0.3515,10.762,234.712,0.352907,10.762,234.708,             25P    360
0.355089,10.762,234.703,0.354356,10.762,234.699,0.350234,10.762,      25P    361
234.699,0.346378,10.762,234.701,0.338885,10.762,234.706,              25P    362
0.324361,10.762,234.714,0.298368,10.762,234.727,0.264051,10.762,      25P    363
234.745,0.221979,10.762,234.768,0.175431,10.762,234.795,              25P    364
0.127727,10.762,234.825,0.0816249,10.762,234.857,0.0373638,           25P    365
10.762,234.892,-0.00476571,10.762,234.929,-0.0448201,10.762,          25P    366
234.968,-0.0829029,10.762,235.009,-0.119629,10.762,235.051,           25P    367
-0.154942,10.762,235.094,-0.188842,10.762,235.138,-0.221188,          25P    368
10.762,235.18,-0.250226,10.762,235.219,-0.274755,10.762,235.25,       25P    369
-0.293526,10.762,235.274,-0.307177,10.762,235.287,-0.314503,          25P    370
10.762,235.292,-0.3174,10.762,235.295,-0.318998,10.762,235.302,       25P    371
-0.320096,10.762,235.311,-0.313614,10.762,235.313,-0.3028,            25P    372
10.762,235.309,-0.296541,10.762,235.307,-0.2946,10.762,235.302,       25P    373
-0.291192,10.762,235.29,-0.282622,10.762,235.269,-0.266879,           25P    374
10.762,235.241,-0.245537,10.762,235.206,-0.218007,10.762,             25P    375
235.168,-0.185642,10.762,235.129,-0.150048,10.762,235.091,            25P    376
-0.113446,10.762,235.055,-0.0753339,10.762,235.019,-0.0363227,        25P    377
10.762,234.985,0.00407706,10.762,234.951,0.0450363,10.762,            25P    378
234.918,0.0860417,10.762,234.885,0.127389,10.762,234.852,             25P    379
0.168863,10.762,234.819,0.210651,10.762,234.789,0.250366,10.762,      25P    380
234.762,0.285433,10.762,234.741,0.313732,10.762,234.725,              25P    381
0.334916,10.762,234.716,0.346757,10.762,234.713,0.3515,10.762,        25P    382
0.,1.85503,0.,0.,0.;                                                  25P    383
128,300,12,3,3,1,0,1,0,0,0.,0.,0.,0.,0.00260735,0.00375601,           27P    384
0.00523944,0.00641552,0.00751774,0.00932857,0.0105056,0.0105056,      27P    385
0.01211,0.01211,0.0134355,0.0134355,0.0146613,0.0146613,              27P    386
0.0157719,0.0179129,0.0179129,0.0195541,0.0195541,0.0210381,          27P    387
0.0210381,0.0286754,0.0310765,0.0322425,0.0333155,0.0361893,          27P    388
0.0378398,0.0392887,0.0562562,0.0585995,0.0596529,0.0607457,          27P    389
0.0635547,0.0651733,0.0667407,0.0929669,0.0951718,0.0962105,          27P    390
0.0972642,0.0991393,0.100693,0.101728,0.103355,0.138815,              27P    391
0.140958,0.142896,0.144782,0.146325,0.148102,0.149108,0.193778,       27P    392
0.195893,0.197642,0.199435,0.20102,0.202834,0.2039,0.248862,          27P    393
0.250713,0.252432,0.25415,0.255622,0.257587,0.258717,0.303893,        27P    394
0.305545,0.307038,0.308802,0.310357,0.312337,0.313562,0.358788,       27P    395
0.360383,0.36182,0.363447,0.365038,0.367077,0.368313,0.413875,        27P    396
0.415128,0.416509,0.418059,0.41959,0.420751,0.421787,0.423004,        27P    397
0.468791,0.469938,0.471125,0.47264,0.474266,0.475405,0.476458,        27P    398
0.477776,0.524702,0.525769,0.527307,0.528869,0.529984,0.531178,       27P    399
0.532517,0.579389,0.580468,0.581885,0.58349,0.584652,0.585908,        27P    400
0.587178,0.633711,0.635029,0.636448,0.638131,0.639268,0.640504,       27P    401
0.641819,0.689655,0.691001,0.69272,0.693893,0.695175,0.696503,        27P    402
0.743804,0.745611,0.747252,0.748534,0.749865,0.751092,0.798777,       27P    403
0.800136,0.801867,0.803124,0.804465,0.805794,0.844238,0.846416,       27P    404
0.848596,0.850001,0.85135,0.880599,0.881901,0.883719,0.885011,        27P    405
0.886486,0.88778,0.907875,0.909006,0.910051,0.912283,0.913818,        27P    406
0.915021,0.92606,0.92606,0.92733,0.92733,0.929156,0.929156,           27P    407
0.930526,0.930526,0.932006,0.932006,0.933196,0.933196,0.93441,        27P    408
0.93606,0.937175,0.938412,0.940011,0.941812,0.943225,0.94479,         27P    409
0.946151,0.947673,0.949501,0.951623,0.953254,0.955122,0.956928,       27P    410
0.956928,0.958985,0.958985,0.961425,0.961425,0.963272,0.963272,       27P    411
0.966152,0.966152,0.96849,0.96849,0.971214,0.971214,0.973308,         27P    412
0.973308,0.974447,0.976052,0.977366,0.981898,0.983975,0.9861,         27P    413
0.988857,0.990934,1.00176,1.00292,1.00421,1.00684,1.00859,            27P    414
1.01056,1.01531,1.01732,1.03761,1.03867,1.03994,1.04251,1.04421,      27P    415
1.04611,1.0482,1.05063,1.05256,1.08238,1.08347,1.08464,1.08713,       27P    416
1.08868,1.09049,1.09245,1.09477,1.09653,1.13713,1.13828,1.1421,       27P    417
1.14378,1.14556,1.14771,1.14938,1.19088,1.19198,1.19411,1.19549,      27P    418
1.19703,1.19873,1.20067,1.20212,1.2439,1.24559,1.2477,1.24888,        27P    419
1.25031,1.25185,1.25369,1.25496,1.2977,1.29932,1.30118,1.30236,       27P    420
1.30367,1.30501,1.30665,1.30779,1.35155,1.35306,1.35578,1.35697,      27P    421
1.35825,1.36068,1.40547,1.40683,1.4092,1.41032,1.41145,1.41361,       27P    422
1.4593,1.46053,1.46186,1.4636,1.46464,1.4664,1.51322,1.51433,         27P    423
1.51619,1.5178,1.51937,1.56808,1.56973,1.57107,1.5723,1.62188,        27P    424
1.62367,1.62527,1.67564,1.67708,1.67828,1.72897,1.7302,1.73127,       27P    425
1.77432,1.77544,1.81086,1.83737,1.85503,1.85503,1.85503,1.85503,      27P    426
0.,0.,0.,0.,0.0683896,0.148755,0.228342,0.305728,0.382029,            27P    427
0.530469,0.607722,0.686049,0.747337,0.843731,0.843731,0.843731,       27P    428
0.843731,1.,1.,1.,1.,1.,1.,1.,1.,1.,1.,1.,1.,1.,1.,1.,1.,1.,1.,       27P    429
1.,1.,1.,1.,1.,1.,1.,1.,1.,1.,1.,1.,1.,1.,1.,1.,1.,1.,1.,1.,1.,       27P    430
1.,1.,1.,1.,1.,1.,1.,1.,1.,1.,1.,1.,1.,1.,1.,1.,1.,1.,1.,1.,1.,       27P    431
1.,1.,1.,1.,1.,1.,1.,1.,1.,1.,1.,1.,1.,1.,1.,1.,1.,1.,1.,1.,1.,       27P    432
1.,1.,1.,1.,1.,1.,1.,1.,1.,1.,1.,1.,1.,1.,1.,1.,1.,1.,1.,1.,1.,       27P    433
1.,1.,1.,1.,1.,1.,1.,1.,1.,1.,1.,1.,1.,1.,1.,1.,1.,1.,1.,1.,1.,       27P    434
1.,1.,1.,1.,1.,1.,1.,1.,1.,1.,1.,1.,1.,1.,1.,1.,1.,1.,1.,1.,1.,       27P    435
1.,1.,1.,1.,1.,1.,1.,1.,1.,1.,1.,1.,1.,1.,1.,1.,1.,1.,1.,1.,1.,       27P    436
1.,1.,1.,1.,1.,1.,1.,1.,1.,1.,1.,1.,1.,1.,1.,1.,1.,1.,1.,1.,1.,       27P    437
1.,1.,1.,1.,1.,1.,1.,1.,1.,1.,1.,1.,1.,1.,1.,1.,1.,1.,1.,1.,1.,       27P    438
1.,1.,1.,1.,1.,1.,1.,1.,1.,1.,1.,1.,1.,1.,1.,1.,1.,1.,1.,1.,1.,       27P    439
1.,1.,1.,1.,1.,1.,1.,1.,1.,1.,1.,1.,1.,1.,1.,1.,1.,1.,1.,1.,1.,       27P    440
1.,1.,1.,1.,1.,1.,1.,1.,1.,1.,1.,1.,1.,1.,1.,1.,1.,1.,1.,1.,1.,       27P    441
1.,1.,1.,1.,1.,1.,1.,1.,1.,1.,1.,1.,1.,1.,1.,1.,1.,1.,1.,1.,1.,       27P    442
1.,1.,1.,1.,1.,1.,1.,1.,1.,1.,1.,1.,1.,1.,1.,1.,1.,1.,1.,1.,1.,       27P    443
1.,1.,1.,1.,1.,1.,1.,1.,1.,1.,1.,1.,1.,1.,1.,1.,1.,1.,1.,1.,1.,       27P    444
1.,1.,1.,1.,1.,1.,1.,1.,1.,1.,1.,1.,1.,1.,1.,1.,1.,1.,1.,1.,1.,       27P    445
1.,1.,1.,1.,1.,1.,1.,1.,1.,1.,1.,1.,1.,1.,1.,1.,1.,1.,1.,1.,1.,       27P    446
1.,1.,1.,1.,1.,1.,1.,1.,1.,1.,1.,1.,1.,1.,1.,1.,1.,1.,1.,1.,1.,       27P    447
1.,1.,1.,1.,1.,1.,1.,1.,1.,1.,1.,1.,1.,1.,1.,1.,1.,1.,1.,1.,1.,       27P    448
1.,1.,1.,1.,1.,1.,1.,1.,1.,1.,1.,1.,1.,1.,1.,1.,1.,1.,1.,1.,1.,       27P    449
1.,1.,1.,1.,1.,1.,1.,1.,1.,1.,1.,1.,1.,1.,1.,1.,1.,1.,1.,1.,1.,       27P    450
1.,1.,1.,1.,1.,1.,1.,1.,1.,1.,1.,1.,1.,1.,1.,1.,1.,1.,1.,1.,1.,       27P    451
1.,1.,1.,1.,1.,1.,1.,1.,1.,1.,1.,1.,1.,1.,1.,1.,1.,1.,1.,1.,1.,       27P    452
1.,1.,1.,1.,1.,1.,1.,1.,1.,1.,1.,1.,1.,1.,1.,1.,1.,1.,1.,1.,1.,       27P    453
1.,1.,1.,1.,1.,1.,1.,1.,1.,1.,1.,1.,1.,1.,1.,1.,1.,1.,1.,1.,1.,       27P    454
1.,1.,1.,1.,1.,1.,1.,1.,1.,1.,1.,1.,1.,1.,1.,1.,1.,1.,1.,1.,1.,       27P    455
1.,1.,1.,1.,1.,1.,1.,1.,1.,1.,1.,1.,1.,1.,1.,1.,1.,1.,1.,1.,1.,       27P    456
1.,1.,1.,1.,1.,1.,1.,1.,1.,1.,1.,1.,1.,1.,1.,1.,1.,1.,1.,1.,1.,       27P    457
1.,1.,1.,1.,1.,1.,1.,1.,1.,1.,1.,1.,1.,1.,1.,1.,1.,1.,1.,1.,1.,       27P    458
1.,1.,1.,1.,1.,1.,1.,1.,1.,1.,1.,1.,1.,1.,1.,1.,1.,1.,1.,1.,1.,       27P    459
1.,1.,1.,1.,1.,1.,1.,1.,1.,1.,1.,1.,1.,1.,1.,1.,1.,1.,1.,1.,1.,       27P    460
1.,1.,1.,1.,1.,1.,1.,1.,1.,1.,1.,1.,1.,1.,1.,1.,1.,1.,1.,1.,1.,       27P    461
1.,1.,1.,1.,1.,1.,1.,1.,1.,1.,1.,1.,1.,1.,1.,1.,1.,1.,1.,1.,1.,       27P    462
1.,1.,1.,1.,1.,1.,1.,1.,1.,1.,1.,1.,1.,1.,1.,1.,1.,1.,1.,1.,1.,       27P    463
1.,1.,1.,1.,1.,1.,1.,1.,1.,1.,1.,1.,1.,1.,1.,1.,1.,1.,1.,1.,1.,       27P    464
1.,1.,1.,1.,1.,1.,1.,1.,1.,1.,1.,1.,1.,1.,1.,1.,1.,1.,1.,1.,1.,       27P    465
1.,1.,1.,1.,1.,1.,1.,1.,1.,1.,1.,1.,1.,1.,1.,1.,1.,1.,1.,1.,1.,       27P    466
1.,1.,1.,1.,1.,1.,1.,1.,1.,1.,1.,1.,1.,1.,1.,1.,1.,1.,1.,1.,1.,       27P    467
1.,1.,1.,1.,1.,1.,1.,1.,1.,1.,1.,1.,1.,1.,1.,1.,1.,1.,1.,1.,1.,       27P    468
1.,1.,1.,1.,1.,1.,1.,1.,1.,1.,1.,1.,1.,1.,1.,1.,1.,1.,1.,1.,1.,       27P    469
1.,1.,1.,1.,1.,1.,1.,1.,1.,1.,1.,1.,1.,1.,1.,1.,1.,1.,1.,1.,1.,       27P    470
1.,1.,1.,1.,1.,1.,1.,1.,1.,1.,1.,1.,1.,1.,1.,1.,1.,1.,1.,1.,1.,       27P    471
1.,1.,1.,1.,1.,1.,1.,1.,1.,1.,1.,1.,1.,1.,1.,1.,1.,1.,1.,1.,1.,       27P    472
1.,1.,1.,1.,1.,1.,1.,1.,1.,1.,1.,1.,1.,1.,1.,1.,1.,1.,1.,1.,1.,       27P    473
1.,1.,1.,1.,1.,1.,1.,1.,1.,1.,1.,1.,1.,1.,1.,1.,1.,1.,1.,1.,1.,       27P    474
1.,1.,1.,1.,1.,1.,1.,1.,1.,1.,1.,1.,1.,1.,1.,1.,1.,1.,1.,1.,1.,       27P    475
1.,1.,1.,1.,1.,1.,1.,1.,1.,1.,1.,1.,1.,1.,1.,1.,1.,1.,1.,1.,1.,       27P    476
1.,1.,1.,1.,1.,1.,1.,1.,1.,1.,1.,1.,1.,1.,1.,1.,1.,1.,1.,1.,1.,       27P    477
1.,1.,1.,1.,1.,1.,1.,1.,1.,1.,1.,1.,1.,1.,1.,1.,1.,1.,1.,1.,1.,       27P    478
1.,1.,1.,1.,1.,1.,1.,1.,1.,1.,1.,1.,1.,1.,1.,1.,1.,1.,1.,1.,1.,       27P    479
1.,1.,1.,1.,1.,1.,1.,1.,1.,1.,1.,1.,1.,1.,1.,1.,1.,1.,1.,1.,1.,       27P    480
1.,1.,1.,1.,1.,1.,1.,1.,1.,1.,1.,1.,1.,1.,1.,1.,1.,1.,1.,1.,1.,       27P    481
1.,1.,1.,1.,1.,1.,1.,1.,1.,1.,1.,1.,1.,1.,1.,1.,1.,1.,1.,1.,1.,       27P    482
1.,1.,1.,1.,1.,1.,1.,1.,1.,1.,1.,1.,1.,1.,1.,1.,1.,1.,1.,1.,1.,       27P    483
1.,1.,1.,1.,1.,1.,1.,1.,1.,1.,1.,1.,1.,1.,1.,1.,1.,1.,1.,1.,1.,       27P    484
1.,1.,1.,1.,1.,1.,1.,1.,1.,1.,1.,1.,1.,1.,1.,1.,1.,1.,1.,1.,1.,       27P    485
1.,1.,1.,1.,1.,1.,1.,1.,1.,1.,1.,1.,1.,1.,1.,1.,1.,1.,1.,1.,1.,       27P    486
1.,1.,1.,1.,1.,1.,1.,1.,1.,1.,1.,1.,1.,1.,1.,1.,1.,1.,1.,1.,1.,       27P    487
1.,1.,1.,1.,1.,1.,1.,1.,1.,1.,1.,1.,1.,1.,1.,1.,1.,1.,1.,1.,1.,       27P    488
1.,1.,1.,1.,1.,1.,1.,1.,1.,1.,1.,1.,1.,1.,1.,1.,1.,1.,1.,1.,1.,       27P    489
1.,1.,1.,1.,1.,1.,1.,1.,1.,1.,1.,1.,1.,1.,1.,1.,1.,1.,1.,1.,1.,       27P    490
1.,1.,1.,1.,1.,1.,1.,1.,1.,1.,1.,1.,1.,1.,1.,1.,1.,1.,1.,1.,1.,       27P    491
1.,1.,1.,1.,1.,1.,1.,1.,1.,1.,1.,1.,1.,1.,1.,1.,1.,1.,1.,1.,1.,       27P    492
1.,1.,1.,1.,1.,1.,1.,1.,1.,1.,1.,1.,1.,1.,1.,1.,1.,1.,1.,1.,1.,       27P    493
1.,1.,1.,1.,1.,1.,1.,1.,1.,1.,1.,1.,1.,1.,1.,1.,1.,1.,1.,1.,1.,       27P    494
1.,1.,1.,1.,1.,1.,1.,1.,1.,1.,1.,1.,1.,1.,1.,1.,1.,1.,1.,1.,1.,       27P    495
1.,1.,1.,1.,1.,1.,1.,1.,1.,1.,1.,1.,1.,1.,1.,1.,1.,1.,1.,1.,1.,       27P    496
1.,1.,1.,1.,1.,1.,1.,1.,1.,1.,1.,1.,1.,1.,1.,1.,1.,1.,1.,1.,1.,       27P    497
1.,1.,1.,1.,1.,1.,1.,1.,1.,1.,1.,1.,1.,1.,1.,1.,1.,1.,1.,1.,1.,       27P    498
1.,1.,1.,1.,1.,1.,1.,1.,1.,1.,1.,1.,1.,1.,1.,1.,1.,1.,1.,1.,1.,       27P    499
1.,1.,1.,1.,1.,1.,1.,1.,1.,1.,1.,1.,1.,1.,1.,1.,1.,1.,1.,1.,1.,       27P    500
1.,1.,1.,1.,1.,1.,1.,1.,1.,1.,1.,1.,1.,1.,1.,1.,1.,1.,1.,1.,1.,       27P    501
1.,1.,1.,1.,1.,1.,1.,1.,1.,1.,1.,1.,1.,1.,1.,1.,1.,1.,1.,1.,1.,       27P    502
1.,1.,1.,1.,1.,1.,1.,1.,1.,1.,1.,1.,1.,1.,1.,1.,1.,1.,1.,1.,1.,       27P    503
1.,1.,1.,1.,1.,1.,1.,1.,1.,1.,1.,1.,1.,1.,1.,1.,1.,1.,1.,1.,1.,       27P    504
1.,1.,1.,1.,1.,1.,1.,1.,1.,1.,1.,1.,1.,1.,1.,1.,1.,1.,1.,1.,1.,       27P    505
1.,1.,1.,1.,1.,1.,1.,1.,1.,1.,1.,1.,1.,1.,1.,1.,1.,1.,1.,1.,1.,       27P    506
1.,1.,1.,1.,1.,1.,1.,1.,1.,1.,1.,1.,1.,1.,1.,1.,1.,1.,1.,1.,1.,       27P    507
1.,1.,1.,1.,1.,1.,1.,1.,1.,1.,1.,1.,1.,1.,1.,1.,1.,1.,1.,1.,1.,       27P    508
1.,1.,1.,1.,1.,1.,1.,1.,1.,1.,1.,1.,1.,1.,1.,1.,1.,1.,1.,1.,1.,       27P    509
1.,1.,1.,1.,1.,1.,1.,1.,1.,1.,1.,1.,1.,1.,1.,1.,1.,1.,1.,1.,1.,       27P    510
1.,1.,1.,1.,1.,1.,1.,1.,1.,1.,1.,1.,1.,1.,1.,1.,1.,1.,1.,1.,1.,       27P    511
1.,1.,1.,1.,1.,1.,1.,1.,1.,1.,1.,1.,1.,1.,1.,1.,1.,1.,1.,1.,1.,       27P    512
1.,1.,1.,1.,1.,1.,1.,1.,1.,1.,1.,1.,1.,1.,1.,1.,1.,1.,1.,1.,1.,       27P    513
1.,1.,1.,1.,1.,1.,1.,1.,1.,1.,1.,1.,1.,1.,1.,1.,1.,1.,1.,1.,1.,       27P    514
1.,1.,1.,1.,1.,1.,1.,1.,1.,1.,1.,1.,1.,1.,1.,1.,1.,1.,1.,1.,1.,       27P    515
1.,1.,1.,1.,1.,1.,1.,1.,1.,1.,1.,1.,1.,1.,1.,1.,1.,1.,1.,1.,1.,       27P    516
1.,1.,1.,1.,1.,1.,1.,1.,1.,1.,1.,1.,1.,1.,1.,1.,1.,1.,1.,1.,1.,       27P    517
1.,1.,1.,1.,1.,1.,1.,1.,1.,1.,1.,1.,1.,1.,1.,1.,1.,1.,1.,1.,1.,       27P    518
1.,1.,1.,1.,1.,1.,1.,1.,1.,1.,1.,1.,1.,1.,1.,1.,1.,1.,1.,1.,1.,       27P    519
1.,1.,1.,1.,1.,1.,1.,1.,1.,1.,1.,1.,1.,1.,1.,1.,1.,1.,1.,1.,1.,       27P    520
1.,1.,1.,1.,1.,1.,1.,1.,1.,1.,1.,1.,1.,1.,1.,1.,1.,1.,1.,1.,1.,       27P    521
1.,1.,1.,1.,1.,1.,1.,1.,1.,1.,1.,1.,1.,1.,1.,1.,1.,1.,1.,1.,1.,       27P    522
1.,1.,1.,1.,1.,1.,1.,1.,1.,1.,1.,1.,1.,1.,1.,1.,1.,1.,1.,1.,1.,       27P    523
1.,1.,1.,1.,1.,1.,1.,1.,1.,1.,1.,1.,1.,1.,1.,1.,1.,1.,1.,1.,1.,       27P    524
1.,1.,1.,1.,1.,1.,1.,1.,1.,1.,1.,1.,1.,1.,1.,1.,1.,1.,1.,1.,1.,       27P    525
1.,1.,1.,1.,1.,1.,1.,1.,1.,1.,1.,1.,1.,1.,1.,1.,1.,1.,1.,1.,1.,       27P    526
1.,1.,1.,1.,1.,1.,1.,1.,1.,1.,1.,1.,1.,1.,1.,1.,1.,1.,1.,1.,1.,       27P    527
1.,1.,1.,1.,1.,1.,1.,1.,1.,1.,1.,1.,1.,1.,1.,1.,1.,1.,1.,1.,1.,       27P    528
1.,1.,1.,1.,1.,1.,1.,1.,1.,1.,1.,1.,1.,1.,1.,1.,1.,1.,1.,1.,1.,       27P    529
1.,1.,1.,1.,1.,1.,1.,1.,1.,1.,1.,1.,1.,1.,1.,1.,1.,1.,1.,1.,1.,       27P    530
1.,1.,1.,1.,1.,1.,1.,1.,1.,1.,1.,1.,1.,1.,1.,1.,1.,1.,1.,1.,1.,       27P    531
1.,1.,1.,1.,1.,1.,1.,1.,1.,1.,1.,1.,1.,1.,1.,1.,1.,1.,1.,1.,1.,       27P    532
1.,1.,1.,1.,1.,1.,1.,1.,1.,1.,1.,1.,1.,1.,1.,1.,1.,1.,1.,1.,1.,       27P    533
1.,1.,1.,1.,1.,1.,1.,1.,1.,1.,1.,1.,1.,1.,1.,1.,1.,1.,1.,1.,1.,       27P    534
1.,1.,1.,1.,1.,1.,1.,1.,1.,1.,1.,1.,1.,1.,1.,1.,1.,1.,1.,1.,1.,       27P    535
1.,1.,1.,1.,1.,1.,1.,1.,1.,1.,1.,1.,1.,1.,1.,1.,1.,1.,1.,1.,1.,       27P    536
1.,1.,1.,1.,1.,1.,1.,1.,1.,1.,1.,1.,1.,1.,1.,1.,1.,1.,1.,1.,1.,       27P    537
1.,1.,1.,1.,1.,1.,1.,1.,1.,1.,1.,1.,1.,1.,1.,1.,1.,1.,1.,1.,1.,       27P    538
1.,1.,1.,1.,1.,1.,1.,1.,1.,1.,1.,1.,1.,1.,1.,1.,1.,1.,1.,1.,1.,       27P    539
1.,1.,1.,1.,1.,1.,1.,1.,1.,1.,1.,1.,1.,1.,1.,1.,1.,1.,1.,1.,1.,       27P    540
1.,1.,1.,1.,1.,1.,1.,1.,1.,1.,1.,1.,1.,1.,1.,1.,1.,1.,1.,1.,1.,       27P    541
1.,1.,1.,1.,1.,1.,1.,1.,1.,1.,1.,1.,1.,1.,1.,1.,1.,1.,1.,1.,1.,       27P    542
1.,1.,1.,1.,1.,1.,1.,1.,1.,1.,1.,1.,1.,1.,1.,1.,1.,1.,1.,1.,1.,       27P    543
1.,1.,1.,1.,1.,1.,1.,1.,1.,1.,1.,1.,1.,1.,1.,1.,1.,1.,1.,1.,1.,       27P    544
1.,1.,1.,1.,1.,1.,1.,1.,1.,1.,1.,1.,1.,1.,1.,1.,1.,1.,1.,1.,1.,       27P    545
1.,1.,1.,1.,1.,1.,1.,1.,1.,1.,1.,1.,1.,1.,1.,1.,1.,1.,1.,1.,1.,       27P    546
1.,1.,1.,1.,1.,1.,1.,1.,1.,1.,1.,1.,1.,1.,1.,1.,1.,1.,1.,1.,1.,       27P    547
1.,1.,1.,1.,1.,1.,1.,1.,1.,1.,1.,1.,1.,1.,1.,1.,1.,1.,1.,1.,1.,       27P    548
1.,1.,1.,1.,1.,1.,1.,1.,1.,1.,1.,1.,1.,1.,1.,1.,1.,1.,1.,1.,1.,       27P    549
1.,1.,1.,1.,1.,1.,1.,1.,1.,1.,1.,1.,1.,1.,1.,1.,1.,1.,1.,1.,1.,       27P    550
1.,1.,1.,1.,1.,1.,1.,1.,1.,1.,1.,1.,1.,1.,1.,1.,1.,1.,1.,1.,1.,       27P    551
1.,1.,1.,1.,1.,1.,1.,1.,1.,1.,1.,1.,1.,1.,1.,1.,1.,1.,1.,1.,1.,       27P    552
1.,1.,1.,1.,1.,1.,1.,1.,1.,1.,1.,1.,1.,1.,1.,1.,1.,1.,1.,1.,1.,       27P    553
1.,1.,1.,1.,1.,1.,1.,1.,1.,1.,1.,1.,1.,1.,1.,1.,1.,1.,1.,1.,1.,       27P    554
1.,1.,1.,1.,1.,1.,1.,1.,1.,1.,1.,1.,1.,1.,1.,1.,1.,1.,1.,1.,1.,       27P    555
1.,1.,1.,1.,1.,1.,1.,1.,1.,1.,1.,1.,1.,1.,1.,1.,1.,1.,1.,1.,1.,       27P    556
1.,1.,1.,1.,1.,1.,1.,1.,1.,1.,1.,1.,1.,1.,1.,1.,1.,1.,1.,1.,1.,       27P    557
1.,1.,1.,1.,1.,1.,1.,1.,1.,1.,1.,1.,1.,1.,1.,1.,1.,1.,1.,1.,1.,       27P    558
1.,1.,1.,1.,1.,1.,1.,1.,1.,1.,1.,1.,1.,1.,1.,1.,1.,1.,1.,1.,1.,       27P    559
1.,1.,1.,1.,1.,1.,1.,1.,1.,1.,1.,1.,1.,1.,1.,1.,1.,1.,1.,1.,1.,       27P    560
1.,1.,1.,1.,1.,1.,1.,1.,1.,1.,1.,1.,1.,1.,1.,1.,1.,1.,1.,1.,1.,       27P    561
1.,1.,1.,1.,1.,1.,1.,1.,1.,1.,1.,1.,1.,1.,1.,1.,1.,1.,1.,1.,1.,       27P    562
1.,1.,1.,1.,1.,1.,1.,1.,1.,1.,1.,1.,1.,1.,1.,1.,1.,1.,1.,1.,1.,       27P    563
1.,1.,1.,1.,1.,1.,1.,1.,1.,1.,1.,1.,1.,1.,1.,1.,1.,1.,1.,1.,1.,       27P    564
1.,1.,1.,1.,1.,1.,1.,1.,1.,1.,1.,1.,1.,1.,1.,1.,1.,1.,1.,1.,1.,       27P    565
1.,1.,1.,1.,1.,1.,1.,1.,1.,1.,1.,1.,1.,1.,1.,1.,1.,1.,1.,1.,1.,       27P    566
1.,1.,1.,1.,1.,1.,1.,1.,1.,1.,1.,1.,1.,1.,1.,1.,1.,1.,1.,1.,1.,       27P    567
1.,1.,1.,1.,1.,1.,1.,1.,1.,1.,1.,1.,1.,1.,1.,1.,1.,1.,1.,1.,1.,       27P    568
1.,1.,1.,1.,1.,1.,1.,1.,1.,1.,1.,1.,1.,1.,1.,1.,1.,1.,1.,1.,1.,       27P    569
1.,1.,1.,1.,1.,1.,1.,1.,1.,1.,1.,1.,1.,1.,1.,1.,1.,1.,1.,1.,1.,       27P    570
1.,1.,1.,1.,1.,1.,1.,1.,1.,1.,1.,1.,1.,1.,1.,1.,1.,1.,1.,1.,1.,       27P    571
1.,1.,1.,1.,1.,1.,1.,1.,1.,1.,1.,1.,1.,1.,1.,1.,1.,1.,1.,1.,1.,       27P    572
1.,1.,1.,1.,1.,1.,1.,1.,1.,1.,1.,1.,1.,1.,1.,1.,1.,1.,1.,1.,1.,       27P    573
1.,1.,1.,1.,1.,1.,1.,1.,1.,1.,1.,1.,1.,1.,1.,1.,1.,1.,1.,1.,1.,       27P    574
1.,1.,1.,1.,1.,1.,1.,1.,1.,1.,1.,1.,1.,1.,1.,1.,1.,1.,1.,1.,1.,       27P    575
1.,1.,1.,1.,1.,1.,1.,1.,1.,1.,1.,1.,1.,1.,1.,1.,1.,1.,1.,1.,1.,       27P    576
1.,1.,1.,1.,1.,1.,1.,1.,1.,1.,1.,1.,1.,1.,1.,1.,1.,1.,1.,1.,1.,       27P    577
1.,1.,1.,1.,1.,1.,1.,1.,1.,1.,1.,1.,1.,1.,1.,1.,1.,1.,1.,1.,1.,       27P    578
1.,1.,1.,1.,1.,1.,1.,1.,1.,1.,1.,1.,1.,1.,1.,1.,1.,1.,1.,1.,1.,       27P    579
1.,1.,1.,1.,1.,1.,1.,1.,1.,1.,1.,1.,1.,1.,1.,1.,1.,1.,1.,1.,1.,       27P    580
1.,1.,1.,1.,1.,1.,1.,1.,1.,1.,1.,1.,1.,1.,1.,1.,1.,1.,1.,1.,1.,       27P    581
1.,1.,1.,1.,1.,1.,1.,1.,1.,1.,1.,1.,1.,1.,1.,1.,1.,1.,1.,1.,1.,       27P    582
1.,1.,1.,1.,1.,1.,1.,1.,1.,1.,1.,1.,1.,1.,1.,1.,1.,1.,1.,1.,1.,       27P    583
1.,1.,1.,1.,1.,1.,1.,1.,1.,1.,1.,1.,1.,1.,1.,1.,1.,1.,1.,1.,1.,       27P    584
1.,1.,1.,1.,1.,1.,1.,1.,1.,1.,1.,1.,1.,1.,1.,1.,1.,1.,1.,1.,1.,       27P    585
1.,1.,1.,1.,1.,1.,1.,1.,1.,1.,1.,1.,1.,1.,1.,1.,1.,1.,1.,1.,1.,       27P    586
1.,1.,1.,1.,1.,1.,1.,1.,1.,1.,1.,1.,1.,1.,1.,1.,1.,1.,1.,1.,1.,       27P    587
1.,1.,1.,1.,1.,1.,1.,1.,1.,1.,1.,1.,1.,1.,1.,1.,1.,1.,1.,1.,1.,       27P    588
1.,1.,1.,1.,1.,1.,1.,1.,1.,1.,1.,1.,1.,1.,1.,1.,1.,1.,1.,1.,1.,       27P    589
1.,1.,1.,1.,1.,1.,1.,1.,1.,1.,1.,1.,1.,1.,1.,1.,1.,1.,1.,1.,1.,       27P    590
1.,1.,1.,1.,1.,1.,1.,1.,1.,1.,1.,1.,1.,1.,1.,1.,1.,1.,1.,1.,1.,       27P    591
1.,1.,1.,1.,1.,1.,1.,1.,1.,1.,1.,1.,1.,1.,1.,1.,1.,1.,1.,1.,1.,       27P    592
1.,1.,1.,1.,1.,1.,1.,1.,1.,1.,1.,1.,1.,1.,1.,1.,1.,1.,1.,1.,1.,       27P    593
1.,1.,1.,1.,1.,1.,1.,1.,1.,1.,1.,1.,1.,1.,1.,1.,1.,1.,1.,1.,1.,       27P    594
1.,1.,1.,1.,1.,1.,1.,1.,1.,1.,1.,1.,1.,1.,1.,1.,1.,1.,1.,1.,1.,       27P    595
1.,1.,1.,1.,1.,1.,1.,1.,1.,1.,1.,1.,1.,1.,1.,1.,1.,1.,1.,1.,1.,       27P    596
1.,1.,1.,1.,1.,1.,1.,1.,1.,1.,1.,1.,1.,1.,1.,1.,1.,1.,1.,1.,1.,       27P    597
1.,1.,1.,1.,1.,1.,1.,1.,1.,1.,1.,1.,1.,1.,1.,1.,1.,1.,1.,1.,1.,       27P    598
1.,1.,1.,1.,1.,1.,1.,1.,1.,1.,1.,1.,1.,1.,1.,1.,1.,1.,1.,1.,1.,       27P    599
1.,1.,1.,1.,1.,1.,1.,1.,1.,1.,1.,1.,1.,1.,1.,1.,1.,1.,1.,1.,1.,       27P    600
1.,1.,1.,1.,1.,1.,1.,1.,1.,1.,1.,1.,1.,1.,1.,1.,1.,1.,1.,1.,1.,       27P    601
1.,1.,1.,1.,1.,1.,1.,1.,1.,1.,1.,1.,1.,1.,1.,1.,1.,1.,1.,1.,1.,       27P    602
1.,1.,1.,1.,1.,1.,1.,1.,1.,1.,1.,1.,1.,1.,1.,1.,1.,1.,1.,1.,1.,       27P    603
1.,1.,1.,1.,1.,1.,1.,1.,1.,1.,1.,1.,1.,1.,1.,1.,1.,1.,1.,1.,1.,       27P    604
1.,1.,1.,1.,1.,1.,1.,1.,1.,1.,1.,1.,1.,1.,1.,1.,1.,1.,1.,1.,1.,       27P    605
1.,1.,1.,1.,1.,1.,1.,1.,1.,1.,1.,1.,1.,1.,1.,1.,1.,1.,1.,1.,1.,       27P    606
1.,1.,1.,1.,1.,1.,1.,1.,1.,1.,1.,1.,1.,1.,1.,1.,1.,1.,1.,1.,1.,       27P    607
1.,1.,1.,1.,1.,1.,1.,1.,1.,1.,1.,1.,1.,1.,1.,1.,1.,1.,1.,1.,1.,       27P    608
1.,1.,1.,1.,1.,1.,1.,1.,1.,1.,1.,1.,1.,1.,1.,1.,1.,1.,1.,1.,1.,       27P    609
1.,1.,1.,1.,1.,1.,1.,1.,1.,1.,1.,1.,1.,1.,1.,1.,1.,1.,1.,1.,1.,       27P    610
1.,1.,1.,1.,1.,1.,1.,1.,1.,1.,1.,1.,1.,1.,1.,1.,1.,1.,1.,1.,1.,       27P    611
1.,1.,1.,1.,1.,1.,1.,1.,1.,1.,1.,1.,1.,1.,1.,1.,1.,1.,1.,1.,1.,       27P    612
1.,1.,1.,1.,1.,1.,1.,1.,1.,1.,1.,1.,1.,1.,1.,1.,1.,1.,1.,1.,1.,       27P    613
1.,1.,1.,1.,1.,1.,1.,1.,1.,1.,1.,1.,1.,1.,1.,1.,1.,1.,1.,1.,1.,       27P    614
1.,1.,1.,1.,1.,1.,1.,1.,1.,1.,234.713,0.3515,10.762,234.712,          27P    615
0.3522,10.762,234.711,0.353095,10.762,234.71,0.353992,10.762,         27P    616
234.708,0.354437,10.762,234.707,0.354634,10.762,234.706,              27P    617
0.354631,10.762,234.704,0.35436,10.762,234.703,0.353972,10.762,       27P    618
234.703,0.353545,10.762,234.702,0.353246,10.762,234.701,              27P    619
0.352619,10.762,234.701,0.352305,10.762,234.701,0.351652,10.762,      27P    620
234.7,0.351316,10.762,234.7,0.350641,10.762,234.699,0.349658,         27P    621
10.762,234.699,0.348569,10.762,234.699,0.347284,10.762,234.699,       27P    622
0.34672,10.762,234.699,0.345666,10.762,234.699,0.345173,10.762,       27P    623
234.7,0.342266,10.762,234.701,0.339071,10.762,234.702,0.335511,       27P    624
10.762,234.703,0.334037,10.762,234.703,0.332413,10.762,234.704,       27P    625
0.330636,10.762,234.704,0.328742,10.762,234.706,0.32238,10.762,       27P    626
234.708,0.315815,10.762,234.711,0.309394,10.762,234.711,0.30798,      27P    627
10.762,234.712,0.306419,10.762,234.712,0.304681,10.762,234.713,       27P    628
0.302795,10.762,234.716,0.293546,10.762,234.72,0.284156,10.762,       27P    629
234.723,0.274985,10.762,234.724,0.273649,10.762,234.724,              27P    630
0.272416,10.762,234.725,0.271023,10.762,234.725,0.269638,10.762,      27P    631
234.726,0.26833,10.762,234.73,0.25651,10.762,234.735,0.244449,        27P    632
10.762,234.741,0.232397,10.762,234.742,0.23058,10.762,234.742,        27P    633
0.228947,10.762,234.743,0.227364,10.762,234.744,0.22605,10.762,       27P    634
234.75,0.211645,10.762,234.757,0.197292,10.762,234.765,0.182907,      27P    635
10.762,234.765,0.181232,10.762,234.766,0.179715,10.762,234.767,       27P    636
0.178181,10.762,234.768,0.176863,10.762,234.775,0.162753,10.762,      27P    637
234.783,0.148824,10.762,234.791,0.134904,10.762,234.792,              27P    638
0.133389,10.762,234.793,0.131984,10.762,234.794,0.13051,10.762,       27P    639
234.795,0.129206,10.762,234.803,0.115432,10.762,234.811,              27P    640
0.101943,10.762,234.82,0.0885751,10.762,234.821,0.0872185,            27P    641
10.762,234.822,0.0858904,10.762,234.823,0.0844294,10.762,             27P    642
234.824,0.0831186,10.762,234.833,0.0697985,10.762,234.843,            27P    643
0.0568084,10.762,234.852,0.0440198,10.762,234.853,0.0427868,          27P    644
10.762,234.854,0.0415564,10.762,234.855,0.0401689,10.762,             27P    645
234.856,0.0388867,10.762,234.866,0.0260364,10.762,234.877,            27P    646
0.0136572,10.762,234.887,0.00150153,10.762,234.888,0.000447561,       27P    647
10.762,234.889,-0.000674742,10.762,234.89,-0.00174033,10.762,         27P    648
234.891,-0.00267558,10.762,234.891,-0.00353136,10.762,234.902,        27P    649
-0.01556,10.762,234.913,-0.0273554,10.762,234.924,-0.0388944,         27P    650
10.762,234.925,-0.0398164,10.762,234.926,-0.0408518,10.762,           27P    651
234.927,-0.0418743,10.762,234.928,-0.0427851,10.762,234.929,          27P    652
-0.0436218,10.762,234.94,-0.055359,10.762,234.952,-0.0668397,         27P    653
10.762,234.964,-0.0781838,10.762,234.965,-0.0791374,10.762,           27P    654
234.966,-0.0801009,10.762,234.967,-0.0809849,10.762,234.968,          27P    655
-0.0818173,10.762,234.98,-0.0930825,10.762,234.992,-0.104146,         27P    656
10.762,235.004,-0.115043,10.762,235.005,-0.115948,10.762,             27P    657
235.006,-0.11687,10.762,235.007,-0.117755,10.762,235.008,             27P    658
-0.118566,10.762,235.021,-0.129345,10.762,235.033,-0.139954,          27P    659
10.762,235.046,-0.150411,10.762,235.047,-0.151348,10.762,             27P    660
235.048,-0.152246,10.762,235.049,-0.153104,10.762,235.05,             27P    661
-0.153884,10.762,235.063,-0.164525,10.762,235.076,-0.174995,          27P    662
10.762,235.09,-0.185334,10.762,235.091,-0.186193,10.762,235.092,      27P    663
-0.187039,10.762,235.093,-0.187804,10.762,235.106,-0.197894,          27P    664
10.762,235.12,-0.207875,10.762,235.133,-0.217697,10.762,235.135,      27P    665
-0.218611,10.762,235.136,-0.219432,10.762,235.137,-0.220172,          27P    666
10.762,235.15,-0.229844,10.762,235.164,-0.239302,10.762,235.178,      27P    667
-0.248652,10.762,235.18,-0.249452,10.762,235.181,-0.250247,           27P    668
10.762,235.182,-0.250967,10.762,235.193,-0.258501,10.762,             27P    669
235.205,-0.266053,10.762,235.217,-0.2736,10.762,235.219,              27P    670
-0.274614,10.762,235.22,-0.275481,10.762,235.229,-0.281093,           27P    671
10.762,235.238,-0.286596,10.762,235.248,-0.2921,10.762,235.249,       27P    672
-0.292848,10.762,235.25,-0.293626,10.762,235.251,-0.294313,           27P    673
10.762,235.258,-0.298179,10.762,235.264,-0.301948,10.762,             27P    674
235.271,-0.305623,10.762,235.272,-0.306349,10.762,235.274,            27P    675
-0.30714,10.762,235.275,-0.307955,10.762,235.279,-0.31021,            27P    676
10.762,235.283,-0.312195,10.762,235.286,-0.314176,10.762,             27P    677
235.287,-0.31438,10.762,235.287,-0.314877,10.762,235.288,             27P    678
-0.31517,10.762,235.289,-0.315683,10.762,235.289,-0.315902,           27P    679
10.762,235.29,-0.316358,10.762,235.291,-0.316594,10.762,235.291,      27P    680
-0.317021,10.762,235.292,-0.31721,10.762,235.292,-0.317593,           27P    681
10.762,235.293,-0.318014,10.762,235.295,-0.318474,10.762,             27P    682
235.296,-0.318812,10.762,235.297,-0.319038,10.762,235.299,            27P    683
-0.319145,10.762,235.3,-0.319051,10.762,235.302,-0.318758,            27P    684
10.762,235.304,-0.318318,10.762,235.305,-0.317704,10.762,             27P    685
235.306,-0.316896,10.762,235.308,-0.315761,10.762,235.309,            27P    686
-0.314394,10.762,235.31,-0.312843,10.762,235.311,-0.311246,           27P    687
10.762,235.312,-0.310068,10.762,235.312,-0.308803,10.762,             27P    688
235.312,-0.308114,10.762,235.312,-0.306591,10.762,235.312,            27P    689
-0.305755,10.762,235.312,-0.304292,10.762,235.312,-0.303664,          27P    690
10.762,235.312,-0.302076,10.762,235.312,-0.301129,10.762,             27P    691
235.311,-0.299488,10.762,235.31,-0.298781,10.762,235.309,             27P    692
-0.297336,10.762,235.309,-0.296613,10.762,235.308,-0.295462,          27P    693
10.762,235.307,-0.295005,10.762,235.306,-0.29438,10.762,235.306,      27P    694
-0.293849,10.762,235.304,-0.293063,10.762,235.302,-0.291619,          27P    695
10.762,235.3,-0.290079,10.762,235.298,-0.288376,10.762,235.296,       27P    696
-0.287017,10.762,235.294,-0.285656,10.762,235.29,-0.282584,           27P    697
10.762,235.286,-0.27981,10.762,235.283,-0.277179,10.762,235.281,      27P    698
-0.276173,10.762,235.28,-0.275045,10.762,235.278,-0.273783,           27P    699
10.762,235.276,-0.272095,10.762,235.273,-0.270353,10.762,             27P    700
235.266,-0.264943,10.762,235.26,-0.260242,10.762,235.254,             27P    701
-0.255654,10.762,235.253,-0.254661,10.762,235.251,-0.253535,          27P    702
10.762,235.25,-0.252278,10.762,235.248,-0.251119,10.762,235.246,      27P    703
-0.249808,10.762,235.245,-0.24849,10.762,235.236,-0.24149,            27P    704
10.762,235.227,-0.234683,10.762,235.219,-0.227951,10.762,             27P    705
235.218,-0.226953,10.762,235.216,-0.225856,10.762,235.215,            27P    706
-0.224624,10.762,235.213,-0.223502,10.762,235.212,-0.222216,          27P    707
10.762,235.21,-0.220939,10.762,235.199,-0.211469,10.762,235.188,      27P    708
-0.202098,10.762,235.176,-0.192132,10.762,235.175,-0.190675,          27P    709
10.762,235.173,-0.189077,10.762,235.171,-0.187843,10.762,235.17,      27P    710
-0.186611,10.762,235.159,-0.176622,10.762,235.148,-0.166713,          27P    711
10.762,235.137,-0.156582,10.762,235.136,-0.155536,10.762,             27P    712
235.134,-0.154392,10.762,235.133,-0.153341,10.762,235.132,            27P    713
-0.152165,10.762,235.131,-0.151005,10.762,235.12,-0.140715,           27P    714
10.762,235.109,-0.130367,10.762,235.098,-0.119704,10.762,             27P    715
235.097,-0.118539,10.762,235.096,-0.117431,10.762,235.095,            27P    716
-0.116457,10.762,235.094,-0.115327,10.762,235.093,-0.114233,          27P    717
10.762,235.082,-0.103431,10.762,235.071,-0.0925026,10.762,            27P    718
235.061,-0.0813116,10.762,235.06,-0.0801828,10.762,235.059,           27P    719
-0.0791278,10.762,235.058,-0.0781984,10.762,235.057,-0.0771548,       27P    720
10.762,235.056,-0.0761531,10.762,235.045,-0.0648411,10.762,           27P    721
235.035,-0.0534522,10.762,235.024,-0.0415065,10.762,235.023,          27P    722
-0.0401557,10.762,235.022,-0.0388606,10.762,235.021,-0.0376365,       27P    723
10.762,235.01,-0.0255052,10.762,234.999,-0.0131627,10.762,            27P    724
234.989,-0.000747953,10.762,234.988,0.000493194,10.762,234.987,       27P    725
0.00167495,10.762,234.986,0.00280464,10.762,234.976,0.0153607,        27P    726
10.762,234.965,0.0280184,10.762,234.955,0.040476,10.762,234.954,      27P    727
0.0415859,10.762,234.953,0.042647,10.762,234.952,0.0438213,           27P    728
10.762,234.942,0.0566354,10.762,234.932,0.0694748,10.762,             27P    729
234.921,0.082377,10.762,234.92,0.083564,10.762,234.919,               27P    730
0.0848695,10.762,234.908,0.0983237,10.762,234.897,0.111836,           27P    731
10.762,234.887,0.12531,10.762,234.886,0.126411,10.762,234.875,        27P    732
0.140002,10.762,234.864,0.153726,10.762,234.853,0.167594,10.762,      27P    733
234.842,0.181673,10.762,234.831,0.195712,10.762,234.82,0.209687,      27P    734
10.762,234.809,0.223748,10.762,234.799,0.237792,10.762,234.788,       27P    735
0.251807,10.762,234.779,0.263801,10.762,234.77,0.275768,10.762,       27P    736
234.753,0.296916,10.762,234.741,0.313732,10.762,234.725,              27P    737
0.334916,10.762,234.716,0.346757,10.762,234.713,0.3515,10.762,        27P    738
234.711,0.353711,10.7847,234.711,0.354405,10.7847,234.71,             27P    739
0.355267,10.7847,234.708,0.356111,10.7847,234.707,0.356524,           27P    740
10.7847,234.706,0.356709,10.7847,234.705,0.356708,10.7847,            27P    741
234.703,0.356454,10.7847,234.702,0.356085,10.7847,234.701,            27P    742
0.355675,10.7847,234.701,0.355388,10.7847,234.7,0.354784,             27P    743
10.7847,234.7,0.354482,10.7847,234.699,0.353853,10.7847,234.699,      27P    744
0.35353,10.7847,234.699,0.352882,10.7847,234.698,0.351939,            27P    745
10.7847,234.698,0.350883,10.7847,234.698,0.349627,10.7847,            27P    746
234.698,0.349073,10.7847,234.698,0.348028,10.7847,234.698,            27P    747
0.34754,10.7847,234.699,0.344662,10.7847,234.7,0.34149,10.7847,       27P    748
234.701,0.337947,10.7847,234.701,0.33648,10.7847,234.702,             27P    749
0.334863,10.7847,234.703,0.333093,10.7847,234.703,0.331205,           27P    750
10.7847,234.705,0.324865,10.7847,234.707,0.318322,10.7847,            27P    751
234.71,0.311916,10.7847,234.71,0.310505,10.7847,234.711,              27P    752
0.308947,10.7847,234.711,0.307212,10.7847,234.712,0.305329,           27P    753
10.7847,234.715,0.296092,10.7847,234.719,0.286693,10.7847,            27P    754
234.722,0.277499,10.7847,234.723,0.276159,10.7847,234.723,            27P    755
0.274922,10.7847,234.724,0.273525,10.7847,234.725,0.272135,           27P    756
10.7847,234.725,0.270823,10.7847,234.73,0.258963,10.7847,             27P    757
234.735,0.246867,10.7847,234.74,0.23477,10.7847,234.741,              27P    758
0.232946,10.7847,234.742,0.231307,10.7847,234.743,0.229718,           27P    759
10.7847,234.743,0.228398,10.7847,234.75,0.213932,10.7847,             27P    760
234.757,0.199611,10.7847,234.764,0.185237,10.7847,234.765,            27P    761
0.183563,10.7847,234.766,0.182047,10.7847,234.767,0.180513,           27P    762
10.7847,234.767,0.179195,10.7847,234.775,0.165083,10.7847,            27P    763
234.783,0.151177,10.7847,234.791,0.137251,10.7847,234.792,            27P    764
0.135735,10.7847,234.793,0.134329,10.7847,234.793,0.132853,           27P    765
10.7847,234.794,0.131547,10.7847,234.803,0.117754,10.7847,            27P    766
234.811,0.104279,10.7847,234.82,0.0909023,10.7847,234.821,            27P    767
0.0895447,10.7847,234.822,0.0882154,10.7847,234.823,0.086753,         27P    768
10.7847,234.824,0.0854405,10.7847,234.833,0.072102,10.7847,           27P    769
234.842,0.0591346,10.7847,234.852,0.0463295,10.7847,234.853,          27P    770
0.0450947,10.7847,234.854,0.0438622,10.7847,234.855,0.0424719,        27P    771
10.7847,234.856,0.0411867,10.7847,234.866,0.0283031,10.7847,          27P    772
234.876,0.0158866,10.7847,234.886,0.00366827,10.7847,234.887,         27P    773
0.00260873,10.7847,234.888,0.00148034,10.7847,234.889,                27P    774
0.000408805,10.7847,234.89,-0.000531797,10.7847,234.891,              27P    775
-0.00139258,10.7847,234.901,-0.0134916,10.7847,234.912,               27P    776
-0.0253596,10.7847,234.923,-0.0369756,10.7847,234.924,                27P    777
-0.0379037,10.7847,234.925,-0.0389461,10.7847,234.926,                27P    778
-0.0399754,10.7847,234.927,-0.0408925,10.7847,234.927,                27P    779
-0.0417348,10.7847,234.939,-0.0535524,10.7847,234.951,                27P    780
-0.0651194,10.7847,234.962,-0.0765531,10.7847,234.963,                27P    781
-0.0775142,10.7847,234.964,-0.0784853,10.7847,234.965,                27P    782
-0.0793764,10.7847,234.966,-0.0802155,10.7847,234.978,                27P    783
-0.0915708,10.7847,234.99,-0.102726,10.7847,235.002,-0.113715,        27P    784
10.7847,235.003,-0.114627,10.7847,235.005,-0.115556,10.7847,          27P    785
235.006,-0.116449,10.7847,235.006,-0.117267,10.7847,235.019,          27P    786
-0.128137,10.7847,235.031,-0.138836,10.7847,235.044,-0.149381,        27P    787
10.7847,235.045,-0.150326,10.7847,235.046,-0.151232,10.7847,          27P    788
235.047,-0.152097,10.7847,235.048,-0.152883,10.7847,235.061,          27P    789
-0.163614,10.7847,235.074,-0.174172,10.7847,235.087,-0.184584,        27P    790
10.7847,235.088,-0.185449,10.7847,235.089,-0.186301,10.7847,          27P    791
235.09,-0.187072,10.7847,235.104,-0.19723,10.7847,235.117,            27P    792
-0.207267,10.7847,235.131,-0.217166,10.7847,235.132,-0.218087,        27P    793
10.7847,235.133,-0.218915,10.7847,235.134,-0.219661,10.7847,          27P    794
235.148,-0.229416,10.7847,235.162,-0.238981,10.7847,235.176,          27P    795
-0.248418,10.7847,235.177,-0.249224,10.7847,235.178,-0.250027,        27P    796
10.7847,235.179,-0.250753,10.7847,235.19,-0.258352,10.7847,           27P    797
235.202,-0.265953,10.7847,235.214,-0.273558,10.7847,235.216,          27P    798
-0.274579,10.7847,235.217,-0.275453,10.7847,235.226,-0.281109,        27P    799
10.7847,235.235,-0.286664,10.7847,235.245,-0.292205,10.7847,          27P    800
235.246,-0.292959,10.7847,235.247,-0.293741,10.7847,235.248,          27P    801
-0.294432,10.7847,235.255,-0.29832,10.7847,235.261,-0.302103,         27P    802
10.7847,235.268,-0.305798,10.7847,235.269,-0.306529,10.7847,          27P    803
235.27,-0.307324,10.7847,235.272,-0.308145,10.7847,235.276,           27P    804
-0.310414,10.7847,235.279,-0.312416,10.7847,235.283,-0.314416,        27P    805
10.7847,235.283,-0.314622,10.7847,235.284,-0.315124,10.7847,          27P    806
235.285,-0.31542,10.7847,235.286,-0.315937,10.7847,235.286,           27P    807
-0.316158,10.7847,235.287,-0.316619,10.7847,235.287,-0.316861,        27P    808
10.7847,235.288,-0.317303,10.7847,235.289,-0.317493,10.7847,          27P    809
235.289,-0.317861,10.7847,235.29,-0.318262,10.7847,235.291,           27P    810
-0.318693,10.7847,235.293,-0.319,10.7847,235.294,-0.319192,           27P    811
10.7847,235.296,-0.319257,10.7847,235.297,-0.319117,10.7847,          27P    812
235.299,-0.318772,10.7847,235.3,-0.318287,10.7847,235.302,            27P    813
-0.317631,10.7847,235.303,-0.316781,10.7847,235.305,-0.315602,        27P    814
10.7847,235.306,-0.314195,10.7847,235.307,-0.312607,10.7847,          27P    815
235.308,-0.310982,10.7847,235.308,-0.30979,10.7847,235.308,           27P    816
-0.308513,10.7847,235.309,-0.30782,10.7847,235.309,-0.306293,         27P    817
10.7847,235.309,-0.305457,10.7847,235.309,-0.303998,10.7847,          27P    818
235.308,-0.303374,10.7847,235.308,-0.301799,10.7847,235.308,          27P    819
-0.300863,10.7847,235.307,-0.29925,10.7847,235.307,-0.298557,         27P    820
10.7847,235.306,-0.29715,10.7847,235.305,-0.296461,10.7847,           27P    821
235.304,-0.295404,10.7847,235.303,-0.294966,10.7847,235.302,          27P    822
-0.294331,10.7847,235.302,-0.293792,10.7847,235.3,-0.292994,          27P    823
10.7847,235.298,-0.291527,10.7847,235.296,-0.289963,10.7847,          27P    824
235.294,-0.288233,10.7847,235.292,-0.286852,10.7847,235.29,           27P    825
-0.285467,10.7847,235.286,-0.282344,10.7847,235.282,-0.279522,        27P    826
10.7847,235.279,-0.276845,10.7847,235.277,-0.275821,10.7847,          27P    827
235.276,-0.274674,10.7847,235.274,-0.27339,10.7847,235.272,           27P    828
-0.271673,10.7847,235.27,-0.269902,10.7847,235.263,-0.264401,         27P    829
10.7847,235.256,-0.259627,10.7847,235.251,-0.254968,10.7847,          27P    830
235.249,-0.253959,10.7847,235.248,-0.252816,10.7847,235.246,          27P    831
-0.251541,10.7847,235.245,-0.250363,10.7847,235.243,-0.249033,        27P    832
10.7847,235.241,-0.247694,10.7847,235.232,-0.240588,10.7847,          27P    833
235.224,-0.233677,10.7847,235.216,-0.226851,10.7847,235.215,          27P    834
-0.225839,10.7847,235.213,-0.224727,10.7847,235.212,-0.223477,        27P    835
10.7847,235.21,-0.222341,10.7847,235.209,-0.221037,10.7847,           27P    836
235.207,-0.219743,10.7847,235.196,-0.210149,10.7847,235.185,          27P    837
-0.200672,10.7847,235.174,-0.190615,10.7847,235.172,-0.189145,        27P    838
10.7847,235.17,-0.187533,10.7847,235.169,-0.186289,10.7847,           27P    839
235.167,-0.185046,10.7847,235.156,-0.174976,10.7847,235.145,          27P    840
-0.165008,10.7847,235.134,-0.154811,10.7847,235.133,-0.153758,        27P    841
10.7847,235.132,-0.152606,10.7847,235.131,-0.151549,10.7847,          27P    842
235.13,-0.150364,10.7847,235.128,-0.149197,10.7847,235.117,           27P    843
-0.138837,10.7847,235.107,-0.128409,10.7847,235.096,-0.117681,        27P    844
10.7847,235.095,-0.116509,10.7847,235.094,-0.115395,10.7847,          27P    845
235.093,-0.114415,10.7847,235.092,-0.113279,10.7847,235.091,          27P    846
-0.11218,10.7847,235.08,-0.101321,10.7847,235.069,-0.0903613,         27P    847
10.7847,235.059,-0.079184,10.7847,235.058,-0.078057,10.7847,          27P    848
235.057,-0.0770039,10.7847,235.056,-0.0760765,10.7847,235.055,        27P    849
-0.0750353,10.7847,235.054,-0.0740362,10.7847,235.043,                27P    850
-0.0627571,10.7847,235.033,-0.0513931,10.7847,235.023,                27P    851
-0.0394666,10.7847,235.021,-0.0381179,10.7847,235.02,-0.0368248,      27P    852
10.7847,235.019,-0.0356024,10.7847,235.009,-0.0234886,10.7847,        27P    853
234.998,-0.0111562,10.7847,234.988,0.0012511,10.7847,234.987,         27P    854
0.00249153,10.7847,234.986,0.00367261,10.7847,234.985,                27P    855
0.00480166,10.7847,234.974,0.0173508,10.7847,234.964,0.0300031,       27P    856
10.7847,234.954,0.0424704,10.7847,234.953,0.0435813,10.7847,          27P    857
234.952,0.0446433,10.7847,234.951,0.0458188,10.7847,234.941,          27P    858
0.0586468,10.7847,234.93,0.0715183,10.7847,234.92,0.0844251,          27P    859
10.7847,234.919,0.0856122,10.7847,234.918,0.0869179,10.7847,          27P    860
234.907,0.10037,10.7847,234.896,0.113845,10.7847,234.885,             27P    861
0.127331,10.7847,234.884,0.128433,10.7847,234.874,0.142044,           27P    862
10.7847,234.863,0.155827,10.7847,234.852,0.169728,10.7847,            27P    863
234.841,0.183837,10.7847,234.83,0.197873,10.7847,234.819,             27P    864
0.211845,10.7847,234.808,0.225903,10.7847,234.797,0.239947,           27P    865
10.7847,234.786,0.253975,10.7847,234.777,0.265981,10.7847,            27P    866
234.768,0.277969,10.7847,234.752,0.29912,10.7847,234.74,              27P    867
0.315913,10.7847,234.724,0.337144,10.7847,234.715,0.348976,           27P    868
10.7847,234.711,0.353711,10.7847,234.709,0.358612,10.8339,            27P    869
234.709,0.359293,10.8339,234.708,0.360102,10.8339,234.706,            27P    870
0.360864,10.8339,234.705,0.361227,10.8339,234.704,0.36139,            27P    871
10.8339,234.702,0.361383,10.8339,234.701,0.361142,10.8339,234.7,      27P    872
0.36079,10.8339,234.7,0.360399,10.8339,234.699,0.360124,10.8339,      27P    873
234.698,0.35955,10.8339,234.698,0.359263,10.8339,234.698,             27P    874
0.35867,10.8339,234.697,0.358367,10.8339,234.697,0.357762,            27P    875
10.8339,234.696,0.356887,10.8339,234.696,0.355891,10.8339,            27P    876
234.696,0.354685,10.8339,234.696,0.354146,10.8339,234.696,            27P    877
0.35312,10.8339,234.696,0.352607,10.8339,234.697,0.349778,            27P    878
10.8339,234.698,0.346646,10.8339,234.699,0.343138,10.8339,234.7,      27P    879
0.341684,10.8339,234.7,0.340081,10.8339,234.701,0.338327,             27P    880
10.8339,234.702,0.336455,10.8339,234.704,0.330172,10.8339,            27P    881
234.706,0.323661,10.8339,234.708,0.31728,10.8339,234.709,             27P    882
0.315873,10.8339,234.709,0.314321,10.8339,234.71,0.312592,            27P    883
10.8339,234.711,0.310715,10.8339,234.714,0.301504,10.8339,            27P    884
234.718,0.292084,10.8339,234.721,0.282857,10.8339,234.722,            27P    885
0.281512,10.8339,234.723,0.28027,10.8339,234.723,0.278868,            27P    886
10.8339,234.724,0.277473,10.8339,234.724,0.276156,10.8339,            27P    887
234.729,0.264247,10.8339,234.734,0.252111,10.8339,234.74,             27P    888
0.239957,10.8339,234.741,0.238124,10.8339,234.742,0.236477,           27P    889
10.8339,234.742,0.234879,10.8339,234.743,0.233552,10.8339,            27P    890
234.75,0.219006,10.8339,234.757,0.204749,10.8339,234.764,             27P    891
0.190397,10.8339,234.765,0.188725,10.8339,234.766,0.187211,           27P    892
10.8339,234.767,0.185678,10.8339,234.767,0.184361,10.8339,            27P    893
234.775,0.170248,10.8339,234.783,0.156382,10.8339,234.791,            27P    894
0.142443,10.8339,234.792,0.140925,10.8339,234.792,0.139517,           27P    895
10.8339,234.793,0.138038,10.8339,234.794,0.136729,10.8339,            27P    896
234.802,0.1229,10.8339,234.811,0.109442,10.8339,234.82,               27P    897
0.0960385,10.8339,234.821,0.0946778,10.8339,234.821,0.0933451,        27P    898
10.8339,234.822,0.0918785,10.8339,234.823,0.0905619,10.8339,          27P    899
234.832,0.0771772,10.8339,234.842,0.0642263,10.8339,234.851,          27P    900
0.0513707,10.8339,234.852,0.0501306,10.8339,234.853,0.0488922,        27P    901
10.8339,234.854,0.0474948,10.8339,234.855,0.0462023,10.8339,          27P    902
234.865,0.0332398,10.8339,234.875,0.0207377,10.8339,234.885,          27P    903
0.00838418,10.8339,234.886,0.00731265,10.8339,234.887,                27P    904
0.00617118,10.8339,234.888,0.00508681,10.8339,234.888,                27P    905
0.00413477,10.8339,234.889,0.0032692,10.8339,234.899,                 27P    906
-0.00898618,10.8339,234.91,-0.0210164,10.8339,234.921,                27P    907
-0.0328054,10.8339,234.922,-0.0337473,10.8339,234.923,                27P    908
-0.0348054,10.8339,234.924,-0.0358504,10.8339,234.924,                27P    909
-0.0367814,10.8339,234.925,-0.0376303,10.8339,234.936,                27P    910
-0.0496351,10.8339,234.948,-0.061397,10.8339,234.96,-0.0730311,       27P    911
10.8339,234.961,-0.0740091,10.8339,234.962,-0.0749973,10.8339,        27P    912
234.962,-0.0759042,10.8339,234.963,-0.0767517,10.8339,234.975,        27P    913
-0.0883139,10.8339,234.987,-0.099672,10.8339,234.999,-0.110866,       27P    914
10.8339,235.,-0.111795,10.8339,235.001,-0.112742,10.8339,             27P    915
235.002,-0.113652,10.8339,235.003,-0.114479,10.8339,235.015,          27P    916
-0.125559,10.8339,235.027,-0.136465,10.8339,235.039,-0.147212,        27P    917
10.8339,235.04,-0.148175,10.8339,235.041,-0.149098,10.8339,           27P    918
235.042,-0.149979,10.8339,235.043,-0.150774,10.8339,235.056,          27P    919
-0.161715,10.8339,235.069,-0.172469,10.8339,235.082,-0.183061,        27P    920
10.8339,235.083,-0.183942,10.8339,235.084,-0.184808,10.8339,          27P    921
235.085,-0.185586,10.8339,235.098,-0.195921,10.8339,235.112,          27P    922
-0.206114,10.8339,235.125,-0.216204,10.8339,235.126,-0.217144,        27P    923
10.8339,235.128,-0.217988,10.8339,235.129,-0.218743,10.8339,          27P    924
235.142,-0.228702,10.8339,235.156,-0.238506,10.8339,235.169,          27P    925
-0.248147,10.8339,235.171,-0.248971,10.8339,235.172,-0.24979,         27P    926
10.8339,235.173,-0.250527,10.8339,235.184,-0.258282,10.8339,          27P    927
235.196,-0.266016,10.8339,235.208,-0.273767,10.8339,235.209,          27P    928
-0.274809,10.8339,235.211,-0.275701,10.8339,235.22,-0.281475,         27P    929
10.8339,235.229,-0.28715,10.8339,235.238,-0.292795,10.8339,           27P    930
235.239,-0.293563,10.8339,235.24,-0.294359,10.8339,235.242,           27P    931
-0.295057,10.8339,235.248,-0.299011,10.8339,235.254,-0.302849,        27P    932
10.8339,235.261,-0.306607,10.8339,235.262,-0.30735,10.8339,           27P    933
235.263,-0.30816,10.8339,235.265,-0.308997,10.8339,235.269,           27P    934
-0.311315,10.8339,235.272,-0.313365,10.8339,235.276,-0.315413,        27P    935
10.8339,235.276,-0.315624,10.8339,235.277,-0.316138,10.8339,          27P    936
235.278,-0.316441,10.8339,235.279,-0.31697,10.8339,235.279,           27P    937
-0.31719,10.8339,235.28,-0.317651,10.8339,235.28,-0.317899,           27P    938
10.8339,235.281,-0.318357,10.8339,235.281,-0.318542,10.8339,          27P    939
235.282,-0.318875,10.8339,235.283,-0.319233,10.8339,235.284,          27P    940
-0.3196,10.8339,235.286,-0.319835,10.8339,235.287,-0.319953,          27P    941
10.8339,235.289,-0.319924,10.8339,235.29,-0.319682,10.8339,           27P    942
235.292,-0.319226,10.8339,235.293,-0.318647,10.8339,235.295,          27P    943
-0.317902,10.8339,235.296,-0.316963,10.8339,235.297,-0.315691,        27P    944
10.8339,235.298,-0.314199,10.8339,235.299,-0.312535,10.8339,          27P    945
235.3,-0.310856,10.8339,235.3,-0.309639,10.8339,235.301,              27P    946
-0.308343,10.8339,235.301,-0.307643,10.8339,235.301,-0.306112,        27P    947
10.8339,235.301,-0.305282,10.8339,235.3,-0.303847,10.8339,235.3,      27P    948
-0.303238,10.8339,235.3,-0.301699,10.8339,235.299,-0.300788,          27P    949
10.8339,235.298,-0.299247,10.8339,235.298,-0.298591,10.8339,          27P    950
235.297,-0.297259,10.8339,235.296,-0.29663,10.8339,235.295,           27P    951
-0.295717,10.8339,235.294,-0.295307,10.8339,235.293,-0.294651,        27P    952
10.8339,235.293,-0.294094,10.8339,235.292,-0.293269,10.8339,          27P    953
235.29,-0.291752,10.8339,235.288,-0.290135,10.8339,235.285,           27P    954
-0.288345,10.8339,235.283,-0.286916,10.8339,235.282,-0.285483,        27P    955
10.8339,235.278,-0.282249,10.8339,235.274,-0.279325,10.8339,          27P    956
235.27,-0.276551,10.8339,235.269,-0.275491,10.8339,235.268,           27P    957
-0.274303,10.8339,235.266,-0.272974,10.8339,235.264,-0.271196,        27P    958
10.8339,235.262,-0.269364,10.8339,235.255,-0.263678,10.8339,          27P    959
235.249,-0.25875,10.8339,235.243,-0.253946,10.8339,235.242,           27P    960
-0.252905,10.8339,235.24,-0.251726,10.8339,235.239,-0.250411,         27P    961
10.8339,235.237,-0.249197,10.8339,235.236,-0.247825,10.8339,          27P    962
235.234,-0.246444,10.8339,235.225,-0.239117,10.8339,235.217,          27P    963
-0.231994,10.8339,235.209,-0.224971,10.8339,235.208,-0.223929,        27P    964
10.8339,235.206,-0.222786,10.8339,235.205,-0.221501,10.8339,          27P    965
235.204,-0.220332,10.8339,235.202,-0.218993,10.8339,235.201,          27P    966
-0.217663,10.8339,235.189,-0.20781,10.8339,235.179,-0.198111,         27P    967
10.8339,235.168,-0.187853,10.8339,235.166,-0.186354,10.8339,          27P    968
235.164,-0.184711,10.8339,235.163,-0.183444,10.8339,235.161,          27P    969
-0.182179,10.8339,235.15,-0.171926,10.8339,235.14,-0.161814,          27P    970
10.8339,235.129,-0.151468,10.8339,235.128,-0.150399,10.8339,          27P    971
235.127,-0.149231,10.8339,235.126,-0.148158,10.8339,235.124,          27P    972
-0.146956,10.8339,235.123,-0.14577,10.8339,235.112,-0.135256,         27P    973
10.8339,235.102,-0.124659,10.8339,235.091,-0.113792,10.8339,          27P    974
235.09,-0.112604,10.8339,235.089,-0.111476,10.8339,235.088,           27P    975
-0.110484,10.8339,235.087,-0.109334,10.8339,235.086,-0.108222,        27P    976
10.8339,235.075,-0.0972387,10.8339,235.065,-0.0861963,10.8339,        27P    977
235.055,-0.0750075,10.8339,235.054,-0.0738799,10.8339,235.053,        27P    978
-0.0728266,10.8339,235.052,-0.0718995,10.8339,235.051,                27P    979
-0.0708591,10.8339,235.05,-0.0698612,10.8339,235.04,-0.0586022,       27P    980
10.8339,235.029,-0.047247,10.8339,235.019,-0.0353237,10.8339,         27P    981
235.018,-0.0339753,10.8339,235.017,-0.0326823,10.8339,235.016,        27P    982
-0.0314583,10.8339,235.005,-0.0193474,10.8339,234.995,                27P    983
-0.00701056,10.8339,234.984,0.00540244,10.8339,234.983,               27P    984
0.00664344,10.8339,234.982,0.0078252,10.8339,234.981,0.00895632,      27P    985
10.8339,234.971,0.0215182,10.8339,234.961,0.0341768,10.8339,          27P    986
234.951,0.0466718,10.8339,234.95,0.0477852,10.8339,234.949,           27P    987
0.04885,10.8339,234.948,0.0500285,10.8339,234.937,0.0628601,          27P    988
10.8339,234.927,0.075791,10.8339,234.917,0.0887106,10.8339,           27P    989
234.916,0.0898986,10.8339,234.915,0.0912049,10.8339,234.904,          27P    990
0.10466,10.8339,234.893,0.118116,10.8339,234.882,0.131644,            27P    991
10.8339,234.882,0.13275,10.8339,234.871,0.146412,10.8339,234.86,      27P    992
0.160327,10.8339,234.849,0.174295,10.8339,234.838,0.188469,           27P    993
10.8339,234.827,0.202516,10.8339,234.816,0.216488,10.8339,            27P    994
234.805,0.230545,10.8339,234.795,0.244594,10.8339,234.784,            27P    995
0.258655,10.8339,234.775,0.27069,10.8339,234.766,0.282724,            27P    996
10.8339,234.75,0.303907,10.8339,234.737,0.320695,10.8339,             27P    997
234.722,0.342044,10.8339,234.713,0.353883,10.8339,234.709,            27P    998
0.358612,10.8339,234.706,0.364558,10.9098,234.705,0.365207,           27P    999
10.9098,234.704,0.36604,10.9098,234.703,0.366878,10.9098,             27P   1000
234.702,0.367295,10.9098,234.701,0.367481,10.9098,234.699,            27P   1001
0.367466,10.9098,234.698,0.367169,10.9098,234.697,0.366733,           27P   1002
10.9098,234.696,0.366237,10.9098,234.695,0.365879,10.9098,            27P   1003
234.695,0.36511,10.9098,234.694,0.364718,10.9098,234.694,             27P   1004
0.363889,10.9098,234.694,0.363457,10.9098,234.693,0.362573,           27P   1005
10.9098,234.693,0.361271,10.9098,234.693,0.360024,10.9098,            27P   1006
234.693,0.358687,10.9098,234.693,0.358146,10.9098,234.694,            27P   1007
0.357191,10.9098,234.694,0.356867,10.9098,234.695,0.354005,           27P   1008
10.9098,234.696,0.350868,10.9098,234.697,0.34737,10.9098,             27P   1009
234.698,0.345921,10.9098,234.699,0.344324,10.9098,234.699,            27P   1010
0.342574,10.9098,234.7,0.340704,10.9098,234.702,0.334413,             27P   1011
10.9098,234.705,0.328026,10.9098,234.707,0.321779,10.9098,            27P   1012
234.708,0.320402,10.9098,234.708,0.318883,10.9098,234.709,            27P   1013
0.317189,10.9098,234.71,0.315348,10.9098,234.713,0.306334,            27P   1014
10.9098,234.717,0.297275,10.9098,234.721,0.288458,10.9098,            27P   1015
234.721,0.287174,10.9098,234.722,0.285988,10.9098,234.723,            27P   1016
0.284651,10.9098,234.723,0.28332,10.9098,234.724,0.282064,            27P   1017
10.9098,234.729,0.270725,10.9098,234.734,0.25896,10.9098,             27P   1018
234.739,0.247278,10.9098,234.74,0.245518,10.9098,234.741,             27P   1019
0.243938,10.9098,234.742,0.242409,10.9098,234.742,0.24114,            27P   1020
10.9098,234.749,0.227241,10.9098,234.756,0.212881,10.9098,            27P   1021
234.764,0.198744,10.9098,234.765,0.197101,10.9098,234.766,            27P   1022
0.195616,10.9098,234.766,0.194117,10.9098,234.767,0.192832,           27P   1023
10.9098,234.775,0.179092,10.9098,234.783,0.165008,10.9098,            27P   1024
234.791,0.151216,10.9098,234.792,0.149718,10.9098,234.793,            27P   1025
0.148331,10.9098,234.793,0.146879,10.9098,234.794,0.145597,           27P   1026
10.9098,234.802,0.132088,10.9098,234.811,0.118338,10.9098,            27P   1027
234.82,0.104994,10.9098,234.821,0.103642,10.9098,234.821,             27P   1028
0.10232,10.9098,234.822,0.10087,10.9098,234.823,0.0995719,            27P   1029
10.9098,234.832,0.0864088,10.9098,234.841,0.0730304,10.9098,          27P   1030
234.851,0.0599652,10.9098,234.852,0.0587064,10.9098,234.852,          27P   1031
0.0574511,10.9098,234.854,0.0560369,10.9098,234.854,0.0547316,        27P   1032
10.9098,234.864,0.0416628,10.9098,234.874,0.0286524,10.9098,          27P   1033
234.884,0.0160738,10.9098,234.885,0.0149842,10.9098,234.886,          27P   1034
0.0138254,10.9098,234.887,0.012727,10.9098,234.887,0.0117639,         27P   1035
10.9098,234.888,0.0108592,10.9098,234.898,-0.00149253,10.9098,        27P   1036
234.909,-0.0136752,10.9098,234.919,-0.0256809,10.9098,234.92,         27P   1037
-0.0266405,10.9098,234.921,-0.0277187,10.9098,234.922,                27P   1038
-0.0287836,10.9098,234.923,-0.0297329,10.9098,234.923,                27P   1039
-0.0306313,10.9098,234.934,-0.0428492,10.9098,234.945,                27P   1040
-0.0549201,10.9098,234.956,-0.0668771,10.9098,234.957,                27P   1041
-0.0678823,10.9098,234.958,-0.0688978,10.9098,234.959,-0.06983,       27P   1042
10.9098,234.96,-0.0707341,10.9098,234.971,-0.0825894,10.9098,         27P   1043
234.983,-0.0942673,10.9098,234.994,-0.105738,10.9098,234.995,         27P   1044
-0.10669,10.9098,234.996,-0.107659,10.9098,234.997,-0.108591,         27P   1045
10.9098,234.998,-0.10947,10.9098,235.01,-0.120779,10.9098,            27P   1046
235.022,-0.131901,10.9098,235.034,-0.142925,10.9098,235.035,          27P   1047
-0.143913,10.9098,235.036,-0.14486,10.9098,235.037,-0.145765,         27P   1048
10.9098,235.038,-0.146616,10.9098,235.05,-0.157827,10.9098,           27P   1049
235.063,-0.168953,10.9098,235.076,-0.179954,10.9098,235.077,          27P   1050
-0.180869,10.9098,235.078,-0.181769,10.9098,235.079,-0.18261,         27P   1051
10.9098,235.091,-0.193326,10.9098,235.104,-0.203957,10.9098,          27P   1052
235.117,-0.214406,10.9098,235.119,-0.215378,10.9098,235.12,           27P   1053
-0.216251,10.9098,235.121,-0.21706,10.9098,235.134,-0.227321,         27P   1054
10.9098,235.147,-0.237363,10.9098,235.161,-0.247341,10.9098,          27P   1055
235.162,-0.248195,10.9098,235.163,-0.249044,10.9098,235.164,          27P   1056
-0.249837,10.9098,235.175,-0.257891,10.9098,235.186,-0.265997,        27P   1057
10.9098,235.198,-0.274127,10.9098,235.2,-0.27522,10.9098,             27P   1058
235.201,-0.276149,10.9098,235.21,-0.282177,10.9098,235.218,           27P   1059
-0.288124,10.9098,235.227,-0.294056,10.9098,235.229,-0.294863,        27P   1060
10.9098,235.23,-0.2957,10.9098,235.231,-0.296466,10.9098,             27P   1061
235.237,-0.300632,10.9098,235.244,-0.304682,10.9098,235.25,           27P   1062
-0.308641,10.9098,235.251,-0.309424,10.9098,235.252,-0.310277,        27P   1063
10.9098,235.254,-0.311151,10.9098,235.258,-0.313565,10.9098,          27P   1064
235.261,-0.315694,10.9098,235.264,-0.317833,10.9098,235.265,          27P   1065
-0.318054,10.9098,235.266,-0.318591,10.9098,235.266,-0.318909,        27P   1066
10.9098,235.267,-0.319468,10.9098,235.268,-0.319733,10.9098,          27P   1067
235.268,-0.320272,10.9098,235.269,-0.32051,10.9098,235.27,            27P   1068
-0.320877,10.9098,235.27,-0.321025,10.9098,235.271,-0.321293,         27P   1069
10.9098,235.272,-0.32157,10.9098,235.273,-0.321813,10.9098,           27P   1070
235.274,-0.321916,10.9098,235.276,-0.321895,10.9098,235.277,          27P   1071
-0.321693,10.9098,235.279,-0.321247,10.9098,235.28,-0.32061,          27P   1072
10.9098,235.282,-0.319877,10.9098,235.283,-0.318983,10.9098,          27P   1073
235.284,-0.3179,10.9098,235.285,-0.316476,10.9098,235.286,            27P   1074
-0.314845,10.9098,235.287,-0.313077,10.9098,235.287,-0.311327,        27P   1075
10.9098,235.288,-0.310078,10.9098,235.288,-0.308762,10.9098,          27P   1076
235.288,-0.30806,10.9098,235.287,-0.306527,10.9098,235.287,           27P   1077
-0.305695,10.9098,235.287,-0.304263,10.9098,235.287,-0.303654,        27P   1078
10.9098,235.286,-0.302198,10.9098,235.285,-0.301381,10.9098,          27P   1079
235.284,-0.299999,10.9098,235.284,-0.299441,10.9098,235.282,          27P   1080
-0.298435,10.9098,235.282,-0.297869,10.9098,235.28,-0.29681,          27P   1081
10.9098,235.28,-0.296352,10.9098,235.279,-0.295653,10.9098,           27P   1082
235.278,-0.295059,10.9098,235.277,-0.294181,10.9098,235.276,          27P   1083
-0.292567,10.9098,235.274,-0.290849,10.9098,235.271,-0.288954,        27P   1084
10.9098,235.27,-0.287444,10.9098,235.268,-0.285932,10.9098,           27P   1085
235.264,-0.282528,10.9098,235.26,-0.279466,10.9098,235.257,           27P   1086
-0.276564,10.9098,235.256,-0.275454,10.9098,235.254,-0.274211,        27P   1087
10.9098,235.253,-0.27282,10.9098,235.251,-0.270959,10.9098,           27P   1088
235.249,-0.269039,10.9098,235.242,-0.263072,10.9098,235.236,          27P   1089
-0.257882,10.9098,235.231,-0.252835,10.9098,235.229,-0.251742,        27P   1090
10.9098,235.228,-0.250505,10.9098,235.227,-0.249126,10.9098,          27P   1091
235.225,-0.247855,10.9098,235.224,-0.246419,10.9098,235.222,          27P   1092
-0.244976,10.9098,235.214,-0.237326,10.9098,235.206,-0.229949,        27P   1093
10.9098,235.198,-0.222691,10.9098,235.197,-0.221616,10.9098,          27P   1094
235.195,-0.220434,10.9098,235.194,-0.219107,10.9098,235.193,          27P   1095
-0.2179,10.9098,235.191,-0.216517,10.9098,235.19,-0.215144,           27P   1096
10.9098,235.179,-0.204969,10.9098,235.169,-0.194956,10.9098,          27P   1097
235.158,-0.184362,10.9098,235.156,-0.182814,10.9098,235.155,          27P   1098
-0.181117,10.9098,235.153,-0.179808,10.9098,235.152,-0.178501,        27P   1099
10.9098,235.141,-0.167908,10.9098,235.131,-0.157458,10.9098,          27P   1100
235.121,-0.146839,10.9098,235.12,-0.145743,10.9098,235.118,           27P   1101
-0.144545,10.9098,235.117,-0.143446,10.9098,235.116,-0.142215,        27P   1102
10.9098,235.115,-0.141002,10.9098,235.105,-0.130249,10.9098,          27P   1103
235.094,-0.1195,10.9098,235.084,-0.108482,10.9098,235.083,            27P   1104
-0.107278,10.9098,235.082,-0.106134,10.9098,235.081,-0.105129,        27P   1105
10.9098,235.08,-0.103963,10.9098,235.079,-0.102835,10.9098,           27P   1106
235.068,-0.0916965,10.9098,235.058,-0.0804896,10.9098,235.048,        27P   1107
-0.0690314,10.9098,235.047,-0.0678759,10.9098,235.046,                27P   1108
-0.0667964,10.9098,235.045,-0.0658451,10.9098,235.044,                27P   1109
-0.0647769,10.9098,235.043,-0.0637517,10.9098,235.033,-0.052167,      27P   1110
10.9098,235.023,-0.040554,10.9098,235.012,-0.0284372,10.9098,         27P   1111
235.011,-0.0270677,10.9098,235.01,-0.0257559,10.9098,235.009,         27P   1112
-0.0245234,10.9098,234.999,-0.0122328,10.9098,234.988,                27P   1113
0.000187555,10.9098,234.978,0.0126304,10.9098,234.977,0.013874,       27P   1114
10.9098,234.976,0.0150571,10.9098,234.975,0.0161821,10.9098,          27P   1115
234.965,0.028725,10.9098,234.955,0.0413533,10.9098,234.945,           27P   1116
0.0537942,10.9098,234.944,0.0549027,10.9098,234.943,0.055962,         27P   1117
10.9098,234.942,0.0571351,10.9098,234.932,0.0700628,10.9098,          27P   1118
234.921,0.0829179,10.9098,234.911,0.0958743,10.9098,234.91,           27P   1119
0.0970664,10.9098,234.909,0.0983776,10.9098,234.898,0.111898,         27P   1120
10.9098,234.888,0.125349,10.9098,234.877,0.138605,10.9098,            27P   1121
234.876,0.139688,10.9098,234.866,0.153029,10.9098,234.855,            27P   1122
0.166422,10.9098,234.845,0.18013,10.9098,234.834,0.194059,            27P   1123
10.9098,234.823,0.208062,10.9098,234.812,0.222092,10.9098,            27P   1124
234.802,0.236211,10.9098,234.791,0.250348,10.9098,234.78,             27P   1125
0.264449,10.9098,234.771,0.276517,10.9098,234.762,0.288575,           27P   1126
10.9098,234.746,0.309809,10.9098,234.734,0.326644,10.9098,            27P   1127
234.718,0.347934,10.9098,234.709,0.359794,10.9098,234.706,            27P   1128
0.364558,10.9098,234.711,0.37498,10.9882,234.71,0.375608,             27P   1129
10.9882,234.709,0.37646,10.9882,234.708,0.37732,10.9882,234.706,      27P   1130
0.377727,10.9882,234.705,0.377847,10.9882,234.704,0.377723,           27P   1131
10.9882,234.702,0.377285,10.9882,234.702,0.37674,10.9882,             27P   1132
234.701,0.376183,10.9882,234.7,0.375822,10.9882,234.7,0.375119,       27P   1133
10.9882,234.7,0.374785,10.9882,234.699,0.374125,10.9882,234.699,      27P   1134
0.373802,10.9882,234.699,0.373191,10.9882,234.699,0.372341,           27P   1135
10.9882,234.699,0.371405,10.9882,234.699,0.37022,10.9882,             27P   1136
234.699,0.36967,10.9882,234.699,0.368662,10.9882,234.699,             27P   1137
0.367708,10.9882,234.7,0.36489,10.9882,234.702,0.361775,10.9882,      27P   1138
234.703,0.358326,10.9882,234.703,0.356904,10.9882,234.704,            27P   1139
0.355341,10.9882,234.705,0.353642,10.9882,234.705,0.351845,           27P   1140
10.9882,234.707,0.345853,10.9882,234.71,0.339283,10.9882,             27P   1141
234.713,0.332878,10.9882,234.713,0.331469,10.9882,234.714,            27P   1142
0.329918,10.9882,234.714,0.328199,10.9882,234.715,0.326346,           27P   1143
10.9882,234.719,0.31722,10.9882,234.723,0.307697,10.9882,             27P   1144
234.727,0.298545,10.9882,234.727,0.297214,10.9882,234.728,            27P   1145
0.295988,10.9882,234.728,0.294607,10.9882,234.729,0.293238,           27P   1146
10.9882,234.729,0.291948,10.9882,234.734,0.280286,10.9882,            27P   1147
234.74,0.268396,10.9882,234.745,0.256477,10.9882,234.746,             27P   1148
0.25468,10.9882,234.747,0.253064,10.9882,234.748,0.251494,            27P   1149
10.9882,234.748,0.250193,10.9882,234.755,0.235924,10.9882,            27P   1150
234.762,0.221812,10.9882,234.769,0.207524,10.9882,234.77,             27P   1151
0.205859,10.9882,234.771,0.204349,10.9882,234.772,0.20282,            27P   1152
10.9882,234.772,0.201506,10.9882,234.78,0.187429,10.9882,             27P   1153
234.787,0.173579,10.9882,234.795,0.159604,10.9882,234.796,            27P   1154
0.158082,10.9882,234.797,0.156669,10.9882,234.798,0.155184,           27P   1155
10.9882,234.798,0.15387,10.9882,234.807,0.139976,10.9882,             27P   1156
234.815,0.126452,10.9882,234.823,0.112873,10.9882,234.824,            27P   1157
0.111494,10.9882,234.825,0.110143,10.9882,234.826,0.108653,           27P   1158
10.9882,234.827,0.107315,10.9882,234.835,0.0937128,10.9882,           27P   1159
234.844,0.0804783,10.9882,234.853,0.0673106,10.9882,234.854,          27P   1160
0.0660401,10.9882,234.855,0.0647713,10.9882,234.856,0.0633393,        27P   1161
10.9882,234.857,0.0620147,10.9882,234.866,0.0487392,10.9882,          27P   1162
234.875,0.0359309,10.9882,234.884,0.0231664,10.9882,234.885,          27P   1163
0.0220586,10.9882,234.886,0.0208779,10.9882,234.887,0.0197542,        27P   1164
10.9882,234.888,0.0187683,10.9882,234.888,0.0179533,10.9882,          27P   1165
234.898,0.00516989,10.9882,234.908,-0.00741706,10.9882,234.918,       27P   1166
-0.0198095,10.9882,234.919,-0.0207999,10.9882,234.92,-0.0219127,      27P   1167
10.9882,234.92,-0.0230133,10.9882,234.921,-0.0239931,10.9882,         27P   1168
234.922,-0.0247992,10.9882,234.932,-0.0375229,10.9882,234.943,        27P   1169
-0.0499758,10.9882,234.954,-0.0622942,10.9882,234.955,                27P   1170
-0.0633298,10.9882,234.955,-0.0643772,10.9882,234.956,                27P   1171
-0.0653374,10.9882,234.957,-0.0661464,10.9882,234.968,                27P   1172
-0.0784721,10.9882,234.979,-0.0905079,10.9882,234.99,-0.102414,       27P   1173
10.9882,234.991,-0.103402,10.9882,234.992,-0.104411,10.9882,          27P   1174
234.993,-0.105379,10.9882,234.994,-0.106173,10.9882,235.005,          27P   1175
-0.11806,10.9882,235.016,-0.129731,10.9882,235.028,-0.141202,         27P   1176
10.9882,235.029,-0.14223,10.9882,235.03,-0.143215,10.9882,            27P   1177
235.031,-0.144155,10.9882,235.032,-0.144911,10.9882,235.044,          27P   1178
-0.156666,10.9882,235.056,-0.168114,10.9882,235.068,-0.17947,         27P   1179
10.9882,235.069,-0.180415,10.9882,235.07,-0.181344,10.9882,           27P   1180
235.071,-0.182092,10.9882,235.084,-0.193268,10.9882,235.096,          27P   1181
-0.204316,10.9882,235.109,-0.215248,10.9882,235.11,-0.216266,         27P   1182
10.9882,235.111,-0.21718,10.9882,235.112,-0.217924,10.9882,           27P   1183
235.125,-0.228792,10.9882,235.138,-0.239403,10.9882,235.151,          27P   1184
-0.249868,10.9882,235.152,-0.250762,10.9882,235.153,-0.251651,        27P   1185
10.9882,235.154,-0.252371,10.9882,235.165,-0.26078,10.9882,           27P   1186
235.176,-0.269209,10.9882,235.187,-0.277642,10.9882,235.188,          27P   1187
-0.278776,10.9882,235.19,-0.279762,10.9882,235.198,-0.286119,         27P   1188
10.9882,235.207,-0.29229,10.9882,235.216,-0.298482,10.9882,           27P   1189
235.217,-0.299326,10.9882,235.218,-0.300201,10.9882,235.219,          27P   1190
-0.300887,10.9882,235.225,-0.305227,10.9882,235.231,-0.309486,        27P   1191
10.9882,235.238,-0.313653,10.9882,235.239,-0.314477,10.9882,          27P   1192
235.24,-0.315374,10.9882,235.241,-0.316319,10.9882,235.245,           27P   1193
-0.318951,10.9882,235.249,-0.321279,10.9882,235.252,-0.323567,        27P   1194
10.9882,235.253,-0.323803,10.9882,235.253,-0.324376,10.9882,          27P   1195
235.254,-0.324709,10.9882,235.255,-0.325282,10.9882,235.255,          27P   1196
-0.325433,10.9882,235.256,-0.325796,10.9882,235.256,-0.325993,        27P   1197
10.9882,235.257,-0.326305,10.9882,235.257,-0.326427,10.9882,          27P   1198
235.258,-0.326637,10.9882,235.259,-0.326844,10.9882,235.261,          27P   1199
-0.326987,10.9882,235.262,-0.32698,10.9882,235.263,-0.326845,         27P   1200
10.9882,235.265,-0.326495,10.9882,235.266,-0.325914,10.9882,          27P   1201
235.268,-0.32515,10.9882,235.269,-0.324305,10.9882,235.27,            27P   1202
-0.323306,10.9882,235.271,-0.322117,10.9882,235.272,-0.320572,        27P   1203
10.9882,235.273,-0.318838,10.9882,235.274,-0.317003,10.9882,          27P   1204
235.274,-0.315219,10.9882,235.274,-0.31398,10.9882,235.274,           27P   1205
-0.312672,10.9882,235.274,-0.311974,10.9882,235.273,-0.310512,        27P   1206
10.9882,235.273,-0.309761,10.9882,235.272,-0.308545,10.9882,          27P   1207
235.272,-0.308063,10.9882,235.271,-0.306715,10.9882,235.271,          27P   1208
-0.305885,10.9882,235.269,-0.304702,10.9882,235.268,-0.304194,        27P   1209
10.9882,235.267,-0.303041,10.9882,235.267,-0.302427,10.9882,          27P   1210
235.265,-0.301354,10.9882,235.265,-0.300886,10.9882,235.264,          27P   1211
-0.300161,10.9882,235.263,-0.299546,10.9882,235.262,-0.298635,        27P   1212
10.9882,235.261,-0.296961,10.9882,235.259,-0.295177,10.9882,          27P   1213
235.257,-0.293202,10.9882,235.255,-0.291625,10.9882,235.253,          27P   1214
-0.290044,10.9882,235.25,-0.286479,10.9882,235.246,-0.283265,         27P   1215
10.9882,235.243,-0.280228,10.9882,235.242,-0.279068,10.9882,          27P   1216
235.24,-0.277771,10.9882,235.239,-0.27632,10.9882,235.237,            27P   1217
-0.274384,10.9882,235.235,-0.272393,10.9882,235.228,-0.266225,        27P   1218
10.9882,235.223,-0.260907,10.9882,235.217,-0.255727,10.9882,          27P   1219
235.216,-0.254605,10.9882,235.215,-0.253334,10.9882,235.213,          27P   1220
-0.251916,10.9882,235.212,-0.250607,10.9882,235.21,-0.249127,         27P   1221
10.9882,235.209,-0.247639,10.9882,235.201,-0.239736,10.9882,          27P   1222
235.193,-0.232057,10.9882,235.186,-0.224514,10.9882,235.185,          27P   1223
-0.223397,10.9882,235.183,-0.22217,10.9882,235.182,-0.220791,         27P   1224
10.9882,235.181,-0.219539,10.9882,235.179,-0.218104,10.9882,          27P   1225
235.178,-0.21668,10.9882,235.168,-0.206134,10.9882,235.157,           27P   1226
-0.195809,10.9882,235.147,-0.184914,10.9882,235.146,-0.183323,        27P   1227
10.9882,235.144,-0.181579,10.9882,235.143,-0.180234,10.9882,          27P   1228
235.141,-0.178891,10.9882,235.131,-0.168012,10.9882,235.121,          27P   1229
-0.157302,10.9882,235.111,-0.146407,10.9882,235.11,-0.145283,         27P   1230
10.9882,235.109,-0.144054,10.9882,235.108,-0.142926,10.9882,          27P   1231
235.107,-0.141662,10.9882,235.105,-0.140417,10.9882,235.095,          27P   1232
-0.129379,10.9882,235.085,-0.118325,10.9882,235.075,-0.107022,        27P   1233
10.9882,235.074,-0.105787,10.9882,235.073,-0.104612,10.9882,          27P   1234
235.072,-0.103581,10.9882,235.071,-0.102386,10.9882,235.07,           27P   1235
-0.10123,10.9882,235.06,-0.0898217,10.9882,235.051,-0.0783774,        27P   1236
10.9882,235.041,-0.0667203,10.9882,235.04,-0.065545,10.9882,          27P   1237
235.039,-0.0644449,10.9882,235.038,-0.0634779,10.9882,235.037,        27P   1238
-0.0623922,10.9882,235.036,-0.0613505,10.9882,235.026,                27P   1239
-0.0496164,10.9882,235.016,-0.0378163,10.9882,235.006,                27P   1240
-0.0254979,10.9882,235.005,-0.0241055,10.9882,235.004,                27P   1241
-0.0227694,10.9882,235.003,-0.0214808,10.9882,234.993,                27P   1242
-0.00901368,10.9882,234.983,0.00361665,10.9882,234.973,               27P   1243
0.0162792,10.9882,234.972,0.0175448,10.9882,234.971,0.0187515,        27P   1244
10.9882,234.97,0.019926,10.9882,234.96,0.0328236,10.9882,234.95,      27P   1245
0.0456942,10.9882,234.941,0.0583497,10.9882,234.94,0.0594773,         27P   1246
10.9882,234.939,0.0605567,10.9882,234.938,0.0617496,10.9882,          27P   1247
234.928,0.0743065,10.9882,234.918,0.0873186,10.9882,234.909,          27P   1248
0.100309,10.9882,234.908,0.101503,10.9882,234.907,0.102818,           27P   1249
10.9882,234.896,0.116339,10.9882,234.886,0.130429,10.9882,            27P   1250
234.876,0.14424,10.9882,234.875,0.145367,10.9882,234.864,             27P   1251
0.159316,10.9882,234.854,0.173672,10.9882,234.843,0.187856,           27P   1252
10.9882,234.833,0.202233,10.9882,234.822,0.216498,10.9882,            27P   1253
234.812,0.230528,10.9882,234.802,0.244637,10.9882,234.792,            27P   1254
0.258762,10.9882,234.782,0.272974,10.9882,234.773,0.285143,           27P   1255
10.9882,234.765,0.297285,10.9882,234.749,0.318868,10.9882,            27P   1256
234.737,0.336109,10.9882,234.722,0.358016,10.9882,234.714,            27P   1257
0.370157,10.9882,234.711,0.37498,10.9882,234.712,0.38189,             27P   1258
11.0656,234.712,0.382513,11.0656,234.711,0.383345,11.0656,            27P   1259
234.709,0.384183,11.0656,234.708,0.384586,11.0656,234.707,            27P   1260
0.384722,11.0656,234.706,0.384603,11.0656,234.704,0.384117,           27P   1261
11.0656,234.703,0.38347,11.0656,234.702,0.382794,11.0656,             27P   1262
234.702,0.382346,11.0656,234.701,0.381459,11.0656,234.701,            27P   1263
0.381032,11.0656,234.701,0.380181,11.0656,234.701,0.379755,           27P   1264
11.0656,234.701,0.37892,11.0656,234.701,0.37774,11.0656,234.701,      27P   1265
0.37651,11.0656,234.701,0.375345,11.0656,234.702,0.374938,            27P   1266
11.0656,234.702,0.374073,11.0656,234.702,0.373741,11.0656,            27P   1267
234.703,0.370873,11.0656,234.704,0.36775,11.0656,234.706,             27P   1268
0.364283,11.0656,234.706,0.362849,11.0656,234.707,0.361268,           27P   1269
11.0656,234.708,0.359537,11.0656,234.708,0.357687,11.0656,            27P   1270
234.711,0.351458,11.0656,234.713,0.345125,11.0656,234.716,            27P   1271
0.33892,11.0656,234.716,0.337551,11.0656,234.717,0.336041,            27P   1272
11.0656,234.718,0.334358,11.0656,234.718,0.332526,11.0656,            27P   1273
234.722,0.323892,11.0656,234.726,0.314911,11.0656,234.729,            27P   1274
0.306029,11.0656,234.73,0.304733,11.0656,234.731,0.303536,            27P   1275
11.0656,234.731,0.302183,11.0656,234.732,0.300835,11.0656,            27P   1276
234.732,0.299562,11.0656,234.737,0.288071,11.0656,234.743,            27P   1277
0.276297,11.0656,234.748,0.264489,11.0656,234.749,0.262708,           27P   1278
11.0656,234.75,0.261108,11.0656,234.751,0.259564,11.0656,             27P   1279
234.751,0.258275,11.0656,234.758,0.244127,11.0656,234.765,            27P   1280
0.229935,11.0656,234.772,0.215666,11.0656,234.773,0.214004,           27P   1281
11.0656,234.774,0.212499,11.0656,234.775,0.210984,11.0656,            27P   1282
234.775,0.209675,11.0656,234.782,0.19566,11.0656,234.79,              27P   1283
0.181729,11.0656,234.798,0.167742,11.0656,234.799,0.166218,           27P   1284
11.0656,234.799,0.164806,11.0656,234.8,0.163331,11.0656,234.801,      27P   1285
0.162019,11.0656,234.809,0.148188,11.0656,234.817,0.134496,           27P   1286
11.0656,234.825,0.120853,11.0656,234.826,0.119468,11.0656,            27P   1287
234.827,0.118112,11.0656,234.828,0.116626,11.0656,234.829,            27P   1288
0.115286,11.0656,234.837,0.101673,11.0656,234.845,0.08827,            27P   1289
11.0656,234.854,0.074944,11.0656,234.855,0.0736584,11.0656,           27P   1290
234.856,0.0723748,11.0656,234.857,0.0709261,11.0656,234.858,          27P   1291
0.0695863,11.0656,234.867,0.0561061,11.0656,234.876,0.0429826,        27P   1292
11.0656,234.885,0.0299954,11.0656,234.886,0.0288688,11.0656,          27P   1293
234.887,0.0276688,11.0656,234.887,0.0265339,11.0656,234.888,          27P   1294
0.0255328,11.0656,234.889,0.0243005,11.0656,234.898,0.011726,         27P   1295
11.0656,234.907,-0.000998256,11.0656,234.917,-0.0135998,11.0656,      27P   1296
234.918,-0.0146072,11.0656,234.919,-0.0157393,11.0656,234.92,         27P   1297
-0.0168538,11.0656,234.92,-0.017851,11.0656,234.921,-0.0191057,       27P   1298
11.0656,234.931,-0.0316452,11.0656,234.941,-0.0443365,11.0656,        27P   1299
234.952,-0.0569586,11.0656,234.953,-0.0580199,11.0656,234.953,        27P   1300
-0.059089,11.0656,234.954,-0.0600735,11.0656,234.955,-0.0613424,      27P   1301
11.0656,234.965,-0.073572,11.0656,234.976,-0.0859132,11.0656,         27P   1302
234.987,-0.0980969,11.0656,234.988,-0.0991083,11.0656,234.989,        27P   1303
-0.100135,11.0656,234.99,-0.101125,11.0656,234.991,-0.102367,         27P   1304
11.0656,235.001,-0.11408,11.0656,235.012,-0.12592,11.0656,            27P   1305
235.024,-0.137658,11.0656,235.025,-0.13871,11.0656,235.026,           27P   1306
-0.139716,11.0656,235.026,-0.14068,11.0656,235.028,-0.141911,         27P   1307
11.0656,235.039,-0.153536,11.0656,235.051,-0.165332,11.0656,          27P   1308
235.063,-0.177073,11.0656,235.064,-0.178048,11.0656,235.065,          27P   1309
-0.179009,11.0656,235.066,-0.180218,11.0656,235.077,-0.191406,        27P   1310
11.0656,235.09,-0.202809,11.0656,235.102,-0.214063,11.0656,           27P   1311
235.103,-0.215112,11.0656,235.104,-0.216052,11.0656,235.105,          27P   1312
-0.21719,11.0656,235.117,-0.227963,11.0656,235.13,-0.2388,            27P   1313
11.0656,235.143,-0.249571,11.0656,235.144,-0.250494,11.0656,          27P   1314
235.145,-0.25141,11.0656,235.146,-0.252551,11.0656,235.157,           27P   1315
-0.261299,11.0656,235.168,-0.270038,11.0656,235.179,-0.278851,        27P   1316
11.0656,235.18,-0.280034,11.0656,235.181,-0.280983,11.0656,           27P   1317
235.189,-0.28725,11.0656,235.198,-0.293704,11.0656,235.206,           27P   1318
-0.300134,11.0656,235.207,-0.301007,11.0656,235.209,-0.301913,        27P   1319
11.0656,235.21,-0.303035,11.0656,235.216,-0.307599,11.0656,           27P   1320
235.222,-0.311974,11.0656,235.228,-0.316287,11.0656,235.229,          27P   1321
-0.317141,11.0656,235.231,-0.318071,11.0656,235.232,-0.318965,        27P   1322
11.0656,235.235,-0.321379,11.0656,235.238,-0.323505,11.0656,          27P   1323
235.241,-0.325784,11.0656,235.242,-0.326019,11.0656,235.242,          27P   1324
-0.326598,11.0656,235.243,-0.326956,11.0656,235.244,-0.327617,        27P   1325
11.0656,235.245,-0.328119,11.0656,235.246,-0.328728,11.0656,          27P   1326
235.246,-0.328902,11.0656,235.247,-0.329163,11.0656,235.248,          27P   1327
-0.329262,11.0656,235.248,-0.329424,11.0656,235.249,-0.329568,        27P   1328
11.0656,235.251,-0.329608,11.0656,235.252,-0.329494,11.0656,          27P   1329
235.254,-0.329242,11.0656,235.255,-0.328761,11.0656,235.257,          27P   1330
-0.328052,11.0656,235.258,-0.327166,11.0656,235.259,-0.32623,         27P   1331
11.0656,235.26,-0.325129,11.0656,235.261,-0.323836,11.0656,           27P   1332
235.262,-0.322198,11.0656,235.262,-0.320435,11.0656,235.263,          27P   1333
-0.318557,11.0656,235.263,-0.316751,11.0656,235.263,-0.315479,        27P   1334
11.0656,235.262,-0.3142,11.0656,235.262,-0.313554,11.0656,            27P   1335
235.262,-0.312068,11.0656,235.261,-0.311211,11.0656,235.26,           27P   1336
-0.309646,11.0656,235.26,-0.308922,11.0656,235.258,-0.307828,         27P   1337
11.0656,235.258,-0.307517,11.0656,235.257,-0.306619,11.0656,          27P   1338
235.256,-0.306073,11.0656,235.255,-0.304903,11.0656,235.255,          27P   1339
-0.304272,11.0656,235.254,-0.303153,11.0656,235.253,-0.302667,        27P   1340
11.0656,235.252,-0.301918,11.0656,235.252,-0.301282,11.0656,          27P   1341
235.251,-0.300342,11.0656,235.249,-0.298617,11.0656,235.247,          27P   1342
-0.296782,11.0656,235.245,-0.294767,11.0656,235.243,-0.293163,        27P   1343
11.0656,235.242,-0.291561,11.0656,235.238,-0.287958,11.0656,          27P   1344
235.235,-0.284724,11.0656,235.232,-0.281657,11.0656,235.23,           27P   1345
-0.280484,11.0656,235.229,-0.279168,11.0656,235.227,-0.277694,        27P   1346
11.0656,235.226,-0.275722,11.0656,235.223,-0.273684,11.0656,          27P   1347
235.217,-0.267345,11.0656,235.212,-0.261815,11.0656,235.207,          27P   1348
-0.256447,11.0656,235.205,-0.255285,11.0656,235.204,-0.253968,        27P   1349
11.0656,235.203,-0.252503,11.0656,235.201,-0.251153,11.0656,          27P   1350
235.2,-0.249629,11.0656,235.199,-0.248099,11.0656,235.191,            27P   1351
-0.23999,11.0656,235.183,-0.232197,11.0656,235.176,-0.224544,         27P   1352
11.0656,235.175,-0.22341,11.0656,235.174,-0.222163,11.0656,           27P   1353
235.172,-0.220764,11.0656,235.171,-0.219493,11.0656,235.17,           27P   1354
-0.218036,11.0656,235.168,-0.21659,11.0656,235.158,-0.205879,         27P   1355
11.0656,235.148,-0.195361,11.0656,235.138,-0.184255,11.0656,          27P   1356
235.137,-0.182632,11.0656,235.135,-0.180854,11.0656,235.134,          27P   1357
-0.179482,11.0656,235.133,-0.178113,11.0656,235.122,-0.167022,        27P   1358
11.0656,235.113,-0.156102,11.0656,235.103,-0.145021,11.0656,          27P   1359
235.102,-0.143876,11.0656,235.101,-0.142625,11.0656,235.1,            27P   1360
-0.141479,11.0656,235.099,-0.140194,11.0656,235.098,-0.138929,        27P   1361
11.0656,235.088,-0.127705,11.0656,235.078,-0.116495,11.0656,          27P   1362
235.068,-0.105017,11.0656,235.067,-0.103763,11.0656,235.066,          27P   1363
-0.102579,11.0656,235.065,-0.101532,11.0656,235.064,-0.100318,        27P   1364
11.0656,235.063,-0.0991438,11.0656,235.054,-0.0875428,11.0656,        27P   1365
235.044,-0.0759004,11.0656,235.034,-0.064069,11.0656,235.033,         27P   1366
-0.0628764,11.0656,235.033,-0.0617688,11.0656,235.032,                27P   1367
-0.0607878,11.0656,235.031,-0.0596867,11.0656,235.03,-0.0586302,      27P   1368
11.0656,235.02,-0.0466087,11.0656,235.011,-0.0346693,11.0656,         27P   1369
235.001,-0.0222125,11.0656,235.,-0.0208045,11.0656,234.999,           27P   1370
-0.0194619,11.0656,234.998,-0.018286,11.0656,234.988,                 27P   1371
-0.00557327,11.0656,234.978,0.00720543,11.0656,234.968,               27P   1372
0.0199809,11.0656,234.967,0.0212574,11.0656,234.967,0.0224654,        27P   1373
11.0656,234.966,0.0235438,11.0656,234.956,0.0360774,11.0656,          27P   1374
234.947,0.0489917,11.0656,234.937,0.0617793,11.0656,234.936,          27P   1375
0.0629189,11.0656,234.935,0.0640034,11.0656,234.934,0.0652099,        27P   1376
11.0656,234.924,0.0789185,11.0656,234.915,0.0922102,11.0656,          27P   1377
234.905,0.105527,11.0656,234.904,0.106752,11.0656,234.903,            27P   1378
0.108094,11.0656,234.893,0.121979,11.0656,234.883,0.135743,           27P   1379
11.0656,234.873,0.14956,11.0656,234.872,0.150687,11.0656,             27P   1380
234.862,0.164464,11.0656,234.852,0.1785,11.0656,234.842,              27P   1381
0.192699,11.0656,234.832,0.207114,11.0656,234.822,0.22163,            27P   1382
11.0656,234.811,0.236048,11.0656,234.801,0.250547,11.0656,            27P   1383
234.791,0.265113,11.0656,234.781,0.279423,11.0656,234.773,            27P   1384
0.291661,11.0656,234.764,0.304004,11.0656,234.75,0.325703,            27P   1385
11.0656,234.738,0.342895,11.0656,234.723,0.364917,11.0656,            27P   1386
234.715,0.376971,11.0656,234.712,0.38189,11.0656,234.715,             27P   1387
0.390667,11.1659,234.714,0.391204,11.1659,234.714,0.392004,           27P   1388
11.1659,234.713,0.392891,11.1659,234.711,0.393355,11.1659,            27P   1389
234.71,0.393554,11.1659,234.709,0.393524,11.1659,234.708,             27P   1390
0.393158,11.1659,234.707,0.39254,11.1659,234.706,0.391851,            27P   1391
11.1659,234.706,0.391366,11.1659,234.705,0.390418,11.1659,            27P   1392
234.705,0.389964,11.1659,234.704,0.389101,11.1659,234.704,            27P   1393
0.388718,11.1659,234.704,0.388002,11.1659,234.704,0.386972,           27P   1394
11.1659,234.704,0.386434,11.1659,234.705,0.385273,11.1659,            27P   1395
234.705,0.384272,11.1659,234.706,0.382816,11.1659,234.706,            27P   1396
0.38229,11.1659,234.707,0.379778,11.1659,234.708,0.376856,            27P   1397
11.1659,234.709,0.373486,11.1659,234.71,0.37208,11.1659,234.711,      27P   1398
0.370522,11.1659,234.711,0.368813,11.1659,234.712,0.366992,           27P   1399
11.1659,234.714,0.360892,11.1659,234.717,0.354523,11.1659,            27P   1400
234.72,0.34829,11.1659,234.72,0.346917,11.1659,234.721,0.345399,      27P   1401
11.1659,234.721,0.343713,11.1659,234.722,0.341886,11.1659,            27P   1402
234.726,0.33235,11.1659,234.73,0.323095,11.1659,234.734,              27P   1403
0.314152,11.1659,234.735,0.31285,11.1659,234.735,0.311646,            27P   1404
11.1659,234.736,0.310291,11.1659,234.736,0.308942,11.1659,            27P   1405
234.737,0.307669,11.1659,234.742,0.29619,11.1659,234.747,             27P   1406
0.284408,11.1659,234.753,0.2726,11.1659,234.754,0.270819,             27P   1407
11.1659,234.754,0.269217,11.1659,234.755,0.267622,11.1659,            27P   1408
234.756,0.266333,11.1659,234.762,0.252243,11.1659,234.769,            27P   1409
0.238143,11.1659,234.777,0.223886,11.1659,234.777,0.222225,           27P   1410
11.1659,234.778,0.220718,11.1659,234.779,0.219156,11.1659,            27P   1411
234.78,0.217846,11.1659,234.787,0.203851,11.1659,234.794,             27P   1412
0.189899,11.1659,234.802,0.175851,11.1659,234.803,0.174321,           27P   1413
11.1659,234.804,0.1729,11.1659,234.804,0.17137,11.1659,234.805,       27P   1414
0.17005,11.1659,234.813,0.156119,11.1659,234.821,0.142397,            27P   1415
11.1659,234.829,0.128659,11.1659,234.829,0.127264,11.1659,            27P   1416
234.83,0.125896,11.1659,234.831,0.124363,11.1659,234.832,             27P   1417
0.123012,11.1659,234.84,0.109272,11.1659,234.848,0.0957578,           27P   1418
11.1659,234.857,0.0823027,11.1659,234.858,0.0810045,11.1659,          27P   1419
234.858,0.0797068,11.1659,234.859,0.0782436,11.1659,234.86,           27P   1420
0.0768902,11.1659,234.869,0.0633632,11.1659,234.878,0.0501491,        27P   1421
11.1659,234.886,0.0369922,11.1659,234.887,0.0358505,11.1659,          27P   1422
234.888,0.0346329,11.1659,234.889,0.0334495,11.1659,234.89,           27P   1423
0.0324337,11.1659,234.89,0.0316818,11.1659,234.899,0.018445,          27P   1424
11.1659,234.908,0.00542466,11.1659,234.918,-0.00744843,11.1659,       27P   1425
234.918,-0.00847751,11.1659,234.919,-0.00963477,11.1659,234.92,       27P   1426
-0.0108001,11.1659,234.921,-0.0118189,11.1659,234.921,                27P   1427
-0.0125646,11.1659,234.931,-0.025874,11.1659,234.941,-0.0389,         27P   1428
11.1659,234.951,-0.0517975,11.1659,234.952,-0.0528822,11.1659,        27P   1429
234.952,-0.0539967,11.1659,234.953,-0.0550022,11.1659,234.954,        27P   1430
-0.0557563,11.1659,234.964,-0.0687327,11.1659,234.974,                27P   1431
-0.0813582,11.1659,234.985,-0.0938307,11.1659,234.986,                27P   1432
-0.0948663,11.1659,234.986,-0.0959435,11.1659,234.987,                27P   1433
-0.0969576,11.1659,234.988,-0.0976973,11.1659,234.998,-0.11023,       27P   1434
11.1659,235.009,-0.122454,11.1659,235.02,-0.134532,11.1659,           27P   1435
235.021,-0.135615,11.1659,235.022,-0.136662,11.1659,235.023,          27P   1436
-0.137654,11.1659,235.023,-0.138355,11.1659,235.035,-0.150837,        27P   1437
11.1659,235.046,-0.162996,11.1659,235.058,-0.175048,11.1659,          27P   1438
235.059,-0.17606,11.1659,235.06,-0.177046,11.1659,235.06,             27P   1439
-0.177748,11.1659,235.072,-0.189688,11.1659,235.084,-0.201408,        27P   1440
11.1659,235.096,-0.212988,11.1659,235.097,-0.214063,11.1659,          27P   1441
235.098,-0.215032,11.1659,235.099,-0.215742,11.1659,235.111,          27P   1442
-0.227343,11.1659,235.123,-0.238586,11.1659,235.136,-0.249776,        27P   1443
11.1659,235.137,-0.250727,11.1659,235.138,-0.25168,11.1659,           27P   1444
235.139,-0.252368,11.1659,235.148,-0.261062,11.1659,235.159,          27P   1445
-0.270147,11.1659,235.17,-0.279211,11.1659,235.171,-0.280435,         27P   1446
11.1659,235.173,-0.28181,11.1659,235.181,-0.288701,11.1659,           27P   1447
235.189,-0.29531,11.1659,235.198,-0.301979,11.1659,235.199,           27P   1448
-0.302896,11.1659,235.2,-0.30384,11.1659,235.201,-0.304495,           27P   1449
11.1659,235.206,-0.308864,11.1659,235.212,-0.313457,11.1659,          27P   1450
235.218,-0.317969,11.1659,235.219,-0.318863,11.1659,235.22,           27P   1451
-0.31984,11.1659,235.222,-0.321196,11.1659,235.226,-0.324101,         27P   1452
11.1659,235.229,-0.326672,11.1659,235.232,-0.329167,11.1659,          27P   1453
235.233,-0.329433,11.1659,235.234,-0.330073,11.1659,235.234,          27P   1454
-0.330378,11.1659,235.235,-0.330781,11.1659,235.235,-0.330794,        27P   1455
11.1659,235.236,-0.330989,11.1659,235.236,-0.331127,11.1659,          27P   1456
235.237,-0.331325,11.1659,235.238,-0.331389,11.1659,235.239,          27P   1457
-0.331474,11.1659,235.239,-0.331538,11.1659,235.241,-0.33147,         27P   1458
11.1659,235.242,-0.331214,11.1659,235.243,-0.330828,11.1659,          27P   1459
235.245,-0.330221,11.1659,235.246,-0.329365,11.1659,235.247,          27P   1460
-0.328339,11.1659,235.248,-0.327215,11.1659,235.249,-0.325987,        27P   1461
11.1659,235.25,-0.324581,11.1659,235.251,-0.322818,11.1659,           27P   1462
235.251,-0.320774,11.1659,235.251,-0.318846,11.1659,235.251,          27P   1463
-0.317058,11.1659,235.251,-0.316002,11.1659,235.25,-0.31472,          27P   1464
11.1659,235.25,-0.313934,11.1659,235.249,-0.312269,11.1659,           27P   1465
235.248,-0.311412,11.1659,235.247,-0.310685,11.1659,235.247,          27P   1466
-0.310779,11.1659,235.246,-0.310039,11.1659,235.245,-0.309172,        27P   1467
11.1659,235.244,-0.307786,11.1659,235.244,-0.307246,11.1659,          27P   1468
235.242,-0.306069,11.1659,235.242,-0.305437,11.1659,235.241,          27P   1469
-0.304318,11.1659,235.24,-0.303831,11.1659,235.239,-0.303072,         27P   1470
11.1659,235.239,-0.30243,11.1659,235.238,-0.301484,11.1659,           27P   1471
235.236,-0.299745,11.1659,235.234,-0.2979,11.1659,235.232,            27P   1472
-0.29585,11.1659,235.231,-0.294213,11.1659,235.229,-0.292572,         27P   1473
11.1659,235.225,-0.288864,11.1659,235.222,-0.285528,11.1659,          27P   1474
235.219,-0.282373,11.1659,235.218,-0.281168,11.1659,235.217,          27P   1475
-0.279828,11.1659,235.215,-0.278319,11.1659,235.213,-0.276304,        27P   1476
11.1659,235.211,-0.274229,11.1659,235.205,-0.267786,11.1659,          27P   1477
235.2,-0.262223,11.1659,235.195,-0.256812,11.1659,235.194,            27P   1478
-0.25564,11.1659,235.192,-0.254321,11.1659,235.191,-0.252842,         27P   1479
11.1659,235.19,-0.251476,11.1659,235.188,-0.249934,11.1659,           27P   1480
235.187,-0.248384,11.1659,235.179,-0.240148,11.1659,235.172,          27P   1481
-0.232186,11.1659,235.165,-0.224367,11.1659,235.163,-0.223208,        27P   1482
11.1659,235.162,-0.221945,11.1659,235.161,-0.220516,11.1659,          27P   1483
235.16,-0.219218,11.1659,235.159,-0.21773,11.1659,235.157,            27P   1484
-0.216254,11.1659,235.147,-0.205314,11.1659,235.138,-0.194604,        27P   1485
11.1659,235.128,-0.183327,11.1659,235.126,-0.181686,11.1659,          27P   1486
235.125,-0.179881,11.1659,235.124,-0.17849,11.1659,235.122,           27P   1487
-0.177102,11.1659,235.113,-0.165847,11.1659,235.103,-0.154797,        27P   1488
11.1659,235.093,-0.143555,11.1659,235.092,-0.1424,11.1659,            27P   1489
235.091,-0.141132,11.1659,235.09,-0.139968,11.1659,235.089,           27P   1490
-0.138664,11.1659,235.088,-0.137379,11.1659,235.079,-0.126024,        27P   1491
11.1659,235.069,-0.114619,11.1659,235.06,-0.102976,11.1659,           27P   1492
235.059,-0.101704,11.1659,235.058,-0.100457,11.1659,235.057,          27P   1493
-0.0993955,11.1659,235.056,-0.098165,11.1659,235.055,-0.0969754,      27P   1494
11.1659,235.045,-0.0852636,11.1659,235.036,-0.0735052,11.1659,        27P   1495
235.027,-0.0615088,11.1659,235.026,-0.060299,11.1659,235.025,         27P   1496
-0.0591343,11.1659,235.024,-0.0581387,11.1659,235.023,                27P   1497
-0.0570209,11.1659,235.022,-0.0559482,11.1659,235.013,                27P   1498
-0.0443301,11.1659,235.004,-0.0322094,11.1659,234.995,-0.019573,      27P   1499
11.1659,234.993,-0.0181449,11.1659,234.992,-0.0167429,11.1659,        27P   1500
234.991,-0.0149399,11.1659,234.982,-0.0025661,11.1659,234.972,        27P   1501
0.0102865,11.1659,234.963,0.0232151,11.1659,234.962,0.0245079,        27P   1502
11.1659,234.961,0.0257744,11.1659,234.96,0.0273762,11.1659,           27P   1503
234.95,0.0406322,11.1659,234.941,0.0538129,11.1659,234.932,           27P   1504
0.0667614,11.1659,234.931,0.0679153,11.1659,234.93,0.069046,          27P   1505
11.1659,234.929,0.0702664,11.1659,234.92,0.0829698,11.1659,           27P   1506
234.911,0.0962746,11.1659,234.901,0.109661,11.1659,234.9,             27P   1507
0.110893,11.1659,234.899,0.112275,11.1659,234.889,0.126218,           27P   1508
11.1659,234.88,0.140307,11.1659,234.87,0.154366,11.1659,234.869,      27P   1509
0.155526,11.1659,234.859,0.169662,11.1659,234.85,0.184072,            27P   1510
11.1659,234.84,0.198392,11.1659,234.83,0.212916,11.1659,234.82,       27P   1511
0.227881,11.1659,234.811,0.242326,11.1659,234.801,0.256868,           27P   1512
11.1659,234.791,0.271762,11.1659,234.781,0.286249,11.1659,            27P   1513
234.773,0.298636,11.1659,234.765,0.311066,11.1659,234.751,            27P   1514
0.333165,11.1659,234.74,0.350739,11.1659,234.726,0.373195,            27P   1515
11.1659,234.718,0.385763,11.1659,234.715,0.390667,11.1659,            27P   1516
234.717,0.397445,11.2664,234.716,0.39825,11.2664,234.715,             27P   1517
0.399167,11.2664,234.714,0.399857,11.2664,234.712,0.400034,           27P   1518
11.2664,234.711,0.399849,11.2664,234.71,0.399238,11.2664,             27P   1519
234.708,0.398127,11.2664,234.708,0.397415,11.2664,234.707,            27P   1520
0.396701,11.2664,234.707,0.39625,11.2664,234.707,0.395361,            27P   1521
11.2664,234.707,0.39494,11.2664,234.707,0.394106,11.2664,             27P   1522
234.707,0.393532,11.2664,234.707,0.392603,11.2664,234.708,            27P   1523
0.391832,11.2664,234.708,0.390979,11.2664,234.709,0.38982,            27P   1524
11.2664,234.709,0.3894,11.2664,234.709,0.388524,11.2664,234.709,      27P   1525
0.388081,11.2664,234.71,0.385227,11.2664,234.712,0.382125,            27P   1526
11.2664,234.713,0.378687,11.2664,234.714,0.377265,11.2664,            27P   1527
234.714,0.375715,11.2664,234.715,0.374003,11.2664,234.716,            27P   1528
0.372177,11.2664,234.718,0.366026,11.2664,234.721,0.359697,           27P   1529
11.2664,234.723,0.353506,11.2664,234.724,0.352142,11.2664,            27P   1530
234.724,0.350653,11.2664,234.725,0.348976,11.2664,234.726,            27P   1531
0.347156,11.2664,234.73,0.338313,11.2664,234.734,0.329264,            27P   1532
11.2664,234.737,0.32038,11.2664,234.738,0.319085,11.2664,             27P   1533
234.738,0.317904,11.2664,234.739,0.316553,11.2664,234.74,             27P   1534
0.315208,11.2664,234.74,0.313938,11.2664,234.745,0.302209,            27P   1535
11.2664,234.751,0.290414,11.2664,234.756,0.278608,11.2664,            27P   1536
234.757,0.276828,11.2664,234.758,0.27524,11.2664,234.758,             27P   1537
0.27395,11.2664,234.759,0.272661,11.2664,234.766,0.258294,            27P   1538
11.2664,234.773,0.244124,11.2664,234.78,0.22983,11.2664,234.781,      27P   1539
0.228165,11.2664,234.781,0.226669,11.2664,234.782,0.225376,           27P   1540
11.2664,234.783,0.224063,11.2664,234.79,0.209758,11.2664,             27P   1541
234.797,0.195742,11.2664,234.805,0.181651,11.2664,234.806,            27P   1542
0.180116,11.2664,234.806,0.178704,11.2664,234.807,0.177456,           27P   1543
11.2664,234.808,0.176132,11.2664,234.815,0.16198,11.2664,             27P   1544
234.823,0.148173,11.2664,234.831,0.134363,11.2664,234.832,            27P   1545
0.13296,11.2664,234.833,0.131595,11.2664,234.833,0.130258,            27P   1546
11.2664,234.834,0.1289,11.2664,234.842,0.115083,11.2664,234.85,       27P   1547
0.101473,11.2664,234.859,0.0879339,11.2664,234.859,0.0866276,         27P   1548
11.2664,234.86,0.0853306,11.2664,234.861,0.0838585,11.2664,           27P   1549
234.862,0.082497,11.2664,234.871,0.068672,11.2664,234.879,            27P   1550
0.0553468,11.2664,234.888,0.0420506,11.2664,234.889,0.0408966,        27P   1551
11.2664,234.889,0.0396717,11.2664,234.89,0.0386685,11.2664,           27P   1552
234.891,0.0376412,11.2664,234.891,0.0366709,11.2664,234.9,            27P   1553
0.0233285,11.2664,234.909,0.0101288,11.2664,234.918,-0.00291945,      27P   1554
11.2664,234.919,-0.00396252,11.2664,234.919,-0.00513022,11.2664,      27P   1555
234.92,-0.00615082,11.2664,234.921,-0.00718346,11.2664,234.921,       27P   1556
-0.00816407,11.2664,234.931,-0.0215719,11.2664,234.94,                27P   1557
-0.0347412,11.2664,234.95,-0.0477909,11.2664,234.951,-0.0488855,      27P   1558
11.2664,234.952,-0.049879,11.2664,234.952,-0.0508966,11.2664,         27P   1559
234.953,-0.0518867,11.2664,234.963,-0.0649618,11.2664,234.973,        27P   1560
-0.0777266,11.2664,234.983,-0.0903715,11.2664,234.984,                27P   1561
-0.0914208,11.2664,234.985,-0.0923566,11.2664,234.986,                27P   1562
-0.0933853,11.2664,234.987,-0.094359,11.2664,234.997,-0.106917,       27P   1563
11.2664,235.007,-0.119314,11.2664,235.018,-0.131543,11.2664,          27P   1564
235.019,-0.132639,11.2664,235.02,-0.133628,11.2664,235.021,           27P   1565
-0.134632,11.2664,235.021,-0.135577,11.2664,235.032,-0.148053,        27P   1566
11.2664,235.044,-0.160315,11.2664,235.055,-0.172514,11.2664,          27P   1567
235.056,-0.173473,11.2664,235.057,-0.174471,11.2664,235.058,          27P   1568
-0.175408,11.2664,235.069,-0.187288,11.2664,235.081,-0.199176,        27P   1569
11.2664,235.093,-0.210954,11.2664,235.094,-0.212069,11.2664,          27P   1570
235.095,-0.213054,11.2664,235.096,-0.21397,11.2664,235.107,           27P   1571
-0.225517,11.2664,235.119,-0.23695,11.2664,235.132,-0.248278,         27P   1572
11.2664,235.133,-0.249283,11.2664,235.134,-0.250247,11.2664,          27P   1573
235.135,-0.251149,11.2664,235.145,-0.260374,11.2664,235.155,          27P   1574
-0.269531,11.2664,235.166,-0.278656,11.2664,235.167,-0.27984,         27P   1575
11.2664,235.169,-0.280832,11.2664,235.177,-0.287641,11.2664,          27P   1576
235.185,-0.294313,11.2664,235.193,-0.301109,11.2664,235.194,          27P   1577
-0.301986,11.2664,235.195,-0.302949,11.2664,235.196,-0.303832,        27P   1578
11.2664,235.202,-0.308725,11.2664,235.208,-0.31343,11.2664,           27P   1579
235.214,-0.317961,11.2664,235.215,-0.318847,11.2664,235.216,          27P   1580
-0.319787,11.2664,235.217,-0.320729,11.2664,235.221,-0.323517,        27P   1581
11.2664,235.224,-0.325966,11.2664,235.227,-0.328377,11.2664,          27P   1582
235.228,-0.328569,11.2664,235.228,-0.329058,11.2664,235.229,          27P   1583
-0.329338,11.2664,235.23,-0.329764,11.2664,235.231,-0.329946,         27P   1584
11.2664,235.231,-0.330236,11.2664,235.232,-0.330346,11.2664,          27P   1585
235.233,-0.330467,11.2664,235.233,-0.330531,11.2664,235.234,          27P   1586
-0.330637,11.2664,235.235,-0.330632,11.2664,235.236,-0.330373,        27P   1587
11.2664,235.238,-0.33001,11.2664,235.239,-0.329516,11.2664,           27P   1588
235.241,-0.328585,11.2664,235.242,-0.327521,11.2664,235.243,          27P   1589
-0.3263,11.2664,235.244,-0.325403,11.2664,235.244,-0.324076,          27P   1590
11.2664,235.245,-0.322588,11.2664,235.245,-0.320889,11.2664,          27P   1591
235.245,-0.319026,11.2664,235.245,-0.317121,11.2664,235.244,          27P   1592
-0.315227,11.2664,235.244,-0.313733,11.2664,235.243,-0.312266,        27P   1593
11.2664,235.242,-0.31154,11.2664,235.241,-0.310625,11.2664,           27P   1594
235.241,-0.310498,11.2664,235.24,-0.309852,11.2664,235.24,            27P   1595
-0.309339,11.2664,235.239,-0.308188,11.2664,235.238,-0.307555,        27P   1596
11.2664,235.237,-0.306376,11.2664,235.236,-0.305834,11.2664,          27P   1597
235.235,-0.304661,11.2664,235.234,-0.304029,11.2664,235.233,          27P   1598
-0.30291,11.2664,235.233,-0.302423,11.2664,235.232,-0.301711,         27P   1599
11.2664,235.231,-0.301092,11.2664,235.231,-0.300148,11.2664,          27P   1600
235.229,-0.298412,11.2664,235.227,-0.296504,11.2664,235.225,          27P   1601
-0.294461,11.2664,235.223,-0.292832,11.2664,235.222,-0.291201,        27P   1602
11.2664,235.218,-0.28758,11.2664,235.215,-0.284275,11.2664,           27P   1603
235.212,-0.281144,11.2664,235.211,-0.279947,11.2664,235.209,          27P   1604
-0.278549,11.2664,235.208,-0.277051,11.2664,235.206,-0.275049,        27P   1605
11.2664,235.204,-0.272987,11.2664,235.198,-0.266636,11.2664,          27P   1606
235.192,-0.261093,11.2664,235.187,-0.255699,11.2664,235.186,          27P   1607
-0.254531,11.2664,235.185,-0.253156,11.2664,235.183,-0.251681,        27P   1608
11.2664,235.182,-0.25032,11.2664,235.181,-0.248784,11.2664,           27P   1609
235.179,-0.247239,11.2664,235.172,-0.239097,11.2664,235.164,          27P   1610
-0.231178,11.2664,235.157,-0.223396,11.2664,235.156,-0.222242,        27P   1611
11.2664,235.155,-0.220922,11.2664,235.153,-0.219499,11.2664,          27P   1612
235.152,-0.218206,11.2664,235.151,-0.216725,11.2664,235.15,           27P   1613
-0.215255,11.2664,235.14,-0.204396,11.2664,235.13,-0.193708,          27P   1614
11.2664,235.12,-0.182413,11.2664,235.119,-0.180729,11.2664,           27P   1615
235.117,-0.17892,11.2664,235.116,-0.177525,11.2664,235.115,           27P   1616
-0.176133,11.2664,235.105,-0.164884,11.2664,235.096,-0.153771,        27P   1617
11.2664,235.086,-0.142481,11.2664,235.085,-0.14128,11.2664,           27P   1618
235.084,-0.140006,11.2664,235.083,-0.138837,11.2664,235.082,          27P   1619
-0.137528,11.2664,235.081,-0.136238,11.2664,235.071,-0.124572,        27P   1620
11.2664,235.062,-0.113117,11.2664,235.053,-0.101408,11.2664,          27P   1621
235.051,-0.100131,11.2664,235.051,-0.0991547,11.2664,235.05,          27P   1622
-0.0980871,11.2664,235.049,-0.0968491,11.2664,235.048,-0.095652,      27P   1623
11.2664,235.038,-0.0836314,11.2664,235.029,-0.0717675,11.2664,        27P   1624
235.02,-0.0596898,11.2664,235.019,-0.0584728,11.2664,235.018,         27P   1625
-0.0575453,11.2664,235.017,-0.0565435,11.2664,235.017,                27P   1626
-0.0554188,11.2664,235.016,-0.0543395,11.2664,235.006,                27P   1627
-0.0418783,11.2664,234.997,-0.0296428,11.2664,234.988,                27P   1628
-0.0169125,11.2664,234.987,-0.0154744,11.2664,234.986,                27P   1629
-0.0143061,11.2664,234.985,-0.0130886,11.2664,234.975,                27P   1630
8.57566E-05,11.2664,234.966,0.0131079,11.2664,234.957,0.0261611,      27P   1631
11.2664,234.956,0.0274637,11.2664,234.955,0.0284846,11.2664,          27P   1632
234.954,0.0296011,11.2664,234.945,0.0429267,11.2664,234.936,          27P   1633
0.0562076,11.2664,234.927,0.0693027,11.2664,234.926,0.0704676,        27P   1634
11.2664,234.925,0.0714116,11.2664,234.924,0.0726465,11.2664,          27P   1635
234.915,0.0863879,11.2664,234.906,0.0999364,11.2664,234.897,          27P   1636
0.113523,11.2664,234.896,0.114771,11.2664,234.895,0.115974,           27P   1637
11.2664,234.885,0.13021,11.2664,234.876,0.144397,11.2664,             27P   1638
234.866,0.158595,11.2664,234.866,0.159681,11.2664,234.856,            27P   1639
0.174084,11.2664,234.847,0.188592,11.2664,234.837,0.20326,            27P   1640
11.2664,234.828,0.218135,11.2664,234.818,0.23287,11.2664,             27P   1641
234.809,0.247597,11.2664,234.799,0.262214,11.2664,234.79,             27P   1642
0.276931,11.2664,234.781,0.291795,11.2664,234.773,0.304502,           27P   1643
11.2664,234.765,0.317382,11.2664,234.751,0.339555,11.2664,            27P   1644
234.741,0.35731,11.2664,234.727,0.37977,11.2664,234.72,0.392473,      27P   1645
11.2664,234.717,0.397445,11.2664,234.719,0.405382,11.3674,            27P   1646
234.718,0.406067,11.3674,234.717,0.407035,11.3674,234.716,            27P   1647
0.407795,11.3674,234.715,0.407923,11.3674,234.713,0.407759,           27P   1648
11.3674,234.712,0.407367,11.3674,234.711,0.406578,11.3674,            27P   1649
234.71,0.405392,11.3674,234.71,0.404207,11.3674,234.71,0.40346,       27P   1650
11.3674,234.71,0.402231,11.3674,234.71,0.401717,11.3674,234.71,       27P   1651
0.400939,11.3674,234.71,0.40095,11.3674,234.71,0.400623,11.3674,      27P   1652
234.711,0.399579,11.3674,234.711,0.398551,11.3674,234.712,            27P   1653
0.397388,11.3674,234.712,0.396868,11.3674,234.712,0.395891,           27P   1654
11.3674,234.712,0.395433,11.3674,234.713,0.392663,11.3674,            27P   1655
234.715,0.389595,11.3674,234.716,0.386165,11.3674,234.717,            27P   1656
0.384745,11.3674,234.717,0.383153,11.3674,234.718,0.381441,           27P   1657
11.3674,234.719,0.379616,11.3674,234.721,0.373514,11.3674,            27P   1658
234.724,0.367189,11.3674,234.726,0.360986,11.3674,234.727,            27P   1659
0.359618,11.3674,234.727,0.35808,11.3674,234.728,0.356399,            27P   1660
11.3674,234.729,0.354574,11.3674,234.732,0.345627,11.3674,            27P   1661
234.736,0.336505,11.3674,234.74,0.327581,11.3674,234.741,             27P   1662
0.32628,11.3674,234.741,0.325053,11.3674,234.742,0.323698,            27P   1663
11.3674,234.742,0.322349,11.3674,234.743,0.321075,11.3674,            27P   1664
234.748,0.310012,11.3674,234.753,0.29827,11.3674,234.758,             27P   1665
0.286441,11.3674,234.759,0.284656,11.3674,234.76,0.283029,            27P   1666
11.3674,234.761,0.281003,11.3674,234.761,0.279711,11.3674,            27P   1667
234.768,0.265958,11.3674,234.774,0.25179,11.3674,234.781,             27P   1668
0.237441,11.3674,234.782,0.23577,11.3674,234.783,0.234231,            27P   1669
11.3674,234.784,0.232278,11.3674,234.785,0.23096,11.3674,             27P   1670
234.791,0.217281,11.3674,234.798,0.203255,11.3674,234.806,            27P   1671
0.189103,11.3674,234.807,0.187562,11.3674,234.807,0.186112,           27P   1672
11.3674,234.808,0.184169,11.3674,234.809,0.18284,11.3674,             27P   1673
234.816,0.169116,11.3674,234.824,0.155281,11.3674,234.832,            27P   1674
0.141409,11.3674,234.832,0.14,11.3674,234.833,0.138606,11.3674,       27P   1675
234.834,0.136771,11.3674,234.835,0.135406,11.3674,234.843,            27P   1676
0.121547,11.3674,234.851,0.107871,11.3674,234.859,0.0942089,          27P   1677
11.3674,234.86,0.0928904,11.3674,234.86,0.0915601,11.3674,            27P   1678
234.861,0.0900735,11.3674,234.862,0.0886981,11.3674,234.87,           27P   1679
0.0751968,11.3674,234.878,0.061714,11.3674,234.887,0.0482852,         27P   1680
11.3674,234.888,0.0471199,11.3674,234.888,0.0458688,11.3674,          27P   1681
234.889,0.0443902,11.3674,234.89,0.0433538,11.3674,234.891,           27P   1682
0.0424107,11.3674,234.899,0.0293072,11.3674,234.908,0.016051,         27P   1683
11.3674,234.916,0.00290693,11.3674,234.917,0.00185607,11.3674,        27P   1684
234.918,0.000666859,11.3674,234.919,-0.000747977,11.3674,234.92,      27P   1685
-0.0017884,11.3674,234.92,-0.00273837,11.3674,234.929,                27P   1686
-0.0159552,11.3674,234.938,-0.0292521,11.3674,234.948,                27P   1687
-0.0424428,11.3674,234.949,-0.0435562,11.3674,234.95,-0.044884,       27P   1688
11.3674,234.951,-0.0459124,11.3674,234.951,-0.0468745,11.3674,        27P   1689
234.961,-0.059744,11.3674,234.971,-0.0726515,11.3674,234.981,         27P   1690
-0.0854277,11.3674,234.981,-0.0864896,11.3674,234.982,                27P   1691
-0.0878123,11.3674,234.983,-0.0888511,11.3674,234.984,                27P   1692
-0.0897964,11.3674,234.994,-0.102343,11.3674,235.004,-0.114852,       27P   1693
11.3674,235.015,-0.127247,11.3674,235.016,-0.128358,11.3674,          27P   1694
235.017,-0.129533,11.3674,235.017,-0.130551,11.3674,235.018,          27P   1695
-0.131469,11.3674,235.029,-0.144,11.3674,235.04,-0.156488,            27P   1696
11.3674,235.051,-0.168853,11.3674,235.052,-0.169982,11.3674,          27P   1697
235.053,-0.170994,11.3674,235.054,-0.171903,11.3674,235.065,          27P   1698
-0.184018,11.3674,235.077,-0.196003,11.3674,235.088,-0.207849,        27P   1699
11.3674,235.089,-0.208918,11.3674,235.09,-0.209909,11.3674,           27P   1700
235.091,-0.210797,11.3674,235.103,-0.222552,11.3674,235.115,          27P   1701
-0.23403,11.3674,235.127,-0.245426,11.3674,235.128,-0.246334,         27P   1702
11.3674,235.129,-0.247304,11.3674,235.13,-0.248177,11.3674,           27P   1703
235.14,-0.257282,11.3674,235.15,-0.266533,11.3674,235.161,            27P   1704
-0.275847,11.3674,235.162,-0.277174,11.3674,235.164,-0.278255,        27P   1705
11.3674,235.171,-0.285105,11.3674,235.179,-0.291939,11.3674,          27P   1706
235.188,-0.29875,11.3674,235.189,-0.299765,11.3674,235.19,            27P   1707
-0.300726,11.3674,235.191,-0.301571,11.3674,235.197,-0.306265,        27P   1708
11.3674,235.202,-0.310924,11.3674,235.208,-0.315514,11.3674,          27P   1709
235.209,-0.316436,11.3674,235.211,-0.317485,11.3674,235.212,          27P   1710
-0.318519,11.3674,235.215,-0.321273,11.3674,235.218,-0.323703,        27P   1711
11.3674,235.222,-0.326218,11.3674,235.222,-0.326525,11.3674,          27P   1712
235.223,-0.327087,11.3674,235.224,-0.327333,11.3674,235.225,          27P   1713
-0.327677,11.3674,235.225,-0.327793,11.3674,235.226,-0.327982,        27P   1714
11.3674,235.226,-0.32805,11.3674,235.228,-0.328147,11.3674,           27P   1715
235.229,-0.328113,11.3674,235.23,-0.32796,11.3674,235.23,             27P   1716
-0.32786,11.3674,235.231,-0.32765,11.3674,235.232,-0.327154,          27P   1717
11.3674,235.233,-0.326532,11.3674,235.235,-0.325434,11.3674,          27P   1718
235.236,-0.324249,11.3674,235.237,-0.322926,11.3674,235.237,          27P   1719
-0.321938,11.3674,235.238,-0.320536,11.3674,235.238,-0.318975,        27P   1720
11.3674,235.239,-0.317456,11.3674,235.239,-0.315556,11.3674,          27P   1721
235.238,-0.313684,11.3674,235.237,-0.311792,11.3674,235.237,          27P   1722
-0.311107,11.3674,235.236,-0.310418,11.3674,235.236,-0.310086,        27P   1723
11.3674,235.235,-0.309011,11.3674,235.234,-0.308079,11.3674,          27P   1724
235.233,-0.306745,11.3674,235.232,-0.306343,11.3674,235.231,          27P   1725
-0.305279,11.3674,235.23,-0.304616,11.3674,235.229,-0.303418,         27P   1726
11.3674,235.228,-0.302884,11.3674,235.227,-0.301725,11.3674,          27P   1727
235.227,-0.301101,11.3674,235.226,-0.299994,11.3674,235.225,          27P   1728
-0.299513,11.3674,235.224,-0.298698,11.3674,235.224,-0.29803,         27P   1729
11.3674,235.223,-0.297094,11.3674,235.221,-0.29537,11.3674,           27P   1730
235.219,-0.293635,11.3674,235.217,-0.291599,11.3674,235.215,          27P   1731
-0.289973,11.3674,235.214,-0.288345,11.3674,235.21,-0.284573,         27P   1732
11.3674,235.207,-0.281256,11.3674,235.204,-0.278129,11.3674,          27P   1733
235.203,-0.276935,11.3674,235.201,-0.275705,11.3674,235.2,            27P   1734
-0.274211,11.3674,235.198,-0.272215,11.3674,235.196,-0.270159,        27P   1735
11.3674,235.19,-0.26369,11.3674,235.184,-0.258164,11.3674,            27P   1736
235.179,-0.252783,11.3674,235.178,-0.251617,11.3674,235.177,          27P   1737
-0.250391,11.3674,235.176,-0.248918,11.3674,235.174,-0.24756,         27P   1738
11.3674,235.173,-0.246025,11.3674,235.171,-0.244481,11.3674,          27P   1739
235.164,-0.236197,11.3674,235.156,-0.228259,11.3674,235.149,          27P   1740
-0.220453,11.3674,235.148,-0.219296,11.3674,235.147,-0.218123,        27P   1741
11.3674,235.146,-0.216696,11.3674,235.145,-0.215399,11.3674,          27P   1742
235.143,-0.213912,11.3674,235.142,-0.212436,11.3674,235.132,          27P   1743
-0.201443,11.3674,235.123,-0.190713,11.3674,235.113,-0.17943,         27P   1744
11.3674,235.111,-0.177845,11.3674,235.11,-0.17604,11.3674,            27P   1745
235.109,-0.174649,11.3674,235.107,-0.173261,11.3674,235.097,          27P   1746
-0.161948,11.3674,235.088,-0.150891,11.3674,235.079,-0.139581,        27P   1747
11.3674,235.078,-0.138477,11.3674,235.077,-0.137199,11.3674,          27P   1748
235.076,-0.136026,11.3674,235.075,-0.134713,11.3674,235.073,          27P   1749
-0.133418,11.3674,235.064,-0.122342,11.3674,235.055,-0.110817,        27P   1750
11.3674,235.046,-0.0990594,11.3674,235.045,-0.0977723,11.3674,        27P   1751
235.044,-0.0961223,11.3674,235.043,-0.0950509,11.3674,235.042,        27P   1752
-0.0938087,11.3674,235.041,-0.0926079,11.3674,235.032,                27P   1753
-0.0811141,11.3674,235.023,-0.0692735,11.3674,235.013,                27P   1754
-0.0571612,11.3674,235.012,-0.0559385,11.3674,235.011,                27P   1755
-0.0544189,11.3674,235.01,-0.0534131,11.3674,235.01,-0.0522837,       27P   1756
11.3674,235.009,-0.0511998,11.3674,235.,-0.0393349,11.3674,           27P   1757
234.991,-0.0270391,11.3674,234.982,-0.0142133,11.3674,234.981,        27P   1758
-0.0127631,11.3674,234.979,-0.010997,11.3674,234.978,                 27P   1759
-0.00966786,11.3674,234.969,0.00293196,11.3674,234.96,0.0160315,      27P   1760
11.3674,234.951,0.0291731,11.3674,234.95,0.0304904,11.3674,           27P   1761
234.949,0.0321382,11.3674,234.948,0.0333474,11.3674,234.939,          27P   1762
0.0463349,11.3674,234.93,0.0596873,11.3674,234.922,0.0728718,         27P   1763
11.3674,234.921,0.0740501,11.3674,234.92,0.075482,11.3674,            27P   1764
234.919,0.0767256,11.3674,234.91,0.0899779,11.3674,234.901,           27P   1765
0.103615,11.3674,234.892,0.117321,11.3674,234.891,0.118584,           27P   1766
11.3674,234.89,0.120278,11.3674,234.881,0.134439,11.3674,             27P   1767
234.872,0.148787,11.3674,234.863,0.163129,11.3674,234.862,            27P   1768
0.164434,11.3674,234.853,0.17878,11.3674,234.843,0.193436,            27P   1769
11.3674,234.834,0.208236,11.3674,234.825,0.223291,11.3674,            27P   1770
234.816,0.238286,11.3674,234.807,0.25321,11.3674,234.798,             27P   1771
0.267946,11.3674,234.789,0.282963,11.3674,234.78,0.297942,            27P   1772
11.3674,234.772,0.310801,11.3674,234.765,0.324054,11.3674,            27P   1773
234.752,0.346522,11.3674,234.741,0.364467,11.3674,234.729,            27P   1774
0.387282,11.3674,234.721,0.400199,11.3674,234.719,0.405382,           27P   1775
11.3674,234.72,0.411871,11.4394,234.719,0.412546,11.4394,             27P   1776
234.718,0.413279,11.4394,234.717,0.413829,11.4394,234.715,            27P   1777
0.413995,11.4394,234.714,0.413677,11.4394,234.712,0.412733,           27P   1778
11.4394,234.712,0.411521,11.4394,234.711,0.410776,11.4394,            27P   1779
234.711,0.41014,11.4394,234.711,0.40982,11.4394,234.711,              27P   1780
0.409095,11.4394,234.711,0.408746,11.4394,234.712,0.407959,           27P   1781
11.4394,234.712,0.407173,11.4394,234.712,0.406045,11.4394,            27P   1782
234.713,0.405054,11.4394,234.713,0.40406,11.4394,234.714,             27P   1783
0.402897,11.4394,234.714,0.402396,11.4394,234.714,0.401439,           27P   1784
11.4394,234.714,0.400983,11.4394,234.715,0.398103,11.4394,            27P   1785
234.717,0.394999,11.4394,234.718,0.391561,11.4394,234.719,            27P   1786
0.390137,11.4394,234.719,0.388666,11.4394,234.72,0.386949,            27P   1787
11.4394,234.72,0.385118,11.4394,234.723,0.378874,11.4394,             27P   1788
234.725,0.372512,11.4394,234.728,0.366298,11.4394,234.728,            27P   1789
0.364929,11.4394,234.729,0.363523,11.4394,234.73,0.361841,            27P   1790
11.4394,234.73,0.360015,11.4394,234.734,0.350977,11.4394,             27P   1791
234.738,0.341871,11.4394,234.742,0.332944,11.4394,234.742,            27P   1792
0.331642,11.4394,234.743,0.330534,11.4394,234.743,0.329177,           27P   1793
11.4394,234.744,0.327825,11.4394,234.744,0.326549,11.4394,            27P   1794
234.749,0.314845,11.4394,234.755,0.302984,11.4394,234.76,             27P   1795
0.291106,11.4394,234.761,0.289315,11.4394,234.761,0.287786,           27P   1796
11.4394,234.762,0.28632,11.4394,234.763,0.285023,11.4394,             27P   1797
234.769,0.270644,11.4394,234.776,0.256409,11.4394,234.783,            27P   1798
0.242032,11.4394,234.784,0.240358,11.4394,234.784,0.238923,           27P   1799
11.4394,234.785,0.237472,11.4394,234.786,0.236152,11.4394,            27P   1800
234.793,0.221853,11.4394,234.8,0.207755,11.4394,234.807,              27P   1801
0.193544,11.4394,234.808,0.191996,11.4394,234.808,0.190629,           27P   1802
11.4394,234.809,0.189211,11.4394,234.81,0.187875,11.4394,             27P   1803
234.817,0.173654,11.4394,234.824,0.159701,11.4394,234.832,            27P   1804
0.145735,11.4394,234.833,0.144317,11.4394,234.834,0.142978,           27P   1805
11.4394,234.834,0.141513,11.4394,234.835,0.140139,11.4394,            27P   1806
234.843,0.126126,11.4394,234.851,0.112359,11.4394,234.859,            27P   1807
0.0986428,11.4394,234.859,0.0973193,11.4394,234.86,0.0960443,         27P   1808
11.4394,234.861,0.0945523,11.4394,234.862,0.0931723,11.4394,          27P   1809
234.87,0.0792375,11.4394,234.878,0.0657121,11.4394,234.886,           27P   1810
0.052189,11.4394,234.887,0.0510153,11.4394,234.888,0.0497965,         27P   1811
11.4394,234.889,0.0486675,11.4394,234.889,0.0476223,11.4394,          27P   1812
234.89,0.046664,11.4394,234.898,0.0331235,11.4394,234.906,            27P   1813
0.0196814,11.4394,234.915,0.00641079,11.4394,234.916,0.00535003,      27P   1814
11.4394,234.917,0.00418646,11.4394,234.917,0.00305877,11.4394,        27P   1815
234.918,0.0020089,11.4394,234.919,0.00104286,11.4394,234.928,         27P   1816
-0.0125554,11.4394,234.937,-0.025934,11.4394,234.946,-0.0392305,      27P   1817
11.4394,234.947,-0.040333,11.4394,234.948,-0.0414211,11.4394,         27P   1818
234.948,-0.0424583,11.4394,234.949,-0.0434364,11.4394,234.959,        27P   1819
-0.056712,11.4394,234.968,-0.0697549,11.4394,234.978,-0.0826126,      27P   1820
11.4394,234.979,-0.0836758,11.4394,234.98,-0.0847145,11.4394,         27P   1821
234.981,-0.0857595,11.4394,234.981,-0.0867179,11.4394,234.991,        27P   1822
-0.0991773,11.4394,235.001,-0.111716,11.4394,235.012,-0.124143,       27P   1823
11.4394,235.013,-0.125257,11.4394,235.014,-0.126586,11.4394,          27P   1824
235.015,-0.127606,11.4394,235.015,-0.128535,11.4394,235.026,          27P   1825
-0.140914,11.4394,235.037,-0.15343,11.4394,235.048,-0.165814,         27P   1826
11.4394,235.049,-0.167112,11.4394,235.05,-0.168125,11.4394,           27P   1827
235.051,-0.169043,11.4394,235.062,-0.181006,11.4394,235.073,          27P   1828
-0.193001,11.4394,235.085,-0.204874,11.4394,235.086,-0.206098,        27P   1829
11.4394,235.087,-0.20709,11.4394,235.088,-0.207987,11.4394,           27P   1830
235.1,-0.219447,11.4394,235.111,-0.230962,11.4394,235.124,            27P   1831
-0.242352,11.4394,235.125,-0.243559,11.4394,235.126,-0.244527,        27P   1832
11.4394,235.127,-0.245406,11.4394,235.137,-0.254392,11.4394,          27P   1833
235.147,-0.263593,11.4394,235.158,-0.272806,11.4394,235.159,          27P   1834
-0.274224,11.4394,235.161,-0.27528,11.4394,235.168,-0.282011,         27P   1835
11.4394,235.176,-0.288749,11.4394,235.185,-0.295503,11.4394,          27P   1836
235.186,-0.296539,11.4394,235.187,-0.297493,11.4394,235.188,          27P   1837
-0.298338,11.4394,235.194,-0.302937,11.4394,235.2,-0.30756,           27P   1838
11.4394,235.205,-0.312056,11.4394,235.207,-0.312971,11.4394,          27P   1839
235.208,-0.314053,11.4394,235.209,-0.315046,11.4394,235.213,          27P   1840
-0.317688,11.4394,235.216,-0.320002,11.4394,235.219,-0.322423,        27P   1841
11.4394,235.219,-0.322745,11.4394,235.221,-0.323301,11.4394,          27P   1842
235.221,-0.323534,11.4394,235.222,-0.323858,11.4394,235.223,          27P   1843
-0.323971,11.4394,235.224,-0.324145,11.4394,235.224,-0.324201,        27P   1844
11.4394,235.225,-0.324235,11.4394,235.225,-0.324228,11.4394,          27P   1845
235.226,-0.324162,11.4394,235.227,-0.324026,11.4394,235.228,          27P   1846
-0.323657,11.4394,235.23,-0.323113,11.4394,235.231,-0.322442,         27P   1847
11.4394,235.232,-0.321604,11.4394,235.233,-0.320444,11.4394,          27P   1848
235.234,-0.319123,11.4394,235.235,-0.317613,11.4394,235.235,          27P   1849
-0.31618,11.4394,235.235,-0.314643,11.4394,235.235,-0.31273,          27P   1850
11.4394,235.235,-0.310875,11.4394,235.234,-0.309078,11.4394,          27P   1851
235.233,-0.307422,11.4394,235.232,-0.306292,11.4394,235.231,          27P   1852
-0.305376,11.4394,235.231,-0.305003,11.4394,235.23,-0.304114,         27P   1853
11.4394,235.229,-0.303635,11.4394,235.229,-0.302732,11.4394,          27P   1854
235.228,-0.302308,11.4394,235.227,-0.301229,11.4394,235.226,          27P   1855
-0.300574,11.4394,235.225,-0.299385,11.4394,235.224,-0.298852,        27P   1856
11.4394,235.223,-0.297698,11.4394,235.223,-0.297076,11.4394,          27P   1857
235.222,-0.295977,11.4394,235.221,-0.295499,11.4394,235.221,          27P   1858
-0.295007,11.4394,235.22,-0.294503,11.4394,235.219,-0.293577,         27P   1859
11.4394,235.217,-0.291875,11.4394,235.215,-0.289695,11.4394,          27P   1860
235.213,-0.287697,11.4394,235.211,-0.286105,11.4394,235.21,           27P   1861
-0.284511,11.4394,235.206,-0.281268,11.4394,235.203,-0.278062,        27P   1862
11.4394,235.2,-0.274998,11.4394,235.199,-0.273824,11.4394,            27P   1863
235.197,-0.272136,11.4394,235.196,-0.270666,11.4394,235.194,          27P   1864
-0.2687,11.4394,235.192,-0.266672,11.4394,235.186,-0.260684,          27P   1865
11.4394,235.18,-0.25522,11.4394,235.175,-0.249885,11.4394,            27P   1866
235.174,-0.248727,11.4394,235.172,-0.24709,11.4394,235.171,           27P   1867
-0.24563,11.4394,235.17,-0.244282,11.4394,235.168,-0.24276,           27P   1868
11.4394,235.167,-0.24123,11.4394,235.159,-0.233441,11.4394,           27P   1869
235.152,-0.225595,11.4394,235.145,-0.217875,11.4394,235.144,          27P   1870
-0.216729,11.4394,235.142,-0.215128,11.4394,235.141,-0.213717,        27P   1871
11.4394,235.14,-0.212434,11.4394,235.138,-0.210963,11.4394,           27P   1872
235.137,-0.209504,11.4394,235.127,-0.198902,11.4394,235.117,          27P   1873
-0.188279,11.4394,235.108,-0.177007,11.4394,235.106,-0.175144,        27P   1874
11.4394,235.104,-0.173337,11.4394,235.103,-0.171943,11.4394,          27P   1875
235.102,-0.170551,11.4394,235.092,-0.159489,11.4394,235.083,          27P   1876
-0.148344,11.4394,235.074,-0.137029,11.4394,235.072,-0.135636,        27P   1877
11.4394,235.071,-0.134359,11.4394,235.07,-0.133188,11.4394,           27P   1878
235.069,-0.131876,11.4394,235.068,-0.130583,11.4394,235.059,          27P   1879
-0.119027,11.4394,235.049,-0.107555,11.4394,235.04,-0.0958005,        27P   1880
11.4394,235.039,-0.0945278,11.4394,235.038,-0.0933946,11.4394,        27P   1881
235.037,-0.0923223,11.4394,235.036,-0.0910788,11.4394,235.035,        27P   1882
-0.0898761,11.4394,235.026,-0.0779232,11.4394,235.017,-0.065986,      27P   1883
11.4394,235.008,-0.053803,11.4394,235.007,-0.0525785,11.4394,         27P   1884
235.006,-0.051507,11.4394,235.005,-0.0504959,11.4394,235.005,         27P   1885
-0.0493607,11.4394,235.004,-0.0482712,11.4394,234.995,                27P   1886
-0.0358912,11.4394,234.986,-0.0235292,11.4394,234.977,                27P   1887
-0.0106667,11.4394,234.976,-0.00921616,11.4394,234.975,               27P   1888
-0.00790023,11.4394,234.974,-0.00658806,11.4394,234.964,              27P   1889
0.00653276,11.4394,234.955,0.0196718,11.4394,234.946,0.0328722,       27P   1890
11.4394,234.945,0.0341785,11.4394,234.945,0.0353543,11.4394,          27P   1891
234.944,0.0365525,11.4394,234.935,0.0499718,11.4394,234.926,          27P   1892
0.0634307,11.4394,234.917,0.076708,11.4394,234.916,0.0778791,         27P   1893
11.4394,234.916,0.0789478,11.4394,234.915,0.0802,11.4394,             27P   1894
234.906,0.0939397,11.4394,234.897,0.107679,11.4394,234.888,           27P   1895
0.121491,11.4394,234.887,0.122752,11.4394,234.887,0.124088,           27P   1896
11.4394,234.878,0.138217,11.4394,234.868,0.152686,11.4394,            27P   1897
234.86,0.167152,11.4394,234.859,0.16861,11.4394,234.85,0.182987,      27P   1898
11.4394,234.841,0.197768,11.4394,234.832,0.212699,11.4394,            27P   1899
234.823,0.227888,11.4394,234.814,0.24299,11.4394,234.805,             27P   1900
0.258044,11.4394,234.796,0.273458,11.4394,234.787,0.288603,           27P   1901
11.4394,234.779,0.303756,11.4394,234.771,0.316588,11.4394,            27P   1902
234.764,0.329468,11.4394,234.752,0.352181,11.4394,234.742,            27P   1903
0.370499,11.4394,234.729,0.393398,11.4394,234.722,0.406574,           27P   1904
11.4394,234.72,0.411871,11.4394,234.719,0.420108,11.5176,             27P   1905
234.719,0.420689,11.5176,234.718,0.421834,11.5176,234.716,            27P   1906
0.422667,11.5176,234.715,0.422557,11.5176,234.713,0.421773,           27P   1907
11.5176,234.713,0.421341,11.5176,234.712,0.420237,11.5176,            27P   1908
234.712,0.419113,11.5176,234.712,0.417995,11.5176,234.712,            27P   1909
0.417293,11.5176,234.712,0.41632,11.5176,234.712,0.415886,            27P   1910
11.5176,234.713,0.415094,11.5176,234.713,0.414867,11.5176,            27P   1911
234.713,0.414296,11.5176,234.713,0.413283,11.5176,234.714,            27P   1912
0.412271,11.5176,234.714,0.411098,11.5176,234.714,0.410587,           27P   1913
11.5176,234.715,0.409616,11.5176,234.715,0.409156,11.5176,            27P   1914
234.716,0.406597,11.5176,234.717,0.403557,11.5176,234.718,            27P   1915
0.400089,11.5176,234.719,0.398653,11.5176,234.719,0.396733,           27P   1916
11.5176,234.72,0.395003,11.5176,234.721,0.393157,11.5176,             27P   1917
234.723,0.387288,11.5176,234.725,0.380924,11.5176,234.728,            27P   1918
0.374649,11.5176,234.728,0.373266,11.5176,234.729,0.371372,           27P   1919
11.5176,234.73,0.369672,11.5176,234.73,0.367826,11.5176,234.734,      27P   1920
0.35908,11.5176,234.737,0.349885,11.5176,234.741,0.340868,            27P   1921
11.5176,234.741,0.339554,11.5176,234.742,0.338011,11.5176,            27P   1922
234.742,0.336641,11.5176,234.743,0.335278,11.5176,234.744,            27P   1923
0.333991,11.5176,234.748,0.322666,11.5176,234.753,0.310775,           27P   1924
11.5176,234.758,0.298809,11.5176,234.759,0.297004,11.5176,            27P   1925
234.76,0.295097,11.5176,234.761,0.293483,11.5176,234.761,             27P   1926
0.292176,11.5176,234.767,0.278156,11.5176,234.774,0.263788,           27P   1927
11.5176,234.781,0.249258,11.5176,234.781,0.247566,11.5176,            27P   1928
234.782,0.245738,11.5176,234.783,0.244151,11.5176,234.784,            27P   1929
0.242817,11.5176,234.79,0.228798,11.5176,234.797,0.214581,            27P   1930
11.5176,234.804,0.200236,11.5176,234.805,0.198673,11.5176,            27P   1931
234.806,0.19698,11.5176,234.806,0.195421,11.5176,234.807,             27P   1932
0.194073,11.5176,234.814,0.180036,11.5176,234.821,0.165976,           27P   1933
11.5176,234.829,0.151899,11.5176,234.829,0.150469,11.5176,            27P   1934
234.83,0.148889,11.5176,234.831,0.147321,11.5176,234.832,             27P   1935
0.145937,11.5176,234.839,0.132025,11.5176,234.847,0.118158,           27P   1936
11.5176,234.855,0.104293,11.5176,234.856,0.102954,11.5176,            27P   1937
234.856,0.101453,11.5176,234.857,0.0999442,11.5176,234.858,           27P   1938
0.0985481,11.5176,234.866,0.0846786,11.5176,234.874,0.0709741,        27P   1939
11.5176,234.882,0.0573412,11.5176,234.883,0.0561583,11.5176,          27P   1940
234.884,0.0547833,11.5176,234.884,0.0535603,11.5176,234.885,          27P   1941
0.0525082,11.5176,234.885,0.0515454,11.5176,234.894,0.0381166,        27P   1942
11.5176,234.902,0.0246571,11.5176,234.911,0.0113124,11.5176,          27P   1943
234.911,0.0102455,11.5176,234.912,0.00894634,11.5176,234.913,         27P   1944
0.00774033,11.5176,234.914,0.00668385,11.5176,234.914,                27P   1945
0.00571338,11.5176,234.923,-0.00784442,11.5176,234.932,               27P   1946
-0.0213495,11.5176,234.942,-0.0347012,11.5176,234.942,                27P   1947
-0.0358782,11.5176,234.943,-0.0370296,11.5176,234.944,                27P   1948
-0.0380701,11.5176,234.945,-0.0390493,11.5176,234.954,-0.052273,      27P   1949
11.5176,234.964,-0.0652916,11.5176,234.974,-0.0781483,11.5176,        27P   1950
234.975,-0.0792301,11.5176,234.975,-0.0803382,11.5176,234.976,        27P   1951
-0.0813834,11.5176,234.977,-0.0823401,11.5176,234.987,                27P   1952
-0.0948077,11.5176,234.997,-0.10736,11.5176,235.008,-0.119748,        27P   1953
11.5176,235.008,-0.120858,11.5176,235.01,-0.122177,11.5176,           27P   1954
235.01,-0.123193,11.5176,235.011,-0.124116,11.5176,235.022,           27P   1955
-0.136535,11.5176,235.033,-0.148943,11.5176,235.044,-0.161207,        27P   1956
11.5176,235.046,-0.162404,11.5176,235.047,-0.163407,11.5176,          27P   1957
235.047,-0.164314,11.5176,235.059,-0.176255,11.5176,235.07,           27P   1958
-0.188108,11.5176,235.082,-0.199761,11.5176,235.084,-0.200872,        27P   1959
11.5176,235.085,-0.201846,11.5176,235.085,-0.202723,11.5176,          27P   1960
235.097,-0.214139,11.5176,235.11,-0.225345,11.5176,235.122,           27P   1961
-0.236373,11.5176,235.123,-0.237368,11.5176,235.124,-0.238305,        27P   1962
11.5176,235.125,-0.239153,11.5176,235.136,-0.248024,11.5176,          27P   1963
235.146,-0.256887,11.5176,235.157,-0.265748,11.5176,235.159,          27P   1964
-0.26694,11.5176,235.16,-0.267958,11.5176,235.168,-0.274539,          27P   1965
11.5176,235.177,-0.281001,11.5176,235.185,-0.28743,11.5176,           27P   1966
235.186,-0.288312,11.5176,235.187,-0.289219,11.5176,235.189,          27P   1967
-0.290021,11.5176,235.195,-0.294606,11.5176,235.201,-0.298988,        27P   1968
11.5176,235.207,-0.303283,11.5176,235.208,-0.304118,11.5176,          27P   1969
235.209,-0.304982,11.5176,235.21,-0.305938,11.5176,235.214,           27P   1970
-0.308671,11.5176,235.218,-0.311094,11.5176,235.221,-0.313427,        27P   1971
11.5176,235.221,-0.313569,11.5176,235.222,-0.313998,11.5176,          27P   1972
235.222,-0.314245,11.5176,235.223,-0.314589,11.5176,235.224,          27P   1973
-0.314708,11.5176,235.225,-0.314894,11.5176,235.225,-0.314956,        27P   1974
11.5176,235.227,-0.315021,11.5176,235.227,-0.314984,11.5176,          27P   1975
235.228,-0.314844,11.5176,235.229,-0.314727,11.5176,235.23,           27P   1976
-0.314455,11.5176,235.231,-0.313906,11.5176,235.232,-0.313233,        27P   1977
11.5176,235.233,-0.312297,11.5176,235.234,-0.311104,11.5176,          27P   1978
235.235,-0.309755,11.5176,235.236,-0.308371,11.5176,235.236,          27P   1979
-0.306927,11.5176,235.237,-0.305461,11.5176,235.237,-0.303635,        27P   1980
11.5176,235.236,-0.301768,11.5176,235.235,-0.299905,11.5176,          27P   1981
235.234,-0.298453,11.5176,235.234,-0.297653,11.5176,235.233,          27P   1982
-0.296834,11.5176,235.232,-0.296346,11.5176,235.231,-0.295313,        27P   1983
11.5176,235.23,-0.294753,11.5176,235.229,-0.293793,11.5176,           27P   1984
235.229,-0.293394,11.5176,235.228,-0.292369,11.5176,235.227,          27P   1985
-0.291743,11.5176,235.226,-0.290607,11.5176,235.225,-0.290098,        27P   1986
11.5176,235.224,-0.288995,11.5176,235.223,-0.288401,11.5176,          27P   1987
235.222,-0.287349,11.5176,235.221,-0.286892,11.5176,235.22,           27P   1988
-0.286093,11.5176,235.22,-0.285448,11.5176,235.219,-0.284559,         27P   1989
11.5176,235.217,-0.282926,11.5176,235.215,-0.281322,11.5176,          27P   1990
235.213,-0.279399,11.5176,235.211,-0.277864,11.5176,235.21,           27P   1991
-0.276327,11.5176,235.206,-0.272725,11.5176,235.202,-0.269594,        27P   1992
11.5176,235.199,-0.266636,11.5176,235.198,-0.265515,11.5176,          27P   1993
235.196,-0.264387,11.5176,235.195,-0.26297,11.5176,235.193,           27P   1994
-0.261075,11.5176,235.191,-0.259121,11.5176,235.184,-0.252927,        27P   1995
11.5176,235.178,-0.247641,11.5176,235.173,-0.24248,11.5176,           27P   1996
235.172,-0.241368,11.5176,235.171,-0.240222,11.5176,235.169,          27P   1997
-0.238808,11.5176,235.168,-0.237503,11.5176,235.166,-0.236028,        27P   1998
11.5176,235.165,-0.234544,11.5176,235.157,-0.22654,11.5176,           27P   1999
235.149,-0.218877,11.5176,235.142,-0.211329,11.5176,235.141,          27P   2000
-0.210214,11.5176,235.139,-0.209112,11.5176,235.138,-0.207732,        27P   2001
11.5176,235.137,-0.206476,11.5176,235.135,-0.205037,11.5176,          27P   2002
235.134,-0.203609,11.5176,235.124,-0.193228,11.5176,235.114,          27P   2003
-0.182806,11.5176,235.104,-0.171783,11.5176,235.102,-0.16996,         27P   2004
11.5176,235.101,-0.168194,11.5176,235.099,-0.166832,11.5176,          27P   2005
235.098,-0.165472,11.5176,235.088,-0.154672,11.5176,235.079,          27P   2006
-0.143788,11.5176,235.069,-0.132643,11.5176,235.068,-0.131262,        27P   2007
11.5176,235.067,-0.130002,11.5176,235.066,-0.128846,11.5176,          27P   2008
235.065,-0.127551,11.5176,235.063,-0.126274,11.5176,235.054,          27P   2009
-0.115019,11.5176,235.044,-0.103617,11.5176,235.035,-0.0919531,       27P   2010
11.5176,235.034,-0.0906388,11.5176,235.033,-0.0893917,11.5176,        27P   2011
235.032,-0.088328,11.5176,235.031,-0.0870945,11.5176,235.03,          27P   2012
-0.0859017,11.5176,235.021,-0.074168,11.5176,235.011,-0.062346,       27P   2013
11.5176,235.002,-0.050242,11.5176,235.001,-0.049007,11.5176,          27P   2014
235.,-0.0478339,11.5176,234.999,-0.0468287,11.5176,234.999,           27P   2015
-0.0456999,11.5176,234.998,-0.0446163,11.5176,234.988,                27P   2016
-0.0324206,11.5176,234.979,-0.0200898,11.5176,234.97,                 27P   2017
-0.00720476,11.5176,234.969,-0.00573824,11.5176,234.968,              27P   2018
-0.00431061,11.5176,234.967,-0.00299013,11.5176,234.958,              27P   2019
0.00999638,11.5176,234.949,0.0232102,11.5176,234.94,0.0364693,        27P   2020
11.5176,234.939,0.0378416,11.5176,234.938,0.0391369,11.5176,          27P   2021
234.938,0.0403442,11.5176,234.929,0.0536815,11.5176,234.92,           27P   2022
0.067178,11.5176,234.911,0.0805097,11.5176,234.91,0.08174,            27P   2023
11.5176,234.909,0.0829021,11.5176,234.909,0.0841598,11.5176,          27P   2024
234.9,0.0978275,11.5176,234.891,0.111644,11.5176,234.882,             27P   2025
0.125568,11.5176,234.881,0.126882,11.5176,234.881,0.128318,           27P   2026
11.5176,234.872,0.142572,11.5176,234.863,0.157196,11.5176,            27P   2027
234.854,0.171804,11.5176,234.853,0.173274,11.5176,234.844,            27P   2028
0.187763,11.5176,234.836,0.20268,11.5176,234.827,0.217783,            27P   2029
11.5176,234.818,0.233206,11.5176,234.809,0.248526,11.5176,            27P   2030
234.801,0.26379,11.5176,234.792,0.279292,11.5176,234.784,             27P   2031
0.294649,11.5176,234.775,0.310067,11.5176,234.768,0.323188,           27P   2032
11.5176,234.762,0.336459,11.5176,234.75,0.359482,11.5176,234.74,      27P   2033
0.377904,11.5176,234.728,0.401536,11.5176,234.722,0.414819,           27P   2034
11.5176,234.719,0.420108,11.5176,234.716,0.423076,11.57,234.715,      27P   2035
0.423759,11.57,234.714,0.424792,11.57,234.712,0.425375,11.57,         27P   2036
234.711,0.4252,11.57,234.71,0.424408,11.57,234.709,0.423598,          27P   2037
11.57,234.709,0.422343,11.57,234.709,0.421355,11.57,234.709,          27P   2038
0.420367,11.57,234.709,0.419746,11.57,234.709,0.418788,11.57,         27P   2039
234.709,0.418367,11.57,234.71,0.417571,11.57,234.71,0.417254,         27P   2040
11.57,234.71,0.41659,11.57,234.71,0.415575,11.57,234.711,             27P   2041
0.41456,11.57,234.711,0.41338,11.57,234.711,0.412868,11.57,           27P   2042
234.712,0.411893,11.57,234.712,0.411431,11.57,234.713,0.408726,       27P   2043
11.57,234.714,0.405635,11.57,234.715,0.402147,11.57,234.716,          27P   2044
0.400703,11.57,234.716,0.398936,11.57,234.717,0.397195,11.57,         27P   2045
234.718,0.395338,11.57,234.72,0.389274,11.57,234.722,0.382853,        27P   2046
11.57,234.724,0.376545,11.57,234.725,0.375155,11.57,234.726,          27P   2047
0.373429,11.57,234.726,0.371721,11.57,234.727,0.369866,11.57,         27P   2048
234.73,0.36093,11.57,234.734,0.351688,11.57,234.737,0.342629,         27P   2049
11.57,234.738,0.341309,11.57,234.739,0.339919,11.57,234.739,          27P   2050
0.338542,11.57,234.74,0.337173,11.57,234.74,0.335879,11.57,           27P   2051
234.745,0.324329,11.57,234.75,0.312361,11.57,234.755,0.300335,        27P   2052
11.57,234.756,0.298521,11.57,234.756,0.296742,11.57,234.757,          27P   2053
0.29516,11.57,234.758,0.293847,11.57,234.764,0.279588,11.57,          27P   2054
234.77,0.265152,11.57,234.777,0.250569,11.57,234.778,0.24887,         27P   2055
11.57,234.778,0.247178,11.57,234.779,0.24562,11.57,234.78,            27P   2056
0.244281,11.57,234.786,0.230062,11.57,234.793,0.215794,11.57,         27P   2057
234.8,0.201412,11.57,234.801,0.199846,11.57,234.802,0.198266,         27P   2058
11.57,234.803,0.19674,11.57,234.803,0.195389,11.57,234.81,            27P   2059
0.181209,11.57,234.818,0.167117,11.57,234.825,0.153012,11.57,         27P   2060
234.826,0.15158,11.57,234.827,0.150083,11.57,234.827,0.148539,        27P   2061
11.57,234.828,0.147152,11.57,234.836,0.133133,11.57,234.843,          27P   2062
0.119238,11.57,234.851,0.105373,11.57,234.852,0.104035,11.57,         27P   2063
234.853,0.102612,11.57,234.854,0.101104,11.57,234.854,0.0997085,      27P   2064
11.57,234.862,0.0857679,11.57,234.871,0.0720878,11.57,234.879,        27P   2065
0.0584673,11.57,234.879,0.0572854,11.57,234.88,0.0559663,11.57,       27P   2066
234.881,0.0547693,11.57,234.882,0.0537179,11.57,234.882,              27P   2067
0.0527552,11.57,234.89,0.0392669,11.57,234.899,0.0258063,11.57,       27P   2068
234.908,0.012495,11.57,234.908,0.0114309,11.57,234.909,0.010183,      27P   2069
11.57,234.91,0.00900135,11.57,234.911,0.00794805,11.57,234.911,       27P   2070
0.0069801,11.57,234.92,-0.00643668,11.57,234.929,-0.0198684,          27P   2071
11.57,234.939,-0.0331358,11.57,234.94,-0.0344155,11.57,234.941,       27P   2072
-0.035542,11.57,234.941,-0.0365756,11.57,234.942,-0.0375488,          27P   2073
11.57,234.952,-0.0506114,11.57,234.962,-0.0635288,11.57,234.972,      27P   2074
-0.0762501,11.57,234.973,-0.0774086,11.57,234.974,-0.0784843,         27P   2075
11.57,234.975,-0.0795178,11.57,234.975,-0.0804643,11.57,234.985,      27P   2076
-0.0929166,11.57,234.996,-0.105293,11.57,235.007,-0.117477,           27P   2077
11.57,235.008,-0.118569,11.57,235.009,-0.119741,11.57,235.01,         27P   2078
-0.120741,11.57,235.01,-0.121648,11.57,235.021,-0.133824,11.57,       27P   2079
235.033,-0.145993,11.57,235.045,-0.157982,11.57,235.046,              27P   2080
-0.159183,11.57,235.047,-0.160163,11.57,235.048,-0.16105,11.57,       27P   2081
235.059,-0.172718,11.57,235.071,-0.184256,11.57,235.084,              27P   2082
-0.195575,11.57,235.085,-0.196647,11.57,235.086,-0.197593,11.57,      27P   2083
235.087,-0.198445,11.57,235.099,-0.20955,11.57,235.112,               27P   2084
-0.220403,11.57,235.125,-0.231039,11.57,235.126,-0.231978,11.57,      27P   2085
235.127,-0.232881,11.57,235.128,-0.233699,11.57,235.139,              27P   2086
-0.242302,11.57,235.149,-0.250811,11.57,235.161,-0.259293,11.57,      27P   2087
235.162,-0.260382,11.57,235.164,-0.261356,11.57,235.172,              27P   2088
-0.267748,11.57,235.181,-0.273909,11.57,235.19,-0.280014,11.57,       27P   2089
235.191,-0.280758,11.57,235.192,-0.281618,11.57,235.193,              27P   2090
-0.282379,11.57,235.199,-0.2867,11.57,235.205,-0.290843,11.57,        27P   2091
235.212,-0.294892,11.57,235.213,-0.295683,11.57,235.214,              27P   2092
-0.296519,11.57,235.215,-0.297418,11.57,235.219,-0.299956,11.57,      27P   2093
235.223,-0.3022,11.57,235.226,-0.30439,11.57,235.226,-0.304563,       27P   2094
11.57,235.227,-0.305034,11.57,235.228,-0.305288,11.57,235.229,        27P   2095
-0.305646,11.57,235.229,-0.305772,11.57,235.23,-0.305971,11.57,       27P   2096
235.231,-0.30604,11.57,235.232,-0.306105,11.57,235.232,               27P   2097
-0.306091,11.57,235.233,-0.306003,11.57,235.234,-0.305885,11.57,      27P   2098
235.235,-0.305555,11.57,235.236,-0.305016,11.57,235.238,              27P   2099
-0.304329,11.57,235.239,-0.303355,11.57,235.24,-0.30213,11.57,        27P   2100
235.241,-0.300752,11.57,235.241,-0.299372,11.57,235.242,              27P   2101
-0.29791,11.57,235.242,-0.29644,11.57,235.242,-0.294585,11.57,        27P   2102
235.241,-0.292738,11.57,235.24,-0.290917,11.57,235.239,               27P   2103
-0.289586,11.57,235.238,-0.288837,11.57,235.237,-0.288037,11.57,      27P   2104
235.237,-0.287528,11.57,235.236,-0.286512,11.57,235.235,              27P   2105
-0.286005,11.57,235.234,-0.285114,11.57,235.233,-0.28473,11.57,       27P   2106
235.232,-0.283747,11.57,235.231,-0.283147,11.57,235.23,               27P   2107
-0.282059,11.57,235.229,-0.281571,11.57,235.228,-0.280513,11.57,      27P   2108
235.227,-0.279944,11.57,235.226,-0.278935,11.57,235.226,              27P   2109
-0.278497,11.57,235.225,-0.277772,11.57,235.224,-0.277174,11.57,      27P   2110
235.223,-0.276322,11.57,235.221,-0.274756,11.57,235.219,              27P   2111
-0.273157,11.57,235.217,-0.271313,11.57,235.215,-0.269842,11.57,      27P   2112
235.213,-0.268368,11.57,235.209,-0.265013,11.57,235.206,              27P   2113
-0.26201,11.57,235.203,-0.259165,11.57,235.201,-0.258043,11.57,       27P   2114
235.2,-0.256894,11.57,235.198,-0.255528,11.57,235.196,-0.253702,      27P   2115
11.57,235.194,-0.251818,11.57,235.187,-0.245923,11.57,235.181,        27P   2116
-0.240817,11.57,235.176,-0.235829,11.57,235.175,-0.234725,11.57,      27P   2117
235.173,-0.233562,11.57,235.172,-0.232195,11.57,235.17,               27P   2118
-0.230934,11.57,235.169,-0.229508,11.57,235.167,-0.228073,11.57,      27P   2119
235.159,-0.220408,11.57,235.151,-0.212999,11.57,235.143,              27P   2120
-0.205686,11.57,235.142,-0.204588,11.57,235.141,-0.203461,11.57,      27P   2121
235.14,-0.202122,11.57,235.138,-0.200905,11.57,235.137,               27P   2122
-0.199509,11.57,235.135,-0.198122,11.57,235.125,-0.18807,11.57,       27P   2123
235.115,-0.177928,11.57,235.104,-0.167169,11.57,235.103,              27P   2124
-0.165366,11.57,235.101,-0.163641,11.57,235.1,-0.16231,11.57,         27P   2125
235.098,-0.160981,11.57,235.088,-0.150424,11.57,235.078,              27P   2126
-0.139764,11.57,235.068,-0.128852,11.57,235.067,-0.1275,11.57,        27P   2127
235.066,-0.126267,11.57,235.065,-0.125135,11.57,235.064,              27P   2128
-0.123867,11.57,235.063,-0.122616,11.57,235.053,-0.111539,11.57,      27P   2129
235.043,-0.100366,11.57,235.033,-0.0888901,11.57,235.032,             27P   2130
-0.0876212,11.57,235.031,-0.0864292,11.57,235.03,-0.0853818,          27P   2131
11.57,235.029,-0.0841669,11.57,235.028,-0.0829917,11.57,235.018,      27P   2132
-0.071377,11.57,235.009,-0.0596877,11.57,234.999,-0.0477221,          27P   2133
11.57,234.998,-0.0465239,11.57,234.997,-0.0453958,11.57,234.997,      27P   2134
-0.0444021,11.57,234.996,-0.0432862,11.57,234.995,-0.042215,          27P   2135
11.57,234.985,-0.0300997,11.57,234.976,-0.0179057,11.57,234.967,      27P   2136
-0.00514101,11.57,234.966,-0.00371684,11.57,234.965,-0.0023337,       27P   2137
11.57,234.964,-0.00102646,11.57,234.954,0.0119203,11.57,234.945,      27P   2138
0.0250432,11.57,234.936,0.0382281,11.57,234.935,0.0395501,11.57,      27P   2139
234.934,0.0408051,11.57,234.933,0.0420047,11.57,234.924,              27P   2140
0.0553162,11.57,234.915,0.068761,11.57,234.906,0.0820551,11.57,       27P   2141
234.905,0.0832618,11.57,234.905,0.0843948,11.57,234.904,              27P   2142
0.0856492,11.57,234.895,0.0993406,11.57,234.886,0.113136,11.57,       27P   2143
234.877,0.127043,11.57,234.876,0.128322,11.57,234.876,0.12973,        27P   2144
11.57,234.867,0.143985,11.57,234.858,0.1586,11.57,234.849,            27P   2145
0.173234,11.57,234.848,0.17469,11.57,234.839,0.189235,11.57,          27P   2146
234.83,0.204213,11.57,234.822,0.219368,11.57,234.813,0.234825,        27P   2147
11.57,234.804,0.25019,11.57,234.795,0.265535,11.57,234.787,           27P   2148
0.281162,11.57,234.779,0.296638,11.57,234.771,0.312156,11.57,         27P   2149
234.764,0.325341,11.57,234.757,0.338648,11.57,234.745,0.361873,       27P   2150
11.57,234.736,0.380485,11.57,234.724,0.404266,11.57,234.718,          27P   2151
0.4177,11.57,234.716,0.423076,11.57,234.712,0.4243,11.602,            27P   2152
234.712,0.425085,11.602,234.711,0.425998,11.602,234.709,0.42635,      27P   2153
11.602,234.708,0.426142,11.602,234.707,0.425404,11.602,234.706,       27P   2154
0.424256,11.602,234.706,0.422894,11.602,234.706,0.422025,11.602,      27P   2155
234.706,0.421153,11.602,234.706,0.420606,11.602,234.706,              27P   2156
0.419643,11.602,234.707,0.419228,11.602,234.707,0.418428,11.602,      27P   2157
234.707,0.418044,11.602,234.707,0.417312,11.602,234.708,              27P   2158
0.416293,11.602,234.708,0.415274,11.602,234.708,0.414089,11.602,      27P   2159
234.709,0.413576,11.602,234.709,0.412597,11.602,234.709,              27P   2160
0.412132,11.602,234.71,0.409277,11.602,234.711,0.406137,11.602,       27P   2161
234.712,0.402634,11.602,234.713,0.401185,11.602,234.713,              27P   2162
0.399587,11.602,234.714,0.397839,11.602,234.715,0.395975,11.602,      27P   2163
234.717,0.389712,11.602,234.719,0.383245,11.602,234.722,              27P   2164
0.376916,11.602,234.722,0.375521,11.602,234.723,0.373981,11.602,      27P   2165
234.723,0.372267,11.602,234.724,0.370407,11.602,234.727,              27P   2166
0.361283,11.602,234.731,0.352006,11.602,234.734,0.34292,11.602,       27P   2167
234.735,0.341596,11.602,234.735,0.340373,11.602,234.736,              27P   2168
0.338993,11.602,234.737,0.337618,11.602,234.737,0.33632,11.602,       27P   2169
234.742,0.324589,11.602,234.747,0.312566,11.602,234.752,0.3005,       27P   2170
11.602,234.752,0.29868,11.602,234.753,0.297044,11.602,234.754,        27P   2171
0.295458,11.602,234.754,0.29414,11.602,234.761,0.279688,11.602,       27P   2172
234.767,0.265212,11.602,234.774,0.2506,11.602,234.774,0.248898,       27P   2173
11.602,234.775,0.247355,11.602,234.776,0.245794,11.602,234.776,       27P   2174
0.244453,11.602,234.783,0.230082,11.602,234.79,0.215786,11.602,       27P   2175
234.797,0.201392,11.602,234.798,0.199824,11.602,234.799,0.19837,      27P   2176
11.602,234.799,0.196843,11.602,234.8,0.195491,11.602,234.807,         27P   2177
0.181207,11.602,234.815,0.16711,11.602,234.822,0.152999,11.602,       27P   2178
234.823,0.151566,11.602,234.824,0.150162,11.602,234.824,              27P   2179
0.148617,11.602,234.825,0.147229,11.602,234.833,0.13312,11.602,       27P   2180
234.84,0.119219,11.602,234.848,0.105373,11.602,234.849,0.104037,      27P   2181
11.602,234.85,0.102702,11.602,234.851,0.101196,11.602,234.852,        27P   2182
0.0998035,11.602,234.86,0.0858311,11.602,234.868,0.0721942,           27P   2183
11.602,234.876,0.0586038,11.602,234.877,0.0574245,11.602,             27P   2184
234.878,0.0561675,11.602,234.879,0.0549729,11.602,234.879,            27P   2185
0.0539235,11.602,234.88,0.0529627,11.602,234.888,0.0394481,           27P   2186
11.602,234.897,0.0260044,11.602,234.906,0.0127408,11.602,             27P   2187
234.906,0.0116807,11.602,234.907,0.0104894,11.602,234.908,            27P   2188
0.00931238,11.602,234.909,0.00826337,11.602,234.909,0.00729944,       27P   2189
11.602,234.918,-0.00596449,11.602,234.928,-0.0193119,11.602,          27P   2190
234.937,-0.0324904,11.602,234.938,-0.0338539,11.602,234.939,          27P   2191
-0.0349727,11.602,234.94,-0.0359991,11.602,234.941,-0.0369655,        27P   2192
11.602,234.95,-0.0498567,11.602,234.961,-0.0626759,11.602,            27P   2193
234.971,-0.075271,11.602,234.972,-0.076495,11.602,234.973,            27P   2194
-0.0775596,11.602,234.974,-0.0785823,11.602,234.974,-0.0795188,       27P   2195
11.602,234.985,-0.0919644,11.602,234.996,-0.104182,11.602,            27P   2196
235.007,-0.116188,11.602,235.008,-0.117264,11.602,235.009,            27P   2197
-0.118294,11.602,235.01,-0.119279,11.602,235.01,-0.120174,            27P   2198
11.602,235.022,-0.132144,11.602,235.033,-0.144112,11.602,             27P   2199
235.045,-0.155868,11.602,235.047,-0.157068,11.602,235.048,            27P   2200
-0.158029,11.602,235.048,-0.158898,11.602,235.06,-0.170343,           27P   2201
11.602,235.073,-0.181616,11.602,235.085,-0.192661,11.602,             27P   2202
235.087,-0.193697,11.602,235.088,-0.194619,11.602,235.089,            27P   2203
-0.195451,11.602,235.101,-0.206312,11.602,235.114,-0.216882,          27P   2204
11.602,235.127,-0.22721,11.602,235.128,-0.228095,11.602,235.13,       27P   2205
-0.228972,11.602,235.131,-0.229766,11.602,235.141,-0.238154,          27P   2206
11.602,235.153,-0.246391,11.602,235.164,-0.254582,11.602,             27P   2207
235.166,-0.255597,11.602,235.167,-0.256537,11.602,235.176,            27P   2208
-0.262789,11.602,235.185,-0.268721,11.602,235.194,-0.274577,          27P   2209
11.602,235.195,-0.275213,11.602,235.196,-0.276039,11.602,             27P   2210
235.197,-0.276768,11.602,235.203,-0.280865,11.602,235.21,             27P   2211
-0.284826,11.602,235.216,-0.288685,11.602,235.217,-0.289448,          27P   2212
11.602,235.219,-0.290278,11.602,235.22,-0.291134,11.602,235.224,      27P   2213
-0.293502,11.602,235.227,-0.295586,11.602,235.231,-0.297667,          27P   2214
11.602,235.231,-0.297883,11.602,235.232,-0.298405,11.602,             27P   2215
235.233,-0.298665,11.602,235.234,-0.299035,11.602,235.234,            27P   2216
-0.299167,11.602,235.235,-0.299378,11.602,235.236,-0.299453,          27P   2217
11.602,235.236,-0.299521,11.602,235.237,-0.299527,11.602,             27P   2218
235.238,-0.299485,11.602,235.239,-0.299367,11.602,235.24,             27P   2219
-0.29899,11.602,235.241,-0.298464,11.602,235.242,-0.29777,            27P   2220
11.602,235.244,-0.296749,11.602,235.245,-0.295499,11.602,             27P   2221
235.245,-0.294098,11.602,235.246,-0.292751,11.602,235.246,            27P   2222
-0.291278,11.602,235.246,-0.289795,11.602,235.246,-0.287941,          27P   2223
11.602,235.246,-0.286108,11.602,235.245,-0.284325,11.602,             27P   2224
235.244,-0.28306,11.602,235.243,-0.28236,11.602,235.242,              27P   2225
-0.281587,11.602,235.241,-0.281074,11.602,235.24,-0.280071,           27P   2226
11.602,235.239,-0.279581,11.602,235.238,-0.27872,11.602,235.238,      27P   2227
-0.278348,11.602,235.236,-0.277397,11.602,235.236,-0.276817,          27P   2228
11.602,235.234,-0.275764,11.602,235.234,-0.275292,11.602,             27P   2229
235.232,-0.274269,11.602,235.232,-0.273718,11.602,235.23,             27P   2230
-0.272743,11.602,235.23,-0.272318,11.602,235.229,-0.271662,           27P   2231
11.602,235.228,-0.271106,11.602,235.227,-0.270281,11.602,             27P   2232
235.225,-0.268766,11.602,235.223,-0.267152,11.602,235.221,            27P   2233
-0.265367,11.602,235.219,-0.263942,11.602,235.217,-0.262514,          27P   2234
11.602,235.213,-0.259369,11.602,235.21,-0.256462,11.602,235.206,      27P   2235
-0.2537,11.602,235.205,-0.252569,11.602,235.203,-0.251384,            27P   2236
11.602,235.202,-0.250057,11.602,235.2,-0.248282,11.602,235.197,       27P   2237
-0.246449,11.602,235.191,-0.240798,11.602,235.185,-0.235826,          27P   2238
11.602,235.179,-0.23097,11.602,235.178,-0.229866,11.602,235.176,      27P   2239
-0.228674,11.602,235.175,-0.227344,11.602,235.173,-0.226115,          27P   2240
11.602,235.172,-0.224727,11.602,235.17,-0.22333,11.602,235.162,       27P   2241
-0.215943,11.602,235.153,-0.208731,11.602,235.146,-0.201598,          27P   2242
11.602,235.144,-0.200512,11.602,235.143,-0.19935,11.602,235.142,      27P   2243
-0.198043,11.602,235.14,-0.196855,11.602,235.139,-0.195492,           27P   2244
11.602,235.137,-0.194139,11.602,235.127,-0.184319,11.602,             27P   2245
235.116,-0.174394,11.602,235.106,-0.163842,11.602,235.104,            27P   2246
-0.162076,11.602,235.102,-0.160383,11.602,235.101,-0.159077,          27P   2247
11.602,235.099,-0.157772,11.602,235.089,-0.147382,11.602,             27P   2248
235.079,-0.136899,11.602,235.068,-0.126175,11.602,235.067,            27P   2249
-0.124874,11.602,235.066,-0.123662,11.602,235.065,-0.12255,           27P   2250
11.602,235.064,-0.121303,11.602,235.063,-0.120075,11.602,             27P   2251
235.052,-0.109164,11.602,235.042,-0.0981811,11.602,235.032,           27P   2252
-0.0868613,11.602,235.031,-0.0856353,11.602,235.03,-0.084459,         27P   2253
11.602,235.029,-0.0834251,11.602,235.028,-0.0822257,11.602,           27P   2254
235.027,-0.0810653,11.602,235.017,-0.0695726,11.602,235.008,          27P   2255
-0.0579968,11.602,234.998,-0.0461512,11.602,234.997,-0.0449865,       27P   2256
11.602,234.996,-0.0438697,11.602,234.995,-0.0428861,11.602,           27P   2257
234.994,-0.0417815,11.602,234.994,-0.0407211,11.602,234.984,          27P   2258
-0.0287023,11.602,234.974,-0.0166312,11.602,234.965,-0.00397786,      27P   2259
11.602,234.964,-0.00259262,11.602,234.963,-0.00122125,11.602,         27P   2260
234.962,7.49619E-05,11.602,234.952,0.0129555,11.602,234.943,          27P   2261
0.0259873,11.602,234.933,0.039096,11.602,234.932,0.0403681,           27P   2262
11.602,234.932,0.041616,11.602,234.931,0.0428089,11.602,234.921,      27P   2263
0.0560689,11.602,234.912,0.0694552,11.602,234.903,0.0827027,          27P   2264
11.602,234.902,0.0838834,11.602,234.902,0.0850125,11.602,             27P   2265
234.901,0.0862626,11.602,234.892,0.0999404,11.602,234.883,            27P   2266
0.1137,11.602,234.874,0.127572,11.602,234.873,0.128815,11.602,        27P   2267
234.872,0.130219,11.602,234.863,0.144465,11.602,234.854,              27P   2268
0.159047,11.602,234.845,0.173679,11.602,234.844,0.175106,11.602,      27P   2269
234.835,0.189687,11.602,234.826,0.204694,11.602,234.818,              27P   2270
0.219867,11.602,234.809,0.23532,11.602,234.8,0.250692,11.602,         27P   2271
234.791,0.266078,11.602,234.783,0.281747,11.602,234.775,              27P   2272
0.297295,11.602,234.767,0.312859,11.602,234.76,0.326074,11.602,       27P   2273
234.753,0.339405,11.602,234.741,0.362756,11.602,234.732,              27P   2274
0.381493,11.602,234.721,0.405323,11.602,234.715,0.418858,11.602,      27P   2275
234.712,0.4243,11.602,0.,1.85503,0.,0.843731;                         27P   2276
S      5G      3D     28P   2276                                        T      1
