ISO-10303-21;
HEADER;
FILE_DESCRIPTION(('Open CASCADE Model'),'2;1');
FILE_NAME('Open CASCADE Shape Model','2026-03-17T11:29:03',('Author'),(
    'Open CASCADE'),'Open CASCADE STEP processor 7.8','Open CASCADE 7.8'
  ,'Unknown');
FILE_SCHEMA(('AUTOMOTIVE_DESIGN { 1 0 10303 214 1 1 1 1 }'));
ENDSEC;
DATA;
#1 = APPLICATION_PROTOCOL_DEFINITION('international standard',
  'automotive_design',2000,#2);
#2 = APPLICATION_CONTEXT(
  'core data for automotive mechanical design processes');
#3 = SHAPE_DEFINITION_REPRESENTATION(#4,#10);
#4 = PRODUCT_DEFINITION_SHAPE('','',#5);
#5 = PRODUCT_DEFINITION('design','',#6,#9);
#6 = PRODUCT_DEFINITION_FORMATION('','',#7);
#7 = PRODUCT('Open CASCADE STEP translator 7.8 3',
  'Open CASCADE STEP translator 7.8 3','',(#8));
#8 = PRODUCT_CONTEXT('',#2,'mechanical');
#9 = PRODUCT_DEFINITION_CONTEXT('part definition',#2,'design');
#10 = SHAPE_REPRESENTATION('',(#11,#15,#19,#23,#27,#31,#35,#39,#43),#47
  );
#11 = AXIS2_PLACEMENT_3D('',#12,#13,#14);
#12 = CARTESIAN_POINT('',(0.,0.,0.));
#13 = DIRECTION('',(0.,0.,1.));
#14 = DIRECTION('',(1.,0.,-0.));
#15 = AXIS2_PLACEMENT_3D('',#16,#17,#18);
#16 = CARTESIAN_POINT('',(0.,0.,0.));
#17 = DIRECTION('',(0.,0.,1.));
#18 = DIRECTION('',(1.,0.,-0.));
#19 = AXIS2_PLACEMENT_3D('',#20,#21,#22);
#20 = CARTESIAN_POINT('',(0.,0.,0.));
#21 = DIRECTION('',(0.,0.,1.));
#22 = DIRECTION('',(1.,0.,-0.));
#23 = AXIS2_PLACEMENT_3D('',#24,#25,#26);
#24 = CARTESIAN_POINT('',(0.,0.,0.));
#25 = DIRECTION('',(0.,0.,1.));
#26 = DIRECTION('',(1.,0.,-0.));
#27 = AXIS2_PLACEMENT_3D('',#28,#29,#30);
#28 = CARTESIAN_POINT('',(0.,0.,0.));
#29 = DIRECTION('',(0.,0.,1.));
#30 = DIRECTION('',(1.,0.,-0.));
#31 = AXIS2_PLACEMENT_3D('',#32,#33,#34);
#32 = CARTESIAN_POINT('',(0.,0.,0.));
#33 = DIRECTION('',(0.,0.,1.));
#34 = DIRECTION('',(1.,0.,-0.));
#35 = AXIS2_PLACEMENT_3D('',#36,#37,#38);
#36 = CARTESIAN_POINT('',(0.,0.,0.));
#37 = DIRECTION('',(0.,0.,1.));
#38 = DIRECTION('',(1.,0.,-0.));
#39 = AXIS2_PLACEMENT_3D('',#40,#41,#42);
#40 = CARTESIAN_POINT('',(0.,0.,0.));
#41 = DIRECTION('',(0.,0.,1.));
#42 = DIRECTION('',(1.,0.,-0.));
#43 = AXIS2_PLACEMENT_3D('',#44,#45,#46);
#44 = CARTESIAN_POINT('',(0.,0.,0.));
#45 = DIRECTION('',(0.,0.,1.));
#46 = DIRECTION('',(1.,0.,-0.));
#47 = ( GEOMETRIC_REPRESENTATION_CONTEXT(3) 
GLOBAL_UNCERTAINTY_ASSIGNED_CONTEXT((#51)) GLOBAL_UNIT_ASSIGNED_CONTEXT(
(#48,#49,#50)) REPRESENTATION_CONTEXT('Context #1',
  '3D Context with UNIT and UNCERTAINTY') );
#48 = ( LENGTH_UNIT() NAMED_UNIT(*) SI_UNIT(.MILLI.,.METRE.) );
#49 = ( NAMED_UNIT(*) PLANE_ANGLE_UNIT() SI_UNIT($,.RADIAN.) );
#50 = ( NAMED_UNIT(*) SI_UNIT($,.STERADIAN.) SOLID_ANGLE_UNIT() );
#51 = UNCERTAINTY_MEASURE_WITH_UNIT(LENGTH_MEASURE(1.E-07),#48,
  'distance_accuracy_value','confusion accuracy');
#52 = PRODUCT_RELATED_PRODUCT_CATEGORY('part',$,(#7));
#53 = SHAPE_DEFINITION_REPRESENTATION(#54,#60);
#54 = PRODUCT_DEFINITION_SHAPE('','',#55);
#55 = PRODUCT_DEFINITION('design','',#56,#59);
#56 = PRODUCT_DEFINITION_FORMATION('','',#57);
#57 = PRODUCT('Open CASCADE STEP translator 7.8 3.1',
  'Open CASCADE STEP translator 7.8 3.1','',(#58));
#58 = PRODUCT_CONTEXT('',#2,'mechanical');
#59 = PRODUCT_DEFINITION_CONTEXT('part definition',#2,'design');
#60 = GEOMETRICALLY_BOUNDED_WIREFRAME_SHAPE_REPRESENTATION('',(#11,#61),
  #466);
#61 = GEOMETRIC_CURVE_SET('',(#62));
#62 = TRIMMED_CURVE('',#63,(#464,PARAMETER_VALUE(0.)),(#465,
    PARAMETER_VALUE(1.)),.T.,.PARAMETER.);
#63 = B_SPLINE_CURVE_WITH_KNOTS('',3,(#64,#65,#66,#67,#68,#69,#70,#71,
    #72,#73,#74,#75,#76,#77,#78,#79,#80,#81,#82,#83,#84,#85,#86,#87,#88,
    #89,#90,#91,#92,#93,#94,#95,#96,#97,#98,#99,#100,#101,#102,#103,#104
    ,#105,#106,#107,#108,#109,#110,#111,#112,#113,#114,#115,#116,#117,
    #118,#119,#120,#121,#122,#123,#124,#125,#126,#127,#128,#129,#130,
    #131,#132,#133,#134,#135,#136,#137,#138,#139,#140,#141,#142,#143,
    #144,#145,#146,#147,#148,#149,#150,#151,#152,#153,#154,#155,#156,
    #157,#158,#159,#160,#161,#162,#163,#164,#165,#166,#167,#168,#169,
    #170,#171,#172,#173,#174,#175,#176,#177,#178,#179,#180,#181,#182,
    #183,#184,#185,#186,#187,#188,#189,#190,#191,#192,#193,#194,#195,
    #196,#197,#198,#199,#200,#201,#202,#203,#204,#205,#206,#207,#208,
    #209,#210,#211,#212,#213,#214,#215,#216,#217,#218,#219,#220,#221,
    #222,#223,#224,#225,#226,#227,#228,#229,#230,#231,#232,#233,#234,
    #235,#236,#237,#238,#239,#240,#241,#242,#243,#244,#245,#246,#247,
    #248,#249,#250,#251,#252,#253,#254,#255,#256,#257,#258,#259,#260,
    #261,#262,#263,#264,#265,#266,#267,#268,#269,#270,#271,#272,#273,
    #274,#275,#276,#277,#278,#279,#280,#281,#282,#283,#284,#285,#286,
    #287,#288,#289,#290,#291,#292,#293,#294,#295,#296,#297,#298,#299,
    #300,#301,#302,#303,#304,#305,#306,#307,#308,#309,#310,#311,#312,
    #313,#314,#315,#316,#317,#318,#319,#320,#321,#322,#323,#324,#325,
    #326,#327,#328,#329,#330,#331,#332,#333,#334,#335,#336,#337,#338,
    #339,#340,#341,#342,#343,#344,#345,#346,#347,#348,#349,#350,#351,
    #352,#353,#354,#355,#356,#357,#358,#359,#360,#361,#362,#363,#364,
    #365,#366,#367,#368,#369,#370,#371,#372,#373,#374,#375,#376,#377,
    #378,#379,#380,#381,#382,#383,#384,#385,#386,#387,#388,#389,#390,
    #391,#392,#393,#394,#395,#396,#397,#398,#399,#400,#401,#402,#403,
    #404,#405,#406,#407,#408,#409,#410,#411,#412,#413,#414,#415,#416,
    #417,#418,#419,#420,#421,#422,#423,#424,#425,#426,#427,#428,#429,
    #430,#431,#432,#433,#434,#435,#436,#437,#438,#439,#440,#441,#442,
    #443,#444,#445,#446,#447,#448,#449,#450,#451,#452,#453,#454,#455,
    #456,#457,#458,#459,#460,#461,#462,#463),.UNSPECIFIED.,.F.,.F.,(4,1,
    1,1,1,1,1,1,1,1,1,1,1,1,1,1,1,1,1,1,1,1,1,1,1,1,1,1,1,1,1,1,1,1,1,1,
    1,1,1,1,1,1,1,1,1,1,1,1,1,1,1,1,1,1,1,1,1,1,1,1,1,1,1,1,1,1,1,1,1,1,
    1,1,1,1,1,1,1,1,1,1,1,1,1,1,1,1,1,1,1,1,1,1,1,1,1,1,1,1,1,1,1,1,1,1,
    1,1,1,1,1,1,1,1,1,1,1,1,1,1,1,1,1,1,1,1,1,1,1,1,1,1,1,1,1,1,1,1,1,1,
    1,1,1,1,1,1,1,1,1,1,1,1,1,1,1,1,1,1,1,1,1,1,1,1,1,1,1,1,1,1,1,1,1,1,
    1,1,1,1,1,1,1,1,1,1,1,1,1,1,1,1,1,1,1,1,1,1,1,1,1,1,1,1,1,1,1,1,1,1,
    1,1,1,1,1,1,1,1,1,1,1,1,1,1,1,1,1,1,1,1,1,1,1,1,1,1,1,1,1,1,1,1,1,1,
    1,1,1,1,1,1,1,1,1,1,1,1,1,1,1,1,1,1,1,1,1,1,1,1,1,1,1,1,1,1,1,1,1,1,
    1,1,1,1,1,1,1,1,1,1,1,1,1,1,1,1,1,1,1,1,1,1,1,1,1,1,1,1,1,1,1,1,1,1,
    1,1,1,1,1,1,1,1,1,1,1,1,1,1,1,1,1,1,1,1,1,1,1,1,1,1,1,1,1,1,1,1,1,1,
    1,1,1,1,1,1,1,1,1,1,1,1,1,1,1,1,1,1,1,1,1,1,1,1,1,1,1,1,1,1,1,1,1,1,
    1,1,1,1,1,1,1,1,1,1,1,1,1,1,1,1,1,1,1,1,1,4),(0.,4.97995146289E-03,
    7.472493135668E-03,9.967125870241E-03,1.246395910412E-02,
    1.49632051539E-02,1.746507449355E-02,1.996962830345E-02,
    2.247665874396E-02,2.49857869029E-02,2.74966819576E-02,
    3.000920420811E-02,3.252336708808E-02,3.503921985845E-02,
    3.755671209574E-02,4.007573778311E-02,4.259623010841E-02,
    4.511818927029E-02,4.76415604454E-02,5.016612928975E-02,
    5.269171304095E-02,5.521828452224E-02,5.774594885015E-02,
    6.027488045771E-02,6.280523580546E-02,6.533710725879E-02,
    6.787043817256E-02,7.040505465038E-02,7.294073051968E-02,
    7.547722849909E-02,7.801434673491E-02,8.055195913029E-02,
    8.309007772665E-02,8.562891867527E-02,8.816877565319E-02,
    9.070991135711E-02,9.325242141552E-02,9.579627779617E-02,
    9.834131334386E-02,0.100887227967,0.103433630991,0.105980223123,
    0.108526867613,0.111073585997,0.113620470206,0.116167678805,
    0.1187154302,0.12126390487,0.123813168454,0.126363180653,
    0.128913845801,0.131465024526,0.134016560614,0.136568292528,
    0.139120096863,0.141671877729,0.144223564342,0.14677511992,
    0.149326544553,0.151877873767,0.15442916414,0.15698047491,
    0.159531845627,0.162083283788,0.164634768595,0.167186264341,
    0.169737729324,0.172289120707,0.174840393812,0.177391502501,
    0.179942401724,0.182493052784,0.185043427781,0.18759350598,
    0.190143270912,0.192692706957,0.195241800293,0.197790537287,
    0.2003389032,0.202886887994,0.205434480852,0.207981667664,
    0.210528425568,0.213074729311,0.21562055488,0.21816588008,
    0.220710692005,0.223254981041,0.225798735439,0.228341933374,
    0.230884548765,0.233426556961,0.235967935857,0.238508677636,
    0.241048785339,0.243588261159,0.246127093914,0.248665261478,
    0.251202741997,0.253739515383,0.256275572582,0.258810923271,
    0.261345578636,0.263879539542,0.266412784951,0.2689452847,
    0.271477001255,0.274007897833,0.276537960139,0.279067193049,
    0.281595618848,0.284123260867,0.286650145003,0.289176292953,
    0.291701716521,0.294226422654,0.296750422604,0.299273726091,
    0.301796339963,0.30431826468,0.306839504741,0.309360065573,
    0.311879947461,0.314399145136,0.316917648677,0.319435435118,
    0.321952471746,0.324468725977,0.326984187971,0.329498876985,
    0.332012840852,0.334526145883,0.337038866618,0.339551064262,
    0.3420627778,0.344574018622,0.34708478171,0.349595055733,
    0.352104829479,0.354614094596,0.357122845658,0.359631084809,
    0.362138815155,0.364646039284,0.367152756046,0.369658969492,
    0.372164691689,0.374669942339,0.377174746064,0.379679128415,
    0.382183114635,0.38468672953,0.387189993081,0.389692918572,
    0.392195512425,0.394697779648,0.397199724254,0.399701348634,
    0.402202653126,0.404703636253,0.407204295402,0.409704629757,
    0.412204639971,0.414704329736,0.417203705734,0.419702780305,
    0.422201571152,0.424700099304,0.427198386718,0.429696453917,
    0.432194318077,0.434691991694,0.437189483423,0.439686798175,
    0.44218393808,0.444680903045,0.447177692403,0.449674305765,
    0.452170742763,0.454667003044,0.457163086288,0.459658992222,
    0.462154720486,0.464650270537,0.467145642798,0.469640839886,
    0.472135866945,0.474630731524,0.477125443121,0.479620013034,
    0.482114453153,0.484608775331,0.487102990748,0.489597108948,
    0.492091136452,0.494585075977,0.497078926633,0.499572685167,
    0.502066348105,0.50455991189,0.507053372975,0.50954672759,
    0.512039973489,0.514533111021,0.517026143402,0.519519076317,
    0.522011916848,0.524504672385,0.526997350113,0.52948995696,
    0.531982499362,0.534474982631,0.536967411583,0.539459789451,
    0.54195211753,0.544444394652,0.546936618818,0.549428788184,
    0.551920901075,0.554412955893,0.556904951126,0.559396885378,
    0.56188875738,0.564380565985,0.566872310155,0.56936398893,
    0.571855601416,0.574347148042,0.576838630626,0.579330051011,
    0.581821410125,0.584312708294,0.586803946934,0.589295128417,
    0.591786255689,0.594277331843,0.596768359871,0.599259342662,
    0.6017502831,0.604241183911,0.606732047321,0.609222874688,
    0.611713666338,0.614204422012,0.616695142887,0.619185830216,
    0.621676484895,0.624167105832,0.626657691648,0.629148241021,
    0.631638752716,0.63412922564,0.636619658879,0.639110051703,
    0.641600403535,0.644090713897,0.646580982367,0.649071208554,
    0.651561392096,0.654051532638,0.656541629844,0.659031684836,
    0.661521700159,0.66401167871,0.666501622446,0.668991532526,
    0.671481410343,0.673971257329,0.676461074858,0.678950864247,
    0.681440626791,0.683930363784,0.686420076469,0.688909765893,
    0.691399432733,0.693889077202,0.696378699082,0.698868297846,
    0.70135787286,0.703847423515,0.706336950122,0.708826453762,
    0.711315935622,0.713805396138,0.716294835118,0.7187842524,
    0.721273647868,0.723763021462,0.726252373179,0.728741703056,
    0.731231011152,0.733720297537,0.736209562283,0.738698805468,
    0.741188027178,0.743677227492,0.746166406479,0.748655564247,
    0.751144701018,0.753633817219,0.756122913327,0.758611989861,
    0.761101047588,0.763590087598,0.76607911122,0.768568119717,
    0.771057114304,0.773546096156,0.776035066418,0.778524026222,
    0.781012976644,0.783501918622,0.78599085285,0.788479779735,
    0.790968699421,0.793457611873,0.795946516991,0.798435414683,
    0.800924304881,0.803413187524,0.80590206255,0.808390929769,
    0.810879787808,0.813368635083,0.815857470259,0.818346293353,
    0.82083510483,0.82332390531,0.825812695528,0.828301476265,
    0.830790248292,0.833279012342,0.835767769126,0.838256519332,
    0.840745263634,0.843234002692,0.845722737152,0.848211467648,
    0.850700194801,0.853188919211,0.855677641459,0.858166362107,
    0.860655081701,0.86314380078,0.865632519306,0.868121236119,
    0.870609950042,0.873098660482,0.875587367972,0.878076073063,
    0.880564776307,0.88305347825,0.885542179439,0.888030880425,
    0.890519581768,0.893008284034,0.895496987799,0.897985693647,
    0.900474402167,0.902963113955,0.905451829615,0.907940549761,
    0.91042927502,0.912918006056,0.915406743669,0.917895488671,
    0.920384241455,0.922873000267,0.925361760849,0.927850516953,
    0.930339262464,0.932827993246,0.935316708485,0.937805411591,
    0.940294109552,0.942782811274,0.945271525023,0.947760256446,
    0.950249007525,0.952737776809,0.955226560402,0.957715353394,
    0.960204150478,0.962692945875,0.965181733987,0.967670511449,
    0.970159279472,0.972648045335,0.975136821834,0.977625625937,
    0.980114472392,0.982603341139,0.985092228279,0.987580947489,
    0.990069080458,0.992555175134,0.995038742373,1.),.UNSPECIFIED.);
#64 = CARTESIAN_POINT('',(6.406273362413E+03,-39.75696959708,
    316.60438174565));
#65 = CARTESIAN_POINT('',(6.406283646359E+03,-39.88761517895,
    316.60192112278));
#66 = CARTESIAN_POINT('',(6.406316015548E+03,-40.08181601205,
    316.59417664554));
#67 = CARTESIAN_POINT('',(6.406382970637E+03,-40.33486474577,
    316.57809650783));
#68 = CARTESIAN_POINT('',(6.406442765434E+03,-40.52190359356,
    316.56369906112));
#69 = CARTESIAN_POINT('',(6.406511150018E+03,-40.7059809943,
    316.54718625739));
#70 = CARTESIAN_POINT('',(6.406588098711E+03,-40.88665370316,
    316.52854789222));
#71 = CARTESIAN_POINT('',(6.406673648171E+03,-41.06340025657,
    316.50775783548));
#72 = CARTESIAN_POINT('',(6.406767087148E+03,-41.23607263437,
    316.4849724008));
#73 = CARTESIAN_POINT('',(6.406867216695E+03,-41.40490875684,
    316.4604704361));
#74 = CARTESIAN_POINT('',(6.406972071924E+03,-41.57083671777,
    316.43472431591));
#75 = CARTESIAN_POINT('',(6.407080359445E+03,-41.73456575634,
    316.40804973151));
#76 = CARTESIAN_POINT('',(6.40719199922E+03,-41.89603993562,
    316.38046419573));
#77 = CARTESIAN_POINT('',(6.407307115183E+03,-42.05505191386,
    316.35194720123));
#78 = CARTESIAN_POINT('',(6.407425415736E+03,-42.21170887329,
    316.32254018944));
#79 = CARTESIAN_POINT('',(6.407546785277E+03,-42.36597663341,
    316.29218003396));
#80 = CARTESIAN_POINT('',(6.407670494004E+03,-42.51837707516,
    316.26107717912));
#81 = CARTESIAN_POINT('',(6.407796168961E+03,-42.66918315394,
    316.22932856761));
#82 = CARTESIAN_POINT('',(6.40792438746E+03,-42.81782094649,
    316.19680032149));
#83 = CARTESIAN_POINT('',(6.408055010462E+03,-42.96432664465,
    316.16353839611));
#84 = CARTESIAN_POINT('',(6.408187424167E+03,-43.10921070116,
    316.12971386419));
#85 = CARTESIAN_POINT('',(6.408320953903E+03,-43.25309405011,
    316.09551615215));
#86 = CARTESIAN_POINT('',(6.408455918147E+03,-43.3956454436,
    316.06088574402));
#87 = CARTESIAN_POINT('',(6.408592705308E+03,-43.53644623585,
    316.02573313401));
#88 = CARTESIAN_POINT('',(6.408731498673E+03,-43.6752842315,
    315.99006967439));
#89 = CARTESIAN_POINT('',(6.408872407743E+03,-43.81196222937,
    315.95374157867));
#90 = CARTESIAN_POINT('',(6.409015415545E+03,-43.94642386621,
    315.91671659665));
#91 = CARTESIAN_POINT('',(6.409160385395E+03,-44.07875812025,
    315.87906455158));
#92 = CARTESIAN_POINT('',(6.40930707538E+03,-44.20917501921,
    315.8408668013));
#93 = CARTESIAN_POINT('',(6.409455170439E+03,-44.33799009206,
    315.80223135884));
#94 = CARTESIAN_POINT('',(6.409604336247E+03,-44.4655663913,
    315.76327192666));
#95 = CARTESIAN_POINT('',(6.409754341862E+03,-44.59216141347,
    315.72407802084));
#96 = CARTESIAN_POINT('',(6.409905087174E+03,-44.71788582624,
    315.68470276816));
#97 = CARTESIAN_POINT('',(6.410056645554E+03,-44.84265156893,
    315.6451667691));
#98 = CARTESIAN_POINT('',(6.41020923858E+03,-44.96617632532,
    315.60540874957));
#99 = CARTESIAN_POINT('',(6.410363187954E+03,-45.08798572295,
    315.56517686602));
#100 = CARTESIAN_POINT('',(6.410518919403E+03,-45.2075028103,
    315.52443541238));
#101 = CARTESIAN_POINT('',(6.410676697319E+03,-45.32429352812,
    315.48313662961));
#102 = CARTESIAN_POINT('',(6.410836601011E+03,-45.43814085255,
    315.44129912424));
#103 = CARTESIAN_POINT('',(6.410998498496E+03,-45.54911627654,
    315.39899475242));
#104 = CARTESIAN_POINT('',(6.411162089711E+03,-45.65756268189,
    315.3563464387));
#105 = CARTESIAN_POINT('',(6.411326916838E+03,-45.76411505682,
    315.3135065466));
#106 = CARTESIAN_POINT('',(6.411492496985E+03,-45.86953324845,
    315.27068285825));
#107 = CARTESIAN_POINT('',(6.411658516795E+03,-45.97426985428,
    315.22785211533));
#108 = CARTESIAN_POINT('',(6.411824878766E+03,-46.0784612009,
    315.18498293975));
#109 = CARTESIAN_POINT('',(6.411991724077E+03,-46.18189363502,
    315.14208185041));
#110 = CARTESIAN_POINT('',(6.412159404703E+03,-46.28398031733,
    315.09907550912));
#111 = CARTESIAN_POINT('',(6.412328439937E+03,-46.38380973316,
    315.05585637682));
#112 = CARTESIAN_POINT('',(6.412499248503E+03,-46.48056354803,
    315.01234422559));
#113 = CARTESIAN_POINT('',(6.412672014687E+03,-46.57376304812,
    314.96851872147));
#114 = CARTESIAN_POINT('',(6.412846739201E+03,-46.6632316913,
    314.92441948317));
#115 = CARTESIAN_POINT('',(6.413023239473E+03,-46.74913784968,
    314.88009136618));
#116 = CARTESIAN_POINT('',(6.413201212129E+03,-46.8319296464,
    314.8355586113));
#117 = CARTESIAN_POINT('',(6.413380371551E+03,-46.9121223465,
    314.79091260361));
#118 = CARTESIAN_POINT('',(6.413560519141E+03,-46.9900722844,
    314.74620298414));
#119 = CARTESIAN_POINT('',(6.413741502533E+03,-47.0660634287,
    314.70147230905));
#120 = CARTESIAN_POINT('',(6.413923201335E+03,-47.14032963118,
    314.65675353035));
#121 = CARTESIAN_POINT('',(6.414105518406E+03,-47.21306893674,
    314.61207303572));
#122 = CARTESIAN_POINT('',(6.414288402019E+03,-47.28438011648,
    314.56744855685));
#123 = CARTESIAN_POINT('',(6.414471844975E+03,-47.35424572465,
    314.52287469872));
#124 = CARTESIAN_POINT('',(6.414655898437E+03,-47.42249344106,
    314.47833897339));
#125 = CARTESIAN_POINT('',(6.414840671433E+03,-47.48877381042,
    314.4338179872));
#126 = CARTESIAN_POINT('',(6.415026290438E+03,-47.55264670699,
    314.38928390839));
#127 = CARTESIAN_POINT('',(6.415212835374E+03,-47.6137585076,
    314.34472076281));
#128 = CARTESIAN_POINT('',(6.415400319805E+03,-47.67191990742,
    314.30012862265));
#129 = CARTESIAN_POINT('',(6.415588716214E+03,-47.72705267403,
    314.25551736352));
#130 = CARTESIAN_POINT('',(6.415777972832E+03,-47.77915466465,
    314.21090243595));
#131 = CARTESIAN_POINT('',(6.41596802349E+03,-47.82827947528,
    314.16629831449));
#132 = CARTESIAN_POINT('',(6.416158802988E+03,-47.87449113939,
    314.12172062746));
#133 = CARTESIAN_POINT('',(6.416350244219E+03,-47.91787659874,
    314.07718477147));
#134 = CARTESIAN_POINT('',(6.416542271416E+03,-47.9585863305,
    314.03270792074));
#135 = CARTESIAN_POINT('',(6.416734805796E+03,-47.99682352086,
    313.98830757984));
#136 = CARTESIAN_POINT('',(6.416927778755E+03,-48.03278280339,
    313.94399852488));
#137 = CARTESIAN_POINT('',(6.417121140545E+03,-48.06659139776,
    313.89979109942));
#138 = CARTESIAN_POINT('',(6.417314856858E+03,-48.09830419125,
    313.85568928463));
#139 = CARTESIAN_POINT('',(6.417508905576E+03,-48.12791729166,
    313.8117011865));
#140 = CARTESIAN_POINT('',(6.417703273061E+03,-48.15536337342,
    313.76783204323));
#141 = CARTESIAN_POINT('',(6.417897948619E+03,-48.18053410529,
    313.72408657686));
#142 = CARTESIAN_POINT('',(6.41809291912E+03,-48.20331145518,
    313.68047019309));
#143 = CARTESIAN_POINT('',(6.41828817009E+03,-48.22354913194,
    313.63698770843));
#144 = CARTESIAN_POINT('',(6.418483682446E+03,-48.24109812025,
    313.59364814267));
#145 = CARTESIAN_POINT('',(6.418679424447E+03,-48.25585769692,
    313.5504481161));
#146 = CARTESIAN_POINT('',(6.418875358287E+03,-48.26779507858,
    313.50739603095));
#147 = CARTESIAN_POINT('',(6.419071442679E+03,-48.27692812742,
    313.46450246763));
#148 = CARTESIAN_POINT('',(6.419267635981E+03,-48.28330275975,
    313.4217774296));
#149 = CARTESIAN_POINT('',(6.419463898532E+03,-48.28697006388,
    313.37923074879));
#150 = CARTESIAN_POINT('',(6.419660192911E+03,-48.28796319511,
    313.33687044319));
#151 = CARTESIAN_POINT('',(6.419856483985E+03,-48.28629159467,
    313.29470818187));
#152 = CARTESIAN_POINT('',(6.420052733299E+03,-48.28194855195,
    313.25273882953));
#153 = CARTESIAN_POINT('',(6.420248903664E+03,-48.27490706052,
    313.21096902136));
#154 = CARTESIAN_POINT('',(6.420444956702E+03,-48.2651272055,
    313.16941077424));
#155 = CARTESIAN_POINT('',(6.420640851791E+03,-48.25257241049,
    313.1280748993));
#156 = CARTESIAN_POINT('',(6.420836548272E+03,-48.23722699232,
    313.08697285607));
#157 = CARTESIAN_POINT('',(6.421032008778E+03,-48.21912116339,
    313.04611351232));
#158 = CARTESIAN_POINT('',(6.421227203614E+03,-48.19833030586,
    313.0055100643));
#159 = CARTESIAN_POINT('',(6.421422103831E+03,-48.17494420757,
    312.96515270198));
#160 = CARTESIAN_POINT('',(6.421616682583E+03,-48.14903375446,
    312.9250369804));
#161 = CARTESIAN_POINT('',(6.421810913907E+03,-48.12063749632,
    312.88517601964));
#162 = CARTESIAN_POINT('',(6.422004765413E+03,-48.08975448269,
    312.8455792657));
#163 = CARTESIAN_POINT('',(6.422198201671E+03,-48.05636782938,
    312.80625806666));
#164 = CARTESIAN_POINT('',(6.422391189782E+03,-48.02047962151,
    312.76722202319));
#165 = CARTESIAN_POINT('',(6.422583701949E+03,-47.98211293266,
    312.72848219306));
#166 = CARTESIAN_POINT('',(6.422775717769E+03,-47.94132937637,
    312.69003830219));
#167 = CARTESIAN_POINT('',(6.422967218119E+03,-47.89820321907,
    312.65186873524));
#168 = CARTESIAN_POINT('',(6.423158182897E+03,-47.8527666497,
    312.61398718322));
#169 = CARTESIAN_POINT('',(6.423348573753E+03,-47.80498380188,
    312.57640225646));
#170 = CARTESIAN_POINT('',(6.4235383312E+03,-47.75474429638,
    312.53912867415));
#171 = CARTESIAN_POINT('',(6.423727365289E+03,-47.70184449573,
    312.50218656489));
#172 = CARTESIAN_POINT('',(6.423915572954E+03,-47.64606932493,
    312.46559682008));
#173 = CARTESIAN_POINT('',(6.424102868408E+03,-47.58729174208,
    312.4293819678));
#174 = CARTESIAN_POINT('',(6.424289193434E+03,-47.52550926303,
    312.39352429797));
#175 = CARTESIAN_POINT('',(6.424474541983E+03,-47.46085723751,
    312.35802668833));
#176 = CARTESIAN_POINT('',(6.424658960293E+03,-47.39360037721,
    312.32288051833));
#177 = CARTESIAN_POINT('',(6.424842513812E+03,-47.32402191356,
    312.28807399568));
#178 = CARTESIAN_POINT('',(6.425025244451E+03,-47.25231334598,
    312.2535999601));
#179 = CARTESIAN_POINT('',(6.425207170761E+03,-47.17859028602,
    312.21945526168));
#180 = CARTESIAN_POINT('',(6.42538828284E+03,-47.10288793464,
    312.1856438298));
#181 = CARTESIAN_POINT('',(6.425568545496E+03,-47.02518197557,
    312.15216750917));
#182 = CARTESIAN_POINT('',(6.425747918332E+03,-46.9454471326,
    312.11901086286));
#183 = CARTESIAN_POINT('',(6.4259263803E+03,-46.86369364375,
    312.08618436121));
#184 = CARTESIAN_POINT('',(6.426103915266E+03,-46.77994567862,
    312.05369039728));
#185 = CARTESIAN_POINT('',(6.42628052459E+03,-46.694263108,
    312.02152987065));
#186 = CARTESIAN_POINT('',(6.426456221134E+03,-46.6067253702,
    311.98970117668));
#187 = CARTESIAN_POINT('',(6.426630999569E+03,-46.51737004979,
    311.95820549849));
#188 = CARTESIAN_POINT('',(6.426804817823E+03,-46.42616048534,
    311.92705263198));
#189 = CARTESIAN_POINT('',(6.426977594792E+03,-46.33299289062,
    311.89625091575));
#190 = CARTESIAN_POINT('',(6.427149194822E+03,-46.23767696076,
    311.86580365918));
#191 = CARTESIAN_POINT('',(6.427319434093E+03,-46.13994758438,
    311.83574744833));
#192 = CARTESIAN_POINT('',(6.427488153084E+03,-46.03961177226,
    311.80610758301));
#193 = CARTESIAN_POINT('',(6.427655267749E+03,-45.93662233754,
    311.77689725052));
#194 = CARTESIAN_POINT('',(6.427820784795E+03,-45.83108233886,
    311.74811298845));
#195 = CARTESIAN_POINT('',(6.42798481091E+03,-45.72323975088,
    311.71973441593));
#196 = CARTESIAN_POINT('',(6.428147557239E+03,-45.61347799758,
    311.69172246771));
#197 = CARTESIAN_POINT('',(6.428309243166E+03,-45.5021621648,
    311.66404127577));
#198 = CARTESIAN_POINT('',(6.428470014056E+03,-45.38953385286,
    311.6366449437));
#199 = CARTESIAN_POINT('',(6.428629953484E+03,-45.2757311344,
    311.60951974784));
#200 = CARTESIAN_POINT('',(6.428789072592E+03,-45.16078599736,
    311.58266356425));
#201 = CARTESIAN_POINT('',(6.428947321981E+03,-45.04464671824,
    311.55608461052));
#202 = CARTESIAN_POINT('',(6.429104621697E+03,-44.92722364697,
    311.52979592824));
#203 = CARTESIAN_POINT('',(6.429260912102E+03,-44.80845990324,
    311.50380682024));
#204 = CARTESIAN_POINT('',(6.429416139433E+03,-44.68830948414,
    311.47812559505));
#205 = CARTESIAN_POINT('',(6.429570251779E+03,-44.56673153084,
    311.45275917079));
#206 = CARTESIAN_POINT('',(6.429723201252E+03,-44.44369209915,
    311.42771674852));
#207 = CARTESIAN_POINT('',(6.4298749312E+03,-44.31915311061,
    311.40298559305));
#208 = CARTESIAN_POINT('',(6.430025381933E+03,-44.19307144241,
    311.37857644987));
#209 = CARTESIAN_POINT('',(6.430174505513E+03,-44.06542205726,
    311.35449588907));
#210 = CARTESIAN_POINT('',(6.43032228049E+03,-43.93621308422,
    311.33074653379));
#211 = CARTESIAN_POINT('',(6.430468721421E+03,-43.8054936346,
    311.30732497255));
#212 = CARTESIAN_POINT('',(6.430613878469E+03,-43.67334992322,
    311.28422211212));
#213 = CARTESIAN_POINT('',(6.430757836131E+03,-43.5399011382,
    311.2614236164));
#214 = CARTESIAN_POINT('',(6.430900685198E+03,-43.40526710194,
    311.23891395747));
#215 = CARTESIAN_POINT('',(6.431042502026E+03,-43.26954640447,
    311.21668160351));
#216 = CARTESIAN_POINT('',(6.431183346195E+03,-43.13281689064,
    311.19471216403));
#217 = CARTESIAN_POINT('',(6.431323252768E+03,-42.9951296629,
    311.17298625459));
#218 = CARTESIAN_POINT('',(6.431462235423E+03,-42.85651025179,
    311.15150367239));
#219 = CARTESIAN_POINT('',(6.431600291635E+03,-42.71696822965,
    311.13026275564));
#220 = CARTESIAN_POINT('',(6.431737420807E+03,-42.57651517658,
    311.10926258332));
#221 = CARTESIAN_POINT('',(6.431873620322E+03,-42.43516060941,
    311.08850223947));
#222 = CARTESIAN_POINT('',(6.432008875964E+03,-42.29290276842,
    311.06798262493));
#223 = CARTESIAN_POINT('',(6.432143161806E+03,-42.14972919244,
    311.04770630082));
#224 = CARTESIAN_POINT('',(6.432276439707E+03,-42.00561683377,
    311.02767767428));
#225 = CARTESIAN_POINT('',(6.432408664319E+03,-41.86053729646,
    311.00790173153));
#226 = CARTESIAN_POINT('',(6.432539778835E+03,-41.71445300197,
    310.98838640114));
#227 = CARTESIAN_POINT('',(6.432669724181E+03,-41.56732767839,
    310.96912928437));
#228 = CARTESIAN_POINT('',(6.432798460681E+03,-41.419142985,
    310.9501349707));
#229 = CARTESIAN_POINT('',(6.432925981236E+03,-41.26991017246,
    310.93140225438));
#230 = CARTESIAN_POINT('',(6.433052318861E+03,-41.11967435218,
    310.91292430818));
#231 = CARTESIAN_POINT('',(6.433177545099E+03,-40.96851095998,
    310.89468873241));
#232 = CARTESIAN_POINT('',(6.433301758995E+03,-40.81651491473,
    310.87667935414));
#233 = CARTESIAN_POINT('',(6.433425069131E+03,-40.66378520835,
    310.85887888732));
#234 = CARTESIAN_POINT('',(6.433547581382E+03,-40.5104152864,
    310.84127068016));
#235 = CARTESIAN_POINT('',(6.433669385831E+03,-40.35648321765,
    310.82384072713));
#236 = CARTESIAN_POINT('',(6.433790543489E+03,-40.2020420829,
    310.80657892689));
#237 = CARTESIAN_POINT('',(6.433911081135E+03,-40.04711669461,
    310.78948187346));
#238 = CARTESIAN_POINT('',(6.434030994349E+03,-39.89170783418,
    310.77254386782));
#239 = CARTESIAN_POINT('',(6.434150257348E+03,-39.73579957879,
    310.75576583541));
#240 = CARTESIAN_POINT('',(6.434268844068E+03,-39.57937623807,
    310.73915114239));
#241 = CARTESIAN_POINT('',(6.434386735686E+03,-39.42242831709,
    310.7227014221));
#242 = CARTESIAN_POINT('',(6.434503910997E+03,-39.26494484624,
    310.7064187691));
#243 = CARTESIAN_POINT('',(6.434620348321E+03,-39.10691491317,
    310.69030524331));
#244 = CARTESIAN_POINT('',(6.434736025104E+03,-38.94832737635,
    310.67436298383));
#245 = CARTESIAN_POINT('',(6.434850918228E+03,-38.78917112931,
    310.65859415311));
#246 = CARTESIAN_POINT('',(6.434965003828E+03,-38.62943499814,
    310.64300094505));
#247 = CARTESIAN_POINT('',(6.435078258202E+03,-38.46910841957,
    310.62758553287));
#248 = CARTESIAN_POINT('',(6.435190654094E+03,-38.30817877752,
    310.61235030032));
#249 = CARTESIAN_POINT('',(6.435302157456E+03,-38.14662912351,
    310.59729928667));
#250 = CARTESIAN_POINT('',(6.435412745421E+03,-37.98445119496,
    310.58243194707));
#251 = CARTESIAN_POINT('',(6.435522417333E+03,-37.82165234551,
    310.56774347682));
#252 = CARTESIAN_POINT('',(6.43563120086E+03,-37.65825841106,
    310.55322984966));
#253 = CARTESIAN_POINT('',(6.435739151776E+03,-37.49431320022,
    310.53888216997));
#254 = CARTESIAN_POINT('',(6.435846347549E+03,-37.32987337931,
    310.52468911709));
#255 = CARTESIAN_POINT('',(6.435952871866E+03,-37.16499796804,
    310.51063862899));
#256 = CARTESIAN_POINT('',(6.436058803034E+03,-36.99974096712,
    310.49671954106));
#257 = CARTESIAN_POINT('',(6.436164230969E+03,-36.83416271021,
    310.48291932473));
#258 = CARTESIAN_POINT('',(6.436269234179E+03,-36.66831510814,
    310.46922712216));
#259 = CARTESIAN_POINT('',(6.43637386331E+03,-36.50223159791,
    310.45563584652));
#260 = CARTESIAN_POINT('',(6.436478133017E+03,-36.3359224927,
    310.44214315939));
#261 = CARTESIAN_POINT('',(6.436582021972E+03,-36.1693754483,
    310.42875138557));
#262 = CARTESIAN_POINT('',(6.436685481062E+03,-36.00256100484,
    310.41546634365));
#263 = CARTESIAN_POINT('',(6.436788449373E+03,-35.83544295503,
    310.40229534205));
#264 = CARTESIAN_POINT('',(6.436890876894E+03,-35.66799299304,
    310.38923965128));
#265 = CARTESIAN_POINT('',(6.436992707747E+03,-35.50017942688,
    310.37630654148));
#266 = CARTESIAN_POINT('',(6.437093882107E+03,-35.33196903565,
    310.36350274862));
#267 = CARTESIAN_POINT('',(6.43719435666E+03,-35.16333944501,
    310.35083306606));
#268 = CARTESIAN_POINT('',(6.437294115035E+03,-34.99428495994,
    310.33829876071));
#269 = CARTESIAN_POINT('',(6.437393172659E+03,-34.82481877305,
    310.32589711282));
#270 = CARTESIAN_POINT('',(6.437491574186E+03,-34.65497075199,
    310.31362178609));
#271 = CARTESIAN_POINT('',(6.437589385245E+03,-34.48478210275,
    310.3014639255));
#272 = CARTESIAN_POINT('',(6.437686672095E+03,-34.3142933658,
    310.28941471353));
#273 = CARTESIAN_POINT('',(6.437783493415E+03,-34.14353988532,
    310.27746639426));
#274 = CARTESIAN_POINT('',(6.437879914483E+03,-33.97256016045,
    310.26561045921));
#275 = CARTESIAN_POINT('',(6.43797600222E+03,-33.80139302193,
    310.25383848106));
#276 = CARTESIAN_POINT('',(6.438071810291E+03,-33.63006934013,
    310.24214315172));
#277 = CARTESIAN_POINT('',(6.438167372339E+03,-33.45860824361,
    310.2305219836));
#278 = CARTESIAN_POINT('',(6.438262698739E+03,-33.28701632901,
    310.21896554309));
#279 = CARTESIAN_POINT('',(6.43835777961E+03,-33.1152884311,
    310.20747423933));
#280 = CARTESIAN_POINT('',(6.438452591628E+03,-32.94341195319,
    310.19605202314));
#281 = CARTESIAN_POINT('',(6.438547112109E+03,-32.77137494257,
    310.18470219083));
#282 = CARTESIAN_POINT('',(6.438641323582E+03,-32.59916849883,
    310.17342750374));
#283 = CARTESIAN_POINT('',(6.438735207305E+03,-32.42678313452,
    310.16223079079));
#284 = CARTESIAN_POINT('',(6.438828744485E+03,-32.2542094679,
    310.151114847));
#285 = CARTESIAN_POINT('',(6.438921916393E+03,-32.08143829574,
    310.14008240516));
#286 = CARTESIAN_POINT('',(6.439014704805E+03,-31.90846083612,
    310.12913608758));
#287 = CARTESIAN_POINT('',(6.439107092138E+03,-31.73526880378,
    310.11827838429));
#288 = CARTESIAN_POINT('',(6.439199061444E+03,-31.56185440435,
    310.10751167035));
#289 = CARTESIAN_POINT('',(6.439290596225E+03,-31.38821023398,
    310.09683816799));
#290 = CARTESIAN_POINT('',(6.439381680072E+03,-31.21432908002,
    310.08626021323));
#291 = CARTESIAN_POINT('',(6.439472295959E+03,-31.04020356221,
    310.0757794947));
#292 = CARTESIAN_POINT('',(6.43956242742E+03,-30.86582653998,
    310.06540006104));
#293 = CARTESIAN_POINT('',(6.439652054868E+03,-30.69118988659,
    310.05511700421));
#294 = CARTESIAN_POINT('',(6.439741156133E+03,-30.51628441296,
    310.0449243151));
#295 = CARTESIAN_POINT('',(6.439829717412E+03,-30.34110483788,
    310.03482658086));
#296 = CARTESIAN_POINT('',(6.439917738488E+03,-30.16565314306,
    310.02482368719));
#297 = CARTESIAN_POINT('',(6.44000523581E+03,-29.98993961767,
    310.01491442901));
#298 = CARTESIAN_POINT('',(6.440092241107E+03,-29.81398193961,
    310.00509564701));
#299 = CARTESIAN_POINT('',(6.440178797445E+03,-29.6378030156,
    309.99536298793));
#300 = CARTESIAN_POINT('',(6.440264949218E+03,-29.46142595681,
    309.98571197606));
#301 = CARTESIAN_POINT('',(6.440350736992E+03,-29.28487160329,
    309.9761386137));
#302 = CARTESIAN_POINT('',(6.440436201579E+03,-29.1081606038,
    309.96663891972));
#303 = CARTESIAN_POINT('',(6.440521385865E+03,-28.93131434219,
    309.9572087346));
#304 = CARTESIAN_POINT('',(6.440606336653E+03,-28.75435585776,
    309.94784352496));
#305 = CARTESIAN_POINT('',(6.440691093109E+03,-28.57730429435,
    309.9385396765));
#306 = CARTESIAN_POINT('',(6.440775680321E+03,-28.4001718977,
    309.92929513242));
#307 = CARTESIAN_POINT('',(6.440860105951E+03,-28.22296248674,
    309.92010991328));
#308 = CARTESIAN_POINT('',(6.440944361375E+03,-28.04567205715,
    309.91098524938));
#309 = CARTESIAN_POINT('',(6.44102842588E+03,-27.86829071249,
    309.90192570846));
#310 = CARTESIAN_POINT('',(6.441112275679E+03,-27.69080807545,
    309.89291781394));
#311 = CARTESIAN_POINT('',(6.441195892235E+03,-27.51321549094,
    309.88396607752));
#312 = CARTESIAN_POINT('',(6.441279256678E+03,-27.33550442269,
    309.87507288893));
#313 = CARTESIAN_POINT('',(6.441362350217E+03,-27.15766651043,
    309.86624114811));
#314 = CARTESIAN_POINT('',(6.44144515332E+03,-26.9796931656,
    309.8574736324));
#315 = CARTESIAN_POINT('',(6.441527646615E+03,-26.80157598628,
    309.84877309011));
#316 = CARTESIAN_POINT('',(6.441609812342E+03,-26.62330743832,
    309.84014203525));
#317 = CARTESIAN_POINT('',(6.441691635026E+03,-26.44488115448,
    309.83158269293));
#318 = CARTESIAN_POINT('',(6.441773101658E+03,-26.26629200249,
    309.82309698005));
#319 = CARTESIAN_POINT('',(6.44185420127E+03,-26.0875358685,
    309.8146865548));
#320 = CARTESIAN_POINT('',(6.441934924103E+03,-25.90860926236,
    309.80635290757));
#321 = CARTESIAN_POINT('',(6.442015259879E+03,-25.72950852956,
    309.79809753358));
#322 = CARTESIAN_POINT('',(6.442095197821E+03,-25.55022986655,
    309.78992195267));
#323 = CARTESIAN_POINT('',(6.442174726943E+03,-25.37076946656,
    309.78182759026));
#324 = CARTESIAN_POINT('',(6.442253836625E+03,-25.19112376068,
    309.77381604348));
#325 = CARTESIAN_POINT('',(6.442332513225E+03,-25.01128793165,
    309.7658882112));
#326 = CARTESIAN_POINT('',(6.442410742982E+03,-24.83125699752,
    309.75804851068));
#327 = CARTESIAN_POINT('',(6.442488518828E+03,-24.65102950573,
    309.75028731272));
#328 = CARTESIAN_POINT('',(6.44256584423E+03,-24.4706084922,
    309.74259614839));
#329 = CARTESIAN_POINT('',(6.442642734524E+03,-24.2900016178,
    309.73497651331));
#330 = CARTESIAN_POINT('',(6.442719215455E+03,-24.10922102299,
    309.72742587123));
#331 = CARTESIAN_POINT('',(6.442795319728E+03,-23.92828156567,
    309.71994181084));
#332 = CARTESIAN_POINT('',(6.442871079193E+03,-23.7471974933,
    309.71252181088));
#333 = CARTESIAN_POINT('',(6.442946523605E+03,-23.56598195576,
    309.70516363447));
#334 = CARTESIAN_POINT('',(6.443021683404E+03,-23.38464820759,
    309.69786498689));
#335 = CARTESIAN_POINT('',(6.443096588893E+03,-23.20320927608,
    309.69062361979));
#336 = CARTESIAN_POINT('',(6.443171271048E+03,-23.0216783164,
    309.68343725183));
#337 = CARTESIAN_POINT('',(6.443245764192E+03,-22.84006973934,
    309.67630331996));
#338 = CARTESIAN_POINT('',(6.443320098869E+03,-22.65839627812,
    309.66921967019));
#339 = CARTESIAN_POINT('',(6.443394296454E+03,-22.47666682244,
    309.66218506221));
#340 = CARTESIAN_POINT('',(6.443468366745E+03,-22.29488547995,
    309.65519937224));
#341 = CARTESIAN_POINT('',(6.443542307848E+03,-22.1130515724,
    309.64826359314));
#342 = CARTESIAN_POINT('',(6.443616108939E+03,-21.93116079816,
    309.64137948323));
#343 = CARTESIAN_POINT('',(6.443689755588E+03,-21.74920742165,
    309.63454928991));
#344 = CARTESIAN_POINT('',(6.443763236712E+03,-21.56718712033,
    309.62777419891));
#345 = CARTESIAN_POINT('',(6.443836541637E+03,-21.38509562634,
    309.62105797526));
#346 = CARTESIAN_POINT('',(6.443909659418E+03,-21.2029289206,
    309.61439435426));
#347 = CARTESIAN_POINT('',(6.443982579157E+03,-21.02068296226,
    309.6077789468));
#348 = CARTESIAN_POINT('',(6.44405528997E+03,-20.83835355,
    309.60121400989));
#349 = CARTESIAN_POINT('',(6.444127780495E+03,-20.65593643994,
    309.59470003673));
#350 = CARTESIAN_POINT('',(6.444200039715E+03,-20.47342757288,
    309.58823794748));
#351 = CARTESIAN_POINT('',(6.444272057602E+03,-20.29082333317,
    309.58182842592));
#352 = CARTESIAN_POINT('',(6.444343825421E+03,-20.10812065819,
    309.57547205732));
#353 = CARTESIAN_POINT('',(6.444415335751E+03,-19.92531704137,
    309.56916928581));
#354 = CARTESIAN_POINT('',(6.444486582223E+03,-19.74241042194,
    309.5629204519));
#355 = CARTESIAN_POINT('',(6.444557558934E+03,-19.55939895013,
    309.55672584278));
#356 = CARTESIAN_POINT('',(6.444628259576E+03,-19.37628064712,
    309.55058576959));
#357 = CARTESIAN_POINT('',(6.444698677737E+03,-19.19305352705,
    309.54450054001));
#358 = CARTESIAN_POINT('',(6.444768807024E+03,-19.0097156437,
    309.53847044817));
#359 = CARTESIAN_POINT('',(6.444838640906E+03,-18.82626503311,
    309.53249578733));
#360 = CARTESIAN_POINT('',(6.444908173165E+03,-18.64269988575,
    309.52657681292));
#361 = CARTESIAN_POINT('',(6.444977396171E+03,-18.45901788951,
    309.52071388481));
#362 = CARTESIAN_POINT('',(6.445046300892E+03,-18.27521624412,
    309.51490747814));
#363 = CARTESIAN_POINT('',(6.445114882647E+03,-18.09129383157,
    309.5091576421));
#364 = CARTESIAN_POINT('',(6.445183144178E+03,-17.90725231931,
    309.50346396637));
#365 = CARTESIAN_POINT('',(6.44525109699E+03,-17.72309662198,
    309.49782469448));
#366 = CARTESIAN_POINT('',(6.44531876073E+03,-17.53883451367,
    309.49223974999));
#367 = CARTESIAN_POINT('',(6.445386160985E+03,-17.35447582394,
    309.48670873558));
#368 = CARTESIAN_POINT('',(6.445453324045E+03,-17.17003060368,
    309.48122731095));
#369 = CARTESIAN_POINT('',(6.445520273917E+03,-16.98550790552,
    309.4757924307));
#370 = CARTESIAN_POINT('',(6.44558703495E+03,-16.80091681277,
    309.47040080479));
#371 = CARTESIAN_POINT('',(6.445653631443E+03,-16.61626630339,
    309.46504928024));
#372 = CARTESIAN_POINT('',(6.445720087846E+03,-16.4315653377,
    309.45973472604));
#373 = CARTESIAN_POINT('',(6.445786428325E+03,-16.24682270893,
    309.45445408972));
#374 = CARTESIAN_POINT('',(6.445852678249E+03,-16.06204759241,
    309.4492042684));
#375 = CARTESIAN_POINT('',(6.445918865712E+03,-15.87725010642,
    309.44398198951));
#376 = CARTESIAN_POINT('',(6.445985013659E+03,-15.69243849118,
    309.43878442896));
#377 = CARTESIAN_POINT('',(6.446051135298E+03,-15.5076174835,
    309.43360955667));
#378 = CARTESIAN_POINT('',(6.446117232046E+03,-15.32278759198,
    309.42845627895));
#379 = CARTESIAN_POINT('',(6.446183294084E+03,-15.13794530411,
    309.42332437679));
#380 = CARTESIAN_POINT('',(6.44624930315E+03,-14.95308409494,
    309.41821427529));
#381 = CARTESIAN_POINT('',(6.446315238877E+03,-14.76819670902,
    309.41312654504));
#382 = CARTESIAN_POINT('',(6.446381084373E+03,-14.58327716521,
    309.40806148009));
#383 = CARTESIAN_POINT('',(6.446446822535E+03,-14.39831943423,
    309.40301936497));
#384 = CARTESIAN_POINT('',(6.446512436288E+03,-14.21331752762,
    309.3980005422));
#385 = CARTESIAN_POINT('',(6.446577908523E+03,-14.02826549342,
    309.39300510713));
#386 = CARTESIAN_POINT('',(6.44664322204E+03,-13.8431574051,
    309.38803408037));
#387 = CARTESIAN_POINT('',(6.446708359752E+03,-13.65798755735,
    309.38308504372));
#388 = CARTESIAN_POINT('',(6.446773302263E+03,-13.47274898129,
    309.37817592668));
#389 = CARTESIAN_POINT('',(6.446838031148E+03,-13.28743557799,
    309.37330614648));
#390 = CARTESIAN_POINT('',(6.446902533821E+03,-13.10204329102,
    309.36847523163));
#391 = CARTESIAN_POINT('',(6.446966805595E+03,-12.91657081826,
    309.36368198695));
#392 = CARTESIAN_POINT('',(6.447030850218E+03,-12.73101978095,
    309.35892465401));
#393 = CARTESIAN_POINT('',(6.447094678511E+03,-12.54539421826,
    309.35420097381));
#394 = CARTESIAN_POINT('',(6.447158305236E+03,-12.35969947527,
    309.34950843859));
#395 = CARTESIAN_POINT('',(6.447221743452E+03,-12.17394025476,
    309.34484470428));
#396 = CARTESIAN_POINT('',(6.447285005255E+03,-11.98812088693,
    309.34020753172));
#397 = CARTESIAN_POINT('',(6.447348103042E+03,-11.80224576575,
    309.33559469107));
#398 = CARTESIAN_POINT('',(6.447411049164E+03,-11.61631923315,
    309.33100398457));
#399 = CARTESIAN_POINT('',(6.447473856022E+03,-11.43034561475,
    309.32643323693));
#400 = CARTESIAN_POINT('',(6.447536536028E+03,-11.24432920776,
    309.32188029603));
#401 = CARTESIAN_POINT('',(6.447599101642E+03,-11.05827429729,
    309.3173430275));
#402 = CARTESIAN_POINT('',(6.447661565538E+03,-10.87218521623,
    309.31281930032));
#403 = CARTESIAN_POINT('',(6.447723940177E+03,-10.68606620162,
    309.30830701498));
#404 = CARTESIAN_POINT('',(6.447786237461E+03,-10.49992128346,
    309.30380412873));
#405 = CARTESIAN_POINT('',(6.447848468568E+03,-10.31375423383,
    309.29930865375));
#406 = CARTESIAN_POINT('',(6.447910643945E+03,-10.12756856575,
    309.29481869721));
#407 = CARTESIAN_POINT('',(6.447972773466E+03,-9.941367593606,
    309.29033229251));
#408 = CARTESIAN_POINT('',(6.448034866758E+03,-9.755154546811,
    309.2858479526));
#409 = CARTESIAN_POINT('',(6.448096933618E+03,-9.568932793436,
    309.281362478));
#410 = CARTESIAN_POINT('',(6.448158983899E+03,-9.382705609489,
    309.27687902528));
#411 = CARTESIAN_POINT('',(6.448221027521E+03,-9.196476013534,
    309.27241294889));
#412 = CARTESIAN_POINT('',(6.448283074263E+03,-9.010247445142,
    309.26795817793));
#413 = CARTESIAN_POINT('',(6.448345133958E+03,-8.824023186291,
    309.26351390816));
#414 = CARTESIAN_POINT('',(6.448407216436E+03,-8.637806523006,
    309.2590779308));
#415 = CARTESIAN_POINT('',(6.448469331539E+03,-8.451600738971,
    309.25464841777));
#416 = CARTESIAN_POINT('',(6.448531489E+03,-8.265409089701,
    309.25022344923));
#417 = CARTESIAN_POINT('',(6.448593698643E+03,-8.079234867364,
    309.2458011258));
#418 = CARTESIAN_POINT('',(6.448655970566E+03,-7.893081465552,
    309.24137951922));
#419 = CARTESIAN_POINT('',(6.448718315228E+03,-7.70695241038,
    309.2369566735));
#420 = CARTESIAN_POINT('',(6.448780743451E+03,-7.520851362685,
    309.23253060059));
#421 = CARTESIAN_POINT('',(6.448843266339E+03,-7.334782095359,
    309.22809928439));
#422 = CARTESIAN_POINT('',(6.448905895123E+03,-7.148748442402,
    309.22366068965));
#423 = CARTESIAN_POINT('',(6.448968640914E+03,-6.96275421792,
    309.21921277729));
#424 = CARTESIAN_POINT('',(6.449031514753E+03,-6.776803237253,
    309.21475349798));
#425 = CARTESIAN_POINT('',(6.449094527652E+03,-6.590899330246,
    309.2102807881));
#426 = CARTESIAN_POINT('',(6.449157690562E+03,-6.405046333597,
    309.20579256723));
#427 = CARTESIAN_POINT('',(6.449221014439E+03,-6.219248115194,
    309.20128673953));
#428 = CARTESIAN_POINT('',(6.449284509868E+03,-6.033508445243,
    309.19676118616));
#429 = CARTESIAN_POINT('',(6.449348188094E+03,-5.847831340211,
    309.19221381039));
#430 = CARTESIAN_POINT('',(6.449412083912E+03,-5.662229019677,
    309.18764044633));
#431 = CARTESIAN_POINT('',(6.449476213105E+03,-5.476707301234,
    309.18303955684));
#432 = CARTESIAN_POINT('',(6.449540529538E+03,-5.291250744327,
    309.17840911234));
#433 = CARTESIAN_POINT('',(6.449604914172E+03,-5.105817978388,
    309.17377114877));
#434 = CARTESIAN_POINT('',(6.449669148547E+03,-4.920333008374,
    309.16914839411));
#435 = CARTESIAN_POINT('',(6.449732897827E+03,-4.734680361082,
    309.16456162251));
#436 = CARTESIAN_POINT('',(6.449795879088E+03,-4.548765224636,
    309.16003065191));
#437 = CARTESIAN_POINT('',(6.449858001644E+03,-4.362561115117,
    309.15556080085));
#438 = CARTESIAN_POINT('',(6.449919383392E+03,-4.176111532506,
    309.1511426619));
#439 = CARTESIAN_POINT('',(6.449980390674E+03,-3.989539247811,
    309.14674893892));
#440 = CARTESIAN_POINT('',(6.450041566688E+03,-3.803022108516,
    309.14233957192));
#441 = CARTESIAN_POINT('',(6.450103386341E+03,-3.616717123943,
    309.1378792802));
#442 = CARTESIAN_POINT('',(6.450166080058E+03,-3.430704514446,
    309.13335024935));
#443 = CARTESIAN_POINT('',(6.450229682938E+03,-3.245001149217,
    309.12874863211));
#444 = CARTESIAN_POINT('',(6.450294056513E+03,-3.059564010995,
    309.12408305854));
#445 = CARTESIAN_POINT('',(6.450358945113E+03,-2.8743067689,
    309.11937066768));
#446 = CARTESIAN_POINT('',(6.450424088419E+03,-2.689139029183,
    309.11462903563));
#447 = CARTESIAN_POINT('',(6.450489270808E+03,-2.503985115862,
    309.10987261552));
#448 = CARTESIAN_POINT('',(6.450554236278E+03,-2.318754903872,
    309.10511896616));
#449 = CARTESIAN_POINT('',(6.450618651406E+03,-2.133332114983,
    309.10039156864));
#450 = CARTESIAN_POINT('',(6.450682282594E+03,-1.947638311622,
    309.09570690651));
#451 = CARTESIAN_POINT('',(6.450745132984E+03,-1.761678589801,
    309.0910642366));
#452 = CARTESIAN_POINT('',(6.450807454471E+03,-1.57554070568,
    309.08644445201));
#453 = CARTESIAN_POINT('',(6.450869969759E+03,-1.389468111265,
    309.08179306678));
#454 = CARTESIAN_POINT('',(6.450933533972E+03,-1.20374672881,
    309.07704510551));
#455 = CARTESIAN_POINT('',(6.450999148147E+03,-1.018747405655,
    309.07212253898));
#456 = CARTESIAN_POINT('',(6.45106515509E+03,-0.833872057216,
    309.06715712407));
#457 = CARTESIAN_POINT('',(6.451136311783E+03,-0.650925647707,
    309.06178798095));
#458 = CARTESIAN_POINT('',(6.451208238339E+03,-0.468340533974,
    309.05634326403));
#459 = CARTESIAN_POINT('',(6.451272582751E+03,-0.28279986798,
    309.05145716032));
#460 = CARTESIAN_POINT('',(6.451312262367E+03,-8.970906772292E-02,
    309.04843630032));
#461 = CARTESIAN_POINT('',(6.451301383076E+03,0.17538280964,
    309.04926512055));
#462 = CARTESIAN_POINT('',(6.451184742647E+03,0.35308786501,
    309.05813997044));
#463 = CARTESIAN_POINT('',(6.45106556403E+03,0.414479176754,
    309.06712369172));
#464 = CARTESIAN_POINT('',(6.406273362413E+03,-39.75696959708,
    316.60438174565));
#465 = CARTESIAN_POINT('',(6.45106556403E+03,0.414479176754,
    309.06712369172));
#466 = ( GEOMETRIC_REPRESENTATION_CONTEXT(3) 
GLOBAL_UNCERTAINTY_ASSIGNED_CONTEXT((#470)) GLOBAL_UNIT_ASSIGNED_CONTEXT
((#467,#468,#469)) REPRESENTATION_CONTEXT('Context #1',
  '3D Context with UNIT and UNCERTAINTY') );
#467 = ( LENGTH_UNIT() NAMED_UNIT(*) SI_UNIT(.MILLI.,.METRE.) );
#468 = ( NAMED_UNIT(*) PLANE_ANGLE_UNIT() SI_UNIT($,.RADIAN.) );
#469 = ( NAMED_UNIT(*) SI_UNIT($,.STERADIAN.) SOLID_ANGLE_UNIT() );
#470 = UNCERTAINTY_MEASURE_WITH_UNIT(LENGTH_MEASURE(1.E-07),#467,
  'distance_accuracy_value','confusion accuracy');
#471 = CONTEXT_DEPENDENT_SHAPE_REPRESENTATION(#472,#474);
#472 = ( REPRESENTATION_RELATIONSHIP('','',#60,#10) 
REPRESENTATION_RELATIONSHIP_WITH_TRANSFORMATION(#473) 
SHAPE_REPRESENTATION_RELATIONSHIP() );
#473 = ITEM_DEFINED_TRANSFORMATION('','',#11,#15);
#474 = PRODUCT_DEFINITION_SHAPE('Placement','Placement of an item',#475
  );
#475 = NEXT_ASSEMBLY_USAGE_OCCURRENCE('21','','',#5,#55,$);
#476 = PRODUCT_RELATED_PRODUCT_CATEGORY('part',$,(#57));
#477 = SHAPE_DEFINITION_REPRESENTATION(#478,#484);
#478 = PRODUCT_DEFINITION_SHAPE('','',#479);
#479 = PRODUCT_DEFINITION('design','',#480,#483);
#480 = PRODUCT_DEFINITION_FORMATION('','',#481);
#481 = PRODUCT('Open CASCADE STEP translator 7.8 3.2',
  'Open CASCADE STEP translator 7.8 3.2','',(#482));
#482 = PRODUCT_CONTEXT('',#2,'mechanical');
#483 = PRODUCT_DEFINITION_CONTEXT('part definition',#2,'design');
#484 = GEOMETRICALLY_BOUNDED_WIREFRAME_SHAPE_REPRESENTATION('',(#11,#485
    ),#890);
#485 = GEOMETRIC_CURVE_SET('',(#486));
#486 = TRIMMED_CURVE('',#487,(#888,PARAMETER_VALUE(0.)),(#889,
    PARAMETER_VALUE(1.)),.T.,.PARAMETER.);
#487 = B_SPLINE_CURVE_WITH_KNOTS('',3,(#488,#489,#490,#491,#492,#493,
    #494,#495,#496,#497,#498,#499,#500,#501,#502,#503,#504,#505,#506,
    #507,#508,#509,#510,#511,#512,#513,#514,#515,#516,#517,#518,#519,
    #520,#521,#522,#523,#524,#525,#526,#527,#528,#529,#530,#531,#532,
    #533,#534,#535,#536,#537,#538,#539,#540,#541,#542,#543,#544,#545,
    #546,#547,#548,#549,#550,#551,#552,#553,#554,#555,#556,#557,#558,
    #559,#560,#561,#562,#563,#564,#565,#566,#567,#568,#569,#570,#571,
    #572,#573,#574,#575,#576,#577,#578,#579,#580,#581,#582,#583,#584,
    #585,#586,#587,#588,#589,#590,#591,#592,#593,#594,#595,#596,#597,
    #598,#599,#600,#601,#602,#603,#604,#605,#606,#607,#608,#609,#610,
    #611,#612,#613,#614,#615,#616,#617,#618,#619,#620,#621,#622,#623,
    #624,#625,#626,#627,#628,#629,#630,#631,#632,#633,#634,#635,#636,
    #637,#638,#639,#640,#641,#642,#643,#644,#645,#646,#647,#648,#649,
    #650,#651,#652,#653,#654,#655,#656,#657,#658,#659,#660,#661,#662,
    #663,#664,#665,#666,#667,#668,#669,#670,#671,#672,#673,#674,#675,
    #676,#677,#678,#679,#680,#681,#682,#683,#684,#685,#686,#687,#688,
    #689,#690,#691,#692,#693,#694,#695,#696,#697,#698,#699,#700,#701,
    #702,#703,#704,#705,#706,#707,#708,#709,#710,#711,#712,#713,#714,
    #715,#716,#717,#718,#719,#720,#721,#722,#723,#724,#725,#726,#727,
    #728,#729,#730,#731,#732,#733,#734,#735,#736,#737,#738,#739,#740,
    #741,#742,#743,#744,#745,#746,#747,#748,#749,#750,#751,#752,#753,
    #754,#755,#756,#757,#758,#759,#760,#761,#762,#763,#764,#765,#766,
    #767,#768,#769,#770,#771,#772,#773,#774,#775,#776,#777,#778,#779,
    #780,#781,#782,#783,#784,#785,#786,#787,#788,#789,#790,#791,#792,
    #793,#794,#795,#796,#797,#798,#799,#800,#801,#802,#803,#804,#805,
    #806,#807,#808,#809,#810,#811,#812,#813,#814,#815,#816,#817,#818,
    #819,#820,#821,#822,#823,#824,#825,#826,#827,#828,#829,#830,#831,
    #832,#833,#834,#835,#836,#837,#838,#839,#840,#841,#842,#843,#844,
    #845,#846,#847,#848,#849,#850,#851,#852,#853,#854,#855,#856,#857,
    #858,#859,#860,#861,#862,#863,#864,#865,#866,#867,#868,#869,#870,
    #871,#872,#873,#874,#875,#876,#877,#878,#879,#880,#881,#882,#883,
    #884,#885,#886,#887),.UNSPECIFIED.,.F.,.F.,(4,1,1,1,1,1,1,1,1,1,1,1,
    1,1,1,1,1,1,1,1,1,1,1,1,1,1,1,1,1,1,1,1,1,1,1,1,1,1,1,1,1,1,1,1,1,1,
    1,1,1,1,1,1,1,1,1,1,1,1,1,1,1,1,1,1,1,1,1,1,1,1,1,1,1,1,1,1,1,1,1,1,
    1,1,1,1,1,1,1,1,1,1,1,1,1,1,1,1,1,1,1,1,1,1,1,1,1,1,1,1,1,1,1,1,1,1,
    1,1,1,1,1,1,1,1,1,1,1,1,1,1,1,1,1,1,1,1,1,1,1,1,1,1,1,1,1,1,1,1,1,1,
    1,1,1,1,1,1,1,1,1,1,1,1,1,1,1,1,1,1,1,1,1,1,1,1,1,1,1,1,1,1,1,1,1,1,
    1,1,1,1,1,1,1,1,1,1,1,1,1,1,1,1,1,1,1,1,1,1,1,1,1,1,1,1,1,1,1,1,1,1,
    1,1,1,1,1,1,1,1,1,1,1,1,1,1,1,1,1,1,1,1,1,1,1,1,1,1,1,1,1,1,1,1,1,1,
    1,1,1,1,1,1,1,1,1,1,1,1,1,1,1,1,1,1,1,1,1,1,1,1,1,1,1,1,1,1,1,1,1,1,
    1,1,1,1,1,1,1,1,1,1,1,1,1,1,1,1,1,1,1,1,1,1,1,1,1,1,1,1,1,1,1,1,1,1,
    1,1,1,1,1,1,1,1,1,1,1,1,1,1,1,1,1,1,1,1,1,1,1,1,1,1,1,1,1,1,1,1,1,1,
    1,1,1,1,1,1,1,1,1,1,1,1,1,1,1,1,1,1,1,1,1,1,1,1,1,1,1,1,1,1,1,1,1,1,
    1,1,1,1,1,1,1,1,1,1,1,4),(0.,4.969880619653E-03,7.454450536415E-03,
    9.938700375476E-03,1.242290724348E-02,1.490672024293E-02,
    1.739034268705E-02,1.987391790688E-02,2.235755386091E-02,
    2.484131930163E-02,2.732508197711E-02,2.980886259691E-02,
    3.229262592745E-02,3.477637520967E-02,3.726011017609E-02,
    3.974383302554E-02,4.222754559936E-02,4.47112522579E-02,
    4.719495880852E-02,4.967867063002E-02,5.216238910811E-02,
    5.464611359097E-02,5.712984381483E-02,5.961358021511E-02,
    6.209732334664E-02,6.458107379957E-02,6.706483225984E-02,
    6.954859954693E-02,7.20323766359E-02,7.451616466099E-02,
    7.699996489976E-02,7.948377873769E-02,8.196760761881E-02,
    8.445145208228E-02,8.693530845084E-02,8.941917248418E-02,
    9.190304080273E-02,9.438691416E-02,9.687079376259E-02,
    9.935468074382E-02,0.101838576158,0.10432248099,0.106806396173,
    0.10929032263,0.111774261284,0.114258213048,0.116742178799,
    0.119226159449,0.121710156079,0.124194170102,0.126678203357,
    0.12916225654,0.131646327622,0.13413041464,0.136614517222,
    0.139098638021,0.141582779818,0.144066945479,0.146551137889,
    0.149035359778,0.151519613569,0.154003901281,0.156488224512,
    0.158972584483,0.161456982168,0.163941418473,0.166425894352,
    0.168910410839,0.171394968859,0.1738795681,0.176364207517,
    0.17884888564,0.18133360166,0.183818354889,0.186303144571,
    0.188787969892,0.191272829979,0.193757723851,0.19624265042,
    0.198727608621,0.201212597679,0.203697617373,0.206182668211,
    0.20866775149,0.211152869236,0.213638024628,0.21612322361,
    0.218608472314,0.221093776133,0.22357913773,0.226064559165,
    0.228550041758,0.231035585795,0.233521190394,0.236006853535,
    0.238492572294,0.240978343231,0.243464162677,0.245950026816,
    0.248435931783,0.250921873977,0.253407850606,0.255893863473,
    0.258379917906,0.260866020624,0.26335217608,0.265838387264,
    0.26832465741,0.270810989836,0.273297387828,0.275783854333,
    0.278270391524,0.280757000487,0.283243681096,0.285730432063,
    0.288217251182,0.290704135756,0.293191083064,0.295678094058,
    0.298165171589,0.300652318514,0.303139534178,0.305626816169,
    0.308114162064,0.310601569426,0.313089035785,0.315576558559,
    0.318064134927,0.320551761945,0.323039436932,0.325527158056,
    0.328014924768,0.33050273803,0.33299060207,0.335478525667,
    0.337966518685,0.340454589852,0.342942744935,0.345430989398,
    0.347919327935,0.350407763902,0.352896298987,0.355384933146,
    0.357873664806,0.360362491346,0.362851409747,0.365340416991,
    0.367829510147,0.370318687818,0.372807950562,0.375297299215,
    0.377786733276,0.38027625042,0.382765848158,0.385255523707,
    0.38774527402,0.390235096211,0.392724988364,0.395214950337,
    0.39770498424,0.400195094591,0.402685288091,0.405175573426,
    0.407665961415,0.410156463228,0.412647089189,0.415137847125,
    0.417628742718,0.420119779214,0.422610957438,0.425102276194,
    0.427593733056,0.430085325271,0.432577050213,0.435068905395,
    0.437560888217,0.440052996691,0.442545229804,0.445037586344,
    0.44753006399,0.450022658737,0.452515366375,0.45500818337,
    0.457501108143,0.459994142039,0.462487289828,0.464980559703,
    0.467473962857,0.469967512721,0.472461223883,0.474955111679,
    0.477449188702,0.479943462977,0.482437935924,0.484932603989,
    0.487427459436,0.489922491482,0.49241768845,0.49491304005,
    0.497408539637,0.499904185464,0.502399981495,0.504895938576,
    0.507392074628,0.509888411011,0.512384968625,0.514881764484,
    0.517378811707,0.519876118784,0.522373689172,0.52487152164,
    0.527369611372,0.529867951757,0.532366535979,0.534865358686,
    0.537364419073,0.539863716589,0.542363249415,0.544863010884,
    0.547362993179,0.549863188423,0.552363590337,0.554864196296,
    0.557365008762,0.559866035884,0.562367291457,0.564868796367,
    0.567370578753,0.569872666071,0.572375079732,0.574877831125,
    0.577380926033,0.57988436508,0.58238814476,0.584892259402,
    0.587396703377,0.589901472548,0.592406565383,0.594911987835,
    0.597417748957,0.599923858938,0.602430323193,0.604937145198,
    0.60744432593,0.609951862787,0.612459749204,0.61496797426,
    0.617476522879,0.619985379385,0.622494537244,0.625003997096,
    0.627513766728,0.630023856198,0.632534284276,0.635045077296,
    0.637556263466,0.640067865549,0.642579895894,0.64509235499,
    0.647605236076,0.650118528205,0.652632214613,0.655146276107,
    0.657660696721,0.660175474233,0.66269062133,0.665206165701,
    0.667722146727,0.670238607217,0.672755585501,0.675273115538,
    0.677791217251,0.680309894594,0.682829131305,0.685348903631,
    0.687869187014,0.690389959863,0.692911204471,0.695432906127,
    0.697955055582,0.700477656102,0.703000712447,0.705524225945,
    0.70804818649,0.710572582373,0.713097401023,0.715622629701,
    0.718148257415,0.720674277452,0.723200695099,0.725727531224,
    0.728254814838,0.73078257463,0.733310831449,0.735839600314,
    0.738368887633,0.740898690702,0.743428998731,0.745959796587,
    0.748491076618,0.751022840969,0.753555102699,0.756087881167,
    0.758621205173,0.761155109865,0.76368962727,0.766224776494,
    0.768760558964,0.771296961499,0.773833959521,0.776371519336,
    0.778909603834,0.781448180415,0.783987228394,0.78652673906,
    0.789066713643,0.791607159865,0.794148087409,0.796689505571,
    0.799231420219,0.801773832577,0.804316738368,0.806860131679,
    0.809404009763,0.811948376936,0.814493246727,0.817038642455,
    0.819584594767,0.822131134806,0.824678287192,0.827226066108,
    0.829774476454,0.832323515843,0.834873176566,0.837423447483,
    0.839974316919,0.84252577759,0.845077820007,0.84763042981,
    0.850183584912,0.852737264756,0.855291454638,0.857846147984,
    0.860401347283,0.862957075777,0.865513402425,0.868070380567,
    0.870628025416,0.87318628347,0.875745088711,0.878304370929,
    0.880864063719,0.883424111624,0.885984510301,0.888545360992,
    0.891106699542,0.89366845706,0.896230487995,0.898792823346,
    0.901355613228,0.903918900221,0.906482346258,0.909045513396,
    0.911608118482,0.914169956949,0.9167307214,0.919290117498,
    0.921848241376,0.924405424519,0.92696171461,0.92951671828,
    0.932070089388,0.93462192254,0.937172438716,0.939721620487,
    0.942269208009,0.944815035973,0.947358993335,0.949900799309,
    0.952439981067,0.954976057569,0.957508671659,0.960037468517,
    0.962561972675,0.965081926569,0.967597277135,0.970108668572,
    0.972615473162,0.975118436301,0.977617645471,0.980114132909,
    0.98260737702,0.985097277919,0.987584230201,0.990069010238,
    0.992552673509,0.9950352959,1.),.UNSPECIFIED.);
#488 = CARTESIAN_POINT('',(6.45106556403E+03,0.414479176754,
    309.06712369172));
#489 = CARTESIAN_POINT('',(6.450973338119E+03,0.466625192787,
    309.074085896));
#490 = CARTESIAN_POINT('',(6.450806128866E+03,0.492365743959,
    309.0865813605));
#491 = CARTESIAN_POINT('',(6.450606631556E+03,0.412113506317,
    309.10128323143));
#492 = CARTESIAN_POINT('',(6.450483465813E+03,0.309917314224,
    309.11030054174));
#493 = CARTESIAN_POINT('',(6.450386631079E+03,0.183807285388,
    309.1173582272));
#494 = CARTESIAN_POINT('',(6.45030689498E+03,4.685042605965E-02,
    309.12315196368));
#495 = CARTESIAN_POINT('',(6.450236600109E+03,-9.499045118113E-02,
    309.12824787135));
#496 = CARTESIAN_POINT('',(6.450167794378E+03,-0.237573024479,
    309.13322669692));
#497 = CARTESIAN_POINT('',(6.450091000333E+03,-0.376017081527,
    309.13877387247));
#498 = CARTESIAN_POINT('',(6.450013751377E+03,-0.51414069409,
    309.14434530956));
#499 = CARTESIAN_POINT('',(6.449935433836E+03,-0.651680650383,
    309.1499873015));
#500 = CARTESIAN_POINT('',(6.449857388774E+03,-0.789370426812,
    309.1556050648));
#501 = CARTESIAN_POINT('',(6.449779733847E+03,-0.927283189049,
    309.16119219923));
#502 = CARTESIAN_POINT('',(6.449702446618E+03,-1.065401885838,
    309.16675243679));
#503 = CARTESIAN_POINT('',(6.449625567963E+03,-1.203748710057,
    309.17228428264));
#504 = CARTESIAN_POINT('',(6.44954905333E+03,-1.342297010035,
    309.17779467865));
#505 = CARTESIAN_POINT('',(6.449472760581E+03,-1.480967447388,
    309.18328876856));
#506 = CARTESIAN_POINT('',(6.449396464746E+03,-1.619636703615,
    309.18876009855));
#507 = CARTESIAN_POINT('',(6.449319878723E+03,-1.758145866376,
    309.1942373791));
#508 = CARTESIAN_POINT('',(6.449242868062E+03,-1.896419052871,
    309.19973068806));
#509 = CARTESIAN_POINT('',(6.449165516735E+03,-2.034501763107,
    309.20523658744));
#510 = CARTESIAN_POINT('',(6.449087902505E+03,-2.172436923572,
    309.21075166042));
#511 = CARTESIAN_POINT('',(6.449010042113E+03,-2.31023329756,
    309.21627704576));
#512 = CARTESIAN_POINT('',(6.448931954767E+03,-2.447901174188,
    309.22181371802));
#513 = CARTESIAN_POINT('',(6.44885366129E+03,-2.585451915263,
    309.22736259532));
#514 = CARTESIAN_POINT('',(6.44877518189E+03,-2.722896658465,
    309.23292467713));
#515 = CARTESIAN_POINT('',(6.448696534788E+03,-2.860245509625,
    309.23850113966));
#516 = CARTESIAN_POINT('',(6.448617735088E+03,-2.997506872927,
    309.24409340912));
#517 = CARTESIAN_POINT('',(6.448538794235E+03,-3.134687111508,
    309.24970319768));
#518 = CARTESIAN_POINT('',(6.448459719978E+03,-3.271790502688,
    309.25533250067));
#519 = CARTESIAN_POINT('',(6.448380516833E+03,-3.408819482949,
    309.26098357529));
#520 = CARTESIAN_POINT('',(6.448301187069E+03,-3.545775202459,
    309.26665882643));
#521 = CARTESIAN_POINT('',(6.448221732154E+03,-3.682658327118,
    309.27236087084));
#522 = CARTESIAN_POINT('',(6.448142154882E+03,-3.819470195923,
    309.27809176116));
#523 = CARTESIAN_POINT('',(6.448062458367E+03,-3.956212124973,
    309.28385538206));
#524 = CARTESIAN_POINT('',(6.447982644365E+03,-4.092886078675,
    309.28961945563));
#525 = CARTESIAN_POINT('',(6.44790271507E+03,-4.229492732319,
    309.29539121999));
#526 = CARTESIAN_POINT('',(6.447822673688E+03,-4.366033761552,
    309.30117156448));
#527 = CARTESIAN_POINT('',(6.447742525292E+03,-4.502511991223,
    309.30696295172));
#528 = CARTESIAN_POINT('',(6.447662277293E+03,-4.638931672841,
    309.31276724166));
#529 = CARTESIAN_POINT('',(6.447581939554E+03,-4.775298517107,
    309.31858625453));
#530 = CARTESIAN_POINT('',(6.447501524137E+03,-4.911619563206,
    309.32442163078));
#531 = CARTESIAN_POINT('',(6.44742104473E+03,-5.047902837829,
    309.33027490937));
#532 = CARTESIAN_POINT('',(6.447340515721E+03,-5.184156807627,
    309.33614757881));
#533 = CARTESIAN_POINT('',(6.447259950851E+03,-5.320389575509,
    309.3420411732));
#534 = CARTESIAN_POINT('',(6.447179363225E+03,-5.456608877412,
    309.3479572687));
#535 = CARTESIAN_POINT('',(6.447098768827E+03,-5.592824172671,
    309.35389721641));
#536 = CARTESIAN_POINT('',(6.447018184702E+03,-5.729045557497,
    309.35986228303));
#537 = CARTESIAN_POINT('',(6.446937623029E+03,-5.865280244296,
    309.36585402916));
#538 = CARTESIAN_POINT('',(6.446857088145E+03,-6.001530791607,
    309.37187474718));
#539 = CARTESIAN_POINT('',(6.446776574474E+03,-6.137793882063,
    309.37792684511));
#540 = CARTESIAN_POINT('',(6.446696066126E+03,-6.274059884031,
    309.38401583008));
#541 = CARTESIAN_POINT('',(6.446615537678E+03,-6.410313790629,
    309.39013933611));
#542 = CARTESIAN_POINT('',(6.446534956451E+03,-6.546536959011,
    309.39627966595));
#543 = CARTESIAN_POINT('',(6.446454287316E+03,-6.682708125933,
    309.40244660162));
#544 = CARTESIAN_POINT('',(6.446373497943E+03,-6.818808019191,
    309.40864301034));
#545 = CARTESIAN_POINT('',(6.446292557646E+03,-6.954818231795,
    309.41487348789));
#546 = CARTESIAN_POINT('',(6.446211431829E+03,-7.09071789359,
    309.42114250225));
#547 = CARTESIAN_POINT('',(6.446130086817E+03,-7.226486477179,
    309.42745464647));
#548 = CARTESIAN_POINT('',(6.446048494974E+03,-7.362106866171,
    309.43381408042));
#549 = CARTESIAN_POINT('',(6.445966637666E+03,-7.497567178731,
    309.44022433844));
#550 = CARTESIAN_POINT('',(6.445884506794E+03,-7.632861776426,
    309.44668818571));
#551 = CARTESIAN_POINT('',(6.445802104745E+03,-7.76799135305,
    309.45320760638));
#552 = CARTESIAN_POINT('',(6.44571944286E+03,-7.902962109057,
    309.45978390451));
#553 = CARTESIAN_POINT('',(6.445636538557E+03,-8.037784079769,
    309.46641791037));
#554 = CARTESIAN_POINT('',(6.445553410886E+03,-8.17246843719,
    309.47311033079));
#555 = CARTESIAN_POINT('',(6.445470075115E+03,-8.307024127553,
    309.47986214711));
#556 = CARTESIAN_POINT('',(6.445386546024E+03,-8.441459880775,
    309.48667448032));
#557 = CARTESIAN_POINT('',(6.44530283822E+03,-8.575784391583,
    309.49354808432));
#558 = CARTESIAN_POINT('',(6.445218966392E+03,-8.71000635993,
    309.50048510705));
#559 = CARTESIAN_POINT('',(6.445134945308E+03,-8.84413501668,
    309.50747867241));
#560 = CARTESIAN_POINT('',(6.445050790272E+03,-8.978179689489,
    309.51452773112));
#561 = CARTESIAN_POINT('',(6.444966517043E+03,-9.112150081469,
    309.52163092336));
#562 = CARTESIAN_POINT('',(6.44488214183E+03,-9.246056256463,
    309.5287868806));
#563 = CARTESIAN_POINT('',(6.44479768122E+03,-9.379908576243,
    309.5359941495));
#564 = CARTESIAN_POINT('',(6.444713152021E+03,-9.513717584317,
    309.54325122688));
#565 = CARTESIAN_POINT('',(6.444628571057E+03,-9.647493870317,
    309.55055657072));
#566 = CARTESIAN_POINT('',(6.444543954693E+03,-9.781247754267,
    309.5579086444));
#567 = CARTESIAN_POINT('',(6.444459323092E+03,-9.9149919948,
    309.56530554433));
#568 = CARTESIAN_POINT('',(6.444374696741E+03,-10.04873957758,
    309.5727452955));
#569 = CARTESIAN_POINT('',(6.444290089913E+03,-10.18249954777,
    309.5802264312));
#570 = CARTESIAN_POINT('',(6.444205507263E+03,-10.31627485607,
    309.58774831364));
#571 = CARTESIAN_POINT('',(6.444120941583E+03,-10.45006094257,
    309.59531135757));
#572 = CARTESIAN_POINT('',(6.444036373423E+03,-10.58384550887,
    309.60291710564));
#573 = CARTESIAN_POINT('',(6.443951772428E+03,-10.71760937106,
    309.61056809475));
#574 = CARTESIAN_POINT('',(6.443867100423E+03,-10.85132842492,
    309.61826776307));
#575 = CARTESIAN_POINT('',(6.4437823164E+03,-10.9849767956,
    309.62601941068));
#576 = CARTESIAN_POINT('',(6.443697384292E+03,-11.11853074654,
    309.63384181788));
#577 = CARTESIAN_POINT('',(6.443612265516E+03,-11.25196577897,
    309.64173481636));
#578 = CARTESIAN_POINT('',(6.443526918244E+03,-11.38525477103,
    309.64970184476));
#579 = CARTESIAN_POINT('',(6.443441307745E+03,-11.51837482714,
    309.65774489114));
#580 = CARTESIAN_POINT('',(6.443355411059E+03,-11.65131034658,
    309.66586511578));
#581 = CARTESIAN_POINT('',(6.443269220315E+03,-11.78405532136,
    309.67406220255));
#582 = CARTESIAN_POINT('',(6.443182743418E+03,-11.91661396966,
    309.68233432562));
#583 = CARTESIAN_POINT('',(6.443096002644E+03,-12.04900001343,
    309.69067822026));
#584 = CARTESIAN_POINT('',(6.443009030869E+03,-12.18123434931,
    309.69908951941));
#585 = CARTESIAN_POINT('',(6.44292186667E+03,-12.31334189855,
    309.70756320299));
#586 = CARTESIAN_POINT('',(6.442834544091E+03,-12.4453447854,
    309.71609460398));
#587 = CARTESIAN_POINT('',(6.442747096973E+03,-12.57726517244,
    309.72467896488));
#588 = CARTESIAN_POINT('',(6.44265956346E+03,-12.70912825288,
    309.73331113092));
#589 = CARTESIAN_POINT('',(6.442571975989E+03,-12.84095556154,
    309.74198604052));
#590 = CARTESIAN_POINT('',(6.442484355919E+03,-12.97276131017,
    309.75070114492));
#591 = CARTESIAN_POINT('',(6.442396709578E+03,-13.10455023252,
    309.75944986918));
#592 = CARTESIAN_POINT('',(6.442309027731E+03,-13.23631542303,
    309.76824875627));
#593 = CARTESIAN_POINT('',(6.44222128547E+03,-13.36804012749,
    309.77710611314));
#594 = CARTESIAN_POINT('',(6.442133445849E+03,-13.49969995829,
    309.78602267553));
#595 = CARTESIAN_POINT('',(6.44204546473E+03,-13.63126529301,
    309.79500236411));
#596 = CARTESIAN_POINT('',(6.441957301937E+03,-13.76270898739,
    309.80404814327));
#597 = CARTESIAN_POINT('',(6.441868917879E+03,-13.89400404282,
    309.81316315766));
#598 = CARTESIAN_POINT('',(6.441780270428E+03,-14.02512142129,
    309.82235083518));
#599 = CARTESIAN_POINT('',(6.44169132322E+03,-14.15603561738,
    309.83161408058));
#600 = CARTESIAN_POINT('',(6.441602049918E+03,-14.28672761242,
    309.84095479205));
#601 = CARTESIAN_POINT('',(6.441512436867E+03,-14.41718681098,
    309.85037355534));
#602 = CARTESIAN_POINT('',(6.44142248366E+03,-14.54741161577,
    309.85986955849));
#603 = CARTESIAN_POINT('',(6.441332201941E+03,-14.6774088072,
    309.86944065495));
#604 = CARTESIAN_POINT('',(6.4412416122E+03,-14.80719147353,
    309.87908380042));
#605 = CARTESIAN_POINT('',(6.441150739608E+03,-14.93677624349,
    309.88879502997));
#606 = CARTESIAN_POINT('',(6.441059605968E+03,-15.06617758371,
    309.89857200161));
#607 = CARTESIAN_POINT('',(6.440968230597E+03,-15.19540890658,
    309.90840762398));
#608 = CARTESIAN_POINT('',(6.440876633752E+03,-15.32448304392,
    309.91831516983));
#609 = CARTESIAN_POINT('',(6.440784834581E+03,-15.4534130515,
    309.92829593115));
#610 = CARTESIAN_POINT('',(6.440692851346E+03,-15.58221176562,
    309.93834584482));
#611 = CARTESIAN_POINT('',(6.440600701489E+03,-15.71089130584,
    309.94846232965));
#612 = CARTESIAN_POINT('',(6.440508401548E+03,-15.83946322746,
    309.95864246723));
#613 = CARTESIAN_POINT('',(6.44041596721E+03,-15.96793855067,
    309.96888349177));
#614 = CARTESIAN_POINT('',(6.440323413656E+03,-16.09632800599,
    309.97918262388));
#615 = CARTESIAN_POINT('',(6.440230755492E+03,-16.22464196347,
    309.98953711707));
#616 = CARTESIAN_POINT('',(6.440138008629E+03,-16.35289179495,
    309.9999440402));
#617 = CARTESIAN_POINT('',(6.440045193464E+03,-16.48109221838,
    310.01039992126));
#618 = CARTESIAN_POINT('',(6.439952326749E+03,-16.60925536039,
    310.02090165054));
#619 = CARTESIAN_POINT('',(6.439859416702E+03,-16.73738717872,
    310.03144708375));
#620 = CARTESIAN_POINT('',(6.439766459488E+03,-16.86548489167,
    310.04203532707));
#621 = CARTESIAN_POINT('',(6.439673437708E+03,-16.99353586016,
    310.05266744305));
#622 = CARTESIAN_POINT('',(6.439580320616E+03,-17.12151793723,
    310.06334455176));
#623 = CARTESIAN_POINT('',(6.439487066887E+03,-17.24940082167,
    310.0740746213));
#624 = CARTESIAN_POINT('',(6.439393628885E+03,-17.37714867813,
    310.08487535097));
#625 = CARTESIAN_POINT('',(6.439299959417E+03,-17.50472693398,
    310.09574836996));
#626 = CARTESIAN_POINT('',(6.439206011402E+03,-17.63210023712,
    310.10669940167));
#627 = CARTESIAN_POINT('',(6.439111738426E+03,-17.75923321798,
    310.11773308781));
#628 = CARTESIAN_POINT('',(6.439017102901E+03,-17.88609650695,
    310.12885339082));
#629 = CARTESIAN_POINT('',(6.438922079524E+03,-18.01266946207,
    310.140062793));
#630 = CARTESIAN_POINT('',(6.438826657331E+03,-18.13894191394,
    310.15136212035));
#631 = CARTESIAN_POINT('',(6.438730839383E+03,-18.26491420308,
    310.16275051909));
#632 = CARTESIAN_POINT('',(6.438634640533E+03,-18.39059575446,
    310.17422570014));
#633 = CARTESIAN_POINT('',(6.438538083491E+03,-18.51600226738,
    310.18578437476));
#634 = CARTESIAN_POINT('',(6.438441192745E+03,-18.64115112185,
    310.1974230096));
#635 = CARTESIAN_POINT('',(6.438343987577E+03,-18.76605590449,
    310.20913852386));
#636 = CARTESIAN_POINT('',(6.438246486373E+03,-18.89072972667,
    310.22092832434));
#637 = CARTESIAN_POINT('',(6.438148707725E+03,-19.01518632519,
    310.23278814179));
#638 = CARTESIAN_POINT('',(6.438050670629E+03,-19.13943949841,
    310.24471959722));
#639 = CARTESIAN_POINT('',(6.437952394637E+03,-19.26350349046,
    310.2567263915));
#640 = CARTESIAN_POINT('',(6.437853899453E+03,-19.38739349503,
    310.26880468546));
#641 = CARTESIAN_POINT('',(6.437755205342E+03,-19.51112505104,
    310.28095253165));
#642 = CARTESIAN_POINT('',(6.437656332868E+03,-19.63471409943,
    310.29316737085));
#643 = CARTESIAN_POINT('',(6.437557302385E+03,-19.75817652447,
    310.30544677531));
#644 = CARTESIAN_POINT('',(6.437458138845E+03,-19.88153209187,
    310.3177876674));
#645 = CARTESIAN_POINT('',(6.437358867296E+03,-20.00480081691,
    310.33018691984));
#646 = CARTESIAN_POINT('',(6.437259504487E+03,-20.12799611265,
    310.34264239786));
#647 = CARTESIAN_POINT('',(6.437160054457E+03,-20.25112117001,
    310.35515353713));
#648 = CARTESIAN_POINT('',(6.437060505643E+03,-20.37416654971,
    310.3677217393));
#649 = CARTESIAN_POINT('',(6.436960830464E+03,-20.49710976243,
    310.38035045498));
#650 = CARTESIAN_POINT('',(6.436860987125E+03,-20.61991660862,
    310.39304500834));
#651 = CARTESIAN_POINT('',(6.436760924105E+03,-20.74254470149,
    310.40581198731));
#652 = CARTESIAN_POINT('',(6.436660586282E+03,-20.86494827243,
    310.4186587315));
#653 = CARTESIAN_POINT('',(6.436559918897E+03,-20.98708080936,
    310.43159675579));
#654 = CARTESIAN_POINT('',(6.43645887232E+03,-21.10889976601,
    310.44463208956));
#655 = CARTESIAN_POINT('',(6.436357407351E+03,-21.23037036376,
    310.45777047757));
#656 = CARTESIAN_POINT('',(6.436255499779E+03,-21.35146974189,
    310.47101552857));
#657 = CARTESIAN_POINT('',(6.436153141606E+03,-21.47218832254,
    310.48436884931));
#658 = CARTESIAN_POINT('',(6.436050340238E+03,-21.59252953892,
    310.49783002273));
#659 = CARTESIAN_POINT('',(6.435947115304E+03,-21.71250749321,
    310.51139701188));
#660 = CARTESIAN_POINT('',(6.435843494011E+03,-21.83214322649,
    310.5250667386));
#661 = CARTESIAN_POINT('',(6.435739503024E+03,-21.95145774312,
    310.53883613898));
#662 = CARTESIAN_POINT('',(6.435635163499E+03,-22.07046755532,
    310.55270284214));
#663 = CARTESIAN_POINT('',(6.435530496678E+03,-22.189189581,
    310.56666438093));
#664 = CARTESIAN_POINT('',(6.435425523973E+03,-22.3076412004,
    310.58071838446));
#665 = CARTESIAN_POINT('',(6.435320267033E+03,-22.42584042041,
    310.59486180568));
#666 = CARTESIAN_POINT('',(6.435214747991E+03,-22.54380574199,
    310.60909373389));
#667 = CARTESIAN_POINT('',(6.435108989561E+03,-22.66155623882,
    310.62341488));
#668 = CARTESIAN_POINT('',(6.435003014078E+03,-22.77911135635,
    310.63782143323));
#669 = CARTESIAN_POINT('',(6.434896845573E+03,-22.89649209984,
    310.65231047556));
#670 = CARTESIAN_POINT('',(6.434790513494E+03,-23.01372471705,
    310.6668779773));
#671 = CARTESIAN_POINT('',(6.434684042153E+03,-23.13083100372,
    310.68152063504));
#672 = CARTESIAN_POINT('',(6.434577444458E+03,-23.24782249888,
    310.69623664697));
#673 = CARTESIAN_POINT('',(6.434470717319E+03,-23.36469618139,
    310.71102640868));
#674 = CARTESIAN_POINT('',(6.434363839755E+03,-23.48143259761,
    310.72589281294));
#675 = CARTESIAN_POINT('',(6.434256773357E+03,-23.59799610775,
    310.74084123309));
#676 = CARTESIAN_POINT('',(6.434149466098E+03,-23.71433815579,
    310.7558790334));
#677 = CARTESIAN_POINT('',(6.434041856701E+03,-23.83040100275,
    310.77101498663));
#678 = CARTESIAN_POINT('',(6.433933877254E+03,-23.94611976073,
    310.78625893515));
#679 = CARTESIAN_POINT('',(6.433825471834E+03,-24.06143970512,
    310.80161914278));
#680 = CARTESIAN_POINT('',(6.433716600603E+03,-24.17631946014,
    310.81710731516));
#681 = CARTESIAN_POINT('',(6.433607245931E+03,-24.29073873159,
    310.83272567078));
#682 = CARTESIAN_POINT('',(6.433497414467E+03,-24.40469998669,
    310.84847413658));
#683 = CARTESIAN_POINT('',(6.433387135631E+03,-24.51822798255,
    310.8643490274));
#684 = CARTESIAN_POINT('',(6.433276456232E+03,-24.63136515201,
    310.88034415424));
#685 = CARTESIAN_POINT('',(6.43316543548E+03,-24.74416714229,
    310.89645139524));
#686 = CARTESIAN_POINT('',(6.433054140399E+03,-24.85669853384,
    310.91266135634));
#687 = CARTESIAN_POINT('',(6.432942622972E+03,-24.96900980198,
    310.92896668569));
#688 = CARTESIAN_POINT('',(6.432830919287E+03,-25.08113617033,
    310.94536226342));
#689 = CARTESIAN_POINT('',(6.432719042379E+03,-25.1930901461,
    310.96184624076));
#690 = CARTESIAN_POINT('',(6.432606979687E+03,-25.30485864803,
    310.97842070912));
#691 = CARTESIAN_POINT('',(6.43249469331E+03,-25.41640309627,
    310.99509089129));
#692 = CARTESIAN_POINT('',(6.432382126132E+03,-25.52766471887,
    311.01186744651));
#693 = CARTESIAN_POINT('',(6.432269205269E+03,-25.63856722451,
    311.02876675379));
#694 = CARTESIAN_POINT('',(6.432155854457E+03,-25.74903020011,
    311.04579920942));
#695 = CARTESIAN_POINT('',(6.432042015969E+03,-25.85899038426,
    311.06297426965));
#696 = CARTESIAN_POINT('',(6.431927647568E+03,-25.96839905474,
    311.08029872182));
#697 = CARTESIAN_POINT('',(6.431812728273E+03,-26.07722858295,
    311.0977763318));
#698 = CARTESIAN_POINT('',(6.431697258264E+03,-26.18547321897,
    311.11540763778));
#699 = CARTESIAN_POINT('',(6.431581256556E+03,-26.293147487,
    311.13319028544));
#700 = CARTESIAN_POINT('',(6.431464755706E+03,-26.40028123397,
    311.1511197731));
#701 = CARTESIAN_POINT('',(6.431347794897E+03,-26.50691255232,
    311.16919049189));
#702 = CARTESIAN_POINT('',(6.431230408688E+03,-26.61307540035,
    311.18739742548));
#703 = CARTESIAN_POINT('',(6.431112625892E+03,-26.71879823484,
    311.20573644828));
#704 = CARTESIAN_POINT('',(6.430994475358E+03,-26.82411052041,
    311.22420304147));
#705 = CARTESIAN_POINT('',(6.430875985233E+03,-26.92903971074,
    311.24280394162));
#706 = CARTESIAN_POINT('',(6.430757182149E+03,-27.03361424331,
    311.26153279382));
#707 = CARTESIAN_POINT('',(6.430638090872E+03,-27.13786029622,
    311.28038569258));
#708 = CARTESIAN_POINT('',(6.430518739827E+03,-27.24180873929,
    311.29935747096));
#709 = CARTESIAN_POINT('',(6.430399160633E+03,-27.34549473455,
    311.31844252278));
#710 = CARTESIAN_POINT('',(6.430279377452E+03,-27.44894529135,
    311.33763630229));
#711 = CARTESIAN_POINT('',(6.430159400391E+03,-27.55217135615,
    311.35693646329));
#712 = CARTESIAN_POINT('',(6.430039221428E+03,-27.65516279574,
    311.37634357106));
#713 = CARTESIAN_POINT('',(6.429918812675E+03,-27.75788602084,
    311.39586136099));
#714 = CARTESIAN_POINT('',(6.429798128971E+03,-27.86028664727,
    311.41549669107));
#715 = CARTESIAN_POINT('',(6.429677109397E+03,-27.96229104657,
    311.43525815668));
#716 = CARTESIAN_POINT('',(6.429555682002E+03,-28.06381026234,
    311.45515978807));
#717 = CARTESIAN_POINT('',(6.429433787033E+03,-28.16476643672,
    311.47522247728));
#718 = CARTESIAN_POINT('',(6.429311381578E+03,-28.26510270097,
    311.49545082975));
#719 = CARTESIAN_POINT('',(6.429188440188E+03,-28.36478114069,
    311.51584993504));
#720 = CARTESIAN_POINT('',(6.429064956048E+03,-28.46378598437,
    311.53642094035));
#721 = CARTESIAN_POINT('',(6.428940938354E+03,-28.56212123188,
    311.55716254414));
#722 = CARTESIAN_POINT('',(6.428816408645E+03,-28.65980694552,
    311.57807126438));
#723 = CARTESIAN_POINT('',(6.428691396317E+03,-28.75687419857,
    311.59914222137));
#724 = CARTESIAN_POINT('',(6.428565926738E+03,-28.85334977789,
    311.62037115929));
#725 = CARTESIAN_POINT('',(6.428440016751E+03,-28.9492500197,
    311.64175503497));
#726 = CARTESIAN_POINT('',(6.428313678514E+03,-29.04458570089,
    311.66329213368));
#727 = CARTESIAN_POINT('',(6.428186918372E+03,-29.13936095256,
    311.684979492));
#728 = CARTESIAN_POINT('',(6.428059739521E+03,-29.23357277669,
    311.70682911641));
#729 = CARTESIAN_POINT('',(6.427932138968E+03,-29.32721251762,
    311.72884080982));
#730 = CARTESIAN_POINT('',(6.427804108178E+03,-29.42026306105,
    311.75101616105));
#731 = CARTESIAN_POINT('',(6.427675641867E+03,-29.5127111606,
    311.77335597943));
#732 = CARTESIAN_POINT('',(6.427546743089E+03,-29.60455496622,
    311.79585967368));
#733 = CARTESIAN_POINT('',(6.427417424065E+03,-29.69580566289,
    311.81852500349));
#734 = CARTESIAN_POINT('',(6.427287707364E+03,-29.78648967478,
    311.84134785112));
#735 = CARTESIAN_POINT('',(6.427157624038E+03,-29.87664641716,
    311.86432254741));
#736 = CARTESIAN_POINT('',(6.427027216828E+03,-29.96633364519,
    311.88744114571));
#737 = CARTESIAN_POINT('',(6.426896538211E+03,-30.0556253903,
    311.91069422346));
#738 = CARTESIAN_POINT('',(6.426765630558E+03,-30.14458292995,
    311.93407255551));
#739 = CARTESIAN_POINT('',(6.426634517954E+03,-30.23323746709,
    311.95758569519));
#740 = CARTESIAN_POINT('',(6.426503201082E+03,-30.32158979466,
    311.98123091997));
#741 = CARTESIAN_POINT('',(6.426371656913E+03,-30.40960428079,
    312.00501193897));
#742 = CARTESIAN_POINT('',(6.426239841784E+03,-30.49721352098,
    312.02893568972));
#743 = CARTESIAN_POINT('',(6.426107686297E+03,-30.58430907336,
    312.0530140745));
#744 = CARTESIAN_POINT('',(6.425975114842E+03,-30.67076984812,
    312.07726026449));
#745 = CARTESIAN_POINT('',(6.42584207429E+03,-30.75650616821,
    312.10168353761));
#746 = CARTESIAN_POINT('',(6.425708541886E+03,-30.84147335738,
    312.12628753589));
#747 = CARTESIAN_POINT('',(6.425574521877E+03,-30.92566819711,
    312.15107147148));
#748 = CARTESIAN_POINT('',(6.425440042559E+03,-31.00912723953,
    312.17602803647));
#749 = CARTESIAN_POINT('',(6.425305158598E+03,-31.09193007023,
    312.20115240168));
#750 = CARTESIAN_POINT('',(6.425169945768E+03,-31.17419302993,
    312.22644075849));
#751 = CARTESIAN_POINT('',(6.425034471197E+03,-31.25602510886,
    312.25187716222));
#752 = CARTESIAN_POINT('',(6.424898770819E+03,-31.3374835097,
    312.2774548842));
#753 = CARTESIAN_POINT('',(6.424762849764E+03,-31.41857473873,
    312.30317197057));
#754 = CARTESIAN_POINT('',(6.424626681522E+03,-31.49925192315,
    312.32903271664));
#755 = CARTESIAN_POINT('',(6.424490208764E+03,-31.57941470029,
    312.35504729565));
#756 = CARTESIAN_POINT('',(6.424353342411E+03,-31.65890471661,
    312.38123213756));
#757 = CARTESIAN_POINT('',(6.424215983916E+03,-31.73754117733,
    312.40760570649));
#758 = CARTESIAN_POINT('',(6.424078060818E+03,-31.81518272268,
    312.43418175296));
#759 = CARTESIAN_POINT('',(6.423939536312E+03,-31.89174665509,
    312.46096703642));
#760 = CARTESIAN_POINT('',(6.423800405686E+03,-31.96719978118,
    312.48797848145));
#761 = CARTESIAN_POINT('',(6.423660689551E+03,-32.04156118818,
    312.51520915951));
#762 = CARTESIAN_POINT('',(6.423520431798E+03,-32.11489450943,
    312.5426507874));
#763 = CARTESIAN_POINT('',(6.423379689315E+03,-32.18729263574,
    312.57029146646));
#764 = CARTESIAN_POINT('',(6.423238516272E+03,-32.25884769554,
    312.59811986721));
#765 = CARTESIAN_POINT('',(6.423096952678E+03,-32.32962713901,
    312.62612721941));
#766 = CARTESIAN_POINT('',(6.422955030586E+03,-32.39968509355,
    312.65430619556));
#767 = CARTESIAN_POINT('',(6.422812776375E+03,-32.46906645818,
    312.68265054129));
#768 = CARTESIAN_POINT('',(6.422670210391E+03,-32.53780603627,
    312.71115488553));
#769 = CARTESIAN_POINT('',(6.422527348993E+03,-32.60593187662,
    312.73981543485));
#770 = CARTESIAN_POINT('',(6.42238420956E+03,-32.67346831924,
    312.7686456621));
#771 = CARTESIAN_POINT('',(6.422240807455E+03,-32.74044464665,
    312.79763780324));
#772 = CARTESIAN_POINT('',(6.422097159844E+03,-32.8068925315,
    312.82678789589));
#773 = CARTESIAN_POINT('',(6.42195328287E+03,-32.87284210908,
    312.85609098265));
#774 = CARTESIAN_POINT('',(6.42180919426E+03,-32.9383277781,
    312.88554200951));
#775 = CARTESIAN_POINT('',(6.421664914218E+03,-33.00339072005,
    312.91513530559));
#776 = CARTESIAN_POINT('',(6.421520458749E+03,-33.0680638008,
    312.94486585145));
#777 = CARTESIAN_POINT('',(6.421375835289E+03,-33.13236127437,
    312.9747309398));
#778 = CARTESIAN_POINT('',(6.421231039434E+03,-33.19627254532,
    313.00472802564));
#779 = CARTESIAN_POINT('',(6.421086056323E+03,-33.25975983765,
    313.03486518408));
#780 = CARTESIAN_POINT('',(6.420940859581E+03,-33.3227555555,
    313.0651580748));
#781 = CARTESIAN_POINT('',(6.420795408789E+03,-33.38516265541,
    313.09561157167));
#782 = CARTESIAN_POINT('',(6.420649666072E+03,-33.44688428394,
    313.12623376372));
#783 = CARTESIAN_POINT('',(6.420503607301E+03,-33.50785316421,
    313.15702896411));
#784 = CARTESIAN_POINT('',(6.420357225723E+03,-33.56804173559,
    313.18799810894));
#785 = CARTESIAN_POINT('',(6.420210527262E+03,-33.62745250493,
    313.21913941574));
#786 = CARTESIAN_POINT('',(6.420063531192E+03,-33.68612197261,
    313.25044807937));
#787 = CARTESIAN_POINT('',(6.419916268518E+03,-33.74411909738,
    313.28191731478));
#788 = CARTESIAN_POINT('',(6.419768766834E+03,-33.80150883206,
    313.31353869806));
#789 = CARTESIAN_POINT('',(6.419621041857E+03,-33.85832155607,
    313.34531806876));
#790 = CARTESIAN_POINT('',(6.419473088078E+03,-33.91453683944,
    313.37725715599));
#791 = CARTESIAN_POINT('',(6.419324885659E+03,-33.97009543327,
    313.40936039831));
#792 = CARTESIAN_POINT('',(6.41917639478E+03,-34.0248804211,
    313.44163675428));
#793 = CARTESIAN_POINT('',(6.419027560561E+03,-34.0787262095,
    313.47409855595));
#794 = CARTESIAN_POINT('',(6.418878335449E+03,-34.1314776572,
    313.5067567302));
#795 = CARTESIAN_POINT('',(6.418728697358E+03,-34.18304328986,
    313.53961664671));
#796 = CARTESIAN_POINT('',(6.41857865485E+03,-34.23341697961,
    313.57267733158));
#797 = CARTESIAN_POINT('',(6.418428239282E+03,-34.28266343589,
    313.60593139526));
#798 = CARTESIAN_POINT('',(6.418277506319E+03,-34.33092674685,
    313.63937095022));
#799 = CARTESIAN_POINT('',(6.418126525364E+03,-34.37840575205,
    313.67298517704));
#800 = CARTESIAN_POINT('',(6.417975362141E+03,-34.42530214379,
    313.70675808314));
#801 = CARTESIAN_POINT('',(6.417824064126E+03,-34.47176370896,
    313.74067910661));
#802 = CARTESIAN_POINT('',(6.41767265855E+03,-34.51787545105,
    313.77474168292));
#803 = CARTESIAN_POINT('',(6.417521157888E+03,-34.56367572855,
    313.80894261084));
#804 = CARTESIAN_POINT('',(6.417369558504E+03,-34.60914954703,
    313.84328226813));
#805 = CARTESIAN_POINT('',(6.417217846724E+03,-34.654247381,
    313.87776336094));
#806 = CARTESIAN_POINT('',(6.417066007502E+03,-34.69891398455,
    313.91238885782));
#807 = CARTESIAN_POINT('',(6.41691403433E+03,-34.74312268581,
    313.94716015161));
#808 = CARTESIAN_POINT('',(6.416761930127E+03,-34.7868769769,
    313.9820799916));
#809 = CARTESIAN_POINT('',(6.416609702792E+03,-34.83019969814,
    314.01714763745));
#810 = CARTESIAN_POINT('',(6.416457369351E+03,-34.87314723312,
    314.05236075268));
#811 = CARTESIAN_POINT('',(6.416304949288E+03,-34.91578682128,
    314.08771623468));
#812 = CARTESIAN_POINT('',(6.416152457299E+03,-34.95816992916,
    314.12321207621));
#813 = CARTESIAN_POINT('',(6.415999896608E+03,-35.00030691886,
    314.15884889474));
#814 = CARTESIAN_POINT('',(6.415847258912E+03,-35.04216614489,
    314.19463002692));
#815 = CARTESIAN_POINT('',(6.415694524085E+03,-35.08367168032,
    314.23056156587));
#816 = CARTESIAN_POINT('',(6.415541659858E+03,-35.12469896134,
    314.26665276983));
#817 = CARTESIAN_POINT('',(6.415388632121E+03,-35.16511079815,
    314.30291379011));
#818 = CARTESIAN_POINT('',(6.415235414616E+03,-35.2047953853,
    314.33935072173));
#819 = CARTESIAN_POINT('',(6.415081996251E+03,-35.24369445056,
    314.37596658354));
#820 = CARTESIAN_POINT('',(6.414928377373E+03,-35.28179239674,
    314.41276156214));
#821 = CARTESIAN_POINT('',(6.414774566564E+03,-35.31910657717,
    314.44973388955));
#822 = CARTESIAN_POINT('',(6.414620577782E+03,-35.35567815553,
    314.48688046416));
#823 = CARTESIAN_POINT('',(6.414466429301E+03,-35.39157000078,
    314.52419707206));
#824 = CARTESIAN_POINT('',(6.414312139973E+03,-35.42685174522,
    314.56167936301));
#825 = CARTESIAN_POINT('',(6.414157728295E+03,-35.46159580833,
    314.59932274949));
#826 = CARTESIAN_POINT('',(6.414003216784E+03,-35.49588835283,
    314.63712962606));
#827 = CARTESIAN_POINT('',(6.413848631305E+03,-35.5298444793,
    314.67509208121));
#828 = CARTESIAN_POINT('',(6.413694000219E+03,-35.56359249125,
    314.71320306461));
#829 = CARTESIAN_POINT('',(6.413539348401E+03,-35.59724684139,
    314.75145586246));
#830 = CARTESIAN_POINT('',(6.413384692692E+03,-35.6308853474,
    314.78984579177));
#831 = CARTESIAN_POINT('',(6.413230039982E+03,-35.66453988598,
    314.82837052726));
#832 = CARTESIAN_POINT('',(6.413075387006E+03,-35.69819653644,
    314.86703040482));
#833 = CARTESIAN_POINT('',(6.412920718524E+03,-35.73179119146,
    314.90582827464));
#834 = CARTESIAN_POINT('',(6.412766013498E+03,-35.76523398324,
    314.9447703888));
#835 = CARTESIAN_POINT('',(6.412611264732E+03,-35.79843696701,
    314.98391407211));
#836 = CARTESIAN_POINT('',(6.41245645669E+03,-35.83135597088,
    315.02323386088));
#837 = CARTESIAN_POINT('',(6.412301585298E+03,-35.86397244281,
    315.06271703453));
#838 = CARTESIAN_POINT('',(6.412146654299E+03,-35.8963033747,
    315.1023446248));
#839 = CARTESIAN_POINT('',(6.411991673221E+03,-35.92839350873,
    315.14209733301));
#840 = CARTESIAN_POINT('',(6.411836652436E+03,-35.9602954466,
    315.18195496173));
#841 = CARTESIAN_POINT('',(6.411681579971E+03,-35.99195220383,
    315.22190428104));
#842 = CARTESIAN_POINT('',(6.41152642368E+03,-36.02322363035,
    315.26193284243));
#843 = CARTESIAN_POINT('',(6.411371151303E+03,-36.05395055384,
    315.30204465668));
#844 = CARTESIAN_POINT('',(6.411215857796E+03,-36.08445621263,
    315.34235914403));
#845 = CARTESIAN_POINT('',(6.411060669093E+03,-36.11549784595,
    315.38277448942));
#846 = CARTESIAN_POINT('',(6.4109057225E+03,-36.14778484206,
    315.42322952258));
#847 = CARTESIAN_POINT('',(6.41075086736E+03,-36.18055379549,
    315.46372654456));
#848 = CARTESIAN_POINT('',(6.41059561779E+03,-36.2114304945,
    315.50435956276));
#849 = CARTESIAN_POINT('',(6.410439609333E+03,-36.238096034,
    315.5451887405));
#850 = CARTESIAN_POINT('',(6.410283132433E+03,-36.26163752572,
    315.58610630928));
#851 = CARTESIAN_POINT('',(6.410126889089E+03,-36.28686222198,
    315.62688116675));
#852 = CARTESIAN_POINT('',(6.409971161232E+03,-36.31521028056,
    315.6674513034));
#853 = CARTESIAN_POINT('',(6.409816098698E+03,-36.34687302994,
    315.70794524184));
#854 = CARTESIAN_POINT('',(6.409662219369E+03,-36.38399599098,
    315.74814783622));
#855 = CARTESIAN_POINT('',(6.409510051672E+03,-36.42769637126,
    315.78790133036));
#856 = CARTESIAN_POINT('',(6.40935923269E+03,-36.47580447622,
    315.82726699246));
#857 = CARTESIAN_POINT('',(6.409208955597E+03,-36.52549994414,
    315.86642726912));
#858 = CARTESIAN_POINT('',(6.409058803483E+03,-36.57545109125,
    315.90546112387));
#859 = CARTESIAN_POINT('',(6.408909386225E+03,-36.62759783641,
    315.94418165064));
#860 = CARTESIAN_POINT('',(6.408761678631E+03,-36.68455182979,
    315.98230885478));
#861 = CARTESIAN_POINT('',(6.408615211445E+03,-36.74462113686,
    316.01994781365));
#862 = CARTESIAN_POINT('',(6.408469499762E+03,-36.80638519505,
    316.0573987967));
#863 = CARTESIAN_POINT('',(6.408325071948E+03,-36.87111510727,
    316.09446195401));
#864 = CARTESIAN_POINT('',(6.408182300808E+03,-36.93945128408,
    316.13102641798));
#865 = CARTESIAN_POINT('',(6.408041031817E+03,-37.01082905767,
    316.16710583929));
#866 = CARTESIAN_POINT('',(6.407901371082E+03,-37.08529508322,
    316.2026521094));
#867 = CARTESIAN_POINT('',(6.407763422129E+03,-37.16285995453,
    316.23761891695));
#868 = CARTESIAN_POINT('',(6.407627796187E+03,-37.24443997686,
    316.27183412327));
#869 = CARTESIAN_POINT('',(6.407495518831E+03,-37.33140125429,
    316.3050279729));
#870 = CARTESIAN_POINT('',(6.407366884763E+03,-37.4236604625,
    316.33711869687));
#871 = CARTESIAN_POINT('',(6.407242125744E+03,-37.52108627947,
    316.3680532524));
#872 = CARTESIAN_POINT('',(6.407122860129E+03,-37.62524653313,
    316.39755980677));
#873 = CARTESIAN_POINT('',(6.407010721427E+03,-37.7370886604,
    316.42521341211));
#874 = CARTESIAN_POINT('',(6.406905004467E+03,-37.85502599386,
    316.45120132139));
#875 = CARTESIAN_POINT('',(6.406806537644E+03,-37.97900311404,
    316.47532819589));
#876 = CARTESIAN_POINT('',(6.406712422239E+03,-38.1063434429,
    316.49831095272));
#877 = CARTESIAN_POINT('',(6.406630786097E+03,-38.24223064769,
    316.51818084183));
#878 = CARTESIAN_POINT('',(6.406554574242E+03,-38.38098405795,
    316.53667454448));
#879 = CARTESIAN_POINT('',(6.406483393165E+03,-38.52235390808,
    316.55389439886));
#880 = CARTESIAN_POINT('',(6.406419293489E+03,-38.66715529939,
    316.56935476951));
#881 = CARTESIAN_POINT('',(6.406367535644E+03,-38.8169402369,
    316.58180525467));
#882 = CARTESIAN_POINT('',(6.40632701704E+03,-38.97009586236,
    316.59153148876));
#883 = CARTESIAN_POINT('',(6.406297517959E+03,-39.12578412809,
    316.59860062733));
#884 = CARTESIAN_POINT('',(6.406278231647E+03,-39.28291755026,
    316.60321735888));
#885 = CARTESIAN_POINT('',(6.406257027097E+03,-39.49306774193,
    316.60828870427));
#886 = CARTESIAN_POINT('',(6.406265276408E+03,-39.6519881054,
    316.60631574836));
#887 = CARTESIAN_POINT('',(6.406273362413E+03,-39.75696959708,
    316.60438174565));
#888 = CARTESIAN_POINT('',(6.45106556403E+03,0.414479176754,
    309.06712369172));
#889 = CARTESIAN_POINT('',(6.406273362413E+03,-39.75696959708,
    316.60438174565));
#890 = ( GEOMETRIC_REPRESENTATION_CONTEXT(3) 
GLOBAL_UNCERTAINTY_ASSIGNED_CONTEXT((#894)) GLOBAL_UNIT_ASSIGNED_CONTEXT
((#891,#892,#893)) REPRESENTATION_CONTEXT('Context #1',
  '3D Context with UNIT and UNCERTAINTY') );
#891 = ( LENGTH_UNIT() NAMED_UNIT(*) SI_UNIT(.MILLI.,.METRE.) );
#892 = ( NAMED_UNIT(*) PLANE_ANGLE_UNIT() SI_UNIT($,.RADIAN.) );
#893 = ( NAMED_UNIT(*) SI_UNIT($,.STERADIAN.) SOLID_ANGLE_UNIT() );
#894 = UNCERTAINTY_MEASURE_WITH_UNIT(LENGTH_MEASURE(1.E-07),#891,
  'distance_accuracy_value','confusion accuracy');
#895 = CONTEXT_DEPENDENT_SHAPE_REPRESENTATION(#896,#898);
#896 = ( REPRESENTATION_RELATIONSHIP('','',#484,#10) 
REPRESENTATION_RELATIONSHIP_WITH_TRANSFORMATION(#897) 
SHAPE_REPRESENTATION_RELATIONSHIP() );
#897 = ITEM_DEFINED_TRANSFORMATION('','',#11,#19);
#898 = PRODUCT_DEFINITION_SHAPE('Placement','Placement of an item',#899
  );
#899 = NEXT_ASSEMBLY_USAGE_OCCURRENCE('22','','',#5,#479,$);
#900 = PRODUCT_RELATED_PRODUCT_CATEGORY('part',$,(#481));
#901 = SHAPE_DEFINITION_REPRESENTATION(#902,#908);
#902 = PRODUCT_DEFINITION_SHAPE('','',#903);
#903 = PRODUCT_DEFINITION('design','',#904,#907);
#904 = PRODUCT_DEFINITION_FORMATION('','',#905);
#905 = PRODUCT('Open CASCADE STEP translator 7.8 3.3',
  'Open CASCADE STEP translator 7.8 3.3','',(#906));
#906 = PRODUCT_CONTEXT('',#2,'mechanical');
#907 = PRODUCT_DEFINITION_CONTEXT('part definition',#2,'design');
#908 = GEOMETRICALLY_BOUNDED_WIREFRAME_SHAPE_REPRESENTATION('',(#11,#909
    ),#1314);
#909 = GEOMETRIC_CURVE_SET('',(#910));
#910 = TRIMMED_CURVE('',#911,(#1312,PARAMETER_VALUE(0.)),(#1313,
    PARAMETER_VALUE(1.)),.T.,.PARAMETER.);
#911 = B_SPLINE_CURVE_WITH_KNOTS('',3,(#912,#913,#914,#915,#916,#917,
    #918,#919,#920,#921,#922,#923,#924,#925,#926,#927,#928,#929,#930,
    #931,#932,#933,#934,#935,#936,#937,#938,#939,#940,#941,#942,#943,
    #944,#945,#946,#947,#948,#949,#950,#951,#952,#953,#954,#955,#956,
    #957,#958,#959,#960,#961,#962,#963,#964,#965,#966,#967,#968,#969,
    #970,#971,#972,#973,#974,#975,#976,#977,#978,#979,#980,#981,#982,
    #983,#984,#985,#986,#987,#988,#989,#990,#991,#992,#993,#994,#995,
    #996,#997,#998,#999,#1000,#1001,#1002,#1003,#1004,#1005,#1006,#1007,
    #1008,#1009,#1010,#1011,#1012,#1013,#1014,#1015,#1016,#1017,#1018,
    #1019,#1020,#1021,#1022,#1023,#1024,#1025,#1026,#1027,#1028,#1029,
    #1030,#1031,#1032,#1033,#1034,#1035,#1036,#1037,#1038,#1039,#1040,
    #1041,#1042,#1043,#1044,#1045,#1046,#1047,#1048,#1049,#1050,#1051,
    #1052,#1053,#1054,#1055,#1056,#1057,#1058,#1059,#1060,#1061,#1062,
    #1063,#1064,#1065,#1066,#1067,#1068,#1069,#1070,#1071,#1072,#1073,
    #1074,#1075,#1076,#1077,#1078,#1079,#1080,#1081,#1082,#1083,#1084,
    #1085,#1086,#1087,#1088,#1089,#1090,#1091,#1092,#1093,#1094,#1095,
    #1096,#1097,#1098,#1099,#1100,#1101,#1102,#1103,#1104,#1105,#1106,
    #1107,#1108,#1109,#1110,#1111,#1112,#1113,#1114,#1115,#1116,#1117,
    #1118,#1119,#1120,#1121,#1122,#1123,#1124,#1125,#1126,#1127,#1128,
    #1129,#1130,#1131,#1132,#1133,#1134,#1135,#1136,#1137,#1138,#1139,
    #1140,#1141,#1142,#1143,#1144,#1145,#1146,#1147,#1148,#1149,#1150,
    #1151,#1152,#1153,#1154,#1155,#1156,#1157,#1158,#1159,#1160,#1161,
    #1162,#1163,#1164,#1165,#1166,#1167,#1168,#1169,#1170,#1171,#1172,
    #1173,#1174,#1175,#1176,#1177,#1178,#1179,#1180,#1181,#1182,#1183,
    #1184,#1185,#1186,#1187,#1188,#1189,#1190,#1191,#1192,#1193,#1194,
    #1195,#1196,#1197,#1198,#1199,#1200,#1201,#1202,#1203,#1204,#1205,
    #1206,#1207,#1208,#1209,#1210,#1211,#1212,#1213,#1214,#1215,#1216,
    #1217,#1218,#1219,#1220,#1221,#1222,#1223,#1224,#1225,#1226,#1227,
    #1228,#1229,#1230,#1231,#1232,#1233,#1234,#1235,#1236,#1237,#1238,
    #1239,#1240,#1241,#1242,#1243,#1244,#1245,#1246,#1247,#1248,#1249,
    #1250,#1251,#1252,#1253,#1254,#1255,#1256,#1257,#1258,#1259,#1260,
    #1261,#1262,#1263,#1264,#1265,#1266,#1267,#1268,#1269,#1270,#1271,
    #1272,#1273,#1274,#1275,#1276,#1277,#1278,#1279,#1280,#1281,#1282,
    #1283,#1284,#1285,#1286,#1287,#1288,#1289,#1290,#1291,#1292,#1293,
    #1294,#1295,#1296,#1297,#1298,#1299,#1300,#1301,#1302,#1303,#1304,
    #1305,#1306,#1307,#1308,#1309,#1310,#1311),.UNSPECIFIED.,.F.,.F.,(4,
    1,1,1,1,1,1,1,1,1,1,1,1,1,1,1,1,1,1,1,1,1,1,1,1,1,1,1,1,1,1,1,1,1,1,
    1,1,1,1,1,1,1,1,1,1,1,1,1,1,1,1,1,1,1,1,1,1,1,1,1,1,1,1,1,1,1,1,1,1,
    1,1,1,1,1,1,1,1,1,1,1,1,1,1,1,1,1,1,1,1,1,1,1,1,1,1,1,1,1,1,1,1,1,1,
    1,1,1,1,1,1,1,1,1,1,1,1,1,1,1,1,1,1,1,1,1,1,1,1,1,1,1,1,1,1,1,1,1,1,
    1,1,1,1,1,1,1,1,1,1,1,1,1,1,1,1,1,1,1,1,1,1,1,1,1,1,1,1,1,1,1,1,1,1,
    1,1,1,1,1,1,1,1,1,1,1,1,1,1,1,1,1,1,1,1,1,1,1,1,1,1,1,1,1,1,1,1,1,1,
    1,1,1,1,1,1,1,1,1,1,1,1,1,1,1,1,1,1,1,1,1,1,1,1,1,1,1,1,1,1,1,1,1,1,
    1,1,1,1,1,1,1,1,1,1,1,1,1,1,1,1,1,1,1,1,1,1,1,1,1,1,1,1,1,1,1,1,1,1,
    1,1,1,1,1,1,1,1,1,1,1,1,1,1,1,1,1,1,1,1,1,1,1,1,1,1,1,1,1,1,1,1,1,1,
    1,1,1,1,1,1,1,1,1,1,1,1,1,1,1,1,1,1,1,1,1,1,1,1,1,1,1,1,1,1,1,1,1,1,
    1,1,1,1,1,1,1,1,1,1,1,1,1,1,1,1,1,1,1,1,1,1,1,1,1,1,1,1,1,1,1,1,1,1,
    1,1,1,1,1,1,1,1,1,1,1,1,1,1,1,1,1,1,1,1,1,1,4),(0.,
    4.983279911272E-03,7.47722707862E-03,9.973052660909E-03,
    1.247085135343E-02,1.497081342553E-02,1.747312885352E-02,
    1.997785492116E-02,2.248480717294E-02,2.499364628789E-02,
    2.750407516856E-02,3.001596759517E-02,3.252933578103E-02,
    3.504422544155E-02,3.756059336029E-02,4.007834560356E-02,
    4.259742230039E-02,4.511782361195E-02,4.763950061483E-02,
    5.016226060203E-02,5.26859387505E-02,5.521050994493E-02,
    5.773606760981E-02,6.026276938716E-02,6.279075792866E-02,
    6.532011868525E-02,6.785080108893E-02,7.038264752047E-02,
    7.291545293445E-02,7.544900198718E-02,7.798311103293E-02,
    8.051766466656E-02,8.305267317114E-02,8.558833345565E-02,
    8.812491207451E-02,9.066264617141E-02,9.320161931939E-02,
    9.574180335395E-02,9.828304436646E-02,0.100825068318,0.103367519753,
    0.105910128574,0.108452773549,0.110995476322,0.113538319422,
    0.116081443434,0.118625042665,0.121169277196,0.123714203423,
    0.126259783177,0.12880593045,0.131352521237,0.133899416645,
    0.136446472116,0.138993577549,0.14154064751,0.144087617494,
    0.14663445342,0.149181154737,0.151727754568,0.154274305224,
    0.156820861384,0.159367460156,0.16191410845,0.164460786157,
    0.167007460031,0.169554093224,0.172100649803,0.174647092257,
    0.177193381831,0.179739479568,0.182285349629,0.184830965789,
    0.187376309355,0.189921367928,0.192466129833,0.195010585001,
    0.19755472261,0.200098528287,0.202641991799,0.205185103065,
    0.207727851457,0.210270218419,0.212812183146,0.215353725295,
    0.217894824246,0.220435467528,0.222975646017,0.225515350196,
    0.228054561317,0.230593256683,0.23313141461,0.235669014738,
    0.238206049515,0.240742521365,0.243278432588,0.245813773167,
    0.248348522985,0.250882662111,0.253416171828,0.25594904351,
    0.25848128586,0.261012909324,0.263543914907,0.266074283517,
    0.268603987847,0.271132993593,0.273661267136,0.276188795578,
    0.278715583812,0.281241652415,0.283767022404,0.286291716934,
    0.288815755177,0.291339147035,0.293861898207,0.29638401877,
    0.298905517833,0.301426401782,0.30394667094,0.306466329236,
    0.30898538118,0.311503826423,0.314021659793,0.31653887247,
    0.319055444195,0.321571345878,0.324086548336,0.326601042828,
    0.329114846544,0.33162800198,0.334140568153,0.336652611784,
    0.33916418796,0.341675331855,0.344186053688,0.346696348938,
    0.349206207436,0.35171561893,0.354224575543,0.356733072055,
    0.359241110422,0.361748693674,0.364255824328,0.366762501343,
    0.369268728312,0.371774516025,0.37427988205,0.376784848161,
    0.379289436953,0.381793670884,0.38429757236,0.386801159487,
    0.389304444305,0.391807432581,0.394310128815,0.396812536608,
    0.399314658067,0.401816493265,0.404318040629,0.406819297624,
    0.409320263604,0.411820939281,0.414321328087,0.416821436073,
    0.419321274346,0.421820858825,0.424320208404,0.426819342777,
    0.429318280189,0.431817035862,0.434315620855,0.436814042978,
    0.439312306724,0.441810414085,0.444308365018,0.446806158938,
    0.449303795508,0.451801274406,0.454298595319,0.456795757934,
    0.459292761846,0.46178960656,0.464286291455,0.466782816933,
    0.469279185409,0.471775401571,0.474271472246,0.47676740599,
    0.479263212972,0.481758903894,0.484254489424,0.486749979624,
    0.489245383068,0.4917407055,0.494235949235,0.496731113367,
    0.499226194971,0.501721190961,0.504216098174,0.506710913444,
    0.509205633385,0.511700255977,0.514194781541,0.516689212977,
    0.519183555411,0.52167781522,0.52417199905,0.526666113282,
    0.529160164059,0.531654157093,0.534148097169,0.536641988668,
    0.539135834556,0.541629636045,0.544123392084,0.546617100858,
    0.54911076069,0.551604370058,0.554097927505,0.556591431654,
    0.55908488123,0.561578275065,0.564071612041,0.566564891127,
    0.569058111374,0.571551271952,0.574044373272,0.576537417035,
    0.579030404962,0.58152333791,0.584016216156,0.586509040962,
    0.589001814453,0.591494539276,0.59398721821,0.596479853942,
    0.598972449071,0.60146500619,0.60395752771,0.606450015583,
    0.608942470972,0.611434894152,0.613927284884,0.616419644278,
    0.618911973524,0.621404273477,0.623896543139,0.62638878125,
    0.628880986593,0.631373158039,0.633865294581,0.636357395379,
    0.638849459755,0.641341487174,0.64383347719,0.646325429385,
    0.648817343353,0.651309218722,0.653801055148,0.656292852321,
    0.658784611284,0.661276334395,0.663768024331,0.666259682879,
    0.668751311079,0.671242910179,0.673734481467,0.676226026174,
    0.678717545483,0.681209040559,0.683700512565,0.686191962618,
    0.688683391657,0.691174800285,0.693666188665,0.696157556563,
    0.698648903471,0.701140228801,0.703631531997,0.706122813352,
    0.708614073876,0.711105314679,0.713596536171,0.716087738178,
    0.71857892055,0.721070083185,0.723561226027,0.726052349071,
    0.728543452352,0.731034535923,0.733525599845,0.736016644185,
    0.738507669011,0.7409986744,0.743489660418,0.745980627122,
    0.748471574598,0.750962503047,0.75345341285,0.755944304431,
    0.75843517825,0.760926034994,0.763416875651,0.765907701429,
    0.76839851348,0.770889312911,0.773380100791,0.775870878164,
    0.77836164606,0.780852405459,0.783343157216,0.785833901964,
    0.788324640077,0.790815371689,0.793306096774,0.795796815256,
    0.798287527068,0.800778232165,0.803268930493,0.805759621999,
    0.808250306504,0.810740982736,0.81323164922,0.815722304715,
    0.818212949237,0.820703583209,0.823194207201,0.825684821884,
    0.828175427971,0.830666026163,0.833156617133,0.835647201526,
    0.838137779973,0.840628353087,0.84311892147,0.845609485712,
    0.848100046393,0.850590604088,0.853081159365,0.855571712775,
    0.858062264839,0.860552816056,0.86304336692,0.865533917382,
    0.868024466357,0.870515012737,0.873005555962,0.875496096517,
    0.87798663491,0.880477171643,0.882967707215,0.885458242129,
    0.887948776888,0.890439312004,0.892929847997,0.895420385393,
    0.897910924726,0.900401466535,0.902892011368,0.905382559777,
    0.90787311234,0.910363669654,0.912854232354,0.915344801183,
    0.917835376888,0.920325959831,0.922816548401,0.925307138679,
    0.927797724922,0.93028830153,0.932778864742,0.935269413839,
    0.937759951956,0.940250485449,0.942741022406,0.945231570338,
    0.947722134407,0.950212716455,0.952703315185,0.955193927051,
    0.957684547567,0.960175171875,0.962665794694,0.965156410934,
    0.967647017564,0.970137615743,0.972628212105,0.975118818234,
    0.977609449696,0.98010012037,0.982590808249,0.985081510442,
    0.987572047907,0.990062018218,0.992549974539,0.995035387582,1.),
  .UNSPECIFIED.);
#912 = CARTESIAN_POINT('',(6.406273362413E+03,-39.75696959708,
    317.97403648281));
#913 = CARTESIAN_POINT('',(6.406283645551E+03,-39.88760494165,
    317.97170951496));
#914 = CARTESIAN_POINT('',(6.406316010608E+03,-40.08179472145,
    317.96438607843));
#915 = CARTESIAN_POINT('',(6.406382966717E+03,-40.33485138281,
    317.9491767113));
#916 = CARTESIAN_POINT('',(6.406442760642E+03,-40.52188967873,
    317.9355585388));
#917 = CARTESIAN_POINT('',(6.406511143988E+03,-40.70596577903,
    317.91993854898));
#918 = CARTESIAN_POINT('',(6.406588091254E+03,-40.88663726817,
    317.90230667249));
#919 = CARTESIAN_POINT('',(6.406673639782E+03,-41.06338392317,
    317.88263761983));
#920 = CARTESIAN_POINT('',(6.406767078793E+03,-41.23605800316,
    317.86107874583));
#921 = CARTESIAN_POINT('',(6.406867209573E+03,-41.40489722351,
    317.83789345627));
#922 = CARTESIAN_POINT('',(6.406972065972E+03,-41.57082753767,
    317.81352871826));
#923 = CARTESIAN_POINT('',(6.407080353591E+03,-41.73455709195,
    317.78828343239));
#924 = CARTESIAN_POINT('',(6.407191992982E+03,-41.8960311182,
    317.76217359826));
#925 = CARTESIAN_POINT('',(6.407307108708E+03,-42.05504315682,
    317.73518071522));
#926 = CARTESIAN_POINT('',(6.40742540908E+03,-42.21170025197,
    317.70734395244));
#927 = CARTESIAN_POINT('',(6.407546779372E+03,-42.36596926824,
    317.67860027818));
#928 = CARTESIAN_POINT('',(6.407670488485E+03,-42.51837035776,
    317.64914999395));
#929 = CARTESIAN_POINT('',(6.407796162801E+03,-42.66917587718,
    317.61908495931));
#930 = CARTESIAN_POINT('',(6.407924381396E+03,-42.81781404761,
    317.58827813949));
#931 = CARTESIAN_POINT('',(6.408055005499E+03,-42.96432116844,
    317.55677308984));
#932 = CARTESIAN_POINT('',(6.408187420352E+03,-43.1092065629,
    317.52473226972));
#933 = CARTESIAN_POINT('',(6.408320949844E+03,-43.25308970987,
    317.49233567285));
#934 = CARTESIAN_POINT('',(6.408455913342E+03,-43.3956404262,
    317.45952713618));
#935 = CARTESIAN_POINT('',(6.408592699901E+03,-43.53644074018,
    317.4262214104));
#936 = CARTESIAN_POINT('',(6.408731492258E+03,-43.67527790414,
    317.39243197809));
#937 = CARTESIAN_POINT('',(6.408872400884E+03,-43.81195568117,
    317.35800950012));
#938 = CARTESIAN_POINT('',(6.409015409E+03,-43.94641781043,
    317.32292219906));
#939 = CARTESIAN_POINT('',(6.409160379558E+03,-44.07875287136,
    317.28723730084));
#940 = CARTESIAN_POINT('',(6.409307070543E+03,-44.2091707754,
    317.25103241978));
#941 = CARTESIAN_POINT('',(6.409455166701E+03,-44.33798687436,
    317.21441067572));
#942 = CARTESIAN_POINT('',(6.409604333408E+03,-44.46556398336,
    317.17748062534));
#943 = CARTESIAN_POINT('',(6.409754339548E+03,-44.59215947266,
    317.14032793269));
#944 = CARTESIAN_POINT('',(6.409905084874E+03,-44.71788391978,
    317.1030037485));
#945 = CARTESIAN_POINT('',(6.410056642368E+03,-44.84264896014,
    317.06552860432));
#946 = CARTESIAN_POINT('',(6.410209233477E+03,-44.96617222866,
    317.02784405904));
#947 = CARTESIAN_POINT('',(6.410363181689E+03,-45.08798082999,
    316.98970650512));
#948 = CARTESIAN_POINT('',(6.410518912384E+03,-45.20749751366,
    316.95108451809));
#949 = CARTESIAN_POINT('',(6.410676690186E+03,-45.32428835171,
    316.91193363027));
#950 = CARTESIAN_POINT('',(6.410836594489E+03,-45.43813630614,
    316.8722728334));
#951 = CARTESIAN_POINT('',(6.4109984933E+03,-45.54911278827,
    316.83217160977));
#952 = CARTESIAN_POINT('',(6.411162086402E+03,-45.65756052927,
    316.7917480334));
#953 = CARTESIAN_POINT('',(6.411326915569E+03,-45.76411424756,
    316.75114808804));
#954 = CARTESIAN_POINT('',(6.411492496249E+03,-45.86953278208,
    316.71057090668));
#955 = CARTESIAN_POINT('',(6.411658515938E+03,-45.97426931515,
    316.66999096812));
#956 = CARTESIAN_POINT('',(6.411824877584E+03,-46.07846046266,
    316.62937692367));
#957 = CARTESIAN_POINT('',(6.411991721844E+03,-46.18189225642,
    316.58873634468));
#958 = CARTESIAN_POINT('',(6.412159400955E+03,-46.28397805788,
    316.54800025117));
#959 = CARTESIAN_POINT('',(6.412328434918E+03,-46.38380681979,
    316.50706740325));
#960 = CARTESIAN_POINT('',(6.412499242938E+03,-46.48056046888,
    316.4658626004));
#961 = CARTESIAN_POINT('',(6.412672009267E+03,-46.57376020298,
    316.42436730067));
#962 = CARTESIAN_POINT('',(6.412846734317E+03,-46.66322925892,
    316.38262094502));
#963 = CARTESIAN_POINT('',(6.413023235346E+03,-46.74913589414,
    316.34066620582));
#964 = CARTESIAN_POINT('',(6.413201209159E+03,-46.83192829833,
    316.2985239227));
#965 = CARTESIAN_POINT('',(6.413380369516E+03,-46.91212145433,
    316.25628096826));
#966 = CARTESIAN_POINT('',(6.413560517854E+03,-46.99007173848,
    316.21398389663));
#967 = CARTESIAN_POINT('',(6.413741501847E+03,-47.06606314628,
    316.17167264268));
#968 = CARTESIAN_POINT('',(6.413923201098E+03,-47.1403295363,
    316.12937817621));
#969 = CARTESIAN_POINT('',(6.414105518211E+03,-47.2130688595,
    316.08712461985));
#970 = CARTESIAN_POINT('',(6.414288401811E+03,-47.28438003612,
    316.04493143402));
#971 = CARTESIAN_POINT('',(6.414471844642E+03,-47.3542455987,
    316.00279267613));
#972 = CARTESIAN_POINT('',(6.414655897822E+03,-47.42249321536,
    315.96069588689));
#973 = CARTESIAN_POINT('',(6.414840670492E+03,-47.48877347832,
    315.9186183634));
#974 = CARTESIAN_POINT('',(6.415026289325E+03,-47.55264633269,
    315.87653311146));
#975 = CARTESIAN_POINT('',(6.415212834315E+03,-47.61375817004,
    315.83442456806));
#976 = CARTESIAN_POINT('',(6.415400318735E+03,-47.67191958457,
    315.79229166317));
#977 = CARTESIAN_POINT('',(6.415588715212E+03,-47.72705239083,
    315.75014521466));
#978 = CARTESIAN_POINT('',(6.415777972214E+03,-47.77915450186,
    315.70800165392));
#979 = CARTESIAN_POINT('',(6.415968023289E+03,-47.82827942691,
    315.66587310524));
#980 = CARTESIAN_POINT('',(6.416158803228E+03,-47.87449119744,
    315.62377364421));
#981 = CARTESIAN_POINT('',(6.41635024492E+03,-47.91787675419,
    315.58171682275));
#982 = CARTESIAN_POINT('',(6.416542272564E+03,-47.95858656735,
    315.53971801535));
#983 = CARTESIAN_POINT('',(6.416734807148E+03,-47.99682378077,
    315.49779256007));
#984 = CARTESIAN_POINT('',(6.416927780018E+03,-48.0327830315,
    315.45595447627));
#985 = CARTESIAN_POINT('',(6.417121142046E+03,-48.06659165269,
    315.41421679822));
#986 = CARTESIAN_POINT('',(6.417314858621E+03,-48.09830447083,
    315.37258128105));
#987 = CARTESIAN_POINT('',(6.41750890759E+03,-48.12791758845,
    315.33105502082));
#988 = CARTESIAN_POINT('',(6.41770327531E+03,-48.15536367855,
    315.28964200368));
#989 = CARTESIAN_POINT('',(6.417897951091E+03,-48.18053441042,
    315.24834586361));
#990 = CARTESIAN_POINT('',(6.41809292166E+03,-48.20331173497,
    315.20717070464));
#991 = CARTESIAN_POINT('',(6.418288172444E+03,-48.22354935942,
    315.16612070249));
#992 = CARTESIAN_POINT('',(6.418483684923E+03,-48.24109832588,
    315.12520795801));
#993 = CARTESIAN_POINT('',(6.418679427161E+03,-48.25585788287,
    315.08442735611));
#994 = CARTESIAN_POINT('',(6.418875361292E+03,-48.2677952411,
    315.0437863553));
#995 = CARTESIAN_POINT('',(6.41907144597E+03,-48.27692825841,
    315.00329420448));
#996 = CARTESIAN_POINT('',(6.419267639535E+03,-48.28330285147,
    314.96295968792));
#997 = CARTESIAN_POINT('',(6.419463902225E+03,-48.28697010757,
    314.92279134188));
#998 = CARTESIAN_POINT('',(6.419660196518E+03,-48.28796318864,
    314.88279630533));
#999 = CARTESIAN_POINT('',(6.419856487651E+03,-48.28629153903,
    314.84298828416));
#1000 = CARTESIAN_POINT('',(6.42005273711E+03,-48.28194844217,
    314.80336103569));
#1001 = CARTESIAN_POINT('',(6.420248907689E+03,-48.27490688888,
    314.7639205908));
#1002 = CARTESIAN_POINT('',(6.420444960941E+03,-48.26512696486,
    314.72467803438));
#1003 = CARTESIAN_POINT('',(6.420640856231E+03,-48.25257209487,
    314.68564331581));
#1004 = CARTESIAN_POINT('',(6.420836552841E+03,-48.23722660154,
    314.64682700113));
#1005 = CARTESIAN_POINT('',(6.421032013333E+03,-48.21912070927,
    314.60823723366));
#1006 = CARTESIAN_POINT('',(6.421227208106E+03,-48.19832979671,
    314.56988807917));
#1007 = CARTESIAN_POINT('',(6.421422108296E+03,-48.17494364244,
    314.5317694529));
#1008 = CARTESIAN_POINT('',(6.421616687153E+03,-48.14903311658,
    314.49387686747));
#1009 = CARTESIAN_POINT('',(6.421810918596E+03,-48.1206367806,
    314.45622294742));
#1010 = CARTESIAN_POINT('',(6.422004770222E+03,-48.08975368508,
    314.41881669249));
#1011 = CARTESIAN_POINT('',(6.422198206571E+03,-48.05636695116,
    314.38166895821));
#1012 = CARTESIAN_POINT('',(6.422391194695E+03,-48.02047867517,
    314.34478886591));
#1013 = CARTESIAN_POINT('',(6.422583706808E+03,-47.98211193175,
    314.30818780808));
#1014 = CARTESIAN_POINT('',(6.42277572248E+03,-47.94132834513,
    314.27186526539));
#1015 = CARTESIAN_POINT('',(6.42296722288E+03,-47.89820211694,
    314.23579996759));
#1016 = CARTESIAN_POINT('',(6.423158187761E+03,-47.85276546139,
    314.20000516669));
#1017 = CARTESIAN_POINT('',(6.42334857878E+03,-47.80498250732,
    314.16448900828));
#1018 = CARTESIAN_POINT('',(6.423538336443E+03,-47.75474287092,
    314.12926554276));
#1019 = CARTESIAN_POINT('',(6.423727370692E+03,-47.70184294115,
    314.09435371162));
#1020 = CARTESIAN_POINT('',(6.423915578486E+03,-47.64606763784,
    314.05977420491));
#1021 = CARTESIAN_POINT('',(6.424102873842E+03,-47.58728998792,
    314.02554856982));
#1022 = CARTESIAN_POINT('',(6.424289198771E+03,-47.52550744592,
    313.99165906138));
#1023 = CARTESIAN_POINT('',(6.424474547144E+03,-47.460855394,
    313.95810844823));
#1024 = CARTESIAN_POINT('',(6.424658965244E+03,-47.39359853415,
    313.92488854951));
#1025 = CARTESIAN_POINT('',(6.424842518597E+03,-47.32402006674,
    313.89198821218));
#1026 = CARTESIAN_POINT('',(6.425025249105E+03,-47.25231148936,
    313.85940060678));
#1027 = CARTESIAN_POINT('',(6.425207175314E+03,-47.17858841212,
    313.82712293832));
#1028 = CARTESIAN_POINT('',(6.42538828734E+03,-47.10288602438,
    313.7951598453));
#1029 = CARTESIAN_POINT('',(6.425568549889E+03,-47.02518005243,
    313.76351273758));
#1030 = CARTESIAN_POINT('',(6.425747922716E+03,-46.94544515402,
    313.73216633997));
#1031 = CARTESIAN_POINT('',(6.425926384657E+03,-46.86369161775,
    313.70113077311));
#1032 = CARTESIAN_POINT('',(6.426103919566E+03,-46.77994362118,
    313.67040829136));
#1033 = CARTESIAN_POINT('',(6.426280528814E+03,-46.69426103064,
    313.63999982707));
#1034 = CARTESIAN_POINT('',(6.426456225282E+03,-46.60672327665,
    313.60990377478));
#1035 = CARTESIAN_POINT('',(6.426631003705E+03,-46.51736790778,
    313.58012173476));
#1036 = CARTESIAN_POINT('',(6.426804822009E+03,-46.4261582598,
    313.5506635498));
#1037 = CARTESIAN_POINT('',(6.426977599069E+03,-46.33299055218,
    313.52153678267));
#1038 = CARTESIAN_POINT('',(6.427149199335E+03,-46.23767441509,
    313.49274395687));
#1039 = CARTESIAN_POINT('',(6.42731943878E+03,-46.1399448475,
    313.46431985515));
#1040 = CARTESIAN_POINT('',(6.427488157796E+03,-46.03960891915,
    313.43628838602));
#1041 = CARTESIAN_POINT('',(6.427655272311E+03,-45.93661947577,
    313.40866206218));
#1042 = CARTESIAN_POINT('',(6.42782078902E+03,-45.8310795991,
    313.38143757448));
#1043 = CARTESIAN_POINT('',(6.427984814654E+03,-45.72323725335,
    313.35459583384));
#1044 = CARTESIAN_POINT('',(6.428147560545E+03,-45.61347574124,
    313.3281006194));
#1045 = CARTESIAN_POINT('',(6.428309246087E+03,-45.50216013509,
    313.30191787978));
#1046 = CARTESIAN_POINT('',(6.428470016776E+03,-45.38953193184,
    313.27600358095));
#1047 = CARTESIAN_POINT('',(6.428629956139E+03,-45.27572923079,
    313.25034473598));
#1048 = CARTESIAN_POINT('',(6.428789075273E+03,-45.16078404588,
    313.22493932385));
#1049 = CARTESIAN_POINT('',(6.428947324722E+03,-45.04464469001,
    313.1997950997));
#1050 = CARTESIAN_POINT('',(6.429104624479E+03,-44.92722155253,
    313.17492442846));
#1051 = CARTESIAN_POINT('',(6.429260914881E+03,-44.80845777236,
    313.15033597048));
#1052 = CARTESIAN_POINT('',(6.429416142198E+03,-44.68830732379,
    313.12603805798));
#1053 = CARTESIAN_POINT('',(6.429570254537E+03,-44.56672933387,
    313.10203766324));
#1054 = CARTESIAN_POINT('',(6.429723203949E+03,-44.44368990733,
    313.07834344525));
#1055 = CARTESIAN_POINT('',(6.429874933893E+03,-44.31915087708,
    313.05494273899));
#1056 = CARTESIAN_POINT('',(6.430025384616E+03,-44.19306917004,
    313.03184578564));
#1057 = CARTESIAN_POINT('',(6.430174508153E+03,-44.06541977359,
    313.00905882114));
#1058 = CARTESIAN_POINT('',(6.430322283043E+03,-43.93621082801,
    312.98658435734));
#1059 = CARTESIAN_POINT('',(6.430468723848E+03,-43.80549144535,
    312.96441919196));
#1060 = CARTESIAN_POINT('',(6.430613880737E+03,-43.67334783892,
    312.94255473758));
#1061 = CARTESIAN_POINT('',(6.430757838221E+03,-43.53989918317,
    312.92097747053));
#1062 = CARTESIAN_POINT('',(6.430900687154E+03,-43.40526524317,
    312.89967340461));
#1063 = CARTESIAN_POINT('',(6.431042503855E+03,-43.26954464105,
    312.87863153285));
#1064 = CARTESIAN_POINT('',(6.431183347909E+03,-43.1328152152,
    312.85783813261));
#1065 = CARTESIAN_POINT('',(6.431323254426E+03,-42.99512801964,
    312.83727443715));
#1066 = CARTESIAN_POINT('',(6.431462237044E+03,-42.85650862476,
    312.81694033399));
#1067 = CARTESIAN_POINT('',(6.431600293222E+03,-42.71696661545,
    312.79683420423));
#1068 = CARTESIAN_POINT('',(6.431737422362E+03,-42.57651357251,
    312.776955164));
#1069 = CARTESIAN_POINT('',(6.431873621856E+03,-42.43515900753,
    312.75730232029));
#1070 = CARTESIAN_POINT('',(6.43200887748E+03,-42.2929011632,
    312.73787652617));
#1071 = CARTESIAN_POINT('',(6.432143163296E+03,-42.14972759277,
    312.71868012987));
#1072 = CARTESIAN_POINT('',(6.432276441196E+03,-42.00561521276,
    312.69971802719));
#1073 = CARTESIAN_POINT('',(6.432408665811E+03,-41.86053564757,
    312.6809948086));
#1074 = CARTESIAN_POINT('',(6.432539780309E+03,-41.7144513464,
    312.66251800264));
#1075 = CARTESIAN_POINT('',(6.432669725638E+03,-41.56732601557,
    312.64428501714));
#1076 = CARTESIAN_POINT('',(6.432798462099E+03,-41.4191413395,
    312.62630018973));
#1077 = CARTESIAN_POINT('',(6.432925982587E+03,-41.26990857766,
    312.60856234259));
#1078 = CARTESIAN_POINT('',(6.433052320123E+03,-41.11967283935,
    312.59106498357));
#1079 = CARTESIAN_POINT('',(6.433177546259E+03,-40.96850954977,
    312.57379634375));
#1080 = CARTESIAN_POINT('',(6.433301760051E+03,-40.81651361434,
    312.55674107581));
#1081 = CARTESIAN_POINT('',(6.433425070087E+03,-40.66378401634,
    312.53988279987));
#1082 = CARTESIAN_POINT('',(6.433547582243E+03,-40.51041420307,
    312.52320565553));
#1083 = CARTESIAN_POINT('',(6.433669386633E+03,-40.35648220031,
    312.50669705186));
#1084 = CARTESIAN_POINT('',(6.433790544256E+03,-40.20204110025,
    312.49034729577));
#1085 = CARTESIAN_POINT('',(6.433911081879E+03,-40.0471157342,
    312.47415318304));
#1086 = CARTESIAN_POINT('',(6.434030995087E+03,-39.89170687444,
    312.45810911266));
#1087 = CARTESIAN_POINT('',(6.434150258086E+03,-39.73579860966,
    312.44221587541));
#1088 = CARTESIAN_POINT('',(6.434268844805E+03,-39.57937526242,
    312.42647664615));
#1089 = CARTESIAN_POINT('',(6.43438673642E+03,-39.42242733528,
    312.41089293982));
#1090 = CARTESIAN_POINT('',(6.434503911728E+03,-39.2649438585,
    312.39546671526));
#1091 = CARTESIAN_POINT('',(6.434620349049E+03,-39.10691391959,
    312.38019989973));
#1092 = CARTESIAN_POINT('',(6.434736025829E+03,-38.94832637792,
    312.36509449566));
#1093 = CARTESIAN_POINT('',(6.434850918945E+03,-38.7891701307,
    312.35015253846));
#1094 = CARTESIAN_POINT('',(6.434965004528E+03,-38.62943401292,
    312.33537606382));
#1095 = CARTESIAN_POINT('',(6.435078258897E+03,-38.46910742995,
    312.32076776948));
#1096 = CARTESIAN_POINT('',(6.435190654787E+03,-38.30817778043,
    312.30632978121));
#1097 = CARTESIAN_POINT('',(6.435302158135E+03,-38.14662813307,
    312.29206594309));
#1098 = CARTESIAN_POINT('',(6.435412746076E+03,-37.98445022803,
    312.27797563634));
#1099 = CARTESIAN_POINT('',(6.435522417958E+03,-37.82165141172,
    312.26405417957));
#1100 = CARTESIAN_POINT('',(6.435631201445E+03,-37.65825752717,
    312.25029775985));
#1101 = CARTESIAN_POINT('',(6.435739152314E+03,-37.49431237776,
    312.23669791497));
#1102 = CARTESIAN_POINT('',(6.435846348041E+03,-37.32987262142,
    312.22324389295));
#1103 = CARTESIAN_POINT('',(6.435952872313E+03,-37.16499727274,
    312.20992423592));
#1104 = CARTESIAN_POINT('',(6.436058803438E+03,-36.99974033468,
    312.19672833785));
#1105 = CARTESIAN_POINT('',(6.436164231335E+03,-36.83416213242,
    312.18364429395));
#1106 = CARTESIAN_POINT('',(6.436269234518E+03,-36.66831457036,
    312.17066179398));
#1107 = CARTESIAN_POINT('',(6.43637386363E+03,-36.50223108941,
    312.15777405763));
#1108 = CARTESIAN_POINT('',(6.436478133338E+03,-36.33592197916,
    312.14497943706));
#1109 = CARTESIAN_POINT('',(6.436582022305E+03,-36.16937491229,
    312.1322800293));
#1110 = CARTESIAN_POINT('',(6.43668548141E+03,-36.00256044229,
    312.11968134505));
#1111 = CARTESIAN_POINT('',(6.436788449729E+03,-35.83544237503,
    312.10719028519));
#1112 = CARTESIAN_POINT('',(6.436890877263E+03,-35.66799238751,
    312.09480790444));
#1113 = CARTESIAN_POINT('',(6.436992708128E+03,-35.50017879611,
    312.08254109957));
#1114 = CARTESIAN_POINT('',(6.437093882494E+03,-35.33196838901,
    312.07039623792));
#1115 = CARTESIAN_POINT('',(6.437194357044E+03,-35.16333879795,
    312.05837785333));
#1116 = CARTESIAN_POINT('',(6.437294115405E+03,-34.99428432968,
    312.04648713445));
#1117 = CARTESIAN_POINT('',(6.437393173007E+03,-34.82481817465,
    312.03472148914));
#1118 = CARTESIAN_POINT('',(6.437491574508E+03,-34.65497019464,
    312.02307489524));
#1119 = CARTESIAN_POINT('',(6.43758938554E+03,-34.48478158752,
    312.01153893542));
#1120 = CARTESIAN_POINT('',(6.437686672365E+03,-34.31429289195,
    312.00010524429));
#1121 = CARTESIAN_POINT('',(6.437783493654E+03,-34.14353946244,
    311.98876639873));
#1122 = CARTESIAN_POINT('',(6.437879914699E+03,-33.97255977719,
    311.97751481859));
#1123 = CARTESIAN_POINT('',(6.437976002418E+03,-33.8013926694,
    311.96634244318));
#1124 = CARTESIAN_POINT('',(6.438071810476E+03,-33.6300690082,
    311.9552423188));
#1125 = CARTESIAN_POINT('',(6.438167372512E+03,-33.45860793363,
    311.944212113));
#1126 = CARTESIAN_POINT('',(6.43826269891E+03,-33.28701602135,
    311.93324263509));
#1127 = CARTESIAN_POINT('',(6.438357779786E+03,-33.11528811312,
    311.92233423899));
#1128 = CARTESIAN_POINT('',(6.438452591809E+03,-32.94341162385,
    311.91149069467));
#1129 = CARTESIAN_POINT('',(6.438547112295E+03,-32.77137460359,
    311.90071513667));
#1130 = CARTESIAN_POINT('',(6.438641323772E+03,-32.59916815076,
    311.89001019572));
#1131 = CARTESIAN_POINT('',(6.438735207499E+03,-32.42678277773,
    311.87937856638));
#1132 = CARTESIAN_POINT('',(6.438828744682E+03,-32.25420910291,
    311.86882291147));
#1133 = CARTESIAN_POINT('',(6.438921916594E+03,-32.08143792315,
    311.85834583647));
#1134 = CARTESIAN_POINT('',(6.439014705008E+03,-31.90846045701,
    311.84794983761));
#1135 = CARTESIAN_POINT('',(6.439107092342E+03,-31.7352684203,
    311.83763730435));
#1136 = CARTESIAN_POINT('',(6.439199061645E+03,-31.56185402467,
    311.82741044919));
#1137 = CARTESIAN_POINT('',(6.439290596426E+03,-31.38820985117,
    311.81727182526));
#1138 = CARTESIAN_POINT('',(6.439381680275E+03,-31.21432869276,
    311.80722363525));
#1139 = CARTESIAN_POINT('',(6.439472296162E+03,-31.04020317121,
    311.79726748632));
#1140 = CARTESIAN_POINT('',(6.439562427617E+03,-30.86582615907,
    311.78740728391));
#1141 = CARTESIAN_POINT('',(6.439652055057E+03,-30.69118951679,
    311.77763818136));
#1142 = CARTESIAN_POINT('',(6.439741156322E+03,-30.51628404085,
    311.76795425026));
#1143 = CARTESIAN_POINT('',(6.439829717598E+03,-30.34110446828,
    311.75835993742));
#1144 = CARTESIAN_POINT('',(6.439917738669E+03,-30.16565278206,
    311.74885513988));
#1145 = CARTESIAN_POINT('',(6.440005235981E+03,-29.98993927119,
    311.73943873931));
#1146 = CARTESIAN_POINT('',(6.440092241268E+03,-29.81398161128,
    311.73010775329));
#1147 = CARTESIAN_POINT('',(6.440178797597E+03,-29.63780270591,
    311.72085806503));
#1148 = CARTESIAN_POINT('',(6.440264949361E+03,-29.46142566453,
    311.71168543915));
#1149 = CARTESIAN_POINT('',(6.440350737126E+03,-29.28487132785,
    311.70258609486));
#1150 = CARTESIAN_POINT('',(6.440436201703E+03,-29.10816034554,
    311.69355626044));
#1151 = CARTESIAN_POINT('',(6.440521385981E+03,-28.93131410149,
    311.68459201347));
#1152 = CARTESIAN_POINT('',(6.440606336758E+03,-28.75435563668,
    311.67568899972));
#1153 = CARTESIAN_POINT('',(6.440691093209E+03,-28.57730408405,
    311.66684409092));
#1154 = CARTESIAN_POINT('',(6.44077568042E+03,-28.40017168993,
    311.65805537509));
#1155 = CARTESIAN_POINT('',(6.440860106051E+03,-28.22296227649,
    311.64932288498));
#1156 = CARTESIAN_POINT('',(6.440944361476E+03,-28.04567184484,
    311.64064779816));
#1157 = CARTESIAN_POINT('',(6.441028425974E+03,-27.86829051534,
    311.63203451631));
#1158 = CARTESIAN_POINT('',(6.441112275773E+03,-27.69080787554,
    311.62346981358));
#1159 = CARTESIAN_POINT('',(6.441195892332E+03,-27.51321528451,
    311.61495804615));
#1160 = CARTESIAN_POINT('',(6.441279256778E+03,-27.33550420918,
    311.60650149806));
#1161 = CARTESIAN_POINT('',(6.44136235032E+03,-27.15766629012,
    311.59810295287));
#1162 = CARTESIAN_POINT('',(6.441445153425E+03,-26.97969293891,
    311.5897650737));
#1163 = CARTESIAN_POINT('',(6.441527646722E+03,-26.80157575403,
    311.58149049706));
#1164 = CARTESIAN_POINT('',(6.441609812451E+03,-26.62330720153,
    311.57328163638));
#1165 = CARTESIAN_POINT('',(6.441691635135E+03,-26.44488091421,
    311.56514062991));
#1166 = CARTESIAN_POINT('',(6.441773101768E+03,-26.2662917596,
    311.55706932373));
#1167 = CARTESIAN_POINT('',(6.441854201381E+03,-26.08753562367,
    311.54906931304));
#1168 = CARTESIAN_POINT('',(6.441934924213E+03,-25.90860901596,
    311.54114204999));
#1169 = CARTESIAN_POINT('',(6.442015259988E+03,-25.72950828509,
    311.53328892817));
#1170 = CARTESIAN_POINT('',(6.442095197929E+03,-25.55022962281,
    311.52551160734));
#1171 = CARTESIAN_POINT('',(6.442174727052E+03,-25.37076922117,
    311.51781154691));
#1172 = CARTESIAN_POINT('',(6.442253836734E+03,-25.19112351365,
    311.51019025888));
#1173 = CARTESIAN_POINT('',(6.442332513333E+03,-25.01128768414,
    311.50264859795));
#1174 = CARTESIAN_POINT('',(6.442410743083E+03,-24.83125676597,
    311.49519084709));
#1175 = CARTESIAN_POINT('',(6.44248851892E+03,-24.65102929056,
    311.48780759288));
#1176 = CARTESIAN_POINT('',(6.442565844319E+03,-24.47060828293,
    311.48049058129));
#1177 = CARTESIAN_POINT('',(6.442642734609E+03,-24.29000141625,
    311.4732413183));
#1178 = CARTESIAN_POINT('',(6.442719215536E+03,-24.1092208303,
    311.46605739755));
#1179 = CARTESIAN_POINT('',(6.442795319805E+03,-23.92828138186,
    311.45893655061));
#1180 = CARTESIAN_POINT('',(6.442871079267E+03,-23.74719731779,
    311.45187639805));
#1181 = CARTESIAN_POINT('',(6.442946523675E+03,-23.56598178832,
    311.44487483165));
#1182 = CARTESIAN_POINT('',(6.44302168347E+03,-23.38464804803,
    311.43792968691));
#1183 = CARTESIAN_POINT('',(6.443096588956E+03,-23.20320912438,
    311.43103884289));
#1184 = CARTESIAN_POINT('',(6.443171271107E+03,-23.02167817263,
    311.42420014636));
#1185 = CARTESIAN_POINT('',(6.443245764249E+03,-22.84006960232,
    311.41741117603));
#1186 = CARTESIAN_POINT('',(6.443320098924E+03,-22.65839614568,
    311.41066989693));
#1187 = CARTESIAN_POINT('',(6.443394296507E+03,-22.4766666923,
    311.40397515206));
#1188 = CARTESIAN_POINT('',(6.443468366797E+03,-22.29488535206,
    311.39732681381));
#1189 = CARTESIAN_POINT('',(6.443542307901E+03,-22.11305144241,
    311.39072606388));
#1190 = CARTESIAN_POINT('',(6.443616108993E+03,-21.9311606647,
    311.38417457788));
#1191 = CARTESIAN_POINT('',(6.443689755643E+03,-21.74920728534,
    311.37767452229));
#1192 = CARTESIAN_POINT('',(6.443763236768E+03,-21.56718698202,
    311.37122702961));
#1193 = CARTESIAN_POINT('',(6.44383654169E+03,-21.38509549557,
    311.36483575405));
#1194 = CARTESIAN_POINT('',(6.443909659468E+03,-21.20292879625,
    311.35849455561));
#1195 = CARTESIAN_POINT('',(6.443982579207E+03,-21.02068283728,
    311.35219912655));
#1196 = CARTESIAN_POINT('',(6.44405529002E+03,-20.83835342399,
    311.34595164946));
#1197 = CARTESIAN_POINT('',(6.444127780545E+03,-20.65593631289,
    311.33975258404));
#1198 = CARTESIAN_POINT('',(6.444200039766E+03,-20.47342744511,
    311.33360280819));
#1199 = CARTESIAN_POINT('',(6.444272057653E+03,-20.29082320502,
    311.32750297177));
#1200 = CARTESIAN_POINT('',(6.444343825471E+03,-20.10812052999,
    311.32145363177));
#1201 = CARTESIAN_POINT('',(6.444415335801E+03,-19.92531691337,
    311.31545521074));
#1202 = CARTESIAN_POINT('',(6.444486582272E+03,-19.74241029428,
    311.30950803268));
#1203 = CARTESIAN_POINT('',(6.444557558983E+03,-19.55939882283,
    311.3036123709));
#1204 = CARTESIAN_POINT('',(6.444628259624E+03,-19.37628052019,
    311.29776852156));
#1205 = CARTESIAN_POINT('',(6.444698677785E+03,-19.19305340054,
    311.29197677757));
#1206 = CARTESIAN_POINT('',(6.444768807072E+03,-19.00971551767,
    311.28623741901));
#1207 = CARTESIAN_POINT('',(6.444838640954E+03,-18.82626490774,
    311.28055072514));
#1208 = CARTESIAN_POINT('',(6.444908173212E+03,-18.64269976139,
    311.27491693957));
#1209 = CARTESIAN_POINT('',(6.444977396218E+03,-18.45901776584,
    311.26933645201));
#1210 = CARTESIAN_POINT('',(6.445046300938E+03,-18.27521612185,
    311.2638097228));
#1211 = CARTESIAN_POINT('',(6.445114882691E+03,-18.09129371185,
    311.25833681297));
#1212 = CARTESIAN_POINT('',(6.445183144221E+03,-17.90725220344,
    311.25291734789));
#1213 = CARTESIAN_POINT('',(6.445251097032E+03,-17.72309650922,
    311.24754965634));
#1214 = CARTESIAN_POINT('',(6.44531876077E+03,-17.53883440509,
    311.24223372316));
#1215 = CARTESIAN_POINT('',(6.445386161022E+03,-17.35447572283,
    311.23696923078));
#1216 = CARTESIAN_POINT('',(6.445453324079E+03,-17.17003050977,
    311.23175201155));
#1217 = CARTESIAN_POINT('',(6.445520273949E+03,-16.9855078186,
    311.2265791565));
#1218 = CARTESIAN_POINT('',(6.445587034979E+03,-16.80091673256,
    311.22144751729));
#1219 = CARTESIAN_POINT('',(6.445653631469E+03,-16.61626622968,
    311.21635407824));
#1220 = CARTESIAN_POINT('',(6.44572008787E+03,-16.4315652703,
    311.21129584429));
#1221 = CARTESIAN_POINT('',(6.445786428347E+03,-16.24682264779,
    311.20626989555));
#1222 = CARTESIAN_POINT('',(6.445852678269E+03,-16.06204753748,
    311.20127326421));
#1223 = CARTESIAN_POINT('',(6.44591886573E+03,-15.87725005682,
    311.19630282109));
#1224 = CARTESIAN_POINT('',(6.445985013675E+03,-15.69243844541,
    311.19135586384));
#1225 = CARTESIAN_POINT('',(6.446051135313E+03,-15.5076174398,
    311.18643044604));
#1226 = CARTESIAN_POINT('',(6.446117232061E+03,-15.32278754875,
    311.18152551186));
#1227 = CARTESIAN_POINT('',(6.446183294099E+03,-15.13794526016,
    311.17664084058));
#1228 = CARTESIAN_POINT('',(6.446249303166E+03,-14.95308404978,
    311.17177681523));
#1229 = CARTESIAN_POINT('',(6.446315238894E+03,-14.76819666144,
    311.1669339928));
#1230 = CARTESIAN_POINT('',(6.44638108439E+03,-14.5832771166,
    311.1621124828));
#1231 = CARTESIAN_POINT('',(6.446446822553E+03,-14.39831938515,
    311.15731254809));
#1232 = CARTESIAN_POINT('',(6.446512436306E+03,-14.21331747821,
    311.15253451281));
#1233 = CARTESIAN_POINT('',(6.44657790854E+03,-14.02826544322,
    311.14777845904));
#1234 = CARTESIAN_POINT('',(6.446643222059E+03,-13.8431573523,
    311.14304537276));
#1235 = CARTESIAN_POINT('',(6.446708359775E+03,-13.65798749046,
    311.13833288253));
#1236 = CARTESIAN_POINT('',(6.446773302287E+03,-13.47274891101,
    311.13365848147));
#1237 = CARTESIAN_POINT('',(6.446838031173E+03,-13.28743550855,
    311.12902158851));
#1238 = CARTESIAN_POINT('',(6.446902533844E+03,-13.10204322393,
    311.12442174216));
#1239 = CARTESIAN_POINT('',(6.446966805617E+03,-12.91657075449,
    311.11985778866));
#1240 = CARTESIAN_POINT('',(6.447030850239E+03,-12.73101972124,
    311.11532803919));
#1241 = CARTESIAN_POINT('',(6.44709467853E+03,-12.54539416294,
    311.11083032836));
#1242 = CARTESIAN_POINT('',(6.447158305254E+03,-12.35969942415,
    311.10636225429));
#1243 = CARTESIAN_POINT('',(6.447221743468E+03,-12.17394020763,
    311.10192157119));
#1244 = CARTESIAN_POINT('',(6.44728500527E+03,-11.98812084368,
    311.09750613341));
#1245 = CARTESIAN_POINT('',(6.447348103055E+03,-11.80224572627,
    311.09311380436));
#1246 = CARTESIAN_POINT('',(6.447411049176E+03,-11.61631919735,
    311.08874247809));
#1247 = CARTESIAN_POINT('',(6.447473856033E+03,-11.43034558255,
    311.08439007047));
#1248 = CARTESIAN_POINT('',(6.447536536038E+03,-11.2443291791,
    311.08005451857));
#1249 = CARTESIAN_POINT('',(6.44759910165E+03,-11.05827427208,
    311.07573377999));
#1250 = CARTESIAN_POINT('',(6.447661565546E+03,-10.8721851943,
    311.07142580234));
#1251 = CARTESIAN_POINT('',(6.447723940184E+03,-10.68606618121,
    311.06712861262));
#1252 = CARTESIAN_POINT('',(6.447786237467E+03,-10.49992126462,
    311.06284010739));
#1253 = CARTESIAN_POINT('',(6.447848468574E+03,-10.31375421794,
    311.05855825812));
#1254 = CARTESIAN_POINT('',(6.44791064395E+03,-10.12756855283,
    311.05428128552));
#1255 = CARTESIAN_POINT('',(6.447972773469E+03,-9.941367583533,
    311.0500072945));
#1256 = CARTESIAN_POINT('',(6.44803486676E+03,-9.755154538984,
    311.04573486887));
#1257 = CARTESIAN_POINT('',(6.448096933622E+03,-9.568932781305,
    311.04146091719));
#1258 = CARTESIAN_POINT('',(6.448158983906E+03,-9.382705587167,
    311.03718855493));
#1259 = CARTESIAN_POINT('',(6.448221027527E+03,-9.196475993127,
    311.03293280765));
#1260 = CARTESIAN_POINT('',(6.448283074269E+03,-9.010247427401,
    311.02868778));
#1261 = CARTESIAN_POINT('',(6.448345133963E+03,-8.82402317159,
    311.02445271917));
#1262 = CARTESIAN_POINT('',(6.44840721644E+03,-8.637806511222,
    311.02022550074));
#1263 = CARTESIAN_POINT('',(6.448469331542E+03,-8.451600730108,
    311.01600437193));
#1264 = CARTESIAN_POINT('',(6.448531489002E+03,-8.265409083749,
    311.01178749));
#1265 = CARTESIAN_POINT('',(6.448593698644E+03,-8.079234864349,
    311.0075730323));
#1266 = CARTESIAN_POINT('',(6.448655970566E+03,-7.893081465511,
    311.00335914832));
#1267 = CARTESIAN_POINT('',(6.448718315227E+03,-7.706952413359,
    310.99914396102));
#1268 = CARTESIAN_POINT('',(6.448780743448E+03,-7.520851368726,
    310.99492556269));
#1269 = CARTESIAN_POINT('',(6.448843266336E+03,-7.334782104495,
    310.99070201854));
#1270 = CARTESIAN_POINT('',(6.448905895119E+03,-7.14874845465,
    310.98647137568));
#1271 = CARTESIAN_POINT('',(6.448968640908E+03,-6.962754233321,
    310.98223167602));
#1272 = CARTESIAN_POINT('',(6.449031514747E+03,-6.776803255778,
    310.97798095631));
#1273 = CARTESIAN_POINT('',(6.449094527645E+03,-6.590899351826,
    310.97371722116));
#1274 = CARTESIAN_POINT('',(6.449157690554E+03,-6.405046356093,
    310.96943852694));
#1275 = CARTESIAN_POINT('',(6.44922101443E+03,-6.219248139169,
    310.96514265754));
#1276 = CARTESIAN_POINT('',(6.449284509858E+03,-6.033508472953,
    310.96082744477));
#1277 = CARTESIAN_POINT('',(6.449348188082E+03,-5.847831373063,
    310.95649091283));
#1278 = CARTESIAN_POINT('',(6.4494120839E+03,-5.662229055103,
    310.95212905831));
#1279 = CARTESIAN_POINT('',(6.449476213095E+03,-5.476707332073,
    310.94774042563));
#1280 = CARTESIAN_POINT('',(6.449540529536E+03,-5.291250749982,
    310.94332297529));
#1281 = CARTESIAN_POINT('',(6.449604914182E+03,-5.105817950762,
    310.93889805099));
#1282 = CARTESIAN_POINT('',(6.449669148568E+03,-4.920332946979,
    310.93448751418));
#1283 = CARTESIAN_POINT('',(6.449732897858E+03,-4.734680272685,
    310.93011113512));
#1284 = CARTESIAN_POINT('',(6.44979587912E+03,-4.548765129228,
    310.92578783686));
#1285 = CARTESIAN_POINT('',(6.44985800167E+03,-4.362561036723,
    310.92152269342));
#1286 = CARTESIAN_POINT('',(6.449919383404E+03,-4.176111495791,
    310.91730673192));
#1287 = CARTESIAN_POINT('',(6.449980390668E+03,-3.989539267983,
    310.91311390597));
#1288 = CARTESIAN_POINT('',(6.450041566664E+03,-3.803022180092,
    310.90890598434));
#1289 = CARTESIAN_POINT('',(6.450103386307E+03,-3.616717225692,
    310.90464929079));
#1290 = CARTESIAN_POINT('',(6.450166080021E+03,-3.430704624332,
    310.9003268138));
#1291 = CARTESIAN_POINT('',(6.450229682904E+03,-3.245001247754,
    310.89593486995));
#1292 = CARTESIAN_POINT('',(6.450294056487E+03,-3.05956408501,
    310.89148168457));
#1293 = CARTESIAN_POINT('',(6.450358945097E+03,-2.874306815191,
    310.88698360697));
#1294 = CARTESIAN_POINT('',(6.450424088412E+03,-2.689139048932,
    310.88245740591));
#1295 = CARTESIAN_POINT('',(6.450489270812E+03,-2.50398510508,
    310.87791687458));
#1296 = CARTESIAN_POINT('',(6.450554236294E+03,-2.318754857977,
    310.87337876383));
#1297 = CARTESIAN_POINT('',(6.450618651431E+03,-2.13333204264,
    310.86886552015));
#1298 = CARTESIAN_POINT('',(6.450682282617E+03,-1.947638241893,
    310.86439253161));
#1299 = CARTESIAN_POINT('',(6.450745132995E+03,-1.761678557217,
    310.85995914407));
#1300 = CARTESIAN_POINT('',(6.450807454455E+03,-1.575540754414,
    310.8555471146));
#1301 = CARTESIAN_POINT('',(6.450869969709E+03,-1.38946826006,
    310.85110440978));
#1302 = CARTESIAN_POINT('',(6.450933533893E+03,-1.203746955453,
    310.84656895421));
#1303 = CARTESIAN_POINT('',(6.45099914807E+03,-1.018747628475,
    310.8418661507));
#1304 = CARTESIAN_POINT('',(6.451065154924E+03,-0.833872503956,
    310.83712205612));
#1305 = CARTESIAN_POINT('',(6.451136311795E+03,-0.650925611199,
    310.83199179944));
#1306 = CARTESIAN_POINT('',(6.451208238794E+03,-0.468339379424,
    310.82678890242));
#1307 = CARTESIAN_POINT('',(6.451272583456E+03,-0.282797641923,
    310.82211948644));
#1308 = CARTESIAN_POINT('',(6.45131226213E+03,-8.970828785538E-02,
    310.81923252206));
#1309 = CARTESIAN_POINT('',(6.451301384064E+03,0.175367767098,
    310.820024539));
#1310 = CARTESIAN_POINT('',(6.451184756068E+03,0.353076173226,
    310.82850526007));
#1311 = CARTESIAN_POINT('',(6.45106556403E+03,0.414479176754,
    310.837090035));
#1312 = CARTESIAN_POINT('',(6.406273362413E+03,-39.75696959708,
    317.97403648281));
#1313 = CARTESIAN_POINT('',(6.45106556403E+03,0.414479176754,
    310.837090035));
#1314 = ( GEOMETRIC_REPRESENTATION_CONTEXT(3) 
GLOBAL_UNCERTAINTY_ASSIGNED_CONTEXT((#1318)) 
GLOBAL_UNIT_ASSIGNED_CONTEXT((#1315,#1316,#1317)) REPRESENTATION_CONTEXT
('Context #1','3D Context with UNIT and UNCERTAINTY') );
#1315 = ( LENGTH_UNIT() NAMED_UNIT(*) SI_UNIT(.MILLI.,.METRE.) );
#1316 = ( NAMED_UNIT(*) PLANE_ANGLE_UNIT() SI_UNIT($,.RADIAN.) );
#1317 = ( NAMED_UNIT(*) SI_UNIT($,.STERADIAN.) SOLID_ANGLE_UNIT() );
#1318 = UNCERTAINTY_MEASURE_WITH_UNIT(LENGTH_MEASURE(1.E-07),#1315,
  'distance_accuracy_value','confusion accuracy');
#1319 = CONTEXT_DEPENDENT_SHAPE_REPRESENTATION(#1320,#1322);
#1320 = ( REPRESENTATION_RELATIONSHIP('','',#908,#10) 
REPRESENTATION_RELATIONSHIP_WITH_TRANSFORMATION(#1321) 
SHAPE_REPRESENTATION_RELATIONSHIP() );
#1321 = ITEM_DEFINED_TRANSFORMATION('','',#11,#23);
#1322 = PRODUCT_DEFINITION_SHAPE('Placement','Placement of an item',
  #1323);
#1323 = NEXT_ASSEMBLY_USAGE_OCCURRENCE('23','','',#5,#903,$);
#1324 = PRODUCT_RELATED_PRODUCT_CATEGORY('part',$,(#905));
#1325 = SHAPE_DEFINITION_REPRESENTATION(#1326,#1332);
#1326 = PRODUCT_DEFINITION_SHAPE('','',#1327);
#1327 = PRODUCT_DEFINITION('design','',#1328,#1331);
#1328 = PRODUCT_DEFINITION_FORMATION('','',#1329);
#1329 = PRODUCT('Open CASCADE STEP translator 7.8 3.4',
  'Open CASCADE STEP translator 7.8 3.4','',(#1330));
#1330 = PRODUCT_CONTEXT('',#2,'mechanical');
#1331 = PRODUCT_DEFINITION_CONTEXT('part definition',#2,'design');
#1332 = GEOMETRICALLY_BOUNDED_WIREFRAME_SHAPE_REPRESENTATION('',(#11,
    #1333),#1738);
#1333 = GEOMETRIC_CURVE_SET('',(#1334));
#1334 = TRIMMED_CURVE('',#1335,(#1736,PARAMETER_VALUE(0.)),(#1737,
    PARAMETER_VALUE(1.)),.T.,.PARAMETER.);
#1335 = B_SPLINE_CURVE_WITH_KNOTS('',3,(#1336,#1337,#1338,#1339,#1340,
    #1341,#1342,#1343,#1344,#1345,#1346,#1347,#1348,#1349,#1350,#1351,
    #1352,#1353,#1354,#1355,#1356,#1357,#1358,#1359,#1360,#1361,#1362,
    #1363,#1364,#1365,#1366,#1367,#1368,#1369,#1370,#1371,#1372,#1373,
    #1374,#1375,#1376,#1377,#1378,#1379,#1380,#1381,#1382,#1383,#1384,
    #1385,#1386,#1387,#1388,#1389,#1390,#1391,#1392,#1393,#1394,#1395,
    #1396,#1397,#1398,#1399,#1400,#1401,#1402,#1403,#1404,#1405,#1406,
    #1407,#1408,#1409,#1410,#1411,#1412,#1413,#1414,#1415,#1416,#1417,
    #1418,#1419,#1420,#1421,#1422,#1423,#1424,#1425,#1426,#1427,#1428,
    #1429,#1430,#1431,#1432,#1433,#1434,#1435,#1436,#1437,#1438,#1439,
    #1440,#1441,#1442,#1443,#1444,#1445,#1446,#1447,#1448,#1449,#1450,
    #1451,#1452,#1453,#1454,#1455,#1456,#1457,#1458,#1459,#1460,#1461,
    #1462,#1463,#1464,#1465,#1466,#1467,#1468,#1469,#1470,#1471,#1472,
    #1473,#1474,#1475,#1476,#1477,#1478,#1479,#1480,#1481,#1482,#1483,
    #1484,#1485,#1486,#1487,#1488,#1489,#1490,#1491,#1492,#1493,#1494,
    #1495,#1496,#1497,#1498,#1499,#1500,#1501,#1502,#1503,#1504,#1505,
    #1506,#1507,#1508,#1509,#1510,#1511,#1512,#1513,#1514,#1515,#1516,
    #1517,#1518,#1519,#1520,#1521,#1522,#1523,#1524,#1525,#1526,#1527,
    #1528,#1529,#1530,#1531,#1532,#1533,#1534,#1535,#1536,#1537,#1538,
    #1539,#1540,#1541,#1542,#1543,#1544,#1545,#1546,#1547,#1548,#1549,
    #1550,#1551,#1552,#1553,#1554,#1555,#1556,#1557,#1558,#1559,#1560,
    #1561,#1562,#1563,#1564,#1565,#1566,#1567,#1568,#1569,#1570,#1571,
    #1572,#1573,#1574,#1575,#1576,#1577,#1578,#1579,#1580,#1581,#1582,
    #1583,#1584,#1585,#1586,#1587,#1588,#1589,#1590,#1591,#1592,#1593,
    #1594,#1595,#1596,#1597,#1598,#1599,#1600,#1601,#1602,#1603,#1604,
    #1605,#1606,#1607,#1608,#1609,#1610,#1611,#1612,#1613,#1614,#1615,
    #1616,#1617,#1618,#1619,#1620,#1621,#1622,#1623,#1624,#1625,#1626,
    #1627,#1628,#1629,#1630,#1631,#1632,#1633,#1634,#1635,#1636,#1637,
    #1638,#1639,#1640,#1641,#1642,#1643,#1644,#1645,#1646,#1647,#1648,
    #1649,#1650,#1651,#1652,#1653,#1654,#1655,#1656,#1657,#1658,#1659,
    #1660,#1661,#1662,#1663,#1664,#1665,#1666,#1667,#1668,#1669,#1670,
    #1671,#1672,#1673,#1674,#1675,#1676,#1677,#1678,#1679,#1680,#1681,
    #1682,#1683,#1684,#1685,#1686,#1687,#1688,#1689,#1690,#1691,#1692,
    #1693,#1694,#1695,#1696,#1697,#1698,#1699,#1700,#1701,#1702,#1703,
    #1704,#1705,#1706,#1707,#1708,#1709,#1710,#1711,#1712,#1713,#1714,
    #1715,#1716,#1717,#1718,#1719,#1720,#1721,#1722,#1723,#1724,#1725,
    #1726,#1727,#1728,#1729,#1730,#1731,#1732,#1733,#1734,#1735),
  .UNSPECIFIED.,.F.,.F.,(4,1,1,1,1,1,1,1,1,1,1,1,1,1,1,1,1,1,1,1,1,1,1,1
    ,1,1,1,1,1,1,1,1,1,1,1,1,1,1,1,1,1,1,1,1,1,1,1,1,1,1,1,1,1,1,1,1,1,1
    ,1,1,1,1,1,1,1,1,1,1,1,1,1,1,1,1,1,1,1,1,1,1,1,1,1,1,1,1,1,1,1,1,1,1
    ,1,1,1,1,1,1,1,1,1,1,1,1,1,1,1,1,1,1,1,1,1,1,1,1,1,1,1,1,1,1,1,1,1,1
    ,1,1,1,1,1,1,1,1,1,1,1,1,1,1,1,1,1,1,1,1,1,1,1,1,1,1,1,1,1,1,1,1,1,1
    ,1,1,1,1,1,1,1,1,1,1,1,1,1,1,1,1,1,1,1,1,1,1,1,1,1,1,1,1,1,1,1,1,1,1
    ,1,1,1,1,1,1,1,1,1,1,1,1,1,1,1,1,1,1,1,1,1,1,1,1,1,1,1,1,1,1,1,1,1,1
    ,1,1,1,1,1,1,1,1,1,1,1,1,1,1,1,1,1,1,1,1,1,1,1,1,1,1,1,1,1,1,1,1,1,1
    ,1,1,1,1,1,1,1,1,1,1,1,1,1,1,1,1,1,1,1,1,1,1,1,1,1,1,1,1,1,1,1,1,1,1
    ,1,1,1,1,1,1,1,1,1,1,1,1,1,1,1,1,1,1,1,1,1,1,1,1,1,1,1,1,1,1,1,1,1,1
    ,1,1,1,1,1,1,1,1,1,1,1,1,1,1,1,1,1,1,1,1,1,1,1,1,1,1,1,1,1,1,1,1,1,1
    ,1,1,1,1,1,1,1,1,1,1,1,1,1,1,1,1,1,1,1,1,1,1,1,1,1,1,1,1,1,1,1,1,1,4
    ),(0.,4.973723770262E-03,7.460281852727E-03,9.946644248783E-03,
    1.243308437848E-02,1.491920983587E-02,1.74051818207E-02,
    1.989111357805E-02,2.237709986749E-02,2.486320721727E-02,
    2.734930904523E-02,2.983542855354E-02,3.232153171321E-02,
    3.480762205863E-02,3.729369920434E-02,3.977976516413E-02,
    4.226582152232E-02,4.475187214818E-02,4.723792227006E-02,
    4.972397679129E-02,5.221003701014E-02,5.469610240415E-02,
    5.718217280716E-02,5.966824867032E-02,6.215433051008E-02,
    6.464041887416E-02,6.712651439781E-02,6.961261783794E-02,
    7.20987300932E-02,7.45848522072E-02,7.707098535411E-02,
    7.955713080645E-02,8.204328989029E-02,8.452946308857E-02,
    8.701564695707E-02,8.950183752727E-02,9.198803163262E-02,
    9.44742299568E-02,9.696043362481E-02,9.944664374008E-02,
    0.101932861337,0.104419087371,0.106905322705,0.109391568191,
    0.111877824685,0.114364093026,0.11685037403,0.119336668538,
    0.121822977549,0.124309302359,0.126795644657,0.129282005051,
    0.131768381606,0.134254772442,0.136741177154,0.139227598147,
    0.14171403797,0.144200499269,0.146686984712,0.149173496812,
    0.151660037778,0.15414660946,0.156633213321,0.159119850487,
    0.161606521858,0.164093228274,0.166579970619,0.169066749849,
    0.171553566822,0.174040421241,0.176527312132,0.179014238124,
    0.181501198462,0.183988192504,0.186475219539,0.188962278812,
    0.191449369522,0.193936490777,0.196423641591,0.198910821,
    0.201398028298,0.203885263288,0.206372526431,0.2088598189,
    0.211347142536,0.213834500232,0.216321897451,0.218809339825,
    0.221296832296,0.223784377267,0.226271976558,0.228759631283,
    0.231247341619,0.233735106704,0.236222924686,0.238710792889,
    0.241198708169,0.243686667177,0.246174666429,0.248662702396,
    0.251150771789,0.253638872056,0.256127004888,0.258615175226,
    0.261103389271,0.263591651095,0.266079963379,0.268568328966,
    0.271056750766,0.273545231661,0.27603377429,0.278522380592,
    0.281011051521,0.283499786934,0.285988585632,0.288477445589,
    0.290966364328,0.293455339356,0.295944371592,0.29843346372,
    0.300922618432,0.303411835153,0.305901111648,0.308390445602,
    0.310879834687,0.31336927658,0.315858768919,0.318348309134,
    0.320837894541,0.323327522698,0.325817191926,0.328306901711,
    0.330796652901,0.33328644934,0.335776299063,0.338266211091,
    0.340756193379,0.34324625111,0.345736389089,0.348226611406,
    0.350716920955,0.353207319221,0.355697806141,0.358188380275,
    0.360679039233,0.363169780269,0.365660600637,0.368151497673,
    0.370642470136,0.373133518609,0.375624643933,0.378115845716,
    0.380607121823,0.38309846986,0.385589887162,0.388081370883,
    0.390572918437,0.393064528117,0.395556199816,0.398047935458,
    0.400539739134,0.403031616901,0.405523576612,0.408015628071,
    0.4105077814,0.413000045953,0.415492428772,0.417984934812,
    0.420477566817,0.422970325382,0.425463209427,0.427956216789,
    0.430449345007,0.432942591743,0.435435954782,0.437929431815,
    0.440423021104,0.442916721824,0.445410532972,0.447904452529,
    0.450398476813,0.452892601848,0.455386824261,0.457881142554,
    0.460375557961,0.462870074798,0.465364700456,0.467859445019,
    0.470354320582,0.472849340295,0.475344518025,0.477839865187,
    0.480335389086,0.482831090949,0.485326967378,0.487823011218,
    0.490319212662,0.492815561247,0.495312047761,0.49780866627,
    0.500305415239,0.502802298265,0.505299325157,0.507796512126,
    0.510293878478,0.512791443059,0.515289220996,0.517787223847,
    0.520285459016,0.522783929551,0.525282634358,0.527781569124,
    0.530280727928,0.532780104668,0.535279694588,0.537779497132,
    0.540279511984,0.542779737649,0.545280167982,0.547780795708,
    0.550281613499,0.552782615628,0.555283799722,0.55778516797,
    0.560286727663,0.562788491152,0.565290477214,0.567792711278,
    0.57029521817,0.572798017196,0.575301118314,0.577804526423,
    0.580308241843,0.582812261404,0.585316580024,0.587821192659,
    0.590326095601,0.592831287508,0.595336773914,0.597842563175,
    0.600348664621,0.602855082891,0.605361820781,0.607868878861,
    0.610376254735,0.612883942507,0.615391932382,0.617900210844,
    0.620408763876,0.62291758586,0.625426677637,0.627936046342,
    0.630445700697,0.632955657168,0.635465939054,0.637976571565,
    0.640487575045,0.642998960514,0.645510728363,0.64802287262,
    0.650535383757,0.653048247036,0.655561445168,0.658074963456,
    0.660588799533,0.663102964637,0.665617483559,0.668132391549,
    0.670647726938,0.673163524115,0.675679813825,0.678196614276,
    0.680713929075,0.683231743265,0.685750035112,0.688268782357,
    0.690787965559,0.693307568756,0.695827578674,0.698347987018,
    0.700868797029,0.703390013301,0.70591163702,0.708433658722,
    0.710956067485,0.713478851842,0.716002000255,0.71852550275,
    0.721049353174,0.723573556297,0.72609813108,0.728623103616,
    0.731148499138,0.733674335715,0.736200626488,0.73872737743,
    0.741254586403,0.743782244038,0.746310337114,0.748838859311,
    0.751367813082,0.753897209573,0.75642706516,0.758957404831,
    0.761488260484,0.764019661631,0.766551626264,0.7690841566,
    0.771617241935,0.774150861479,0.776684984776,0.779219577344,
    0.781754608742,0.784290060803,0.786825927044,0.789362209893,
    0.791898917607,0.794436060248,0.796973647645,0.799511684961,
    0.802050172024,0.804589103714,0.807128475131,0.809668285441,
    0.812208540159,0.814749253067,0.817290446752,0.819832150384,
    0.822374391886,0.824917192132,0.827460562542,0.830004507819,
    0.83254902725,0.83509411537,0.837639763655,0.84018596316,
    0.842732709009,0.845279992794,0.847827800853,0.850376112294,
    0.852924908984,0.855474178717,0.858023916596,0.860574125874,
    0.863124828844,0.865676090057,0.868227958851,0.870780448819,
    0.87333350965,0.875887079965,0.878441094706,0.880995492186,
    0.883550220561,0.886105275244,0.88866075058,0.891216682188,
    0.893773009289,0.896329597495,0.898886470345,0.901443757476,
    0.904001494882,0.906559371813,0.909116992293,0.911674101137,
    0.914230517848,0.916785966994,0.919340181373,0.921893245521,
    0.924445455751,0.926996851144,0.929547073946,0.932095811821,
    0.934643153644,0.937189301592,0.939734240864,0.942277735396,
    0.944819635674,0.947359841116,0.949898098233,0.952433981033,
    0.954967057235,0.957497007519,0.960023516036,0.962546158557,
    0.965064710523,0.967579117132,0.970089982229,0.972596705419,
    0.975099997373,0.97759990402,0.980097381515,0.982591932031,
    0.985083478826,0.98757238909,0.990059354247,0.992545347341,
    0.995030386265,1.),.UNSPECIFIED.);
#1336 = CARTESIAN_POINT('',(6.45106556403E+03,0.414479176754,
    310.837090035));
#1337 = CARTESIAN_POINT('',(6.450973342215E+03,0.466624920673,
    310.84374219957));
#1338 = CARTESIAN_POINT('',(6.450806123612E+03,0.492366145618,
    310.85567943437));
#1339 = CARTESIAN_POINT('',(6.450606624645E+03,0.412109348798,
    310.86971756645));
#1340 = CARTESIAN_POINT('',(6.450483461274E+03,0.309912191021,
    310.87832572439));
#1341 = CARTESIAN_POINT('',(6.450386628977E+03,0.183803894891,
    310.88506280881));
#1342 = CARTESIAN_POINT('',(6.450306894143E+03,4.684877604396E-02,
    310.89059301477));
#1343 = CARTESIAN_POINT('',(6.45023659998E+03,-9.499071921471E-02,
    310.89545692574));
#1344 = CARTESIAN_POINT('',(6.450167794731E+03,-0.237572334156,
    310.90020887683));
#1345 = CARTESIAN_POINT('',(6.4500910005E+03,-0.37601679725,
    310.90550306543));
#1346 = CARTESIAN_POINT('',(6.450013751448E+03,-0.514140563992,
    310.91082012037));
#1347 = CARTESIAN_POINT('',(6.449935433831E+03,-0.651680661101,
    310.9162042334));
#1348 = CARTESIAN_POINT('',(6.449857388743E+03,-0.789370481272,
    310.92156495109));
#1349 = CARTESIAN_POINT('',(6.449779733815E+03,-0.927283246172,
    310.92689617995));
#1350 = CARTESIAN_POINT('',(6.449702446588E+03,-1.065401940795,
    310.93220149604));
#1351 = CARTESIAN_POINT('',(6.449625567939E+03,-1.203748753923,
    310.93747947288));
#1352 = CARTESIAN_POINT('',(6.449549053313E+03,-1.342297041119,
    310.94273678637));
#1353 = CARTESIAN_POINT('',(6.449472760571E+03,-1.480967464886,
    310.94797819893));
#1354 = CARTESIAN_POINT('',(6.449396464759E+03,-1.619636679935,
    310.95319701279));
#1355 = CARTESIAN_POINT('',(6.449319878749E+03,-1.758145819179,
    310.95842075875));
#1356 = CARTESIAN_POINT('',(6.449242868088E+03,-1.896419006635,
    310.96365902694));
#1357 = CARTESIAN_POINT('',(6.449165516756E+03,-2.034501725437,
    310.96890851814));
#1358 = CARTESIAN_POINT('',(6.449087902523E+03,-2.172436891323,
    310.97416611408));
#1359 = CARTESIAN_POINT('',(6.449010042132E+03,-2.310233264123,
    310.97943328811));
#1360 = CARTESIAN_POINT('',(6.448931954787E+03,-2.447901139151,
    310.98471089946));
#1361 = CARTESIAN_POINT('',(6.448853661311E+03,-2.585451878296,
    310.98999986961));
#1362 = CARTESIAN_POINT('',(6.448775181913E+03,-2.722896619211,
    310.99530116726));
#1363 = CARTESIAN_POINT('',(6.448696534812E+03,-2.860245467503,
    311.00061593847));
#1364 = CARTESIAN_POINT('',(6.448617735114E+03,-2.997506827277,
    311.00594556588));
#1365 = CARTESIAN_POINT('',(6.448538794264E+03,-3.134687061655,
    311.01129170571));
#1366 = CARTESIAN_POINT('',(6.448459720009E+03,-3.271790448019,
    311.01665628416));
#1367 = CARTESIAN_POINT('',(6.448380516868E+03,-3.40881942302,
    311.02204147759));
#1368 = CARTESIAN_POINT('',(6.448301187107E+03,-3.545775136987,
    311.02744960255));
#1369 = CARTESIAN_POINT('',(6.448221732194E+03,-3.682658257463,
    311.03288318084));
#1370 = CARTESIAN_POINT('',(6.44814215492E+03,-3.819470130302,
    311.03834418569));
#1371 = CARTESIAN_POINT('',(6.448062458388E+03,-3.956212089891,
    311.04383637981));
#1372 = CARTESIAN_POINT('',(6.447982644385E+03,-4.092886044699,
    311.0493282114));
#1373 = CARTESIAN_POINT('',(6.447902715092E+03,-4.229492694632,
    311.05482671458));
#1374 = CARTESIAN_POINT('',(6.447822673713E+03,-4.366033719368,
    311.06033273075));
#1375 = CARTESIAN_POINT('',(6.447742525318E+03,-4.502511947238,
    311.06584861981));
#1376 = CARTESIAN_POINT('',(6.447662277318E+03,-4.638931630452,
    311.07137623422));
#1377 = CARTESIAN_POINT('',(6.44758193958E+03,-4.775298471774,
    311.07691770312));
#1378 = CARTESIAN_POINT('',(6.447501524165E+03,-4.911619514756,
    311.08247453495));
#1379 = CARTESIAN_POINT('',(6.44742104476E+03,-5.047902786167,
    311.08804824464));
#1380 = CARTESIAN_POINT('',(6.447340515753E+03,-5.184156752714,
    311.09364027172));
#1381 = CARTESIAN_POINT('',(6.447259950886E+03,-5.320389517326,
    311.09925210674));
#1382 = CARTESIAN_POINT('',(6.447179363261E+03,-5.456608816264,
    311.10488527851));
#1383 = CARTESIAN_POINT('',(6.447098768865E+03,-5.592824108575,
    311.11054110205));
#1384 = CARTESIAN_POINT('',(6.447018184742E+03,-5.729045489678,
    311.11622081224));
#1385 = CARTESIAN_POINT('',(6.446937623072E+03,-5.86528017125,
    311.12192592275));
#1386 = CARTESIAN_POINT('',(6.446857088192E+03,-6.001530711693,
    311.12765864803));
#1387 = CARTESIAN_POINT('',(6.446776574525E+03,-6.137793794402,
    311.13342129757));
#1388 = CARTESIAN_POINT('',(6.446696066176E+03,-6.274059800278,
    311.13921918833));
#1389 = CARTESIAN_POINT('',(6.446615537719E+03,-6.410313721851,
    311.14504993096));
#1390 = CARTESIAN_POINT('',(6.446534956497E+03,-6.546536880904,
    311.15089615127));
#1391 = CARTESIAN_POINT('',(6.446454287369E+03,-6.682708037098,
    311.15676729926));
#1392 = CARTESIAN_POINT('',(6.446373498003E+03,-6.818807918841,
    311.16266608772));
#1393 = CARTESIAN_POINT('',(6.446292557711E+03,-6.95481812193,
    311.16859687422));
#1394 = CARTESIAN_POINT('',(6.4462114319E+03,-7.090717774434,
    311.17456404782));
#1395 = CARTESIAN_POINT('',(6.446130086895E+03,-7.226486347143,
    311.18057214464));
#1396 = CARTESIAN_POINT('',(6.446048495058E+03,-7.362106726585,
    311.18662511253));
#1397 = CARTESIAN_POINT('',(6.445966637756E+03,-7.497567031373,
    311.19272635143));
#1398 = CARTESIAN_POINT('',(6.445884506887E+03,-7.632861623246,
    311.19887851696));
#1399 = CARTESIAN_POINT('',(6.445802104842E+03,-7.767991195752,
    311.20508352529));
#1400 = CARTESIAN_POINT('',(6.445719442958E+03,-7.902961948804,
    311.21134264493));
#1401 = CARTESIAN_POINT('',(6.445636538657E+03,-8.037783916864,
    311.21765669418));
#1402 = CARTESIAN_POINT('',(6.445553410989E+03,-8.172468271175,
    311.22402637449));
#1403 = CARTESIAN_POINT('',(6.44547007522E+03,-8.307023958126,
    311.23045264835));
#1404 = CARTESIAN_POINT('',(6.445386546132E+03,-8.441459708185,
    311.23693661412));
#1405 = CARTESIAN_POINT('',(6.445302838329E+03,-8.57578421732,
    311.24347901182));
#1406 = CARTESIAN_POINT('',(6.445218966497E+03,-8.710006193119,
    311.25008194359));
#1407 = CARTESIAN_POINT('',(6.44513494541E+03,-8.844134853411,
    311.25673870004));
#1408 = CARTESIAN_POINT('',(6.445050790373E+03,-8.978179528459,
    311.26344826381));
#1409 = CARTESIAN_POINT('',(6.444966517143E+03,-9.112149922652,
    311.27020931473));
#1410 = CARTESIAN_POINT('',(6.444882141929E+03,-9.246056099815,
    311.27702052972));
#1411 = CARTESIAN_POINT('',(6.444797681318E+03,-9.379908421924,
    311.28388048948));
#1412 = CARTESIAN_POINT('',(6.444713152116E+03,-9.513717433583,
    311.29078770892));
#1413 = CARTESIAN_POINT('',(6.44462857115E+03,-9.647493723561,
    311.29774073441));
#1414 = CARTESIAN_POINT('',(6.444543954783E+03,-9.781247612293,
    311.3047381016));
#1415 = CARTESIAN_POINT('',(6.444459323179E+03,-9.914991857693,
    311.3117780012));
#1416 = CARTESIAN_POINT('',(6.444374696826E+03,-10.04873944401,
    311.31885855495));
#1417 = CARTESIAN_POINT('',(6.444290089996E+03,-10.1824994153,
    311.32597836874));
#1418 = CARTESIAN_POINT('',(6.444205507348E+03,-10.31627472153,
    311.33313683736));
#1419 = CARTESIAN_POINT('',(6.444120941672E+03,-10.45006080252,
    311.34033435728));
#1420 = CARTESIAN_POINT('',(6.444036373517E+03,-10.5838453601,
    311.34757239852));
#1421 = CARTESIAN_POINT('',(6.44395177253E+03,-10.7176092103,
    311.35485337634));
#1422 = CARTESIAN_POINT('',(6.443867100536E+03,-10.85132824584,
    311.3621805664));
#1423 = CARTESIAN_POINT('',(6.443782316535E+03,-10.98497658322,
    311.36955710087));
#1424 = CARTESIAN_POINT('',(6.443697384437E+03,-11.11853051988,
    311.37700123764));
#1425 = CARTESIAN_POINT('',(6.443612265668E+03,-11.25196554039,
    311.3845127254));
#1426 = CARTESIAN_POINT('',(6.443526918404E+03,-11.3852545226,
    311.39209481584));
#1427 = CARTESIAN_POINT('',(6.443441307911E+03,-11.51837456901,
    311.39974939628));
#1428 = CARTESIAN_POINT('',(6.443355411231E+03,-11.65131008209,
    311.40747743106));
#1429 = CARTESIAN_POINT('',(6.443269220485E+03,-11.7840550597,
    311.41527839061));
#1430 = CARTESIAN_POINT('',(6.443182743584E+03,-11.9166137159,
    311.42315056387));
#1431 = CARTESIAN_POINT('',(6.443096002803E+03,-12.04899977159,
    311.43109080318));
#1432 = CARTESIAN_POINT('',(6.443009031019E+03,-12.18123412158,
    311.43909492965));
#1433 = CARTESIAN_POINT('',(6.442921866812E+03,-12.31334168507,
    311.44715813812));
#1434 = CARTESIAN_POINT('',(6.442834544223E+03,-12.44534458671,
    311.45527596114));
#1435 = CARTESIAN_POINT('',(6.442747097094E+03,-12.57726498946,
    311.46344384433));
#1436 = CARTESIAN_POINT('',(6.442659563572E+03,-12.70912808458,
    311.47165685821));
#1437 = CARTESIAN_POINT('',(6.442571976093E+03,-12.84095540372,
    311.47991015242));
#1438 = CARTESIAN_POINT('',(6.442484356021E+03,-12.97276115642,
    311.48820130461));
#1439 = CARTESIAN_POINT('',(6.442396709699E+03,-13.10455004986,
    311.49652392316));
#1440 = CARTESIAN_POINT('',(6.442309027869E+03,-13.23631521568,
    311.5048941541));
#1441 = CARTESIAN_POINT('',(6.442221285616E+03,-13.36803990764,
    311.51332005916));
#1442 = CARTESIAN_POINT('',(6.442133446005E+03,-13.49969972422,
    311.52180227567));
#1443 = CARTESIAN_POINT('',(6.442045464897E+03,-13.63126504341,
    311.53034452452));
#1444 = CARTESIAN_POINT('',(6.441957302119E+03,-13.76270871654,
    311.53894962491));
#1445 = CARTESIAN_POINT('',(6.441868918072E+03,-13.8940037557,
    311.54762022502));
#1446 = CARTESIAN_POINT('',(6.441780270632E+03,-14.02512112044,
    311.55635960287));
#1447 = CARTESIAN_POINT('',(6.441691323432E+03,-14.1560353065,
    311.56517048462));
#1448 = CARTESIAN_POINT('',(6.441602050135E+03,-14.28672729619,
    311.57405465232));
#1449 = CARTESIAN_POINT('',(6.441512437085E+03,-14.41718649461,
    311.58301263493));
#1450 = CARTESIAN_POINT('',(6.441422483876E+03,-14.54741130424,
    311.59204363251));
#1451 = CARTESIAN_POINT('',(6.441332202152E+03,-14.67740850435,
    311.60114557447));
#1452 = CARTESIAN_POINT('',(6.441241612404E+03,-14.80719118171,
    311.61031553868));
#1453 = CARTESIAN_POINT('',(6.441150739806E+03,-14.93677596163,
    311.61954971835));
#1454 = CARTESIAN_POINT('',(6.441059606161E+03,-15.06617730955,
    311.62884588405));
#1455 = CARTESIAN_POINT('',(6.440968230806E+03,-15.19540861248,
    311.63819716203));
#1456 = CARTESIAN_POINT('',(6.440876633966E+03,-15.32448274356,
    311.64761657057));
#1457 = CARTESIAN_POINT('',(6.44078483479E+03,-15.45341275892,
    311.65710542714));
#1458 = CARTESIAN_POINT('',(6.440692851549E+03,-15.58221148175,
    311.66665981172));
#1459 = CARTESIAN_POINT('',(6.440600701689E+03,-15.71089102742,
    311.67627727508));
#1460 = CARTESIAN_POINT('',(6.440508401747E+03,-15.83946295053,
    311.68595494744));
#1461 = CARTESIAN_POINT('',(6.440415967403E+03,-15.9679382825,
    311.69568986659));
#1462 = CARTESIAN_POINT('',(6.440323413843E+03,-16.09632774739,
    311.70547944829));
#1463 = CARTESIAN_POINT('',(6.440230755671E+03,-16.22464171569,
    311.71532104727));
#1464 = CARTESIAN_POINT('',(6.440138008799E+03,-16.35289155928,
    311.72521186793));
#1465 = CARTESIAN_POINT('',(6.440045193627E+03,-16.48109199367,
    311.73514859422));
#1466 = CARTESIAN_POINT('',(6.439952326906E+03,-16.60925514291,
    311.74512825642));
#1467 = CARTESIAN_POINT('',(6.439859416859E+03,-16.73738696301,
    311.7551488029));
#1468 = CARTESIAN_POINT('',(6.439766459648E+03,-16.86548467096,
    311.7652093677));
#1469 = CARTESIAN_POINT('',(6.439673437877E+03,-16.99353562672,
    311.77531095395));
#1470 = CARTESIAN_POINT('',(6.43958032081E+03,-17.12151767134,
    311.78545457839));
#1471 = CARTESIAN_POINT('',(6.439487067116E+03,-17.24940050785,
    311.7956479115));
#1472 = CARTESIAN_POINT('',(6.439393629133E+03,-17.37714833895,
    311.80590810485));
#1473 = CARTESIAN_POINT('',(6.439299959685E+03,-17.50472656989,
    311.8162366173));
#1474 = CARTESIAN_POINT('',(6.43920601169E+03,-17.63209984748,
    311.82663888712));
#1475 = CARTESIAN_POINT('',(6.439111738739E+03,-17.75923279698,
    311.83711935999));
#1476 = CARTESIAN_POINT('',(6.439017103229E+03,-17.88609606927,
    311.84768133631));
#1477 = CARTESIAN_POINT('',(6.438922079859E+03,-18.01266901712,
    311.85832720145));
#1478 = CARTESIAN_POINT('',(6.438826657668E+03,-18.13894146957,
    311.86905771921));
#1479 = CARTESIAN_POINT('',(6.438730839716E+03,-18.26491376578,
    311.87987207076));
#1480 = CARTESIAN_POINT('',(6.43863464086E+03,-18.39059532878,
    311.89076807109));
#1481 = CARTESIAN_POINT('',(6.438538083809E+03,-18.51600185482,
    311.90174258707));
#1482 = CARTESIAN_POINT('',(6.438441193056E+03,-18.64115072142,
    311.9127922546));
#1483 = CARTESIAN_POINT('',(6.43834398788E+03,-18.7660555156,
    311.92391413716));
#1484 = CARTESIAN_POINT('',(6.438246486669E+03,-18.89072934895,
    311.93510577317));
#1485 = CARTESIAN_POINT('',(6.438148708023E+03,-19.01518594657,
    311.94636306616));
#1486 = CARTESIAN_POINT('',(6.438050670931E+03,-19.13943911559,
    311.95768767518));
#1487 = CARTESIAN_POINT('',(6.437952394933E+03,-19.26350311684,
    311.96908329729));
#1488 = CARTESIAN_POINT('',(6.437853899743E+03,-19.38739313126,
    311.98054625671));
#1489 = CARTESIAN_POINT('',(6.437755205629E+03,-19.51112469212,
    311.9920747673));
#1490 = CARTESIAN_POINT('',(6.437656333156E+03,-19.63471373991,
    312.00366630585));
#1491 = CARTESIAN_POINT('',(6.437557302664E+03,-19.75817617793,
    312.01531814943));
#1492 = CARTESIAN_POINT('',(6.437458139113E+03,-19.88153175897,
    312.02702750459));
#1493 = CARTESIAN_POINT('',(6.437358867557E+03,-20.00480049375,
    312.03879140026));
#1494 = CARTESIAN_POINT('',(6.437259504746E+03,-20.12799579162,
    312.05060784351));
#1495 = CARTESIAN_POINT('',(6.437160054723E+03,-20.25112084158,
    312.06247632247));
#1496 = CARTESIAN_POINT('',(6.437060505923E+03,-20.3741662037,
    312.07439819305));
#1497 = CARTESIAN_POINT('',(6.436960830766E+03,-20.49710938955,
    312.08637675376));
#1498 = CARTESIAN_POINT('',(6.436860987456E+03,-20.61991620164,
    312.09841708016));
#1499 = CARTESIAN_POINT('',(6.436760924471E+03,-20.74254425408,
    312.11052544383));
#1500 = CARTESIAN_POINT('',(6.436660586688E+03,-20.86494777756,
    312.12270883373));
#1501 = CARTESIAN_POINT('',(6.436559919336E+03,-20.98708027746,
    312.13497831471));
#1502 = CARTESIAN_POINT('',(6.436458872788E+03,-21.10889920352,
    312.14733960994));
#1503 = CARTESIAN_POINT('',(6.436357407843E+03,-21.23036977611,
    312.15979819546));
#1504 = CARTESIAN_POINT('',(6.436255500297E+03,-21.35146912771,
    312.17235753153));
#1505 = CARTESIAN_POINT('',(6.436153142132E+03,-21.47218770542,
    312.18501860661));
#1506 = CARTESIAN_POINT('',(6.436050340761E+03,-21.59252892945,
    312.19778113227));
#1507 = CARTESIAN_POINT('',(6.435947115818E+03,-21.71250689728,
    312.21064317699));
#1508 = CARTESIAN_POINT('',(6.435843494516E+03,-21.8321426448,
    312.22360185287));
#1509 = CARTESIAN_POINT('',(6.435739503522E+03,-21.95145717388,
    312.23665427944));
#1510 = CARTESIAN_POINT('',(6.435635163989E+03,-22.0704669984,
    312.24979823744));
#1511 = CARTESIAN_POINT('',(6.435530497159E+03,-22.18918903682,
    312.26303141572));
#1512 = CARTESIAN_POINT('',(6.435425524445E+03,-22.30764066921,
    312.2763516001));
#1513 = CARTESIAN_POINT('',(6.4353202675E+03,-22.42583989699,
    312.28975591938));
#1514 = CARTESIAN_POINT('',(6.435214748455E+03,-22.54380522441,
    312.30324359126));
#1515 = CARTESIAN_POINT('',(6.435108990013E+03,-22.66155573635,
    312.31681543051));
#1516 = CARTESIAN_POINT('',(6.435003014517E+03,-22.77911087074,
    312.33046780488));
#1517 = CARTESIAN_POINT('',(6.434896846006E+03,-22.89649162194,
    312.34419807654));
#1518 = CARTESIAN_POINT('',(6.434790513923E+03,-23.01372424451,
    312.3580021201));
#1519 = CARTESIAN_POINT('',(6.434684042576E+03,-23.13083053905,
    312.37187654442));
#1520 = CARTESIAN_POINT('',(6.434577444885E+03,-23.24782203068,
    312.38581974459));
#1521 = CARTESIAN_POINT('',(6.434470717763E+03,-23.36469569595,
    312.3998321017));
#1522 = CARTESIAN_POINT('',(6.434363840229E+03,-23.48143208088,
    312.41391638913));
#1523 = CARTESIAN_POINT('',(6.434256773872E+03,-23.59799554794,
    312.42807772321));
#1524 = CARTESIAN_POINT('',(6.434149466663E+03,-23.71433754419,
    312.44232310755));
#1525 = CARTESIAN_POINT('',(6.434041857322E+03,-23.83040033478,
    312.45666087872));
#1526 = CARTESIAN_POINT('',(6.43393387793E+03,-23.9461190392,
    312.47110038659));
#1527 = CARTESIAN_POINT('',(6.433825472562E+03,-24.06143893279,
    312.48564948233));
#1528 = CARTESIAN_POINT('',(6.433716601359E+03,-24.17631866586,
    312.50031944927));
#1529 = CARTESIAN_POINT('',(6.433607246695E+03,-24.29073793619,
    312.51511237607));
#1530 = CARTESIAN_POINT('',(6.433497415228E+03,-24.40469920049,
    312.53002828194));
#1531 = CARTESIAN_POINT('',(6.433387136378E+03,-24.51822721637,
    312.54506350897));
#1532 = CARTESIAN_POINT('',(6.43327645694E+03,-24.63136443122,
    312.56021180953));
#1533 = CARTESIAN_POINT('',(6.433165436141E+03,-24.7441664727,
    312.57546561975));
#1534 = CARTESIAN_POINT('',(6.433054141019E+03,-24.85669790763,
    312.59081604009));
#1535 = CARTESIAN_POINT('',(6.432942623566E+03,-24.96900920501,
    312.60625614359));
#1536 = CARTESIAN_POINT('',(6.432830919873E+03,-25.08113558319,
    312.62178110912));
#1537 = CARTESIAN_POINT('',(6.43271904298E+03,-25.19308954608,
    312.63738921535));
#1538 = CARTESIAN_POINT('',(6.432606980326E+03,-25.30485801187,
    312.65308247691));
#1539 = CARTESIAN_POINT('',(6.432494694016E+03,-25.41640239652,
    312.66886585392));
#1540 = CARTESIAN_POINT('',(6.432382126926E+03,-25.52766393581,
    312.68474952584));
#1541 = CARTESIAN_POINT('',(6.432269206143E+03,-25.63856636887,
    312.70074919555));
#1542 = CARTESIAN_POINT('',(6.432155855402E+03,-25.74902928279,
    312.71687466414));
#1543 = CARTESIAN_POINT('',(6.432042016987E+03,-25.8589894054,
    312.73313502352));
#1544 = CARTESIAN_POINT('',(6.431927648632E+03,-25.96839804256,
    312.74953623003));
#1545 = CARTESIAN_POINT('',(6.431812729355E+03,-26.07722756351,
    312.76608179958));
#1546 = CARTESIAN_POINT('',(6.431697259345E+03,-26.18547221104,
    312.7827722691));
#1547 = CARTESIAN_POINT('',(6.43158125762E+03,-26.2931465042,
    312.79960541768));
#1548 = CARTESIAN_POINT('',(6.431464756745E+03,-26.4002802829,
    312.81657699787));
#1549 = CARTESIAN_POINT('',(6.431347795912E+03,-26.50691163156,
    312.83368171389));
#1550 = CARTESIAN_POINT('',(6.431230409682E+03,-26.61307450543,
    312.85091483231));
#1551 = CARTESIAN_POINT('',(6.431112626873E+03,-26.71879735784,
    312.86827246685));
#1552 = CARTESIAN_POINT('',(6.430994476349E+03,-26.82410963996,
    312.88575034638));
#1553 = CARTESIAN_POINT('',(6.430875986205E+03,-26.92903885259,
    312.90335520886));
#1554 = CARTESIAN_POINT('',(6.430757183098E+03,-27.03361341045,
    312.92108095969));
#1555 = CARTESIAN_POINT('',(6.430638091809E+03,-27.13785947805,
    312.93892401925));
#1556 = CARTESIAN_POINT('',(6.43051874074E+03,-27.24180794543,
    312.95687905649));
#1557 = CARTESIAN_POINT('',(6.430399161521E+03,-27.34549396547,
    312.97494067035));
#1558 = CARTESIAN_POINT('',(6.430279378331E+03,-27.44894453388,
    312.99310457698));
#1559 = CARTESIAN_POINT('',(6.430159401281E+03,-27.55217059165,
    313.01136854513));
#1560 = CARTESIAN_POINT('',(6.430039222355E+03,-27.65516200347,
    313.02973310806));
#1561 = CARTESIAN_POINT('',(6.429918813662E+03,-27.75788518095,
    313.04820179485));
#1562 = CARTESIAN_POINT('',(6.429798130042E+03,-27.86028574126,
    313.06678109682));
#1563 = CARTESIAN_POINT('',(6.429677110585E+03,-27.96229004937,
    313.08547911841));
#1564 = CARTESIAN_POINT('',(6.42955568332E+03,-28.0638091649,
    313.10430921422));
#1565 = CARTESIAN_POINT('',(6.429433788431E+03,-28.16476528528,
    313.12329150319));
#1566 = CARTESIAN_POINT('',(6.429311383036E+03,-28.26510151232,
    313.14243025921));
#1567 = CARTESIAN_POINT('',(6.429188441699E+03,-28.36477992197,
    313.16173034243));
#1568 = CARTESIAN_POINT('',(6.429064957572E+03,-28.46378476969,
    313.18119230419));
#1569 = CARTESIAN_POINT('',(6.428940939868E+03,-28.5621200383,
    313.20081499818));
#1570 = CARTESIAN_POINT('',(6.428816410136E+03,-28.65980578173,
    313.22059511531));
#1571 = CARTESIAN_POINT('',(6.428691397787E+03,-28.75687306231,
    313.24052805152));
#1572 = CARTESIAN_POINT('',(6.428565928196E+03,-28.85334866222,
    313.26060978907));
#1573 = CARTESIAN_POINT('',(6.428440018205E+03,-28.94924891747,
    313.28083745599));
#1574 = CARTESIAN_POINT('',(6.428313679979E+03,-29.04458460099,
    313.30120945491));
#1575 = CARTESIAN_POINT('',(6.428186919894E+03,-29.13935981974,
    313.32172293409));
#1576 = CARTESIAN_POINT('',(6.428059741075E+03,-29.23357163115,
    313.34238966858));
#1577 = CARTESIAN_POINT('',(6.427932140553E+03,-29.32721136013,
    313.36320944142));
#1578 = CARTESIAN_POINT('',(6.427804109812E+03,-29.42026187876,
    313.38418385921));
#1579 = CARTESIAN_POINT('',(6.42767564352E+03,-29.51270997695,
    313.40531314163));
#1580 = CARTESIAN_POINT('',(6.427546744738E+03,-29.60455379744,
    313.42659674667));
#1581 = CARTESIAN_POINT('',(6.42741742569E+03,-29.69580452226,
    313.44803255166));
#1582 = CARTESIAN_POINT('',(6.427287708945E+03,-29.78648857446,
    313.46961666497));
#1583 = CARTESIAN_POINT('',(6.427157625554E+03,-29.87664537075,
    313.49134372828));
#1584 = CARTESIAN_POINT('',(6.427027218266E+03,-29.96633265939,
    313.51320622545));
#1585 = CARTESIAN_POINT('',(6.426896539594E+03,-30.05562444773,
    313.53519525317));
#1586 = CARTESIAN_POINT('',(6.426765631964E+03,-30.14458197694,
    313.55730204791));
#1587 = CARTESIAN_POINT('',(6.426634519373E+03,-30.23323651003,
    313.57953610722));
#1588 = CARTESIAN_POINT('',(6.426503202556E+03,-30.32158880564,
    313.60189479878));
#1589 = CARTESIAN_POINT('',(6.426371658502E+03,-30.40960322065,
    313.62438161733));
#1590 = CARTESIAN_POINT('',(6.42623984351E+03,-30.4972123785,
    313.647002625));
#1591 = CARTESIAN_POINT('',(6.42610768817E+03,-30.58430784497,
    313.66976915647));
#1592 = CARTESIAN_POINT('',(6.425975116832E+03,-30.67076855788,
    313.6926936334));
#1593 = CARTESIAN_POINT('',(6.425842076344E+03,-30.75650485237,
    313.71578482368));
#1594 = CARTESIAN_POINT('',(6.425708543952E+03,-30.84147205112,
    313.73904614926));
#1595 = CARTESIAN_POINT('',(6.425574523903E+03,-30.92566693193,
    313.7624768624));
#1596 = CARTESIAN_POINT('',(6.42544004453E+03,-31.00912602301,
    313.7860699799));
#1597 = CARTESIAN_POINT('',(6.425305160494E+03,-31.09192891204,
    313.80982111251));
#1598 = CARTESIAN_POINT('',(6.425169947545E+03,-31.17419195292,
    313.83372696225));
#1599 = CARTESIAN_POINT('',(6.425034472933E+03,-31.25602406373,
    313.85777245591));
#1600 = CARTESIAN_POINT('',(6.424898772561E+03,-31.337482467,
    313.88195077329));
#1601 = CARTESIAN_POINT('',(6.42476285157E+03,-31.41857366504,
    313.90625995789));
#1602 = CARTESIAN_POINT('',(6.424626683461E+03,-31.49925077824,
    313.93070410682));
#1603 = CARTESIAN_POINT('',(6.424490210905E+03,-31.5794134489,
    313.95529283616));
#1604 = CARTESIAN_POINT('',(6.424353344778E+03,-31.65890335109,
    313.98004169181));
#1605 = CARTESIAN_POINT('',(6.424215986472E+03,-31.73753972556,
    314.00496814073));
#1606 = CARTESIAN_POINT('',(6.424078063515E+03,-31.81518121796,
    314.03008518539));
#1607 = CARTESIAN_POINT('',(6.423939539139E+03,-31.89174510742,
    314.05539921074));
#1608 = CARTESIAN_POINT('',(6.423800408507E+03,-31.96719826582,
    314.08092671728));
#1609 = CARTESIAN_POINT('',(6.423660692326E+03,-32.04155972475,
    314.106661155));
#1610 = CARTESIAN_POINT('',(6.423520434484E+03,-32.11489311691,
    314.13259434342));
#1611 = CARTESIAN_POINT('',(6.423379691891E+03,-32.18729132111,
    314.15871477418));
#1612 = CARTESIAN_POINT('',(6.423238518757E+03,-32.25884644533,
    314.18501176015));
#1613 = CARTESIAN_POINT('',(6.423096955088E+03,-32.32962594212,
    314.21147696472));
#1614 = CARTESIAN_POINT('',(6.422955032934E+03,-32.39968394161,
    314.23810343533));
#1615 = CARTESIAN_POINT('',(6.422812778676E+03,-32.46906534217,
    314.26488522944));
#1616 = CARTESIAN_POINT('',(6.422670212684E+03,-32.53780493675,
    314.29181722792));
#1617 = CARTESIAN_POINT('',(6.42252735135E+03,-32.60593075895,
    314.31889583379));
#1618 = CARTESIAN_POINT('',(6.422384211891E+03,-32.67346722534,
    314.34613432725));
#1619 = CARTESIAN_POINT('',(6.422240809772E+03,-32.7404435697,
    314.37352529685));
#1620 = CARTESIAN_POINT('',(6.422097162125E+03,-32.80689148141,
    314.40106459033));
#1621 = CARTESIAN_POINT('',(6.4219532851E+03,-32.87284109176,
    314.4287474354));
#1622 = CARTESIAN_POINT('',(6.421809196431E+03,-32.93832679525,
    314.45656902446));
#1623 = CARTESIAN_POINT('',(6.42166491634E+03,-33.00338976671,
    314.48452395242));
#1624 = CARTESIAN_POINT('',(6.421520460845E+03,-33.06806286565,
    314.51260742871));
#1625 = CARTESIAN_POINT('',(6.421375837394E+03,-33.13236034165,
    314.54081686515));
#1626 = CARTESIAN_POINT('',(6.421231041639E+03,-33.19627157547,
    314.56914974887));
#1627 = CARTESIAN_POINT('',(6.421086058693E+03,-33.25975880447,
    314.59761387227));
#1628 = CARTESIAN_POINT('',(6.4209408621E+03,-33.32275446805,
    314.62622440367));
#1629 = CARTESIAN_POINT('',(6.420795411484E+03,-33.38516150645,
    314.6549857172));
#1630 = CARTESIAN_POINT('',(6.420649668844E+03,-33.4468831182,
    314.68390476707));
#1631 = CARTESIAN_POINT('',(6.420503610098E+03,-33.50785200553,
    314.7129858906));
#1632 = CARTESIAN_POINT('',(6.420357228497E+03,-33.5680406035,
    314.74223002755));
#1633 = CARTESIAN_POINT('',(6.420210529971E+03,-33.62745141622,
    314.77163561149));
#1634 = CARTESIAN_POINT('',(6.420063533803E+03,-33.68612093757,
    314.80119820297));
#1635 = CARTESIAN_POINT('',(6.419916271042E+03,-33.74411810957,
    314.83091150508));
#1636 = CARTESIAN_POINT('',(6.419768769371E+03,-33.80150785066,
    314.86076762102));
#1637 = CARTESIAN_POINT('',(6.419621044444E+03,-33.85832056691,
    314.89077242137));
#1638 = CARTESIAN_POINT('',(6.419473090879E+03,-33.91453578179,
    314.9209280029));
#1639 = CARTESIAN_POINT('',(6.419324888631E+03,-33.9700943274,
    314.95123698178));
#1640 = CARTESIAN_POINT('',(6.419176397917E+03,-34.0248792737,
    314.98170801098));
#1641 = CARTESIAN_POINT('',(6.419027563841E+03,-34.07872503542,
    315.01235305354));
#1642 = CARTESIAN_POINT('',(6.418878338796E+03,-34.1314764888,
    315.04318272582));
#1643 = CARTESIAN_POINT('',(6.418728700672E+03,-34.18304216319,
    315.07420240414));
#1644 = CARTESIAN_POINT('',(6.418578658037E+03,-34.23341592381,
    315.10541147181));
#1645 = CARTESIAN_POINT('',(6.418428242294E+03,-34.28266246177,
    315.13680325891));
#1646 = CARTESIAN_POINT('',(6.418277509113E+03,-34.33092586109,
    315.16837061705));
#1647 = CARTESIAN_POINT('',(6.418126528093E+03,-34.37840490017,
    315.20010428608));
#1648 = CARTESIAN_POINT('',(6.417975364773E+03,-34.42530133188,
    315.23198733916));
#1649 = CARTESIAN_POINT('',(6.417824066602E+03,-34.47176295199,
    315.26400935023));
#1650 = CARTESIAN_POINT('',(6.417672660918E+03,-34.51787473239,
    315.29616474903));
#1651 = CARTESIAN_POINT('',(6.417521160201E+03,-34.56367503179,
    315.32845086618));
#1652 = CARTESIAN_POINT('',(6.4173695608E+03,-34.60914886143,
    315.36086849966));
#1653 = CARTESIAN_POINT('',(6.417217849005E+03,-34.65424670629,
    315.39342061671));
#1654 = CARTESIAN_POINT('',(6.417066009758E+03,-34.69891332445,
    315.42611048548));
#1655 = CARTESIAN_POINT('',(6.416914036562E+03,-34.74312204023,
    315.45893969852));
#1656 = CARTESIAN_POINT('',(6.416761932511E+03,-34.78687629472,
    315.49191193508));
#1657 = CARTESIAN_POINT('',(6.416609705242E+03,-34.8301990046,
    315.52502482864));
#1658 = CARTESIAN_POINT('',(6.416457371697E+03,-34.87314657465,
    315.55827544112));
#1659 = CARTESIAN_POINT('',(6.416304951535E+03,-34.91578619474,
    315.59166162514));
#1660 = CARTESIAN_POINT('',(6.416152459484E+03,-34.9581693237,
    315.6251818786));
#1661 = CARTESIAN_POINT('',(6.41599989878E+03,-35.00030632106,
    315.65883729902));
#1662 = CARTESIAN_POINT('',(6.415847261117E+03,-35.04216554248,
    315.69263151327));
#1663 = CARTESIAN_POINT('',(6.415694526376E+03,-35.08367106108,
    315.72657080889));
#1664 = CARTESIAN_POINT('',(6.415541662255E+03,-35.12469832261,
    315.76066429321));
#1665 = CARTESIAN_POINT('',(6.415388634793E+03,-35.1651100986,
    315.79492259057));
#1666 = CARTESIAN_POINT('',(6.415235417446E+03,-35.20479465998,
    315.82934982441));
#1667 = CARTESIAN_POINT('',(6.415081999047E+03,-35.24369374946,
    315.86394823438));
#1668 = CARTESIAN_POINT('',(6.414928380088E+03,-35.28179173108,
    315.89871862616));
#1669 = CARTESIAN_POINT('',(6.414774569166E+03,-35.31910595292,
    315.93365964315));
#1670 = CARTESIAN_POINT('',(6.414620580252E+03,-35.35567757502,
    315.96876876727));
#1671 = CARTESIAN_POINT('',(6.414466431631E+03,-35.39156946353,
    316.00404239407));
#1672 = CARTESIAN_POINT('',(6.414312142177E+03,-35.42685124556,
    316.03947683857));
#1673 = CARTESIAN_POINT('',(6.414157730416E+03,-35.46159533466,
    316.07506802415));
#1674 = CARTESIAN_POINT('',(6.414003218944E+03,-35.49588787614,
    316.11081929597));
#1675 = CARTESIAN_POINT('',(6.413848633393E+03,-35.52984402242,
    316.14672155621));
#1676 = CARTESIAN_POINT('',(6.413694002157E+03,-35.5635920692,
    316.18276796963));
#1677 = CARTESIAN_POINT('',(6.413539350212E+03,-35.59724644749,
    316.21895253051));
#1678 = CARTESIAN_POINT('',(6.413384694418E+03,-35.63088497207,
    316.25527102971));
#1679 = CARTESIAN_POINT('',(6.413230041668E+03,-35.66453951899,
    316.29172152791));
#1680 = CARTESIAN_POINT('',(6.413075388713E+03,-35.69819616508,
    316.32830459115));
#1681 = CARTESIAN_POINT('',(6.412920720398E+03,-35.73179078513,
    316.36502315145));
#1682 = CARTESIAN_POINT('',(6.412766015788E+03,-35.7652334897,
    316.40188335727));
#1683 = CARTESIAN_POINT('',(6.412611266989E+03,-35.79843648488,
    316.43894172898));
#1684 = CARTESIAN_POINT('',(6.412456458782E+03,-35.83135552821,
    316.4761725617));
#1685 = CARTESIAN_POINT('',(6.412301587154E+03,-35.86397205401,
    316.51356332251));
#1686 = CARTESIAN_POINT('',(6.412146655895E+03,-35.89630304327,
    316.55109548427));
#1687 = CARTESIAN_POINT('',(6.411991674565E+03,-35.92839323145,
    316.58875023234));
#1688 = CARTESIAN_POINT('',(6.411836653608E+03,-35.96029520624,
    316.62650787346));
#1689 = CARTESIAN_POINT('',(6.411681581082E+03,-35.99195197826,
    316.66435536058));
#1690 = CARTESIAN_POINT('',(6.41152642507E+03,-36.02322335209,
    316.70228020723));
#1691 = CARTESIAN_POINT('',(6.411371153344E+03,-36.05395015275,
    316.74028605648));
#1692 = CARTESIAN_POINT('',(6.411215858878E+03,-36.08445599796,
    316.77849063729));
#1693 = CARTESIAN_POINT('',(6.411060669386E+03,-36.11549778537,
    316.81679583067));
#1694 = CARTESIAN_POINT('',(6.410905723143E+03,-36.1477847073,
    316.85514230949));
#1695 = CARTESIAN_POINT('',(6.410750869495E+03,-36.18055334377,
    316.89353099343));
#1696 = CARTESIAN_POINT('',(6.410595620769E+03,-36.21142994336,
    316.93205025536));
#1697 = CARTESIAN_POINT('',(6.410439610721E+03,-36.23809583075,
    316.97075634226));
#1698 = CARTESIAN_POINT('',(6.410283130778E+03,-36.26163777112,
    317.00954570269));
#1699 = CARTESIAN_POINT('',(6.410126886179E+03,-36.2868627211,
    317.0481968624));
#1700 = CARTESIAN_POINT('',(6.40997115836E+03,-36.31521082566,
    317.08665124411));
#1701 = CARTESIAN_POINT('',(6.40981609332E+03,-36.34687418099,
    317.12503622382));
#1702 = CARTESIAN_POINT('',(6.409662212017E+03,-36.38399792888,
    317.16314536965));
#1703 = CARTESIAN_POINT('',(6.409510045336E+03,-36.42769833502,
    317.20082793019));
#1704 = CARTESIAN_POINT('',(6.409359228935E+03,-36.47580571322,
    317.23814146573));
#1705 = CARTESIAN_POINT('',(6.409208952789E+03,-36.52550087585,
    317.27525895289));
#1706 = CARTESIAN_POINT('',(6.409058798221E+03,-36.5754528438,
    317.31225487724));
#1707 = CARTESIAN_POINT('',(6.408909377996E+03,-36.62760084069,
    317.34895061851));
#1708 = CARTESIAN_POINT('',(6.408761671564E+03,-36.68455468441,
    317.38507895014));
#1709 = CARTESIAN_POINT('',(6.408615206806E+03,-36.74462307207,
    317.42073975694));
#1710 = CARTESIAN_POINT('',(6.40846949387E+03,-36.80638773818,
    317.45622380263));
#1711 = CARTESIAN_POINT('',(6.408325064655E+03,-36.87111848172,
    317.49133779856));
#1712 = CARTESIAN_POINT('',(6.408182293343E+03,-36.93945495813,
    317.52597659082));
#1713 = CARTESIAN_POINT('',(6.408041023935E+03,-37.01083314377,
    317.56015298821));
#1714 = CARTESIAN_POINT('',(6.407901362332E+03,-37.08529985945,
    317.5938212027));
#1715 = CARTESIAN_POINT('',(6.407763411214E+03,-37.16286624429,
    317.62693728601));
#1716 = CARTESIAN_POINT('',(6.407627782705E+03,-37.2444484064,
    317.65933776634));
#1717 = CARTESIAN_POINT('',(6.407495504487E+03,-37.33141110731,
    317.69076660153));
#1718 = CARTESIAN_POINT('',(6.407366869742E+03,-37.42367165063,
    317.72114667575));
#1719 = CARTESIAN_POINT('',(6.407242108545E+03,-37.52110030951,
    317.75042844072));
#1720 = CARTESIAN_POINT('',(6.407122841704E+03,-37.62526374605,
    317.77835797155));
#1721 = CARTESIAN_POINT('',(6.407010705104E+03,-37.73710589604,
    317.80453009668));
#1722 = CARTESIAN_POINT('',(6.40690499011E+03,-37.85504324578,
    317.82912368196));
#1723 = CARTESIAN_POINT('',(6.406806525303E+03,-37.97901886409,
    317.85195405715));
#1724 = CARTESIAN_POINT('',(6.406712407151E+03,-38.10636602424,
    317.87370101379));
#1725 = CARTESIAN_POINT('',(6.406630777769E+03,-38.24224580463,
    317.89249885967));
#1726 = CARTESIAN_POINT('',(6.406554567737E+03,-38.38099628167,
    317.90999454439));
#1727 = CARTESIAN_POINT('',(6.406483385967E+03,-38.52236877227,
    317.92628449998));
#1728 = CARTESIAN_POINT('',(6.406419286038E+03,-38.66717410198,
    317.94090889839));
#1729 = CARTESIAN_POINT('',(6.406367530923E+03,-38.81695624615,
    317.95268478903));
#1730 = CARTESIAN_POINT('',(6.406327014405E+03,-38.97010782346,
    317.96188361404));
#1731 = CARTESIAN_POINT('',(6.406297516932E+03,-39.12579154311,
    317.96856915722));
#1732 = CARTESIAN_POINT('',(6.40627823121E+03,-39.28292134855,
    317.97293536942));
#1733 = CARTESIAN_POINT('',(6.406257026994E+03,-39.49307145216,
    317.97773150384));
#1734 = CARTESIAN_POINT('',(6.406265276483E+03,-39.65198597281,
    317.97586554585));
#1735 = CARTESIAN_POINT('',(6.406273362413E+03,-39.75696959708,
    317.97403648281));
#1736 = CARTESIAN_POINT('',(6.45106556403E+03,0.414479176754,
    310.837090035));
#1737 = CARTESIAN_POINT('',(6.406273362413E+03,-39.75696959708,
    317.97403648281));
#1738 = ( GEOMETRIC_REPRESENTATION_CONTEXT(3) 
GLOBAL_UNCERTAINTY_ASSIGNED_CONTEXT((#1742)) 
GLOBAL_UNIT_ASSIGNED_CONTEXT((#1739,#1740,#1741)) REPRESENTATION_CONTEXT
('Context #1','3D Context with UNIT and UNCERTAINTY') );
#1739 = ( LENGTH_UNIT() NAMED_UNIT(*) SI_UNIT(.MILLI.,.METRE.) );
#1740 = ( NAMED_UNIT(*) PLANE_ANGLE_UNIT() SI_UNIT($,.RADIAN.) );
#1741 = ( NAMED_UNIT(*) SI_UNIT($,.STERADIAN.) SOLID_ANGLE_UNIT() );
#1742 = UNCERTAINTY_MEASURE_WITH_UNIT(LENGTH_MEASURE(1.E-07),#1739,
  'distance_accuracy_value','confusion accuracy');
#1743 = CONTEXT_DEPENDENT_SHAPE_REPRESENTATION(#1744,#1746);
#1744 = ( REPRESENTATION_RELATIONSHIP('','',#1332,#10) 
REPRESENTATION_RELATIONSHIP_WITH_TRANSFORMATION(#1745) 
SHAPE_REPRESENTATION_RELATIONSHIP() );
#1745 = ITEM_DEFINED_TRANSFORMATION('','',#11,#27);
#1746 = PRODUCT_DEFINITION_SHAPE('Placement','Placement of an item',
  #1747);
#1747 = NEXT_ASSEMBLY_USAGE_OCCURRENCE('24','','',#5,#1327,$);
#1748 = PRODUCT_RELATED_PRODUCT_CATEGORY('part',$,(#1329));
#1749 = SHAPE_DEFINITION_REPRESENTATION(#1750,#1756);
#1750 = PRODUCT_DEFINITION_SHAPE('','',#1751);
#1751 = PRODUCT_DEFINITION('design','',#1752,#1755);
#1752 = PRODUCT_DEFINITION_FORMATION('','',#1753);
#1753 = PRODUCT('Open CASCADE STEP translator 7.8 3.5',
  'Open CASCADE STEP translator 7.8 3.5','',(#1754));
#1754 = PRODUCT_CONTEXT('',#2,'mechanical');
#1755 = PRODUCT_DEFINITION_CONTEXT('part definition',#2,'design');
#1756 = GEOMETRICALLY_BOUNDED_WIREFRAME_SHAPE_REPRESENTATION('',(#11,
    #1757),#2162);
#1757 = GEOMETRIC_CURVE_SET('',(#1758));
#1758 = TRIMMED_CURVE('',#1759,(#2160,PARAMETER_VALUE(0.)),(#2161,
    PARAMETER_VALUE(1.)),.T.,.PARAMETER.);
#1759 = B_SPLINE_CURVE_WITH_KNOTS('',3,(#1760,#1761,#1762,#1763,#1764,
    #1765,#1766,#1767,#1768,#1769,#1770,#1771,#1772,#1773,#1774,#1775,
    #1776,#1777,#1778,#1779,#1780,#1781,#1782,#1783,#1784,#1785,#1786,
    #1787,#1788,#1789,#1790,#1791,#1792,#1793,#1794,#1795,#1796,#1797,
    #1798,#1799,#1800,#1801,#1802,#1803,#1804,#1805,#1806,#1807,#1808,
    #1809,#1810,#1811,#1812,#1813,#1814,#1815,#1816,#1817,#1818,#1819,
    #1820,#1821,#1822,#1823,#1824,#1825,#1826,#1827,#1828,#1829,#1830,
    #1831,#1832,#1833,#1834,#1835,#1836,#1837,#1838,#1839,#1840,#1841,
    #1842,#1843,#1844,#1845,#1846,#1847,#1848,#1849,#1850,#1851,#1852,
    #1853,#1854,#1855,#1856,#1857,#1858,#1859,#1860,#1861,#1862,#1863,
    #1864,#1865,#1866,#1867,#1868,#1869,#1870,#1871,#1872,#1873,#1874,
    #1875,#1876,#1877,#1878,#1879,#1880,#1881,#1882,#1883,#1884,#1885,
    #1886,#1887,#1888,#1889,#1890,#1891,#1892,#1893,#1894,#1895,#1896,
    #1897,#1898,#1899,#1900,#1901,#1902,#1903,#1904,#1905,#1906,#1907,
    #1908,#1909,#1910,#1911,#1912,#1913,#1914,#1915,#1916,#1917,#1918,
    #1919,#1920,#1921,#1922,#1923,#1924,#1925,#1926,#1927,#1928,#1929,
    #1930,#1931,#1932,#1933,#1934,#1935,#1936,#1937,#1938,#1939,#1940,
    #1941,#1942,#1943,#1944,#1945,#1946,#1947,#1948,#1949,#1950,#1951,
    #1952,#1953,#1954,#1955,#1956,#1957,#1958,#1959,#1960,#1961,#1962,
    #1963,#1964,#1965,#1966,#1967,#1968,#1969,#1970,#1971,#1972,#1973,
    #1974,#1975,#1976,#1977,#1978,#1979,#1980,#1981,#1982,#1983,#1984,
    #1985,#1986,#1987,#1988,#1989,#1990,#1991,#1992,#1993,#1994,#1995,
    #1996,#1997,#1998,#1999,#2000,#2001,#2002,#2003,#2004,#2005,#2006,
    #2007,#2008,#2009,#2010,#2011,#2012,#2013,#2014,#2015,#2016,#2017,
    #2018,#2019,#2020,#2021,#2022,#2023,#2024,#2025,#2026,#2027,#2028,
    #2029,#2030,#2031,#2032,#2033,#2034,#2035,#2036,#2037,#2038,#2039,
    #2040,#2041,#2042,#2043,#2044,#2045,#2046,#2047,#2048,#2049,#2050,
    #2051,#2052,#2053,#2054,#2055,#2056,#2057,#2058,#2059,#2060,#2061,
    #2062,#2063,#2064,#2065,#2066,#2067,#2068,#2069,#2070,#2071,#2072,
    #2073,#2074,#2075,#2076,#2077,#2078,#2079,#2080,#2081,#2082,#2083,
    #2084,#2085,#2086,#2087,#2088,#2089,#2090,#2091,#2092,#2093,#2094,
    #2095,#2096,#2097,#2098,#2099,#2100,#2101,#2102,#2103,#2104,#2105,
    #2106,#2107,#2108,#2109,#2110,#2111,#2112,#2113,#2114,#2115,#2116,
    #2117,#2118,#2119,#2120,#2121,#2122,#2123,#2124,#2125,#2126,#2127,
    #2128,#2129,#2130,#2131,#2132,#2133,#2134,#2135,#2136,#2137,#2138,
    #2139,#2140,#2141,#2142,#2143,#2144,#2145,#2146,#2147,#2148,#2149,
    #2150,#2151,#2152,#2153,#2154,#2155,#2156,#2157,#2158,#2159),
  .UNSPECIFIED.,.F.,.F.,(4,1,1,1,1,1,1,1,1,1,1,1,1,1,1,1,1,1,1,1,1,1,1,1
    ,1,1,1,1,1,1,1,1,1,1,1,1,1,1,1,1,1,1,1,1,1,1,1,1,1,1,1,1,1,1,1,1,1,1
    ,1,1,1,1,1,1,1,1,1,1,1,1,1,1,1,1,1,1,1,1,1,1,1,1,1,1,1,1,1,1,1,1,1,1
    ,1,1,1,1,1,1,1,1,1,1,1,1,1,1,1,1,1,1,1,1,1,1,1,1,1,1,1,1,1,1,1,1,1,1
    ,1,1,1,1,1,1,1,1,1,1,1,1,1,1,1,1,1,1,1,1,1,1,1,1,1,1,1,1,1,1,1,1,1,1
    ,1,1,1,1,1,1,1,1,1,1,1,1,1,1,1,1,1,1,1,1,1,1,1,1,1,1,1,1,1,1,1,1,1,1
    ,1,1,1,1,1,1,1,1,1,1,1,1,1,1,1,1,1,1,1,1,1,1,1,1,1,1,1,1,1,1,1,1,1,1
    ,1,1,1,1,1,1,1,1,1,1,1,1,1,1,1,1,1,1,1,1,1,1,1,1,1,1,1,1,1,1,1,1,1,1
    ,1,1,1,1,1,1,1,1,1,1,1,1,1,1,1,1,1,1,1,1,1,1,1,1,1,1,1,1,1,1,1,1,1,1
    ,1,1,1,1,1,1,1,1,1,1,1,1,1,1,1,1,1,1,1,1,1,1,1,1,1,1,1,1,1,1,1,1,1,1
    ,1,1,1,1,1,1,1,1,1,1,1,1,1,1,1,1,1,1,1,1,1,1,1,1,1,1,1,1,1,1,1,1,1,1
    ,1,1,1,1,1,1,1,1,1,1,1,1,1,1,1,1,1,1,1,1,1,1,1,1,1,1,1,1,1,1,1,1,1,4
    ),(0.,5.011228768641E-03,7.51702003888E-03,1.002289108869E-02,
    1.252880440788E-02,1.50348132066E-02,1.754095709208E-02,
    2.004725222181E-02,2.255363647975E-02,2.50600674278E-02,
    2.756650746494E-02,3.007296138368E-02,3.257944907238E-02,
    3.508599496204E-02,3.759261160664E-02,4.00992913454E-02,
    4.260601249648E-02,4.511275748963E-02,4.761951960087E-02,
    5.012629899259E-02,5.263309439604E-02,5.513990508869E-02,
    5.764672776345E-02,6.015355803081E-02,6.266039173065E-02,
    6.51672283066E-02,6.767406753025E-02,7.01809092718E-02,
    7.268775336301E-02,7.519460146783E-02,7.770145589209E-02,
    8.020831326649E-02,8.27151688525E-02,8.52220178952E-02,
    8.772886200419E-02,9.02357031377E-02,9.27425434983E-02,
    9.52493862522E-02,9.775623465117E-02,0.100263083091,0.102769925542,
    0.105276756446,0.107783580158,0.110290402174,0.112797229565,
    0.115304069633,0.117810921422,0.120317780743,0.122824647104,
    0.125331531955,0.127838453007,0.130345427081,0.132852468015,
    0.135359577785,0.137866747553,0.140373967968,0.142881238489,
    0.145388567908,0.147895966138,0.150403446051,0.152911016294,
    0.155418678965,0.157926429916,0.160434264633,0.162942179702,
    0.165450170802,0.167958241252,0.170466393443,0.172974627154,
    0.175482931871,0.17799129595,0.180499707704,0.183008164409,
    0.185516672191,0.188025235831,0.190533849624,0.193042497346,
    0.195551162428,0.198059831576,0.200568507603,0.20307719493,
    0.205585894586,0.208094591732,0.210603270396,0.213111915357,
    0.215620524581,0.218129103488,0.220637657609,0.223146180777,
    0.225654660887,0.228163086964,0.230671451776,0.233179758323,
    0.235688010961,0.238196212326,0.240704357111,0.2432124408,
    0.245720459503,0.248228413254,0.250736305242,0.253244138862,
    0.255751915596,0.258259635881,0.26076730177,0.263274915339,
    0.265782480011,0.268289998673,0.270797472163,0.273304899274,
    0.27581227883,0.278319611103,0.280826896606,0.283334137766,
    0.285841337066,0.288348495447,0.290855611715,0.2933626847,
    0.295869714649,0.298376702264,0.300883650096,0.30339056197,
    0.305897441129,0.30840428883,0.310911105211,0.313417890788,
    0.315924646097,0.318431371469,0.320938068433,0.323444738655,
    0.325951382894,0.328458000483,0.330964590804,0.333471154206,
    0.335977691232,0.338484202558,0.340990689995,0.343497155384,
    0.346003599619,0.348510022032,0.351016421914,0.353522799424,
    0.356029155259,0.358535490407,0.361041806588,0.363548106232,
    0.366054391479,0.368560663058,0.371066920623,0.373573163679,
    0.376079392138,0.378585605974,0.381091805205,0.383597990299,
    0.386104162388,0.388610322586,0.391116471251,0.393622607877,
    0.396128731979,0.398634843503,0.401140942729,0.403647030112,
    0.406153106244,0.408659172306,0.411165229735,0.413671279795,
    0.416177322873,0.418683358819,0.421189387367,0.423695408315,
    0.426201421475,0.428707426674,0.431213423781,0.433719412982,
    0.436225395003,0.438731370604,0.441237340245,0.443743303786,
    0.446249261087,0.448755212062,0.451261156737,0.453767095122,
    0.456273027209,0.458778952967,0.461284872584,0.463790786617,
    0.466296695605,0.468802599847,0.471308499217,0.473814393656,
    0.476320283204,0.478826168034,0.481332048332,0.483837924278,
    0.486343796025,0.488849663714,0.491355527683,0.493861388431,
    0.496367246394,0.498873101713,0.501378954238,0.503884803815,
    0.506390650322,0.508896493707,0.511402333943,0.513908171016,
    0.516414004925,0.518919835687,0.521425663358,0.523931488229,
    0.526437310626,0.528943130822,0.531448948834,0.533954764577,
    0.536460578016,0.538966389186,0.541472198222,0.543978005265,
    0.546483810433,0.54898961383,0.551495415546,0.554001215672,
    0.556507014354,0.559012811823,0.561518608292,0.564024403881,
    0.566530198548,0.569035992169,0.571541784633,0.57404757589,
    0.576553365978,0.579059154939,0.581564942814,0.584070729646,
    0.58657651548,0.589082300359,0.591588084336,0.594093867532,
    0.596599650078,0.599105432092,0.601611213611,0.604116994594,
    0.606622774973,0.609128554696,0.611634333788,0.614140112313,
    0.61664589033,0.619151667886,0.621657445017,0.624163221756,
    0.626668998134,0.629174774181,0.631680549938,0.634186325477,
    0.636692100861,0.639197876134,0.641703651298,0.644209426301,
    0.646715201073,0.649220975548,0.651726749718,0.654232523602,
    0.656738297218,0.659244070582,0.66174984371,0.664255616619,
    0.666761389323,0.669267161837,0.671772934174,0.67427870637,
    0.67678447847,0.679290250519,0.681796022538,0.684301794537,
    0.686807566489,0.689313338361,0.69181911012,0.694324881768,
    0.696830653317,0.699336424779,0.701842196162,0.704347967469,
    0.706853738702,0.709359509862,0.71186528095,0.714371051969,
    0.716876822919,0.719382593806,0.721888364637,0.724394135419,
    0.726899906158,0.72940567686,0.731911447534,0.734417218196,
    0.736922988852,0.739428759503,0.74193453014,0.744440300756,
    0.746946071346,0.749451841902,0.751957612418,0.754463382889,
    0.756969153307,0.75947492367,0.76198069397,0.764486464203,
    0.766992234348,0.769498004389,0.772003774311,0.774509544115,
    0.777015313805,0.779521083407,0.782026852957,0.784532622489,
    0.787038392012,0.789544161527,0.792049931034,0.794555700533,
    0.797061470021,0.799567239495,0.80207300895,0.804578778382,
    0.807084547788,0.809590317163,0.812096086505,0.814601855806,
    0.817107625045,0.819613394205,0.822119163274,0.824624932255,
    0.827130701155,0.829636469993,0.832142238795,0.834648007582,
    0.837153776358,0.83965954512,0.842165313867,0.844671082594,
    0.847176851301,0.849682619985,0.852188388645,0.854694157282,
    0.857199925897,0.859705694493,0.862211463072,0.864717231635,
    0.867223000176,0.869728768693,0.872234537185,0.874740305658,
    0.877246074124,0.879751842589,0.882257611059,0.884763379535,
    0.887269148017,0.889774916505,0.892280684999,0.894786453503,
    0.897292222015,0.89979799054,0.902303759076,0.904809527627,
    0.907315296195,0.90982106478,0.912326833385,0.914832602012,
    0.917338370666,0.919844139364,0.922349908123,0.924855676959,
    0.927361445876,0.929867214877,0.932372983957,0.934878753122,
    0.937384522389,0.939890291784,0.942396061316,0.944901830978,
    0.947407600749,0.949913370612,0.952419140555,0.954924910572,
    0.957430680659,0.959936450799,0.962442220905,0.964947990818,
    0.967453760469,0.96995953003,0.972465299838,0.974971069754,
    0.977476840539,0.979982614315,0.982488359391,0.984994103343,
    0.987499825854,0.990005358772,0.992509423931,0.99500985043,1.),
  .UNSPECIFIED.);
#1760 = CARTESIAN_POINT('',(6.40370675346E+03,-40.94750105991,
    346.19827019655));
#1761 = CARTESIAN_POINT('',(6.403715885001E+03,-41.0901023584,
    346.1987136923));
#1762 = CARTESIAN_POINT('',(6.40374848486E+03,-41.30213700689,
    346.20029704286));
#1763 = CARTESIAN_POINT('',(6.40381313164E+03,-41.58027734321,
    346.20342628213));
#1764 = CARTESIAN_POINT('',(6.403869748209E+03,-41.78683907403,
    346.2061604099));
#1765 = CARTESIAN_POINT('',(6.403936453527E+03,-41.99042523293,
    346.20937294297));
#1766 = CARTESIAN_POINT('',(6.404015803806E+03,-42.18944918685,
    346.21318168335));
#1767 = CARTESIAN_POINT('',(6.404106464267E+03,-42.38351990249,
    346.2175157213));
#1768 = CARTESIAN_POINT('',(6.404205103174E+03,-42.57362196106,
    346.22220944237));
#1769 = CARTESIAN_POINT('',(6.404309861279E+03,-42.76038307669,
    346.22716917026));
#1770 = CARTESIAN_POINT('',(6.404415339855E+03,-42.94672330965,
    346.23213497731));
#1771 = CARTESIAN_POINT('',(6.404520445536E+03,-43.13328286339,
    346.23705949572));
#1772 = CARTESIAN_POINT('',(6.404628335102E+03,-43.31826335666,
    346.24211610348));
#1773 = CARTESIAN_POINT('',(6.404741420379E+03,-43.50013312209,
    346.24737866573));
#1774 = CARTESIAN_POINT('',(6.404860369397E+03,-43.67822593695,
    346.25288130681));
#1775 = CARTESIAN_POINT('',(6.404985017245E+03,-43.85236932019,
    346.25860810492));
#1776 = CARTESIAN_POINT('',(6.405114167658E+03,-44.0231767577,
    346.2644987928));
#1777 = CARTESIAN_POINT('',(6.4052457341E+03,-44.19212096696,
    346.27045362273));
#1778 = CARTESIAN_POINT('',(6.405379471991E+03,-44.35935654187,
    346.27645847805));
#1779 = CARTESIAN_POINT('',(6.405515749995E+03,-44.52452922858,
    346.28252576046));
#1780 = CARTESIAN_POINT('',(6.405654335318E+03,-44.6877690299,
    346.28864292136));
#1781 = CARTESIAN_POINT('',(6.405795109371E+03,-44.84912509882,
    346.2947944802));
#1782 = CARTESIAN_POINT('',(6.405937930547E+03,-45.00867095291,
    346.30099444992));
#1783 = CARTESIAN_POINT('',(6.406082700875E+03,-45.166449188,
    346.30724676487));
#1784 = CARTESIAN_POINT('',(6.406229363386E+03,-45.32247079329,
    346.31350143697));
#1785 = CARTESIAN_POINT('',(6.406377903817E+03,-45.47670584798,
    346.31976855971));
#1786 = CARTESIAN_POINT('',(6.406528342169E+03,-45.62909074011,
    346.32604411324));
#1787 = CARTESIAN_POINT('',(6.406680715797E+03,-45.77954094128,
    346.33232910602));
#1788 = CARTESIAN_POINT('',(6.406835052031E+03,-45.92797756159,
    346.3386225134));
#1789 = CARTESIAN_POINT('',(6.406991371482E+03,-46.07432459872,
    346.34492519005));
#1790 = CARTESIAN_POINT('',(6.407149690571E+03,-46.21850688003,
    346.35123090631));
#1791 = CARTESIAN_POINT('',(6.407310016254E+03,-46.36045449681,
    346.35755872997));
#1792 = CARTESIAN_POINT('',(6.407472347026E+03,-46.50010321701,
    346.36393257766));
#1793 = CARTESIAN_POINT('',(6.407636677276E+03,-46.63739543596,
    346.37026494737));
#1794 = CARTESIAN_POINT('',(6.407802994911E+03,-46.77227355389,
    346.37658383374));
#1795 = CARTESIAN_POINT('',(6.407971289506E+03,-46.90467721102,
    346.38288769386));
#1796 = CARTESIAN_POINT('',(6.408141568756E+03,-47.03451912441,
    346.38918428966));
#1797 = CARTESIAN_POINT('',(6.40831382672E+03,-47.16172450355,
    346.3954794838));
#1798 = CARTESIAN_POINT('',(6.408488019703E+03,-47.28626672749,
    346.40177828149));
#1799 = CARTESIAN_POINT('',(6.408664053994E+03,-47.40819111963,
    346.40808706135));
#1800 = CARTESIAN_POINT('',(6.40884178381E+03,-47.52762587234,
    346.41444541909));
#1801 = CARTESIAN_POINT('',(6.409021034552E+03,-47.64476646777,
    346.42072632718));
#1802 = CARTESIAN_POINT('',(6.409201585332E+03,-47.75989108615,
    346.42697274666));
#1803 = CARTESIAN_POINT('',(6.409383220215E+03,-47.87329617962,
    346.43319073597));
#1804 = CARTESIAN_POINT('',(6.409565814069E+03,-47.98515043649,
    346.43940039684));
#1805 = CARTESIAN_POINT('',(6.409749369323E+03,-48.09542079422,
    346.44562613904));
#1806 = CARTESIAN_POINT('',(6.409934021222E+03,-48.20384699505,
    346.4518912025));
#1807 = CARTESIAN_POINT('',(6.410120044185E+03,-48.30990640535,
    346.45825098013));
#1808 = CARTESIAN_POINT('',(6.410307820551E+03,-48.41284049734,
    346.46461899189));
#1809 = CARTESIAN_POINT('',(6.410497637181E+03,-48.51197166232,
    346.4709950901));
#1810 = CARTESIAN_POINT('',(6.410689585709E+03,-48.60691243668,
    346.47743390131));
#1811 = CARTESIAN_POINT('',(6.410883591698E+03,-48.69757241213,
    346.48397112901));
#1812 = CARTESIAN_POINT('',(6.411079413775E+03,-48.78423125407,
    346.49064463302));
#1813 = CARTESIAN_POINT('',(6.4112767074E+03,-48.86747476293,
    346.49748606601));
#1814 = CARTESIAN_POINT('',(6.411475159726E+03,-48.94790602703,
    346.50454291394));
#1815 = CARTESIAN_POINT('',(6.411674580295E+03,-49.0259027333,
    346.51174668365));
#1816 = CARTESIAN_POINT('',(6.411874852186E+03,-49.10168937347,
    346.51903886773));
#1817 = CARTESIAN_POINT('',(6.412075912466E+03,-49.17535910028,
    346.52645815635));
#1818 = CARTESIAN_POINT('',(6.412277746036E+03,-49.24688422365,
    346.53401927736));
#1819 = CARTESIAN_POINT('',(6.412480369285E+03,-49.31614230319,
    346.5417482357));
#1820 = CARTESIAN_POINT('',(6.412683814056E+03,-49.38295226328,
    346.5496597726));
#1821 = CARTESIAN_POINT('',(6.412888141514E+03,-49.44701297852,
    346.55781075423));
#1822 = CARTESIAN_POINT('',(6.413093444889E+03,-49.5078797131,
    346.56618033753));
#1823 = CARTESIAN_POINT('',(6.413299788846E+03,-49.5651275484,
    346.57473761665));
#1824 = CARTESIAN_POINT('',(6.413507163273E+03,-49.6185240381,
    346.58347732664));
#1825 = CARTESIAN_POINT('',(6.41371549137E+03,-49.66806608672,
    346.59238219045));
#1826 = CARTESIAN_POINT('',(6.413924651304E+03,-49.71396245766,
    346.60143824734));
#1827 = CARTESIAN_POINT('',(6.414134504553E+03,-49.75657405571,
    346.61061556925));
#1828 = CARTESIAN_POINT('',(6.414344929528E+03,-49.79625079761,
    346.61998661159));
#1829 = CARTESIAN_POINT('',(6.41455585076E+03,-49.83319398452,
    346.62951349234));
#1830 = CARTESIAN_POINT('',(6.414767219141E+03,-49.86748513922,
    346.63917603552));
#1831 = CARTESIAN_POINT('',(6.414979002177E+03,-49.89911598289,
    346.64894989983));
#1832 = CARTESIAN_POINT('',(6.415191176632E+03,-49.92800801982,
    346.65881753602));
#1833 = CARTESIAN_POINT('',(6.415403719818E+03,-49.95406536192,
    346.66873903167));
#1834 = CARTESIAN_POINT('',(6.415616600384E+03,-49.97720810864,
    346.67875562286));
#1835 = CARTESIAN_POINT('',(6.415829786887E+03,-49.99732424269,
    346.68890867008));
#1836 = CARTESIAN_POINT('',(6.41604324834E+03,-50.01428079131,
    346.69914946654));
#1837 = CARTESIAN_POINT('',(6.41625694393E+03,-50.02797758547,
    346.70945318606));
#1838 = CARTESIAN_POINT('',(6.416470825351E+03,-50.0383790186,
    346.71978738098));
#1839 = CARTESIAN_POINT('',(6.416684840824E+03,-50.04551931244,
    346.73012280933));
#1840 = CARTESIAN_POINT('',(6.416898939975E+03,-50.04950496143,
    346.74042305878));
#1841 = CARTESIAN_POINT('',(6.417113070978E+03,-50.05046364384,
    346.75079425322));
#1842 = CARTESIAN_POINT('',(6.417327194403E+03,-50.04847987823,
    346.7611843114));
#1843 = CARTESIAN_POINT('',(6.417541270631E+03,-50.04356873367,
    346.7715714204));
#1844 = CARTESIAN_POINT('',(6.417755259124E+03,-50.03570864887,
    346.78192438089));
#1845 = CARTESIAN_POINT('',(6.41796911758E+03,-50.02486704515,
    346.79222224618));
#1846 = CARTESIAN_POINT('',(6.418182805607E+03,-50.01103321447,
    346.80241266886));
#1847 = CARTESIAN_POINT('',(6.418396279869E+03,-49.99423423069,
    346.81256871349));
#1848 = CARTESIAN_POINT('',(6.418609502179E+03,-49.97450815994,
    346.82269932217));
#1849 = CARTESIAN_POINT('',(6.418822436169E+03,-49.95188103093,
    346.83276899903));
#1850 = CARTESIAN_POINT('',(6.419035042908E+03,-49.92636120617,
    346.842760353));
#1851 = CARTESIAN_POINT('',(6.419247282177E+03,-49.89794557275,
    346.85265194729));
#1852 = CARTESIAN_POINT('',(6.419459113944E+03,-49.86663188479,
    346.86242178105));
#1853 = CARTESIAN_POINT('',(6.419670498646E+03,-49.83242272939,
    346.87205572149));
#1854 = CARTESIAN_POINT('',(6.419881394831E+03,-49.79532988478,
    346.88162016217));
#1855 = CARTESIAN_POINT('',(6.420091765958E+03,-49.75536644621,
    346.89108034974));
#1856 = CARTESIAN_POINT('',(6.420301571808E+03,-49.71253394075,
    346.90043047335));
#1857 = CARTESIAN_POINT('',(6.420510768741E+03,-49.66681910857,
    346.90966001098));
#1858 = CARTESIAN_POINT('',(6.420719304584E+03,-49.61817597164,
    346.91876193345));
#1859 = CARTESIAN_POINT('',(6.420927121101E+03,-49.56654207423,
    346.92771934604));
#1860 = CARTESIAN_POINT('',(6.421134161396E+03,-49.51187876501,
    346.93655306471));
#1861 = CARTESIAN_POINT('',(6.421340381492E+03,-49.45420082168,
    346.94527571377));
#1862 = CARTESIAN_POINT('',(6.421545760683E+03,-49.39359761623,
    346.9538686174));
#1863 = CARTESIAN_POINT('',(6.421750308467E+03,-49.33024759999,
    346.9623380612));
#1864 = CARTESIAN_POINT('',(6.421954054429E+03,-49.26436675471,
    346.97068643686));
#1865 = CARTESIAN_POINT('',(6.422157023193E+03,-49.19613052725,
    346.9789181076));
#1866 = CARTESIAN_POINT('',(6.422359225157E+03,-49.125654619,
    346.98703241707));
#1867 = CARTESIAN_POINT('',(6.422560655316E+03,-49.05300354078,
    346.99504987087));
#1868 = CARTESIAN_POINT('',(6.422761293215E+03,-48.97819294588,
    347.00296975882));
#1869 = CARTESIAN_POINT('',(6.422961104266E+03,-48.90120008157,
    347.0107752123));
#1870 = CARTESIAN_POINT('',(6.423160047777E+03,-48.82199200731,
    347.01846977162));
#1871 = CARTESIAN_POINT('',(6.423358072165E+03,-48.74051247652,
    347.02605192486));
#1872 = CARTESIAN_POINT('',(6.423555111267E+03,-48.65667716809,
    347.03352198962));
#1873 = CARTESIAN_POINT('',(6.423751090545E+03,-48.57039167417,
    347.04087544373));
#1874 = CARTESIAN_POINT('',(6.423945941706E+03,-48.48158821567,
    347.04813380167));
#1875 = CARTESIAN_POINT('',(6.424139611587E+03,-48.39023756053,
    347.05529454114));
#1876 = CARTESIAN_POINT('',(6.424332062091E+03,-48.29634476986,
    347.06234072472));
#1877 = CARTESIAN_POINT('',(6.424523261674E+03,-48.19993017061,
    347.06927350695));
#1878 = CARTESIAN_POINT('',(6.424713182412E+03,-48.10102033765,
    347.07609086593));
#1879 = CARTESIAN_POINT('',(6.424901804317E+03,-47.99965580235,
    347.08279341616));
#1880 = CARTESIAN_POINT('',(6.425089125485E+03,-47.89590727794,
    347.08937681384));
#1881 = CARTESIAN_POINT('',(6.425275174516E+03,-47.78989568861,
    347.09585935779));
#1882 = CARTESIAN_POINT('',(6.425460023536E+03,-47.68180749015,
    347.10225403564));
#1883 = CARTESIAN_POINT('',(6.42564378748E+03,-47.57188608328,
    347.10855192612));
#1884 = CARTESIAN_POINT('',(6.425826569782E+03,-47.46034083315,
    347.11475438246));
#1885 = CARTESIAN_POINT('',(6.42600843191E+03,-47.34730203998,
    347.12086508773));
#1886 = CARTESIAN_POINT('',(6.42618938915E+03,-47.23282031927,
    347.12688492616));
#1887 = CARTESIAN_POINT('',(6.426369408765E+03,-47.11686934495,
    347.13281407389));
#1888 = CARTESIAN_POINT('',(6.426548414584E+03,-46.99935832616,
    347.13864899435));
#1889 = CARTESIAN_POINT('',(6.426726326995E+03,-46.88019829598,
    347.14440782524));
#1890 = CARTESIAN_POINT('',(6.426903092104E+03,-46.75934290895,
    347.15008903693));
#1891 = CARTESIAN_POINT('',(6.427078672399E+03,-46.63677225379,
    347.15567955211));
#1892 = CARTESIAN_POINT('',(6.427253049315E+03,-46.51249553971,
    347.16117890312));
#1893 = CARTESIAN_POINT('',(6.427426222562E+03,-46.38654717527,
    347.16658738095));
#1894 = CARTESIAN_POINT('',(6.427598201242E+03,-46.25897266556,
    347.1719053691));
#1895 = CARTESIAN_POINT('',(6.427768985405E+03,-46.12980345043,
    347.17713374151));
#1896 = CARTESIAN_POINT('',(6.427938567808E+03,-45.99906021043,
    347.18227039672));
#1897 = CARTESIAN_POINT('',(6.428106932321E+03,-45.86675264057,
    347.18733586125));
#1898 = CARTESIAN_POINT('',(6.428274055243E+03,-45.73288030369,
    347.19232908678));
#1899 = CARTESIAN_POINT('',(6.42843989564E+03,-45.59742211864,
    347.19724011377));
#1900 = CARTESIAN_POINT('',(6.428604409917E+03,-45.46035615269,
    347.20206491672));
#1901 = CARTESIAN_POINT('',(6.428767575652E+03,-45.32168761109,
    347.20680351202));
#1902 = CARTESIAN_POINT('',(6.428929402632E+03,-45.18145931215,
    347.21145583193));
#1903 = CARTESIAN_POINT('',(6.429089941287E+03,-45.03975839182,
    347.21602399269));
#1904 = CARTESIAN_POINT('',(6.429249280592E+03,-44.8967106872,
    347.22050826977));
#1905 = CARTESIAN_POINT('',(6.429407550663E+03,-44.75248155277,
    347.22492063811));
#1906 = CARTESIAN_POINT('',(6.429564879693E+03,-44.60722723898,
    347.22927705034));
#1907 = CARTESIAN_POINT('',(6.429721362628E+03,-44.46106226675,
    347.2335780012));
#1908 = CARTESIAN_POINT('',(6.429877054896E+03,-44.31405541326,
    347.23781518535));
#1909 = CARTESIAN_POINT('',(6.430031963817E+03,-44.16622328726,
    347.24198941597));
#1910 = CARTESIAN_POINT('',(6.430186056684E+03,-44.01754058456,
    347.24610000778));
#1911 = CARTESIAN_POINT('',(6.430339273581E+03,-43.86795514942,
    347.25014560486));
#1912 = CARTESIAN_POINT('',(6.430491559944E+03,-43.71742231157,
    347.25412551096));
#1913 = CARTESIAN_POINT('',(6.43064287171E+03,-43.56590962546,
    347.25803758902));
#1914 = CARTESIAN_POINT('',(6.430793168032E+03,-43.41338941198,
    347.26188650783));
#1915 = CARTESIAN_POINT('',(6.430942414754E+03,-43.25984205021,
    347.26568469591));
#1916 = CARTESIAN_POINT('',(6.43109058329E+03,-43.10525403466,
    347.26942971454));
#1917 = CARTESIAN_POINT('',(6.431237647836E+03,-42.94961525997,
    347.273114748));
#1918 = CARTESIAN_POINT('',(6.431383570803E+03,-42.79290548349,
    347.27673613072));
#1919 = CARTESIAN_POINT('',(6.431528318753E+03,-42.6351096549,
    347.28029343168));
#1920 = CARTESIAN_POINT('',(6.431671882342E+03,-42.47623556888,
    347.28378614082));
#1921 = CARTESIAN_POINT('',(6.43181428547E+03,-42.31632068154,
    347.28721450651));
#1922 = CARTESIAN_POINT('',(6.431955589811E+03,-42.15543435266,
    347.29058079458));
#1923 = CARTESIAN_POINT('',(6.432095888378E+03,-41.99367043491,
    347.29388365184));
#1924 = CARTESIAN_POINT('',(6.43223529556E+03,-41.83113812433,
    347.29713948632));
#1925 = CARTESIAN_POINT('',(6.432373929674E+03,-41.66794628775,
    347.30035473137));
#1926 = CARTESIAN_POINT('',(6.43251189285E+03,-41.50418708894,
    347.30353059109));
#1927 = CARTESIAN_POINT('',(6.432649256591E+03,-41.33992483914,
    347.30666369575));
#1928 = CARTESIAN_POINT('',(6.432786052076E+03,-41.17518906788,
    347.30975289662));
#1929 = CARTESIAN_POINT('',(6.432922271778E+03,-41.00997682858,
    347.31279726418));
#1930 = CARTESIAN_POINT('',(6.433057878326E+03,-40.84426085816,
    347.31579499138));
#1931 = CARTESIAN_POINT('',(6.433192824212E+03,-40.67800636685,
    347.31874409725));
#1932 = CARTESIAN_POINT('',(6.433327069398E+03,-40.51118548752,
    347.32164321287));
#1933 = CARTESIAN_POINT('',(6.433460578032E+03,-40.34377442612,
    347.3244896959));
#1934 = CARTESIAN_POINT('',(6.433593324384E+03,-40.17575818963,
    347.32728659437));
#1935 = CARTESIAN_POINT('',(6.433725296027E+03,-40.00713286859,
    347.33004749158));
#1936 = CARTESIAN_POINT('',(6.433856494153E+03,-39.83790505639,
    347.33276803953));
#1937 = CARTESIAN_POINT('',(6.433986930656E+03,-39.66808956685,
    347.33544808162));
#1938 = CARTESIAN_POINT('',(6.434116621359E+03,-39.49770382816,
    347.33808325188));
#1939 = CARTESIAN_POINT('',(6.43424558117E+03,-39.32676426401,
    347.34067397875));
#1940 = CARTESIAN_POINT('',(6.434373824051E+03,-39.155286214,
    347.34321961693));
#1941 = CARTESIAN_POINT('',(6.434501356252E+03,-38.98327896742,
    347.34571971208));
#1942 = CARTESIAN_POINT('',(6.434628172841E+03,-38.81074342426,
    347.34817343173));
#1943 = CARTESIAN_POINT('',(6.434754256293E+03,-38.63767136126,
    347.35058019916));
#1944 = CARTESIAN_POINT('',(6.434879578039E+03,-38.46404683874,
    347.35293766424));
#1945 = CARTESIAN_POINT('',(6.435004102322E+03,-38.28984938665,
    347.35524944546));
#1946 = CARTESIAN_POINT('',(6.435127793691E+03,-38.11505954019,
    347.35752782779));
#1947 = CARTESIAN_POINT('',(6.435250609799E+03,-37.939653502,
    347.35976780693));
#1948 = CARTESIAN_POINT('',(6.435372513917E+03,-37.76361237996,
    347.36196919956));
#1949 = CARTESIAN_POINT('',(6.435493491192E+03,-37.58693302131,
    347.36412756595));
#1950 = CARTESIAN_POINT('',(6.43561355573E+03,-37.40963220314,
    347.36624298533));
#1951 = CARTESIAN_POINT('',(6.435732753024E+03,-37.23174731743,
    347.36831557426));
#1952 = CARTESIAN_POINT('',(6.435851154444E+03,-37.05333186466,
    347.37034602442));
#1953 = CARTESIAN_POINT('',(6.435968845038E+03,-36.87444686572,
    347.37233524977));
#1954 = CARTESIAN_POINT('',(6.436085903255E+03,-36.69514753708,
    347.37428379605));
#1955 = CARTESIAN_POINT('',(6.436202415203E+03,-36.51549286556,
    347.37619311648));
#1956 = CARTESIAN_POINT('',(6.436318462362E+03,-36.33553764796,
    347.37806142128));
#1957 = CARTESIAN_POINT('',(6.436434103954E+03,-36.15532159244,
    347.37989811269));
#1958 = CARTESIAN_POINT('',(6.436549370071E+03,-35.97486521746,
    347.3817108473));
#1959 = CARTESIAN_POINT('',(6.436664259744E+03,-35.79416893523,
    347.38349653208));
#1960 = CARTESIAN_POINT('',(6.436778747035E+03,-35.61321741868,
    347.38525487039));
#1961 = CARTESIAN_POINT('',(6.436892792779E+03,-35.4319872417,
    347.38698158434));
#1962 = CARTESIAN_POINT('',(6.437006364911E+03,-35.25045985529,
    347.38867578308));
#1963 = CARTESIAN_POINT('',(6.437119433499E+03,-35.06861836218,
    347.39033635973));
#1964 = CARTESIAN_POINT('',(6.437231967138E+03,-34.88644529147,
    347.39196231958));
#1965 = CARTESIAN_POINT('',(6.437343936399E+03,-34.70392475831,
    347.39355271728));
#1966 = CARTESIAN_POINT('',(6.437455314567E+03,-34.52104289519,
    347.39510674717));
#1967 = CARTESIAN_POINT('',(6.437566078255E+03,-34.33778818499,
    347.39662354069));
#1968 = CARTESIAN_POINT('',(6.437676206943E+03,-34.15415113046,
    347.39810291211));
#1969 = CARTESIAN_POINT('',(6.437785682126E+03,-33.97012367613,
    347.3995425333));
#1970 = CARTESIAN_POINT('',(6.437894484693E+03,-33.78569776952,
    347.40095596103));
#1971 = CARTESIAN_POINT('',(6.438002595215E+03,-33.60086531686,
    347.40234155488));
#1972 = CARTESIAN_POINT('',(6.438109988681E+03,-33.41561528022,
    347.40369900883));
#1973 = CARTESIAN_POINT('',(6.438216639827E+03,-33.22993686347,
    347.4050272751));
#1974 = CARTESIAN_POINT('',(6.438322535756E+03,-33.04382667378,
    347.40632094025));
#1975 = CARTESIAN_POINT('',(6.438427682474E+03,-32.85729220412,
    347.40758158443));
#1976 = CARTESIAN_POINT('',(6.438532107235E+03,-32.67035267324,
    347.40880966096));
#1977 = CARTESIAN_POINT('',(6.43863585647E+03,-32.48303746996,
    347.41000618585));
#1978 = CARTESIAN_POINT('',(6.438738989411E+03,-32.29538231863,
    347.4111721703));
#1979 = CARTESIAN_POINT('',(6.438841564211E+03,-32.10742156271,
    347.41230861228));
#1980 = CARTESIAN_POINT('',(6.43894363462E+03,-31.91918648192,
    347.41341630526));
#1981 = CARTESIAN_POINT('',(6.439045259368E+03,-31.73071048008,
    347.41449641741));
#1982 = CARTESIAN_POINT('',(6.439146500683E+03,-31.54202826894,
    347.41554872665));
#1983 = CARTESIAN_POINT('',(6.439247409589E+03,-31.35316809709,
    347.4165779646));
#1984 = CARTESIAN_POINT('',(6.439348018514E+03,-31.16414798641,
    347.4175927457));
#1985 = CARTESIAN_POINT('',(6.439448337633E+03,-30.97497390878,
    347.41859104983));
#1986 = CARTESIAN_POINT('',(6.439548356728E+03,-30.78564103265,
    347.41957409843));
#1987 = CARTESIAN_POINT('',(6.439648051079E+03,-30.59613694756,
    347.42053927494));
#1988 = CARTESIAN_POINT('',(6.439747394218E+03,-30.40644847733,
    347.42147937255));
#1989 = CARTESIAN_POINT('',(6.439846365643E+03,-30.21656578269,
    347.42239644252));
#1990 = CARTESIAN_POINT('',(6.439944944129E+03,-30.02647877791,
    347.42329026232));
#1991 = CARTESIAN_POINT('',(6.440043107749E+03,-29.83617718141,
    347.4241612236));
#1992 = CARTESIAN_POINT('',(6.440140834657E+03,-29.64565093061,
    347.42500956774));
#1993 = CARTESIAN_POINT('',(6.440238104877E+03,-29.45489110479,
    347.42583559781));
#1994 = CARTESIAN_POINT('',(6.440334901024E+03,-29.26389027209,
    347.42663966288));
#1995 = CARTESIAN_POINT('',(6.440431208511E+03,-29.07264256607,
    347.4274220359));
#1996 = CARTESIAN_POINT('',(6.440527015107E+03,-28.88114343349,
    347.42818340991));
#1997 = CARTESIAN_POINT('',(6.440622309909E+03,-28.68938908268,
    347.42892299808));
#1998 = CARTESIAN_POINT('',(6.440717081435E+03,-28.49737557304,
    347.42964975414));
#1999 = CARTESIAN_POINT('',(6.440811317327E+03,-28.30509861275,
    347.43036383585));
#2000 = CARTESIAN_POINT('',(6.440905005749E+03,-28.11255428884,
    347.43106529841));
#2001 = CARTESIAN_POINT('',(6.440998131508E+03,-27.91973719376,
    347.43175639124));
#2002 = CARTESIAN_POINT('',(6.441090678306E+03,-27.72664152493,
    347.43243013003));
#2003 = CARTESIAN_POINT('',(6.441182637789E+03,-27.5332654546,
    347.43308398742));
#2004 = CARTESIAN_POINT('',(6.44127401418E+03,-27.33961318535,
    347.43371958909));
#2005 = CARTESIAN_POINT('',(6.441364826098E+03,-27.14569559703,
    347.43433754276));
#2006 = CARTESIAN_POINT('',(6.441455105427E+03,-26.95152952615,
    347.43493880698));
#2007 = CARTESIAN_POINT('',(6.441544893238E+03,-26.75713571452,
    347.43552428621));
#2008 = CARTESIAN_POINT('',(6.441634230673E+03,-26.5625345455,
    347.43609486563));
#2009 = CARTESIAN_POINT('',(6.441723155783E+03,-26.36774464413,
    347.4366513794));
#2010 = CARTESIAN_POINT('',(6.441811707574E+03,-26.1727847745,
    347.43719460287));
#2011 = CARTESIAN_POINT('',(6.44189992495E+03,-25.97767338251,
    347.43772540873));
#2012 = CARTESIAN_POINT('',(6.44198785142E+03,-25.78243074202,
    347.43824418958));
#2013 = CARTESIAN_POINT('',(6.442075527682E+03,-25.58707562786,
    347.4387530815));
#2014 = CARTESIAN_POINT('',(6.442162983976E+03,-25.39162195649,
    347.43925846621));
#2015 = CARTESIAN_POINT('',(6.442250236644E+03,-25.19607730342,
    347.43975950731));
#2016 = CARTESIAN_POINT('',(6.442337287543E+03,-25.00044274413,
    347.44025631255));
#2017 = CARTESIAN_POINT('',(6.442424126614E+03,-24.80471407019,
    347.4407511307));
#2018 = CARTESIAN_POINT('',(6.442510737575E+03,-24.60888433776,
    347.44123541419));
#2019 = CARTESIAN_POINT('',(6.442597107551E+03,-24.4129481896,
    347.4417070043));
#2020 = CARTESIAN_POINT('',(6.44268322499E+03,-24.21690090998,
    347.44216708455));
#2021 = CARTESIAN_POINT('',(6.442769077937E+03,-24.02073765416,
    347.4426159396));
#2022 = CARTESIAN_POINT('',(6.442854654514E+03,-23.82445366854,
    347.44305409119));
#2023 = CARTESIAN_POINT('',(6.442939942497E+03,-23.62804410669,
    347.4434819909));
#2024 = CARTESIAN_POINT('',(6.443024929683E+03,-23.43150419548,
    347.44390010555));
#2025 = CARTESIAN_POINT('',(6.443109604463E+03,-23.23482948289,
    347.444308888));
#2026 = CARTESIAN_POINT('',(6.443193956065E+03,-23.03801594096,
    347.44470881869));
#2027 = CARTESIAN_POINT('',(6.443277974651E+03,-22.84106000029,
    347.44510027166));
#2028 = CARTESIAN_POINT('',(6.443361651156E+03,-22.64395847882,
    347.44548400596));
#2029 = CARTESIAN_POINT('',(6.443444976967E+03,-22.44670843415,
    347.44585932526));
#2030 = CARTESIAN_POINT('',(6.443527943258E+03,-22.24930689658,
    347.44623122387));
#2031 = CARTESIAN_POINT('',(6.443610540974E+03,-22.05175085124,
    347.44660200659));
#2032 = CARTESIAN_POINT('',(6.443692760991E+03,-21.85403730982,
    347.44697178438));
#2033 = CARTESIAN_POINT('',(6.443774594231E+03,-21.65616336339,
    347.44734078925));
#2034 = CARTESIAN_POINT('',(6.443856031136E+03,-21.45812597016,
    347.44771087047));
#2035 = CARTESIAN_POINT('',(6.443937059089E+03,-21.25992088905,
    347.44807553132));
#2036 = CARTESIAN_POINT('',(6.444017668769E+03,-21.06154532244,
    347.44843402733));
#2037 = CARTESIAN_POINT('',(6.444097858795E+03,-20.86299974916,
    347.44878657104));
#2038 = CARTESIAN_POINT('',(6.444177638251E+03,-20.66428885551,
    347.44913317507));
#2039 = CARTESIAN_POINT('',(6.444257026613E+03,-20.46542140727,
    347.44947396137));
#2040 = CARTESIAN_POINT('',(6.444336051745E+03,-20.2664093601,
    347.44980906633));
#2041 = CARTESIAN_POINT('',(6.444414745102E+03,-20.06726590712,
    347.45013864076));
#2042 = CARTESIAN_POINT('',(6.444493135337E+03,-19.86800295384,
    347.45046281723));
#2043 = CARTESIAN_POINT('',(6.444571250802E+03,-19.6686321376,
    347.45078172058));
#2044 = CARTESIAN_POINT('',(6.444649120096E+03,-19.46916505678,
    347.45109547674));
#2045 = CARTESIAN_POINT('',(6.444726771841E+03,-19.26961319432,
    347.45140418556));
#2046 = CARTESIAN_POINT('',(6.444804234797E+03,-19.0699879811,
    347.45170801887));
#2047 = CARTESIAN_POINT('',(6.444881540773E+03,-18.87030193173,
    347.45200686697));
#2048 = CARTESIAN_POINT('',(6.444958719313E+03,-18.67056659962,
    347.4523018542));
#2049 = CARTESIAN_POINT('',(6.445035792349E+03,-18.47079053596,
    347.45259366948));
#2050 = CARTESIAN_POINT('',(6.445112771903E+03,-18.27097843296,
    347.45288266812));
#2051 = CARTESIAN_POINT('',(6.44518965957E+03,-18.0711309537,
    347.45316940258));
#2052 = CARTESIAN_POINT('',(6.445266448667E+03,-17.87124557615,
    347.45345372132));
#2053 = CARTESIAN_POINT('',(6.445343128257E+03,-17.67131816376,
    347.45373801445));
#2054 = CARTESIAN_POINT('',(6.445419689873E+03,-17.47134554314,
    347.45402267781));
#2055 = CARTESIAN_POINT('',(6.445496125992E+03,-17.27132491848,
    347.45430703691));
#2056 = CARTESIAN_POINT('',(6.445572428799E+03,-17.07125339854,
    347.45459070889));
#2057 = CARTESIAN_POINT('',(6.445648590536E+03,-16.87112813322,
    347.45487323815));
#2058 = CARTESIAN_POINT('',(6.445724603418E+03,-16.67094627945,
    347.45515419455));
#2059 = CARTESIAN_POINT('',(6.445800459591E+03,-16.47070498817,
    347.45543314728));
#2060 = CARTESIAN_POINT('',(6.445876151084E+03,-16.27040138766,
    347.45570967247));
#2061 = CARTESIAN_POINT('',(6.445951670093E+03,-16.07003269057,
    347.4559833515));
#2062 = CARTESIAN_POINT('',(6.446027009129E+03,-15.86959625187,
    347.45625377687));
#2063 = CARTESIAN_POINT('',(6.446102161096E+03,-15.66908959563,
    347.45652053612));
#2064 = CARTESIAN_POINT('',(6.446177119275E+03,-15.46851041078,
    347.45678327364));
#2065 = CARTESIAN_POINT('',(6.446251877227E+03,-15.26785651153,
    347.45704146084));
#2066 = CARTESIAN_POINT('',(6.446326428571E+03,-15.06712575661,
    347.45729525285));
#2067 = CARTESIAN_POINT('',(6.446400766785E+03,-14.86631596955,
    347.45753980399));
#2068 = CARTESIAN_POINT('',(6.446474885338E+03,-14.66542499938,
    347.45777545418));
#2069 = CARTESIAN_POINT('',(6.446548777699E+03,-14.46445071753,
    347.4580018911));
#2070 = CARTESIAN_POINT('',(6.446622437257E+03,-14.26339099127,
    347.45821966503));
#2071 = CARTESIAN_POINT('',(6.446695857617E+03,-14.06224378804,
    347.45842655676));
#2072 = CARTESIAN_POINT('',(6.446769031409E+03,-13.86100675516,
    347.45863157418));
#2073 = CARTESIAN_POINT('',(6.44684194949E+03,-13.65967692361,
    347.45883682435));
#2074 = CARTESIAN_POINT('',(6.446914606522E+03,-13.4582527355,
    347.45904122209));
#2075 = CARTESIAN_POINT('',(6.446987004049E+03,-13.25673513073,
    347.45924457027));
#2076 = CARTESIAN_POINT('',(6.447059151842E+03,-13.05512798675,
    347.45944647241));
#2077 = CARTESIAN_POINT('',(6.447131067617E+03,-12.85343797075,
    347.45964662337));
#2078 = CARTESIAN_POINT('',(6.447202774904E+03,-12.65167374502,
    347.45984472352));
#2079 = CARTESIAN_POINT('',(6.447274298672E+03,-12.44984439795,
    347.46004048621));
#2080 = CARTESIAN_POINT('',(6.447345661439E+03,-12.24795807333,
    347.46023361975));
#2081 = CARTESIAN_POINT('',(6.447416885962E+03,-12.04602294097,
    347.46042383658));
#2082 = CARTESIAN_POINT('',(6.44748799497E+03,-11.84404710695,
    347.46061084631));
#2083 = CARTESIAN_POINT('',(6.447559011231E+03,-11.64203864684,
    347.460794372));
#2084 = CARTESIAN_POINT('',(6.447629957514E+03,-11.44000560222,
    347.46097408472));
#2085 = CARTESIAN_POINT('',(6.447700856591E+03,-11.23795598967,
    347.46114984213));
#2086 = CARTESIAN_POINT('',(6.44777173439E+03,-11.03589891409,
    347.46132080016));
#2087 = CARTESIAN_POINT('',(6.447842614554E+03,-10.83384266562,
    347.46148009215));
#2088 = CARTESIAN_POINT('',(6.447913512815E+03,-10.63179276562,
    347.4616287984));
#2089 = CARTESIAN_POINT('',(6.447984434635E+03,-10.42975113387,
    347.46176605995));
#2090 = CARTESIAN_POINT('',(6.448055374688E+03,-10.22771590338,
    347.46189233565));
#2091 = CARTESIAN_POINT('',(6.448126318959E+03,-10.02568215129,
    347.4620046234));
#2092 = CARTESIAN_POINT('',(6.448197248937E+03,-9.823643382418,
    347.46211460882));
#2093 = CARTESIAN_POINT('',(6.448268148687E+03,-9.621594004513,
    347.46222379166));
#2094 = CARTESIAN_POINT('',(6.448339003273E+03,-9.41952878332,
    347.46233127677));
#2095 = CARTESIAN_POINT('',(6.448409797471E+03,-9.217442395178,
    347.46243681389));
#2096 = CARTESIAN_POINT('',(6.448480516146E+03,-9.015329564486,
    347.4625399842));
#2097 = CARTESIAN_POINT('',(6.448551144055E+03,-8.813184995479,
    347.4626404191));
#2098 = CARTESIAN_POINT('',(6.44862166622E+03,-8.611003508754,
    347.46273774307));
#2099 = CARTESIAN_POINT('',(6.448692066456E+03,-8.408779529991,
    347.46283158789));
#2100 = CARTESIAN_POINT('',(6.448762327103E+03,-8.206507006313,
    347.46292158999));
#2101 = CARTESIAN_POINT('',(6.448832434533E+03,-8.004181324,
    347.46300739662));
#2102 = CARTESIAN_POINT('',(6.44890238192E+03,-7.801800255748,
    347.46308867895));
#2103 = CARTESIAN_POINT('',(6.448972170625E+03,-7.599364414302,
    347.46316509154));
#2104 = CARTESIAN_POINT('',(6.449041809684E+03,-7.396877048205,
    347.46323641976));
#2105 = CARTESIAN_POINT('',(6.449111313648E+03,-7.194343274817,
    347.46330201224));
#2106 = CARTESIAN_POINT('',(6.449180698081E+03,-6.991768524372,
    347.46336287302));
#2107 = CARTESIAN_POINT('',(6.449249976206E+03,-6.78915739474,
    347.46341067415));
#2108 = CARTESIAN_POINT('',(6.449319161511E+03,-6.586514552682,
    347.46344531527));
#2109 = CARTESIAN_POINT('',(6.449388267441E+03,-6.383844629562,
    347.46346649473));
#2110 = CARTESIAN_POINT('',(6.449457307463E+03,-6.181152246846,
    347.46347428849));
#2111 = CARTESIAN_POINT('',(6.44952629508E+03,-5.978442023376,
    347.46346741146));
#2112 = CARTESIAN_POINT('',(6.449595243707E+03,-5.775718536107,
    347.46344959021));
#2113 = CARTESIAN_POINT('',(6.449664167358E+03,-5.572986556142,
    347.46342956664));
#2114 = CARTESIAN_POINT('',(6.449733080022E+03,-5.370250841627,
    347.46340496742));
#2115 = CARTESIAN_POINT('',(6.449801994247E+03,-5.16751565774,
    347.46337627338));
#2116 = CARTESIAN_POINT('',(6.449870920477E+03,-4.964784554774,
    347.46334319785));
#2117 = CARTESIAN_POINT('',(6.449939866797E+03,-4.762060282941,
    347.46330565789));
#2118 = CARTESIAN_POINT('',(6.450008839273E+03,-4.559344908428,
    347.46326351459));
#2119 = CARTESIAN_POINT('',(6.450077842648E+03,-4.35664004926,
    347.46321664284));
#2120 = CARTESIAN_POINT('',(6.450146881884E+03,-4.15394740106,
    347.46316491186));
#2121 = CARTESIAN_POINT('',(6.450215962403E+03,-3.951268818842,
    347.46310818957));
#2122 = CARTESIAN_POINT('',(6.450285089533E+03,-3.748606128778,
    347.46304634245));
#2123 = CARTESIAN_POINT('',(6.45035426862E+03,-3.545961167722,
    347.46297923215));
#2124 = CARTESIAN_POINT('',(6.450423505007E+03,-3.3433357764,
    347.46290672869));
#2125 = CARTESIAN_POINT('',(6.450492804002E+03,-3.140731788447,
    347.46282866046));
#2126 = CARTESIAN_POINT('',(6.450562171041E+03,-2.938151085968,
    347.46274500047));
#2127 = CARTESIAN_POINT('',(6.450631606362E+03,-2.735593775998,
    347.46265517668));
#2128 = CARTESIAN_POINT('',(6.450701113997E+03,-2.53306126942,
    347.46255045477));
#2129 = CARTESIAN_POINT('',(6.450770710703E+03,-2.330559350306,
    347.46243224879));
#2130 = CARTESIAN_POINT('',(6.450840428263E+03,-2.128098999405,
    347.46229979609));
#2131 = CARTESIAN_POINT('',(6.450910320896E+03,-1.925699000381,
    347.46215314255));
#2132 = CARTESIAN_POINT('',(6.450980463814E+03,-1.723385573172,
    347.46199083135));
#2133 = CARTESIAN_POINT('',(6.45105091969E+03,-1.521180895322,
    347.4618171055));
#2134 = CARTESIAN_POINT('',(6.451121713289E+03,-1.319094206752,
    347.46163297686));
#2135 = CARTESIAN_POINT('',(6.451192828225E+03,-1.117120394977,
    347.46143879487));
#2136 = CARTESIAN_POINT('',(6.451264204973E+03,-0.91523899321,
    347.46123526879));
#2137 = CARTESIAN_POINT('',(6.451335758286E+03,-0.713420129575,
    347.46102317299));
#2138 = CARTESIAN_POINT('',(6.451407414595E+03,-0.511637820982,
    347.46080330918));
#2139 = CARTESIAN_POINT('',(6.451479133363E+03,-0.309877706103,
    347.4605764048));
#2140 = CARTESIAN_POINT('',(6.451550902268E+03,-0.108135418763,
    347.46034311404));
#2141 = CARTESIAN_POINT('',(6.451622751022E+03,9.357844952322E-02,
    347.4601039559));
#2142 = CARTESIAN_POINT('',(6.45169469702E+03,0.295257651628,
    347.45985948329));
#2143 = CARTESIAN_POINT('',(6.451766692471E+03,0.496919193865,
    347.45961048276));
#2144 = CARTESIAN_POINT('',(6.451838621838E+03,0.698604324608,
    347.45935797295));
#2145 = CARTESIAN_POINT('',(6.451910245413E+03,0.900398407342,
    347.45910351855));
#2146 = CARTESIAN_POINT('',(6.451981251886E+03,1.10241076609,
    347.458848666));
#2147 = CARTESIAN_POINT('',(6.452051434918E+03,1.304710856823,
    347.45859572458));
#2148 = CARTESIAN_POINT('',(6.452120808586E+03,1.507289655506,
    347.45833652391));
#2149 = CARTESIAN_POINT('',(6.452189625281E+03,1.71005821314,
    347.45807176252));
#2150 = CARTESIAN_POINT('',(6.452258420641E+03,1.912833093228,
    347.45779986126));
#2151 = CARTESIAN_POINT('',(6.452327819295E+03,2.115405895134,
    347.45751862792));
#2152 = CARTESIAN_POINT('',(6.452398038348E+03,2.317680547165,
    347.45722837299));
#2153 = CARTESIAN_POINT('',(6.452469639402E+03,2.5195260374,
    347.4569235472));
#2154 = CARTESIAN_POINT('',(6.452550355423E+03,2.717885975707,
    347.4565686019));
#2155 = CARTESIAN_POINT('',(6.452629194434E+03,2.91690523031,
    347.45621173158));
#2156 = CARTESIAN_POINT('',(6.452692596951E+03,3.121788261475,
    347.45591856095));
#2157 = CARTESIAN_POINT('',(6.452718249191E+03,3.409243545747,
    347.45579789864));
#2158 = CARTESIAN_POINT('',(6.452616899964E+03,3.619036208233,
    347.45627359939));
#2159 = CARTESIAN_POINT('',(6.452490939224E+03,3.696716014704,
    347.45682918369));
#2160 = CARTESIAN_POINT('',(6.40370675346E+03,-40.94750105991,
    346.19827019655));
#2161 = CARTESIAN_POINT('',(6.452490939224E+03,3.696716014704,
    347.45682918369));
#2162 = ( GEOMETRIC_REPRESENTATION_CONTEXT(3) 
GLOBAL_UNCERTAINTY_ASSIGNED_CONTEXT((#2166)) 
GLOBAL_UNIT_ASSIGNED_CONTEXT((#2163,#2164,#2165)) REPRESENTATION_CONTEXT
('Context #1','3D Context with UNIT and UNCERTAINTY') );
#2163 = ( LENGTH_UNIT() NAMED_UNIT(*) SI_UNIT(.MILLI.,.METRE.) );
#2164 = ( NAMED_UNIT(*) PLANE_ANGLE_UNIT() SI_UNIT($,.RADIAN.) );
#2165 = ( NAMED_UNIT(*) SI_UNIT($,.STERADIAN.) SOLID_ANGLE_UNIT() );
#2166 = UNCERTAINTY_MEASURE_WITH_UNIT(LENGTH_MEASURE(1.E-07),#2163,
  'distance_accuracy_value','confusion accuracy');
#2167 = CONTEXT_DEPENDENT_SHAPE_REPRESENTATION(#2168,#2170);
#2168 = ( REPRESENTATION_RELATIONSHIP('','',#1756,#10) 
REPRESENTATION_RELATIONSHIP_WITH_TRANSFORMATION(#2169) 
SHAPE_REPRESENTATION_RELATIONSHIP() );
#2169 = ITEM_DEFINED_TRANSFORMATION('','',#11,#31);
#2170 = PRODUCT_DEFINITION_SHAPE('Placement','Placement of an item',
  #2171);
#2171 = NEXT_ASSEMBLY_USAGE_OCCURRENCE('25','','',#5,#1751,$);
#2172 = PRODUCT_RELATED_PRODUCT_CATEGORY('part',$,(#1753));
#2173 = SHAPE_DEFINITION_REPRESENTATION(#2174,#2180);
#2174 = PRODUCT_DEFINITION_SHAPE('','',#2175);
#2175 = PRODUCT_DEFINITION('design','',#2176,#2179);
#2176 = PRODUCT_DEFINITION_FORMATION('','',#2177);
#2177 = PRODUCT('Open CASCADE STEP translator 7.8 3.6',
  'Open CASCADE STEP translator 7.8 3.6','',(#2178));
#2178 = PRODUCT_CONTEXT('',#2,'mechanical');
#2179 = PRODUCT_DEFINITION_CONTEXT('part definition',#2,'design');
#2180 = GEOMETRICALLY_BOUNDED_WIREFRAME_SHAPE_REPRESENTATION('',(#11,
    #2181),#2586);
#2181 = GEOMETRIC_CURVE_SET('',(#2182));
#2182 = TRIMMED_CURVE('',#2183,(#2584,PARAMETER_VALUE(0.)),(#2585,
    PARAMETER_VALUE(1.)),.T.,.PARAMETER.);
#2183 = B_SPLINE_CURVE_WITH_KNOTS('',3,(#2184,#2185,#2186,#2187,#2188,
    #2189,#2190,#2191,#2192,#2193,#2194,#2195,#2196,#2197,#2198,#2199,
    #2200,#2201,#2202,#2203,#2204,#2205,#2206,#2207,#2208,#2209,#2210,
    #2211,#2212,#2213,#2214,#2215,#2216,#2217,#2218,#2219,#2220,#2221,
    #2222,#2223,#2224,#2225,#2226,#2227,#2228,#2229,#2230,#2231,#2232,
    #2233,#2234,#2235,#2236,#2237,#2238,#2239,#2240,#2241,#2242,#2243,
    #2244,#2245,#2246,#2247,#2248,#2249,#2250,#2251,#2252,#2253,#2254,
    #2255,#2256,#2257,#2258,#2259,#2260,#2261,#2262,#2263,#2264,#2265,
    #2266,#2267,#2268,#2269,#2270,#2271,#2272,#2273,#2274,#2275,#2276,
    #2277,#2278,#2279,#2280,#2281,#2282,#2283,#2284,#2285,#2286,#2287,
    #2288,#2289,#2290,#2291,#2292,#2293,#2294,#2295,#2296,#2297,#2298,
    #2299,#2300,#2301,#2302,#2303,#2304,#2305,#2306,#2307,#2308,#2309,
    #2310,#2311,#2312,#2313,#2314,#2315,#2316,#2317,#2318,#2319,#2320,
    #2321,#2322,#2323,#2324,#2325,#2326,#2327,#2328,#2329,#2330,#2331,
    #2332,#2333,#2334,#2335,#2336,#2337,#2338,#2339,#2340,#2341,#2342,
    #2343,#2344,#2345,#2346,#2347,#2348,#2349,#2350,#2351,#2352,#2353,
    #2354,#2355,#2356,#2357,#2358,#2359,#2360,#2361,#2362,#2363,#2364,
    #2365,#2366,#2367,#2368,#2369,#2370,#2371,#2372,#2373,#2374,#2375,
    #2376,#2377,#2378,#2379,#2380,#2381,#2382,#2383,#2384,#2385,#2386,
    #2387,#2388,#2389,#2390,#2391,#2392,#2393,#2394,#2395,#2396,#2397,
    #2398,#2399,#2400,#2401,#2402,#2403,#2404,#2405,#2406,#2407,#2408,
    #2409,#2410,#2411,#2412,#2413,#2414,#2415,#2416,#2417,#2418,#2419,
    #2420,#2421,#2422,#2423,#2424,#2425,#2426,#2427,#2428,#2429,#2430,
    #2431,#2432,#2433,#2434,#2435,#2436,#2437,#2438,#2439,#2440,#2441,
    #2442,#2443,#2444,#2445,#2446,#2447,#2448,#2449,#2450,#2451,#2452,
    #2453,#2454,#2455,#2456,#2457,#2458,#2459,#2460,#2461,#2462,#2463,
    #2464,#2465,#2466,#2467,#2468,#2469,#2470,#2471,#2472,#2473,#2474,
    #2475,#2476,#2477,#2478,#2479,#2480,#2481,#2482,#2483,#2484,#2485,
    #2486,#2487,#2488,#2489,#2490,#2491,#2492,#2493,#2494,#2495,#2496,
    #2497,#2498,#2499,#2500,#2501,#2502,#2503,#2504,#2505,#2506,#2507,
    #2508,#2509,#2510,#2511,#2512,#2513,#2514,#2515,#2516,#2517,#2518,
    #2519,#2520,#2521,#2522,#2523,#2524,#2525,#2526,#2527,#2528,#2529,
    #2530,#2531,#2532,#2533,#2534,#2535,#2536,#2537,#2538,#2539,#2540,
    #2541,#2542,#2543,#2544,#2545,#2546,#2547,#2548,#2549,#2550,#2551,
    #2552,#2553,#2554,#2555,#2556,#2557,#2558,#2559,#2560,#2561,#2562,
    #2563,#2564,#2565,#2566,#2567,#2568,#2569,#2570,#2571,#2572,#2573,
    #2574,#2575,#2576,#2577,#2578,#2579,#2580,#2581,#2582,#2583),
  .UNSPECIFIED.,.F.,.F.,(4,1,1,1,1,1,1,1,1,1,1,1,1,1,1,1,1,1,1,1,1,1,1,1
    ,1,1,1,1,1,1,1,1,1,1,1,1,1,1,1,1,1,1,1,1,1,1,1,1,1,1,1,1,1,1,1,1,1,1
    ,1,1,1,1,1,1,1,1,1,1,1,1,1,1,1,1,1,1,1,1,1,1,1,1,1,1,1,1,1,1,1,1,1,1
    ,1,1,1,1,1,1,1,1,1,1,1,1,1,1,1,1,1,1,1,1,1,1,1,1,1,1,1,1,1,1,1,1,1,1
    ,1,1,1,1,1,1,1,1,1,1,1,1,1,1,1,1,1,1,1,1,1,1,1,1,1,1,1,1,1,1,1,1,1,1
    ,1,1,1,1,1,1,1,1,1,1,1,1,1,1,1,1,1,1,1,1,1,1,1,1,1,1,1,1,1,1,1,1,1,1
    ,1,1,1,1,1,1,1,1,1,1,1,1,1,1,1,1,1,1,1,1,1,1,1,1,1,1,1,1,1,1,1,1,1,1
    ,1,1,1,1,1,1,1,1,1,1,1,1,1,1,1,1,1,1,1,1,1,1,1,1,1,1,1,1,1,1,1,1,1,1
    ,1,1,1,1,1,1,1,1,1,1,1,1,1,1,1,1,1,1,1,1,1,1,1,1,1,1,1,1,1,1,1,1,1,1
    ,1,1,1,1,1,1,1,1,1,1,1,1,1,1,1,1,1,1,1,1,1,1,1,1,1,1,1,1,1,1,1,1,1,1
    ,1,1,1,1,1,1,1,1,1,1,1,1,1,1,1,1,1,1,1,1,1,1,1,1,1,1,1,1,1,1,1,1,1,1
    ,1,1,1,1,1,1,1,1,1,1,1,1,1,1,1,1,1,1,1,1,1,1,1,1,1,1,1,1,1,1,1,1,1,4
    ),(0.,5.002062314816E-03,7.504005242407E-03,1.000773630547E-02,
    1.251252253964E-02,1.501798478275E-02,1.752356274932E-02,
    2.002913708824E-02,2.25347109577E-02,2.504028887766E-02,
    2.754587314351E-02,3.005146090912E-02,3.255704321314E-02,
    3.506262601506E-02,3.756820850872E-02,4.007379093932E-02,
    4.257937333624E-02,4.508495519363E-02,4.759053688343E-02,
    5.009611872391E-02,5.26017006662E-02,5.510728271428E-02,
    5.761286481698E-02,6.011844691715E-02,6.262402900463E-02,
    6.512961104876E-02,6.763519302304E-02,7.014077492089E-02,
    7.26463567581E-02,7.515193856349E-02,7.765752036302E-02,
    8.016310217373E-02,8.266868400823E-02,8.51742658886E-02,
    8.767984784271E-02,9.018542988967E-02,9.2691012026E-02,
    9.519659423895E-02,9.770217651783E-02,0.10020775886,0.102713341262,
    0.105218923719,0.107724506228,0.110230088782,0.112735671377,
    0.115241254008,0.117746836668,0.120252419385,0.122758002226,
    0.125263585271,0.127769168569,0.13027475213,0.132780335913,
    0.135285919865,0.137791503935,0.140297088106,0.142802672368,
    0.145308256706,0.147813841107,0.150319425555,0.152825010036,
    0.155330594536,0.15783617904,0.160341763569,0.162847348209,
    0.165352933055,0.167858518174,0.170364103571,0.172869689211,
    0.175375275048,0.177880861037,0.180386447162,0.182892033416,
    0.185397619789,0.187903206267,0.190408792836,0.192914379475,
    0.195419966161,0.197925552872,0.200431139605,0.202936726387,
    0.205442313254,0.207947900239,0.210453487366,0.21295907466,
    0.215464662143,0.217970249826,0.220475837707,0.222981425786,
    0.225487014062,0.227992602532,0.230498191196,0.233003780053,
    0.235509369104,0.238014958323,0.240520547624,0.243026136932,
    0.245531726205,0.248037315482,0.250542904859,0.253048494444,
    0.25555408434,0.2580596746,0.260565265268,0.263070856389,
    0.265576448006,0.268082040163,0.270587632898,0.273093226254,
    0.275598820215,0.278104414646,0.280610009396,0.283115604365,
    0.285621199596,0.288126795219,0.290632391379,0.293137988202,
    0.295643585733,0.298149184014,0.300654783088,0.303160382999,
    0.305665983794,0.308171585527,0.310677188246,0.313182791863,
    0.315688396247,0.318194001272,0.320699606958,0.32320521349,
    0.32571082111,0.328216430062,0.330722040483,0.333227652463,
    0.335733266093,0.338238881458,0.340744498634,0.343250117689,
    0.345755738683,0.348261361516,0.350766986005,0.353272611958,
    0.355778239338,0.358283868388,0.360789499436,0.363295132802,
    0.365800768597,0.368306406853,0.370812047598,0.373317690854,
    0.37582333665,0.378328985023,0.380834635993,0.383340289459,
    0.385845945302,0.388351603429,0.390857263996,0.39336292748,
    0.395868594396,0.398374265152,0.400879939852,0.403385618569,
    0.40589130134,0.408396988169,0.410902679027,0.413408373855,
    0.415914072502,0.418419774786,0.420925480523,0.42343118974,
    0.425936902939,0.428442620673,0.430948343382,0.433454071076,
    0.435959803736,0.438465541331,0.440971283825,0.443477031159,
    0.445982783221,0.448488539773,0.450994300545,0.453500065282,
    0.456005834253,0.45851160802,0.46101738716,0.463523171847,
    0.466028962011,0.468534757634,0.471040558756,0.47354636547,
    0.4760521779,0.478557996062,0.481063819937,0.48356964949,
    0.486075485104,0.488581327645,0.491087177938,0.493593036421,
    0.49609890299,0.498604777493,0.50111065976,0.503616549611,
    0.506122446822,0.508628350954,0.511134261521,0.513640178074,
    0.516146100945,0.518652030804,0.521157968339,0.523663913701,
    0.526169866832,0.528675827782,0.53118179672,0.53368777392,
    0.536193759515,0.538699753482,0.541205755809,0.543711767003,
    0.546217788318,0.548723820939,0.551229865616,0.553735922401,
    0.556241991249,0.558748072095,0.561254164867,0.563760269206,
    0.56626638437,0.568772509563,0.571278644752,0.57378479084,
    0.576290948728,0.578797118826,0.581303301016,0.58380949533,
    0.586315701977,0.58882192133,0.59132815347,0.59383439838,
    0.596340656118,0.598846928061,0.6013532159,0.603859521123,
    0.606365844108,0.608872184837,0.611378543199,0.613884919076,
    0.616391312029,0.618897721198,0.621404145807,0.623910586418,
    0.626417044571,0.628923521856,0.63143001897,0.633936536153,
    0.636443073547,0.638949631195,0.641456208568,0.643962804451,
    0.646469417691,0.648976048853,0.651482699512,0.653989371362,
    0.656496065147,0.659002781602,0.661509521656,0.66401628626,
    0.666523075463,0.669029888771,0.671536726131,0.67404358929,
    0.676550480374,0.67905740094,0.681564351444,0.684071332231,
    0.686578343501,0.689085384746,0.691592454277,0.694099550509,
    0.696606673547,0.699113824875,0.701621006191,0.70412821856,
    0.706635463417,0.709142742565,0.711650057631,0.714157408962,
    0.716664796912,0.719172223826,0.721679692335,0.724187203663,
    0.726694756065,0.72920234758,0.731709976488,0.734217641133,
    0.736725339423,0.739233071962,0.741740844267,0.74424866167,
    0.746756525706,0.749264431767,0.751772374315,0.754280347113,
    0.756788343181,0.759296355608,0.761804386515,0.764312442189,
    0.766820528998,0.769328644605,0.771836783019,0.774344937896,
    0.776853102286,0.779361268326,0.781869432258,0.784377599574,
    0.786885775986,0.789393962454,0.79190215033,0.79441033088,
    0.79691849555,0.799426635901,0.80193474542,0.804442828227,
    0.806950890656,0.809458937683,0.81196696413,0.814474963074,
    0.816982927575,0.81949085062,0.821998725218,0.82450655192,
    0.827014334586,0.829522077935,0.83202978007,0.834537436877,
    0.837045044463,0.839552598873,0.842060092706,0.844567521768,
    0.847074886702,0.849582195175,0.852089455054,0.854596672899,
    0.857103855042,0.859611007536,0.862118127497,0.864625206351,
    0.867132237105,0.86963922442,0.872146181262,0.874653121691,
    0.877160059515,0.879667008482,0.882173972935,0.884680946341,
    0.887187919926,0.889694892939,0.892201874193,0.894708873273,
    0.897215899748,0.899722963399,0.90223006611,0.904737201839,
    0.907244365583,0.909751558684,0.912258789096,0.914766062044,
    0.91727338251,0.919780754958,0.922288176807,0.924795638846,
    0.927303135853,0.929810660946,0.932318216525,0.934825801005,
    0.937333418759,0.939841066202,0.942348732822,0.944856404422,
    0.94736406884,0.949871719283,0.952379333987,0.954886895139,
    0.957394388809,0.959901803797,0.962409140509,0.964916258019,
    0.967423475798,0.969930121863,0.97243690093,0.974943239566,
    0.97744977015,0.979955766066,0.982461420896,0.984966902591,
    0.987472332766,0.989978149203,0.992483560355,0.994989165311,1.),
  .UNSPECIFIED.);
#2184 = CARTESIAN_POINT('',(6.452490939224E+03,3.696716014704,
    347.45682918369));
#2185 = CARTESIAN_POINT('',(6.452393593153E+03,3.76176544815,
    347.45725299237));
#2186 = CARTESIAN_POINT('',(6.452208467985E+03,3.794368776563,
    347.45801759131));
#2187 = CARTESIAN_POINT('',(6.451989366781E+03,3.704791678648,
    347.45882211701));
#2188 = CARTESIAN_POINT('',(6.451854534222E+03,3.591845410792,
    347.45930216845));
#2189 = CARTESIAN_POINT('',(6.451747672753E+03,3.453610681032,
    347.45967729629));
#2190 = CARTESIAN_POINT('',(6.451657319721E+03,3.304680252271,
    347.45998734567));
#2191 = CARTESIAN_POINT('',(6.451575779234E+03,3.150874314255,
    347.46026115844));
#2192 = CARTESIAN_POINT('',(6.451493884659E+03,2.997284880701,
    347.46052926839));
#2193 = CARTESIAN_POINT('',(6.45141020049E+03,2.844649674683,
    347.46079509567));
#2194 = CARTESIAN_POINT('',(6.451324349402E+03,2.693223952521,
    347.46105800064));
#2195 = CARTESIAN_POINT('',(6.45124160082E+03,2.540079694549,
    347.46130107696));
#2196 = CARTESIAN_POINT('',(6.45115864124E+03,2.387058688122,
    347.46153379289));
#2197 = CARTESIAN_POINT('',(6.451075564755E+03,2.234098306183,
    347.46175469699));
#2198 = CARTESIAN_POINT('',(6.450991500508E+03,2.081677396773,
    347.46196501022));
#2199 = CARTESIAN_POINT('',(6.450906028793E+03,1.930040312516,
    347.46216383795));
#2200 = CARTESIAN_POINT('',(6.45081933774E+03,1.779099579062,
    347.46234262941));
#2201 = CARTESIAN_POINT('',(6.450732647401E+03,1.628158691737,
    347.4624997838));
#2202 = CARTESIAN_POINT('',(6.450646916252E+03,1.476669385874,
    347.46263459157));
#2203 = CARTESIAN_POINT('',(6.450562243077E+03,1.324586660506,
    347.4627455088));
#2204 = CARTESIAN_POINT('',(6.450478445775E+03,1.172020033481,
    347.46284566424));
#2205 = CARTESIAN_POINT('',(6.450395358878E+03,1.019065710942,
    347.46293725659));
#2206 = CARTESIAN_POINT('',(6.450312783548E+03,0.865834858442,
    347.46302047258));
#2207 = CARTESIAN_POINT('',(6.450230575908E+03,0.712406547928,
    347.46309589364));
#2208 = CARTESIAN_POINT('',(6.45014860418E+03,0.558852153895,
    347.46316389428));
#2209 = CARTESIAN_POINT('',(6.45006672819E+03,0.405246727867,
    347.46322484279));
#2210 = CARTESIAN_POINT('',(6.44998479627E+03,0.251671105383,
    347.46327905526));
#2211 = CARTESIAN_POINT('',(6.449902668223E+03,9.820020758569E-02,
    347.46332679304));
#2212 = CARTESIAN_POINT('',(6.449820229535E+03,-5.510413279013E-02,
    347.46336826693));
#2213 = CARTESIAN_POINT('',(6.449737400915E+03,-0.208198212382,
    347.46340362514));
#2214 = CARTESIAN_POINT('',(6.44965414164E+03,-0.361058536179,
    347.46343305027));
#2215 = CARTESIAN_POINT('',(6.449570447496E+03,-0.513681181137,
    347.46345646642));
#2216 = CARTESIAN_POINT('',(6.449486343068E+03,-0.66607807911,
    347.46347470733));
#2217 = CARTESIAN_POINT('',(6.449401869665E+03,-0.818270723705,
    347.46347018887));
#2218 = CARTESIAN_POINT('',(6.449317064742E+03,-0.970278861016,
    347.46344553134));
#2219 = CARTESIAN_POINT('',(6.449231954385E+03,-1.122116173163,
    347.46340090516));
#2220 = CARTESIAN_POINT('',(6.449146567024E+03,-1.273797857124,
    347.46333456606));
#2221 = CARTESIAN_POINT('',(6.449060932106E+03,-1.425339895308,
    347.46325532297));
#2222 = CARTESIAN_POINT('',(6.448975078632E+03,-1.576758206376,
    347.46316866326));
#2223 = CARTESIAN_POINT('',(6.448889031813E+03,-1.728066716021,
    347.46307389957));
#2224 = CARTESIAN_POINT('',(6.448802811612E+03,-1.879276486913,
    347.46297201484));
#2225 = CARTESIAN_POINT('',(6.448716431833E+03,-2.030395149056,
    347.4628635535));
#2226 = CARTESIAN_POINT('',(6.448629900157E+03,-2.18142688318,
    347.46274918348));
#2227 = CARTESIAN_POINT('',(6.448543219097E+03,-2.332372931718,
    347.46262953715));
#2228 = CARTESIAN_POINT('',(6.448456387601E+03,-2.483232492937,
    347.46250527756));
#2229 = CARTESIAN_POINT('',(6.44836940411E+03,-2.634004467162,
    347.46237699697));
#2230 = CARTESIAN_POINT('',(6.448282269001E+03,-2.784688868387,
    347.46224557575));
#2231 = CARTESIAN_POINT('',(6.448194982904E+03,-2.935285857731,
    347.46211086529));
#2232 = CARTESIAN_POINT('',(6.448107545105E+03,-3.085794824905,
    347.46197658971));
#2233 = CARTESIAN_POINT('',(6.448019955202E+03,-3.236215326554,
    347.46183204255));
#2234 = CARTESIAN_POINT('',(6.447932214721E+03,-3.38654803835,
    347.46166700778));
#2235 = CARTESIAN_POINT('',(6.447844328081E+03,-3.536795347125,
    347.46148487799));
#2236 = CARTESIAN_POINT('',(6.447756303116E+03,-3.686961651946,
    347.46128543357));
#2237 = CARTESIAN_POINT('',(6.447668151085E+03,-3.837053389476,
    347.46106939893));
#2238 = CARTESIAN_POINT('',(6.447579886178E+03,-3.987078776227,
    347.46084804228));
#2239 = CARTESIAN_POINT('',(6.447491524591E+03,-4.137047237771,
    347.46062033057));
#2240 = CARTESIAN_POINT('',(6.447403083044E+03,-4.286968553755,
    347.46038745027));
#2241 = CARTESIAN_POINT('',(6.447314576935E+03,-4.436851762039,
    347.4601499997));
#2242 = CARTESIAN_POINT('',(6.447226021757E+03,-4.586705981877,
    347.45990874271));
#2243 = CARTESIAN_POINT('',(6.447137436932E+03,-4.736542676327,
    347.45966441415));
#2244 = CARTESIAN_POINT('',(6.44704884018E+03,-4.886372318406,
    347.45941776816));
#2245 = CARTESIAN_POINT('',(6.446960242851E+03,-5.036201618865,
    347.45916950841));
#2246 = CARTESIAN_POINT('',(6.44687164696E+03,-5.186031770202,
    347.45892043277));
#2247 = CARTESIAN_POINT('',(6.446783043674E+03,-5.335857549159,
    347.45867086467));
#2248 = CARTESIAN_POINT('',(6.446694413361E+03,-5.485667349645,
    347.45842275297));
#2249 = CARTESIAN_POINT('',(6.446605727274E+03,-5.635444149061,
    347.45817184443));
#2250 = CARTESIAN_POINT('',(6.446516950701E+03,-5.785167333663,
    347.45790594667));
#2251 = CARTESIAN_POINT('',(6.446428048277E+03,-5.934815835292,
    347.45762812371));
#2252 = CARTESIAN_POINT('',(6.446338988951E+03,-6.084371026649,
    347.45733781247));
#2253 = CARTESIAN_POINT('',(6.446249739806E+03,-6.233813032044,
    347.45703443808));
#2254 = CARTESIAN_POINT('',(6.446160265465E+03,-6.383120343001,
    347.45672477702));
#2255 = CARTESIAN_POINT('',(6.446070534555E+03,-6.532273624142,
    347.45640889193));
#2256 = CARTESIAN_POINT('',(6.445980523408E+03,-6.681257970562,
    347.45608744666));
#2257 = CARTESIAN_POINT('',(6.445890218401E+03,-6.830064388523,
    347.45576099663));
#2258 = CARTESIAN_POINT('',(6.445799616662E+03,-6.978690323742,
    347.45543018878));
#2259 = CARTESIAN_POINT('',(6.445708725258E+03,-7.127139283377,
    347.45509570768));
#2260 = CARTESIAN_POINT('',(6.445617558795E+03,-7.275419466579,
    347.45475828764));
#2261 = CARTESIAN_POINT('',(6.445526136084E+03,-7.423541782507,
    347.45441867415));
#2262 = CARTESIAN_POINT('',(6.445434473814E+03,-7.571515961858,
    347.45407768369));
#2263 = CARTESIAN_POINT('',(6.445342586249E+03,-7.719350336611,
    347.45373588973));
#2264 = CARTESIAN_POINT('',(6.445250487773E+03,-7.867053403755,
    347.45339479284));
#2265 = CARTESIAN_POINT('',(6.445158192589E+03,-8.014633626603,
    347.45305243678));
#2266 = CARTESIAN_POINT('',(6.445065715101E+03,-8.162099671657,
    347.45270643143));
#2267 = CARTESIAN_POINT('',(6.44497307003E+03,-8.309460483779,
    347.45235659083));
#2268 = CARTESIAN_POINT('',(6.444880272519E+03,-8.456725340631,
    347.45200225773));
#2269 = CARTESIAN_POINT('',(6.444787338133E+03,-8.603903852177,
    347.45164243368));
#2270 = CARTESIAN_POINT('',(6.444694282841E+03,-8.751005941347,
    347.45127582817));
#2271 = CARTESIAN_POINT('',(6.444601122792E+03,-8.898041704893,
    347.45090287588));
#2272 = CARTESIAN_POINT('',(6.44450787441E+03,-9.045021460339,
    347.45052359756));
#2273 = CARTESIAN_POINT('',(6.44441455325E+03,-9.191955013663,
    347.45013812708));
#2274 = CARTESIAN_POINT('',(6.444321177943E+03,-9.338854160419,
    347.44974658616));
#2275 = CARTESIAN_POINT('',(6.444227768897E+03,-9.48573185343,
    347.44934911418));
#2276 = CARTESIAN_POINT('',(6.444134341353E+03,-9.632597779796,
    347.44894584233));
#2277 = CARTESIAN_POINT('',(6.444040901652E+03,-9.779455972468,
    347.4485368256));
#2278 = CARTESIAN_POINT('',(6.4439474447E+03,-9.926303187428,
    347.44812222391));
#2279 = CARTESIAN_POINT('',(6.443853953283E+03,-10.07312846052,
    347.44770156442));
#2280 = CARTESIAN_POINT('',(6.443760399034E+03,-10.21991370644,
    347.44727647172));
#2281 = CARTESIAN_POINT('',(6.44366674533E+03,-10.36663554024,
    347.44685464801));
#2282 = CARTESIAN_POINT('',(6.443572951547E+03,-10.51326788505,
    347.44643321756));
#2283 = CARTESIAN_POINT('',(6.443478980915E+03,-10.65978697866,
    347.44601157409));
#2284 = CARTESIAN_POINT('',(6.443384796293E+03,-10.80616864245,
    347.44558925823));
#2285 = CARTESIAN_POINT('',(6.443290357529E+03,-10.95238649609,
    347.44515771953));
#2286 = CARTESIAN_POINT('',(6.443195630092E+03,-11.09841752409,
    347.44471698979));
#2287 = CARTESIAN_POINT('',(6.443100588623E+03,-11.24424438439,
    347.44426604923));
#2288 = CARTESIAN_POINT('',(6.443005219637E+03,-11.38985727161,
    347.44380420161));
#2289 = CARTESIAN_POINT('',(6.442909522055E+03,-11.53525441021,
    347.44333071899));
#2290 = CARTESIAN_POINT('',(6.442813506081E+03,-11.68044147442,
    347.44284493288));
#2291 = CARTESIAN_POINT('',(6.442717190338E+03,-11.82542982851,
    347.44234622594));
#2292 = CARTESIAN_POINT('',(6.442620597504E+03,-11.97023370957,
    347.44183392418));
#2293 = CARTESIAN_POINT('',(6.442523747456E+03,-12.11486566793,
    347.4413076256));
#2294 = CARTESIAN_POINT('',(6.44242665751E+03,-12.25933667077,
    347.44076584131));
#2295 = CARTESIAN_POINT('',(6.442329345602E+03,-12.40365823543,
    347.44021108878));
#2296 = CARTESIAN_POINT('',(6.442231829098E+03,-12.5478416446,
    347.4396542014));
#2297 = CARTESIAN_POINT('',(6.442134125028E+03,-12.69189800926,
    347.43909216452));
#2298 = CARTESIAN_POINT('',(6.442036249878E+03,-12.83583819041,
    347.43852555906));
#2299 = CARTESIAN_POINT('',(6.44193821962E+03,-12.97967278276,
    347.43795321609));
#2300 = CARTESIAN_POINT('',(6.44184004976E+03,-13.12341211039,
    347.43736660269));
#2301 = CARTESIAN_POINT('',(6.441741755417E+03,-13.26706633318,
    347.43676680328));
#2302 = CARTESIAN_POINT('',(6.441643351563E+03,-13.41064555732,
    347.4361528823));
#2303 = CARTESIAN_POINT('',(6.441544852847E+03,-13.55415971522,
    347.43552444745));
#2304 = CARTESIAN_POINT('',(6.441446277973E+03,-13.69762156927,
    347.43488099643));
#2305 = CARTESIAN_POINT('',(6.441347646026E+03,-13.84104418753,
    347.43422206409));
#2306 = CARTESIAN_POINT('',(6.441248969523E+03,-13.98443615416,
    347.43354718828));
#2307 = CARTESIAN_POINT('',(6.441150250639E+03,-14.12779894652,
    347.43285566091));
#2308 = CARTESIAN_POINT('',(6.441051478839E+03,-14.27112528755,
    347.43214736045));
#2309 = CARTESIAN_POINT('',(6.440952630461E+03,-14.41439880917,
    347.43141952338));
#2310 = CARTESIAN_POINT('',(6.440853670254E+03,-14.55759514395,
    347.43068211473));
#2311 = CARTESIAN_POINT('',(6.440754554591E+03,-14.70068395422,
    347.42993490969));
#2312 = CARTESIAN_POINT('',(6.440655237605E+03,-14.84363313195,
    347.42917645055));
#2313 = CARTESIAN_POINT('',(6.440555676652E+03,-14.98641255625,
    347.42840775194));
#2314 = CARTESIAN_POINT('',(6.440455826027E+03,-15.12898958523,
    347.42761958454));
#2315 = CARTESIAN_POINT('',(6.440355643903E+03,-15.27133391406,
    347.42680987444));
#2316 = CARTESIAN_POINT('',(6.440255098055E+03,-15.41342159011,
    347.4259782885));
#2317 = CARTESIAN_POINT('',(6.440154168999E+03,-15.55523733459,
    347.42512411654));
#2318 = CARTESIAN_POINT('',(6.440052851103E+03,-15.69677554049,
    347.42424687365));
#2319 = CARTESIAN_POINT('',(6.439951151762E+03,-15.83803989877,
    347.42334613546));
#2320 = CARTESIAN_POINT('',(6.439849088516E+03,-15.97904153535,
    347.42242162616));
#2321 = CARTESIAN_POINT('',(6.439746684941E+03,-16.11979617141,
    347.42147295666));
#2322 = CARTESIAN_POINT('',(6.43964396324E+03,-16.26031878611,
    347.42050039583));
#2323 = CARTESIAN_POINT('',(6.439540941075E+03,-16.40062122312,
    347.41950173122));
#2324 = CARTESIAN_POINT('',(6.439437636512E+03,-16.5407158569,
    347.41848532132));
#2325 = CARTESIAN_POINT('',(6.439334067775E+03,-16.68061530359,
    347.41745300355));
#2326 = CARTESIAN_POINT('',(6.439230253807E+03,-16.82033285846,
    347.41640380134));
#2327 = CARTESIAN_POINT('',(6.439126214335E+03,-16.95988259737,
    347.41534018715));
#2328 = CARTESIAN_POINT('',(6.439021970043E+03,-17.09927936129,
    347.41425106997));
#2329 = CARTESIAN_POINT('',(6.438917542273E+03,-17.23853869856,
    347.41313555249));
#2330 = CARTESIAN_POINT('',(6.438812953116E+03,-17.37767685545,
    347.41199412662));
#2331 = CARTESIAN_POINT('',(6.438708224028E+03,-17.51670970408,
    347.41082693355));
#2332 = CARTESIAN_POINT('',(6.438603380743E+03,-17.65565644654,
    347.40963428148));
#2333 = CARTESIAN_POINT('',(6.438498450497E+03,-17.79453752208,
    347.40841649513));
#2334 = CARTESIAN_POINT('',(6.438393452727E+03,-17.93336755262,
    347.4071738381));
#2335 = CARTESIAN_POINT('',(6.438288394203E+03,-18.07215161355,
    347.40590644008));
#2336 = CARTESIAN_POINT('',(6.438183265744E+03,-18.2108827056,
    347.40461422564));
#2337 = CARTESIAN_POINT('',(6.438078041493E+03,-18.34954114915,
    347.40329695428));
#2338 = CARTESIAN_POINT('',(6.437972680586E+03,-18.4880958246,
    347.40195996431));
#2339 = CARTESIAN_POINT('',(6.437867131173E+03,-18.62650699634,
    347.40060211561));
#2340 = CARTESIAN_POINT('',(6.437761337748E+03,-18.76473182248,
    347.39922403611));
#2341 = CARTESIAN_POINT('',(6.437655245659E+03,-18.90272764177,
    347.39782345394));
#2342 = CARTESIAN_POINT('',(6.437548801419E+03,-19.04045202344,
    347.39638848336));
#2343 = CARTESIAN_POINT('',(6.437441959576E+03,-19.17786824029,
    347.39492157691));
#2344 = CARTESIAN_POINT('',(6.437334688173E+03,-19.31494942983,
    347.39342206375));
#2345 = CARTESIAN_POINT('',(6.437226971186E+03,-19.4516807749,
    347.39189036775));
#2346 = CARTESIAN_POINT('',(6.437118808692E+03,-19.58805995651,
    347.39032691205));
#2347 = CARTESIAN_POINT('',(6.437010214706E+03,-19.72409577349,
    347.38873241793));
#2348 = CARTESIAN_POINT('',(6.436901212987E+03,-19.85980506255,
    347.3871077308));
#2349 = CARTESIAN_POINT('',(6.436791830578E+03,-19.9952076616,
    347.38545392639));
#2350 = CARTESIAN_POINT('',(6.436682091232E+03,-20.13032109299,
    347.38377155809));
#2351 = CARTESIAN_POINT('',(6.436572016219E+03,-20.26516118632,
    347.38206415979));
#2352 = CARTESIAN_POINT('',(6.436461624355E+03,-20.39974198814,
    347.38033262731));
#2353 = CARTESIAN_POINT('',(6.436350929821E+03,-20.5340739664,
    347.37857822082));
#2354 = CARTESIAN_POINT('',(6.436239941793E+03,-20.66816360686,
    347.3768008439));
#2355 = CARTESIAN_POINT('',(6.436128664493E+03,-20.80201320881,
    347.37498754233));
#2356 = CARTESIAN_POINT('',(6.43601709773E+03,-20.93562162731,
    347.37314172483));
#2357 = CARTESIAN_POINT('',(6.435905238584E+03,-21.06898535577,
    347.37126335008));
#2358 = CARTESIAN_POINT('',(6.435793082828E+03,-21.20209974504,
    347.36935328113));
#2359 = CARTESIAN_POINT('',(6.435680626131E+03,-21.33495999731,
    347.36741214589));
#2360 = CARTESIAN_POINT('',(6.435567866217E+03,-21.46756300352,
    347.36544067915));
#2361 = CARTESIAN_POINT('',(6.435454804507E+03,-21.59990877535,
    347.36343969898));
#2362 = CARTESIAN_POINT('',(6.435341447595E+03,-21.73200176848,
    347.36141005561));
#2363 = CARTESIAN_POINT('',(6.435227807612E+03,-21.86385128223,
    347.35935302591));
#2364 = CARTESIAN_POINT('',(6.435113901959E+03,-21.99547134694,
    347.35727253558));
#2365 = CARTESIAN_POINT('',(6.434999752042E+03,-22.12687960754,
    347.3551685082));
#2366 = CARTESIAN_POINT('',(6.434885381606E+03,-22.25809604677,
    347.3530451112));
#2367 = CARTESIAN_POINT('',(6.434770819225E+03,-22.38914488549,
    347.35089288569));
#2368 = CARTESIAN_POINT('',(6.43465609125E+03,-22.52004870777,
    347.34870822535));
#2369 = CARTESIAN_POINT('',(6.434541214548E+03,-22.65082202408,
    347.3464934734));
#2370 = CARTESIAN_POINT('',(6.434426191571E+03,-22.78146670767,
    347.34424907935));
#2371 = CARTESIAN_POINT('',(6.434311007457E+03,-22.91196936753,
    347.3419755921));
#2372 = CARTESIAN_POINT('',(6.434195629777E+03,-23.04230096433,
    347.33967309741));
#2373 = CARTESIAN_POINT('',(6.434080010971E+03,-23.17241876198,
    347.33734133581));
#2374 = CARTESIAN_POINT('',(6.433964093649E+03,-23.30227077272,
    347.3349799934));
#2375 = CARTESIAN_POINT('',(6.433847814104E+03,-23.4317985982,
    347.33258790188));
#2376 = CARTESIAN_POINT('',(6.433731113536E+03,-23.56094734533,
    347.33016774885));
#2377 = CARTESIAN_POINT('',(6.433613944181E+03,-23.68967103671,
    347.32771886534));
#2378 = CARTESIAN_POINT('',(6.43349627276E+03,-23.81793605682,
    347.32524268901));
#2379 = CARTESIAN_POINT('',(6.433378084017E+03,-23.94572460128,
    347.32273432763));
#2380 = CARTESIAN_POINT('',(6.433259380329E+03,-24.07303483064,
    347.32018444101));
#2381 = CARTESIAN_POINT('',(6.433140178961E+03,-24.19987913862,
    347.31759650166));
#2382 = CARTESIAN_POINT('',(6.433020507536E+03,-24.32627999704,
    347.31497099548));
#2383 = CARTESIAN_POINT('',(6.43290039655E+03,-24.45226318512,
    347.31230938763));
#2384 = CARTESIAN_POINT('',(6.432779870857E+03,-24.5778496463,
    347.30961283922));
#2385 = CARTESIAN_POINT('',(6.432658953277E+03,-24.70305878857,
    347.30688252985));
#2386 = CARTESIAN_POINT('',(6.432537667566E+03,-24.82791131853,
    347.30411981878));
#2387 = CARTESIAN_POINT('',(6.432416037701E+03,-24.95242852742,
    347.30132559346));
#2388 = CARTESIAN_POINT('',(6.43229408824E+03,-25.0766327444,
    347.29850526736));
#2389 = CARTESIAN_POINT('',(6.432171844211E+03,-25.20054703285,
    347.29565898958));
#2390 = CARTESIAN_POINT('',(6.432049330676E+03,-25.32419495215,
    347.29279086482));
#2391 = CARTESIAN_POINT('',(6.431926579211E+03,-25.44760657292,
    347.2898909699));
#2392 = CARTESIAN_POINT('',(6.431803620663E+03,-25.570811786,
    347.28695758475));
#2393 = CARTESIAN_POINT('',(6.431680474533E+03,-25.69382949623,
    347.28399246684));
#2394 = CARTESIAN_POINT('',(6.431557143703E+03,-25.8166620505,
    347.28099598936));
#2395 = CARTESIAN_POINT('',(6.431433610854E+03,-25.93929147271,
    347.27796832712));
#2396 = CARTESIAN_POINT('',(6.431309838033E+03,-26.06167874885,
    347.27490897302));
#2397 = CARTESIAN_POINT('',(6.43118577001E+03,-26.18376686031,
    347.27181731575));
#2398 = CARTESIAN_POINT('',(6.431061338036E+03,-26.30548411716,
    347.26869111651));
#2399 = CARTESIAN_POINT('',(6.430936464369E+03,-26.42674836575,
    347.26553252185));
#2400 = CARTESIAN_POINT('',(6.430811085209E+03,-26.54749010022,
    347.26234284477));
#2401 = CARTESIAN_POINT('',(6.430685153393E+03,-26.6676555029,
    347.25912107329));
#2402 = CARTESIAN_POINT('',(6.430558641431E+03,-26.78721008351,
    347.25586342734));
#2403 = CARTESIAN_POINT('',(6.430431543542E+03,-26.90614144093,
    347.25255972728));
#2404 = CARTESIAN_POINT('',(6.430303873267E+03,-27.02445806365,
    347.24921255813));
#2405 = CARTESIAN_POINT('',(6.430175659069E+03,-27.14218493318,
    347.24582184006));
#2406 = CARTESIAN_POINT('',(6.430046937397E+03,-27.25935661591,
    347.24238858395));
#2407 = CARTESIAN_POINT('',(6.429917742178E+03,-27.37600587214,
    347.23891346234));
#2408 = CARTESIAN_POINT('',(6.429788100998E+03,-27.49215922308,
    347.2353973933));
#2409 = CARTESIAN_POINT('',(6.429658042209E+03,-27.60784464245,
    347.2318401143));
#2410 = CARTESIAN_POINT('',(6.429527593784E+03,-27.72309044289,
    347.22824591564));
#2411 = CARTESIAN_POINT('',(6.429396784114E+03,-27.83792606868,
    347.22461991195));
#2412 = CARTESIAN_POINT('',(6.429265640718E+03,-27.95238049062,
    347.22096353135));
#2413 = CARTESIAN_POINT('',(6.429134194967E+03,-28.06648750018,
    347.21727207402));
#2414 = CARTESIAN_POINT('',(6.429002482899E+03,-28.18028680305,
    347.2135385165));
#2415 = CARTESIAN_POINT('',(6.428870531946E+03,-28.29380900283,
    347.20976631194));
#2416 = CARTESIAN_POINT('',(6.428738354676E+03,-28.40706761866,
    347.20595566569));
#2417 = CARTESIAN_POINT('',(6.428605944243E+03,-28.52005360247,
    347.2021070301));
#2418 = CARTESIAN_POINT('',(6.428473272569E+03,-28.63273279337,
    347.19821990354));
#2419 = CARTESIAN_POINT('',(6.428340293013E+03,-28.74504858977,
    347.19429373627));
#2420 = CARTESIAN_POINT('',(6.428206942073E+03,-28.85692329393,
    347.19032568415));
#2421 = CARTESIAN_POINT('',(6.42807314423E+03,-28.96826342568,
    347.18632025229));
#2422 = CARTESIAN_POINT('',(6.427938836795E+03,-29.0789885698,
    347.18227625292));
#2423 = CARTESIAN_POINT('',(6.427803976937E+03,-29.18904055494,
    347.17819474403));
#2424 = CARTESIAN_POINT('',(6.427668540008E+03,-29.29838147745,
    347.17406181295));
#2425 = CARTESIAN_POINT('',(6.427532521163E+03,-29.40699757354,
    347.16987742685));
#2426 = CARTESIAN_POINT('',(6.427395932352E+03,-29.51489595118,
    347.16564189033));
#2427 = CARTESIAN_POINT('',(6.427258798701E+03,-29.6221008904,
    347.1613560139));
#2428 = CARTESIAN_POINT('',(6.427121152672E+03,-29.72864704406,
    347.15702077602));
#2429 = CARTESIAN_POINT('',(6.426983021431E+03,-29.8345633157,
    347.15263734548));
#2430 = CARTESIAN_POINT('',(6.426844423311E+03,-29.93986777404,
    347.14820546402));
#2431 = CARTESIAN_POINT('',(6.426705372589E+03,-30.04457380999,
    347.14372915682));
#2432 = CARTESIAN_POINT('',(6.426565877948E+03,-30.14868782458,
    347.13921334563));
#2433 = CARTESIAN_POINT('',(6.426425944079E+03,-30.25221097972,
    347.13465929915));
#2434 = CARTESIAN_POINT('',(6.42628557067E+03,-30.35513726026,
    347.1300563131));
#2435 = CARTESIAN_POINT('',(6.426144753796E+03,-30.45745589962,
    347.12540176158));
#2436 = CARTESIAN_POINT('',(6.426003493225E+03,-30.55916107919,
    347.12069597541));
#2437 = CARTESIAN_POINT('',(6.425861795422E+03,-30.66025616825,
    347.11593877579));
#2438 = CARTESIAN_POINT('',(6.425719673631E+03,-30.76075426095,
    347.11113032628));
#2439 = CARTESIAN_POINT('',(6.42557714823E+03,-30.86067903453,
    347.1062713656));
#2440 = CARTESIAN_POINT('',(6.42543424567E+03,-30.9600634427,
    347.10136149286));
#2441 = CARTESIAN_POINT('',(6.425291002507E+03,-31.05895615052,
    347.0964058528));
#2442 = CARTESIAN_POINT('',(6.425147458665E+03,-31.15741200253,
    347.09141058552));
#2443 = CARTESIAN_POINT('',(6.425003641561E+03,-31.25546852233,
    347.08637733139));
#2444 = CARTESIAN_POINT('',(6.424859561372E+03,-31.35313784966,
    347.08129318165));
#2445 = CARTESIAN_POINT('',(6.424715208538E+03,-31.45040376928,
    347.07615856334));
#2446 = CARTESIAN_POINT('',(6.424570553833E+03,-31.5472203139,
    347.07097270044));
#2447 = CARTESIAN_POINT('',(6.424425550176E+03,-31.64351368422,
    347.06573431349));
#2448 = CARTESIAN_POINT('',(6.424280134904E+03,-31.73918462708,
    347.06044132105));
#2449 = CARTESIAN_POINT('',(6.424134248008E+03,-31.83413510385,
    347.05509226115));
#2450 = CARTESIAN_POINT('',(6.4239878476E+03,-31.92829188113,
    347.04968414806));
#2451 = CARTESIAN_POINT('',(6.423840907728E+03,-32.02160480626,
    347.04422390044));
#2452 = CARTESIAN_POINT('',(6.423693416081E+03,-32.11404344787,
    347.03871358829));
#2453 = CARTESIAN_POINT('',(6.423545373442E+03,-32.20559723325,
    347.03314916175));
#2454 = CARTESIAN_POINT('',(6.423396785592E+03,-32.29626317697,
    347.02752004445));
#2455 = CARTESIAN_POINT('',(6.42324766186E+03,-32.38604493275,
    347.02182837649));
#2456 = CARTESIAN_POINT('',(6.423098014858E+03,-32.47495169361,
    347.01607326594));
#2457 = CARTESIAN_POINT('',(6.42294786072E+03,-32.56299911868,
    347.01025475083));
#2458 = CARTESIAN_POINT('',(6.422797225487E+03,-32.6502206998,
    347.00437328836));
#2459 = CARTESIAN_POINT('',(6.422646142804E+03,-32.73666448987,
    346.99842879837));
#2460 = CARTESIAN_POINT('',(6.422494658935E+03,-32.82240285398,
    346.99242516529));
#2461 = CARTESIAN_POINT('',(6.422342830227E+03,-32.90752915772,
    346.98637229182));
#2462 = CARTESIAN_POINT('',(6.422190706738E+03,-32.99212768372,
    346.98026964931));
#2463 = CARTESIAN_POINT('',(6.422038318658E+03,-33.07624836032,
    346.97410785613));
#2464 = CARTESIAN_POINT('',(6.421885673401E+03,-33.15990148682,
    346.96788800318));
#2465 = CARTESIAN_POINT('',(6.421732756863E+03,-33.24305784742,
    346.96160833068));
#2466 = CARTESIAN_POINT('',(6.421579531912E+03,-33.32564486113,
    346.95526661707));
#2467 = CARTESIAN_POINT('',(6.421425941253E+03,-33.40755015583,
    346.94885963291));
#2468 = CARTESIAN_POINT('',(6.42127192661E+03,-33.48865565017,
    346.94238393271));
#2469 = CARTESIAN_POINT('',(6.421117450944E+03,-33.56887956791,
    346.93583734801));
#2470 = CARTESIAN_POINT('',(6.42096250066E+03,-33.64818341316,
    346.92922737339));
#2471 = CARTESIAN_POINT('',(6.420807080596E+03,-33.72656301154,
    346.92255217729));
#2472 = CARTESIAN_POINT('',(6.420651213906E+03,-33.80404953378,
    346.91579306437));
#2473 = CARTESIAN_POINT('',(6.420494938899E+03,-33.88070874429,
    346.90895801604));
#2474 = CARTESIAN_POINT('',(6.420338296921E+03,-33.95661500332,
    346.90205073135));
#2475 = CARTESIAN_POINT('',(6.420181316831E+03,-34.03181944765,
    346.89507567824));
#2476 = CARTESIAN_POINT('',(6.420024010091E+03,-34.10633823042,
    346.88803626986));
#2477 = CARTESIAN_POINT('',(6.419866374471E+03,-34.18015881376,
    346.8809355509));
#2478 = CARTESIAN_POINT('',(6.419708394363E+03,-34.25323945793,
    346.8737755686));
#2479 = CARTESIAN_POINT('',(6.419550035727E+03,-34.32549776705,
    346.8665666183));
#2480 = CARTESIAN_POINT('',(6.419391262315E+03,-34.39684119671,
    346.8592980241));
#2481 = CARTESIAN_POINT('',(6.419232051162E+03,-34.46720056442,
    346.85193746704));
#2482 = CARTESIAN_POINT('',(6.419072399382E+03,-34.53655404522,
    346.84450177641));
#2483 = CARTESIAN_POINT('',(6.41891232332E+03,-34.60492211715,
    346.83699696249));
#2484 = CARTESIAN_POINT('',(6.418751858022E+03,-34.67237095753,
    346.8294332815));
#2485 = CARTESIAN_POINT('',(6.418591060072E+03,-34.73902214045,
    346.82182117727));
#2486 = CARTESIAN_POINT('',(6.418429991785E+03,-34.80501683474,
    346.8141722703));
#2487 = CARTESIAN_POINT('',(6.418268703566E+03,-34.87047224432,
    346.80649571429));
#2488 = CARTESIAN_POINT('',(6.418107219208E+03,-34.93544564092,
    346.79881720247));
#2489 = CARTESIAN_POINT('',(6.417945545376E+03,-34.99994414305,
    346.79108273419));
#2490 = CARTESIAN_POINT('',(6.417783665087E+03,-35.06392146008,
    346.78329202857));
#2491 = CARTESIAN_POINT('',(6.417621540643E+03,-35.12727776751,
    346.77545714288));
#2492 = CARTESIAN_POINT('',(6.417459128985E+03,-35.18989454175,
    346.76758642335));
#2493 = CARTESIAN_POINT('',(6.417296398704E+03,-35.25167874067,
    346.75968968273));
#2494 = CARTESIAN_POINT('',(6.417133339842E+03,-35.31259048914,
    346.75177820597));
#2495 = CARTESIAN_POINT('',(6.416969956066E+03,-35.37262518373,
    346.743862055));
#2496 = CARTESIAN_POINT('',(6.416806263498E+03,-35.4318145962,
    346.73596039168));
#2497 = CARTESIAN_POINT('',(6.416642289021E+03,-35.49022026893,
    346.72806929361));
#2498 = CARTESIAN_POINT('',(6.416478063207E+03,-35.54791097743,
    346.72013628873));
#2499 = CARTESIAN_POINT('',(6.41631360645E+03,-35.60493960114,
    346.71219111114));
#2500 = CARTESIAN_POINT('',(6.416148929979E+03,-35.66133045905,
    346.70424302337));
#2501 = CARTESIAN_POINT('',(6.415984038165E+03,-35.71708858311,
    346.69630649275));
#2502 = CARTESIAN_POINT('',(6.415818928189E+03,-35.77219745012,
    346.68839415014));
#2503 = CARTESIAN_POINT('',(6.415653591242E+03,-35.82662195156,
    346.68051938408));
#2504 = CARTESIAN_POINT('',(6.4154880161E+03,-35.88031863376,
    346.67269343735));
#2505 = CARTESIAN_POINT('',(6.415322193317E+03,-35.93325000364,
    346.66493656104));
#2506 = CARTESIAN_POINT('',(6.415156121529E+03,-35.98539084975,
    346.65718459279));
#2507 = CARTESIAN_POINT('',(6.414989799564E+03,-36.0367271514,
    346.64945557216));
#2508 = CARTESIAN_POINT('',(6.414823230791E+03,-36.08725665564,
    346.64175834022));
#2509 = CARTESIAN_POINT('',(6.414656422703E+03,-36.13699034771,
    346.63410463776));
#2510 = CARTESIAN_POINT('',(6.414489386463E+03,-36.18595212107,
    346.62650547686));
#2511 = CARTESIAN_POINT('',(6.414322134239E+03,-36.23417086287,
    346.61897327181));
#2512 = CARTESIAN_POINT('',(6.41415467879E+03,-36.28167903091,
    346.61151635278));
#2513 = CARTESIAN_POINT('',(6.413987032822E+03,-36.32851439496,
    346.60416217981));
#2514 = CARTESIAN_POINT('',(6.413819212685E+03,-36.37471924661,
    346.59686569763));
#2515 = CARTESIAN_POINT('',(6.413651231374E+03,-36.42033313789,
    346.58962981171));
#2516 = CARTESIAN_POINT('',(6.413483098712E+03,-36.46538571876,
    346.58246363902));
#2517 = CARTESIAN_POINT('',(6.413314820827E+03,-36.50989282153,
    346.57537464583));
#2518 = CARTESIAN_POINT('',(6.413146400435E+03,-36.55385755539,
    346.56836992571));
#2519 = CARTESIAN_POINT('',(6.41297783603E+03,-36.59726684527,
    346.56145897531));
#2520 = CARTESIAN_POINT('',(6.412809122754E+03,-36.64009218879,
    346.55464127967));
#2521 = CARTESIAN_POINT('',(6.412640254381E+03,-36.68230607908,
    346.54796269461));
#2522 = CARTESIAN_POINT('',(6.412471230417E+03,-36.72389363446,
    346.54140357981));
#2523 = CARTESIAN_POINT('',(6.412302055411E+03,-36.76486180714,
    346.53494598658));
#2524 = CARTESIAN_POINT('',(6.412132737596E+03,-36.80523538927,
    346.52858022298));
#2525 = CARTESIAN_POINT('',(6.411963290739E+03,-36.84506360195,
    346.5222949521));
#2526 = CARTESIAN_POINT('',(6.411793731587E+03,-36.88441052574,
    346.51607774584));
#2527 = CARTESIAN_POINT('',(6.411624075562E+03,-36.92333708487,
    346.50992228674));
#2528 = CARTESIAN_POINT('',(6.411454334008E+03,-36.96188309519,
    346.50379822265));
#2529 = CARTESIAN_POINT('',(6.411284509085E+03,-37.00006231727,
    346.49776851554));
#2530 = CARTESIAN_POINT('',(6.411114599025E+03,-37.03786589985,
    346.49185996888));
#2531 = CARTESIAN_POINT('',(6.410944597863E+03,-37.07525910193,
    346.48604366786));
#2532 = CARTESIAN_POINT('',(6.410774497291E+03,-37.11219767329,
    346.48029061932));
#2533 = CARTESIAN_POINT('',(6.410604290643E+03,-37.1486444259,
    346.47457221639));
#2534 = CARTESIAN_POINT('',(6.410433976878E+03,-37.18458712722,
    346.46885818385));
#2535 = CARTESIAN_POINT('',(6.4102635583E+03,-37.22002910075,
    346.46312484748));
#2536 = CARTESIAN_POINT('',(6.410093044016E+03,-37.25500047412,
    346.45732401978));
#2537 = CARTESIAN_POINT('',(6.409922445346E+03,-37.28955649158,
    346.45149946388));
#2538 = CARTESIAN_POINT('',(6.409751767238E+03,-37.32372455586,
    346.44570729323));
#2539 = CARTESIAN_POINT('',(6.409580998201E+03,-37.35743677115,
    346.43991539944));
#2540 = CARTESIAN_POINT('',(6.409410114987E+03,-37.3905661323,
    346.43410667643));
#2541 = CARTESIAN_POINT('',(6.409239113903E+03,-37.42308133223,
    346.42826082839));
#2542 = CARTESIAN_POINT('',(6.409068016917E+03,-37.45508713602,
    346.42235798864));
#2543 = CARTESIAN_POINT('',(6.408896851965E+03,-37.48672696655,
    346.41638373112));
#2544 = CARTESIAN_POINT('',(6.408725615207E+03,-37.51796968573,
    346.41030180889));
#2545 = CARTESIAN_POINT('',(6.408554281226E+03,-37.54867526655,
    346.40415263062));
#2546 = CARTESIAN_POINT('',(6.408382846788E+03,-37.5788219895,
    346.39798409088));
#2547 = CARTESIAN_POINT('',(6.408211377047E+03,-37.60876403273,
    346.39174341965));
#2548 = CARTESIAN_POINT('',(6.40803989004E+03,-37.63860777767,
    346.38543414635));
#2549 = CARTESIAN_POINT('',(6.40786835122E+03,-37.66815211906,
    346.37904259362));
#2550 = CARTESIAN_POINT('',(6.407696785674E+03,-37.69753978981,
    346.37256030588));
#2551 = CARTESIAN_POINT('',(6.407525265725E+03,-37.72719376287,
    346.36598376577));
#2552 = CARTESIAN_POINT('',(6.407353880448E+03,-37.75761362083,
    346.3592949908));
#2553 = CARTESIAN_POINT('',(6.407182670318E+03,-37.7890064015,
    346.35253252567));
#2554 = CARTESIAN_POINT('',(6.407011680573E+03,-37.82158802323,
    346.34574216046));
#2555 = CARTESIAN_POINT('',(6.406841040931E+03,-37.85597180642,
    346.33886734351));
#2556 = CARTESIAN_POINT('',(6.406671074894E+03,-37.89358353528,
    346.33193632588));
#2557 = CARTESIAN_POINT('',(6.406502038793E+03,-37.93517572497,
    346.3249548597));
#2558 = CARTESIAN_POINT('',(6.406333870802E+03,-37.98013078739,
    346.31792118978));
#2559 = CARTESIAN_POINT('',(6.40616653382E+03,-38.02808363361,
    346.31083366997));
#2560 = CARTESIAN_POINT('',(6.406000178072E+03,-38.07935767941,
    346.30369656897));
#2561 = CARTESIAN_POINT('',(6.405835259547E+03,-38.13510480531,
    346.29653712841));
#2562 = CARTESIAN_POINT('',(6.405672030694E+03,-38.19562861198,
    346.28942463863));
#2563 = CARTESIAN_POINT('',(6.405510696072E+03,-38.26103832675,
    346.28230450929));
#2564 = CARTESIAN_POINT('',(6.405351674911E+03,-38.33191899925,
    346.2752176928));
#2565 = CARTESIAN_POINT('',(6.405195870359E+03,-38.40967336829,
    346.26820504267));
#2566 = CARTESIAN_POINT('',(6.405044159263E+03,-38.49513685715,
    346.26131368206));
#2567 = CARTESIAN_POINT('',(6.404896459887E+03,-38.58734504547,
    346.25454612463));
#2568 = CARTESIAN_POINT('',(6.404753216039E+03,-38.68633378706,
    346.24792864444));
#2569 = CARTESIAN_POINT('',(6.404615456495E+03,-38.79294245895,
    346.24151659163));
#2570 = CARTESIAN_POINT('',(6.404485493654E+03,-38.90884120097,
    346.23542071065));
#2571 = CARTESIAN_POINT('',(6.404360479791E+03,-39.03011443584,
    346.22955855975));
#2572 = CARTESIAN_POINT('',(6.404246361265E+03,-39.16184663287,
    346.22416585668));
#2573 = CARTESIAN_POINT('',(6.404142319413E+03,-39.30145938666,
    346.21922493626));
#2574 = CARTESIAN_POINT('',(6.404042467989E+03,-39.44409120425,
    346.21445880243));
#2575 = CARTESIAN_POINT('',(6.403952453932E+03,-39.59323011572,
    346.21014260009));
#2576 = CARTESIAN_POINT('',(6.403875362439E+03,-39.74964703942,
    346.20643140901));
#2577 = CARTESIAN_POINT('',(6.403817936004E+03,-39.9143264074,
    346.20365838851));
#2578 = CARTESIAN_POINT('',(6.403775195062E+03,-40.08319416353,
    346.20159011742));
#2579 = CARTESIAN_POINT('',(6.403741879784E+03,-40.25401985783,
    346.19997544832));
#2580 = CARTESIAN_POINT('',(6.403711548213E+03,-40.42559336633,
    346.19850323621));
#2581 = CARTESIAN_POINT('',(6.403696215613E+03,-40.65750223642,
    346.19775821695));
#2582 = CARTESIAN_POINT('',(6.403698908912E+03,-40.83167740783,
    346.19788913094));
#2583 = CARTESIAN_POINT('',(6.40370675346E+03,-40.94750105991,
    346.19827019655));
#2584 = CARTESIAN_POINT('',(6.452490939224E+03,3.696716014704,
    347.45682918369));
#2585 = CARTESIAN_POINT('',(6.40370675346E+03,-40.94750105991,
    346.19827019655));
#2586 = ( GEOMETRIC_REPRESENTATION_CONTEXT(3) 
GLOBAL_UNCERTAINTY_ASSIGNED_CONTEXT((#2590)) 
GLOBAL_UNIT_ASSIGNED_CONTEXT((#2587,#2588,#2589)) REPRESENTATION_CONTEXT
('Context #1','3D Context with UNIT and UNCERTAINTY') );
#2587 = ( LENGTH_UNIT() NAMED_UNIT(*) SI_UNIT(.MILLI.,.METRE.) );
#2588 = ( NAMED_UNIT(*) PLANE_ANGLE_UNIT() SI_UNIT($,.RADIAN.) );
#2589 = ( NAMED_UNIT(*) SI_UNIT($,.STERADIAN.) SOLID_ANGLE_UNIT() );
#2590 = UNCERTAINTY_MEASURE_WITH_UNIT(LENGTH_MEASURE(1.E-07),#2587,
  'distance_accuracy_value','confusion accuracy');
#2591 = CONTEXT_DEPENDENT_SHAPE_REPRESENTATION(#2592,#2594);
#2592 = ( REPRESENTATION_RELATIONSHIP('','',#2180,#10) 
REPRESENTATION_RELATIONSHIP_WITH_TRANSFORMATION(#2593) 
SHAPE_REPRESENTATION_RELATIONSHIP() );
#2593 = ITEM_DEFINED_TRANSFORMATION('','',#11,#35);
#2594 = PRODUCT_DEFINITION_SHAPE('Placement','Placement of an item',
  #2595);
#2595 = NEXT_ASSEMBLY_USAGE_OCCURRENCE('26','','',#5,#2175,$);
#2596 = PRODUCT_RELATED_PRODUCT_CATEGORY('part',$,(#2177));
#2597 = SHAPE_DEFINITION_REPRESENTATION(#2598,#2604);
#2598 = PRODUCT_DEFINITION_SHAPE('','',#2599);
#2599 = PRODUCT_DEFINITION('design','',#2600,#2603);
#2600 = PRODUCT_DEFINITION_FORMATION('','',#2601);
#2601 = PRODUCT('Open CASCADE STEP translator 7.8 3.7',
  'Open CASCADE STEP translator 7.8 3.7','',(#2602));
#2602 = PRODUCT_CONTEXT('',#2,'mechanical');
#2603 = PRODUCT_DEFINITION_CONTEXT('part definition',#2,'design');
#2604 = GEOMETRICALLY_BOUNDED_WIREFRAME_SHAPE_REPRESENTATION('',(#11,
    #2605),#3010);
#2605 = GEOMETRIC_CURVE_SET('',(#2606));
#2606 = TRIMMED_CURVE('',#2607,(#3008,PARAMETER_VALUE(0.)),(#3009,
    PARAMETER_VALUE(1.)),.T.,.PARAMETER.);
#2607 = B_SPLINE_CURVE_WITH_KNOTS('',3,(#2608,#2609,#2610,#2611,#2612,
    #2613,#2614,#2615,#2616,#2617,#2618,#2619,#2620,#2621,#2622,#2623,
    #2624,#2625,#2626,#2627,#2628,#2629,#2630,#2631,#2632,#2633,#2634,
    #2635,#2636,#2637,#2638,#2639,#2640,#2641,#2642,#2643,#2644,#2645,
    #2646,#2647,#2648,#2649,#2650,#2651,#2652,#2653,#2654,#2655,#2656,
    #2657,#2658,#2659,#2660,#2661,#2662,#2663,#2664,#2665,#2666,#2667,
    #2668,#2669,#2670,#2671,#2672,#2673,#2674,#2675,#2676,#2677,#2678,
    #2679,#2680,#2681,#2682,#2683,#2684,#2685,#2686,#2687,#2688,#2689,
    #2690,#2691,#2692,#2693,#2694,#2695,#2696,#2697,#2698,#2699,#2700,
    #2701,#2702,#2703,#2704,#2705,#2706,#2707,#2708,#2709,#2710,#2711,
    #2712,#2713,#2714,#2715,#2716,#2717,#2718,#2719,#2720,#2721,#2722,
    #2723,#2724,#2725,#2726,#2727,#2728,#2729,#2730,#2731,#2732,#2733,
    #2734,#2735,#2736,#2737,#2738,#2739,#2740,#2741,#2742,#2743,#2744,
    #2745,#2746,#2747,#2748,#2749,#2750,#2751,#2752,#2753,#2754,#2755,
    #2756,#2757,#2758,#2759,#2760,#2761,#2762,#2763,#2764,#2765,#2766,
    #2767,#2768,#2769,#2770,#2771,#2772,#2773,#2774,#2775,#2776,#2777,
    #2778,#2779,#2780,#2781,#2782,#2783,#2784,#2785,#2786,#2787,#2788,
    #2789,#2790,#2791,#2792,#2793,#2794,#2795,#2796,#2797,#2798,#2799,
    #2800,#2801,#2802,#2803,#2804,#2805,#2806,#2807,#2808,#2809,#2810,
    #2811,#2812,#2813,#2814,#2815,#2816,#2817,#2818,#2819,#2820,#2821,
    #2822,#2823,#2824,#2825,#2826,#2827,#2828,#2829,#2830,#2831,#2832,
    #2833,#2834,#2835,#2836,#2837,#2838,#2839,#2840,#2841,#2842,#2843,
    #2844,#2845,#2846,#2847,#2848,#2849,#2850,#2851,#2852,#2853,#2854,
    #2855,#2856,#2857,#2858,#2859,#2860,#2861,#2862,#2863,#2864,#2865,
    #2866,#2867,#2868,#2869,#2870,#2871,#2872,#2873,#2874,#2875,#2876,
    #2877,#2878,#2879,#2880,#2881,#2882,#2883,#2884,#2885,#2886,#2887,
    #2888,#2889,#2890,#2891,#2892,#2893,#2894,#2895,#2896,#2897,#2898,
    #2899,#2900,#2901,#2902,#2903,#2904,#2905,#2906,#2907,#2908,#2909,
    #2910,#2911,#2912,#2913,#2914,#2915,#2916,#2917,#2918,#2919,#2920,
    #2921,#2922,#2923,#2924,#2925,#2926,#2927,#2928,#2929,#2930,#2931,
    #2932,#2933,#2934,#2935,#2936,#2937,#2938,#2939,#2940,#2941,#2942,
    #2943,#2944,#2945,#2946,#2947,#2948,#2949,#2950,#2951,#2952,#2953,
    #2954,#2955,#2956,#2957,#2958,#2959,#2960,#2961,#2962,#2963,#2964,
    #2965,#2966,#2967,#2968,#2969,#2970,#2971,#2972,#2973,#2974,#2975,
    #2976,#2977,#2978,#2979,#2980,#2981,#2982,#2983,#2984,#2985,#2986,
    #2987,#2988,#2989,#2990,#2991,#2992,#2993,#2994,#2995,#2996,#2997,
    #2998,#2999,#3000,#3001,#3002,#3003,#3004,#3005,#3006,#3007),
  .UNSPECIFIED.,.F.,.F.,(4,1,1,1,1,1,1,1,1,1,1,1,1,1,1,1,1,1,1,1,1,1,1,1
    ,1,1,1,1,1,1,1,1,1,1,1,1,1,1,1,1,1,1,1,1,1,1,1,1,1,1,1,1,1,1,1,1,1,1
    ,1,1,1,1,1,1,1,1,1,1,1,1,1,1,1,1,1,1,1,1,1,1,1,1,1,1,1,1,1,1,1,1,1,1
    ,1,1,1,1,1,1,1,1,1,1,1,1,1,1,1,1,1,1,1,1,1,1,1,1,1,1,1,1,1,1,1,1,1,1
    ,1,1,1,1,1,1,1,1,1,1,1,1,1,1,1,1,1,1,1,1,1,1,1,1,1,1,1,1,1,1,1,1,1,1
    ,1,1,1,1,1,1,1,1,1,1,1,1,1,1,1,1,1,1,1,1,1,1,1,1,1,1,1,1,1,1,1,1,1,1
    ,1,1,1,1,1,1,1,1,1,1,1,1,1,1,1,1,1,1,1,1,1,1,1,1,1,1,1,1,1,1,1,1,1,1
    ,1,1,1,1,1,1,1,1,1,1,1,1,1,1,1,1,1,1,1,1,1,1,1,1,1,1,1,1,1,1,1,1,1,1
    ,1,1,1,1,1,1,1,1,1,1,1,1,1,1,1,1,1,1,1,1,1,1,1,1,1,1,1,1,1,1,1,1,1,1
    ,1,1,1,1,1,1,1,1,1,1,1,1,1,1,1,1,1,1,1,1,1,1,1,1,1,1,1,1,1,1,1,1,1,1
    ,1,1,1,1,1,1,1,1,1,1,1,1,1,1,1,1,1,1,1,1,1,1,1,1,1,1,1,1,1,1,1,1,1,1
    ,1,1,1,1,1,1,1,1,1,1,1,1,1,1,1,1,1,1,1,1,1,1,1,1,1,1,1,1,1,1,1,1,1,4
    ),(0.,4.957037709854E-03,7.439801084227E-03,9.925815043743E-03,
    1.241478739017E-02,1.490687750396E-02,1.740243142383E-02,
    1.990165915123E-02,2.240428500444E-02,2.490961062655E-02,
    2.741692396684E-02,2.992604135387E-02,3.243717173832E-02,
    3.495050906774E-02,3.746588942169E-02,3.998294473821E-02,
    4.250142197671E-02,4.502131653242E-02,4.754275319649E-02,
    5.006581048078E-02,5.259049454649E-02,5.511679811143E-02,
    5.764472389648E-02,6.01742842688E-02,6.270549670181E-02,
    6.523841275308E-02,6.777315926056E-02,7.03098626926E-02,
    7.284860666201E-02,7.538938128315E-02,7.79321534996E-02,
    8.047687293541E-02,8.302347852292E-02,8.557197967725E-02,
    8.812244847937E-02,9.067494780211E-02,9.322944628974E-02,
    9.578582076281E-02,9.834391951864E-02,0.100903567425,0.103464648252,
    0.106027167145,0.10859117471,0.111156710798,0.113723764354,
    0.116292345149,0.118862440928,0.12143404812,0.12400715875,
    0.126581728777,0.129157637232,0.131734729556,0.134312897199,
    0.136892087117,0.139472289718,0.142053553161,0.144635956354,
    0.147219584097,0.149804478152,0.152390639855,0.154977991557,
    0.157566425874,0.16015583526,0.162746170858,0.165337409573,
    0.167929542022,0.170522598766,0.173116588557,0.175711474525,
    0.178307137264,0.180903425787,0.183500184052,0.186097379481,
    0.188694993345,0.19129297666,0.193891131367,0.196489229255,
    0.199087076497,0.201684672291,0.204282040199,0.206879160258,
    0.209475806818,0.212071716631,0.214666674882,0.217260683749,
    0.21985377679,0.222445945977,0.22503697471,0.227626624288,
    0.230214710392,0.232801244169,0.23538627477,0.237969823975,
    0.240551746363,0.243131887984,0.245710133311,0.248286502313,
    0.250861049906,0.253433820075,0.256004744434,0.258573740117,
    0.261140734962,0.263705725618,0.266268747937,0.26882985968,
    0.271389085776,0.273946446884,0.276501965289,0.279055681849,
    0.281607647985,0.284157911478,0.286706493287,0.28925339026,
    0.291798582336,0.294342038617,0.296883745767,0.299423701854,
    0.30196192577,0.304498449345,0.307033341001,0.309566691923,
    0.312098600255,0.3146291642,0.317158453899,0.319686504784,
    0.322213313244,0.324738869737,0.327263167604,0.329786209947,
    0.332308021861,0.334828631844,0.337348065402,0.339866332881,
    0.34238344922,0.344899436379,0.347414322274,0.349928152012,
    0.352440978902,0.354952851536,0.3574637991,0.359973837789,
    0.362482982381,0.364991246864,0.367498644119,0.370005197556,
    0.372510933358,0.375015872387,0.377520017392,0.3800233626,
    0.382525906259,0.385027656359,0.387528633835,0.390028877129,
    0.392528445999,0.39502740451,0.397525809024,0.40002369557,
    0.402521087608,0.405017996057,0.407514421227,0.410010357251,
    0.412505802054,0.415000765329,0.417495259626,0.419989295223,
    0.422482875479,0.424976006359,0.427468695285,0.429960949969,
    0.432452777915,0.434944187504,0.437435197237,0.439925827692,
    0.442416097774,0.444906015757,0.447395587228,0.449884817341,
    0.452373709887,0.454862266599,0.457350487077,0.459838370067,
    0.462325922079,0.464813151207,0.467300064929,0.469786663826,
    0.472272950229,0.47475893162,0.477244620244,0.479730031572,
    0.482215182254,0.484700088805,0.487184768284,0.489669242363,
    0.492153529342,0.494637640966,0.497121577684,0.499605336541,
    0.50208891369,0.504572305494,0.507055508967,0.50953852186,
    0.512021343048,0.51450397295,0.51698641821,0.519468688705,
    0.521950794407,0.524432740249,0.526914528633,0.529396161929,
    0.53187764251,0.534358972735,0.536840154949,0.539321191477,
    0.54180208464,0.544282836763,0.546763452736,0.549243940027,
    0.551724305944,0.554204555083,0.556684689313,0.559164710517,
    0.561644620579,0.564124421393,0.566604114853,0.569083702848,
    0.571563187278,0.574042570052,0.576521853053,0.579001039199,
    0.581480133243,0.583959139675,0.586438061552,0.588916899687,
    0.591395654808,0.593874327673,0.596352919067,0.598831429746,
    0.601309860505,0.603788212373,0.606266486892,0.608744686258,
    0.611222813289,0.61370087156,0.616178866325,0.61865680283,
    0.621134685691,0.623612517745,0.626090301567,0.628568039609,
    0.631045734027,0.633523386469,0.63600099798,0.638478569052,
    0.640956099795,0.643433590177,0.645911040185,0.64838844987,
    0.650865819326,0.653343149579,0.655820442324,0.658297699274,
    0.660774921264,0.663252108519,0.665729261309,0.668206379935,
    0.67068346472,0.673160515997,0.675637534104,0.678114519379,
    0.680591472166,0.683068392793,0.685545281586,0.688022138921,
    0.690498965325,0.692975761599,0.695452529015,0.69792926915,
    0.700405983716,0.70288267427,0.705359342279,0.707835989138,
    0.710312616187,0.71278922472,0.715265816002,0.71774239124,
    0.720218951522,0.72269549773,0.7251720305,0.72764855024,
    0.730125057187,0.732601551511,0.735078033371,0.737554502462,
    0.740030958176,0.742507399982,0.74498382791,0.747460242366,
    0.74993664375,0.752413032455,0.754889408862,0.757365773345,
    0.759842126267,0.762318467982,0.764794798836,0.767271119167,
    0.769747429306,0.772223729576,0.774700020291,0.777176301755,
    0.779652574254,0.782128837444,0.784605090436,0.787081332453,
    0.789557563486,0.792033784239,0.79450999549,0.796986198043,
    0.799462392687,0.80193858018,0.804414761257,0.806890936637,
    0.80936710702,0.811843273105,0.814319435584,0.816795595124,
    0.819271752325,0.821747907675,0.824224061532,0.826700214089,
    0.829176364537,0.831652511714,0.834128654542,0.836604792897,
    0.839080927008,0.8415570571,0.844033183399,0.846509306125,
    0.848985425498,0.851461541744,0.853937655117,0.856413765908,
    0.858889874446,0.861365981093,0.863842086226,0.866318190222,
    0.868794293451,0.871270396282,0.873746498956,0.876222600694,
    0.878698700488,0.881174797462,0.883650891756,0.886126983704,
    0.888603073561,0.891079161486,0.893555247536,0.896031331689,
    0.898507413889,0.900983494068,0.903459572167,0.905935648122,
    0.908411721862,0.910887793311,0.913363862359,0.915839928822,
    0.918315992539,0.920792053608,0.923268111964,0.925744168014,
    0.928220223045,0.930696279589,0.933172340331,0.93564840704,
    0.938124480206,0.940600559085,0.943076642162,0.945552727846,
    0.948028815005,0.950504903181,0.952980992415,0.955457082867,
    0.957933174268,0.96040926547,0.962885354112,0.965361437011,
    0.967837511407,0.970313576521,0.972789634398,0.975265690351,
    0.977741751235,0.980217823614,0.982693933661,0.985170036174,
    0.987646162974,0.990122293799,0.99259733402,0.995069578093,1.),
  .UNSPECIFIED.);
#2608 = CARTESIAN_POINT('',(6.401065555176E+03,-41.99220496491,
    373.13337202135));
#2609 = CARTESIAN_POINT('',(6.401076966482E+03,-42.14677217038,
    373.13642427232));
#2610 = CARTESIAN_POINT('',(6.401119127144E+03,-42.37611565259,
    373.14769410484));
#2611 = CARTESIAN_POINT('',(6.401211622191E+03,-42.67122787897,
    373.17253807473));
#2612 = CARTESIAN_POINT('',(6.40129193106E+03,-42.88889680666,
    373.19417781832));
#2613 = CARTESIAN_POINT('',(6.401381494101E+03,-43.10297523315,
    373.21839420143));
#2614 = CARTESIAN_POINT('',(6.401480509499E+03,-43.31286039196,
    373.24526372593));
#2615 = CARTESIAN_POINT('',(6.4015889834E+03,-43.51802481961,
    373.27481801186));
#2616 = CARTESIAN_POINT('',(6.401707286885E+03,-43.71763573248,
    373.30716664563));
#2617 = CARTESIAN_POINT('',(6.401833919402E+03,-43.91195386353,
    373.34199791328));
#2618 = CARTESIAN_POINT('',(6.401965391931E+03,-44.10300457146,
    373.37840004034));
#2619 = CARTESIAN_POINT('',(6.402099511139E+03,-44.29226172471,
    373.41576436088));
#2620 = CARTESIAN_POINT('',(6.402235797357E+03,-44.48003159154,
    373.45395572782));
#2621 = CARTESIAN_POINT('',(6.402375794773E+03,-44.6650388965,
    373.49340541658));
#2622 = CARTESIAN_POINT('',(6.402519772725E+03,-44.84692178958,
    373.53419162258));
#2623 = CARTESIAN_POINT('',(6.402667154325E+03,-45.02601988254,
    373.57615031715));
#2624 = CARTESIAN_POINT('',(6.402816708775E+03,-45.20331774187,
    373.61892172341));
#2625 = CARTESIAN_POINT('',(6.402967725635E+03,-45.3794135889,
    373.66229711002));
#2626 = CARTESIAN_POINT('',(6.403120698213E+03,-45.55382466017,
    373.70637442894));
#2627 = CARTESIAN_POINT('',(6.403275534479E+03,-45.72656857641,
    373.75126555429));
#2628 = CARTESIAN_POINT('',(6.403432208115E+03,-45.89764182423,
    373.79696017436));
#2629 = CARTESIAN_POINT('',(6.403590689925E+03,-46.06704136266,
    373.84343449388));
#2630 = CARTESIAN_POINT('',(6.403750973915E+03,-46.23473800709,
    373.89067284305));
#2631 = CARTESIAN_POINT('',(6.403913079412E+03,-46.40067594803,
    373.93866497254));
#2632 = CARTESIAN_POINT('',(6.404077050058E+03,-46.56477238959,
    373.9874058534));
#2633 = CARTESIAN_POINT('',(6.404242945884E+03,-46.72692368949,
    374.03689688207));
#2634 = CARTESIAN_POINT('',(6.404410832535E+03,-46.88702296971,
    374.08712849478));
#2635 = CARTESIAN_POINT('',(6.404580763784E+03,-47.04496313256,
    374.13812780149));
#2636 = CARTESIAN_POINT('',(6.404752765512E+03,-47.20062422517,
    374.19003562914));
#2637 = CARTESIAN_POINT('',(6.404926868995E+03,-47.35392741098,
    374.2428102556));
#2638 = CARTESIAN_POINT('',(6.405103073836E+03,-47.50480763196,
    374.2964419578));
#2639 = CARTESIAN_POINT('',(6.405281358786E+03,-47.65322209137,
    374.35090182661));
#2640 = CARTESIAN_POINT('',(6.405461689195E+03,-47.79914353846,
    374.40615509017));
#2641 = CARTESIAN_POINT('',(6.405644024401E+03,-47.94255294593,
    374.46217293958));
#2642 = CARTESIAN_POINT('',(6.405828347093E+03,-48.08342273602,
    374.51889174025));
#2643 = CARTESIAN_POINT('',(6.406014621328E+03,-48.22169771478,
    374.57639097117));
#2644 = CARTESIAN_POINT('',(6.406202800915E+03,-48.35734367644,
    374.63472083031));
#2645 = CARTESIAN_POINT('',(6.406392838124E+03,-48.49036917939,
    374.69381356689));
#2646 = CARTESIAN_POINT('',(6.406584651796E+03,-48.62081493908,
    374.75362015967));
#2647 = CARTESIAN_POINT('',(6.406778142208E+03,-48.7487565092,
    374.81407344528));
#2648 = CARTESIAN_POINT('',(6.406973188392E+03,-48.87431233703,
    374.87510630618));
#2649 = CARTESIAN_POINT('',(6.407169670481E+03,-48.99763513427,
    374.93662447782));
#2650 = CARTESIAN_POINT('',(6.40736749234E+03,-49.11881692118,
    374.99863232929));
#2651 = CARTESIAN_POINT('',(6.407566597546E+03,-49.23784949374,
    375.06123249182));
#2652 = CARTESIAN_POINT('',(6.407767033949E+03,-49.35463354489,
    375.12436347537));
#2653 = CARTESIAN_POINT('',(6.40796890156E+03,-49.46893230995,
    375.18802991951));
#2654 = CARTESIAN_POINT('',(6.408172361378E+03,-49.58037290193,
    375.25223834271));
#2655 = CARTESIAN_POINT('',(6.408377544284E+03,-49.68860059953,
    375.31699610392));
#2656 = CARTESIAN_POINT('',(6.408584500978E+03,-49.79341522482,
    375.38225029205));
#2657 = CARTESIAN_POINT('',(6.408793174602E+03,-49.89475705216,
    375.44803521442));
#2658 = CARTESIAN_POINT('',(6.409003426129E+03,-49.99275359991,
    375.51434927316));
#2659 = CARTESIAN_POINT('',(6.409215062867E+03,-50.08771785229,
    375.58111285466));
#2660 = CARTESIAN_POINT('',(6.409427904391E+03,-50.17995831955,
    375.64826633033));
#2661 = CARTESIAN_POINT('',(6.409641853206E+03,-50.26961199087,
    375.71577112376));
#2662 = CARTESIAN_POINT('',(6.409856878136E+03,-50.35666223658,
    375.78361238455));
#2663 = CARTESIAN_POINT('',(6.410073018529E+03,-50.44091400557,
    375.85179012337));
#2664 = CARTESIAN_POINT('',(6.410290363544E+03,-50.52203223276,
    375.92029980721));
#2665 = CARTESIAN_POINT('',(6.410508963655E+03,-50.59969982022,
    375.989196033));
#2666 = CARTESIAN_POINT('',(6.410728807912E+03,-50.67376367632,
    376.05850022611));
#2667 = CARTESIAN_POINT('',(6.410949835282E+03,-50.74420618827,
    376.12822413538));
#2668 = CARTESIAN_POINT('',(6.411171938667E+03,-50.8111652975,
    376.1983599942));
#2669 = CARTESIAN_POINT('',(6.411394984423E+03,-50.87487300116,
    376.26891060745));
#2670 = CARTESIAN_POINT('',(6.411618881418E+03,-50.93554458337,
    376.33978636152));
#2671 = CARTESIAN_POINT('',(6.411843554191E+03,-50.99329028678,
    376.41096851409));
#2672 = CARTESIAN_POINT('',(6.412068946338E+03,-51.04816600203,
    376.48244425322));
#2673 = CARTESIAN_POINT('',(6.412295017013E+03,-51.10018067337,
    376.55420489278));
#2674 = CARTESIAN_POINT('',(6.412521737328E+03,-51.14929264953,
    376.62624904451));
#2675 = CARTESIAN_POINT('',(6.412749086349E+03,-51.19543582076,
    376.69856485356));
#2676 = CARTESIAN_POINT('',(6.412977025482E+03,-51.23851112781,
    376.7712056062));
#2677 = CARTESIAN_POINT('',(6.413205548578E+03,-51.27835378633,
    376.84413129066));
#2678 = CARTESIAN_POINT('',(6.413434642856E+03,-51.31476161394,
    376.91730249664));
#2679 = CARTESIAN_POINT('',(6.413664278052E+03,-51.34758424854,
    376.99066985727));
#2680 = CARTESIAN_POINT('',(6.413894404718E+03,-51.37677808848,
    377.06418922373));
#2681 = CARTESIAN_POINT('',(6.414124976949E+03,-51.4024158862,
    377.13777331376));
#2682 = CARTESIAN_POINT('',(6.414355875716E+03,-51.42468436099,
    377.21155298744));
#2683 = CARTESIAN_POINT('',(6.414587047205E+03,-51.44381714091,
    377.2854540627));
#2684 = CARTESIAN_POINT('',(6.414818444338E+03,-51.45997962235,
    377.3594065194));
#2685 = CARTESIAN_POINT('',(6.415050028339E+03,-51.47322888683,
    377.43333916033));
#2686 = CARTESIAN_POINT('',(6.415281768512E+03,-51.48353519368,
    377.50719476958));
#2687 = CARTESIAN_POINT('',(6.415513655362E+03,-51.49078611547,
    377.58087973824));
#2688 = CARTESIAN_POINT('',(6.415745589271E+03,-51.4948346222,
    377.65458895755));
#2689 = CARTESIAN_POINT('',(6.415977549388E+03,-51.49557384971,
    377.72822661146));
#2690 = CARTESIAN_POINT('',(6.41620949429E+03,-51.49293153689,
    377.80171868025));
#2691 = CARTESIAN_POINT('',(6.41644137739E+03,-51.48688598908,
    377.87498063245));
#2692 = CARTESIAN_POINT('',(6.416673157764E+03,-51.47747367757,
    377.94793771075));
#2693 = CARTESIAN_POINT('',(6.416904811739E+03,-51.46475304139,
    378.02049910656));
#2694 = CARTESIAN_POINT('',(6.417136229775E+03,-51.44878772918,
    378.09287905465));
#2695 = CARTESIAN_POINT('',(6.417367398888E+03,-51.42962447786,
    378.16496503454));
#2696 = CARTESIAN_POINT('',(6.417598281742E+03,-51.40728743487,
    378.23669157005));
#2697 = CARTESIAN_POINT('',(6.417828838515E+03,-51.38178483111,
    378.3079784541));
#2698 = CARTESIAN_POINT('',(6.418059034619E+03,-51.35312572583,
    378.37875234237));
#2699 = CARTESIAN_POINT('',(6.41828884451E+03,-51.32132017887,
    378.44894026332));
#2700 = CARTESIAN_POINT('',(6.418518171327E+03,-51.28639404778,
    378.51873396614));
#2701 = CARTESIAN_POINT('',(6.418747001607E+03,-51.24837305723,
    378.58803842071));
#2702 = CARTESIAN_POINT('',(6.418975301606E+03,-51.207291862,
    378.65680964415));
#2703 = CARTESIAN_POINT('',(6.419203039153E+03,-51.16319010019,
    378.7249893755));
#2704 = CARTESIAN_POINT('',(6.419430189263E+03,-51.11612439149,
    378.79252861906));
#2705 = CARTESIAN_POINT('',(6.419656737547E+03,-51.06615393842,
    378.85937327137));
#2706 = CARTESIAN_POINT('',(6.4198826182E+03,-51.01332778235,
    378.92566127459));
#2707 = CARTESIAN_POINT('',(6.420107809619E+03,-50.95764948245,
    378.99133896368));
#2708 = CARTESIAN_POINT('',(6.420332267729E+03,-50.89908846046,
    379.05638142794));
#2709 = CARTESIAN_POINT('',(6.420555934826E+03,-50.83757123249,
    379.1207502515));
#2710 = CARTESIAN_POINT('',(6.420778748216E+03,-50.77301998357,
    379.18441342159));
#2711 = CARTESIAN_POINT('',(6.421000660013E+03,-50.70539589623,
    379.24732700237));
#2712 = CARTESIAN_POINT('',(6.421221613734E+03,-50.63472159417,
    379.30955391791));
#2713 = CARTESIAN_POINT('',(6.421441588166E+03,-50.56106029135,
    379.37108637682));
#2714 = CARTESIAN_POINT('',(6.421660574797E+03,-50.4845133462,
    379.43192500518));
#2715 = CARTESIAN_POINT('',(6.421878572243E+03,-50.40519389727,
    379.49207060604));
#2716 = CARTESIAN_POINT('',(6.422095575862E+03,-50.32319494493,
    379.5515261745));
#2717 = CARTESIAN_POINT('',(6.422311581423E+03,-50.23859255658,
    379.61028485682));
#2718 = CARTESIAN_POINT('',(6.422526580123E+03,-50.15146817434,
    379.66837759905));
#2719 = CARTESIAN_POINT('',(6.422740569716E+03,-50.06190190125,
    379.72581808792));
#2720 = CARTESIAN_POINT('',(6.422953539363E+03,-49.96993971846,
    379.78260090882));
#2721 = CARTESIAN_POINT('',(6.423165455116E+03,-49.87557716807,
    379.83871927148));
#2722 = CARTESIAN_POINT('',(6.423376257114E+03,-49.77875426633,
    379.89415862723));
#2723 = CARTESIAN_POINT('',(6.423585845991E+03,-49.67932989284,
    379.94889535844));
#2724 = CARTESIAN_POINT('',(6.423794089549E+03,-49.57710555916,
    380.00289679625));
#2725 = CARTESIAN_POINT('',(6.42400086364E+03,-49.47194452305,
    380.05618287578));
#2726 = CARTESIAN_POINT('',(6.424206110364E+03,-49.36382776274,
    380.10873025227));
#2727 = CARTESIAN_POINT('',(6.424409834222E+03,-49.25286310288,
    380.16054241561));
#2728 = CARTESIAN_POINT('',(6.424612120503E+03,-49.1392968755,
    380.21164052304));
#2729 = CARTESIAN_POINT('',(6.424813125374E+03,-49.02348084498,
    380.26206449782));
#2730 = CARTESIAN_POINT('',(6.425012997465E+03,-48.90572276925,
    380.3118488128));
#2731 = CARTESIAN_POINT('',(6.425211830672E+03,-48.78621902511,
    380.36102289147));
#2732 = CARTESIAN_POINT('',(6.425409662648E+03,-48.66507720063,
    380.40964214725));
#2733 = CARTESIAN_POINT('',(6.425606487644E+03,-48.54230920254,
    380.45769495962));
#2734 = CARTESIAN_POINT('',(6.425802254475E+03,-48.4178611077,
    380.505171697));
#2735 = CARTESIAN_POINT('',(6.425996904513E+03,-48.29167215374,
    380.55205801146));
#2736 = CARTESIAN_POINT('',(6.426190394872E+03,-48.16371107121,
    380.59834468677));
#2737 = CARTESIAN_POINT('',(6.426382685323E+03,-48.03395135387,
    380.64402349626));
#2738 = CARTESIAN_POINT('',(6.4265737424E+03,-47.90237720163,
    380.68908754704));
#2739 = CARTESIAN_POINT('',(6.426763527123E+03,-47.76897995639,
    380.73357391902));
#2740 = CARTESIAN_POINT('',(6.426952011799E+03,-47.63375216701,
    380.77746945041));
#2741 = CARTESIAN_POINT('',(6.42713917504E+03,-47.49670059008,
    380.82077198881));
#2742 = CARTESIAN_POINT('',(6.427325010354E+03,-47.35785293762,
    380.86348082932));
#2743 = CARTESIAN_POINT('',(6.427509528253E+03,-47.21725862216,
    380.90559920812));
#2744 = CARTESIAN_POINT('',(6.427692754171E+03,-47.07498433849,
    380.94713661624));
#2745 = CARTESIAN_POINT('',(6.427874727829E+03,-46.93110784697,
    380.98809473339));
#2746 = CARTESIAN_POINT('',(6.42805548086E+03,-46.78570331493,
    381.02851561948));
#2747 = CARTESIAN_POINT('',(6.428235039167E+03,-46.63882989424,
    381.06842220069));
#2748 = CARTESIAN_POINT('',(6.428413424581E+03,-46.49053486259,
    381.10781387814));
#2749 = CARTESIAN_POINT('',(6.428590650144E+03,-46.34085598893,
    381.1466942102));
#2750 = CARTESIAN_POINT('',(6.42876672372E+03,-46.18982379452,
    381.18506433242));
#2751 = CARTESIAN_POINT('',(6.428941654771E+03,-46.03746984804,
    381.22292548801));
#2752 = CARTESIAN_POINT('',(6.429115450733E+03,-45.8838225312,
    381.26028148584));
#2753 = CARTESIAN_POINT('',(6.429288110365E+03,-45.72889600919,
    381.29712324845));
#2754 = CARTESIAN_POINT('',(6.429459612738E+03,-45.57269171007,
    381.3334825642));
#2755 = CARTESIAN_POINT('',(6.429629923913E+03,-45.41519203517,
    381.36936479352));
#2756 = CARTESIAN_POINT('',(6.429798997071E+03,-45.25636437127,
    381.40475775679));
#2757 = CARTESIAN_POINT('',(6.429966764168E+03,-45.09615699872,
    381.43964931884));
#2758 = CARTESIAN_POINT('',(6.430133167749E+03,-44.93453249294,
    381.47402899889));
#2759 = CARTESIAN_POINT('',(6.430298181387E+03,-44.77148767282,
    381.50789327337));
#2760 = CARTESIAN_POINT('',(6.430461822076E+03,-44.60706355644,
    381.54124817126));
#2761 = CARTESIAN_POINT('',(6.43062415785E+03,-44.44134896021,
    381.57410813327));
#2762 = CARTESIAN_POINT('',(6.43078529722E+03,-44.27446898662,
    381.60650267757));
#2763 = CARTESIAN_POINT('',(6.430945382589E+03,-44.10658158418,
    381.63849638902));
#2764 = CARTESIAN_POINT('',(6.43110455586E+03,-43.93783083316,
    381.67010954715));
#2765 = CARTESIAN_POINT('',(6.431262928383E+03,-43.76833003008,
    381.70136574472));
#2766 = CARTESIAN_POINT('',(6.431420570917E+03,-43.59815158753,
    381.73227750548));
#2767 = CARTESIAN_POINT('',(6.431577505453E+03,-43.42732121402,
    381.76284838584));
#2768 = CARTESIAN_POINT('',(6.431733710568E+03,-43.2558242,
    381.7930731284));
#2769 = CARTESIAN_POINT('',(6.431889134527E+03,-43.08361873221,
    381.82294177878));
#2770 = CARTESIAN_POINT('',(6.432043722608E+03,-42.91066070874,
    381.85244101246));
#2771 = CARTESIAN_POINT('',(6.432197432125E+03,-42.73691980975,
    381.88157197788));
#2772 = CARTESIAN_POINT('',(6.432350226863E+03,-42.56237611912,
    381.91036157172));
#2773 = CARTESIAN_POINT('',(6.432502088337E+03,-42.38701960191,
    381.93879700519));
#2774 = CARTESIAN_POINT('',(6.432653012126E+03,-42.21085519482,
    381.9668788201));
#2775 = CARTESIAN_POINT('',(6.432803006691E+03,-42.03389880353,
    381.99460728247));
#2776 = CARTESIAN_POINT('',(6.432952087644E+03,-41.85617210527,
    382.02198475984));
#2777 = CARTESIAN_POINT('',(6.433100267408E+03,-41.6776934257,
    382.04901305323));
#2778 = CARTESIAN_POINT('',(6.433247556834E+03,-41.49847923174,
    382.07569316362));
#2779 = CARTESIAN_POINT('',(6.433393967395E+03,-41.31854604622,
    382.10202860821));
#2780 = CARTESIAN_POINT('',(6.433539511263E+03,-41.13790883254,
    382.12801429908));
#2781 = CARTESIAN_POINT('',(6.433684197466E+03,-40.95658597362,
    382.15369239638));
#2782 = CARTESIAN_POINT('',(6.433828037848E+03,-40.77459219199,
    382.17906406297));
#2783 = CARTESIAN_POINT('',(6.433971043264E+03,-40.59194169187,
    382.20413013324));
#2784 = CARTESIAN_POINT('',(6.434113228094E+03,-40.40865174757,
    382.22889217809));
#2785 = CARTESIAN_POINT('',(6.434254606117E+03,-40.22473894458,
    382.25335170533));
#2786 = CARTESIAN_POINT('',(6.434395182227E+03,-40.04021267864,
    382.27750870237));
#2787 = CARTESIAN_POINT('',(6.434534948143E+03,-39.85507219926,
    382.30136116542));
#2788 = CARTESIAN_POINT('',(6.434673880977E+03,-39.66930578112,
    382.32490414154));
#2789 = CARTESIAN_POINT('',(6.434811944787E+03,-39.48289233328,
    382.34813304471));
#2790 = CARTESIAN_POINT('',(6.434949096108E+03,-39.29580452142,
    382.37103360146));
#2791 = CARTESIAN_POINT('',(6.435085287869E+03,-39.10801856444,
    382.39363749545));
#2792 = CARTESIAN_POINT('',(6.435220468034E+03,-38.91950339583,
    382.41593606868));
#2793 = CARTESIAN_POINT('',(6.435354594693E+03,-38.73023681254,
    382.43792191973));
#2794 = CARTESIAN_POINT('',(6.435487652037E+03,-38.54021645845,
    382.45959240222));
#2795 = CARTESIAN_POINT('',(6.43561965896E+03,-38.3494645024,
    382.48095061605));
#2796 = CARTESIAN_POINT('',(6.435750669567E+03,-38.15802673443,
    382.50200536589));
#2797 = CARTESIAN_POINT('',(6.435880766613E+03,-37.96596706054,
    382.52276989153));
#2798 = CARTESIAN_POINT('',(6.436010044329E+03,-37.77335517243,
    382.54325899111));
#2799 = CARTESIAN_POINT('',(6.436138591238E+03,-37.58025492355,
    382.56348622142));
#2800 = CARTESIAN_POINT('',(6.436266504272E+03,-37.38673410312,
    382.58346623439));
#2801 = CARTESIAN_POINT('',(6.436393868207E+03,-37.19285071509,
    382.60321105454));
#2802 = CARTESIAN_POINT('',(6.436520739325E+03,-36.99864650549,
    382.62276510668));
#2803 = CARTESIAN_POINT('',(6.436647141576E+03,-36.80413741944,
    382.64212451162));
#2804 = CARTESIAN_POINT('',(6.43677306537E+03,-36.60931854756,
    382.66128793322));
#2805 = CARTESIAN_POINT('',(6.436898475618E+03,-36.41416871212,
    382.68024824088));
#2806 = CARTESIAN_POINT('',(6.43702332869E+03,-36.21866182039,
    382.69899778253));
#2807 = CARTESIAN_POINT('',(6.437147590701E+03,-36.02277864858,
    382.71753046177));
#2808 = CARTESIAN_POINT('',(6.437271224528E+03,-35.82649827477,
    382.73583990681));
#2809 = CARTESIAN_POINT('',(6.437394194911E+03,-35.62980142713,
    382.75392039971));
#2810 = CARTESIAN_POINT('',(6.437516474444E+03,-35.4326741559,
    382.77176699241));
#2811 = CARTESIAN_POINT('',(6.437638046482E+03,-35.23510955888,
    382.78937872327));
#2812 = CARTESIAN_POINT('',(6.43775890603E+03,-35.03710710351,
    382.80674809305));
#2813 = CARTESIAN_POINT('',(6.437879056201E+03,-34.83867397054,
    382.82390323592));
#2814 = CARTESIAN_POINT('',(6.437998505974E+03,-34.63981904437,
    382.84085250323));
#2815 = CARTESIAN_POINT('',(6.438117261966E+03,-34.44054908744,
    382.85759457598));
#2816 = CARTESIAN_POINT('',(6.438235329366E+03,-34.24087038671,
    382.87413048686));
#2817 = CARTESIAN_POINT('',(6.438352713722E+03,-34.0407893923,
    382.89046069045));
#2818 = CARTESIAN_POINT('',(6.438469420344E+03,-33.84031233173,
    382.90658582645));
#2819 = CARTESIAN_POINT('',(6.438585454273E+03,-33.63944518526,
    382.92250649648));
#2820 = CARTESIAN_POINT('',(6.438700820213E+03,-33.43819365123,
    382.93822328307));
#2821 = CARTESIAN_POINT('',(6.438815522554E+03,-33.23656317635,
    382.95373685449));
#2822 = CARTESIAN_POINT('',(6.438929565472E+03,-33.03455898876,
    382.96904754467));
#2823 = CARTESIAN_POINT('',(6.439042953092E+03,-32.83218621931,
    382.98415700758));
#2824 = CARTESIAN_POINT('',(6.439155689893E+03,-32.62944959678,
    382.99906216919));
#2825 = CARTESIAN_POINT('',(6.439267779903E+03,-32.42635466413,
    383.01377788566));
#2826 = CARTESIAN_POINT('',(6.439379227149E+03,-32.22290693728,
    383.02832017409));
#2827 = CARTESIAN_POINT('',(6.439490036208E+03,-32.01911095549,
    383.04268559646));
#2828 = CARTESIAN_POINT('',(6.439600211498E+03,-31.81497167408,
    383.05687595714));
#2829 = CARTESIAN_POINT('',(6.439709757544E+03,-31.61049403737,
    383.07089169802));
#2830 = CARTESIAN_POINT('',(6.439818678984E+03,-31.40568300988,
    383.08473367595));
#2831 = CARTESIAN_POINT('',(6.43992698058E+03,-31.2005435478,
    383.09840268543));
#2832 = CARTESIAN_POINT('',(6.440034667179E+03,-30.9950805878,
    383.11189958313));
#2833 = CARTESIAN_POINT('',(6.440141743701E+03,-30.78929903456,
    383.12522523823));
#2834 = CARTESIAN_POINT('',(6.440248215006E+03,-30.58320369748,
    383.13838056957));
#2835 = CARTESIAN_POINT('',(6.440354086449E+03,-30.37679957071,
    383.1513664424));
#2836 = CARTESIAN_POINT('',(6.440459364435E+03,-30.17009211323,
    383.16418435801));
#2837 = CARTESIAN_POINT('',(6.440564053631E+03,-29.96308559604,
    383.17683377795));
#2838 = CARTESIAN_POINT('',(6.440668155062E+03,-29.75578270297,
    383.18932061295));
#2839 = CARTESIAN_POINT('',(6.440771665208E+03,-29.54818441019,
    383.20166093009));
#2840 = CARTESIAN_POINT('',(6.440874576699E+03,-29.34028873259,
    383.21385060286));
#2841 = CARTESIAN_POINT('',(6.440976878748E+03,-29.13209248806,
    383.22589008602));
#2842 = CARTESIAN_POINT('',(6.441078559451E+03,-28.92359206005,
    383.23777843018));
#2843 = CARTESIAN_POINT('',(6.441179608043E+03,-28.71478453812,
    383.2495152248));
#2844 = CARTESIAN_POINT('',(6.441280013526E+03,-28.50566700674,
    383.26109998651));
#2845 = CARTESIAN_POINT('',(6.441379764662E+03,-28.29623654726,
    383.27253227829));
#2846 = CARTESIAN_POINT('',(6.441478845865E+03,-28.08648827581,
    383.28381121302));
#2847 = CARTESIAN_POINT('',(6.441577244779E+03,-27.87641900312,
    383.29493633625));
#2848 = CARTESIAN_POINT('',(6.441674959159E+03,-27.66603039028,
    383.30590837276));
#2849 = CARTESIAN_POINT('',(6.441772000206E+03,-27.45533032439,
    383.31672958383));
#2850 = CARTESIAN_POINT('',(6.441868393189E+03,-27.24433297129,
    383.32740368569));
#2851 = CARTESIAN_POINT('',(6.441964175044E+03,-27.03305744922,
    383.33793588944));
#2852 = CARTESIAN_POINT('',(6.442059388754E+03,-26.8215250736,
    383.34833090554));
#2853 = CARTESIAN_POINT('',(6.442154073738E+03,-26.60975587213,
    383.35860950152));
#2854 = CARTESIAN_POINT('',(6.442248269126E+03,-26.39776853988,
    383.36877388099));
#2855 = CARTESIAN_POINT('',(6.442342014301E+03,-26.18558177694,
    383.37882898398));
#2856 = CARTESIAN_POINT('',(6.442435349594E+03,-25.97321442938,
    383.38877902119));
#2857 = CARTESIAN_POINT('',(6.442528319178E+03,-25.76068678217,
    383.39862872068));
#2858 = CARTESIAN_POINT('',(6.442620962404E+03,-25.54801673381,
    383.40838214756));
#2859 = CARTESIAN_POINT('',(6.442713307981E+03,-25.3352173361,
    383.41804217995));
#2860 = CARTESIAN_POINT('',(6.442805371408E+03,-25.12229577375,
    383.42761025939));
#2861 = CARTESIAN_POINT('',(6.442897154953E+03,-24.90925344665,
    383.4370864361));
#2862 = CARTESIAN_POINT('',(6.442988650804E+03,-24.69608741124,
    383.44646974099));
#2863 = CARTESIAN_POINT('',(6.443079847279E+03,-24.48279311132,
    383.4557588316));
#2864 = CARTESIAN_POINT('',(6.443170736688E+03,-24.26936777684,
    383.46495287342));
#2865 = CARTESIAN_POINT('',(6.443261311486E+03,-24.05580872392,
    383.47405085718));
#2866 = CARTESIAN_POINT('',(6.443351564014E+03,-23.84211325998,
    383.48305262613));
#2867 = CARTESIAN_POINT('',(6.443441486673E+03,-23.62827857738,
    383.49195496811));
#2868 = CARTESIAN_POINT('',(6.443531071405E+03,-23.4143021522,
    383.50076648942));
#2869 = CARTESIAN_POINT('',(6.443620310186E+03,-23.20018135228,
    383.50949189027));
#2870 = CARTESIAN_POINT('',(6.443709195609E+03,-22.98591362791,
    383.51812935707));
#2871 = CARTESIAN_POINT('',(6.443797721012E+03,-22.77149690584,
    383.52667893887));
#2872 = CARTESIAN_POINT('',(6.443885880634E+03,-22.55692952318,
    383.535140318));
#2873 = CARTESIAN_POINT('',(6.443973669474E+03,-22.34221016657,
    383.54351339485));
#2874 = CARTESIAN_POINT('',(6.444061083007E+03,-22.12733774394,
    383.55179809773));
#2875 = CARTESIAN_POINT('',(6.444148116572E+03,-21.91231113237,
    383.55999436676));
#2876 = CARTESIAN_POINT('',(6.444234765254E+03,-21.69712913422,
    383.56810213233));
#2877 = CARTESIAN_POINT('',(6.444321024161E+03,-21.48179058946,
    383.57612134402));
#2878 = CARTESIAN_POINT('',(6.444406888221E+03,-21.26629429689,
    383.58405195144));
#2879 = CARTESIAN_POINT('',(6.4444923527E+03,-21.05063922045,
    383.59189395182));
#2880 = CARTESIAN_POINT('',(6.444577410536E+03,-20.83482342605,
    383.59964714593));
#2881 = CARTESIAN_POINT('',(6.444662054502E+03,-20.61884495735,
    383.60731134519));
#2882 = CARTESIAN_POINT('',(6.44474628305E+03,-20.40270412238,
    383.61488688221));
#2883 = CARTESIAN_POINT('',(6.4448301031E+03,-20.18640451828,
    383.62237489169));
#2884 = CARTESIAN_POINT('',(6.444913531032E+03,-19.96995332579,
    383.62977718459));
#2885 = CARTESIAN_POINT('',(6.444996591691E+03,-19.75336096235,
    383.63709938543));
#2886 = CARTESIAN_POINT('',(6.445079315542E+03,-19.5366397622,
    383.64434525441));
#2887 = CARTESIAN_POINT('',(6.445161732572E+03,-19.31980171751,
    383.65151880401));
#2888 = CARTESIAN_POINT('',(6.445243870847E+03,-19.10285794455,
    383.65862369369));
#2889 = CARTESIAN_POINT('',(6.445325758943E+03,-18.88581963041,
    383.66566357653));
#2890 = CARTESIAN_POINT('',(6.44540742544E+03,-18.66869785091,
    383.67264202327));
#2891 = CARTESIAN_POINT('',(6.445488898882E+03,-18.45150356581,
    383.67956253096));
#2892 = CARTESIAN_POINT('',(6.445570208317E+03,-18.23424783923,
    383.68642857));
#2893 = CARTESIAN_POINT('',(6.445651385562E+03,-18.01694270228,
    383.69324377503));
#2894 = CARTESIAN_POINT('',(6.445732459049E+03,-17.79959885524,
    383.70001142802));
#2895 = CARTESIAN_POINT('',(6.445813449638E+03,-17.58222412778,
    383.70673412465));
#2896 = CARTESIAN_POINT('',(6.44589436846E+03,-17.36482269499,
    383.71341361242));
#2897 = CARTESIAN_POINT('',(6.445975217153E+03,-17.1473951874,
    383.72005084968));
#2898 = CARTESIAN_POINT('',(6.446055989843E+03,-16.92993943767,
    383.7266461323));
#2899 = CARTESIAN_POINT('',(6.446136677677E+03,-16.71245218747,
    383.73319968746));
#2900 = CARTESIAN_POINT('',(6.446217274574E+03,-16.49493122424,
    383.73971135997));
#2901 = CARTESIAN_POINT('',(6.446297774743E+03,-16.27737454564,
    383.74618332399));
#2902 = CARTESIAN_POINT('',(6.446378172364E+03,-16.0597799115,
    383.7526090248));
#2903 = CARTESIAN_POINT('',(6.4464584616E+03,-15.84214517765,
    383.75898528451));
#2904 = CARTESIAN_POINT('',(6.446538636556E+03,-15.62446831151,
    383.76531428922));
#2905 = CARTESIAN_POINT('',(6.446618691354E+03,-15.40674722375,
    383.77159678755));
#2906 = CARTESIAN_POINT('',(6.446698620126E+03,-15.18897983865,
    383.77783391285));
#2907 = CARTESIAN_POINT('',(6.446778416951E+03,-14.97116406875,
    383.78402668843));
#2908 = CARTESIAN_POINT('',(6.446858075808E+03,-14.75329780375,
    383.79017615431));
#2909 = CARTESIAN_POINT('',(6.446937590561E+03,-14.53537890283,
    383.79628332981));
#2910 = CARTESIAN_POINT('',(6.447016954958E+03,-14.31740519796,
    383.80234922261));
#2911 = CARTESIAN_POINT('',(6.44709616266E+03,-14.09937450308,
    383.80837482726));
#2912 = CARTESIAN_POINT('',(6.447175207286E+03,-13.88128463276,
    383.81436112829));
#2913 = CARTESIAN_POINT('',(6.447254082468E+03,-13.66313342287,
    383.82030910473));
#2914 = CARTESIAN_POINT('',(6.447332781829E+03,-13.4449187214,
    383.82621972161));
#2915 = CARTESIAN_POINT('',(6.447411298971E+03,-13.2266383879,
    383.83209394912));
#2916 = CARTESIAN_POINT('',(6.447489627484E+03,-13.00829029283,
    383.83793268535));
#2917 = CARTESIAN_POINT('',(6.447567760931E+03,-12.78987232284,
    383.84373703993));
#2918 = CARTESIAN_POINT('',(6.447645692919E+03,-12.57138239776,
    383.8495072734));
#2919 = CARTESIAN_POINT('',(6.447723414731E+03,-12.35281774676,
    383.85524659455));
#2920 = CARTESIAN_POINT('',(6.447800919276E+03,-12.13417593735,
    383.86094662151));
#2921 = CARTESIAN_POINT('',(6.44787820481E+03,-11.91545647776,
    383.86660024731));
#2922 = CARTESIAN_POINT('',(6.447955276821E+03,-11.69666167222,
    383.87221170817));
#2923 = CARTESIAN_POINT('',(6.448032148412E+03,-11.47779636561,
    383.87778285675));
#2924 = CARTESIAN_POINT('',(6.448108838928E+03,-11.25886754895,
    383.8833167346));
#2925 = CARTESIAN_POINT('',(6.448185371093E+03,-11.03988333413,
    383.88881637366));
#2926 = CARTESIAN_POINT('',(6.448261765948E+03,-10.82085118646,
    383.89428469805));
#2927 = CARTESIAN_POINT('',(6.448338043773E+03,-10.60177826106,
    383.89972452548));
#2928 = CARTESIAN_POINT('',(6.448414225091E+03,-10.38267176166,
    383.90513866171));
#2929 = CARTESIAN_POINT('',(6.448490330361E+03,-10.16353883924,
    383.91052987692));
#2930 = CARTESIAN_POINT('',(6.448566380179E+03,-9.944386668668,
    383.91590092502));
#2931 = CARTESIAN_POINT('',(6.448642394774E+03,-9.725222279383,
    383.92125451061));
#2932 = CARTESIAN_POINT('',(6.448718395941E+03,-9.506053234333,
    383.92659343033));
#2933 = CARTESIAN_POINT('',(6.448794406438E+03,-9.286887430548,
    383.93192052464));
#2934 = CARTESIAN_POINT('',(6.448870444589E+03,-9.067731229276,
    383.9372383342));
#2935 = CARTESIAN_POINT('',(6.448946521544E+03,-8.848588504534,
    383.94254880097));
#2936 = CARTESIAN_POINT('',(6.449022640104E+03,-8.629460244671,
    383.94785362033));
#2937 = CARTESIAN_POINT('',(6.449098795536E+03,-8.41034482077,
    383.95315271054));
#2938 = CARTESIAN_POINT('',(6.44917497765E+03,-8.191238857231,
    383.95845030442));
#2939 = CARTESIAN_POINT('',(6.449251176036E+03,-7.972138425048,
    383.96372930036));
#2940 = CARTESIAN_POINT('',(6.449327382329E+03,-7.753040666086,
    383.96898846));
#2941 = CARTESIAN_POINT('',(6.449403587906E+03,-7.533942649558,
    383.97422921721));
#2942 = CARTESIAN_POINT('',(6.449479784233E+03,-7.314841414787,
    383.97945230198));
#2943 = CARTESIAN_POINT('',(6.449555962766E+03,-7.095733992997,
    383.98465864278));
#2944 = CARTESIAN_POINT('',(6.449632114949E+03,-6.876617411262,
    383.98984912041));
#2945 = CARTESIAN_POINT('',(6.449708232304E+03,-6.657488728858,
    383.99502463824));
#2946 = CARTESIAN_POINT('',(6.449784305456E+03,-6.438344695573,
    384.00018603657));
#2947 = CARTESIAN_POINT('',(6.449860325489E+03,-6.219182227235,
    384.00533418836));
#2948 = CARTESIAN_POINT('',(6.44993628556E+03,-5.999998965128,
    384.01047010454));
#2949 = CARTESIAN_POINT('',(6.450012181676E+03,-5.780793545779,
    384.0155949848));
#2950 = CARTESIAN_POINT('',(6.450088012835E+03,-5.561565644118,
    384.02071022392));
#2951 = CARTESIAN_POINT('',(6.45016378056E+03,-5.342315809794,
    384.02581738109));
#2952 = CARTESIAN_POINT('',(6.450239487817E+03,-5.12304508899,
    384.03091809981));
#2953 = CARTESIAN_POINT('',(6.450315136981E+03,-4.903754319994,
    384.036013996));
#2954 = CARTESIAN_POINT('',(6.450390730035E+03,-4.684444202288,
    384.04110657977));
#2955 = CARTESIAN_POINT('',(6.450466269054E+03,-4.465115475185,
    384.04619763268));
#2956 = CARTESIAN_POINT('',(6.450541756079E+03,-4.245768879263,
    384.05128791404));
#2957 = CARTESIAN_POINT('',(6.450617193129E+03,-4.026405278756,
    384.05638196089));
#2958 = CARTESIAN_POINT('',(6.450692582328E+03,-3.807025062866,
    384.06146073188));
#2959 = CARTESIAN_POINT('',(6.450767925833E+03,-3.587629096994,
    384.06652656557));
#2960 = CARTESIAN_POINT('',(6.450843227931E+03,-3.368218910261,
    384.07158091175));
#2961 = CARTESIAN_POINT('',(6.450918490809E+03,-3.148795274107,
    384.07662534774));
#2962 = CARTESIAN_POINT('',(6.450993711131E+03,-2.929357053663,
    384.08166100258));
#2963 = CARTESIAN_POINT('',(6.45106887854E+03,-2.709900710565,
    384.08668855237));
#2964 = CARTESIAN_POINT('',(6.451143975489E+03,-2.490420250945,
    384.09170818419));
#2965 = CARTESIAN_POINT('',(6.451218978736E+03,-2.270907752281,
    384.0967197017));
#2966 = CARTESIAN_POINT('',(6.451293862372E+03,-2.051354416441,
    384.10172272239));
#2967 = CARTESIAN_POINT('',(6.451368602441E+03,-1.83175216038,
    384.10671698192));
#2968 = CARTESIAN_POINT('',(6.451443175333E+03,-1.612093072733,
    384.11170222313));
#2969 = CARTESIAN_POINT('',(6.451517557258E+03,-1.392369239071,
    384.11667815553));
#2970 = CARTESIAN_POINT('',(6.451591724448E+03,-1.172572822197,
    384.12164446738));
#2971 = CARTESIAN_POINT('',(6.451665652807E+03,-0.95269595236,
    384.12660079006));
#2972 = CARTESIAN_POINT('',(6.451739319054E+03,-0.732731125562,
    384.13154680041));
#2973 = CARTESIAN_POINT('',(6.451812697013E+03,-0.512669951902,
    384.13648185707));
#2974 = CARTESIAN_POINT('',(6.451885743925E+03,-0.292498631464,
    384.14140448621));
#2975 = CARTESIAN_POINT('',(6.451958436064E+03,-7.220987945426E-02,
    384.1463132197));
#2976 = CARTESIAN_POINT('',(6.452030796684E+03,0.14818788297,
    384.15121428816));
#2977 = CARTESIAN_POINT('',(6.452102905742E+03,0.368668194062,
    384.15609899669));
#2978 = CARTESIAN_POINT('',(6.452174914522E+03,0.589181384367,
    384.16097468032));
#2979 = CARTESIAN_POINT('',(6.45224703882E+03,0.809656841721,
    384.16585820636));
#2980 = CARTESIAN_POINT('',(6.452319470121E+03,1.03003161334,
    384.17076341452));
#2981 = CARTESIAN_POINT('',(6.452392306181E+03,1.250272861312,
    384.17569820697));
#2982 = CARTESIAN_POINT('',(6.452465553507E+03,1.470377539048,
    384.18066425037));
#2983 = CARTESIAN_POINT('',(6.452539126577E+03,1.690373410305,
    384.18565703394));
#2984 = CARTESIAN_POINT('',(6.452612876372E+03,1.910310058483,
    384.1906677342));
#2985 = CARTESIAN_POINT('',(6.452686660759E+03,2.130235152961,
    384.19568796624));
#2986 = CARTESIAN_POINT('',(6.452760397429E+03,2.350176307094,
    384.20071337282));
#2987 = CARTESIAN_POINT('',(6.452834035253E+03,2.570150629475,
    384.20574168516));
#2988 = CARTESIAN_POINT('',(6.452907572996E+03,2.790158443729,
    384.2107740146));
#2989 = CARTESIAN_POINT('',(6.452981028672E+03,3.010193629088,
    384.2158127861));
#2990 = CARTESIAN_POINT('',(6.453054383136E+03,3.23026250698,
    384.2208578731));
#2991 = CARTESIAN_POINT('',(6.45312755117E+03,3.450393371532,
    384.22590456031));
#2992 = CARTESIAN_POINT('',(6.453200394133E+03,3.670632005478,
    384.23094435305));
#2993 = CARTESIAN_POINT('',(6.453272655255E+03,3.891062498136,
    384.23596038063));
#2994 = CARTESIAN_POINT('',(6.453344075716E+03,4.11176724036,
    384.24093538039));
#2995 = CARTESIAN_POINT('',(6.453414549808E+03,4.33277625441,
    384.24586228402));
#2996 = CARTESIAN_POINT('',(6.45348419452E+03,4.554047917904,
    384.25075021401));
#2997 = CARTESIAN_POINT('',(6.45355332894E+03,4.775479719161,
    384.25561643711));
#2998 = CARTESIAN_POINT('',(6.453622640164E+03,4.996855384079,
    384.26050929914));
#2999 = CARTESIAN_POINT('',(6.453692600127E+03,5.218030992863,
    384.26546181382));
#3000 = CARTESIAN_POINT('',(6.45376426753E+03,5.438650506613,
    384.27054959418));
#3001 = CARTESIAN_POINT('',(6.453834832381E+03,5.659652035679,
    384.27557253321));
#3002 = CARTESIAN_POINT('',(6.45391298705E+03,5.878094837124,
    384.28115082807));
#3003 = CARTESIAN_POINT('',(6.453994112958E+03,6.095338999999,
    384.28695857522));
#3004 = CARTESIAN_POINT('',(6.454065826698E+03,6.316041313925,
    384.29210682402));
#3005 = CARTESIAN_POINT('',(6.454119418133E+03,6.621756996243,
    384.29596403015));
#3006 = CARTESIAN_POINT('',(6.454052166507E+03,6.861437172952,
    384.29111845306));
#3007 = CARTESIAN_POINT('',(6.453926003972E+03,6.964109552207,
    384.28208436933));
#3008 = CARTESIAN_POINT('',(6.401065555176E+03,-41.99220496491,
    373.13337202135));
#3009 = CARTESIAN_POINT('',(6.453926003972E+03,6.964109552207,
    384.28208436933));
#3010 = ( GEOMETRIC_REPRESENTATION_CONTEXT(3) 
GLOBAL_UNCERTAINTY_ASSIGNED_CONTEXT((#3014)) 
GLOBAL_UNIT_ASSIGNED_CONTEXT((#3011,#3012,#3013)) REPRESENTATION_CONTEXT
('Context #1','3D Context with UNIT and UNCERTAINTY') );
#3011 = ( LENGTH_UNIT() NAMED_UNIT(*) SI_UNIT(.MILLI.,.METRE.) );
#3012 = ( NAMED_UNIT(*) PLANE_ANGLE_UNIT() SI_UNIT($,.RADIAN.) );
#3013 = ( NAMED_UNIT(*) SI_UNIT($,.STERADIAN.) SOLID_ANGLE_UNIT() );
#3014 = UNCERTAINTY_MEASURE_WITH_UNIT(LENGTH_MEASURE(1.E-07),#3011,
  'distance_accuracy_value','confusion accuracy');
#3015 = CONTEXT_DEPENDENT_SHAPE_REPRESENTATION(#3016,#3018);
#3016 = ( REPRESENTATION_RELATIONSHIP('','',#2604,#10) 
REPRESENTATION_RELATIONSHIP_WITH_TRANSFORMATION(#3017) 
SHAPE_REPRESENTATION_RELATIONSHIP() );
#3017 = ITEM_DEFINED_TRANSFORMATION('','',#11,#39);
#3018 = PRODUCT_DEFINITION_SHAPE('Placement','Placement of an item',
  #3019);
#3019 = NEXT_ASSEMBLY_USAGE_OCCURRENCE('27','','',#5,#2599,$);
#3020 = PRODUCT_RELATED_PRODUCT_CATEGORY('part',$,(#2601));
#3021 = SHAPE_DEFINITION_REPRESENTATION(#3022,#3028);
#3022 = PRODUCT_DEFINITION_SHAPE('','',#3023);
#3023 = PRODUCT_DEFINITION('design','',#3024,#3027);
#3024 = PRODUCT_DEFINITION_FORMATION('','',#3025);
#3025 = PRODUCT('Open CASCADE STEP translator 7.8 3.8',
  'Open CASCADE STEP translator 7.8 3.8','',(#3026));
#3026 = PRODUCT_CONTEXT('',#2,'mechanical');
#3027 = PRODUCT_DEFINITION_CONTEXT('part definition',#2,'design');
#3028 = GEOMETRICALLY_BOUNDED_WIREFRAME_SHAPE_REPRESENTATION('',(#11,
    #3029),#3434);
#3029 = GEOMETRIC_CURVE_SET('',(#3030));
#3030 = TRIMMED_CURVE('',#3031,(#3432,PARAMETER_VALUE(0.)),(#3433,
    PARAMETER_VALUE(1.)),.T.,.PARAMETER.);
#3031 = B_SPLINE_CURVE_WITH_KNOTS('',3,(#3032,#3033,#3034,#3035,#3036,
    #3037,#3038,#3039,#3040,#3041,#3042,#3043,#3044,#3045,#3046,#3047,
    #3048,#3049,#3050,#3051,#3052,#3053,#3054,#3055,#3056,#3057,#3058,
    #3059,#3060,#3061,#3062,#3063,#3064,#3065,#3066,#3067,#3068,#3069,
    #3070,#3071,#3072,#3073,#3074,#3075,#3076,#3077,#3078,#3079,#3080,
    #3081,#3082,#3083,#3084,#3085,#3086,#3087,#3088,#3089,#3090,#3091,
    #3092,#3093,#3094,#3095,#3096,#3097,#3098,#3099,#3100,#3101,#3102,
    #3103,#3104,#3105,#3106,#3107,#3108,#3109,#3110,#3111,#3112,#3113,
    #3114,#3115,#3116,#3117,#3118,#3119,#3120,#3121,#3122,#3123,#3124,
    #3125,#3126,#3127,#3128,#3129,#3130,#3131,#3132,#3133,#3134,#3135,
    #3136,#3137,#3138,#3139,#3140,#3141,#3142,#3143,#3144,#3145,#3146,
    #3147,#3148,#3149,#3150,#3151,#3152,#3153,#3154,#3155,#3156,#3157,
    #3158,#3159,#3160,#3161,#3162,#3163,#3164,#3165,#3166,#3167,#3168,
    #3169,#3170,#3171,#3172,#3173,#3174,#3175,#3176,#3177,#3178,#3179,
    #3180,#3181,#3182,#3183,#3184,#3185,#3186,#3187,#3188,#3189,#3190,
    #3191,#3192,#3193,#3194,#3195,#3196,#3197,#3198,#3199,#3200,#3201,
    #3202,#3203,#3204,#3205,#3206,#3207,#3208,#3209,#3210,#3211,#3212,
    #3213,#3214,#3215,#3216,#3217,#3218,#3219,#3220,#3221,#3222,#3223,
    #3224,#3225,#3226,#3227,#3228,#3229,#3230,#3231,#3232,#3233,#3234,
    #3235,#3236,#3237,#3238,#3239,#3240,#3241,#3242,#3243,#3244,#3245,
    #3246,#3247,#3248,#3249,#3250,#3251,#3252,#3253,#3254,#3255,#3256,
    #3257,#3258,#3259,#3260,#3261,#3262,#3263,#3264,#3265,#3266,#3267,
    #3268,#3269,#3270,#3271,#3272,#3273,#3274,#3275,#3276,#3277,#3278,
    #3279,#3280,#3281,#3282,#3283,#3284,#3285,#3286,#3287,#3288,#3289,
    #3290,#3291,#3292,#3293,#3294,#3295,#3296,#3297,#3298,#3299,#3300,
    #3301,#3302,#3303,#3304,#3305,#3306,#3307,#3308,#3309,#3310,#3311,
    #3312,#3313,#3314,#3315,#3316,#3317,#3318,#3319,#3320,#3321,#3322,
    #3323,#3324,#3325,#3326,#3327,#3328,#3329,#3330,#3331,#3332,#3333,
    #3334,#3335,#3336,#3337,#3338,#3339,#3340,#3341,#3342,#3343,#3344,
    #3345,#3346,#3347,#3348,#3349,#3350,#3351,#3352,#3353,#3354,#3355,
    #3356,#3357,#3358,#3359,#3360,#3361,#3362,#3363,#3364,#3365,#3366,
    #3367,#3368,#3369,#3370,#3371,#3372,#3373,#3374,#3375,#3376,#3377,
    #3378,#3379,#3380,#3381,#3382,#3383,#3384,#3385,#3386,#3387,#3388,
    #3389,#3390,#3391,#3392,#3393,#3394,#3395,#3396,#3397,#3398,#3399,
    #3400,#3401,#3402,#3403,#3404,#3405,#3406,#3407,#3408,#3409,#3410,
    #3411,#3412,#3413,#3414,#3415,#3416,#3417,#3418,#3419,#3420,#3421,
    #3422,#3423,#3424,#3425,#3426,#3427,#3428,#3429,#3430,#3431),
  .UNSPECIFIED.,.F.,.F.,(4,1,1,1,1,1,1,1,1,1,1,1,1,1,1,1,1,1,1,1,1,1,1,1
    ,1,1,1,1,1,1,1,1,1,1,1,1,1,1,1,1,1,1,1,1,1,1,1,1,1,1,1,1,1,1,1,1,1,1
    ,1,1,1,1,1,1,1,1,1,1,1,1,1,1,1,1,1,1,1,1,1,1,1,1,1,1,1,1,1,1,1,1,1,1
    ,1,1,1,1,1,1,1,1,1,1,1,1,1,1,1,1,1,1,1,1,1,1,1,1,1,1,1,1,1,1,1,1,1,1
    ,1,1,1,1,1,1,1,1,1,1,1,1,1,1,1,1,1,1,1,1,1,1,1,1,1,1,1,1,1,1,1,1,1,1
    ,1,1,1,1,1,1,1,1,1,1,1,1,1,1,1,1,1,1,1,1,1,1,1,1,1,1,1,1,1,1,1,1,1,1
    ,1,1,1,1,1,1,1,1,1,1,1,1,1,1,1,1,1,1,1,1,1,1,1,1,1,1,1,1,1,1,1,1,1,1
    ,1,1,1,1,1,1,1,1,1,1,1,1,1,1,1,1,1,1,1,1,1,1,1,1,1,1,1,1,1,1,1,1,1,1
    ,1,1,1,1,1,1,1,1,1,1,1,1,1,1,1,1,1,1,1,1,1,1,1,1,1,1,1,1,1,1,1,1,1,1
    ,1,1,1,1,1,1,1,1,1,1,1,1,1,1,1,1,1,1,1,1,1,1,1,1,1,1,1,1,1,1,1,1,1,1
    ,1,1,1,1,1,1,1,1,1,1,1,1,1,1,1,1,1,1,1,1,1,1,1,1,1,1,1,1,1,1,1,1,1,1
    ,1,1,1,1,1,1,1,1,1,1,1,1,1,1,1,1,1,1,1,1,1,1,1,1,1,1,1,1,1,1,1,1,1,4
    ),(0.,4.932398197881E-03,7.399909116768E-03,9.868607393803E-03,
    1.233735170555E-02,1.480601755879E-02,1.727456181232E-02,
    1.974302994772E-02,2.221155619172E-02,2.468012885364E-02,
    2.714876626882E-02,2.961738161967E-02,3.208599934889E-02,
    3.455461322794E-02,3.702321783859E-02,3.949181146401E-02,
    4.196039660065E-02,4.442897689234E-02,4.689755695693E-02,
    4.936614206977E-02,5.183473730535E-02,5.430334514814E-02,
    5.677196499514E-02,5.924059537876E-02,6.170923534055E-02,
    6.417788439703E-02,6.664654208802E-02,6.911520802225E-02,
    7.158388195478E-02,7.40525639037E-02,7.652125420739E-02,
    7.898995354037E-02,8.14586628112E-02,8.392738069137E-02,
    8.639610472563E-02,8.886483252026E-02,9.13335641102E-02,
    9.38023007537E-02,9.627104372797E-02,9.873979429512E-02,
    0.10120855366,0.10367732294,0.106146103158,0.108614895242,
    0.111083700055,0.113552518432,0.11602135122,0.118490199276,
    0.120959062031,0.123427936502,0.125896819671,0.128365710066,
    0.130834608861,0.133303517621,0.135772438251,0.13824137294,
    0.140710324051,0.143179294024,0.145648285359,0.148117300648,
    0.150586342554,0.153055413691,0.155524516497,0.157993651869,
    0.160462817996,0.162932012596,0.165401234311,0.167870483981,
    0.170339762526,0.172809070928,0.175278410213,0.177747781461,
    0.180217185848,0.182686624688,0.185156099452,0.187625611774,
    0.190095163437,0.192564756127,0.195034389564,0.197504062756,
    0.199973774651,0.202443525962,0.204913317888,0.207383151674,
    0.209853028618,0.212322950074,0.214792917454,0.217262932219,
    0.219732995875,0.222203109982,0.224673276157,0.22714349609,
    0.229613771744,0.232084104686,0.234554495825,0.2370249451,
    0.239495452053,0.241966016014,0.244436636175,0.246907311604,
    0.249378041248,0.251848824033,0.254319659114,0.256790546179,
    0.259261485662,0.261732479553,0.264203533309,0.266674653219,
    0.269145845148,0.271617112442,0.274088458298,0.276559885906,
    0.279031398174,0.281502997414,0.283974685152,0.28644646206,
    0.288918328027,0.291390282374,0.293862324214,0.296334455557,
    0.29880668038,0.301279002866,0.303751424568,0.30622394551,
    0.308696565959,0.31116928644,0.313642107695,0.316115030594,
    0.318588056027,0.321061184855,0.323534417903,0.326007756005,
    0.328481203387,0.33095476668,0.33342845244,0.335902263775,
    0.338376201312,0.340850265686,0.343324457575,0.345798777633,
    0.348273226293,0.350747803495,0.353222508476,0.355697339665,
    0.358172295316,0.36064737905,0.363122595489,0.3655979482,
    0.368073434528,0.370549050694,0.373024794166,0.375500664418,
    0.377976663352,0.38045279536,0.382929066964,0.385405486145,
    0.387882061654,0.390358806918,0.392835740304,0.395312878989,
    0.397790233636,0.400267807043,0.402745599436,0.405223608894,
    0.407701832154,0.410180265442,0.412658905009,0.415137747372,
    0.417616789476,0.420096034236,0.422575492376,0.425055175647,
    0.427535091283,0.430015239943,0.43249562219,0.434976238408,
    0.437457088854,0.439938173718,0.44241949313,0.444901047161,
    0.447382836527,0.449864871802,0.452347167164,0.454829736424,
    0.457312583357,0.459795707345,0.462279105965,0.464762774778,
    0.467246707396,0.46973089555,0.472215329363,0.474699998469,
    0.477184901912,0.479670048966,0.482155454735,0.484641133165,
    0.487127098558,0.489613370958,0.492099974434,0.494586934238,
    0.497074273643,0.499562011029,0.502050158136,0.504538727607,
    0.507027731298,0.509517175338,0.512007054007,0.514497354552,
    0.516988065559,0.519479178198,0.521970686637,0.524462588424,
    0.526954884374,0.529447580402,0.531940695265,0.534434249571,
    0.536928260639,0.539422732749,0.541917666284,0.544413059023,
    0.546908906049,0.54940520003,0.551901932765,0.554399098899,
    0.556896710071,0.559394787566,0.561893358613,0.564392445094,
    0.566892071825,0.569392266962,0.571893057691,0.574394466083,
    0.576896506838,0.579399188839,0.58190252796,0.584406537133,
    0.586911224191,0.589416582518,0.591922604557,0.594429285285,
    0.596936622026,0.59944461432,0.601953263441,0.604462580332,
    0.606972587326,0.609483308025,0.61199475909,0.614506948411,
    0.617019885486,0.619533581467,0.622048048588,0.624563299005,
    0.627079349285,0.629596229346,0.632113967079,0.634632581726,
    0.637152074514,0.639672444009,0.642193686895,0.644715797157,
    0.647238765319,0.649762585024,0.652287262006,0.654812800649,
    0.657339199882,0.659866449353,0.662394548846,0.664923511402,
    0.66745336413,0.669984146887,0.672515918044,0.675048744413,
    0.677582686197,0.68011778328,0.682654058133,0.685191526238,
    0.687730198212,0.690270081498,0.692811187627,0.695353551649,
    0.697897198559,0.700442130569,0.702988306878,0.705535678469,
    0.708084196801,0.710633817577,0.713184508555,0.715736311708,
    0.718289285099,0.720843473965,0.723398846131,0.725955348139,
    0.728512926217,0.731071527268,0.73363110596,0.73619172507,
    0.738753479726,0.741316450001,0.743880598351,0.746445843107,
    0.749012096467,0.75157926323,0.754147253292,0.756716104295,
    0.75928588181,0.761856630705,0.764428253818,0.767000616782,
    0.769573589702,0.772147052277,0.7747209291,0.77729529118,
    0.779870239303,0.782445850888,0.785022069518,0.787598812387,
    0.790175981621,0.792753465614,0.79533120495,0.797909222982,
    0.800487554634,0.803066186386,0.805645031353,0.808224005141,
    0.810803025296,0.813382013058,0.815960936362,0.818539798058,
    0.821118621897,0.823697408683,0.826276149997,0.828854843214,
    0.831433496066,0.834012112932,0.836590686028,0.839169234656,
    0.841747814338,0.844326514997,0.846905410687,0.849484556277,
    0.852063988659,0.854643697934,0.857223636999,0.859803740176,
    0.86238396201,0.864964276622,0.86754466681,0.870125120753,
    0.872705660987,0.875286354509,0.877867230207,0.880448241236,
    0.883029254421,0.885610146197,0.888190823389,0.890771221599,
    0.893351373634,0.895931252289,0.89851079819,0.901089961598,
    0.903668840087,0.906247328455,0.90882495449,0.911401917675,
    0.913979057982,0.916557489368,0.919136115794,0.921713539678,
    0.924288526337,0.926860958718,0.929430031463,0.931995468975,
    0.934558796987,0.937122682116,0.939687378207,0.94225080311,
    0.944811030619,0.947367975331,0.949922089167,0.952473166025,
    0.955020579995,0.957563826078,0.960102423614,0.962636130612,
    0.965164683399,0.967687659129,0.970204717201,0.972715435858,
    0.975220019195,0.977717493062,0.980209031698,0.982695040212,
    0.985176885204,0.987654198024,0.990127198511,0.992597017148,
    0.995065084539,1.),.UNSPECIFIED.);
#3032 = CARTESIAN_POINT('',(6.453926003972E+03,6.964109552207,
    384.28208436933));
#3033 = CARTESIAN_POINT('',(6.45382884506E+03,7.047303550598,
    384.27512783364));
#3034 = CARTESIAN_POINT('',(6.45362689392E+03,7.095774449211,
    384.26077192794));
#3035 = CARTESIAN_POINT('',(6.453387483073E+03,6.999430678492,
    384.24395432799));
#3036 = CARTESIAN_POINT('',(6.453242444796E+03,6.874271407118,
    384.2338557068));
#3037 = CARTESIAN_POINT('',(6.453132447941E+03,6.719124448489,
    384.22624082313));
#3038 = CARTESIAN_POINT('',(6.453041721575E+03,6.552875753458,
    384.21998533954));
#3039 = CARTESIAN_POINT('',(6.452961956296E+03,6.381206868158,
    384.21450297415));
#3040 = CARTESIAN_POINT('',(6.45288174798E+03,6.209791769244,
    384.20900492276));
#3041 = CARTESIAN_POINT('',(6.452795956184E+03,6.041076419624,
    384.20313942914));
#3042 = CARTESIAN_POINT('',(6.452706403347E+03,5.874368311433,
    384.19703198066));
#3043 = CARTESIAN_POINT('',(6.452619769521E+03,5.70611144684,
    384.19113595412));
#3044 = CARTESIAN_POINT('',(6.452531875616E+03,5.53851723268,
    384.18516430614));
#3045 = CARTESIAN_POINT('',(6.452443875891E+03,5.370978881728,
    384.1791938107));
#3046 = CARTESIAN_POINT('',(6.452355895144E+03,5.203430614261,
    384.17323071842));
#3047 = CARTESIAN_POINT('',(6.452268325028E+03,5.035666712331,
    384.16729954371));
#3048 = CARTESIAN_POINT('',(6.452181181503E+03,4.867680646105,
    384.16139888119));
#3049 = CARTESIAN_POINT('',(6.452094400777E+03,4.699506777905,
    384.15552364355));
#3050 = CARTESIAN_POINT('',(6.452007814256E+03,4.531233096271,
    384.14965556419));
#3051 = CARTESIAN_POINT('',(6.451921149601E+03,4.36299938998,
    384.14379296176));
#3052 = CARTESIAN_POINT('',(6.451834058836E+03,4.194985431666,
    384.13791973972));
#3053 = CARTESIAN_POINT('',(6.45174626774E+03,4.027336453993,
    384.13201309761));
#3054 = CARTESIAN_POINT('',(6.451657765892E+03,3.86006200054,
    384.12607118593));
#3055 = CARTESIAN_POINT('',(6.451568685292E+03,3.693095241155,
    384.12010072944));
#3056 = CARTESIAN_POINT('',(6.451479128137E+03,3.526383605132,
    384.11410653696));
#3057 = CARTESIAN_POINT('',(6.451389136762E+03,3.359905990491,
    384.10808924879));
#3058 = CARTESIAN_POINT('',(6.451298764178E+03,3.193635057364,
    384.10205015802));
#3059 = CARTESIAN_POINT('',(6.451208062087E+03,3.027543683669,
    384.0959903984));
#3060 = CARTESIAN_POINT('',(6.45111708425E+03,2.861603214663,
    384.08991118525));
#3061 = CARTESIAN_POINT('',(6.451025877829E+03,2.695788277416,
    384.0838132618));
#3062 = CARTESIAN_POINT('',(6.450934480576E+03,2.530078442498,
    384.07769667283));
#3063 = CARTESIAN_POINT('',(6.450842918423E+03,2.3644596444,
    384.0715607982));
#3064 = CARTESIAN_POINT('',(6.450751205118E+03,2.198924495335,
    384.06540362951));
#3065 = CARTESIAN_POINT('',(6.450659343477E+03,2.033471629384,
    384.05922446786));
#3066 = CARTESIAN_POINT('',(6.450567328453E+03,1.86810444997,
    384.05301436009));
#3067 = CARTESIAN_POINT('',(6.450475151263E+03,1.702827381402,
    384.04679580473));
#3068 = CARTESIAN_POINT('',(6.450382806816E+03,1.537643473476,
    384.0405726788));
#3069 = CARTESIAN_POINT('',(6.450290291917E+03,1.372554945559,
    384.03434036529));
#3070 = CARTESIAN_POINT('',(6.450197602005E+03,1.207564608062,
    384.02809642947));
#3071 = CARTESIAN_POINT('',(6.450104731654E+03,1.042675768559,
    384.02183773168));
#3072 = CARTESIAN_POINT('',(6.450011676958E+03,0.877890897299,
    384.01556136833));
#3073 = CARTESIAN_POINT('',(6.44991843714E+03,0.713210708941,
    384.00926457052));
#3074 = CARTESIAN_POINT('',(6.449825015522E+03,0.548633596457,
    384.00294482634));
#3075 = CARTESIAN_POINT('',(6.449731419839E+03,0.384155424401,
    383.99659988909));
#3076 = CARTESIAN_POINT('',(6.44963766196E+03,0.219769666208,
    383.99022777224));
#3077 = CARTESIAN_POINT('',(6.449543756925E+03,5.546793482502E-02,
    383.9838266698));
#3078 = CARTESIAN_POINT('',(6.44944972155E+03,-0.108759231419,
    383.97739494191));
#3079 = CARTESIAN_POINT('',(6.449355571884E+03,-0.272920894572,
    383.97093067206));
#3080 = CARTESIAN_POINT('',(6.449261322635E+03,-0.437025377099,
    383.96443265562));
#3081 = CARTESIAN_POINT('',(6.449166990371E+03,-0.601081877647,
    383.95789680082));
#3082 = CARTESIAN_POINT('',(6.449072594588E+03,-0.765101653591,
    383.95133048088));
#3083 = CARTESIAN_POINT('',(6.448978150589E+03,-0.929094117177,
    383.94475497798));
#3084 = CARTESIAN_POINT('',(6.448883666431E+03,-1.093063494186,
    383.93816278433));
#3085 = CARTESIAN_POINT('',(6.44878913961E+03,-1.25700832235,
    383.93155283114));
#3086 = CARTESIAN_POINT('',(6.448694556309E+03,-1.420920597326,
    383.9249213235));
#3087 = CARTESIAN_POINT('',(6.448599892004E+03,-1.584786132309,
    383.91826420952));
#3088 = CARTESIAN_POINT('',(6.4485051138E+03,-1.748585839763,
    383.91157667429));
#3089 = CARTESIAN_POINT('',(6.448410184266E+03,-1.912297908608,
    383.90485356932));
#3090 = CARTESIAN_POINT('',(6.448315067752E+03,-2.075901430694,
    383.8980897992));
#3091 = CARTESIAN_POINT('',(6.448219732045E+03,-2.239377350076,
    383.89128045051));
#3092 = CARTESIAN_POINT('',(6.448124141463E+03,-2.402704396947,
    383.88442027324));
#3093 = CARTESIAN_POINT('',(6.448028259118E+03,-2.565860356702,
    383.87750388498));
#3094 = CARTESIAN_POINT('',(6.447932053494E+03,-2.728825908477,
    383.87052602742));
#3095 = CARTESIAN_POINT('',(6.447835502081E+03,-2.891586804193,
    383.86348261432));
#3096 = CARTESIAN_POINT('',(6.447738593686E+03,-3.054135139838,
    383.85636799917));
#3097 = CARTESIAN_POINT('',(6.447641328627E+03,-3.216470065625,
    383.8491858895));
#3098 = CARTESIAN_POINT('',(6.447543717367E+03,-3.37859744884,
    383.84195487669));
#3099 = CARTESIAN_POINT('',(6.447445778347E+03,-3.540527047492,
    383.83466857516));
#3100 = CARTESIAN_POINT('',(6.447347533234E+03,-3.70227112298,
    383.82732717539));
#3101 = CARTESIAN_POINT('',(6.447249000157E+03,-3.863839923503,
    383.81992887846));
#3102 = CARTESIAN_POINT('',(6.447150195828E+03,-4.025242977181,
    383.81247221603));
#3103 = CARTESIAN_POINT('',(6.447051138329E+03,-4.186490768954,
    383.80495568479));
#3104 = CARTESIAN_POINT('',(6.446951844943E+03,-4.347593410374,
    383.79737774363));
#3105 = CARTESIAN_POINT('',(6.446852330929E+03,-4.508559864211,
    383.78973667883));
#3106 = CARTESIAN_POINT('',(6.446752608659E+03,-4.669397388776,
    383.78203055346));
#3107 = CARTESIAN_POINT('',(6.446652687254E+03,-4.830111282469,
    383.77425715019));
#3108 = CARTESIAN_POINT('',(6.446552572646E+03,-4.990704906111,
    383.76641405249));
#3109 = CARTESIAN_POINT('',(6.446452268147E+03,-5.151179988931,
    383.75849837951));
#3110 = CARTESIAN_POINT('',(6.446351775374E+03,-5.311537189587,
    383.75050798166));
#3111 = CARTESIAN_POINT('',(6.446251095963E+03,-5.471776926554,
    383.74243736342));
#3112 = CARTESIAN_POINT('',(6.446150232241E+03,-5.631900956357,
    383.73430038035));
#3113 = CARTESIAN_POINT('',(6.446049186914E+03,-5.791910538653,
    383.72609534627));
#3114 = CARTESIAN_POINT('',(6.445947962713E+03,-5.95180703903,
    383.71782085666));
#3115 = CARTESIAN_POINT('',(6.445846562057E+03,-6.111591698348,
    383.70947539412));
#3116 = CARTESIAN_POINT('',(6.445744986935E+03,-6.271265509679,
    383.70105741655));
#3117 = CARTESIAN_POINT('',(6.445643238809E+03,-6.430829138027,
    383.69256532161));
#3118 = CARTESIAN_POINT('',(6.4455413186E+03,-6.590282908777,
    383.68399745114));
#3119 = CARTESIAN_POINT('',(6.445439226747E+03,-6.749626841141,
    383.67535209293));
#3120 = CARTESIAN_POINT('',(6.445336963345E+03,-6.908860734897,
    383.6666274907));
#3121 = CARTESIAN_POINT('',(6.445234528339E+03,-7.067984293074,
    383.65782186305));
#3122 = CARTESIAN_POINT('',(6.445131921973E+03,-7.226997414147,
    383.6489334288));
#3123 = CARTESIAN_POINT('',(6.445029143552E+03,-7.385899388694,
    383.63996034996));
#3124 = CARTESIAN_POINT('',(6.444926191702E+03,-7.544689059233,
    383.6309005617));
#3125 = CARTESIAN_POINT('',(6.444823066922E+03,-7.703366513649,
    383.62175270334));
#3126 = CARTESIAN_POINT('',(6.4447197729E+03,-7.861933715308,
    383.61251238278));
#3127 = CARTESIAN_POINT('',(6.444616317155E+03,-8.020395392798,
    383.60318060269));
#3128 = CARTESIAN_POINT('',(6.444512711359E+03,-8.178758973059,
    383.59375851305));
#3129 = CARTESIAN_POINT('',(6.444408970951E+03,-8.3370343813,
    383.58424771859));
#3130 = CARTESIAN_POINT('',(6.444305114098E+03,-8.495233387922,
    383.57465010786));
#3131 = CARTESIAN_POINT('',(6.444201160412E+03,-8.653368772579,
    383.56496776676));
#3132 = CARTESIAN_POINT('',(6.444097127732E+03,-8.811452182596,
    383.55520267218));
#3133 = CARTESIAN_POINT('',(6.443993036627E+03,-8.969497117222,
    383.5453571137));
#3134 = CARTESIAN_POINT('',(6.443888909503E+03,-9.127518340124,
    383.53543361902));
#3135 = CARTESIAN_POINT('',(6.443784763129E+03,-9.285526918583,
    383.52543423801));
#3136 = CARTESIAN_POINT('',(6.443680604702E+03,-9.443527610809,
    383.51536014538));
#3137 = CARTESIAN_POINT('',(6.443576429199E+03,-9.601517133003,
    383.5052113227));
#3138 = CARTESIAN_POINT('',(6.443472218676E+03,-9.759483775047,
    383.49498653844));
#3139 = CARTESIAN_POINT('',(6.443367943381E+03,-9.917408098339,
    383.48468306868));
#3140 = CARTESIAN_POINT('',(6.443263565518E+03,-10.07526421307,
    383.47428002182));
#3141 = CARTESIAN_POINT('',(6.443159042618E+03,-10.23302428657,
    383.46377705834));
#3142 = CARTESIAN_POINT('',(6.443054337014E+03,-10.39066317368,
    383.45317026618));
#3143 = CARTESIAN_POINT('',(6.442949408619E+03,-10.54815388845,
    383.44245642796));
#3144 = CARTESIAN_POINT('',(6.442844217638E+03,-10.70546934191,
    383.43163195617));
#3145 = CARTESIAN_POINT('',(6.442738730937E+03,-10.86258663317,
    383.42069391917));
#3146 = CARTESIAN_POINT('',(6.442632925255E+03,-11.01948924846,
    383.40964031435));
#3147 = CARTESIAN_POINT('',(6.442526788965E+03,-11.1761683511,
    383.39847031204));
#3148 = CARTESIAN_POINT('',(6.44242032199E+03,-11.33262286754,
    383.38718431949));
#3149 = CARTESIAN_POINT('',(6.442313534119E+03,-11.48885846902,
    383.37578372522));
#3150 = CARTESIAN_POINT('',(6.442206441746E+03,-11.64488548809,
    383.3642710377));
#3151 = CARTESIAN_POINT('',(6.442099063109E+03,-11.80071566199,
    383.35264769876));
#3152 = CARTESIAN_POINT('',(6.441991412049E+03,-11.95635832834,
    383.34091972658));
#3153 = CARTESIAN_POINT('',(6.441883503754E+03,-12.11182255666,
    383.32907373389));
#3154 = CARTESIAN_POINT('',(6.441775352198E+03,-12.2671173068,
    383.31710513082));
#3155 = CARTESIAN_POINT('',(6.441666968851E+03,-12.4222503558,
    383.305017052));
#3156 = CARTESIAN_POINT('',(6.441558362244E+03,-12.57722719424,
    383.29281022034));
#3157 = CARTESIAN_POINT('',(6.441449537499E+03,-12.73205095405,
    383.28048557995));
#3158 = CARTESIAN_POINT('',(6.441340496457E+03,-12.88672247188,
    383.26804357232));
#3159 = CARTESIAN_POINT('',(6.441231238294E+03,-13.04124070652,
    383.25548438871));
#3160 = CARTESIAN_POINT('',(6.441121760529E+03,-13.19560343108,
    383.24280801563));
#3161 = CARTESIAN_POINT('',(6.441012060749E+03,-13.34980845422,
    383.23001447691));
#3162 = CARTESIAN_POINT('',(6.440902137681E+03,-13.50385438301,
    383.21710383238));
#3163 = CARTESIAN_POINT('',(6.440791989903E+03,-13.65773973846,
    383.20407649831));
#3164 = CARTESIAN_POINT('',(6.440681616043E+03,-13.81146305327,
    383.19093152522));
#3165 = CARTESIAN_POINT('',(6.440571014389E+03,-13.96502323159,
    383.1776730638));
#3166 = CARTESIAN_POINT('',(6.440460183907E+03,-14.11841814328,
    383.16428573684));
#3167 = CARTESIAN_POINT('',(6.440349123238E+03,-14.27164597736,
    383.15076150569));
#3168 = CARTESIAN_POINT('',(6.440237830617E+03,-14.42470538832,
    383.13710330708));
#3169 = CARTESIAN_POINT('',(6.440126304379E+03,-14.57759464741,
    383.12331114902));
#3170 = CARTESIAN_POINT('',(6.440014543057E+03,-14.73031215384,
    383.10938586657));
#3171 = CARTESIAN_POINT('',(6.43990254437E+03,-14.88285567625,
    383.09532799288));
#3172 = CARTESIAN_POINT('',(6.439790304416E+03,-15.03522174906,
    383.08113792298));
#3173 = CARTESIAN_POINT('',(6.439677821193E+03,-15.18740827832,
    383.06681627532));
#3174 = CARTESIAN_POINT('',(6.439565096689E+03,-15.33941611781,
    383.05236422504));
#3175 = CARTESIAN_POINT('',(6.439452138234E+03,-15.49125010675,
    383.037783557));
#3176 = CARTESIAN_POINT('',(6.439338958987E+03,-15.64291955221,
    383.02307725847));
#3177 = CARTESIAN_POINT('',(6.439225577523E+03,-15.79443797899,
    383.00824760228));
#3178 = CARTESIAN_POINT('',(6.439112016561E+03,-15.94582295993,
    382.99330304239));
#3179 = CARTESIAN_POINT('',(6.438998302073E+03,-16.09709169879,
    382.97822062244));
#3180 = CARTESIAN_POINT('',(6.438884459755E+03,-16.24826388449,
    382.96300562459));
#3181 = CARTESIAN_POINT('',(6.438770519082E+03,-16.39936191791,
    382.94766340859));
#3182 = CARTESIAN_POINT('',(6.438656505801E+03,-16.55040527277,
    382.93219910516));
#3183 = CARTESIAN_POINT('',(6.438542434337E+03,-16.70140485555,
    382.91661636297));
#3184 = CARTESIAN_POINT('',(6.438428303565E+03,-16.85235981941,
    382.90091675909));
#3185 = CARTESIAN_POINT('',(6.438314094741E+03,-17.00325595231,
    382.88509941412));
#3186 = CARTESIAN_POINT('',(6.438199772172E+03,-17.15406612434,
    382.86916104001));
#3187 = CARTESIAN_POINT('',(6.438085286277E+03,-17.3047524898,
    382.85309617876));
#3188 = CARTESIAN_POINT('',(6.437970579746E+03,-17.45527108406,
    382.83689845729));
#3189 = CARTESIAN_POINT('',(6.437855595032E+03,-17.60557740266,
    382.82055999069));
#3190 = CARTESIAN_POINT('',(6.437740274739E+03,-17.75562737627,
    382.80407757174));
#3191 = CARTESIAN_POINT('',(6.437624567082E+03,-17.90537898535,
    382.78743059762));
#3192 = CARTESIAN_POINT('',(6.437508432469E+03,-18.05479850235,
    382.77059540336));
#3193 = CARTESIAN_POINT('',(6.437391845757E+03,-18.20386528846,
    382.75357418058));
#3194 = CARTESIAN_POINT('',(6.437274799092E+03,-18.35257094706,
    382.73636525387));
#3195 = CARTESIAN_POINT('',(6.437157300218E+03,-18.50091936049,
    382.71897098575));
#3196 = CARTESIAN_POINT('',(6.437039368963E+03,-18.64892412668,
    382.7013951704));
#3197 = CARTESIAN_POINT('',(6.436921031879E+03,-18.79660454917,
    382.68364285776));
#3198 = CARTESIAN_POINT('',(6.43680231414E+03,-18.94397912837,
    382.66571903105));
#3199 = CARTESIAN_POINT('',(6.436683237436E+03,-19.09106380178,
    382.64762819709));
#3200 = CARTESIAN_POINT('',(6.436563821671E+03,-19.23787337236,
    382.6293750533));
#3201 = CARTESIAN_POINT('',(6.436444082755E+03,-19.38441961272,
    382.61096250851));
#3202 = CARTESIAN_POINT('',(6.436324031326E+03,-19.53071113943,
    382.59239754877));
#3203 = CARTESIAN_POINT('',(6.43620367388E+03,-19.67675142271,
    382.5736686683));
#3204 = CARTESIAN_POINT('',(6.436083012836E+03,-19.82253959493,
    382.55475581449));
#3205 = CARTESIAN_POINT('',(6.435962045689E+03,-19.96807383125,
    382.53566587392));
#3206 = CARTESIAN_POINT('',(6.435840768786E+03,-20.1133499889,
    382.51639825578));
#3207 = CARTESIAN_POINT('',(6.435719179782E+03,-20.25836502912,
    382.49695455986));
#3208 = CARTESIAN_POINT('',(6.435597277143E+03,-20.40311651423,
    382.47733602208));
#3209 = CARTESIAN_POINT('',(6.435475059098E+03,-20.54760178765,
    382.45754400047));
#3210 = CARTESIAN_POINT('',(6.435352523807E+03,-20.69181811045,
    382.43757987509));
#3211 = CARTESIAN_POINT('',(6.435229669269E+03,-20.83576255589,
    382.41744489083));
#3212 = CARTESIAN_POINT('',(6.435106493337E+03,-20.97943214786,
    382.3971408546));
#3213 = CARTESIAN_POINT('',(6.434982993543E+03,-21.12282365381,
    382.37666746948));
#3214 = CARTESIAN_POINT('',(6.434859167006E+03,-21.265935059,
    382.35603217191));
#3215 = CARTESIAN_POINT('',(6.434735011459E+03,-21.4087598032,
    382.33520453885));
#3216 = CARTESIAN_POINT('',(6.434610521523E+03,-21.55129243787,
    382.31418300608));
#3217 = CARTESIAN_POINT('',(6.434485694884E+03,-21.69353008437,
    382.2929690777));
#3218 = CARTESIAN_POINT('',(6.434360534934E+03,-21.83547435682,
    382.27156458376));
#3219 = CARTESIAN_POINT('',(6.434235052109E+03,-21.97713308722,
    382.24997280579));
#3220 = CARTESIAN_POINT('',(6.434109264058E+03,-22.11852065706,
    382.22819829969));
#3221 = CARTESIAN_POINT('',(6.433983195547E+03,-22.25965804006,
    382.20624702173));
#3222 = CARTESIAN_POINT('',(6.433856875232E+03,-22.4005698987,
    382.18412560625));
#3223 = CARTESIAN_POINT('',(6.433730337677E+03,-22.5412866386,
    382.16184237844));
#3224 = CARTESIAN_POINT('',(6.433603621986E+03,-22.68184318426,
    382.13940475414));
#3225 = CARTESIAN_POINT('',(6.433476757906E+03,-22.82226787006,
    382.11682566768));
#3226 = CARTESIAN_POINT('',(6.433349761123E+03,-22.96257271523,
    382.09408912946));
#3227 = CARTESIAN_POINT('',(6.433222624725E+03,-23.10275029863,
    382.07118233153));
#3228 = CARTESIAN_POINT('',(6.43309531663E+03,-23.24277249014,
    382.04810504495));
#3229 = CARTESIAN_POINT('',(6.432967781895E+03,-23.38258880169,
    382.02484813168));
#3230 = CARTESIAN_POINT('',(6.43283994876E+03,-23.52213283103,
    382.00140038109));
#3231 = CARTESIAN_POINT('',(6.432711731848E+03,-23.66132459541,
    381.97774744654));
#3232 = CARTESIAN_POINT('',(6.43258304253E+03,-23.80007966309,
    381.95387417675));
#3233 = CARTESIAN_POINT('',(6.432453807464E+03,-23.93832629142,
    381.92976780251));
#3234 = CARTESIAN_POINT('',(6.432323971195E+03,-24.07600801303,
    381.90541917717));
#3235 = CARTESIAN_POINT('',(6.432193503875E+03,-24.2130913527,
    381.88082198166));
#3236 = CARTESIAN_POINT('',(6.43206240146E+03,-24.34956864915,
    381.85598165672));
#3237 = CARTESIAN_POINT('',(6.431930687132E+03,-24.48545442778,
    381.83088252445));
#3238 = CARTESIAN_POINT('',(6.431798401621E+03,-24.62078232207,
    381.8055206498));
#3239 = CARTESIAN_POINT('',(6.431665597678E+03,-24.75560120865,
    381.77990962921));
#3240 = CARTESIAN_POINT('',(6.431532326567E+03,-24.88995836843,
    381.75405904658));
#3241 = CARTESIAN_POINT('',(6.431398627847E+03,-25.02389016772,
    381.72797754306));
#3242 = CARTESIAN_POINT('',(6.43126453383E+03,-25.15742641938,
    381.70167225653));
#3243 = CARTESIAN_POINT('',(6.431130065567E+03,-25.29058609774,
    381.67514836348));
#3244 = CARTESIAN_POINT('',(6.430995232964E+03,-25.42337714271,
    381.6484088924));
#3245 = CARTESIAN_POINT('',(6.4308600354E+03,-25.55579695421,
    381.62145498284));
#3246 = CARTESIAN_POINT('',(6.430724464609E+03,-25.68783543105,
    381.5942857665));
#3247 = CARTESIAN_POINT('',(6.430588505404E+03,-25.81947599998,
    381.56690085294));
#3248 = CARTESIAN_POINT('',(6.430452148235E+03,-25.95070198935,
    381.5392710276));
#3249 = CARTESIAN_POINT('',(6.430315386085E+03,-26.08150528733,
    381.51139931413));
#3250 = CARTESIAN_POINT('',(6.430178217736E+03,-26.21188222389,
    381.48328507959));
#3251 = CARTESIAN_POINT('',(6.430040648545E+03,-26.34183588117,
    381.45493037886));
#3252 = CARTESIAN_POINT('',(6.429902690611E+03,-26.47137651474,
    381.42633836864));
#3253 = CARTESIAN_POINT('',(6.429764360597E+03,-26.60051946621,
    381.39751337279));
#3254 = CARTESIAN_POINT('',(6.429625681521E+03,-26.72928728637,
    381.36846100897));
#3255 = CARTESIAN_POINT('',(6.429486681521E+03,-26.85770887584,
    381.3391885681));
#3256 = CARTESIAN_POINT('',(6.429347380739E+03,-26.98580491122,
    381.30970012018));
#3257 = CARTESIAN_POINT('',(6.429207786089E+03,-27.11358392183,
    381.28000328928));
#3258 = CARTESIAN_POINT('',(6.429067892414E+03,-27.24103404753,
    381.25006934154));
#3259 = CARTESIAN_POINT('',(6.428927674184E+03,-27.36812689431,
    381.21989412402));
#3260 = CARTESIAN_POINT('',(6.428787090579E+03,-27.49481604605,
    381.18947035807));
#3261 = CARTESIAN_POINT('',(6.428646088289E+03,-27.62103962716,
    381.15878780713));
#3262 = CARTESIAN_POINT('',(6.428504602442E+03,-27.74672097601,
    381.12783349715));
#3263 = CARTESIAN_POINT('',(6.428362575904E+03,-27.87179058866,
    381.09659591772));
#3264 = CARTESIAN_POINT('',(6.428219968493E+03,-27.99619686689,
    381.06506702034));
#3265 = CARTESIAN_POINT('',(6.428076756421E+03,-28.11990600003,
    381.03324261008));
#3266 = CARTESIAN_POINT('',(6.427932934271E+03,-28.24290518485,
    381.00112135038));
#3267 = CARTESIAN_POINT('',(6.427788512217E+03,-28.36520182978,
    380.96870997887));
#3268 = CARTESIAN_POINT('',(6.42764351739E+03,-28.48681555323,
    380.93598441009));
#3269 = CARTESIAN_POINT('',(6.427497982021E+03,-28.60778102343,
    380.90295453369));
#3270 = CARTESIAN_POINT('',(6.427351937255E+03,-28.72813103221,
    380.86962713137));
#3271 = CARTESIAN_POINT('',(6.427205405436E+03,-28.84788773891,
    380.83600797648));
#3272 = CARTESIAN_POINT('',(6.427058404165E+03,-28.9670679231,
    380.80210169608));
#3273 = CARTESIAN_POINT('',(6.426910945492E+03,-29.08568190426,
    380.76791173065));
#3274 = CARTESIAN_POINT('',(6.426763036158E+03,-29.20373367854,
    380.73344066879));
#3275 = CARTESIAN_POINT('',(6.426614678708E+03,-29.32122204809,
    380.6986890446));
#3276 = CARTESIAN_POINT('',(6.426465872812E+03,-29.43814422063,
    380.66366103781));
#3277 = CARTESIAN_POINT('',(6.426316619401E+03,-29.55449522205,
    380.62834519942));
#3278 = CARTESIAN_POINT('',(6.426166920143E+03,-29.67026947965,
    380.59272481252));
#3279 = CARTESIAN_POINT('',(6.426016771719E+03,-29.78546065717,
    380.55680410689));
#3280 = CARTESIAN_POINT('',(6.425866169153E+03,-29.90005756292,
    380.52058104463));
#3281 = CARTESIAN_POINT('',(6.425715104749E+03,-30.01404520643,
    380.48405452066));
#3282 = CARTESIAN_POINT('',(6.425563568375E+03,-30.1274048534,
    380.44722238572));
#3283 = CARTESIAN_POINT('',(6.425411546833E+03,-30.24011310043,
    380.41008192221));
#3284 = CARTESIAN_POINT('',(6.42525902745E+03,-30.35214679631,
    380.37263016057));
#3285 = CARTESIAN_POINT('',(6.42510600054E+03,-30.46348769902,
    380.33486604727));
#3286 = CARTESIAN_POINT('',(6.424952460632E+03,-30.57412248518,
    380.29678510175));
#3287 = CARTESIAN_POINT('',(6.424798410197E+03,-30.68404088106,
    380.25836052968));
#3288 = CARTESIAN_POINT('',(6.424643851279E+03,-30.79324250519,
    380.21959996258));
#3289 = CARTESIAN_POINT('',(6.424488790249E+03,-30.90172964631,
    380.18050459099));
#3290 = CARTESIAN_POINT('',(6.424333234386E+03,-31.00950586613,
    380.14107797609));
#3291 = CARTESIAN_POINT('',(6.424177193307E+03,-31.11657804825,
    380.10132378973));
#3292 = CARTESIAN_POINT('',(6.424020679027E+03,-31.22295690171,
    380.06124670312));
#3293 = CARTESIAN_POINT('',(6.423863708272E+03,-31.32866069559,
    380.02085219106));
#3294 = CARTESIAN_POINT('',(6.423706302119E+03,-31.4337166116,
    379.98014883391));
#3295 = CARTESIAN_POINT('',(6.423548485724E+03,-31.53815730613,
    379.93913960864));
#3296 = CARTESIAN_POINT('',(6.423390297067E+03,-31.64202891661,
    379.89780944833));
#3297 = CARTESIAN_POINT('',(6.423231770061E+03,-31.74538373736,
    379.85617326693));
#3298 = CARTESIAN_POINT('',(6.423072928867E+03,-31.84825615357,
    379.81423629946));
#3299 = CARTESIAN_POINT('',(6.422913780533E+03,-31.95065438801,
    379.772001365));
#3300 = CARTESIAN_POINT('',(6.422754313584E+03,-32.05255741012,
    379.72946576272));
#3301 = CARTESIAN_POINT('',(6.422594498367E+03,-32.15391520668,
    379.68662236876));
#3302 = CARTESIAN_POINT('',(6.422434287545E+03,-32.25464800519,
    379.64345774457));
#3303 = CARTESIAN_POINT('',(6.422273620617E+03,-32.35465522346,
    379.59995973816));
#3304 = CARTESIAN_POINT('',(6.422112444284E+03,-32.4538379535,
    379.55609859798));
#3305 = CARTESIAN_POINT('',(6.421950722628E+03,-32.55212543176,
    379.51185389699));
#3306 = CARTESIAN_POINT('',(6.421788431225E+03,-32.64946812388,
    379.46722065105));
#3307 = CARTESIAN_POINT('',(6.421625559363E+03,-32.74583557425,
    379.42219421558));
#3308 = CARTESIAN_POINT('',(6.421462105939E+03,-32.84121281278,
    379.37677348787));
#3309 = CARTESIAN_POINT('',(6.421298073832E+03,-32.93559094411,
    379.33095824686));
#3310 = CARTESIAN_POINT('',(6.421133469596E+03,-33.02896770487,
    379.28474945285));
#3311 = CARTESIAN_POINT('',(6.420968300641E+03,-33.12134379597,
    379.23814819692));
#3312 = CARTESIAN_POINT('',(6.42080257784E+03,-33.21272819935,
    379.19115720516));
#3313 = CARTESIAN_POINT('',(6.420636328715E+03,-33.30313985706,
    379.14373990527));
#3314 = CARTESIAN_POINT('',(6.42046957722E+03,-33.39261860509,
    379.09591811573));
#3315 = CARTESIAN_POINT('',(6.420302358995E+03,-33.48122068945,
    379.0477071503));
#3316 = CARTESIAN_POINT('',(6.42013471353E+03,-33.5690117115,
    378.99912665865));
#3317 = CARTESIAN_POINT('',(6.419966676027E+03,-33.65605037088,
    378.95019426682));
#3318 = CARTESIAN_POINT('',(6.419798272196E+03,-33.74237965778,
    378.90092690786));
#3319 = CARTESIAN_POINT('',(6.419629519777E+03,-33.82802904995,
    378.85133354077));
#3320 = CARTESIAN_POINT('',(6.419460422141E+03,-33.91301706452,
    378.80144092067));
#3321 = CARTESIAN_POINT('',(6.41929100115E+03,-33.99733885358,
    378.75116533414));
#3322 = CARTESIAN_POINT('',(6.419121252876E+03,-34.08099193373,
    378.700522533));
#3323 = CARTESIAN_POINT('',(6.418951173476E+03,-34.16396840696,
    378.64952973768));
#3324 = CARTESIAN_POINT('',(6.418780761784E+03,-34.24626035123,
    378.59820502324));
#3325 = CARTESIAN_POINT('',(6.418610015292E+03,-34.32785526654,
    378.54656566896));
#3326 = CARTESIAN_POINT('',(6.4184389281E+03,-34.40873500738,
    378.49463076114));
#3327 = CARTESIAN_POINT('',(6.418267491177E+03,-34.48887467579,
    378.44240876916));
#3328 = CARTESIAN_POINT('',(6.418095680988E+03,-34.56824841471,
    378.3899408469));
#3329 = CARTESIAN_POINT('',(6.417923510854E+03,-34.64681008184,
    378.33710688236));
#3330 = CARTESIAN_POINT('',(6.417750966201E+03,-34.724529594,
    378.28391464779));
#3331 = CARTESIAN_POINT('',(6.417578034177E+03,-34.80138069871,
    378.23038973906));
#3332 = CARTESIAN_POINT('',(6.417404709472E+03,-34.87734120864,
    378.1765560137));
#3333 = CARTESIAN_POINT('',(6.417230989601E+03,-34.95239227701,
    378.12243908865));
#3334 = CARTESIAN_POINT('',(6.417056875079E+03,-35.02652370761,
    378.06806819056));
#3335 = CARTESIAN_POINT('',(6.416882371999E+03,-35.09974137078,
    378.01346493736));
#3336 = CARTESIAN_POINT('',(6.416707478646E+03,-35.17207040725,
    377.95868557991));
#3337 = CARTESIAN_POINT('',(6.41653224645E+03,-35.24353196358,
    377.90359784972));
#3338 = CARTESIAN_POINT('',(6.416356690895E+03,-35.31417810165,
    377.84823542821));
#3339 = CARTESIAN_POINT('',(6.416180838291E+03,-35.38407844908,
    377.7926345893));
#3340 = CARTESIAN_POINT('',(6.41600471888E+03,-35.45330448191,
    377.73683357837));
#3341 = CARTESIAN_POINT('',(6.415828356357E+03,-35.5219104505,
    377.68086876919));
#3342 = CARTESIAN_POINT('',(6.415651761735E+03,-35.58992114094,
    377.62477300517));
#3343 = CARTESIAN_POINT('',(6.415474930679E+03,-35.65733256481,
    377.56857378871));
#3344 = CARTESIAN_POINT('',(6.415297842687E+03,-35.72411276861,
    377.51229633071));
#3345 = CARTESIAN_POINT('',(6.415120505222E+03,-35.79017812984,
    377.45580506985));
#3346 = CARTESIAN_POINT('',(6.41494287706E+03,-35.85544939286,
    377.39913795308));
#3347 = CARTESIAN_POINT('',(6.414764935073E+03,-35.9198556535,
    377.34230563633));
#3348 = CARTESIAN_POINT('',(6.414586670257E+03,-35.98336038088,
    377.28533210995));
#3349 = CARTESIAN_POINT('',(6.414408085359E+03,-36.04595732014,
    377.22824433257));
#3350 = CARTESIAN_POINT('',(6.414229193175E+03,-36.10767037154,
    377.17106841152));
#3351 = CARTESIAN_POINT('',(6.414050007057E+03,-36.1685542895,
    377.11384932866));
#3352 = CARTESIAN_POINT('',(6.413870558898E+03,-36.22867395321,
    377.05656881684));
#3353 = CARTESIAN_POINT('',(6.413690888478E+03,-36.28808877706,
    376.99917120862));
#3354 = CARTESIAN_POINT('',(6.413511003377E+03,-36.34684903429,
    376.94169957877));
#3355 = CARTESIAN_POINT('',(6.413330918998E+03,-36.40499499346,
    376.88417092335));
#3356 = CARTESIAN_POINT('',(6.413150647422E+03,-36.46255847254,
    376.82660876133));
#3357 = CARTESIAN_POINT('',(6.41297019854E+03,-36.51956444431,
    376.76903487495));
#3358 = CARTESIAN_POINT('',(6.412789580966E+03,-36.57603604643,
    376.71146784927));
#3359 = CARTESIAN_POINT('',(6.412608798695E+03,-36.63200155196,
    376.65393758623));
#3360 = CARTESIAN_POINT('',(6.412427871497E+03,-36.68749113225,
    376.59641642528));
#3361 = CARTESIAN_POINT('',(6.412246811216E+03,-36.74253894587,
    376.53890166324));
#3362 = CARTESIAN_POINT('',(6.412065632384E+03,-36.79719455434,
    376.48139690666));
#3363 = CARTESIAN_POINT('',(6.411884351268E+03,-36.85151116904,
    376.42390489078));
#3364 = CARTESIAN_POINT('',(6.411702978723E+03,-36.90552385106,
    376.36642672092));
#3365 = CARTESIAN_POINT('',(6.411521516166E+03,-36.9592354775,
    376.30896145567));
#3366 = CARTESIAN_POINT('',(6.411339955828E+03,-37.01260988748,
    376.2515013025));
#3367 = CARTESIAN_POINT('',(6.411158274698E+03,-37.06556993518,
    376.19404843653));
#3368 = CARTESIAN_POINT('',(6.410976428378E+03,-37.1179854688,
    376.13662160758));
#3369 = CARTESIAN_POINT('',(6.410794383765E+03,-37.16970819943,
    376.07918303019));
#3370 = CARTESIAN_POINT('',(6.410612112199E+03,-37.22062206111,
    376.02171055031));
#3371 = CARTESIAN_POINT('',(6.41042960432E+03,-37.27067779374,
    375.96418435179));
#3372 = CARTESIAN_POINT('',(6.410246867152E+03,-37.31988504766,
    375.90658994116));
#3373 = CARTESIAN_POINT('',(6.410063923133E+03,-37.36831220879,
    375.84892006905));
#3374 = CARTESIAN_POINT('',(6.409880810574E+03,-37.41607502157,
    375.79116205856));
#3375 = CARTESIAN_POINT('',(6.409697559428E+03,-37.46330464782,
    375.73334682554));
#3376 = CARTESIAN_POINT('',(6.4095141967E+03,-37.51010702029,
    375.6754932984));
#3377 = CARTESIAN_POINT('',(6.409330739317E+03,-37.55653992393,
    375.61760939982));
#3378 = CARTESIAN_POINT('',(6.409147195597E+03,-37.60263268563,
    375.55970229273));
#3379 = CARTESIAN_POINT('',(6.408963564969E+03,-37.64837994621,
    375.50177641918));
#3380 = CARTESIAN_POINT('',(6.408779841445E+03,-37.69375464182,
    375.44383229317));
#3381 = CARTESIAN_POINT('',(6.408596014062E+03,-37.73872747825,
    375.38587773156));
#3382 = CARTESIAN_POINT('',(6.408412084752E+03,-37.78328823965,
    375.32789143638));
#3383 = CARTESIAN_POINT('',(6.408228071196E+03,-37.82744366526,
    375.26982136562));
#3384 = CARTESIAN_POINT('',(6.408043970462E+03,-37.87122785163,
    375.21171880779));
#3385 = CARTESIAN_POINT('',(6.407859800523E+03,-37.91471998169,
    375.15361498461));
#3386 = CARTESIAN_POINT('',(6.407675578929E+03,-37.95800248331,
    375.0955475166));
#3387 = CARTESIAN_POINT('',(6.407491287935E+03,-38.00100268446,
    375.03754381259));
#3388 = CARTESIAN_POINT('',(6.40730685733E+03,-38.04340244583,
    374.9796049795));
#3389 = CARTESIAN_POINT('',(6.407122230765E+03,-38.08499501062,
    374.92177567011));
#3390 = CARTESIAN_POINT('',(6.406937557204E+03,-38.12627824477,
    374.86395092422));
#3391 = CARTESIAN_POINT('',(6.406753044187E+03,-38.168301077,
    374.80622824432));
#3392 = CARTESIAN_POINT('',(6.406568736941E+03,-38.21128851736,
    374.74865442657));
#3393 = CARTESIAN_POINT('',(6.406384313182E+03,-38.25378559545,
    374.69116080026));
#3394 = CARTESIAN_POINT('',(6.40619934076E+03,-38.29356791386,
    374.63364780107));
#3395 = CARTESIAN_POINT('',(6.406014354682E+03,-38.33340220757,
    374.57630977361));
#3396 = CARTESIAN_POINT('',(6.405830451783E+03,-38.37838945922,
    374.51954031076));
#3397 = CARTESIAN_POINT('',(6.405645937415E+03,-38.42142243217,
    374.46276079841));
#3398 = CARTESIAN_POINT('',(6.40545827723E+03,-38.44733501032,
    374.40510622629));
#3399 = CARTESIAN_POINT('',(6.40526940175E+03,-38.45810933259,
    374.34724082832));
#3400 = CARTESIAN_POINT('',(6.405082051347E+03,-38.48606870504,
    374.29002917053));
#3401 = CARTESIAN_POINT('',(6.404896650383E+03,-38.5241795524,
    374.23362973201));
#3402 = CARTESIAN_POINT('',(6.404711942017E+03,-38.565129569,
    374.17768825474));
#3403 = CARTESIAN_POINT('',(6.404528939843E+03,-38.61343267213,
    374.12253691504));
#3404 = CARTESIAN_POINT('',(6.404349588384E+03,-38.67455416929,
    374.06879137328));
#3405 = CARTESIAN_POINT('',(6.404173577667E+03,-38.74469290026,
    374.01617776304));
#3406 = CARTESIAN_POINT('',(6.403994906672E+03,-38.80795653834,
    373.96295875133));
#3407 = CARTESIAN_POINT('',(6.403811548695E+03,-38.85397326097,
    373.90857166453));
#3408 = CARTESIAN_POINT('',(6.403628829688E+03,-38.90316278219,
    373.85464432294));
#3409 = CARTESIAN_POINT('',(6.403452411575E+03,-38.97266708412,
    373.80286142139));
#3410 = CARTESIAN_POINT('',(6.403275696674E+03,-39.04017969466,
    373.75129862308));
#3411 = CARTESIAN_POINT('',(6.40310053235E+03,-39.11181892985,
    373.70054049647));
#3412 = CARTESIAN_POINT('',(6.402928022081E+03,-39.18968406922,
    373.65087198477));
#3413 = CARTESIAN_POINT('',(6.402758096314E+03,-39.27295299908,
    373.60212776502));
#3414 = CARTESIAN_POINT('',(6.402591950045E+03,-39.36362911475,
    373.55470739559));
#3415 = CARTESIAN_POINT('',(6.402430724689E+03,-39.46286873194,
    373.50893326741));
#3416 = CARTESIAN_POINT('',(6.402274070075E+03,-39.56910709577,
    373.46471085898));
#3417 = CARTESIAN_POINT('',(6.402122331106E+03,-39.68224463598,
    373.42213633954));
#3418 = CARTESIAN_POINT('',(6.401977107467E+03,-39.80372208398,
    373.38164994694));
#3419 = CARTESIAN_POINT('',(6.40183918317E+03,-39.93339898015,
    373.34344789669));
#3420 = CARTESIAN_POINT('',(6.40170877448E+03,-40.07072455293,
    373.30757336448));
#3421 = CARTESIAN_POINT('',(6.401589006323E+03,-40.217344652,
    373.27482287342));
#3422 = CARTESIAN_POINT('',(6.401476427607E+03,-40.36973048006,
    373.2441543071));
#3423 = CARTESIAN_POINT('',(6.401384061333E+03,-40.53549318403,
    373.21909166218));
#3424 = CARTESIAN_POINT('',(6.401296677346E+03,-40.70331713095,
    373.19545936033));
#3425 = CARTESIAN_POINT('',(6.401218832884E+03,-40.87594649376,
    373.1744796357));
#3426 = CARTESIAN_POINT('',(6.401154722607E+03,-41.05420677831,
    373.15725250616));
#3427 = CARTESIAN_POINT('',(6.401105880918E+03,-41.23736916736,
    373.14416034691));
#3428 = CARTESIAN_POINT('',(6.401076347882E+03,-41.4247145146,
    373.13625760167));
#3429 = CARTESIAN_POINT('',(6.401059286043E+03,-41.67670586411,
    373.13169583917));
#3430 = CARTESIAN_POINT('',(6.40106039601E+03,-41.86615138903,
    373.13199285991));
#3431 = CARTESIAN_POINT('',(6.401065555176E+03,-41.99220496491,
    373.13337202135));
#3432 = CARTESIAN_POINT('',(6.453926003972E+03,6.964109552207,
    384.28208436933));
#3433 = CARTESIAN_POINT('',(6.401065555176E+03,-41.99220496491,
    373.13337202135));
#3434 = ( GEOMETRIC_REPRESENTATION_CONTEXT(3) 
GLOBAL_UNCERTAINTY_ASSIGNED_CONTEXT((#3438)) 
GLOBAL_UNIT_ASSIGNED_CONTEXT((#3435,#3436,#3437)) REPRESENTATION_CONTEXT
('Context #1','3D Context with UNIT and UNCERTAINTY') );
#3435 = ( LENGTH_UNIT() NAMED_UNIT(*) SI_UNIT(.MILLI.,.METRE.) );
#3436 = ( NAMED_UNIT(*) PLANE_ANGLE_UNIT() SI_UNIT($,.RADIAN.) );
#3437 = ( NAMED_UNIT(*) SI_UNIT($,.STERADIAN.) SOLID_ANGLE_UNIT() );
#3438 = UNCERTAINTY_MEASURE_WITH_UNIT(LENGTH_MEASURE(1.E-07),#3435,
  'distance_accuracy_value','confusion accuracy');
#3439 = CONTEXT_DEPENDENT_SHAPE_REPRESENTATION(#3440,#3442);
#3440 = ( REPRESENTATION_RELATIONSHIP('','',#3028,#10) 
REPRESENTATION_RELATIONSHIP_WITH_TRANSFORMATION(#3441) 
SHAPE_REPRESENTATION_RELATIONSHIP() );
#3441 = ITEM_DEFINED_TRANSFORMATION('','',#11,#43);
#3442 = PRODUCT_DEFINITION_SHAPE('Placement','Placement of an item',
  #3443);
#3443 = NEXT_ASSEMBLY_USAGE_OCCURRENCE('28','','',#5,#3023,$);
#3444 = PRODUCT_RELATED_PRODUCT_CATEGORY('part',$,(#3025));
ENDSEC;
END-ISO-10303-21;
