  
START OF JOB WITH CODE Leo ON 2025 06/10 10:41:18
  
 PROCESS NUMBER=      3233140
  
 **************************************************************
 *                                                            *
 *        ----------      CODE Leo       ---------------      *
 *        ---------- COPY RIGHT MATERIAL ---------------      *
 *        -------- AERODYNAMIC SOLUTIONS INC -----------      *
 *                                                            *
 *                        CODE HISTORY                        *
 *     ***** Release:  Code Leo version  11.24.08     ******  *
 *                                                            *
 **************************************************************
 MP1TOX MP1TOXON  F
 MP1TOX INEWC               0
 MP1TOX NONBLOCK            0
 MPSLAVEIX NGRP1TOX            1
 
 MP1TOX MY BLK-ID      =           101  INTER-PROCESS BC    =             2
 MP1TOX SEND TO BLK-ID =           201  WITH DATA HAVING BC =             6
 
 myid  =            0  n_p   =            4  IPID  =            1
 
 IN SUBROUTINE DATAIN TO 
 READ RESTART FILE NAME = 
 EEE-HPT-0.REST                                                                                                                                                                                                                                                  
 BOUNDARY CONDITION AND # OF NODES FOR SECTOR            1
   4556 # OF NODES WTH BC TYPE =     9 NON-SLIP WALL WITH Velocities FROM INPUT          
   4556 # OF NODES WTH BC TYPE =   109 NON-SLIP WALL WITH Velocities FROM INPUT          
   3813 # OF NODES WTH BC TYPE =    14 PERIODIC WITH FACE 13                             
   1353 # OF NODES WTH BC TYPE =     5 CASCADE UP-STREAM                                 
   1353 # OF NODES WTH BC TYPE =     6 CASCADE DOWN-STREAM                               
   3813 # OF NODES WTH BC TYPE =    13 PERIODIC FACE                                     
   5248 # OF NODES WTH BC TYPE =    10 NON-SLIP WALL Velocities = 0.0                    
 MPBCDIMENS JMX JMXXX1T           33           33
 BOUNDARY CONDITION AND # OF NODES FOR SECTOR            1
   4556 # OF NODES WITH BC TYPE =     9 NON-SLIP WALL WITH Velocities FROM INPUT          
   4556 # OF NODES WITH BC TYPE =   109 NON-SLIP WALL WITH Velocities FROM INPUT          
   3813 # OF NODES WITH BC TYPE =    14 PERIODIC WITH FACE 13                             
   1353 # OF NODES WITH BC TYPE =     5 CASCADE UP-STREAM                                 
   1353 # OF NODES WITH BC TYPE =     3 DOWN-STREAM                                       
   3813 # OF NODES WITH BC TYPE =    13 PERIODIC FACE                                     
   5248 # OF NODES WITH BC TYPE =    10 NON-SLIP WALL Velocities = 0.0                    
  
 LBBC MPBC(1,LBBC)             1            2 IP BC
 LBBC MPBC(2,LBBC)             1            0 =0 SEND; =1 RECEIVE
 LBBC MPBC(3,LBBC)            1           0 LOCATION IN MPBT ARRAY FOR SEND
 LBBC MPBC(4,LBBC)             1            0 LOCATION IN MPBT FOR RECEIVE
 LBBC MPBC(5,LBBC)             1            1 NGRP FOR RECEIVE
 MPBT(1,LBEG)             1            2 PROCESS ID
 MPBT(2,LBEG)             1            6 BCTY      
 MPBT(3,LBEG)             1         1353 NNRV      
 MPBT(4,LBEG)             1            6 BCRV      
   ITS     RHO        RHO*U      RHO*V       RHO*W      RHO*E      NODE#
     1    0.03873    0.48698    0.36791    0.07255    3.02162    109951
 
 NON-REFELECTION BOUNDARY FOR SECTOR            1
 AT   UPSTREAM            5           33           41
     2    0.03704    0.43085    0.35226    0.06150    2.91728    114338
     3    0.03792    0.37526    0.34928    0.05712    2.88593    112145
     4    0.03707    0.31428    0.32839    0.05145    2.68935    112145
     5    0.03452    0.26411    0.29870    0.04706    2.41110    164777
     6    0.03063    0.24714    0.26415    0.04458    2.05862    164777
     7    0.02701    0.22786    0.22348    0.04164    1.64724    164777
     8    0.02327    0.21163    0.19111    0.03831    1.50117    114079
     9    0.01903    0.18969    0.18018    0.03463    1.40043    118594
    10    0.01787    0.16472    0.16677    0.03044    1.49748    116401
    11    0.01883    0.14079    0.16699    0.02551    1.50245    118594
    12    0.01921    0.12421    0.16397    0.02572    1.47922    162454
    13    0.01912    0.10846    0.15829    0.02795    1.39423    162454
    14    0.01873    0.09921    0.15137    0.02909    1.26789    162454
    15    0.01796    0.09264    0.14464    0.02816    1.10149    162454
    16    0.01730    0.08138    0.14016    0.02648    0.94847    162583
    17    0.01688    0.07233    0.13426    0.02828    0.91856    112145
    18    0.01622    0.06405    0.12644    0.02582    0.93839    164777
    19    0.01526    0.05920    0.11632    0.03058    0.94670    164777
    20    0.01388    0.05483    0.10343    0.02779    0.94431    164777
    21    0.01235    0.05118    0.10737    0.02547    0.93470    164777
    22    0.01123    0.04989    0.11009    0.03150    0.91989    164777
    23    0.01162    0.04801    0.11197    0.02954    0.89993    164777
    24    0.01145    0.04930    0.10891    0.02708    0.84607    164777
    25    0.01120    0.05004    0.10553    0.02321    0.79600    164777
    26    0.01092    0.04969    0.10209    0.03065    0.77037    167060
    27    0.01061    0.04902    0.09878    0.02527    0.75675     33534
    28    0.01091    0.04776    0.09541    0.02838    0.75822     33534
    29    0.00993    0.04597    0.09188    0.02436    0.65621     33531
    30    0.01094    0.04885    0.08858    0.02500    0.75055    171704
    31    0.00925    0.04275    0.08509    0.03226    0.63764     33536
    32    0.01059    0.04374    0.08188    0.02639    0.71753    171706
    33    0.01064    0.03884    0.07874    0.01826    0.72645    171706
    34    0.01120    0.03929    0.07561    0.02103    0.60245    171706
    35    0.01344    0.04767    0.07537    0.02511    0.68325     67238
    36    0.01505    0.06523    0.09364    0.02303    0.85687     67424
    37    0.01608    0.07211    0.09184    0.02511    0.88356     64727
    38    0.01601    0.07383    0.08204    0.02633    0.83686     71702
    39    0.01493    0.06941    0.07420    0.02706    0.77230     71702
    40    0.01345    0.06431    0.07038    0.02744    0.74171    193294
    41    0.01198    0.05867    0.06373    0.02971    0.73142     22691
    42    0.01136    0.05447    0.06417    0.03161    0.72730     22691
    43    0.01070    0.05009    0.06256    0.03164    0.68513     22691
    44    0.00942    0.04480    0.06257    0.03009    0.63598     22691
    45    0.00950    0.04143    0.06033    0.02803    0.61262     10973
    46    0.00926    0.04206    0.05797    0.02585    0.60061      8462
    47    0.00925    0.03797    0.05397    0.02712    0.58452      8462
    48    0.00905    0.03615    0.06282    0.02759    0.55226      8462
    49    0.00854    0.03654    0.07145    0.02689    0.57279    192261
    50    0.00778    0.03689    0.07956    0.02508    0.60946    192261
   ITS     RHO        RHO*U      RHO*V       RHO*W      RHO*E      NODE#
    51    0.00806    0.03719    0.08401    0.02219    0.63528    192260
    52    0.00836    0.03722    0.08428    0.02079    0.63393    192260
    53    0.00870    0.03808    0.08610    0.01909    0.62130    192603
    54    0.00931    0.03947    0.08382    0.01904    0.65829    192603
    55    0.01028    0.03922    0.08192    0.01910    0.67289    192824
    56    0.01092    0.03720    0.07829    0.01889    0.66826    192806
    57    0.01131    0.03500    0.07358    0.01938    0.68432    192806
    58    0.01132    0.03514    0.07157    0.02044    0.67757    193248
    59    0.01097    0.03707    0.06784    0.02126    0.70276    194132
    60    0.01161    0.03788    0.06664    0.02287    0.73645    194353
    61    0.01203    0.03754    0.06611    0.02371    0.76422    194353
    62    0.01219    0.03907    0.06498    0.02368    0.76714    194353
    63    0.01208    0.04063    0.06333    0.02527    0.74541    194353
    64    0.01179    0.04087    0.06124    0.02619    0.72593    194574
    65    0.01143    0.04056    0.05868    0.02637    0.72363    194370
    66    0.01106    0.03913    0.05580    0.02578    0.73013    189270
    67    0.01108    0.03778    0.05358    0.02581    0.76896    189049
    68    0.01123    0.03660    0.05586    0.02726    0.79691    189049
    69    0.01163    0.03661    0.05643    0.02795    0.82628    188828
    70    0.01182    0.03743    0.05523    0.02782    0.83601    188828
    71    0.01170    0.03744    0.05348    0.02685    0.82082    188828
    72    0.01128    0.03664    0.05079    0.02587    0.78188    188828
    73    0.01059    0.03708    0.04930    0.02560    0.72123    188828
    74    0.01047    0.03833    0.04855    0.02572    0.70000    189066
    75    0.01046    0.03950    0.04723    0.02545    0.68800    188845
    76    0.01044    0.03977    0.04584    0.02564    0.67561    188827
    77    0.01023    0.03925    0.04517    0.02636    0.65150    188827
    78    0.00984    0.03804    0.04427    0.02668    0.61429    188827
    79    0.00931    0.03614    0.04263    0.02657    0.57522    188385
    80    0.00906    0.03371    0.04202    0.02602    0.56235    188385
    81    0.00895    0.03175    0.04278    0.02505    0.54021    188385
    82    0.00885    0.03222    0.04670    0.02377    0.51826    189047
    83    0.00869    0.03216    0.05005    0.02359    0.50283    189047
    84    0.00846    0.03168    0.05341    0.02315    0.49846     85951
    85    0.00815    0.03084    0.05666    0.02285    0.49379     85951
    86    0.00779    0.02966    0.05960    0.02242    0.48794     85951
    87    0.00739    0.02819    0.06200    0.02180    0.48104     85951
    88    0.00731    0.02651    0.06372    0.02099    0.47315     85951
    89    0.00746    0.02481    0.06482    0.02002    0.46440     85951
    90    0.00753    0.02383    0.06517    0.01891    0.45462     85951
    91    0.00751    0.02249    0.06488    0.01803    0.44371     85951
    92    0.00742    0.02085    0.06408    0.01768    0.43163     85951
    93    0.00728    0.01898    0.06280    0.01713    0.41834     85951
    94    0.00708    0.01779    0.06107    0.01645    0.40388     85951
    95    0.00683    0.01748    0.05894    0.01705    0.38824     85951
    96    0.00655    0.01707    0.05644    0.01543    0.37972     70493
    97    0.00626    0.01757    0.05361    0.01707    0.36863     70493
    98    0.00595    0.01806    0.05053    0.01475    0.35556     70493
    99    0.00572    0.01841    0.04721    0.01697    0.34039     70493
   100    0.00557    0.01862    0.04374    0.01375    0.32869    173671
   ITS     RHO        RHO*U      RHO*V       RHO*W      RHO*E      NODE#
   110    0.00500    0.01488    0.02671    0.01381    0.30998     90466
   120    0.00502    0.01679    0.02203    0.01155    0.32863     84015
   130    0.00435    0.01752    0.02135    0.01155    0.29908     84015
   140    0.00404    0.02019    0.01909    0.01068    0.26973    171735
   150    0.00414    0.02348    0.01749    0.00987    0.23526    171735
   160    0.00371    0.02127    0.01699    0.00932    0.20106     94590
   170    0.00312    0.01805    0.01682    0.00886    0.20503     84013
   180    0.00309    0.01572    0.01619    0.00870    0.22713     84012
   190    0.00301    0.01811    0.01496    0.00841    0.22398     84012
 IT=   200 CPU=     21.03(SEC)  OVERALL TIME=     21.05(SEC)  CPUeff=     99.88%  ITS/HR=    34198.
   200    0.00293    0.01842    0.01466    0.00804    0.21032     84012
   ITS     RHO        RHO*U      RHO*V       RHO*W      RHO*E      NODE#
   210    0.00320    0.01583    0.01576    0.00736    0.19786    171733
   220    0.00321    0.01662    0.01643    0.00710    0.21084    171733
   230    0.00317    0.01816    0.01541    0.00714    0.20965    171733
   240    0.00342    0.01975    0.01336    0.00800    0.19135    171732
   250    0.00329    0.01901    0.01345    0.00803    0.17733    171732
   260    0.00328    0.01504    0.01369    0.00722    0.17708    153670
   270    0.00294    0.01229    0.01307    0.00614    0.16030    155863
   280    0.00233    0.01030    0.01161    0.00599    0.13678     84013
   290    0.00188    0.01006    0.00868    0.00660    0.12825    156382
   300    0.00196    0.00909    0.00810    0.00620    0.13915    171612
   ITS     RHO        RHO*U      RHO*V       RHO*W      RHO*E      NODE#
   310    0.00207    0.00910    0.00806    0.00594    0.14764    171612
   320    0.00204    0.00845    0.00745    0.00551    0.14609    171612
   330    0.00195    0.00768    0.00674    0.00510    0.13561    171612
   340    0.00174    0.00658    0.00599    0.00423    0.11791    171612
   350    0.00161    0.00554    0.00728    0.00316    0.10607     84013
   360    0.00155    0.00498    0.00785    0.00289    0.09756     84013
   370    0.00140    0.00483    0.00761    0.00300    0.08939    154189
   380    0.00129    0.00442    0.00659    0.00334    0.07926    162837
   390    0.00119    0.00410    0.00568    0.00358    0.07920    171733
 IT=   400 CPU=     42.54(SEC)  OVERALL TIME=     42.57(SEC)  CPUeff=     99.94%  ITS/HR=    33828.
   400    0.00138    0.00391    0.00542    0.00358    0.09540    171609
   ITS     RHO        RHO*U      RHO*V       RHO*W      RHO*E      NODE#
   410    0.00159    0.00369    0.00506    0.00325    0.11014    171609
   420    0.00160    0.00377    0.00474    0.00325    0.11046    171609
   430    0.00143    0.00392    0.00483    0.00326    0.09709    171609
   440    0.00112    0.00370    0.00470    0.00322    0.07375     85702
   450    0.00101    0.00329    0.00449    0.00324    0.06990     85702
   460    0.00086    0.00300    0.00441    0.00301    0.05933     85702
   470    0.00081    0.00270    0.00422    0.00300    0.05480     85705
   480    0.00077    0.00258    0.00386    0.00294    0.05239     85705
   490    0.00076    0.00252    0.00363    0.00280    0.05137     85706
   500    0.00073    0.00241    0.00358    0.00255    0.05114     85833
   ITS     RHO        RHO*U      RHO*V       RHO*W      RHO*E      NODE#
   510    0.00070    0.00237    0.00347    0.00251    0.04850     85834
   520    0.00068    0.00215    0.00334    0.00248    0.04759     85834
   530    0.00069    0.00206    0.00326    0.00230    0.04550     85701
   540    0.00067    0.00203    0.00316    0.00217    0.04385     85446
   550    0.00061    0.00209    0.00311    0.00218    0.04007     85835
   560    0.00057    0.00198    0.00303    0.00207    0.03753     85836
   570    0.00056    0.00198    0.00295    0.00210    0.03574     85448
   580    0.00052    0.00188    0.00286    0.00194    0.03364    173421
   590    0.00051    0.00173    0.00278    0.00195    0.03427     85444
 IT=   600 CPU=     64.21(SEC)  OVERALL TIME=     64.23(SEC)  CPUeff=     99.96%  ITS/HR=    33628.
   600    0.00052    0.00169    0.00270    0.00180    0.03466     85444
   ITS     RHO        RHO*U      RHO*V       RHO*W      RHO*E      NODE#
   610    0.00048    0.00155    0.00262    0.00152    0.03171     85444
   620    0.00046    0.00135    0.00255    0.00151    0.03119     85445
   630    0.00045    0.00127    0.00249    0.00140    0.02976    173164
   640    0.00046    0.00118    0.00243    0.00123    0.03051    173164
   650    0.00043    0.00107    0.00237    0.00123    0.02828    173164
   660    0.00036    0.00102    0.00233    0.00114    0.02455     83895
   670    0.00032    0.00097    0.00228    0.00099    0.02217     83895
   680    0.00030    0.00093    0.00224    0.00092    0.01911    173166
   690    0.00029    0.00090    0.00220    0.00087    0.01935     86089
   700    0.00029    0.00083    0.00217    0.00080    0.01953     86089
   ITS     RHO        RHO*U      RHO*V       RHO*W      RHO*E      NODE#
   710    0.00027    0.00079    0.00214    0.00082    0.01806     86089
   720    0.00025    0.00079    0.00211    0.00080    0.01577     85441
   730    0.00024    0.00082    0.00206    0.00077    0.01491     85441
   740    0.00022    0.00085    0.00200    0.00074    0.01333     85441
   750    0.00020    0.00086    0.00194    0.00071    0.01268     85190
   760    0.00019    0.00086    0.00188    0.00070    0.01168     85190
   770    0.00019    0.00084    0.00181    0.00069    0.01102     86217
   780    0.00017    0.00083    0.00175    0.00067    0.01032     85184
   790    0.00017    0.00083    0.00168    0.00066    0.01029     85184
 IT=   800 CPU=     85.92(SEC)  OVERALL TIME=     85.95(SEC)  CPUeff=     99.97%  ITS/HR=    33510.
   800    0.00016    0.00082    0.00161    0.00065    0.00984    169421
   ITS     RHO        RHO*U      RHO*V       RHO*W      RHO*E      NODE#
   810    0.00015    0.00080    0.00155    0.00064    0.00888    169421
   820    0.00013    0.00076    0.00150    0.00063    0.00888     83894
   830    0.00012    0.00073    0.00152    0.00062    0.00895     83894
   840    0.00012    0.00074    0.00153    0.00060    0.00852     37850
   850    0.00012    0.00075    0.00155    0.00059    0.00743     37478
   860    0.00012    0.00074    0.00155    0.00057    0.00729     39031
   870    0.00012    0.00072    0.00155    0.00055    0.00721     39031
   880    0.00012    0.00069    0.00155    0.00054    0.00699     39031
   890    0.00011    0.00069    0.00155    0.00053    0.00692     38939
   900    0.00011    0.00069    0.00155    0.00053    0.00682     38939
   ITS     RHO        RHO*U      RHO*V       RHO*W      RHO*E      NODE#
   910    0.00011    0.00070    0.00154    0.00052    0.00662     38939
   920    0.00011    0.00070    0.00153    0.00052    0.00638     88162
   930    0.00011    0.00069    0.00151    0.00053    0.00619     88162
   940    0.00010    0.00069    0.00150    0.00054    0.00589     88162
   950    0.00010    0.00069    0.00149    0.00056    0.00555     39030
   960    0.00009    0.00070    0.00150    0.00057    0.00541     38938
   970    0.00009    0.00070    0.00151    0.00058    0.00534     38938
   980    0.00008    0.00070    0.00152    0.00059    0.00522     38938
   990    0.00008    0.00070    0.00154    0.00060    0.00504     38938
 IT=  1000 CPU=    107.64(SEC)  OVERALL TIME=    107.66(SEC)  CPUeff=     99.98%  ITS/HR=    33438.
  1000    0.00008    0.00069    0.00155    0.00059    0.00496     88163
   ITS     RHO        RHO*U      RHO*V       RHO*W      RHO*E      NODE#
  1010    0.00008    0.00069    0.00155    0.00059    0.00486     88163
  1020    0.00008    0.00068    0.00156    0.00059    0.00472     88163
  1030    0.00007    0.00068    0.00156    0.00058    0.00454     88163
  1040    0.00007    0.00067    0.00156    0.00058    0.00433     88163
  1050    0.00007    0.00066    0.00156    0.00057    0.00410     88163
  1060    0.00007    0.00065    0.00156    0.00057    0.00384     88163
  1070    0.00007    0.00065    0.00156    0.00056    0.00375    195237
  1080    0.00007    0.00064    0.00155    0.00055    0.00367    195237
  1090    0.00006    0.00064    0.00155    0.00054    0.00370    195237
  1100    0.00006    0.00064    0.00154    0.00053    0.00369    195237
   ITS     RHO        RHO*U      RHO*V       RHO*W      RHO*E      NODE#
  1110    0.00006    0.00064    0.00153    0.00052    0.00360    195237
  1120    0.00006    0.00064    0.00151    0.00051    0.00349    195237
  1130    0.00006    0.00064    0.00150    0.00050    0.00335    195237
  1140    0.00005    0.00063    0.00147    0.00049    0.00320    195237
  1150    0.00005    0.00062    0.00145    0.00048    0.00307    195237
  1160    0.00005    0.00060    0.00142    0.00048    0.00295    195237
  1170    0.00005    0.00059    0.00140    0.00048    0.00297     41262
  1180    0.00005    0.00057    0.00137    0.00048    0.00300     41262
  1190    0.00005    0.00056    0.00135    0.00047    0.00301     41262
 IT=  1200 CPU=    129.78(SEC)  OVERALL TIME=    129.80(SEC)  CPUeff=     99.98%  ITS/HR=    33282.
  1200    0.00005    0.00054    0.00133    0.00046    0.00301     41262
   ITS     RHO        RHO*U      RHO*V       RHO*W      RHO*E      NODE#
  1210    0.00005    0.00053    0.00131    0.00045    0.00299     41262
  1220    0.00005    0.00052    0.00129    0.00043    0.00297     41261
  1230    0.00005    0.00051    0.00128    0.00041    0.00301     41261
  1240    0.00005    0.00050    0.00126    0.00040    0.00304     41261
  1250    0.00005    0.00049    0.00124    0.00039    0.00305     41261
  1260    0.00005    0.00048    0.00122    0.00037    0.00305     41261
  1270    0.00005    0.00047    0.00120    0.00036    0.00304     41261
  1280    0.00005    0.00046    0.00118    0.00036    0.00301     41261
  1290    0.00005    0.00045    0.00116    0.00035    0.00297     41261
  1300    0.00005    0.00044    0.00114    0.00034    0.00291     41261
   ITS     RHO        RHO*U      RHO*V       RHO*W      RHO*E      NODE#
  1310    0.00005    0.00043    0.00111    0.00033    0.00285     41261
  1320    0.00005    0.00042    0.00108    0.00032    0.00278     41261
  1330    0.00005    0.00046    0.00106    0.00033    0.00270     41261
  1340    0.00005    0.00039    0.00106    0.00033    0.00262     41352
  1350    0.00005    0.00037    0.00106    0.00034    0.00257     41352
  1360    0.00004    0.00059    0.00107    0.00034    0.00251     41352
  1370    0.00004    0.00038    0.00108    0.00035    0.00249     41443
  1380    0.00004    0.00074    0.00108    0.00035    0.00246     41443
  1390    0.00004    0.00050    0.00109    0.00035    0.00243     41443
 IT=  1400 CPU=    151.48(SEC)  OVERALL TIME=    151.51(SEC)  CPUeff=     99.98%  ITS/HR=    33265.
  1400    0.00004    0.00042    0.00109    0.00035    0.00240     41443
   ITS     RHO        RHO*U      RHO*V       RHO*W      RHO*E      NODE#
  1410    0.00004    0.00051    0.00109    0.00035    0.00235     41443
  1420    0.00004    0.00035    0.00109    0.00035    0.00230     41443
  1430    0.00027    0.00495    0.01012    0.00036    0.01975    191038
  1440    0.00009    0.00058    0.00135    0.00035    0.00633    190139
  1450    0.00008    0.00063    0.00162    0.00035    0.00541    190596
  1460    0.00006    0.00045    0.00125    0.00034    0.00473    190817
  1470    0.00004    0.00039    0.00110    0.00034    0.00314    190375
  1480    0.00004    0.00037    0.00109    0.00033    0.00210    190358
  1490    0.00004    0.00034    0.00110    0.00034    0.00194     77351
  1500    0.00004    0.00033    0.00110    0.00033    0.00189     77351
   ITS     RHO        RHO*U      RHO*V       RHO*W      RHO*E      NODE#
  1510    0.00004    0.00033    0.00109    0.00033    0.00184     77351
  1520    0.00004    0.00033    0.00108    0.00033    0.00178     77351
  1530    0.00004    0.00032    0.00107    0.00033    0.00172     77351
  1540    0.00004    0.00032    0.00107    0.00032    0.00166     77351
  1550    0.00003    0.00031    0.00107    0.00032    0.00161     77533
  1560    0.00003    0.00033    0.00106    0.00032    0.00159     77533
  1570    0.00003    0.00031    0.00106    0.00033    0.00157     77533
  1580    0.00003    0.00028    0.00105    0.00033    0.00154     77533
  1590    0.00003    0.00028    0.00106    0.00034    0.00151     77533
 IT=  1600 CPU=    173.20(SEC)  OVERALL TIME=    173.22(SEC)  CPUeff=     99.99%  ITS/HR=    33252.
  1600    0.00003    0.00037    0.00106    0.00034    0.00147     77533
   ITS     RHO        RHO*U      RHO*V       RHO*W      RHO*E      NODE#
  1610    0.00003    0.00038    0.00106    0.00034    0.00143     77533
  1620    0.00003    0.00121    0.00181    0.00034    0.00341     12633
  1630    0.00003    0.00032    0.00105    0.00034    0.00134     46396
  1640    0.00003    0.00028    0.00104    0.00034    0.00134     46396
  1650    0.00003    0.00053    0.00103    0.00034    0.00153    190595
  1660    0.00003    0.00050    0.00102    0.00033    0.00138    190612
  1670    0.00003    0.00051    0.00100    0.00033    0.00127     46396
  1680    0.00003    0.00027    0.00099    0.00032    0.00124     46396
  1690    0.00003    0.00027    0.00098    0.00032    0.00124     46396
  1700    0.00003    0.00113    0.00152    0.00031    0.00284     12633
   ITS     RHO        RHO*U      RHO*V       RHO*W      RHO*E      NODE#
  1710    0.00003    0.00058    0.00094    0.00030    0.00135    190374
  1720    0.00003    0.00057    0.00093    0.00029    0.00158    190407
  1730    0.00003    0.00139    0.00273    0.00033    0.00476     12633
  1740    0.00003    0.00060    0.00089    0.00029    0.00233    190170
  1750    0.00003    0.00053    0.00086    0.00029    0.00145    190833
  1760    0.00003    0.00060    0.00083    0.00028    0.00136    190595
  1770    0.00003    0.00049    0.00080    0.00028    0.00152     52348
  1780    0.00003    0.00058    0.00077    0.00028    0.00171    190816
  1790    0.00003    0.00058    0.00075    0.00027    0.00164    190186
 IT=  1800 CPU=    194.91(SEC)  OVERALL TIME=    194.93(SEC)  CPUeff=     99.99%  ITS/HR=    33242.
  1800    0.00003    0.00056    0.00088    0.00026    0.00222    192823
   ITS     RHO        RHO*U      RHO*V       RHO*W      RHO*E      NODE#
  1810    0.00003    0.00121    0.00181    0.00026    0.00319     13470
  1820    0.00003    0.00100    0.00198    0.00029    0.00361     11796
  1830    0.00003    0.00099    0.00124    0.00024    0.00260    193044
  1840    0.00003    0.00057    0.00068    0.00023    0.00176    190816
  1850    0.00003    0.00118    0.00149    0.00022    0.00277     12633
  1860    0.00003    0.00133    0.00180    0.00026    0.00337     10959
  1870    0.00003    0.00056    0.00067    0.00020    0.00126    191036
  1880    0.00003    0.00151    0.00278    0.00026    0.00486     13470
  1890    0.00003    0.00134    0.00158    0.00019    0.00277     12633
  1900    0.00003    0.00057    0.00079    0.00018    0.00187    193044
   ITS     RHO        RHO*U      RHO*V       RHO*W      RHO*E      NODE#
  1910    0.00003    0.00123    0.00147    0.00018    0.00276     12633
  1920    0.00003    0.00101    0.00124    0.00022    0.00246     10959
  1930    0.00003    0.00056    0.00060    0.00017    0.00166    191037
  1940    0.00002    0.00142    0.00180    0.00020    0.00310     12633
  1950    0.00002    0.00103    0.00130    0.00024    0.00262     10959
  1960    0.00002    0.00119    0.00139    0.00016    0.00268     12633
  1970    0.00002    0.00135    0.00139    0.00023    0.00262     14307
  1980    0.00003    0.00148    0.00220    0.00022    0.00372     12633
  1990    0.00002    0.00136    0.00149    0.00023    0.00281     14307
 IT=  2000 CPU=    216.62(SEC)  OVERALL TIME=    216.64(SEC)  CPUeff=     99.99%  ITS/HR=    33235.
  2000    0.00002    0.00130    0.00151    0.00016    0.00273     12633
   ITS     RHO        RHO*U      RHO*V       RHO*W      RHO*E      NODE#
  2010    0.00002    0.00107    0.00134    0.00024    0.00262     10959
  2020    0.00002    0.00065    0.00073    0.00013    0.00201    193043
  2030    0.00002    0.00057    0.00070    0.00014    0.00164    192381
  2040    0.00003    0.00049    0.00051    0.00013    0.00187    191037
  2050    0.00005    0.00059    0.00060    0.00013    0.00343    190815
  2060    0.00002    0.00052    0.00049    0.00012    0.00160    190815
  2070    0.00002    0.00094    0.00105    0.00012    0.00272    190833
  2080    0.00004    0.00107    0.00151    0.00023    0.00306     10959
  2090    0.00002    0.00100    0.00132    0.00032    0.00277     10122
  2100    0.00002    0.00057    0.00057    0.00010    0.00154    191496
   ITS     RHO        RHO*U      RHO*V       RHO*W      RHO*E      NODE#
  2110    0.00003    0.00050    0.00051    0.00010    0.00240    191479
  2120    0.00003    0.00059    0.00053    0.00010    0.00257    190628
  2130    0.00002    0.00126    0.00180    0.00021    0.00359     11796
  2140    0.00002    0.00045    0.00052    0.00010    0.00133    192380
  2150    0.00002    0.00098    0.00093    0.00012    0.00200    191275
  2160    0.00002    0.00048    0.00057    0.00011    0.00144    190170
  2170    0.00002    0.00051    0.00054    0.00011    0.00165    190373
  2180    0.00002    0.00058    0.00053    0.00011    0.00172    190373
  2190    0.00003    0.00107    0.00161    0.00024    0.00300     10959
 IT=  2200 CPU=    238.87(SEC)  OVERALL TIME=    238.90(SEC)  CPUeff=     99.99%  ITS/HR=    33152.
  2200    0.00003    0.00145    0.00120    0.00013    0.00240     12633
   ITS     RHO        RHO*U      RHO*V       RHO*W      RHO*E      NODE#
  2210    0.00005    0.00054    0.00116    0.00011    0.00240     37850
  2220    0.00010    0.00139    0.00326    0.00026    0.00996     37850
  2230    0.00018    0.00597    0.01614    0.00134    0.07817     36641
  2240    0.00032    0.00716    0.01986    0.00179    0.08186     36641
  2250    0.00044    0.00523    0.01495    0.00145    0.04615     36641
  2260    0.00043    0.00382    0.01125    0.00122    0.02690     36640
  2270    0.00036    0.00279    0.00849    0.00105    0.02293     36640
  2280    0.00029    0.00203    0.00643    0.00082    0.01831     36640
  2290    0.00026    0.00148    0.00488    0.00058    0.01396     36640
  2300    0.00024    0.00113    0.00371    0.00048    0.01041     36639
   ITS     RHO        RHO*U      RHO*V       RHO*W      RHO*E      NODE#
  2310    0.00024    0.00116    0.00315    0.00044    0.01056     36641
  2320    0.00024    0.00137    0.00282    0.00044    0.01070     36641
  2330    0.00023    0.00119    0.00251    0.00041    0.01032     36641
  2340    0.00022    0.00110    0.00223    0.00040    0.00967     36641
  2350    0.00021    0.00071    0.00198    0.00038    0.00889     36641
  2360    0.00019    0.00111    0.00175    0.00035    0.00806     36641
  2370    0.00018    0.00105    0.00154    0.00032    0.00727     36641
  2380    0.00017    0.00146    0.00268    0.00028    0.00986    187599
  2390    0.00017    0.00770    0.01632    0.00179    0.09051    187378
 IT=  2400 CPU=    260.60(SEC)  OVERALL TIME=    260.62(SEC)  CPUeff=     99.99%  ITS/HR=    33151.
  2400    0.00028    0.00674    0.01478    0.00176    0.06709    187378
   ITS     RHO        RHO*U      RHO*V       RHO*W      RHO*E      NODE#
  2410    0.00035    0.00492    0.01120    0.00136    0.03666    187378
  2420    0.00033    0.00361    0.00855    0.00108    0.02143    187377
  2430    0.00028    0.00265    0.00657    0.00091    0.01844    187377
  2440    0.00021    0.00195    0.00508    0.00071    0.01493    187377
  2450    0.00019    0.00143    0.00396    0.00050    0.01151    187377
  2460    0.00016    0.00110    0.00310    0.00042    0.00853    187377
  2470    0.00016    0.00090    0.00244    0.00035    0.00796    187376
  2480    0.00016    0.00129    0.00197    0.00035    0.00705    187376
  2490    0.00015    0.00106    0.00174    0.00033    0.00630    187378
  2500    0.00014    0.00064    0.00154    0.00029    0.00596    187378
   ITS     RHO        RHO*U      RHO*V       RHO*W      RHO*E      NODE#
  2510    0.00013    0.00144    0.00156    0.00024    0.00552    187378
  2520    0.00012    0.00127    0.00123    0.00023    0.00539     39059
  2530    0.00012    0.00064    0.00105    0.00024    0.01012     39059
  2540    0.00015    0.00122    0.00164    0.00030    0.02048     39059
  2550    0.00024    0.00150    0.00434    0.00071    0.03265     39059
  2560    0.00026    0.00185    0.00507    0.00058    0.01404     37850
  2570    0.00036    0.00186    0.00505    0.00037    0.00962     36641
  2580    0.00041    0.00172    0.00481    0.00032    0.00913     36640
  2590    0.00041    0.00154    0.00448    0.00029    0.00899    187820
 IT=  2600 CPU=    282.31(SEC)  OVERALL TIME=    282.34(SEC)  CPUeff=     99.99%  ITS/HR=    33152.
  2600    0.00040    0.00138    0.00413    0.00028    0.01299    187820
   ITS     RHO        RHO*U      RHO*V       RHO*W      RHO*E      NODE#
  2610    0.00038    0.00144    0.00379    0.00045    0.02170    187820
  2620    0.00038    0.00173    0.00476    0.00084    0.02137    187820
  2630    0.00041    0.00174    0.00474    0.00061    0.01259    187378
  2640    0.00039    0.00169    0.00437    0.00040    0.01075    187378
  2650    0.00035    0.00153    0.00406    0.00039    0.00967    187378
  2660    0.00032    0.00146    0.00374    0.00040    0.00854    187378
  2670    0.00030    0.00120    0.00342    0.00040    0.00791    187377
  2680    0.00027    0.00104    0.00312    0.00038    0.00768    187377
  2690    0.00025    0.00136    0.00285    0.00036    0.00726    187377
  2700    0.00023    0.00119    0.00260    0.00035    0.00671    187377
   ITS     RHO        RHO*U      RHO*V       RHO*W      RHO*E      NODE#
  2710    0.00021    0.00096    0.00237    0.00033    0.00607    187377
  2720    0.00019    0.00144    0.00217    0.00030    0.00540    187377
  2730    0.00018    0.00117    0.00200    0.00027    0.00473    187377
  2740    0.00016    0.00101    0.00183    0.00023    0.00406    187377
  2750    0.00014    0.00232    0.00396    0.00046    0.01424    187633
  2760    0.00017    0.00601    0.01218    0.00137    0.05267    187412
  2770    0.00028    0.00770    0.01599    0.00192    0.05943    187412
  2780    0.00036    0.00562    0.01204    0.00150    0.03280    187412
  2790    0.00034    0.00407    0.00902    0.00109    0.02308    187411
 IT=  2800 CPU=    304.03(SEC)  OVERALL TIME=    304.05(SEC)  CPUeff=     99.99%  ITS/HR=    33152.
  2800    0.00028    0.00293    0.00675    0.00087    0.01932    187411
   ITS     RHO        RHO*U      RHO*V       RHO*W      RHO*E      NODE#
  2810    0.00022    0.00210    0.00505    0.00065    0.01512    187411
  2820    0.00020    0.00149    0.00377    0.00047    0.01134    187411
  2830    0.00020    0.00113    0.00288    0.00044    0.00867    187410
  2840    0.00020    0.00120    0.00256    0.00038    0.00792    187410
  2850    0.00019    0.00113    0.00226    0.00037    0.00688    187410
  2860    0.00018    0.00086    0.00200    0.00034    0.00574    187410
  2870    0.00017    0.00123    0.00176    0.00029    0.00514    187409
  2880    0.00016    0.00113    0.00154    0.00024    0.00478    187854
  2890    0.00015    0.00085    0.00178    0.00024    0.00482    187854
  2900    0.00014    0.00119    0.00385    0.00023    0.00535     37664
   ITS     RHO        RHO*U      RHO*V       RHO*W      RHO*E      NODE#
  2910    0.00022    0.00174    0.00789    0.00042    0.02211     36455
  2920    0.00022    0.00365    0.01680    0.00091    0.04178     36455
  2930    0.00023    0.00409    0.01917    0.00111    0.03820     36455
  2940    0.00029    0.00306    0.01463    0.00091    0.02409     36455
  2950    0.00028    0.00226    0.01102    0.00082    0.01866     36454
  2960    0.00038    0.00165    0.00820    0.00072    0.03429    187854
  2970    0.00038    0.00148    0.00608    0.00136    0.03139    187633
  2980    0.00028    0.00177    0.00448    0.00083    0.01412    187853
  2990    0.00028    0.00168    0.00416    0.00057    0.01015    187412
 IT=  3000 CPU=    325.75(SEC)  OVERALL TIME=    325.77(SEC)  CPUeff=     99.99%  ITS/HR=    33152.
  3000    0.00029    0.00150    0.00391    0.00039    0.00972    187412
   ITS     RHO        RHO*U      RHO*V       RHO*W      RHO*E      NODE#
  3010    0.00028    0.00132    0.00360    0.00037    0.00888    187412
  3020    0.00026    0.00128    0.00328    0.00037    0.00844    187411
  3030    0.00023    0.00120    0.00298    0.00036    0.00829    187411
  3040    0.00021    0.00089    0.00270    0.00032    0.00791    187411
  3050    0.00019    0.00137    0.00246    0.00027    0.00733    187411
  3060    0.00018    0.00130    0.00224    0.00028    0.00662    187411
  3070    0.00016    0.00078    0.00204    0.00026    0.00588    187411
  3080    0.00015    0.00139    0.00187    0.00023    0.00513    187411
  3090    0.00014    0.00117    0.00172    0.00020    0.00443    187411
  3100    0.00013    0.00080    0.00158    0.00019    0.00421     38873
   ITS     RHO        RHO*U      RHO*V       RHO*W      RHO*E      NODE#
  3110    0.00012    0.00141    0.00163    0.00018    0.00399     38873
  3120    0.00011    0.00114    0.00151    0.00017    0.00381     38873
  3130    0.00010    0.00081    0.00138    0.00015    0.00506     38873
  3140    0.00010    0.00143    0.00163    0.00017    0.00706     38873
  3150    0.00013    0.00120    0.00153    0.00017    0.01003     38873
  3160    0.00017    0.00081    0.00145    0.00025    0.01524     38873
  3170    0.00018    0.00143    0.00172    0.00035    0.02046     38873
  3180    0.00020    0.00119    0.00359    0.00057    0.01964     38873
  3190    0.00019    0.00113    0.00499    0.00052    0.01510     37664
 IT=  3200 CPU=    347.88(SEC)  OVERALL TIME=    347.90(SEC)  CPUeff=     99.99%  ITS/HR=    33113.
  3200    0.00022    0.00143    0.00535    0.00043    0.00747     36454
   ITS     RHO        RHO*U      RHO*V       RHO*W      RHO*E      NODE#
  3210    0.00029    0.00118    0.00523    0.00029    0.00754     36454
  3220    0.00030    0.00106    0.00493    0.00026    0.00742     36454
  3230    0.00029    0.00142    0.00456    0.00025    0.00729     36454
  3240    0.00028    0.00117    0.00419    0.00024    0.00714     36454
  3250    0.00026    0.00081    0.00384    0.00026    0.00691     36454
  3260    0.00024    0.00141    0.00351    0.00026    0.00658     36454
  3270    0.00022    0.00115    0.00321    0.00025    0.00615     36454
  3280    0.00020    0.00080    0.00294    0.00023    0.00566     36454
  3290    0.00018    0.00141    0.00270    0.00023    0.00515     36454
  3300    0.00017    0.00119    0.00249    0.00022    0.00463     36454
   ITS     RHO        RHO*U      RHO*V       RHO*W      RHO*E      NODE#
  3310    0.00016    0.00080    0.00229    0.00021    0.00413     36454
  3320    0.00015    0.00140    0.00211    0.00020    0.00367     36454
  3330    0.00013    0.00143    0.00195    0.00019    0.00326     36454
  3340    0.00012    0.00080    0.00182    0.00017    0.00290     36454
  3350    0.00011    0.00140    0.00177    0.00018    0.00266     10959
  3360    0.00010    0.00133    0.00186    0.00014    0.00299     16818
  3370    0.00010    0.00079    0.00165    0.00013    0.00218     36452
  3380    0.00009    0.00141    0.00160    0.00018    0.00265     10959
  3390    0.00008    0.00125    0.00155    0.00011    0.00265    190594
 IT=  3400 CPU=    369.59(SEC)  OVERALL TIME=    369.61(SEC)  CPUeff=     99.99%  ITS/HR=    33116.
  3400    0.00007    0.00080    0.00150    0.00012    0.00185     36452
   ITS     RHO        RHO*U      RHO*V       RHO*W      RHO*E      NODE#
  3410    0.00007    0.00119    0.00150    0.00018    0.00266     10959
  3420    0.00006    0.00114    0.00140    0.00017    0.00197    191071
  3430    0.00006    0.00115    0.00154    0.00020    0.00264     10959
  3440    0.00005    0.00067    0.00131    0.00024    0.00188    191071
  3450    0.00005    0.00164    0.00173    0.00028    0.00277     14307
  3460    0.00004    0.00085    0.00122    0.00019    0.00217    190815
  3470    0.00004    0.00113    0.00118    0.00015    0.00262    113868
  3480    0.00003    0.00157    0.00199    0.00018    0.00305     15144
  3490    0.00003    0.00093    0.00110    0.00011    0.00248    190815
  3500    0.00003    0.00115    0.00108    0.00008    0.00178    191718
   ITS     RHO        RHO*U      RHO*V       RHO*W      RHO*E      NODE#
  3510    0.00004    0.00119    0.00148    0.00018    0.00306    191036
  3520    0.00002    0.00078    0.00099    0.00011    0.00186    190373
  3530    0.00002    0.00145    0.00194    0.00012    0.00295     15981
  3540    0.00003    0.00116    0.00132    0.00016    0.00239     10959
  3550    0.00002    0.00076    0.00089    0.00010    0.00182    190152
  3560    0.00003    0.00160    0.00184    0.00011    0.00290     14307
  3570    0.00012    0.00107    0.00114    0.00012    0.00857    191479
  3580    0.00010    0.00082    0.00123    0.00008    0.00736    191685
  3590    0.00004    0.00147    0.00180    0.00011    0.00271     14307
 IT=  3600 CPU=    391.30(SEC)  OVERALL TIME=    391.33(SEC)  CPUeff=     99.99%  ITS/HR=    33118.
  3600    0.00005    0.00103    0.00105    0.00018    0.00377    191683
   ITS     RHO        RHO*U      RHO*V       RHO*W      RHO*E      NODE#
  3610    0.00005    0.00064    0.00125    0.00016    0.00323    191906
  3620    0.00006    0.00162    0.00188    0.00019    0.00321     14307
  3630    0.00008    0.00071    0.00205    0.00015    0.00193     82583
  3640    0.00011    0.00110    0.00301    0.00014    0.00313     82583
  3650    0.00014    0.00156    0.00438    0.00023    0.00802     81374
  3660    0.00030    0.00164    0.00754    0.00037    0.01588     82583
  3670    0.00034    0.00286    0.00994    0.00047    0.02727     82583
  3680    0.00029    0.00430    0.01514    0.00076    0.03791     82583
  3690    0.00024    0.00417    0.01494    0.00080    0.03222     82583
  3700    0.00028    0.00308    0.01128    0.00083    0.02016     82583
   ITS     RHO        RHO*U      RHO*V       RHO*W      RHO*E      NODE#
  3710    0.00026    0.00220    0.00827    0.00078    0.01650     82582
  3720    0.00023    0.00156    0.00603    0.00063    0.01372     82582
  3730    0.00024    0.00143    0.00510    0.00045    0.01077     82582
  3740    0.00024    0.00097    0.00450    0.00032    0.00808     82582
  3750    0.00024    0.00115    0.00396    0.00029    0.00718     82583
  3760    0.00023    0.00141    0.00346    0.00029    0.00707     82583
  3770    0.00022    0.00136    0.00301    0.00027    0.00658     82583
  3780    0.00021    0.00085    0.00260    0.00026    0.00592     82583
  3790    0.00019    0.00116    0.00223    0.00025    0.00594     80165
 IT=  3800 CPU=    413.01(SEC)  OVERALL TIME=    413.04(SEC)  CPUeff=     99.99%  ITS/HR=    33120.
  3800    0.00018    0.00117    0.00190    0.00024    0.00595     80165
   ITS     RHO        RHO*U      RHO*V       RHO*W      RHO*E      NODE#
  3810    0.00017    0.00094    0.00161    0.00022    0.00583     80165
  3820    0.00015    0.00120    0.00144    0.00020    0.00564     80165
  3830    0.00014    0.00119    0.00149    0.00018    0.00541     80165
  3840    0.00012    0.00099    0.00142    0.00016    0.00514     80165
  3850    0.00011    0.00120    0.00146    0.00015    0.00486     80165
  3860    0.00010    0.00122    0.00155    0.00014    0.00458     80165
  3870    0.00009    0.00099    0.00171    0.00013    0.00432     80165
  3880    0.00009    0.00121    0.00192    0.00012    0.00487     82955
  3890    0.00010    0.00121    0.00218    0.00016    0.00385     80165
  3900    0.00011    0.00099    0.00242    0.00014    0.00365     80165
   ITS     RHO        RHO*U      RHO*V       RHO*W      RHO*E      NODE#
  3910    0.00012    0.00120    0.00256    0.00010    0.00479     80165
  3920    0.00012    0.00125    0.00245    0.00011    0.00647     80165
  3930    0.00013    0.00098    0.00207    0.00015    0.00792     80165
  3940    0.00013    0.00118    0.00150    0.00018    0.00970     80165
  3950    0.00014    0.00118    0.00144    0.00024    0.01217     80165
  3960    0.00015    0.00098    0.00213    0.00036    0.01480     80165
  3970    0.00015    0.00117    0.00369    0.00052    0.01559     80165
  3980    0.00023    0.00141    0.00570    0.00060    0.00945     80164
  3990    0.00027    0.00148    0.00601    0.00040    0.00934     82583
 IT=  4000 CPU=    434.73(SEC)  OVERALL TIME=    434.76(SEC)  CPUeff=     99.99%  ITS/HR=    33122.
  4000    0.00034    0.00143    0.00588    0.00031    0.00844     82583
   ITS     RHO        RHO*U      RHO*V       RHO*W      RHO*E      NODE#
  4010    0.00035    0.00130    0.00554    0.00027    0.00786     82583
  4020    0.00034    0.00116    0.00514    0.00027    0.00726     82582
  4030    0.00032    0.00103    0.00475    0.00027    0.00725     82582
  4040    0.00030    0.00125    0.00438    0.00029    0.00708     82582
  4050    0.00028    0.00099    0.00404    0.00029    0.00677     82582
  4060    0.00026    0.00074    0.00372    0.00027    0.00634     82582
  4070    0.00024    0.00144    0.00344    0.00025    0.00582     82582
  4080    0.00022    0.00099    0.00319    0.00022    0.00527     82582
  4090    0.00021    0.00063    0.00296    0.00021    0.00472     82582
  4100    0.00019    0.00138    0.00275    0.00020    0.00419     82582
   ITS     RHO        RHO*U      RHO*V       RHO*W      RHO*E      NODE#
  4110    0.00018    0.00099    0.00256    0.00019    0.00372     82582
  4120    0.00017    0.00118    0.00239    0.00017    0.00331     82582
  4130    0.00016    0.00123    0.00223    0.00016    0.00294     82582
  4140    0.00015    0.00099    0.00208    0.00014    0.00274     80165
  4150    0.00014    0.00063    0.00194    0.00013    0.00257     80165
  4160    0.00013    0.00155    0.00181    0.00017    0.00258     15981
  4170    0.00012    0.00099    0.00169    0.00024    0.00689     34223
  4180    0.00011    0.00062    0.00158    0.00021    0.00209     80165
  4190    0.00010    0.00125    0.00147    0.00013    0.00205     15981
 IT=  4200 CPU=    456.94(SEC)  OVERALL TIME=    456.97(SEC)  CPUeff=     99.99%  ITS/HR=    33088.
  4200    0.00010    0.00099    0.00139    0.00013    0.00195    191036
   ITS     RHO        RHO*U      RHO*V       RHO*W      RHO*E      NODE#
  4210    0.00009    0.00107    0.00135    0.00008    0.00249    191938
  4220    0.00008    0.00113    0.00131    0.00010    0.00198     15981
  4230    0.00008    0.00099    0.00127    0.00013    0.00199    191036
  4240    0.00007    0.00062    0.00123    0.00008    0.00154    190373
  4250    0.00007    0.00160    0.00186    0.00017    0.00289     15981
  4260    0.00006    0.00099    0.00116    0.00013    0.00259    191478
  4270    0.00006    0.00062    0.00112    0.00008    0.00156    190373
  4280    0.00005    0.00121    0.00109    0.00008    0.00166    191036
  4290    0.00005    0.00099    0.00106    0.00013    0.00192    191036
  4300    0.00004    0.00092    0.00103    0.00008    0.00263    191938
   ITS     RHO        RHO*U      RHO*V       RHO*W      RHO*E      NODE#
  4310    0.00004    0.00109    0.00117    0.00008    0.00193     15981
  4320    0.00004    0.00099    0.00103    0.00013    0.00198    191036
  4330    0.00003    0.00062    0.00094    0.00008    0.00156    190373
  4340    0.00003    0.00145    0.00160    0.00014    0.00239     15981
  4350    0.00003    0.00099    0.00103    0.00013    0.00238    191478
  4360    0.00003    0.00062    0.00086    0.00008    0.00154    190373
  4370    0.00002    0.00144    0.00162    0.00014    0.00251     15981
  4380    0.00003    0.00099    0.00103    0.00013    0.00240    191478
  4390    0.00012    0.00062    0.00078    0.00028    0.00922     34130
 IT=  4400 CPU=    478.64(SEC)  OVERALL TIME=    478.67(SEC)  CPUeff=     99.99%  ITS/HR=    33092.
  4400    0.00004    0.00139    0.00150    0.00023    0.00229     15981
   ITS     RHO        RHO*U      RHO*V       RHO*W      RHO*E      NODE#
  4410    0.00004    0.00099    0.00103    0.00016    0.00202    191478
  4420    0.00004    0.00062    0.00113    0.00011    0.00158    190373
  4430    0.00005    0.00112    0.00135    0.00009    0.00191     15981
  4440    0.00006    0.00099    0.00168    0.00013    0.00185    191036
  4450    0.00007    0.00111    0.00217    0.00008    0.00201     15981
  4460    0.00010    0.00128    0.00303    0.00016    0.00267    190408
  4470    0.00013    0.00085    0.00377    0.00011    0.00463     82397
  4480    0.00022    0.00113    0.00583    0.00014    0.00745     82397
  4490    0.00033    0.00104    0.00856    0.00018    0.01036     82397
  4500    0.00031    0.00134    0.00815    0.00025    0.01308     82397
   ITS     RHO        RHO*U      RHO*V       RHO*W      RHO*E      NODE#
  4510    0.00029    0.00162    0.00961    0.00031    0.01422     82397
  4520    0.00027    0.00177    0.01063    0.00036    0.01286     82397
  4530    0.00024    0.00176    0.01077    0.00037    0.00947     82396
  4540    0.00022    0.00141    0.00876    0.00035    0.00913     82396
  4550    0.00019    0.00105    0.00665    0.00032    0.00814     82396
  4560    0.00017    0.00078    0.00503    0.00027    0.00699     82396
  4570    0.00015    0.00106    0.00428    0.00023    0.00590     82396
  4580    0.00013    0.00130    0.00380    0.00022    0.00497     82396
  4590    0.00013    0.00081    0.00333    0.00022    0.00409     82396
 IT=  4600 CPU=    500.35(SEC)  OVERALL TIME=    500.38(SEC)  CPUeff=     99.99%  ITS/HR=    33095.
  4600    0.00013    0.00106    0.00288    0.00022    0.00376     78770
   ITS     RHO        RHO*U      RHO*V       RHO*W      RHO*E      NODE#
  4610    0.00013    0.00101    0.00248    0.00021    0.00363     78770
  4620    0.00012    0.00136    0.00212    0.00020    0.00341     78770
  4630    0.00011    0.00105    0.00185    0.00018    0.00318     78770
  4640    0.00011    0.00102    0.00184    0.00017    0.00295     78770
  4650    0.00010    0.00149    0.00183    0.00017    0.00305     79979
  4660    0.00009    0.00105    0.00184    0.00014    0.00309     79979
  4670    0.00009    0.00103    0.00186    0.00013    0.00320     79979
  4680    0.00009    0.00126    0.00190    0.00012    0.00370     79979
  4690    0.00009    0.00079    0.00194    0.00012    0.00444     79979
  4700    0.00009    0.00130    0.00199    0.00016    0.00539     79979
   ITS     RHO        RHO*U      RHO*V       RHO*W      RHO*E      NODE#
  4710    0.00009    0.00127    0.00199    0.00012    0.00657     79979
  4720    0.00011    0.00078    0.00189    0.00014    0.00800     79979
  4730    0.00012    0.00116    0.00164    0.00018    0.00959     79979
  4740    0.00013    0.00065    0.00143    0.00023    0.01106     79979
  4750    0.00013    0.00070    0.00219    0.00030    0.01174     79979
  4760    0.00013    0.00123    0.00330    0.00037    0.01075     79979
  4770    0.00015    0.00076    0.00496    0.00043    0.00752     79978
  4780    0.00019    0.00089    0.00559    0.00031    0.00575     82397
  4790    0.00023    0.00110    0.00572    0.00023    0.00628     82397
 IT=  4800 CPU=    522.07(SEC)  OVERALL TIME=    522.10(SEC)  CPUeff=    100.00%  ITS/HR=    33097.
  4800    0.00027    0.00108    0.00556    0.00020    0.00580     82397
   ITS     RHO        RHO*U      RHO*V       RHO*W      RHO*E      NODE#
  4810    0.00028    0.00087    0.00525    0.00020    0.00534     82397
  4820    0.00027    0.00117    0.00489    0.00021    0.00544     79979
  4830    0.00026    0.00105    0.00454    0.00024    0.00544     79979
  4840    0.00024    0.00105    0.00421    0.00029    0.00812     34037
  4850    0.00023    0.00108    0.00390    0.00024    0.00502     79979
  4860    0.00021    0.00105    0.00362    0.00022    0.00475     79979
  4870    0.00020    0.00094    0.00336    0.00020    0.00446     79979
  4880    0.00018    0.00115    0.00313    0.00018    0.00419     79979
  4890    0.00017    0.00105    0.00291    0.00017    0.00393     79979
  4900    0.00016    0.00063    0.00271    0.00016    0.00368     79979
   ITS     RHO        RHO*U      RHO*V       RHO*W      RHO*E      NODE#
  4910    0.00015    0.00134    0.00253    0.00015    0.00346     79979
  4920    0.00014    0.00105    0.00236    0.00014    0.00325     79979
  4930    0.00013    0.00063    0.00221    0.00013    0.00305     79979
  4940    0.00012    0.00108    0.00206    0.00012    0.00286     79979
  4950    0.00011    0.00105    0.00193    0.00012    0.00269     79979
  4960    0.00011    0.00062    0.00180    0.00010    0.00253     79979
  4970    0.00010    0.00137    0.00168    0.00009    0.00286     16818
  4980    0.00009    0.00116    0.00157    0.00012    0.00223     79979
  4990    0.00009    0.00081    0.00147    0.00008    0.00208     79979
 IT=  5000 CPU=    543.78(SEC)  OVERALL TIME=    543.81(SEC)  CPUeff=    100.00%  ITS/HR=    33100.
  5000    0.00008    0.00108    0.00137    0.00008    0.00194     79979
   ITS     RHO        RHO*U      RHO*V       RHO*W      RHO*E      NODE#
  5010    0.00007    0.00105    0.00131    0.00012    0.00192    190408
  5020    0.00007    0.00062    0.00127    0.00007    0.00169     79979
  5030    0.00006    0.00105    0.00124    0.00007    0.00157    190833
  5040    0.00006    0.00105    0.00120    0.00012    0.00194    190408
  5050    0.00006    0.00062    0.00116    0.00007    0.00156    190373
  5060    0.00005    0.00108    0.00112    0.00008    0.00157    190833
  5070    0.00005    0.00104    0.00109    0.00012    0.00194    190408
  5080    0.00004    0.00081    0.00106    0.00008    0.00158    190373
  5090    0.00004    0.00105    0.00102    0.00007    0.00159    190833
  5100    0.00004    0.00104    0.00107    0.00012    0.00192    190408
   ITS     RHO        RHO*U      RHO*V       RHO*W      RHO*E      NODE#
  5110    0.00003    0.00122    0.00105    0.00010    0.00179     16818
  5120    0.00003    0.00108    0.00094    0.00008    0.00156    190833
  5130    0.00003    0.00104    0.00107    0.00012    0.00193    190408
  5140    0.00003    0.00063    0.00087    0.00007    0.00160    191717
  5150    0.00003    0.00107    0.00092    0.00007    0.00158    190815
  5160    0.00002    0.00104    0.00107    0.00012    0.00192    190408
  5170    0.00002    0.00062    0.00079    0.00009    0.00156    190373
  5180    0.00003    0.00104    0.00092    0.00022    0.00239    191478
  5190    0.00002    0.00103    0.00107    0.00013    0.00191    190408
 IT=  5200 CPU=    565.94(SEC)  OVERALL TIME=    565.96(SEC)  CPUeff=    100.00%  ITS/HR=    33076.
  5200    0.00002    0.00087    0.00072    0.00009    0.00159    190373
   ITS     RHO        RHO*U      RHO*V       RHO*W      RHO*E      NODE#
  5210    0.00002    0.00108    0.00094    0.00008    0.00155    190833
  5220    0.00002    0.00103    0.00107    0.00013    0.00190    190408
  5230    0.00002    0.00062    0.00065    0.00007    0.00157    190373
  5240    0.00001    0.00105    0.00093    0.00007    0.00155    190833
  5250    0.00001    0.00103    0.00106    0.00013    0.00187    190408
  5260    0.00002    0.00063    0.00059    0.00007    0.00159    191700
  5270    0.00002    0.00108    0.00094    0.00009    0.00151    190833
  5280    0.00002    0.00102    0.00106    0.00013    0.00189    190408
  5290    0.00002    0.00128    0.00106    0.00010    0.00170     16818
  5300    0.00002    0.00108    0.00094    0.00009    0.00158    190833
   ITS     RHO        RHO*U      RHO*V       RHO*W      RHO*E      NODE#
  5310    0.00002    0.00102    0.00106    0.00013    0.00188    190408
  5320    0.00002    0.00062    0.00057    0.00007    0.00175    191700
  5330    0.00001    0.00104    0.00092    0.00007    0.00156    190833
  5340    0.00001    0.00102    0.00106    0.00013    0.00186    190408
  5350    0.00002    0.00061    0.00057    0.00007    0.00157    190373
  5360    0.00002    0.00106    0.00092    0.00007    0.00155    190833
  5370    0.00002    0.00126    0.00106    0.00013    0.00188    190408
  5380    0.00002    0.00062    0.00057    0.00007    0.00155    190373
  5390    0.00002    0.00108    0.00094    0.00008    0.00150    190815
 IT=  5400 CPU=    587.65(SEC)  OVERALL TIME=    587.67(SEC)  CPUeff=    100.00%  ITS/HR=    33080.
  5400    0.00002    0.00102    0.00106    0.00013    0.00189    190408
   ITS     RHO        RHO*U      RHO*V       RHO*W      RHO*E      NODE#
  5410    0.00002    0.00062    0.00057    0.00007    0.00157    190373
  5420    0.00002    0.00108    0.00093    0.00008    0.00155    190833
  5430    0.00001    0.00102    0.00106    0.00013    0.00188    190408
  5440    0.00002    0.00120    0.00106    0.00009    0.00195    191717
  5450    0.00002    0.00108    0.00094    0.00009    0.00158    190833
  5460    0.00002    0.00102    0.00106    0.00013    0.00188    190408
  5470    0.00002    0.00085    0.00074    0.00007    0.00186    191717
  5480    0.00002    0.00142    0.00117    0.00017    0.00194    129935
  5490    0.00002    0.00103    0.00106    0.00013    0.00189    190408
  5500    0.00002    0.00062    0.00057    0.00007    0.00155    190373
   ITS     RHO        RHO*U      RHO*V       RHO*W      RHO*E      NODE#
  5510    0.00002    0.00108    0.00092    0.00008    0.00156    190833
  5520    0.00002    0.00103    0.00107    0.00013    0.00191    190408
  5530    0.00002    0.00069    0.00065    0.00007    0.00155    190373
  5540    0.00001    0.00104    0.00091    0.00007    0.00153    190833
  5550    0.00002    0.00103    0.00107    0.00013    0.00190    190408
  5560    0.00002    0.00080    0.00072    0.00007    0.00193    191717
  5570    0.00002    0.00107    0.00093    0.00008    0.00156    190833
  5580    0.00002    0.00135    0.00116    0.00016    0.00191    190408
  5590    0.00002    0.00081    0.00067    0.00008    0.00159    190373
 IT=  5600 CPU=    609.36(SEC)  OVERALL TIME=    609.39(SEC)  CPUeff=    100.00%  ITS/HR=    33082.
  5600    0.00002    0.00105    0.00092    0.00007    0.00154    190833
   ITS     RHO        RHO*U      RHO*V       RHO*W      RHO*E      NODE#
  5610    0.00002    0.00104    0.00107    0.00012    0.00191    190408
  5620    0.00002    0.00062    0.00057    0.00007    0.00161    191699
  5630    0.00002    0.00108    0.00092    0.00008    0.00155    190833
  5640    0.00002    0.00109    0.00108    0.00012    0.00221    191717
  5650    0.00002    0.00061    0.00057    0.00007    0.00157    190373
  5660    0.00002    0.00108    0.00093    0.00008    0.00156    190833
  5670    0.00002    0.00105    0.00108    0.00012    0.00192    190408
  5680    0.00002    0.00061    0.00057    0.00007    0.00156    190373
  5690    0.00002    0.00107    0.00092    0.00008    0.00160    190833
  5700    0.00002    0.00105    0.00108    0.00012    0.00193    190408
   ITS     RHO        RHO*U      RHO*V       RHO*W      RHO*E      NODE#
  5710    0.00002    0.00061    0.00057    0.00007    0.00160    190373
  5720    0.00002    0.00108    0.00093    0.00008    0.00156    190833
  5730    0.00002    0.00146    0.00115    0.00016    0.00193    190408
  5740    0.00003    0.00064    0.00057    0.00007    0.00234    191699
  5750    0.00002    0.00138    0.00114    0.00012    0.00174     16818
  5760    0.00002    0.00110    0.00113    0.00013    0.00207    190408
  5770    0.00003    0.00061    0.00052    0.00006    0.00197    190373
  5780    0.00003    0.00116    0.00114    0.00011    0.00248    191699
  5790    0.00001    0.00060    0.00052    0.00006    0.00119    191717
 IT=  5800 CPU=    631.07(SEC)  OVERALL TIME=    631.10(SEC)  CPUeff=    100.00%  ITS/HR=    33085.
  5800    0.00002    0.00044    0.00039    0.00007    0.00137    191036
   ITS     RHO        RHO*U      RHO*V       RHO*W      RHO*E      NODE#
  5810    0.00001    0.00042    0.00044    0.00007    0.00110    189931
  5820    0.00002    0.00107    0.00113    0.00012    0.00213     12633
  5830    0.00001    0.00038    0.00035    0.00006    0.00101    191734
  5840    0.00002    0.00050    0.00041    0.00006    0.00150    190815
  5850    0.00002    0.00054    0.00049    0.00007    0.00180    190152
  5860    0.00003    0.00154    0.00128    0.00016    0.00216     16818
  5870    0.00001    0.00014    0.00015    0.00006    0.00063    114585
  5880    0.00003    0.00062    0.00050    0.00007    0.00216    190373
  5890    0.00001    0.00047    0.00038    0.00006    0.00092    191717
  5900    0.00001    0.00038    0.00040    0.00006    0.00106    189931
   ITS     RHO        RHO*U      RHO*V       RHO*W      RHO*E      NODE#
  5910    0.00003    0.00066    0.00050    0.00006    0.00209    191699
  5920    0.00002    0.00125    0.00102    0.00011    0.00188    191717
  5930    0.00001    0.00043    0.00041    0.00006    0.00109    189931
  5940    0.00002    0.00042    0.00041    0.00006    0.00117    190152
  5950    0.00002    0.00035    0.00032    0.00005    0.00118    190373
  5960    0.00002    0.00122    0.00134    0.00015    0.00258    190408
  5970    0.00002    0.00063    0.00046    0.00005    0.00184    191699
  5980    0.00001    0.00032    0.00033    0.00004    0.00092    191734
  5990    0.00001    0.00068    0.00059    0.00005    0.00099    191054
 IT=  6000 CPU=    652.79(SEC)  OVERALL TIME=    652.81(SEC)  CPUeff=    100.00%  ITS/HR=    33088.
  6000    0.00002    0.00088    0.00079    0.00006    0.00205    191717
   ITS     RHO        RHO*U      RHO*V       RHO*W      RHO*E      NODE#
  6010    0.00001    0.00080    0.00095    0.00013    0.00177    190187
  6020    0.00003    0.00062    0.00045    0.00006    0.00222    191478
  6030    0.00003    0.00073    0.00082    0.00011    0.00219    190815
  6040    0.00002    0.00122    0.00120    0.00012    0.00215    190629
  6050    0.00002    0.00101    0.00087    0.00008    0.00156    190833
  6060    0.00001    0.00134    0.00113    0.00015    0.00171    191734
  6070    0.00003    0.00106    0.00106    0.00013    0.00234    191699
  6080    0.00002    0.00041    0.00041    0.00006    0.00150    190152
  6090    0.00002    0.00057    0.00049    0.00006    0.00172    190815
  6100    0.00002    0.00090    0.00076    0.00010    0.00119    191275
   ITS     RHO        RHO*U      RHO*V       RHO*W      RHO*E      NODE#
  6110    0.00002    0.00141    0.00120    0.00015    0.00191    191734
  6120    0.00001    0.00053    0.00044    0.00005    0.00082    191717
  6130    0.00002    0.00059    0.00050    0.00007    0.00178    191478
  6140    0.00002    0.00076    0.00078    0.00010    0.00155    191699
  6150    0.00002    0.00140    0.00115    0.00014    0.00188     16818
  6160    0.00001    0.00113    0.00106    0.00008    0.00155    190850
  6170    0.00003    0.00063    0.00050    0.00007    0.00228    190594
  6180    0.00003    0.00060    0.00044    0.00005    0.00221    191478
  6190    0.00003    0.00064    0.00052    0.00007    0.00248    190373
 IT=  6200 CPU=    674.91(SEC)  OVERALL TIME=    674.93(SEC)  CPUeff=    100.00%  ITS/HR=    33070.
  6200    0.00009    0.00069    0.00055    0.00025    0.00798     33944
   ITS     RHO        RHO*U      RHO*V       RHO*W      RHO*E      NODE#
  6210    0.00003    0.00040    0.00040    0.00011    0.00147     33944
  6220    0.00002    0.00034    0.00027    0.00005    0.00134     33944
  6230    0.00002    0.00071    0.00071    0.00010    0.00122    190170
  6240    0.00003    0.00063    0.00052    0.00007    0.00240    190373
  6250    0.00002    0.00101    0.00097    0.00010    0.00145    190612
  6260    0.00004    0.00046    0.00038    0.00016    0.00352     33944
  6270    0.00002    0.00120    0.00118    0.00012    0.00205    190629
  6280    0.00002    0.00046    0.00038    0.00007    0.00134     33944
  6290    0.00001    0.00043    0.00044    0.00006    0.00093     33944
  6300    0.00005    0.00112    0.00110    0.00013    0.00420     33944
   ITS     RHO        RHO*U      RHO*V       RHO*W      RHO*E      NODE#
  6310    0.00002    0.00061    0.00047    0.00011    0.00167     33944
  6320    0.00002    0.00054    0.00045    0.00005    0.00196     33944
  6330    0.00002    0.00058    0.00048    0.00006    0.00186    190594
  6340    0.00004    0.00053    0.00044    0.00005    0.00340     33944
  6350    0.00002    0.00140    0.00112    0.00015    0.00187    190594
  6360    0.00002    0.00037    0.00039    0.00006    0.00132    190815
  6370    0.00002    0.00080    0.00067    0.00008    0.00178    190594
  6380    0.00003    0.00062    0.00050    0.00007    0.00203    190594
  6390    0.00001    0.00054    0.00042    0.00004    0.00092    190612
 IT=  6400 CPU=    696.62(SEC)  OVERALL TIME=    696.64(SEC)  CPUeff=    100.00%  ITS/HR=    33073.
  6400    0.00002    0.00050    0.00044    0.00005    0.00128    190594
   ITS     RHO        RHO*U      RHO*V       RHO*W      RHO*E      NODE#
  6410    0.00003    0.00058    0.00051    0.00007    0.00192    190373
  6420    0.00001    0.00062    0.00049    0.00005    0.00105    190612
  6430    0.00001    0.00078    0.00070    0.00010    0.00117    190170
  6440    0.00001    0.00057    0.00048    0.00006    0.00145    191717
  6450    0.00003    0.00063    0.00045    0.00005    0.00227    191699
  6460    0.00003    0.00061    0.00048    0.00006    0.00228    190594
  6470    0.00002    0.00080    0.00092    0.00013    0.00143     10959
  6480    0.00001    0.00116    0.00115    0.00012    0.00206    190629
  6490    0.00001    0.00045    0.00036    0.00004    0.00112    190373
  6500    0.00002    0.00034    0.00030    0.00003    0.00119    190373
   ITS     RHO        RHO*U      RHO*V       RHO*W      RHO*E      NODE#
  6510    0.00002    0.00109    0.00106    0.00009    0.00165    190850
  6520    0.00001    0.00079    0.00082    0.00011    0.00137    190170
  6530    0.00002    0.00084    0.00074    0.00007    0.00127    190152
  6540    0.00002    0.00136    0.00111    0.00016    0.00189    129935
  6550    0.00001    0.00100    0.00109    0.00014    0.00208     11796
  6560    0.00003    0.00063    0.00044    0.00005    0.00240    191699
  6570    0.00002    0.00038    0.00039    0.00006    0.00126    190152
  6580    0.00003    0.00125    0.00114    0.00015    0.00232    191036
  6590    0.00001    0.00052    0.00042    0.00005    0.00109    191257
 IT=  6600 CPU=    718.32(SEC)  OVERALL TIME=    718.35(SEC)  CPUeff=    100.00%  ITS/HR=    33076.
  6600    0.00002    0.00111    0.00124    0.00015    0.00241     11796
   ITS     RHO        RHO*U      RHO*V       RHO*W      RHO*E      NODE#
  6610    0.00001    0.00082    0.00070    0.00009    0.00116    125549
  6620    0.00002    0.00115    0.00113    0.00011    0.00198     12633
  6630    0.00001    0.00039    0.00040    0.00005    0.00094     20260
  6640    0.00002    0.00079    0.00079    0.00010    0.00150    190170
  6650    0.00002    0.00106    0.00101    0.00011    0.00175     13470
  6660    0.00001    0.00138    0.00116    0.00016    0.00185    191734
  6670    0.00003    0.00050    0.00035    0.00004    0.00241    191036
  6680    0.00001    0.00130    0.00116    0.00015    0.00168    191717
  6690    0.00001    0.00049    0.00042    0.00005    0.00078    191717
  6700    0.00003    0.00057    0.00047    0.00006    0.00217    190373
   ITS     RHO        RHO*U      RHO*V       RHO*W      RHO*E      NODE#
  6710    0.00001    0.00077    0.00070    0.00008    0.00128    191717
  6720    0.00001    0.00118    0.00115    0.00009    0.00189    190850
  6730    0.00002    0.00085    0.00071    0.00007    0.00147    191496
  6740    0.00001    0.00029    0.00030    0.00004    0.00091    191734
  6750    0.00004    0.00067    0.00049    0.00007    0.00270    190594
  6760    0.00002    0.00115    0.00111    0.00011    0.00199     12633
  6770    0.00001    0.00059    0.00050    0.00006    0.00100     20260
  6780    0.00003    0.00109    0.00117    0.00012    0.00221     12633
  6790    0.00002    0.00119    0.00126    0.00014    0.00242     12633
 IT=  6800 CPU=    740.04(SEC)  OVERALL TIME=    740.07(SEC)  CPUeff=    100.00%  ITS/HR=    33078.
  6800    0.00002    0.00139    0.00114    0.00015    0.00170    129935
   ITS     RHO        RHO*U      RHO*V       RHO*W      RHO*E      NODE#
  6810    0.00001    0.00111    0.00092    0.00009    0.00161    123356
  6820    0.00001    0.00072    0.00077    0.00010    0.00134    190170
  6830    0.00001    0.00041    0.00040    0.00006    0.00111    190815
  6840    0.00002    0.00039    0.00031    0.00006    0.00108     20260
  6850    0.00002    0.00058    0.00048    0.00006    0.00165    190594
  6860    0.00002    0.00140    0.00146    0.00017    0.00276     11796
  6870    0.00002    0.00089    0.00078    0.00009    0.00169    190594
  6880    0.00001    0.00137    0.00123    0.00016    0.00187    191734
  6890    0.00001    0.00060    0.00054    0.00007    0.00098    190373
  6900    0.00002    0.00053    0.00043    0.00007    0.00126    191257
   ITS     RHO        RHO*U      RHO*V       RHO*W      RHO*E      NODE#
  6910    0.00003    0.00074    0.00067    0.00007    0.00214    190815
  6920    0.00002    0.00060    0.00049    0.00007    0.00188    190594
  6930    0.00002    0.00069    0.00058    0.00007    0.00188    191699
  6940    0.00002    0.00061    0.00057    0.00008    0.00170    191699
  6950    0.00001    0.00137    0.00122    0.00016    0.00199    191734
  6960    0.00002    0.00046    0.00038    0.00007    0.00113    190594
  6970    0.00001    0.00092    0.00093    0.00013    0.00163    190408
  6980    0.00001    0.00068    0.00059    0.00007    0.00094    116777
  6990    0.00002    0.00121    0.00102    0.00012    0.00173    191496
 IT=  7000 CPU=    761.74(SEC)  OVERALL TIME=    761.77(SEC)  CPUeff=    100.00%  ITS/HR=    33081.
  7000    0.00002    0.00042    0.00033    0.00007    0.00149    190373
   ITS     RHO        RHO*U      RHO*V       RHO*W      RHO*E      NODE#
  7010    0.00001    0.00129    0.00111    0.00013    0.00200     16818
  7020    0.00002    0.00071    0.00075    0.00010    0.00128    190170
  7030    0.00002    0.00051    0.00038    0.00007    0.00168    191478
  7040    0.00001    0.00034    0.00032    0.00007    0.00057    191717
  7050    0.00002    0.00056    0.00047    0.00007    0.00140    190152
  7060    0.00002    0.00078    0.00080    0.00011    0.00135    190170
  7070    0.00001    0.00059    0.00049    0.00007    0.00089    191036
  7080    0.00003    0.00063    0.00048    0.00007    0.00257    191699
  7090    0.00002    0.00048    0.00040    0.00007    0.00142    191257
  7100    0.00001    0.00030    0.00034    0.00007    0.00091     20260
   ITS     RHO        RHO*U      RHO*V       RHO*W      RHO*E      NODE#
  7110    0.00003    0.00080    0.00083    0.00011    0.00195    191478
  7120    0.00002    0.00038    0.00041    0.00007    0.00121    189931
  7130    0.00002    0.00106    0.00118    0.00015    0.00228     11796
  7140    0.00003    0.00059    0.00045    0.00006    0.00241    190594
  7150    0.00002    0.00106    0.00088    0.00010    0.00174    190373
  7160    0.00001    0.00091    0.00078    0.00010    0.00125    190170
  7170    0.00002    0.00132    0.00112    0.00015    0.00175    191717
  7180    0.00001    0.00072    0.00061    0.00007    0.00107    125549
  7190    0.00003    0.00143    0.00120    0.00016    0.00203    190815
 IT=  7200 CPU=    783.88(SEC)  OVERALL TIME=    783.90(SEC)  CPUeff=    100.00%  ITS/HR=    33065.
  7200    0.00002    0.00079    0.00091    0.00012    0.00153    190170
   ITS     RHO        RHO*U      RHO*V       RHO*W      RHO*E      NODE#
  7210    0.00002    0.00153    0.00128    0.00015    0.00232     12633
  7220    0.00001    0.00074    0.00078    0.00010    0.00132    190170
  7230    0.00002    0.00112    0.00106    0.00010    0.00163     13470
  7240    0.00002    0.00114    0.00132    0.00014    0.00259    190408
  7250    0.00002    0.00085    0.00073    0.00009    0.00128    190594
  7260    0.00002    0.00145    0.00121    0.00015    0.00175     16818
  7270    0.00002    0.00054    0.00041    0.00005    0.00166    191699
  7280    0.00003    0.00098    0.00100    0.00013    0.00247    191699
  7290    0.00002    0.00063    0.00052    0.00004    0.00127    191496
  7300    0.00002    0.00080    0.00085    0.00011    0.00146    190170
   ITS     RHO        RHO*U      RHO*V       RHO*W      RHO*E      NODE#
  7310    0.00002    0.00074    0.00076    0.00010    0.00131    190170
  7320    0.00001    0.00044    0.00046    0.00005    0.00084    190408
  7330    0.00002    0.00061    0.00046    0.00006    0.00178    191699
  7340    0.00003    0.00061    0.00045    0.00005    0.00203    191699
  7350    0.00002    0.00114    0.00117    0.00012    0.00238    190629
  7360    0.00002    0.00081    0.00090    0.00013    0.00146     10959
  7370    0.00002    0.00111    0.00102    0.00010    0.00157    191275
  7380    0.00002    0.00060    0.00046    0.00006    0.00189    191699
  7390    0.00001    0.00055    0.00050    0.00005    0.00089    191496
 IT=  7400 CPU=    805.59(SEC)  OVERALL TIME=    805.62(SEC)  CPUeff=    100.00%  ITS/HR=    33068.
  7400    0.00001    0.00073    0.00073    0.00010    0.00134    190170
   ITS     RHO        RHO*U      RHO*V       RHO*W      RHO*E      NODE#
  7410    0.00001    0.00071    0.00062    0.00005    0.00145    191496
  7420    0.00001    0.00086    0.00077    0.00009    0.00143    191496
  7430    0.00001    0.00027    0.00029    0.00003    0.00094    191257
  7440    0.00002    0.00097    0.00078    0.00008    0.00151    123356
  7450    0.00003    0.00064    0.00050    0.00007    0.00236    191699
  7460    0.00001    0.00072    0.00075    0.00010    0.00129    190170
  7470    0.00001    0.00130    0.00107    0.00014    0.00183     16818
  7480    0.00003    0.00059    0.00048    0.00006    0.00246    190594
  7490    0.00002    0.00127    0.00103    0.00013    0.00161    129935
  7500    0.00003    0.00053    0.00041    0.00004    0.00201    190815
   ITS     RHO        RHO*U      RHO*V       RHO*W      RHO*E      NODE#
  7510    0.00003    0.00083    0.00073    0.00009    0.00234    190594
  7520    0.00002    0.00074    0.00077    0.00010    0.00132    190170
  7530    0.00001    0.00040    0.00043    0.00006    0.00099    189931
  7540    0.00001    0.00084    0.00075    0.00008    0.00136    191496
  7550    0.00003    0.00063    0.00047    0.00005    0.00226    190815
  7560    0.00001    0.00113    0.00094    0.00009    0.00164    123356
  7570    0.00002    0.00147    0.00123    0.00016    0.00185    191734
  7580    0.00001    0.00068    0.00073    0.00010    0.00131    190170
  7590    0.00003    0.00080    0.00095    0.00013    0.00235    191699
 IT=  7600 CPU=    827.31(SEC)  OVERALL TIME=    827.33(SEC)  CPUeff=    100.00%  ITS/HR=    33070.
  7600    0.00002    0.00101    0.00087    0.00008    0.00181    191496
   ITS     RHO        RHO*U      RHO*V       RHO*W      RHO*E      NODE#
  7610    0.00002    0.00072    0.00073    0.00010    0.00128    190170
  7620    0.00002    0.00113    0.00106    0.00011    0.00151    190629
  7630    0.00002    0.00110    0.00116    0.00015    0.00223     11796
  7640    0.00003    0.00063    0.00044    0.00005    0.00226    191699
  7650    0.00003    0.00059    0.00040    0.00005    0.00237    191478
  7660    0.00002    0.00106    0.00118    0.00015    0.00234     11796
  7670    0.00002    0.00119    0.00120    0.00012    0.00227    190629
  7680    0.00001    0.00135    0.00113    0.00013    0.00192     16818
  7690    0.00001    0.00098    0.00085    0.00007    0.00141    121163
  7700    0.00003    0.00061    0.00046    0.00006    0.00218    190594
   ITS     RHO        RHO*U      RHO*V       RHO*W      RHO*E      NODE#
  7710    0.00004    0.00063    0.00051    0.00007    0.00270    190594
  7720    0.00003    0.00054    0.00050    0.00006    0.00201    190815
  7730    0.00002    0.00111    0.00094    0.00010    0.00169    191496
  7740    0.00001    0.00085    0.00071    0.00009    0.00127    125549
  7750    0.00002    0.00128    0.00127    0.00013    0.00237    190629
  7760    0.00002    0.00094    0.00079    0.00010    0.00139    125549
  7770    0.00002    0.00134    0.00110    0.00013    0.00183    190815
  7780    0.00002    0.00102    0.00091    0.00009    0.00167    190833
  7790    0.00002    0.00099    0.00095    0.00008    0.00163    191257
 IT=  7800 CPU=    849.02(SEC)  OVERALL TIME=    849.05(SEC)  CPUeff=    100.00%  ITS/HR=    33072.
  7800    0.00002    0.00148    0.00122    0.00015    0.00234     11796
   ITS     RHO        RHO*U      RHO*V       RHO*W      RHO*E      NODE#
  7810    0.00002    0.00120    0.00115    0.00009    0.00192     14307
  7820    0.00002    0.00128    0.00117    0.00014    0.00226     11796
  7830    0.00002    0.00114    0.00104    0.00009    0.00158     13470
  7840    0.00001    0.00108    0.00116    0.00014    0.00217     11796
  7850    0.00001    0.00109    0.00099    0.00008    0.00167    190833
  7860    0.00001    0.00108    0.00115    0.00014    0.00216     11796
  7870    0.00002    0.00120    0.00104    0.00014    0.00173    190833
  7880    0.00001    0.00108    0.00116    0.00014    0.00214     11796
  7890    0.00001    0.00047    0.00047    0.00006    0.00100    190408
  7900    0.00004    0.00061    0.00049    0.00006    0.00279    190373
   ITS     RHO        RHO*U      RHO*V       RHO*W      RHO*E      NODE#
  7910    0.00002    0.00076    0.00084    0.00012    0.00131    190170
  7920    0.00003    0.00057    0.00045    0.00005    0.00194    190815
  7930    0.00002    0.00116    0.00114    0.00011    0.00209     12633
  7940    0.00001    0.00072    0.00076    0.00010    0.00124    190170
  7950    0.00003    0.00058    0.00049    0.00006    0.00221    190373
  7960    0.00002    0.00135    0.00113    0.00015    0.00218     11796
  7970    0.00001    0.00107    0.00110    0.00013    0.00213    190629
  7980    0.00001    0.00040    0.00040    0.00006    0.00108    191699
  7990    0.00001    0.00041    0.00039    0.00005    0.00079     11796
 IT=  8000 CPU=    870.74(SEC)  OVERALL TIME=    870.77(SEC)  CPUeff=    100.00%  ITS/HR=    33074.
  8000    0.00002    0.00129    0.00130    0.00013    0.00251    190629
   ITS     RHO        RHO*U      RHO*V       RHO*W      RHO*E      NODE#
  8010    0.00002    0.00147    0.00122    0.00015    0.00192     16818
  8020    0.00001    0.00103    0.00086    0.00010    0.00145    127742
  8030    0.00002    0.00103    0.00085    0.00010    0.00153    123356
  8040    0.00002    0.00126    0.00118    0.00010    0.00172     13470
  8050    0.00001    0.00088    0.00079    0.00008    0.00175    191717
  8060    0.00002    0.00056    0.00042    0.00005    0.00170    190815
  8070    0.00001    0.00044    0.00044    0.00006    0.00093    191734
  8080    0.00001    0.00088    0.00076    0.00006    0.00139    190833
  8090    0.00001    0.00100    0.00086    0.00008    0.00140    123356
  8100    0.00002    0.00048    0.00037    0.00004    0.00156    190373
   ITS     RHO        RHO*U      RHO*V       RHO*W      RHO*E      NODE#
  8110    0.00001    0.00087    0.00075    0.00009    0.00123    191275
  8120    0.00003    0.00060    0.00044    0.00005    0.00204    190815
  8130    0.00002    0.00121    0.00118    0.00011    0.00205    190629
  8140    0.00001    0.00145    0.00120    0.00017    0.00190    129935
  8150    0.00002    0.00146    0.00115    0.00013    0.00221     12633
  8160    0.00003    0.00079    0.00082    0.00011    0.00206    191699
  8170    0.00003    0.00127    0.00125    0.00012    0.00223    191699
  8180    0.00001    0.00110    0.00107    0.00011    0.00182    190629
  8190    0.00002    0.00062    0.00068    0.00010    0.00172    190594
 IT=  8200 CPU=    892.91(SEC)  OVERALL TIME=    892.93(SEC)  CPUeff=    100.00%  ITS/HR=    33060.
  8200    0.00002    0.00109    0.00122    0.00014    0.00240     11796
   ITS     RHO        RHO*U      RHO*V       RHO*W      RHO*E      NODE#
  8210    0.00002    0.00115    0.00103    0.00012    0.00164    190833
  8220    0.00002    0.00110    0.00117    0.00014    0.00232     11796
  8230    0.00002    0.00058    0.00048    0.00006    0.00134    191478
  8240    0.00001    0.00120    0.00123    0.00012    0.00245    190629
  8250    0.00001    0.00098    0.00106    0.00014    0.00189    190408
  8260    0.00001    0.00046    0.00043    0.00005    0.00097    190815
  8270    0.00002    0.00137    0.00125    0.00016    0.00232    190629
  8280    0.00001    0.00121    0.00100    0.00012    0.00162     15981
  8290    0.00002    0.00107    0.00116    0.00014    0.00231     11796
  8300    0.00002    0.00134    0.00113    0.00012    0.00195    191717
   ITS     RHO        RHO*U      RHO*V       RHO*W      RHO*E      NODE#
  8310    0.00002    0.00109    0.00117    0.00014    0.00226     11796
  8320    0.00002    0.00125    0.00103    0.00013    0.00177    190833
  8330    0.00001    0.00109    0.00116    0.00014    0.00218     11796
  8340    0.00002    0.00120    0.00102    0.00012    0.00169    190833
  8350    0.00001    0.00108    0.00116    0.00014    0.00215     11796
  8360    0.00002    0.00036    0.00031    0.00004    0.00141    190594
  8370    0.00002    0.00110    0.00096    0.00008    0.00177    190833
  8380    0.00003    0.00064    0.00048    0.00005    0.00202    191699
  8390    0.00003    0.00048    0.00038    0.00005    0.00203    191257
 IT=  8400 CPU=    914.63(SEC)  OVERALL TIME=    914.65(SEC)  CPUeff=    100.00%  ITS/HR=    33062.
  8400    0.00002    0.00060    0.00045    0.00005    0.00169    190815
   ITS     RHO        RHO*U      RHO*V       RHO*W      RHO*E      NODE#
  8410    0.00002    0.00108    0.00119    0.00014    0.00238     11796
  8420    0.00002    0.00052    0.00051    0.00006    0.00135    191257
  8430    0.00001    0.00075    0.00073    0.00010    0.00125    190170
  8440    0.00002    0.00128    0.00125    0.00012    0.00211    190629
  8450    0.00002    0.00060    0.00049    0.00005    0.00130    191257
  8460    0.00002    0.00131    0.00110    0.00014    0.00171     16818
  8470    0.00003    0.00064    0.00045    0.00005    0.00213    191699
  8480    0.00001    0.00086    0.00095    0.00013    0.00166     10959
  8490    0.00001    0.00108    0.00100    0.00011    0.00194    191717
  8500    0.00001    0.00081    0.00092    0.00013    0.00134    190170
   ITS     RHO        RHO*U      RHO*V       RHO*W      RHO*E      NODE#
  8510    0.00001    0.00143    0.00122    0.00014    0.00209    191513
  8520    0.00002    0.00098    0.00082    0.00010    0.00182    190594
  8530    0.00002    0.00122    0.00094    0.00012    0.00161    127742
  8540    0.00002    0.00050    0.00050    0.00009    0.00150    191257
  8550    0.00001    0.00119    0.00116    0.00011    0.00198    190629
  8560    0.00001    0.00129    0.00108    0.00013    0.00181    191717
  8570    0.00003    0.00076    0.00076    0.00015    0.00205    191257
  8580    0.00003    0.00059    0.00052    0.00011    0.00203    190373
  8590    0.00003    0.00058    0.00048    0.00010    0.00194    190594
 IT=  8600 CPU=    936.35(SEC)  OVERALL TIME=    936.38(SEC)  CPUeff=    100.00%  ITS/HR=    33064.
  8600    0.00002    0.00079    0.00074    0.00013    0.00186    190373
   ITS     RHO        RHO*U      RHO*V       RHO*W      RHO*E      NODE#
  8610    0.00001    0.00070    0.00074    0.00015    0.00124    190170
  8620    0.00002    0.00110    0.00114    0.00016    0.00218     13470
  8630    0.00002    0.00106    0.00102    0.00017    0.00169     13470
  8640    0.00002    0.00041    0.00040    0.00018    0.00134    191257
  8650    0.00001    0.00064    0.00054    0.00018    0.00090    123356
  8660    0.00001    0.00080    0.00093    0.00019    0.00151    190170
  8670    0.00002    0.00147    0.00123    0.00019    0.00219     12633
  8680    0.00001    0.00117    0.00106    0.00019    0.00190    190833
  8690    0.00001    0.00120    0.00100    0.00020    0.00186     16818
  8700    0.00002    0.00108    0.00125    0.00020    0.00247     11796
   ITS     RHO        RHO*U      RHO*V       RHO*W      RHO*E      NODE#
  8710    0.00001    0.00112    0.00093    0.00020    0.00161     16818
  8720    0.00001    0.00112    0.00103    0.00021    0.00168    190833
  8730    0.00002    0.00147    0.00122    0.00021    0.00238     11796
  8740    0.00002    0.00115    0.00106    0.00021    0.00155     13470
  8750    0.00002    0.00125    0.00122    0.00021    0.00236     11796
  8760    0.00003    0.00096    0.00077    0.00021    0.00210    191700
  8770    0.00003    0.00145    0.00122    0.00022    0.00193    191734
  8780    0.00001    0.00088    0.00076    0.00022    0.00120    191275
  8790    0.00002    0.00111    0.00111    0.00022    0.00204     12633
 IT=  8800 CPU=    958.07(SEC)  OVERALL TIME=    958.10(SEC)  CPUeff=    100.00%  ITS/HR=    33065.
  8800    0.00001    0.00104    0.00118    0.00023    0.00236     11796
   ITS     RHO        RHO*U      RHO*V       RHO*W      RHO*E      NODE#
  8810    0.00001    0.00049    0.00052    0.00023    0.00101    190408
  8820    0.00002    0.00116    0.00112    0.00023    0.00172     12633
  8830    0.00003    0.00105    0.00103    0.00023    0.00218    191699
  8840    0.00002    0.00070    0.00074    0.00024    0.00121    190170
  8850    0.00001    0.00081    0.00074    0.00023    0.00125    190170
  8860    0.00002    0.00114    0.00119    0.00022    0.00229     12633
  8870    0.00001    0.00137    0.00114    0.00021    0.00191     16818
  8880    0.00002    0.00125    0.00119    0.00020    0.00191    190629
  8890    0.00003    0.00145    0.00122    0.00019    0.00257    190815
  8900    0.00002    0.00130    0.00106    0.00019    0.00171     16818
   ITS     RHO        RHO*U      RHO*V       RHO*W      RHO*E      NODE#
  8910    0.00002    0.00075    0.00065    0.00019    0.00166    190815
  8920    0.00002    0.00143    0.00121    0.00019    0.00220     16818
  8930    0.00002    0.00073    0.00062    0.00019    0.00152    190815
  8940    0.00002    0.00134    0.00110    0.00019    0.00182    190373
  8950    0.00002    0.00075    0.00065    0.00029    0.00150    190815
  8960    0.00002    0.00133    0.00106    0.00017    0.00183    190373
  8970    0.00002    0.00074    0.00065    0.00016    0.00153    190815
  8980    0.00002    0.00146    0.00128    0.00016    0.00236     16818
  8990    0.00002    0.00072    0.00063    0.00015    0.00156    190815
 IT=  9000 CPU=    979.79(SEC)  OVERALL TIME=    979.82(SEC)  CPUeff=    100.00%  ITS/HR=    33067.
  9000    0.00002    0.00055    0.00051    0.00014    0.00183    190373
   ITS     RHO        RHO*U      RHO*V       RHO*W      RHO*E      NODE#
  9010    0.00002    0.00063    0.00046    0.00014    0.00163    191699
  9020    0.00002    0.00055    0.00051    0.00014    0.00182    190373
  9030    0.00002    0.00050    0.00040    0.00014    0.00167    190815
  9040    0.00003    0.00067    0.00051    0.00014    0.00192    191700
  9050    0.00003    0.00053    0.00041    0.00014    0.00234    191036
  9060    0.00002    0.00067    0.00053    0.00014    0.00180    190373
  9070    0.00003    0.00144    0.00126    0.00017    0.00231    190815
  9080    0.00001    0.00073    0.00064    0.00014    0.00111    125549
  9090    0.00003    0.00056    0.00043    0.00014    0.00194    191257
  9100    0.00003    0.00059    0.00047    0.00014    0.00189    190594
   ITS     RHO        RHO*U      RHO*V       RHO*W      RHO*E      NODE#
  9110    0.00002    0.00115    0.00097    0.00014    0.00150    191734
  9120    0.00001    0.00061    0.00056    0.00014    0.00140    191717
  9130    0.00003    0.00052    0.00043    0.00014    0.00199    190815
  9140    0.00002    0.00121    0.00119    0.00015    0.00199    190629
  9150    0.00002    0.00081    0.00092    0.00015    0.00152     10959
  9160    0.00002    0.00126    0.00125    0.00015    0.00231     12633
  9170    0.00003    0.00063    0.00048    0.00015    0.00241    190815
  9180    0.00001    0.00063    0.00060    0.00015    0.00124    191717
  9190    0.00001    0.00091    0.00099    0.00015    0.00172    190408
 IT=  9200 CPU=   1001.98(SEC)  OVERALL TIME=   1002.01(SEC)  CPUeff=    100.00%  ITS/HR=    33054.
  9200    0.00001    0.00109    0.00117    0.00015    0.00214    190408
   ITS     RHO        RHO*U      RHO*V       RHO*W      RHO*E      NODE#
  9210    0.00001    0.00098    0.00094    0.00015    0.00139     12633
  9220    0.00002    0.00091    0.00079    0.00015    0.00152    190391
  9230    0.00001    0.00040    0.00040    0.00015    0.00104    189931
  9240    0.00004    0.00071    0.00048    0.00015    0.00273    191699
  9250    0.00002    0.00063    0.00046    0.00015    0.00177    191700
  9260    0.00003    0.00067    0.00049    0.00015    0.00190    191700
  9270    0.00001    0.00072    0.00075    0.00015    0.00126    190170
  9280    0.00002    0.00050    0.00042    0.00015    0.00135    190815
  9290    0.00001    0.00043    0.00041    0.00014    0.00113    189931
  9300    0.00002    0.00140    0.00112    0.00014    0.00189    190594
   ITS     RHO        RHO*U      RHO*V       RHO*W      RHO*E      NODE#
  9310    0.00002    0.00135    0.00120    0.00016    0.00217     16818
  9320    0.00003    0.00078    0.00065    0.00014    0.00189    190594
  9330    0.00002    0.00054    0.00042    0.00014    0.00168    191257
  9340    0.00004    0.00113    0.00112    0.00014    0.00277    191478
  9350    0.00002    0.00119    0.00128    0.00015    0.00247    190408
  9360    0.00002    0.00066    0.00049    0.00014    0.00185    191699
  9370    0.00002    0.00119    0.00118    0.00014    0.00229     13470
  9380    0.00001    0.00061    0.00055    0.00014    0.00104    190391
  9390    0.00002    0.00139    0.00112    0.00016    0.00180     16818
 IT=  9400 CPU=   1023.68(SEC)  OVERALL TIME=   1023.70(SEC)  CPUeff=    100.00%  ITS/HR=    33056.
  9400    0.00002    0.00054    0.00038    0.00014    0.00183    191478
   ITS     RHO        RHO*U      RHO*V       RHO*W      RHO*E      NODE#
  9410    0.00002    0.00043    0.00041    0.00014    0.00176    190152
  9420    0.00002    0.00050    0.00040    0.00014    0.00143    190815
  9430    0.00002    0.00088    0.00074    0.00014    0.00174    190373
  9440    0.00003    0.00067    0.00047    0.00013    0.00201    191700
  9450    0.00002    0.00098    0.00082    0.00014    0.00184    190373
  9460    0.00002    0.00145    0.00122    0.00016    0.00225     16818
  9470    0.00001    0.00048    0.00050    0.00014    0.00109    191257
  9480    0.00002    0.00144    0.00132    0.00016    0.00231     16818
  9490    0.00003    0.00143    0.00124    0.00016    0.00223     16818
  9500    0.00002    0.00052    0.00046    0.00014    0.00170    191036
   ITS     RHO        RHO*U      RHO*V       RHO*W      RHO*E      NODE#
  9510    0.00003    0.00065    0.00048    0.00014    0.00229    190373
  9520    0.00002    0.00034    0.00031    0.00014    0.00131    191700
  9530    0.00002    0.00049    0.00040    0.00014    0.00180    190152
  9540    0.00001    0.00046    0.00041    0.00015    0.00074    191734
  9550    0.00003    0.00060    0.00050    0.00017    0.00251    190594
  9560    0.00002    0.00052    0.00046    0.00017    0.00136    191036
  9570    0.00003    0.00057    0.00047    0.00017    0.00209    190594
  9580    0.00001    0.00039    0.00039    0.00017    0.00098    190152
  9590    0.00002    0.00108    0.00118    0.00017    0.00239     12633
 IT=  9600 CPU=   1045.39(SEC)  OVERALL TIME=   1045.42(SEC)  CPUeff=    100.00%  ITS/HR=    33059.
  9600    0.00002    0.00112    0.00116    0.00016    0.00231    190408
   ITS     RHO        RHO*U      RHO*V       RHO*W      RHO*E      NODE#
  9610    0.00002    0.00120    0.00110    0.00016    0.00168    191275
  9620    0.00002    0.00129    0.00128    0.00016    0.00232    190629
  9630    0.00002    0.00056    0.00053    0.00016    0.00145    191717
  9640    0.00003    0.00067    0.00047    0.00021    0.00236    190594
  9650    0.00002    0.00120    0.00096    0.00013    0.00157    129935
  9660    0.00001    0.00061    0.00048    0.00019    0.00110    190408
  9670    0.00003    0.00068    0.00059    0.00016    0.00206    191699
  9680    0.00002    0.00106    0.00122    0.00014    0.00249     11796
  9690    0.00001    0.00126    0.00110    0.00013    0.00186    191513
  9700    0.00002    0.00109    0.00116    0.00014    0.00231     11796
   ITS     RHO        RHO*U      RHO*V       RHO*W      RHO*E      NODE#
  9710    0.00002    0.00115    0.00105    0.00011    0.00173    190833
  9720    0.00001    0.00112    0.00116    0.00015    0.00221     11796
  9730    0.00002    0.00106    0.00114    0.00014    0.00223     12633
  9740    0.00003    0.00058    0.00043    0.00010    0.00232    190594
  9750    0.00002    0.00146    0.00121    0.00015    0.00187     16818
  9760    0.00002    0.00056    0.00047    0.00006    0.00184    190594
  9770    0.00002    0.00058    0.00053    0.00004    0.00165    191717
  9780    0.00002    0.00039    0.00038    0.00005    0.00130    191036
  9790    0.00004    0.00056    0.00046    0.00006    0.00265    190815
 IT=  9800 CPU=   1067.09(SEC)  OVERALL TIME=   1067.12(SEC)  CPUeff=    100.00%  ITS/HR=    33061.
  9800    0.00001    0.00042    0.00038    0.00005    0.00113    190152
   ITS     RHO        RHO*U      RHO*V       RHO*W      RHO*E      NODE#
  9810    0.00003    0.00068    0.00053    0.00005    0.00195    190594
  9820    0.00002    0.00045    0.00042    0.00006    0.00144    190152
  9830    0.00003    0.00065    0.00047    0.00006    0.00204    190815
  9840    0.00002    0.00133    0.00111    0.00013    0.00181    125549
  9850    0.00001    0.00083    0.00070    0.00008    0.00146    191496
  9860    0.00002    0.00055    0.00047    0.00006    0.00185    190815
  9870    0.00004    0.00067    0.00064    0.00008    0.00306    191036
  9880    0.00001    0.00124    0.00107    0.00014    0.00199     16818
  9890    0.00001    0.00064    0.00058    0.00006    0.00126    191717
  9900    0.00003    0.00059    0.00042    0.00006    0.00236    190594
   ITS     RHO        RHO*U      RHO*V       RHO*W      RHO*E      NODE#
  9910    0.00001    0.00044    0.00044    0.00005    0.00101    190815
  9920    0.00001    0.00040    0.00042    0.00006    0.00109    190815
  9930    0.00002    0.00135    0.00110    0.00017    0.00182    129935
  9940    0.00002    0.00148    0.00178    0.00014    0.00309     16818
  9950    0.00001    0.00042    0.00044    0.00007    0.00093    190408
  9960    0.00001    0.00069    0.00071    0.00010    0.00118    190170
  9970    0.00001    0.00072    0.00062    0.00008    0.00106    123356
  9980    0.00002    0.00054    0.00041    0.00008    0.00176    191478
  9990    0.00002    0.00126    0.00103    0.00013    0.00182    190594
 IT= 10000 CPU=   1088.80(SEC)  OVERALL TIME=   1088.83(SEC)  CPUeff=    100.00%  ITS/HR=    33063.
 10000    0.00002    0.00132    0.00155    0.00009    0.00276     16818
   ITS     RHO        RHO*U      RHO*V       RHO*W      RHO*E      NODE#
 10010    0.00001    0.00043    0.00038    0.00011    0.00086     16818
 10020    0.00001    0.00047    0.00039    0.00013    0.00100    191496
 10030    0.00001    0.00117    0.00118    0.00015    0.00214    190629
 10040    0.00002    0.00151    0.00184    0.00015    0.00323     16818
 10050    0.00002    0.00139    0.00148    0.00014    0.00264     16818
 10060    0.00002    0.00094    0.00081    0.00012    0.00129    125549
 10070    0.00001    0.00043    0.00037    0.00012    0.00087    190373
 10080    0.00002    0.00074    0.00061    0.00011    0.00150    190373
 10090    0.00001    0.00033    0.00028    0.00011    0.00077     20260
 10100    0.00002    0.00057    0.00052    0.00013    0.00160    190373
   ITS     RHO        RHO*U      RHO*V       RHO*W      RHO*E      NODE#
 10110    0.00002    0.00125    0.00132    0.00014    0.00260    191718
 10120    0.00002    0.00097    0.00083    0.00013    0.00134    125549
 10130    0.00002    0.00115    0.00112    0.00011    0.00186     12633
 10140    0.00001    0.00044    0.00044    0.00010    0.00110    190629
 10150    0.00002    0.00134    0.00137    0.00009    0.00253     16818
 10160    0.00001    0.00104    0.00094    0.00009    0.00150    191054
 10170    0.00002    0.00108    0.00118    0.00014    0.00237     11796
 10180    0.00002    0.00114    0.00100    0.00008    0.00169    190833
 10190    0.00002    0.00110    0.00117    0.00014    0.00229     11796
 IT= 10200 CPU=   1110.98(SEC)  OVERALL TIME=   1111.01(SEC)  CPUeff=    100.00%  ITS/HR=    33051.
 10200    0.00002    0.00079    0.00063    0.00008    0.00129    190815
   ITS     RHO        RHO*U      RHO*V       RHO*W      RHO*E      NODE#
 10210    0.00002    0.00125    0.00127    0.00014    0.00240    190629
 10220    0.00001    0.00035    0.00037    0.00009    0.00098    190152
 10230    0.00003    0.00098    0.00083    0.00009    0.00190    190594
 10240    0.00002    0.00037    0.00036    0.00013    0.00122    190152
 10250    0.00001    0.00058    0.00048    0.00013    0.00087     46031
 10260    0.00002    0.00118    0.00115    0.00012    0.00187    190629
 10270    0.00002    0.00097    0.00081    0.00010    0.00143    125549
 10280    0.00003    0.00070    0.00049    0.00009    0.00228    191700
 10290    0.00002    0.00045    0.00038    0.00008    0.00126    190815
 10300    0.00002    0.00060    0.00049    0.00006    0.00165    190594
   ITS     RHO        RHO*U      RHO*V       RHO*W      RHO*E      NODE#
 10310    0.00003    0.00057    0.00048    0.00006    0.00251    191257
 10320    0.00002    0.00134    0.00142    0.00010    0.00255     16818
 10330    0.00001    0.00051    0.00048    0.00012    0.00094    116777
 10340    0.00002    0.00121    0.00128    0.00015    0.00234     11796
 10350    0.00002    0.00130    0.00138    0.00017    0.00265     12633
 10360    0.00002    0.00106    0.00118    0.00019    0.00235     11796
 10370    0.00002    0.00041    0.00037    0.00021    0.00125    190594
 10380    0.00002    0.00111    0.00113    0.00021    0.00213     12633
 10390    0.00002    0.00053    0.00045    0.00019    0.00161    190594
 IT= 10400 CPU=   1132.70(SEC)  OVERALL TIME=   1132.73(SEC)  CPUeff=    100.00%  ITS/HR=    33053.
 10400    0.00003    0.00056    0.00048    0.00015    0.00210    190373
   ITS     RHO        RHO*U      RHO*V       RHO*W      RHO*E      NODE#
 10410    0.00003    0.00054    0.00045    0.00011    0.00194    190594
 10420    0.00004    0.00061    0.00049    0.00013    0.00273    190373
 10430    0.00003    0.00120    0.00129    0.00016    0.00249     12633
 10440    0.00002    0.00107    0.00088    0.00014    0.00149    125549
 10450    0.00002    0.00111    0.00110    0.00015    0.00207     12633
 10460    0.00001    0.00115    0.00111    0.00016    0.00174    190629
 10470    0.00001    0.00112    0.00119    0.00017    0.00238    190408
 10480    0.00002    0.00122    0.00118    0.00018    0.00192    190629
 10490    0.00001    0.00047    0.00045    0.00017    0.00129     48637
 10500    0.00003    0.00056    0.00048    0.00015    0.00208    190373
   ITS     RHO        RHO*U      RHO*V       RHO*W      RHO*E      NODE#
 10510    0.00002    0.00111    0.00114    0.00015    0.00232     11796
 10520    0.00001    0.00094    0.00081    0.00011    0.00138    191054
 10530    0.00002    0.00032    0.00027    0.00010    0.00118    190373
 10540    0.00001    0.00051    0.00044    0.00008    0.00096    191717
 10550    0.00002    0.00055    0.00047    0.00007    0.00165    190594
 10560    0.00001    0.00081    0.00071    0.00010    0.00127    190170
 10570    0.00002    0.00129    0.00115    0.00017    0.00200     12633
 10580    0.00002    0.00083    0.00095    0.00014    0.00149     10959
 10590    0.00002    0.00114    0.00112    0.00011    0.00183    190629
 IT= 10600 CPU=   1154.42(SEC)  OVERALL TIME=   1154.44(SEC)  CPUeff=    100.00%  ITS/HR=    33055.
 10600    0.00002    0.00076    0.00076    0.00010    0.00131    190170
   ITS     RHO        RHO*U      RHO*V       RHO*W      RHO*E      NODE#
 10610    0.00002    0.00112    0.00117    0.00012    0.00225     12633
 10620    0.00003    0.00079    0.00084    0.00011    0.00218    191699
 10630    0.00001    0.00034    0.00030    0.00007    0.00068    191734
 10640    0.00002    0.00139    0.00175    0.00024    0.00301     16818
 10650    0.00002    0.00063    0.00056    0.00011    0.00182    191700
 10660    0.00001    0.00022    0.00025    0.00009    0.00099    191699
 10670    0.00002    0.00079    0.00079    0.00011    0.00171    191036
 10680    0.00002    0.00045    0.00039    0.00012    0.00183    191036
 10690    0.00003    0.00143    0.00190    0.00015    0.00330     16818
 10700    0.00003    0.00071    0.00050    0.00012    0.00237    191700
   ITS     RHO        RHO*U      RHO*V       RHO*W      RHO*E      NODE#
 10710    0.00003    0.00052    0.00040    0.00011    0.00215    191257
 10720    0.00001    0.00090    0.00077    0.00011    0.00127    191275
 10730    0.00002    0.00051    0.00037    0.00010    0.00188    191257
 10740    0.00002    0.00052    0.00049    0.00009    0.00175    190373
 10750    0.00002    0.00092    0.00075    0.00010    0.00143    123356
 10760    0.00002    0.00120    0.00098    0.00015    0.00186    191036
 10770    0.00003    0.00065    0.00050    0.00007    0.00191    191699
 10780    0.00002    0.00055    0.00044    0.00007    0.00178    190594
 10790    0.00002    0.00042    0.00038    0.00007    0.00119    190152
 IT= 10800 CPU=   1176.13(SEC)  OVERALL TIME=   1176.15(SEC)  CPUeff=    100.00%  ITS/HR=    33057.
 10800    0.00002    0.00118    0.00127    0.00015    0.00246    190408
   ITS     RHO        RHO*U      RHO*V       RHO*W      RHO*E      NODE#
 10810    0.00003    0.00054    0.00044    0.00006    0.00189    190594
 10820    0.00003    0.00057    0.00049    0.00006    0.00213    190373
 10830    0.00002    0.00141    0.00120    0.00013    0.00189     16818
 10840    0.00002    0.00110    0.00121    0.00014    0.00247     11796
 10850    0.00002    0.00072    0.00065    0.00005    0.00221    191717
 10860    0.00001    0.00059    0.00053    0.00006    0.00095    191496
 10870    0.00002    0.00112    0.00091    0.00012    0.00168    190152
 10880    0.00002    0.00049    0.00038    0.00005    0.00165    190594
 10890    0.00001    0.00071    0.00073    0.00010    0.00124    190170
 10900    0.00001    0.00053    0.00050    0.00006    0.00100    191257
   ITS     RHO        RHO*U      RHO*V       RHO*W      RHO*E      NODE#
 10910    0.00002    0.00133    0.00138    0.00006    0.00258    191718
 10920    0.00002    0.00037    0.00037    0.00006    0.00114    190152
 10930    0.00002    0.00110    0.00094    0.00009    0.00161    123356
 10940    0.00003    0.00117    0.00134    0.00015    0.00256     11796
 10950    0.00003    0.00069    0.00050    0.00005    0.00189    191700
 10960    0.00001    0.00125    0.00098    0.00013    0.00174    125549
 10970    0.00004    0.00053    0.00035    0.00004    0.00281    191036
 10980    0.00003    0.00059    0.00046    0.00005    0.00226    190594
 10990    0.00002    0.00043    0.00039    0.00005    0.00122    191257
 IT= 11000 CPU=   1197.84(SEC)  OVERALL TIME=   1197.87(SEC)  CPUeff=    100.00%  ITS/HR=    33059.
 11000    0.00001    0.00048    0.00046    0.00006    0.00178    191717
   ITS     RHO        RHO*U      RHO*V       RHO*W      RHO*E      NODE#
 11010    0.00003    0.00069    0.00050    0.00005    0.00215    191700
 11020    0.00003    0.00070    0.00048    0.00006    0.00248    191700
 11030    0.00002    0.00036    0.00033    0.00003    0.00143    190373
 11040    0.00002    0.00053    0.00046    0.00009    0.00177    190594
 11050    0.00002    0.00123    0.00101    0.00006    0.00216    191717
 11060    0.00002    0.00077    0.00079    0.00010    0.00144    190170
 11070    0.00001    0.00110    0.00092    0.00010    0.00150    123356
 11080    0.00002    0.00149    0.00190    0.00016    0.00319     16818
 11090    0.00003    0.00058    0.00043    0.00010    0.00204    191478
 11100    0.00002    0.00041    0.00039    0.00005    0.00123    191036
   ITS     RHO        RHO*U      RHO*V       RHO*W      RHO*E      NODE#
 11110    0.00002    0.00040    0.00034    0.00003    0.00118    190373
 11120    0.00001    0.00050    0.00049    0.00006    0.00101    190815
 11130    0.00002    0.00141    0.00130    0.00012    0.00239     16818
 11140    0.00002    0.00108    0.00104    0.00010    0.00175     13470
 11150    0.00001    0.00120    0.00094    0.00013    0.00150    190170
 11160    0.00001    0.00072    0.00075    0.00010    0.00132    190170
 11170    0.00002    0.00088    0.00076    0.00010    0.00139    190170
 11180    0.00002    0.00103    0.00097    0.00009    0.00213    191717
 11190    0.00003    0.00065    0.00046    0.00005    0.00264    191257
 IT= 11200 CPU=   1220.03(SEC)  OVERALL TIME=   1220.06(SEC)  CPUeff=    100.00%  ITS/HR=    33048.
 11200    0.00002    0.00046    0.00033    0.00004    0.00167    191036
   ITS     RHO        RHO*U      RHO*V       RHO*W      RHO*E      NODE#
 11210    0.00001    0.00085    0.00072    0.00007    0.00122    123356
 11220    0.00002    0.00096    0.00080    0.00009    0.00176    190594
 11230    0.00002    0.00130    0.00116    0.00012    0.00159     15144
 11240    0.00001    0.00019    0.00019    0.00002    0.00059    189931
 11250    0.00002    0.00061    0.00047    0.00005    0.00177    191699
 11260    0.00003    0.00118    0.00094    0.00014    0.00191    190594
 11270    0.00003    0.00071    0.00049    0.00006    0.00227    191700
 11280    0.00002    0.00115    0.00112    0.00012    0.00182     12633
 11290    0.00002    0.00113    0.00110    0.00011    0.00170    190629
 11300    0.00001    0.00127    0.00101    0.00013    0.00154     15981
   ITS     RHO        RHO*U      RHO*V       RHO*W      RHO*E      NODE#
 11310    0.00001    0.00044    0.00046    0.00006    0.00101    189931
 11320    0.00001    0.00051    0.00046    0.00004    0.00102    191257
 11330    0.00001    0.00035    0.00040    0.00009    0.00104     36920
 11340    0.00002    0.00038    0.00040    0.00005    0.00129    191478
 11350    0.00001    0.00047    0.00042    0.00005    0.00093     16818
 11360    0.00002    0.00064    0.00049    0.00006    0.00182    190594
 11370    0.00002    0.00140    0.00141    0.00016    0.00262     16818
 11380    0.00002    0.00112    0.00105    0.00011    0.00188     12633
 11390    0.00002    0.00130    0.00105    0.00016    0.00182    129935
 IT= 11400 CPU=   1241.74(SEC)  OVERALL TIME=   1241.76(SEC)  CPUeff=    100.00%  ITS/HR=    33050.
 11400    0.00002    0.00121    0.00122    0.00012    0.00239     12633
   ITS     RHO        RHO*U      RHO*V       RHO*W      RHO*E      NODE#
 11410    0.00001    0.00131    0.00107    0.00014    0.00173    129935
 11420    0.00001    0.00102    0.00089    0.00011    0.00143    191275
 11430    0.00002    0.00115    0.00114    0.00011    0.00190    190629
 11440    0.00003    0.00076    0.00080    0.00011    0.00217    190815
 11450    0.00002    0.00117    0.00126    0.00012    0.00245     12633
 11460    0.00002    0.00107    0.00100    0.00013    0.00154     15144
 11470    0.00002    0.00116    0.00110    0.00011    0.00189     13470
 11480    0.00002    0.00078    0.00082    0.00011    0.00137    190170
 11490    0.00002    0.00131    0.00105    0.00016    0.00193     12633
 11500    0.00001    0.00116    0.00090    0.00012    0.00150     15144
   ITS     RHO        RHO*U      RHO*V       RHO*W      RHO*E      NODE#
 11510    0.00002    0.00153    0.00185    0.00014    0.00319     16818
 11520    0.00002    0.00070    0.00075    0.00010    0.00135     36920
 11530    0.00003    0.00051    0.00037    0.00004    0.00220    190815
 11540    0.00002    0.00066    0.00049    0.00005    0.00183    191699
 11550    0.00002    0.00146    0.00125    0.00014    0.00197     16818
 11560    0.00002    0.00066    0.00048    0.00005    0.00184    191700
 11570    0.00002    0.00111    0.00106    0.00010    0.00200     13470
 11580    0.00001    0.00129    0.00108    0.00013    0.00179     16818
 11590    0.00002    0.00108    0.00100    0.00009    0.00168    191036
 IT= 11600 CPU=   1263.45(SEC)  OVERALL TIME=   1263.47(SEC)  CPUeff=    100.00%  ITS/HR=    33052.
 11600    0.00001    0.00109    0.00093    0.00010    0.00147    125549
   ITS     RHO        RHO*U      RHO*V       RHO*W      RHO*E      NODE#
 11610    0.00002    0.00139    0.00156    0.00015    0.00274     16818
 11620    0.00001    0.00059    0.00054    0.00005    0.00131    191717
 11630    0.00003    0.00059    0.00047    0.00009    0.00262    190815
 11640    0.00002    0.00109    0.00089    0.00010    0.00164    191275
 11650    0.00002    0.00047    0.00036    0.00004    0.00116    191478
 11660    0.00002    0.00015    0.00024    0.00004    0.00143    190373
 11670    0.00002    0.00071    0.00074    0.00010    0.00131    190170
 11680    0.00002    0.00113    0.00111    0.00011    0.00185     12633
 11690    0.00002    0.00111    0.00127    0.00014    0.00243     11796
 11700    0.00001    0.00100    0.00089    0.00009    0.00154    190612
   ITS     RHO        RHO*U      RHO*V       RHO*W      RHO*E      NODE#
 11710    0.00002    0.00114    0.00111    0.00011    0.00174     12633
 11720    0.00002    0.00111    0.00128    0.00014    0.00247     11796
 11730    0.00001    0.00080    0.00091    0.00013    0.00156    190170
 11740    0.00001    0.00032    0.00033    0.00005    0.00055    191257
 11750    0.00001    0.00090    0.00075    0.00010    0.00133    123356
 11760    0.00002    0.00067    0.00051    0.00005    0.00174    191700
 11770    0.00004    0.00075    0.00065    0.00007    0.00273    190815
 11780    0.00002    0.00046    0.00042    0.00007    0.00148    190815
 11790    0.00001    0.00051    0.00043    0.00005    0.00087    191717
 IT= 11800 CPU=   1285.15(SEC)  OVERALL TIME=   1285.18(SEC)  CPUeff=    100.00%  ITS/HR=    33054.
 11800    0.00002    0.00066    0.00055    0.00006    0.00130    191478
   ITS     RHO        RHO*U      RHO*V       RHO*W      RHO*E      NODE#
 11810    0.00003    0.00077    0.00079    0.00011    0.00220    191699
 11820    0.00002    0.00155    0.00192    0.00014    0.00330     16818
 11830    0.00002    0.00139    0.00119    0.00013    0.00213     16818
 11840    0.00002    0.00048    0.00044    0.00006    0.00121    190152
 11850    0.00003    0.00069    0.00074    0.00010    0.00231    191700
 11860    0.00002    0.00117    0.00114    0.00011    0.00198     12633
 11870    0.00004    0.00104    0.00095    0.00007    0.00289    191036
 11880    0.00002    0.00081    0.00090    0.00013    0.00182    191036
 11890    0.00002    0.00121    0.00130    0.00012    0.00254     12633
 11900    0.00003    0.00072    0.00076    0.00010    0.00253    191699
   ITS     RHO        RHO*U      RHO*V       RHO*W      RHO*E      NODE#
 11910    0.00002    0.00079    0.00077    0.00010    0.00169    191699
 11920    0.00002    0.00108    0.00098    0.00010    0.00175    191700
 11930    0.00002    0.00039    0.00032    0.00003    0.00128    191036
 11940    0.00002    0.00052    0.00046    0.00006    0.00136    191036
 11950    0.00001    0.00084    0.00071    0.00008    0.00116    191275
 11960    0.00003    0.00062    0.00052    0.00007    0.00230    190594
 11970    0.00002    0.00055    0.00042    0.00004    0.00143    191478
 11980    0.00002    0.00133    0.00124    0.00012    0.00230     16818
 11990    0.00001    0.00136    0.00120    0.00016    0.00217     16818
 IT= 12000 CPU=   1306.86(SEC)  OVERALL TIME=   1306.89(SEC)  CPUeff=    100.00%  ITS/HR=    33056.
 12000    0.00001    0.00108    0.00103    0.00008    0.00153    190833
   ITS     RHO        RHO*U      RHO*V       RHO*W      RHO*E      NODE#
 12010    0.00004    0.00066    0.00047    0.00005    0.00276    191257
 12020    0.00001    0.00141    0.00119    0.00014    0.00169     16818
 12030    0.00001    0.00116    0.00113    0.00011    0.00180    190629
 12040    0.00001    0.00129    0.00109    0.00015    0.00188     16818
 12050    0.00002    0.00111    0.00100    0.00010    0.00162    191054
 12060    0.00002    0.00066    0.00049    0.00005    0.00161    191700
 12070    0.00004    0.00066    0.00048    0.00007    0.00281    190594
 12080    0.00002    0.00104    0.00101    0.00009    0.00185     13470
 12090    0.00003    0.00076    0.00067    0.00007    0.00249    190373
 12100    0.00002    0.00070    0.00070    0.00010    0.00154    191257
   ITS     RHO        RHO*U      RHO*V       RHO*W      RHO*E      NODE#
 12110    0.00002    0.00079    0.00070    0.00005    0.00201    191717
 12120    0.00001    0.00091    0.00084    0.00006    0.00235    191717
 12130    0.00001    0.00112    0.00108    0.00010    0.00190     13470
 12140    0.00002    0.00061    0.00046    0.00006    0.00182    191699
 12150    0.00003    0.00079    0.00087    0.00012    0.00212    191699
 12160    0.00003    0.00117    0.00111    0.00010    0.00203    191699
 12170    0.00002    0.00111    0.00128    0.00014    0.00247     11796
 12180    0.00002    0.00146    0.00132    0.00015    0.00256     11796
 12190    0.00002    0.00104    0.00089    0.00007    0.00152    121163
 IT= 12200 CPU=   1329.09(SEC)  OVERALL TIME=   1329.11(SEC)  CPUeff=    100.00%  ITS/HR=    33045.
 12200    0.00002    0.00110    0.00109    0.00011    0.00182    190629
   ITS     RHO        RHO*U      RHO*V       RHO*W      RHO*E      NODE#
 12210    0.00002    0.00115    0.00101    0.00010    0.00165     14307
 12220    0.00003    0.00109    0.00113    0.00011    0.00216    190629
 12230    0.00002    0.00115    0.00132    0.00014    0.00252     11796
 12240    0.00001    0.00068    0.00071    0.00010    0.00127    190170
 12250    0.00001    0.00048    0.00042    0.00004    0.00074    190833
 12260    0.00001    0.00111    0.00114    0.00013    0.00217    190629
 12270    0.00001    0.00106    0.00090    0.00011    0.00155    191275
 12280    0.00002    0.00116    0.00114    0.00011    0.00209     12633
 12290    0.00003    0.00070    0.00074    0.00010    0.00192    191478
 12300    0.00002    0.00048    0.00036    0.00008    0.00129    190152
   ITS     RHO        RHO*U      RHO*V       RHO*W      RHO*E      NODE#
 12310    0.00002    0.00044    0.00040    0.00005    0.00130    191036
 12320    0.00004    0.00063    0.00047    0.00006    0.00309    190594
 12330    0.00002    0.00047    0.00043    0.00006    0.00166    190152
 12340    0.00002    0.00058    0.00051    0.00006    0.00190    190594
 12350    0.00003    0.00065    0.00068    0.00010    0.00246    190815
 12360    0.00001    0.00090    0.00077    0.00010    0.00138    190170
 12370    0.00002    0.00044    0.00043    0.00008    0.00117     36920
 12380    0.00001    0.00109    0.00101    0.00011    0.00164    190612
 12390    0.00001    0.00113    0.00101    0.00010    0.00191    191717
 IT= 12400 CPU=   1350.80(SEC)  OVERALL TIME=   1350.83(SEC)  CPUeff=    100.00%  ITS/HR=    33046.
 12400    0.00003    0.00120    0.00116    0.00011    0.00206    191699
   ITS     RHO        RHO*U      RHO*V       RHO*W      RHO*E      NODE#
 12410    0.00002    0.00093    0.00076    0.00010    0.00140    123356
 12420    0.00002    0.00052    0.00043    0.00004    0.00149    190815
 12430    0.00002    0.00110    0.00110    0.00011    0.00204    190629
 12440    0.00004    0.00053    0.00036    0.00005    0.00268    191036
 12450    0.00002    0.00106    0.00113    0.00012    0.00224     12633
 12460    0.00003    0.00112    0.00106    0.00011    0.00239    191699
 12470    0.00002    0.00071    0.00075    0.00010    0.00130    190170
 12480    0.00002    0.00134    0.00145    0.00014    0.00258     16818
 12490    0.00003    0.00065    0.00057    0.00007    0.00195    190594
 12500    0.00003    0.00079    0.00082    0.00011    0.00206    191478
   ITS     RHO        RHO*U      RHO*V       RHO*W      RHO*E      NODE#
 12510    0.00001    0.00072    0.00075    0.00010    0.00136    190170
 12520    0.00001    0.00096    0.00080    0.00009    0.00132    123356
 12530    0.00001    0.00114    0.00111    0.00011    0.00173    190629
 12540    0.00002    0.00118    0.00134    0.00016    0.00255    190408
 12550    0.00002    0.00121    0.00111    0.00010    0.00178     15144
 12560    0.00002    0.00138    0.00137    0.00008    0.00253     16818
 12570    0.00003    0.00067    0.00049    0.00006    0.00207    190815
 12580    0.00002    0.00062    0.00050    0.00006    0.00133    191478
 12590    0.00002    0.00053    0.00046    0.00006    0.00173    190594
 IT= 12600 CPU=   1372.52(SEC)  OVERALL TIME=   1372.54(SEC)  CPUeff=    100.00%  ITS/HR=    33048.
 12600    0.00001    0.00132    0.00109    0.00011    0.00162     16818
   ITS     RHO        RHO*U      RHO*V       RHO*W      RHO*E      NODE#
 12610    0.00002    0.00124    0.00117    0.00009    0.00167     13470
 12620    0.00002    0.00067    0.00049    0.00007    0.00186    191700
 12630    0.00002    0.00154    0.00182    0.00013    0.00317     16818
 12640    0.00003    0.00060    0.00043    0.00006    0.00239    191257
 12650    0.00002    0.00081    0.00067    0.00007    0.00151    191717
 12660    0.00001    0.00071    0.00077    0.00010    0.00127    190170
 12670    0.00001    0.00047    0.00044    0.00005    0.00092    190850
 12680    0.00002    0.00050    0.00045    0.00006    0.00153    190373
 12690    0.00002    0.00087    0.00094    0.00013    0.00162    190187
 12700    0.00001    0.00112    0.00109    0.00011    0.00189    190629
   ITS     RHO        RHO*U      RHO*V       RHO*W      RHO*E      NODE#
 12710    0.00002    0.00137    0.00118    0.00016    0.00220     16818
 12720    0.00002    0.00065    0.00049    0.00005    0.00180    191699
 12730    0.00002    0.00125    0.00139    0.00017    0.00267     11796
 12740    0.00001    0.00077    0.00072    0.00010    0.00130    190170
 12750    0.00002    0.00044    0.00037    0.00005    0.00161    191036
 12760    0.00003    0.00069    0.00073    0.00010    0.00200    190815
 12770    0.00002    0.00117    0.00115    0.00011    0.00193    190629
 12780    0.00003    0.00055    0.00046    0.00007    0.00190    190594
 12790    0.00002    0.00037    0.00040    0.00005    0.00122    190815
 IT= 12800 CPU=   1394.24(SEC)  OVERALL TIME=   1394.27(SEC)  CPUeff=    100.00%  ITS/HR=    33050.
 12800    0.00003    0.00133    0.00119    0.00008    0.00221     16818
   ITS     RHO        RHO*U      RHO*V       RHO*W      RHO*E      NODE#
 12810    0.00002    0.00109    0.00103    0.00009    0.00175    191071
 12820    0.00003    0.00093    0.00079    0.00007    0.00196    191699
 12830    0.00002    0.00108    0.00091    0.00008    0.00152    191054
 12840    0.00001    0.00125    0.00109    0.00007    0.00195     16818
 12850    0.00002    0.00109    0.00118    0.00012    0.00234     12633
 12860    0.00001    0.00080    0.00091    0.00013    0.00141    190170
 12870    0.00002    0.00127    0.00107    0.00009    0.00168    191717
 12880    0.00002    0.00048    0.00039    0.00004    0.00155    190815
 12890    0.00003    0.00093    0.00098    0.00013    0.00224    191699
 12900    0.00003    0.00068    0.00051    0.00006    0.00205    191478
   ITS     RHO        RHO*U      RHO*V       RHO*W      RHO*E      NODE#
 12910    0.00004    0.00070    0.00049    0.00006    0.00288    191478
 12920    0.00001    0.00036    0.00037    0.00005    0.00106    190850
 12930    0.00003    0.00055    0.00047    0.00005    0.00199    190594
 12940    0.00001    0.00101    0.00092    0.00013    0.00176    191275
 12950    0.00001    0.00110    0.00109    0.00010    0.00185    190629
 12960    0.00001    0.00124    0.00096    0.00011    0.00148    191717
 12970    0.00002    0.00125    0.00122    0.00012    0.00239     12633
 12980    0.00003    0.00048    0.00036    0.00004    0.00197    191036
 12990    0.00003    0.00055    0.00045    0.00005    0.00215    190815
 IT= 13000 CPU=   1415.96(SEC)  OVERALL TIME=   1415.98(SEC)  CPUeff=    100.00%  ITS/HR=    33051.
 13000    0.00002    0.00127    0.00117    0.00016    0.00201    129935
   ITS     RHO        RHO*U      RHO*V       RHO*W      RHO*E      NODE#
 13010    0.00003    0.00058    0.00045    0.00006    0.00219    190594
 13020    0.00002    0.00119    0.00112    0.00010    0.00182     14307
 13030    0.00002    0.00036    0.00033    0.00005    0.00146    190373
 13040    0.00001    0.00047    0.00042    0.00004    0.00076     16818
 13050    0.00003    0.00058    0.00048    0.00006    0.00232    190815
 13060    0.00004    0.00063    0.00049    0.00007    0.00308    190594
 13070    0.00003    0.00057    0.00049    0.00006    0.00217    190594
 13080    0.00001    0.00079    0.00069    0.00007    0.00112    123356
 13090    0.00002    0.00153    0.00182    0.00013    0.00311     16818
 13100    0.00003    0.00068    0.00051    0.00004    0.00195    191700
   ITS     RHO        RHO*U      RHO*V       RHO*W      RHO*E      NODE#
 13110    0.00001    0.00053    0.00044    0.00005    0.00087    118970
 13120    0.00002    0.00062    0.00051    0.00006    0.00182    190594
 13130    0.00001    0.00071    0.00075    0.00010    0.00128    190170
 13140    0.00002    0.00069    0.00072    0.00010    0.00186    191699
 13150    0.00002    0.00044    0.00036    0.00006    0.00154    191036
 13160    0.00001    0.00089    0.00075    0.00008    0.00133    191275
 13170    0.00002    0.00109    0.00109    0.00012    0.00196    190629
 13180    0.00001    0.00103    0.00088    0.00010    0.00146    191054
 13190    0.00002    0.00146    0.00176    0.00016    0.00305     16818
 IT= 13200 CPU=   1438.20(SEC)  OVERALL TIME=   1438.23(SEC)  CPUeff=    100.00%  ITS/HR=    33041.
 13200    0.00004    0.00072    0.00049    0.00006    0.00291    190594
   ITS     RHO        RHO*U      RHO*V       RHO*W      RHO*E      NODE#
 13210    0.00002    0.00130    0.00105    0.00016    0.00203    129935
 13220    0.00001    0.00086    0.00073    0.00007    0.00123    191054
 13230    0.00002    0.00131    0.00110    0.00016    0.00200     16818
 13240    0.00003    0.00055    0.00046    0.00005    0.00198    190594
 13250    0.00004    0.00063    0.00049    0.00007    0.00295    190594
 13260    0.00002    0.00108    0.00101    0.00008    0.00145     13470
 13270    0.00002    0.00077    0.00076    0.00010    0.00185    191700
 13280    0.00001    0.00084    0.00071    0.00007    0.00124    125549
 13290    0.00001    0.00051    0.00044    0.00004    0.00089    125550
 13300    0.00003    0.00066    0.00047    0.00005    0.00253    191699
   ITS     RHO        RHO*U      RHO*V       RHO*W      RHO*E      NODE#
 13310    0.00003    0.00099    0.00086    0.00009    0.00227    190594
 13320    0.00002    0.00135    0.00111    0.00016    0.00202    191513
 13330    0.00003    0.00137    0.00132    0.00015    0.00239     16818
 13340    0.00003    0.00079    0.00085    0.00012    0.00197    190815
 13350    0.00002    0.00139    0.00120    0.00016    0.00213     16818
 13360    0.00001    0.00095    0.00081    0.00010    0.00137    123356
 13370    0.00002    0.00058    0.00045    0.00005    0.00132    191699
 13380    0.00004    0.00057    0.00048    0.00006    0.00268    190594
 13390    0.00001    0.00095    0.00092    0.00013    0.00149     10959
 IT= 13400 CPU=   1459.91(SEC)  OVERALL TIME=   1459.94(SEC)  CPUeff=    100.00%  ITS/HR=    33043.
 13400    0.00001    0.00076    0.00062    0.00007    0.00115    123356
   ITS     RHO        RHO*U      RHO*V       RHO*W      RHO*E      NODE#
 13410    0.00002    0.00039    0.00037    0.00006    0.00155    190152
 13420    0.00003    0.00047    0.00032    0.00004    0.00190    191036
 13430    0.00002    0.00148    0.00199    0.00016    0.00338     16818
 13440    0.00002    0.00123    0.00120    0.00012    0.00199    190629
 13450    0.00002    0.00075    0.00079    0.00011    0.00174    191478
 13460    0.00003    0.00143    0.00137    0.00016    0.00247    190373
 13470    0.00002    0.00048    0.00036    0.00004    0.00155    190373
 13480    0.00002    0.00108    0.00124    0.00015    0.00242     11796
 13490    0.00003    0.00073    0.00061    0.00007    0.00190    191699
 13500    0.00002    0.00134    0.00145    0.00014    0.00257     16818
   ITS     RHO        RHO*U      RHO*V       RHO*W      RHO*E      NODE#
 13510    0.00001    0.00050    0.00049    0.00006    0.00109    190152
 13520    0.00003    0.00114    0.00122    0.00015    0.00243    191700
 13530    0.00002    0.00052    0.00046    0.00006    0.00120    190152
 13540    0.00002    0.00055    0.00048    0.00006    0.00117    191478
 13550    0.00003    0.00056    0.00045    0.00006    0.00201    190594
 13560    0.00001    0.00110    0.00118    0.00012    0.00221     12633
 13570    0.00003    0.00100    0.00085    0.00007    0.00202    191699
 13580    0.00002    0.00082    0.00092    0.00013    0.00136    190170
 13590    0.00002    0.00145    0.00163    0.00016    0.00286     16818
 IT= 13600 CPU=   1481.63(SEC)  OVERALL TIME=   1481.65(SEC)  CPUeff=    100.00%  ITS/HR=    33044.
 13600    0.00003    0.00072    0.00075    0.00010    0.00201    191257
   ITS     RHO        RHO*U      RHO*V       RHO*W      RHO*E      NODE#
 13610    0.00002    0.00038    0.00039    0.00006    0.00121    190815
 13620    0.00003    0.00069    0.00049    0.00004    0.00202    191700
 13630    0.00001    0.00050    0.00045    0.00005    0.00085    190408
 13640    0.00002    0.00041    0.00038    0.00006    0.00156    190152
 13650    0.00003    0.00057    0.00044    0.00006    0.00248    191036
 13660    0.00002    0.00105    0.00089    0.00009    0.00142    191054
 13670    0.00002    0.00118    0.00128    0.00015    0.00246    190408
 13680    0.00002    0.00064    0.00062    0.00006    0.00162    190815
 13690    0.00002    0.00042    0.00038    0.00006    0.00139    190152
 13700    0.00002    0.00115    0.00121    0.00012    0.00243     12633
   ITS     RHO        RHO*U      RHO*V       RHO*W      RHO*E      NODE#
 13710    0.00001    0.00076    0.00080    0.00011    0.00136    190170
 13720    0.00001    0.00051    0.00044    0.00006    0.00099    191036
 13730    0.00002    0.00134    0.00146    0.00013    0.00247     16818
 13740    0.00002    0.00067    0.00070    0.00010    0.00133    191257
 13750    0.00002    0.00129    0.00138    0.00013    0.00251     16818
 13760    0.00003    0.00051    0.00038    0.00004    0.00190    190815
 13770    0.00003    0.00071    0.00069    0.00010    0.00205    191700
 13780    0.00002    0.00046    0.00043    0.00006    0.00151    190152
 13790    0.00002    0.00111    0.00107    0.00010    0.00175    191257
 IT= 13800 CPU=   1503.34(SEC)  OVERALL TIME=   1503.36(SEC)  CPUeff=    100.00%  ITS/HR=    33046.
 13800    0.00003    0.00143    0.00160    0.00010    0.00282     16818
   ITS     RHO        RHO*U      RHO*V       RHO*W      RHO*E      NODE#
 13810    0.00003    0.00063    0.00059    0.00005    0.00199    191036
 13820    0.00002    0.00108    0.00087    0.00008    0.00163    121163
 13830    0.00004    0.00070    0.00052    0.00007    0.00268    190594
 13840    0.00002    0.00106    0.00103    0.00009    0.00185     13470
 13850    0.00001    0.00081    0.00066    0.00006    0.00128    121163
 13860    0.00002    0.00037    0.00039    0.00006    0.00163    190815
 13870    0.00001    0.00047    0.00044    0.00005    0.00102    190373
 13880    0.00002    0.00037    0.00038    0.00005    0.00141    190815
 13890    0.00002    0.00053    0.00047    0.00006    0.00165    190594
 13900    0.00001    0.00047    0.00041    0.00005    0.00112    190815
   ITS     RHO        RHO*U      RHO*V       RHO*W      RHO*E      NODE#
 13910    0.00002    0.00054    0.00046    0.00006    0.00183    190594
 13920    0.00001    0.00055    0.00048    0.00005    0.00099    189931
 13930    0.00002    0.00060    0.00046    0.00004    0.00141    191700
 13940    0.00001    0.00122    0.00101    0.00016    0.00183    129935
 13950    0.00004    0.00063    0.00048    0.00007    0.00304    190594
 13960    0.00001    0.00121    0.00120    0.00012    0.00208    190629
 13970    0.00002    0.00102    0.00088    0.00010    0.00163    191257
 13980    0.00002    0.00123    0.00118    0.00012    0.00194    190629
 13990    0.00002    0.00096    0.00078    0.00010    0.00147    191717
 IT= 14000 CPU=   1525.05(SEC)  OVERALL TIME=   1525.07(SEC)  CPUeff=    100.00%  ITS/HR=    33048.
 14000    0.00001    0.00109    0.00095    0.00008    0.00163    190833
   ITS     RHO        RHO*U      RHO*V       RHO*W      RHO*E      NODE#
 14010    0.00003    0.00074    0.00076    0.00010    0.00192    191700
 14020    0.00001    0.00092    0.00101    0.00014    0.00185     11796
 14030    0.00002    0.00115    0.00087    0.00012    0.00139    125549
 14040    0.00002    0.00138    0.00142    0.00011    0.00255     16818
 14050    0.00001    0.00074    0.00078    0.00010    0.00129    190170
 14060    0.00004    0.00111    0.00106    0.00011    0.00264    191478
 14070    0.00003    0.00074    0.00079    0.00010    0.00229    191699
 14080    0.00001    0.00053    0.00047    0.00006    0.00105    190408
 14090    0.00002    0.00111    0.00093    0.00010    0.00146    190170
 14100    0.00002    0.00133    0.00137    0.00008    0.00256     16818
   ITS     RHO        RHO*U      RHO*V       RHO*W      RHO*E      NODE#
 14110    0.00002    0.00053    0.00046    0.00006    0.00169    190594
 14120    0.00002    0.00118    0.00090    0.00012    0.00144    125549
 14130    0.00002    0.00055    0.00046    0.00006    0.00177    190594
 14140    0.00002    0.00048    0.00040    0.00005    0.00115    190152
 14150    0.00002    0.00054    0.00048    0.00004    0.00146    190373
 14160    0.00003    0.00144    0.00198    0.00015    0.00334     16818
 14170    0.00001    0.00106    0.00092    0.00011    0.00151    191275
 14180    0.00001    0.00121    0.00116    0.00012    0.00193    190629
 14190    0.00001    0.00082    0.00086    0.00012    0.00149    190170
 IT= 14200 CPU=   1547.20(SEC)  OVERALL TIME=   1547.23(SEC)  CPUeff=    100.00%  ITS/HR=    33040.
 14200    0.00002    0.00045    0.00041    0.00005    0.00166    191036
   ITS     RHO        RHO*U      RHO*V       RHO*W      RHO*E      NODE#
 14210    0.00003    0.00058    0.00049    0.00006    0.00194    190373
 14220    0.00001    0.00109    0.00106    0.00010    0.00161    190629
 14230    0.00002    0.00137    0.00144    0.00011    0.00256     16818
 14240    0.00002    0.00120    0.00112    0.00011    0.00172     12633
 14250    0.00001    0.00083    0.00088    0.00012    0.00151    190170
 14260    0.00002    0.00151    0.00160    0.00014    0.00277     16818
 14270    0.00003    0.00058    0.00053    0.00007    0.00189    190373
 14280    0.00002    0.00101    0.00086    0.00006    0.00183    190594
 14290    0.00002    0.00051    0.00046    0.00006    0.00130    190152
 14300    0.00003    0.00056    0.00047    0.00005    0.00210    190815
   ITS     RHO        RHO*U      RHO*V       RHO*W      RHO*E      NODE#
 14310    0.00002    0.00062    0.00050    0.00006    0.00158    191699
 14320    0.00002    0.00151    0.00188    0.00015    0.00329     16818
 14330    0.00003    0.00063    0.00046    0.00006    0.00240    191699
 14340    0.00003    0.00056    0.00047    0.00006    0.00262    190815
 14350    0.00002    0.00042    0.00041    0.00006    0.00119    190152
 14360    0.00003    0.00054    0.00045    0.00006    0.00210    190594
 14370    0.00002    0.00037    0.00037    0.00005    0.00118    191513
 14380    0.00003    0.00067    0.00051    0.00006    0.00202    191699
 14390    0.00002    0.00112    0.00096    0.00008    0.00208    191717
 IT= 14400 CPU=   1568.92(SEC)  OVERALL TIME=   1568.94(SEC)  CPUeff=    100.00%  ITS/HR=    33041.
 14400    0.00001    0.00047    0.00045    0.00005    0.00099    190629
   ITS     RHO        RHO*U      RHO*V       RHO*W      RHO*E      NODE#
 14410    0.00003    0.00117    0.00113    0.00012    0.00199    191700
 14420    0.00001    0.00084    0.00090    0.00012    0.00148    190170
 14430    0.00002    0.00144    0.00156    0.00013    0.00285     16818
 14440    0.00003    0.00071    0.00049    0.00006    0.00253    191699
 14450    0.00002    0.00088    0.00075    0.00007    0.00137    189931
 14460    0.00003    0.00134    0.00107    0.00016    0.00206    190594
 14470    0.00002    0.00087    0.00095    0.00013    0.00154    190170
 14480    0.00002    0.00136    0.00163    0.00014    0.00291     16818
 14490    0.00001    0.00105    0.00107    0.00013    0.00201     12633
 14500    0.00002    0.00084    0.00096    0.00013    0.00154    190170
   ITS     RHO        RHO*U      RHO*V       RHO*W      RHO*E      NODE#
 14510    0.00002    0.00081    0.00084    0.00011    0.00168    191699
 14520    0.00002    0.00124    0.00121    0.00012    0.00202     12633
 14530    0.00002    0.00089    0.00074    0.00008    0.00142    191275
 14540    0.00002    0.00118    0.00113    0.00011    0.00171     12633
 14550    0.00001    0.00088    0.00081    0.00010    0.00143    190391
 14560    0.00002    0.00053    0.00043    0.00006    0.00147    190815
 14570    0.00003    0.00058    0.00048    0.00006    0.00255    190815
 14580    0.00002    0.00120    0.00095    0.00012    0.00153     15144
 14590    0.00001    0.00091    0.00079    0.00008    0.00149    191275
 IT= 14600 CPU=   1590.63(SEC)  OVERALL TIME=   1590.66(SEC)  CPUeff=    100.00%  ITS/HR=    33043.
 14600    0.00002    0.00052    0.00044    0.00006    0.00136    191478
   ITS     RHO        RHO*U      RHO*V       RHO*W      RHO*E      NODE#
 14610    0.00002    0.00050    0.00048    0.00006    0.00164    190152
 14620    0.00001    0.00052    0.00044    0.00004    0.00110    191699
 14630    0.00002    0.00078    0.00081    0.00011    0.00152    191699
 14640    0.00002    0.00109    0.00107    0.00012    0.00207     12633
 14650    0.00004    0.00060    0.00048    0.00006    0.00274    190815
 14660    0.00002    0.00051    0.00047    0.00006    0.00158    190152
 14670    0.00001    0.00090    0.00076    0.00007    0.00131    123356
 14680    0.00003    0.00053    0.00039    0.00006    0.00194    191257
 14690    0.00002    0.00131    0.00116    0.00007    0.00213     16818
 14700    0.00002    0.00067    0.00072    0.00010    0.00175    190815
   ITS     RHO        RHO*U      RHO*V       RHO*W      RHO*E      NODE#
 14710    0.00002    0.00134    0.00109    0.00016    0.00188    129935
 14720    0.00003    0.00090    0.00078    0.00008    0.00198    190373
 14730    0.00003    0.00067    0.00048    0.00008    0.00197    191700
 14740    0.00003    0.00081    0.00082    0.00011    0.00208    191699
 14750    0.00001    0.00031    0.00027    0.00008    0.00075    191036
 14760    0.00002    0.00099    0.00083    0.00008    0.00172    190152
 14770    0.00003    0.00092    0.00094    0.00013    0.00200    191699
 14780    0.00002    0.00044    0.00040    0.00008    0.00132    191036
 14790    0.00002    0.00114    0.00102    0.00008    0.00169    190833
 IT= 14800 CPU=   1612.35(SEC)  OVERALL TIME=   1612.37(SEC)  CPUeff=    100.00%  ITS/HR=    33044.
 14800    0.00002    0.00040    0.00039    0.00007    0.00140    190152
   ITS     RHO        RHO*U      RHO*V       RHO*W      RHO*E      NODE#
 14810    0.00002    0.00116    0.00113    0.00011    0.00190     12633
 14820    0.00001    0.00085    0.00078    0.00010    0.00133    190170
 14830    0.00003    0.00148    0.00183    0.00012    0.00307     16818
 14840    0.00004    0.00069    0.00048    0.00007    0.00308    191478
 14850    0.00002    0.00097    0.00082    0.00007    0.00160    190152
 14860    0.00002    0.00052    0.00045    0.00007    0.00181    190373
 14870    0.00002    0.00126    0.00141    0.00017    0.00265     11796
 14880    0.00003    0.00067    0.00049    0.00007    0.00195    191700
 14890    0.00001    0.00111    0.00110    0.00012    0.00204    190629
 14900    0.00001    0.00106    0.00094    0.00010    0.00131    191275
   ITS     RHO        RHO*U      RHO*V       RHO*W      RHO*E      NODE#
 14910    0.00003    0.00118    0.00114    0.00011    0.00226    191699
 14920    0.00002    0.00065    0.00070    0.00010    0.00191    190815
 14930    0.00002    0.00069    0.00057    0.00007    0.00131    191496
 14940    0.00002    0.00093    0.00089    0.00009    0.00180    191257
 14950    0.00002    0.00039    0.00038    0.00007    0.00124    191478
 14960    0.00003    0.00143    0.00124    0.00013    0.00247    190815
 14970    0.00001    0.00040    0.00041    0.00007    0.00115    191036
 14980    0.00001    0.00101    0.00078    0.00009    0.00122    191717
 14990    0.00003    0.00052    0.00039    0.00007    0.00210    190815
 IT= 15000 CPU=   1634.06(SEC)  OVERALL TIME=   1634.09(SEC)  CPUeff=    100.00%  ITS/HR=    33046.
 15000    0.00001    0.00126    0.00117    0.00007    0.00210     16818
   ITS     RHO        RHO*U      RHO*V       RHO*W      RHO*E      NODE#
 15010    0.00001    0.00077    0.00079    0.00010    0.00134    190170
 15020    0.00002    0.00020    0.00019    0.00007    0.00129    191478
 15030    0.00003    0.00053    0.00046    0.00007    0.00191    190594
 15040    0.00002    0.00051    0.00048    0.00007    0.00146    190152
 15050    0.00003    0.00056    0.00044    0.00007    0.00230    190594
 15060    0.00001    0.00050    0.00043    0.00007    0.00080    191496
 15070    0.00003    0.00057    0.00048    0.00007    0.00192    190373
 15080    0.00002    0.00109    0.00100    0.00009    0.00163    190833
 15090    0.00002    0.00040    0.00040    0.00007    0.00115    191700
 15100    0.00003    0.00068    0.00056    0.00007    0.00188    190594
   ITS     RHO        RHO*U      RHO*V       RHO*W      RHO*E      NODE#
 15110    0.00001    0.00072    0.00064    0.00007    0.00107    191275
 15120    0.00003    0.00058    0.00045    0.00007    0.00215    190815
 15130    0.00002    0.00052    0.00043    0.00007    0.00123    190152
 15140    0.00002    0.00055    0.00049    0.00007    0.00191    190594
 15150    0.00002    0.00052    0.00047    0.00007    0.00152    190152
 15160    0.00002    0.00105    0.00092    0.00009    0.00129     15144
 15170    0.00002    0.00139    0.00138    0.00016    0.00260     16818
 15180    0.00002    0.00054    0.00046    0.00007    0.00144    190594
 15190    0.00002    0.00043    0.00038    0.00007    0.00127    190152
 IT= 15200 CPU=   1656.29(SEC)  OVERALL TIME=   1656.31(SEC)  CPUeff=    100.00%  ITS/HR=    33037.
 15200    0.00003    0.00055    0.00047    0.00007    0.00208    190815
   ITS     RHO        RHO*U      RHO*V       RHO*W      RHO*E      NODE#
 15210    0.00002    0.00057    0.00045    0.00007    0.00155    191699
 15220    0.00002    0.00052    0.00047    0.00007    0.00157    190594
 15230    0.00001    0.00111    0.00105    0.00014    0.00165    190187
 15240    0.00002    0.00079    0.00082    0.00011    0.00177    191699
 15250    0.00002    0.00052    0.00045    0.00007    0.00175    190815
 15260    0.00002    0.00126    0.00118    0.00014    0.00221     16818
 15270    0.00001    0.00082    0.00085    0.00011    0.00142    190170
 15280    0.00001    0.00050    0.00049    0.00007    0.00104    191717
 15290    0.00002    0.00120    0.00112    0.00011    0.00166     12633
 15300    0.00002    0.00134    0.00143    0.00017    0.00268    190408
   ITS     RHO        RHO*U      RHO*V       RHO*W      RHO*E      NODE#
 15310    0.00001    0.00077    0.00079    0.00011    0.00142    190170
 15320    0.00002    0.00119    0.00118    0.00012    0.00232     12633
 15330    0.00001    0.00081    0.00085    0.00011    0.00153    191717
 15340    0.00002    0.00139    0.00130    0.00012    0.00232    191071
 15350    0.00003    0.00083    0.00096    0.00013    0.00195    191700
 15360    0.00002    0.00113    0.00110    0.00012    0.00197     12633
 15370    0.00003    0.00082    0.00086    0.00011    0.00251    191699
 15380    0.00002    0.00103    0.00086    0.00011    0.00159    191275
 15390    0.00002    0.00119    0.00115    0.00011    0.00187    191699
 IT= 15400 CPU=   1677.99(SEC)  OVERALL TIME=   1678.02(SEC)  CPUeff=    100.00%  ITS/HR=    33039.
 15400    0.00003    0.00070    0.00080    0.00011    0.00258    190594
   ITS     RHO        RHO*U      RHO*V       RHO*W      RHO*E      NODE#
 15410    0.00002    0.00108    0.00093    0.00009    0.00170    191275
 15420    0.00001    0.00133    0.00121    0.00016    0.00228    191292
 15430    0.00001    0.00091    0.00083    0.00011    0.00189    191717
 15440    0.00003    0.00053    0.00039    0.00005    0.00197    191036
 15450    0.00003    0.00067    0.00049    0.00005    0.00189    191699
 15460    0.00002    0.00050    0.00045    0.00006    0.00120    189931
 15470    0.00002    0.00122    0.00124    0.00013    0.00244    190629
 15480    0.00001    0.00084    0.00095    0.00014    0.00175     10959
 15490    0.00003    0.00054    0.00040    0.00005    0.00191    191257
 15500    0.00001    0.00105    0.00111    0.00012    0.00213     12633
   ITS     RHO        RHO*U      RHO*V       RHO*W      RHO*E      NODE#
 15510    0.00002    0.00138    0.00137    0.00012    0.00251     16818
 15520    0.00001    0.00059    0.00055    0.00005    0.00134    191717
 15530    0.00001    0.00041    0.00043    0.00005    0.00097    190850
 15540    0.00003    0.00139    0.00115    0.00015    0.00204     16818
 15550    0.00003    0.00063    0.00046    0.00006    0.00190    191699
 15560    0.00002    0.00132    0.00134    0.00012    0.00252     16818
 15570    0.00002    0.00082    0.00095    0.00013    0.00156    190170
 15580    0.00002    0.00107    0.00103    0.00010    0.00176    191036
 15590    0.00003    0.00056    0.00047    0.00006    0.00193    190373
 IT= 15600 CPU=   1699.70(SEC)  OVERALL TIME=   1699.73(SEC)  CPUeff=    100.00%  ITS/HR=    33041.
 15600    0.00001    0.00079    0.00083    0.00011    0.00149    190170
   ITS     RHO        RHO*U      RHO*V       RHO*W      RHO*E      NODE#
 15610    0.00001    0.00041    0.00037    0.00004    0.00077    191513
 15620    0.00002    0.00085    0.00070    0.00007    0.00134    191257
 15630    0.00001    0.00068    0.00060    0.00005    0.00135    191717
 15640    0.00003    0.00081    0.00094    0.00013    0.00216    191036
 15650    0.00002    0.00132    0.00113    0.00013    0.00189     12633
 15660    0.00002    0.00077    0.00081    0.00011    0.00136    190170
 15670    0.00001    0.00043    0.00044    0.00005    0.00104    191733
 15680    0.00002    0.00054    0.00045    0.00005    0.00190    190594
 15690    0.00002    0.00107    0.00091    0.00011    0.00144    191734
 15700    0.00002    0.00056    0.00049    0.00006    0.00189    190594
   ITS     RHO        RHO*U      RHO*V       RHO*W      RHO*E      NODE#
 15710    0.00002    0.00045    0.00040    0.00005    0.00114    190152
 15720    0.00002    0.00053    0.00047    0.00006    0.00168    190594
 15730    0.00001    0.00101    0.00083    0.00009    0.00139    191496
 15740    0.00003    0.00081    0.00080    0.00008    0.00237    190815
 15750    0.00002    0.00048    0.00045    0.00006    0.00122    190152
 15760    0.00002    0.00126    0.00104    0.00016    0.00195    129935
 15770    0.00003    0.00115    0.00109    0.00011    0.00208    191699
 15780    0.00002    0.00081    0.00092    0.00013    0.00173    191699
 15790    0.00003    0.00075    0.00079    0.00010    0.00236    191700
 IT= 15800 CPU=   1721.41(SEC)  OVERALL TIME=   1721.43(SEC)  CPUeff=    100.00%  ITS/HR=    33042.
 15800    0.00002    0.00125    0.00116    0.00013    0.00214     16818
   ITS     RHO        RHO*U      RHO*V       RHO*W      RHO*E      NODE#
 15810    0.00002    0.00076    0.00080    0.00011    0.00165    191699
 15820    0.00001    0.00127    0.00104    0.00015    0.00179     13470
 15830    0.00003    0.00085    0.00073    0.00008    0.00210    190594
 15840    0.00002    0.00056    0.00046    0.00005    0.00185    190594
 15850    0.00003    0.00064    0.00045    0.00006    0.00228    191478
 15860    0.00002    0.00075    0.00065    0.00007    0.00187    190594
 15870    0.00004    0.00113    0.00107    0.00011    0.00279    191478
 15880    0.00001    0.00078    0.00081    0.00011    0.00140    190170
 15890    0.00002    0.00136    0.00111    0.00016    0.00198     16818
 15900    0.00002    0.00039    0.00039    0.00006    0.00116    190152
   ITS     RHO        RHO*U      RHO*V       RHO*W      RHO*E      NODE#
 15910    0.00002    0.00061    0.00050    0.00006    0.00173    190152
 15920    0.00002    0.00087    0.00076    0.00011    0.00186    190594
 15930    0.00003    0.00144    0.00162    0.00011    0.00296     16818
 15940    0.00002    0.00134    0.00132    0.00015    0.00235     16818
 15950    0.00002    0.00043    0.00042    0.00006    0.00122    190152
 15960    0.00003    0.00058    0.00047    0.00006    0.00250    190815
 15970    0.00004    0.00076    0.00065    0.00007    0.00280    190373
 15980    0.00001    0.00116    0.00105    0.00009    0.00175    190833
 15990    0.00002    0.00037    0.00036    0.00006    0.00118    190152
 IT= 16000 CPU=   1743.12(SEC)  OVERALL TIME=   1743.14(SEC)  CPUeff=    100.00%  ITS/HR=    33044.
 16000    0.00003    0.00057    0.00044    0.00005    0.00209    190594
   ITS     RHO        RHO*U      RHO*V       RHO*W      RHO*E      NODE#
 16010    0.00003    0.00060    0.00049    0.00007    0.00229    190373
 16020    0.00002    0.00052    0.00039    0.00006    0.00180    191257
 16030    0.00002    0.00054    0.00046    0.00006    0.00168    190594
 16040    0.00002    0.00119    0.00104    0.00010    0.00169     14307
 16050    0.00002    0.00129    0.00116    0.00013    0.00219     16818
 16060    0.00003    0.00054    0.00045    0.00005    0.00191    190594
 16070    0.00002    0.00089    0.00076    0.00006    0.00189    191496
 16080    0.00001    0.00135    0.00114    0.00016    0.00201     16818
 16090    0.00002    0.00124    0.00124    0.00013    0.00226     16818
 16100    0.00002    0.00109    0.00126    0.00015    0.00243     11796
   ITS     RHO        RHO*U      RHO*V       RHO*W      RHO*E      NODE#
 16110    0.00002    0.00151    0.00166    0.00013    0.00301     16818
 16120    0.00003    0.00048    0.00034    0.00004    0.00198    191036
 16130    0.00003    0.00122    0.00124    0.00012    0.00239    190629
 16140    0.00003    0.00080    0.00082    0.00011    0.00192    191699
 16150    0.00001    0.00046    0.00045    0.00005    0.00114    191478
 16160    0.00003    0.00055    0.00046    0.00005    0.00212    190594
 16170    0.00001    0.00051    0.00045    0.00005    0.00113    190152
 16180    0.00002    0.00113    0.00096    0.00010    0.00179    191717
 16190    0.00002    0.00112    0.00118    0.00012    0.00229     12633
 IT= 16200 CPU=   1765.27(SEC)  OVERALL TIME=   1765.29(SEC)  CPUeff=    100.00%  ITS/HR=    33037.
 16200    0.00001    0.00080    0.00083    0.00011    0.00135    190170
   ITS     RHO        RHO*U      RHO*V       RHO*W      RHO*E      NODE#
 16210    0.00002    0.00106    0.00100    0.00010    0.00148     12633
 16220    0.00002    0.00057    0.00048    0.00006    0.00186    190373
 16230    0.00001    0.00132    0.00108    0.00011    0.00197    191717
 16240    0.00002    0.00118    0.00112    0.00011    0.00178     12633
 16250    0.00002    0.00079    0.00083    0.00011    0.00141    190170
 16260    0.00002    0.00034    0.00033    0.00007    0.00134    191478
 16270    0.00002    0.00052    0.00042    0.00007    0.00127    190373
 16280    0.00002    0.00080    0.00082    0.00011    0.00150    191699
 16290    0.00001    0.00123    0.00099    0.00011    0.00180    191717
 16300    0.00001    0.00073    0.00061    0.00006    0.00109    123356
   ITS     RHO        RHO*U      RHO*V       RHO*W      RHO*E      NODE#
 16310    0.00002    0.00115    0.00129    0.00014    0.00248    190408
 16320    0.00002    0.00016    0.00017    0.00002    0.00139    191478
 16330    0.00002    0.00079    0.00083    0.00011    0.00180    191257
 16340    0.00001    0.00144    0.00122    0.00013    0.00198     16818
 16350    0.00002    0.00131    0.00108    0.00013    0.00163     16818
 16360    0.00002    0.00128    0.00113    0.00015    0.00224     12633
 16370    0.00003    0.00059    0.00052    0.00007    0.00197    190373
 16380    0.00003    0.00062    0.00043    0.00005    0.00260    191257
 16390    0.00001    0.00043    0.00044    0.00006    0.00115    121164
 IT= 16400 CPU=   1786.99(SEC)  OVERALL TIME=   1787.02(SEC)  CPUeff=    100.00%  ITS/HR=    33038.
 16400    0.00003    0.00065    0.00046    0.00005    0.00224    191699
   ITS     RHO        RHO*U      RHO*V       RHO*W      RHO*E      NODE#
 16410    0.00001    0.00079    0.00082    0.00011    0.00149    190170
 16420    0.00002    0.00117    0.00118    0.00012    0.00236     12633
 16430    0.00002    0.00131    0.00146    0.00017    0.00275    190408
 16440    0.00001    0.00121    0.00110    0.00016    0.00184    129935
 16450    0.00001    0.00121    0.00092    0.00013    0.00170    125549
 16460    0.00003    0.00103    0.00109    0.00014    0.00219     11796
 16470    0.00001    0.00118    0.00119    0.00012    0.00222     12633
 16480    0.00001    0.00080    0.00084    0.00011    0.00143    190170
 16490    0.00003    0.00062    0.00047    0.00006    0.00263    191036
 16500    0.00002    0.00082    0.00095    0.00014    0.00174     10959
   ITS     RHO        RHO*U      RHO*V       RHO*W      RHO*E      NODE#
 16510    0.00002    0.00072    0.00057    0.00006    0.00141    190594
 16520    0.00001    0.00078    0.00080    0.00011    0.00139    190170
 16530    0.00002    0.00043    0.00040    0.00006    0.00115    189931
 16540    0.00002    0.00131    0.00104    0.00012    0.00189    190594
 16550    0.00001    0.00115    0.00122    0.00015    0.00235    190408
 16560    0.00001    0.00115    0.00113    0.00011    0.00192    190629
 16570    0.00003    0.00070    0.00058    0.00006    0.00213    191699
 16580    0.00001    0.00118    0.00126    0.00015    0.00233    190408
 16590    0.00002    0.00083    0.00071    0.00008    0.00169    190594
 IT= 16600 CPU=   1808.71(SEC)  OVERALL TIME=   1808.74(SEC)  CPUeff=    100.00%  ITS/HR=    33040.
 16600    0.00001    0.00049    0.00045    0.00005    0.00084    116777
   ITS     RHO        RHO*U      RHO*V       RHO*W      RHO*E      NODE#
 16610    0.00003    0.00068    0.00055    0.00007    0.00250    190594
 16620    0.00002    0.00048    0.00038    0.00004    0.00140    191257
 16630    0.00003    0.00054    0.00048    0.00006    0.00199    190594
 16640    0.00002    0.00050    0.00042    0.00006    0.00116    190152
 16650    0.00002    0.00053    0.00046    0.00005    0.00179    190594
 16660    0.00003    0.00059    0.00048    0.00006    0.00241    190373
 16670    0.00002    0.00076    0.00063    0.00006    0.00117    191257
 16680    0.00001    0.00074    0.00078    0.00011    0.00135    190170
 16690    0.00002    0.00089    0.00092    0.00013    0.00167    190391
 16700    0.00003    0.00146    0.00124    0.00013    0.00229     16818
   ITS     RHO        RHO*U      RHO*V       RHO*W      RHO*E      NODE#
 16710    0.00001    0.00107    0.00095    0.00010    0.00146     14307
 16720    0.00001    0.00040    0.00039    0.00006    0.00111    190152
 16730    0.00001    0.00082    0.00092    0.00012    0.00153    190170
 16740    0.00002    0.00110    0.00107    0.00010    0.00186     12633
 16750    0.00002    0.00142    0.00130    0.00014    0.00238     16818
 16760    0.00002    0.00137    0.00112    0.00013    0.00171     16818
 16770    0.00001    0.00033    0.00033    0.00005    0.00111    191733
 16780    0.00001    0.00115    0.00122    0.00015    0.00231    190408
 16790    0.00002    0.00118    0.00114    0.00011    0.00173    190629
 IT= 16800 CPU=   1830.44(SEC)  OVERALL TIME=   1830.46(SEC)  CPUeff=    100.00%  ITS/HR=    33041.
 16800    0.00002    0.00101    0.00104    0.00013    0.00203     12633
   ITS     RHO        RHO*U      RHO*V       RHO*W      RHO*E      NODE#
 16810    0.00001    0.00138    0.00120    0.00014    0.00211     16818
 16820    0.00001    0.00108    0.00097    0.00008    0.00158    190833
 16830    0.00003    0.00058    0.00049    0.00006    0.00209    190815
 16840    0.00002    0.00095    0.00085    0.00009    0.00161    190152
 16850    0.00002    0.00075    0.00063    0.00006    0.00158    191496
 16860    0.00002    0.00072    0.00061    0.00006    0.00167    191036
 16870    0.00003    0.00113    0.00109    0.00011    0.00206    191699
 16880    0.00001    0.00078    0.00081    0.00011    0.00138    190170
 16890    0.00002    0.00131    0.00128    0.00012    0.00246     13470
 16900    0.00002    0.00128    0.00142    0.00017    0.00267    190408
   ITS     RHO        RHO*U      RHO*V       RHO*W      RHO*E      NODE#
 16910    0.00001    0.00049    0.00042    0.00006    0.00107    190152
 16920    0.00003    0.00118    0.00111    0.00013    0.00205     16818
 16930    0.00002    0.00127    0.00143    0.00017    0.00271     11796
 16940    0.00002    0.00057    0.00047    0.00006    0.00188    191257
 16950    0.00001    0.00110    0.00108    0.00011    0.00185    190629
 16960    0.00001    0.00078    0.00081    0.00011    0.00139    190170
 16970    0.00002    0.00108    0.00102    0.00009    0.00185     13470
 16980    0.00002    0.00090    0.00073    0.00007    0.00130    123356
 16990    0.00002    0.00055    0.00046    0.00006    0.00156    190594
 IT= 17000 CPU=   1852.15(SEC)  OVERALL TIME=   1852.18(SEC)  CPUeff=    100.00%  ITS/HR=    33042.
 17000    0.00003    0.00056    0.00048    0.00006    0.00212    190373
   ITS     RHO        RHO*U      RHO*V       RHO*W      RHO*E      NODE#
 17010    0.00002    0.00123    0.00124    0.00016    0.00242    190629
 17020    0.00002    0.00113    0.00128    0.00015    0.00246     11796
 17030    0.00001    0.00041    0.00039    0.00006    0.00110    189931
 17040    0.00003    0.00058    0.00046    0.00006    0.00210    190594
 17050    0.00001    0.00048    0.00040    0.00005    0.00109    190152
 17060    0.00002    0.00055    0.00048    0.00006    0.00152    190594
 17070    0.00003    0.00140    0.00120    0.00012    0.00223    190373
 17080    0.00003    0.00065    0.00048    0.00005    0.00216    191699
 17090    0.00002    0.00051    0.00043    0.00006    0.00115    190152
 17100    0.00002    0.00055    0.00046    0.00005    0.00181    190594
   ITS     RHO        RHO*U      RHO*V       RHO*W      RHO*E      NODE#
 17110    0.00001    0.00145    0.00123    0.00013    0.00214     16818
 17120    0.00002    0.00131    0.00106    0.00011    0.00184    191717
 17130    0.00002    0.00106    0.00121    0.00014    0.00240     11796
 17140    0.00002    0.00064    0.00054    0.00006    0.00135    191496
 17150    0.00002    0.00081    0.00070    0.00007    0.00187    190594
 17160    0.00001    0.00074    0.00076    0.00010    0.00131    190170
 17170    0.00002    0.00118    0.00115    0.00011    0.00190    190629
 17180    0.00001    0.00083    0.00083    0.00011    0.00139    190170
 17190    0.00001    0.00109    0.00101    0.00010    0.00174    190612
 IT= 17200 CPU=   1874.33(SEC)  OVERALL TIME=   1874.35(SEC)  CPUeff=    100.00%  ITS/HR=    33035.
 17200    0.00003    0.00111    0.00107    0.00010    0.00194    191699
   ITS     RHO        RHO*U      RHO*V       RHO*W      RHO*E      NODE#
 17210    0.00003    0.00065    0.00046    0.00005    0.00234    190594
 17220    0.00003    0.00080    0.00065    0.00007    0.00192    191699
 17230    0.00001    0.00042    0.00039    0.00006    0.00108    189931
 17240    0.00002    0.00057    0.00047    0.00006    0.00188    190594
 17250    0.00002    0.00039    0.00041    0.00005    0.00118    190152
 17260    0.00003    0.00056    0.00047    0.00005    0.00246    190815
 17270    0.00002    0.00127    0.00102    0.00011    0.00172    191717
 17280    0.00001    0.00082    0.00095    0.00013    0.00155    190187
 17290    0.00002    0.00119    0.00116    0.00011    0.00187    190629
 17300    0.00002    0.00132    0.00111    0.00012    0.00220     12633
   ITS     RHO        RHO*U      RHO*V       RHO*W      RHO*E      NODE#
 17310    0.00002    0.00092    0.00082    0.00011    0.00142    190170
 17320    0.00002    0.00140    0.00119    0.00013    0.00190     12633
 17330    0.00003    0.00080    0.00084    0.00011    0.00203    191700
 17340    0.00002    0.00081    0.00085    0.00011    0.00179    191717
 17350    0.00002    0.00051    0.00038    0.00005    0.00187    190815
 17360    0.00003    0.00066    0.00047    0.00005    0.00194    191700
 17370    0.00003    0.00067    0.00047    0.00005    0.00225    191699
 17380    0.00002    0.00109    0.00092    0.00009    0.00151    191036
 17390    0.00002    0.00126    0.00102    0.00015    0.00184    129935
 IT= 17400 CPU=   1896.04(SEC)  OVERALL TIME=   1896.06(SEC)  CPUeff=    100.00%  ITS/HR=    33037.
 17400    0.00002    0.00053    0.00045    0.00005    0.00138    191036
   ITS     RHO        RHO*U      RHO*V       RHO*W      RHO*E      NODE#
 17410    0.00002    0.00062    0.00047    0.00006    0.00174    191700
 17420    0.00002    0.00061    0.00050    0.00006    0.00159    190815
 17430    0.00003    0.00063    0.00054    0.00006    0.00263    190594
 17440    0.00001    0.00113    0.00086    0.00012    0.00144    125549
 17450    0.00002    0.00104    0.00103    0.00009    0.00173    190850
 17460    0.00001    0.00122    0.00112    0.00015    0.00186     16818
 17470    0.00002    0.00141    0.00135    0.00013    0.00250     16818
 17480    0.00001    0.00123    0.00121    0.00012    0.00211    190629
 17490    0.00001    0.00089    0.00082    0.00011    0.00139    190170
 17500    0.00004    0.00070    0.00048    0.00005    0.00293    191478
   ITS     RHO        RHO*U      RHO*V       RHO*W      RHO*E      NODE#
 17510    0.00004    0.00055    0.00038    0.00004    0.00264    191036
 17520    0.00002    0.00101    0.00089    0.00009    0.00148    190152
 17530    0.00001    0.00113    0.00114    0.00011    0.00211    190629
 17540    0.00001    0.00046    0.00040    0.00005    0.00082    191292
 17550    0.00001    0.00098    0.00087    0.00008    0.00171    191496
 17560    0.00001    0.00027    0.00023    0.00004    0.00111    191699
 17570    0.00002    0.00103    0.00085    0.00009    0.00149    123356
 17580    0.00002    0.00127    0.00102    0.00016    0.00194    129935
 17590    0.00002    0.00134    0.00112    0.00014    0.00198     16818
 IT= 17600 CPU=   1917.76(SEC)  OVERALL TIME=   1917.79(SEC)  CPUeff=    100.00%  ITS/HR=    33038.
 17600    0.00001    0.00072    0.00059    0.00006    0.00115    191036
   ITS     RHO        RHO*U      RHO*V       RHO*W      RHO*E      NODE#
 17610    0.00002    0.00056    0.00049    0.00005    0.00187    190594
 17620    0.00002    0.00118    0.00098    0.00010    0.00170    123356
 17630    0.00002    0.00081    0.00086    0.00011    0.00149    190170
 17640    0.00002    0.00047    0.00043    0.00004    0.00169    190815
 17650    0.00002    0.00062    0.00047    0.00005    0.00189    191699
 17660    0.00002    0.00055    0.00048    0.00006    0.00188    190594
 17670    0.00003    0.00065    0.00048    0.00006    0.00244    191699
 17680    0.00003    0.00073    0.00078    0.00011    0.00208    191699
 17690    0.00001    0.00049    0.00042    0.00005    0.00069    190407
 17700    0.00001    0.00105    0.00086    0.00011    0.00147    125549
   ITS     RHO        RHO*U      RHO*V       RHO*W      RHO*E      NODE#
 17710    0.00002    0.00120    0.00115    0.00011    0.00183     12633
 17720    0.00001    0.00110    0.00116    0.00014    0.00209    190408
 17730    0.00002    0.00073    0.00067    0.00006    0.00148    191496
 17740    0.00002    0.00147    0.00144    0.00013    0.00275     16818
 17750    0.00002    0.00055    0.00044    0.00005    0.00178    190594
 17760    0.00002    0.00121    0.00105    0.00013    0.00176     13470
 17770    0.00001    0.00081    0.00079    0.00011    0.00129    190170
 17780    0.00003    0.00067    0.00047    0.00005    0.00235    191699
 17790    0.00001    0.00116    0.00099    0.00013    0.00164    190391
 IT= 17800 CPU=   1939.47(SEC)  OVERALL TIME=   1939.50(SEC)  CPUeff=    100.00%  ITS/HR=    33040.
 17800    0.00001    0.00129    0.00125    0.00009    0.00212     14307
   ITS     RHO        RHO*U      RHO*V       RHO*W      RHO*E      NODE#
 17810    0.00003    0.00056    0.00041    0.00006    0.00232    191257
 17820    0.00002    0.00055    0.00047    0.00006    0.00171    190594
 17830    0.00001    0.00041    0.00042    0.00005    0.00112    190152
 17840    0.00003    0.00080    0.00086    0.00012    0.00242    191699
 17850    0.00002    0.00117    0.00114    0.00011    0.00190     12633
 17860    0.00001    0.00102    0.00107    0.00012    0.00176    190408
 17870    0.00002    0.00108    0.00104    0.00010    0.00154    190629
 17880    0.00002    0.00125    0.00100    0.00012    0.00179     15981
 17890    0.00001    0.00106    0.00102    0.00010    0.00162     12633
 17900    0.00003    0.00079    0.00083    0.00011    0.00203    191700
   ITS     RHO        RHO*U      RHO*V       RHO*W      RHO*E      NODE#
 17910    0.00002    0.00126    0.00130    0.00012    0.00245     13470
 17920    0.00001    0.00078    0.00083    0.00011    0.00144    190170
 17930    0.00001    0.00143    0.00118    0.00013    0.00173     16818
 17940    0.00002    0.00156    0.00190    0.00013    0.00330     16818
 17950    0.00002    0.00117    0.00096    0.00011    0.00180     15981
 17960    0.00003    0.00058    0.00048    0.00006    0.00226    190815
 17970    0.00002    0.00088    0.00076    0.00007    0.00130    190152
 17980    0.00002    0.00108    0.00083    0.00012    0.00172    190594
 17990    0.00001    0.00138    0.00116    0.00013    0.00211     16818
 IT= 18000 CPU=   1961.18(SEC)  OVERALL TIME=   1961.21(SEC)  CPUeff=    100.00%  ITS/HR=    33041.
 18000    0.00003    0.00078    0.00082    0.00011    0.00202    191699
   ITS     RHO        RHO*U      RHO*V       RHO*W      RHO*E      NODE#
 18010    0.00001    0.00047    0.00046    0.00005    0.00086    190629
 18020    0.00001    0.00111    0.00101    0.00012    0.00150    190170
 18030    0.00002    0.00124    0.00122    0.00012    0.00210    190629
 18040    0.00003    0.00135    0.00115    0.00013    0.00262    191036
 18050    0.00002    0.00065    0.00047    0.00005    0.00189    190594
 18060    0.00001    0.00041    0.00041    0.00006    0.00109    190152
 18070    0.00003    0.00042    0.00037    0.00006    0.00189    190152
 18080    0.00002    0.00061    0.00047    0.00006    0.00182    191699
 18090    0.00002    0.00094    0.00078    0.00007    0.00170    191496
 18100    0.00002    0.00053    0.00046    0.00006    0.00172    190594
   ITS     RHO        RHO*U      RHO*V       RHO*W      RHO*E      NODE#
 18110    0.00002    0.00111    0.00130    0.00014    0.00252     11796
 18120    0.00001    0.00078    0.00080    0.00010    0.00141    190170
 18130    0.00002    0.00142    0.00163    0.00011    0.00298     16818
 18140    0.00004    0.00077    0.00082    0.00011    0.00278    191478
 18150    0.00002    0.00111    0.00098    0.00008    0.00161    190833
 18160    0.00003    0.00070    0.00077    0.00011    0.00243    190594
 18170    0.00004    0.00082    0.00094    0.00013    0.00316    191257
 18180    0.00003    0.00067    0.00045    0.00005    0.00260    191699
 18190    0.00002    0.00063    0.00047    0.00006    0.00176    191699
 IT= 18200 CPU=   1983.36(SEC)  OVERALL TIME=   1983.38(SEC)  CPUeff=    100.00%  ITS/HR=    33034.
 18200    0.00001    0.00096    0.00089    0.00008    0.00138    190833
   ITS     RHO        RHO*U      RHO*V       RHO*W      RHO*E      NODE#
 18210    0.00001    0.00083    0.00077    0.00010    0.00137    190170
 18220    0.00002    0.00050    0.00041    0.00004    0.00164    190815
 18230    0.00003    0.00069    0.00062    0.00009    0.00192    191699
 18240    0.00002    0.00049    0.00041    0.00006    0.00113    190152
 18250    0.00002    0.00131    0.00108    0.00011    0.00174     13470
 18260    0.00002    0.00101    0.00091    0.00013    0.00157    191717
 18270    0.00002    0.00128    0.00102    0.00015    0.00179    127742
 18280    0.00002    0.00120    0.00098    0.00013    0.00170     16818
 18290    0.00002    0.00118    0.00123    0.00012    0.00242     12633
 18300    0.00001    0.00078    0.00082    0.00011    0.00139    190170
   ITS     RHO        RHO*U      RHO*V       RHO*W      RHO*E      NODE#
 18310    0.00002    0.00124    0.00119    0.00012    0.00205     12633
 18320    0.00001    0.00043    0.00037    0.00004    0.00102    191734
 18330    0.00002    0.00087    0.00071    0.00007    0.00142    191496
 18340    0.00002    0.00143    0.00124    0.00016    0.00228     15981
 18350    0.00002    0.00113    0.00109    0.00011    0.00182    191479
 18360    0.00002    0.00110    0.00125    0.00014    0.00241     11796
 18370    0.00003    0.00055    0.00046    0.00006    0.00244    190815
 18380    0.00003    0.00057    0.00049    0.00006    0.00198    190373
 18390    0.00003    0.00067    0.00049    0.00005    0.00227    191478
 IT= 18400 CPU=   2005.07(SEC)  OVERALL TIME=   2005.10(SEC)  CPUeff=    100.00%  ITS/HR=    33036.
 18400    0.00002    0.00079    0.00063    0.00007    0.00128    191036
   ITS     RHO        RHO*U      RHO*V       RHO*W      RHO*E      NODE#
 18410    0.00002    0.00119    0.00096    0.00012    0.00182    190373
 18420    0.00002    0.00042    0.00034    0.00004    0.00138    190373
 18430    0.00003    0.00106    0.00121    0.00015    0.00244     11796
 18440    0.00002    0.00117    0.00111    0.00011    0.00165     12633
 18450    0.00003    0.00064    0.00048    0.00005    0.00196    191699
 18460    0.00002    0.00123    0.00120    0.00012    0.00189    190629
 18470    0.00002    0.00109    0.00084    0.00012    0.00152    125549
 18480    0.00003    0.00061    0.00043    0.00005    0.00207    191699
 18490    0.00002    0.00073    0.00063    0.00007    0.00124    190594
 18500    0.00001    0.00049    0.00043    0.00004    0.00099    190152
   ITS     RHO        RHO*U      RHO*V       RHO*W      RHO*E      NODE#
 18510    0.00002    0.00075    0.00060    0.00006    0.00131    190152
 18520    0.00002    0.00063    0.00048    0.00006    0.00185    191699
 18530    0.00001    0.00120    0.00099    0.00007    0.00171     15981
 18540    0.00001    0.00060    0.00055    0.00005    0.00118    191717
 18550    0.00001    0.00137    0.00115    0.00013    0.00179     16818
 18560    0.00003    0.00063    0.00046    0.00006    0.00207    191478
 18570    0.00002    0.00108    0.00108    0.00011    0.00197    190629
 18580    0.00002    0.00115    0.00109    0.00011    0.00166     12633
 18590    0.00001    0.00093    0.00080    0.00008    0.00129    191054
 IT= 18600 CPU=   2026.79(SEC)  OVERALL TIME=   2026.81(SEC)  CPUeff=    100.00%  ITS/HR=    33037.
 18600    0.00001    0.00034    0.00036    0.00005    0.00114    191513
   ITS     RHO        RHO*U      RHO*V       RHO*W      RHO*E      NODE#
 18610    0.00002    0.00128    0.00117    0.00015    0.00215     16818
 18620    0.00002    0.00111    0.00113    0.00012    0.00216     12633
 18630    0.00002    0.00115    0.00131    0.00014    0.00251     11796
 18640    0.00003    0.00102    0.00086    0.00009    0.00219    190594
 18650    0.00003    0.00065    0.00049    0.00005    0.00235    191699
 18660    0.00002    0.00077    0.00080    0.00011    0.00171    191699
 18670    0.00001    0.00059    0.00047    0.00005    0.00096    121163
 18680    0.00002    0.00110    0.00096    0.00008    0.00163    190833
 18690    0.00001    0.00079    0.00088    0.00012    0.00143    190170
 18700    0.00001    0.00050    0.00046    0.00006    0.00111    191699
   ITS     RHO        RHO*U      RHO*V       RHO*W      RHO*E      NODE#
 18710    0.00002    0.00111    0.00091    0.00012    0.00147    129935
 18720    0.00001    0.00113    0.00087    0.00012    0.00150    125549
 18730    0.00002    0.00059    0.00044    0.00005    0.00170    191699
 18740    0.00002    0.00058    0.00046    0.00006    0.00163    190152
 18750    0.00003    0.00059    0.00046    0.00005    0.00190    191699
 18760    0.00001    0.00101    0.00095    0.00011    0.00142    190170
 18770    0.00001    0.00080    0.00075    0.00007    0.00141    191717
 18780    0.00002    0.00044    0.00040    0.00005    0.00130    191036
 18790    0.00002    0.00104    0.00098    0.00009    0.00179     13470
 IT= 18800 CPU=   2048.51(SEC)  OVERALL TIME=   2048.53(SEC)  CPUeff=    100.00%  ITS/HR=    33038.
 18800    0.00001    0.00074    0.00077    0.00011    0.00134    190170
   ITS     RHO        RHO*U      RHO*V       RHO*W      RHO*E      NODE#
 18810    0.00002    0.00114    0.00087    0.00012    0.00175    190152
 18820    0.00003    0.00068    0.00048    0.00005    0.00221    191700
 18830    0.00001    0.00130    0.00112    0.00011    0.00187     16818
 18840    0.00002    0.00116    0.00110    0.00011    0.00174    191478
 18850    0.00002    0.00087    0.00073    0.00008    0.00138    191275
 18860    0.00002    0.00079    0.00088    0.00013    0.00145     10959
 18870    0.00002    0.00118    0.00115    0.00011    0.00188     12633
 18880    0.00002    0.00058    0.00051    0.00006    0.00184    190594
 18890    0.00001    0.00114    0.00114    0.00013    0.00207    190629
 18900    0.00002    0.00121    0.00120    0.00012    0.00209    190629
   ITS     RHO        RHO*U      RHO*V       RHO*W      RHO*E      NODE#
 18910    0.00002    0.00114    0.00108    0.00011    0.00162     12633
 18920    0.00002    0.00140    0.00116    0.00013    0.00196     16818
 18930    0.00001    0.00079    0.00082    0.00011    0.00140    190170
 18940    0.00002    0.00079    0.00085    0.00011    0.00144    190170
 18950    0.00003    0.00051    0.00045    0.00005    0.00201    191036
 18960    0.00002    0.00135    0.00108    0.00012    0.00167    127742
 18970    0.00002    0.00117    0.00115    0.00011    0.00185     12633
 18980    0.00002    0.00140    0.00125    0.00017    0.00240     11796
 18990    0.00001    0.00122    0.00121    0.00013    0.00221     16818
 IT= 19000 CPU=   2070.22(SEC)  OVERALL TIME=   2070.24(SEC)  CPUeff=    100.00%  ITS/HR=    33040.
 19000    0.00003    0.00078    0.00083    0.00011    0.00249    191699
   ITS     RHO        RHO*U      RHO*V       RHO*W      RHO*E      NODE#
 19010    0.00002    0.00146    0.00139    0.00012    0.00263     16818
 19020    0.00001    0.00122    0.00125    0.00013    0.00226     16818
 19030    0.00002    0.00129    0.00128    0.00012    0.00244     13470
 19040    0.00002    0.00080    0.00085    0.00011    0.00148    190170
 19050    0.00002    0.00055    0.00039    0.00004    0.00162    191257
 19060    0.00002    0.00076    0.00081    0.00011    0.00139    190170
 19070    0.00001    0.00082    0.00090    0.00012    0.00145    190170
 19080    0.00002    0.00113    0.00117    0.00012    0.00227     12633
 19090    0.00002    0.00079    0.00083    0.00011    0.00168    191700
 19100    0.00002    0.00119    0.00117    0.00012    0.00228     12633
   ITS     RHO        RHO*U      RHO*V       RHO*W      RHO*E      NODE#
 19110    0.00003    0.00113    0.00121    0.00015    0.00238    190408
 19120    0.00001    0.00041    0.00036    0.00004    0.00106    190594
 19130    0.00002    0.00148    0.00165    0.00012    0.00296     16818
 19140    0.00004    0.00068    0.00046    0.00005    0.00274    191257
 19150    0.00003    0.00112    0.00112    0.00011    0.00202    190629
 19160    0.00001    0.00107    0.00096    0.00013    0.00152     15144
 19170    0.00002    0.00117    0.00124    0.00012    0.00245     12633
 19180    0.00002    0.00122    0.00128    0.00015    0.00245     11796
 19190    0.00002    0.00096    0.00086    0.00009    0.00188    191699
 IT= 19200 CPU=   2092.35(SEC)  OVERALL TIME=   2092.37(SEC)  CPUeff=    100.00%  ITS/HR=    33034.
 19200    0.00002    0.00119    0.00099    0.00012    0.00158     16818
   ITS     RHO        RHO*U      RHO*V       RHO*W      RHO*E      NODE#
 19210    0.00003    0.00065    0.00048    0.00005    0.00195    191700
 19220    0.00001    0.00134    0.00114    0.00016    0.00197     16818
 19230    0.00002    0.00045    0.00041    0.00006    0.00182    190152
 19240    0.00002    0.00055    0.00046    0.00005    0.00172    190594
 19250    0.00002    0.00117    0.00093    0.00010    0.00161    191275
 19260    0.00003    0.00066    0.00057    0.00007    0.00188    190594
 19270    0.00003    0.00133    0.00110    0.00015    0.00205    190594
 19280    0.00002    0.00104    0.00099    0.00009    0.00176     13470
 19290    0.00004    0.00059    0.00047    0.00006    0.00266    191036
 19300    0.00001    0.00134    0.00111    0.00012    0.00179    191717
   ITS     RHO        RHO*U      RHO*V       RHO*W      RHO*E      NODE#
 19310    0.00001    0.00078    0.00080    0.00010    0.00134    190170
 19320    0.00002    0.00122    0.00118    0.00012    0.00192     12633
 19330    0.00001    0.00077    0.00081    0.00011    0.00136    190170
 19340    0.00001    0.00103    0.00087    0.00009    0.00151    123356
 19350    0.00002    0.00121    0.00098    0.00015    0.00178    129935
 19360    0.00002    0.00127    0.00102    0.00016    0.00183    129935
 19370    0.00002    0.00056    0.00048    0.00006    0.00175    190373
 19380    0.00002    0.00054    0.00045    0.00005    0.00154    190594
 19390    0.00004    0.00071    0.00048    0.00006    0.00286    191478
 IT= 19400 CPU=   2114.06(SEC)  OVERALL TIME=   2114.08(SEC)  CPUeff=    100.00%  ITS/HR=    33036.
 19400    0.00003    0.00113    0.00111    0.00012    0.00212     12633
   ITS     RHO        RHO*U      RHO*V       RHO*W      RHO*E      NODE#
 19410    0.00001    0.00078    0.00082    0.00011    0.00135    190170
 19420    0.00001    0.00120    0.00115    0.00011    0.00178    190629
 19430    0.00001    0.00079    0.00083    0.00011    0.00139    190170
 19440    0.00002    0.00142    0.00118    0.00013    0.00182     16818
 19450    0.00002    0.00114    0.00108    0.00011    0.00151     12633
 19460    0.00002    0.00049    0.00042    0.00006    0.00171    190152
 19470    0.00002    0.00112    0.00087    0.00012    0.00182    190594
 19480    0.00003    0.00057    0.00044    0.00005    0.00214    190594
 19490    0.00002    0.00060    0.00047    0.00006    0.00167    190594
 19500    0.00003    0.00070    0.00049    0.00006    0.00242    191478
   ITS     RHO        RHO*U      RHO*V       RHO*W      RHO*E      NODE#
 19510    0.00002    0.00132    0.00110    0.00016    0.00192    129935
 19520    0.00002    0.00105    0.00099    0.00009    0.00154    190850
 19530    0.00001    0.00139    0.00119    0.00012    0.00186     16818
 19540    0.00003    0.00067    0.00047    0.00005    0.00241    191699
 19550    0.00002    0.00138    0.00115    0.00013    0.00167    191717
 19560    0.00001    0.00042    0.00036    0.00005    0.00086    191734
 19570    0.00002    0.00120    0.00103    0.00011    0.00193     15981
 19580    0.00002    0.00144    0.00142    0.00013    0.00260     16818
 19590    0.00002    0.00123    0.00100    0.00014    0.00177     16818
 IT= 19600 CPU=   2135.77(SEC)  OVERALL TIME=   2135.79(SEC)  CPUeff=    100.00%  ITS/HR=    33037.
 19600    0.00003    0.00110    0.00107    0.00011    0.00203    191257
   ITS     RHO        RHO*U      RHO*V       RHO*W      RHO*E      NODE#
 19610    0.00002    0.00102    0.00089    0.00009    0.00188    190373
 19620    0.00002    0.00111    0.00089    0.00013    0.00171    190815
 19630    0.00001    0.00076    0.00081    0.00011    0.00137    190170
 19640    0.00001    0.00097    0.00082    0.00007    0.00140    121163
 19650    0.00002    0.00075    0.00066    0.00006    0.00160    191496
 19660    0.00002    0.00054    0.00049    0.00006    0.00156    190594
 19670    0.00002    0.00128    0.00142    0.00017    0.00270     11796
 19680    0.00002    0.00102    0.00095    0.00009    0.00153    191699
 19690    0.00002    0.00129    0.00105    0.00016    0.00185    129935
 19700    0.00002    0.00076    0.00077    0.00010    0.00140    190170
   ITS     RHO        RHO*U      RHO*V       RHO*W      RHO*E      NODE#
 19710    0.00002    0.00043    0.00040    0.00006    0.00150    190152
 19720    0.00003    0.00057    0.00044    0.00005    0.00188    190594
 19730    0.00002    0.00054    0.00045    0.00005    0.00162    190594
 19740    0.00002    0.00130    0.00107    0.00014    0.00184     16818
 19750    0.00002    0.00089    0.00073    0.00007    0.00144    191036
 19760    0.00003    0.00080    0.00084    0.00011    0.00240    191699
 19770    0.00002    0.00111    0.00101    0.00009    0.00212    191717
 19780    0.00003    0.00098    0.00091    0.00011    0.00246    190815
 19790    0.00003    0.00054    0.00047    0.00006    0.00239    191036
 IT= 19800 CPU=   2157.48(SEC)  OVERALL TIME=   2157.50(SEC)  CPUeff=    100.00%  ITS/HR=    33038.
 19800    0.00002    0.00130    0.00110    0.00011    0.00205     16818
   ITS     RHO        RHO*U      RHO*V       RHO*W      RHO*E      NODE#
 19810    0.00002    0.00039    0.00036    0.00006    0.00118    190152
 19820    0.00001    0.00050    0.00042    0.00004    0.00083    191717
 19830    0.00001    0.00069    0.00065    0.00007    0.00133    191717
 19840    0.00002    0.00113    0.00096    0.00007    0.00176    191496
 19850    0.00001    0.00116    0.00105    0.00013    0.00179    191717
 19860    0.00002    0.00131    0.00115    0.00016    0.00208     16818
 19870    0.00002    0.00108    0.00097    0.00011    0.00199    191717
 19880    0.00002    0.00106    0.00098    0.00009    0.00148    190833
 19890    0.00001    0.00125    0.00114    0.00011    0.00170     15144
 19900    0.00003    0.00056    0.00041    0.00004    0.00214    191257
   ITS     RHO        RHO*U      RHO*V       RHO*W      RHO*E      NODE#
 19910    0.00002    0.00062    0.00046    0.00005    0.00182    191699
 19920    0.00001    0.00075    0.00061    0.00007    0.00117    125549
 19930    0.00001    0.00073    0.00066    0.00007    0.00110    190612
 19940    0.00002    0.00143    0.00115    0.00012    0.00197     15144
 19950    0.00003    0.00061    0.00046    0.00005    0.00188    191699
 19960    0.00002    0.00087    0.00073    0.00006    0.00184    191478
 19970    0.00002    0.00118    0.00111    0.00011    0.00172     12633
 19980    0.00002    0.00041    0.00036    0.00004    0.00141    190594
 19990    0.00003    0.00118    0.00102    0.00011    0.00192    190594
 IT= 20000 CPU=   2179.20(SEC)  OVERALL TIME=   2179.22(SEC)  CPUeff=    100.00%  ITS/HR=    33039.
 20000    0.00003    0.00053    0.00040    0.00004    0.00189    191036
   ITS     RHO        RHO*U      RHO*V       RHO*W      RHO*E      NODE#
 20010    0.00002    0.00097    0.00088    0.00007    0.00209    191717
 20020    0.00001    0.00074    0.00077    0.00011    0.00140    190170
 20030    0.00002    0.00043    0.00038    0.00006    0.00146    190152
 20040    0.00002    0.00047    0.00044    0.00006    0.00157    191036
 20050    0.00001    0.00046    0.00041    0.00005    0.00103    190594
 20060    0.00001    0.00121    0.00096    0.00011    0.00155    125549
 20070    0.00002    0.00098    0.00086    0.00007    0.00140    191054
 20080    0.00002    0.00039    0.00039    0.00006    0.00118    189931
 20090    0.00002    0.00103    0.00087    0.00008    0.00144    123356
 20100    0.00004    0.00132    0.00111    0.00016    0.00269    190373
   ITS     RHO        RHO*U      RHO*V       RHO*W      RHO*E      NODE#
 20110    0.00001    0.00047    0.00042    0.00004    0.00074    118970
 20120    0.00002    0.00132    0.00108    0.00012    0.00180     16818
 20130    0.00001    0.00047    0.00043    0.00005    0.00076     16818
 20140    0.00002    0.00115    0.00094    0.00013    0.00158    129935
 20150    0.00001    0.00112    0.00086    0.00010    0.00148    125549
 20160    0.00003    0.00059    0.00046    0.00005    0.00200    191699
 20170    0.00004    0.00070    0.00050    0.00007    0.00295    190594
 20180    0.00004    0.00058    0.00048    0.00006    0.00272    190373
 20190    0.00001    0.00079    0.00082    0.00011    0.00142    190170
 IT= 20200 CPU=   2201.36(SEC)  OVERALL TIME=   2201.38(SEC)  CPUeff=    100.00%  ITS/HR=    33034.
 20200    0.00003    0.00059    0.00048    0.00006    0.00255    190373
   ITS     RHO        RHO*U      RHO*V       RHO*W      RHO*E      NODE#
 20210    0.00002    0.00063    0.00055    0.00006    0.00165    190594
 20220    0.00002    0.00106    0.00086    0.00007    0.00155    121163
 20230    0.00002    0.00040    0.00039    0.00006    0.00122    189931
 20240    0.00001    0.00082    0.00072    0.00008    0.00126    191275
 20250    0.00001    0.00077    0.00079    0.00010    0.00136    190170
 20260    0.00002    0.00120    0.00114    0.00016    0.00197     15981
 20270    0.00001    0.00091    0.00097    0.00014    0.00162    190187
 20280    0.00002    0.00072    0.00059    0.00006    0.00158    191699
 20290    0.00003    0.00140    0.00118    0.00013    0.00195    190594
 20300    0.00002    0.00150    0.00158    0.00013    0.00292     16818
   ITS     RHO        RHO*U      RHO*V       RHO*W      RHO*E      NODE#
 20310    0.00003    0.00061    0.00048    0.00006    0.00196    191257
 20320    0.00003    0.00069    0.00047    0.00005    0.00254    191478
 20330    0.00001    0.00137    0.00115    0.00017    0.00210    191513
 20340    0.00002    0.00047    0.00042    0.00004    0.00123    190373
 20350    0.00002    0.00117    0.00104    0.00013    0.00187    191717
 20360    0.00002    0.00114    0.00116    0.00012    0.00228     12633
 20370    0.00001    0.00077    0.00082    0.00011    0.00139    190170
 20380    0.00002    0.00123    0.00118    0.00012    0.00188     12633
 20390    0.00001    0.00069    0.00058    0.00005    0.00107    121163
 IT= 20400 CPU=   2223.06(SEC)  OVERALL TIME=   2223.09(SEC)  CPUeff=    100.00%  ITS/HR=    33035.
 20400    0.00002    0.00122    0.00106    0.00010    0.00172    191054
   ITS     RHO        RHO*U      RHO*V       RHO*W      RHO*E      NODE#
 20410    0.00004    0.00064    0.00048    0.00007    0.00294    190594
 20420    0.00002    0.00100    0.00089    0.00009    0.00167    190612
 20430    0.00001    0.00070    0.00059    0.00006    0.00098    123356
 20440    0.00003    0.00081    0.00085    0.00012    0.00202    191699
 20450    0.00002    0.00117    0.00107    0.00013    0.00179    190833
 20460    0.00001    0.00051    0.00053    0.00007    0.00098    191257
 20470    0.00002    0.00134    0.00112    0.00014    0.00204     16818
 20480    0.00002    0.00065    0.00049    0.00006    0.00180    191699
 20490    0.00003    0.00055    0.00046    0.00005    0.00207    190594
 20500    0.00001    0.00041    0.00041    0.00005    0.00113    191512
   ITS     RHO        RHO*U      RHO*V       RHO*W      RHO*E      NODE#
 20510    0.00002    0.00110    0.00109    0.00011    0.00191    190629
 20520    0.00002    0.00078    0.00066    0.00007    0.00136    191257
 20530    0.00002    0.00116    0.00114    0.00014    0.00205     15981
 20540    0.00003    0.00058    0.00043    0.00005    0.00209    190594
 20550    0.00001    0.00112    0.00112    0.00013    0.00202    190629
 20560    0.00001    0.00082    0.00095    0.00014    0.00157     10959
 20570    0.00001    0.00116    0.00111    0.00011    0.00170    190629
 20580    0.00001    0.00077    0.00080    0.00011    0.00137    190170
 20590    0.00003    0.00099    0.00093    0.00010    0.00225    190373
 IT= 20600 CPU=   2244.77(SEC)  OVERALL TIME=   2244.80(SEC)  CPUeff=    100.00%  ITS/HR=    33036.
 20600    0.00002    0.00095    0.00081    0.00009    0.00144    191275
   ITS     RHO        RHO*U      RHO*V       RHO*W      RHO*E      NODE#
 20610    0.00002    0.00118    0.00125    0.00015    0.00242     11796
 20620    0.00001    0.00050    0.00050    0.00006    0.00105    191478
 20630    0.00003    0.00080    0.00082    0.00011    0.00255    191257
 20640    0.00001    0.00109    0.00106    0.00009    0.00187    191071
 20650    0.00002    0.00123    0.00105    0.00015    0.00191     16818
 20660    0.00003    0.00052    0.00036    0.00005    0.00225    191036
 20670    0.00003    0.00082    0.00092    0.00013    0.00200    191699
 20680    0.00003    0.00055    0.00046    0.00006    0.00198    190815
 20690    0.00003    0.00056    0.00046    0.00005    0.00205    190594
 20700    0.00002    0.00057    0.00044    0.00006    0.00160    190152
   ITS     RHO        RHO*U      RHO*V       RHO*W      RHO*E      NODE#
 20710    0.00001    0.00117    0.00103    0.00011    0.00196     15981
 20720    0.00003    0.00052    0.00043    0.00006    0.00196    190815
 20730    0.00001    0.00039    0.00040    0.00006    0.00107    189931
 20740    0.00002    0.00133    0.00108    0.00011    0.00185    190594
 20750    0.00002    0.00048    0.00042    0.00006    0.00112    190152
 20760    0.00002    0.00055    0.00047    0.00006    0.00187    190594
 20770    0.00001    0.00071    0.00063    0.00007    0.00110    191275
 20780    0.00003    0.00073    0.00081    0.00011    0.00193    191699
 20790    0.00002    0.00107    0.00109    0.00013    0.00214     12633
 IT= 20800 CPU=   2266.49(SEC)  OVERALL TIME=   2266.51(SEC)  CPUeff=    100.00%  ITS/HR=    33038.
 20800    0.00001    0.00109    0.00105    0.00010    0.00160    190629
   ITS     RHO        RHO*U      RHO*V       RHO*W      RHO*E      NODE#
 20810    0.00001    0.00080    0.00083    0.00011    0.00136    190170
 20820    0.00002    0.00128    0.00127    0.00012    0.00249     13470
 20830    0.00002    0.00139    0.00138    0.00017    0.00263    190408
 20840    0.00002    0.00106    0.00119    0.00015    0.00232     11796
 20850    0.00002    0.00118    0.00110    0.00012    0.00214     12633
 20860    0.00001    0.00079    0.00082    0.00011    0.00133    190170
 20870    0.00003    0.00106    0.00100    0.00010    0.00215    191257
 20880    0.00002    0.00087    0.00083    0.00011    0.00147    190170
 20890    0.00001    0.00098    0.00093    0.00009    0.00153    190612
 20900    0.00003    0.00061    0.00047    0.00006    0.00195    191699
   ITS     RHO        RHO*U      RHO*V       RHO*W      RHO*E      NODE#
 20910    0.00002    0.00043    0.00038    0.00005    0.00117    190594
 20920    0.00002    0.00124    0.00124    0.00010    0.00231    190850
 20930    0.00001    0.00044    0.00039    0.00004    0.00057    129935
 20940    0.00002    0.00046    0.00044    0.00006    0.00146    190152
 20950    0.00003    0.00058    0.00047    0.00006    0.00190    190594
 20960    0.00002    0.00128    0.00106    0.00012    0.00189     16818
 20970    0.00003    0.00065    0.00047    0.00006    0.00202    191699
 20980    0.00003    0.00066    0.00048    0.00006    0.00227    191700
 20990    0.00002    0.00109    0.00092    0.00010    0.00145     14307
 IT= 21000 CPU=   2288.20(SEC)  OVERALL TIME=   2288.22(SEC)  CPUeff=    100.00%  ITS/HR=    33039.
 21000    0.00002    0.00103    0.00095    0.00009    0.00147     13470
   ITS     RHO        RHO*U      RHO*V       RHO*W      RHO*E      NODE#
 21010    0.00001    0.00111    0.00101    0.00010    0.00157    191292
 21020    0.00002    0.00145    0.00185    0.00011    0.00329     16818
 21030    0.00004    0.00061    0.00048    0.00006    0.00268    190594
 21040    0.00001    0.00138    0.00117    0.00013    0.00163    191734
 21050    0.00002    0.00087    0.00070    0.00007    0.00134    123356
 21060    0.00002    0.00102    0.00089    0.00007    0.00163    191257
 21070    0.00003    0.00059    0.00047    0.00006    0.00214    190594
 21080    0.00001    0.00076    0.00077    0.00010    0.00139    190170
 21090    0.00002    0.00121    0.00119    0.00011    0.00202     12633
 21100    0.00001    0.00078    0.00082    0.00011    0.00138    190170
   ITS     RHO        RHO*U      RHO*V       RHO*W      RHO*E      NODE#
 21110    0.00003    0.00057    0.00049    0.00006    0.00218    190373
 21120    0.00002    0.00115    0.00111    0.00011    0.00174     12633
 21130    0.00001    0.00115    0.00093    0.00013    0.00156    191496
 21140    0.00002    0.00040    0.00032    0.00004    0.00133    191036
 21150    0.00002    0.00068    0.00055    0.00006    0.00163    190594
 21160    0.00002    0.00038    0.00039    0.00006    0.00129    190815
 21170    0.00002    0.00129    0.00125    0.00016    0.00239    190408
 21180    0.00004    0.00065    0.00048    0.00005    0.00265    190815
 21190    0.00002    0.00106    0.00103    0.00009    0.00169    190850
 IT= 21200 CPU=   2310.55(SEC)  OVERALL TIME=   2310.57(SEC)  CPUeff=    100.00%  ITS/HR=    33031.
 21200    0.00002    0.00122    0.00103    0.00009    0.00192     15981
   ITS     RHO        RHO*U      RHO*V       RHO*W      RHO*E      NODE#
 21210    0.00003    0.00062    0.00045    0.00005    0.00192    191699
 21220    0.00001    0.00046    0.00041    0.00006    0.00092    189931
 21230    0.00004    0.00073    0.00047    0.00005    0.00309    191257
 21240    0.00001    0.00075    0.00080    0.00011    0.00146    190170
 21250    0.00002    0.00063    0.00047    0.00005    0.00185    191699
 21260    0.00001    0.00109    0.00106    0.00010    0.00172    190629
 21270    0.00002    0.00093    0.00080    0.00011    0.00140    191275
 21280    0.00003    0.00048    0.00037    0.00004    0.00203    191036
 21290    0.00002    0.00116    0.00113    0.00014    0.00202     15981
 21300    0.00002    0.00063    0.00048    0.00006    0.00169    190594
   ITS     RHO        RHO*U      RHO*V       RHO*W      RHO*E      NODE#
 21310    0.00004    0.00070    0.00077    0.00011    0.00301    191478
 21320    0.00003    0.00081    0.00090    0.00012    0.00199    191699
 21330    0.00002    0.00120    0.00118    0.00011    0.00200     12633
 21340    0.00001    0.00074    0.00078    0.00010    0.00135    190170
 21350    0.00002    0.00129    0.00118    0.00016    0.00204    127742
 21360    0.00001    0.00047    0.00039    0.00005    0.00092    191512
 21370    0.00001    0.00095    0.00094    0.00012    0.00146     11796
 21380    0.00002    0.00074    0.00080    0.00011    0.00174    190815
 21390    0.00002    0.00049    0.00038    0.00004    0.00149    190815
 IT= 21400 CPU=   2332.27(SEC)  OVERALL TIME=   2332.30(SEC)  CPUeff=    100.00%  ITS/HR=    33032.
 21400    0.00003    0.00066    0.00047    0.00006    0.00249    191699
   ITS     RHO        RHO*U      RHO*V       RHO*W      RHO*E      NODE#
 21410    0.00002    0.00111    0.00082    0.00012    0.00161    125549
 21420    0.00002    0.00134    0.00114    0.00014    0.00200     16818
 21430    0.00002    0.00125    0.00142    0.00016    0.00268     11796
 21440    0.00001    0.00043    0.00039    0.00006    0.00108    191036
 21450    0.00002    0.00060    0.00044    0.00005    0.00167    191699
 21460    0.00002    0.00039    0.00038    0.00006    0.00118    189931
 21470    0.00003    0.00059    0.00045    0.00005    0.00234    191257
 21480    0.00001    0.00038    0.00034    0.00004    0.00084    191700
 21490    0.00002    0.00137    0.00119    0.00013    0.00199     16818
 21500    0.00004    0.00062    0.00049    0.00006    0.00274    191257
   ITS     RHO        RHO*U      RHO*V       RHO*W      RHO*E      NODE#
 21510    0.00001    0.00112    0.00109    0.00011    0.00179    190629
 21520    0.00001    0.00099    0.00086    0.00011    0.00137    190170
 21530    0.00003    0.00104    0.00100    0.00010    0.00241    191257
 21540    0.00002    0.00045    0.00038    0.00004    0.00180    191036
 21550    0.00002    0.00139    0.00118    0.00012    0.00202     16818
 21560    0.00004    0.00070    0.00047    0.00005    0.00286    191478
 21570    0.00002    0.00054    0.00045    0.00005    0.00168    190594
 21580    0.00003    0.00056    0.00048    0.00006    0.00212    190373
 21590    0.00001    0.00143    0.00122    0.00013    0.00230     16818
 IT= 21600 CPU=   2354.00(SEC)  OVERALL TIME=   2354.02(SEC)  CPUeff=    100.00%  ITS/HR=    33033.
 21600    0.00004    0.00076    0.00081    0.00011    0.00308    191478
   ITS     RHO        RHO*U      RHO*V       RHO*W      RHO*E      NODE#
 21610    0.00001    0.00113    0.00115    0.00012    0.00222     12633
 21620    0.00003    0.00094    0.00104    0.00014    0.00195    191699
 21630    0.00003    0.00054    0.00040    0.00005    0.00217    191257
 21640    0.00002    0.00048    0.00038    0.00004    0.00167    190815
 21650    0.00001    0.00108    0.00106    0.00010    0.00168    190629
 21660    0.00001    0.00045    0.00042    0.00004    0.00080    191513
 21670    0.00002    0.00110    0.00103    0.00014    0.00201     11796
 21680    0.00002    0.00109    0.00107    0.00012    0.00190     12633
 21690    0.00001    0.00122    0.00106    0.00013    0.00159    191717
 21700    0.00002    0.00121    0.00119    0.00013    0.00197    190629
   ITS     RHO        RHO*U      RHO*V       RHO*W      RHO*E      NODE#
 21710    0.00001    0.00079    0.00083    0.00011    0.00139    190170
 21720    0.00002    0.00045    0.00043    0.00005    0.00120    191478
 21730    0.00003    0.00083    0.00074    0.00010    0.00253    191699
 21740    0.00002    0.00053    0.00048    0.00003    0.00133    191717
 21750    0.00002    0.00111    0.00105    0.00009    0.00185     13470
 21760    0.00001    0.00136    0.00118    0.00012    0.00207    191292
 21770    0.00003    0.00110    0.00108    0.00011    0.00219    191699
 21780    0.00001    0.00098    0.00083    0.00009    0.00133    123356
 21790    0.00002    0.00038    0.00040    0.00006    0.00145    190815
 IT= 21800 CPU=   2375.71(SEC)  OVERALL TIME=   2375.74(SEC)  CPUeff=    100.00%  ITS/HR=    33034.
 21800    0.00001    0.00126    0.00125    0.00013    0.00228    190629
   ITS     RHO        RHO*U      RHO*V       RHO*W      RHO*E      NODE#
 21810    0.00003    0.00100    0.00086    0.00009    0.00208    190594
 21820    0.00002    0.00092    0.00076    0.00008    0.00138    125549
 21830    0.00002    0.00054    0.00046    0.00006    0.00182    190594
 21840    0.00001    0.00119    0.00091    0.00011    0.00145    125549
 21850    0.00002    0.00111    0.00111    0.00011    0.00197    190629
 21860    0.00002    0.00116    0.00096    0.00013    0.00183     15981
 21870    0.00002    0.00047    0.00038    0.00004    0.00147    190815
 21880    0.00002    0.00113    0.00110    0.00011    0.00174     12633
 21890    0.00001    0.00133    0.00110    0.00016    0.00181    129935
 21900    0.00002    0.00066    0.00052    0.00005    0.00148    190594
   ITS     RHO        RHO*U      RHO*V       RHO*W      RHO*E      NODE#
 21910    0.00001    0.00073    0.00077    0.00011    0.00136    190170
 21920    0.00003    0.00130    0.00109    0.00011    0.00215    191036
 21930    0.00002    0.00138    0.00115    0.00015    0.00173     16818
 21940    0.00004    0.00077    0.00081    0.00011    0.00273    191478
 21950    0.00003    0.00066    0.00048    0.00006    0.00233    191478
 21960    0.00002    0.00106    0.00111    0.00012    0.00218     12633
 21970    0.00001    0.00037    0.00029    0.00004    0.00104    191699
 21980    0.00003    0.00098    0.00077    0.00009    0.00192    190373
 21990    0.00003    0.00075    0.00076    0.00010    0.00222    191036
 IT= 22000 CPU=   2397.44(SEC)  OVERALL TIME=   2397.46(SEC)  CPUeff=    100.00%  ITS/HR=    33035.
 22000    0.00002    0.00056    0.00053    0.00007    0.00151    191036
   ITS     RHO        RHO*U      RHO*V       RHO*W      RHO*E      NODE#
 22010    0.00001    0.00087    0.00073    0.00008    0.00129    191275
 22020    0.00003    0.00055    0.00044    0.00005    0.00190    190594
 22030    0.00001    0.00040    0.00040    0.00006    0.00112    190152
 22040    0.00002    0.00114    0.00111    0.00011    0.00179    190629
 22050    0.00001    0.00078    0.00080    0.00011    0.00139    190170
 22060    0.00003    0.00059    0.00051    0.00007    0.00227    190373
 22070    0.00002    0.00123    0.00122    0.00013    0.00223     16818
 22080    0.00002    0.00107    0.00117    0.00014    0.00226    190408
 22090    0.00002    0.00128    0.00105    0.00012    0.00184     16818
 22100    0.00002    0.00087    0.00073    0.00008    0.00134    190815
   ITS     RHO        RHO*U      RHO*V       RHO*W      RHO*E      NODE#
 22110    0.00001    0.00080    0.00065    0.00006    0.00117    123356
 22120    0.00003    0.00065    0.00046    0.00005    0.00219    191478
 22130    0.00002    0.00099    0.00097    0.00011    0.00172    191257
 22140    0.00001    0.00078    0.00082    0.00011    0.00146    190170
 22150    0.00001    0.00062    0.00055    0.00005    0.00129    191717
 22160    0.00001    0.00063    0.00048    0.00005    0.00111    118970
 22170    0.00001    0.00056    0.00048    0.00004    0.00149    191717
 22180    0.00002    0.00077    0.00061    0.00006    0.00155    191036
 22190    0.00002    0.00148    0.00148    0.00013    0.00275     16818
 IT= 22200 CPU=   2419.54(SEC)  OVERALL TIME=   2419.57(SEC)  CPUeff=    100.00%  ITS/HR=    33031.
 22200    0.00002    0.00142    0.00118    0.00013    0.00164    191734
   ITS     RHO        RHO*U      RHO*V       RHO*W      RHO*E      NODE#
 22210    0.00002    0.00142    0.00120    0.00013    0.00194     16818
 22220    0.00002    0.00079    0.00081    0.00011    0.00148    190170
 22230    0.00003    0.00072    0.00057    0.00006    0.00208    191700
 22240    0.00001    0.00047    0.00044    0.00005    0.00085    191036
 22250    0.00003    0.00059    0.00049    0.00007    0.00225    190815
 22260    0.00001    0.00123    0.00105    0.00013    0.00167    191717
 22270    0.00001    0.00076    0.00077    0.00010    0.00131    190170
 22280    0.00002    0.00125    0.00120    0.00012    0.00192     12633
 22290    0.00001    0.00074    0.00064    0.00007    0.00110    191275
 22300    0.00002    0.00108    0.00109    0.00011    0.00199    190629
   ITS     RHO        RHO*U      RHO*V       RHO*W      RHO*E      NODE#
 22310    0.00002    0.00038    0.00039    0.00006    0.00124    190152
 22320    0.00002    0.00055    0.00045    0.00006    0.00187    190594
 22330    0.00002    0.00055    0.00048    0.00005    0.00141    191512
 22340    0.00003    0.00122    0.00104    0.00011    0.00206    190594
 22350    0.00003    0.00081    0.00095    0.00013    0.00212    190815
 22360    0.00002    0.00145    0.00180    0.00011    0.00306     16818
 22370    0.00001    0.00049    0.00046    0.00006    0.00113    189931
 22380    0.00001    0.00047    0.00045    0.00005    0.00095     16818
 22390    0.00003    0.00056    0.00047    0.00005    0.00224    190815
 IT= 22400 CPU=   2441.26(SEC)  OVERALL TIME=   2441.29(SEC)  CPUeff=    100.00%  ITS/HR=    33032.
 22400    0.00001    0.00127    0.00107    0.00012    0.00161    129935
   ITS     RHO        RHO*U      RHO*V       RHO*W      RHO*E      NODE#
 22410    0.00003    0.00060    0.00056    0.00006    0.00197    190594
 22420    0.00001    0.00122    0.00100    0.00011    0.00162    191717
 22430    0.00002    0.00117    0.00104    0.00013    0.00159    191257
 22440    0.00001    0.00077    0.00080    0.00010    0.00139    190170
 22450    0.00002    0.00144    0.00127    0.00013    0.00242     16818
 22460    0.00004    0.00078    0.00082    0.00011    0.00291    191478
 22470    0.00003    0.00107    0.00102    0.00010    0.00244    191257
 22480    0.00002    0.00143    0.00170    0.00011    0.00291     16818
 22490    0.00002    0.00134    0.00110    0.00016    0.00203    129935
 22500    0.00001    0.00075    0.00079    0.00010    0.00134    190170
   ITS     RHO        RHO*U      RHO*V       RHO*W      RHO*E      NODE#
 22510    0.00002    0.00060    0.00053    0.00004    0.00148    191717
 22520    0.00001    0.00132    0.00119    0.00012    0.00192    191292
 22530    0.00003    0.00154    0.00188    0.00013    0.00327     16818
 22540    0.00002    0.00061    0.00045    0.00005    0.00180    191478
 22550    0.00002    0.00053    0.00048    0.00006    0.00156    190594
 22560    0.00002    0.00077    0.00062    0.00006    0.00127    191036
 22570    0.00002    0.00061    0.00059    0.00006    0.00160    191717
 22580    0.00003    0.00082    0.00093    0.00013    0.00205    191257
 22590    0.00002    0.00136    0.00111    0.00015    0.00198     16818
 IT= 22600 CPU=   2462.98(SEC)  OVERALL TIME=   2463.01(SEC)  CPUeff=    100.00%  ITS/HR=    33033.
 22600    0.00001    0.00098    0.00082    0.00011    0.00138    190170
   ITS     RHO        RHO*U      RHO*V       RHO*W      RHO*E      NODE#
 22610    0.00002    0.00063    0.00050    0.00006    0.00129    191478
 22620    0.00002    0.00151    0.00195    0.00015    0.00336     16818
 22630    0.00003    0.00073    0.00077    0.00010    0.00238    191700
 22640    0.00002    0.00153    0.00183    0.00013    0.00312     16818
 22650    0.00001    0.00130    0.00113    0.00012    0.00200     12633
 22660    0.00003    0.00082    0.00088    0.00012    0.00249    191699
 22670    0.00002    0.00077    0.00081    0.00011    0.00148    190170
 22680    0.00002    0.00118    0.00116    0.00012    0.00230     12633
 22690    0.00002    0.00121    0.00128    0.00015    0.00248    190408
 22700    0.00003    0.00058    0.00051    0.00007    0.00213    190594
   ITS     RHO        RHO*U      RHO*V       RHO*W      RHO*E      NODE#
 22710    0.00003    0.00059    0.00049    0.00007    0.00241    190373
 22720    0.00004    0.00061    0.00049    0.00007    0.00284    190594
 22730    0.00002    0.00109    0.00104    0.00010    0.00170    191496
 22740    0.00002    0.00121    0.00109    0.00010    0.00162    191292
 22750    0.00002    0.00110    0.00112    0.00013    0.00223     12633
 22760    0.00002    0.00053    0.00045    0.00006    0.00186    190594
 22770    0.00002    0.00128    0.00107    0.00010    0.00172     16818
 22780    0.00003    0.00132    0.00110    0.00016    0.00196    190594
 22790    0.00002    0.00083    0.00071    0.00006    0.00157    191257
 IT= 22800 CPU=   2484.70(SEC)  OVERALL TIME=   2484.72(SEC)  CPUeff=    100.00%  ITS/HR=    33034.
 22800    0.00003    0.00128    0.00130    0.00013    0.00247    190629
   ITS     RHO        RHO*U      RHO*V       RHO*W      RHO*E      NODE#
 22810    0.00002    0.00113    0.00101    0.00009    0.00174    190833
 22820    0.00002    0.00072    0.00065    0.00006    0.00190    190594
 22830    0.00002    0.00079    0.00068    0.00008    0.00154    190152
 22840    0.00003    0.00076    0.00066    0.00007    0.00196    190594
 22850    0.00002    0.00090    0.00093    0.00013    0.00146    190391
 22860    0.00001    0.00120    0.00122    0.00015    0.00233    190629
 22870    0.00003    0.00050    0.00039    0.00005    0.00207    190815
 22880    0.00003    0.00059    0.00049    0.00006    0.00228    190373
 22890    0.00002    0.00076    0.00076    0.00010    0.00180    191257
 22900    0.00001    0.00073    0.00078    0.00011    0.00132    190170
   ITS     RHO        RHO*U      RHO*V       RHO*W      RHO*E      NODE#
 22910    0.00001    0.00040    0.00040    0.00005    0.00089    191921
 22920    0.00003    0.00074    0.00079    0.00010    0.00252    191478
 22930    0.00003    0.00061    0.00042    0.00006    0.00253    191257
 22940    0.00002    0.00067    0.00072    0.00010    0.00179    190594
 22950    0.00003    0.00057    0.00045    0.00006    0.00250    190594
 22960    0.00003    0.00073    0.00063    0.00006    0.00240    191699
 22970    0.00003    0.00144    0.00140    0.00011    0.00245     16818
 22980    0.00002    0.00112    0.00095    0.00010    0.00148     14307
 22990    0.00001    0.00049    0.00042    0.00005    0.00106    190408
 IT= 23000 CPU=   2506.42(SEC)  OVERALL TIME=   2506.45(SEC)  CPUeff=    100.00%  ITS/HR=    33035.
 23000    0.00002    0.00080    0.00081    0.00011    0.00152    190170
   ITS     RHO        RHO*U      RHO*V       RHO*W      RHO*E      NODE#
 23010    0.00003    0.00116    0.00114    0.00011    0.00203    191700
 23020    0.00002    0.00079    0.00066    0.00006    0.00143    191478
 23030    0.00002    0.00062    0.00046    0.00006    0.00151    191700
 23040    0.00002    0.00125    0.00107    0.00010    0.00172    190833
 23050    0.00002    0.00117    0.00134    0.00015    0.00258     11796
 23060    0.00002    0.00053    0.00044    0.00005    0.00156    191257
 23070    0.00003    0.00066    0.00047    0.00005    0.00225    191478
 23080    0.00002    0.00154    0.00183    0.00014    0.00317     16818
 23090    0.00003    0.00061    0.00050    0.00007    0.00213    190594
 23100    0.00003    0.00067    0.00048    0.00004    0.00205    191700
   ITS     RHO        RHO*U      RHO*V       RHO*W      RHO*E      NODE#
 23110    0.00001    0.00110    0.00093    0.00010    0.00150     14307
 23120    0.00001    0.00106    0.00108    0.00012    0.00208    190629
 23130    0.00002    0.00083    0.00080    0.00011    0.00137    190170
 23140    0.00002    0.00067    0.00050    0.00006    0.00172    190152
 23150    0.00002    0.00042    0.00035    0.00003    0.00143    190373
 23160    0.00002    0.00052    0.00048    0.00006    0.00157    190152
 23170    0.00003    0.00057    0.00040    0.00004    0.00260    191036
 23180    0.00002    0.00036    0.00040    0.00006    0.00117    190815
 23190    0.00002    0.00117    0.00111    0.00011    0.00163     12633
 IT= 23200 CPU=   2528.50(SEC)  OVERALL TIME=   2528.53(SEC)  CPUeff=    100.00%  ITS/HR=    33031.
 23200    0.00001    0.00075    0.00079    0.00010    0.00134    190170
   ITS     RHO        RHO*U      RHO*V       RHO*W      RHO*E      NODE#
 23210    0.00002    0.00119    0.00118    0.00012    0.00236     12633
 23220    0.00002    0.00134    0.00153    0.00011    0.00274     16818
 23230    0.00002    0.00126    0.00118    0.00012    0.00183    123356
 23240    0.00003    0.00080    0.00084    0.00011    0.00237    191700
 23250    0.00001    0.00135    0.00122    0.00012    0.00225    190850
 23260    0.00002    0.00061    0.00046    0.00004    0.00177    191699
 23270    0.00002    0.00113    0.00113    0.00011    0.00187    190629
 23280    0.00001    0.00079    0.00081    0.00011    0.00135    190170
 23290    0.00003    0.00118    0.00116    0.00012    0.00231     12633
 23300    0.00004    0.00107    0.00124    0.00015    0.00266    191036
   ITS     RHO        RHO*U      RHO*V       RHO*W      RHO*E      NODE#
 23310    0.00003    0.00069    0.00052    0.00006    0.00242    191699
 23320    0.00002    0.00134    0.00106    0.00012    0.00180    190594
 23330    0.00003    0.00094    0.00078    0.00008    0.00220    190594
 23340    0.00001    0.00100    0.00087    0.00010    0.00140    190170
 23350    0.00002    0.00039    0.00040    0.00006    0.00154    190152
 23360    0.00001    0.00038    0.00037    0.00003    0.00074    191292
 23370    0.00002    0.00097    0.00082    0.00005    0.00204    191496
 23380    0.00002    0.00092    0.00079    0.00010    0.00141    190170
 23390    0.00002    0.00123    0.00123    0.00013    0.00233     12633
 IT= 23400 CPU=   2550.21(SEC)  OVERALL TIME=   2550.24(SEC)  CPUeff=    100.00%  ITS/HR=    33032.
 23400    0.00002    0.00111    0.00085    0.00011    0.00145    125549
   ITS     RHO        RHO*U      RHO*V       RHO*W      RHO*E      NODE#
 23410    0.00003    0.00056    0.00047    0.00006    0.00228    190594
 23420    0.00002    0.00141    0.00157    0.00016    0.00281     16818
 23430    0.00001    0.00105    0.00098    0.00008    0.00176     16818
 23440    0.00003    0.00054    0.00044    0.00006    0.00225    191036
 23450    0.00001    0.00047    0.00041    0.00006    0.00101    190152
 23460    0.00002    0.00097    0.00087    0.00009    0.00138     14307
 23470    0.00001    0.00102    0.00086    0.00009    0.00139    191275
 23480    0.00001    0.00037    0.00032    0.00003    0.00069    191921
 23490    0.00001    0.00088    0.00096    0.00013    0.00178    190187
 23500    0.00002    0.00051    0.00047    0.00005    0.00127    190815
   ITS     RHO        RHO*U      RHO*V       RHO*W      RHO*E      NODE#
 23510    0.00002    0.00054    0.00051    0.00006    0.00181    190373
 23520    0.00001    0.00079    0.00082    0.00011    0.00142    190170
 23530    0.00004    0.00062    0.00047    0.00006    0.00289    190373
 23540    0.00002    0.00072    0.00059    0.00007    0.00137    191478
 23550    0.00003    0.00106    0.00120    0.00015    0.00239     11796
 23560    0.00001    0.00054    0.00050    0.00003    0.00083    190815
 23570    0.00002    0.00082    0.00092    0.00013    0.00162    190170
 23580    0.00003    0.00071    0.00049    0.00004    0.00224    191700
 23590    0.00001    0.00130    0.00109    0.00015    0.00187    129935
 IT= 23600 CPU=   2571.92(SEC)  OVERALL TIME=   2571.95(SEC)  CPUeff=    100.00%  ITS/HR=    33033.
 23600    0.00002    0.00144    0.00173    0.00015    0.00308     16818
   ITS     RHO        RHO*U      RHO*V       RHO*W      RHO*E      NODE#
 23610    0.00003    0.00072    0.00049    0.00006    0.00254    191257
 23620    0.00002    0.00117    0.00090    0.00011    0.00138    125549
 23630    0.00002    0.00148    0.00181    0.00015    0.00309     16818
 23640    0.00002    0.00068    0.00073    0.00010    0.00162    190594
 23650    0.00002    0.00075    0.00079    0.00010    0.00138    191700
 23660    0.00002    0.00120    0.00115    0.00011    0.00189     12633
 23670    0.00001    0.00077    0.00082    0.00011    0.00137    190170
 23680    0.00003    0.00106    0.00101    0.00010    0.00226    191257
 23690    0.00001    0.00109    0.00104    0.00011    0.00153    190612
 23700    0.00003    0.00059    0.00049    0.00007    0.00244    190373
   ITS     RHO        RHO*U      RHO*V       RHO*W      RHO*E      NODE#
 23710    0.00002    0.00104    0.00100    0.00009    0.00172     13470
 23720    0.00002    0.00040    0.00037    0.00006    0.00120    190152
 23730    0.00002    0.00063    0.00047    0.00006    0.00181    190594
 23740    0.00002    0.00127    0.00141    0.00017    0.00270     11796
 23750    0.00001    0.00083    0.00069    0.00007    0.00133    118970
 23760    0.00001    0.00041    0.00033    0.00003    0.00104    191036
 23770    0.00002    0.00054    0.00046    0.00006    0.00161    190594
 23780    0.00003    0.00071    0.00075    0.00010    0.00234    191700
 23790    0.00002    0.00131    0.00150    0.00013    0.00263     16818
 IT= 23800 CPU=   2593.63(SEC)  OVERALL TIME=   2593.65(SEC)  CPUeff=    100.00%  ITS/HR=    33034.
 23800    0.00002    0.00105    0.00103    0.00010    0.00157    190629
   ITS     RHO        RHO*U      RHO*V       RHO*W      RHO*E      NODE#
 23810    0.00001    0.00078    0.00081    0.00011    0.00136    190170
 23820    0.00002    0.00123    0.00118    0.00012    0.00191     12633
 23830    0.00001    0.00077    0.00081    0.00011    0.00136    190170
 23840    0.00002    0.00144    0.00185    0.00015    0.00327     16818
 23850    0.00002    0.00119    0.00099    0.00011    0.00180    191717
 23860    0.00001    0.00051    0.00044    0.00005    0.00085    191496
 23870    0.00002    0.00115    0.00112    0.00011    0.00173    190629
 23880    0.00002    0.00090    0.00075    0.00007    0.00131    123356
 23890    0.00001    0.00040    0.00035    0.00004    0.00071    191734
 23900    0.00002    0.00058    0.00057    0.00008    0.00186    191036
   ITS     RHO        RHO*U      RHO*V       RHO*W      RHO*E      NODE#
 23910    0.00003    0.00057    0.00047    0.00006    0.00223    190815
 23920    0.00002    0.00051    0.00044    0.00006    0.00184    190373
 23930    0.00002    0.00120    0.00135    0.00016    0.00264     11796
 23940    0.00002    0.00135    0.00140    0.00007    0.00240     16818
 23950    0.00001    0.00098    0.00085    0.00007    0.00142    190833
 23960    0.00003    0.00061    0.00049    0.00007    0.00265    190373
 23970    0.00003    0.00078    0.00065    0.00007    0.00198    191700
 23980    0.00002    0.00051    0.00044    0.00006    0.00186    190815
 23990    0.00001    0.00051    0.00045    0.00004    0.00076    191717
 IT= 24000 CPU=   2615.34(SEC)  OVERALL TIME=   2615.37(SEC)  CPUeff=    100.00%  ITS/HR=    33035.
 24000    0.00001    0.00117    0.00115    0.00011    0.00187    190629
   ITS     RHO        RHO*U      RHO*V       RHO*W      RHO*E      NODE#
 24010    0.00003    0.00085    0.00066    0.00008    0.00258    191478
 24020    0.00001    0.00053    0.00049    0.00004    0.00093    191257
 24030    0.00001    0.00112    0.00111    0.00013    0.00188    190629
 24040    0.00003    0.00072    0.00052    0.00005    0.00188    191700
 24050    0.00002    0.00052    0.00040    0.00004    0.00162    191257
 24060    0.00001    0.00121    0.00122    0.00013    0.00227    190629
 24070    0.00002    0.00056    0.00046    0.00006    0.00162    190594
 24080    0.00002    0.00140    0.00148    0.00010    0.00248     16818
 24090    0.00002    0.00072    0.00077    0.00011    0.00136    190170
 24100    0.00003    0.00070    0.00079    0.00011    0.00200    190594
   ITS     RHO        RHO*U      RHO*V       RHO*W      RHO*E      NODE#
 24110    0.00003    0.00080    0.00084    0.00011    0.00262    191257
 24120    0.00002    0.00068    0.00053    0.00006    0.00188    191700
 24130    0.00001    0.00074    0.00079    0.00011    0.00135    190170
 24140    0.00002    0.00122    0.00115    0.00011    0.00190     12633
 24150    0.00002    0.00133    0.00131    0.00008    0.00232     16818
 24160    0.00003    0.00072    0.00051    0.00005    0.00211    191700
 24170    0.00002    0.00040    0.00040    0.00006    0.00118    191700
 24180    0.00003    0.00071    0.00054    0.00004    0.00204    191700
 24190    0.00002    0.00061    0.00048    0.00006    0.00129    191700
 IT= 24200 CPU=   2637.51(SEC)  OVERALL TIME=   2637.53(SEC)  CPUeff=    100.00%  ITS/HR=    33031.
 24200    0.00002    0.00090    0.00075    0.00008    0.00142    118970
   ITS     RHO        RHO*U      RHO*V       RHO*W      RHO*E      NODE#
 24210    0.00002    0.00114    0.00113    0.00011    0.00196     12633
 24220    0.00002    0.00117    0.00109    0.00011    0.00168     15144
 24230    0.00002    0.00141    0.00176    0.00014    0.00309     16818
 24240    0.00002    0.00121    0.00116    0.00012    0.00179     12633
 24250    0.00002    0.00131    0.00144    0.00017    0.00268     11796
 24260    0.00003    0.00071    0.00054    0.00006    0.00217    191700
 24270    0.00004    0.00059    0.00047    0.00006    0.00283    191036
 24280    0.00004    0.00061    0.00059    0.00007    0.00272    190373
 24290    0.00002    0.00105    0.00120    0.00014    0.00231     11796
 24300    0.00001    0.00065    0.00058    0.00006    0.00164    191717
   ITS     RHO        RHO*U      RHO*V       RHO*W      RHO*E      NODE#
 24310    0.00002    0.00137    0.00116    0.00012    0.00202     16818
 24320    0.00001    0.00078    0.00081    0.00011    0.00139    190170
 24330    0.00002    0.00120    0.00114    0.00011    0.00192     12633
 24340    0.00002    0.00076    0.00080    0.00011    0.00137    190170
 24350    0.00002    0.00111    0.00093    0.00008    0.00208    191717
 24360    0.00002    0.00051    0.00045    0.00006    0.00164    191036
 24370    0.00001    0.00089    0.00076    0.00006    0.00170    191717
 24380    0.00001    0.00055    0.00049    0.00004    0.00112    190373
 24390    0.00003    0.00108    0.00107    0.00010    0.00247    191257
 IT= 24400 CPU=   2659.22(SEC)  OVERALL TIME=   2659.24(SEC)  CPUeff=    100.00%  ITS/HR=    33032.
 24400    0.00002    0.00117    0.00134    0.00015    0.00258     11796
   ITS     RHO        RHO*U      RHO*V       RHO*W      RHO*E      NODE#
 24410    0.00002    0.00107    0.00090    0.00009    0.00143     15144
 24420    0.00004    0.00062    0.00047    0.00005    0.00269    191257
 24430    0.00002    0.00055    0.00046    0.00006    0.00180    190594
 24440    0.00003    0.00061    0.00043    0.00006    0.00203    191478
 24450    0.00001    0.00033    0.00033    0.00004    0.00113    191733
 24460    0.00002    0.00056    0.00042    0.00004    0.00189    191257
 24470    0.00002    0.00112    0.00112    0.00012    0.00221     12633
 24480    0.00001    0.00082    0.00095    0.00014    0.00165     10959
 24490    0.00002    0.00112    0.00098    0.00010    0.00200    191275
 24500    0.00001    0.00108    0.00108    0.00013    0.00183    190629
   ITS     RHO        RHO*U      RHO*V       RHO*W      RHO*E      NODE#
 24510    0.00001    0.00049    0.00046    0.00004    0.00081    191718
 24520    0.00001    0.00037    0.00033    0.00004    0.00103    191699
 24530    0.00002    0.00128    0.00149    0.00008    0.00264     16818
 24540    0.00002    0.00102    0.00087    0.00008    0.00167    191717
 24550    0.00001    0.00059    0.00047    0.00006    0.00105    191700
 24560    0.00002    0.00071    0.00053    0.00006    0.00180    190594
 24570    0.00001    0.00118    0.00111    0.00006    0.00200     16818
 24580    0.00002    0.00133    0.00128    0.00007    0.00219     16818
 24590    0.00002    0.00053    0.00047    0.00006    0.00115    190152
 IT= 24600 CPU=   2680.93(SEC)  OVERALL TIME=   2680.95(SEC)  CPUeff=    100.00%  ITS/HR=    33033.
 24600    0.00003    0.00070    0.00054    0.00006    0.00198    190594
   ITS     RHO        RHO*U      RHO*V       RHO*W      RHO*E      NODE#
 24610    0.00002    0.00127    0.00137    0.00010    0.00244     16818
 24620    0.00002    0.00109    0.00093    0.00008    0.00246    191717
 24630    0.00002    0.00051    0.00044    0.00006    0.00123    189931
 24640    0.00002    0.00140    0.00175    0.00014    0.00306     16818
 24650    0.00002    0.00111    0.00092    0.00009    0.00154     15144
 24660    0.00004    0.00062    0.00041    0.00004    0.00283    191257
 24670    0.00002    0.00102    0.00094    0.00009    0.00183    191700
 24680    0.00002    0.00144    0.00161    0.00011    0.00287     16818
 24690    0.00002    0.00132    0.00136    0.00007    0.00242     16818
 24700    0.00002    0.00047    0.00037    0.00005    0.00133    190815
   ITS     RHO        RHO*U      RHO*V       RHO*W      RHO*E      NODE#
 24710    0.00002    0.00086    0.00069    0.00007    0.00143    190594
 24720    0.00002    0.00077    0.00082    0.00011    0.00181    191699
 24730    0.00002    0.00053    0.00048    0.00006    0.00167    190152
 24740    0.00002    0.00119    0.00107    0.00005    0.00197    191717
 24750    0.00004    0.00061    0.00049    0.00007    0.00278    190373
 24760    0.00002    0.00058    0.00044    0.00006    0.00169    191257
 24770    0.00002    0.00134    0.00100    0.00012    0.00177    125549
 24780    0.00002    0.00058    0.00047    0.00006    0.00183    191257
 24790    0.00002    0.00141    0.00173    0.00015    0.00299     16818
 IT= 24800 CPU=   2702.64(SEC)  OVERALL TIME=   2702.67(SEC)  CPUeff=    100.00%  ITS/HR=    33034.
 24800    0.00002    0.00043    0.00033    0.00005    0.00177    191036
   ITS     RHO        RHO*U      RHO*V       RHO*W      RHO*E      NODE#
 24810    0.00002    0.00113    0.00109    0.00011    0.00163     12633
 24820    0.00003    0.00089    0.00098    0.00014    0.00195    191257
 24830    0.00003    0.00055    0.00040    0.00005    0.00203    191036
 24840    0.00001    0.00052    0.00045    0.00005    0.00083    191275
 24850    0.00002    0.00121    0.00112    0.00006    0.00201    191718
 24860    0.00003    0.00057    0.00041    0.00005    0.00246    191036
 24870    0.00002    0.00143    0.00153    0.00016    0.00266     16818
 24880    0.00002    0.00051    0.00049    0.00006    0.00144    190152
 24890    0.00003    0.00063    0.00056    0.00005    0.00237    190594
 24900    0.00002    0.00117    0.00099    0.00009    0.00161     16818
   ITS     RHO        RHO*U      RHO*V       RHO*W      RHO*E      NODE#
 24910    0.00003    0.00058    0.00042    0.00005    0.00202    191036
 24920    0.00002    0.00039    0.00041    0.00006    0.00116    189931
 24930    0.00002    0.00099    0.00085    0.00007    0.00177    191275
 24940    0.00002    0.00107    0.00117    0.00014    0.00233     11796
 24950    0.00001    0.00093    0.00080    0.00007    0.00131    191054
 24960    0.00002    0.00085    0.00081    0.00006    0.00211    191717
 24970    0.00003    0.00066    0.00046    0.00005    0.00232    191478
 24980    0.00002    0.00141    0.00158    0.00013    0.00279     16818
 24990    0.00003    0.00063    0.00052    0.00005    0.00207    190815
 IT= 25000 CPU=   2724.35(SEC)  OVERALL TIME=   2724.38(SEC)  CPUeff=    100.00%  ITS/HR=    33035.
 25000    0.00002    0.00120    0.00118    0.00012    0.00184     12633
   ITS     RHO        RHO*U      RHO*V       RHO*W      RHO*E      NODE#
 25010    0.00003    0.00070    0.00053    0.00004    0.00209    191699
 25020    0.00004    0.00056    0.00045    0.00005    0.00272    190815
 25030    0.00003    0.00130    0.00138    0.00007    0.00235     16818
 25040    0.00002    0.00052    0.00050    0.00005    0.00154    190815
 25050    0.00002    0.00057    0.00042    0.00006    0.00164    191257
 25060    0.00002    0.00070    0.00059    0.00006    0.00189    190594
 25070    0.00002    0.00048    0.00040    0.00005    0.00149    191036
 25080    0.00001    0.00076    0.00064    0.00006    0.00163    191717
 25090    0.00002    0.00053    0.00047    0.00004    0.00122    190373
 25100    0.00001    0.00075    0.00079    0.00010    0.00134    190170
   ITS     RHO        RHO*U      RHO*V       RHO*W      RHO*E      NODE#
 25110    0.00002    0.00139    0.00149    0.00011    0.00257     16818
 25120    0.00002    0.00078    0.00082    0.00011    0.00137    190170
 25130    0.00002    0.00078    0.00066    0.00007    0.00167    191036
 25140    0.00001    0.00113    0.00111    0.00011    0.00181    190629
 25150    0.00003    0.00066    0.00052    0.00004    0.00220    191257
 25160    0.00002    0.00109    0.00085    0.00010    0.00143    125549
 25170    0.00001    0.00044    0.00037    0.00005    0.00077    118970
 25180    0.00002    0.00135    0.00161    0.00011    0.00278     16818
 25190    0.00002    0.00069    0.00056    0.00006    0.00179    190594
 IT= 25200 CPU=   2746.55(SEC)  OVERALL TIME=   2746.57(SEC)  CPUeff=    100.00%  ITS/HR=    33030.
 25200    0.00003    0.00076    0.00077    0.00011    0.00189    191257
   ITS     RHO        RHO*U      RHO*V       RHO*W      RHO*E      NODE#
 25210    0.00003    0.00071    0.00060    0.00007    0.00196    190373
 25220    0.00003    0.00062    0.00049    0.00006    0.00225    190373
 25230    0.00002    0.00138    0.00138    0.00012    0.00234     16818
 25240    0.00001    0.00096    0.00086    0.00011    0.00159    191275
 25250    0.00002    0.00135    0.00145    0.00012    0.00247     16818
 25260    0.00003    0.00091    0.00083    0.00011    0.00197    191700
 25270    0.00001    0.00049    0.00040    0.00004    0.00101     16818
 25280    0.00002    0.00102    0.00116    0.00015    0.00228     11796
 25290    0.00003    0.00072    0.00053    0.00005    0.00195    191699
 25300    0.00003    0.00107    0.00114    0.00014    0.00228    191257
   ITS     RHO        RHO*U      RHO*V       RHO*W      RHO*E      NODE#
 25310    0.00002    0.00131    0.00138    0.00007    0.00252     16818
 25320    0.00002    0.00137    0.00148    0.00009    0.00248     16818
 25330    0.00003    0.00073    0.00058    0.00006    0.00204    191699
 25340    0.00001    0.00054    0.00052    0.00004    0.00086    191513
 25350    0.00001    0.00078    0.00081    0.00011    0.00145    190170
 25360    0.00001    0.00074    0.00067    0.00005    0.00192    191717
 25370    0.00003    0.00073    0.00057    0.00005    0.00251    191478
 25380    0.00002    0.00128    0.00100    0.00009    0.00190     15144
 25390    0.00002    0.00136    0.00140    0.00009    0.00235     16818
 IT= 25400 CPU=   2768.25(SEC)  OVERALL TIME=   2768.28(SEC)  CPUeff=    100.00%  ITS/HR=    33031.
 25400    0.00002    0.00136    0.00109    0.00011    0.00177     15144
   ITS     RHO        RHO*U      RHO*V       RHO*W      RHO*E      NODE#
 25410    0.00002    0.00130    0.00128    0.00007    0.00224     16818
 25420    0.00002    0.00134    0.00148    0.00012    0.00250     16818
 25430    0.00002    0.00120    0.00120    0.00012    0.00208    191717
 25440    0.00003    0.00097    0.00113    0.00014    0.00221    190815
 25450    0.00002    0.00134    0.00155    0.00013    0.00261     16818
 25460    0.00003    0.00120    0.00128    0.00011    0.00237     16818
 25470    0.00003    0.00115    0.00095    0.00007    0.00230    190594
 25480    0.00001    0.00058    0.00051    0.00005    0.00093    190629
 25490    0.00002    0.00077    0.00080    0.00011    0.00143    191700
 25500    0.00001    0.00044    0.00044    0.00005    0.00077    116777
   ITS     RHO        RHO*U      RHO*V       RHO*W      RHO*E      NODE#
 25510    0.00001    0.00053    0.00043    0.00006    0.00102    191257
 25520    0.00002    0.00054    0.00047    0.00005    0.00137    190594
 25530    0.00003    0.00136    0.00144    0.00009    0.00245     16818
 25540    0.00002    0.00112    0.00115    0.00013    0.00215     12633
 25550    0.00002    0.00048    0.00048    0.00004    0.00164    191717
 25560    0.00002    0.00089    0.00073    0.00007    0.00136    123356
 25570    0.00002    0.00111    0.00112    0.00011    0.00202    190629
 25580    0.00001    0.00057    0.00048    0.00006    0.00114    191257
 25590    0.00002    0.00137    0.00142    0.00009    0.00251     16818
 IT= 25600 CPU=   2789.96(SEC)  OVERALL TIME=   2789.98(SEC)  CPUeff=    100.00%  ITS/HR=    33032.
 25600    0.00003    0.00138    0.00142    0.00008    0.00246     16818
   ITS     RHO        RHO*U      RHO*V       RHO*W      RHO*E      NODE#
 25610    0.00001    0.00113    0.00119    0.00013    0.00224     12633
 25620    0.00002    0.00080    0.00080    0.00011    0.00159    190815
 25630    0.00002    0.00055    0.00050    0.00006    0.00124    189931
 25640    0.00002    0.00060    0.00051    0.00004    0.00124    191257
 25650    0.00002    0.00135    0.00139    0.00008    0.00248     16818
 25660    0.00002    0.00071    0.00055    0.00006    0.00184    191700
 25670    0.00002    0.00072    0.00056    0.00005    0.00187    191700
 25680    0.00002    0.00054    0.00041    0.00006    0.00135    191257
 25690    0.00003    0.00071    0.00058    0.00006    0.00195    190594
 25700    0.00002    0.00060    0.00044    0.00005    0.00151    191257
   ITS     RHO        RHO*U      RHO*V       RHO*W      RHO*E      NODE#
 25710    0.00003    0.00071    0.00059    0.00006    0.00205    190594
 25720    0.00002    0.00061    0.00045    0.00006    0.00151    191257
 25730    0.00003    0.00071    0.00058    0.00006    0.00206    190594
 25740    0.00003    0.00063    0.00045    0.00006    0.00194    191257
 25750    0.00002    0.00056    0.00050    0.00006    0.00172    190594
 25760    0.00002    0.00126    0.00101    0.00014    0.00191     10959
 25770    0.00002    0.00114    0.00111    0.00011    0.00174    190629
 25780    0.00001    0.00075    0.00079    0.00010    0.00136    190170
 25790    0.00002    0.00053    0.00046    0.00005    0.00157    190594
 IT= 25800 CPU=   2811.66(SEC)  OVERALL TIME=   2811.69(SEC)  CPUeff=    100.00%  ITS/HR=    33034.
 25800    0.00003    0.00114    0.00107    0.00006    0.00223    190373
   ITS     RHO        RHO*U      RHO*V       RHO*W      RHO*E      NODE#
 25810    0.00002    0.00043    0.00043    0.00006    0.00150    190152
 25820    0.00002    0.00136    0.00150    0.00010    0.00261     16818
 25830    0.00002    0.00102    0.00097    0.00009    0.00147     13470
 25840    0.00002    0.00115    0.00088    0.00011    0.00181    190152
 25850    0.00002    0.00137    0.00143    0.00014    0.00247     16818
 25860    0.00001    0.00051    0.00051    0.00006    0.00108    190152
 25870    0.00002    0.00101    0.00087    0.00007    0.00148    121163
 25880    0.00002    0.00068    0.00055    0.00006    0.00165    191699
 25890    0.00002    0.00083    0.00069    0.00006    0.00176    191700
 25900    0.00001    0.00109    0.00092    0.00011    0.00156     15144
   ITS     RHO        RHO*U      RHO*V       RHO*W      RHO*E      NODE#
 25910    0.00002    0.00085    0.00071    0.00007    0.00135    191275
 25920    0.00001    0.00050    0.00048    0.00003    0.00081    191257
 25930    0.00002    0.00134    0.00160    0.00011    0.00274     16818
 25940    0.00002    0.00102    0.00118    0.00014    0.00231     11796
 25950    0.00002    0.00104    0.00084    0.00007    0.00155    121163
 25960    0.00002    0.00135    0.00151    0.00010    0.00259     16818
 25970    0.00001    0.00056    0.00051    0.00006    0.00101    190629
 25980    0.00003    0.00055    0.00048    0.00005    0.00214    190594
 25990    0.00001    0.00116    0.00093    0.00013    0.00146    191292
 IT= 26000 CPU=   2833.37(SEC)  OVERALL TIME=   2833.40(SEC)  CPUeff=    100.00%  ITS/HR=    33035.
 26000    0.00002    0.00136    0.00142    0.00012    0.00251     12633
   ITS     RHO        RHO*U      RHO*V       RHO*W      RHO*E      NODE#
 26010    0.00002    0.00125    0.00101    0.00010    0.00170    191275
 26020    0.00002    0.00137    0.00140    0.00012    0.00240     12633
 26030    0.00002    0.00133    0.00106    0.00011    0.00172     15144
 26040    0.00002    0.00136    0.00138    0.00012    0.00235     16818
 26050    0.00002    0.00133    0.00106    0.00011    0.00174     15144
 26060    0.00002    0.00135    0.00136    0.00012    0.00234     16818
 26070    0.00002    0.00133    0.00105    0.00011    0.00176     15144
 26080    0.00002    0.00136    0.00138    0.00012    0.00236     16818
 26090    0.00002    0.00129    0.00101    0.00011    0.00172     15144
 26100    0.00002    0.00129    0.00126    0.00012    0.00222     13470
   ITS     RHO        RHO*U      RHO*V       RHO*W      RHO*E      NODE#
 26110    0.00002    0.00062    0.00045    0.00004    0.00145    191257
 26120    0.00001    0.00077    0.00080    0.00011    0.00135    190170
 26130    0.00001    0.00052    0.00044    0.00005    0.00079    190408
 26140    0.00001    0.00124    0.00105    0.00008    0.00182     16818
 26150    0.00001    0.00083    0.00067    0.00006    0.00162    191717
 26160    0.00001    0.00055    0.00050    0.00004    0.00081     16818
 26170    0.00003    0.00118    0.00113    0.00011    0.00193    191036
 26180    0.00001    0.00099    0.00101    0.00013    0.00187     12633
 26190    0.00003    0.00085    0.00076    0.00007    0.00213    191700
 IT= 26200 CPU=   2855.67(SEC)  OVERALL TIME=   2855.69(SEC)  CPUeff=    100.00%  ITS/HR=    33029.
 26200    0.00003    0.00049    0.00044    0.00004    0.00212    190815
   ITS     RHO        RHO*U      RHO*V       RHO*W      RHO*E      NODE#
 26210    0.00002    0.00097    0.00077    0.00011    0.00139    129935
 26220    0.00002    0.00076    0.00080    0.00011    0.00172    191478
 26230    0.00001    0.00114    0.00094    0.00011    0.00160     15144
 26240    0.00002    0.00128    0.00127    0.00012    0.00221     12633
 26250    0.00002    0.00118    0.00117    0.00006    0.00224    191718
 26260    0.00002    0.00110    0.00110    0.00013    0.00201     12633
 26270    0.00001    0.00073    0.00082    0.00011    0.00135    190170
 26280    0.00002    0.00134    0.00158    0.00014    0.00271     16818
 26290    0.00002    0.00071    0.00057    0.00005    0.00190    191036
 26300    0.00002    0.00053    0.00052    0.00005    0.00124    190373
   ITS     RHO        RHO*U      RHO*V       RHO*W      RHO*E      NODE#
 26310    0.00001    0.00055    0.00052    0.00006    0.00110    190152
 26320    0.00002    0.00021    0.00019    0.00003    0.00139    190594
 26330    0.00003    0.00078    0.00081    0.00011    0.00238    191478
 26340    0.00003    0.00073    0.00056    0.00006    0.00213    191700
 26350    0.00003    0.00134    0.00124    0.00013    0.00225    190850
 26360    0.00002    0.00118    0.00094    0.00009    0.00165     15144
 26370    0.00003    0.00115    0.00124    0.00015    0.00232    190408
 26380    0.00002    0.00123    0.00095    0.00009    0.00176     15144
 26390    0.00002    0.00136    0.00140    0.00008    0.00237     16818
 IT= 26400 CPU=   2877.39(SEC)  OVERALL TIME=   2877.42(SEC)  CPUeff=    100.00%  ITS/HR=    33030.
 26400    0.00001    0.00055    0.00047    0.00005    0.00123    191275
   ITS     RHO        RHO*U      RHO*V       RHO*W      RHO*E      NODE#
 26410    0.00002    0.00057    0.00050    0.00006    0.00163    190594
 26420    0.00002    0.00104    0.00094    0.00009    0.00163    190833
 26430    0.00001    0.00106    0.00111    0.00012    0.00211     12633
 26440    0.00001    0.00077    0.00080    0.00011    0.00141    190170
 26450    0.00002    0.00115    0.00111    0.00011    0.00188     12633
 26460    0.00002    0.00110    0.00126    0.00014    0.00244     11796
 26470    0.00001    0.00053    0.00042    0.00004    0.00091    191257
 26480    0.00002    0.00040    0.00040    0.00006    0.00119    189931
 26490    0.00002    0.00072    0.00064    0.00005    0.00195    191717
 26500    0.00004    0.00101    0.00085    0.00007    0.00285    190373
   ITS     RHO        RHO*U      RHO*V       RHO*W      RHO*E      NODE#
 26510    0.00001    0.00108    0.00091    0.00011    0.00158     15144
 26520    0.00002    0.00099    0.00084    0.00007    0.00176    191700
 26530    0.00003    0.00061    0.00053    0.00005    0.00253    190815
 26540    0.00002    0.00045    0.00042    0.00006    0.00117    191036
 26550    0.00002    0.00136    0.00144    0.00009    0.00250     16818
 26560    0.00002    0.00119    0.00099    0.00008    0.00189    191275
 26570    0.00002    0.00133    0.00150    0.00010    0.00255     16818
 26580    0.00002    0.00060    0.00047    0.00006    0.00187    191257
 26590    0.00002    0.00071    0.00058    0.00006    0.00175    191700
 IT= 26600 CPU=   2899.10(SEC)  OVERALL TIME=   2899.13(SEC)  CPUeff=    100.00%  ITS/HR=    33031.
 26600    0.00002    0.00052    0.00050    0.00004    0.00140    191036
   ITS     RHO        RHO*U      RHO*V       RHO*W      RHO*E      NODE#
 26610    0.00002    0.00125    0.00127    0.00012    0.00216    191718
 26620    0.00001    0.00082    0.00095    0.00013    0.00150    190170
 26630    0.00002    0.00136    0.00140    0.00008    0.00242     16818
 26640    0.00003    0.00071    0.00057    0.00004    0.00194    191700
 26650    0.00002    0.00116    0.00109    0.00011    0.00168     12633
 26660    0.00002    0.00080    0.00071    0.00010    0.00137    190391
 26670    0.00001    0.00106    0.00091    0.00011    0.00193    191717
 26680    0.00002    0.00099    0.00079    0.00009    0.00142    123356
 26690    0.00002    0.00070    0.00056    0.00006    0.00183    191700
 26700    0.00002    0.00123    0.00112    0.00009    0.00170     14307
   ITS     RHO        RHO*U      RHO*V       RHO*W      RHO*E      NODE#
 26710    0.00002    0.00136    0.00141    0.00015    0.00237     16818
 26720    0.00002    0.00125    0.00097    0.00009    0.00173     15144
 26730    0.00002    0.00132    0.00152    0.00012    0.00263     16818
 26740    0.00002    0.00130    0.00132    0.00011    0.00231     16818
 26750    0.00002    0.00074    0.00077    0.00011    0.00172    191700
 26760    0.00002    0.00126    0.00124    0.00012    0.00213    190629
 26770    0.00003    0.00057    0.00041    0.00004    0.00264    191036
 26780    0.00002    0.00042    0.00030    0.00004    0.00143    190815
 26790    0.00003    0.00113    0.00097    0.00008    0.00195    190594
 IT= 26800 CPU=   2920.82(SEC)  OVERALL TIME=   2920.85(SEC)  CPUeff=    100.00%  ITS/HR=    33032.
 26800    0.00002    0.00135    0.00142    0.00009    0.00243     16818
   ITS     RHO        RHO*U      RHO*V       RHO*W      RHO*E      NODE#
 26810    0.00001    0.00040    0.00039    0.00006    0.00112    190152
 26820    0.00003    0.00057    0.00049    0.00005    0.00217    190815
 26830    0.00003    0.00057    0.00043    0.00006    0.00199    191257
 26840    0.00004    0.00056    0.00046    0.00005    0.00266    190815
 26850    0.00001    0.00123    0.00095    0.00009    0.00164     15144
 26860    0.00002    0.00103    0.00097    0.00009    0.00147    191478
 26870    0.00002    0.00113    0.00091    0.00010    0.00158    191275
 26880    0.00002    0.00133    0.00155    0.00012    0.00262     16818
 26890    0.00002    0.00117    0.00094    0.00008    0.00180    121163
 26900    0.00001    0.00097    0.00106    0.00014    0.00206     11796
   ITS     RHO        RHO*U      RHO*V       RHO*W      RHO*E      NODE#
 26910    0.00003    0.00128    0.00099    0.00011    0.00199    190594
 26920    0.00003    0.00054    0.00043    0.00006    0.00190    190594
 26930    0.00002    0.00057    0.00051    0.00006    0.00152    190815
 26940    0.00002    0.00115    0.00093    0.00009    0.00180    190594
 26950    0.00002    0.00134    0.00147    0.00009    0.00253     16818
 26960    0.00003    0.00070    0.00055    0.00006    0.00191    191699
 26970    0.00002    0.00100    0.00082    0.00010    0.00178    191496
 26980    0.00002    0.00058    0.00043    0.00005    0.00170    191257
 26990    0.00002    0.00136    0.00141    0.00008    0.00242     16818
 IT= 27000 CPU=   2942.54(SEC)  OVERALL TIME=   2942.56(SEC)  CPUeff=    100.00%  ITS/HR=    33032.
 27000    0.00003    0.00072    0.00056    0.00004    0.00194    191700
   ITS     RHO        RHO*U      RHO*V       RHO*W      RHO*E      NODE#
 27010    0.00002    0.00055    0.00050    0.00006    0.00136    190152
 27020    0.00002    0.00055    0.00049    0.00006    0.00120    190152
 27030    0.00002    0.00060    0.00049    0.00006    0.00185    190594
 27040    0.00004    0.00063    0.00045    0.00005    0.00336    191036
 27050    0.00003    0.00058    0.00041    0.00006    0.00192    191257
 27060    0.00002    0.00134    0.00142    0.00009    0.00247     16818
 27070    0.00003    0.00127    0.00128    0.00007    0.00222     16818
 27080    0.00002    0.00137    0.00140    0.00013    0.00239     16818
 27090    0.00001    0.00075    0.00078    0.00011    0.00141    190170
 27100    0.00002    0.00057    0.00052    0.00007    0.00163    190152
   ITS     RHO        RHO*U      RHO*V       RHO*W      RHO*E      NODE#
 27110    0.00002    0.00058    0.00052    0.00005    0.00141    191036
 27120    0.00002    0.00076    0.00079    0.00010    0.00150    191478
 27130    0.00002    0.00117    0.00114    0.00011    0.00197     12633
 27140    0.00002    0.00108    0.00124    0.00015    0.00239     11796
 27150    0.00003    0.00133    0.00154    0.00011    0.00262     16818
 27160    0.00004    0.00061    0.00050    0.00007    0.00265    190594
 27170    0.00004    0.00063    0.00051    0.00007    0.00307    190594
 27180    0.00002    0.00136    0.00120    0.00011    0.00213     14307
 27190    0.00002    0.00061    0.00051    0.00004    0.00141    191478
 IT= 27200 CPU=   2964.70(SEC)  OVERALL TIME=   2964.73(SEC)  CPUeff=    100.00%  ITS/HR=    33028.
 27200    0.00002    0.00120    0.00136    0.00015    0.00261    190408
   ITS     RHO        RHO*U      RHO*V       RHO*W      RHO*E      NODE#
 27210    0.00001    0.00073    0.00077    0.00010    0.00138    190170
 27220    0.00004    0.00067    0.00046    0.00005    0.00267    191036
 27230    0.00001    0.00092    0.00081    0.00007    0.00159    191275
 27240    0.00003    0.00071    0.00056    0.00007    0.00245    190373
 27250    0.00002    0.00059    0.00046    0.00004    0.00140    191257
 27260    0.00001    0.00118    0.00113    0.00007    0.00214    191718
 27270    0.00003    0.00079    0.00082    0.00011    0.00239    191257
 27280    0.00002    0.00133    0.00154    0.00010    0.00273     16818
 27290    0.00002    0.00134    0.00139    0.00008    0.00240     16818
 27300    0.00002    0.00134    0.00143    0.00008    0.00240     16818
   ITS     RHO        RHO*U      RHO*V       RHO*W      RHO*E      NODE#
 27310    0.00001    0.00075    0.00079    0.00011    0.00150    190170
 27320    0.00002    0.00109    0.00095    0.00013    0.00159    121163
 27330    0.00002    0.00049    0.00040    0.00005    0.00165    190815
 27340    0.00002    0.00116    0.00113    0.00011    0.00180    190629
 27350    0.00002    0.00081    0.00089    0.00012    0.00157    191700
 27360    0.00002    0.00071    0.00056    0.00005    0.00182    191700
 27370    0.00002    0.00062    0.00050    0.00005    0.00123    191036
 27380    0.00002    0.00055    0.00047    0.00005    0.00145    190594
 27390    0.00002    0.00060    0.00048    0.00004    0.00124    191478
 IT= 27400 CPU=   2986.41(SEC)  OVERALL TIME=   2986.44(SEC)  CPUeff=    100.00%  ITS/HR=    33029.
 27400    0.00002    0.00056    0.00048    0.00005    0.00160    190594
   ITS     RHO        RHO*U      RHO*V       RHO*W      RHO*E      NODE#
 27410    0.00003    0.00057    0.00042    0.00006    0.00205    191257
 27420    0.00002    0.00097    0.00087    0.00008    0.00181    191700
 27430    0.00002    0.00131    0.00154    0.00011    0.00264     16818
 27440    0.00002    0.00078    0.00081    0.00011    0.00138    190815
 27450    0.00003    0.00059    0.00043    0.00006    0.00195    191257
 27460    0.00002    0.00136    0.00137    0.00010    0.00233     16818
 27470    0.00002    0.00080    0.00078    0.00010    0.00159    191700
 27480    0.00003    0.00100    0.00093    0.00009    0.00229    191478
 27490    0.00002    0.00129    0.00129    0.00014    0.00242    190629
 27500    0.00003    0.00109    0.00108    0.00013    0.00210     12633
   ITS     RHO        RHO*U      RHO*V       RHO*W      RHO*E      NODE#
 27510    0.00002    0.00070    0.00056    0.00004    0.00189    191700
 27520    0.00002    0.00134    0.00140    0.00012    0.00241     16818
 27530    0.00002    0.00079    0.00083    0.00011    0.00145    191478
 27540    0.00002    0.00061    0.00050    0.00007    0.00164    190373
 27550    0.00002    0.00136    0.00140    0.00008    0.00238     16818
 27560    0.00002    0.00069    0.00055    0.00004    0.00159    191700
 27570    0.00002    0.00071    0.00055    0.00004    0.00182    191700
 27580    0.00002    0.00114    0.00114    0.00011    0.00204    190629
 27590    0.00002    0.00078    0.00083    0.00011    0.00145    190170
 IT= 27600 CPU=   3008.12(SEC)  OVERALL TIME=   3008.14(SEC)  CPUeff=    100.00%  ITS/HR=    33030.
 27600    0.00002    0.00081    0.00086    0.00011    0.00170    191275
   ITS     RHO        RHO*U      RHO*V       RHO*W      RHO*E      NODE#
 27610    0.00002    0.00118    0.00122    0.00012    0.00241     12633
 27620    0.00003    0.00133    0.00139    0.00008    0.00249     16818
 27630    0.00002    0.00135    0.00142    0.00011    0.00254     16818
 27640    0.00004    0.00071    0.00056    0.00007    0.00276    190373
 27650    0.00002    0.00118    0.00114    0.00011    0.00178     12633
 27660    0.00001    0.00105    0.00111    0.00012    0.00213     12633
 27670    0.00001    0.00078    0.00082    0.00011    0.00142    190170
 27680    0.00003    0.00072    0.00076    0.00011    0.00217    191036
 27690    0.00002    0.00135    0.00139    0.00012    0.00247     13470
 27700    0.00002    0.00136    0.00139    0.00011    0.00239     16818
   ITS     RHO        RHO*U      RHO*V       RHO*W      RHO*E      NODE#
 27710    0.00002    0.00133    0.00156    0.00011    0.00276     16818
 27720    0.00001    0.00053    0.00047    0.00006    0.00098    189931
 27730    0.00002    0.00060    0.00046    0.00005    0.00133    191478
 27740    0.00002    0.00135    0.00143    0.00008    0.00250     16818
 27750    0.00002    0.00108    0.00104    0.00011    0.00181     13470
 27760    0.00004    0.00109    0.00110    0.00010    0.00266    191257
 27770    0.00002    0.00119    0.00091    0.00011    0.00154    125549
 27780    0.00002    0.00136    0.00138    0.00008    0.00236     16818
 27790    0.00002    0.00071    0.00058    0.00004    0.00177    191700
 IT= 27800 CPU=   3029.83(SEC)  OVERALL TIME=   3029.85(SEC)  CPUeff=    100.00%  ITS/HR=    33031.
 27800    0.00002    0.00133    0.00150    0.00010    0.00267     16818
   ITS     RHO        RHO*U      RHO*V       RHO*W      RHO*E      NODE#
 27810    0.00002    0.00134    0.00143    0.00008    0.00253     16818
 27820    0.00003    0.00071    0.00057    0.00006    0.00193    191699
 27830    0.00003    0.00096    0.00083    0.00007    0.00257    190594
 27840    0.00002    0.00111    0.00106    0.00011    0.00156     12633
 27850    0.00002    0.00122    0.00134    0.00011    0.00226     16818
 27860    0.00002    0.00066    0.00054    0.00004    0.00135    191699
 27870    0.00001    0.00074    0.00077    0.00010    0.00131    190170
 27880    0.00003    0.00072    0.00054    0.00005    0.00213    191700
 27890    0.00002    0.00081    0.00069    0.00006    0.00181    191700
 27900    0.00002    0.00087    0.00071    0.00007    0.00184    191700
   ITS     RHO        RHO*U      RHO*V       RHO*W      RHO*E      NODE#
 27910    0.00003    0.00071    0.00056    0.00006    0.00192    190373
 27920    0.00002    0.00056    0.00044    0.00004    0.00144    191257
 27930    0.00002    0.00032    0.00035    0.00005    0.00119    190594
 27940    0.00003    0.00124    0.00125    0.00013    0.00222    190629
 27950    0.00004    0.00102    0.00091    0.00008    0.00282    191036
 27960    0.00002    0.00054    0.00048    0.00004    0.00148    190373
 27970    0.00002    0.00111    0.00107    0.00010    0.00164     12633
 27980    0.00002    0.00101    0.00087    0.00008    0.00163    191700
 27990    0.00002    0.00053    0.00046    0.00006    0.00168    190594
 IT= 28000 CPU=   3051.54(SEC)  OVERALL TIME=   3051.57(SEC)  CPUeff=    100.00%  ITS/HR=    33032.
 28000    0.00002    0.00122    0.00136    0.00016    0.00264     11796
   ITS     RHO        RHO*U      RHO*V       RHO*W      RHO*E      NODE#
 28010    0.00003    0.00072    0.00075    0.00010    0.00199    191700
 28020    0.00001    0.00096    0.00083    0.00007    0.00164    191275
 28030    0.00003    0.00057    0.00046    0.00006    0.00200    190594
 28040    0.00002    0.00106    0.00083    0.00010    0.00156    190815
 28050    0.00002    0.00055    0.00044    0.00006    0.00135    191478
 28060    0.00002    0.00109    0.00110    0.00012    0.00202    190629
 28070    0.00001    0.00078    0.00081    0.00011    0.00140    190170
 28080    0.00003    0.00131    0.00157    0.00012    0.00273     16818
 28090    0.00002    0.00134    0.00146    0.00008    0.00248     16818
 28100    0.00002    0.00134    0.00144    0.00013    0.00244     16818
   ITS     RHO        RHO*U      RHO*V       RHO*W      RHO*E      NODE#
 28110    0.00002    0.00094    0.00082    0.00011    0.00171    191700
 28120    0.00002    0.00112    0.00106    0.00011    0.00167    190612
 28130    0.00002    0.00114    0.00129    0.00014    0.00247     11796
 28140    0.00001    0.00057    0.00046    0.00005    0.00096    118970
 28150    0.00002    0.00049    0.00042    0.00006    0.00158    190373
 28160    0.00002    0.00134    0.00137    0.00008    0.00237     16818
 28170    0.00002    0.00062    0.00053    0.00004    0.00146    191699
 28180    0.00002    0.00062    0.00049    0.00006    0.00184    190373
 28190    0.00002    0.00120    0.00118    0.00010    0.00232    191718
 IT= 28200 CPU=   3073.90(SEC)  OVERALL TIME=   3073.92(SEC)  CPUeff=    100.00%  ITS/HR=    33026.
 28200    0.00002    0.00047    0.00039    0.00006    0.00124    190815
   ITS     RHO        RHO*U      RHO*V       RHO*W      RHO*E      NODE#
 28210    0.00002    0.00063    0.00048    0.00005    0.00147    190594
 28220    0.00003    0.00129    0.00125    0.00008    0.00224     16818
 28230    0.00002    0.00135    0.00142    0.00010    0.00240     16818
 28240    0.00002    0.00070    0.00055    0.00005    0.00171    191700
 28250    0.00002    0.00126    0.00102    0.00009    0.00162    191275
 28260    0.00003    0.00113    0.00087    0.00012    0.00188    190373
 28270    0.00002    0.00106    0.00119    0.00015    0.00232     11796
 28280    0.00002    0.00119    0.00091    0.00009    0.00146     15144
 28290    0.00003    0.00061    0.00058    0.00004    0.00191    191036
 28300    0.00001    0.00085    0.00082    0.00011    0.00132    190170
   ITS     RHO        RHO*U      RHO*V       RHO*W      RHO*E      NODE#
 28310    0.00002    0.00135    0.00143    0.00008    0.00248     16818
 28320    0.00002    0.00059    0.00050    0.00006    0.00165    190152
 28330    0.00002    0.00132    0.00144    0.00009    0.00253     16818
 28340    0.00002    0.00117    0.00114    0.00013    0.00190    190850
 28350    0.00003    0.00122    0.00096    0.00009    0.00227    190594
 28360    0.00002    0.00124    0.00103    0.00012    0.00183    191054
 28370    0.00003    0.00068    0.00052    0.00006    0.00238    190594
 28380    0.00002    0.00071    0.00054    0.00006    0.00166    191700
 28390    0.00001    0.00108    0.00091    0.00008    0.00158    121163
 IT= 28400 CPU=   3095.61(SEC)  OVERALL TIME=   3095.64(SEC)  CPUeff=    100.00%  ITS/HR=    33027.
 28400    0.00002    0.00055    0.00050    0.00006    0.00120    189931
   ITS     RHO        RHO*U      RHO*V       RHO*W      RHO*E      NODE#
 28410    0.00002    0.00055    0.00042    0.00004    0.00153    191257
 28420    0.00002    0.00054    0.00045    0.00005    0.00182    190594
 28430    0.00003    0.00090    0.00088    0.00011    0.00190    191700
 28440    0.00001    0.00117    0.00108    0.00011    0.00164     15144
 28450    0.00001    0.00076    0.00079    0.00010    0.00131    190170
 28460    0.00002    0.00071    0.00056    0.00004    0.00175    191700
 28470    0.00002    0.00075    0.00077    0.00010    0.00150    190170
 28480    0.00004    0.00061    0.00049    0.00007    0.00281    190594
 28490    0.00002    0.00133    0.00136    0.00011    0.00228     16818
 28500    0.00002    0.00134    0.00146    0.00011    0.00253     16818
   ITS     RHO        RHO*U      RHO*V       RHO*W      RHO*E      NODE#
 28510    0.00002    0.00136    0.00141    0.00012    0.00248     16818
 28520    0.00001    0.00081    0.00094    0.00013    0.00150    190170
 28530    0.00003    0.00133    0.00149    0.00009    0.00254     16818
 28540    0.00003    0.00071    0.00055    0.00005    0.00192    191700
 28550    0.00003    0.00072    0.00056    0.00006    0.00197    191700
 28560    0.00002    0.00133    0.00149    0.00011    0.00258     16818
 28570    0.00002    0.00070    0.00056    0.00005    0.00178    191700
 28580    0.00004    0.00062    0.00047    0.00005    0.00276    191036
 28590    0.00002    0.00071    0.00060    0.00005    0.00173    191700
 IT= 28600 CPU=   3117.33(SEC)  OVERALL TIME=   3117.35(SEC)  CPUeff=    100.00%  ITS/HR=    33028.
 28600    0.00001    0.00081    0.00067    0.00007    0.00126    123356
   ITS     RHO        RHO*U      RHO*V       RHO*W      RHO*E      NODE#
 28610    0.00002    0.00121    0.00118    0.00009    0.00211    191718
 28620    0.00001    0.00072    0.00076    0.00010    0.00130    190170
 28630    0.00002    0.00102    0.00078    0.00011    0.00154    123356
 28640    0.00003    0.00115    0.00112    0.00006    0.00220    191036
 28650    0.00003    0.00135    0.00139    0.00008    0.00258    190373
 28660    0.00002    0.00105    0.00101    0.00009    0.00178    191700
 28670    0.00002    0.00095    0.00081    0.00010    0.00184    191700
 28680    0.00002    0.00051    0.00048    0.00004    0.00172    191036
 28690    0.00001    0.00112    0.00111    0.00011    0.00186    190629
 28700    0.00003    0.00117    0.00113    0.00012    0.00207     12633
   ITS     RHO        RHO*U      RHO*V       RHO*W      RHO*E      NODE#
 28710    0.00002    0.00126    0.00096    0.00011    0.00157     15144
 28720    0.00002    0.00135    0.00138    0.00012    0.00236     16818
 28730    0.00002    0.00134    0.00106    0.00011    0.00169     15144
 28740    0.00002    0.00135    0.00137    0.00012    0.00233     16818
 28750    0.00002    0.00135    0.00107    0.00011    0.00179     15144
 28760    0.00002    0.00135    0.00136    0.00012    0.00234     16818
 28770    0.00002    0.00135    0.00107    0.00011    0.00181     15144
 28780    0.00002    0.00131    0.00129    0.00012    0.00225     16818
 28790    0.00002    0.00135    0.00110    0.00012    0.00207     15144
 IT= 28800 CPU=   3139.05(SEC)  OVERALL TIME=   3139.08(SEC)  CPUeff=    100.00%  ITS/HR=    33029.
 28800    0.00002    0.00129    0.00125    0.00012    0.00221     13470
   ITS     RHO        RHO*U      RHO*V       RHO*W      RHO*E      NODE#
 28810    0.00003    0.00077    0.00082    0.00011    0.00196    191478
 28820    0.00001    0.00052    0.00041    0.00006    0.00113    189931
 28830    0.00002    0.00058    0.00046    0.00006    0.00131    191717
 28840    0.00003    0.00057    0.00046    0.00006    0.00201    190594
 28850    0.00003    0.00066    0.00052    0.00005    0.00191    191257
 28860    0.00002    0.00056    0.00044    0.00005    0.00136    190815
 28870    0.00002    0.00059    0.00043    0.00006    0.00180    191257
 28880    0.00003    0.00072    0.00059    0.00006    0.00194    190594
 28890    0.00002    0.00061    0.00045    0.00005    0.00171    191257
 28900    0.00003    0.00071    0.00060    0.00006    0.00198    190594
   ITS     RHO        RHO*U      RHO*V       RHO*W      RHO*E      NODE#
 28910    0.00002    0.00063    0.00046    0.00005    0.00167    191257
 28920    0.00003    0.00071    0.00059    0.00006    0.00204    190594
 28930    0.00003    0.00063    0.00045    0.00006    0.00192    191257
 28940    0.00002    0.00072    0.00055    0.00006    0.00174    191700
 28950    0.00002    0.00071    0.00055    0.00005    0.00176    191700
 28960    0.00002    0.00135    0.00155    0.00014    0.00255     16818
 28970    0.00002    0.00142    0.00139    0.00012    0.00243     16818
 28980    0.00003    0.00068    0.00055    0.00006    0.00234    191478
 28990    0.00003    0.00056    0.00048    0.00006    0.00192    190594
 IT= 29000 CPU=   3160.76(SEC)  OVERALL TIME=   3160.79(SEC)  CPUeff=    100.00%  ITS/HR=    33030.
 29000    0.00003    0.00113    0.00111    0.00006    0.00226    191718
   ITS     RHO        RHO*U      RHO*V       RHO*W      RHO*E      NODE#
 29010    0.00003    0.00059    0.00050    0.00006    0.00206    190594
 29020    0.00002    0.00100    0.00077    0.00012    0.00153    191478
 29030    0.00002    0.00095    0.00082    0.00008    0.00151    191275
 29040    0.00002    0.00137    0.00151    0.00014    0.00269     16818
 29050    0.00001    0.00074    0.00077    0.00010    0.00134    190170
 29060    0.00003    0.00069    0.00055    0.00005    0.00254    190815
 29070    0.00002    0.00138    0.00145    0.00012    0.00241     16818
 29080    0.00002    0.00093    0.00081    0.00011    0.00177    191700
 29090    0.00003    0.00073    0.00057    0.00006    0.00234    191478
 29100    0.00003    0.00070    0.00056    0.00005    0.00194    191700
   ITS     RHO        RHO*U      RHO*V       RHO*W      RHO*E      NODE#
 29110    0.00002    0.00137    0.00147    0.00009    0.00257     16818
 29120    0.00001    0.00113    0.00113    0.00011    0.00202    190629
 29130    0.00002    0.00077    0.00080    0.00011    0.00158    191257
 29140    0.00002    0.00125    0.00122    0.00012    0.00201     12633
 29150    0.00002    0.00101    0.00093    0.00008    0.00164    191700
 29160    0.00001    0.00130    0.00130    0.00012    0.00238    191071
 29170    0.00002    0.00119    0.00120    0.00006    0.00225    191718
 29180    0.00002    0.00048    0.00036    0.00004    0.00173    191036
 29190    0.00002    0.00114    0.00122    0.00014    0.00222    190408
 IT= 29200 CPU=   3182.94(SEC)  OVERALL TIME=   3182.97(SEC)  CPUeff=    100.00%  ITS/HR=    33026.
 29200    0.00003    0.00113    0.00091    0.00009    0.00191    190594
   ITS     RHO        RHO*U      RHO*V       RHO*W      RHO*E      NODE#
 29210    0.00002    0.00058    0.00044    0.00004    0.00149    191257
 29220    0.00001    0.00051    0.00047    0.00004    0.00094    191734
 29230    0.00002    0.00138    0.00146    0.00009    0.00247     16818
 29240    0.00002    0.00116    0.00115    0.00013    0.00196    190629
 29250    0.00001    0.00115    0.00110    0.00013    0.00169    190850
 29260    0.00003    0.00075    0.00078    0.00010    0.00247    191478
 29270    0.00001    0.00107    0.00091    0.00011    0.00150     15144
 29280    0.00002    0.00125    0.00122    0.00012    0.00208     12633
 29290    0.00002    0.00116    0.00097    0.00011    0.00186    191275
 29300    0.00002    0.00135    0.00143    0.00012    0.00243     16818
   ITS     RHO        RHO*U      RHO*V       RHO*W      RHO*E      NODE#
 29310    0.00002    0.00135    0.00107    0.00011    0.00180     15144
 29320    0.00002    0.00136    0.00138    0.00012    0.00234     16818
 29330    0.00002    0.00135    0.00107    0.00011    0.00181     15144
 29340    0.00002    0.00136    0.00137    0.00012    0.00235     16818
 29350    0.00002    0.00136    0.00108    0.00011    0.00186     15144
 29360    0.00002    0.00135    0.00136    0.00012    0.00234     16818
 29370    0.00002    0.00136    0.00108    0.00011    0.00186     15144
 29380    0.00002    0.00135    0.00136    0.00012    0.00234     16818
 29390    0.00002    0.00135    0.00108    0.00011    0.00186     15144
 IT= 29400 CPU=   3204.66(SEC)  OVERALL TIME=   3204.69(SEC)  CPUeff=    100.00%  ITS/HR=    33027.
 29400    0.00002    0.00135    0.00136    0.00012    0.00234     16818
   ITS     RHO        RHO*U      RHO*V       RHO*W      RHO*E      NODE#
 29410    0.00002    0.00134    0.00108    0.00011    0.00184     15144
 29420    0.00002    0.00132    0.00131    0.00012    0.00228     16818
 29430    0.00002    0.00135    0.00109    0.00011    0.00187     15144
 29440    0.00002    0.00119    0.00116    0.00012    0.00211     12633
 29450    0.00002    0.00129    0.00140    0.00011    0.00243     16818
 29460    0.00004    0.00072    0.00056    0.00006    0.00300    190815
 29470    0.00002    0.00115    0.00112    0.00009    0.00186     14307
 29480    0.00002    0.00074    0.00055    0.00004    0.00166    191700
 29490    0.00002    0.00071    0.00055    0.00005    0.00178    191699
 29500    0.00002    0.00117    0.00091    0.00010    0.00161    191275
   ITS     RHO        RHO*U      RHO*V       RHO*W      RHO*E      NODE#
 29510    0.00002    0.00122    0.00116    0.00012    0.00232     12633
 29520    0.00002    0.00122    0.00095    0.00011    0.00154     15144
 29530    0.00002    0.00137    0.00142    0.00012    0.00244     16818
 29540    0.00002    0.00131    0.00105    0.00012    0.00184     15144
 29550    0.00003    0.00107    0.00102    0.00010    0.00231    191257
 29560    0.00001    0.00113    0.00108    0.00011    0.00165    190612
 29570    0.00003    0.00100    0.00081    0.00009    0.00206    190594
 29580    0.00002    0.00077    0.00079    0.00010    0.00148    190373
 29590    0.00001    0.00107    0.00105    0.00010    0.00153     12633
 IT= 29600 CPU=   3226.39(SEC)  OVERALL TIME=   3226.41(SEC)  CPUeff=    100.00%  ITS/HR=    33027.
 29600    0.00002    0.00051    0.00038    0.00005    0.00147    190815
   ITS     RHO        RHO*U      RHO*V       RHO*W      RHO*E      NODE#
 29610    0.00002    0.00134    0.00141    0.00012    0.00244     16818
 29620    0.00002    0.00137    0.00142    0.00008    0.00246     16818
 29630    0.00002    0.00052    0.00050    0.00006    0.00126    190152
 29640    0.00002    0.00056    0.00044    0.00005    0.00122    191478
 29650    0.00002    0.00118    0.00094    0.00011    0.00185    191275
 29660    0.00002    0.00136    0.00142    0.00009    0.00247     16818
 29670    0.00002    0.00080    0.00082    0.00011    0.00158    190170
 29680    0.00001    0.00116    0.00114    0.00012    0.00191    190629
 29690    0.00002    0.00121    0.00123    0.00013    0.00221    190629
 29700    0.00001    0.00029    0.00030    0.00004    0.00085    191257
   ITS     RHO        RHO*U      RHO*V       RHO*W      RHO*E      NODE#
 29710    0.00003    0.00121    0.00138    0.00007    0.00247     16818
 29720    0.00003    0.00081    0.00071    0.00010    0.00191    190373
 29730    0.00002    0.00108    0.00088    0.00009    0.00181    191275
 29740    0.00001    0.00023    0.00023    0.00003    0.00110    191699
 29750    0.00003    0.00115    0.00114    0.00006    0.00225    191718
 29760    0.00003    0.00071    0.00055    0.00006    0.00195    191700
 29770    0.00002    0.00089    0.00079    0.00007    0.00168    191275
 29780    0.00002    0.00075    0.00076    0.00010    0.00137    190170
 29790    0.00002    0.00098    0.00083    0.00007    0.00178    191700
 IT= 29800 CPU=   3248.10(SEC)  OVERALL TIME=   3248.13(SEC)  CPUeff=    100.00%  ITS/HR=    33028.
 29800    0.00002    0.00082    0.00093    0.00013    0.00151    190170
   ITS     RHO        RHO*U      RHO*V       RHO*W      RHO*E      NODE#
 29810    0.00002    0.00123    0.00127    0.00014    0.00252     11796
 29820    0.00003    0.00055    0.00043    0.00005    0.00199    190594
 29830    0.00002    0.00060    0.00044    0.00006    0.00188    191257
 29840    0.00002    0.00070    0.00057    0.00006    0.00184    190594
 29850    0.00002    0.00062    0.00046    0.00005    0.00169    191257
 29860    0.00003    0.00071    0.00059    0.00006    0.00203    190594
 29870    0.00002    0.00063    0.00046    0.00005    0.00158    191257
 29880    0.00003    0.00072    0.00059    0.00006    0.00205    190594
 29890    0.00002    0.00063    0.00047    0.00006    0.00161    191257
 29900    0.00003    0.00072    0.00060    0.00006    0.00204    190594
   ITS     RHO        RHO*U      RHO*V       RHO*W      RHO*E      NODE#
 29910    0.00002    0.00064    0.00048    0.00006    0.00173    191257
 29920    0.00003    0.00072    0.00060    0.00006    0.00203    190594
 29930    0.00002    0.00063    0.00048    0.00006    0.00146    191257
 29940    0.00002    0.00134    0.00152    0.00011    0.00268     16818
 29950    0.00002    0.00134    0.00150    0.00010    0.00261     16818
 29960    0.00002    0.00119    0.00112    0.00008    0.00209    191718
 29970    0.00003    0.00064    0.00045    0.00006    0.00232    191257
 29980    0.00002    0.00055    0.00047    0.00006    0.00180    190594
 29990    0.00002    0.00072    0.00076    0.00011    0.00139    191478
 IT= 30000 CPU=   3269.82(SEC)  OVERALL TIME=   3269.85(SEC)  CPUeff=    100.00%  ITS/HR=    33029.
 30000    0.00003    0.00053    0.00039    0.00004    0.00228    191036
  
  END OF JOB WITH CODE Leo ON 2025 06/10 11:35:50 ELAPSED TIME=    0HRS 54M 31S  491MS
