  
START OF JOB WITH CODE Wand ON 06/10/2025  10:41:03
  
 **************************************************************
 *                                                            *
 *        ----------      CODE Wand      ---------------      *
 *        ---------- COPY RIGHT MATERIAL ---------------      *
 *        -------- AERODYNAMIC SOLUTIONS INC -----------      *
 *                                                            *
 *                        CODE HISTORY                        *
 *     ***** Release:  Code Wand version  11.24.08    ******  *
 *                                                            *
 **************************************************************
  
 IN AIRIN: READ AIRIN.LIST
 INTYPE OUTYPE  IGRID  IPOSS ICLS  IWAL   IFAN    ILEO
    -3     6     1     1     3    10     3     0
 ***BETTER TIP CLEARANCE MESH IS ON***
     0     0     0
 IBLADE  KSPAN  ADVD
           3
 NART =           0
    -5    65     1     0
  ADVD =           1
 IWIND,NART           0           0
 IUP    IDW     JGAP
    25    33    41     0    41
 IPOSS,IHCDT           1           0
 NFILES    IPLOT    NITER
 IGAMMA =           0
     4     1  8000     1
 2          41          41
 FILENAME                                                                       
  
blade0.agf                                                                      
 IUP    IDW     JGP 
          25          17          41
 ADVD,OJLOC           1          41
blade1.agf                                                                      
 IUP    IDW     JGP 
          25          17          41
 ADVD,OJLOC           1          41
blade2.agf                                                                      
 IUP    IDW     JGP 
          25          17          41
 ADVD,OJLOC           1          41
blade3.agf                                                                      
 IUP    IDW     JGP 
          25          33          41
 ADVD,OJLOC           1          41
 IPOSS =            1 IF IPOSS = 1, LAPLACE MESH USED
 3          41          41
 before grd-control
 GRID-CONTROL : T
 OMESH-MULT   :   1.000000    
 LETE-OPT     :           0
 UPSTR_ENDWALL: F
 DWALL_OMESH  :  4.9999999E-05
 DUCT_EXT_JM  :          21
 HMESHDW-TEA  : F
 NO_FAN_DUCT  : F
 K_MESH_NEW   : F
 END OF RDAIRIN
  
 IFORM =           0
 IN ADMESHGEN
 INPUT FILE NAME = 
 blade0.agf                                                                     
  
 blade0.agf                                                                     
  
 intype =           3
 INTYPE =           3
 TITLE OF THE CASE
 EEE-HPT-0                                                                      
  
 NBLADE  Nbnode Nspan Ity  Iym  Tcls Hcls  Lete   Isplit
    46   798     5     5     0     1     0    10     0
 UNITS  NPROF  IFANG   HBL   TBL  TFREE   LFREE
     1     1     0   1.00000   1.00000   0.01000   0.00039
           5
      Rpm          Gamma      GAS-CONT      Psout      Twall   MOLECULAR-WEIGHT
      0.0000      1.3000   1716.4199 230300.0000      0.0000     28.9600
       %SPAN       Machin     Ptin        Ttin        Alphin       Phi
     50.0000      0.20001257514.0000   1587.0000      0.0000      0.0000
    XHUP        ZHUP        XTUP        ZTUP
   6273.8008    306.1649   6273.8018    374.4167
    XHDW        ZHDW        XTDW        ZTDW
   6553.2002    318.0870   6553.2002    399.1846
    XSHIFT       ROTA       XSCALE      YSCALE     ZSCALE
 YSCALE =   1.000000     BLDGAP =  0.0000000E+00
  0.0000000E+00  0.0000000E+00   1.000000       1.000000       1.000000    
  0.0000000E+00           0
     Tclle      Tclmc       Tclte
      0.0000      0.0000      0.0000
     Hclle      Hclmc       Hclte
      0.0000      0.0000      0.0000
 *NHT                                                                           
  
   200
 *ENDWALL                                                                       
  
    16273.80078 306.164896273.80176 374.41669
    26275.15527 306.622996275.23584 374.46600
    36276.50879 307.085786276.67041 374.50220
    46277.85986 307.553416278.10498 374.52521
    56279.20996 308.025516279.53955 374.53491
    66280.55811 308.502416280.97412 374.53110
    76281.90479 308.984016282.40869 374.51379
    86283.24951 309.470316283.84326 374.48279
    96284.59277 309.961306285.27734 374.43811
   106285.93408 310.457316286.71094 374.37939
   116287.27344 310.957896288.14355 374.30670
   126288.61133 311.463416289.57568 374.22000
   136289.94727 311.973696291.00684 374.11911
   146291.28125 312.488806292.43701 374.00400
   156292.61328 313.008916293.86621 373.87460
   166293.94385 313.533696295.29346 373.73090
   176295.27197 314.063606296.71973 373.57269
   186296.59814 314.598396298.14404 373.40009
   196297.92236 315.138096299.56641 373.21301
   206299.24463 315.682896300.98682 373.01141
   216300.56494 316.232706302.40527 372.79529
   226301.88281 316.787416303.82129 372.56451
   236303.19922 317.347116305.23486 372.31940
   246304.51270 317.912116306.64600 372.05960
   256305.82422 318.482096308.05322 371.78000
   266307.13428 319.055606309.45508 371.47330
   276308.44580 319.625706310.84814 371.13000
   286309.76270 320.183816312.22949 370.74200
   296311.08789 320.721196313.60010 370.31689
   306312.42432 321.229406314.96289 369.86829
   316313.77295 321.705606316.32422 369.41541
   326315.13135 322.151796317.69043 368.97769
   336316.49902 322.570106319.06543 368.56689
   346317.87402 322.962406320.44971 368.19019
   356319.25586 323.330606321.84277 367.84610
   366320.64404 323.674716323.24219 367.53030
   376322.03809 323.993716324.64746 367.24020
   386323.43750 324.286906326.05762 366.97449
   396324.84277 324.553596327.47168 366.73349
   406326.25244 324.793406328.89014 366.51761
   416327.66650 325.006506330.31250 366.32770
   426329.08447 325.192996331.73779 366.16422
   436330.50537 325.353096333.16602 366.02802
   446331.92920 325.487006334.59668 365.91959
   456333.35498 325.594306336.02930 365.84070
   466334.78320 325.674416337.46338 365.79251
   476336.21191 325.726816338.89795 365.76999
   486337.64209 325.751106340.33301 365.76630
   496339.07178 325.755496341.76758 365.78180
   506340.50195 325.752596343.20166 365.81961
   516341.93213 325.743016344.63525 365.87350
   526343.36133 325.704506346.06885 365.93280
   536344.78564 325.578316347.50293 365.98499
   546346.20410 325.395696348.93701 366.01831
   556347.62598 325.243996350.37158 366.03751
   566349.05420 325.171116351.80664 366.05460
   576350.48340 325.136296353.24072 366.07349
   586351.91357 325.116396354.67529 366.09360
   596353.34375 325.113016356.10986 366.11411
   606354.77344 325.100716357.54492 366.13409
   616356.20361 325.079106358.97949 366.15280
   626357.63330 325.044496360.41406 366.16919
   636359.06250 324.997016361.84863 366.18240
   646360.49121 324.937596363.28320 366.19141
   656361.91943 324.867006364.71777 366.19540
   666363.34717 324.785896366.15283 366.19339
   676364.77441 324.695016367.58740 366.18439
   686366.20117 324.595316369.02197 366.16721
   696367.62695 324.487216370.45654 366.14160
   706369.05225 324.371706371.89111 366.10751
   716370.47754 324.249516373.32520 366.06180
   726371.90137 324.121406374.75830 366.00110
   736373.32520 323.987926376.19189 365.94299
   746374.74902 323.850016377.62744 365.91919
   756376.17188 323.708406379.06201 365.96240
   766377.59473 323.563696380.48926 366.10040
   776379.01709 323.416816381.91113 366.29379
   786380.43945 323.268316383.33643 366.46021
   796381.86182 323.118716384.76562 366.58539
   806383.28369 322.968816386.19580 366.70541
   816384.70605 322.818706387.62354 366.84399
   826386.12793 322.668916389.04834 367.01480
   836387.55029 322.519906390.46826 367.22021
   846388.97266 322.371896391.88379 367.45432
   856390.39502 322.224096393.29541 367.71069
   866391.81738 322.075106394.70410 367.98380
   876393.23926 321.923806396.10938 368.27139
   886394.66113 321.768496397.51172 368.57520
   896396.08203 321.605996398.91016 368.89740
   906397.50146 321.431406400.30273 369.24109
   916398.91846 321.238406401.69043 369.60669
   926400.33154 321.021006403.07227 369.99231
   936401.74072 320.775306404.44971 370.39459
   946403.14404 320.502016405.82324 370.80939
   956404.54297 320.203706407.19385 371.23221
   966405.93652 319.883096408.56396 371.65869
   976407.32520 319.542796409.93311 372.08640
   986408.71045 319.187296411.30273 372.51501
   996410.09375 318.823796412.67139 372.94470
  1006411.47656 318.459416414.03955 373.37659
  1016412.86133 318.101816415.40771 373.80899
  1026414.24854 317.754796416.77686 374.23801
  1036415.63818 317.418006418.14844 374.65939
  1046417.03076 317.091406419.52295 375.06909
  1056418.42480 316.774416420.90234 375.46460
  1066419.82178 316.466896422.28564 375.84491
  1076421.22021 316.168706423.67334 376.20959
  1086422.62109 315.879916425.06494 376.55899
  1096424.02344 315.600806426.45996 376.89331
  1106425.42773 315.331606427.85889 377.21240
  1116426.83447 315.072516429.26123 377.51620
  1126428.24268 314.823706430.66650 377.80460
  1136429.65283 314.585116432.07520 378.07761
  1146431.06445 314.356906433.48682 378.33521
  1156432.47754 314.139016434.90088 378.57721
  1166433.89258 313.931406436.31738 378.80331
  1176435.30908 313.733706437.73682 379.01340
  1186436.72656 313.545686439.15869 379.20731
  1196438.14551 313.366916440.58203 379.38510
  1206439.56543 313.196996442.00781 379.54730
  1216440.98633 313.036806443.43506 379.69449
  1226442.40869 312.887086444.86328 379.82700
  1236443.83203 312.748996446.29346 379.94620
  1246445.25684 312.623606447.72412 380.05481
  1256446.68213 312.510196449.15527 380.15561
  1266448.10840 312.404606450.58643 380.25171
  1276449.53467 312.301916452.01807 380.34659
  1286450.96094 312.196996453.44971 380.44421
  1296452.38672 312.085606454.88037 380.54639
  1306453.81201 311.967596456.31152 380.65201
  1316455.23682 311.845496457.74219 380.75839
  1326456.66113 311.721896459.17334 380.86050
  1336458.08594 311.599006460.60498 380.95370
  1346459.51123 311.479496462.03760 381.03391
  1356460.93652 311.365816463.47070 381.09921
  1366462.36279 311.260506464.90479 381.15030
  1376463.79004 311.166116466.33887 381.18860
  1386465.21777 311.084816467.77344 381.21509
  1396466.64600 311.016516469.20801 381.23090
  1406468.07520 310.960606470.64258 381.23709
  1416469.50439 310.916206472.07764 381.23480
  1426470.93408 310.882396473.51221 381.22519
  1436472.36377 310.858406474.94678 381.20929
  1446473.79395 310.843416476.38135 381.18829
  1456475.22412 310.836496477.81592 381.16321
  1466476.65381 310.836916479.25049 381.13519
  1476478.08398 310.843816480.68457 381.10541
  1486479.51416 310.856296482.11914 381.07489
  1496480.94385 310.873606483.55371 381.04480
  1506482.37402 310.894816484.98779 381.01620
  1516483.80371 310.919196486.42236 380.99011
  1526485.23340 310.945896487.85693 380.96780
  1536486.66309 310.974006489.29150 380.95029
  1546488.09326 311.002816490.72607 380.93869
  1556489.52295 311.031496492.16113 380.93411
  1566490.95264 311.059116493.59570 380.93771
  1576492.38232 311.084906495.03027 380.95050
  1586493.81250 311.108006496.46484 380.97351
  1596495.24219 311.127696497.89941 381.00790
  1606496.67236 311.143016499.33301 381.05600
  1616498.10254 311.153116500.76660 381.12100
  1626499.53223 311.158116502.19873 381.20801
  1636500.96240 311.158816503.62891 381.32129
  1646502.39258 311.155916505.05664 381.46210
  1656503.82275 311.150516506.48145 381.63110
  1666505.25244 311.143806507.90283 381.82819
  1676506.68262 311.139016509.31982 382.05301
  1686508.11279 311.140506510.73242 382.30411
  1696509.54297 311.152716512.14062 382.58020
  1706510.97266 311.178016513.54346 382.87991
  1716512.40234 311.217196514.94189 383.20151
  1726513.83105 311.271006516.33496 383.54401
  1736515.25977 311.339906517.72363 383.90640
  1746516.68701 311.424416519.10645 384.28760
  1756518.11377 311.524416520.48486 384.68640
  1766519.53906 311.639596521.85791 385.10220
  1776520.96338 311.769596523.22607 385.53409
  1786522.38574 311.914316524.58936 385.98111
  1796523.80713 312.073306525.94775 386.44281
  1806525.22656 312.246196527.30127 386.91910
  1816526.64453 312.432806528.64941 387.41010
  1826528.06055 312.632696529.99219 387.91571
  1836529.47461 312.845316531.32910 388.43591
  1846530.88672 313.070506532.66064 388.97070
  1856532.29736 313.307896533.98584 389.52011
  1866533.70557 313.557016535.30518 390.08359
  1876535.11133 313.817696536.61914 390.66071
  1886536.51562 314.089396537.92676 391.25110
  1896537.91748 314.371706539.22852 391.85419
  1906539.31738 314.664496540.52441 392.46960
  1916540.71484 314.967196541.81494 393.09698
  1926542.11035 315.279396543.09961 393.73560
  1936543.50391 315.601206544.37891 394.38510
  1946544.89502 315.931796545.65283 395.04471
  1956546.28418 316.271216546.92188 395.71399
  1966547.67139 316.618806548.18652 396.39240
  1976549.05664 316.974796549.44580 397.07910
  1986550.43994 317.338106550.70117 397.77371
  1996551.82080 317.708896551.95264 398.47559
  2006553.20020 318.087016553.20020 399.18460
 INTYPE,NBLADE,IBLD,KSPAN,IHT,LEBOA,TEBOA
   -3   46  798    5  200   1.00000   1.00000
 TITLE =
 EEE-HPT-0                                                                      
  
 complete getdims
 NBK =           7
 IN GRIDDIM WITH OUTYPE =           4
 1 OJIN,OJSV          25          13
      BCK#      NS       ES       IM       JM       KM          NE       EE
        1        0        0       61        9        9     4941     3840
        2     4941     3840       61       13        9    12078     9600
        3    12078     9600       65        9        9    17343    13696
        4    17343    13696       23        9        9    19206    15104
        5    19206    15104       15        9        9    20421    16000
        6    20421    16000       65        5       17    25946    20096
        7    25946    20096       65        5        5    27571    21120
 
      BCK#     IM        JM        KM
 
  BEFORE READMESHIX           0
        1       61        9        9
        2       61       13        9
        3       65        9        9
        4       23        9        9
        5       15        9        9
        6       65        5       17
        7       65        5        5
 MESHIN,DWAL,DWAL_OMESH           1  4.9999999E-05  4.9999999E-05
 a.im,jm,km          61          21           9           7
 
 TOTAL NUMBER OF NODES =       26986       26986           7
 after x,y,z
 after xo,yo,zo
 NHT =         400  OSPAN =           9  IHT =         200
  IGRID =           1  OSPAN =           9  NSPAN =           5
  IGRID =           1  OSPAN =           9  NSPAN =           5
  ********NSPSV =           5  KM =           9  NSPAN =           5
 TCLS =            0  NBK =           7
 HCLS =            0  NB  =           6
 INEW =            3  NB  =           7
  A NB =           7
        1        0        0       61        9        9        1
        2     4941     3840       61       13        9        1
        3    12078     9600       65        9        9        1
        4    17343    13696       23        9        9        1
        5    19206    15104       15        9        9        1
  
 IN AIRFOILIN
 INPUT geometry file NAME = blade0.agf
 NFIN.GT.1.AND.NLOOP.EQ.1.AND.IFACE.EQ.0           1           2           0
 iht =         200
           1   6273.801       306.1649       6273.802       374.4167    
           2   6275.155       306.6230       6275.236       374.4660    
           3   6276.509       307.0858       6276.670       374.5022    
           4   6277.860       307.5534       6278.105       374.5252    
           5   6279.210       308.0255       6279.540       374.5349    
           6   6280.558       308.5024       6280.974       374.5311    
           7   6281.905       308.9840       6282.409       374.5138    
           8   6283.250       309.4703       6283.843       374.4828    
           9   6284.593       309.9613       6285.277       374.4381    
          10   6285.934       310.4573       6286.711       374.3794    
          11   6287.273       310.9579       6288.144       374.3067    
          12   6288.611       311.4634       6289.576       374.2200    
          13   6289.947       311.9737       6291.007       374.1191    
          14   6291.281       312.4888       6292.437       374.0040    
          15   6292.613       313.0089       6293.866       373.8746    
          16   6293.944       313.5337       6295.293       373.7309    
          17   6295.272       314.0636       6296.720       373.5727    
          18   6296.598       314.5984       6298.144       373.4001    
          19   6297.922       315.1381       6299.566       373.2130    
          20   6299.245       315.6829       6300.987       373.0114    
          21   6300.565       316.2327       6302.405       372.7953    
          22   6301.883       316.7874       6303.821       372.5645    
          23   6303.199       317.3471       6305.235       372.3194    
          24   6304.513       317.9121       6306.646       372.0596    
          25   6305.824       318.4821       6308.053       371.7800    
          26   6307.134       319.0556       6309.455       371.4733    
          27   6308.446       319.6257       6310.848       371.1300    
          28   6309.763       320.1838       6312.229       370.7420    
          29   6311.088       320.7212       6313.600       370.3169    
          30   6312.424       321.2294       6314.963       369.8683    
          31   6313.773       321.7056       6316.324       369.4154    
          32   6315.131       322.1518       6317.690       368.9777    
          33   6316.499       322.5701       6319.065       368.5669    
          34   6317.874       322.9624       6320.450       368.1902    
          35   6319.256       323.3306       6321.843       367.8461    
          36   6320.644       323.6747       6323.242       367.5303    
          37   6322.038       323.9937       6324.647       367.2402    
          38   6323.438       324.2869       6326.058       366.9745    
          39   6324.843       324.5536       6327.472       366.7335    
          40   6326.252       324.7934       6328.890       366.5176    
          41   6327.667       325.0065       6330.312       366.3277    
          42   6329.084       325.1930       6331.738       366.1642    
          43   6330.505       325.3531       6333.166       366.0280    
          44   6331.929       325.4870       6334.597       365.9196    
          45   6333.355       325.5943       6336.029       365.8407    
          46   6334.783       325.6744       6337.463       365.7925    
          47   6336.212       325.7268       6338.898       365.7700    
          48   6337.642       325.7511       6340.333       365.7663    
          49   6339.072       325.7555       6341.768       365.7818    
          50   6340.502       325.7526       6343.202       365.8196    
          51   6341.932       325.7430       6344.635       365.8735    
          52   6343.361       325.7045       6346.069       365.9328    
          53   6344.786       325.5783       6347.503       365.9850    
          54   6346.204       325.3957       6348.937       366.0183    
          55   6347.626       325.2440       6350.372       366.0375    
          56   6349.054       325.1711       6351.807       366.0546    
          57   6350.483       325.1363       6353.241       366.0735    
          58   6351.914       325.1164       6354.675       366.0936    
          59   6353.344       325.1130       6356.110       366.1141    
          60   6354.773       325.1007       6357.545       366.1341    
          61   6356.204       325.0791       6358.979       366.1528    
          62   6357.633       325.0445       6360.414       366.1692    
          63   6359.062       324.9970       6361.849       366.1824    
          64   6360.491       324.9376       6363.283       366.1914    
          65   6361.919       324.8670       6364.718       366.1954    
          66   6363.347       324.7859       6366.153       366.1934    
          67   6364.774       324.6950       6367.587       366.1844    
          68   6366.201       324.5953       6369.022       366.1672    
          69   6367.627       324.4872       6370.457       366.1416    
          70   6369.052       324.3717       6371.891       366.1075    
          71   6370.478       324.2495       6373.325       366.0618    
          72   6371.901       324.1214       6374.758       366.0011    
          73   6373.325       323.9879       6376.192       365.9430    
          74   6374.749       323.8500       6377.627       365.9192    
          75   6376.172       323.7084       6379.062       365.9624    
          76   6377.595       323.5637       6380.489       366.1004    
          77   6379.017       323.4168       6381.911       366.2938    
          78   6380.439       323.2683       6383.336       366.4602    
          79   6381.862       323.1187       6384.766       366.5854    
          80   6383.284       322.9688       6386.196       366.7054    
          81   6384.706       322.8187       6387.624       366.8440    
          82   6386.128       322.6689       6389.048       367.0148    
          83   6387.550       322.5199       6390.468       367.2202    
          84   6388.973       322.3719       6391.884       367.4543    
          85   6390.395       322.2241       6393.295       367.7107    
          86   6391.817       322.0751       6394.704       367.9838    
          87   6393.239       321.9238       6396.109       368.2714    
          88   6394.661       321.7685       6397.512       368.5752    
          89   6396.082       321.6060       6398.910       368.8974    
          90   6397.501       321.4314       6400.303       369.2411    
          91   6398.918       321.2384       6401.690       369.6067    
          92   6400.332       321.0210       6403.072       369.9923    
          93   6401.741       320.7753       6404.450       370.3946    
          94   6403.144       320.5020       6405.823       370.8094    
          95   6404.543       320.2037       6407.194       371.2322    
          96   6405.937       319.8831       6408.564       371.6587    
          97   6407.325       319.5428       6409.933       372.0864    
          98   6408.710       319.1873       6411.303       372.5150    
          99   6410.094       318.8238       6412.671       372.9447    
         100   6411.477       318.4594       6414.040       373.3766    
         101   6412.861       318.1018       6415.408       373.8090    
         102   6414.249       317.7548       6416.777       374.2380    
         103   6415.638       317.4180       6418.148       374.6594    
         104   6417.031       317.0914       6419.523       375.0691    
         105   6418.425       316.7744       6420.902       375.4646    
         106   6419.822       316.4669       6422.286       375.8449    
         107   6421.220       316.1687       6423.673       376.2096    
         108   6422.621       315.8799       6425.065       376.5590    
         109   6424.023       315.6008       6426.460       376.8933    
         110   6425.428       315.3316       6427.859       377.2124    
         111   6426.834       315.0725       6429.261       377.5162    
         112   6428.243       314.8237       6430.667       377.8046    
         113   6429.653       314.5851       6432.075       378.0776    
         114   6431.064       314.3569       6433.487       378.3352    
         115   6432.478       314.1390       6434.901       378.5772    
         116   6433.893       313.9314       6436.317       378.8033    
         117   6435.309       313.7337       6437.737       379.0134    
         118   6436.727       313.5457       6439.159       379.2073    
         119   6438.146       313.3669       6440.582       379.3851    
         120   6439.565       313.1970       6442.008       379.5473    
         121   6440.986       313.0368       6443.435       379.6945    
         122   6442.409       312.8871       6444.863       379.8270    
         123   6443.832       312.7490       6446.293       379.9462    
         124   6445.257       312.6236       6447.724       380.0548    
         125   6446.682       312.5102       6449.155       380.1556    
         126   6448.108       312.4046       6450.586       380.2517    
         127   6449.535       312.3019       6452.018       380.3466    
         128   6450.961       312.1970       6453.450       380.4442    
         129   6452.387       312.0856       6454.880       380.5464    
         130   6453.812       311.9676       6456.312       380.6520    
         131   6455.237       311.8455       6457.742       380.7584    
         132   6456.661       311.7219       6459.173       380.8605    
         133   6458.086       311.5990       6460.605       380.9537    
         134   6459.511       311.4795       6462.038       381.0339    
         135   6460.937       311.3658       6463.471       381.0992    
         136   6462.363       311.2605       6464.905       381.1503    
         137   6463.790       311.1661       6466.339       381.1886    
         138   6465.218       311.0848       6467.773       381.2151    
         139   6466.646       311.0165       6469.208       381.2309    
         140   6468.075       310.9606       6470.643       381.2371    
         141   6469.504       310.9162       6472.078       381.2348    
         142   6470.934       310.8824       6473.512       381.2252    
         143   6472.364       310.8584       6474.947       381.2093    
         144   6473.794       310.8434       6476.381       381.1883    
         145   6475.224       310.8365       6477.816       381.1632    
         146   6476.654       310.8369       6479.250       381.1352    
         147   6478.084       310.8438       6480.685       381.1054    
         148   6479.514       310.8563       6482.119       381.0749    
         149   6480.944       310.8736       6483.554       381.0448    
         150   6482.374       310.8948       6484.988       381.0162    
         151   6483.804       310.9192       6486.422       380.9901    
         152   6485.233       310.9459       6487.857       380.9678    
         153   6486.663       310.9740       6489.292       380.9503    
         154   6488.093       311.0028       6490.726       380.9387    
         155   6489.523       311.0315       6492.161       380.9341    
         156   6490.953       311.0591       6493.596       380.9377    
         157   6492.382       311.0849       6495.030       380.9505    
         158   6493.812       311.1080       6496.465       380.9735    
         159   6495.242       311.1277       6497.899       381.0079    
         160   6496.672       311.1430       6499.333       381.0560    
         161   6498.103       311.1531       6500.767       381.1210    
         162   6499.532       311.1581       6502.199       381.2080    
         163   6500.962       311.1588       6503.629       381.3213    
         164   6502.393       311.1559       6505.057       381.4621    
         165   6503.823       311.1505       6506.481       381.6311    
         166   6505.252       311.1438       6507.903       381.8282    
         167   6506.683       311.1390       6509.320       382.0530    
         168   6508.113       311.1405       6510.732       382.3041    
         169   6509.543       311.1527       6512.141       382.5802    
         170   6510.973       311.1780       6513.543       382.8799    
         171   6512.402       311.2172       6514.942       383.2015    
         172   6513.831       311.2710       6516.335       383.5440    
         173   6515.260       311.3399       6517.724       383.9064    
         174   6516.687       311.4244       6519.106       384.2876    
         175   6518.114       311.5244       6520.485       384.6864    
         176   6519.539       311.6396       6521.858       385.1022    
         177   6520.963       311.7696       6523.226       385.5341    
         178   6522.386       311.9143       6524.589       385.9811    
         179   6523.807       312.0733       6525.948       386.4428    
         180   6525.227       312.2462       6527.301       386.9191    
         181   6526.645       312.4328       6528.649       387.4101    
         182   6528.061       312.6327       6529.992       387.9157    
         183   6529.475       312.8453       6531.329       388.4359    
         184   6530.887       313.0705       6532.661       388.9707    
         185   6532.297       313.3079       6533.986       389.5201    
         186   6533.706       313.5570       6535.305       390.0836    
         187   6535.111       313.8177       6536.619       390.6607    
         188   6536.516       314.0894       6537.927       391.2511    
         189   6537.917       314.3717       6539.229       391.8542    
         190   6539.317       314.6645       6540.524       392.4696    
         191   6540.715       314.9672       6541.815       393.0970    
         192   6542.110       315.2794       6543.100       393.7356    
         193   6543.504       315.6012       6544.379       394.3851    
         194   6544.895       315.9318       6545.653       395.0447    
         195   6546.284       316.2712       6546.922       395.7140    
         196   6547.671       316.6188       6548.187       396.3924    
         197   6549.057       316.9748       6549.446       397.0791    
         198   6550.440       317.3381       6550.701       397.7737    
         199   6551.821       317.7089       6551.953       398.4756    
         200   6553.200       318.0870       6553.200       399.1846    
   247.0000       247.0001       258.0000       258.0000    
 SECTION =            1  OUT OF            5
 SECTION =            2  OUT OF            5
 SECTION =            3  OUT OF            5
 SECTION =            4  OUT OF            5
 SECTION =            5  OUT OF            5
 ENDWALL FINISH NHT         400
 ENDWALL FINISH NHT         400
 ENTERING WH_ENDWALL_ORDER
 INTYPE           3
 STARTING TO SCALE THE AIRFOIL
 STARTING TO ROTATING THE AIRFOIL
 LININ =           1  LETE =           0
 COMPLETE THE AIRFOILIN
 EEE-HPT-0                                                                      
  
 before XRgrid ospan           9           2           5
 NB1 =            1  NB2 =            0
 IFAN =            3
 before bladexyrgd           9           2           5
 
  IN BLADEXYRGD: GETTING INITIAL LEDIA AND TEDIA         798
 
        K      NBNEW      IXMN      LETE      ITYY     LED-in      TED-in     XatIXMN     Tatixmn    RatIXMN    LEMA(DEG)     TEMA(DEG)  CHORD
         1       799       389         0         3   -0.128767   -0.090562  248.261414   -1.835494   12.547556  -10.122206   70.550598    2.330350
         2       799       388         0         3   -0.133985   -0.085312  248.261276   -1.909704   13.057481   -9.989444   71.255287    2.325370
         3       799       391         0         3   -0.156308   -0.075050  248.260071   -2.046139   13.942760   -8.085695   73.238106    2.444451
         4       799       394         0         3   -0.194343   -0.054615  248.258560   -2.201777   14.832522  -11.208342   73.853485    2.599227
         5       799       392         0         3   -0.289628   -0.055080  248.258957   -2.214230   14.964452    0.000000   74.585564    2.597263
  
    3    1     248.26007      -2.04614     248.26007      -2.04614      13.94276      13.94276
    3    2     248.26605      -2.01256     248.26399      -2.08668      13.93839      13.94897
    3    3     248.28775      -1.96958     248.28416      -2.14391      13.93392      13.95900
    3    4     248.32222      -1.93245     248.31752      -2.20083      13.93116      13.97004
    3    5     248.36565      -1.88792     248.36078      -2.24457      13.92776      13.97954
    3    6     248.41374      -1.83714     248.40939      -2.27378      13.92324      13.98647
    3    7     248.46172      -1.78463     248.45834      -2.28995      13.91763      13.99032
    3    8     248.51250      -1.72534     248.51053      -2.29522      13.91003      13.99104
    3    9     248.56564      -1.66082     248.56535      -2.29063      13.90058      13.98862
    3   10     248.62076      -1.59267     248.62221      -2.27640      13.88975      13.98334
    3   11     248.67752      -1.52095     248.68062      -2.25160      13.87809      13.97561
    3   12     248.73564      -1.44556     248.74014      -2.21545      13.86626      13.96604
    3   13     248.79474      -1.36625     248.80035      -2.16634      13.85470      13.95489
    3   14     248.85446      -1.28302     248.86076      -2.10241      13.84369      13.94219
    3   15     248.91437      -1.19631     248.92087      -2.02135      13.83324      13.92769
    3   16     248.97401      -1.10677     248.98016      -1.92293      13.82335      13.91151
    3   17     249.03297      -1.01497     249.03822      -1.80654      13.81405      13.89387
    3   18     249.09082      -0.92133     249.09496      -1.67920      13.80541      13.87601
    3   19     249.14714      -0.82640     249.14998      -1.54074      13.79751      13.85824
    3   20     249.20152      -0.73075     249.20303      -1.39404      13.79044      13.84118
    3   21     249.25349      -0.63359     249.25385      -1.24091      13.78418      13.82526
    3   22     249.30269      -0.53873     249.30205      -1.08441      13.77892      13.81095
    3   23     249.34863      -0.44650     249.34729      -0.92724      13.77461      13.79854
    3   24     249.39090      -0.35835     249.38924      -0.77903      13.77121      13.78858
    3   25     249.42906      -0.27634     249.42734      -0.64049      13.76868      13.78082
    3   26     249.46266      -0.20234     249.46106      -0.51488      13.76693      13.77509
    3   27     249.49127      -0.13804     249.48988      -0.40522      13.76580      13.77108
    3   28     249.51445      -0.08508     249.51332      -0.31425      13.76515      13.76849
    3   29     249.53763      -0.03177     249.53682      -0.22223      13.76471      13.76648
    3   30     249.55856       0.01355     249.55804      -0.13545      13.76456      13.76522
    3   31     249.57516       0.01803     249.57492      -0.06724      13.76452      13.76468
    3   32     249.58582       0.01085     249.58575      -0.02217      13.76449      13.76450
    3   33     249.58949      -0.00257     249.58949      -0.00257      13.76448      13.76448
 
    K    I     XS1       YS1       XS2       YS2       ZS1       ZS2
    3    1     248.26007      -2.04614     248.26007      -2.04614      13.94276      13.94276
    3    2     248.26605      -2.01256     248.26399      -2.08668      13.93839      13.94897
    3    3     248.28775      -1.96958     248.28416      -2.14391      13.93392      13.95900
    3    4     248.32222      -1.93245     248.31752      -2.20083      13.93116      13.97004
    3    5     248.36565      -1.88792     248.36078      -2.24457      13.92776      13.97954
    3    6     248.41374      -1.83714     248.40939      -2.27378      13.92324      13.98647
    3    7     248.46172      -1.78463     248.45834      -2.28995      13.91763      13.99032
    3    8     248.51250      -1.72534     248.51053      -2.29522      13.91003      13.99104
    3    9     248.56564      -1.66082     248.56535      -2.29063      13.90058      13.98862
    3   10     248.62076      -1.59267     248.62221      -2.27640      13.88975      13.98334
    3   11     248.67752      -1.52095     248.68062      -2.25160      13.87809      13.97561
    3   12     248.73564      -1.44556     248.74014      -2.21545      13.86626      13.96604
    3   13     248.79474      -1.36625     248.80035      -2.16634      13.85470      13.95489
    3   14     248.85446      -1.28302     248.86076      -2.10241      13.84369      13.94219
    3   15     248.91437      -1.19631     248.92087      -2.02135      13.83324      13.92769
    3   16     248.97401      -1.10677     248.98016      -1.92293      13.82335      13.91151
    3   17     249.03297      -1.01497     249.03822      -1.80654      13.81405      13.89387
    3   18     249.09082      -0.92133     249.09496      -1.67920      13.80541      13.87601
    3   19     249.14714      -0.82640     249.14998      -1.54074      13.79751      13.85824
    3   20     249.20152      -0.73075     249.20303      -1.39404      13.79044      13.84118
    3   21     249.25349      -0.63359     249.25385      -1.24091      13.78418      13.82526
    3   22     249.30269      -0.53873     249.30205      -1.08441      13.77892      13.81095
    3   23     249.34863      -0.44650     249.34729      -0.92724      13.77461      13.79854
    3   24     249.39090      -0.35835     249.38924      -0.77903      13.77121      13.78858
    3   25     249.42906      -0.27634     249.42734      -0.64049      13.76868      13.78082
    3   26     249.46266      -0.20234     249.46106      -0.51488      13.76693      13.77509
    3   27     249.49127      -0.13804     249.48988      -0.40522      13.76580      13.77108
    3   28     249.51445      -0.08508     249.51332      -0.31425      13.76515      13.76849
    3   29     249.53763      -0.03177     249.53682      -0.22223      13.76471      13.76648
    3   30     249.55856       0.01355     249.55804      -0.13545      13.76456      13.76522
    3   31     249.57516       0.01803     249.57492      -0.06724      13.76452      13.76468
    3   32     249.58582       0.01085     249.58575      -0.02217      13.76449      13.76450
    3   33     249.58949      -0.00257     249.58949      -0.00257      13.76448      13.76448
 COMPLETE BLADEXYRGD 
 
 IN AIRFOILOT: GENERATE A IMPROVE AIRFOIL DEFINITION
               CREATING A SECTION FILE
 before INTERCIPT           9           2           5
 IN INTERCIPT          33          33           5           9          61
 IN INTERCIPT WITH OSPAN =           9
 OUT OF INTERCIPT
 INPUT FILE NAME = 
 blade1.agf                                                                     
  
 blade1.agf                                                                     
  
 intype =           3
 INTYPE =           3
 TITLE OF THE CASE
 EEE-HPT-1                                                                      
  
 NBLADE  Nbnode Nspan Ity  Iym  Tcls Hcls  Lete   Isplit
    76   798     5     5     0     1     0    10     0
 UNITS  NPROF  IFANG   HBL   TBL  TFREE   LFREE
     1     1     0   1.00000   1.00000   0.01000   0.00039
           5
      Rpm          Gamma      GAS-CONT      Psout      Twall   MOLECULAR-WEIGHT
  12400.0000      1.3000   1716.4199 230300.0000      0.0000     28.9600
       %SPAN       Machin     Ptin        Ttin        Alphin       Phi
     50.0000      0.20001257514.0000   1587.0000      0.0000      0.0000
    XHUP        ZHUP        XTUP        ZTUP
   6273.8008    306.1649   6273.8018    374.4167
    XHDW        ZHDW        XTDW        ZTDW
   6553.2002    318.0870   6553.2002    399.1846
    XSHIFT       ROTA       XSCALE      YSCALE     ZSCALE
 YSCALE =   1.000000     BLDGAP =  0.1365910    
  0.0000000E+00  0.0000000E+00   1.000000       1.000000       1.000000    
  0.0000000E+00           0
     Tclle      Tclmc       Tclte
      0.0000      0.0000      0.0000
     Hclle      Hclmc       Hclte
      0.0000      0.0000      0.0000
 *NHT                                                                           
  
   200
 *ENDWALL                                                                       
  
    16273.80078 306.164896273.80176 374.41669
    26275.15527 306.622996275.23584 374.46600
    36276.50879 307.085786276.67041 374.50220
    46277.85986 307.553416278.10498 374.52521
    56279.20996 308.025516279.53955 374.53491
    66280.55811 308.502416280.97412 374.53110
    76281.90479 308.984016282.40869 374.51379
    86283.24951 309.470316283.84326 374.48279
    96284.59277 309.961306285.27734 374.43811
   106285.93408 310.457316286.71094 374.37939
   116287.27344 310.957896288.14355 374.30670
   126288.61133 311.463416289.57568 374.22000
   136289.94727 311.973696291.00684 374.11911
   146291.28125 312.488806292.43701 374.00400
   156292.61328 313.008916293.86621 373.87460
   166293.94385 313.533696295.29346 373.73090
   176295.27197 314.063606296.71973 373.57269
   186296.59814 314.598396298.14404 373.40009
   196297.92236 315.138096299.56641 373.21301
   206299.24463 315.682896300.98682 373.01141
   216300.56494 316.232706302.40527 372.79529
   226301.88281 316.787416303.82129 372.56451
   236303.19922 317.347116305.23486 372.31940
   246304.51270 317.912116306.64600 372.05960
   256305.82422 318.482096308.05322 371.78000
   266307.13428 319.055606309.45508 371.47330
   276308.44580 319.625706310.84814 371.13000
   286309.76270 320.183816312.22949 370.74200
   296311.08789 320.721196313.60010 370.31689
   306312.42432 321.229406314.96289 369.86829
   316313.77295 321.705606316.32422 369.41541
   326315.13135 322.151796317.69043 368.97769
   336316.49902 322.570106319.06543 368.56689
   346317.87402 322.962406320.44971 368.19019
   356319.25586 323.330606321.84277 367.84610
   366320.64404 323.674716323.24219 367.53030
   376322.03809 323.993716324.64746 367.24020
   386323.43750 324.286906326.05762 366.97449
   396324.84277 324.553596327.47168 366.73349
   406326.25244 324.793406328.89014 366.51761
   416327.66650 325.006506330.31250 366.32770
   426329.08447 325.192996331.73779 366.16422
   436330.50537 325.353096333.16602 366.02802
   446331.92920 325.487006334.59668 365.91959
   456333.35498 325.594306336.02930 365.84070
   466334.78320 325.674416337.46338 365.79251
   476336.21191 325.726816338.89795 365.76999
   486337.64209 325.751106340.33301 365.76630
   496339.07178 325.755496341.76758 365.78180
   506340.50195 325.752596343.20166 365.81961
   516341.93213 325.743016344.63525 365.87350
   526343.36133 325.704506346.06885 365.93280
   536344.78564 325.578316347.50293 365.98499
   546346.20410 325.395696348.93701 366.01831
   556347.62598 325.243996350.37158 366.03751
   566349.05420 325.171116351.80664 366.05460
   576350.48340 325.136296353.24072 366.07349
   586351.91357 325.116396354.67529 366.09360
   596353.34375 325.113016356.10986 366.11411
   606354.77344 325.100716357.54492 366.13409
   616356.20361 325.079106358.97949 366.15280
   626357.63330 325.044496360.41406 366.16919
   636359.06250 324.997016361.84863 366.18240
   646360.49121 324.937596363.28320 366.19141
   656361.91943 324.867006364.71777 366.19540
   666363.34717 324.785896366.15283 366.19339
   676364.77441 324.695016367.58740 366.18439
   686366.20117 324.595316369.02197 366.16721
   696367.62695 324.487216370.45654 366.14160
   706369.05225 324.371706371.89111 366.10751
   716370.47754 324.249516373.32520 366.06180
   726371.90137 324.121406374.75830 366.00110
   736373.32520 323.987926376.19189 365.94299
   746374.74902 323.850016377.62744 365.91919
   756376.17188 323.708406379.06201 365.96240
   766377.59473 323.563696380.48926 366.10040
   776379.01709 323.416816381.91113 366.29379
   786380.43945 323.268316383.33643 366.46021
   796381.86182 323.118716384.76562 366.58539
   806383.28369 322.968816386.19580 366.70541
   816384.70605 322.818706387.62354 366.84399
   826386.12793 322.668916389.04834 367.01480
   836387.55029 322.519906390.46826 367.22021
   846388.97266 322.371896391.88379 367.45432
   856390.39502 322.224096393.29541 367.71069
   866391.81738 322.075106394.70410 367.98380
   876393.23926 321.923806396.10938 368.27139
   886394.66113 321.768496397.51172 368.57520
   896396.08203 321.605996398.91016 368.89740
   906397.50146 321.431406400.30273 369.24109
   916398.91846 321.238406401.69043 369.60669
   926400.33154 321.021006403.07227 369.99231
   936401.74072 320.775306404.44971 370.39459
   946403.14404 320.502016405.82324 370.80939
   956404.54297 320.203706407.19385 371.23221
   966405.93652 319.883096408.56396 371.65869
   976407.32520 319.542796409.93311 372.08640
   986408.71045 319.187296411.30273 372.51501
   996410.09375 318.823796412.67139 372.94470
  1006411.47656 318.459416414.03955 373.37659
  1016412.86133 318.101816415.40771 373.80899
  1026414.24854 317.754796416.77686 374.23801
  1036415.63818 317.418006418.14844 374.65939
  1046417.03076 317.091406419.52295 375.06909
  1056418.42480 316.774416420.90234 375.46460
  1066419.82178 316.466896422.28564 375.84491
  1076421.22021 316.168706423.67334 376.20959
  1086422.62109 315.879916425.06494 376.55899
  1096424.02344 315.600806426.45996 376.89331
  1106425.42773 315.331606427.85889 377.21240
  1116426.83447 315.072516429.26123 377.51620
  1126428.24268 314.823706430.66650 377.80460
  1136429.65283 314.585116432.07520 378.07761
  1146431.06445 314.356906433.48682 378.33521
  1156432.47754 314.139016434.90088 378.57721
  1166433.89258 313.931406436.31738 378.80331
  1176435.30908 313.733706437.73682 379.01340
  1186436.72656 313.545686439.15869 379.20731
  1196438.14551 313.366916440.58203 379.38510
  1206439.56543 313.196996442.00781 379.54730
  1216440.98633 313.036806443.43506 379.69449
  1226442.40869 312.887086444.86328 379.82700
  1236443.83203 312.748996446.29346 379.94620
  1246445.25684 312.623606447.72412 380.05481
  1256446.68213 312.510196449.15527 380.15561
  1266448.10840 312.404606450.58643 380.25171
  1276449.53467 312.301916452.01807 380.34659
  1286450.96094 312.196996453.44971 380.44421
  1296452.38672 312.085606454.88037 380.54639
  1306453.81201 311.967596456.31152 380.65201
  1316455.23682 311.845496457.74219 380.75839
  1326456.66113 311.721896459.17334 380.86050
  1336458.08594 311.599006460.60498 380.95370
  1346459.51123 311.479496462.03760 381.03391
  1356460.93652 311.365816463.47070 381.09921
  1366462.36279 311.260506464.90479 381.15030
  1376463.79004 311.166116466.33887 381.18860
  1386465.21777 311.084816467.77344 381.21509
  1396466.64600 311.016516469.20801 381.23090
  1406468.07520 310.960606470.64258 381.23709
  1416469.50439 310.916206472.07764 381.23480
  1426470.93408 310.882396473.51221 381.22519
  1436472.36377 310.858406474.94678 381.20929
  1446473.79395 310.843416476.38135 381.18829
  1456475.22412 310.836496477.81592 381.16321
  1466476.65381 310.836916479.25049 381.13519
  1476478.08398 310.843816480.68457 381.10541
  1486479.51416 310.856296482.11914 381.07489
  1496480.94385 310.873606483.55371 381.04480
  1506482.37402 310.894816484.98779 381.01620
  1516483.80371 310.919196486.42236 380.99011
  1526485.23340 310.945896487.85693 380.96780
  1536486.66309 310.974006489.29150 380.95029
  1546488.09326 311.002816490.72607 380.93869
  1556489.52295 311.031496492.16113 380.93411
  1566490.95264 311.059116493.59570 380.93771
  1576492.38232 311.084906495.03027 380.95050
  1586493.81250 311.108006496.46484 380.97351
  1596495.24219 311.127696497.89941 381.00790
  1606496.67236 311.143016499.33301 381.05600
  1616498.10254 311.153116500.76660 381.12100
  1626499.53223 311.158116502.19873 381.20801
  1636500.96240 311.158816503.62891 381.32129
  1646502.39258 311.155916505.05664 381.46210
  1656503.82275 311.150516506.48145 381.63110
  1666505.25244 311.143806507.90283 381.82819
  1676506.68262 311.139016509.31982 382.05301
  1686508.11279 311.140506510.73242 382.30411
  1696509.54297 311.152716512.14062 382.58020
  1706510.97266 311.178016513.54346 382.87991
  1716512.40234 311.217196514.94189 383.20151
  1726513.83105 311.271006516.33496 383.54401
  1736515.25977 311.339906517.72363 383.90640
  1746516.68701 311.424416519.10645 384.28760
  1756518.11377 311.524416520.48486 384.68640
  1766519.53906 311.639596521.85791 385.10220
  1776520.96338 311.769596523.22607 385.53409
  1786522.38574 311.914316524.58936 385.98111
  1796523.80713 312.073306525.94775 386.44281
  1806525.22656 312.246196527.30127 386.91910
  1816526.64453 312.432806528.64941 387.41010
  1826528.06055 312.632696529.99219 387.91571
  1836529.47461 312.845316531.32910 388.43591
  1846530.88672 313.070506532.66064 388.97070
  1856532.29736 313.307896533.98584 389.52011
  1866533.70557 313.557016535.30518 390.08359
  1876535.11133 313.817696536.61914 390.66071
  1886536.51562 314.089396537.92676 391.25110
  1896537.91748 314.371706539.22852 391.85419
  1906539.31738 314.664496540.52441 392.46960
  1916540.71484 314.967196541.81494 393.09698
  1926542.11035 315.279396543.09961 393.73560
  1936543.50391 315.601206544.37891 394.38510
  1946544.89502 315.931796545.65283 395.04471
  1956546.28418 316.271216546.92188 395.71399
  1966547.67139 316.618806548.18652 396.39240
  1976549.05664 316.974796549.44580 397.07910
  1986550.43994 317.338106550.70117 397.77371
  1996551.82080 317.708896551.95264 398.47559
  2006553.20020 318.087016553.20020 399.18460
 INTYPE,NBLADE,IBLD,KSPAN,IHT,LEBOA,TEBOA
   -3   76  798    5  200   1.00000   1.00000
 TITLE =
 EEE-HPT-1                                                                      
  
 complete getdims
 NBK =           7
 IN GRIDDIM WITH OUTYPE =           4
 1 OJIN,OJSV          25          13
      BCK#      NS       ES       IM       JM       KM          NE       EE
        1        0        0       61        9        9     4941     3840
        2     4941     3840       61       13        9    12078     9600
        3    12078     9600       65        9        9    17343    13696
        4    17343    13696       23        9        9    19206    15104
        5    19206    15104       15        9        9    20421    16000
        6    20421    16000       65        5       17    25946    20096
        7    25946    20096       65        5        5    27571    21120
 
      BCK#     IM        JM        KM
 
  BEFORE READMESHIX           0
        1       61        9        9
        2       61       13        9
        3       65        9        9
        4       23        9        9
        5       15        9        9
        6       65        5       17
        7       65        5        5
 MESHIN,DWAL,DWAL_OMESH           1  4.9999999E-05  4.9999999E-05
 a.im,jm,km          61          21           9           7
 
 TOTAL NUMBER OF NODES =       26986       26986           7
 after x,y,z
 after xo,yo,zo
 NHT =         400  OSPAN =           9  IHT =         200
  IGRID =           1  OSPAN =           9  NSPAN =           5
  IGRID =           1  OSPAN =           9  NSPAN =           5
  ********NSPSV =           5  KM =           9  NSPAN =           5
 TCLS =            0  NBK =           7
 HCLS =            0  NB  =           6
 INEW =            3  NB  =           7
  A NB =           7
        1        0        0       61        9        9        1
        2     4941     3840       61       13        9        1
        3    12078     9600       65        9        9        1
        4    17343    13696       23        9        9        1
        5    19206    15104       15        9        9        1
  
 IN AIRFOILIN
 INPUT geometry file NAME = blade1.agf
 NFIN.GT.1.AND.NLOOP.EQ.1.AND.IFACE.EQ.0           2           2           0
 iht =         200
           1   6273.801       306.1649       6273.802       374.4167    
           2   6275.155       306.6230       6275.236       374.4660    
           3   6276.509       307.0858       6276.670       374.5022    
           4   6277.860       307.5534       6278.105       374.5252    
           5   6279.210       308.0255       6279.540       374.5349    
           6   6280.558       308.5024       6280.974       374.5311    
           7   6281.905       308.9840       6282.409       374.5138    
           8   6283.250       309.4703       6283.843       374.4828    
           9   6284.593       309.9613       6285.277       374.4381    
          10   6285.934       310.4573       6286.711       374.3794    
          11   6287.273       310.9579       6288.144       374.3067    
          12   6288.611       311.4634       6289.576       374.2200    
          13   6289.947       311.9737       6291.007       374.1191    
          14   6291.281       312.4888       6292.437       374.0040    
          15   6292.613       313.0089       6293.866       373.8746    
          16   6293.944       313.5337       6295.293       373.7309    
          17   6295.272       314.0636       6296.720       373.5727    
          18   6296.598       314.5984       6298.144       373.4001    
          19   6297.922       315.1381       6299.566       373.2130    
          20   6299.245       315.6829       6300.987       373.0114    
          21   6300.565       316.2327       6302.405       372.7953    
          22   6301.883       316.7874       6303.821       372.5645    
          23   6303.199       317.3471       6305.235       372.3194    
          24   6304.513       317.9121       6306.646       372.0596    
          25   6305.824       318.4821       6308.053       371.7800    
          26   6307.134       319.0556       6309.455       371.4733    
          27   6308.446       319.6257       6310.848       371.1300    
          28   6309.763       320.1838       6312.229       370.7420    
          29   6311.088       320.7212       6313.600       370.3169    
          30   6312.424       321.2294       6314.963       369.8683    
          31   6313.773       321.7056       6316.324       369.4154    
          32   6315.131       322.1518       6317.690       368.9777    
          33   6316.499       322.5701       6319.065       368.5669    
          34   6317.874       322.9624       6320.450       368.1902    
          35   6319.256       323.3306       6321.843       367.8461    
          36   6320.644       323.6747       6323.242       367.5303    
          37   6322.038       323.9937       6324.647       367.2402    
          38   6323.438       324.2869       6326.058       366.9745    
          39   6324.843       324.5536       6327.472       366.7335    
          40   6326.252       324.7934       6328.890       366.5176    
          41   6327.667       325.0065       6330.312       366.3277    
          42   6329.084       325.1930       6331.738       366.1642    
          43   6330.505       325.3531       6333.166       366.0280    
          44   6331.929       325.4870       6334.597       365.9196    
          45   6333.355       325.5943       6336.029       365.8407    
          46   6334.783       325.6744       6337.463       365.7925    
          47   6336.212       325.7268       6338.898       365.7700    
          48   6337.642       325.7511       6340.333       365.7663    
          49   6339.072       325.7555       6341.768       365.7818    
          50   6340.502       325.7526       6343.202       365.8196    
          51   6341.932       325.7430       6344.635       365.8735    
          52   6343.361       325.7045       6346.069       365.9328    
          53   6344.786       325.5783       6347.503       365.9850    
          54   6346.204       325.3957       6348.937       366.0183    
          55   6347.626       325.2440       6350.372       366.0375    
          56   6349.054       325.1711       6351.807       366.0546    
          57   6350.483       325.1363       6353.241       366.0735    
          58   6351.914       325.1164       6354.675       366.0936    
          59   6353.344       325.1130       6356.110       366.1141    
          60   6354.773       325.1007       6357.545       366.1341    
          61   6356.204       325.0791       6358.979       366.1528    
          62   6357.633       325.0445       6360.414       366.1692    
          63   6359.062       324.9970       6361.849       366.1824    
          64   6360.491       324.9376       6363.283       366.1914    
          65   6361.919       324.8670       6364.718       366.1954    
          66   6363.347       324.7859       6366.153       366.1934    
          67   6364.774       324.6950       6367.587       366.1844    
          68   6366.201       324.5953       6369.022       366.1672    
          69   6367.627       324.4872       6370.457       366.1416    
          70   6369.052       324.3717       6371.891       366.1075    
          71   6370.478       324.2495       6373.325       366.0618    
          72   6371.901       324.1214       6374.758       366.0011    
          73   6373.325       323.9879       6376.192       365.9430    
          74   6374.749       323.8500       6377.627       365.9192    
          75   6376.172       323.7084       6379.062       365.9624    
          76   6377.595       323.5637       6380.489       366.1004    
          77   6379.017       323.4168       6381.911       366.2938    
          78   6380.439       323.2683       6383.336       366.4602    
          79   6381.862       323.1187       6384.766       366.5854    
          80   6383.284       322.9688       6386.196       366.7054    
          81   6384.706       322.8187       6387.624       366.8440    
          82   6386.128       322.6689       6389.048       367.0148    
          83   6387.550       322.5199       6390.468       367.2202    
          84   6388.973       322.3719       6391.884       367.4543    
          85   6390.395       322.2241       6393.295       367.7107    
          86   6391.817       322.0751       6394.704       367.9838    
          87   6393.239       321.9238       6396.109       368.2714    
          88   6394.661       321.7685       6397.512       368.5752    
          89   6396.082       321.6060       6398.910       368.8974    
          90   6397.501       321.4314       6400.303       369.2411    
          91   6398.918       321.2384       6401.690       369.6067    
          92   6400.332       321.0210       6403.072       369.9923    
          93   6401.741       320.7753       6404.450       370.3946    
          94   6403.144       320.5020       6405.823       370.8094    
          95   6404.543       320.2037       6407.194       371.2322    
          96   6405.937       319.8831       6408.564       371.6587    
          97   6407.325       319.5428       6409.933       372.0864    
          98   6408.710       319.1873       6411.303       372.5150    
          99   6410.094       318.8238       6412.671       372.9447    
         100   6411.477       318.4594       6414.040       373.3766    
         101   6412.861       318.1018       6415.408       373.8090    
         102   6414.249       317.7548       6416.777       374.2380    
         103   6415.638       317.4180       6418.148       374.6594    
         104   6417.031       317.0914       6419.523       375.0691    
         105   6418.425       316.7744       6420.902       375.4646    
         106   6419.822       316.4669       6422.286       375.8449    
         107   6421.220       316.1687       6423.673       376.2096    
         108   6422.621       315.8799       6425.065       376.5590    
         109   6424.023       315.6008       6426.460       376.8933    
         110   6425.428       315.3316       6427.859       377.2124    
         111   6426.834       315.0725       6429.261       377.5162    
         112   6428.243       314.8237       6430.667       377.8046    
         113   6429.653       314.5851       6432.075       378.0776    
         114   6431.064       314.3569       6433.487       378.3352    
         115   6432.478       314.1390       6434.901       378.5772    
         116   6433.893       313.9314       6436.317       378.8033    
         117   6435.309       313.7337       6437.737       379.0134    
         118   6436.727       313.5457       6439.159       379.2073    
         119   6438.146       313.3669       6440.582       379.3851    
         120   6439.565       313.1970       6442.008       379.5473    
         121   6440.986       313.0368       6443.435       379.6945    
         122   6442.409       312.8871       6444.863       379.8270    
         123   6443.832       312.7490       6446.293       379.9462    
         124   6445.257       312.6236       6447.724       380.0548    
         125   6446.682       312.5102       6449.155       380.1556    
         126   6448.108       312.4046       6450.586       380.2517    
         127   6449.535       312.3019       6452.018       380.3466    
         128   6450.961       312.1970       6453.450       380.4442    
         129   6452.387       312.0856       6454.880       380.5464    
         130   6453.812       311.9676       6456.312       380.6520    
         131   6455.237       311.8455       6457.742       380.7584    
         132   6456.661       311.7219       6459.173       380.8605    
         133   6458.086       311.5990       6460.605       380.9537    
         134   6459.511       311.4795       6462.038       381.0339    
         135   6460.937       311.3658       6463.471       381.0992    
         136   6462.363       311.2605       6464.905       381.1503    
         137   6463.790       311.1661       6466.339       381.1886    
         138   6465.218       311.0848       6467.773       381.2151    
         139   6466.646       311.0165       6469.208       381.2309    
         140   6468.075       310.9606       6470.643       381.2371    
         141   6469.504       310.9162       6472.078       381.2348    
         142   6470.934       310.8824       6473.512       381.2252    
         143   6472.364       310.8584       6474.947       381.2093    
         144   6473.794       310.8434       6476.381       381.1883    
         145   6475.224       310.8365       6477.816       381.1632    
         146   6476.654       310.8369       6479.250       381.1352    
         147   6478.084       310.8438       6480.685       381.1054    
         148   6479.514       310.8563       6482.119       381.0749    
         149   6480.944       310.8736       6483.554       381.0448    
         150   6482.374       310.8948       6484.988       381.0162    
         151   6483.804       310.9192       6486.422       380.9901    
         152   6485.233       310.9459       6487.857       380.9678    
         153   6486.663       310.9740       6489.292       380.9503    
         154   6488.093       311.0028       6490.726       380.9387    
         155   6489.523       311.0315       6492.161       380.9341    
         156   6490.953       311.0591       6493.596       380.9377    
         157   6492.382       311.0849       6495.030       380.9505    
         158   6493.812       311.1080       6496.465       380.9735    
         159   6495.242       311.1277       6497.899       381.0079    
         160   6496.672       311.1430       6499.333       381.0560    
         161   6498.103       311.1531       6500.767       381.1210    
         162   6499.532       311.1581       6502.199       381.2080    
         163   6500.962       311.1588       6503.629       381.3213    
         164   6502.393       311.1559       6505.057       381.4621    
         165   6503.823       311.1505       6506.481       381.6311    
         166   6505.252       311.1438       6507.903       381.8282    
         167   6506.683       311.1390       6509.320       382.0530    
         168   6508.113       311.1405       6510.732       382.3041    
         169   6509.543       311.1527       6512.141       382.5802    
         170   6510.973       311.1780       6513.543       382.8799    
         171   6512.402       311.2172       6514.942       383.2015    
         172   6513.831       311.2710       6516.335       383.5440    
         173   6515.260       311.3399       6517.724       383.9064    
         174   6516.687       311.4244       6519.106       384.2876    
         175   6518.114       311.5244       6520.485       384.6864    
         176   6519.539       311.6396       6521.858       385.1022    
         177   6520.963       311.7696       6523.226       385.5341    
         178   6522.386       311.9143       6524.589       385.9811    
         179   6523.807       312.0733       6525.948       386.4428    
         180   6525.227       312.2462       6527.301       386.9191    
         181   6526.645       312.4328       6528.649       387.4101    
         182   6528.061       312.6327       6529.992       387.9157    
         183   6529.475       312.8453       6531.329       388.4359    
         184   6530.887       313.0705       6532.661       388.9707    
         185   6532.297       313.3079       6533.986       389.5201    
         186   6533.706       313.5570       6535.305       390.0836    
         187   6535.111       313.8177       6536.619       390.6607    
         188   6536.516       314.0894       6537.927       391.2511    
         189   6537.917       314.3717       6539.229       391.8542    
         190   6539.317       314.6645       6540.524       392.4696    
         191   6540.715       314.9672       6541.815       393.0970    
         192   6542.110       315.2794       6543.100       393.7356    
         193   6543.504       315.6012       6544.379       394.3851    
         194   6544.895       315.9318       6545.653       395.0447    
         195   6546.284       316.2712       6546.922       395.7140    
         196   6547.671       316.6188       6548.187       396.3924    
         197   6549.057       316.9748       6549.446       397.0791    
         198   6550.440       317.3381       6550.701       397.7737    
         199   6551.821       317.7089       6551.953       398.4756    
         200   6553.200       318.0870       6553.200       399.1846    
   247.0000       247.0001       258.0000       258.0000    
 SECTION =            1  OUT OF            5
 SECTION =            2  OUT OF            5
 SECTION =            3  OUT OF            5
 SECTION =            4  OUT OF            5
 SECTION =            5  OUT OF            5
 ENDWALL FINISH NHT         400
 ENDWALL FINISH NHT         400
 ENTERING WH_ENDWALL_ORDER
 INTYPE           3
 STARTING TO SCALE THE AIRFOIL
 STARTING TO ROTATING THE AIRFOIL
 LININ =           1  LETE =           0
 COMPLETE THE AIRFOILIN
 EEE-HPT-1                                                                      
  
 before XRgrid ospan           9           2           5
 NB1 =            1  NB2 =            0
 IFAN =            3
 before bladexyrgd           9           2           5
 
  IN BLADEXYRGD: GETTING INITIAL LEDIA AND TEDIA         798
 
        K      NBNEW      IXMN      LETE      ITYY     LED-in      TED-in     XatIXMN     Tatixmn    RatIXMN    LEMA(DEG)     TEMA(DEG)  CHORD
         1       799       406         0         3    0.140499    0.047927  250.037964    0.038774   12.672361   32.923729  -62.951782    1.345244
         2       799       406         0         3    0.140499    0.047922  250.037964    0.038774   12.694398   32.923603  -62.950348    1.345215
         3       799       404         0         3    0.127120    0.048887  250.023911    0.113989   13.620384   33.733013  -64.336304    1.433383
         4       799       402         0         3    0.113538    0.048461  250.023911    0.202599   14.545543   25.336948  -60.147545    1.499352
         5       799       402         0         3    0.113538    0.048463  250.023911    0.202599   14.556558   25.337147  -60.142891    1.499355
  
    3    1     250.02391       0.11399     250.02391       0.11399      13.62038      13.62038
    3    2     250.03011       0.15403     250.03012       0.08103      13.62076      13.62013
    3    3     250.04817       0.19972     250.04817       0.05624      13.62131      13.61996
    3    4     250.07629       0.24645     250.07629       0.04319      13.62211      13.61995
    3    5     250.11176       0.28725     250.11174       0.04120      13.62311      13.62014
    3    6     250.15105       0.32014     250.15102       0.04354      13.62403      13.62034
    3    7     250.19035       0.34604     250.19029       0.04554      13.62475      13.62043
    3    8     250.23314       0.36581     250.23306       0.04565      13.62527      13.62044
    3    9     250.27896       0.37954     250.27884       0.04118      13.62549      13.62027
    3   10     250.32733       0.38661     250.32718       0.03135      13.62533      13.61988
    3   11     250.37779       0.38599     250.37761       0.01590      13.62472      13.61926
    3   12     250.42987       0.37722     250.42966      -0.00501      13.62362      13.61840
    3   13     250.48311       0.35925     250.48288      -0.03220      13.62201      13.61732
    3   14     250.53703       0.33176     250.53679      -0.06541      13.61991      13.61603
    3   15     250.59119       0.29459     250.59093      -0.10465      13.61738      13.61460
    3   16     250.64508       0.24560     250.64485      -0.15010      13.61448      13.61310
    3   17     250.69827       0.18626     250.69807      -0.20117      13.61135      13.61157
    3   18     250.75032       0.11685     250.75015      -0.25711      13.60816      13.61010
    3   19     250.80075       0.03914     250.80063      -0.31703      13.60514      13.60879
    3   20     250.84912      -0.04486     250.84903      -0.37961      13.60248      13.60770
    3   21     250.89497      -0.13355     250.89488      -0.44248      13.60030      13.60684
    3   22     250.93784      -0.22366     250.93774      -0.50411      13.59867      13.60617
    3   23     250.97723      -0.31227     250.97714      -0.56322      13.59765      13.60573
    3   24     251.01273      -0.39603     251.01260      -0.61683      13.59730      13.60552
    3   25     251.04382      -0.47206     251.04367      -0.66398      13.59773      13.60574
    3   26     251.07004      -0.53744     251.06987      -0.70380      13.59858      13.60617
    3   27     251.09091      -0.59212     251.09076      -0.73524      13.59974      13.60672
    3   28     251.10597      -0.63272     251.10585      -0.75758      13.60092      13.60729
    3   29     251.12103      -0.67331     251.12094      -0.77925      13.60234      13.60799
    3   30     251.13458      -0.71020     251.13457      -0.78634      13.60381      13.60799
    3   31     251.14534      -0.73808     251.14537      -0.78378      13.60499      13.60754
    3   32     251.15224      -0.75639     251.15230      -0.77686      13.60585      13.60700
    3   33     251.15456      -0.76694     251.15456      -0.76694      13.60640      13.60640
 
    K    I     XS1       YS1       XS2       YS2       ZS1       ZS2
    3    1     250.02391       0.11399     250.02391       0.11399      13.62038      13.62038
    3    2     250.03011       0.15403     250.03012       0.08103      13.62076      13.62013
    3    3     250.04817       0.19972     250.04817       0.05624      13.62131      13.61996
    3    4     250.07629       0.24645     250.07629       0.04319      13.62211      13.61995
    3    5     250.11176       0.28725     250.11174       0.04120      13.62311      13.62014
    3    6     250.15105       0.32014     250.15102       0.04354      13.62403      13.62034
    3    7     250.19035       0.34604     250.19029       0.04554      13.62475      13.62043
    3    8     250.23314       0.36581     250.23306       0.04565      13.62527      13.62044
    3    9     250.27896       0.37954     250.27884       0.04118      13.62549      13.62027
    3   10     250.32733       0.38661     250.32718       0.03135      13.62533      13.61988
    3   11     250.37779       0.38599     250.37761       0.01590      13.62472      13.61926
    3   12     250.42987       0.37722     250.42966      -0.00501      13.62362      13.61840
    3   13     250.48311       0.35925     250.48288      -0.03220      13.62201      13.61732
    3   14     250.53703       0.33176     250.53679      -0.06541      13.61991      13.61603
    3   15     250.59119       0.29459     250.59093      -0.10465      13.61738      13.61460
    3   16     250.64508       0.24560     250.64485      -0.15010      13.61448      13.61310
    3   17     250.69827       0.18626     250.69807      -0.20117      13.61135      13.61157
    3   18     250.75032       0.11685     250.75015      -0.25711      13.60816      13.61010
    3   19     250.80075       0.03914     250.80063      -0.31703      13.60514      13.60879
    3   20     250.84912      -0.04486     250.84903      -0.37961      13.60248      13.60770
    3   21     250.89497      -0.13355     250.89488      -0.44248      13.60030      13.60684
    3   22     250.93784      -0.22366     250.93774      -0.50411      13.59867      13.60617
    3   23     250.97723      -0.31227     250.97714      -0.56322      13.59765      13.60573
    3   24     251.01273      -0.39603     251.01260      -0.61683      13.59730      13.60552
    3   25     251.04382      -0.47206     251.04367      -0.66398      13.59773      13.60574
    3   26     251.07004      -0.53744     251.06987      -0.70380      13.59858      13.60617
    3   27     251.09091      -0.59212     251.09076      -0.73524      13.59974      13.60672
    3   28     251.10597      -0.63272     251.10585      -0.75758      13.60092      13.60729
    3   29     251.12103      -0.67331     251.12094      -0.77925      13.60234      13.60799
    3   30     251.13458      -0.71020     251.13457      -0.78634      13.60381      13.60799
    3   31     251.14534      -0.73808     251.14537      -0.78378      13.60499      13.60754
    3   32     251.15224      -0.75639     251.15230      -0.77686      13.60585      13.60700
    3   33     251.15456      -0.76694     251.15456      -0.76694      13.60640      13.60640
 COMPLETE BLADEXYRGD 
 
 IN AIRFOILOT: GENERATE A IMPROVE AIRFOIL DEFINITION
               CREATING A SECTION FILE
 before INTERCIPT           9           2           5
 IN INTERCIPT          33          33           5           9          61
 IN INTERCIPT WITH OSPAN =           9
 OUT OF INTERCIPT
 INPUT FILE NAME = 
 blade2.agf                                                                     
  
 blade2.agf                                                                     
  
 intype =           3
 INTYPE =           3
 TITLE OF THE CASE
 EEE-HPT-2                                                                      
  
 NBLADE  Nbnode Nspan Ity  Iym  Tcls Hcls  Lete   Isplit
    48   798     4     5     0     1     0    10     0
 UNITS  NPROF  IFANG   HBL   TBL  TFREE   LFREE
     1     1     0   1.00000   1.00000   0.01000   0.00039
           5
      Rpm          Gamma      GAS-CONT      Psout      Twall   MOLECULAR-WEIGHT
      0.0000      1.3000   1716.4199 230300.0000      0.0000     28.9600
       %SPAN       Machin     Ptin        Ttin        Alphin       Phi
     50.0000      0.20001257514.0000   1587.0000      0.0000      0.0000
    XHUP        ZHUP        XTUP        ZTUP
   6273.8008    306.1649   6273.8018    374.4167
    XHDW        ZHDW        XTDW        ZTDW
   6553.2002    318.0870   6553.2002    399.1846
    XSHIFT       ROTA       XSCALE      YSCALE     ZSCALE
 YSCALE =   1.000000     BLDGAP =  8.2673490E-02
  0.0000000E+00  0.0000000E+00   1.000000       1.000000       1.000000    
  0.0000000E+00           0
     Tclle      Tclmc       Tclte
      0.0000      0.0000      0.0000
     Hclle      Hclmc       Hclte
      0.0000      0.0000      0.0000
 *NHT                                                                           
  
   200
 *ENDWALL                                                                       
  
    16273.80078 306.164896273.80176 374.41669
    26275.15527 306.622996275.23584 374.46600
    36276.50879 307.085786276.67041 374.50220
    46277.85986 307.553416278.10498 374.52521
    56279.20996 308.025516279.53955 374.53491
    66280.55811 308.502416280.97412 374.53110
    76281.90479 308.984016282.40869 374.51379
    86283.24951 309.470316283.84326 374.48279
    96284.59277 309.961306285.27734 374.43811
   106285.93408 310.457316286.71094 374.37939
   116287.27344 310.957896288.14355 374.30670
   126288.61133 311.463416289.57568 374.22000
   136289.94727 311.973696291.00684 374.11911
   146291.28125 312.488806292.43701 374.00400
   156292.61328 313.008916293.86621 373.87460
   166293.94385 313.533696295.29346 373.73090
   176295.27197 314.063606296.71973 373.57269
   186296.59814 314.598396298.14404 373.40009
   196297.92236 315.138096299.56641 373.21301
   206299.24463 315.682896300.98682 373.01141
   216300.56494 316.232706302.40527 372.79529
   226301.88281 316.787416303.82129 372.56451
   236303.19922 317.347116305.23486 372.31940
   246304.51270 317.912116306.64600 372.05960
   256305.82422 318.482096308.05322 371.78000
   266307.13428 319.055606309.45508 371.47330
   276308.44580 319.625706310.84814 371.13000
   286309.76270 320.183816312.22949 370.74200
   296311.08789 320.721196313.60010 370.31689
   306312.42432 321.229406314.96289 369.86829
   316313.77295 321.705606316.32422 369.41541
   326315.13135 322.151796317.69043 368.97769
   336316.49902 322.570106319.06543 368.56689
   346317.87402 322.962406320.44971 368.19019
   356319.25586 323.330606321.84277 367.84610
   366320.64404 323.674716323.24219 367.53030
   376322.03809 323.993716324.64746 367.24020
   386323.43750 324.286906326.05762 366.97449
   396324.84277 324.553596327.47168 366.73349
   406326.25244 324.793406328.89014 366.51761
   416327.66650 325.006506330.31250 366.32770
   426329.08447 325.192996331.73779 366.16422
   436330.50537 325.353096333.16602 366.02802
   446331.92920 325.487006334.59668 365.91959
   456333.35498 325.594306336.02930 365.84070
   466334.78320 325.674416337.46338 365.79251
   476336.21191 325.726816338.89795 365.76999
   486337.64209 325.751106340.33301 365.76630
   496339.07178 325.755496341.76758 365.78180
   506340.50195 325.752596343.20166 365.81961
   516341.93213 325.743016344.63525 365.87350
   526343.36133 325.704506346.06885 365.93280
   536344.78564 325.578316347.50293 365.98499
   546346.20410 325.395696348.93701 366.01831
   556347.62598 325.243996350.37158 366.03751
   566349.05420 325.171116351.80664 366.05460
   576350.48340 325.136296353.24072 366.07349
   586351.91357 325.116396354.67529 366.09360
   596353.34375 325.113016356.10986 366.11411
   606354.77344 325.100716357.54492 366.13409
   616356.20361 325.079106358.97949 366.15280
   626357.63330 325.044496360.41406 366.16919
   636359.06250 324.997016361.84863 366.18240
   646360.49121 324.937596363.28320 366.19141
   656361.91943 324.867006364.71777 366.19540
   666363.34717 324.785896366.15283 366.19339
   676364.77441 324.695016367.58740 366.18439
   686366.20117 324.595316369.02197 366.16721
   696367.62695 324.487216370.45654 366.14160
   706369.05225 324.371706371.89111 366.10751
   716370.47754 324.249516373.32520 366.06180
   726371.90137 324.121406374.75830 366.00110
   736373.32520 323.987926376.19189 365.94299
   746374.74902 323.850016377.62744 365.91919
   756376.17188 323.708406379.06201 365.96240
   766377.59473 323.563696380.48926 366.10040
   776379.01709 323.416816381.91113 366.29379
   786380.43945 323.268316383.33643 366.46021
   796381.86182 323.118716384.76562 366.58539
   806383.28369 322.968816386.19580 366.70541
   816384.70605 322.818706387.62354 366.84399
   826386.12793 322.668916389.04834 367.01480
   836387.55029 322.519906390.46826 367.22021
   846388.97266 322.371896391.88379 367.45432
   856390.39502 322.224096393.29541 367.71069
   866391.81738 322.075106394.70410 367.98380
   876393.23926 321.923806396.10938 368.27139
   886394.66113 321.768496397.51172 368.57520
   896396.08203 321.605996398.91016 368.89740
   906397.50146 321.431406400.30273 369.24109
   916398.91846 321.238406401.69043 369.60669
   926400.33154 321.021006403.07227 369.99231
   936401.74072 320.775306404.44971 370.39459
   946403.14404 320.502016405.82324 370.80939
   956404.54297 320.203706407.19385 371.23221
   966405.93652 319.883096408.56396 371.65869
   976407.32520 319.542796409.93311 372.08640
   986408.71045 319.187296411.30273 372.51501
   996410.09375 318.823796412.67139 372.94470
  1006411.47656 318.459416414.03955 373.37659
  1016412.86133 318.101816415.40771 373.80899
  1026414.24854 317.754796416.77686 374.23801
  1036415.63818 317.418006418.14844 374.65939
  1046417.03076 317.091406419.52295 375.06909
  1056418.42480 316.774416420.90234 375.46460
  1066419.82178 316.466896422.28564 375.84491
  1076421.22021 316.168706423.67334 376.20959
  1086422.62109 315.879916425.06494 376.55899
  1096424.02344 315.600806426.45996 376.89331
  1106425.42773 315.331606427.85889 377.21240
  1116426.83447 315.072516429.26123 377.51620
  1126428.24268 314.823706430.66650 377.80460
  1136429.65283 314.585116432.07520 378.07761
  1146431.06445 314.356906433.48682 378.33521
  1156432.47754 314.139016434.90088 378.57721
  1166433.89258 313.931406436.31738 378.80331
  1176435.30908 313.733706437.73682 379.01340
  1186436.72656 313.545686439.15869 379.20731
  1196438.14551 313.366916440.58203 379.38510
  1206439.56543 313.196996442.00781 379.54730
  1216440.98633 313.036806443.43506 379.69449
  1226442.40869 312.887086444.86328 379.82700
  1236443.83203 312.748996446.29346 379.94620
  1246445.25684 312.623606447.72412 380.05481
  1256446.68213 312.510196449.15527 380.15561
  1266448.10840 312.404606450.58643 380.25171
  1276449.53467 312.301916452.01807 380.34659
  1286450.96094 312.196996453.44971 380.44421
  1296452.38672 312.085606454.88037 380.54639
  1306453.81201 311.967596456.31152 380.65201
  1316455.23682 311.845496457.74219 380.75839
  1326456.66113 311.721896459.17334 380.86050
  1336458.08594 311.599006460.60498 380.95370
  1346459.51123 311.479496462.03760 381.03391
  1356460.93652 311.365816463.47070 381.09921
  1366462.36279 311.260506464.90479 381.15030
  1376463.79004 311.166116466.33887 381.18860
  1386465.21777 311.084816467.77344 381.21509
  1396466.64600 311.016516469.20801 381.23090
  1406468.07520 310.960606470.64258 381.23709
  1416469.50439 310.916206472.07764 381.23480
  1426470.93408 310.882396473.51221 381.22519
  1436472.36377 310.858406474.94678 381.20929
  1446473.79395 310.843416476.38135 381.18829
  1456475.22412 310.836496477.81592 381.16321
  1466476.65381 310.836916479.25049 381.13519
  1476478.08398 310.843816480.68457 381.10541
  1486479.51416 310.856296482.11914 381.07489
  1496480.94385 310.873606483.55371 381.04480
  1506482.37402 310.894816484.98779 381.01620
  1516483.80371 310.919196486.42236 380.99011
  1526485.23340 310.945896487.85693 380.96780
  1536486.66309 310.974006489.29150 380.95029
  1546488.09326 311.002816490.72607 380.93869
  1556489.52295 311.031496492.16113 380.93411
  1566490.95264 311.059116493.59570 380.93771
  1576492.38232 311.084906495.03027 380.95050
  1586493.81250 311.108006496.46484 380.97351
  1596495.24219 311.127696497.89941 381.00790
  1606496.67236 311.143016499.33301 381.05600
  1616498.10254 311.153116500.76660 381.12100
  1626499.53223 311.158116502.19873 381.20801
  1636500.96240 311.158816503.62891 381.32129
  1646502.39258 311.155916505.05664 381.46210
  1656503.82275 311.150516506.48145 381.63110
  1666505.25244 311.143806507.90283 381.82819
  1676506.68262 311.139016509.31982 382.05301
  1686508.11279 311.140506510.73242 382.30411
  1696509.54297 311.152716512.14062 382.58020
  1706510.97266 311.178016513.54346 382.87991
  1716512.40234 311.217196514.94189 383.20151
  1726513.83105 311.271006516.33496 383.54401
  1736515.25977 311.339906517.72363 383.90640
  1746516.68701 311.424416519.10645 384.28760
  1756518.11377 311.524416520.48486 384.68640
  1766519.53906 311.639596521.85791 385.10220
  1776520.96338 311.769596523.22607 385.53409
  1786522.38574 311.914316524.58936 385.98111
  1796523.80713 312.073306525.94775 386.44281
  1806525.22656 312.246196527.30127 386.91910
  1816526.64453 312.432806528.64941 387.41010
  1826528.06055 312.632696529.99219 387.91571
  1836529.47461 312.845316531.32910 388.43591
  1846530.88672 313.070506532.66064 388.97070
  1856532.29736 313.307896533.98584 389.52011
  1866533.70557 313.557016535.30518 390.08359
  1876535.11133 313.817696536.61914 390.66071
  1886536.51562 314.089396537.92676 391.25110
  1896537.91748 314.371706539.22852 391.85419
  1906539.31738 314.664496540.52441 392.46960
  1916540.71484 314.967196541.81494 393.09698
  1926542.11035 315.279396543.09961 393.73560
  1936543.50391 315.601206544.37891 394.38510
  1946544.89502 315.931796545.65283 395.04471
  1956546.28418 316.271216546.92188 395.71399
  1966547.67139 316.618806548.18652 396.39240
  1976549.05664 316.974796549.44580 397.07910
  1986550.43994 317.338106550.70117 397.77371
  1996551.82080 317.708896551.95264 398.47559
  2006553.20020 318.087016553.20020 399.18460
 INTYPE,NBLADE,IBLD,KSPAN,IHT,LEBOA,TEBOA
   -3   48  798    4  200   1.00000   1.00000
 TITLE =
 EEE-HPT-2                                                                      
  
 complete getdims
 NBK =           7
 IN GRIDDIM WITH OUTYPE =           4
 1 OJIN,OJSV          25          13
      BCK#      NS       ES       IM       JM       KM          NE       EE
        1        0        0       61        9        9     4941     3840
        2     4941     3840       61       13        9    12078     9600
        3    12078     9600       65        9        9    17343    13696
        4    17343    13696       23        9        9    19206    15104
        5    19206    15104       15        9        9    20421    16000
        6    20421    16000       65        5       17    25946    20096
        7    25946    20096       65        5        5    27571    21120
 
      BCK#     IM        JM        KM
 
  BEFORE READMESHIX           0
        1       61        9        9
        2       61       13        9
        3       65        9        9
        4       23        9        9
        5       15        9        9
        6       65        5       17
        7       65        5        5
 MESHIN,DWAL,DWAL_OMESH           1  4.9999999E-05  4.9999999E-05
 a.im,jm,km          61          21           9           7
 
 TOTAL NUMBER OF NODES =       26986       26986           7
 after x,y,z
 after xo,yo,zo
 NHT =         400  OSPAN =           9  IHT =         200
  IGRID =           1  OSPAN =           9  NSPAN =           4
  IGRID =           1  OSPAN =           9  NSPAN =           4
  ********NSPSV =           4  KM =           9  NSPAN =           4
 TCLS =            0  NBK =           7
 HCLS =            0  NB  =           6
 INEW =            3  NB  =           7
  A NB =           7
        1        0        0       61        9        9        1
        2     4941     3840       61       13        9        1
        3    12078     9600       65        9        9        1
        4    17343    13696       23        9        9        1
        5    19206    15104       15        9        9        1
  
 IN AIRFOILIN
 INPUT geometry file NAME = blade2.agf
 NFIN.GT.1.AND.NLOOP.EQ.1.AND.IFACE.EQ.0           3           2           0
 iht =         200
           1   6273.801       306.1649       6273.802       374.4167    
           2   6275.155       306.6230       6275.236       374.4660    
           3   6276.509       307.0858       6276.670       374.5022    
           4   6277.860       307.5534       6278.105       374.5252    
           5   6279.210       308.0255       6279.540       374.5349    
           6   6280.558       308.5024       6280.974       374.5311    
           7   6281.905       308.9840       6282.409       374.5138    
           8   6283.250       309.4703       6283.843       374.4828    
           9   6284.593       309.9613       6285.277       374.4381    
          10   6285.934       310.4573       6286.711       374.3794    
          11   6287.273       310.9579       6288.144       374.3067    
          12   6288.611       311.4634       6289.576       374.2200    
          13   6289.947       311.9737       6291.007       374.1191    
          14   6291.281       312.4888       6292.437       374.0040    
          15   6292.613       313.0089       6293.866       373.8746    
          16   6293.944       313.5337       6295.293       373.7309    
          17   6295.272       314.0636       6296.720       373.5727    
          18   6296.598       314.5984       6298.144       373.4001    
          19   6297.922       315.1381       6299.566       373.2130    
          20   6299.245       315.6829       6300.987       373.0114    
          21   6300.565       316.2327       6302.405       372.7953    
          22   6301.883       316.7874       6303.821       372.5645    
          23   6303.199       317.3471       6305.235       372.3194    
          24   6304.513       317.9121       6306.646       372.0596    
          25   6305.824       318.4821       6308.053       371.7800    
          26   6307.134       319.0556       6309.455       371.4733    
          27   6308.446       319.6257       6310.848       371.1300    
          28   6309.763       320.1838       6312.229       370.7420    
          29   6311.088       320.7212       6313.600       370.3169    
          30   6312.424       321.2294       6314.963       369.8683    
          31   6313.773       321.7056       6316.324       369.4154    
          32   6315.131       322.1518       6317.690       368.9777    
          33   6316.499       322.5701       6319.065       368.5669    
          34   6317.874       322.9624       6320.450       368.1902    
          35   6319.256       323.3306       6321.843       367.8461    
          36   6320.644       323.6747       6323.242       367.5303    
          37   6322.038       323.9937       6324.647       367.2402    
          38   6323.438       324.2869       6326.058       366.9745    
          39   6324.843       324.5536       6327.472       366.7335    
          40   6326.252       324.7934       6328.890       366.5176    
          41   6327.667       325.0065       6330.312       366.3277    
          42   6329.084       325.1930       6331.738       366.1642    
          43   6330.505       325.3531       6333.166       366.0280    
          44   6331.929       325.4870       6334.597       365.9196    
          45   6333.355       325.5943       6336.029       365.8407    
          46   6334.783       325.6744       6337.463       365.7925    
          47   6336.212       325.7268       6338.898       365.7700    
          48   6337.642       325.7511       6340.333       365.7663    
          49   6339.072       325.7555       6341.768       365.7818    
          50   6340.502       325.7526       6343.202       365.8196    
          51   6341.932       325.7430       6344.635       365.8735    
          52   6343.361       325.7045       6346.069       365.9328    
          53   6344.786       325.5783       6347.503       365.9850    
          54   6346.204       325.3957       6348.937       366.0183    
          55   6347.626       325.2440       6350.372       366.0375    
          56   6349.054       325.1711       6351.807       366.0546    
          57   6350.483       325.1363       6353.241       366.0735    
          58   6351.914       325.1164       6354.675       366.0936    
          59   6353.344       325.1130       6356.110       366.1141    
          60   6354.773       325.1007       6357.545       366.1341    
          61   6356.204       325.0791       6358.979       366.1528    
          62   6357.633       325.0445       6360.414       366.1692    
          63   6359.062       324.9970       6361.849       366.1824    
          64   6360.491       324.9376       6363.283       366.1914    
          65   6361.919       324.8670       6364.718       366.1954    
          66   6363.347       324.7859       6366.153       366.1934    
          67   6364.774       324.6950       6367.587       366.1844    
          68   6366.201       324.5953       6369.022       366.1672    
          69   6367.627       324.4872       6370.457       366.1416    
          70   6369.052       324.3717       6371.891       366.1075    
          71   6370.478       324.2495       6373.325       366.0618    
          72   6371.901       324.1214       6374.758       366.0011    
          73   6373.325       323.9879       6376.192       365.9430    
          74   6374.749       323.8500       6377.627       365.9192    
          75   6376.172       323.7084       6379.062       365.9624    
          76   6377.595       323.5637       6380.489       366.1004    
          77   6379.017       323.4168       6381.911       366.2938    
          78   6380.439       323.2683       6383.336       366.4602    
          79   6381.862       323.1187       6384.766       366.5854    
          80   6383.284       322.9688       6386.196       366.7054    
          81   6384.706       322.8187       6387.624       366.8440    
          82   6386.128       322.6689       6389.048       367.0148    
          83   6387.550       322.5199       6390.468       367.2202    
          84   6388.973       322.3719       6391.884       367.4543    
          85   6390.395       322.2241       6393.295       367.7107    
          86   6391.817       322.0751       6394.704       367.9838    
          87   6393.239       321.9238       6396.109       368.2714    
          88   6394.661       321.7685       6397.512       368.5752    
          89   6396.082       321.6060       6398.910       368.8974    
          90   6397.501       321.4314       6400.303       369.2411    
          91   6398.918       321.2384       6401.690       369.6067    
          92   6400.332       321.0210       6403.072       369.9923    
          93   6401.741       320.7753       6404.450       370.3946    
          94   6403.144       320.5020       6405.823       370.8094    
          95   6404.543       320.2037       6407.194       371.2322    
          96   6405.937       319.8831       6408.564       371.6587    
          97   6407.325       319.5428       6409.933       372.0864    
          98   6408.710       319.1873       6411.303       372.5150    
          99   6410.094       318.8238       6412.671       372.9447    
         100   6411.477       318.4594       6414.040       373.3766    
         101   6412.861       318.1018       6415.408       373.8090    
         102   6414.249       317.7548       6416.777       374.2380    
         103   6415.638       317.4180       6418.148       374.6594    
         104   6417.031       317.0914       6419.523       375.0691    
         105   6418.425       316.7744       6420.902       375.4646    
         106   6419.822       316.4669       6422.286       375.8449    
         107   6421.220       316.1687       6423.673       376.2096    
         108   6422.621       315.8799       6425.065       376.5590    
         109   6424.023       315.6008       6426.460       376.8933    
         110   6425.428       315.3316       6427.859       377.2124    
         111   6426.834       315.0725       6429.261       377.5162    
         112   6428.243       314.8237       6430.667       377.8046    
         113   6429.653       314.5851       6432.075       378.0776    
         114   6431.064       314.3569       6433.487       378.3352    
         115   6432.478       314.1390       6434.901       378.5772    
         116   6433.893       313.9314       6436.317       378.8033    
         117   6435.309       313.7337       6437.737       379.0134    
         118   6436.727       313.5457       6439.159       379.2073    
         119   6438.146       313.3669       6440.582       379.3851    
         120   6439.565       313.1970       6442.008       379.5473    
         121   6440.986       313.0368       6443.435       379.6945    
         122   6442.409       312.8871       6444.863       379.8270    
         123   6443.832       312.7490       6446.293       379.9462    
         124   6445.257       312.6236       6447.724       380.0548    
         125   6446.682       312.5102       6449.155       380.1556    
         126   6448.108       312.4046       6450.586       380.2517    
         127   6449.535       312.3019       6452.018       380.3466    
         128   6450.961       312.1970       6453.450       380.4442    
         129   6452.387       312.0856       6454.880       380.5464    
         130   6453.812       311.9676       6456.312       380.6520    
         131   6455.237       311.8455       6457.742       380.7584    
         132   6456.661       311.7219       6459.173       380.8605    
         133   6458.086       311.5990       6460.605       380.9537    
         134   6459.511       311.4795       6462.038       381.0339    
         135   6460.937       311.3658       6463.471       381.0992    
         136   6462.363       311.2605       6464.905       381.1503    
         137   6463.790       311.1661       6466.339       381.1886    
         138   6465.218       311.0848       6467.773       381.2151    
         139   6466.646       311.0165       6469.208       381.2309    
         140   6468.075       310.9606       6470.643       381.2371    
         141   6469.504       310.9162       6472.078       381.2348    
         142   6470.934       310.8824       6473.512       381.2252    
         143   6472.364       310.8584       6474.947       381.2093    
         144   6473.794       310.8434       6476.381       381.1883    
         145   6475.224       310.8365       6477.816       381.1632    
         146   6476.654       310.8369       6479.250       381.1352    
         147   6478.084       310.8438       6480.685       381.1054    
         148   6479.514       310.8563       6482.119       381.0749    
         149   6480.944       310.8736       6483.554       381.0448    
         150   6482.374       310.8948       6484.988       381.0162    
         151   6483.804       310.9192       6486.422       380.9901    
         152   6485.233       310.9459       6487.857       380.9678    
         153   6486.663       310.9740       6489.292       380.9503    
         154   6488.093       311.0028       6490.726       380.9387    
         155   6489.523       311.0315       6492.161       380.9341    
         156   6490.953       311.0591       6493.596       380.9377    
         157   6492.382       311.0849       6495.030       380.9505    
         158   6493.812       311.1080       6496.465       380.9735    
         159   6495.242       311.1277       6497.899       381.0079    
         160   6496.672       311.1430       6499.333       381.0560    
         161   6498.103       311.1531       6500.767       381.1210    
         162   6499.532       311.1581       6502.199       381.2080    
         163   6500.962       311.1588       6503.629       381.3213    
         164   6502.393       311.1559       6505.057       381.4621    
         165   6503.823       311.1505       6506.481       381.6311    
         166   6505.252       311.1438       6507.903       381.8282    
         167   6506.683       311.1390       6509.320       382.0530    
         168   6508.113       311.1405       6510.732       382.3041    
         169   6509.543       311.1527       6512.141       382.5802    
         170   6510.973       311.1780       6513.543       382.8799    
         171   6512.402       311.2172       6514.942       383.2015    
         172   6513.831       311.2710       6516.335       383.5440    
         173   6515.260       311.3399       6517.724       383.9064    
         174   6516.687       311.4244       6519.106       384.2876    
         175   6518.114       311.5244       6520.485       384.6864    
         176   6519.539       311.6396       6521.858       385.1022    
         177   6520.963       311.7696       6523.226       385.5341    
         178   6522.386       311.9143       6524.589       385.9811    
         179   6523.807       312.0733       6525.948       386.4428    
         180   6525.227       312.2462       6527.301       386.9191    
         181   6526.645       312.4328       6528.649       387.4101    
         182   6528.061       312.6327       6529.992       387.9157    
         183   6529.475       312.8453       6531.329       388.4359    
         184   6530.887       313.0705       6532.661       388.9707    
         185   6532.297       313.3079       6533.986       389.5201    
         186   6533.706       313.5570       6535.305       390.0836    
         187   6535.111       313.8177       6536.619       390.6607    
         188   6536.516       314.0894       6537.927       391.2511    
         189   6537.917       314.3717       6539.229       391.8542    
         190   6539.317       314.6645       6540.524       392.4696    
         191   6540.715       314.9672       6541.815       393.0970    
         192   6542.110       315.2794       6543.100       393.7356    
         193   6543.504       315.6012       6544.379       394.3851    
         194   6544.895       315.9318       6545.653       395.0447    
         195   6546.284       316.2712       6546.922       395.7140    
         196   6547.671       316.6188       6548.187       396.3924    
         197   6549.057       316.9748       6549.446       397.0791    
         198   6550.440       317.3381       6550.701       397.7737    
         199   6551.821       317.7089       6551.953       398.4756    
         200   6553.200       318.0870       6553.200       399.1846    
   247.0000       247.0001       258.0000       258.0000    
 SECTION =            1  OUT OF            4
 SECTION =            2  OUT OF            4
 SECTION =            3  OUT OF            4
 SECTION =            4  OUT OF            4
 ENDWALL FINISH NHT         400
 ENDWALL FINISH NHT         400
 ENTERING WH_ENDWALL_ORDER
 INTYPE           3
 STARTING TO SCALE THE AIRFOIL
 STARTING TO ROTATING THE AIRFOIL
 LININ =           1  LETE =           0
 COMPLETE THE AIRFOILIN
 EEE-HPT-2                                                                      
  
 before XRgrid ospan           9           2           4
 NB1 =            1  NB2 =            0
 IFAN =            3
 before bladexyrgd           9           2           4
 
  IN BLADEXYRGD: GETTING INITIAL LEDIA AND TEDIA         798
 
        K      NBNEW      IXMN      LETE      ITYY     LED-in      TED-in     XatIXMN     Tatixmn    RatIXMN    LEMA(DEG)     TEMA(DEG)  CHORD
         1       799       402         0         3   -0.183479   -0.049735  252.215118   -1.563044   12.561942  -16.787718   66.198593    2.394233
         2       799       402         0         3   -0.187871   -0.050221  252.215118   -1.563010   12.615446  -17.178246   66.203217    2.391592
         3       799       400         0         3   -0.198129   -0.063867  252.114243   -1.602043   13.723243  -20.480000   63.828678    2.593780
         4       799       402         0         3   -0.266384   -0.069000  252.010452   -1.656702   14.783038  -17.671389   66.015808    2.854043
  
    3    1     252.11424      -1.60204     252.11424      -1.60204      13.72324      13.72324
    3    2     252.12289      -1.56491     252.12117      -1.64985      13.71941      13.72919
    3    3     252.15089      -1.53003     252.14832      -1.70563      13.71683      13.73722
    3    4     252.19472      -1.50574     252.19144      -1.76455      13.71614      13.74653
    3    5     252.24994      -1.49095     252.24620      -1.82147      13.71683      13.75615
    3    6     252.31116      -1.48011     252.30721      -1.87052      13.71793      13.76491
    3    7     252.37238      -1.46820     252.36841      -1.90886      13.71875      13.77221
    3    8     252.44174      -1.45278     252.43790      -1.94022      13.71955      13.77894
    3    9     252.51822      -1.43312     252.51463      -1.96339      13.72057      13.78522
    3   10     252.60081      -1.40763     252.59761      -1.97560      13.72174      13.79072
    3   11     252.68851      -1.37484     252.68579      -1.97555      13.72265      13.79492
    3   12     252.78030      -1.33357     252.77817      -1.96146      13.72279      13.79714
    3   13     252.87518      -1.28199     252.87367      -1.93105      13.72179      13.79681
    3   14     252.97209      -1.21894     252.97122      -1.88286      13.71960      13.79376
    3   15     253.07005      -1.14486     253.06970      -1.81522      13.71639      13.78795
    3   16     253.16801      -1.05902     253.16803      -1.72657      13.71227      13.77943
    3   17     253.26498      -0.96223     253.26517      -1.61766      13.70750      13.76866
    3   18     253.35995      -0.85608     253.36012      -1.49113      13.70238      13.75639
    3   19     253.45193      -0.74334     253.45189      -1.34670      13.69726      13.74302
    3   20     253.53992      -0.62578     253.53954      -1.18670      13.69237      13.72932
    3   21     253.62292      -0.50627     253.62216      -1.01465      13.68804      13.71619
    3   22     253.69994      -0.38893     253.69890      -0.83606      13.68459      13.70456
    3   23     253.76996      -0.27752     253.76878      -0.65635      13.68215      13.69506
    3   24     253.83195      -0.17353     253.83084      -0.48702      13.68064      13.68820
    3   25     253.88492      -0.08265     253.88397      -0.33552      13.67989      13.68375
    3   26     253.92783      -0.00606     253.92708      -0.20971      13.67966      13.68127
    3   27     253.95964       0.05303     253.95909      -0.11579      13.67974      13.68012
    3   28     253.97939       0.08804     253.97896      -0.05823      13.67988      13.67972
    3   29     253.99911       0.12420     253.99883      -0.00211      13.68010      13.67953
    3   30     254.01692       0.14611     254.01675       0.04845      13.68025      13.67956
    3   31     254.03105       0.14716     254.03098       0.08991      13.68021      13.67971
    3   32     254.04012       0.14016     254.04010       0.11409      13.68010      13.67986
    3   33     254.04324       0.13139     254.04324       0.13139      13.68000      13.68000
 
    K    I     XS1       YS1       XS2       YS2       ZS1       ZS2
    3    1     252.11424      -1.60204     252.11424      -1.60204      13.72324      13.72324
    3    2     252.12289      -1.56491     252.12117      -1.64985      13.71941      13.72919
    3    3     252.15089      -1.53003     252.14832      -1.70563      13.71683      13.73722
    3    4     252.19472      -1.50574     252.19144      -1.76455      13.71614      13.74653
    3    5     252.24994      -1.49095     252.24620      -1.82147      13.71683      13.75615
    3    6     252.31116      -1.48011     252.30721      -1.87052      13.71793      13.76491
    3    7     252.37238      -1.46820     252.36841      -1.90886      13.71875      13.77221
    3    8     252.44174      -1.45278     252.43790      -1.94022      13.71955      13.77894
    3    9     252.51822      -1.43312     252.51463      -1.96339      13.72057      13.78522
    3   10     252.60081      -1.40763     252.59761      -1.97560      13.72174      13.79072
    3   11     252.68851      -1.37484     252.68579      -1.97555      13.72265      13.79492
    3   12     252.78030      -1.33357     252.77817      -1.96146      13.72279      13.79714
    3   13     252.87518      -1.28199     252.87367      -1.93105      13.72179      13.79681
    3   14     252.97209      -1.21894     252.97122      -1.88286      13.71960      13.79376
    3   15     253.07005      -1.14486     253.06970      -1.81522      13.71639      13.78795
    3   16     253.16801      -1.05902     253.16803      -1.72657      13.71227      13.77943
    3   17     253.26498      -0.96223     253.26517      -1.61766      13.70750      13.76866
    3   18     253.35995      -0.85608     253.36012      -1.49113      13.70238      13.75639
    3   19     253.45193      -0.74334     253.45189      -1.34670      13.69726      13.74302
    3   20     253.53992      -0.62578     253.53954      -1.18670      13.69237      13.72932
    3   21     253.62292      -0.50627     253.62216      -1.01465      13.68804      13.71619
    3   22     253.69994      -0.38893     253.69890      -0.83606      13.68459      13.70456
    3   23     253.76996      -0.27752     253.76878      -0.65635      13.68215      13.69506
    3   24     253.83195      -0.17353     253.83084      -0.48702      13.68064      13.68820
    3   25     253.88492      -0.08265     253.88397      -0.33552      13.67989      13.68375
    3   26     253.92783      -0.00606     253.92708      -0.20971      13.67966      13.68127
    3   27     253.95964       0.05303     253.95909      -0.11579      13.67974      13.68012
    3   28     253.97939       0.08804     253.97896      -0.05823      13.67988      13.67972
    3   29     253.99911       0.12420     253.99883      -0.00211      13.68010      13.67953
    3   30     254.01692       0.14611     254.01675       0.04845      13.68025      13.67956
    3   31     254.03105       0.14716     254.03098       0.08991      13.68021      13.67971
    3   32     254.04012       0.14016     254.04010       0.11409      13.68010      13.67986
    3   33     254.04324       0.13139     254.04324       0.13139      13.68000      13.68000
 COMPLETE BLADEXYRGD 
 
 IN AIRFOILOT: GENERATE A IMPROVE AIRFOIL DEFINITION
               CREATING A SECTION FILE
 before INTERCIPT           9           2           4
 IN INTERCIPT          33          33           4           9          61
 IN INTERCIPT WITH OSPAN =           9
 OUT OF INTERCIPT
 INPUT FILE NAME = 
 blade3.agf                                                                     
  
 blade3.agf                                                                     
  
 intype =           3
 INTYPE =           3
 TITLE OF THE CASE
 EEE-HPT-3                                                                      
  
 NBLADE  Nbnode Nspan Ity  Iym  Tcls Hcls  Lete   Isplit
    70   798     5     5     0     1     0    10     0
 UNITS  NPROF  IFANG   HBL   TBL  TFREE   LFREE
     1     1     0   1.00000   1.00000   0.01000   0.00039
           5
      Rpm          Gamma      GAS-CONT      Psout      Twall   MOLECULAR-WEIGHT
  12400.0000      1.3000   1716.4199 230300.0000      0.0000     28.9600
       %SPAN       Machin     Ptin        Ttin        Alphin       Phi
     50.0000      0.20001257514.0000   1587.0000      0.0000      0.0000
    XHUP        ZHUP        XTUP        ZTUP
   6273.8008    306.1649   6273.8018    374.4167
    XHDW        ZHDW        XTDW        ZTDW
   6553.2002    318.0870   6553.2002    399.1846
    XSHIFT       ROTA       XSCALE      YSCALE     ZSCALE
 YSCALE =   1.000000     BLDGAP =  0.1308997    
  0.0000000E+00  0.0000000E+00   1.000000       1.000000       1.000000    
  0.0000000E+00           0
     Tclle      Tclmc       Tclte
      0.0000      0.0000      0.0000
     Hclle      Hclmc       Hclte
      0.0000      0.0000      0.0000
 *NHT                                                                           
  
   200
 *ENDWALL                                                                       
  
    16273.80078 306.164896273.80176 374.41669
    26275.15527 306.622996275.23584 374.46600
    36276.50879 307.085786276.67041 374.50220
    46277.85986 307.553416278.10498 374.52521
    56279.20996 308.025516279.53955 374.53491
    66280.55811 308.502416280.97412 374.53110
    76281.90479 308.984016282.40869 374.51379
    86283.24951 309.470316283.84326 374.48279
    96284.59277 309.961306285.27734 374.43811
   106285.93408 310.457316286.71094 374.37939
   116287.27344 310.957896288.14355 374.30670
   126288.61133 311.463416289.57568 374.22000
   136289.94727 311.973696291.00684 374.11911
   146291.28125 312.488806292.43701 374.00400
   156292.61328 313.008916293.86621 373.87460
   166293.94385 313.533696295.29346 373.73090
   176295.27197 314.063606296.71973 373.57269
   186296.59814 314.598396298.14404 373.40009
   196297.92236 315.138096299.56641 373.21301
   206299.24463 315.682896300.98682 373.01141
   216300.56494 316.232706302.40527 372.79529
   226301.88281 316.787416303.82129 372.56451
   236303.19922 317.347116305.23486 372.31940
   246304.51270 317.912116306.64600 372.05960
   256305.82422 318.482096308.05322 371.78000
   266307.13428 319.055606309.45508 371.47330
   276308.44580 319.625706310.84814 371.13000
   286309.76270 320.183816312.22949 370.74200
   296311.08789 320.721196313.60010 370.31689
   306312.42432 321.229406314.96289 369.86829
   316313.77295 321.705606316.32422 369.41541
   326315.13135 322.151796317.69043 368.97769
   336316.49902 322.570106319.06543 368.56689
   346317.87402 322.962406320.44971 368.19019
   356319.25586 323.330606321.84277 367.84610
   366320.64404 323.674716323.24219 367.53030
   376322.03809 323.993716324.64746 367.24020
   386323.43750 324.286906326.05762 366.97449
   396324.84277 324.553596327.47168 366.73349
   406326.25244 324.793406328.89014 366.51761
   416327.66650 325.006506330.31250 366.32770
   426329.08447 325.192996331.73779 366.16422
   436330.50537 325.353096333.16602 366.02802
   446331.92920 325.487006334.59668 365.91959
   456333.35498 325.594306336.02930 365.84070
   466334.78320 325.674416337.46338 365.79251
   476336.21191 325.726816338.89795 365.76999
   486337.64209 325.751106340.33301 365.76630
   496339.07178 325.755496341.76758 365.78180
   506340.50195 325.752596343.20166 365.81961
   516341.93213 325.743016344.63525 365.87350
   526343.36133 325.704506346.06885 365.93280
   536344.78564 325.578316347.50293 365.98499
   546346.20410 325.395696348.93701 366.01831
   556347.62598 325.243996350.37158 366.03751
   566349.05420 325.171116351.80664 366.05460
   576350.48340 325.136296353.24072 366.07349
   586351.91357 325.116396354.67529 366.09360
   596353.34375 325.113016356.10986 366.11411
   606354.77344 325.100716357.54492 366.13409
   616356.20361 325.079106358.97949 366.15280
   626357.63330 325.044496360.41406 366.16919
   636359.06250 324.997016361.84863 366.18240
   646360.49121 324.937596363.28320 366.19141
   656361.91943 324.867006364.71777 366.19540
   666363.34717 324.785896366.15283 366.19339
   676364.77441 324.695016367.58740 366.18439
   686366.20117 324.595316369.02197 366.16721
   696367.62695 324.487216370.45654 366.14160
   706369.05225 324.371706371.89111 366.10751
   716370.47754 324.249516373.32520 366.06180
   726371.90137 324.121406374.75830 366.00110
   736373.32520 323.987926376.19189 365.94299
   746374.74902 323.850016377.62744 365.91919
   756376.17188 323.708406379.06201 365.96240
   766377.59473 323.563696380.48926 366.10040
   776379.01709 323.416816381.91113 366.29379
   786380.43945 323.268316383.33643 366.46021
   796381.86182 323.118716384.76562 366.58539
   806383.28369 322.968816386.19580 366.70541
   816384.70605 322.818706387.62354 366.84399
   826386.12793 322.668916389.04834 367.01480
   836387.55029 322.519906390.46826 367.22021
   846388.97266 322.371896391.88379 367.45432
   856390.39502 322.224096393.29541 367.71069
   866391.81738 322.075106394.70410 367.98380
   876393.23926 321.923806396.10938 368.27139
   886394.66113 321.768496397.51172 368.57520
   896396.08203 321.605996398.91016 368.89740
   906397.50146 321.431406400.30273 369.24109
   916398.91846 321.238406401.69043 369.60669
   926400.33154 321.021006403.07227 369.99231
   936401.74072 320.775306404.44971 370.39459
   946403.14404 320.502016405.82324 370.80939
   956404.54297 320.203706407.19385 371.23221
   966405.93652 319.883096408.56396 371.65869
   976407.32520 319.542796409.93311 372.08640
   986408.71045 319.187296411.30273 372.51501
   996410.09375 318.823796412.67139 372.94470
  1006411.47656 318.459416414.03955 373.37659
  1016412.86133 318.101816415.40771 373.80899
  1026414.24854 317.754796416.77686 374.23801
  1036415.63818 317.418006418.14844 374.65939
  1046417.03076 317.091406419.52295 375.06909
  1056418.42480 316.774416420.90234 375.46460
  1066419.82178 316.466896422.28564 375.84491
  1076421.22021 316.168706423.67334 376.20959
  1086422.62109 315.879916425.06494 376.55899
  1096424.02344 315.600806426.45996 376.89331
  1106425.42773 315.331606427.85889 377.21240
  1116426.83447 315.072516429.26123 377.51620
  1126428.24268 314.823706430.66650 377.80460
  1136429.65283 314.585116432.07520 378.07761
  1146431.06445 314.356906433.48682 378.33521
  1156432.47754 314.139016434.90088 378.57721
  1166433.89258 313.931406436.31738 378.80331
  1176435.30908 313.733706437.73682 379.01340
  1186436.72656 313.545686439.15869 379.20731
  1196438.14551 313.366916440.58203 379.38510
  1206439.56543 313.196996442.00781 379.54730
  1216440.98633 313.036806443.43506 379.69449
  1226442.40869 312.887086444.86328 379.82700
  1236443.83203 312.748996446.29346 379.94620
  1246445.25684 312.623606447.72412 380.05481
  1256446.68213 312.510196449.15527 380.15561
  1266448.10840 312.404606450.58643 380.25171
  1276449.53467 312.301916452.01807 380.34659
  1286450.96094 312.196996453.44971 380.44421
  1296452.38672 312.085606454.88037 380.54639
  1306453.81201 311.967596456.31152 380.65201
  1316455.23682 311.845496457.74219 380.75839
  1326456.66113 311.721896459.17334 380.86050
  1336458.08594 311.599006460.60498 380.95370
  1346459.51123 311.479496462.03760 381.03391
  1356460.93652 311.365816463.47070 381.09921
  1366462.36279 311.260506464.90479 381.15030
  1376463.79004 311.166116466.33887 381.18860
  1386465.21777 311.084816467.77344 381.21509
  1396466.64600 311.016516469.20801 381.23090
  1406468.07520 310.960606470.64258 381.23709
  1416469.50439 310.916206472.07764 381.23480
  1426470.93408 310.882396473.51221 381.22519
  1436472.36377 310.858406474.94678 381.20929
  1446473.79395 310.843416476.38135 381.18829
  1456475.22412 310.836496477.81592 381.16321
  1466476.65381 310.836916479.25049 381.13519
  1476478.08398 310.843816480.68457 381.10541
  1486479.51416 310.856296482.11914 381.07489
  1496480.94385 310.873606483.55371 381.04480
  1506482.37402 310.894816484.98779 381.01620
  1516483.80371 310.919196486.42236 380.99011
  1526485.23340 310.945896487.85693 380.96780
  1536486.66309 310.974006489.29150 380.95029
  1546488.09326 311.002816490.72607 380.93869
  1556489.52295 311.031496492.16113 380.93411
  1566490.95264 311.059116493.59570 380.93771
  1576492.38232 311.084906495.03027 380.95050
  1586493.81250 311.108006496.46484 380.97351
  1596495.24219 311.127696497.89941 381.00790
  1606496.67236 311.143016499.33301 381.05600
  1616498.10254 311.153116500.76660 381.12100
  1626499.53223 311.158116502.19873 381.20801
  1636500.96240 311.158816503.62891 381.32129
  1646502.39258 311.155916505.05664 381.46210
  1656503.82275 311.150516506.48145 381.63110
  1666505.25244 311.143806507.90283 381.82819
  1676506.68262 311.139016509.31982 382.05301
  1686508.11279 311.140506510.73242 382.30411
  1696509.54297 311.152716512.14062 382.58020
  1706510.97266 311.178016513.54346 382.87991
  1716512.40234 311.217196514.94189 383.20151
  1726513.83105 311.271006516.33496 383.54401
  1736515.25977 311.339906517.72363 383.90640
  1746516.68701 311.424416519.10645 384.28760
  1756518.11377 311.524416520.48486 384.68640
  1766519.53906 311.639596521.85791 385.10220
  1776520.96338 311.769596523.22607 385.53409
  1786522.38574 311.914316524.58936 385.98111
  1796523.80713 312.073306525.94775 386.44281
  1806525.22656 312.246196527.30127 386.91910
  1816526.64453 312.432806528.64941 387.41010
  1826528.06055 312.632696529.99219 387.91571
  1836529.47461 312.845316531.32910 388.43591
  1846530.88672 313.070506532.66064 388.97070
  1856532.29736 313.307896533.98584 389.52011
  1866533.70557 313.557016535.30518 390.08359
  1876535.11133 313.817696536.61914 390.66071
  1886536.51562 314.089396537.92676 391.25110
  1896537.91748 314.371706539.22852 391.85419
  1906539.31738 314.664496540.52441 392.46960
  1916540.71484 314.967196541.81494 393.09698
  1926542.11035 315.279396543.09961 393.73560
  1936543.50391 315.601206544.37891 394.38510
  1946544.89502 315.931796545.65283 395.04471
  1956546.28418 316.271216546.92188 395.71399
  1966547.67139 316.618806548.18652 396.39240
  1976549.05664 316.974796549.44580 397.07910
  1986550.43994 317.338106550.70117 397.77371
  1996551.82080 317.708896551.95264 398.47559
  2006553.20020 318.087016553.20020 399.18460
 INTYPE,NBLADE,IBLD,KSPAN,IHT,LEBOA,TEBOA
   -3   70  798    5  200   1.00000   1.00000
 TITLE =
 EEE-HPT-3                                                                      
  
 complete getdims
 NBK =           7
 IN GRIDDIM WITH OUTYPE =           4
 1 OJIN,OJSV          25          13
      BCK#      NS       ES       IM       JM       KM          NE       EE
        1        0        0       77        9        9     6237     4864
        2     6237     4864       77       13        9    15246    12160
        3    15246    12160       65        9        9    20511    16256
        4    20511    16256       23        9        9    22374    17664
        5    22374    17664       31        9        9    24885    19584
        6    24885    19584       65        5       17    30410    23680
        7    30410    23680       65        5        5    32035    24704
 
      BCK#     IM        JM        KM
 
  BEFORE READMESHIX           0
        1       77        9        9
        2       77       13        9
        3       65        9        9
        4       23        9        9
        5       31        9        9
        6       65        5       17
        7       65        5        5
 MESHIN,DWAL,DWAL_OMESH           1  4.9999999E-05  4.9999999E-05
 a.im,jm,km          77          21           9           7
 
 TOTAL NUMBER OF NODES =       31450       31450           7
 after x,y,z
 after xo,yo,zo
 NHT =         400  OSPAN =           9  IHT =         200
  IGRID =           1  OSPAN =           9  NSPAN =           5
  IGRID =           1  OSPAN =           9  NSPAN =           5
  ********NSPSV =           5  KM =           9  NSPAN =           5
 TCLS =            0  NBK =           7
 HCLS =            0  NB  =           6
 INEW =            3  NB  =           7
  A NB =           7
        1        0        0       77        9        9        1
        2     6237     4864       77       13        9        1
        3    15246    12160       65        9        9        1
        4    20511    16256       23        9        9        1
        5    22374    17664       31        9        9        1
  
 IN AIRFOILIN
 INPUT geometry file NAME = blade3.agf
 NFIN.GT.1.AND.NLOOP.EQ.1.AND.IFACE.EQ.0           4           2           0
 iht =         200
           1   6273.801       306.1649       6273.802       374.4167    
           2   6275.155       306.6230       6275.236       374.4660    
           3   6276.509       307.0858       6276.670       374.5022    
           4   6277.860       307.5534       6278.105       374.5252    
           5   6279.210       308.0255       6279.540       374.5349    
           6   6280.558       308.5024       6280.974       374.5311    
           7   6281.905       308.9840       6282.409       374.5138    
           8   6283.250       309.4703       6283.843       374.4828    
           9   6284.593       309.9613       6285.277       374.4381    
          10   6285.934       310.4573       6286.711       374.3794    
          11   6287.273       310.9579       6288.144       374.3067    
          12   6288.611       311.4634       6289.576       374.2200    
          13   6289.947       311.9737       6291.007       374.1191    
          14   6291.281       312.4888       6292.437       374.0040    
          15   6292.613       313.0089       6293.866       373.8746    
          16   6293.944       313.5337       6295.293       373.7309    
          17   6295.272       314.0636       6296.720       373.5727    
          18   6296.598       314.5984       6298.144       373.4001    
          19   6297.922       315.1381       6299.566       373.2130    
          20   6299.245       315.6829       6300.987       373.0114    
          21   6300.565       316.2327       6302.405       372.7953    
          22   6301.883       316.7874       6303.821       372.5645    
          23   6303.199       317.3471       6305.235       372.3194    
          24   6304.513       317.9121       6306.646       372.0596    
          25   6305.824       318.4821       6308.053       371.7800    
          26   6307.134       319.0556       6309.455       371.4733    
          27   6308.446       319.6257       6310.848       371.1300    
          28   6309.763       320.1838       6312.229       370.7420    
          29   6311.088       320.7212       6313.600       370.3169    
          30   6312.424       321.2294       6314.963       369.8683    
          31   6313.773       321.7056       6316.324       369.4154    
          32   6315.131       322.1518       6317.690       368.9777    
          33   6316.499       322.5701       6319.065       368.5669    
          34   6317.874       322.9624       6320.450       368.1902    
          35   6319.256       323.3306       6321.843       367.8461    
          36   6320.644       323.6747       6323.242       367.5303    
          37   6322.038       323.9937       6324.647       367.2402    
          38   6323.438       324.2869       6326.058       366.9745    
          39   6324.843       324.5536       6327.472       366.7335    
          40   6326.252       324.7934       6328.890       366.5176    
          41   6327.667       325.0065       6330.312       366.3277    
          42   6329.084       325.1930       6331.738       366.1642    
          43   6330.505       325.3531       6333.166       366.0280    
          44   6331.929       325.4870       6334.597       365.9196    
          45   6333.355       325.5943       6336.029       365.8407    
          46   6334.783       325.6744       6337.463       365.7925    
          47   6336.212       325.7268       6338.898       365.7700    
          48   6337.642       325.7511       6340.333       365.7663    
          49   6339.072       325.7555       6341.768       365.7818    
          50   6340.502       325.7526       6343.202       365.8196    
          51   6341.932       325.7430       6344.635       365.8735    
          52   6343.361       325.7045       6346.069       365.9328    
          53   6344.786       325.5783       6347.503       365.9850    
          54   6346.204       325.3957       6348.937       366.0183    
          55   6347.626       325.2440       6350.372       366.0375    
          56   6349.054       325.1711       6351.807       366.0546    
          57   6350.483       325.1363       6353.241       366.0735    
          58   6351.914       325.1164       6354.675       366.0936    
          59   6353.344       325.1130       6356.110       366.1141    
          60   6354.773       325.1007       6357.545       366.1341    
          61   6356.204       325.0791       6358.979       366.1528    
          62   6357.633       325.0445       6360.414       366.1692    
          63   6359.062       324.9970       6361.849       366.1824    
          64   6360.491       324.9376       6363.283       366.1914    
          65   6361.919       324.8670       6364.718       366.1954    
          66   6363.347       324.7859       6366.153       366.1934    
          67   6364.774       324.6950       6367.587       366.1844    
          68   6366.201       324.5953       6369.022       366.1672    
          69   6367.627       324.4872       6370.457       366.1416    
          70   6369.052       324.3717       6371.891       366.1075    
          71   6370.478       324.2495       6373.325       366.0618    
          72   6371.901       324.1214       6374.758       366.0011    
          73   6373.325       323.9879       6376.192       365.9430    
          74   6374.749       323.8500       6377.627       365.9192    
          75   6376.172       323.7084       6379.062       365.9624    
          76   6377.595       323.5637       6380.489       366.1004    
          77   6379.017       323.4168       6381.911       366.2938    
          78   6380.439       323.2683       6383.336       366.4602    
          79   6381.862       323.1187       6384.766       366.5854    
          80   6383.284       322.9688       6386.196       366.7054    
          81   6384.706       322.8187       6387.624       366.8440    
          82   6386.128       322.6689       6389.048       367.0148    
          83   6387.550       322.5199       6390.468       367.2202    
          84   6388.973       322.3719       6391.884       367.4543    
          85   6390.395       322.2241       6393.295       367.7107    
          86   6391.817       322.0751       6394.704       367.9838    
          87   6393.239       321.9238       6396.109       368.2714    
          88   6394.661       321.7685       6397.512       368.5752    
          89   6396.082       321.6060       6398.910       368.8974    
          90   6397.501       321.4314       6400.303       369.2411    
          91   6398.918       321.2384       6401.690       369.6067    
          92   6400.332       321.0210       6403.072       369.9923    
          93   6401.741       320.7753       6404.450       370.3946    
          94   6403.144       320.5020       6405.823       370.8094    
          95   6404.543       320.2037       6407.194       371.2322    
          96   6405.937       319.8831       6408.564       371.6587    
          97   6407.325       319.5428       6409.933       372.0864    
          98   6408.710       319.1873       6411.303       372.5150    
          99   6410.094       318.8238       6412.671       372.9447    
         100   6411.477       318.4594       6414.040       373.3766    
         101   6412.861       318.1018       6415.408       373.8090    
         102   6414.249       317.7548       6416.777       374.2380    
         103   6415.638       317.4180       6418.148       374.6594    
         104   6417.031       317.0914       6419.523       375.0691    
         105   6418.425       316.7744       6420.902       375.4646    
         106   6419.822       316.4669       6422.286       375.8449    
         107   6421.220       316.1687       6423.673       376.2096    
         108   6422.621       315.8799       6425.065       376.5590    
         109   6424.023       315.6008       6426.460       376.8933    
         110   6425.428       315.3316       6427.859       377.2124    
         111   6426.834       315.0725       6429.261       377.5162    
         112   6428.243       314.8237       6430.667       377.8046    
         113   6429.653       314.5851       6432.075       378.0776    
         114   6431.064       314.3569       6433.487       378.3352    
         115   6432.478       314.1390       6434.901       378.5772    
         116   6433.893       313.9314       6436.317       378.8033    
         117   6435.309       313.7337       6437.737       379.0134    
         118   6436.727       313.5457       6439.159       379.2073    
         119   6438.146       313.3669       6440.582       379.3851    
         120   6439.565       313.1970       6442.008       379.5473    
         121   6440.986       313.0368       6443.435       379.6945    
         122   6442.409       312.8871       6444.863       379.8270    
         123   6443.832       312.7490       6446.293       379.9462    
         124   6445.257       312.6236       6447.724       380.0548    
         125   6446.682       312.5102       6449.155       380.1556    
         126   6448.108       312.4046       6450.586       380.2517    
         127   6449.535       312.3019       6452.018       380.3466    
         128   6450.961       312.1970       6453.450       380.4442    
         129   6452.387       312.0856       6454.880       380.5464    
         130   6453.812       311.9676       6456.312       380.6520    
         131   6455.237       311.8455       6457.742       380.7584    
         132   6456.661       311.7219       6459.173       380.8605    
         133   6458.086       311.5990       6460.605       380.9537    
         134   6459.511       311.4795       6462.038       381.0339    
         135   6460.937       311.3658       6463.471       381.0992    
         136   6462.363       311.2605       6464.905       381.1503    
         137   6463.790       311.1661       6466.339       381.1886    
         138   6465.218       311.0848       6467.773       381.2151    
         139   6466.646       311.0165       6469.208       381.2309    
         140   6468.075       310.9606       6470.643       381.2371    
         141   6469.504       310.9162       6472.078       381.2348    
         142   6470.934       310.8824       6473.512       381.2252    
         143   6472.364       310.8584       6474.947       381.2093    
         144   6473.794       310.8434       6476.381       381.1883    
         145   6475.224       310.8365       6477.816       381.1632    
         146   6476.654       310.8369       6479.250       381.1352    
         147   6478.084       310.8438       6480.685       381.1054    
         148   6479.514       310.8563       6482.119       381.0749    
         149   6480.944       310.8736       6483.554       381.0448    
         150   6482.374       310.8948       6484.988       381.0162    
         151   6483.804       310.9192       6486.422       380.9901    
         152   6485.233       310.9459       6487.857       380.9678    
         153   6486.663       310.9740       6489.292       380.9503    
         154   6488.093       311.0028       6490.726       380.9387    
         155   6489.523       311.0315       6492.161       380.9341    
         156   6490.953       311.0591       6493.596       380.9377    
         157   6492.382       311.0849       6495.030       380.9505    
         158   6493.812       311.1080       6496.465       380.9735    
         159   6495.242       311.1277       6497.899       381.0079    
         160   6496.672       311.1430       6499.333       381.0560    
         161   6498.103       311.1531       6500.767       381.1210    
         162   6499.532       311.1581       6502.199       381.2080    
         163   6500.962       311.1588       6503.629       381.3213    
         164   6502.393       311.1559       6505.057       381.4621    
         165   6503.823       311.1505       6506.481       381.6311    
         166   6505.252       311.1438       6507.903       381.8282    
         167   6506.683       311.1390       6509.320       382.0530    
         168   6508.113       311.1405       6510.732       382.3041    
         169   6509.543       311.1527       6512.141       382.5802    
         170   6510.973       311.1780       6513.543       382.8799    
         171   6512.402       311.2172       6514.942       383.2015    
         172   6513.831       311.2710       6516.335       383.5440    
         173   6515.260       311.3399       6517.724       383.9064    
         174   6516.687       311.4244       6519.106       384.2876    
         175   6518.114       311.5244       6520.485       384.6864    
         176   6519.539       311.6396       6521.858       385.1022    
         177   6520.963       311.7696       6523.226       385.5341    
         178   6522.386       311.9143       6524.589       385.9811    
         179   6523.807       312.0733       6525.948       386.4428    
         180   6525.227       312.2462       6527.301       386.9191    
         181   6526.645       312.4328       6528.649       387.4101    
         182   6528.061       312.6327       6529.992       387.9157    
         183   6529.475       312.8453       6531.329       388.4359    
         184   6530.887       313.0705       6532.661       388.9707    
         185   6532.297       313.3079       6533.986       389.5201    
         186   6533.706       313.5570       6535.305       390.0836    
         187   6535.111       313.8177       6536.619       390.6607    
         188   6536.516       314.0894       6537.927       391.2511    
         189   6537.917       314.3717       6539.229       391.8542    
         190   6539.317       314.6645       6540.524       392.4696    
         191   6540.715       314.9672       6541.815       393.0970    
         192   6542.110       315.2794       6543.100       393.7356    
         193   6543.504       315.6012       6544.379       394.3851    
         194   6544.895       315.9318       6545.653       395.0447    
         195   6546.284       316.2712       6546.922       395.7140    
         196   6547.671       316.6188       6548.187       396.3924    
         197   6549.057       316.9748       6549.446       397.0791    
         198   6550.440       317.3381       6550.701       397.7737    
         199   6551.821       317.7089       6551.953       398.4756    
         200   6553.200       318.0870       6553.200       399.1846    
   247.0000       247.0001       258.0000       258.0000    
 SECTION =            1  OUT OF            5
 SECTION =            2  OUT OF            5
 SECTION =            3  OUT OF            5
 SECTION =            4  OUT OF            5
 SECTION =            5  OUT OF            5
 ENDWALL FINISH NHT         400
 ENDWALL FINISH NHT         400
 ENTERING WH_ENDWALL_ORDER
 INTYPE           3
 STARTING TO SCALE THE AIRFOIL
 STARTING TO ROTATING THE AIRFOIL
 LININ =           1  LETE =           0
 COMPLETE THE AIRFOILIN
 EEE-HPT-3                                                                      
  
 before XRgrid ospan           9           2           5
 NB1 =            1  NB2 =            0
 IFAN =            3
 before bladexyrgd           9           2           5
 
  IN BLADEXYRGD: GETTING INITIAL LEDIA AND TEDIA         798
 
        K      NBNEW      IXMN      LETE      ITYY     LED-in      TED-in     XatIXMN     Tatixmn    RatIXMN    LEMA(DEG)     TEMA(DEG)  CHORD
         1       799       406         0         3    0.083091    0.075196  254.489319    0.093772   12.127927   32.749172  -57.349895    1.514081
         2       799       406         0         3    0.083089    0.075201  254.489319    0.093772   12.149666   32.749870  -57.350994    1.514080
         3       799       402         0         3    0.089423    0.055070  254.539597    0.247484   13.645580   10.673968  -57.448372    1.525848
         4       799       402         0         3    0.108201    0.062275  254.611908    0.426005   15.147782  -15.525330  -56.349403    1.593663
         5       799       402         0         3    0.108201    0.062277  254.611908    0.426005   15.164132  -15.524979  -56.349014    1.593663
  
    3    1     254.53960       0.24748     254.53960       0.24748      13.64558      13.64558
    3    2     254.54393       0.26961     254.54395       0.22897      13.64595      13.64521
    3    3     254.55664       0.29154     254.55664       0.21454      13.64626      13.64484
    3    4     254.57642       0.31227     254.57643       0.20354      13.64650      13.64445
    3    5     254.60135       0.33104     254.60135       0.19287      13.64667      13.64402
    3    6     254.62900       0.34691     254.62898       0.18217      13.64677      13.64357
    3    7     254.65663       0.35952     254.65662       0.17126      13.64680      13.64314
    3    8     254.69124       0.37106     254.69119       0.15669      13.64674      13.64260
    3    9     254.73204       0.37993     254.73198       0.13824      13.64657      13.64198
    3   10     254.77832       0.38426     254.77823       0.11594      13.64621      13.64130
    3   11     254.82930       0.38283     254.82921       0.08894      13.64571      13.64063
    3   12     254.88425       0.37458     254.88414       0.05771      13.64498      13.63997
    3   13     254.94243       0.35848     254.94231       0.02191      13.64408      13.63939
    3   14     255.00308       0.33369     255.00296      -0.01898      13.64299      13.63892
    3   15     255.06548       0.29956     255.06534      -0.06347      13.64181      13.63867
    3   16     255.12885       0.25579     255.12869      -0.11277      13.64059      13.63866
    3   17     255.19246       0.20238     255.19231      -0.16564      13.63944      13.63895
    3   18     255.25557       0.13891     255.25540      -0.22106      13.63849      13.63957
    3   19     255.31743       0.06728     255.31723      -0.27798      13.63789      13.64055
    3   20     255.37730      -0.01148     255.37708      -0.33497      13.63776      13.64187
    3   21     255.43442      -0.09642     255.43416      -0.39106      13.63823      13.64349
    3   22     255.48805      -0.18250     255.48775      -0.44592      13.63932      13.64538
    3   23     255.53741      -0.26859     255.53708      -0.49747      13.64101      13.64743
    3   24     255.58177      -0.34977     255.58144      -0.54572      13.64317      13.64959
    3   25     255.62039      -0.42264     255.62004      -0.58890      13.64557      13.65172
    3   26     255.65251      -0.48481     255.65219      -0.62578      13.64794      13.65367
    3   27     255.67741      -0.53389     255.67712      -0.65470      13.65004      13.65529
    3   28     255.69437      -0.56663     255.69409      -0.67493      13.65156      13.65647
    3   29     255.71130      -0.60030     255.71107      -0.69570      13.65320      13.65772
    3   30     255.72659      -0.63053     255.72641      -0.70312      13.65476      13.65829
    3   31     255.73871      -0.65478     255.73859      -0.69999      13.65606      13.65830
    3   32     255.74648      -0.67025     255.74640      -0.69205      13.65692      13.65801
    3   33     255.74905      -0.68272     255.74905      -0.68272      13.65757      13.65757
 
    K    I     XS1       YS1       XS2       YS2       ZS1       ZS2
    3    1     254.53960       0.24748     254.53960       0.24748      13.64558      13.64558
    3    2     254.54393       0.26961     254.54395       0.22897      13.64595      13.64521
    3    3     254.55664       0.29154     254.55664       0.21454      13.64626      13.64484
    3    4     254.57642       0.31227     254.57643       0.20354      13.64650      13.64445
    3    5     254.60135       0.33104     254.60135       0.19287      13.64667      13.64402
    3    6     254.62900       0.34691     254.62898       0.18217      13.64677      13.64357
    3    7     254.65663       0.35952     254.65662       0.17126      13.64680      13.64314
    3    8     254.69124       0.37106     254.69119       0.15669      13.64674      13.64260
    3    9     254.73204       0.37993     254.73198       0.13824      13.64657      13.64198
    3   10     254.77832       0.38426     254.77823       0.11594      13.64621      13.64130
    3   11     254.82930       0.38283     254.82921       0.08894      13.64571      13.64063
    3   12     254.88425       0.37458     254.88414       0.05771      13.64498      13.63997
    3   13     254.94243       0.35848     254.94231       0.02191      13.64408      13.63939
    3   14     255.00308       0.33369     255.00296      -0.01898      13.64299      13.63892
    3   15     255.06548       0.29956     255.06534      -0.06347      13.64181      13.63867
    3   16     255.12885       0.25579     255.12869      -0.11277      13.64059      13.63866
    3   17     255.19246       0.20238     255.19231      -0.16564      13.63944      13.63895
    3   18     255.25557       0.13891     255.25540      -0.22106      13.63849      13.63957
    3   19     255.31743       0.06728     255.31723      -0.27798      13.63789      13.64055
    3   20     255.37730      -0.01148     255.37708      -0.33497      13.63776      13.64187
    3   21     255.43442      -0.09642     255.43416      -0.39106      13.63823      13.64349
    3   22     255.48805      -0.18250     255.48775      -0.44592      13.63932      13.64538
    3   23     255.53741      -0.26859     255.53708      -0.49747      13.64101      13.64743
    3   24     255.58177      -0.34977     255.58144      -0.54572      13.64317      13.64959
    3   25     255.62039      -0.42264     255.62004      -0.58890      13.64557      13.65172
    3   26     255.65251      -0.48481     255.65219      -0.62578      13.64794      13.65367
    3   27     255.67741      -0.53389     255.67712      -0.65470      13.65004      13.65529
    3   28     255.69437      -0.56663     255.69409      -0.67493      13.65156      13.65647
    3   29     255.71130      -0.60030     255.71107      -0.69570      13.65320      13.65772
    3   30     255.72659      -0.63053     255.72641      -0.70312      13.65476      13.65829
    3   31     255.73871      -0.65478     255.73859      -0.69999      13.65606      13.65830
    3   32     255.74648      -0.67025     255.74640      -0.69205      13.65692      13.65801
    3   33     255.74905      -0.68272     255.74905      -0.68272      13.65757      13.65757
 COMPLETE BLADEXYRGD 
 
 IN AIRFOILOT: GENERATE A IMPROVE AIRFOIL DEFINITION
               CREATING A SECTION FILE
 before INTERCIPT           9           2           5
 IN INTERCIPT          33          33           5           9          77
 IN INTERCIPT WITH OSPAN =           9
 OUT OF INTERCIPT
 INPUT FILE NAME = 
 blade0.agf                                                                     
  
 blade0.agf                                                                     
  
 intype =           3
 INTYPE =           3
 TITLE OF THE CASE
 EEE-HPT-0                                                                      
  
 NBLADE  Nbnode Nspan Ity  Iym  Tcls Hcls  Lete   Isplit
    46   798     5     5     0     1     0    10     0
 UNITS  NPROF  IFANG   HBL   TBL  TFREE   LFREE
     1     1     0   1.00000   1.00000   0.01000   0.00039
           5
      Rpm          Gamma      GAS-CONT      Psout      Twall   MOLECULAR-WEIGHT
      0.0000      1.3000   1716.4199 230300.0000      0.0000     28.9600
       %SPAN       Machin     Ptin        Ttin        Alphin       Phi
    XHUP        ZHUP        XTUP        ZTUP
   6273.8008    306.1649   6273.8018    374.4167
    XHDW        ZHDW        XTDW        ZTDW
   6553.2002    318.0870   6553.2002    399.1846
    XSHIFT       ROTA       XSCALE      YSCALE     ZSCALE
 YSCALE =   1.000000     BLDGAP =  8.9759789E-02
  0.0000000E+00  0.0000000E+00   1.000000       1.000000       1.000000    
  0.0000000E+00           0
     Tclle      Tclmc       Tclte
      0.0000      0.0000      0.0000
     Hclle      Hclmc       Hclte
      0.0000      0.0000      0.0000
 *NHT                                                                           
  
   200
 *ENDWALL                                                                       
  
 INTYPE,NBLADE,IBLD,KSPAN,IHT,LEBOA,TEBOA
   -3   46  798    5  200   1.00000   1.00000
 TITLE =
 EEE-HPT-0                                                                      
  
 complete getdims
 NBK =           7
 IN GRIDDIM WITH OUTYPE =           4
 1 OJIN,OJSV          41          21
      BCK#      NS       ES       IM       JM       KM          NE       EE
        1        0        0       93        9       41    34317    29440
        2    34317    29440       93       13       41    83886    73600
        3    83886    73600      129       17       41   173799   155520
        4   173799   155520       25       13       41   187124   167040
        5   187124   167040       17       13       41   196185   174720
        6   196185   174720      129       13       17   224694   199296
        7   224694   199296      129       13       13   246495   217728
 
      BCK#     IM        JM        KM
 
  BEFORE READMESHIX           0
        1       93        9       41
        2       93       13       41
        3      129       17       41
        4       25       13       41
        5       17       13       41
        6      129       13       17
        7      129       13       13
 MESHIN,DWAL,DWAL_OMESH           1  4.9999999E-05  4.9999999E-05
 a.im,jm,km          93          21          41           7
 
 TOTAL NUMBER OF NODES =      268296      268296           7
 after x,y,z
 after xo,yo,zo
 NHT =         400  OSPAN =          41  IHT =         200
  IGRID =           1  OSPAN =          41  NSPAN =           5
  IGRID =           1  OSPAN =          41  NSPAN =           5
  ********NSPSV =           5  KM =          41  NSPAN =           5
 TCLS =            0  NBK =           7
 HCLS =            0  NB  =           6
 INEW =            3  NB  =           7
  A NB =           7
        1        0        0       93        9       41        1
        2    34317    29440       93       13       41        1
        3    83886    73600      129       17       41        1
        4   173799   155520       25       13       41        1
        5   187124   167040       17       13       41        1
  
 IN AIRFOILIN
 INPUT geometry file NAME = blade0.agf
 NFIN.GT.1.AND.NLOOP.EQ.1.AND.IFACE.EQ.0           1           1           0
 OLD DW   6553.200       318.0870       6553.200       399.1846    
 NEW DW   6345.584       325.4409       6345.129       365.9029    
   249.6147       250.0376       12.82495       12.80032    
   249.5926       250.0238       14.40021       14.41104    
 iht =         200
           1   6273.801       306.1649       6273.802       374.4167    
           2   6275.155       306.6230       6275.236       374.4660    
           3   6276.509       307.0858       6276.670       374.5022    
           4   6277.860       307.5534       6278.105       374.5252    
           5   6279.210       308.0255       6279.540       374.5349    
           6   6280.558       308.5024       6280.974       374.5311    
           7   6281.905       308.9840       6282.409       374.5138    
           8   6283.250       309.4703       6283.843       374.4828    
           9   6284.593       309.9613       6285.277       374.4381    
          10   6285.934       310.4573       6286.711       374.3794    
          11   6287.273       310.9579       6288.144       374.3067    
          12   6288.611       311.4634       6289.576       374.2200    
          13   6289.947       311.9737       6291.007       374.1191    
          14   6291.281       312.4888       6292.437       374.0040    
          15   6292.613       313.0089       6293.866       373.8746    
          16   6293.944       313.5337       6295.293       373.7309    
          17   6295.272       314.0636       6296.720       373.5727    
          18   6296.598       314.5984       6298.144       373.4001    
          19   6297.922       315.1381       6299.566       373.2130    
          20   6299.245       315.6829       6300.987       373.0114    
          21   6300.565       316.2327       6302.405       372.7953    
          22   6301.883       316.7874       6303.821       372.5645    
          23   6303.199       317.3471       6305.235       372.3194    
          24   6304.513       317.9121       6306.646       372.0596    
          25   6305.824       318.4821       6308.053       371.7800    
          26   6307.134       319.0556       6309.455       371.4733    
          27   6308.446       319.6257       6310.848       371.1300    
          28   6309.763       320.1838       6312.229       370.7420    
          29   6311.088       320.7212       6313.600       370.3169    
          30   6312.424       321.2294       6314.963       369.8683    
          31   6313.773       321.7056       6316.324       369.4154    
          32   6315.131       322.1518       6317.690       368.9777    
          33   6316.499       322.5701       6319.065       368.5669    
          34   6317.874       322.9624       6320.450       368.1902    
          35   6319.256       323.3306       6321.843       367.8461    
          36   6320.644       323.6747       6323.242       367.5303    
          37   6322.038       323.9937       6324.647       367.2402    
          38   6323.438       324.2869       6326.058       366.9745    
          39   6324.843       324.5536       6327.472       366.7335    
          40   6326.252       324.7934       6328.890       366.5176    
          41   6327.667       325.0065       6330.312       366.3277    
          42   6329.084       325.1930       6331.738       366.1642    
          43   6330.505       325.3531       6333.166       366.0280    
          44   6331.929       325.4870       6334.597       365.9196    
          45   6333.355       325.5943       6336.029       365.8407    
          46   6334.783       325.6744       6337.463       365.7925    
          47   6336.212       325.7268       6338.898       365.7700    
          48   6337.642       325.7511       6340.333       365.7663    
          49   6339.072       325.7555       6341.768       365.7818    
          50   6340.502       325.7526       6343.202       365.8196    
          51   6341.932       325.7430       6344.635       365.8735    
          52   6343.361       325.7045       6346.069       365.9328    
          53   6344.786       325.5783       6347.503       365.9850    
          54   6346.204       325.3957       6348.937       366.0183    
          55   6347.626       325.2440       6350.372       366.0375    
          56   6349.054       325.1711       6351.807       366.0546    
          57   6350.483       325.1363       6353.241       366.0735    
          58   6351.914       325.1164       6354.675       366.0936    
          59   6353.344       325.1130       6356.110       366.1141    
          60   6354.773       325.1007       6357.545       366.1341    
          61   6356.204       325.0791       6358.979       366.1528    
          62   6357.633       325.0445       6360.414       366.1692    
          63   6359.062       324.9970       6361.849       366.1824    
          64   6360.491       324.9376       6363.283       366.1914    
          65   6361.919       324.8670       6364.718       366.1954    
          66   6363.347       324.7859       6366.153       366.1934    
          67   6364.774       324.6950       6367.587       366.1844    
          68   6366.201       324.5953       6369.022       366.1672    
          69   6367.627       324.4872       6370.457       366.1416    
          70   6369.052       324.3717       6371.891       366.1075    
          71   6370.478       324.2495       6373.325       366.0618    
          72   6371.901       324.1214       6374.758       366.0011    
          73   6373.325       323.9879       6376.192       365.9430    
          74   6374.749       323.8500       6377.627       365.9192    
          75   6376.172       323.7084       6379.062       365.9624    
          76   6377.595       323.5637       6380.489       366.1004    
          77   6379.017       323.4168       6381.911       366.2938    
          78   6380.439       323.2683       6383.336       366.4602    
          79   6381.862       323.1187       6384.766       366.5854    
          80   6383.284       322.9688       6386.196       366.7054    
          81   6384.706       322.8187       6387.624       366.8440    
          82   6386.128       322.6689       6389.048       367.0148    
          83   6387.550       322.5199       6390.468       367.2202    
          84   6388.973       322.3719       6391.884       367.4543    
          85   6390.395       322.2241       6393.295       367.7107    
          86   6391.817       322.0751       6394.704       367.9838    
          87   6393.239       321.9238       6396.109       368.2714    
          88   6394.661       321.7685       6397.512       368.5752    
          89   6396.082       321.6060       6398.910       368.8974    
          90   6397.501       321.4314       6400.303       369.2411    
          91   6398.918       321.2384       6401.690       369.6067    
          92   6400.332       321.0210       6403.072       369.9923    
          93   6401.741       320.7753       6404.450       370.3946    
          94   6403.144       320.5020       6405.823       370.8094    
          95   6404.543       320.2037       6407.194       371.2322    
          96   6405.937       319.8831       6408.564       371.6587    
          97   6407.325       319.5428       6409.933       372.0864    
          98   6408.710       319.1873       6411.303       372.5150    
          99   6410.094       318.8238       6412.671       372.9447    
         100   6411.477       318.4594       6414.040       373.3766    
         101   6412.861       318.1018       6415.408       373.8090    
         102   6414.249       317.7548       6416.777       374.2380    
         103   6415.638       317.4180       6418.148       374.6594    
         104   6417.031       317.0914       6419.523       375.0691    
         105   6418.425       316.7744       6420.902       375.4646    
         106   6419.822       316.4669       6422.286       375.8449    
         107   6421.220       316.1687       6423.673       376.2096    
         108   6422.621       315.8799       6425.065       376.5590    
         109   6424.023       315.6008       6426.460       376.8933    
         110   6425.428       315.3316       6427.859       377.2124    
         111   6426.834       315.0725       6429.261       377.5162    
         112   6428.243       314.8237       6430.667       377.8046    
         113   6429.653       314.5851       6432.075       378.0776    
         114   6431.064       314.3569       6433.487       378.3352    
         115   6432.478       314.1390       6434.901       378.5772    
         116   6433.893       313.9314       6436.317       378.8033    
         117   6435.309       313.7337       6437.737       379.0134    
         118   6436.727       313.5457       6439.159       379.2073    
         119   6438.146       313.3669       6440.582       379.3851    
         120   6439.565       313.1970       6442.008       379.5473    
         121   6440.986       313.0368       6443.435       379.6945    
         122   6442.409       312.8871       6444.863       379.8270    
         123   6443.832       312.7490       6446.293       379.9462    
         124   6445.257       312.6236       6447.724       380.0548    
         125   6446.682       312.5102       6449.155       380.1556    
         126   6448.108       312.4046       6450.586       380.2517    
         127   6449.535       312.3019       6452.018       380.3466    
         128   6450.961       312.1970       6453.450       380.4442    
         129   6452.387       312.0856       6454.880       380.5464    
         130   6453.812       311.9676       6456.312       380.6520    
         131   6455.237       311.8455       6457.742       380.7584    
         132   6456.661       311.7219       6459.173       380.8605    
         133   6458.086       311.5990       6460.605       380.9537    
         134   6459.511       311.4795       6462.038       381.0339    
         135   6460.937       311.3658       6463.471       381.0992    
         136   6462.363       311.2605       6464.905       381.1503    
         137   6463.790       311.1661       6466.339       381.1886    
         138   6465.218       311.0848       6467.773       381.2151    
         139   6466.646       311.0165       6469.208       381.2309    
         140   6468.075       310.9606       6470.643       381.2371    
         141   6469.504       310.9162       6472.078       381.2348    
         142   6470.934       310.8824       6473.512       381.2252    
         143   6472.364       310.8584       6474.947       381.2093    
         144   6473.794       310.8434       6476.381       381.1883    
         145   6475.224       310.8365       6477.816       381.1632    
         146   6476.654       310.8369       6479.250       381.1352    
         147   6478.084       310.8438       6480.685       381.1054    
         148   6479.514       310.8563       6482.119       381.0749    
         149   6480.944       310.8736       6483.554       381.0448    
         150   6482.374       310.8948       6484.988       381.0162    
         151   6483.804       310.9192       6486.422       380.9901    
         152   6485.233       310.9459       6487.857       380.9678    
         153   6486.663       310.9740       6489.292       380.9503    
         154   6488.093       311.0028       6490.726       380.9387    
         155   6489.523       311.0315       6492.161       380.9341    
         156   6490.953       311.0591       6493.596       380.9377    
         157   6492.382       311.0849       6495.030       380.9505    
         158   6493.812       311.1080       6496.465       380.9735    
         159   6495.242       311.1277       6497.899       381.0079    
         160   6496.672       311.1430       6499.333       381.0560    
         161   6498.103       311.1531       6500.767       381.1210    
         162   6499.532       311.1581       6502.199       381.2080    
         163   6500.962       311.1588       6503.629       381.3213    
         164   6502.393       311.1559       6505.057       381.4621    
         165   6503.823       311.1505       6506.481       381.6311    
         166   6505.252       311.1438       6507.903       381.8282    
         167   6506.683       311.1390       6509.320       382.0530    
         168   6508.113       311.1405       6510.732       382.3041    
         169   6509.543       311.1527       6512.141       382.5802    
         170   6510.973       311.1780       6513.543       382.8799    
         171   6512.402       311.2172       6514.942       383.2015    
         172   6513.831       311.2710       6516.335       383.5440    
         173   6515.260       311.3399       6517.724       383.9064    
         174   6516.687       311.4244       6519.106       384.2876    
         175   6518.114       311.5244       6520.485       384.6864    
         176   6519.539       311.6396       6521.858       385.1022    
         177   6520.963       311.7696       6523.226       385.5341    
         178   6522.386       311.9143       6524.589       385.9811    
         179   6523.807       312.0733       6525.948       386.4428    
         180   6525.227       312.2462       6527.301       386.9191    
         181   6526.645       312.4328       6528.649       387.4101    
         182   6528.061       312.6327       6529.992       387.9157    
         183   6529.475       312.8453       6531.329       388.4359    
         184   6530.887       313.0705       6532.661       388.9707    
         185   6532.297       313.3079       6533.986       389.5201    
         186   6533.706       313.5570       6535.305       390.0836    
         187   6535.111       313.8177       6536.619       390.6607    
         188   6536.516       314.0894       6537.927       391.2511    
         189   6537.917       314.3717       6539.229       391.8542    
         190   6539.317       314.6645       6540.524       392.4696    
         191   6540.715       314.9672       6541.815       393.0970    
         192   6542.110       315.2794       6543.100       393.7356    
         193   6543.504       315.6012       6544.379       394.3851    
         194   6544.895       315.9318       6545.653       395.0447    
         195   6546.284       316.2712       6546.922       395.7140    
         196   6547.671       316.6188       6548.187       396.3924    
         197   6549.057       316.9748       6549.446       397.0791    
         198   6550.440       317.3381       6550.701       397.7737    
         199   6551.821       317.7089       6551.953       398.4756    
         200   6553.200       318.0870       6553.200       399.1846    
   247.0000       247.0001       249.8261       249.8082    
 SECTION =            1  OUT OF            5
 SECTION =            2  OUT OF            5
 SECTION =            3  OUT OF            5
 SECTION =            4  OUT OF            5
 SECTION =            5  OUT OF            5
 ENDWALL FINISH NHT         400
 ENDWALL FINISH NHT         400
 ENTERING WH_ENDWALL_ORDER
 INTYPE           3
 STARTING TO SCALE THE AIRFOIL
 STARTING TO ROTATING THE AIRFOIL
 LININ =           1  LETE =           0
 COMPLETE THE AIRFOILIN
 EEE-HPT-0                                                                      
  
 before XRgrid ospan          41           1           5
 ********** in dwstream *************
           1   247.0000       12.05374    
           2   247.0000       12.72551    
           3   247.0000       13.39727    
           4   247.0001       14.06904    
           5   247.0001       14.74081    
 ********** IN UPstream *************
           1   249.8261       12.81405    
           2   249.8085       13.21132    
           3   249.8051       13.60970    
           4   249.8106       14.00783    
           5   249.8082       14.40527    
 complete poisson grid
 NB1 =            1  NB2 =            0
 IFAN =            3
 before bladexyrgd          41           1           5
 
  IN BLADEXYRGD: GETTING INITIAL LEDIA AND TEDIA         798
 
        K      NBNEW      IXMN      LETE      ITYY     LED-in      TED-in     XatIXMN     Tatixmn    RatIXMN    LEMA(DEG)     TEMA(DEG)  CHORD
         1       799       389         0         3   -0.128767   -0.090562  248.261414   -1.835494   12.547556  -10.122206   70.550598    2.330350
         2       799       388         0         3   -0.133985   -0.085312  248.261276   -1.909704   13.057481   -9.989444   71.255287    2.325370
         3       799       391         0         3   -0.156308   -0.075050  248.260071   -2.046139   13.942760   -8.085695   73.238106    2.444451
         4       799       394         0         3   -0.194343   -0.054615  248.258560   -2.201777   14.832522  -11.208342   73.853485    2.599227
         5       799       392         0         3   -0.289628   -0.055080  248.258957   -2.214230   14.964452    0.000000   74.585564    2.597263
  
    3    1     248.26007      -2.04614     248.26007      -2.04614      13.94276      13.94276
    3    2     248.26071      -2.03773     248.26003      -2.05545      13.94159      13.94411
    3    3     248.26390      -2.01992     248.26219      -2.07718      13.93927      13.94744
    3    4     248.27011      -2.00161     248.26762      -2.10070      13.93713      13.95132
    3    5     248.27892      -1.98272     248.27583      -2.12419      13.93512      13.95543
    3    6     248.29018      -1.96644     248.28648      -2.14880      13.93366      13.95991
    3    7     248.30360      -1.95139     248.29938      -2.17313      13.93251      13.96453
    3    8     248.31894      -1.93575     248.31432      -2.19646      13.93140      13.96914
    3    9     248.33589      -1.91861     248.33105      -2.21703      13.93016      13.97344
    3   10     248.35419      -1.89986     248.34927      -2.23497      13.92872      13.97737
    3   11     248.37347      -1.87969     248.36864      -2.25045      13.92707      13.98089
    3   12     248.39343      -1.85862     248.38879      -2.26337      13.92524      13.98395
    3   13     248.41374      -1.83714     248.40939      -2.27378      13.92324      13.98647
    3   14     248.43402      -1.81532     248.43004      -2.28209      13.92103      13.98847
    3   15     248.45596      -1.79111     248.45244      -2.28869      13.91839      13.99003
    3   16     248.47942      -1.76451     248.47649      -2.29291      13.91519      13.99093
    3   17     248.50427      -1.73532     248.50206      -2.29502      13.91138      13.99113
    3   18     248.53044      -1.70352     248.52902      -2.29477      13.90696      13.99057
    3   19     248.55780      -1.67038     248.55727      -2.29191      13.90204      13.98916
    3   20     248.58627      -1.63550     248.58664      -2.28641      13.89664      13.98695
    3   21     248.61574      -1.59894     248.61703      -2.27810      13.89077      13.98392
    3   22     248.64612      -1.56083     248.64833      -2.26657      13.88457      13.98012
    3   23     248.67734      -1.52119     248.68042      -2.25170      13.87813      13.97564
    3   24     248.70930      -1.48001     248.71321      -2.23322      13.87158      13.97055
    3   25     248.74193      -1.43724     248.74658      -2.21083      13.86500      13.96492
    3   26     248.77513      -1.39289     248.78043      -2.18410      13.85846      13.95873
    3   27     248.80882      -1.34692     248.81464      -2.15266      13.85205      13.95204
    3   28     248.84288      -1.29941     248.84909      -2.11604      13.84578      13.94478
    3   29     248.87723      -1.25045     248.88367      -2.07384      13.83966      13.93692
    3   30     248.91173      -1.20020     248.91824      -2.02538      13.83369      13.92838
    3   31     248.94630      -1.14877     248.95268      -1.97074      13.82789      13.91922
    3   32     248.98083      -1.09632     248.98691      -1.91035      13.82225      13.90953
    3   33     249.01523      -1.04293     249.02086      -1.84456      13.81680      13.89946
    3   34     249.04938      -0.98876     249.05432      -1.77138      13.81155      13.88880
    3   35     249.08319      -0.93388     249.08748      -1.69700      13.80652      13.87841
    3   36     249.11655      -0.87845     249.12009      -1.61758      13.80173      13.86790
    3   37     249.14935      -0.82259     249.15213      -1.53504      13.79721      13.85754
    3   38     249.18150      -0.76643     249.18350      -1.44957      13.79297      13.84742
    3   39     249.21291      -0.71013     249.21416      -1.36157      13.78903      13.83764
    3   40     249.24344      -0.65285     249.24400      -1.27156      13.78535      13.82830
    3   41     249.27301      -0.59633     249.27293      -1.18021      13.78201      13.81948
    3   42     249.30151      -0.54104     249.30090      -1.08825      13.77904      13.81128
    3   43     249.32886      -0.48667     249.32777      -0.99526      13.77639      13.80368
    3   44     249.35490      -0.43357     249.35352      -0.90558      13.77406      13.79698
    3   45     249.37959      -0.38223     249.37799      -0.81920      13.77206      13.79111
    3   46     249.40277      -0.33310     249.40108      -0.73638      13.77037      13.78604
    3   47     249.42436      -0.28654     249.42264      -0.65778      13.76896      13.78170
    3   48     249.44424      -0.24309     249.44257      -0.58414      13.76784      13.77810
    3   49     249.46233      -0.20308     249.46072      -0.51614      13.76695      13.77514
    3   50     249.47849      -0.16685     249.47701      -0.45456      13.76626      13.77277
    3   51     249.49263      -0.13497     249.49127      -0.39994      13.76576      13.77092
    3   52     249.50465      -0.10759     249.50342      -0.35294      13.76540      13.76952
    3   53     249.51445      -0.08508     249.51332      -0.31425      13.76515      13.76849
    3   54     249.52425      -0.06247     249.52324      -0.27530      13.76494      13.76756
    3   55     249.53387      -0.04047     249.53299      -0.23706      13.76477      13.76675
    3   56     249.54317      -0.01877     249.54242      -0.20033      13.76465      13.76610
    3   57     249.55197       0.00433     249.55136      -0.16332      13.76458      13.76555
    3   58     249.56013       0.01491     249.55965      -0.12902      13.76456      13.76515
    3   59     249.56750       0.01845     249.56715      -0.09894      13.76454      13.76489
    3   60     249.57399       0.01844     249.57373      -0.07217      13.76453      13.76470
    3   61     249.57944       0.01655     249.57927      -0.04918      13.76451      13.76459
    3   62     249.58379       0.01301     249.58368      -0.03053      13.76450      13.76452
    3   63     249.58693       0.00853     249.58690      -0.01785      13.76449      13.76449
    3   64     249.58885       0.00354     249.58884      -0.00843      13.76448      13.76448
    3   65     249.58949      -0.00257     249.58949      -0.00257      13.76448      13.76448
 
    K    I     XS1       YS1       XS2       YS2       ZS1       ZS2
    3    1     248.26007      -2.04614     248.26007      -2.04614      13.94276      13.94276
    3    2     248.26071      -2.03773     248.26003      -2.05545      13.94159      13.94411
    3    3     248.26390      -2.01992     248.26219      -2.07718      13.93927      13.94744
    3    4     248.27011      -2.00161     248.26762      -2.10070      13.93713      13.95132
    3    5     248.27892      -1.98272     248.27583      -2.12419      13.93512      13.95543
    3    6     248.29018      -1.96644     248.28648      -2.14880      13.93366      13.95991
    3    7     248.30360      -1.95139     248.29938      -2.17313      13.93251      13.96453
    3    8     248.31894      -1.93575     248.31432      -2.19646      13.93140      13.96914
    3    9     248.33589      -1.91861     248.33105      -2.21703      13.93016      13.97344
    3   10     248.35419      -1.89986     248.34927      -2.23497      13.92872      13.97737
    3   11     248.37347      -1.87969     248.36864      -2.25045      13.92707      13.98089
    3   12     248.39343      -1.85862     248.38879      -2.26337      13.92524      13.98395
    3   13     248.41374      -1.83714     248.40939      -2.27378      13.92324      13.98647
    3   14     248.43402      -1.81532     248.43004      -2.28209      13.92103      13.98847
    3   15     248.45596      -1.79111     248.45244      -2.28869      13.91839      13.99003
    3   16     248.47942      -1.76451     248.47649      -2.29291      13.91519      13.99093
    3   17     248.50427      -1.73532     248.50206      -2.29502      13.91138      13.99113
    3   18     248.53044      -1.70352     248.52902      -2.29477      13.90696      13.99057
    3   19     248.55780      -1.67038     248.55727      -2.29191      13.90204      13.98916
    3   20     248.58627      -1.63550     248.58664      -2.28641      13.89664      13.98695
    3   21     248.61574      -1.59894     248.61703      -2.27810      13.89077      13.98392
    3   22     248.64612      -1.56083     248.64833      -2.26657      13.88457      13.98012
    3   23     248.67734      -1.52119     248.68042      -2.25170      13.87813      13.97564
    3   24     248.70930      -1.48001     248.71321      -2.23322      13.87158      13.97055
    3   25     248.74193      -1.43724     248.74658      -2.21083      13.86500      13.96492
    3   26     248.77513      -1.39289     248.78043      -2.18410      13.85846      13.95873
    3   27     248.80882      -1.34692     248.81464      -2.15266      13.85205      13.95204
    3   28     248.84288      -1.29941     248.84909      -2.11604      13.84578      13.94478
    3   29     248.87723      -1.25045     248.88367      -2.07384      13.83966      13.93692
    3   30     248.91173      -1.20020     248.91824      -2.02538      13.83369      13.92838
    3   31     248.94630      -1.14877     248.95268      -1.97074      13.82789      13.91922
    3   32     248.98083      -1.09632     248.98691      -1.91035      13.82225      13.90953
    3   33     249.01523      -1.04293     249.02086      -1.84456      13.81680      13.89946
    3   34     249.04938      -0.98876     249.05432      -1.77138      13.81155      13.88880
    3   35     249.08319      -0.93388     249.08748      -1.69700      13.80652      13.87841
    3   36     249.11655      -0.87845     249.12009      -1.61758      13.80173      13.86790
    3   37     249.14935      -0.82259     249.15213      -1.53504      13.79721      13.85754
    3   38     249.18150      -0.76643     249.18350      -1.44957      13.79297      13.84742
    3   39     249.21291      -0.71013     249.21416      -1.36157      13.78903      13.83764
    3   40     249.24344      -0.65285     249.24400      -1.27156      13.78535      13.82830
    3   41     249.27301      -0.59633     249.27293      -1.18021      13.78201      13.81948
    3   42     249.30151      -0.54104     249.30090      -1.08825      13.77904      13.81128
    3   43     249.32886      -0.48667     249.32777      -0.99526      13.77639      13.80368
    3   44     249.35490      -0.43357     249.35352      -0.90558      13.77406      13.79698
    3   45     249.37959      -0.38223     249.37799      -0.81920      13.77206      13.79111
    3   46     249.40277      -0.33310     249.40108      -0.73638      13.77037      13.78604
    3   47     249.42436      -0.28654     249.42264      -0.65778      13.76896      13.78170
    3   48     249.44424      -0.24309     249.44257      -0.58414      13.76784      13.77810
    3   49     249.46233      -0.20308     249.46072      -0.51614      13.76695      13.77514
    3   50     249.47849      -0.16685     249.47701      -0.45456      13.76626      13.77277
    3   51     249.49263      -0.13497     249.49127      -0.39994      13.76576      13.77092
    3   52     249.50465      -0.10759     249.50342      -0.35294      13.76540      13.76952
    3   53     249.51445      -0.08508     249.51332      -0.31425      13.76515      13.76849
    3   54     249.52425      -0.06247     249.52324      -0.27530      13.76494      13.76756
    3   55     249.53387      -0.04047     249.53299      -0.23706      13.76477      13.76675
    3   56     249.54317      -0.01877     249.54242      -0.20033      13.76465      13.76610
    3   57     249.55197       0.00433     249.55136      -0.16332      13.76458      13.76555
    3   58     249.56013       0.01491     249.55965      -0.12902      13.76456      13.76515
    3   59     249.56750       0.01845     249.56715      -0.09894      13.76454      13.76489
    3   60     249.57399       0.01844     249.57373      -0.07217      13.76453      13.76470
    3   61     249.57944       0.01655     249.57927      -0.04918      13.76451      13.76459
    3   62     249.58379       0.01301     249.58368      -0.03053      13.76450      13.76452
    3   63     249.58693       0.00853     249.58690      -0.01785      13.76449      13.76449
    3   64     249.58885       0.00354     249.58884      -0.00843      13.76448      13.76448
    3   65     249.58949      -0.00257     249.58949      -0.00257      13.76448      13.76448
 COMPLETE BLADEXYRGD 
 
 IN AIRFOILOT: GENERATE A IMPROVE AIRFOIL DEFINITION
               CREATING A SECTION FILE
 before INTERCIPT          41           1           5
 IN INTERCIPT          65          65           5          41          93
 IN INTERCIPT WITH OSPAN =          41
 OUT OF INTERCIPT
 IN TRANSFORM          93          41          65
 OUT TRANSFORM          93          41
  
 IN BLADENEW: GENERATE THE NODE DISTRIBUTION
                ALONE EACH AIRFOIL SECTION
 **** ity =           1
 J    IGRID    RMN       LED      LEMA       LEWA       TED      TEMA      TEWA
    1    1  12.53894   0.29139  -2.42857   4.20824   0.04977  68.89959   1.27694
    2    1  12.59338   0.29116  -2.42857   4.13830   0.04971  68.94613   1.21137
    3    1  12.64703   0.29073  -2.42857   4.13929   0.04961  68.99248   1.20834
    4    1  12.70013   0.29012  -2.42857   4.13336   0.04948  69.03863   1.20512
    5    1  12.75287   0.28937  -2.42857   4.12816   0.04933  69.08459   1.20236
    6    1  12.80534   0.28853  -2.42857   4.12371   0.04918  69.13035   1.19979
    7    1  12.85764   0.28765  -2.42857   4.11994   0.04906  69.17593   1.19735
    8    1  12.90984   0.28678  -2.42857   4.11794   0.04896  69.22131   1.19568
    9    1  12.96196   0.28596  -2.42857   4.11961   0.04889  69.26650   1.19563
   10    1  13.01405   0.28524  -2.42857   4.12178   0.04885  69.31152   1.19532
   11    1  13.06611   0.28464  -2.42857   4.12492   0.04883  69.35633   1.19531
   12    1  13.11817   0.28417  -2.42857   4.12912   0.04883  69.40097   1.19553
   13    1  13.17021   0.28385  -2.42857   4.13445   0.04884  69.44542   1.19595
   14    1  13.22227   0.28365  -2.42857   4.14057   0.04886  69.48969   1.19661
   15    1  13.27434   0.28355  -2.42857   4.14739   0.04888  69.53378   1.19742
   16    1  13.32642   0.28353  -2.42857   4.15486   0.04891  69.57767   1.19839
   17    1  13.37851   0.28357  -2.42857   4.16291   0.04894  69.62141   1.19951
   18    1  13.43062   0.28364  -2.42857   4.17146   0.04896  69.66496   1.20071
   19    1  13.48276   0.28373  -2.42857   4.23460   0.04898  69.70832   1.26439
   20    1  13.53490   0.28382  -2.42857   4.24402   0.04899  69.75151   1.26626
   21    1  13.58707   0.28391  -2.42857   4.25376   0.04897  69.79453   1.26781
   22    1  13.63926   0.28400  -2.42857   4.26376   0.04894  69.83737   1.26939
   23    1  13.69147   0.28407  -2.42857   4.27394   0.04889  69.88004   1.27090
   24    1  13.74370   0.28408  -2.42857   4.28424   0.04882  69.92253   1.27242
   25    1  13.79595   0.28396  -2.42857   4.29499   0.04874  69.96485   1.27404
   26    1  13.84823   0.28360  -2.42857   4.30910   0.04866  70.00701   1.27828
   27    1  13.90054   0.28283  -2.42857   4.33503   0.04858  70.04899   1.29418
   28    1  13.95288   0.28146  -2.42857   4.36004   0.04853  70.09081   1.30934
   29    1  14.00526   0.27927  -2.42857   4.32754   0.04849  70.13245   1.25745
   30    1  14.05770   0.27610  -2.42857   4.35470   0.04849  70.17393   1.27062
   31    1  14.11021   0.27185  -2.42857   4.37990   0.04852  70.21524   1.28126
   32    1  14.16285   0.26661  -2.42857   4.47984   0.04857  70.25639   1.35999
   33    1  14.21564   0.26062  -2.42857   4.50184   0.04864  70.29738   1.36793
   34    1  14.26866   0.25436  -2.42857   4.52133   0.04872  70.33820   1.37343
   35    1  14.32198   0.24837  -2.42857   4.53692   0.04880  70.37885   1.37388
   36    1  14.37571   0.24321  -2.42857   4.58721   0.04887  70.41935   1.37335
   37    1  14.42994   0.23927  -2.42857   4.58758   0.04894  70.45969   1.36939
   38    1  14.48483   0.23668  -2.42857   4.61332   0.04898  70.49986   1.36168
   39    1  14.54048   0.23527  -2.42857   4.58653   0.04901  70.53989   1.34994
   40    1  14.59702   0.23468  -2.42857   4.53776   0.04903  70.57975   1.33405
   41    1  14.65450   0.23451  -2.42857   4.51927   0.04904  70.61945   1.31267
    1    1   0.08556   0.03153   0.54028   0.03052   0.05863   0.23982   0.18940   0.03235   0.03052
    2    1   0.08593   0.03156   0.53841   0.03072   0.05854   0.24095   0.18926   0.03231   0.03072
    3    1   0.08630   0.03159   0.53649   0.03092   0.05862   0.24208   0.18898   0.03225   0.03092
    4    1   0.08666   0.03162   0.53456   0.03112   0.05856   0.24322   0.18858   0.03216   0.03112
    5    1   0.08702   0.03164   0.53265   0.03132   0.05852   0.24435   0.18809   0.03206   0.03132
    6    1   0.08738   0.03167   0.53076   0.03150   0.05848   0.24549   0.18755   0.03197   0.03150
    7    1   0.08773   0.03170   0.52892   0.03166   0.05845   0.24663   0.18697   0.03189   0.03166
    8    1   0.08809   0.03173   0.52713   0.03177   0.05845   0.24777   0.18641   0.03182   0.03173
    9    1   0.08844   0.03176   0.52540   0.03172   0.05848   0.24890   0.18587   0.03178   0.03172
   10    1   0.08880   0.03179   0.52373   0.03163   0.05853   0.24995   0.18541   0.03175   0.03163
   11    1   0.08916   0.03182   0.52211   0.03153   0.05859   0.25098   0.18502   0.03174   0.03153
   12    1   0.08951   0.03185   0.52057   0.03146   0.05867   0.25207   0.18471   0.03174   0.03146
   13    1   0.08987   0.03188   0.51908   0.03136   0.05877   0.25317   0.18450   0.03174   0.03136
   14    1   0.09022   0.03191   0.51766   0.03125   0.05888   0.25428   0.18437   0.03176   0.03125
   15    1   0.09058   0.03194   0.51631   0.03113   0.05900   0.25539   0.18431   0.03177   0.03113
   16    1   0.09093   0.03196   0.51502   0.03100   0.05913   0.25651   0.18430   0.03179   0.03100
   17    1   0.09129   0.03199   0.51380   0.03087   0.05927   0.25763   0.18432   0.03181   0.03087
   18    1   0.09164   0.03202   0.51265   0.03072   0.05941   0.25876   0.18437   0.03183   0.03072
   19    1   0.09200   0.03205   0.51158   0.03057   0.05940   0.25989   0.18442   0.03184   0.03057
   20    1   0.09235   0.03208   0.51057   0.03042   0.05956   0.26103   0.18448   0.03184   0.03042
   21    1   0.09271   0.03211   0.50963   0.03027   0.05972   0.26217   0.18454   0.03183   0.03027
   22    1   0.09307   0.03214   0.50877   0.03015   0.05989   0.26331   0.18460   0.03181   0.03015
   23    1   0.09342   0.03216   0.50797   0.03004   0.06006   0.26440   0.18465   0.03178   0.03004
   24    1   0.09378   0.03219   0.50724   0.02992   0.06024   0.26549   0.18465   0.03173   0.02992
   25    1   0.09414   0.03222   0.50659   0.02979   0.06042   0.26658   0.18458   0.03168   0.02979
   26    1   0.09449   0.03225   0.50600   0.02961   0.06062   0.26776   0.18434   0.03163   0.02961
   27    1   0.09485   0.03228   0.50548   0.02942   0.06082   0.27195   0.18384   0.03158   0.02942
   28    1   0.09521   0.03230   0.50503   0.02925   0.06101   0.27625   0.18295   0.03154   0.02925
   29    1   0.09556   0.03233   0.50462   0.02909   0.06140   0.27715   0.18153   0.03152   0.02909
   30    1   0.09592   0.03236   0.50429   0.02894   0.06168   0.27716   0.17946   0.03152   0.02894
   31    1   0.09628   0.03239   0.50402   0.02880   0.06197   0.27709   0.17671   0.03154   0.02880
   32    1   0.09664   0.03241   0.50383   0.02863   0.06240   0.27699   0.17329   0.03157   0.02863
   33    1   0.09700   0.03244   0.50371   0.02848   0.06268   0.27683   0.16941   0.03161   0.02848
   34    1   0.09736   0.03246   0.50366   0.02835   0.06296   0.27660   0.16533   0.03167   0.02835
   35    1   0.09772   0.03249   0.50369   0.02825   0.06326   0.27639   0.16144   0.03172   0.02825
   36    1   0.09809   0.03252   0.50378   0.02820   0.06428   0.27614   0.15809   0.03177   0.02820
   37    1   0.09846   0.03254   0.50393   0.02818   0.06436   0.27592   0.15553   0.03181   0.02818
   38    1   0.09884   0.03257   0.50415   0.02821   0.06503   0.27572   0.15384   0.03184   0.02821
   39    1   0.09922   0.03259   0.50440   0.02829   0.06473   0.27531   0.15292   0.03186   0.02829
   40    1   0.09960   0.03261   0.50472   0.02843   0.06407   0.27490   0.15254   0.03187   0.02843
   41    1   0.09999   0.03264   0.50508   0.02863   0.06413   0.27448   0.15243   0.03187   0.02863
    K    J     MX1       YS1       MX2       YS2
   21    1   1.24497  -1.99668   1.24497  -1.99668
   21    2   1.24682  -1.97081   1.24766  -2.02366
   21    3   1.25343  -1.94575   1.25367  -2.05010
   21    4   1.26406  -1.92207   1.26220  -2.07583
   21    5   1.27867  -1.90062   1.27261  -2.10087
   21    6   1.29588  -1.88127   1.28511  -2.12493
   21    7   1.31390  -1.86280   1.29963  -2.14782
   21    8   1.33203  -1.84442   1.31640  -2.16913
   21    9   1.35021  -1.82601   1.33525  -2.18862
   21   10   1.36840  -1.80757   1.35593  -2.20615
   21   11   1.38784  -1.78789   1.38285  -2.22439
   21   12   1.40952  -1.76582   1.41644  -2.24120
   21   13   1.43310  -1.74119   1.45672  -2.25429
   21   14   1.45821  -1.71382   1.50303  -2.26131
   21   15   1.48485  -1.68390   1.55407  -2.26086
   21   16   1.51281  -1.65147   1.60833  -2.25239
   21   17   1.54221  -1.61684   1.66425  -2.23522
   21   18   1.57306  -1.58026   1.72048  -2.20962
   21   19   1.60511  -1.54173   1.77549  -2.17541
   21   20   1.63830  -1.50144   1.82847  -2.13360
   21   21   1.67246  -1.45949   1.87824  -2.08446
   21   22   1.70733  -1.41592   1.92473  -2.02931
   21   23   1.74282  -1.37087   1.96801  -1.96918
   21   24   1.77854  -1.32429   2.00816  -1.90488
   21   25   1.81439  -1.27634   2.04578  -1.83736
   21   26   1.85039  -1.22725   2.08097  -1.76711
   21   27   1.88627  -1.17705   2.11498  -1.69511
   21   28   1.92190  -1.12588   2.14707  -1.62131
   21   29   1.95717  -1.07389   2.17805  -1.54634
   21   30   1.99209  -1.02132   2.20761  -1.47035
   21   31   2.02666  -0.96837   2.23596  -1.39369
   21   32   2.06066  -0.91512   2.26310  -1.31662
   21   33   2.09389  -0.86169   2.28918  -1.23944
   21   34   2.12639  -0.80828   2.31428  -1.16244
   21   35   2.15796  -0.75501   2.33823  -1.08582
   21   36   2.18854  -0.70204   2.36096  -1.00983
   21   37   2.21771  -0.64937   2.38322  -0.93493
   21   38   2.24590  -0.59744   2.40477  -0.86130
   21   39   2.27316  -0.54647   2.42559  -0.78918
   21   40   2.29919  -0.49652   2.44563  -0.71881
   21   41   2.32398  -0.44779   2.46482  -0.65042
   21   42   2.34756  -0.40049   2.48317  -0.58425
   21   43   2.36986  -0.35480   2.50064  -0.52055
   21   44   2.39088  -0.31091   2.51728  -0.45957
   21   45   2.41062  -0.26902   2.53296  -0.40153
   21   46   2.42910  -0.22934   2.54753  -0.34663
   21   47   2.44631  -0.19207   2.56089  -0.29511
   21   48   2.46206  -0.15731   2.57347  -0.24731
   21   49   2.47651  -0.12530   2.58493  -0.20337
   21   50   2.48958  -0.09619   2.59474  -0.16340
   21   51   2.50124  -0.07011   2.60364  -0.12779
   21   52   2.51144  -0.04717   2.61154  -0.09672
   21   53   2.52013  -0.02747   2.61812  -0.07029
   21   54   2.52704  -0.01099   2.62326  -0.04865
   21   55   2.53188   0.00226   2.62726  -0.03203
   21   56   2.53610   0.01161   2.62979  -0.02054
   21   57   2.54044   0.01886   2.63067  -0.01214
   21   58   2.54538   0.02570   2.63083  -0.00372
   21   59   2.55118   0.03185   2.62997   0.00469
   21   60   2.55788   0.03703   2.62777   0.01289
   21   61   2.56536   0.04103   2.62418   0.02059
   21   62   2.57344   0.04365   2.61929   0.02754
   21   63   2.58188   0.04464   2.61327   0.03354
   21   64   2.59036   0.04404   2.60633   0.03844
   21   65   2.59861   0.04199   2.59861   0.04199
 COMPETE BLADEHOHGD
 IN UPDWOHHGD: JM,HJ,JBM,IAX,ICC          21          13          41           0
           0
 sup,schu   1.244973       1.353634     SDW,SCHD  0.2218754       1.353634    
 COMPLETE THE UPDWOHH
 IN MPSGJBOUND
 COMPLETE THE MPSGJBOUND
 IN GENHMESH          93          41
 IN GENHMESH          93          41
 complete poisson grid
 COMPLETE GENHMESH          93          21          41
 before call GENHMESHN          93          21          41          41
 IN GENVSHMKG ROUTINE WITH OUTYPE           4
  IN GENVSHMKG WITH ICLS =           0
 IN VISCKIV FOR FASTER MESH GENERATION  4.999999873689376E-005          41
          41          93
 DONE WITH VISCKIV  4.999999873689376E-005
 COMPLETE GENVSHMKG
 IN GENVSOMH WITH OUTYPE            4
 IN VISCKIV FOR FASTER MESH GENERATION  4.999999873689376E-005          41
          41         129
 DONE WITH VISCKIV  4.999999873689376E-005
 IN VISCKIV FOR FASTER MESH GENERATION  4.999999873689376E-005          41
          41          42
 DONE WITH VISCKIV  4.999999873689376E-005
 COMPLETE GENVSOMH
 IN GENHBTPMESH WITH INEW            3  INEW > 1 AND <9
 COMPLETE THE GENERATION OF INTERIOR MESHES
 
 IN FLOWUPDW ROUTINE: CREATING INLET AND EXIT CONDITIONS
 
 PTIN =    182.3860      TTIN =    2856.600    
 dw   3.470640       9.437304     -0.1352334       3.614396      0.0000000E+00
   2.717120    
 COMPLETE FLOWUPDW ROUTINE
 in flowhm WITH TIPMOD =           0          41          25
 IN PROFUP           1           0   1.000000       1.000000              41
 IN PROFUP RPMS  0.0000000E+00
 **WARNING: Phi ANGLE IS SET TO THE MERIDIONAL MESH PHI 
 N,SPAN(N),RHA(N),PSA(N),QTA(N),ATA(N),PHA(N),PTR   1.300000    
    1   0.00000   1.00000   1.00000   1.00000   0.00000   0.00000   0.00000   0.00000   0.00000   0.00000
    2   0.00002   1.00000   1.00000   1.00000   0.00000   0.32767   0.94680   0.00000   0.32183   0.32183
    3   0.00039   1.00000   1.00000   1.00000   0.00000   0.32761   0.94681   0.00000   0.32178   0.32178
    4   0.00145   1.00000   1.00000   1.00000   0.00000   0.32736   0.94690   0.00000   0.32154   0.32154
    5   0.00357   1.00000   1.00000   1.00000   0.00000   0.32691   0.94704   0.00000   0.32112   0.32112
    6   0.00707   1.00000   1.00000   1.00000   0.00000   0.32612   0.94729   0.00000   0.32037   0.32037
    7   0.01233   1.00000   1.00000   1.00000   0.00000   0.32497   0.94766   0.00000   0.31928   0.31928
    8   0.01967   1.00000   1.00000   1.00000   0.00000   0.32332   0.94819   0.00000   0.31771   0.31771
    9   0.02946   1.00000   1.00000   1.00000   0.00000   0.32106   0.94890   0.00000   0.31557   0.31557
   10   0.04204   1.00000   1.00000   1.00000   0.00000   0.31809   0.94983   0.00000   0.31275   0.31275
   11   0.05810   1.00000   1.00000   1.00000   0.00000   0.31426   0.95103   0.00000   0.30911   0.30911
   12   0.07696   1.00000   1.00000   1.00000   0.00000   0.30967   0.95243   0.00000   0.30475   0.30475
   13   0.10000   1.00000   1.00000   1.00000   0.00000   0.30389   0.95418   0.00000   0.29924   0.29923
   14   0.15000   1.00000   1.00000   1.00000   0.00000   0.29099   0.95796   0.00000   0.28690   0.28689
   15   0.20000   1.00000   1.00000   1.00000   0.00000   0.27732   0.96179   0.00000   0.27378   0.27378
   16   0.25000   1.00000   1.00000   1.00000   0.00000   0.26299   0.96562   0.00000   0.25997   0.25997
   17   0.30000   1.00000   1.00000   1.00000   0.00000   0.24840   0.96931   0.00000   0.24585   0.24585
   18   0.35000   1.00000   1.00000   1.00000   0.00000   0.23349   0.97286   0.00000   0.23138   0.23137
   19   0.40000   1.00000   1.00000   1.00000   0.00000   0.21837   0.97625   0.00000   0.21663   0.21663
   20   0.45000   1.00000   1.00000   1.00000   0.00000   0.20313   0.97944   0.00000   0.20174   0.20173
   21   0.50000   1.00000   1.00000   1.00000   0.00000   0.18770   0.98244   0.00000   0.18660   0.18660
   22   0.55000   1.00000   1.00000   1.00000   0.00000   0.17220   0.98521   0.00000   0.17135   0.17135
   23   0.60000   1.00000   1.00000   1.00000   0.00000   0.15657   0.98777   0.00000   0.15593   0.15593
   24   0.65000   1.00000   1.00000   1.00000   0.00000   0.14088   0.99009   0.00000   0.14042   0.14041
   25   0.70000   1.00000   1.00000   1.00000   0.00000   0.12523   0.99217   0.00000   0.12490   0.12490
   26   0.75000   1.00000   1.00000   1.00000   0.00000   0.10981   0.99398   0.00000   0.10959   0.10959
   27   0.80000   1.00000   1.00000   1.00000   0.00000   0.09431   0.99556   0.00000   0.09417   0.09417
   28   0.85000   1.00000   1.00000   1.00000   0.00000   0.07872   0.99690   0.00000   0.07864   0.07864
   29   0.90000   1.00000   1.00000   1.00000   0.00000   0.06262   0.99804   0.00000   0.06258   0.06258
   30   0.92304   1.00000   1.00000   1.00000   0.00000   0.05506   0.99848   0.00000   0.05503   0.05503
   31   0.94190   1.00000   1.00000   1.00000   0.00000   0.04917   0.99879   0.00000   0.04915   0.04915
   32   0.95797   1.00000   1.00000   1.00000   0.00000   0.04419   0.99902   0.00000   0.04417   0.04417
   33   0.97055   1.00000   1.00000   1.00000   0.00000   0.04026   0.99919   0.00000   0.04025   0.04025
   34   0.98033   1.00000   1.00000   1.00000   0.00000   0.03715   0.99931   0.00000   0.03714   0.03714
   35   0.98768   1.00000   1.00000   1.00000   0.00000   0.03479   0.99939   0.00000   0.03478   0.03478
   36   0.99293   1.00000   1.00000   1.00000   0.00000   0.03310   0.99945   0.00000   0.03310   0.03310
   37   0.99644   1.00000   1.00000   1.00000   0.00000   0.03198   0.99949   0.00000   0.03198   0.03198
   38   0.99855   1.00000   1.00000   1.00000   0.00000   0.03130   0.99951   0.00000   0.03130   0.03130
   39   0.99961   1.00000   1.00000   1.00000   0.00000   0.03096   0.99952   0.00000   0.03096   0.03096
   40   0.99998   1.00000   1.00000   1.00000   0.00000   0.03085   0.99952   0.00000   0.03084   0.03084
   41   1.00000   1.00000   1.00000   1.00000   0.00000   0.00000   0.00000   0.00000   0.00000   0.00000
    1   0.00000   0.99404   1.00000   0.00000   0.00000   0.00000
    2   0.00002   0.99503   1.00000   0.41013   0.00000   0.32767
    3   0.00039   0.99638   1.00000   0.62871   0.00000   0.32761
    4   0.00145   0.99747   1.00000   0.75925   0.00000   0.32736
    5   0.00357   0.99847   1.00000   0.86306   0.00000   0.32691
    6   0.00707   0.99944   1.00000   0.95177   0.00000   0.32612
    7   0.01233   1.00000   1.00000   1.00000   0.00000   0.32497
    8   0.01967   1.00000   1.00000   1.00000   0.00000   0.32332
    9   0.02946   1.00000   1.00000   1.00000   0.00000   0.32106
   10   0.04204   1.00000   1.00000   1.00000   0.00000   0.31809
   11   0.05810   1.00000   1.00000   1.00000   0.00000   0.31426
   12   0.07696   1.00000   1.00000   1.00000   0.00000   0.30967
   13   0.10000   1.00000   1.00000   1.00000   0.00000   0.30389
   14   0.15000   1.00000   1.00000   1.00000   0.00000   0.29099
   15   0.20000   1.00000   1.00000   1.00000   0.00000   0.27732
   16   0.25000   1.00000   1.00000   1.00000   0.00000   0.26299
   17   0.30000   1.00000   1.00000   1.00000   0.00000   0.24840
   18   0.35000   1.00000   1.00000   1.00000   0.00000   0.23349
   19   0.40000   1.00000   1.00000   1.00000   0.00000   0.21837
   20   0.45000   1.00000   1.00000   1.00000   0.00000   0.20313
   21   0.50000   1.00000   1.00000   1.00000   0.00000   0.18770
   22   0.55000   1.00000   1.00000   1.00000   0.00000   0.17220
   23   0.60000   1.00000   1.00000   1.00000   0.00000   0.15657
   24   0.65000   1.00000   1.00000   1.00000   0.00000   0.14088
   25   0.70000   1.00000   1.00000   1.00000   0.00000   0.12523
   26   0.75000   1.00000   1.00000   1.00000   0.00000   0.10981
   27   0.80000   1.00000   1.00000   1.00000   0.00000   0.09431
   28   0.85000   1.00000   1.00000   1.00000   0.00000   0.07872
   29   0.90000   1.00000   1.00000   1.00000   0.00000   0.06262
   30   0.92304   1.00000   1.00000   1.00000   0.00000   0.05506
   31   0.94190   1.00000   1.00000   1.00000   0.00000   0.04917
   32   0.95797   1.00000   1.00000   1.00000   0.00000   0.04419
   33   0.97055   1.00000   1.00000   1.00000   0.00000   0.04026
   34   0.98033   1.00000   1.00000   1.00000   0.00000   0.03715
   35   0.98768   1.00000   1.00000   1.00000   0.00000   0.03479
   36   0.99293   0.99943   1.00000   0.95169   0.00000   0.03310
   37   0.99644   0.99847   1.00000   0.86294   0.00000   0.03198
   38   0.99855   0.99746   1.00000   0.75901   0.00000   0.03130
   39   0.99961   0.99638   1.00000   0.62821   0.00000   0.03096
   40   0.99998   0.99502   1.00000   0.40693   0.00000   0.03085
   41   1.00000   0.99404   1.00000   0.00000   0.00000   0.00000
 COMPLETE PROFUP
 IN FLOWBGR          41           9          93           0           1
          21
 COMPLETE FLOWBGR
 AFTER FLOWBHR NADD =       83886          41
 omesh nadd =       83886
 AFTER FLOWOGR NADD =      196185
        1        0        0       93        9       41        1
        2    34317    29440       93       13       41        1
        3    83886    73600      129       17       41        1
        4   173799   155520       25       13       41        1
        5   187124   167040       17       13       41        1
 AFTER FLOWTGD NADD =      196185          17
 AFTER FLOWTGD NADD =      196185          13
 IN FLOWHBTP           3           0           0
 AFTER FLOWHBTP NADD =      196185          17
 AFTER FLOWHBTPER NADD =      196185           0
   wall   0.0000000E+00  0.0000000E+00
 ******* iprob *******           0
 IN NXFEBCBG
 JHF,JM           9          21           0
 NB =           1 KM,KMM          41          25
 outype =           4  nb =           1  NSPAN =           5
 outype =           4  nb =           1  NSPAN =           5
 COMPLETE NXFEBCBG
 
 AFTER BASE MESH NADD,NEDD,BCN      196185       73600       12640           2
 
 AFTER OHH MESH NADD,NEDD,BCN      196185      174720       23776           5
 
 AFTER HUB MESH NADD,NEDD,BCN      196185      174720       23776           5
 
 AFTER TIP MESH NADD,NEDD,BCN      196185      174720       23776           5
        1        0        0       93        9       41        5        6        0       14        9      109
        2    34317    29440       93       13       41        5        6       13        0        9      109
        3    83886    73600      129       17       41        0        0       10        0        9      109
        4   173799   155520       25       13       41        5        0        0        0        9      109
        5   187124   167040       17       13       41        0        6        0        0        9      109
 NEGATIVE VOLUME CHECK WITH NB NE1 NE2           5           1      174720
  
 CHECKING FOR NEGATIVE VOLUMES IN THE MESH
  complete the negative volume check with           0 N.V.
 
 IN INPROF CREATING INLET AND EXIT CONDITIONS
 
  2.4718600E-03   1748.551       4751.022       33.40202    
 COMPLETE INPROF ROUTINE
  IGRID =           1  OSPANsav =          41  NSPAN =           5
  IGRID =           1  OSPAN =          41  NSPAN =           5
 IFORM =           0           3
 
 IN SUBROUTINE DATAOTNB TO WRITE A RESTART FILE 
 
 DATAOTNB MIXER F
 EEE-HPT-0                                                                      
  
 NFLOW =           5      196185      174720           1
 AAA
 EEE-HPT-0                                                                      
  
           1           0           5           1           0           0
           0           1         100           0           0           0
           0     1112408           0
  5.2507468E-03   503.4301       1716.420       1.300000      0.0000000E+00
  0.0000000E+00  0.0000000E+00  0.0000000E+00  0.0000000E+00  0.0000000E+00
  0.0000000E+00  0.0000000E+00  0.0000000E+00  0.0000000E+00  0.0000000E+00
      196185      174720       23776           1           0
 RPM  0.0000000E+00   11.42258       38.07528       1.000000      9.9999997E-05
  0.0000000E+00  0.0000000E+00  0.0000000E+00  0.0000000E+00  0.0000000E+00
  0.0000000E+00  0.0000000E+00  0.0000000E+00  0.0000000E+00  0.0000000E+00
 rpmid  0.0000000E+00  0.0000000E+00  0.0000000E+00  0.0000000E+00
           5           7
 DTHA =  0.1365910      0.0000000E+00           0
      93       9      41       5       6       0      14       9     109         0         0
      93      13      41       5       6      13       0       9     109     34317     34317
     129      17      41       0       0      10       0       9     109     83886     83886
      25      13      41       5       0       0       0       9     109    173799    173799
      17      13      41       0       6       0       0       9     109    187124    187124
 COMPLETE DATAOTNB
 INPUT FILE NAME = 
 blade1.agf                                                                     
  
 blade1.agf                                                                     
  
 intype =           3
 INTYPE =           3
 TITLE OF THE CASE
 EEE-HPT-1                                                                      
  
 NBLADE  Nbnode Nspan Ity  Iym  Tcls Hcls  Lete   Isplit
    76   798     5     5     0     1     0    10     0
 UNITS  NPROF  IFANG   HBL   TBL  TFREE   LFREE
     1     1     0   1.00000   1.00000   0.01000   0.00039
           5
      Rpm          Gamma      GAS-CONT      Psout      Twall   MOLECULAR-WEIGHT
  12400.0000      1.3000   1716.4199 230300.0000      0.0000     28.9600
       %SPAN       Machin     Ptin        Ttin        Alphin       Phi
    XHUP        ZHUP        XTUP        ZTUP
   6273.8008    306.1649   6273.8018    374.4167
    XHDW        ZHDW        XTDW        ZTDW
   6553.2002    318.0870   6553.2002    399.1846
    XSHIFT       ROTA       XSCALE      YSCALE     ZSCALE
 YSCALE =   1.000000     BLDGAP =  0.1365910    
  0.0000000E+00  0.0000000E+00   1.000000       1.000000       1.000000    
  0.0000000E+00           0
     Tclle      Tclmc       Tclte
      0.0000      0.0000      0.0000
     Hclle      Hclmc       Hclte
      0.0000      0.0000      0.0000
 *NHT                                                                           
  
   200
 *ENDWALL                                                                       
  
 INTYPE,NBLADE,IBLD,KSPAN,IHT,LEBOA,TEBOA
   -3   76  798    5  200   1.00000   1.00000
 TITLE =
 EEE-HPT-1                                                                      
  
 complete getdims
 NBK =           7
 IN GRIDDIM WITH OUTYPE =           4
 1 OJIN,OJSV          41          21
      BCK#      NS       ES       IM       JM       KM          NE       EE
        1        0        0       93        9       41    34317    29440
        2    34317    29440       93       13       41    83886    73600
        3    83886    73600      129       17       41   173799   155520
        4   173799   155520       25       13       41   187124   167040
        5   187124   167040       17       13       41   196185   174720
        6   196185   174720      129       13       17   224694   199296
        7   224694   199296      129       13       13   246495   217728
 
      BCK#     IM        JM        KM
 
  BEFORE READMESHIX           0
        1       93        9       41
        2       93       13       41
        3      129       17       41
        4       25       13       41
        5       17       13       41
        6      129       13       17
        7      129       13       13
 MESHIN,DWAL,DWAL_OMESH           1  4.9999999E-05  4.9999999E-05
 a.im,jm,km          93          21          41           7
 
 TOTAL NUMBER OF NODES =      268296      268296           7
 after x,y,z
 after xo,yo,zo
 NHT =         400  OSPAN =          41  IHT =         200
  IGRID =           1  OSPAN =          41  NSPAN =           5
  IGRID =           1  OSPAN =          41  NSPAN =           5
  ********NSPSV =           5  KM =          41  NSPAN =           5
 TCLS =            0  NBK =           7
 HCLS =            0  NB  =           6
 INEW =            3  NB  =           7
  A NB =           7
        1        0        0       93        9       41        1
        2    34317    29440       93       13       41        1
        3    83886    73600      129       17       41        1
        4   173799   155520       25       13       41        1
        5   187124   167040       17       13       41        1
  
 IN AIRFOILIN
 INPUT geometry file NAME = blade1.agf
 NFIN.GT.1.AND.NLOOP.EQ.1.AND.IFACE.EQ.0           2           1           0
 OLD UP   6273.801       306.1649       6273.802       374.4167    
 NEW UP   6345.584       325.4409       6345.129       365.9029    
   249.6147       250.0376       25.62527    
   249.5926       250.0238       28.81125    
 OLD DW   6553.200       318.0870       6553.200       399.1846    
 NEW DW   6392.969       321.5764       6390.483       367.7886    
   251.1683       252.2151       12.73025       12.59073    
   251.1542       252.0334       14.40873       14.55100    
 iht =         200
           1   6273.801       306.1649       6273.802       374.4167    
           2   6275.155       306.6230       6275.236       374.4660    
           3   6276.509       307.0858       6276.670       374.5022    
           4   6277.860       307.5534       6278.105       374.5252    
           5   6279.210       308.0255       6279.540       374.5349    
           6   6280.558       308.5024       6280.974       374.5311    
           7   6281.905       308.9840       6282.409       374.5138    
           8   6283.250       309.4703       6283.843       374.4828    
           9   6284.593       309.9613       6285.277       374.4381    
          10   6285.934       310.4573       6286.711       374.3794    
          11   6287.273       310.9579       6288.144       374.3067    
          12   6288.611       311.4634       6289.576       374.2200    
          13   6289.947       311.9737       6291.007       374.1191    
          14   6291.281       312.4888       6292.437       374.0040    
          15   6292.613       313.0089       6293.866       373.8746    
          16   6293.944       313.5337       6295.293       373.7309    
          17   6295.272       314.0636       6296.720       373.5727    
          18   6296.598       314.5984       6298.144       373.4001    
          19   6297.922       315.1381       6299.566       373.2130    
          20   6299.245       315.6829       6300.987       373.0114    
          21   6300.565       316.2327       6302.405       372.7953    
          22   6301.883       316.7874       6303.821       372.5645    
          23   6303.199       317.3471       6305.235       372.3194    
          24   6304.513       317.9121       6306.646       372.0596    
          25   6305.824       318.4821       6308.053       371.7800    
          26   6307.134       319.0556       6309.455       371.4733    
          27   6308.446       319.6257       6310.848       371.1300    
          28   6309.763       320.1838       6312.229       370.7420    
          29   6311.088       320.7212       6313.600       370.3169    
          30   6312.424       321.2294       6314.963       369.8683    
          31   6313.773       321.7056       6316.324       369.4154    
          32   6315.131       322.1518       6317.690       368.9777    
          33   6316.499       322.5701       6319.065       368.5669    
          34   6317.874       322.9624       6320.450       368.1902    
          35   6319.256       323.3306       6321.843       367.8461    
          36   6320.644       323.6747       6323.242       367.5303    
          37   6322.038       323.9937       6324.647       367.2402    
          38   6323.438       324.2869       6326.058       366.9745    
          39   6324.843       324.5536       6327.472       366.7335    
          40   6326.252       324.7934       6328.890       366.5176    
          41   6327.667       325.0065       6330.312       366.3277    
          42   6329.084       325.1930       6331.738       366.1642    
          43   6330.505       325.3531       6333.166       366.0280    
          44   6331.929       325.4870       6334.597       365.9196    
          45   6333.355       325.5943       6336.029       365.8407    
          46   6334.783       325.6744       6337.463       365.7925    
          47   6336.212       325.7268       6338.898       365.7700    
          48   6337.642       325.7511       6340.333       365.7663    
          49   6339.072       325.7555       6341.768       365.7818    
          50   6340.502       325.7526       6343.202       365.8196    
          51   6341.932       325.7430       6344.635       365.8735    
          52   6343.361       325.7045       6346.069       365.9328    
          53   6344.786       325.5783       6347.503       365.9850    
          54   6346.204       325.3957       6348.937       366.0183    
          55   6347.626       325.2440       6350.372       366.0375    
          56   6349.054       325.1711       6351.807       366.0546    
          57   6350.483       325.1363       6353.241       366.0735    
          58   6351.914       325.1164       6354.675       366.0936    
          59   6353.344       325.1130       6356.110       366.1141    
          60   6354.773       325.1007       6357.545       366.1341    
          61   6356.204       325.0791       6358.979       366.1528    
          62   6357.633       325.0445       6360.414       366.1692    
          63   6359.062       324.9970       6361.849       366.1824    
          64   6360.491       324.9376       6363.283       366.1914    
          65   6361.919       324.8670       6364.718       366.1954    
          66   6363.347       324.7859       6366.153       366.1934    
          67   6364.774       324.6950       6367.587       366.1844    
          68   6366.201       324.5953       6369.022       366.1672    
          69   6367.627       324.4872       6370.457       366.1416    
          70   6369.052       324.3717       6371.891       366.1075    
          71   6370.478       324.2495       6373.325       366.0618    
          72   6371.901       324.1214       6374.758       366.0011    
          73   6373.325       323.9879       6376.192       365.9430    
          74   6374.749       323.8500       6377.627       365.9192    
          75   6376.172       323.7084       6379.062       365.9624    
          76   6377.595       323.5637       6380.489       366.1004    
          77   6379.017       323.4168       6381.911       366.2938    
          78   6380.439       323.2683       6383.336       366.4602    
          79   6381.862       323.1187       6384.766       366.5854    
          80   6383.284       322.9688       6386.196       366.7054    
          81   6384.706       322.8187       6387.624       366.8440    
          82   6386.128       322.6689       6389.048       367.0148    
          83   6387.550       322.5199       6390.468       367.2202    
          84   6388.973       322.3719       6391.884       367.4543    
          85   6390.395       322.2241       6393.295       367.7107    
          86   6391.817       322.0751       6394.704       367.9838    
          87   6393.239       321.9238       6396.109       368.2714    
          88   6394.661       321.7685       6397.512       368.5752    
          89   6396.082       321.6060       6398.910       368.8974    
          90   6397.501       321.4314       6400.303       369.2411    
          91   6398.918       321.2384       6401.690       369.6067    
          92   6400.332       321.0210       6403.072       369.9923    
          93   6401.741       320.7753       6404.450       370.3946    
          94   6403.144       320.5020       6405.823       370.8094    
          95   6404.543       320.2037       6407.194       371.2322    
          96   6405.937       319.8831       6408.564       371.6587    
          97   6407.325       319.5428       6409.933       372.0864    
          98   6408.710       319.1873       6411.303       372.5150    
          99   6410.094       318.8238       6412.671       372.9447    
         100   6411.477       318.4594       6414.040       373.3766    
         101   6412.861       318.1018       6415.408       373.8090    
         102   6414.249       317.7548       6416.777       374.2380    
         103   6415.638       317.4180       6418.148       374.6594    
         104   6417.031       317.0914       6419.523       375.0691    
         105   6418.425       316.7744       6420.902       375.4646    
         106   6419.822       316.4669       6422.286       375.8449    
         107   6421.220       316.1687       6423.673       376.2096    
         108   6422.621       315.8799       6425.065       376.5590    
         109   6424.023       315.6008       6426.460       376.8933    
         110   6425.428       315.3316       6427.859       377.2124    
         111   6426.834       315.0725       6429.261       377.5162    
         112   6428.243       314.8237       6430.667       377.8046    
         113   6429.653       314.5851       6432.075       378.0776    
         114   6431.064       314.3569       6433.487       378.3352    
         115   6432.478       314.1390       6434.901       378.5772    
         116   6433.893       313.9314       6436.317       378.8033    
         117   6435.309       313.7337       6437.737       379.0134    
         118   6436.727       313.5457       6439.159       379.2073    
         119   6438.146       313.3669       6440.582       379.3851    
         120   6439.565       313.1970       6442.008       379.5473    
         121   6440.986       313.0368       6443.435       379.6945    
         122   6442.409       312.8871       6444.863       379.8270    
         123   6443.832       312.7490       6446.293       379.9462    
         124   6445.257       312.6236       6447.724       380.0548    
         125   6446.682       312.5102       6449.155       380.1556    
         126   6448.108       312.4046       6450.586       380.2517    
         127   6449.535       312.3019       6452.018       380.3466    
         128   6450.961       312.1970       6453.450       380.4442    
         129   6452.387       312.0856       6454.880       380.5464    
         130   6453.812       311.9676       6456.312       380.6520    
         131   6455.237       311.8455       6457.742       380.7584    
         132   6456.661       311.7219       6459.173       380.8605    
         133   6458.086       311.5990       6460.605       380.9537    
         134   6459.511       311.4795       6462.038       381.0339    
         135   6460.937       311.3658       6463.471       381.0992    
         136   6462.363       311.2605       6464.905       381.1503    
         137   6463.790       311.1661       6466.339       381.1886    
         138   6465.218       311.0848       6467.773       381.2151    
         139   6466.646       311.0165       6469.208       381.2309    
         140   6468.075       310.9606       6470.643       381.2371    
         141   6469.504       310.9162       6472.078       381.2348    
         142   6470.934       310.8824       6473.512       381.2252    
         143   6472.364       310.8584       6474.947       381.2093    
         144   6473.794       310.8434       6476.381       381.1883    
         145   6475.224       310.8365       6477.816       381.1632    
         146   6476.654       310.8369       6479.250       381.1352    
         147   6478.084       310.8438       6480.685       381.1054    
         148   6479.514       310.8563       6482.119       381.0749    
         149   6480.944       310.8736       6483.554       381.0448    
         150   6482.374       310.8948       6484.988       381.0162    
         151   6483.804       310.9192       6486.422       380.9901    
         152   6485.233       310.9459       6487.857       380.9678    
         153   6486.663       310.9740       6489.292       380.9503    
         154   6488.093       311.0028       6490.726       380.9387    
         155   6489.523       311.0315       6492.161       380.9341    
         156   6490.953       311.0591       6493.596       380.9377    
         157   6492.382       311.0849       6495.030       380.9505    
         158   6493.812       311.1080       6496.465       380.9735    
         159   6495.242       311.1277       6497.899       381.0079    
         160   6496.672       311.1430       6499.333       381.0560    
         161   6498.103       311.1531       6500.767       381.1210    
         162   6499.532       311.1581       6502.199       381.2080    
         163   6500.962       311.1588       6503.629       381.3213    
         164   6502.393       311.1559       6505.057       381.4621    
         165   6503.823       311.1505       6506.481       381.6311    
         166   6505.252       311.1438       6507.903       381.8282    
         167   6506.683       311.1390       6509.320       382.0530    
         168   6508.113       311.1405       6510.732       382.3041    
         169   6509.543       311.1527       6512.141       382.5802    
         170   6510.973       311.1780       6513.543       382.8799    
         171   6512.402       311.2172       6514.942       383.2015    
         172   6513.831       311.2710       6516.335       383.5440    
         173   6515.260       311.3399       6517.724       383.9064    
         174   6516.687       311.4244       6519.106       384.2876    
         175   6518.114       311.5244       6520.485       384.6864    
         176   6519.539       311.6396       6521.858       385.1022    
         177   6520.963       311.7696       6523.226       385.5341    
         178   6522.386       311.9143       6524.589       385.9811    
         179   6523.807       312.0733       6525.948       386.4428    
         180   6525.227       312.2462       6527.301       386.9191    
         181   6526.645       312.4328       6528.649       387.4101    
         182   6528.061       312.6327       6529.992       387.9157    
         183   6529.475       312.8453       6531.329       388.4359    
         184   6530.887       313.0705       6532.661       388.9707    
         185   6532.297       313.3079       6533.986       389.5201    
         186   6533.706       313.5570       6535.305       390.0836    
         187   6535.111       313.8177       6536.619       390.6607    
         188   6536.516       314.0894       6537.927       391.2511    
         189   6537.917       314.3717       6539.229       391.8542    
         190   6539.317       314.6645       6540.524       392.4696    
         191   6540.715       314.9672       6541.815       393.0970    
         192   6542.110       315.2794       6543.100       393.7356    
         193   6543.504       315.6012       6544.379       394.3851    
         194   6544.895       315.9318       6545.653       395.0447    
         195   6546.284       316.2712       6546.922       395.7140    
         196   6547.671       316.6188       6548.187       396.3924    
         197   6549.057       316.9748       6549.446       397.0791    
         198   6550.440       317.3381       6550.701       397.7737    
         199   6551.821       317.7089       6551.953       398.4756    
         200   6553.200       318.0870       6553.200       399.1846    
   249.8261       249.8082       251.6917       251.5938    
 SECTION =            1  OUT OF            5
 SECTION =            2  OUT OF            5
 SECTION =            3  OUT OF            5
 SECTION =            4  OUT OF            5
 SECTION =            5  OUT OF            5
 ENDWALL FINISH NHT         400
 ENDWALL FINISH NHT         400
 ENTERING WH_ENDWALL_ORDER
 INTYPE           3
 STARTING TO SCALE THE AIRFOIL
 STARTING TO ROTATING THE AIRFOIL
 LININ =           1  LETE =           0
 COMPLETE THE AIRFOILIN
 EEE-HPT-1                                                                      
  
 before XRgrid ospan          41           1           5
 ********** in dwstream *************
           1   249.8261       12.81405    
           2   249.8085       13.21132    
           3   249.8051       13.60970    
           4   249.8106       14.00783    
           5   249.8082       14.40527    
 ********** IN UPstream *************
           1   251.6909       12.67539    
           2   251.6758       13.13129    
           3   251.6424       13.59199    
           4   251.6165       14.04056    
           5   251.5950       14.45777    
 complete poisson grid
 NB1 =            1  NB2 =            0
 IFAN =            3
 before bladexyrgd          41           1           5
 
  IN BLADEXYRGD: GETTING INITIAL LEDIA AND TEDIA         798
 
        K      NBNEW      IXMN      LETE      ITYY     LED-in      TED-in     XatIXMN     Tatixmn    RatIXMN    LEMA(DEG)     TEMA(DEG)  CHORD
         1       799       406         0         3    0.140499    0.047927  250.037964    0.038774   12.672361   32.923729  -62.951782    1.345244
         2       799       406         0         3    0.140499    0.047922  250.037964    0.038774   12.694398   32.923603  -62.950348    1.345215
         3       799       404         0         3    0.127120    0.048887  250.023911    0.113989   13.620384   33.733013  -64.336304    1.433383
         4       799       402         0         3    0.113538    0.048461  250.023911    0.202599   14.545543   25.336948  -60.147545    1.499352
         5       799       402         0         3    0.113538    0.048463  250.023911    0.202599   14.556558   25.337147  -60.142891    1.499355
  
    3    1     250.02391       0.11399     250.02391       0.11399      13.62038      13.62038
    3    2     250.02498       0.13210     250.02499       0.09850      13.62055      13.62026
    3    3     250.02821       0.14770     250.02823       0.08579      13.62070      13.62017
    3    4     250.03357       0.16454     250.03357       0.07405      13.62087      13.62008
    3    5     250.04092       0.18383     250.04092       0.06296      13.62110      13.62001
    3    6     250.05016       0.20371     250.05017       0.05485      13.62137      13.61996
    3    7     250.06113       0.22347     250.06113       0.04834      13.62167      13.61993
    3    8     250.07364       0.24271     250.07364       0.04383      13.62203      13.61994
    3    9     250.08746       0.26095     250.08746       0.04153      13.62244      13.62000
    3   10     250.10239       0.27783     250.10237       0.04112      13.62286      13.62008
    3   11     250.11813       0.29326     250.11812       0.04134      13.62327      13.62018
    3   12     250.13445       0.30726     250.13443       0.04228      13.62367      13.62027
    3   13     250.15105       0.32014     250.15102       0.04354      13.62403      13.62034
    3   14     250.16765       0.33235     250.16760       0.04448      13.62437      13.62039
    3   15     250.18590       0.34374     250.18585       0.04527      13.62469      13.62043
    3   16     250.20569       0.35346     250.20563       0.04630      13.62496      13.62045
    3   17     250.22693       0.36328     250.22685       0.04596      13.62521      13.62045
    3   18     250.24951       0.37168     250.24942       0.04455      13.62540      13.62041
    3   19     250.27333       0.37833     250.27322       0.04198      13.62549      13.62030
    3   20     250.29831       0.38308     250.29819       0.03787      13.62547      13.62014
    3   21     250.32433       0.38638     250.32417       0.03212      13.62535      13.61992
    3   22     250.35127       0.38736     250.35110       0.02464      13.62509      13.61961
    3   23     250.37907       0.38587     250.37889       0.01544      13.62469      13.61924
    3   24     250.40761       0.38205     250.40739       0.00466      13.62415      13.61879
    3   25     250.43678       0.37538     250.43655      -0.00824      13.62344      13.61827
    3   26     250.46649       0.36591     250.46625      -0.02305      13.62256      13.61767
    3   27     250.49663       0.35326     250.49638      -0.03994      13.62153      13.61701
    3   28     250.52711       0.33763     250.52686      -0.05890      13.62033      13.61628
    3   29     250.55783       0.31848     250.55757      -0.07955      13.61898      13.61550
    3   30     250.58867       0.29655     250.58842      -0.10269      13.61750      13.61467
    3   31     250.61955       0.27010     250.61931      -0.12773      13.61588      13.61381
    3   32     250.65038       0.24015     250.65015      -0.15487      13.61417      13.61295
    3   33     250.68102       0.20689     250.68080      -0.18412      13.61238      13.61206
    3   34     250.71140       0.16993     250.71121      -0.21448      13.61055      13.61119
    3   35     250.74141       0.12946     250.74126      -0.24712      13.60871      13.61034
    3   36     250.77098       0.08632     250.77083      -0.28095      13.60691      13.60954
    3   37     250.79997       0.04041     250.79985      -0.31607      13.60519      13.60880
    3   38     250.82831      -0.00705     250.82820      -0.35229      13.60359      13.60815
    3   39     250.85590      -0.05739     250.85580      -0.38877      13.60213      13.60757
    3   40     250.88261      -0.10873     250.88254      -0.42553      13.60084      13.60707
    3   41     250.90839      -0.16077     250.90831      -0.46118      13.59974      13.60661
    3   42     250.93311      -0.21335     250.93301      -0.49712      13.59883      13.60624
    3   43     250.95665      -0.26497     250.95656      -0.53188      13.59809      13.60591
    3   44     250.97894      -0.31622     250.97884      -0.56580      13.59762      13.60572
    3   45     250.99986      -0.36493     250.99976      -0.59721      13.59734      13.60556
    3   46     251.01933      -0.41224     251.01920      -0.62691      13.59733      13.60553
    3   47     251.03723      -0.45593     251.03708      -0.65397      13.59758      13.60566
    3   48     251.05345      -0.49580     251.05330      -0.67876      13.59798      13.60588
    3   49     251.06790      -0.53203     251.06775      -0.70064      13.59849      13.60613
    3   50     251.08047      -0.56440     251.08032      -0.71924      13.59910      13.60640
    3   51     251.09108      -0.59259     251.09094      -0.73550      13.59975      13.60673
    3   52     251.09961      -0.61561     251.09949      -0.74814      13.60039      13.60703
    3   53     251.10597      -0.63272     251.10585      -0.75758      13.60092      13.60729
    3   54     251.11234      -0.64979     251.11223      -0.76687      13.60149      13.60758
    3   55     251.11859      -0.66668     251.11850      -0.77624      13.60209      13.60790
    3   56     251.12462      -0.68304     251.12454      -0.78256      13.60271      13.60807
    3   57     251.13031      -0.69860     251.13028      -0.78551      13.60333      13.60806
    3   58     251.13560      -0.71296     251.13559      -0.78635      13.60392      13.60796
    3   59     251.14038      -0.72560     251.14040      -0.78576      13.60446      13.60779
    3   60     251.14458      -0.73618     251.14461      -0.78416      13.60491      13.60758
    3   61     251.14812      -0.74513     251.14816      -0.78169      13.60531      13.60736
    3   62     251.15092      -0.75269     251.15097      -0.77869      13.60567      13.60713
    3   63     251.15295      -0.75868     251.15302      -0.77527      13.60597      13.60690
    3   64     251.15417      -0.76399     251.15425      -0.77185      13.60624      13.60668
    3   65     251.15456      -0.76694     251.15456      -0.76694      13.60640      13.60640
 
    K    I     XS1       YS1       XS2       YS2       ZS1       ZS2
    3    1     250.02391       0.11399     250.02391       0.11399      13.62038      13.62038
    3    2     250.02498       0.13210     250.02499       0.09850      13.62055      13.62026
    3    3     250.02821       0.14770     250.02823       0.08579      13.62070      13.62017
    3    4     250.03357       0.16454     250.03357       0.07405      13.62087      13.62008
    3    5     250.04092       0.18383     250.04092       0.06296      13.62110      13.62001
    3    6     250.05016       0.20371     250.05017       0.05485      13.62137      13.61996
    3    7     250.06113       0.22347     250.06113       0.04834      13.62167      13.61993
    3    8     250.07364       0.24271     250.07364       0.04383      13.62203      13.61994
    3    9     250.08746       0.26095     250.08746       0.04153      13.62244      13.62000
    3   10     250.10239       0.27783     250.10237       0.04112      13.62286      13.62008
    3   11     250.11813       0.29326     250.11812       0.04134      13.62327      13.62018
    3   12     250.13445       0.30726     250.13443       0.04228      13.62367      13.62027
    3   13     250.15105       0.32014     250.15102       0.04354      13.62403      13.62034
    3   14     250.16765       0.33235     250.16760       0.04448      13.62437      13.62039
    3   15     250.18590       0.34374     250.18585       0.04527      13.62469      13.62043
    3   16     250.20569       0.35346     250.20563       0.04630      13.62496      13.62045
    3   17     250.22693       0.36328     250.22685       0.04596      13.62521      13.62045
    3   18     250.24951       0.37168     250.24942       0.04455      13.62540      13.62041
    3   19     250.27333       0.37833     250.27322       0.04198      13.62549      13.62030
    3   20     250.29831       0.38308     250.29819       0.03787      13.62547      13.62014
    3   21     250.32433       0.38638     250.32417       0.03212      13.62535      13.61992
    3   22     250.35127       0.38736     250.35110       0.02464      13.62509      13.61961
    3   23     250.37907       0.38587     250.37889       0.01544      13.62469      13.61924
    3   24     250.40761       0.38205     250.40739       0.00466      13.62415      13.61879
    3   25     250.43678       0.37538     250.43655      -0.00824      13.62344      13.61827
    3   26     250.46649       0.36591     250.46625      -0.02305      13.62256      13.61767
    3   27     250.49663       0.35326     250.49638      -0.03994      13.62153      13.61701
    3   28     250.52711       0.33763     250.52686      -0.05890      13.62033      13.61628
    3   29     250.55783       0.31848     250.55757      -0.07955      13.61898      13.61550
    3   30     250.58867       0.29655     250.58842      -0.10269      13.61750      13.61467
    3   31     250.61955       0.27010     250.61931      -0.12773      13.61588      13.61381
    3   32     250.65038       0.24015     250.65015      -0.15487      13.61417      13.61295
    3   33     250.68102       0.20689     250.68080      -0.18412      13.61238      13.61206
    3   34     250.71140       0.16993     250.71121      -0.21448      13.61055      13.61119
    3   35     250.74141       0.12946     250.74126      -0.24712      13.60871      13.61034
    3   36     250.77098       0.08632     250.77083      -0.28095      13.60691      13.60954
    3   37     250.79997       0.04041     250.79985      -0.31607      13.60519      13.60880
    3   38     250.82831      -0.00705     250.82820      -0.35229      13.60359      13.60815
    3   39     250.85590      -0.05739     250.85580      -0.38877      13.60213      13.60757
    3   40     250.88261      -0.10873     250.88254      -0.42553      13.60084      13.60707
    3   41     250.90839      -0.16077     250.90831      -0.46118      13.59974      13.60661
    3   42     250.93311      -0.21335     250.93301      -0.49712      13.59883      13.60624
    3   43     250.95665      -0.26497     250.95656      -0.53188      13.59809      13.60591
    3   44     250.97894      -0.31622     250.97884      -0.56580      13.59762      13.60572
    3   45     250.99986      -0.36493     250.99976      -0.59721      13.59734      13.60556
    3   46     251.01933      -0.41224     251.01920      -0.62691      13.59733      13.60553
    3   47     251.03723      -0.45593     251.03708      -0.65397      13.59758      13.60566
    3   48     251.05345      -0.49580     251.05330      -0.67876      13.59798      13.60588
    3   49     251.06790      -0.53203     251.06775      -0.70064      13.59849      13.60613
    3   50     251.08047      -0.56440     251.08032      -0.71924      13.59910      13.60640
    3   51     251.09108      -0.59259     251.09094      -0.73550      13.59975      13.60673
    3   52     251.09961      -0.61561     251.09949      -0.74814      13.60039      13.60703
    3   53     251.10597      -0.63272     251.10585      -0.75758      13.60092      13.60729
    3   54     251.11234      -0.64979     251.11223      -0.76687      13.60149      13.60758
    3   55     251.11859      -0.66668     251.11850      -0.77624      13.60209      13.60790
    3   56     251.12462      -0.68304     251.12454      -0.78256      13.60271      13.60807
    3   57     251.13031      -0.69860     251.13028      -0.78551      13.60333      13.60806
    3   58     251.13560      -0.71296     251.13559      -0.78635      13.60392      13.60796
    3   59     251.14038      -0.72560     251.14040      -0.78576      13.60446      13.60779
    3   60     251.14458      -0.73618     251.14461      -0.78416      13.60491      13.60758
    3   61     251.14812      -0.74513     251.14816      -0.78169      13.60531      13.60736
    3   62     251.15092      -0.75269     251.15097      -0.77869      13.60567      13.60713
    3   63     251.15295      -0.75868     251.15302      -0.77527      13.60597      13.60690
    3   64     251.15417      -0.76399     251.15425      -0.77185      13.60624      13.60668
    3   65     251.15456      -0.76694     251.15456      -0.76694      13.60640      13.60640
 COMPLETE BLADEXYRGD 
 
 IN AIRFOILOT: GENERATE A IMPROVE AIRFOIL DEFINITION
               CREATING A SECTION FILE
 before INTERCIPT          41           1           5
 IN INTERCIPT          65          65           5          41          93
 IN INTERCIPT WITH OSPAN =          41
 OUT OF INTERCIPT
 IN TRANSFORM          93          41          65
 OUT TRANSFORM          93          41
  
 IN BLADENEW: GENERATE THE NODE DISTRIBUTION
                ALONE EACH AIRFOIL SECTION
 **** ity =           1
 J    IGRID    RMN       LED      LEMA       LEWA       TED      TEMA      TEWA
    1    1  12.80031   0.17247  30.05487   2.43367   0.04751 -60.02836   1.03841
    2    1  12.84156   0.17239  30.00458   2.43629   0.04752 -60.02553   1.03959
    3    1  12.88253   0.17222  29.95423   2.43986   0.04754 -60.02270   1.04112
    4    1  12.92327   0.17198  29.90384   2.44426   0.04756 -60.01987   1.04308
    5    1  12.96384   0.17167  29.85340   2.44950   0.04759 -60.01704   1.04544
    6    1  13.00427   0.17130  29.80290   2.45549   0.04763 -60.01421   1.04811
    7    1  13.04461   0.17088  29.75235   2.46219   0.04767 -60.01138   1.05108
    8    1  13.08488   0.17044  29.70176   2.46947   0.04773 -60.00854   1.05429
    9    1  13.12510   0.16999  29.65111   2.47734   0.04779 -60.00571   1.05777
   10    1  13.16530   0.16957  29.60041   2.48578   0.04785 -60.00288   1.06151
   11    1  13.20548   0.16921  29.54965   2.49466   0.04792 -60.00005   1.06534
   12    1  13.24564   0.16893  29.49885   2.50397   0.04799 -59.99721   1.06935
   13    1  13.28580   0.16874  29.44800   2.51365   0.04807 -59.99438   1.07348
   14    1  13.32595   0.16866  29.39709   2.52363   0.04815 -59.99154   1.07772
   15    1  13.36610   0.16864  29.34614   2.53383   0.04823 -59.98871   1.08205
   16    1  13.40625   0.16865  29.29513   2.54422   0.04831 -59.98587   1.08634
   17    1  13.44639   0.16863  29.24408   2.55198   0.04838 -59.98303   1.09063
   18    1  13.48654   0.16849  29.19297   2.56248   0.04845 -59.98020   1.09495
   19    1  13.52668   0.16818  29.14181   2.57294   0.04852 -59.97736   1.09916
   20    1  13.56682   0.16762  29.09060   2.58335   0.04858 -59.97452   1.10330
   21    1  13.60697   0.16678  29.03934   2.59362   0.04862 -59.97168   1.10732
   22    1  13.64710   0.16565  28.98802   2.60139   0.04866 -59.96885   1.10993
   23    1  13.68724   0.16426  28.93666   2.60417   0.04868 -59.96600   1.10959
   24    1  13.72737   0.16266  28.88524   2.60684   0.04869 -59.96316   1.10916
   25    1  13.76751   0.16092  28.83378   2.60929   0.04869 -59.96032   1.10858
   26    1  13.80764   0.15914  28.78226   2.61160   0.04868 -59.95748   1.10794
   27    1  13.84778   0.15743  28.73070   2.61638   0.04865 -59.95464   1.10719
   28    1  13.88792   0.15589  28.67908   2.61824   0.04861 -59.95180   1.10633
   29    1  13.92806   0.15457  28.62741   2.61993   0.04857 -59.94896   1.10540
   30    1  13.96820   0.15352  28.57569   2.62142   0.04852 -59.94611   1.10442
   31    1  14.00835   0.15271  28.52392   2.62278   0.04847 -59.94328   1.10338
   32    1  14.04850   0.15211  28.47210   2.62352   0.04843 -59.94043   1.10231
   33    1  14.08867   0.15164  28.42023   2.62460   0.04839 -59.93758   1.10092
   34    1  14.12884   0.15125  28.36830   2.62558   0.04836 -59.93473   1.09914
   35    1  14.16903   0.15087  28.31633   2.62645   0.04834 -59.93190   1.09812
   36    1  14.20926   0.15050  28.26430   2.62721   0.04832 -59.92905   1.09711
   37    1  14.24951   0.15011  28.21222   2.62790   0.04831 -59.92620   1.09618
   38    1  14.28981   0.14973  28.16010   2.62855   0.04831 -59.92336   1.09534
   39    1  14.33016   0.14941  28.10792   2.62911   0.04830 -59.92051   1.09461
   40    1  14.37057   0.14917  28.05569   2.62973   0.04830 -59.91766   1.09402
   41    1  14.41104   0.14904  28.00341   2.63039   0.04830 -59.91481   1.09363
    1    1   0.04580   0.02629   0.07344   0.10501   0.02791   0.15226   0.11211   0.03088   0.02629
    2    1   0.04597   0.02638   0.07400   0.10477   0.02793   0.15334   0.11205   0.03089   0.02638
    3    1   0.04614   0.02647   0.07456   0.10456   0.02797   0.15446   0.11195   0.03090   0.02647
    4    1   0.04631   0.02656   0.07510   0.10435   0.02802   0.15565   0.11179   0.03091   0.02656
    5    1   0.04648   0.02665   0.07562   0.10414   0.02808   0.15689   0.11158   0.03093   0.02665
    6    1   0.04665   0.02673   0.07610   0.10394   0.02815   0.15819   0.11134   0.03096   0.02673
    7    1   0.04681   0.02682   0.07654   0.10374   0.02822   0.15953   0.11107   0.03099   0.02682
    8    1   0.04698   0.02691   0.07695   0.10352   0.02830   0.16093   0.11078   0.03102   0.02691
    9    1   0.04715   0.02700   0.07730   0.10330   0.02839   0.16236   0.11049   0.03106   0.02700
   10    1   0.04732   0.02709   0.07760   0.10306   0.02849   0.16384   0.11022   0.03110   0.02709
   11    1   0.04749   0.02718   0.07785   0.10280   0.02859   0.16535   0.10999   0.03115   0.02718
   12    1   0.04766   0.02727   0.07793   0.10240   0.02869   0.16689   0.10980   0.03120   0.02727
   13    1   0.04782   0.02736   0.07796   0.10196   0.02880   0.16846   0.10968   0.03124   0.02736
   14    1   0.04799   0.02745   0.07793   0.10148   0.02892   0.17006   0.10963   0.03130   0.02745
   15    1   0.04816   0.02754   0.07786   0.10100   0.02904   0.17162   0.10962   0.03135   0.02754
   16    1   0.04833   0.02763   0.07775   0.10050   0.02916   0.17319   0.10962   0.03140   0.02763
   17    1   0.04850   0.02772   0.07759   0.09999   0.02923   0.17477   0.10961   0.03145   0.02772
   18    1   0.04867   0.02781   0.07739   0.09947   0.02935   0.17629   0.10952   0.03149   0.02781
   19    1   0.04884   0.02790   0.07716   0.09895   0.02948   0.17782   0.10931   0.03154   0.02790
   20    1   0.04901   0.02799   0.07691   0.09844   0.02960   0.17936   0.10895   0.03158   0.02799
   21    1   0.04918   0.02808   0.07663   0.09793   0.02973   0.18090   0.10841   0.03161   0.02808
   22    1   0.04935   0.02817   0.07639   0.09744   0.02983   0.18241   0.10768   0.03163   0.02817
   23    1   0.04952   0.02826   0.07621   0.09691   0.02989   0.18392   0.10677   0.03164   0.02826
   24    1   0.04968   0.02835   0.07602   0.09640   0.02995   0.18543   0.10573   0.03165   0.02835
   25    1   0.04985   0.02844   0.07582   0.09590   0.03001   0.18693   0.10460   0.03165   0.02844
   26    1   0.05002   0.02853   0.07562   0.09540   0.03007   0.18842   0.10344   0.03164   0.02853
   27    1   0.05020   0.02862   0.07542   0.09491   0.03018   0.18990   0.10233   0.03162   0.02862
   28    1   0.05037   0.02871   0.07523   0.09443   0.03024   0.19137   0.10133   0.03160   0.02871
   29    1   0.05054   0.02880   0.07507   0.09396   0.03029   0.19281   0.10047   0.03157   0.02880
   30    1   0.05071   0.02889   0.07492   0.09349   0.03034   0.19424   0.09979   0.03154   0.02889
   31    1   0.05088   0.02898   0.07479   0.09303   0.03039   0.19565   0.09926   0.03151   0.02898
   32    1   0.05105   0.02907   0.07484   0.09258   0.03042   0.19703   0.09887   0.03148   0.02907
   33    1   0.05122   0.02916   0.07492   0.09213   0.03047   0.19839   0.09857   0.03146   0.02916
   34    1   0.05139   0.02925   0.07502   0.09169   0.03053   0.19972   0.09831   0.03144   0.02925
   35    1   0.05156   0.02934   0.07515   0.09126   0.03057   0.20101   0.09807   0.03142   0.02934
   36    1   0.05173   0.02943   0.07530   0.09083   0.03060   0.20228   0.09782   0.03141   0.02943
   37    1   0.05191   0.02951   0.07545   0.09042   0.03063   0.20351   0.09757   0.03140   0.02951
   38    1   0.05208   0.02960   0.07563   0.09002   0.03066   0.20470   0.09733   0.03140   0.02960
   39    1   0.05225   0.02969   0.07580   0.08963   0.03069   0.20585   0.09712   0.03140   0.02969
   40    1   0.05242   0.02977   0.07599   0.08927   0.03071   0.20696   0.09696   0.03140   0.02977
   41    1   0.05260   0.02986   0.07618   0.08896   0.03074   0.20802   0.09687   0.03140   0.02986
    K    J     MX1       YS1       MX2       YS2
   21    1   0.20838   0.05179   0.20838   0.05179
   21    2   0.20025   0.06693   0.21886   0.03886
   21    3   0.19474   0.08319   0.23197   0.02862
   21    4   0.19206   0.10015   0.24673   0.02090
   21    5   0.19147   0.11729   0.26263   0.01595
   21    6   0.19284   0.13439   0.27905   0.01349
   21    7   0.19616   0.15121   0.29554   0.01246
   21    8   0.20096   0.16767   0.31204   0.01222
   21    9   0.20662   0.18388   0.32858   0.01269
   21   10   0.21320   0.19975   0.34515   0.01350
   21   11   0.22183   0.21750   0.36149   0.01435
   21   12   0.23324   0.23766   0.37956   0.01509
   21   13   0.24787   0.25975   0.39928   0.01609
   21   14   0.26623   0.28310   0.42065   0.01573
   21   15   0.28880   0.30686   0.44355   0.01423
   21   16   0.31577   0.33024   0.46788   0.01147
   21   17   0.34657   0.35329   0.49345   0.00701
   21   18   0.38206   0.37395   0.52009   0.00077
   21   19   0.42175   0.39168   0.54763  -0.00730
   21   20   0.46547   0.40501   0.57593  -0.01708
   21   21   0.51255   0.41273   0.60481  -0.02867
   21   22   0.56205   0.41404   0.63400  -0.04224
   21   23   0.61280   0.40814   0.66339  -0.05764
   21   24   0.66349   0.39475   0.69276  -0.07488
   21   25   0.71298   0.37426   0.72210  -0.09368
   21   26   0.76043   0.34750   0.75119  -0.11409
   21   27   0.80554   0.31570   0.77979  -0.13614
   21   28   0.84731   0.27884   0.80797  -0.15950
   21   29   0.88643   0.23867   0.83550  -0.18418
   21   30   0.92290   0.19584   0.86242  -0.20993
   21   31   0.95681   0.15091   0.88892  -0.23635
   21   32   0.98876   0.10469   0.91443  -0.26382
   21   33   1.01872   0.05746   0.93930  -0.29182
   21   34   1.04726   0.00982   0.96342  -0.32027
   21   35   1.07383  -0.03835   0.98671  -0.34909
   21   36   1.09905  -0.08648   1.00926  -0.37804
   21   37   1.12303  -0.13432   1.03114  -0.40691
   21   38   1.14569  -0.18174   1.05222  -0.43566
   21   39   1.16728  -0.22842   1.07285  -0.46389
   21   40   1.18772  -0.27424   1.09259  -0.49178
   21   41   1.20712  -0.31896   1.11143  -0.51921
   21   42   1.22562  -0.36234   1.12957  -0.54590
   21   43   1.24293  -0.40435   1.14675  -0.57189
   21   44   1.25949  -0.44462   1.16336  -0.59679
   21   45   1.27517  -0.48303   1.17919  -0.62061
   21   46   1.28979  -0.51947   1.19412  -0.64330
   21   47   1.30322  -0.55383   1.20830  -0.66463
   21   48   1.31537  -0.58597   1.22148  -0.68464
   21   49   1.32645  -0.61563   1.23373  -0.70317
   21   50   1.33658  -0.64263   1.24510  -0.72008
   21   51   1.34563  -0.66686   1.25542  -0.73539
   21   52   1.35356  -0.68823   1.26450  -0.74914
   21   53   1.36040  -0.70660   1.27264  -0.76108
   21   54   1.36633  -0.72183   1.27964  -0.77131
   21   55   1.37105  -0.73393   1.28558  -0.77974
   21   56   1.37425  -0.74294   1.29024  -0.78648
   21   57   1.37624  -0.75071   1.29540  -0.79261
   21   58   1.37754  -0.75861   1.30107  -0.79824
   21   59   1.37793  -0.76660   1.30738  -0.80319
   21   60   1.37725  -0.77462   1.31441  -0.80712
   21   61   1.37509  -0.78241   1.32204  -0.80972
   21   62   1.37131  -0.78957   1.33004  -0.81086
   21   63   1.36632  -0.79592   1.33811  -0.81050
   21   64   1.36030  -0.80132   1.34600  -0.80872
   21   65   1.35347  -0.80565   1.35347  -0.80565
 COMPETE BLADEHOHGD
 IN UPDWOHHGD: JM,HJ,JBM,IAX,ICC          21          13          41           0
           0
 sup,schu  0.2083797       1.145091     SDW,SCHD  0.4864247       1.145091    
 COMPLETE THE UPDWOHH
 IN MPSGJBOUND
 COMPLETE THE MPSGJBOUND
 IN GENHMESH          93          41
 IN GENHMESH          93          41
 complete poisson grid
 COMPLETE GENHMESH          93          21          41
 before call GENHMESHN          93          21          41          41
 IN GENVSHMKG ROUTINE WITH OUTYPE           4
  IN GENVSHMKG WITH ICLS =           0
 IN VISCKIV FOR FASTER MESH GENERATION  4.999999873689376E-005          41
          41          93
 DONE WITH VISCKIV  4.999999873689376E-005
 COMPLETE GENVSHMKG
 IN GENVSOMH WITH OUTYPE            4
 IN VISCKIV FOR FASTER MESH GENERATION  4.999999873689376E-005          41
          41         129
 DONE WITH VISCKIV  4.999999873689376E-005
 IN VISCKIV FOR FASTER MESH GENERATION  4.999999873689376E-005          41
          41          42
 DONE WITH VISCKIV  4.999999873689376E-005
 COMPLETE GENVSOMH
 IN GENHBTPMESH WITH INEW            3  INEW > 1 AND <9
 COMPLETE THE GENERATION OF INTERIOR MESHES
 
 IN FLOWUPDW ROUTINE: CREATING INLET AND EXIT CONDITIONS
 
 PTIN =    1832.305      TTIN =    2856.600    
 dw  0.4455012     -0.7707750      3.5147127E-03  7.5923756E-02  0.2900386    
  -1.730076    
 COMPLETE FLOWUPDW ROUTINE
 in flowhm WITH TIPMOD =           0          41          25
 IN PROFUP           1           0   1.000000       1.000000              41
 IN PROFUP RPMS  2.1374593E-02
 **WARNING: Phi ANGLE IS SET TO THE MERIDIONAL MESH PHI 
 N,SPAN(N),RHA(N),PSA(N),QTA(N),ATA(N),PHA(N),PTR   1.300000    
    1   0.00000   1.00000   1.00000   1.00000   0.00000   0.00000   0.00000   0.00000   0.00000   0.00000
    2   0.00003   1.00000   1.00000   1.00000   1.21814  -0.13098   0.34243   0.93846  -0.04511  -0.13060
    3   0.00041   1.00000   1.00000   1.00000   1.21814  -0.13091   0.34243   0.93846  -0.04509  -0.13053
    4   0.00149   1.00000   1.00000   1.00000   1.21814  -0.13057   0.34245   0.93846  -0.04497  -0.13020
    5   0.00361   1.00000   1.00000   1.00000   1.21814  -0.13003   0.34247   0.93846  -0.04478  -0.12966
    6   0.00713   1.00000   1.00000   1.00000   1.21814  -0.12922   0.34251   0.93846  -0.04451  -0.12886
    7   0.01238   1.00000   1.00000   1.00000   1.21814  -0.12768   0.34258   0.93846  -0.04398  -0.12733
    8   0.01973   1.00000   1.00000   1.00000   1.21814  -0.12588   0.34265   0.93846  -0.04336  -0.12554
    9   0.02951   1.00000   1.00000   1.00000   1.21814  -0.12343   0.34276   0.93846  -0.04252  -0.12312
   10   0.04209   1.00000   1.00000   1.00000   1.21814  -0.12087   0.34287   0.93846  -0.04165  -0.12058
   11   0.05814   1.00000   1.00000   1.00000   1.21814  -0.11736   0.34301   0.93846  -0.04044  -0.11709
   12   0.07698   1.00000   1.00000   1.00000   1.21814  -0.11349   0.34317   0.93846  -0.03911  -0.11324
   13   0.10000   1.00000   1.00000   1.00000   1.21814  -0.10876   0.34335   0.93846  -0.03749  -0.10855
   14   0.15000   1.00000   1.00000   1.00000   1.21814  -0.09953   0.34368   0.93846  -0.03432  -0.09936
   15   0.20000   1.00000   1.00000   1.00000   1.21814  -0.09079   0.34397   0.93846  -0.03131  -0.09066
   16   0.25000   1.00000   1.00000   1.00000   1.21814  -0.08252   0.34421   0.93846  -0.02847  -0.08243
   17   0.30000   1.00000   1.00000   1.00000   1.21814  -0.07509   0.34441   0.93846  -0.02591  -0.07502
   18   0.35000   1.00000   1.00000   1.00000   1.21814  -0.06759   0.34460   0.93846  -0.02333  -0.06754
   19   0.40000   1.00000   1.00000   1.00000   1.21814  -0.05989   0.34477   0.93846  -0.02067  -0.05985
   20   0.45000   1.00000   1.00000   1.00000   1.21814  -0.05256   0.34491   0.93846  -0.01815  -0.05254
   21   0.50000   1.00000   1.00000   1.00000   1.21814  -0.04514   0.34504   0.93846  -0.01558  -0.04512
   22   0.55000   1.00000   1.00000   1.00000   1.21814  -0.03739   0.34515   0.93846  -0.01291  -0.03738
   23   0.60000   1.00000   1.00000   1.00000   1.21814  -0.02934   0.34524   0.93846  -0.01013  -0.02933
   24   0.65000   1.00000   1.00000   1.00000   1.21814  -0.02100   0.34531   0.93846  -0.00725  -0.02099
   25   0.70000   1.00000   1.00000   1.00000   1.21814  -0.01227   0.34536   0.93846  -0.00424  -0.01227
   26   0.75000   1.00000   1.00000   1.00000   1.21814  -0.00336   0.34539   0.93846  -0.00116  -0.00336
   27   0.80000   1.00000   1.00000   1.00000   1.21814   0.00565   0.34538   0.93846   0.00195   0.00565
   28   0.85000   1.00000   1.00000   1.00000   1.21814   0.01470   0.34535   0.93846   0.00508   0.01470
   29   0.90000   1.00000   1.00000   1.00000   1.21814   0.02375   0.34529   0.93846   0.00820   0.02374
   30   0.92302   1.00000   1.00000   1.00000   1.21814   0.02786   0.34525   0.93846   0.00962   0.02786
   31   0.94186   1.00000   1.00000   1.00000   1.21814   0.03131   0.34522   0.93846   0.01081   0.03131
   32   0.95792   1.00000   1.00000   1.00000   1.21814   0.03414   0.34519   0.93846   0.01179   0.03414
   33   0.97049   1.00000   1.00000   1.00000   1.21814   0.03645   0.34516   0.93846   0.01259   0.03645
   34   0.98027   1.00000   1.00000   1.00000   1.21814   0.03814   0.34514   0.93846   0.01317   0.03813
   35   0.98762   1.00000   1.00000   1.00000   1.21814   0.03954   0.34512   0.93846   0.01365   0.03953
   36   0.99288   1.00000   1.00000   1.00000   1.21814   0.04049   0.34510   0.93846   0.01398   0.04048
   37   0.99639   1.00000   1.00000   1.00000   1.21814   0.04103   0.34510   0.93846   0.01417   0.04102
   38   0.99851   1.00000   1.00000   1.00000   1.21814   0.04147   0.34509   0.93846   0.01432   0.04146
   39   0.99959   1.00000   1.00000   1.00000   1.21814   0.04162   0.34509   0.93846   0.01437   0.04160
   40   0.99997   1.00000   1.00000   1.00000   1.21814   0.04169   0.34509   0.93846   0.01440   0.04168
   41   1.00000   1.00000   1.00000   1.00000   0.00000   0.00000   0.00000   0.00000   0.00000   0.00000
    1   0.00000   0.39686   1.00000   0.00000   0.00000   0.00000
    2   0.00003   0.44924   1.00000   0.43966   1.21814  -0.13098
    3   0.00041   0.52391   1.00000   0.63408   1.21814  -0.13091
    4   0.00149   0.61059   1.00000   0.76181   1.21814  -0.13057
    5   0.00361   0.72267   1.00000   0.86458   1.21814  -0.13003
    6   0.00713   0.87700   1.00000   0.95274   1.21814  -0.12922
    7   0.01238   1.00000   1.00000   1.00000   1.21814  -0.12768
    8   0.01973   1.00000   1.00000   1.00000   1.21814  -0.12588
    9   0.02951   1.00000   1.00000   1.00000   1.21814  -0.12343
   10   0.04209   1.00000   1.00000   1.00000   1.21814  -0.12087
   11   0.05814   1.00000   1.00000   1.00000   1.21814  -0.11736
   12   0.07698   1.00000   1.00000   1.00000   1.21814  -0.11349
   13   0.10000   1.00000   1.00000   1.00000   1.21814  -0.10876
   14   0.15000   1.00000   1.00000   1.00000   1.21814  -0.09953
   15   0.20000   1.00000   1.00000   1.00000   1.21814  -0.09079
   16   0.25000   1.00000   1.00000   1.00000   1.21814  -0.08252
   17   0.30000   1.00000   1.00000   1.00000   1.21814  -0.07509
   18   0.35000   1.00000   1.00000   1.00000   1.21814  -0.06759
   19   0.40000   1.00000   1.00000   1.00000   1.21814  -0.05989
   20   0.45000   1.00000   1.00000   1.00000   1.21814  -0.05256
   21   0.50000   1.00000   1.00000   1.00000   1.21814  -0.04514
   22   0.55000   1.00000   1.00000   1.00000   1.21814  -0.03739
   23   0.60000   1.00000   1.00000   1.00000   1.21814  -0.02934
   24   0.65000   1.00000   1.00000   1.00000   1.21814  -0.02100
   25   0.70000   1.00000   1.00000   1.00000   1.21814  -0.01227
   26   0.75000   1.00000   1.00000   1.00000   1.21814  -0.00336
   27   0.80000   1.00000   1.00000   1.00000   1.21814   0.00565
   28   0.85000   1.00000   1.00000   1.00000   1.21814   0.01470
   29   0.90000   1.00000   1.00000   1.00000   1.21814   0.02375
   30   0.92302   1.00000   1.00000   1.00000   1.21814   0.02786
   31   0.94186   1.00000   1.00000   1.00000   1.21814   0.03131
   32   0.95792   1.00000   1.00000   1.00000   1.21814   0.03414
   33   0.97049   1.00000   1.00000   1.00000   1.21814   0.03645
   34   0.98027   1.00000   1.00000   1.00000   1.21814   0.03814
   35   0.98762   1.00000   1.00000   1.00000   1.21814   0.03954
   36   0.99288   0.87692   1.00000   0.95271   1.21814   0.04049
   37   0.99639   0.72257   1.00000   0.86451   1.21814   0.04103
   38   0.99851   0.61050   1.00000   0.76171   1.21814   0.04147
   39   0.99959   0.52378   1.00000   0.63384   1.21814   0.04162
   40   0.99997   0.44892   1.00000   0.43850   1.21814   0.04169
   41   1.00000   0.39686   1.00000   0.00000   0.00000   0.00000
 COMPLETE PROFUP
 IN FLOWBGR          41           9          93           0           1
          21
 COMPLETE FLOWBGR
 AFTER FLOWBHR NADD =       83886          41
 omesh nadd =       83886
 AFTER FLOWOGR NADD =      196185
        1        0        0       93        9       41        1
        2    34317    29440       93       13       41        1
        3    83886    73600      129       17       41        1
        4   173799   155520       25       13       41        1
        5   187124   167040       17       13       41        1
 AFTER FLOWTGD NADD =      196185          17
 AFTER FLOWTGD NADD =      196185          13
 IN FLOWHBTP           3           0           0
 AFTER FLOWHBTP NADD =      196185          17
 AFTER FLOWHBTPER NADD =      196185           0
   wall   0.0000000E+00  0.0000000E+00
 ******* iprob *******           0
 IN NXFEBCBG
 JHF,JM           9          21           0
 NB =           1 KM,KMM          41          25
 outype =           4  nb =           1  NSPAN =           5
 outype =           4  nb =           1  NSPAN =           5
 COMPLETE NXFEBCBG
 
 AFTER BASE MESH NADD,NEDD,BCN      196185       73600       12640           2
 
 AFTER OHH MESH NADD,NEDD,BCN      196185      174720       23776           5
 
 AFTER HUB MESH NADD,NEDD,BCN      196185      174720       23776           5
 
 AFTER TIP MESH NADD,NEDD,BCN      196185      174720       23776           5
        1        0        0       93        9       41        5        6        0       14        9      109
        2    34317    29440       93       13       41        5        6       13        0        9      109
        3    83886    73600      129       17       41        0        0       10        0        9      109
        4   173799   155520       25       13       41        5        0        0        0        9      109
        5   187124   167040       17       13       41        0        6        0        0        9      109
 NEGATIVE VOLUME CHECK WITH NB NE1 NE2           5           1      174720
  
 CHECKING FOR NEGATIVE VOLUMES IN THE MESH
  complete the negative volume check with           0 N.V.
 
 IN INPROF CREATING INLET AND EXIT CONDITIONS
 
  1.7129034E-03   2255.452      -2434.060       33.40201    
 COMPLETE INPROF ROUTINE
  IGRID =           1  OSPANsav =          41  NSPAN =           5
  IGRID =           1  OSPAN =          41  NSPAN =           5
 IFORM =           0           3
 
 IN SUBROUTINE DATAOTNB TO WRITE A RESTART FILE 
 
 DATAOTNB MIXER F
 EEE-HPT-1                                                                      
  
 NFLOW =           5      196185      174720           1
 AAA
 EEE-HPT-1                                                                      
  
           1           0           5           1           0           0
           0           1         100           0           0           0
           0     1112408           0
  2.4718095E-03   5062.572       1716.420       1.300000      0.0000000E+00
  0.0000000E+00  0.0000000E+00  0.0000000E+00  0.0000000E+00  0.0000000E+00
  0.0000000E+00  0.0000000E+00  0.0000000E+00  0.0000000E+00  0.0000000E+00
      196185      174720       23776           1           0
 RPM  2.1374593E-02  7.5922966E-02  0.2530766       1.000000      9.9999997E-05
  0.0000000E+00  0.0000000E+00  0.0000000E+00  0.0000000E+00  0.0000000E+00
  0.0000000E+00  0.0000000E+00  0.0000000E+00  0.0000000E+00  0.0000000E+00
 rpmid  0.0000000E+00  2.1374593E-02  0.0000000E+00  0.0000000E+00
           5           7
 DTHA =  8.2673490E-02  0.0000000E+00           0
      93       9      41       5       6       0      14       9     109         0         0
      93      13      41       5       6      13       0       9     109     34317     34317
     129      17      41       0       0      10       0       9     109     83886     83886
      25      13      41       5       0       0       0       9     109    173799    173799
      17      13      41       0       6       0       0       9     109    187124    187124
 COMPLETE DATAOTNB
 INPUT FILE NAME = 
 blade2.agf                                                                     
  
 blade2.agf                                                                     
  
 intype =           3
 INTYPE =           3
 TITLE OF THE CASE
 EEE-HPT-2                                                                      
  
 NBLADE  Nbnode Nspan Ity  Iym  Tcls Hcls  Lete   Isplit
    48   798     4     5     0     1     0    10     0
 UNITS  NPROF  IFANG   HBL   TBL  TFREE   LFREE
     1     1     0   1.00000   1.00000   0.01000   0.00039
           5
      Rpm          Gamma      GAS-CONT      Psout      Twall   MOLECULAR-WEIGHT
      0.0000      1.3000   1716.4199 230300.0000      0.0000     28.9600
       %SPAN       Machin     Ptin        Ttin        Alphin       Phi
    XHUP        ZHUP        XTUP        ZTUP
   6273.8008    306.1649   6273.8018    374.4167
    XHDW        ZHDW        XTDW        ZTDW
   6553.2002    318.0870   6553.2002    399.1846
    XSHIFT       ROTA       XSCALE      YSCALE     ZSCALE
 YSCALE =   1.000000     BLDGAP =  8.2673490E-02
  0.0000000E+00  0.0000000E+00   1.000000       1.000000       1.000000    
  0.0000000E+00           0
     Tclle      Tclmc       Tclte
      0.0000      0.0000      0.0000
     Hclle      Hclmc       Hclte
      0.0000      0.0000      0.0000
 *NHT                                                                           
  
   200
 *ENDWALL                                                                       
  
 INTYPE,NBLADE,IBLD,KSPAN,IHT,LEBOA,TEBOA
   -3   48  798    4  200   1.00000   1.00000
 TITLE =
 EEE-HPT-2                                                                      
  
 complete getdims
 NBK =           7
 IN GRIDDIM WITH OUTYPE =           4
 1 OJIN,OJSV          41          21
      BCK#      NS       ES       IM       JM       KM          NE       EE
        1        0        0       93        9       41    34317    29440
        2    34317    29440       93       13       41    83886    73600
        3    83886    73600      129       17       41   173799   155520
        4   173799   155520       25       13       41   187124   167040
        5   187124   167040       17       13       41   196185   174720
        6   196185   174720      129       13       17   224694   199296
        7   224694   199296      129       13       13   246495   217728
 
      BCK#     IM        JM        KM
 
  BEFORE READMESHIX           0
        1       93        9       41
        2       93       13       41
        3      129       17       41
        4       25       13       41
        5       17       13       41
        6      129       13       17
        7      129       13       13
 MESHIN,DWAL,DWAL_OMESH           1  4.9999999E-05  4.9999999E-05
 a.im,jm,km          93          21          41           7
 
 TOTAL NUMBER OF NODES =      268296      268296           7
 after x,y,z
 after xo,yo,zo
 NHT =         400  OSPAN =          41  IHT =         200
  IGRID =           1  OSPAN =          41  NSPAN =           4
  IGRID =           1  OSPAN =          41  NSPAN =           4
  ********NSPSV =           4  KM =          41  NSPAN =           4
 TCLS =            0  NBK =           7
 HCLS =            0  NB  =           6
 INEW =            3  NB  =           7
  A NB =           7
        1        0        0       93        9       41        1
        2    34317    29440       93       13       41        1
        3    83886    73600      129       17       41        1
        4   173799   155520       25       13       41        1
        5   187124   167040       17       13       41        1
  
 IN AIRFOILIN
 INPUT geometry file NAME = blade2.agf
 NFIN.GT.1.AND.NLOOP.EQ.1.AND.IFACE.EQ.0           3           1           0
 OLD UP   6273.801       306.1649       6273.802       374.4167    
 NEW UP   6392.969       321.5764       6390.483       367.7886    
   251.1683       252.2151       25.32098    
   251.1542       252.0334       28.95974    
 OLD DW   6553.200       318.0870       6553.200       399.1846    
 NEW DW   6457.674       311.6606       6460.532       380.8417    
   253.9886       254.4897       12.29017       12.25004    
   254.0924       254.6109       14.97950       15.00804    
 iht =         200
           1   6273.801       306.1649       6273.802       374.4167    
           2   6275.155       306.6230       6275.236       374.4660    
           3   6276.509       307.0858       6276.670       374.5022    
           4   6277.860       307.5534       6278.105       374.5252    
           5   6279.210       308.0255       6279.540       374.5349    
           6   6280.558       308.5024       6280.974       374.5311    
           7   6281.905       308.9840       6282.409       374.5138    
           8   6283.250       309.4703       6283.843       374.4828    
           9   6284.593       309.9613       6285.277       374.4381    
          10   6285.934       310.4573       6286.711       374.3794    
          11   6287.273       310.9579       6288.144       374.3067    
          12   6288.611       311.4634       6289.576       374.2200    
          13   6289.947       311.9737       6291.007       374.1191    
          14   6291.281       312.4888       6292.437       374.0040    
          15   6292.613       313.0089       6293.866       373.8746    
          16   6293.944       313.5337       6295.293       373.7309    
          17   6295.272       314.0636       6296.720       373.5727    
          18   6296.598       314.5984       6298.144       373.4001    
          19   6297.922       315.1381       6299.566       373.2130    
          20   6299.245       315.6829       6300.987       373.0114    
          21   6300.565       316.2327       6302.405       372.7953    
          22   6301.883       316.7874       6303.821       372.5645    
          23   6303.199       317.3471       6305.235       372.3194    
          24   6304.513       317.9121       6306.646       372.0596    
          25   6305.824       318.4821       6308.053       371.7800    
          26   6307.134       319.0556       6309.455       371.4733    
          27   6308.446       319.6257       6310.848       371.1300    
          28   6309.763       320.1838       6312.229       370.7420    
          29   6311.088       320.7212       6313.600       370.3169    
          30   6312.424       321.2294       6314.963       369.8683    
          31   6313.773       321.7056       6316.324       369.4154    
          32   6315.131       322.1518       6317.690       368.9777    
          33   6316.499       322.5701       6319.065       368.5669    
          34   6317.874       322.9624       6320.450       368.1902    
          35   6319.256       323.3306       6321.843       367.8461    
          36   6320.644       323.6747       6323.242       367.5303    
          37   6322.038       323.9937       6324.647       367.2402    
          38   6323.438       324.2869       6326.058       366.9745    
          39   6324.843       324.5536       6327.472       366.7335    
          40   6326.252       324.7934       6328.890       366.5176    
          41   6327.667       325.0065       6330.312       366.3277    
          42   6329.084       325.1930       6331.738       366.1642    
          43   6330.505       325.3531       6333.166       366.0280    
          44   6331.929       325.4870       6334.597       365.9196    
          45   6333.355       325.5943       6336.029       365.8407    
          46   6334.783       325.6744       6337.463       365.7925    
          47   6336.212       325.7268       6338.898       365.7700    
          48   6337.642       325.7511       6340.333       365.7663    
          49   6339.072       325.7555       6341.768       365.7818    
          50   6340.502       325.7526       6343.202       365.8196    
          51   6341.932       325.7430       6344.635       365.8735    
          52   6343.361       325.7045       6346.069       365.9328    
          53   6344.786       325.5783       6347.503       365.9850    
          54   6346.204       325.3957       6348.937       366.0183    
          55   6347.626       325.2440       6350.372       366.0375    
          56   6349.054       325.1711       6351.807       366.0546    
          57   6350.483       325.1363       6353.241       366.0735    
          58   6351.914       325.1164       6354.675       366.0936    
          59   6353.344       325.1130       6356.110       366.1141    
          60   6354.773       325.1007       6357.545       366.1341    
          61   6356.204       325.0791       6358.979       366.1528    
          62   6357.633       325.0445       6360.414       366.1692    
          63   6359.062       324.9970       6361.849       366.1824    
          64   6360.491       324.9376       6363.283       366.1914    
          65   6361.919       324.8670       6364.718       366.1954    
          66   6363.347       324.7859       6366.153       366.1934    
          67   6364.774       324.6950       6367.587       366.1844    
          68   6366.201       324.5953       6369.022       366.1672    
          69   6367.627       324.4872       6370.457       366.1416    
          70   6369.052       324.3717       6371.891       366.1075    
          71   6370.478       324.2495       6373.325       366.0618    
          72   6371.901       324.1214       6374.758       366.0011    
          73   6373.325       323.9879       6376.192       365.9430    
          74   6374.749       323.8500       6377.627       365.9192    
          75   6376.172       323.7084       6379.062       365.9624    
          76   6377.595       323.5637       6380.489       366.1004    
          77   6379.017       323.4168       6381.911       366.2938    
          78   6380.439       323.2683       6383.336       366.4602    
          79   6381.862       323.1187       6384.766       366.5854    
          80   6383.284       322.9688       6386.196       366.7054    
          81   6384.706       322.8187       6387.624       366.8440    
          82   6386.128       322.6689       6389.048       367.0148    
          83   6387.550       322.5199       6390.468       367.2202    
          84   6388.973       322.3719       6391.884       367.4543    
          85   6390.395       322.2241       6393.295       367.7107    
          86   6391.817       322.0751       6394.704       367.9838    
          87   6393.239       321.9238       6396.109       368.2714    
          88   6394.661       321.7685       6397.512       368.5752    
          89   6396.082       321.6060       6398.910       368.8974    
          90   6397.501       321.4314       6400.303       369.2411    
          91   6398.918       321.2384       6401.690       369.6067    
          92   6400.332       321.0210       6403.072       369.9923    
          93   6401.741       320.7753       6404.450       370.3946    
          94   6403.144       320.5020       6405.823       370.8094    
          95   6404.543       320.2037       6407.194       371.2322    
          96   6405.937       319.8831       6408.564       371.6587    
          97   6407.325       319.5428       6409.933       372.0864    
          98   6408.710       319.1873       6411.303       372.5150    
          99   6410.094       318.8238       6412.671       372.9447    
         100   6411.477       318.4594       6414.040       373.3766    
         101   6412.861       318.1018       6415.408       373.8090    
         102   6414.249       317.7548       6416.777       374.2380    
         103   6415.638       317.4180       6418.148       374.6594    
         104   6417.031       317.0914       6419.523       375.0691    
         105   6418.425       316.7744       6420.902       375.4646    
         106   6419.822       316.4669       6422.286       375.8449    
         107   6421.220       316.1687       6423.673       376.2096    
         108   6422.621       315.8799       6425.065       376.5590    
         109   6424.023       315.6008       6426.460       376.8933    
         110   6425.428       315.3316       6427.859       377.2124    
         111   6426.834       315.0725       6429.261       377.5162    
         112   6428.243       314.8237       6430.667       377.8046    
         113   6429.653       314.5851       6432.075       378.0776    
         114   6431.064       314.3569       6433.487       378.3352    
         115   6432.478       314.1390       6434.901       378.5772    
         116   6433.893       313.9314       6436.317       378.8033    
         117   6435.309       313.7337       6437.737       379.0134    
         118   6436.727       313.5457       6439.159       379.2073    
         119   6438.146       313.3669       6440.582       379.3851    
         120   6439.565       313.1970       6442.008       379.5473    
         121   6440.986       313.0368       6443.435       379.6945    
         122   6442.409       312.8871       6444.863       379.8270    
         123   6443.832       312.7490       6446.293       379.9462    
         124   6445.257       312.6236       6447.724       380.0548    
         125   6446.682       312.5102       6449.155       380.1556    
         126   6448.108       312.4046       6450.586       380.2517    
         127   6449.535       312.3019       6452.018       380.3466    
         128   6450.961       312.1970       6453.450       380.4442    
         129   6452.387       312.0856       6454.880       380.5464    
         130   6453.812       311.9676       6456.312       380.6520    
         131   6455.237       311.8455       6457.742       380.7584    
         132   6456.661       311.7219       6459.173       380.8605    
         133   6458.086       311.5990       6460.605       380.9537    
         134   6459.511       311.4795       6462.038       381.0339    
         135   6460.937       311.3658       6463.471       381.0992    
         136   6462.363       311.2605       6464.905       381.1503    
         137   6463.790       311.1661       6466.339       381.1886    
         138   6465.218       311.0848       6467.773       381.2151    
         139   6466.646       311.0165       6469.208       381.2309    
         140   6468.075       310.9606       6470.643       381.2371    
         141   6469.504       310.9162       6472.078       381.2348    
         142   6470.934       310.8824       6473.512       381.2252    
         143   6472.364       310.8584       6474.947       381.2093    
         144   6473.794       310.8434       6476.381       381.1883    
         145   6475.224       310.8365       6477.816       381.1632    
         146   6476.654       310.8369       6479.250       381.1352    
         147   6478.084       310.8438       6480.685       381.1054    
         148   6479.514       310.8563       6482.119       381.0749    
         149   6480.944       310.8736       6483.554       381.0448    
         150   6482.374       310.8948       6484.988       381.0162    
         151   6483.804       310.9192       6486.422       380.9901    
         152   6485.233       310.9459       6487.857       380.9678    
         153   6486.663       310.9740       6489.292       380.9503    
         154   6488.093       311.0028       6490.726       380.9387    
         155   6489.523       311.0315       6492.161       380.9341    
         156   6490.953       311.0591       6493.596       380.9377    
         157   6492.382       311.0849       6495.030       380.9505    
         158   6493.812       311.1080       6496.465       380.9735    
         159   6495.242       311.1277       6497.899       381.0079    
         160   6496.672       311.1430       6499.333       381.0560    
         161   6498.103       311.1531       6500.767       381.1210    
         162   6499.532       311.1581       6502.199       381.2080    
         163   6500.962       311.1588       6503.629       381.3213    
         164   6502.393       311.1559       6505.057       381.4621    
         165   6503.823       311.1505       6506.481       381.6311    
         166   6505.252       311.1438       6507.903       381.8282    
         167   6506.683       311.1390       6509.320       382.0530    
         168   6508.113       311.1405       6510.732       382.3041    
         169   6509.543       311.1527       6512.141       382.5802    
         170   6510.973       311.1780       6513.543       382.8799    
         171   6512.402       311.2172       6514.942       383.2015    
         172   6513.831       311.2710       6516.335       383.5440    
         173   6515.260       311.3399       6517.724       383.9064    
         174   6516.687       311.4244       6519.106       384.2876    
         175   6518.114       311.5244       6520.485       384.6864    
         176   6519.539       311.6396       6521.858       385.1022    
         177   6520.963       311.7696       6523.226       385.5341    
         178   6522.386       311.9143       6524.589       385.9811    
         179   6523.807       312.0733       6525.948       386.4428    
         180   6525.227       312.2462       6527.301       386.9191    
         181   6526.645       312.4328       6528.649       387.4101    
         182   6528.061       312.6327       6529.992       387.9157    
         183   6529.475       312.8453       6531.329       388.4359    
         184   6530.887       313.0705       6532.661       388.9707    
         185   6532.297       313.3079       6533.986       389.5201    
         186   6533.706       313.5570       6535.305       390.0836    
         187   6535.111       313.8177       6536.619       390.6607    
         188   6536.516       314.0894       6537.927       391.2511    
         189   6537.917       314.3717       6539.229       391.8542    
         190   6539.317       314.6645       6540.524       392.4696    
         191   6540.715       314.9672       6541.815       393.0970    
         192   6542.110       315.2794       6543.100       393.7356    
         193   6543.504       315.6012       6544.379       394.3851    
         194   6544.895       315.9318       6545.653       395.0447    
         195   6546.284       316.2712       6546.922       395.7140    
         196   6547.671       316.6188       6548.187       396.3924    
         197   6549.057       316.9748       6549.446       397.0791    
         198   6550.440       317.3381       6550.701       397.7737    
         199   6551.821       317.7089       6551.953       398.4756    
         200   6553.200       318.0870       6553.200       399.1846    
   251.6917       251.5938       254.2391       254.3516    
 SECTION =            1  OUT OF            4
 SECTION =            2  OUT OF            4
 SECTION =            3  OUT OF            4
 SECTION =            4  OUT OF            4
 ENDWALL FINISH NHT         400
 ENDWALL FINISH NHT         400
 ENTERING WH_ENDWALL_ORDER
 INTYPE           3
 STARTING TO SCALE THE AIRFOIL
 STARTING TO ROTATING THE AIRFOIL
 LININ =           1  LETE =           0
 COMPLETE THE AIRFOILIN
 EEE-HPT-2                                                                      
  
 before XRgrid ospan          41           1           4
 ********** in dwstream *************
           1   251.6909       12.67539    
           2   251.6758       13.13129    
           3   251.6424       13.59199    
           4   251.6165       14.04056    
           5   251.5950       14.45777    
 ********** IN UPstream *************
           1   254.2391       12.26907    
           2   254.2562       12.95123    
           3   254.2897       13.63174    
           4   254.3255       14.31263    
           5   254.3518       14.99801    
 complete poisson grid
 NB1 =            1  NB2 =            0
 IFAN =            3
 before bladexyrgd          41           1           4
 
  IN BLADEXYRGD: GETTING INITIAL LEDIA AND TEDIA         798
 
        K      NBNEW      IXMN      LETE      ITYY     LED-in      TED-in     XatIXMN     Tatixmn    RatIXMN    LEMA(DEG)     TEMA(DEG)  CHORD
         1       799       402         0         3   -0.183479   -0.049735  252.215118   -1.563044   12.561942  -16.787718   66.198593    2.394233
         2       799       402         0         3   -0.187871   -0.050221  252.215118   -1.563010   12.615446  -17.178246   66.203217    2.391592
         3       799       400         0         3   -0.198129   -0.063867  252.114243   -1.602043   13.723243  -20.480000   63.828678    2.593780
         4       799       402         0         3   -0.266384   -0.069000  252.010452   -1.656702   14.783038  -17.671389   66.015808    2.854043
  
    3    1     252.11424      -1.60204     252.11424      -1.60204      13.72324      13.72324
    3    2     252.11540      -1.59112     252.11446      -1.61615      13.72204      13.72489
    3    3     252.12001      -1.57178     252.11850      -1.64012      13.72005      13.72791
    3    4     252.12822      -1.55557     252.12624      -1.66393      13.71861      13.73111
    3    5     252.13962      -1.54064     252.13733      -1.68616      13.71748      13.73432
    3    6     252.15399      -1.52759     252.15134      -1.71079      13.71670      13.73799
    3    7     252.17108      -1.51647     252.16811      -1.73546      13.71626      13.74182
    3    8     252.19057      -1.50734     252.18733      -1.75968      13.71613      13.74573
    3    9     252.21211      -1.49994     252.20865      -1.78390      13.71626      13.74974
    3   10     252.23535      -1.49392     252.23170      -1.80769      13.71657      13.75377
    3   11     252.25989      -1.48912     252.25609      -1.83039      13.71702      13.75770
    3   12     252.28531      -1.48468     252.28140      -1.85146      13.71749      13.76144
    3   13     252.31116      -1.48011     252.30721      -1.87052      13.71793      13.76491
    3   14     252.33702      -1.47528     252.33304      -1.88762      13.71831      13.76812
    3   15     252.36621      -1.46947     252.36224      -1.90535      13.71868      13.77152
    3   16     252.39856      -1.46260     252.39461      -1.92232      13.71905      13.77494
    3   17     252.43384      -1.45463     252.42998      -1.93721      13.71945      13.77823
    3   18     252.47186      -1.44542     252.46811      -1.95077      13.71992      13.78154
    3   19     252.51242      -1.43473     252.50882      -1.96210      13.72048      13.78479
    3   20     252.55533      -1.42232     252.55191      -1.97027      13.72111      13.78784
    3   21     252.60037      -1.40778     252.59717      -1.97556      13.72174      13.79069
    3   22     252.64737      -1.39102     252.64442      -1.97722      13.72230      13.79318
    3   23     252.69611      -1.37173     252.69345      -1.97493      13.72270      13.79520
    3   24     252.74640      -1.34981     252.74405      -1.96836      13.72287      13.79660
    3   25     252.79803      -1.32461     252.79602      -1.95702      13.72269      13.79728
    3   26     252.85081      -1.29600     252.84915      -1.94032      13.72214      13.79714
    3   27     252.90453      -1.26410     252.90323      -1.91854      13.72125      13.79620
    3   28     252.95898      -1.22801     252.95802      -1.89055      13.71995      13.79435
    3   29     253.01398      -1.18875     253.01335      -1.85620      13.71836      13.79159
    3   30     253.06932      -1.14546     253.06897      -1.81580      13.71642      13.78800
    3   31     253.12479      -1.09809     253.12468      -1.76820      13.71417      13.78349
    3   32     253.18021      -1.04746     253.18027      -1.71418      13.71170      13.77821
    3   33     253.23535      -0.99276     253.23552      -1.65329      13.70899      13.77218
    3   34     253.29005      -0.93538     253.29025      -1.58626      13.70619      13.76558
    3   35     253.34410      -0.87442     253.34428      -1.51377      13.70325      13.75855
    3   36     253.39729      -0.81174     253.39738      -1.43465      13.70033      13.75106
    3   37     253.44943      -0.74659     253.44939      -1.35087      13.69740      13.74339
    3   38     253.50032      -0.67944     253.50011      -1.26139      13.69453      13.73555
    3   39     253.54977      -0.61204     253.54936      -1.16755      13.69183      13.72777
    3   40     253.59760      -0.54327     253.59695      -1.06996      13.68930      13.72022
    3   41     253.64359      -0.47569     253.64273      -0.96833      13.68706      13.71297
    3   42     253.68753      -0.40838     253.68652      -0.86614      13.68510      13.70637
    3   43     253.72925      -0.34277     253.72813      -0.76227      13.68348      13.70038
    3   44     253.76854      -0.27983     253.76736      -0.66008      13.68219      13.69523
    3   45     253.80519      -0.21881     253.80402      -0.56174      13.68121      13.69098
    3   46     253.83900      -0.16162     253.83789      -0.46701      13.68051      13.68752
    3   47     253.86977      -0.10896     253.86876      -0.37903      13.68005      13.68486
    3   48     253.89731      -0.06092     253.89641      -0.29961      13.67979      13.68293
    3   49     253.92140      -0.01784     253.92062      -0.22870      13.67968      13.68158
    3   50     253.94185       0.02012     253.94119      -0.16821      13.67967      13.68069
    3   51     253.95847       0.05091     253.95792      -0.11925      13.67973      13.68016
    3   52     253.97104       0.07315     253.97057      -0.08240      13.67981      13.67986
    3   53     253.97939       0.08804     253.97896      -0.05823      13.67988      13.67972
    3   54     253.98772       0.10336     253.98735      -0.03441      13.67996      13.67961
    3   55     253.99591       0.11818     253.99561      -0.01119      13.68005      13.67955
    3   56     254.00381       0.13252     254.00357       0.01114      13.68016      13.67952
    3   57     254.01131       0.14215     254.01111       0.03235      13.68023      13.67953
    3   58     254.01826       0.14664     254.01810       0.05235      13.68025      13.67957
    3   59     254.02454       0.14808     254.02441       0.07091      13.68024      13.67963
    3   60     254.03004       0.14756     254.02997       0.08701      13.68022      13.67970
    3   61     254.03468       0.14569     254.03464       0.10002      13.68018      13.67977
    3   62     254.03839       0.14201     254.03836       0.10951      13.68012      13.67983
    3   63     254.04106       0.13859     254.04106       0.11717      13.68008      13.67988
    3   64     254.04269       0.13320     254.04269       0.12290      13.68002      13.67992
    3   65     254.04324       0.13139     254.04324       0.13139      13.68000      13.68000
 
    K    I     XS1       YS1       XS2       YS2       ZS1       ZS2
    3    1     252.11424      -1.60204     252.11424      -1.60204      13.72324      13.72324
    3    2     252.11540      -1.59112     252.11446      -1.61615      13.72204      13.72489
    3    3     252.12001      -1.57178     252.11850      -1.64012      13.72005      13.72791
    3    4     252.12822      -1.55557     252.12624      -1.66393      13.71861      13.73111
    3    5     252.13962      -1.54064     252.13733      -1.68616      13.71748      13.73432
    3    6     252.15399      -1.52759     252.15134      -1.71079      13.71670      13.73799
    3    7     252.17108      -1.51647     252.16811      -1.73546      13.71626      13.74182
    3    8     252.19057      -1.50734     252.18733      -1.75968      13.71613      13.74573
    3    9     252.21211      -1.49994     252.20865      -1.78390      13.71626      13.74974
    3   10     252.23535      -1.49392     252.23170      -1.80769      13.71657      13.75377
    3   11     252.25989      -1.48912     252.25609      -1.83039      13.71702      13.75770
    3   12     252.28531      -1.48468     252.28140      -1.85146      13.71749      13.76144
    3   13     252.31116      -1.48011     252.30721      -1.87052      13.71793      13.76491
    3   14     252.33702      -1.47528     252.33304      -1.88762      13.71831      13.76812
    3   15     252.36621      -1.46947     252.36224      -1.90535      13.71868      13.77152
    3   16     252.39856      -1.46260     252.39461      -1.92232      13.71905      13.77494
    3   17     252.43384      -1.45463     252.42998      -1.93721      13.71945      13.77823
    3   18     252.47186      -1.44542     252.46811      -1.95077      13.71992      13.78154
    3   19     252.51242      -1.43473     252.50882      -1.96210      13.72048      13.78479
    3   20     252.55533      -1.42232     252.55191      -1.97027      13.72111      13.78784
    3   21     252.60037      -1.40778     252.59717      -1.97556      13.72174      13.79069
    3   22     252.64737      -1.39102     252.64442      -1.97722      13.72230      13.79318
    3   23     252.69611      -1.37173     252.69345      -1.97493      13.72270      13.79520
    3   24     252.74640      -1.34981     252.74405      -1.96836      13.72287      13.79660
    3   25     252.79803      -1.32461     252.79602      -1.95702      13.72269      13.79728
    3   26     252.85081      -1.29600     252.84915      -1.94032      13.72214      13.79714
    3   27     252.90453      -1.26410     252.90323      -1.91854      13.72125      13.79620
    3   28     252.95898      -1.22801     252.95802      -1.89055      13.71995      13.79435
    3   29     253.01398      -1.18875     253.01335      -1.85620      13.71836      13.79159
    3   30     253.06932      -1.14546     253.06897      -1.81580      13.71642      13.78800
    3   31     253.12479      -1.09809     253.12468      -1.76820      13.71417      13.78349
    3   32     253.18021      -1.04746     253.18027      -1.71418      13.71170      13.77821
    3   33     253.23535      -0.99276     253.23552      -1.65329      13.70899      13.77218
    3   34     253.29005      -0.93538     253.29025      -1.58626      13.70619      13.76558
    3   35     253.34410      -0.87442     253.34428      -1.51377      13.70325      13.75855
    3   36     253.39729      -0.81174     253.39738      -1.43465      13.70033      13.75106
    3   37     253.44943      -0.74659     253.44939      -1.35087      13.69740      13.74339
    3   38     253.50032      -0.67944     253.50011      -1.26139      13.69453      13.73555
    3   39     253.54977      -0.61204     253.54936      -1.16755      13.69183      13.72777
    3   40     253.59760      -0.54327     253.59695      -1.06996      13.68930      13.72022
    3   41     253.64359      -0.47569     253.64273      -0.96833      13.68706      13.71297
    3   42     253.68753      -0.40838     253.68652      -0.86614      13.68510      13.70637
    3   43     253.72925      -0.34277     253.72813      -0.76227      13.68348      13.70038
    3   44     253.76854      -0.27983     253.76736      -0.66008      13.68219      13.69523
    3   45     253.80519      -0.21881     253.80402      -0.56174      13.68121      13.69098
    3   46     253.83900      -0.16162     253.83789      -0.46701      13.68051      13.68752
    3   47     253.86977      -0.10896     253.86876      -0.37903      13.68005      13.68486
    3   48     253.89731      -0.06092     253.89641      -0.29961      13.67979      13.68293
    3   49     253.92140      -0.01784     253.92062      -0.22870      13.67968      13.68158
    3   50     253.94185       0.02012     253.94119      -0.16821      13.67967      13.68069
    3   51     253.95847       0.05091     253.95792      -0.11925      13.67973      13.68016
    3   52     253.97104       0.07315     253.97057      -0.08240      13.67981      13.67986
    3   53     253.97939       0.08804     253.97896      -0.05823      13.67988      13.67972
    3   54     253.98772       0.10336     253.98735      -0.03441      13.67996      13.67961
    3   55     253.99591       0.11818     253.99561      -0.01119      13.68005      13.67955
    3   56     254.00381       0.13252     254.00357       0.01114      13.68016      13.67952
    3   57     254.01131       0.14215     254.01111       0.03235      13.68023      13.67953
    3   58     254.01826       0.14664     254.01810       0.05235      13.68025      13.67957
    3   59     254.02454       0.14808     254.02441       0.07091      13.68024      13.67963
    3   60     254.03004       0.14756     254.02997       0.08701      13.68022      13.67970
    3   61     254.03468       0.14569     254.03464       0.10002      13.68018      13.67977
    3   62     254.03839       0.14201     254.03836       0.10951      13.68012      13.67983
    3   63     254.04106       0.13859     254.04106       0.11717      13.68008      13.67988
    3   64     254.04269       0.13320     254.04269       0.12290      13.68002      13.67992
    3   65     254.04324       0.13139     254.04324       0.13139      13.68000      13.68000
 COMPLETE BLADEXYRGD 
 
 IN AIRFOILOT: GENERATE A IMPROVE AIRFOIL DEFINITION
               CREATING A SECTION FILE
 before INTERCIPT          41           1           4
 IN INTERCIPT          65          65           4          41          93
 IN INTERCIPT WITH OSPAN =          41
 OUT OF INTERCIPT
 IN TRANSFORM          93          41          65
 OUT TRANSFORM          93          41
  
 IN BLADENEW: GENERATE THE NODE DISTRIBUTION
                ALONE EACH AIRFOIL SECTION
 **** ity =           1
 J    IGRID    RMN       LED      LEMA       LEWA       TED      TEMA      TEWA
    1    1  12.59073   0.24414 -17.93511   4.42269   0.04883  64.82478   1.26324
    2    1  12.64013   0.24450 -17.90117   4.41045   0.04884  64.83570   1.25798
    3    1  12.68971   0.24521 -17.86721   4.40782   0.04888  64.84662   1.25456
    4    1  12.73944   0.24623 -17.83324   4.40895   0.04894  64.85752   1.25296
    5    1  12.78930   0.24750 -17.79926   4.41355   0.04900  64.86842   1.25295
    6    1  12.83923   0.24893 -17.76526   4.42137   0.04908  64.87930   1.25449
    7    1  12.88927   0.25037 -17.73125   4.43214   0.04915  64.89017   1.25745
    8    1  12.93935   0.25166 -17.69724   4.45325   0.04923  64.90105   1.26174
    9    1  12.98944   0.25266 -17.66320   4.46927   0.04929  64.91191   1.26721
   10    1  13.03953   0.25327 -17.62915   4.48756   0.04935  64.92275   1.27381
   11    1  13.08961   0.25342 -17.59509   4.50794   0.04939  64.93360   1.28140
   12    1  13.13965   0.25313 -17.56102   4.53019   0.04941  64.94444   1.28991
   13    1  13.18964   0.25248 -17.52694   4.54733   0.04941  64.95525   1.29925
   14    1  13.23955   0.25158 -17.49284   4.57308   0.04939  64.96607   1.30930
   15    1  13.28938   0.25055 -17.45873   4.60027   0.04936  64.97688   1.31999
   16    1  13.33910   0.24950 -17.42460   4.62864   0.04933  64.98768   1.33208
   17    1  13.38878   0.24849 -17.39047   4.65806   0.04930  64.99847   1.34359
   18    1  13.43830   0.24757 -17.35632   4.68831   0.04928  65.00925   1.35543
   19    1  13.48771   0.24674 -17.32216   4.71927   0.04927  65.02002   1.36750
   20    1  13.53707   0.24597 -17.28798   4.75071   0.04928  65.03078   1.37973
   21    1  13.58624   0.24523 -17.25379   4.78255   0.04930  65.04154   1.39204
   22    1  13.63529   0.24452 -17.21959   4.81259   0.04933  65.05228   1.40336
   23    1  13.68431   0.24381 -17.18538   4.83513   0.04937  65.06302   1.40908
   24    1  13.73313   0.24314 -17.15116   4.85583   0.04942  65.07375   1.41279
   25    1  13.78201   0.24256 -17.11692   4.87384   0.04947  65.08447   1.41647
   26    1  13.83084   0.24211 -17.08267   4.88692   0.04951  65.09518   1.41999
   27    1  13.87959   0.24187 -17.04840   4.90375   0.04956  65.10589   1.42337
   28    1  13.92827   0.24188 -17.01413   4.92059   0.04960  65.11658   1.42670
   29    1  13.97688   0.24218 -16.97984   4.93734   0.04964  65.12727   1.42986
   30    1  14.02541   0.24277 -16.94554   4.95411   0.04968  65.13795   1.43291
   31    1  14.07386   0.24364 -16.91123   4.97093   0.04971  65.14861   1.43588
   32    1  14.12221   0.24472 -16.87690   4.98774   0.04975  65.15927   1.43877
   33    1  14.17048   0.24598 -16.84256   5.00461   0.04978  65.16992   1.44154
   34    1  14.21863   0.24734 -16.80821   5.02157   0.04981  65.18056   1.44425
   35    1  14.26665   0.24875 -16.77385   5.03862   0.04983  65.19120   1.44685
   36    1  14.31454   0.25012 -16.73947   5.05585   0.04986  65.20183   1.44938
   37    1  14.36227   0.25140 -16.70509   5.07322   0.04988  65.21244   1.45177
   38    1  14.40981   0.25253 -16.67068   5.09085   0.04990  65.22305   1.45410
   39    1  14.45713   0.25344 -16.63627   5.10875   0.04991  65.23365   1.45630
   40    1  14.50421   0.25408 -16.60185   5.12696   0.04992  65.24425   1.45839
   41    1  14.55100   0.25441 -16.56741   5.14562   0.04992  65.25483   1.46035
    1    1   0.07840   0.03422   0.20226   0.04278   0.06319   0.24327   0.15869   0.03174   0.03422
    2    1   0.07872   0.03439   0.20233   0.04289   0.06305   0.24548   0.15892   0.03175   0.03439
    3    1   0.07905   0.03456   0.20219   0.04295   0.06307   0.24766   0.15938   0.03177   0.03456
    4    1   0.07937   0.03474   0.20188   0.04298   0.06312   0.24980   0.16005   0.03181   0.03474
    5    1   0.07970   0.03491   0.20143   0.04296   0.06321   0.25189   0.16088   0.03185   0.03491
    6    1   0.08003   0.03508   0.20083   0.04291   0.06334   0.25395   0.16180   0.03190   0.03508
    7    1   0.08035   0.03526   0.20011   0.04284   0.06349   0.25596   0.16274   0.03195   0.03526
    8    1   0.08068   0.03543   0.19929   0.04274   0.06383   0.25794   0.16358   0.03200   0.03543
    9    1   0.08101   0.03560   0.19838   0.04263   0.06404   0.25988   0.16423   0.03204   0.03560
   10    1   0.08134   0.03577   0.19738   0.04251   0.06428   0.26179   0.16462   0.03208   0.03577
   11    1   0.08166   0.03594   0.19634   0.04238   0.06453   0.26366   0.16472   0.03210   0.03594
   12    1   0.08199   0.03612   0.19546   0.04235   0.06481   0.26549   0.16454   0.03212   0.03612
   13    1   0.08232   0.03629   0.19460   0.04231   0.06496   0.26728   0.16411   0.03212   0.03629
   14    1   0.08265   0.03646   0.19370   0.04227   0.06528   0.26904   0.16353   0.03211   0.03646
   15    1   0.08297   0.03663   0.19279   0.04223   0.06561   0.27075   0.16286   0.03209   0.03663
   16    1   0.08330   0.03680   0.19184   0.04220   0.06593   0.27243   0.16217   0.03207   0.03680
   17    1   0.08362   0.03697   0.19086   0.04217   0.06629   0.27408   0.16152   0.03205   0.03697
   18    1   0.08395   0.03714   0.18986   0.04214   0.06666   0.27569   0.16092   0.03203   0.03714
   19    1   0.08427   0.03731   0.18882   0.04211   0.06704   0.27726   0.16038   0.03203   0.03731
   20    1   0.08460   0.03748   0.18775   0.04208   0.06742   0.27880   0.15988   0.03203   0.03748
   21    1   0.08492   0.03765   0.18667   0.04205   0.06781   0.28030   0.15940   0.03204   0.03765
   22    1   0.08524   0.03782   0.18547   0.04209   0.06818   0.28179   0.15894   0.03207   0.03782
   23    1   0.08556   0.03799   0.18416   0.04227   0.06852   0.28271   0.15848   0.03209   0.03799
   24    1   0.08589   0.03816   0.18300   0.04245   0.06886   0.28347   0.15804   0.03212   0.03816
   25    1   0.08621   0.03833   0.18237   0.04262   0.06915   0.28469   0.15766   0.03215   0.03833
   26    1   0.08653   0.03850   0.18175   0.04279   0.06934   0.28590   0.15737   0.03218   0.03850
   27    1   0.08685   0.03867   0.18111   0.04296   0.06961   0.28708   0.15721   0.03221   0.03867
   28    1   0.08717   0.03884   0.18047   0.04312   0.06988   0.28825   0.15722   0.03224   0.03884
   29    1   0.08749   0.03901   0.17982   0.04327   0.07015   0.28941   0.15742   0.03227   0.03901
   30    1   0.08781   0.03918   0.17918   0.04341   0.07042   0.29054   0.15780   0.03229   0.03918
   31    1   0.08813   0.03935   0.17852   0.04353   0.07070   0.29166   0.15836   0.03231   0.03935
   32    1   0.08845   0.03952   0.17787   0.04357   0.07098   0.29277   0.15907   0.03234   0.03952
   33    1   0.08877   0.03969   0.17722   0.04361   0.07126   0.29387   0.15989   0.03236   0.03969
   34    1   0.08908   0.03985   0.17655   0.04363   0.07155   0.29496   0.16077   0.03237   0.03985
   35    1   0.08940   0.04002   0.17590   0.04364   0.07184   0.29604   0.16168   0.03239   0.04002
   36    1   0.08972   0.04019   0.17523   0.04364   0.07213   0.29712   0.16258   0.03241   0.04019
   37    1   0.09003   0.04036   0.17457   0.04363   0.07243   0.29819   0.16341   0.03242   0.04036
   38    1   0.09035   0.04053   0.17391   0.04362   0.07274   0.29927   0.16414   0.03243   0.04053
   39    1   0.09066   0.04070   0.17324   0.04360   0.07305   0.30035   0.16473   0.03244   0.04070
   40    1   0.09097   0.04087   0.17259   0.04357   0.07337   0.30145   0.16515   0.03245   0.04087
   41    1   0.09128   0.04104   0.17191   0.04355   0.07371   0.30255   0.16537   0.03245   0.04104
    K    J     MX1       YS1       MX2       YS2
   21    1   0.46333  -1.53980   0.46333  -1.53980
   21    2   0.47585  -1.51925   0.45513  -1.56328
   21    3   0.49184  -1.50126   0.45161  -1.58789
   21    4   0.51064  -1.48624   0.45241  -1.61273
   21    5   0.53133  -1.47401   0.45691  -1.63715
   21    6   0.55317  -1.46411   0.46430  -1.66084
   21    7   0.57578  -1.45615   0.47461  -1.68339
   21    8   0.59886  -1.44975   0.48641  -1.70520
   21    9   0.62226  -1.44456   0.49947  -1.72632
   21   10   0.64589  -1.44034   0.51389  -1.74656
   21   11   0.67131  -1.43585   0.53273  -1.76975
   21   12   0.70060  -1.43042   0.55693  -1.79657
   21   13   0.73358  -1.42390   0.58687  -1.82624
   21   14   0.77007  -1.41617   0.62294  -1.85783
   21   15   0.80989  -1.40717   0.66588  -1.88975
   21   16   0.85274  -1.39652   0.71568  -1.92101
   21   17   0.89835  -1.38391   0.77272  -1.94958
   21   18   0.94640  -1.36909   0.83695  -1.97333
   21   19   0.99654  -1.35171   0.90770  -1.99062
   21   20   1.04831  -1.33134   0.98399  -1.99977
   21   21   1.10148  -1.30809   1.06447  -1.99913
   21   22   1.15552  -1.28153   1.14741  -1.98757
   21   23   1.21001  -1.25149   1.23088  -1.96432
   21   24   1.26455  -1.21796   1.31302  -1.92968
   21   25   1.31885  -1.18110   1.39212  -1.88407
   21   26   1.37287  -1.14138   1.46736  -1.82925
   21   27   1.42595  -1.09846   1.53799  -1.76639
   21   28   1.47805  -1.05280   1.60421  -1.69732
   21   29   1.52921  -1.00490   1.66622  -1.62334
   21   30   1.57895  -0.95470   1.72470  -1.54584
   21   31   1.62767  -0.90296   1.77936  -1.46529
   21   32   1.67477  -0.84952   1.83092  -1.38272
   21   33   1.72084  -0.79526   1.87933  -1.29858
   21   34   1.76538  -0.74007   1.92480  -1.21344
   21   35   1.80829  -0.68423   1.96763  -1.12787
   21   36   1.84988  -0.62827   2.00773  -1.04219
   21   37   1.88999  -0.57238   2.04540  -0.95693
   21   38   1.92841  -0.51672   2.08111  -0.87264
   21   39   1.96563  -0.46190   2.11447  -0.78950
   21   40   2.00111  -0.40783   2.14599  -0.70805
   21   41   2.03500  -0.35490   2.17592  -0.62871
   21   42   2.06743  -0.30345   2.20414  -0.55177
   21   43   2.09822  -0.25363   2.23059  -0.47750
   21   44   2.12706  -0.20553   2.25556  -0.40635
   21   45   2.15426  -0.15959   2.27916  -0.33864
   21   46   2.17981  -0.11604   2.30115  -0.27463
   21   47   2.20357  -0.07505   2.32157  -0.21462
   21   48   2.22539  -0.03677   2.34054  -0.15895
   21   49   2.24512  -0.00134   2.35803  -0.10791
   21   50   2.26262   0.03111   2.37407  -0.06178
   21   51   2.27828   0.06017   2.38860  -0.02082
   21   52   2.29250   0.08544   2.40129   0.01484
   21   53   2.30464   0.10711   2.41176   0.04512
   21   54   2.31457   0.12511   2.42017   0.06974
   21   55   2.32239   0.13924   2.42683   0.08839
   21   56   2.32837   0.14920   2.43129   0.10103
   21   57   2.33428   0.15668   2.43327   0.11034
   21   58   2.34089   0.16354   2.43441   0.11977
   21   59   2.34836   0.16948   2.43441   0.12930
   21   60   2.35665   0.17423   2.43285   0.13878
   21   61   2.36563   0.17757   2.42937   0.14769
   21   62   2.37504   0.17931   2.42482   0.15612
   21   63   2.38462   0.17937   2.41855   0.16339
   21   64   2.39407   0.17776   2.41133   0.16967
   21   65   2.40311   0.17459   2.40311   0.17459
 COMPETE BLADEHOHGD
 IN UPDWOHHGD: JM,HJ,JBM,IAX,ICC          21          13          41           0
           0
 sup,schu  0.4633325       1.939775     SDW,SCHD  0.2435963       1.939775    
 COMPLETE THE UPDWOHH
 IN MPSGJBOUND
 COMPLETE THE MPSGJBOUND
 IN GENHMESH          93          41
 IN GENHMESH          93          41
 complete poisson grid
 COMPLETE GENHMESH          93          21          41
 before call GENHMESHN          93          21          41          41
 IN GENVSHMKG ROUTINE WITH OUTYPE           4
  IN GENVSHMKG WITH ICLS =           0
 IN VISCKIV FOR FASTER MESH GENERATION  4.999999873689376E-005          41
          41          93
 DONE WITH VISCKIV  4.999999873689376E-005
 COMPLETE GENVSHMKG
 IN GENVSOMH WITH OUTYPE            4
 IN VISCKIV FOR FASTER MESH GENERATION  4.999999873689376E-005          41
          41         129
 DONE WITH VISCKIV  4.999999873689376E-005
 IN VISCKIV FOR FASTER MESH GENERATION  4.999999873689376E-005          41
          41          42
 DONE WITH VISCKIV  4.999999873689376E-005
 COMPLETE GENVSOMH
 IN GENHBTPMESH WITH INEW            3  INEW > 1 AND <9
 COMPLETE THE GENERATION OF INTERIOR MESHES
 
 IN FLOWUPDW ROUTINE: CREATING INLET AND EXIT CONDITIONS
 
 PTIN =    168.3615      TTIN =    2376.234    
 dw  0.4320535      0.9283547     -4.7632353E-03  0.2550095      0.0000000E+00
   2.148573    
 COMPLETE FLOWUPDW ROUTINE
 in flowhm WITH TIPMOD =           0          41          25
 IN PROFUP           1           0   1.000000       1.000000              41
 IN PROFUP RPMS  0.0000000E+00
 **WARNING: Phi ANGLE IS SET TO THE MERIDIONAL MESH PHI 
 N,SPAN(N),RHA(N),PSA(N),QTA(N),ATA(N),PHA(N),PTR   1.300000    
    1   0.00000   1.00000   1.00000   1.00000   0.00000   0.00000   0.00000   0.00000   0.00000   0.00000
    2   0.00003   1.00000   1.00000   1.00000  -0.82347  -0.10755   0.67576  -0.73351  -0.07296  -0.10734
    3   0.00041   1.00000   1.00000   1.00000  -0.82347  -0.10748   0.67576  -0.73351  -0.07291  -0.10727
    4   0.00148   1.00000   1.00000   1.00000  -0.82347  -0.10721   0.67578  -0.73351  -0.07273  -0.10701
    5   0.00360   1.00000   1.00000   1.00000  -0.82347  -0.10679   0.67581  -0.73351  -0.07245  -0.10659
    6   0.00711   1.00000   1.00000   1.00000  -0.82347  -0.10597   0.67587  -0.73351  -0.07189  -0.10577
    7   0.01237   1.00000   1.00000   1.00000  -0.82347  -0.10477   0.67596  -0.73351  -0.07108  -0.10458
    8   0.01971   1.00000   1.00000   1.00000  -0.82347  -0.10316   0.67607  -0.73351  -0.06999  -0.10298
    9   0.02950   1.00000   1.00000   1.00000  -0.82347  -0.10087   0.67623  -0.73351  -0.06844  -0.10070
   10   0.04207   1.00000   1.00000   1.00000  -0.82347  -0.09787   0.67643  -0.73351  -0.06642  -0.09772
   11   0.05813   1.00000   1.00000   1.00000  -0.82347  -0.09407   0.67668  -0.73351  -0.06384  -0.09393
   12   0.07697   1.00000   1.00000   1.00000  -0.82347  -0.08958   0.67696  -0.73351  -0.06081  -0.08946
   13   0.10000   1.00000   1.00000   1.00000  -0.82347  -0.08412   0.67728  -0.73351  -0.05711  -0.08402
   14   0.15000   1.00000   1.00000   1.00000  -0.82347  -0.07243   0.67790  -0.73351  -0.04918  -0.07236
   15   0.20000   1.00000   1.00000   1.00000  -0.82347  -0.06043   0.67844  -0.73351  -0.04105  -0.06039
   16   0.25000   1.00000   1.00000   1.00000  -0.82347  -0.04899   0.67887  -0.73351  -0.03329  -0.04897
   17   0.30000   1.00000   1.00000   1.00000  -0.82347  -0.03784   0.67920  -0.73351  -0.02571  -0.03783
   18   0.35000   1.00000   1.00000   1.00000  -0.82347  -0.02617   0.67945  -0.73351  -0.01779  -0.02617
   19   0.40000   1.00000   1.00000   1.00000  -0.82347  -0.01432   0.67961  -0.73351  -0.00973  -0.01432
   20   0.45000   1.00000   1.00000   1.00000  -0.82347  -0.00225   0.67968  -0.73351  -0.00153  -0.00225
   21   0.50000   1.00000   1.00000   1.00000  -0.82347   0.01017   0.67965  -0.73351   0.00691   0.01016
   22   0.55000   1.00000   1.00000   1.00000  -0.82347   0.02304   0.67950  -0.73351   0.01566   0.02304
   23   0.60000   1.00000   1.00000   1.00000  -0.82347   0.03664   0.67923  -0.73351   0.02489   0.03663
   24   0.65000   1.00000   1.00000   1.00000  -0.82347   0.05071   0.67881  -0.73351   0.03445   0.05068
   25   0.70000   1.00000   1.00000   1.00000  -0.82347   0.06528   0.67823  -0.73351   0.04434   0.06524
   26   0.75000   1.00000   1.00000   1.00000  -0.82347   0.08023   0.67750  -0.73351   0.05447   0.08014
   27   0.80000   1.00000   1.00000   1.00000  -0.82347   0.09558   0.67658  -0.73351   0.06487   0.09544
   28   0.85000   1.00000   1.00000   1.00000  -0.82347   0.11123   0.67548  -0.73351   0.07545   0.11100
   29   0.90000   1.00000   1.00000   1.00000  -0.82347   0.12731   0.67418  -0.73351   0.08630   0.12696
   30   0.92303   1.00000   1.00000   1.00000  -0.82347   0.13488   0.67351  -0.73351   0.09140   0.13447
   31   0.94187   1.00000   1.00000   1.00000  -0.82347   0.14110   0.67293  -0.73351   0.09558   0.14063
   32   0.95793   1.00000   1.00000   1.00000  -0.82347   0.14638   0.67241  -0.73351   0.09914   0.14585
   33   0.97050   1.00000   1.00000   1.00000  -0.82347   0.15059   0.67199  -0.73351   0.10197   0.15002
   34   0.98029   1.00000   1.00000   1.00000  -0.82347   0.15389   0.67165  -0.73351   0.10419   0.15328
   35   0.98763   1.00000   1.00000   1.00000  -0.82347   0.15634   0.67139  -0.73351   0.10583   0.15571
   36   0.99289   1.00000   1.00000   1.00000  -0.82347   0.15807   0.67121  -0.73351   0.10699   0.15741
   37   0.99640   1.00000   1.00000   1.00000  -0.82347   0.15918   0.67109  -0.73351   0.10773   0.15850
   38   0.99852   1.00000   1.00000   1.00000  -0.82347   0.15997   0.67100  -0.73351   0.10827   0.15929
   39   0.99960   1.00000   1.00000   1.00000  -0.82347   0.16023   0.67098  -0.73351   0.10844   0.15954
   40   0.99997   1.00000   1.00000   1.00000  -0.82347   0.16040   0.67096  -0.73351   0.10855   0.15971
   41   1.00000   1.00000   1.00000   1.00000   0.00000   0.00000   0.00000   0.00000   0.00000   0.00000
    1   0.00000   0.68848   1.00000   0.00000   0.00000   0.00000
    2   0.00003   0.73108   1.00000   0.43251  -0.82347  -0.10755
    3   0.00041   0.78650   1.00000   0.63252  -0.82347  -0.10748
    4   0.00148   0.84005   1.00000   0.76106  -0.82347  -0.10721
    5   0.00360   0.89717   1.00000   0.86412  -0.82347  -0.10679
    6   0.00711   0.95969   1.00000   0.95245  -0.82347  -0.10597
    7   0.01237   1.00000   1.00000   1.00000  -0.82347  -0.10477
    8   0.01971   1.00000   1.00000   1.00000  -0.82347  -0.10316
    9   0.02950   1.00000   1.00000   1.00000  -0.82347  -0.10087
   10   0.04207   1.00000   1.00000   1.00000  -0.82347  -0.09787
   11   0.05813   1.00000   1.00000   1.00000  -0.82347  -0.09407
   12   0.07697   1.00000   1.00000   1.00000  -0.82347  -0.08958
   13   0.10000   1.00000   1.00000   1.00000  -0.82347  -0.08412
   14   0.15000   1.00000   1.00000   1.00000  -0.82347  -0.07243
   15   0.20000   1.00000   1.00000   1.00000  -0.82347  -0.06043
   16   0.25000   1.00000   1.00000   1.00000  -0.82347  -0.04899
   17   0.30000   1.00000   1.00000   1.00000  -0.82347  -0.03784
   18   0.35000   1.00000   1.00000   1.00000  -0.82347  -0.02617
   19   0.40000   1.00000   1.00000   1.00000  -0.82347  -0.01432
   20   0.45000   1.00000   1.00000   1.00000  -0.82347  -0.00225
   21   0.50000   1.00000   1.00000   1.00000  -0.82347   0.01017
   22   0.55000   1.00000   1.00000   1.00000  -0.82347   0.02304
   23   0.60000   1.00000   1.00000   1.00000  -0.82347   0.03664
   24   0.65000   1.00000   1.00000   1.00000  -0.82347   0.05071
   25   0.70000   1.00000   1.00000   1.00000  -0.82347   0.06528
   26   0.75000   1.00000   1.00000   1.00000  -0.82347   0.08023
   27   0.80000   1.00000   1.00000   1.00000  -0.82347   0.09558
   28   0.85000   1.00000   1.00000   1.00000  -0.82347   0.11123
   29   0.90000   1.00000   1.00000   1.00000  -0.82347   0.12731
   30   0.92303   1.00000   1.00000   1.00000  -0.82347   0.13488
   31   0.94187   1.00000   1.00000   1.00000  -0.82347   0.14110
   32   0.95793   1.00000   1.00000   1.00000  -0.82347   0.14638
   33   0.97050   1.00000   1.00000   1.00000  -0.82347   0.15059
   34   0.98029   1.00000   1.00000   1.00000  -0.82347   0.15389
   35   0.98763   1.00000   1.00000   1.00000  -0.82347   0.15634
   36   0.99289   0.95969   1.00000   0.95245  -0.82347   0.15807
   37   0.99640   0.89716   1.00000   0.86410  -0.82347   0.15918
   38   0.99852   0.84005   1.00000   0.76104  -0.82347   0.15997
   39   0.99960   0.78648   1.00000   0.63247  -0.82347   0.16023
   40   0.99997   0.73108   1.00000   0.43251  -0.82347   0.16040
   41   1.00000   0.68848   1.00000   0.00000   0.00000   0.00000
 COMPLETE PROFUP
 IN FLOWBGR          41           9          93           0           1
          21
 COMPLETE FLOWBGR
 AFTER FLOWBHR NADD =       83886          41
 omesh nadd =       83886
 AFTER FLOWOGR NADD =      196185
        1        0        0       93        9       41        1
        2    34317    29440       93       13       41        1
        3    83886    73600      129       17       41        1
        4   173799   155520       25       13       41        1
        5   187124   167040       17       13       41        1
 AFTER FLOWTGD NADD =      196185          17
 AFTER FLOWTGD NADD =      196185          13
 IN FLOWHBTP           3           0           0
 AFTER FLOWHBTP NADD =      196185          17
 AFTER FLOWHBTPER NADD =      196185           0
   wall   0.0000000E+00  0.0000000E+00
 ******* iprob *******           0
 IN NXFEBCBG
 JHF,JM           9          21           0
 NB =           1 KM,KMM          41          25
 outype =           4  nb =           1  NSPAN =           4
 outype =           4  nb =           1  NSPAN =           4
 COMPLETE NXFEBCBG
 
 AFTER BASE MESH NADD,NEDD,BCN      196185       73600       12640           2
 
 AFTER OHH MESH NADD,NEDD,BCN      196185      174720       23776           5
 
 AFTER HUB MESH NADD,NEDD,BCN      196185      174720       23776           5
 
 AFTER TIP MESH NADD,NEDD,BCN      196185      174720       23776           5
        1        0        0       93        9       41        5        6        0       14        9      109
        2    34317    29440       93       13       41        5        6       13        0        9      109
        3    83886    73600      129       17       41        0        0       10        0        9      109
        4   173799   155520       25       13       41        5        0        0        0        9      109
        5   187124   167040       17       13       41        0        6        0        0        9      109
 NEGATIVE VOLUME CHECK WITH NB NE1 NE2           5           1      174720
  
 CHECKING FOR NEGATIVE VOLUMES IN THE MESH
  complete the negative volume check with           0 N.V.
 
 IN INPROF CREATING INLET AND EXIT CONDITIONS
 
  1.7513661E-03   1433.809       3080.644       33.40202    
 COMPLETE INPROF ROUTINE
  IGRID =           1  OSPANsav =          41  NSPAN =           4
  IGRID =           1  OSPAN =          41  NSPAN =           4
 IFORM =           0           3
 
 IN SUBROUTINE DATAOTNB TO WRITE A RESTART FILE 
 
 DATAOTNB MIXER F
 EEE-HPT-2                                                                      
  
 NFLOW =           5      196185      174720           1
 AAA
 EEE-HPT-2                                                                      
  
           1           0           5           1           0           0
           0           1         100           0           0           0
           0     1112408           0
  1.7128679E-03   3318.390       1716.420       1.300000      0.0000000E+00
  0.0000000E+00  0.0000000E+00  0.0000000E+00  0.0000000E+00  0.0000000E+00
  0.0000000E+00  0.0000000E+00  0.0000000E+00  0.0000000E+00  0.0000000E+00
      196185      174720       23776           1           0
 RPM  0.0000000E+00  0.2550069      0.8500231       1.000000      9.9999997E-05
  0.0000000E+00  0.0000000E+00  0.0000000E+00  0.0000000E+00  0.0000000E+00
  0.0000000E+00  0.0000000E+00  0.0000000E+00  0.0000000E+00  0.0000000E+00
 rpmid  0.0000000E+00  0.0000000E+00  0.0000000E+00  0.0000000E+00
           5           7
 DTHA =  0.1308997      0.0000000E+00           0
      93       9      41       5       6       0      14       9     109         0         0
      93      13      41       5       6      13       0       9     109     34317     34317
     129      17      41       0       0      10       0       9     109     83886     83886
      25      13      41       5       0       0       0       9     109    173799    173799
      17      13      41       0       6       0       0       9     109    187124    187124
 COMPLETE DATAOTNB
 INPUT FILE NAME = 
 blade3.agf                                                                     
  
 blade3.agf                                                                     
  
 intype =           3
 INTYPE =           3
 TITLE OF THE CASE
 EEE-HPT-3                                                                      
  
 NBLADE  Nbnode Nspan Ity  Iym  Tcls Hcls  Lete   Isplit
    70   798     5     5     0     1     0    10     0
 UNITS  NPROF  IFANG   HBL   TBL  TFREE   LFREE
     1     1     0   1.00000   1.00000   0.01000   0.00039
           5
      Rpm          Gamma      GAS-CONT      Psout      Twall   MOLECULAR-WEIGHT
  12400.0000      1.3000   1716.4199 230300.0000      0.0000     28.9600
       %SPAN       Machin     Ptin        Ttin        Alphin       Phi
    XHUP        ZHUP        XTUP        ZTUP
   6273.8008    306.1649   6273.8018    374.4167
    XHDW        ZHDW        XTDW        ZTDW
   6553.2002    318.0870   6553.2002    399.1846
    XSHIFT       ROTA       XSCALE      YSCALE     ZSCALE
 YSCALE =   1.000000     BLDGAP =  0.1308997    
  0.0000000E+00  0.0000000E+00   1.000000       1.000000       1.000000    
  0.0000000E+00           0
     Tclle      Tclmc       Tclte
      0.0000      0.0000      0.0000
     Hclle      Hclmc       Hclte
      0.0000      0.0000      0.0000
 *NHT                                                                           
  
   200
 *ENDWALL                                                                       
  
 INTYPE,NBLADE,IBLD,KSPAN,IHT,LEBOA,TEBOA
   -3   70  798    5  200   1.00000   1.00000
 TITLE =
 EEE-HPT-3                                                                      
  
 complete getdims
 NBK =           7
 IN GRIDDIM WITH OUTYPE =           4
 1 OJIN,OJSV          41          21
      BCK#      NS       ES       IM       JM       KM          NE       EE
        1        0        0      109        9       41    40221    34560
        2    40221    34560      109       13       41    98318    86400
        3    98318    86400      129       17       41   188231   168320
        4   188231   168320       25       13       41   201556   179840
        5   201556   179840       33       13       41   219145   195200
        6   219145   195200      129       13       17   247654   219776
        7   247654   219776      129       13       13   269455   238208
 
      BCK#     IM        JM        KM
 
  BEFORE READMESHIX           0
        1      109        9       41
        2      109       13       41
        3      129       17       41
        4       25       13       41
        5       33       13       41
        6      129       13       17
        7      129       13       13
 MESHIN,DWAL,DWAL_OMESH           1  4.9999999E-05  4.9999999E-05
 a.im,jm,km         109          21          41           7
 
 TOTAL NUMBER OF NODES =      291256      291256           7
 after x,y,z
 after xo,yo,zo
 NHT =         400  OSPAN =          41  IHT =         200
  IGRID =           1  OSPAN =          41  NSPAN =           5
  IGRID =           1  OSPAN =          41  NSPAN =           5
  ********NSPSV =           5  KM =          41  NSPAN =           5
 TCLS =            0  NBK =           7
 HCLS =            0  NB  =           6
 INEW =            3  NB  =           7
  A NB =           7
        1        0        0      109        9       41        1
        2    40221    34560      109       13       41        1
        3    98318    86400      129       17       41        1
        4   188231   168320       25       13       41        1
        5   201556   179840       33       13       41        1
  
 IN AIRFOILIN
 INPUT geometry file NAME = blade3.agf
 NFIN.GT.1.AND.NLOOP.EQ.1.AND.IFACE.EQ.0           4           1           0
 OLD UP   6273.801       306.1649       6273.802       374.4167    
 NEW UP   6457.674       311.6606       6460.532       380.8417    
   253.9886       254.4897       24.54021    
   254.0924       254.6109       29.98754    
 iht =         200
           1   6273.801       306.1649       6273.802       374.4167    
           2   6275.155       306.6230       6275.236       374.4660    
           3   6276.509       307.0858       6276.670       374.5022    
           4   6277.860       307.5534       6278.105       374.5252    
           5   6279.210       308.0255       6279.540       374.5349    
           6   6280.558       308.5024       6280.974       374.5311    
           7   6281.905       308.9840       6282.409       374.5138    
           8   6283.250       309.4703       6283.843       374.4828    
           9   6284.593       309.9613       6285.277       374.4381    
          10   6285.934       310.4573       6286.711       374.3794    
          11   6287.273       310.9579       6288.144       374.3067    
          12   6288.611       311.4634       6289.576       374.2200    
          13   6289.947       311.9737       6291.007       374.1191    
          14   6291.281       312.4888       6292.437       374.0040    
          15   6292.613       313.0089       6293.866       373.8746    
          16   6293.944       313.5337       6295.293       373.7309    
          17   6295.272       314.0636       6296.720       373.5727    
          18   6296.598       314.5984       6298.144       373.4001    
          19   6297.922       315.1381       6299.566       373.2130    
          20   6299.245       315.6829       6300.987       373.0114    
          21   6300.565       316.2327       6302.405       372.7953    
          22   6301.883       316.7874       6303.821       372.5645    
          23   6303.199       317.3471       6305.235       372.3194    
          24   6304.513       317.9121       6306.646       372.0596    
          25   6305.824       318.4821       6308.053       371.7800    
          26   6307.134       319.0556       6309.455       371.4733    
          27   6308.446       319.6257       6310.848       371.1300    
          28   6309.763       320.1838       6312.229       370.7420    
          29   6311.088       320.7212       6313.600       370.3169    
          30   6312.424       321.2294       6314.963       369.8683    
          31   6313.773       321.7056       6316.324       369.4154    
          32   6315.131       322.1518       6317.690       368.9777    
          33   6316.499       322.5701       6319.065       368.5669    
          34   6317.874       322.9624       6320.450       368.1902    
          35   6319.256       323.3306       6321.843       367.8461    
          36   6320.644       323.6747       6323.242       367.5303    
          37   6322.038       323.9937       6324.647       367.2402    
          38   6323.438       324.2869       6326.058       366.9745    
          39   6324.843       324.5536       6327.472       366.7335    
          40   6326.252       324.7934       6328.890       366.5176    
          41   6327.667       325.0065       6330.312       366.3277    
          42   6329.084       325.1930       6331.738       366.1642    
          43   6330.505       325.3531       6333.166       366.0280    
          44   6331.929       325.4870       6334.597       365.9196    
          45   6333.355       325.5943       6336.029       365.8407    
          46   6334.783       325.6744       6337.463       365.7925    
          47   6336.212       325.7268       6338.898       365.7700    
          48   6337.642       325.7511       6340.333       365.7663    
          49   6339.072       325.7555       6341.768       365.7818    
          50   6340.502       325.7526       6343.202       365.8196    
          51   6341.932       325.7430       6344.635       365.8735    
          52   6343.361       325.7045       6346.069       365.9328    
          53   6344.786       325.5783       6347.503       365.9850    
          54   6346.204       325.3957       6348.937       366.0183    
          55   6347.626       325.2440       6350.372       366.0375    
          56   6349.054       325.1711       6351.807       366.0546    
          57   6350.483       325.1363       6353.241       366.0735    
          58   6351.914       325.1164       6354.675       366.0936    
          59   6353.344       325.1130       6356.110       366.1141    
          60   6354.773       325.1007       6357.545       366.1341    
          61   6356.204       325.0791       6358.979       366.1528    
          62   6357.633       325.0445       6360.414       366.1692    
          63   6359.062       324.9970       6361.849       366.1824    
          64   6360.491       324.9376       6363.283       366.1914    
          65   6361.919       324.8670       6364.718       366.1954    
          66   6363.347       324.7859       6366.153       366.1934    
          67   6364.774       324.6950       6367.587       366.1844    
          68   6366.201       324.5953       6369.022       366.1672    
          69   6367.627       324.4872       6370.457       366.1416    
          70   6369.052       324.3717       6371.891       366.1075    
          71   6370.478       324.2495       6373.325       366.0618    
          72   6371.901       324.1214       6374.758       366.0011    
          73   6373.325       323.9879       6376.192       365.9430    
          74   6374.749       323.8500       6377.627       365.9192    
          75   6376.172       323.7084       6379.062       365.9624    
          76   6377.595       323.5637       6380.489       366.1004    
          77   6379.017       323.4168       6381.911       366.2938    
          78   6380.439       323.2683       6383.336       366.4602    
          79   6381.862       323.1187       6384.766       366.5854    
          80   6383.284       322.9688       6386.196       366.7054    
          81   6384.706       322.8187       6387.624       366.8440    
          82   6386.128       322.6689       6389.048       367.0148    
          83   6387.550       322.5199       6390.468       367.2202    
          84   6388.973       322.3719       6391.884       367.4543    
          85   6390.395       322.2241       6393.295       367.7107    
          86   6391.817       322.0751       6394.704       367.9838    
          87   6393.239       321.9238       6396.109       368.2714    
          88   6394.661       321.7685       6397.512       368.5752    
          89   6396.082       321.6060       6398.910       368.8974    
          90   6397.501       321.4314       6400.303       369.2411    
          91   6398.918       321.2384       6401.690       369.6067    
          92   6400.332       321.0210       6403.072       369.9923    
          93   6401.741       320.7753       6404.450       370.3946    
          94   6403.144       320.5020       6405.823       370.8094    
          95   6404.543       320.2037       6407.194       371.2322    
          96   6405.937       319.8831       6408.564       371.6587    
          97   6407.325       319.5428       6409.933       372.0864    
          98   6408.710       319.1873       6411.303       372.5150    
          99   6410.094       318.8238       6412.671       372.9447    
         100   6411.477       318.4594       6414.040       373.3766    
         101   6412.861       318.1018       6415.408       373.8090    
         102   6414.249       317.7548       6416.777       374.2380    
         103   6415.638       317.4180       6418.148       374.6594    
         104   6417.031       317.0914       6419.523       375.0691    
         105   6418.425       316.7744       6420.902       375.4646    
         106   6419.822       316.4669       6422.286       375.8449    
         107   6421.220       316.1687       6423.673       376.2096    
         108   6422.621       315.8799       6425.065       376.5590    
         109   6424.023       315.6008       6426.460       376.8933    
         110   6425.428       315.3316       6427.859       377.2124    
         111   6426.834       315.0725       6429.261       377.5162    
         112   6428.243       314.8237       6430.667       377.8046    
         113   6429.653       314.5851       6432.075       378.0776    
         114   6431.064       314.3569       6433.487       378.3352    
         115   6432.478       314.1390       6434.901       378.5772    
         116   6433.893       313.9314       6436.317       378.8033    
         117   6435.309       313.7337       6437.737       379.0134    
         118   6436.727       313.5457       6439.159       379.2073    
         119   6438.146       313.3669       6440.582       379.3851    
         120   6439.565       313.1970       6442.008       379.5473    
         121   6440.986       313.0368       6443.435       379.6945    
         122   6442.409       312.8871       6444.863       379.8270    
         123   6443.832       312.7490       6446.293       379.9462    
         124   6445.257       312.6236       6447.724       380.0548    
         125   6446.682       312.5102       6449.155       380.1556    
         126   6448.108       312.4046       6450.586       380.2517    
         127   6449.535       312.3019       6452.018       380.3466    
         128   6450.961       312.1970       6453.450       380.4442    
         129   6452.387       312.0856       6454.880       380.5464    
         130   6453.812       311.9676       6456.312       380.6520    
         131   6455.237       311.8455       6457.742       380.7584    
         132   6456.661       311.7219       6459.173       380.8605    
         133   6458.086       311.5990       6460.605       380.9537    
         134   6459.511       311.4795       6462.038       381.0339    
         135   6460.937       311.3658       6463.471       381.0992    
         136   6462.363       311.2605       6464.905       381.1503    
         137   6463.790       311.1661       6466.339       381.1886    
         138   6465.218       311.0848       6467.773       381.2151    
         139   6466.646       311.0165       6469.208       381.2309    
         140   6468.075       310.9606       6470.643       381.2371    
         141   6469.504       310.9162       6472.078       381.2348    
         142   6470.934       310.8824       6473.512       381.2252    
         143   6472.364       310.8584       6474.947       381.2093    
         144   6473.794       310.8434       6476.381       381.1883    
         145   6475.224       310.8365       6477.816       381.1632    
         146   6476.654       310.8369       6479.250       381.1352    
         147   6478.084       310.8438       6480.685       381.1054    
         148   6479.514       310.8563       6482.119       381.0749    
         149   6480.944       310.8736       6483.554       381.0448    
         150   6482.374       310.8948       6484.988       381.0162    
         151   6483.804       310.9192       6486.422       380.9901    
         152   6485.233       310.9459       6487.857       380.9678    
         153   6486.663       310.9740       6489.292       380.9503    
         154   6488.093       311.0028       6490.726       380.9387    
         155   6489.523       311.0315       6492.161       380.9341    
         156   6490.953       311.0591       6493.596       380.9377    
         157   6492.382       311.0849       6495.030       380.9505    
         158   6493.812       311.1080       6496.465       380.9735    
         159   6495.242       311.1277       6497.899       381.0079    
         160   6496.672       311.1430       6499.333       381.0560    
         161   6498.103       311.1531       6500.767       381.1210    
         162   6499.532       311.1581       6502.199       381.2080    
         163   6500.962       311.1588       6503.629       381.3213    
         164   6502.393       311.1559       6505.057       381.4621    
         165   6503.823       311.1505       6506.481       381.6311    
         166   6505.252       311.1438       6507.903       381.8282    
         167   6506.683       311.1390       6509.320       382.0530    
         168   6508.113       311.1405       6510.732       382.3041    
         169   6509.543       311.1527       6512.141       382.5802    
         170   6510.973       311.1780       6513.543       382.8799    
         171   6512.402       311.2172       6514.942       383.2015    
         172   6513.831       311.2710       6516.335       383.5440    
         173   6515.260       311.3399       6517.724       383.9064    
         174   6516.687       311.4244       6519.106       384.2876    
         175   6518.114       311.5244       6520.485       384.6864    
         176   6519.539       311.6396       6521.858       385.1022    
         177   6520.963       311.7696       6523.226       385.5341    
         178   6522.386       311.9143       6524.589       385.9811    
         179   6523.807       312.0733       6525.948       386.4428    
         180   6525.227       312.2462       6527.301       386.9191    
         181   6526.645       312.4328       6528.649       387.4101    
         182   6528.061       312.6327       6529.992       387.9157    
         183   6529.475       312.8453       6531.329       388.4359    
         184   6530.887       313.0705       6532.661       388.9707    
         185   6532.297       313.3079       6533.986       389.5201    
         186   6533.706       313.5570       6535.305       390.0836    
         187   6535.111       313.8177       6536.619       390.6607    
         188   6536.516       314.0894       6537.927       391.2511    
         189   6537.917       314.3717       6539.229       391.8542    
         190   6539.317       314.6645       6540.524       392.4696    
         191   6540.715       314.9672       6541.815       393.0970    
         192   6542.110       315.2794       6543.100       393.7356    
         193   6543.504       315.6012       6544.379       394.3851    
         194   6544.895       315.9318       6545.653       395.0447    
         195   6546.284       316.2712       6546.922       395.7140    
         196   6547.671       316.6188       6548.187       396.3924    
         197   6549.057       316.9748       6549.446       397.0791    
         198   6550.440       317.3381       6550.701       397.7737    
         199   6551.821       317.7089       6551.953       398.4756    
         200   6553.200       318.0870       6553.200       399.1846    
   254.2391       254.3516       258.0000       258.0000    
 SECTION =            1  OUT OF            5
 SECTION =            2  OUT OF            5
 SECTION =            3  OUT OF            5
 SECTION =            4  OUT OF            5
 SECTION =            5  OUT OF            5
 ENDWALL FINISH NHT         400
 ENDWALL FINISH NHT         400
 ENTERING WH_ENDWALL_ORDER
 INTYPE           3
 STARTING TO SCALE THE AIRFOIL
 STARTING TO ROTATING THE AIRFOIL
 LININ =           1  LETE =           0
 COMPLETE THE AIRFOILIN
 EEE-HPT-3                                                                      
  
 before XRgrid ospan          41           1           5
 ********** in dwstream *************
           1   254.2391       12.26907    
           2   254.2562       12.95123    
           3   254.2897       13.63174    
           4   254.3255       14.31263    
           5   254.3518       14.99801    
 ********** IN UPstream *************
           1   258.0000       12.52311    
           2   258.0000       13.32132    
           3   258.0000       14.11952    
           4   258.0000       14.91772    
           5   258.0000       15.71593    
 complete poisson grid
 NB1 =            1  NB2 =            0
 IFAN =            3
 before bladexyrgd          41           1           5
 
  IN BLADEXYRGD: GETTING INITIAL LEDIA AND TEDIA         798
 
        K      NBNEW      IXMN      LETE      ITYY     LED-in      TED-in     XatIXMN     Tatixmn    RatIXMN    LEMA(DEG)     TEMA(DEG)  CHORD
         1       799       406         0         3    0.083091    0.075196  254.489319    0.093772   12.127927   32.749172  -57.349895    1.514081
         2       799       406         0         3    0.083089    0.075201  254.489319    0.093772   12.149666   32.749870  -57.350994    1.514080
         3       799       402         0         3    0.089423    0.055070  254.539597    0.247484   13.645580   10.673968  -57.448372    1.525848
         4       799       402         0         3    0.108201    0.062275  254.611908    0.426005   15.147782  -15.525330  -56.349403    1.593663
         5       799       402         0         3    0.108201    0.062277  254.611908    0.426005   15.164132  -15.524979  -56.349014    1.593663
  
    3    1     254.53960       0.24748     254.53960       0.24748      13.64558      13.64558
    3    2     254.54033       0.25692     254.54034       0.24039      13.64575      13.64545
    3    3     254.54260       0.26590     254.54262       0.23188      13.64589      13.64527
    3    4     254.54636       0.27503     254.54639       0.22501      13.64603      13.64512
    3    5     254.55153       0.28441     254.55154       0.21885      13.64617      13.64496
    3    6     254.55803       0.29328     254.55804       0.21352      13.64629      13.64481
    3    7     254.56575       0.30198     254.56577       0.20880      13.64639      13.64465
    3    8     254.57454       0.31057     254.57455       0.20439      13.64649      13.64448
    3    9     254.58427       0.31885     254.58427       0.20002      13.64657      13.64431
    3   10     254.59477       0.32664     254.59477       0.19555      13.64664      13.64413
    3   11     254.60585       0.33388     254.60583       0.19109      13.64669      13.64395
    3   12     254.61732       0.34062     254.61731       0.18665      13.64674      13.64376
    3   13     254.62900       0.34691     254.62898       0.18217      13.64677      13.64357
    3   14     254.64067       0.35264     254.64066       0.17764      13.64678      13.64338
    3   15     254.65488       0.35883     254.65486       0.17197      13.64680      13.64316
    3   16     254.67148       0.36494     254.67145       0.16510      13.64679      13.64291
    3   17     254.69034       0.37080     254.69029       0.15708      13.64674      13.64261
    3   18     254.71132       0.37611     254.71126       0.14785      13.64667      13.64229
    3   19     254.73427       0.38027     254.73421       0.13719      13.64655      13.64194
    3   20     254.75905       0.38310     254.75897       0.12544      13.64638      13.64158
    3   21     254.78552       0.38443     254.78545       0.11224      13.64615      13.64120
    3   22     254.81357       0.38392     254.81348       0.09745      13.64588      13.64083
    3   23     254.84302       0.38138     254.84291       0.08126      13.64553      13.64045
    3   24     254.87375       0.37666     254.87364       0.06379      13.64513      13.64008
    3   25     254.90562       0.36953     254.90550       0.04487      13.64466      13.63973
    3   26     254.93849       0.35979     254.93837       0.02436      13.64415      13.63942
    3   27     254.97223       0.34742     254.97209       0.00251      13.64357      13.63915
    3   28     255.00667       0.33198     255.00655      -0.02131      13.64292      13.63890
    3   29     255.04170       0.31378     255.04156      -0.04607      13.64227      13.63874
    3   30     255.07718       0.29219     255.07704      -0.07218      13.64158      13.63864
    3   31     255.11296       0.26784     255.11281      -0.10017      13.64089      13.63863
    3   32     255.14890       0.23995     255.14876      -0.12885      13.64021      13.63871
    3   33     255.18488       0.20938     255.18471      -0.15919      13.63957      13.63890
    3   34     255.22072       0.17528     255.22055      -0.18986      13.63899      13.63918
    3   35     255.25632       0.13810     255.25615      -0.22173      13.63848      13.63958
    3   36     255.29153       0.09885     255.29134      -0.25397      13.63809      13.64010
    3   37     255.32620       0.05619     255.32600      -0.28608      13.63784      13.64072
    3   38     255.36021       0.01211     255.35999      -0.31838      13.63774      13.64145
    3   39     255.39340      -0.03470     255.39316      -0.35045      13.63783      13.64229
    3   40     255.42564      -0.08268     255.42538      -0.38214      13.63811      13.64321
    3   41     255.45679      -0.13166     255.45650      -0.41363      13.63860      13.64423
    3   42     255.48669      -0.18023     255.48639      -0.44452      13.63928      13.64533
    3   43     255.51523      -0.22952     255.51491      -0.47407      13.64017      13.64647
    3   44     255.54225      -0.27736     255.54192      -0.50270      13.64122      13.64766
    3   45     255.56763      -0.32388     255.56728      -0.53038      13.64242      13.64888
    3   46     255.59119      -0.36712     255.59085      -0.55600      13.64370      13.65008
    3   47     255.61282      -0.40798     255.61249      -0.58020      13.64505      13.65128
    3   48     255.63239      -0.44596     255.63205      -0.60273      13.64642      13.65244
    3   49     255.64975      -0.47942     255.64943      -0.62261      13.64773      13.65350
    3   50     255.66476      -0.50897     255.66446      -0.63988      13.64894      13.65444
    3   51     255.67729      -0.53366     255.67700      -0.65456      13.65003      13.65528
    3   52     255.68721      -0.55283     255.68692      -0.66636      13.65091      13.65597
    3   53     255.69437      -0.56663     255.69409      -0.67493      13.65156      13.65647
    3   54     255.70152      -0.58051     255.70126      -0.68369      13.65223      13.65700
    3   55     255.70856      -0.59458     255.70831      -0.69275      13.65292      13.65754
    3   56     255.71535      -0.60867     255.71512      -0.69915      13.65362      13.65795
    3   57     255.72177      -0.62133     255.72157      -0.70226      13.65427      13.65819
    3   58     255.72774      -0.63276     255.72757      -0.70307      13.65488      13.65831
    3   59     255.73312      -0.64346     255.73297      -0.70233      13.65545      13.65834
    3   60     255.73785      -0.65308     255.73773      -0.70053      13.65597      13.65832
    3   61     255.74182      -0.66085     255.74173      -0.69777      13.65640      13.65823
    3   62     255.74500      -0.66698     255.74492      -0.69434      13.65674      13.65810
    3   63     255.74730      -0.67237     255.74722      -0.69031      13.65704      13.65793
    3   64     255.74867      -0.67766     255.74861      -0.68580      13.65732      13.65772
    3   65     255.74905      -0.68272     255.74905      -0.68272      13.65757      13.65757
 
    K    I     XS1       YS1       XS2       YS2       ZS1       ZS2
    3    1     254.53960       0.24748     254.53960       0.24748      13.64558      13.64558
    3    2     254.54033       0.25692     254.54034       0.24039      13.64575      13.64545
    3    3     254.54260       0.26590     254.54262       0.23188      13.64589      13.64527
    3    4     254.54636       0.27503     254.54639       0.22501      13.64603      13.64512
    3    5     254.55153       0.28441     254.55154       0.21885      13.64617      13.64496
    3    6     254.55803       0.29328     254.55804       0.21352      13.64629      13.64481
    3    7     254.56575       0.30198     254.56577       0.20880      13.64639      13.64465
    3    8     254.57454       0.31057     254.57455       0.20439      13.64649      13.64448
    3    9     254.58427       0.31885     254.58427       0.20002      13.64657      13.64431
    3   10     254.59477       0.32664     254.59477       0.19555      13.64664      13.64413
    3   11     254.60585       0.33388     254.60583       0.19109      13.64669      13.64395
    3   12     254.61732       0.34062     254.61731       0.18665      13.64674      13.64376
    3   13     254.62900       0.34691     254.62898       0.18217      13.64677      13.64357
    3   14     254.64067       0.35264     254.64066       0.17764      13.64678      13.64338
    3   15     254.65488       0.35883     254.65486       0.17197      13.64680      13.64316
    3   16     254.67148       0.36494     254.67145       0.16510      13.64679      13.64291
    3   17     254.69034       0.37080     254.69029       0.15708      13.64674      13.64261
    3   18     254.71132       0.37611     254.71126       0.14785      13.64667      13.64229
    3   19     254.73427       0.38027     254.73421       0.13719      13.64655      13.64194
    3   20     254.75905       0.38310     254.75897       0.12544      13.64638      13.64158
    3   21     254.78552       0.38443     254.78545       0.11224      13.64615      13.64120
    3   22     254.81357       0.38392     254.81348       0.09745      13.64588      13.64083
    3   23     254.84302       0.38138     254.84291       0.08126      13.64553      13.64045
    3   24     254.87375       0.37666     254.87364       0.06379      13.64513      13.64008
    3   25     254.90562       0.36953     254.90550       0.04487      13.64466      13.63973
    3   26     254.93849       0.35979     254.93837       0.02436      13.64415      13.63942
    3   27     254.97223       0.34742     254.97209       0.00251      13.64357      13.63915
    3   28     255.00667       0.33198     255.00655      -0.02131      13.64292      13.63890
    3   29     255.04170       0.31378     255.04156      -0.04607      13.64227      13.63874
    3   30     255.07718       0.29219     255.07704      -0.07218      13.64158      13.63864
    3   31     255.11296       0.26784     255.11281      -0.10017      13.64089      13.63863
    3   32     255.14890       0.23995     255.14876      -0.12885      13.64021      13.63871
    3   33     255.18488       0.20938     255.18471      -0.15919      13.63957      13.63890
    3   34     255.22072       0.17528     255.22055      -0.18986      13.63899      13.63918
    3   35     255.25632       0.13810     255.25615      -0.22173      13.63848      13.63958
    3   36     255.29153       0.09885     255.29134      -0.25397      13.63809      13.64010
    3   37     255.32620       0.05619     255.32600      -0.28608      13.63784      13.64072
    3   38     255.36021       0.01211     255.35999      -0.31838      13.63774      13.64145
    3   39     255.39340      -0.03470     255.39316      -0.35045      13.63783      13.64229
    3   40     255.42564      -0.08268     255.42538      -0.38214      13.63811      13.64321
    3   41     255.45679      -0.13166     255.45650      -0.41363      13.63860      13.64423
    3   42     255.48669      -0.18023     255.48639      -0.44452      13.63928      13.64533
    3   43     255.51523      -0.22952     255.51491      -0.47407      13.64017      13.64647
    3   44     255.54225      -0.27736     255.54192      -0.50270      13.64122      13.64766
    3   45     255.56763      -0.32388     255.56728      -0.53038      13.64242      13.64888
    3   46     255.59119      -0.36712     255.59085      -0.55600      13.64370      13.65008
    3   47     255.61282      -0.40798     255.61249      -0.58020      13.64505      13.65128
    3   48     255.63239      -0.44596     255.63205      -0.60273      13.64642      13.65244
    3   49     255.64975      -0.47942     255.64943      -0.62261      13.64773      13.65350
    3   50     255.66476      -0.50897     255.66446      -0.63988      13.64894      13.65444
    3   51     255.67729      -0.53366     255.67700      -0.65456      13.65003      13.65528
    3   52     255.68721      -0.55283     255.68692      -0.66636      13.65091      13.65597
    3   53     255.69437      -0.56663     255.69409      -0.67493      13.65156      13.65647
    3   54     255.70152      -0.58051     255.70126      -0.68369      13.65223      13.65700
    3   55     255.70856      -0.59458     255.70831      -0.69275      13.65292      13.65754
    3   56     255.71535      -0.60867     255.71512      -0.69915      13.65362      13.65795
    3   57     255.72177      -0.62133     255.72157      -0.70226      13.65427      13.65819
    3   58     255.72774      -0.63276     255.72757      -0.70307      13.65488      13.65831
    3   59     255.73312      -0.64346     255.73297      -0.70233      13.65545      13.65834
    3   60     255.73785      -0.65308     255.73773      -0.70053      13.65597      13.65832
    3   61     255.74182      -0.66085     255.74173      -0.69777      13.65640      13.65823
    3   62     255.74500      -0.66698     255.74492      -0.69434      13.65674      13.65810
    3   63     255.74730      -0.67237     255.74722      -0.69031      13.65704      13.65793
    3   64     255.74867      -0.67766     255.74861      -0.68580      13.65732      13.65772
    3   65     255.74905      -0.68272     255.74905      -0.68272      13.65757      13.65757
 COMPLETE BLADEXYRGD 
 
 IN AIRFOILOT: GENERATE A IMPROVE AIRFOIL DEFINITION
               CREATING A SECTION FILE
 before INTERCIPT          41           1           5
 IN INTERCIPT          65          65           5          41         109
 IN INTERCIPT WITH OSPAN =          41
 OUT OF INTERCIPT
 IN TRANSFORM         109          41          65
 OUT TRANSFORM         109          41
  
 IN BLADENEW: GENERATE THE NODE DISTRIBUTION
                ALONE EACH AIRFOIL SECTION
 **** ity =           1
 J    IGRID    RMN       LED      LEMA       LEWA       TED      TEMA      TEWA
    1    1  12.25004   0.09525  19.99089   2.72069   0.07630 -54.78455   1.15846
    2    1  12.32085   0.09550  19.49459   2.71908   0.07614 -54.80076   1.15751
    3    1  12.39105   0.09599  18.99522   2.71670   0.07582 -54.81696   1.15611
    4    1  12.46082   0.09668  18.49284   2.71362   0.07536 -54.83315   1.15430
    5    1  12.53028   0.09751  17.98749   2.70992   0.07475 -54.84932   1.15205
    6    1  12.59950   0.09844  17.47923   2.70466   0.07402 -54.86548   1.14943
    7    1  12.66856   0.09939  16.96812   2.70005   0.07318 -54.88163   1.14644
    8    1  12.73750   0.10034  16.45421   2.69507   0.07224 -54.89776   1.14313
    9    1  12.80634   0.10123  15.93756   2.68982   0.07121 -54.91388   1.13956
   10    1  12.87511   0.10207  15.41824   2.68435   0.07011 -54.92999   1.13564
   11    1  12.94383   0.10285  14.89631   2.67882   0.06895 -54.94608   1.13155
   12    1  13.01251   0.10357  14.37184   2.67316   0.06774 -54.96216   1.12721
   13    1  13.08116   0.10427  13.84489   2.66868   0.06651 -54.97823   1.12272
   14    1  13.14979   0.10496  13.31555   2.66316   0.06526 -54.99429   1.11805
   15    1  13.21841   0.10565  12.78388   2.65776   0.06402 -55.01033   1.11323
   16    1  13.28701   0.10638  12.24996   2.65254   0.06282 -55.02636   1.10825
   17    1  13.35560   0.10716  11.71387   2.64763   0.06167 -55.04237   1.10323
   18    1  13.42419   0.10802  11.17570   2.64295   0.06061 -55.05838   1.09812
   19    1  13.49277   0.10897  10.63552   2.63902   0.05967 -55.07437   1.09296
   20    1  13.56134   0.11005  10.09342   2.63474   0.05886 -55.09035   1.08776
   21    1  13.62991   0.11123   9.54949   2.63124   0.05822 -55.10632   1.08255
   22    1  13.69849   0.11252   9.00382   2.62791   0.05774 -55.12227   1.07686
   23    1  13.76704   0.11387   8.45649   2.62563   0.05743 -55.13821   1.07123
   24    1  13.83560   0.11523   7.90761   2.62495   0.05729 -55.15414   1.06571
   25    1  13.90418   0.11654   7.35726   2.62362   0.05728 -55.17005   1.06023
   26    1  13.97274   0.11776   6.80554   2.62219   0.05740 -55.18596   1.05490
   27    1  14.04131   0.11885   6.25255   2.62311   0.05762 -55.20185   1.04966
   28    1  14.10989   0.11979   5.69839   2.62286   0.05792 -55.21772   1.04457
   29    1  14.17849   0.12057   5.14315   2.62289   0.05827 -55.23359   1.03964
   30    1  14.24709   0.12120   4.58695   2.62317   0.05865 -55.24944   1.03493
   31    1  14.31571   0.12172   4.02988   2.62368   0.05906 -55.26528   1.03045
   32    1  14.38436   0.12214   3.47205   2.62367   0.05947 -55.28110   1.02618
   33    1  14.45306   0.12250   2.91355   2.62657   0.05988 -55.29692   1.02216
   34    1  14.52180   0.12279   2.35450   2.62749   0.06028 -55.31272   1.01842
   35    1  14.59063   0.12304   1.79500   2.62848   0.06065 -55.32851   1.01502
   36    1  14.65956   0.12325   1.23516   2.62955   0.06100 -55.34428   1.01200
   37    1  14.72864   0.12343   0.67509   2.63061   0.06130 -55.36005   1.00924
   38    1  14.79794   0.12356   0.11488   2.63166   0.06156 -55.37580   1.00688
   39    1  14.86753   0.12365  -0.44535   2.63271   0.06176 -55.39154   1.00494
   40    1  14.93751   0.12371  -1.00549   2.63372   0.06190 -55.40726   1.00346
   41    1  15.00804   0.12374  -1.56544   2.63469   0.06197 -55.42298   1.00244
    1    1   0.05167   0.03170   0.09448   0.51133   0.03124   0.18147   0.06191   0.04959   0.03124
    2    1   0.05213   0.03187   0.09438   0.51148   0.03123   0.18304   0.06208   0.04949   0.03123
    3    1   0.05258   0.03203   0.09440   0.51178   0.03121   0.18461   0.06239   0.04928   0.03121
    4    1   0.05304   0.03220   0.09452   0.51219   0.03119   0.18617   0.06284   0.04898   0.03119
    5    1   0.05349   0.03237   0.09470   0.51271   0.03116   0.18773   0.06338   0.04859   0.03116
    6    1   0.05394   0.03253   0.09496   0.51333   0.03110   0.18928   0.06398   0.04812   0.03110
    7    1   0.05438   0.03270   0.09525   0.51405   0.03107   0.19084   0.06461   0.04757   0.03107
    8    1   0.05482   0.03286   0.09559   0.51483   0.03104   0.19240   0.06522   0.04695   0.03104
    9    1   0.05527   0.03303   0.09594   0.51570   0.03101   0.19396   0.06580   0.04629   0.03101
   10    1   0.05570   0.03319   0.09631   0.51663   0.03097   0.19553   0.06635   0.04557   0.03097
   11    1   0.05614   0.03336   0.09669   0.51762   0.03095   0.19711   0.06685   0.04482   0.03095
   12    1   0.05657   0.03352   0.09687   0.51868   0.03092   0.19869   0.06732   0.04403   0.03092
   13    1   0.05700   0.03369   0.09703   0.51977   0.03092   0.20029   0.06777   0.04323   0.03092
   14    1   0.05743   0.03385   0.09719   0.52091   0.03090   0.20189   0.06822   0.04242   0.03090
   15    1   0.05785   0.03402   0.09734   0.52210   0.03089   0.20351   0.06867   0.04161   0.03089
   16    1   0.05827   0.03418   0.09749   0.52331   0.03089   0.20514   0.06915   0.04083   0.03089
   17    1   0.05869   0.03434   0.09763   0.52455   0.03089   0.20678   0.06965   0.04009   0.03089
   18    1   0.05911   0.03451   0.09778   0.52581   0.03090   0.20844   0.07021   0.03940   0.03090
   19    1   0.05952   0.03467   0.09792   0.52710   0.03092   0.21010   0.07083   0.03878   0.03092
   20    1   0.05992   0.03484   0.09806   0.52839   0.03094   0.21178   0.07153   0.03826   0.03094
   21    1   0.06032   0.03500   0.09821   0.52970   0.03097   0.21347   0.07230   0.03784   0.03097
   22    1   0.06072   0.03516   0.09866   0.53087   0.03102   0.21543   0.07314   0.03753   0.03102
   23    1   0.06111   0.03532   0.09922   0.53195   0.03109   0.21748   0.07401   0.03733   0.03109
   24    1   0.06150   0.03549   0.09975   0.53303   0.03118   0.21949   0.07490   0.03724   0.03118
   25    1   0.06189   0.03565   0.10029   0.53411   0.03127   0.22147   0.07575   0.03723   0.03127
   26    1   0.06227   0.03581   0.10081   0.53518   0.03135   0.22346   0.07655   0.03731   0.03135
   27    1   0.06264   0.03598   0.10131   0.53625   0.03147   0.22544   0.07725   0.03746   0.03147
   28    1   0.06301   0.03614   0.10178   0.53731   0.03157   0.22742   0.07786   0.03765   0.03157
   29    1   0.06338   0.03630   0.10224   0.53837   0.03166   0.22939   0.07837   0.03788   0.03166
   30    1   0.06374   0.03646   0.10264   0.53941   0.03176   0.23131   0.07878   0.03813   0.03176
   31    1   0.06409   0.03662   0.10303   0.54044   0.03186   0.23316   0.07912   0.03839   0.03186
   32    1   0.06444   0.03678   0.10350   0.54146   0.03195   0.23499   0.07939   0.03866   0.03195
   33    1   0.06478   0.03695   0.10392   0.54248   0.03209   0.23679   0.07962   0.03892   0.03209
   34    1   0.06512   0.03711   0.10426   0.54350   0.03218   0.23851   0.07981   0.03918   0.03218
   35    1   0.06545   0.03727   0.10452   0.54453   0.03227   0.24022   0.07998   0.03942   0.03227
   36    1   0.06578   0.03742   0.10469   0.54557   0.03235   0.24192   0.08012   0.03965   0.03235
   37    1   0.06610   0.03758   0.10475   0.54663   0.03243   0.24361   0.08023   0.03984   0.03243
   38    1   0.06641   0.03774   0.10468   0.54773   0.03250   0.24527   0.08031   0.04001   0.03250
   39    1   0.06672   0.03789   0.10449   0.54887   0.03256   0.24687   0.08037   0.04014   0.03256
   40    1   0.06703   0.03805   0.10415   0.55006   0.03261   0.24847   0.08041   0.04023   0.03261
   41    1   0.06733   0.03820   0.10365   0.55133   0.03264   0.25006   0.08043   0.04028   0.03264
    K    J     MX1       YS1       MX2       YS2
   21    1   0.21994   0.22895   0.21994   0.22895
   21    2   0.21823   0.24179   0.22359   0.21724
   21    3   0.21877   0.25472   0.22964   0.20658
   21    4   0.22129   0.26741   0.23761   0.19724
   21    5   0.22543   0.27965   0.24698   0.18935
   21    6   0.23087   0.29138   0.25713   0.18260
   21    7   0.23764   0.30238   0.26772   0.17663
   21    8   0.24544   0.31269   0.27858   0.17118
   21    9   0.25402   0.32238   0.28968   0.16611
   21   10   0.26325   0.33145   0.30095   0.16135
   21   11   0.27493   0.34142   0.31283   0.15676
   21   12   0.29005   0.35247   0.32698   0.15141
   21   13   0.30870   0.36410   0.34328   0.14515
   21   14   0.33083   0.37598   0.36159   0.13783
   21   15   0.35650   0.38739   0.38181   0.12943
   21   16   0.38576   0.39749   0.40384   0.11998
   21   17   0.41831   0.40591   0.42749   0.10925
   21   18   0.45398   0.41167   0.45272   0.09748
   21   19   0.49234   0.41441   0.47930   0.08446
   21   20   0.53294   0.41361   0.50704   0.07004
   21   21   0.57527   0.40897   0.53586   0.05440
   21   22   0.61877   0.40030   0.56569   0.03766
   21   23   0.66288   0.38742   0.59631   0.01971
   21   24   0.70712   0.37047   0.62754   0.00048
   21   25   0.75100   0.34954   0.65932  -0.01982
   21   26   0.79409   0.32482   0.69128  -0.04154
   21   27   0.83626   0.29689   0.72361  -0.06413
   21   28   0.87702   0.26574   0.75616  -0.08760
   21   29   0.91661   0.23222   0.78853  -0.11226
   21   30   0.95448   0.19618   0.82085  -0.13769
   21   31   0.99080   0.15824   0.85299  -0.16384
   21   32   1.02592   0.11906   0.88478  -0.19071
   21   33   1.05914   0.07833   0.91640  -0.21789
   21   34   1.09126   0.03699   0.94741  -0.24566
   21   35   1.12164  -0.00518   0.97802  -0.27360
   21   36   1.15066  -0.04768   1.00826  -0.30145
   21   37   1.17837  -0.09024   1.03788  -0.32933
   21   38   1.20496  -0.13254   1.06683  -0.35705
   21   39   1.23036  -0.17443   1.09508  -0.38448
   21   40   1.25430  -0.21586   1.12247  -0.41159
   21   41   1.27726  -0.25638   1.14885  -0.43833
   21   42   1.29903  -0.29592   1.17424  -0.46451
   21   43   1.31994  -0.33411   1.19877  -0.48981
   21   44   1.33979  -0.37090   1.22214  -0.51436
   21   45   1.35833  -0.40623   1.24417  -0.53813
   21   46   1.37575  -0.43982   1.26504  -0.56078
   21   47   1.39217  -0.47145   1.28470  -0.58221
   21   48   1.40729  -0.50110   1.30282  -0.60253
   21   49   1.42137  -0.52847   1.31941  -0.62159
   21   50   1.43437  -0.55343   1.33471  -0.63902
   21   51   1.44593  -0.57602   1.34856  -0.65484
   21   52   1.45581  -0.59624   1.36085  -0.66906
   21   53   1.46477  -0.61359   1.37153  -0.68164
   21   54   1.47226  -0.62827   1.38069  -0.69245
   21   55   1.47813  -0.64028   1.38831  -0.70148
   21   56   1.48263  -0.64943   1.39431  -0.70876
   21   57   1.48611  -0.65802   1.40078  -0.71538
   21   58   1.48892  -0.66682   1.40778  -0.72141
   21   59   1.49068  -0.67591   1.41549  -0.72657
   21   60   1.49104  -0.68520   1.42396  -0.73043
   21   61   1.48979  -0.69445   1.43303  -0.73266
   21   62   1.48667  -0.70325   1.44237  -0.73305
   21   63   1.48201  -0.71134   1.45160  -0.73167
   21   64   1.47591  -0.71840   1.46045  -0.72871
   21   65   1.46864  -0.72425   1.46864  -0.72425
 COMPETE BLADEHOHGD
 IN UPDWOHHGD: JM,HJ,JBM,IAX,ICC          21          13          41           0
           0
 **TURNING DOWNSTREAM MESH AXIALLY**
 sup,schu  0.2199449       1.248695     SDW,SCHD   2.307098       1.248695    
 COMPLETE THE UPDWOHH
 IN MPSGJBOUND
 COMPLETE THE MPSGJBOUND
 IN GENHMESH         109          41
 IN GENHMESH         109          41
 complete poisson grid
 COMPLETE GENHMESH         109          21          41
 before call GENHMESHN         109          21          41          41
 IN GENVSHMKG ROUTINE WITH OUTYPE           4
  IN GENVSHMKG WITH ICLS =           0
 IN VISCKIV FOR FASTER MESH GENERATION  4.999999873689376E-005          41
          41         109
 DONE WITH VISCKIV  4.999999873689376E-005
 COMPLETE GENVSHMKG
 IN GENVSOMH WITH OUTYPE            4
 IN VISCKIV FOR FASTER MESH GENERATION  4.999999873689376E-005          41
          41         129
 DONE WITH VISCKIV  4.999999873689376E-005
 IN VISCKIV FOR FASTER MESH GENERATION  4.999999873689376E-005          41
          41          58
 DONE WITH VISCKIV  4.999999873689376E-005
 COMPLETE GENVSOMH
 IN GENHBTPMESH WITH INEW            3  INEW > 1 AND <9
 COMPLETE THE GENERATION OF INTERIOR MESHES
 
 IN FLOWUPDW ROUTINE: CREATING INLET AND EXIT CONDITIONS
 
 PTIN =    185.3674      TTIN =    2376.234    
 dw  0.4348802     -0.6744437      0.1792873      0.2378643      0.4338641    
  -1.433803    
 COMPLETE FLOWUPDW ROUTINE
 in flowhm WITH TIPMOD =           0          41          25
 IN PROFUP           1           0   1.000000       1.000000              41
 IN PROFUP RPMS  3.1845644E-02
 **WARNING: Phi ANGLE IS SET TO THE MERIDIONAL MESH PHI 
 N,SPAN(N),RHA(N),PSA(N),QTA(N),ATA(N),PHA(N),PTR   1.300000    
    1   0.00000   1.00000   1.00000   1.00000   0.00000   0.00000   0.00000   0.00000   0.00000   0.00000
    2   0.00002   1.00000   1.00000   1.00000   1.13519  -0.08543   0.42042   0.90661  -0.03600  -0.08532
    3   0.00039   1.00000   1.00000   1.00000   1.13519  -0.08536   0.42042   0.90661  -0.03598  -0.08526
    4   0.00145   1.00000   1.00000   1.00000   1.13519  -0.08532   0.42043   0.90661  -0.03596  -0.08522
    5   0.00356   1.00000   1.00000   1.00000   1.13519  -0.08493   0.42044   0.90661  -0.03579  -0.08482
    6   0.00707   1.00000   1.00000   1.00000   1.13519  -0.08449   0.42046   0.90661  -0.03561  -0.08438
    7   0.01232   1.00000   1.00000   1.00000   1.13519  -0.08378   0.42048   0.90661  -0.03531  -0.08368
    8   0.01967   1.00000   1.00000   1.00000   1.13519  -0.08277   0.42052   0.90661  -0.03488  -0.08267
    9   0.02945   1.00000   1.00000   1.00000   1.13519  -0.08132   0.42057   0.90661  -0.03428  -0.08123
   10   0.04203   1.00000   1.00000   1.00000   1.13519  -0.07948   0.42063   0.90661  -0.03350  -0.07940
   11   0.05810   1.00000   1.00000   1.00000   1.13519  -0.07702   0.42071   0.90661  -0.03247  -0.07694
   12   0.07696   1.00000   1.00000   1.00000   1.13519  -0.07425   0.42080   0.90661  -0.03130  -0.07418
   13   0.10000   1.00000   1.00000   1.00000   1.13519  -0.07063   0.42091   0.90661  -0.02978  -0.07057
   14   0.15000   1.00000   1.00000   1.00000   1.13519  -0.06275   0.42113   0.90661  -0.02646  -0.06271
   15   0.20000   1.00000   1.00000   1.00000   1.13519  -0.05499   0.42132   0.90661  -0.02319  -0.05496
   16   0.25000   1.00000   1.00000   1.00000   1.13519  -0.04722   0.42149   0.90661  -0.01992  -0.04720
   17   0.30000   1.00000   1.00000   1.00000   1.13519  -0.03960   0.42163   0.90661  -0.01671  -0.03959
   18   0.35000   1.00000   1.00000   1.00000   1.13519  -0.03181   0.42175   0.90661  -0.01342  -0.03180
   19   0.40000   1.00000   1.00000   1.00000   1.13519  -0.02405   0.42184   0.90661  -0.01015  -0.02405
   20   0.45000   1.00000   1.00000   1.00000   1.13519  -0.01623   0.42191   0.90661  -0.00685  -0.01623
   21   0.50000   1.00000   1.00000   1.00000   1.13519  -0.00854   0.42195   0.90661  -0.00361  -0.00854
   22   0.55000   1.00000   1.00000   1.00000   1.13519  -0.00126   0.42196   0.90661  -0.00053  -0.00126
   23   0.60000   1.00000   1.00000   1.00000   1.13519   0.00566   0.42195   0.90661   0.00239   0.00566
   24   0.65000   1.00000   1.00000   1.00000   1.13519   0.01233   0.42193   0.90661   0.00520   0.01233
   25   0.70000   1.00000   1.00000   1.00000   1.13519   0.01881   0.42189   0.90661   0.00793   0.01880
   26   0.75000   1.00000   1.00000   1.00000   1.13519   0.02521   0.42183   0.90661   0.01064   0.02521
   27   0.80000   1.00000   1.00000   1.00000   1.13519   0.03146   0.42175   0.90661   0.01327   0.03145
   28   0.85000   1.00000   1.00000   1.00000   1.13519   0.03777   0.42166   0.90661   0.01593   0.03776
   29   0.90000   1.00000   1.00000   1.00000   1.13519   0.04444   0.42154   0.90661   0.01875   0.04442
   30   0.92304   1.00000   1.00000   1.00000   1.13519   0.04774   0.42148   0.90661   0.02014   0.04772
   31   0.94190   1.00000   1.00000   1.00000   1.13519   0.05049   0.42142   0.90661   0.02129   0.05046
   32   0.95797   1.00000   1.00000   1.00000   1.13519   0.05297   0.42137   0.90661   0.02234   0.05294
   33   0.97055   1.00000   1.00000   1.00000   1.13519   0.05486   0.42133   0.90661   0.02314   0.05483
   34   0.98033   1.00000   1.00000   1.00000   1.13519   0.05657   0.42129   0.90661   0.02386   0.05654
   35   0.98768   1.00000   1.00000   1.00000   1.13519   0.05779   0.42126   0.90661   0.02437   0.05776
   36   0.99293   1.00000   1.00000   1.00000   1.13519   0.05871   0.42123   0.90661   0.02476   0.05867
   37   0.99644   1.00000   1.00000   1.00000   1.13519   0.05926   0.42122   0.90661   0.02499   0.05923
   38   0.99855   1.00000   1.00000   1.00000   1.13519   0.05963   0.42121   0.90661   0.02515   0.05959
   39   0.99961   1.00000   1.00000   1.00000   1.13519   0.05982   0.42121   0.90661   0.02523   0.05978
   40   0.99998   1.00000   1.00000   1.00000   1.13519   0.05988   0.42120   0.90661   0.02525   0.05984
   41   1.00000   1.00000   1.00000   1.00000   0.00000   0.00000   0.00000   0.00000   0.00000   0.00000
    1   0.00000   0.67336   1.00000   0.00000   0.00000   0.00000
    2   0.00002   0.71188   1.00000   0.40702   1.13519  -0.08543
    3   0.00039   0.77295   1.00000   0.62806   1.13519  -0.08536
    4   0.00145   0.82942   1.00000   0.75898   1.13519  -0.08532
    5   0.00356   0.88976   1.00000   0.86290   1.13519  -0.08493
    6   0.00707   0.95624   1.00000   0.95166   1.13519  -0.08449
    7   0.01232   1.00000   1.00000   1.00000   1.13519  -0.08378
    8   0.01967   1.00000   1.00000   1.00000   1.13519  -0.08277
    9   0.02945   1.00000   1.00000   1.00000   1.13519  -0.08132
   10   0.04203   1.00000   1.00000   1.00000   1.13519  -0.07948
   11   0.05810   1.00000   1.00000   1.00000   1.13519  -0.07702
   12   0.07696   1.00000   1.00000   1.00000   1.13519  -0.07425
   13   0.10000   1.00000   1.00000   1.00000   1.13519  -0.07063
   14   0.15000   1.00000   1.00000   1.00000   1.13519  -0.06275
   15   0.20000   1.00000   1.00000   1.00000   1.13519  -0.05499
   16   0.25000   1.00000   1.00000   1.00000   1.13519  -0.04722
   17   0.30000   1.00000   1.00000   1.00000   1.13519  -0.03960
   18   0.35000   1.00000   1.00000   1.00000   1.13519  -0.03181
   19   0.40000   1.00000   1.00000   1.00000   1.13519  -0.02405
   20   0.45000   1.00000   1.00000   1.00000   1.13519  -0.01623
   21   0.50000   1.00000   1.00000   1.00000   1.13519  -0.00854
   22   0.55000   1.00000   1.00000   1.00000   1.13519  -0.00126
   23   0.60000   1.00000   1.00000   1.00000   1.13519   0.00566
   24   0.65000   1.00000   1.00000   1.00000   1.13519   0.01233
   25   0.70000   1.00000   1.00000   1.00000   1.13519   0.01881
   26   0.75000   1.00000   1.00000   1.00000   1.13519   0.02521
   27   0.80000   1.00000   1.00000   1.00000   1.13519   0.03146
   28   0.85000   1.00000   1.00000   1.00000   1.13519   0.03777
   29   0.90000   1.00000   1.00000   1.00000   1.13519   0.04444
   30   0.92304   1.00000   1.00000   1.00000   1.13519   0.04774
   31   0.94190   1.00000   1.00000   1.00000   1.13519   0.05049
   32   0.95797   1.00000   1.00000   1.00000   1.13519   0.05297
   33   0.97055   1.00000   1.00000   1.00000   1.13519   0.05486
   34   0.98033   1.00000   1.00000   1.00000   1.13519   0.05657
   35   0.98768   1.00000   1.00000   1.00000   1.13519   0.05779
   36   0.99293   0.95624   1.00000   0.95167   1.13519   0.05871
   37   0.99644   0.88976   1.00000   0.86290   1.13519   0.05926
   38   0.99855   0.82941   1.00000   0.75896   1.13519   0.05963
   39   0.99961   0.77296   1.00000   0.62810   1.13519   0.05982
   40   0.99998   0.71186   1.00000   0.40693   1.13519   0.05988
   41   1.00000   0.67336   1.00000   0.00000   0.00000   0.00000
 COMPLETE PROFUP
 IN FLOWBGR          41           9         109           0           1
          21
 COMPLETE FLOWBGR
 AFTER FLOWBHR NADD =       98318          41
 omesh nadd =       98318
 AFTER FLOWOGR NADD =      219145
        1        0        0      109        9       41        1
        2    40221    34560      109       13       41        1
        3    98318    86400      129       17       41        1
        4   188231   168320       25       13       41        1
        5   201556   179840       33       13       41        1
 AFTER FLOWTGD NADD =      219145          17
 AFTER FLOWTGD NADD =      219145          13
 IN FLOWHBTP           3           0           0
 AFTER FLOWHBTP NADD =      219145          17
 AFTER FLOWHBTPER NADD =      219145           0
   wall   0.0000000E+00  0.0000000E+00
 ******* iprob *******           0
 IN NXFEBCBG
 JHF,JM           9          21           0
 NB =           1 KM,KMM          41          25
 outype =           4  nb =           1  NSPAN =           5
 outype =           4  nb =           1  NSPAN =           5
 COMPLETE NXFEBCBG
 
 AFTER BASE MESH NADD,NEDD,BCN      219145       86400       14560           2
 
 AFTER OHH MESH NADD,NEDD,BCN      219145      195200       26080           5
 
 AFTER HUB MESH NADD,NEDD,BCN      219145      195200       26080           5
 
 AFTER TIP MESH NADD,NEDD,BCN      219145      195200       26080           5
        1        0        0      109        9       41        5        6        0       14        9      109
        2    40221    34560      109       13       41        5        6       13        0        9      109
        3    98318    86400      129       17       41        0        0       10        0        9      109
        4   188231   168320       25       13       41        5        0        0        0        9      109
        5   201556   179840       33       13       41        0        6        0        0        9      109
 NEGATIVE VOLUME CHECK WITH NB NE1 NE2           5           1      195200
  
 CHECKING FOR NEGATIVE VOLUMES IN THE MESH
  complete the negative volume check with           0 N.V.
 
 IN INPROF CREATING INLET AND EXIT CONDITIONS
 
  1.4028689E-03   1598.362      -763.8574       33.40202    
 COMPLETE INPROF ROUTINE
  IGRID =           1  OSPANsav =          41  NSPAN =           5
  IGRID =           1  OSPAN =          41  NSPAN =           5
 IFORM =           0           3
 
 IN SUBROUTINE DATAOTNB TO WRITE A RESTART FILE 
 
 DATAOTNB MIXER F
 EEE-HPT-3                                                                      
  
 NFLOW =           5      219145      195200           1
 AAA
 EEE-HPT-3                                                                      
  
           1           0           5           1           0           0
           0           1         100           0           0           0
           0     1112408           0
  1.7513297E-03   3397.966       1716.420       1.300000      0.0000000E+00
  0.0000000E+00  0.0000000E+00  0.0000000E+00  0.0000000E+00  0.0000000E+00
  0.0000000E+00  0.0000000E+00  0.0000000E+00  0.0000000E+00  0.0000000E+00
      219145      195200       26080           1           0
 RPM  3.1845644E-02  0.2378618      0.7928728       1.000000      9.9999997E-05
  0.0000000E+00  0.0000000E+00  0.0000000E+00  0.0000000E+00  0.0000000E+00
  0.0000000E+00  0.0000000E+00  0.0000000E+00  0.0000000E+00  0.0000000E+00
 rpmid  0.0000000E+00  3.1845644E-02  0.0000000E+00  0.0000000E+00
           5           7
 DTHA =  8.9759789E-02  0.0000000E+00           0
     109       9      41       5       6       0      14       9     109         0         0
     109      13      41       5       6      13       0       9     109     40221     40221
     129      17      41       0       0      10       0       9     109     98318     98318
      25      13      41       5       0       0       0       9     109    188231    188231
      33      13      41       0       6       0       0       9     109    201556    201556
 COMPLETE DATAOTNB
  
END OF JOB WITH CODE Wand ON 06/10/2025  10:41:11
