 AIRFOIL # =           1
*SECTION      1
-SECTION-     1   33
>----RAD------XOFF------YOFF------ROTD----CONEANGLE----                                   
    0.0000    0.0000    0.0000    0.0000    0.0000
>----X1--------Y1--------X2--------Y2--------R1-------- R2----                            
 6305.8398  -46.6216 6305.8398  -46.6216  318.7079  318.7079
 6305.9834  -45.8405 6305.9043  -47.4363  318.6576  318.8541
 6306.4419  -44.9078 6306.2354  -48.7815  318.7235  319.1958
 6307.1387  -44.1602 6306.8291  -50.0460  318.9195  319.6427
 6308.0112  -43.3666 6307.6187  -51.1121  319.1851  320.1459
 6308.9790  -42.4727 6308.5215  -51.9337  319.4747  320.6581
 6309.9502  -41.5602 6309.4448  -52.4998  319.7558  321.1325
 6311.0449  -40.4601 6310.5005  -52.9129  320.0515  321.6246
 6312.2534  -39.1805 6311.6821  -53.1093  320.3479  322.1104
 6313.5630  -37.7044 6312.9775  -53.0961  320.6319  322.5748
 6314.9585  -36.1290 6314.3750  -52.8440  320.9075  323.0013
 6316.4268  -34.4407 6315.8584  -52.3312  321.1681  323.3792
 6317.9531  -32.6640 6317.4136  -51.5271  321.4126  323.6982
 6319.5234  -30.7703 6319.0239  -50.3633  321.6356  323.9450
 6321.1250  -28.7507 6320.6729  -48.7894  321.8333  324.1100
 6322.7432  -26.6417 6322.3418  -46.7497  322.0049  324.1841
 6324.3633  -24.4465 6324.0117  -44.2202  322.1482  324.1667
 6325.9707  -22.2113 6325.6650  -41.2262  322.2655  324.0687
 6327.5522  -19.9275 6327.2842  -37.8713  322.3562  323.9135
 6329.0933  -17.6163 6328.8564  -34.2449  322.4233  323.7229
 6330.5791  -15.3082 6330.3691  -30.4056  322.4703  323.5133
 6331.9961  -12.9842 6331.8096  -26.4892  322.4990  323.3066
 6333.3296  -10.7119 6333.1650  -22.5290  322.5145  323.1110
 6334.5664   -8.5216 6334.4243  -18.7278  322.5202  322.9435
 6335.6929   -6.4403 6335.5728  -15.1918  322.5186  322.8075
 6336.6938   -4.5525 6336.5962  -12.0334  322.5123  322.7025
 6337.5566   -2.8797 6337.4795   -9.2610  322.5060  322.6254
 6338.2676   -1.4845 6338.2070   -6.9127  322.4998  322.5703
 6338.9785   -0.0468 6338.9360   -4.5280  322.4980  322.5297
 6339.6201    1.3147 6339.5942   -2.3762  322.5001  322.5062
 6340.1289    1.6702 6340.1167   -0.5588  322.5005  322.4967
 6340.4556    1.5097 6340.4526    0.6309  322.4987  322.4958
 6340.5679    1.1609 6340.5679    1.1609  322.4969  322.4969
*SECTION      1
-SECTION-     2   33
>----RAD------XOFF------YOFF------ROTD----CONEANGLE----                                   
    0.0000    0.0000    0.0000    0.0000    0.0000
>----X1--------Y1--------X2--------Y2--------R1-------- R2----                            
 6305.8364  -48.5065 6305.8364  -48.5065  331.6600  331.6600
 6305.9756  -47.6862 6305.9175  -49.3362  331.5843  331.8049
 6306.4575  -46.7396 6306.2959  -50.7132  331.5956  332.1223
 6307.2021  -45.9380 6306.9570  -52.0258  331.7066  332.5191
 6308.1382  -45.0494 6307.8306  -53.1067  331.8616  332.9444
 6309.1768  -44.0440 6308.8247  -53.9252  332.0250  333.3596
 6310.2183  -43.0032 6309.8384  -54.4558  332.1735  333.7245
 6311.3647  -41.7714 6310.9688  -54.7970  332.3090  334.0730
 6312.6050  -40.3616 6312.2061  -54.9091  332.4210  334.3832
 6313.9263  -38.8136 6313.5371  -54.7960  332.5084  334.6449
 6315.3154  -37.1620 6314.9468  -54.4365  332.5743  334.8504
 6316.7603  -35.4140 6316.4199  -53.8216  332.6228  334.9991
 6318.2471  -33.5957 6317.9409  -52.9024  332.6609  335.0880
 6319.7651  -31.6500 6319.4961  -51.6307  332.6861  335.1140
 6321.3008  -29.6234 6321.0693  -49.9663  332.7029  335.0739
 6322.8433  -27.4898 6322.6445  -47.8478  332.7068  334.9604
 6324.3789  -25.2773 6324.2075  -45.2888  332.6990  334.7801
 6325.8970  -23.0541 6325.7446  -42.3282  332.6841  334.5460
 6327.3843  -20.7865 6327.2441  -39.0070  332.6602  334.2733
 6328.8291  -18.5056 6328.6968  -35.4380  332.6309  333.9855
 6330.2192  -16.2089 6330.0908  -31.6417  332.5973  333.6941
 6331.5430  -13.9380 6331.4194  -27.7783  332.5633  333.4219
 6332.7876  -11.6921 6332.6709  -23.8618  332.5296  333.1737
 6333.9414   -9.5265 6333.8350  -20.0732  332.4991  332.9643
 6334.9927   -7.4660 6334.8989  -16.5437  332.4728  332.7982
 6335.9287   -5.6027 6335.8501  -13.3475  332.4533  332.6727
 6336.7373   -3.9335 6336.6738  -10.5941  332.4377  332.5826
 6337.4067   -2.5636 6337.3569   -8.2500  332.4286  332.5208
 6338.0767   -1.1364 6338.0410   -5.8398  332.4208  332.4702
 6338.6807    0.1975 6338.6592   -3.6030  332.4185  332.4380
 6339.1597    0.4663 6339.1499   -1.8029  332.4186  332.4231
 6339.4678    0.2960 6339.4653   -0.5885  332.4179  332.4183
 6339.5737   -0.0316 6339.5737   -0.0317  332.4176  332.4176
*SECTION      1
-SECTION-     3   33
>----RAD------XOFF------YOFF------ROTD----CONEANGLE----                                   
    0.0000    0.0000    0.0000    0.0000    0.0000
>----X1--------Y1--------X2--------Y2--------R1-------- R2----                            
 6305.8057  -51.9719 6305.8057  -51.9719  354.1461  354.1461
 6305.9575  -51.1191 6305.9053  -53.0016  354.0350  354.3039
 6306.5088  -50.0274 6306.4175  -54.4554  353.9216  354.5587
 6307.3843  -49.0843 6307.2651  -55.9012  353.8515  354.8389
 6308.4873  -47.9530 6308.3638  -57.0120  353.7650  355.0802
 6309.7090  -46.6632 6309.5986  -57.7541  353.6502  355.2563
 6310.9272  -45.3297 6310.8418  -58.1648  353.5079  355.3542
 6312.2173  -43.8237 6312.1675  -58.2986  353.3148  355.3724
 6313.5674  -42.1849 6313.5601  -58.1821  353.0748  355.3110
 6314.9673  -40.4539 6315.0039  -57.8207  352.7997  355.1768
 6316.4087  -38.6321 6316.4878  -57.1905  352.5036  354.9806
 6317.8853  -36.7173 6317.9995  -56.2723  352.2030  354.7374
 6319.3862  -34.7027 6319.5288  -55.0251  351.9094  354.4543
 6320.9033  -32.5888 6321.0635  -53.4012  351.6297  354.1317
 6322.4248  -30.3864 6322.5898  -51.3424  351.3644  353.7634
 6323.9399  -28.1121 6324.0962  -48.8424  351.1132  353.3524
 6325.4375  -25.7801 6325.5708  -45.8861  350.8769  352.9042
 6326.9067  -23.4018 6327.0117  -42.6516  350.6573  352.4506
 6328.3374  -20.9906 6328.4092  -39.1348  350.4567  351.9992
 6329.7188  -18.5611 6329.7568  -35.4086  350.2771  351.5659
 6331.0386  -16.0932 6331.0474  -31.5190  350.1182  351.1617
 6332.2881  -13.6837 6332.2720  -27.5439  349.9845  350.7982
 6333.4551  -11.3410 6333.4209  -23.5520  349.8750  350.4830
 6334.5288   -9.1021 6334.4863  -19.7873  349.7888  350.2299
 6335.4980   -7.0190 6335.4541  -16.2684  349.7245  350.0327
 6336.3516   -5.1395 6336.3110  -13.0780  349.6801  349.8873
 6337.0781   -3.5063 6337.0430  -10.2926  349.6513  349.7856
 6337.6670   -2.1611 6337.6382   -7.9820  349.6349  349.7196
 6338.2559   -0.8071 6338.2354   -5.6445  349.6237  349.6685
 6338.7876    0.3441 6338.7744   -3.4404  349.6198  349.6366
 6339.2090    0.4580 6339.2031   -1.7080  349.6189  349.6228
 6339.4795    0.2757 6339.4780   -0.5630  349.6180  349.6184
 6339.5732   -0.0652 6339.5732   -0.0652  349.6177  349.6177
*SECTION      1
-SECTION-     4   33
>----RAD------XOFF------YOFF------ROTD----CONEANGLE----                                   
    0.0000    0.0000    0.0000    0.0000    0.0000
>----X1--------Y1--------X2--------Y2--------R1-------- R2----                            
 6305.7671  -55.9251 6305.7671  -55.9251  376.7461  376.7461
 6305.8857  -54.7584 6305.9697  -56.9819  376.5593  376.8719
 6306.5239  -53.4309 6306.6606  -58.5163  376.2740  376.9975
 6307.5654  -52.2612 6307.7544  -59.9427  375.9445  377.0406
 6308.8735  -50.8076 6309.1318  -60.9425  375.5179  376.9527
 6310.3130  -49.1614 6310.6465  -61.5171  375.0143  376.7347
 6311.5557  -47.7022 6311.9492  -61.6853  374.5420  376.4514
 6312.8643  -46.1083 6313.3179  -61.6184  374.0037  376.0744
 6314.2275  -44.3862 6314.7373  -61.3105  373.4085  375.6140
 6315.6406  -42.5624 6316.1982  -60.7416  372.7766  375.0891
 6317.0972  -40.5671 6317.6963  -59.8983  372.1267  374.5262
 6318.5962  -38.4583 6319.2222  -58.7302  371.4886  373.9388
 6320.1313  -36.2484 6320.7646  -57.2066  370.8812  373.3372
 6321.6890  -33.9117 6322.3066  -55.2080  370.3096  372.7090
 6323.2549  -31.4550 6323.8354  -52.7621  369.7744  372.0611
 6324.8159  -28.9027 6325.3335  -49.7611  369.2783  371.3866
 6326.3584  -26.2658 6326.8008  -46.3653  368.8240  370.7156
 6327.8687  -23.5609 6328.2305  -42.6566  368.4153  370.0674
 6329.3350  -20.8266 6329.6172  -38.7176  368.0563  369.4593
 6330.7417  -18.0500 6330.9478  -34.5183  367.7469  368.8958
 6332.0762  -15.3037 6332.2163  -30.1800  367.4898  368.3941
 6333.3242  -12.5908 6333.4102  -25.8140  367.2826  367.9654
 6334.4707  -10.0004 6334.5195  -21.6370  367.1237  367.6211
 6335.5020   -7.5929 6335.5254  -17.6290  367.0094  367.3526
 6336.4033   -5.4238 6336.4121  -13.9997  366.9339  367.1604
 6337.1606   -3.5863 6337.1621  -10.8069  366.8877  367.0292
 6337.7603   -2.1117 6337.7588   -8.2319  366.8635  366.9497
 6338.1890   -1.0383 6338.1865   -6.3513  366.8512  366.9047
 6338.6177    0.0759 6338.6147   -4.4686  366.8441  366.8713
 6339.0044    0.4578 6339.0024   -2.7398  366.8419  366.8519
 6339.3110    0.4195 6339.3101   -1.3196  366.8407  366.8429
 6339.5083    0.2076 6339.5078   -0.4830  366.8399  366.8401
 6339.5762   -0.0904 6339.5762   -0.0904  366.8396  366.8396
*SECTION      1
-SECTION-     5   33
>----RAD------XOFF------YOFF------ROTD----CONEANGLE----                                   
    0.0000    0.0000    0.0000    0.0000    0.0000
>----X1--------Y1--------X2--------Y2--------R1-------- R2----                            
 6305.7773  -56.2414 6305.7773  -56.2414  380.0971  380.0971
 6306.0195  -54.8736 6306.0801  -57.7548  379.8554  380.2651
 6306.9888  -53.4225 6307.1226  -59.6820  379.4678  380.3599
 6308.5205  -51.6930 6308.7515  -61.2024  378.9186  380.2621
 6310.4351  -49.5008 6310.7783  -62.0269  378.1837  379.9119
 6312.5225  -46.9873 6312.9741  -62.1426  377.2831  379.2993
 6313.6245  -45.5832 6314.1294  -61.9536  376.7661  378.9000
 6314.7886  -44.0706 6315.3418  -61.5863  376.2037  378.4397
 6316.0088  -42.4592 6316.6045  -61.0228  375.6117  377.9330
 6317.2788  -40.6926 6317.9116  -60.2333  375.0034  377.3952
 6318.5981  -38.8363 6319.2544  -59.1850  374.4020  376.8366
 6319.9570  -36.8399 6320.6235  -57.8272  373.8171  376.2619
 6321.3486  -34.7575 6322.0049  -56.1120  373.2613  375.6690
 6322.7583  -32.5333 6323.3843  -53.9857  372.7316  375.0534
 6324.1753  -30.2308 6324.7485  -51.3832  372.2349  374.4128
 6325.5889  -27.8345 6326.0957  -48.4304  371.7719  373.7706
 6326.9863  -25.3397 6327.4160  -45.1217  371.3456  373.1347
 6328.3569  -22.8072 6328.7114  -41.6385  370.9624  372.5332
 6329.6895  -20.2427 6329.9663  -37.8585  370.6242  371.9600
 6330.9717  -17.6483 6331.1753  -33.8803  370.3316  371.4318
 6332.1914  -15.0749 6332.3311  -29.7920  370.0862  370.9610
 6333.3359  -12.5514 6333.4243  -25.6870  369.8869  370.5565
 6334.3921  -10.0937 6334.4448  -21.7582  369.7302  370.2280
 6335.3486   -7.8396 6335.3755  -17.9929  369.6161  369.9689
 6336.1924   -5.7925 6336.2041  -14.5409  369.5377  369.7777
 6336.9111   -4.0186 6336.9141  -11.4532  369.4874  369.6429
 6337.4927   -2.5601 6337.4917   -8.8794  369.4586  369.5564
 6337.9248   -1.4486 6337.9229   -6.9843  369.4436  369.5067
 6338.3569   -0.3157 6338.3545   -5.0231  369.4333  369.4673
 6338.7466    0.0967 6338.7451   -3.2237  369.4286  369.4427
 6339.0562    0.0660 6339.0552   -1.7914  369.4270  369.4313
 6339.2549   -0.1363 6339.2549   -0.8925  369.4262  369.4273
 6339.3232   -0.4481 6339.3232   -0.4481  369.4262  369.4262
 AIRFOIL # =           1
*SECTION      1
-SECTION-     1   33
>----RAD------XOFF------YOFF------ROTD----CONEANGLE----                                   
    0.0000    0.0000    0.0000    0.0000    0.0000
>----X1--------Y1--------X2--------Y2--------R1-------- R2----                            
 6350.9644    0.9849 6350.9644    0.9849  321.8780  321.8780
 6351.1392    2.1117 6351.1387    0.1003  321.8805  321.8736
 6351.6460    3.3323 6351.6455   -0.5468  321.8843  321.8675
 6352.4360    4.6385 6352.4351   -0.9200  321.8972  321.8651
 6353.4307    5.8485 6353.4297   -0.9842  321.9146  321.8631
 6354.5337    6.8751 6354.5327   -0.9932  321.9257  321.8539
 6355.6240    7.6677 6355.6226   -1.0321  321.9296  321.8399
 6356.7822    8.2747 6356.7798   -1.1386  321.9224  321.8181
 6357.9976    8.7431 6357.9941   -1.3082  321.9020  321.7861
 6359.2607    9.0314 6359.2568   -1.5495  321.8663  321.7435
 6360.5605    9.1228 6360.5557   -1.8633  321.8144  321.6907
 6361.8862    9.0025 6361.8823   -2.2598  321.7460  321.6282
 6363.2290    8.6580 6363.2246   -2.7414  321.6616  321.5570
 6364.5771    8.0760 6364.5732   -3.3110  321.5624  321.4783
 6365.9204    7.2503 6365.9185   -3.9747  321.4511  321.3941
 6367.2500    6.1656 6367.2500   -4.7398  321.3305  321.3063
 6368.5552    4.8147 6368.5571   -5.5989  321.2047  321.2172
 6369.8257    3.2107 6369.8311   -6.5744  321.0791  321.1299
 6371.0527    1.3804 6371.0605   -7.6650  320.9594  321.0473
 6372.2266   -0.6312 6372.2363   -8.8439  320.8511  320.9714
 6373.3364   -2.7459 6373.3477  -10.1191  320.7587  320.9054
 6374.3730   -4.8924 6374.3848  -11.4358  320.6853  320.8506
 6375.3257   -6.9843 6375.3374  -12.7454  320.6312  320.8070
 6376.1836   -8.9422 6376.1958  -13.9773  320.5948  320.7734
 6376.9370  -10.7051 6376.9482  -15.0749  320.5733  320.7476
 6377.5752  -12.2497 6377.5859  -16.0277  320.5641  320.7293
 6378.0874  -13.4764 6378.0977  -16.7728  320.5612  320.7153
 6378.4634  -14.4342 6378.4736  -17.3140  320.5643  320.7056
 6378.8398  -15.3301 6378.8496  -17.8349  320.5673  320.6956
 6379.1792  -16.1749 6379.1880  -17.9978  320.5739  320.6699
 6379.4487  -16.8405 6379.4556  -17.9245  320.5803  320.6383
 6379.6216  -17.2603 6379.6265  -17.7450  320.5848  320.6107
 6379.6807  -17.4879 6379.6807  -17.4879  320.5911  320.5911
*SECTION      1
-SECTION-     2   33
>----RAD------XOFF------YOFF------ROTD----CONEANGLE----                                   
    0.0000    0.0000    0.0000    0.0000    0.0000
>----X1--------Y1--------X2--------Y2--------R1-------- R2----                            
 6350.9644    0.9849 6350.9644    0.9849  322.4377  322.4377
 6351.1392    2.1117 6351.1387    0.1003  322.4403  322.4334
 6351.6460    3.3324 6351.6455   -0.5468  322.4442  322.4274
 6352.4360    4.6385 6352.4351   -0.9200  322.4573  322.4252
 6353.4307    5.8485 6353.4297   -0.9842  322.4748  322.4233
 6354.5337    6.8752 6354.5327   -0.9932  322.4861  322.4144
 6355.6240    7.6677 6355.6221   -1.0321  322.4903  322.4008
 6356.7822    8.2747 6356.7798   -1.1386  322.4836  322.3795
 6357.9976    8.7430 6357.9941   -1.3081  322.4638  322.3480
 6359.2607    9.0314 6359.2568   -1.5495  322.4288  322.3062
 6360.5601    9.1228 6360.5557   -1.8633  322.3776  322.2542
 6361.8862    9.0026 6361.8818   -2.2597  322.3102  322.1926
 6363.2290    8.6580 6363.2241   -2.7413  322.2267  322.1223
 6364.5771    8.0760 6364.5732   -3.3110  322.1286  322.0446
 6365.9204    7.2503 6365.9185   -3.9747  322.0184  321.9615
 6367.2505    6.1655 6367.2500   -4.7398  321.8989  321.8747
 6368.5552    4.8145 6368.5571   -5.5989  321.7741  321.7867
 6369.8262    3.2104 6369.8311   -6.5744  321.6496  321.7003
 6371.0532    1.3799 6371.0605   -7.6651  321.5309  321.6186
 6372.2271   -0.6318 6372.2363   -8.8440  321.4234  321.5435
 6373.3369   -2.7467 6373.3477  -10.1191  321.3318  321.4783
 6374.3730   -4.8932 6374.3848  -11.4359  321.2589  321.4240
 6375.3257   -6.9851 6375.3374  -12.7454  321.2054  321.3810
 6376.1841   -8.9430 6376.1958  -13.9772  321.1696  321.3478
 6376.9370  -10.7059 6376.9482  -15.0748  321.1486  321.3226
 6377.5752  -12.2503 6377.5859  -16.0276  321.1400  321.3050
 6378.0874  -13.4770 6378.0977  -16.7726  321.1377  321.2916
 6378.4639  -14.4347 6378.4736  -17.3138  321.1414  321.2824
 6378.8398  -15.3304 6378.8496  -17.8348  321.1449  321.2729
 6379.1797  -16.1751 6379.1880  -17.9978  321.1520  321.2479
 6379.4487  -16.8406 6379.4556  -17.9245  321.1590  321.2169
 6379.6216  -17.2603 6379.6265  -17.7451  321.1638  321.1896
 6379.6807  -17.4878 6379.6807  -17.4878  321.1701  321.1701
*SECTION      1
-SECTION-     3   33
>----RAD------XOFF------YOFF------ROTD----CONEANGLE----                                   
    0.0000    0.0000    0.0000    0.0000    0.0000
>----X1--------Y1--------X2--------Y2--------R1-------- R2----                            
 6350.6074    2.8953 6350.6074    2.8953  345.9578  345.9578
 6350.7646    3.9123 6350.7651    2.0582  345.9673  345.9513
 6351.2236    5.0730 6351.2236    1.4286  345.9813  345.9471
 6351.9380    6.2599 6351.9380    1.0970  346.0016  345.9467
 6352.8384    7.2962 6352.8379    1.0465  346.0269  345.9516
 6353.8364    8.1314 6353.8359    1.1058  346.0504  345.9566
 6354.8350    8.7895 6354.8335    1.1568  346.0687  345.9590
 6355.9219    9.2916 6355.9199    1.1595  346.0819  345.9592
 6357.0854    9.6403 6357.0825    1.0460  346.0875  345.9549
 6358.3140    9.8199 6358.3101    0.7963  346.0834  345.9451
 6359.5957    9.8041 6359.5913    0.4038  346.0678  345.9292
 6360.9185    9.5813 6360.9131   -0.1273  346.0399  345.9074
 6362.2710    9.1250 6362.2651   -0.8179  345.9991  345.8799
 6363.6406    8.4266 6363.6343   -1.6614  345.9457  345.8473
 6365.0161    7.4826 6365.0093   -2.6582  345.8814  345.8109
 6366.3848    6.2381 6366.3789   -3.8125  345.8077  345.7726
 6367.7358    4.7311 6367.7310   -5.1096  345.7282  345.7338
 6369.0581    2.9681 6369.0537   -6.5305  345.6474  345.6965
 6370.3389    0.9943 6370.3359   -8.0525  345.5706  345.6631
 6371.5674   -1.1394 6371.5654   -9.6421  345.5029  345.6357
 6372.7324   -3.3922 6372.7300  -11.2389  345.4475  345.6137
 6373.8208   -5.6811 6373.8188  -12.8043  345.4061  345.5967
 6374.8218   -7.9317 6374.8193  -14.3058  345.3804  345.5855
 6375.7231  -10.0592 6375.7202  -15.6674  345.3713  345.5802
 6376.5132  -11.9904 6376.5093  -16.8652  345.3823  345.5858
 6377.1787  -13.6510 6377.1748  -17.8766  345.4040  345.5968
 6377.7090  -15.0397 6377.7051  -18.6750  345.4334  345.6107
 6378.0918  -16.0712 6378.0884  -19.2425  345.4633  345.6253
 6378.4741  -17.1021 6378.4717  -19.7930  345.4995  345.6429
 6378.8184  -18.0392 6378.8179  -19.9731  345.5367  345.6429
 6379.0913  -18.7472 6379.0923  -19.9081  345.5668  345.6315
 6379.2666  -19.2124 6379.2681  -19.7323  345.5886  345.6178
 6379.3257  -19.4802 6379.3257  -19.4802  345.6026  345.6026
*SECTION      1
-SECTION-     4   33
>----RAD------XOFF------YOFF------ROTD----CONEANGLE----                                   
    0.0000    0.0000    0.0000    0.0000    0.0000
>----X1--------Y1--------X2--------Y2--------R1-------- R2----                            
 6350.6074    5.1460 6350.6074    5.1460  369.4568  369.4568
 6350.7471    5.9758 6350.7480    4.5398  369.4709  369.4505
 6351.1562    6.9021 6351.1577    4.0562  369.4919  369.4496
 6351.7944    7.8646 6351.7954    3.7414  369.5187  369.4539
 6352.5986    8.7042 6352.5996    3.5926  369.5479  369.4629
 6353.4902    9.3759 6353.4907    3.5051  369.5765  369.4742
 6354.3813    9.8527 6354.3818    3.3996  369.6014  369.4857
 6355.3862   10.2086 6355.3862    3.2117  369.6253  369.4983
 6356.4917   10.4111 6356.4912    2.8996  369.6466  369.5114
 6357.6831   10.4331 6357.6812    2.4486  369.6636  369.5245
 6358.9468   10.2525 6358.9438    1.8579  369.6749  369.5374
 6360.2690    9.8462 6360.2651    1.1248  369.6789  369.5494
 6361.6357    9.1888 6361.6309    0.2363  369.6747  369.5605
 6363.0337    8.2639 6363.0278   -0.8164  369.6620  369.5705
 6364.4482    7.0533 6364.4414   -2.0546  369.6412  369.5797
 6365.8662    5.5623 6365.8584   -3.4762  369.6141  369.5886
 6367.2734    3.8450 6367.2646   -5.0404  369.5846  369.5990
 6368.6558    1.8983 6368.6470   -6.6947  369.5541  369.6100
 6370.0005   -0.2082 6369.9907   -8.3881  369.5268  369.6221
 6371.2935   -2.4215 6371.2827  -10.0803  369.5062  369.6360
 6372.5210   -4.6961 6372.5093  -11.7573  369.4935  369.6510
 6373.6685   -6.9699 6373.6562  -13.3678  369.4879  369.6644
 6374.7231   -9.1716 6374.7095  -14.8723  369.4895  369.6753
 6375.6699  -11.2488 6375.6562  -16.2320  369.5039  369.6896
 6376.4956  -13.1183 6376.4814  -17.3912  369.5403  369.7168
 6377.1855  -14.7354 6377.1714  -18.3821  369.5874  369.7507
 6377.7266  -15.9887 6377.7129  -19.1414  369.6362  369.7857
 6378.1045  -16.8719 6378.0918  -19.6627  369.6812  369.8185
 6378.4810  -17.7683 6378.4702  -20.1618  369.7349  369.8570
 6378.8208  -18.5735 6378.8125  -20.3479  369.7883  369.8811
 6379.0894  -19.2017 6379.0850  -20.2846  369.8324  369.8899
 6379.2617  -19.6042 6379.2598  -20.1084  369.8636  369.8904
 6379.3188  -19.8706 6379.3188  -19.8706  369.8817  369.8817
*SECTION      1
-SECTION-     5   33
>----RAD------XOFF------YOFF------ROTD----CONEANGLE----                                   
    0.0000    0.0000    0.0000    0.0000    0.0000
>----X1--------Y1--------X2--------Y2--------R1-------- R2----                            
 6350.6074    5.1460 6350.6074    5.1460  369.7366  369.7366
 6350.7471    5.9758 6350.7480    4.5398  369.7507  369.7303
 6351.1562    6.9021 6351.1577    4.0562  369.7717  369.7295
 6351.7944    7.8645 6351.7954    3.7414  369.7986  369.7339
 6352.5986    8.7042 6352.5996    3.5926  369.8279  369.7430
 6353.4897    9.3758 6353.4907    3.5051  369.8565  369.7543
 6354.3813    9.8527 6354.3818    3.3996  369.8815  369.7660
 6355.3862   10.2086 6355.3862    3.2117  369.9056  369.7787
 6356.4917   10.4111 6356.4912    2.8996  369.9272  369.7920
 6357.6831   10.4331 6357.6812    2.4486  369.9444  369.8054
 6358.9468   10.2526 6358.9438    1.8579  369.9560  369.8185
 6360.2690    9.8462 6360.2651    1.1248  369.9604  369.8311
 6361.6357    9.1888 6361.6309    0.2364  369.9566  369.8426
 6363.0332    8.2640 6363.0278   -0.8164  369.9445  369.8531
 6364.4478    7.0533 6364.4414   -2.0546  369.9243  369.8628
 6365.8662    5.5623 6365.8584   -3.4761  369.8978  369.8723
 6367.2729    3.8450 6367.2646   -5.0403  369.8688  369.8832
 6368.6558    1.8983 6368.6470   -6.6947  369.8389  369.8947
 6370.0005   -0.2082 6369.9907   -8.3880  369.8122  369.9074
 6371.2935   -2.4216 6371.2827  -10.0803  369.7920  369.9217
 6372.5210   -4.6962 6372.5088  -11.7573  369.7797  369.9371
 6373.6685   -6.9701 6373.6562  -13.3678  369.7746  369.9509
 6374.7231   -9.1718 6374.7095  -14.8723  369.7764  369.9621
 6375.6704  -11.2491 6375.6562  -16.2320  369.7911  369.9766
 6376.4961  -13.1185 6376.4814  -17.3912  369.8278  370.0041
 6377.1860  -14.7356 6377.1714  -18.3821  369.8751  370.0383
 6377.7266  -15.9889 6377.7129  -19.1414  369.9242  370.0736
 6378.1045  -16.8720 6378.0918  -19.6627  369.9695  370.1067
 6378.4814  -17.7684 6378.4702  -20.1617  370.0234  370.1454
 6378.8208  -18.5735 6378.8125  -20.3478  370.0770  370.1698
 6379.0898  -19.2017 6379.0850  -20.2846  370.1214  370.1788
 6379.2617  -19.6042 6379.2598  -20.1084  370.1526  370.1795
 6379.3188  -19.8705 6379.3188  -19.8705  370.1709  370.1709
 AIRFOIL # =           1
*SECTION      1
-SECTION-     1   33
>----RAD------XOFF------YOFF------ROTD----CONEANGLE----                                   
    0.0000    0.0000    0.0000    0.0000    0.0000
>----X1--------Y1--------X2--------Y2--------R1-------- R2----                            
 6406.2637  -39.7013 6406.2637  -39.7013  319.0733  319.0733
 6406.4219  -38.7616 6406.4697  -40.7002  318.9213  319.1489
 6407.0303  -37.8085 6407.1313  -41.9276  318.6607  319.1456
 6408.0088  -37.1127 6408.1587  -43.2095  318.3362  319.0584
 6409.2520  -36.5922 6409.4487  -44.4762  317.9585  318.9003
 6410.6367  -36.2815 6410.8735  -45.6184  317.5639  318.6910
 6412.0234  -35.9990 6412.2949  -46.5288  317.1747  318.4575
 6413.6172  -35.6556 6413.9229  -47.3141  316.7371  318.1684
 6415.3936  -35.2365 6415.7310  -47.9474  316.2626  317.8317
 6417.3276  -34.6912 6417.6929  -48.3401  315.7566  317.4437
 6419.3940  -34.0100 6419.7812  -48.4752  315.2273  317.0099
 6421.5654  -33.1088 6421.9697  -48.2819  314.6758  316.5279
 6423.8184  -32.0124 6424.2319  -47.7250  314.1143  316.0016
 6426.1260  -30.6207 6426.5400  -46.7344  313.5437  315.4305
 6428.4639  -28.9721 6428.8662  -45.2593  312.9777  314.8174
 6430.8071  -27.0235 6431.1865  -43.2660  312.4217  314.1687
 6433.1309  -24.8053 6433.4736  -40.7171  311.8874  313.4924
 6435.4102  -22.3437 6435.7046  -37.6369  311.3840  312.8050
 6437.6206  -19.6923 6437.8594  -34.0765  310.9210  312.1265
 6439.7358  -16.9159 6439.9189  -30.2097  310.5062  311.4885
 6441.7310  -14.1023 6441.8618  -26.1012  310.1480  310.9089
 6443.5791  -11.3060 6443.6646  -21.8296  309.8511  310.4042
 6445.2534   -8.6551 6445.3047  -17.5866  309.6186  309.9922
 6446.7266   -6.2232 6446.7539  -13.5329  309.4443  309.6753
 6447.9692   -4.1154 6447.9829   -9.9130  309.3179  309.4484
 6448.9546   -2.4078 6448.9604   -6.9870  309.2296  309.2987
 6449.6553   -1.1501 6449.6582   -4.9520  309.1723  309.2096
 6450.0444   -0.4589 6450.0459   -3.7895  309.1425  309.1652
 6450.4336    0.2379 6450.4346   -2.6595  309.1140  309.1253
 6450.7847    0.4633 6450.7852   -1.6417  309.0884  309.0925
 6451.0635    0.4151 6451.0635   -0.8402  309.0676  309.0684
 6451.2427    0.2177 6451.2427   -0.3601  309.0538  309.0540
 6451.3042   -0.0885 6451.3042   -0.0886  309.0490  309.0490
*SECTION      1
-SECTION-     2   33
>----RAD------XOFF------YOFF------ROTD----CONEANGLE----                                   
    0.0000    0.0000    0.0000    0.0000    0.0000
>----X1--------Y1--------X2--------Y2--------R1-------- R2----                            
 6406.2637  -39.7004 6406.2637  -39.7004  320.4323  320.4323
 6406.4282  -38.7462 6406.4746  -40.7126  320.2797  320.5105
 6407.0552  -37.7831 6407.1523  -41.9572  320.0221  320.5138
 6408.0610  -37.0843 6408.2051  -43.2596  319.7036  320.4360
 6409.3389  -36.5625 6409.5278  -44.5437  319.3339  320.2887
 6410.7627  -36.2558 6410.9897  -45.6979  318.9491  320.0907
 6412.1870  -35.9641 6412.4482  -46.6159  318.5691  319.8689
 6413.8105  -35.6124 6414.1040  -47.3858  318.1466  319.5939
 6415.6089  -35.1784 6415.9321  -47.9991  317.6913  319.2751
 6417.5566  -34.6216 6417.9058  -48.3663  317.2084  318.9073
 6419.6289  -33.9198 6420.0000  -48.4695  316.7038  318.4950
 6421.8008  -33.0018 6422.1880  -48.2425  316.1789  318.0356
 6424.0483  -31.8855 6424.4434  -47.6498  315.6446  317.5323
 6426.3452  -30.4744 6426.7407  -46.6274  315.1013  316.9847
 6428.6689  -28.8142 6429.0522  -45.1184  314.5629  316.3947
 6430.9937  -26.8574 6431.3545  -43.0971  314.0336  315.7691
 6433.2969  -24.6356 6433.6221  -40.5274  313.5248  315.1156
 6435.5537  -22.1813 6435.8325  -37.4392  313.0456  314.4511
 6437.7397  -19.5434 6437.9653  -33.8861  312.6046  313.7954
 6439.8306  -16.7850 6440.0029  -30.0402  312.2094  313.1793
 6441.8013  -13.9981 6441.9243  -25.9619  311.8683  312.6196
 6443.6270  -11.2315 6443.7065  -21.7250  311.5857  312.1320
 6445.2803   -8.6125 6445.3276  -17.5236  311.3643  311.7339
 6446.7349   -6.2080 6446.7607  -13.5139  311.1983  311.4278
 6447.9644   -4.1238 6447.9766   -9.9317  311.0779  311.2082
 6448.9409   -2.4319 6448.9463   -7.0295  310.9936  311.0632
 6449.6387   -1.1797 6449.6411   -5.0011  310.9388  310.9766
 6450.0317   -0.4815 6450.0327   -3.8289  310.9099  310.9330
 6450.4253    0.2268 6450.4258   -2.6850  310.8825  310.8939
 6450.7798    0.4632 6450.7798   -1.6576  310.8578  310.8619
 6451.0610    0.4159 6451.0610   -0.8470  310.8377  310.8385
 6451.2417    0.2191 6451.2417   -0.3620  310.8244  310.8246
 6451.3042   -0.0885 6451.3042   -0.0885  310.8198  310.8198
*SECTION      1
-SECTION-     3   33
>----RAD------XOFF------YOFF------ROTD----CONEANGLE----                                   
    0.0000    0.0000    0.0000    0.0000    0.0000
>----X1--------Y1--------X2--------Y2--------R1-------- R2----                            
 6403.7017  -40.6919 6403.7017  -40.6919  348.5704  348.5704
 6403.9214  -39.7488 6403.8774  -41.9063  348.4731  348.7214
 6404.6328  -38.8627 6404.5669  -43.3231  348.4074  348.9253
 6405.7456  -38.2459 6405.6626  -44.8194  348.3900  349.1617
 6407.1484  -37.8702 6407.0532  -46.2654  348.4075  349.4061
 6408.7031  -37.5947 6408.6030  -47.5112  348.4354  349.6288
 6410.2583  -37.2922 6410.1577  -48.4850  348.4564  349.8140
 6412.0200  -36.9005 6411.9224  -49.2815  348.4765  349.9850
 6413.9629  -36.4012 6413.8716  -49.8702  348.5024  350.1445
 6416.0605  -35.7538 6415.9790  -50.1801  348.5323  350.2842
 6418.2881  -34.9209 6418.2192  -50.1790  348.5553  350.3910
 6420.6196  -33.8727 6420.5654  -49.8212  348.5589  350.4474
 6423.0298  -32.5624 6422.9912  -49.0487  348.5335  350.4389
 6425.4912  -30.9610 6425.4688  -47.8246  348.4778  350.3615
 6427.9795  -29.0795 6427.9702  -46.1067  348.3964  350.2139
 6430.4673  -26.8992 6430.4678  -43.8549  348.2917  349.9975
 6432.9307  -24.4407 6432.9351  -41.0887  348.1704  349.7240
 6435.3428  -21.7444 6435.3472  -37.8746  348.0405  349.4122
 6437.6792  -18.8809 6437.6777  -34.2063  347.9103  349.0728
 6439.9136  -15.8949 6439.9043  -30.1423  347.7861  348.7248
 6442.0220  -12.8592 6442.0029  -25.7721  347.6763  348.3912
 6443.9785   -9.8789 6443.9521  -21.2359  347.5887  348.0957
 6445.7568   -7.0489 6445.7271  -16.6712  347.5267  347.8545
 6447.3315   -4.4077 6447.3032  -12.3704  347.4882  347.6802
 6448.6768   -2.0993 6448.6528   -8.5221  347.4692  347.5673
 6449.7666   -0.1540 6449.7476   -5.3266  347.4634  347.5042
 6450.5747    1.3471 6450.5610   -2.9411  347.4653  347.4752
 6451.0762    2.2361 6451.0654   -1.4791  347.4688  347.4648
 6451.5776    3.1546 6451.5698   -0.0535  347.4745  347.4601
 6452.0298    3.7113 6452.0254    1.2306  347.4784  347.4607
 6452.3887    3.7379 6452.3867    2.2838  347.4773  347.4647
 6452.6187    3.5601 6452.6187    2.8979  347.4745  347.4683
 6452.6982    3.3372 6452.6982    3.3372  347.4719  347.4719
*SECTION      1
-SECTION-     4   33
>----RAD------XOFF------YOFF------ROTD----CONEANGLE----                                   
    0.0000    0.0000    0.0000    0.0000    0.0000
>----X1--------Y1--------X2--------Y2--------R1-------- R2----                            
 6401.0654  -42.0802 6401.0654  -42.0802  375.4892  375.4892
 6401.3418  -40.6992 6401.3394  -43.0925  375.4120  375.6761
 6402.2910  -39.6327 6402.2168  -44.5573  375.5589  376.0853
 6403.7471  -38.9426 6403.6050  -46.1972  375.9048  376.6768
 6405.5654  -38.4968 6405.3613  -47.8454  376.4052  377.4043
 6407.5752  -38.0459 6407.3198  -49.2278  376.9823  378.1833
 6409.5625  -37.5596 6409.2686  -50.2575  377.5569  378.9253
 6411.6909  -36.9679 6411.3677  -51.0199  378.1685  379.6834
 6413.9385  -36.2611 6413.5962  -51.4943  378.8123  380.4485
 6416.2866  -35.3932 6415.9351  -51.6528  379.4753  381.2088
 6418.7202  -34.3216 6418.3687  -51.4642  380.1282  381.9353
 6421.2241  -33.0185 6420.8823  -50.8908  380.7409  382.5932
 6423.7793  -31.4201 6423.4561  -49.8811  381.2931  383.1573
 6426.3623  -29.5479 6426.0659  -48.3736  381.7820  383.6144
 6428.9497  -27.3714 6428.6851  -46.3720  382.2043  383.9641
 6431.5176  -24.9223 6431.2866  -43.8370  382.5627  384.2043
 6434.0415  -22.2067 6433.8442  -40.8305  382.8602  384.3486
 6436.4980  -19.3266 6436.3320  -37.3453  383.1066  384.4062
 6438.8638  -16.2799 6438.7251  -33.4374  383.3059  384.3948
 6441.1162  -13.2060 6441.0000  -29.1118  383.4695  384.3306
 6443.2314  -10.1249 6443.1348  -24.3709  383.6048  384.2340
 6445.1880   -7.1405 6445.1074  -19.4700  383.7201  384.1400
 6446.9629   -4.3291 6446.8984  -14.6461  383.8226  384.0724
 6448.5342   -1.6978 6448.4849  -10.1795  383.9175  384.0452
 6449.8804    0.6459 6449.8447   -6.2647  384.0072  384.0554
 6450.9785    2.6103 6450.9541   -3.0438  384.0894  384.0910
 6451.8086    4.1462 6451.7920   -0.5734  384.1583  384.1353
 6452.3477    5.1882 6452.3369    1.0823  384.2076  384.1733
 6452.8867    6.2230 6452.8804    2.7096  384.2599  384.2186
 6453.3730    6.9745 6453.3706    4.1965  384.3066  384.2661
 6453.7598    7.0501 6453.7593    5.4237  384.3353  384.3089
 6454.0083    6.8467 6454.0083    6.1484  384.3495  384.3376
 6454.0938    6.5473 6454.0938    6.5473  384.3504  384.3504
 AIRFOIL # =           1
*SECTION      1
-SECTION-     1   33
>----RAD------XOFF------YOFF------ROTD----CONEANGLE----                                   
    0.0000    0.0000    0.0000    0.0000    0.0000
>----X1--------Y1--------X2--------Y2--------R1-------- R2----                            
 6464.0288    2.3818 6464.0288    2.3818  308.0493  308.0493
 6464.1318    2.9423 6464.1313    1.8780  308.0481  308.0398
 6464.4316    3.7608 6464.4307    1.4845  308.0396  308.0203
 6464.8984    4.6397 6464.8970    1.2474  308.0257  307.9933
 6465.4863    5.4580 6465.4844    1.1982  308.0086  307.9627
 6466.1382    6.1663 6466.1353    1.2103  307.9906  307.9314
 6466.7900    6.7402 6466.7871    1.2265  307.9740  307.9029
 6467.6455    7.3458 6467.6421    1.2401  307.9539  307.8690
 6468.6836    7.9405 6468.6797    1.2277  307.9333  307.8335
 6469.8843    8.4453 6469.8799    1.1726  307.9130  307.7995
 6471.2261    8.8240 6471.2217    1.0260  307.8944  307.7698
 6472.6885    9.0446 6472.6841    0.7615  307.8786  307.7468
 6474.2515    9.0650 6474.2476    0.3601  307.8654  307.7321
 6475.8945    8.8572 6475.8901   -0.1902  307.8557  307.7283
 6477.5962    8.3991 6477.5918   -0.9013  307.8468  307.7336
 6479.3364    7.6704 6479.3315   -1.7708  307.8415  307.7510
 6481.0938    6.6664 6481.0894   -2.7957  307.8390  307.7794
 6482.8481    5.3950 6482.8433   -3.9704  307.8409  307.8191
 6484.5796    3.8653 6484.5737   -5.2641  307.8483  307.8690
 6486.2666    2.1040 6486.2598   -6.6525  307.8637  307.9282
 6487.8882    0.1642 6487.8809   -8.0974  307.8888  307.9950
 6489.4243   -1.9238 6489.4155   -9.5519  307.9252  308.0671
 6490.8540   -4.0445 6490.8442  -10.9771  307.9732  308.1420
 6492.1562   -6.1320 6492.1455  -12.3315  308.0312  308.2166
 6493.3110   -8.1033 6493.2998  -13.5761  308.0959  308.2880
 6494.2969   -9.8625 6494.2856  -14.6683  308.1617  308.3526
 6495.0942  -11.3343 6495.0835  -15.5721  308.2230  308.4075
 6495.6821  -12.4535 6495.6719  -16.2566  308.2731  308.4497
 6496.2695  -13.5965 6496.2607  -16.9252  308.3276  308.4920
 6496.7998  -14.6273 6496.7930  -17.1325  308.3795  308.5082
 6497.2202  -15.4572 6497.2153  -17.0086  308.4233  308.5047
 6497.4897  -16.0000 6497.4863  -16.7119  308.4529  308.4906
 6497.5781  -16.4129 6497.5781  -16.4129  308.4752  308.4752
*SECTION      1
-SECTION-     2   33
>----RAD------XOFF------YOFF------ROTD----CONEANGLE----                                   
    0.0000    0.0000    0.0000    0.0000    0.0000
>----X1--------Y1--------X2--------Y2--------R1-------- R2----                            
 6464.0288    2.3818 6464.0288    2.3818  308.6015  308.6015
 6464.1318    2.9423 6464.1313    1.8780  308.6003  308.5920
 6464.4316    3.7608 6464.4307    1.4845  308.5921  308.5727
 6464.8984    4.6397 6464.8970    1.2474  308.5783  308.5461
 6465.4863    5.4580 6465.4844    1.1982  308.5616  308.5157
 6466.1382    6.1663 6466.1353    1.2103  308.5440  308.4848
 6466.7900    6.7402 6466.7871    1.2265  308.5276  308.4566
 6467.6455    7.3458 6467.6421    1.2401  308.5079  308.4231
 6468.6836    7.9405 6468.6797    1.2277  308.4875  308.3879
 6469.8843    8.4453 6469.8799    1.1726  308.4675  308.3543
 6471.2261    8.8240 6471.2217    1.0260  308.4492  308.3248
 6472.6885    9.0446 6472.6841    0.7615  308.4335  308.3018
 6474.2515    9.0650 6474.2476    0.3601  308.4203  308.2873
 6475.8940    8.8573 6475.8901   -0.1901  308.4104  308.2833
 6477.5962    8.3991 6477.5918   -0.9012  308.4014  308.2883
 6479.3359    7.6705 6479.3315   -1.7706  308.3957  308.3054
 6481.0933    6.6666 6481.0889   -2.7955  308.3929  308.3334
 6482.8481    5.3952 6482.8433   -3.9702  308.3943  308.3725
 6484.5791    3.8656 6484.5732   -5.2639  308.4013  308.4219
 6486.2661    2.1044 6486.2593   -6.6522  308.4162  308.4806
 6487.8882    0.1646 6487.8804   -8.0971  308.4409  308.5470
 6489.4238   -1.9233 6489.4150   -9.5516  308.4770  308.6187
 6490.8535   -4.0439 6490.8438  -10.9768  308.5247  308.6931
 6492.1558   -6.1315 6492.1450  -12.3312  308.5824  308.7675
 6493.3105   -8.1027 6493.2993  -13.5758  308.6469  308.8387
 6494.2964   -9.8620 6494.2852  -14.6680  308.7126  308.9031
 6495.0938  -11.3339 6495.0830  -15.5719  308.7737  308.9579
 6495.6821  -12.4531 6495.6719  -16.2564  308.8237  309.0001
 6496.2695  -13.5962 6496.2607  -16.9250  308.8783  309.0423
 6496.7993  -14.6271 6496.7930  -17.1325  308.9301  309.0586
 6497.2202  -15.4570 6497.2153  -17.0086  308.9738  309.0552
 6497.4897  -15.9998 6497.4863  -16.7119  309.0034  309.0410
 6497.5781  -16.4129 6497.5781  -16.4129  309.0257  309.0257
*SECTION      1
-SECTION-     3   33
>----RAD------XOFF------YOFF------ROTD----CONEANGLE----                                   
    0.0000    0.0000    0.0000    0.0000    0.0000
>----X1--------Y1--------X2--------Y2--------R1-------- R2----                            
 6465.3057    6.2861 6465.3057    6.2861  346.5977  346.5977
 6465.4155    6.8481 6465.4160    5.8159  346.6072  346.5883
 6465.7388    7.4051 6465.7388    5.4492  346.6151  346.5789
 6466.2407    7.9317 6466.2412    5.1699  346.6212  346.5690
 6466.8740    8.4084 6466.8740    4.8989  346.6255  346.5581
 6467.5767    8.8115 6467.5762    4.6272  346.6279  346.5468
 6468.2783    9.1318 6468.2778    4.3500  346.6286  346.5356
 6469.1572    9.4249 6469.1562    3.9800  346.6272  346.5219
 6470.1938    9.6503 6470.1924    3.5112  346.6228  346.5063
 6471.3691    9.7601 6471.3667    2.9449  346.6138  346.4890
 6472.6641    9.7240 6472.6616    2.2590  346.6009  346.4719
 6474.0596    9.5143 6474.0571    1.4658  346.5826  346.4551
 6475.5376    9.1054 6475.5347    0.5564  346.5597  346.4406
 6477.0781    8.4758 6477.0752   -0.4820  346.5319  346.4286
 6478.6631    7.6088 6478.6597   -1.6120  346.5019  346.4221
 6480.2725    6.4970 6480.2686   -2.8643  346.4709  346.4218
 6481.8882    5.1404 6481.8843   -4.2073  346.4418  346.4293
 6483.4912    3.5283 6483.4873   -5.6148  346.4177  346.4452
 6485.0625    1.7089 6485.0576   -7.0607  346.4023  346.4701
 6486.5835   -0.2917 6486.5776   -8.5082  346.3992  346.5035
 6488.0342   -2.4491 6488.0273   -9.9329  346.4110  346.5447
 6489.3965   -4.6355 6489.3887  -11.3265  346.4387  346.5927
 6490.6504   -6.8222 6490.6416  -12.6358  346.4817  346.6448
 6491.7769   -8.8842 6491.7686  -13.8613  346.5365  346.6996
 6492.7578  -10.7351 6492.7490  -14.9579  346.5974  346.7536
 6493.5737  -12.3141 6493.5654  -15.8948  346.6577  346.8032
 6494.2061  -13.5609 6494.1987  -16.6294  346.7110  346.8443
 6494.6367  -14.3924 6494.6299  -17.1432  346.7496  346.8745
 6495.0669  -15.2477 6495.0610  -17.6709  346.7914  346.9062
 6495.4556  -16.0155 6495.4507  -17.8592  346.8309  346.9207
 6495.7632  -16.6313 6495.7598  -17.7797  346.8640  346.9208
 6495.9604  -17.0244 6495.9585  -17.5781  346.8858  346.9134
 6496.0259  -17.3411 6496.0259  -17.3411  346.9024  346.9024
*SECTION      1
-SECTION-     4   33
>----RAD------XOFF------YOFF------ROTD----CONEANGLE----                                   
    0.0000    0.0000    0.0000    0.0000    0.0000
>----X1--------Y1--------X2--------Y2--------R1-------- R2----                            
 6467.1426   10.8205 6467.1426   10.8205  384.7537  384.7537
 6467.2759   11.3106 6467.2744   10.2434  384.7701  384.7402
 6467.6655   11.7324 6467.6650    9.6865  384.7889  384.7320
 6468.2739   12.0618 6468.2725    9.0395  384.8072  384.7244
 6469.0400   12.2551 6469.0386    8.2900  384.8212  384.7154
 6469.8896   12.2896 6469.8877    7.4630  384.8274  384.7036
 6470.7393   12.1947 6470.7373    6.6165  384.8264  384.6901
 6471.6870   11.9645 6471.6841    5.6738  384.8178  384.6736
 6472.7202   11.5843 6472.7168    4.5568  384.8019  384.6545
 6473.8286   11.0532 6473.8247    3.5036  384.7769  384.6341
 6474.9995   10.3537 6474.9956    2.3218  384.7437  384.6114
 6476.2227    9.5041 6476.2178    1.0777  384.7039  384.5880
 6477.4854    8.4547 6477.4805   -0.2257  384.6578  384.5650
 6478.7769    7.2362 6478.7725   -1.5682  384.6083  384.5435
 6480.0854    5.8102 6480.0811   -2.9335  384.5574  384.5248
 6481.3999    4.2473 6481.3960   -4.3311  384.5091  384.5102
 6482.7095    2.5193 6482.7051   -5.7109  384.4661  384.5003
 6484.0015    0.6867 6483.9971   -7.1195  384.4317  384.4971
 6485.2651   -1.2010 6485.2603   -8.4931  384.4082  384.5003
 6486.4893   -3.1490 6486.4834   -9.8726  384.3974  384.5113
 6487.6616   -5.0508 6487.6553  -11.1998  384.3993  384.5293
 6488.7705   -6.9450 6488.7632  -12.4964  384.4142  384.5546
 6489.8047   -8.7526 6489.7969  -13.7335  384.4406  384.5862
 6490.7524  -10.4140 6490.7441  -14.8670  384.4753  384.6216
 6491.6021  -11.9667 6491.5938  -15.9267  384.5170  384.6605
 6492.3423  -13.3357 6492.3340  -16.8669  384.5612  384.6997
 6492.9619  -14.4614 6492.9536  -17.6478  384.6032  384.7360
 6493.4502  -15.3609 6493.4409  -18.2893  384.6397  384.7676
 6493.9370  -16.2957 6493.9292  -18.9084  384.6807  384.8000
 6494.3770  -17.1065 6494.3696  -19.1125  384.7197  384.8139
 6494.7251  -17.7543 6494.7197  -19.0169  384.7527  384.8129
 6494.9487  -18.1685 6494.9443  -18.7720  384.7746  384.8034
 6495.0205  -18.5283 6495.0205  -18.5284  384.7925  384.7925
*SECTION      1
-SECTION-     5   33
>----RAD------XOFF------YOFF------ROTD----CONEANGLE----                                   
    0.0000    0.0000    0.0000    0.0000    0.0000
>----X1--------Y1--------X2--------Y2--------R1-------- R2----                            
 6467.1426   10.8205 6467.1426   10.8205  385.1689  385.1689
 6467.2759   11.3106 6467.2744   10.2434  385.1854  385.1555
 6467.6655   11.7324 6467.6650    9.6865  385.2043  385.1475
 6468.2739   12.0618 6468.2725    9.0395  385.2228  385.1400
 6469.0400   12.2551 6469.0386    8.2900  385.2369  385.1312
 6469.8896   12.2896 6469.8877    7.4630  385.2433  385.1195
 6470.7393   12.1947 6470.7373    6.6165  385.2424  385.1063
 6471.6870   11.9644 6471.6841    5.6738  385.2339  385.0899
 6472.7202   11.5843 6472.7168    4.5568  385.2180  385.0708
 6473.8286   11.0532 6473.8247    3.5036  385.1930  385.0504
 6474.9995   10.3537 6474.9956    2.3219  385.1599  385.0277
 6476.2227    9.5041 6476.2178    1.0778  385.1199  385.0042
 6477.4854    8.4548 6477.4805   -0.2257  385.0737  384.9811
 6478.7764    7.2363 6478.7725   -1.5682  385.0241  384.9594
 6480.0854    5.8103 6480.0811   -2.9335  384.9730  384.9405
 6481.3999    4.2474 6481.3960   -4.3310  384.9245  384.9256
 6482.7095    2.5195 6482.7051   -5.7108  384.8813  384.9155
 6484.0015    0.6869 6483.9966   -7.1193  384.8466  384.9119
 6485.2651   -1.2008 6485.2603   -8.4930  384.8229  384.9148
 6486.4893   -3.1488 6486.4834   -9.8724  384.8118  384.9256
 6487.6611   -5.0505 6487.6553  -11.1997  384.8134  384.9432
 6488.7705   -6.9448 6488.7632  -12.4962  384.8282  384.9684
 6489.8047   -8.7523 6489.7969  -13.7334  384.8543  384.9998
 6490.7520  -10.4138 6490.7441  -14.8669  384.8888  385.0349
 6491.6021  -11.9664 6491.5933  -15.9266  384.9304  385.0737
 6492.3423  -13.3355 6492.3335  -16.8668  384.9744  385.1128
 6492.9619  -14.4612 6492.9531  -17.6477  385.0163  385.1490
 6493.4497  -15.3608 6493.4409  -18.2892  385.0528  385.1805
 6493.9370  -16.2956 6493.9292  -18.9083  385.0937  385.2129
 6494.3770  -17.1064 6494.3696  -19.1125  385.1326  385.2267
 6494.7251  -17.7542 6494.7197  -19.0169  385.1656  385.2257
 6494.9487  -18.1684 6494.9443  -18.7719  385.1875  385.2163
 6495.0205  -18.5284 6495.0205  -18.5284  385.2054  385.2054
 AIRFOIL # =           1
*SECTION      1
-SECTION-     1   65
>----RAD------XOFF------YOFF------ROTD----CONEANGLE----                                   
    0.0000    0.0000    0.0000    0.0000    0.0000
>----X1--------Y1--------X2--------Y2--------R1-------- R2----                            
 6305.8398  -46.6216 6305.8398  -46.6216  318.7079  318.7079
 6305.8569  -46.4206 6305.8394  -46.8208  318.6861  318.7364
 6305.9351  -46.0078 6305.8755  -47.2436  318.6607  318.8134
 6306.0723  -45.5911 6305.9609  -47.7581  318.6605  318.9255
 6306.2598  -45.1900 6306.0928  -48.3381  318.6845  319.0681
 6306.4922  -44.8405 6306.2764  -48.8891  318.7356  319.2293
 6306.7646  -44.5174 6306.5039  -49.4290  318.8080  319.4087
 6307.0732  -44.2201 6306.7710  -49.9467  318.8996  319.6027
 6307.4136  -43.9120 6307.0737  -50.4312  319.0032  319.8071
 6307.7803  -43.5792 6307.4072  -50.8692  319.1152  320.0174
 6308.1680  -43.2232 6307.7637  -51.2651  319.2327  320.2317
 6308.5698  -42.8578 6308.1367  -51.6232  319.3537  320.4468
 6308.9790  -42.4727 6308.5215  -51.9337  319.4747  320.6581
 6309.3887  -42.0898 6308.9092  -52.2003  319.5949  320.8628
 6309.8516  -41.6552 6309.3501  -52.4524  319.7281  321.0860
 6310.3647  -41.1542 6309.8433  -52.6821  319.8710  321.3240
 6310.9263  -40.5829 6310.3853  -52.8790  320.0208  321.5734
 6311.5337  -39.9532 6310.9766  -53.0182  320.1752  321.8278
 6312.1841  -39.2566 6311.6143  -53.1035  320.3318  322.0840
 6312.8755  -38.4760 6312.2954  -53.1328  320.4855  322.3394
 6313.6035  -37.6588 6313.0186  -53.0922  320.6403  322.5882
 6314.3662  -36.7907 6313.7798  -52.9806  320.7929  322.8286
 6315.1597  -35.9003 6314.5776  -52.7891  320.9451  323.0575
 6315.9824  -34.9487 6315.4077  -52.5140  321.0913  323.2722
 6316.8296  -33.9727 6316.2681  -52.1467  321.2349  323.4705
 6317.6987  -32.9582 6317.1538  -51.6831  321.3732  323.6505
 6318.5869  -31.9059 6318.0625  -51.0943  321.5060  323.8069
 6319.4917  -30.8092 6318.9912  -50.3895  321.6314  323.9407
 6320.4097  -29.6672 6319.9355  -49.5362  321.7490  324.0462
 6321.3374  -28.4759 6320.8916  -48.5482  321.8573  324.1250
 6322.2720  -27.2586 6321.8560  -47.3758  321.9574  324.1698
 6323.2100  -26.0217 6322.8242  -46.0621  322.0495  324.1870
 6324.1494  -24.7392 6323.7920  -44.5790  322.1307  324.1735
 6325.0859  -23.4573 6324.7559  -42.9147  322.2044  324.1293
 6326.0171  -22.1459 6325.7119  -41.1345  322.2684  324.0649
 6326.9390  -20.8227 6326.6567  -39.2373  322.3236  323.9816
 6327.8491  -19.4874 6327.5874  -37.2085  322.3705  323.8804
 6328.7441  -18.1459 6328.5010  -35.0791  322.4098  323.7668
 6329.6211  -16.8096 6329.3945  -32.9197  322.4420  323.6505
 6330.4766  -15.4706 6330.2651  -30.6747  322.4677  323.5278
 6331.3081  -14.1278 6331.1108  -28.4318  322.4870  323.4081
 6332.1123  -12.7892 6331.9277  -26.1511  322.5006  323.2891
 6332.8853  -11.4741 6332.7139  -23.8711  322.5106  323.1752
 6333.6255  -10.2004 6333.4658  -21.6317  322.5165  323.0692
 6334.3286   -8.9535 6334.1816  -19.4663  322.5199  322.9742
 6334.9917   -7.7399 6334.8579  -17.4027  322.5196  322.8898
 6335.6118   -6.5879 6335.4912  -15.4469  322.5188  322.8165
 6336.1870   -5.5161 6336.0781  -13.6345  322.5161  322.7541
 6336.7129   -4.5167 6336.6157  -11.9726  322.5122  322.7006
 6337.1870   -3.6101 6337.1006  -10.4580  322.5092  322.6572
 6337.6060   -2.7835 6337.5298   -9.1005  322.5054  322.6212
 6337.9673   -2.0879 6337.8994   -7.9102  322.5019  322.5919
 6338.2676   -1.4845 6338.2070   -6.9127  322.4998  322.5703
 6338.5679   -0.8667 6338.5151   -5.9169  322.4985  322.5515
 6338.8628   -0.2776 6338.8179   -4.9178  322.4980  322.5352
 6339.1479    0.3017 6339.1099   -3.9607  322.4981  322.5223
 6339.4180    0.8577 6339.3872   -3.0588  322.4988  322.5123
 6339.6680    1.4034 6339.6436   -2.2075  322.5004  322.5049
 6339.8945    1.6254 6339.8760   -1.3866  322.5009  322.4998
 6340.0928    1.6707 6340.0796   -0.6882  322.5005  322.4970
 6340.2598    1.6419 6340.2515   -0.0900  322.5000  322.4958
 6340.3926    1.5629 6340.3882    0.3994  322.4991  322.4956
 6340.4897    1.4531 6340.4873    0.7520  322.4983  322.4960
 6340.5483    1.3232 6340.5479    0.9911  322.4976  322.4964
 6340.5679    1.1609 6340.5679    1.1609  322.4969  322.4969
*SECTION      1
-SECTION-     2   65
>----RAD------XOFF------YOFF------ROTD----CONEANGLE----                                   
    0.0000    0.0000    0.0000    0.0000    0.0000
>----X1--------Y1--------X2--------Y2--------R1-------- R2----                            
 6305.8364  -48.5065 6305.8364  -48.5065  331.6600  331.6600
 6305.8501  -48.3031 6305.8389  -48.7046  331.6349  331.6894
 6305.9263  -47.8659 6305.8838  -49.1376  331.5951  331.7657
 6306.0679  -47.4242 6305.9829  -49.6680  331.5747  331.8733
 6306.2642  -47.0309 6306.1362  -50.2436  331.5784  332.0043
 6306.5107  -46.6682 6306.3408  -50.8309  331.6015  332.1535
 6306.8013  -46.3298 6306.5947  -51.3957  331.6414  332.3148
 6307.1313  -46.0050 6306.8926  -51.9247  331.6949  332.4844
 6307.4966  -45.6593 6307.2290  -52.4151  331.7558  332.6595
 6307.8906  -45.2843 6307.5972  -52.8609  331.8210  332.8374
 6308.3066  -44.8895 6307.9907  -53.2607  331.8891  333.0153
 6308.7378  -44.4759 6308.4019  -53.6186  331.9577  333.1906
 6309.1768  -44.0440 6308.8247  -53.9252  332.0250  333.3596
 6309.6162  -43.6143 6309.2505  -54.1785  332.0906  333.5197
 6310.1045  -43.1223 6309.7271  -54.4089  332.1587  333.6871
 6310.6387  -42.5563 6310.2510  -54.6120  332.2266  333.8594
 6311.2168  -41.9331 6310.8218  -54.7683  332.2931  334.0317
 6311.8354  -41.2520 6311.4370  -54.8645  332.3564  334.1980
 6312.4927  -40.4919 6312.0938  -54.9073  332.4124  334.3576
 6313.1855  -39.6846 6312.7896  -54.8878  332.4626  334.5066
 6313.9102  -38.8321 6313.5205  -54.7987  332.5074  334.6422
 6314.6650  -37.9360 6314.2856  -54.6344  332.5458  334.7625
 6315.4463  -37.0023 6315.0796  -54.3911  332.5791  334.8665
 6316.2510  -36.0348 6315.9004  -54.0685  332.6076  334.9540
 6317.0776  -35.0278 6316.7441  -53.6493  332.6317  335.0232
 6317.9214  -33.9999 6317.6079  -53.1232  332.6537  335.0728
 6318.7812  -32.9143 6318.4883  -52.5000  332.6705  335.1053
 6319.6538  -31.7935 6319.3818  -51.7351  332.6844  335.1142
 6320.5356  -30.6471 6320.2856  -50.8448  332.6963  335.1024
 6321.4248  -29.4556 6321.1953  -49.8134  332.7037  335.0675
 6322.3179  -28.2271 6322.1089  -48.6347  332.7069  335.0091
 6323.2129  -26.9611 6323.0215  -47.2827  332.7057  334.9243
 6324.1060  -25.6713 6323.9307  -45.7815  332.7007  334.8173
 6324.9951  -24.3862 6324.8330  -44.1491  332.6942  334.6925
 6325.8774  -23.0833 6325.7256  -42.3695  332.6844  334.5493
 6326.7500  -21.7614 6326.6055  -40.4659  332.6711  334.3929
 6327.6104  -20.4374 6327.4712  -38.4803  332.6561  334.2306
 6328.4546  -19.1064 6328.3203  -36.3854  332.6391  334.0605
 6329.2812  -17.7688 6329.1499  -34.2357  332.6203  333.8910
 6330.0874  -16.4304 6329.9585  -32.0122  332.6006  333.7215
 6330.8691  -15.1063 6330.7432  -29.7795  332.5807  333.5595
 6331.6255  -13.7926 6331.5024  -27.5301  332.5611  333.4053
 6332.3521  -12.4844 6332.2329  -25.2522  332.5410  333.2581
 6333.0469  -11.2162 6332.9321  -23.0277  332.5229  333.1251
 6333.7070   -9.9764 6333.5977  -20.8508  332.5052  333.0047
 6334.3296   -8.7742 6334.2271  -18.7793  332.4894  332.9004
 6334.9121   -7.6296 6334.8174  -16.8163  332.4749  332.8101
 6335.4517   -6.5469 6335.3652  -14.9825  332.4627  332.7339
 6335.9453   -5.5690 6335.8672  -13.2900  332.4530  332.6707
 6336.3906   -4.6536 6336.3203  -11.7724  332.4438  332.6189
 6336.7847   -3.8359 6336.7217  -10.4335  332.4370  332.5779
 6337.1240   -3.1413 6337.0684   -9.2585  332.4322  332.5459
 6337.4067   -2.5636 6337.3569   -8.2500  332.4286  332.5208
 6337.6899   -1.9727 6337.6455   -7.2043  332.4249  332.4971
 6337.9678   -1.3717 6337.9297   -6.2199  332.4217  332.4771
 6338.2363   -0.7864 6338.2041   -5.2759  332.4196  332.4606
 6338.4902   -0.2181 6338.4644   -4.3457  332.4187  332.4470
 6338.7261    0.2624 6338.7056   -3.4272  332.4186  332.4362
 6338.9390    0.4334 6338.9238   -2.6352  332.4187  332.4289
 6339.1260    0.4660 6339.1147   -1.9308  332.4186  332.4239
 6339.2837    0.4308 6339.2764   -1.3456  332.4184  332.4208
 6339.4087    0.3486 6339.4048   -0.8356  332.4181  332.4189
 6339.5000    0.2358 6339.4980   -0.4630  332.4178  332.4181
 6339.5552    0.0955 6339.5547   -0.2217  332.4176  332.4177
 6339.5737   -0.0316 6339.5737   -0.0317  332.4176  332.4176
*SECTION      1
-SECTION-     3   65
>----RAD------XOFF------YOFF------ROTD----CONEANGLE----                                   
    0.0000    0.0000    0.0000    0.0000    0.0000
>----X1--------Y1--------X2--------Y2--------R1-------- R2----                            
 6305.8057  -51.9719 6305.8057  -51.9719  354.1461  354.1461
 6305.8218  -51.7583 6305.8047  -52.2084  354.1165  354.1803
 6305.9028  -51.3060 6305.8594  -52.7605  354.0576  354.2650
 6306.0605  -50.8410 6305.9976  -53.3578  354.0032  354.3635
 6306.2842  -50.3612 6306.2061  -53.9545  353.9520  354.4678
 6306.5703  -49.9476 6306.4766  -54.5796  353.9149  354.5818
 6306.9116  -49.5654 6306.8042  -55.1976  353.8859  354.6991
 6307.3008  -49.1680 6307.1836  -55.7900  353.8575  354.8163
 6307.7314  -48.7326 6307.6089  -56.3127  353.8260  354.9254
 6308.1963  -48.2565 6308.0713  -56.7683  353.7895  355.0251
 6308.6860  -47.7441 6308.5635  -57.1614  353.7476  355.1146
 6309.1929  -47.2089 6309.0752  -57.4896  353.7012  355.1923
 6309.7090  -46.6632 6309.5986  -57.7541  353.6502  355.2563
 6310.2241  -46.1091 6310.1230  -57.9651  353.5943  355.3071
 6310.7812  -45.4943 6310.6919  -58.1327  353.5270  355.3469
 6311.3770  -44.8186 6311.3027  -58.2400  353.4457  355.3695
 6312.0083  -44.0770 6311.9521  -58.2935  353.3491  355.3746
 6312.6733  -43.2694 6312.6372  -58.2871  353.2369  355.3604
 6313.3682  -42.4276 6313.3545  -58.2146  353.1118  355.3246
 6314.0913  -41.5418 6314.1006  -58.0748  352.9745  355.2684
 6314.8398  -40.6131 6314.8726  -57.8637  352.8254  355.1914
 6315.6113  -39.6451 6315.6675  -57.5709  352.6680  355.0950
 6316.4043  -38.6382 6316.4824  -57.1931  352.5046  354.9813
 6317.2163  -37.5923 6317.3154  -56.7237  352.3380  354.8520
 6318.0449  -36.5060 6318.1631  -56.1551  352.1710  354.7089
 6318.8882  -35.3793 6319.0229  -55.4760  352.0049  354.5518
 6319.7441  -34.2119 6319.8916  -54.6775  351.8420  354.3818
 6320.6089  -33.0050 6320.7666  -53.7474  351.6827  354.1974
 6321.4814  -31.7614 6321.6450  -52.6754  351.5273  353.9978
 6322.3579  -30.4850 6322.5234  -51.4446  351.3758  353.7809
 6323.2358  -29.1787 6323.3979  -50.0568  351.2284  353.5481
 6324.1133  -27.8466 6324.2676  -48.5228  351.0852  353.3022
 6324.9868  -26.4905 6325.1299  -46.8519  350.9467  353.0461
 6325.8540  -25.1145 6325.9795  -44.9930  350.8133  352.7754
 6326.7129  -23.7207 6326.8218  -43.1038  350.6855  352.5117
 6327.5601  -22.3127 6327.6499  -41.0865  350.5640  352.2446
 6328.3936  -20.8937 6328.4639  -38.9901  350.4491  351.9815
 6329.2100  -19.4674 6329.2607  -36.8190  350.3415  351.7246
 6330.0078  -18.0374 6330.0396  -34.5840  350.2413  351.4761
 6330.7832  -16.5823 6330.7974  -32.2977  350.1478  351.2387
 6331.5342  -15.1467 6331.5322  -29.9774  350.0631  351.0148
 6332.2583  -13.7424 6332.2427  -27.6416  349.9875  350.8065
 6332.9531  -12.3614 6332.9253  -25.2796  349.9203  350.6135
 6333.6143  -11.0127 6333.5791  -23.0018  349.8612  350.4432
 6334.2417   -9.7086 6334.2007  -20.8078  349.8102  350.2941
 6334.8301   -8.4606 6334.7871  -18.7041  349.7674  350.1653
 6335.3789   -7.2780 6335.3350  -16.7077  349.7317  350.0553
 6335.8838   -6.1745 6335.8413  -14.8371  349.7031  349.9637
 6336.3428   -5.1582 6336.3022  -13.1098  349.6805  349.8886
 6336.7534   -4.2381 6336.7158  -11.5458  349.6630  349.8283
 6337.1128   -3.4281 6337.0781  -10.1586  349.6502  349.7812
 6337.4180   -2.7328 6337.3867   -8.9646  349.6412  349.7457
 6337.6670   -2.1611 6337.6382   -7.9820  349.6349  349.7196
 6337.9155   -1.5868 6337.8901   -6.9926  349.6294  349.6959
 6338.1602   -1.0279 6338.1377   -6.0213  349.6250  349.6755
 6338.3965   -0.4766 6338.3774   -5.0885  349.6220  349.6589
 6338.6201    0.1101 6338.6045   -4.1483  349.6204  349.6451
 6338.8271    0.3787 6338.8149   -3.2770  349.6198  349.6349
 6339.0146    0.4685 6339.0054   -2.5132  349.6194  349.6281
 6339.1792    0.4684 6339.1729   -1.8330  349.6190  349.6235
 6339.3174    0.4203 6339.3135   -1.2492  349.6186  349.6206
 6339.4282    0.3306 6339.4253   -0.7756  349.6182  349.6189
 6339.5078    0.2167 6339.5073   -0.4533  349.6179  349.6181
 6339.5566    0.0899 6339.5562   -0.2141  349.6178  349.6178
 6339.5732   -0.0652 6339.5732   -0.0652  349.6177  349.6177
*SECTION      1
-SECTION-     4   65
>----RAD------XOFF------YOFF------ROTD----CONEANGLE----                                   
    0.0000    0.0000    0.0000    0.0000    0.0000
>----X1--------Y1--------X2--------Y2--------R1-------- R2----                            
 6305.7671  -55.9251 6305.7671  -55.9251  376.7461  376.7461
 6305.7598  -55.6362 6305.7949  -56.1711  376.7050  376.7780
 6305.8276  -55.0084 6305.9009  -56.7387  376.6040  376.8459
 6306.0010  -54.3965 6306.0991  -57.3604  376.4904  376.9089
 6306.2588  -53.8061 6306.3804  -57.9992  376.3676  376.9622
 6306.5977  -53.3419 6306.7378  -58.6475  376.2501  377.0054
 6307.0039  -52.8943 6307.1636  -59.2821  376.1234  377.0352
 6307.4663  -52.3718 6307.6504  -59.8410  375.9760  377.0421
 6307.9780  -51.8100 6308.1890  -60.3214  375.8129  377.0255
 6308.5283  -51.1960 6308.7686  -60.7334  375.6329  376.9870
 6309.1084  -50.5414 6309.3789  -61.0678  375.4384  376.9253
 6309.7065  -49.8596 6310.0088  -61.3270  375.2314  376.8405
 6310.3130  -49.1614 6310.6465  -61.5171  375.0143  376.7347
 6310.9170  -48.4526 6311.2803  -61.6293  374.7893  376.6072
 6311.5527  -47.7059 6311.9458  -61.6852  374.5432  376.4522
 6312.2163  -46.9127 6312.6406  -61.6813  374.2759  376.2708
 6312.9062  -46.0561 6313.3608  -61.6126  373.9858  376.0613
 6313.6191  -45.1610 6314.1050  -61.4757  373.6773  375.8268
 6314.3545  -44.2197 6314.8691  -61.2695  373.3514  375.5685
 6315.1104  -43.2332 6315.6519  -60.9825  373.0124  375.2898
 6315.8862  -42.2341 6316.4521  -60.6196  372.6660  374.9957
 6316.6792  -41.1416 6317.2676  -60.1646  372.3107  374.6884
 6317.4902  -40.0213 6318.0981  -59.6280  371.9558  374.3736
 6318.3179  -38.8533 6318.9399  -58.9713  371.6042  374.0479
 6319.1606  -37.6574 6319.7920  -58.2144  371.2599  373.7184
 6320.0171  -36.4165 6320.6509  -57.3348  370.9250  373.3824
 6320.8833  -35.1345 6321.5122  -56.2905  370.6000  373.0352
 6321.7578  -33.8057 6322.3740  -55.1084  370.2853  372.6807
 6322.6367  -32.4347 6323.2344  -53.7824  369.9809  372.3191
 6323.5176  -31.0352 6324.0884  -52.2795  369.6884  371.9472
 6324.3989  -29.6015 6324.9346  -50.6051  369.4077  371.5677
 6325.2764  -28.1233 6325.7715  -48.7734  369.1385  371.1841
 6326.1479  -26.6304 6326.6016  -46.8531  368.8837  370.8069
 6327.0117  -25.1317 6327.4204  -44.8277  368.6440  370.4358
 6327.8643  -23.5699 6328.2261  -42.6691  368.4165  370.0694
 6328.7031  -22.0305 6329.0215  -40.4941  368.2068  369.7221
 6329.5259  -20.4575 6329.7979  -38.1649  368.0121  369.3806
 6330.3296  -18.8757 6330.5576  -35.7861  367.8335  369.0577
 6331.1113  -17.3010 6331.2988  -33.3575  367.6719  368.7535
 6331.8687  -15.7395 6332.0186  -30.8844  367.5275  368.4702
 6332.5986  -14.1901 6332.7148  -28.3918  367.3990  368.2092
 6333.2988  -12.6475 6333.3857  -25.9056  367.2864  367.9736
 6333.9653  -11.1556 6334.0288  -23.4958  367.1897  367.7662
 6334.5957   -9.7097 6334.6411  -21.1679  367.1085  367.5867
 6335.1875   -8.3289 6335.2178  -18.8810  367.0414  367.4303
 6335.7378   -7.0360 6335.7563  -16.6833  366.9873  367.2979
 6336.2437   -5.8156 6336.2544  -14.6498  366.9457  367.1915
 6336.7021   -4.6944 6336.7075  -12.7574  366.9136  367.1051
 6337.1108   -3.7064 6337.1118  -11.0204  366.8902  367.0369
 6337.4663   -2.8418 6337.4653   -9.5043  366.8742  366.9863
 6337.7661   -2.0976 6337.7642   -8.2068  366.8633  366.9490
 6338.0078   -1.5039 6338.0059   -7.1494  366.8558  366.9224
 6338.1890   -1.0383 6338.1865   -6.3513  366.8512  366.9047
 6338.3701   -0.5753 6338.3672   -5.5432  366.8474  366.8889
 6338.5479   -0.0924 6338.5454   -4.7634  366.8448  366.8757
 6338.7197    0.2548 6338.7173   -4.0303  366.8433  366.8654
 6338.8823    0.4020 6338.8804   -3.2712  366.8424  366.8568
 6339.0337    0.4596 6339.0317   -2.6128  366.8418  366.8508
 6339.1699    0.4659 6339.1685   -1.9544  366.8413  366.8462
 6339.2896    0.4267 6339.2886   -1.4112  366.8408  366.8433
 6339.3901    0.3577 6339.3896   -0.9788  366.8404  366.8415
 6339.4707    0.2864 6339.4702   -0.6349  366.8401  366.8405
 6339.5288    0.1628 6339.5288   -0.3917  366.8398  366.8400
 6339.5640    0.0207 6339.5640   -0.1890  366.8397  366.8398
 6339.5762   -0.0904 6339.5762   -0.0904  366.8396  366.8396
*SECTION      1
-SECTION-     5   65
>----RAD------XOFF------YOFF------ROTD----CONEANGLE----                                   
    0.0000    0.0000    0.0000    0.0000    0.0000
>----X1--------Y1--------X2--------Y2--------R1-------- R2----                            
 6305.7773  -56.2414 6305.7773  -56.2414  380.0971  380.0971
 6305.7891  -55.8392 6305.8086  -56.6485  380.0365  380.1509
 6305.9253  -55.1359 6305.9741  -57.4392  379.9103  380.2376
 6306.1982  -54.4714 6306.2773  -58.2388  379.7653  380.3012
 6306.5923  -53.8609 6306.7021  -59.0534  379.6051  380.3445
 6307.0977  -53.3015 6307.2383  -59.8300  379.4298  380.3601
 6307.6953  -52.6197 6307.8745  -60.5285  379.2169  380.3413
 6308.3755  -51.8578 6308.5977  -61.1014  378.9718  380.2795
 6309.1260  -51.0059 6309.3936  -61.5560  378.6937  380.1749
 6309.9316  -50.0844 6310.2461  -61.8900  378.3840  380.0249
 6310.7769  -49.0949 6311.1387  -62.0925  378.0435  379.8268
 6311.6450  -48.0538 6312.0532  -62.1734  377.6736  379.5820
 6312.5225  -46.9873 6312.9741  -62.1426  377.2831  379.2993
 6313.1299  -46.2250 6313.6113  -62.0589  377.0011  379.0847
 6313.7573  -45.4134 6314.2671  -61.9200  376.7029  378.8491
 6314.4038  -44.5797 6314.9414  -61.7264  376.3913  378.5950
 6315.0688  -43.7109 6315.6313  -61.4752  376.0689  378.3252
 6315.7510  -42.8213 6316.3374  -61.1607  375.7387  378.0418
 6316.4468  -41.8422 6317.0571  -60.7749  375.3984  377.7477
 6317.1606  -40.8591 6317.7900  -60.3166  375.0593  377.4456
 6317.8896  -39.8434 6318.5342  -59.7796  374.7217  377.1365
 6318.6318  -38.7873 6319.2886  -59.1550  374.3869  376.8224
 6319.3867  -37.6798 6320.0508  -58.4334  374.0573  376.5034
 6320.1533  -36.5509 6320.8188  -57.6000  373.7364  376.1780
 6320.9292  -35.3954 6321.5898  -56.6648  373.4250  375.8487
 6321.7119  -34.1961 6322.3618  -55.5925  373.1218  375.5105
 6322.4990  -32.9508 6323.1318  -54.3982  372.8266  375.1665
 6323.2891  -31.6750 6323.8984  -53.0730  372.5412  374.8166
 6324.0806  -30.3884 6324.6572  -51.5679  372.2672  374.4558
 6324.8706  -29.0648 6325.4126  -49.9877  372.0034  374.0985
 6325.6572  -27.7170 6326.1602  -48.2802  371.7506  373.7399
 6326.4380  -26.3290 6326.8994  -46.4665  371.5088  373.3837
 6327.2124  -24.9352 6327.6299  -44.5650  371.2805  373.0341
 6327.9775  -23.5277 6328.3530  -42.6399  371.0657  372.6987
 6328.7310  -22.0962 6329.0645  -40.6244  370.8639  372.3717
 6329.4717  -20.6702 6329.7617  -38.5125  370.6773  372.0534
 6330.1968  -19.2325 6330.4438  -36.3095  370.5045  371.7465
 6330.9048  -17.7881 6331.1118  -34.0965  370.3462  371.4587
 6331.5923  -16.3488 6331.7627  -31.8360  370.2023  371.1877
 6332.2583  -14.9311 6332.3950  -29.5647  370.0737  370.9366
 6332.9004  -13.5243 6333.0073  -27.2926  369.9588  370.7062
 6333.5156  -12.1443 6333.5977  -25.0270  369.8584  370.4973
 6334.1030  -10.7810 6334.1641  -22.8568  369.7703  370.3137
 6334.6592   -9.4663 6334.7036  -20.7268  369.6960  370.1521
 6335.1826   -8.2384 6335.2134  -18.6570  369.6343  370.0110
 6335.6709   -7.0535 6335.6909  -16.7013  369.5831  369.8918
 6336.1216   -5.9652 6336.1343  -14.8404  369.5434  369.7925
 6336.5332   -4.9582 6336.5400  -13.0897  369.5121  369.7103
 6336.9028   -4.0392 6336.9062  -11.4886  369.4879  369.6442
 6337.2295   -3.2291 6337.2300  -10.0486  369.4702  369.5927
 6337.5098   -2.5151 6337.5088   -8.8045  369.4580  369.5543
 6337.7422   -1.9095 6337.7407   -7.7852  369.4494  369.5265
 6337.9248   -1.4486 6337.9229   -6.9843  369.4436  369.5067
 6338.1074   -0.9869 6338.1050   -6.1691  369.4386  369.4888
 6338.2866   -0.4975 6338.2842   -5.3497  369.4345  369.4730
 6338.4600   -0.1228 6338.4575   -4.5456  369.4317  369.4597
 6338.6240    0.0378 6338.6221   -3.7673  369.4298  369.4489
 6338.7764    0.1000 6338.7744   -3.0981  369.4284  369.4414
 6338.9136    0.1096 6338.9126   -2.4481  369.4276  369.4357
 6339.0342    0.0730 6339.0337   -1.8851  369.4271  369.4319
 6339.1357    0.0088 6339.1353   -1.4476  369.4266  369.4295
 6339.2168   -0.0637 6339.2163   -1.0688  369.4263  369.4279
 6339.2759   -0.1835 6339.2759   -0.7913  369.4261  369.4270
 6339.3115   -0.3136 6339.3115   -0.5670  369.4261  369.4264
 6339.3232   -0.4481 6339.3232   -0.4481  369.4262  369.4262
 AIRFOIL # =           1
*SECTION      1
-SECTION-     1   65
>----RAD------XOFF------YOFF------ROTD----CONEANGLE----                                   
    0.0000    0.0000    0.0000    0.0000    0.0000
>----X1--------Y1--------X2--------Y2--------R1-------- R2----                            
 6350.9644    0.9849 6350.9644    0.9849  321.8780  321.8780
 6350.9946    1.4073 6350.9946    0.6202  321.8790  321.8766
 6351.0859    1.9234 6351.0859    0.2445  321.8802  321.8745
 6351.2358    2.3978 6351.2358   -0.0918  321.8810  321.8721
 6351.4424    2.9070 6351.4419   -0.3663  321.8824  321.8695
 6351.7017    3.4404 6351.7012   -0.5914  321.8849  321.8671
 6352.0098    3.9836 6352.0093   -0.7794  321.8895  321.8658
 6352.3608    4.5300 6352.3604   -0.9019  321.8958  321.8652
 6352.7490    5.0629 6352.7485   -0.9662  321.9031  321.8647
 6353.1680    5.5636 6353.1670   -0.9822  321.9105  321.8639
 6353.6099    6.0327 6353.6089   -0.9835  321.9171  321.8621
 6354.0679    6.4721 6354.0669   -0.9862  321.9221  321.8585
 6354.5337    6.8751 6354.5327   -0.9932  321.9257  321.8539
 6355.0000    7.2384 6354.9985   -1.0059  321.9284  321.8487
 6355.5024    7.5900 6355.5005   -1.0253  321.9296  321.8418
 6356.0381    7.9081 6356.0361   -1.0618  321.9284  321.8331
 6356.6064    8.1910 6356.6040   -1.1177  321.9243  321.8221
 6357.2031    8.4640 6357.2012   -1.1932  321.9168  321.8079
 6357.8276    8.6897 6357.8247   -1.2810  321.9057  321.7911
 6358.4761    8.8766 6358.4731   -1.3923  321.8902  321.7709
 6359.1470    9.0139 6359.1436   -1.5255  321.8701  321.7477
 6359.8379    9.0977 6359.8340   -1.6822  321.8451  321.7211
 6360.5464    9.1229 6360.5420   -1.8596  321.8150  321.6913
 6361.2695    9.0856 6361.2651   -2.0650  321.7797  321.6583
 6362.0059    8.9811 6362.0015   -2.2990  321.7391  321.6223
 6362.7524    8.8041 6362.7480   -2.5622  321.6931  321.5831
 6363.5073    8.5600 6363.5029   -2.8537  321.6423  321.5414
 6364.2681    8.2314 6364.2642   -3.1744  321.5863  321.4969
 6365.0317    7.8227 6365.0283   -3.5235  321.5260  321.4504
 6365.7969    7.3352 6365.7944   -3.9090  321.4618  321.4021
 6366.5605    6.7722 6366.5596   -4.3325  321.3944  321.3524
 6367.3208    6.0996 6367.3208   -4.7845  321.3238  321.3015
 6368.0757    5.3401 6368.0771   -5.2699  321.2515  321.2502
 6368.8218    4.5009 6368.8252   -5.7942  321.1784  321.1989
 6369.5586    3.5670 6369.5630   -6.3588  321.1055  321.1483
 6370.2822    2.5698 6370.2886   -6.9640  321.0342  321.0989
 6370.9917    1.4774 6370.9995   -7.6067  320.9652  321.0513
 6371.6841    0.3291 6371.6934   -8.2859  320.9000  321.0060
 6372.3574   -0.8687 6372.3677   -8.9854  320.8396  320.9632
 6373.0093   -2.1069 6373.0200   -9.7309  320.7847  320.9243
 6373.6372   -3.3487 6373.6489  -10.4866  320.7359  320.8887
 6374.2397   -4.6104 6374.2510  -11.2619  320.6939  320.8573
 6374.8130   -5.8420 6374.8252  -12.0278  320.6585  320.8295
 6375.3560   -7.0518 6375.3682  -12.7881  320.6296  320.8057
 6375.8652   -8.2006 6375.8774  -13.5109  320.6066  320.7850
 6376.3398   -9.3064 6376.3516  -14.2054  320.5896  320.7679
 6376.7759  -10.3234 6376.7876  -14.8378  320.5770  320.7528
 6377.1714  -11.2703 6377.1826  -15.4244  320.5690  320.7405
 6377.5244  -12.1286 6377.5356  -15.9533  320.5645  320.7307
 6377.8325  -12.8704 6377.8438  -16.4080  320.5622  320.7224
 6378.0938  -13.4918 6378.1040  -16.7818  320.5611  320.7151
 6378.3042  -14.0192 6378.3149  -17.0866  320.5622  320.7097
 6378.4634  -14.4342 6378.4736  -17.3140  320.5643  320.7056
 6378.6226  -14.8208 6378.6328  -17.5332  320.5657  320.7012
 6378.7788  -15.1846 6378.7891  -17.7609  320.5667  320.6978
 6378.9297  -15.5484 6378.9395  -17.9151  320.5686  320.6908
 6379.0723  -15.9060 6379.0820  -17.9828  320.5714  320.6800
 6379.2046  -16.2388 6379.2139  -17.9987  320.5745  320.6674
 6379.3247  -16.5359 6379.3325  -17.9801  320.5773  320.6541
 6379.4297  -16.7940 6379.4370  -17.9353  320.5799  320.6408
 6379.5181  -17.0104 6379.5239  -17.8708  320.5822  320.6282
 6379.5884  -17.1800 6379.5938  -17.7944  320.5840  320.6168
 6379.6396  -17.3127 6379.6440  -17.7091  320.5858  320.6069
 6379.6704  -17.4322 6379.6738  -17.6143  320.5891  320.5986
 6379.6807  -17.4879 6379.6807  -17.4879  320.5911  320.5911
*SECTION      1
-SECTION-     2   65
>----RAD------XOFF------YOFF------ROTD----CONEANGLE----                                   
    0.0000    0.0000    0.0000    0.0000    0.0000
>----X1--------Y1--------X2--------Y2--------R1-------- R2----                            
 6350.9644    0.9849 6350.9644    0.9849  322.4377  322.4377
 6350.9946    1.4073 6350.9946    0.6202  322.4388  322.4363
 6351.0859    1.9235 6351.0859    0.2445  322.4399  322.4343
 6351.2358    2.3978 6351.2358   -0.0918  322.4408  322.4319
 6351.4424    2.9070 6351.4419   -0.3663  322.4422  322.4294
 6351.7017    3.4404 6351.7012   -0.5914  322.4449  322.4270
 6352.0098    3.9836 6352.0093   -0.7794  322.4495  322.4258
 6352.3608    4.5300 6352.3604   -0.9019  322.4558  322.4253
 6352.7490    5.0629 6352.7485   -0.9662  322.4632  322.4249
 6353.1680    5.5636 6353.1670   -0.9822  322.4707  322.4242
 6353.6099    6.0327 6353.6089   -0.9835  322.4773  322.4224
 6354.0679    6.4721 6354.0669   -0.9862  322.4824  322.4189
 6354.5337    6.8752 6354.5327   -0.9932  322.4861  322.4144
 6355.0000    7.2385 6354.9985   -1.0059  322.4890  322.4094
 6355.5024    7.5900 6355.5005   -1.0253  322.4903  322.4027
 6356.0381    7.9081 6356.0361   -1.0618  322.4893  322.3941
 6356.6064    8.1910 6356.6040   -1.1177  322.4854  322.3834
 6357.2031    8.4640 6357.2012   -1.1932  322.4782  322.3694
 6357.8276    8.6897 6357.8247   -1.2810  322.4674  322.3529
 6358.4761    8.8766 6358.4731   -1.3923  322.4521  322.3331
 6359.1470    9.0139 6359.1436   -1.5254  322.4325  322.3102
 6359.8379    9.0977 6359.8340   -1.6822  322.4079  322.2841
 6360.5464    9.1229 6360.5420   -1.8596  322.3783  322.2548
 6361.2695    9.0856 6361.2651   -2.0650  322.3434  322.2222
 6362.0059    8.9811 6362.0015   -2.2990  322.3033  322.1867
 6362.7524    8.8041 6362.7480   -2.5622  322.2579  322.1481
 6363.5073    8.5599 6363.5029   -2.8537  322.2076  322.1069
 6364.2681    8.2314 6364.2642   -3.1744  322.1523  322.0630
 6365.0317    7.8227 6365.0283   -3.5235  322.0926  322.0171
 6365.7969    7.3351 6365.7944   -3.9090  322.0290  321.9693
 6366.5610    6.7721 6366.5596   -4.3325  321.9622  321.9203
 6367.3213    6.0995 6367.3208   -4.7845  321.8922  321.8700
 6368.0762    5.3399 6368.0771   -5.2699  321.8205  321.8192
 6368.8223    4.5006 6368.8252   -5.7942  321.7481  321.7685
 6369.5586    3.5667 6369.5630   -6.3589  321.6758  321.7185
 6370.2827    2.5694 6370.2886   -6.9640  321.6050  321.6697
 6370.9922    1.4768 6370.9995   -7.6068  321.5367  321.6226
 6371.6846    0.3285 6371.6934   -8.2860  321.4719  321.5778
 6372.3579   -0.8693 6372.3677   -8.9855  321.4120  321.5355
 6373.0098   -2.1077 6373.0200   -9.7310  321.3576  321.4969
 6373.6377   -3.3495 6373.6489  -10.4866  321.3092  321.4618
 6374.2397   -4.6112 6374.2510  -11.2619  321.2675  321.4306
 6374.8135   -5.8428 6374.8252  -12.0278  321.2324  321.4032
 6375.3560   -7.0525 6375.3682  -12.7882  321.2039  321.3796
 6375.8657   -8.2014 6375.8774  -13.5109  321.1811  321.3593
 6376.3403   -9.3072 6376.3516  -14.2054  321.1645  321.3424
 6376.7764  -10.3241 6376.7876  -14.8378  321.1523  321.3277
 6377.1719  -11.2710 6377.1826  -15.4243  321.1445  321.3158
 6377.5249  -12.1293 6377.5356  -15.9532  321.1404  321.3062
 6377.8330  -12.8710 6377.8438  -16.4079  321.1384  321.2983
 6378.0938  -13.4923 6378.1040  -16.7817  321.1377  321.2914
 6378.3047  -14.0198 6378.3149  -17.0864  321.1390  321.2863
 6378.4639  -14.4347 6378.4736  -17.3138  321.1414  321.2824
 6378.6226  -14.8212 6378.6328  -17.5330  321.1429  321.2783
 6378.7788  -15.1849 6378.7886  -17.7607  321.1442  321.2750
 6378.9297  -15.5487 6378.9395  -17.9149  321.1463  321.2684
 6379.0728  -15.9063 6379.0815  -17.9828  321.1494  321.2578
 6379.2046  -16.2390 6379.2134  -17.9987  321.1526  321.2454
 6379.3247  -16.5361 6379.3325  -17.9802  321.1557  321.2324
 6379.4297  -16.7941 6379.4365  -17.9354  321.1584  321.2193
 6379.5181  -17.0105 6379.5239  -17.8708  321.1609  321.2069
 6379.5884  -17.1800 6379.5938  -17.7944  321.1628  321.1956
 6379.6396  -17.3127 6379.6440  -17.7092  321.1647  321.1859
 6379.6704  -17.4322 6379.6738  -17.6143  321.1681  321.1776
 6379.6807  -17.4878 6379.6807  -17.4878  321.1701  321.1701
*SECTION      1
-SECTION-     3   65
>----RAD------XOFF------YOFF------ROTD----CONEANGLE----                                   
    0.0000    0.0000    0.0000    0.0000    0.0000
>----X1--------Y1--------X2--------Y2--------R1-------- R2----                            
 6350.6074    2.8953 6350.6074    2.8953  345.9578  345.9578
 6350.6343    3.3553 6350.6348    2.5018  345.9619  345.9546
 6350.7163    3.7515 6350.7168    2.1790  345.9657  345.9522
 6350.8525    4.1794 6350.8525    1.8808  345.9702  345.9501
 6351.0396    4.6692 6351.0396    1.5991  345.9760  345.9482
 6351.2739    5.1742 6351.2744    1.3933  345.9828  345.9468
 6351.5527    5.6761 6351.5527    1.2278  345.9905  345.9461
 6351.8701    6.1648 6351.8701    1.1133  345.9996  345.9464
 6352.2217    6.6282 6352.2217    1.0550  346.0099  345.9480
 6352.6006    7.0570 6352.6001    1.0444  346.0205  345.9501
 6353.0005    7.4488 6353.0000    1.0501  346.0311  345.9525
 6353.4150    7.8044 6353.4146    1.0739  346.0412  345.9549
 6353.8364    8.1314 6353.8359    1.1058  346.0504  345.9566
 6354.2583    8.4418 6354.2568    1.1297  346.0590  345.9578
 6354.7217    8.7310 6354.7207    1.1497  346.0670  345.9588
 6355.2246    8.9778 6355.2227    1.1760  346.0739  345.9595
 6355.7637    9.2272 6355.7617    1.1673  346.0804  345.9594
 6356.3374    9.4408 6356.3350    1.1315  346.0852  345.9583
 6356.9424    9.6097 6356.9399    1.0664  346.0874  345.9557
 6357.5771    9.7302 6357.5737    0.9619  346.0870  345.9515
 6358.2378    9.8141 6358.2339    0.8159  346.0840  345.9458
 6358.9224    9.8389 6358.9180    0.6260  346.0774  345.9382
 6359.6284    9.8010 6359.6235    0.3922  346.0672  345.9287
 6360.3530    9.7042 6360.3477    0.1185  346.0533  345.9173
 6361.0942    9.5346 6361.0884   -0.2093  346.0353  345.9041
 6361.8486    9.2940 6361.8428   -0.5855  346.0131  345.8889
 6362.6143    8.9728 6362.6079   -1.0145  345.9868  345.8721
 6363.3887    8.5757 6363.3818   -1.4962  345.9564  345.8535
 6364.1689    8.0893 6364.1621   -2.0205  345.9222  345.8337
 6364.9521    7.5324 6364.9458   -2.6083  345.8846  345.8126
 6365.7363    6.8606 6365.7305   -3.2444  345.8433  345.7907
 6366.5195    6.0999 6366.5137   -3.9337  345.8000  345.7688
 6367.2979    5.2550 6367.2925   -4.6767  345.7544  345.7463
 6368.0693    4.3163 6368.0645   -5.4478  345.7080  345.7242
 6368.8315    3.2882 6368.8276   -6.2768  345.6611  345.7027
 6369.5830    2.1926 6369.5791   -7.1361  345.6156  345.6824
 6370.3193    1.0263 6370.3159   -8.0283  345.5718  345.6636
 6371.0391   -0.1791 6371.0361   -8.9482  345.5311  345.6470
 6371.7397   -1.4576 6371.7373   -9.8749  345.4941  345.6323
 6372.4185   -2.7619 6372.4165  -10.8084  345.4614  345.6195
 6373.0728   -4.0836 6373.0708  -11.7140  345.4333  345.6078
 6373.7007   -5.4190 6373.6982  -12.6270  345.4102  345.5985
 6374.2988   -6.7302 6374.2964  -13.5098  345.3915  345.5901
 6374.8652   -8.0320 6374.8623  -14.3714  345.3797  345.5852
 6375.3965   -9.2691 6375.3936  -15.1691  345.3724  345.5811
 6375.8911  -10.4709 6375.8877  -15.9236  345.3721  345.5804
 6376.3457  -11.5806 6376.3418  -16.6108  345.3786  345.5838
 6376.7578  -12.5933 6376.7539  -17.2405  345.3887  345.5894
 6377.1245  -13.5135 6377.1206  -17.7963  345.4017  345.5957
 6377.4438  -14.3359 6377.4399  -18.2688  345.4171  345.6026
 6377.7134  -15.0519 6377.7100  -18.6818  345.4337  345.6108
 6377.9302  -15.6364 6377.9268  -19.0028  345.4500  345.6186
 6378.0918  -16.0712 6378.0884  -19.2425  345.4633  345.6253
 6378.2534  -16.5047 6378.2505  -19.4784  345.4779  345.6325
 6378.4121  -16.9337 6378.4097  -19.7165  345.4932  345.6406
 6378.5654  -17.3493 6378.5635  -19.8770  345.5089  345.6449
 6378.7100  -17.7444 6378.7090  -19.9519  345.5246  345.6448
 6378.8442  -18.1091 6378.8438  -19.9733  345.5397  345.6422
 6378.9658  -18.4303 6378.9658  -19.9583  345.5532  345.6379
 6379.0723  -18.6990 6379.0728  -19.9177  345.5647  345.6326
 6379.1621  -18.9263 6379.1631  -19.8550  345.5748  345.6268
 6379.2334  -19.1184 6379.2344  -19.7786  345.5840  345.6210
 6379.2852  -19.2706 6379.2866  -19.6918  345.5915  345.6152
 6379.3159  -19.4054 6379.3179  -19.6050  345.5986  345.6098
 6379.3257  -19.4802 6379.3257  -19.4802  345.6026  345.6026
*SECTION      1
-SECTION-     4   65
>----RAD------XOFF------YOFF------ROTD----CONEANGLE----                                   
    0.0000    0.0000    0.0000    0.0000    0.0000
>----X1--------Y1--------X2--------Y2--------R1-------- R2----                            
 6350.6074    5.1460 6350.6074    5.1460  369.4568  369.4568
 6350.6309    5.4793 6350.6318    4.9070  369.4619  369.4539
 6350.7046    5.8211 6350.7051    4.6460  369.4680  369.4513
 6350.8252    6.2031 6350.8267    4.3945  369.4756  369.4497
 6350.9922    6.5813 6350.9932    4.1997  369.4841  369.4494
 6351.2017    6.9837 6351.2031    4.0221  369.4939  369.4498
 6351.4502    7.3916 6351.4517    3.8741  369.5047  369.4511
 6351.7339    7.7877 6351.7349    3.7597  369.5163  369.4534
 6352.0474    8.1611 6352.0488    3.6799  369.5283  369.4565
 6352.3857    8.5090 6352.3872    3.6215  369.5406  369.4604
 6352.7432    8.8289 6352.7441    3.5762  369.5529  369.4647
 6353.1133    9.1188 6353.1143    3.5399  369.5649  369.4694
 6353.4902    9.3759 6353.4907    3.5051  369.5765  369.4742
 6353.8662    9.5985 6353.8672    3.4667  369.5875  369.4791
 6354.2905    9.8118 6354.2910    3.4129  369.5990  369.4846
 6354.7603   10.0078 6354.7603    3.3377  369.6109  369.4905
 6355.2715   10.1774 6355.2715    3.2374  369.6229  369.4969
 6355.8228   10.3091 6355.8223    3.1017  369.6344  369.5036
 6356.4102   10.4023 6356.4097    2.9259  369.6452  369.5105
 6357.0322   10.4446 6357.0308    2.7089  369.6551  369.5175
 6357.6841   10.4330 6357.6826    2.4480  369.6636  369.5246
 6358.3647   10.3602 6358.3628    2.1414  369.6706  369.5316
 6359.0713   10.2242 6359.0684    1.7949  369.6756  369.5385
 6359.7998   10.0165 6359.7964    1.4006  369.6784  369.5453
 6360.5483    9.7325 6360.5444    0.9555  369.6786  369.5518
 6361.3130    9.3648 6361.3091    0.4566  369.6763  369.5580
 6362.0928    8.9118 6362.0874   -0.0953  369.6712  369.5638
 6362.8833    8.3740 6362.8779   -0.6978  369.6637  369.5695
 6363.6826    7.7422 6363.6763   -1.3629  369.6531  369.5745
 6364.4873    7.0156 6364.4810   -2.0914  369.6406  369.5799
 6365.2949    6.1942 6365.2876   -2.8838  369.6253  369.5847
 6366.1030    5.2852 6366.0952   -3.7314  369.6094  369.5905
 6366.9077    4.3155 6366.8994   -4.6187  369.5927  369.5964
 6367.7075    3.2544 6367.6987   -5.5463  369.5751  369.6024
 6368.4985    2.1341 6368.4893   -6.5028  369.5576  369.6088
 6369.2783    0.9532 6369.2690   -7.4753  369.5411  369.6157
 6370.0444   -0.2795 6370.0342   -8.4429  369.5260  369.6225
 6370.7935   -1.5427 6370.7832   -9.4178  369.5133  369.6303
 6371.5234   -2.8312 6371.5127  -10.3846  369.5032  369.6385
 6372.2310   -4.1483 6372.2192  -11.3601  369.4959  369.6475
 6372.9131   -5.4605 6372.9009  -12.3043  369.4910  369.6558
 6373.5669   -6.7681 6373.5547  -13.2255  369.4884  369.6635
 6374.1909   -8.0320 6374.1777  -14.1145  369.4865  369.6692
 6374.7803   -9.2961 6374.7671  -14.9537  369.4901  369.6762
 6375.3335  -10.4974 6375.3198  -15.7527  369.4969  369.6840
 6375.8477  -11.6511 6375.8330  -16.4814  369.5093  369.6935
 6376.3193  -12.7168 6376.3047  -17.1418  369.5306  369.7094
 6376.7456  -13.6993 6376.7314  -17.7485  369.5556  369.7280
 6377.1240  -14.5910 6377.1099  -18.2939  369.5826  369.7473
 6377.4521  -15.3571 6377.4380  -18.7614  369.6098  369.7668
 6377.7266  -15.9891 6377.7134  -19.1416  369.6362  369.7858
 6377.9453  -16.4955 6377.9321  -19.4427  369.6609  369.8037
 6378.1045  -16.8719 6378.0918  -19.6627  369.6812  369.8185
 6378.2637  -17.2516 6378.2520  -19.8744  369.7031  369.8342
 6378.4204  -17.6228 6378.4092  -20.0876  369.7257  369.8508
 6378.5708  -17.9808 6378.5605  -20.2463  369.7486  369.8651
 6378.7139  -18.3204 6378.7046  -20.3269  369.7711  369.8753
 6378.8457  -18.6341 6378.8384  -20.3472  369.7924  369.8822
 6378.9658  -18.9154 6378.9595  -20.3330  369.8120  369.8868
 6379.0703  -19.1579 6379.0654  -20.2936  369.8292  369.8895
 6379.1587  -19.3597 6379.1553  -20.2317  369.8443  369.8908
 6379.2285  -19.5190 6379.2261  -20.1542  369.8568  369.8908
 6379.2793  -19.6580 6379.2778  -20.0634  369.8676  369.8893
 6379.3096  -19.7900 6379.3091  -19.9599  369.8767  369.8858
 6379.3188  -19.8706 6379.3188  -19.8706  369.8817  369.8817
*SECTION      1
-SECTION-     5   65
>----RAD------XOFF------YOFF------ROTD----CONEANGLE----                                   
    0.0000    0.0000    0.0000    0.0000    0.0000
>----X1--------Y1--------X2--------Y2--------R1-------- R2----                            
 6350.6074    5.1460 6350.6074    5.1460  369.7366  369.7366
 6350.6309    5.4793 6350.6318    4.9070  369.7416  369.7336
 6350.7046    5.8211 6350.7051    4.6460  369.7477  369.7311
 6350.8252    6.2031 6350.8267    4.3945  369.7554  369.7295
 6350.9922    6.5813 6350.9932    4.1997  369.7639  369.7292
 6351.2017    6.9837 6351.2031    4.0221  369.7737  369.7297
 6351.4502    7.3916 6351.4517    3.8741  369.7846  369.7310
 6351.7339    7.7877 6351.7349    3.7597  369.7962  369.7333
 6352.0474    8.1611 6352.0488    3.6799  369.8083  369.7365
 6352.3857    8.5090 6352.3872    3.6215  369.8205  369.7404
 6352.7432    8.8289 6352.7441    3.5762  369.8329  369.7448
 6353.1133    9.1188 6353.1143    3.5399  369.8449  369.7495
 6353.4897    9.3758 6353.4907    3.5051  369.8565  369.7543
 6353.8662    9.5985 6353.8672    3.4667  369.8675  369.7593
 6354.2905    9.8118 6354.2910    3.4129  369.8792  369.7648
 6354.7603   10.0077 6354.7603    3.3377  369.8911  369.7708
 6355.2715   10.1774 6355.2715    3.2374  369.9031  369.7773
 6355.8228   10.3091 6355.8223    3.1017  369.9147  369.7841
 6356.4102   10.4023 6356.4097    2.9259  369.9258  369.7910
 6357.0322   10.4446 6357.0308    2.7089  369.9358  369.7982
 6357.6841   10.4330 6357.6826    2.4480  369.9445  369.8054
 6358.3647   10.3602 6358.3628    2.1414  369.9515  369.8126
 6359.0713   10.2242 6359.0684    1.7949  369.9567  369.8198
 6359.7998   10.0166 6359.7964    1.4006  369.9597  369.8268
 6360.5483    9.7326 6360.5444    0.9555  369.9603  369.8335
 6361.3130    9.3648 6361.3091    0.4566  369.9582  369.8400
 6362.0928    8.9118 6362.0874   -0.0953  369.9534  369.8460
 6362.8833    8.3740 6362.8779   -0.6978  369.9462  369.8520
 6363.6826    7.7422 6363.6763   -1.3629  369.9359  369.8574
 6364.4873    7.0156 6364.4810   -2.0914  369.9237  369.8631
 6365.2949    6.1942 6365.2876   -2.8838  369.9088  369.8682
 6366.1030    5.2852 6366.0952   -3.7314  369.8932  369.8742
 6366.9077    4.3154 6366.8994   -4.6186  369.8768  369.8805
 6367.7075    3.2544 6367.6987   -5.5463  369.8595  369.8868
 6368.4985    2.1341 6368.4893   -6.5028  369.8423  369.8934
 6369.2783    0.9531 6369.2690   -7.4753  369.8262  369.9006
 6370.0444   -0.2796 6370.0342   -8.4429  369.8114  369.9078
 6370.7935   -1.5428 6370.7832   -9.4178  369.7990  369.9159
 6371.5234   -2.8314 6371.5127  -10.3846  369.7892  369.9244
 6372.2310   -4.1485 6372.2192  -11.3600  369.7821  369.9336
 6372.9131   -5.4607 6372.9009  -12.3043  369.7773  369.9420
 6373.5669   -6.7684 6373.5547  -13.2255  369.7750  369.9500
 6374.1909   -8.0323 6374.1777  -14.1144  369.7733  369.9558
 6374.7808   -9.2964 6374.7671  -14.9537  369.7771  369.9630
 6375.3335  -10.4976 6375.3198  -15.7527  369.7840  369.9709
 6375.8477  -11.6514 6375.8330  -16.4814  369.7965  369.9806
 6376.3193  -12.7171 6376.3047  -17.1418  369.8180  369.9967
 6376.7456  -13.6995 6376.7314  -17.7485  369.8432  370.0154
 6377.1240  -14.5912 6377.1099  -18.2938  369.8702  370.0348
 6377.4521  -15.3574 6377.4380  -18.7614  369.8977  370.0545
 6377.7271  -15.9893 6377.7134  -19.1416  369.9243  370.0736
 6377.9453  -16.4957 6377.9321  -19.4427  369.9490  370.0917
 6378.1045  -16.8720 6378.0918  -19.6627  369.9695  370.1067
 6378.2637  -17.2517 6378.2520  -19.8744  369.9914  370.1224
 6378.4204  -17.6229 6378.4092  -20.0876  370.0142  370.1391
 6378.5708  -17.9809 6378.5605  -20.2463  370.0371  370.1535
 6378.7139  -18.3205 6378.7046  -20.3269  370.0598  370.1639
 6378.8462  -18.6342 6378.8384  -20.3472  370.0812  370.1709
 6378.9658  -18.9155 6378.9595  -20.3330  370.1009  370.1756
 6379.0703  -19.1579 6379.0654  -20.2936  370.1182  370.1784
 6379.1587  -19.3598 6379.1553  -20.2317  370.1333  370.1797
 6379.2285  -19.5190 6379.2261  -20.1542  370.1459  370.1798
 6379.2793  -19.6580 6379.2778  -20.0634  370.1567  370.1783
 6379.3096  -19.7900 6379.3091  -19.9599  370.1659  370.1749
 6379.3188  -19.8705 6379.3188  -19.8705  370.1709  370.1709
 AIRFOIL # =           1
*SECTION      1
-SECTION-     1   65
>----RAD------XOFF------YOFF------ROTD----CONEANGLE----                                   
    0.0000    0.0000    0.0000    0.0000    0.0000
>----X1--------Y1--------X2--------Y2--------R1-------- R2----                            
 6406.2637  -39.7013 6406.2637  -39.7013  319.0733  319.0733
 6406.2754  -39.4214 6406.2891  -39.9911  319.0363  319.1033
 6406.3628  -38.9384 6406.4009  -40.4942  318.9568  319.1394
 6406.5352  -38.5147 6406.5962  -41.0131  318.8645  319.1581
 6406.7822  -38.1048 6406.8657  -41.5172  318.7561  319.1574
 6407.0986  -37.7399 6407.2041  -42.0334  318.6359  319.1415
 6407.4790  -37.4306 6407.6050  -42.5633  318.5060  319.1118
 6407.9155  -37.1628 6408.0615  -43.1021  318.3656  319.0687
 6408.3994  -36.9212 6408.5654  -43.6438  318.2149  319.0135
 6408.9229  -36.7053 6409.1084  -44.1715  318.0564  318.9464
 6409.4761  -36.5195 6409.6802  -44.6753  317.8922  318.8680
 6410.0503  -36.3807 6410.2720  -45.1665  317.7273  318.7833
 6410.6367  -36.2815 6410.8735  -45.6184  317.5639  318.6910
 6411.2222  -36.1615 6411.4741  -46.0174  317.3984  318.5931
 6411.8892  -36.0268 6412.1577  -46.4469  317.2121  318.4804
 6412.6328  -35.8702 6412.9189  -46.8667  317.0057  318.3499
 6413.4492  -35.6923 6413.7520  -47.2433  316.7824  318.1997
 6414.3330  -35.4962 6414.6523  -47.5983  316.5446  318.0344
 6415.2798  -35.2660 6415.6157  -47.9152  316.2927  317.8539
 6416.2847  -34.9929 6416.6357  -48.1610  316.0278  317.6551
 6417.3428  -34.6868 6417.7080  -48.3422  315.7527  317.4407
 6418.4487  -34.3435 6418.8267  -48.4526  315.4689  317.2114
 6419.5981  -33.9324 6419.9873  -48.4716  315.1751  316.9657
 6420.7856  -33.4521 6421.1846  -48.3904  314.8730  316.7040
 6422.0063  -32.9083 6422.4131  -48.2018  314.5650  316.4270
 6423.2563  -32.3064 6423.6685  -47.9008  314.2537  316.1357
 6424.5293  -31.6094 6424.9443  -47.4621  313.9375  315.8284
 6425.8218  -30.8188 6426.2358  -46.8877  313.6184  315.5072
 6427.1279  -29.9425 6427.5391  -46.1726  313.2993  315.1733
 6428.4438  -28.9874 6428.8467  -45.2740  312.9825  314.8228
 6429.7642  -27.9259 6430.1553  -44.2267  312.6673  314.4625
 6431.0840  -26.7772 6431.4595  -42.9929  312.3573  314.0898
 6432.3989  -25.5390 6432.7549  -41.5906  312.0538  313.7095
 6433.7041  -24.2130 6434.0356  -39.9937  311.7586  313.3209
 6434.9951  -22.8081 6435.2993  -38.2456  311.4736  312.9319
 6436.2666  -21.3545 6436.5400  -36.3178  311.2019  312.5419
 6437.5142  -19.8251 6437.7554  -34.2607  310.9426  312.1591
 6438.7324  -18.2736 6438.9419  -32.1007  310.6998  311.7888
 6439.9165  -16.6665 6440.0947  -29.8544  310.4722  311.4347
 6441.0620  -15.0686 6441.2095  -27.5191  310.2642  311.0988
 6442.1631  -13.4586 6442.2832  -25.1510  310.0750  310.7880
 6443.2158  -11.8685 6443.3096  -22.7037  309.9064  310.4999
 6444.2139  -10.3045 6444.2861  -20.2692  309.7583  310.2425
 6445.1528   -8.8162 6445.2061  -17.8544  309.6315  310.0156
 6446.0269   -7.3981 6446.0645  -15.4761  309.5239  309.8190
 6446.8306   -6.0461 6446.8569  -13.2370  309.4329  309.6548
 6447.5586   -4.8148 6447.5762  -11.1290  309.3577  309.5191
 6448.2056   -3.7098 6448.2173   -9.2100  309.2957  309.4098
 6448.7661   -2.7381 6448.7739   -7.5423  309.2457  309.3250
 6449.2363   -1.9084 6449.2407   -6.1623  309.2061  309.2613
 6449.6089   -1.2338 6449.6118   -5.0853  309.1759  309.2151
 6449.8799   -0.7495 6449.8823   -4.2890  309.1549  309.1836
 6450.0444   -0.4589 6450.0459   -3.7895  309.1425  309.1652
 6450.2090   -0.1514 6450.2100   -3.3026  309.1303  309.1478
 6450.3706    0.1500 6450.3711   -2.8391  309.1186  309.1315
 6450.5269    0.3373 6450.5273   -2.3960  309.1073  309.1164
 6450.6743    0.4300 6450.6748   -1.9694  309.0966  309.1025
 6450.8110    0.4639 6450.8115   -1.5630  309.0865  309.0901
 6450.9351    0.4594 6450.9351   -1.2002  309.0772  309.0793
 6451.0439    0.4219 6451.0439   -0.8945  309.0690  309.0700
 6451.1357    0.3531 6451.1357   -0.6524  309.0620  309.0625
 6451.2085    0.2892 6451.2085   -0.4636  309.0565  309.0567
 6451.2612    0.1756 6451.2612   -0.3034  309.0523  309.0525
 6451.2935    0.0813 6451.2935   -0.1468  309.0499  309.0499
 6451.3042   -0.0885 6451.3042   -0.0886  309.0490  309.0490
*SECTION      1
-SECTION-     2   65
>----RAD------XOFF------YOFF------ROTD----CONEANGLE----                                   
    0.0000    0.0000    0.0000    0.0000    0.0000
>----X1--------Y1--------X2--------Y2--------R1-------- R2----                            
 6406.2637  -39.7004 6406.2637  -39.7004  320.4323  320.4323
 6406.2759  -39.4133 6406.2896  -39.9958  320.3946  320.4630
 6406.3667  -38.9220 6406.4048  -40.5039  320.3146  320.5003
 6406.5449  -38.4941 6406.6040  -41.0285  320.2230  320.5209
 6406.7993  -38.0798 6406.8804  -41.5396  320.1158  320.5229
 6407.1255  -37.7127 6407.2271  -42.0640  319.9975  320.5102
 6407.5166  -37.4039 6407.6377  -42.6028  319.8701  320.4844
 6407.9653  -37.1352 6408.1055  -43.1498  319.7324  320.4453
 6408.4629  -36.8918 6408.6221  -43.7010  319.5847  320.3947
 6409.0010  -36.6769 6409.1787  -44.2352  319.4298  320.3320
 6409.5693  -36.4909 6409.7656  -44.7469  319.2691  320.2584
 6410.1606  -36.3605 6410.3730  -45.2455  319.1091  320.1788
 6410.7627  -36.2558 6410.9897  -45.6979  318.9491  320.0907
 6411.3638  -36.1326 6411.6064  -46.1004  318.7875  319.9978
 6412.0454  -35.9937 6412.3032  -46.5322  318.6067  319.8916
 6412.8013  -35.8331 6413.0757  -46.9414  318.4077  319.7675
 6413.6279  -35.6525 6413.9180  -47.3105  318.1935  319.6256
 6414.5205  -35.4522 6414.8262  -47.6599  317.9660  319.4703
 6415.4736  -35.2145 6415.7949  -47.9633  317.7253  319.2998
 6416.4834  -34.9363 6416.8188  -48.1952  317.4730  319.1120
 6417.5444  -34.6252 6417.8940  -48.3648  317.2114  318.9096
 6418.6523  -34.2751 6419.0137  -48.4603  316.9415  318.6925
 6419.8018  -33.8529 6420.1743  -48.4640  316.6618  318.4595
 6420.9883  -33.3640 6421.3696  -48.3668  316.3745  318.2107
 6422.2065  -32.8150 6422.5957  -48.1632  316.0819  317.9469
 6423.4526  -32.2054 6423.8462  -47.8467  315.7860  317.6690
 6424.7207  -31.4953 6425.1172  -47.3906  315.4845  317.3748
 6426.0073  -30.6982 6426.4028  -46.8027  315.1809  317.0671
 6427.3066  -29.8175 6427.6987  -46.0707  314.8772  316.7462
 6428.6147  -28.8560 6428.9990  -45.1589  314.5753  316.4088
 6429.9263  -27.7875 6430.2998  -44.0986  314.2747  316.0615
 6431.2373  -26.6387 6431.5947  -42.8535  313.9793  315.7016
 6432.5420  -25.3966 6432.8809  -41.4415  313.6896  315.3341
 6433.8374  -24.0720 6434.1523  -39.8389  313.4080  314.9582
 6435.1172  -22.6717 6435.4062  -38.0864  313.1361  314.5815
 6436.3779  -21.2219 6436.6372  -36.1595  312.8767  314.2039
 6437.6138  -19.7002 6437.8428  -34.1048  312.6291  313.8331
 6438.8213  -18.1564 6439.0190  -31.9551  312.3972  313.4748
 6439.9941  -16.5595 6440.1621  -29.7156  312.1797  313.1315
 6441.1279  -14.9747 6441.2676  -27.3953  311.9812  312.8065
 6442.2188  -13.3757 6442.3315  -25.0396  311.8004  312.5053
 6443.2603  -11.7999 6443.3486  -22.6078  311.6394  312.2262
 6444.2485  -10.2498 6444.3159  -20.1932  311.4981  311.9771
 6445.1777   -8.7763 6445.2271  -17.7965  311.3770  311.7572
 6446.0430   -7.3715 6446.0776  -15.4387  311.2743  311.5669
 6446.8384   -6.0324 6446.8628  -13.2198  311.1874  311.4078
 6447.5601   -4.8129 6447.5757  -11.1304  311.1157  311.2763
 6448.2007   -3.7179 6448.2109   -9.2278  311.0565  311.1704
 6448.7568   -2.7542 6448.7637   -7.5727  311.0087  311.0883
 6449.2231   -1.9308 6449.2275   -6.2008  310.9709  311.0265
 6449.5947   -1.2596 6449.5972   -5.1276  310.9422  310.9817
 6449.8657   -0.7747 6449.8677   -4.3334  310.9220  310.9511
 6450.0317   -0.4815 6450.0327   -3.8289  310.9099  310.9330
 6450.1978   -0.1734 6450.1987   -3.3354  310.8982  310.9160
 6450.3613    0.1343 6450.3618   -2.8664  310.8869  310.9000
 6450.5186    0.3310 6450.5190   -2.4188  310.8760  310.8852
 6450.6680    0.4275 6450.6680   -1.9883  310.8657  310.8717
 6450.8066    0.4638 6450.8066   -1.5781  310.8559  310.8596
 6450.9316    0.4606 6450.9312   -1.2112  310.8470  310.8491
 6451.0415    0.4228 6451.0415   -0.9019  310.8391  310.8401
 6451.1338    0.3546 6451.1338   -0.6569  310.8324  310.8328
 6451.2075    0.2900 6451.2075   -0.4666  310.8270  310.8272
 6451.2607    0.1765 6451.2607   -0.3047  310.8230  310.8231
 6451.2935    0.0830 6451.2935   -0.1474  310.8206  310.8206
 6451.3042   -0.0885 6451.3042   -0.0885  310.8198  310.8198
*SECTION      1
-SECTION-     3   65
>----RAD------XOFF------YOFF------ROTD----CONEANGLE----                                   
    0.0000    0.0000    0.0000    0.0000    0.0000
>----X1--------Y1--------X2--------Y2--------R1-------- R2----                            
 6403.7017  -40.6919 6403.7017  -40.6919  348.5704  348.5704
 6403.7310  -40.4146 6403.7070  -41.0501  348.5398  348.6123
 6403.8481  -39.9231 6403.8096  -41.6590  348.4893  348.6888
 6404.0566  -39.5116 6404.0063  -42.2639  348.4528  348.7703
 6404.3462  -39.1323 6404.2881  -42.8283  348.4240  348.8517
 6404.7114  -38.8009 6404.6440  -43.4540  348.4043  348.9449
 6405.1455  -38.5182 6405.0698  -44.0806  348.3930  349.0423
 6405.6401  -38.2865 6405.5581  -44.6959  348.3897  349.1415
 6406.1875  -38.0984 6406.0996  -45.3110  348.3929  349.2433
 6406.7778  -37.9455 6406.6851  -45.9153  348.4008  349.3457
 6407.4009  -37.8236 6407.3047  -46.4920  348.4123  349.4457
 6408.0469  -37.7110 6407.9478  -47.0271  348.4243  349.5406
 6408.7031  -37.5947 6408.6030  -47.5112  348.4354  349.6288
 6409.3604  -37.4721 6409.2593  -47.9455  348.4451  349.7102
 6410.1016  -37.3245 6410.0010  -48.3958  348.4545  349.7965
 6410.9233  -37.1501 6410.8228  -48.8268  348.4639  349.8834
 6411.8193  -36.9476 6411.7212  -49.2051  348.4742  349.9671
 6412.7852  -36.7138 6412.6899  -49.5497  348.4860  350.0511
 6413.8154  -36.4420 6413.7241  -49.8374  348.5002  350.1336
 6414.9053  -36.1269 6414.8184  -50.0449  348.5162  350.2111
 6416.0493  -35.7575 6415.9678  -50.1792  348.5321  350.2836
 6417.2432  -35.3318 6417.1685  -50.2213  348.5464  350.3469
 6418.4810  -34.8420 6418.4136  -50.1633  348.5565  350.3980
 6419.7583  -34.2852 6419.6987  -49.9964  348.5608  350.4337
 6421.0698  -33.6450 6421.0190  -49.7082  348.5563  350.4510
 6422.4106  -32.9183 6422.3682  -49.2841  348.5424  350.4472
 6423.7749  -32.1081 6423.7417  -48.7309  348.5198  350.4234
 6425.1582  -31.1915 6425.1338  -48.0200  348.4868  350.3764
 6426.5547  -30.1943 6426.5391  -47.1475  348.4463  350.3063
 6427.9604  -29.0948 6427.9517  -46.1214  348.3971  350.2152
 6429.3696  -27.8915 6429.3667  -44.9123  348.3399  350.1006
 6430.7773  -26.6055 6430.7788  -43.5401  348.2772  349.9665
 6432.1777  -25.2161 6432.1821  -41.9937  348.2084  349.8134
 6433.5674  -23.7587 6433.5723  -40.2911  348.1371  349.6457
 6434.9399  -22.2102 6434.9448  -38.4499  348.0624  349.4672
 6436.2910  -20.6183 6436.2935  -36.4401  347.9883  349.2768
 6437.6157  -18.9635 6437.6143  -34.3122  347.9140  349.0822
 6438.9082  -17.2578 6438.9028  -32.0394  347.8410  348.8831
 6440.1641  -15.5459 6440.1538  -29.6559  347.7726  348.6855
 6441.3789  -13.7990 6441.3623  -27.1769  347.7082  348.4935
 6442.5469  -12.0826 6442.5254  -24.5955  347.6514  348.3094
 6443.6631  -10.3729 6443.6377  -22.0001  347.6016  348.1417
 6444.7227   -8.7064 6444.6943  -19.3617  347.5604  347.9897
 6445.7207   -7.1076 6445.6909  -16.7661  347.5277  347.8589
 6446.6519   -5.5578 6446.6221  -14.2682  347.5027  347.7508
 6447.5107   -4.1052 6447.4824  -11.8620  347.4849  347.6630
 6448.2920   -2.7676 6448.2666   -9.6274  347.4733  347.5956
 6448.9917   -1.5475 6448.9688   -7.6100  347.4667  347.5465
 6449.6035   -0.4532 6449.5840   -5.8090  347.4638  347.5120
 6450.1230    0.5111 6450.1060   -4.2726  347.4636  347.4894
 6450.5449    1.2931 6450.5308   -3.0289  347.4651  347.4760
 6450.8643    1.8580 6450.8521   -2.0930  347.4672  347.4685
 6451.0762    2.2361 6451.0654   -1.4791  347.4688  347.4648
 6451.2881    2.6254 6451.2788   -0.8740  347.4710  347.4622
 6451.4961    3.0018 6451.4883   -0.2842  347.4733  347.4605
 6451.6968    3.3660 6451.6904    0.2828  347.4760  347.4598
 6451.8872    3.6105 6451.8818    0.8217  347.4778  347.4600
 6452.0640    3.7247 6452.0596    1.3297  347.4784  347.4610
 6452.2231    3.7613 6452.2202    1.8010  347.4782  347.4625
 6452.3628    3.7481 6452.3613    2.2101  347.4775  347.4643
 6452.4810    3.7006 6452.4795    2.5405  347.4765  347.4661
 6452.5752    3.6071 6452.5742    2.7817  347.4752  347.4676
 6452.6431    3.5201 6452.6431    2.9760  347.4740  347.4689
 6452.6846    3.3832 6452.6846    3.1216  347.4724  347.4700
 6452.6982    3.3372 6452.6982    3.3372  347.4719  347.4719
*SECTION      1
-SECTION-     4   65
>----RAD------XOFF------YOFF------ROTD----CONEANGLE----                                   
    0.0000    0.0000    0.0000    0.0000    0.0000
>----X1--------Y1--------X2--------Y2--------R1-------- R2----                            
 6401.0654  -42.0802 6401.0654  -42.0802  375.4892  375.4892
 6401.0742  -41.5707 6401.1055  -42.3618  375.4353  375.5312
 6401.2412  -40.9129 6401.2505  -42.8653  375.4080  375.6266
 6401.5249  -40.3866 6401.5039  -43.4506  375.4279  375.7614
 6401.9116  -39.9425 6401.8613  -44.0515  375.4864  375.9280
 6402.3945  -39.5621 6402.3149  -44.6885  375.5806  376.1280
 6402.9639  -39.2459 6402.8555  -45.3579  375.7090  376.3599
 6403.6099  -38.9838 6403.4731  -46.0553  375.8687  376.6212
 6404.3218  -38.7555 6404.1572  -46.7625  376.0555  376.9083
 6405.0874  -38.5545 6404.8965  -47.4514  376.2653  377.2142
 6405.8921  -38.4301 6405.6787  -48.0986  376.4984  377.5329
 6406.7266  -38.2401 6406.4912  -48.6912  376.7375  377.8577
 6407.5752  -38.0459 6407.3198  -49.2278  376.9823  378.1833
 6408.4233  -37.8438 6408.1499  -49.7102  377.2278  378.5045
 6409.3418  -37.6158 6409.0513  -50.1601  377.4932  378.8447
 6410.3257  -37.3594 6410.0195  -50.5694  377.7769  379.2014
 6411.3706  -37.0627 6411.0513  -50.9268  378.0770  379.5719
 6412.4727  -36.7314 6412.1416  -51.2194  378.3924  379.9530
 6413.6260  -36.3651 6413.2856  -51.4473  378.7229  380.3441
 6414.8271  -35.9512 6414.4800  -51.5922  379.0655  380.7414
 6416.0718  -35.4784 6415.7212  -51.6518  379.4156  381.1413
 6417.3574  -34.9468 6417.0049  -51.6146  379.7686  381.5378
 6418.6807  -34.3406 6418.3286  -51.4703  380.1180  381.9241
 6420.0366  -33.6634 6419.6890  -51.2110  380.4588  382.2937
 6421.4229  -32.9044 6421.0820  -50.8281  380.7865  382.6410
 6422.8340  -32.0390 6422.5029  -50.3049  381.0969  382.9614
 6424.2661  -31.0899 6423.9468  -49.6373  381.3904  383.2523
 6425.7129  -30.0464 6425.4087  -48.7968  381.6656  383.5095
 6427.1699  -28.9039 6426.8828  -47.8061  381.9211  383.7354
 6428.6333  -27.6565 6428.3643  -46.6456  382.1562  383.9271
 6430.0962  -26.3097 6429.8467  -45.3155  382.3712  384.0847
 6431.5552  -24.8845 6431.3247  -43.7957  382.5675  384.2070
 6433.0039  -23.3575 6432.7930  -42.1294  382.7439  384.2997
 6434.4380  -21.7595 6434.2461  -40.3097  382.9029  384.3636
 6435.8521  -20.1092 6435.6782  -38.3273  383.0458  384.3995
 6437.2412  -18.4018 6437.0840  -36.1758  383.1732  384.4090
 6438.6006  -16.6291 6438.4595  -33.9015  383.2852  384.3991
 6439.9258  -14.8547 6439.7979  -31.4787  383.3859  384.3704
 6441.2104  -13.0724 6441.0957  -28.9151  383.4759  384.3269
 6442.4512  -11.2885 6442.3477  -26.1921  383.5567  384.2719
 6443.6426   -9.5021 6443.5493  -23.3852  383.6294  384.2141
 6444.7798   -7.7707 6444.6958  -20.5415  383.6964  384.1593
 6445.8574   -6.0941 6445.7832  -17.6699  383.7586  384.1104
 6446.8721   -4.4773 6446.8066  -14.8976  383.8173  384.0750
 6447.8174   -2.9218 6447.7612  -12.2478  383.8734  384.0534
 6448.6895   -1.4289 6448.6421   -9.7277  383.9273  384.0445
 6449.4839   -0.0491 6449.4443   -7.4181  383.9798  384.0487
 6450.1953    1.2034 6450.1626   -5.3449  384.0298  384.0629
 6450.8193    2.3224 6450.7930   -3.5139  384.0769  384.0842
 6451.3511    3.2900 6451.3301   -1.9440  384.1194  384.1089
 6451.7861    4.1040 6451.7695   -0.6406  384.1564  384.1339
 6452.1201    4.7497 6452.1069    0.3800  384.1864  384.1563
 6452.3477    5.1882 6452.3369    1.0823  384.2076  384.1733
 6452.5752    5.6222 6452.5664    1.7724  384.2292  384.1916
 6452.7988    6.0496 6452.7925    2.4457  384.2511  384.2108
 6453.0151    6.4934 6453.0103    3.0985  384.2732  384.2305
 6453.2197    6.8316 6453.2163    3.7205  384.2933  384.2504
 6453.4097    6.9975 6453.4077    4.3114  384.3096  384.2699
 6453.5815    7.0582 6453.5806    4.8624  384.3228  384.2887
 6453.7324    7.0519 6453.7314    5.3386  384.3334  384.3058
 6453.8594    6.9987 6453.8589    5.7255  384.3415  384.3204
 6453.9604    6.9146 6453.9604    6.0090  384.3473  384.3320
 6454.0342    6.8095 6454.0347    6.2332  384.3507  384.3409
 6454.0786    6.6423 6454.0791    6.4451  384.3510  384.3476
 6454.0938    6.5473 6454.0938    6.5473  384.3504  384.3504
 AIRFOIL # =           1
*SECTION      1
-SECTION-     1   65
>----RAD------XOFF------YOFF------ROTD----CONEANGLE----                                   
    0.0000    0.0000    0.0000    0.0000    0.0000
>----X1--------Y1--------X2--------Y2--------R1-------- R2----                            
 6464.0288    2.3818 6464.0288    2.3818  308.0493  308.0493
 6464.0469    2.5691 6464.0464    2.1507  308.0498  308.0466
 6464.1001    2.8321 6464.1001    1.9561  308.0489  308.0421
 6464.1890    3.1221 6464.1885    1.7619  308.0465  308.0357
 6464.3110    3.4713 6464.3105    1.5955  308.0431  308.0278
 6464.4648    3.8347 6464.4634    1.4586  308.0387  308.0183
 6464.6465    4.2035 6464.6450    1.3414  308.0332  308.0075
 6464.8540    4.5678 6464.8525    1.2603  308.0270  307.9958
 6465.0835    4.9225 6465.0815    1.2135  308.0202  307.9834
 6465.3311    5.2625 6465.3291    1.1985  308.0131  307.9705
 6465.5923    5.5846 6465.5903    1.1994  308.0056  307.9574
 6465.8628    5.8867 6465.8604    1.2036  307.9981  307.9443
 6466.1382    6.1663 6466.1353    1.2103  307.9906  307.9314
 6466.4136    6.4227 6466.4106    1.2180  307.9834  307.9190
 6466.7617    6.7172 6466.7588    1.2259  307.9747  307.9041
 6467.1782    7.0325 6467.1753    1.2321  307.9647  307.8870
 6467.6602    7.3550 6467.6567    1.2404  307.9536  307.8684
 6468.2026    7.6824 6468.1992    1.2409  307.9424  307.8492
 6468.8027    7.9981 6468.7988    1.2246  307.9311  307.8297
 6469.4561    8.2806 6469.4521    1.2029  307.9196  307.8108
 6470.1587    8.5392 6470.1548    1.1485  307.9088  307.7927
 6470.9077    8.7502 6470.9033    1.0685  307.8984  307.7760
 6471.6978    8.9169 6471.6934    0.9533  307.8888  307.7612
 6472.5259    9.0305 6472.5215    0.7963  307.8802  307.7488
 6473.3882    9.0794 6473.3838    0.5974  307.8720  307.7388
 6474.2808    9.0635 6474.2764    0.3516  307.8651  307.7320
 6475.1997    8.9733 6475.1948    0.0577  307.8589  307.7282
 6476.1406    8.8054 6476.1362   -0.2846  307.8542  307.7284
 6477.1006    8.5563 6477.0962   -0.6787  307.8485  307.7304
 6478.0752    8.2242 6478.0713   -1.1258  307.8452  307.7374
 6479.0610    7.8035 6479.0566   -1.6241  307.8422  307.7475
 6480.0537    7.2931 6480.0493   -2.1716  307.8400  307.7612
 6481.0498    6.6949 6481.0449   -2.7679  307.8390  307.7786
 6482.0444    6.0116 6482.0400   -3.4136  307.8395  307.7996
 6483.0352    5.2433 6483.0303   -4.1037  307.8413  307.8240
 6484.0176    4.3918 6484.0122   -4.8295  307.8451  307.8516
 6484.9873    3.4629 6484.9814   -5.5876  307.8512  307.8824
 6485.9414    2.4655 6485.9351   -6.3765  307.8599  307.9160
 6486.8755    1.4083 6486.8682   -7.1848  307.8717  307.9521
 6487.7852    0.2944 6487.7773   -8.0017  307.8868  307.9904
 6488.6675   -0.8622 6488.6587   -8.8223  307.9055  308.0304
 6489.5181   -2.0566 6489.5088   -9.6429  307.9279  308.0718
 6490.3330   -3.2471 6490.3237  -10.4470  307.9539  308.1137
 6491.1089   -4.4378 6491.0981  -11.2361  307.9834  308.1560
 6491.8413   -5.6125 6491.8306  -11.9987  308.0158  308.1980
 6492.5264   -6.7466 6492.5151  -12.7224  308.0503  308.2388
 6493.1611   -7.8401 6493.1494  -13.4110  308.0867  308.2784
 6493.7402   -8.8564 6493.7285  -14.0460  308.1231  308.3156
 6494.2612   -9.7967 6494.2495  -14.6276  308.1591  308.3502
 6494.7192  -10.6418 6494.7085  -15.1477  308.1935  308.3816
 6495.1118  -11.3670 6495.1006  -15.5922  308.2244  308.4088
 6495.4336  -11.9745 6495.4233  -15.9653  308.2513  308.4317
 6495.6821  -12.4535 6495.6719  -16.2566  308.2731  308.4497
 6495.9307  -12.9408 6495.9204  -16.5412  308.2959  308.4676
 6496.1743  -13.4152 6496.1650  -16.8269  308.3187  308.4856
 6496.4102  -13.8633 6496.4009  -17.0287  308.3409  308.4990
 6496.6328  -14.3031 6496.6250  -17.1160  308.3629  308.5059
 6496.8398  -14.7037 6496.8330  -17.1327  308.3835  308.5085
 6497.0264  -15.0703 6497.0210  -17.0996  308.4026  308.5082
 6497.1899  -15.3983 6497.1855  -17.0261  308.4201  308.5055
 6497.3281  -15.6704 6497.3242  -16.9210  308.4348  308.5008
 6497.4380  -15.8872 6497.4341  -16.7963  308.4467  308.4948
 6497.5176  -16.0714 6497.5146  -16.6584  308.4568  308.4879
 6497.5659  -16.2481 6497.5625  -16.5068  308.4663  308.4800
 6497.5781  -16.4129 6497.5781  -16.4129  308.4752  308.4752
*SECTION      1
-SECTION-     2   65
>----RAD------XOFF------YOFF------ROTD----CONEANGLE----                                   
    0.0000    0.0000    0.0000    0.0000    0.0000
>----X1--------Y1--------X2--------Y2--------R1-------- R2----                            
 6464.0288    2.3818 6464.0288    2.3818  308.6015  308.6015
 6464.0469    2.5691 6464.0464    2.1507  308.6020  308.5988
 6464.1001    2.8321 6464.1001    1.9561  308.6011  308.5943
 6464.1890    3.1221 6464.1885    1.7619  308.5988  308.5880
 6464.3110    3.4713 6464.3105    1.5955  308.5954  308.5801
 6464.4648    3.8347 6464.4634    1.4586  308.5911  308.5707
 6464.6465    4.2035 6464.6450    1.3414  308.5858  308.5601
 6464.8540    4.5678 6464.8525    1.2603  308.5797  308.5485
 6465.0835    4.9225 6465.0815    1.2135  308.5730  308.5362
 6465.3311    5.2624 6465.3291    1.1985  308.5660  308.5235
 6465.5923    5.5846 6465.5903    1.1994  308.5587  308.5106
 6465.8628    5.8867 6465.8604    1.2036  308.5513  308.4976
 6466.1382    6.1663 6466.1353    1.2103  308.5440  308.4848
 6466.4136    6.4226 6466.4111    1.2180  308.5369  308.4726
 6466.7617    6.7172 6466.7588    1.2259  308.5284  308.4578
 6467.1782    7.0325 6467.1753    1.2321  308.5184  308.4409
 6467.6602    7.3550 6467.6567    1.2404  308.5076  308.4225
 6468.2026    7.6824 6468.1992    1.2409  308.4966  308.4035
 6468.8027    7.9981 6468.7988    1.2246  308.4854  308.3842
 6469.4561    8.2805 6469.4521    1.2029  308.4741  308.3654
 6470.1587    8.5392 6470.1548    1.1485  308.4635  308.3475
 6470.9072    8.7501 6470.9028    1.0685  308.4531  308.3310
 6471.6978    8.9169 6471.6934    0.9533  308.4436  308.3163
 6472.5259    9.0305 6472.5215    0.7963  308.4350  308.3040
 6473.3882    9.0794 6473.3838    0.5974  308.4269  308.2939
 6474.2808    9.0635 6474.2759    0.3516  308.4200  308.2871
 6475.1992    8.9733 6475.1948    0.0578  308.4138  308.2832
 6476.1406    8.8054 6476.1362   -0.2846  308.4089  308.2834
 6477.1006    8.5563 6477.0962   -0.6787  308.4031  308.2852
 6478.0752    8.2243 6478.0708   -1.1257  308.3996  308.2920
 6479.0605    7.8036 6479.0562   -1.6240  308.3964  308.3019
 6480.0537    7.2932 6480.0488   -2.1714  308.3941  308.3154
 6481.0493    6.6951 6481.0444   -2.7677  308.3929  308.3326
 6482.0444    6.0118 6482.0396   -3.4134  308.3931  308.3533
 6483.0352    5.2435 6483.0303   -4.1035  308.3947  308.3774
 6484.0171    4.3921 6484.0117   -4.8293  308.3983  308.4047
 6484.9873    3.4633 6484.9810   -5.5874  308.4041  308.4352
 6485.9414    2.4659 6485.9346   -6.3763  308.4126  308.4685
 6486.8750    1.4087 6486.8677   -7.1846  308.4241  308.5044
 6487.7847    0.2948 6487.7773   -8.0015  308.4390  308.5424
 6488.6670   -0.8618 6488.6587   -8.8220  308.4574  308.5822
 6489.5176   -2.0562 6489.5088   -9.6427  308.4797  308.6233
 6490.3330   -3.2466 6490.3232  -10.4467  308.5056  308.6650
 6491.1084   -4.4373 6491.0981  -11.2359  308.5348  308.7071
 6491.8408   -5.6120 6491.8301  -11.9984  308.5670  308.7489
 6492.5259   -6.7461 6492.5151  -12.7221  308.6015  308.7896
 6493.1606   -7.8396 6493.1494  -13.4107  308.6376  308.8291
 6493.7397   -8.8559 6493.7285  -14.0458  308.6740  308.8662
 6494.2607   -9.7962 6494.2495  -14.6274  308.7100  308.9007
 6494.7192  -10.6413 6494.7080  -15.1475  308.7443  308.9321
 6495.1118  -11.3666 6495.1006  -15.5920  308.7751  308.9592
 6495.4336  -11.9741 6495.4233  -15.9651  308.8019  308.9821
 6495.6821  -12.4531 6495.6719  -16.2564  308.8237  309.0001
 6495.9302  -12.9404 6495.9204  -16.5410  308.8465  309.0179
 6496.1743  -13.4150 6496.1650  -16.8268  308.8694  309.0360
 6496.4102  -13.8630 6496.4009  -17.0286  308.8914  309.0494
 6496.6328  -14.3028 6496.6250  -17.1160  308.9135  309.0562
 6496.8394  -14.7035 6496.8330  -17.1327  308.9341  309.0589
 6497.0264  -15.0701 6497.0210  -17.0996  308.9532  309.0587
 6497.1899  -15.3981 6497.1855  -17.0261  308.9707  309.0559
 6497.3281  -15.6702 6497.3242  -16.9210  308.9854  309.0512
 6497.4380  -15.8871 6497.4341  -16.7963  308.9973  309.0452
 6497.5176  -16.0712 6497.5146  -16.6584  309.0074  309.0384
 6497.5654  -16.2479 6497.5625  -16.5068  309.0169  309.0306
 6497.5781  -16.4129 6497.5781  -16.4129  309.0257  309.0257
*SECTION      1
-SECTION-     3   65
>----RAD------XOFF------YOFF------ROTD----CONEANGLE----                                   
    0.0000    0.0000    0.0000    0.0000    0.0000
>----X1--------Y1--------X2--------Y2--------R1-------- R2----                            
 6465.3057    6.2861 6465.3057    6.2861  346.5977  346.5977
 6465.3242    6.5258 6465.3247    6.1059  346.6020  346.5943
 6465.3818    6.7540 6465.3823    5.8896  346.6057  346.5899
 6465.4775    6.9857 6465.4780    5.7152  346.6093  346.5860
 6465.6089    7.2240 6465.6089    5.5587  346.6127  346.5820
 6465.7739    7.4493 6465.7744    5.4234  346.6157  346.5781
 6465.9697    7.6702 6465.9702    5.3036  346.6183  346.5740
 6466.1934    7.8885 6466.1934    5.1916  346.6208  346.5699
 6466.4404    8.0988 6466.4404    5.0804  346.6228  346.5654
 6466.7070    8.2967 6466.7070    4.9670  346.6246  346.5609
 6466.9883    8.4805 6466.9883    4.8537  346.6260  346.5563
 6467.2798    8.6518 6467.2798    4.7409  346.6271  346.5515
 6467.5767    8.8115 6467.5762    4.6272  346.6279  346.5468
 6467.8730    8.9572 6467.8726    4.5120  346.6283  346.5420
 6468.2339    9.1142 6468.2334    4.3682  346.6286  346.5363
 6468.6553    9.2695 6468.6548    4.1936  346.6284  346.5298
 6469.1343    9.4184 6469.1333    3.9899  346.6273  346.5223
 6469.6675    9.5532 6469.6660    3.7554  346.6253  346.5141
 6470.2505    9.6588 6470.2485    3.4846  346.6224  346.5054
 6470.8799    9.7306 6470.8779    3.1863  346.6180  346.4960
 6471.5522    9.7645 6471.5503    2.8509  346.6122  346.4864
 6472.2646    9.7515 6472.2622    2.4753  346.6053  346.4771
 6473.0127    9.6871 6473.0098    2.0639  346.5966  346.4673
 6473.7930    9.5671 6473.7905    1.6203  346.5863  346.4581
 6474.6025    9.3862 6474.5996    1.1398  346.5742  346.4491
 6475.4375    9.1386 6475.4346    0.6188  346.5613  346.4414
 6476.2944    8.8245 6476.2910    0.0637  346.5467  346.4343
 6477.1694    8.4324 6477.1660   -0.5413  346.5302  346.4281
 6478.0591    7.9699 6478.0557   -1.1702  346.5137  346.4240
 6478.9604    7.4217 6478.9565   -1.8334  346.4962  346.4215
 6479.8691    6.8033 6479.8652   -2.5444  346.4787  346.4212
 6480.7817    6.0947 6480.7783   -3.2729  346.4614  346.4233
 6481.6958    5.3183 6481.6914   -4.0434  346.4451  346.4279
 6482.6060    4.4521 6482.6021   -4.8224  346.4302  346.4352
 6483.5103    3.5077 6483.5059   -5.6320  346.4174  346.4454
 6484.4048    2.5108 6484.3999   -6.4508  346.4076  346.4585
 6485.2856    1.4274 6485.2803   -7.2664  346.4010  346.4743
 6486.1494    0.3077 6486.1436   -8.0868  346.3987  346.4929
 6486.9922   -0.8813 6486.9863   -8.9014  346.4008  346.5140
 6487.8110   -2.1000 6487.8047   -9.7064  346.4081  346.5376
 6488.6025   -3.3441 6488.5947  -10.5061  346.4204  346.5634
 6489.3618   -4.5779 6489.3540  -11.2908  346.4378  346.5914
 6490.0869   -5.8297 6490.0786  -12.0413  346.4602  346.6203
 6490.7729   -7.0450 6490.7646  -12.7687  346.4870  346.6505
 6491.4175   -8.2265 6491.4087  -13.4717  346.5176  346.6816
 6492.0161   -9.3248 6492.0073  -14.1223  346.5500  346.7120
 6492.5654  -10.3628 6492.5571  -14.7372  346.5843  346.7424
 6493.0625  -11.3274 6493.0542  -15.3094  346.6192  346.7719
 6493.5034  -12.1773 6493.4956  -15.8142  346.6522  346.7988
 6493.8848  -12.9279 6493.8770  -16.2529  346.6832  346.8229
 6494.2031  -13.5549 6494.1958  -16.6258  346.7107  346.8441
 6494.4551  -14.0418 6494.4478  -16.9257  346.7330  346.8615
 6494.6367  -14.3924 6494.6299  -17.1432  346.7496  346.8745
 6494.8184  -14.7450 6494.8120  -17.3658  346.7666  346.8877
 6494.9971  -15.1022 6494.9912  -17.5959  346.7842  346.9015
 6495.1699  -15.4603 6495.1641  -17.7584  346.8021  346.9119
 6495.3330  -15.7819 6495.3276  -17.8374  346.8186  346.9180
 6495.4844  -16.0720 6495.4800  -17.8579  346.8339  346.9210
 6495.6211  -16.3439 6495.6172  -17.8391  346.8484  346.9219
 6495.7412  -16.5882 6495.7383  -17.7934  346.8616  346.9212
 6495.8423  -16.7857 6495.8398  -17.7232  346.8725  346.9191
 6495.9229  -16.9412 6495.9209  -17.6361  346.8812  346.9158
 6495.9814  -17.0782 6495.9795  -17.5339  346.8888  346.9114
 6496.0161  -17.2125 6496.0146  -17.4193  346.8959  346.9062
 6496.0259  -17.3411 6496.0259  -17.3411  346.9024  346.9024
*SECTION      1
-SECTION-     4   65
>----RAD------XOFF------YOFF------ROTD----CONEANGLE----                                   
    0.0000    0.0000    0.0000    0.0000    0.0000
>----X1--------Y1--------X2--------Y2--------R1-------- R2----                            
 6467.1426   10.8205 6467.1426   10.8205  384.7537  384.7537
 6467.1650   11.0245 6467.1636   10.5520  384.7599  384.7466
 6467.2344   11.2312 6467.2334   10.3272  384.7671  384.7417
 6467.3501   11.4323 6467.3491   10.1124  384.7750  384.7380
 6467.5088   11.6052 6467.5078    9.8826  384.7827  384.7346
 6467.7085   11.7617 6467.7080    9.6354  384.7904  384.7314
 6467.9458   11.9078 6467.9448    9.3749  384.7982  384.7281
 6468.2158   12.0381 6468.2153    9.0974  384.8058  384.7250
 6468.5151   12.1441 6468.5142    8.7998  384.8127  384.7217
 6468.8374   12.2218 6468.8364    8.4855  384.8184  384.7179
 6469.1777   12.2716 6469.1768    8.1571  384.8227  384.7135
 6469.5308   12.2943 6469.5288    7.8166  384.8255  384.7086
 6469.8896   12.2896 6469.8877    7.4630  384.8274  384.7036
 6470.2485   12.2609 6470.2466    7.1033  384.8279  384.6982
 6470.6509   12.2088 6470.6484    6.7036  384.8269  384.6916
 6471.0938   12.1260 6471.0908    6.2653  384.8239  384.6840
 6471.5752   11.9981 6471.5718    5.7837  384.8191  384.6755
 6472.0923   11.8310 6472.0889    5.2545  384.8127  384.6667
 6472.6426   11.6168 6472.6392    4.6295  384.8034  384.6559
 6473.2236   11.3607 6473.2197    4.1276  384.7912  384.6457
 6473.8330   11.0508 6473.8286    3.4991  384.7768  384.6341
 6474.4683   10.6863 6474.4639    2.8654  384.7594  384.6217
 6475.1270   10.2706 6475.1221    2.1914  384.7398  384.6090
 6475.8062    9.8106 6475.8018    1.4957  384.7180  384.5959
 6476.5044    9.2842 6476.4990    0.7935  384.6940  384.5829
 6477.2178    8.6910 6477.2129    0.0539  384.6679  384.5698
 6477.9448    8.0347 6477.9399   -0.7061  384.6403  384.5571
 6478.6831    7.3306 6478.6787   -1.4726  384.6120  384.5450
 6479.4297    6.5461 6479.4248   -2.2404  384.5829  384.5338
 6480.1821    5.6985 6480.1777   -3.0357  384.5537  384.5235
 6480.9385    4.8075 6480.9341   -3.8374  384.5256  384.5148
 6481.6958    3.8721 6481.6914   -4.6471  384.4989  384.5076
 6482.4517    2.8716 6482.4473   -5.4342  384.4741  384.5018
 6483.2036    1.8303 6483.1997   -6.2477  384.4518  384.4983
 6483.9497    0.7614 6483.9453   -7.0624  384.4329  384.4971
 6484.6865   -0.3111 6484.6821   -7.8643  384.4175  384.4979
 6485.4126   -1.4302 6485.4077   -8.6565  384.4063  384.5012
 6486.1245   -2.5610 6486.1191   -9.4579  384.3993  384.5071
 6486.8203   -3.6772 6486.8145  -10.2505  384.3966  384.5158
 6487.4971   -4.7758 6487.4907  -11.0147  384.3981  384.5263
 6488.1528   -5.8836 6488.1455  -11.7671  384.4044  384.5395
 6488.7847   -6.9691 6488.7769  -12.5128  384.4145  384.5550
 6489.3896   -8.0255 6489.3823  -13.2365  384.4287  384.5728
 6489.9663   -9.0332 6489.9585  -13.9252  384.4457  384.5917
 6490.5117   -9.9823 6490.5034  -14.5722  384.4651  384.6116
 6491.0229  -10.9064 6491.0146  -15.2022  384.4877  384.6335
 6491.4980  -11.7756 6491.4897  -15.7965  384.5114  384.6555
 6491.9346  -12.5806 6491.9263  -16.3476  384.5358  384.6774
 6492.3301  -13.3126 6492.3213  -16.8509  384.5604  384.6990
 6492.6816  -13.9543 6492.6724  -17.2947  384.5837  384.7192
 6492.9868  -14.5062 6492.9785  -17.6794  384.6049  384.7375
 6493.2437  -14.9756 6493.2354  -18.0133  384.6238  384.7538
 6493.4502  -15.3609 6493.4409  -18.2893  384.6397  384.7676
 6493.6558  -15.7575 6493.6475  -18.5609  384.6566  384.7814
 6493.8584  -16.1481 6493.8496  -18.8200  384.6739  384.7951
 6494.0537  -16.5058 6494.0454  -19.0071  384.6905  384.8057
 6494.2383  -16.8425 6494.2305  -19.0918  384.7067  384.8115
 6494.4097  -17.1714 6494.4028  -19.1115  384.7229  384.8141
 6494.5649  -17.4677 6494.5586  -19.0904  384.7379  384.8147
 6494.7002  -17.7113 6494.6948  -19.0314  384.7504  384.8133
 6494.8149  -17.9103 6494.8096  -18.9469  384.7610  384.8105
 6494.9062  -18.0800 6494.9014  -18.8432  384.7699  384.8064
 6494.9727  -18.2250 6494.9673  -18.7259  384.7775  384.8015
 6495.0122  -18.3736 6495.0073  -18.6002  384.7850  384.7958
 6495.0205  -18.5283 6495.0205  -18.5284  384.7925  384.7925
*SECTION      1
-SECTION-     5   65
>----RAD------XOFF------YOFF------ROTD----CONEANGLE----                                   
    0.0000    0.0000    0.0000    0.0000    0.0000
>----X1--------Y1--------X2--------Y2--------R1-------- R2----                            
 6467.1426   10.8205 6467.1426   10.8205  385.1689  385.1689
 6467.1650   11.0246 6467.1636   10.5521  385.1751  385.1619
 6467.2344   11.2312 6467.2334   10.3272  385.1823  385.1570
 6467.3501   11.4323 6467.3491   10.1124  385.1903  385.1534
 6467.5088   11.6052 6467.5078    9.8826  385.1981  385.1500
 6467.7085   11.7617 6467.7080    9.6354  385.2059  385.1468
 6467.9458   11.9078 6467.9448    9.3749  385.2137  385.1437
 6468.2158   12.0381 6468.2153    9.0974  385.2213  385.1406
 6468.5151   12.1441 6468.5142    8.7998  385.2282  385.1374
 6468.8374   12.2218 6468.8364    8.4855  385.2341  385.1337
 6469.1777   12.2716 6469.1768    8.1571  385.2384  385.1294
 6469.5308   12.2943 6469.5288    7.8166  385.2414  385.1245
 6469.8896   12.2896 6469.8877    7.4630  385.2433  385.1195
 6470.2485   12.2609 6470.2466    7.1033  385.2438  385.1143
 6470.6509   12.2088 6470.6484    6.7036  385.2429  385.1077
 6471.0938   12.1260 6471.0908    6.2652  385.2400  385.1001
 6471.5752   11.9981 6471.5718    5.7837  385.2351  385.0918
 6472.0923   11.8310 6472.0889    5.2545  385.2288  385.0829
 6472.6426   11.6168 6472.6392    4.6295  385.2195  385.0722
 6473.2236   11.3607 6473.2197    4.1276  385.2074  385.0620
 6473.8330   11.0508 6473.8286    3.4991  385.1929  385.0504
 6474.4683   10.6863 6474.4639    2.8654  385.1756  385.0381
 6475.1270   10.2706 6475.1221    2.1914  385.1559  385.0253
 6475.8062    9.8106 6475.8018    1.4957  385.1342  385.0121
 6476.5039    9.2842 6476.4990    0.7936  385.1100  384.9990
 6477.2178    8.6910 6477.2129    0.0539  385.0839  384.9859
 6477.9448    8.0348 6477.9399   -0.7061  385.0562  384.9731
 6478.6826    7.3306 6478.6787   -1.4725  385.0278  384.9609
 6479.4297    6.5462 6479.4248   -2.2404  384.9985  384.9495
 6480.1821    5.6985 6480.1777   -3.0356  384.9693  384.9392
 6480.9385    4.8076 6480.9341   -3.8374  384.9411  384.9303
 6481.6958    3.8722 6481.6914   -4.6470  384.9142  384.9229
 6482.4517    2.8717 6482.4473   -5.4341  384.8893  384.9170
 6483.2036    1.8304 6483.1992   -6.2476  384.8669  384.9133
 6483.9497    0.7615 6483.9448   -7.0623  384.8478  384.9119
 6484.6865   -0.3109 6484.6816   -7.8642  384.8323  384.9126
 6485.4121   -1.4300 6485.4072   -8.6564  384.8209  384.9156
 6486.1240   -2.5607 6486.1187   -9.4578  384.8137  384.9214
 6486.8198   -3.6769 6486.8140  -10.2504  384.8109  384.9299
 6487.4971   -4.7755 6487.4907  -11.0146  384.8123  384.9403
 6488.1523   -5.8833 6488.1455  -11.7670  384.8184  384.9533
 6488.7842   -6.9688 6488.7769  -12.5127  384.8284  384.9688
 6489.3896   -8.0253 6489.3823  -13.2364  384.8425  384.9864
 6489.9663   -9.0329 6489.9585  -13.9250  384.8593  385.0052
 6490.5117   -9.9821 6490.5034  -14.5720  384.8786  385.0250
 6491.0229  -10.9062 6491.0146  -15.2021  384.9012  385.0468
 6491.4980  -11.7753 6491.4897  -15.7963  384.9248  385.0687
 6491.9346  -12.5804 6491.9258  -16.3474  384.9491  385.0905
 6492.3296  -13.3123 6492.3213  -16.8508  384.9736  385.1121
 6492.6816  -13.9541 6492.6724  -17.2946  384.9969  385.1322
 6492.9868  -14.5060 6492.9780  -17.6793  385.0181  385.1505
 6493.2437  -14.9754 6493.2354  -18.0132  385.0369  385.1668
 6493.4497  -15.3608 6493.4409  -18.2892  385.0528  385.1805
 6493.6558  -15.7574 6493.6475  -18.5608  385.0697  385.1944
 6493.8584  -16.1480 6493.8496  -18.8200  385.0869  385.2080
 6494.0537  -16.5057 6494.0454  -19.0070  385.1035  385.2186
 6494.2383  -16.8424 6494.2305  -19.0918  385.1197  385.2243
 6494.4097  -17.1713 6494.4028  -19.1115  385.1358  385.2270
 6494.5649  -17.4676 6494.5586  -19.0904  385.1508  385.2276
 6494.7002  -17.7113 6494.6948  -19.0314  385.1634  385.2262
 6494.8149  -17.9103 6494.8096  -18.9469  385.1738  385.2233
 6494.9062  -18.0799 6494.9014  -18.8432  385.1828  385.2193
 6494.9727  -18.2249 6494.9673  -18.7259  385.1904  385.2144
 6495.0122  -18.3736 6495.0073  -18.6002  385.1979  385.2087
 6495.0205  -18.5284 6495.0205  -18.5284  385.2054  385.2054
