EEE-HPT Smoothed Blade Geometry                                         S      1
1H,,1H;,20Hstator1_smoothed.igs,7Hexport_iges,7Hexport_iges,32,38,6,308,G      1
15,20Hstator1_smoothed.igs,1.0,2,2HMM,1,0.001,15H20260316.000000,0.0001,G      2
100000.0,0H,0H;                                                         G      3
     126       1       0       0       0       0       0       000000000D      1
     126       0       0     395       0                Stator1_       0D      2
     126     396       0       0       0       0       0       000000000D      3
     126       0       0     394       0                Stator1_       0D      4
     126     790       0       0       0       0       0       000000000D      5
     126       0       0     395       0                Stator1_       0D      6
     126    1185       0       0       0       0       0       000000000D      7
     126       0       0     395       0                Stator1_       0D      8
     126    1580       0       0       0       0       0       000000000D      9
     126       0       0     395       0                Stator1_       0D     10
     126    1975       0       0       0       0       0       000000000D     11
     126       0       0     395       0                Stator1_       0D     12
     126    2370       0       0       0       0       0       000000000D     13
     126       0       0     395       0                Stator1_       0D     14
     126    2765       0       0       0       0       0       000000000D     15
     126       0       0     395       0                Stator1_       0D     16
     126    3160       0       0       0       0       0       000000000D     17
     126       0       0     395       0                Stator1_       0D     18
     126    3555       0       0       0       0       0       000000000D     19
     126       0       0     395       0                Stator1_       0D     20
126,399,403,1,0,1,0,0.0000000000,0.0000000000,0.0000000000,0.000       1P      1
0000000,0.0050200758,0.0075350861,0.0100541733,0.0125775687,0.01       1P      2
51057962,0.0176388634,0.0201768094,0.0227198979,0.0252686285,0.0       1P      3
278235538,0.0303850760,0.0329532007,0.0355275582,0.0381077337,0.       1P      4
0406934101,0.0432843577,0.0458804266,0.0484818970,0.0510891186,0       1P      5
.0537021099,0.0563205469,0.0589439926,0.0615724466,0.0642058326,       1P      6
0.0668438776,0.0694859143,0.0721310516,0.0747781949,0.0774269392       1P      7
,0.0800775302,0.0827305239,0.0853858058,0.0880427002,0.090700392       1P      8
5,0.0933578440,0.0960140888,0.0986687244,0.1013216281,0.10397274       1P      9
62,0.1066217328,0.1092682603,0.1119119832,0.1145525490,0.1171897       1P     10
800,0.1198236352,0.1224541503,0.1250813180,0.1277051263,0.130325       1P     11
5587,0.1329425663,0.1355560979,0.1381661184,0.1407726259,0.14337       1P     12
57158,0.1459755775,0.1485723432,0.1511659769,0.1537563310,0.1563       1P     13
433127,0.1589269707,0.1615075174,0.1640852520,0.1666603140,0.169       1P     14
2326396,0.1718021372,0.1743688578,0.1769329730,0.1794946371,0.18       1P     15
20539626,0.1846109467,0.1871654246,0.1897171772,0.1922661646,0.1       1P     16
948126047,0.1973568675,0.1998991860,0.2024396270,0.2049781542,0.       1P     17
2075146996,0.2100493560,0.2125823998,0.2151141794,0.2176447150,0       1P     18
.2201735908,0.2227003367,0.2252248143,0.2277472617,0.2302681398,       1P     19
0.2327878578,0.2353066404,0.2378244835,0.2403412378,0.2428568124       1P     20
,0.2453711566,0.2478842318,0.2503959886,0.2529064317,0.255415664       1P     21
3,0.2579238515,0.2604311263,0.2629375561,0.2654430485,0.26794732       1P     22
73,0.2704503382,0.2729523188,0.2754537781,0.2779550282,0.2804561       1P     23
321,0.2829569484,0.2854570629,0.2879561717,0.2904541823,0.292951       1P     24
3149,0.2954477843,0.2979437398,0.3004393104,0.3029345469,0.30542       1P     25
94010,0.3079237747,0.3104176005,0.3129108824,0.3154036724,0.3178       1P     26
960407,0.3203880506,0.3228797329,0.3253710900,0.3278621049,0.330       1P     27
3527461,0.3328429775,0.3353327664,0.3378221020,0.3403110175,0.34       1P     28
27995853,0.3452878868,0.3477759785,0.3502638883,0.3527516358,0.3       1P     29
552392585,0.3577268070,0.3602142930,0.3627016491,0.3651887548,0.       1P     30
3676755085,0.3701618811,0.3726479310,0.3751337723,0.3776195068,0       1P     31
.3801051777,0.3825907772,0.3850762801,0.3875616520,0.3900468460,       1P     32
0.3925318125,0.3950165266,0.3975009963,0.3999852605,0.4024693644       1P     33
,0.4049533410,0.4074372005,0.4099209357,0.4124045359,0.414887998       1P     34
7,0.4173713339,0.4198545596,0.4223376948,0.4248207583,0.42730376       1P     35
82,0.4297867369,0.4322696617,0.4347525192,0.4372352705,0.4397178       1P     36
777,0.4422003199,0.4446825985,0.4471647330,0.4496467518,0.452128       1P     37
6851,0.4546105590,0.4570923933,0.4595742012,0.4620559887,0.46453       1P     38
77550,0.4670194941,0.4695011969,0.4719828526,0.4744644498,0.4769       1P     39
459773,0.4794274259,0.4819087891,0.4843900635,0.4868712484,0.489       1P     40
3523473,0.4918333677,0.4943143167,0.4967951993,0.4992760183,0.50       1P     41
17567775,0.5042374821,0.5067181379,0.5091987509,0.5116793269,0.5       1P     42
141598708,0.5166403860,0.5191208738,0.5216013335,0.5240817627,0.       1P     43
5265621582,0.5290425168,0.5315228357,0.5340031128,0.5364833468,0       1P     44
.5389635372,0.5414436842,0.5439237917,0.5464038647,0.5488839075,       1P     45
0.5513639208,0.5538439042,0.5563238575,0.5588037803,0.5612836724       1P     46
,0.5637635336,0.5662433637,0.5687231626,0.5712029301,0.573682666       1P     47
1,0.5761623706,0.5786420436,0.5811216850,0.5836012950,0.58608087       1P     48
35,0.5885604206,0.5910399365,0.5935194214,0.5959988749,0.5984782       1P     49
974,0.6009576937,0.6034370707,0.6059164360,0.6083957935,0.610875       1P     50
1442,0.6133544856,0.6158338124,0.6183131181,0.6207923984,0.62327       1P     51
16518,0.6257508793,0.6282300835,0.6307092676,0.6331884344,0.6356       1P     52
675857,0.6381467223,0.6406258444,0.6431049515,0.6455840428,0.648       1P     53
0631177,0.6505421754,0.6530212156,0.6555002377,0.6579792413,0.66       1P     54
04582282,0.6629372015,0.6654161646,0.6678951188,0.6703740638,0.6       1P     55
728529994,0.6753319256,0.6778108422,0.6802897494,0.6827686468,0.       1P     56
6852475344,0.6877264117,0.6902052785,0.6926841343,0.6951629789,0       1P     57
.6976418118,0.7001206329,0.7025994419,0.7050782386,0.7075570228,       1P     58
0.7100357942,0.7125145528,0.7149932985,0.7174720312,0.7199507508       1P     59
,0.7224294586,0.7249081580,0.7273868523,0.7298655435,0.732344231       1P     60
1,0.7348229147,0.7373015938,0.7397802682,0.7422589373,0.74473760       1P     61
09,0.7472162586,0.7496949101,0.7521735551,0.7546521932,0.7571308       1P     62
243,0.7596094480,0.7620880641,0.7645666725,0.7670452729,0.769523       1P     63
8651,0.7720024491,0.7744810245,0.7769595915,0.7794381498,0.78191       1P     64
66997,0.7843952411,0.7868737761,0.7893523070,0.7918308365,0.7943       1P     65
093649,0.7967878921,0.7992664178,0.8017449419,0.8042234639,0.806       1P     66
7019839,0.8091805015,0.8116590166,0.8141375291,0.8166160388,0.81       1P     67
90945456,0.8215730493,0.8240515500,0.8265300476,0.8290085421,0.8       1P     68
314870335,0.8339655219,0.8364440073,0.8389224899,0.8414009698,0.       1P     69
8438794471,0.8463579223,0.8488363954,0.8513148670,0.8537933378,0       1P     70
.8562718084,0.8587502788,0.8612287491,0.8637072193,0.8661856894,       1P     71
0.8686641593,0.8711426291,0.8736210987,0.8760995683,0.8785780376       1P     72
,0.8810565069,0.8835349760,0.8860134449,0.8884919137,0.890970382       1P     73
3,0.8934488508,0.8959273192,0.8984057876,0.9008842558,0.90336272       1P     74
40,0.9058411920,0.9083196600,0.9107981279,0.9132765958,0.9157550       1P     75
636,0.9182335315,0.9207119994,0.9231904672,0.9256689351,0.928147       1P     76
4030,0.9306258710,0.9331043390,0.9355828070,0.9380612748,0.94053       1P     77
97422,0.9430182086,0.9454966737,0.9479751393,0.9504536053,0.9529       1P     78
320704,0.9554105356,0.9578890015,0.9603674700,0.9628459376,0.965       1P     79
3244051,0.9678028728,0.9702813413,0.9727598101,0.9752382778,0.97       1P     80
77167453,0.9801952190,0.9826736683,0.9851521087,0.9876306971,0.9       1P     81
901083380,0.9925846641,0.9950584617,1.0000000000,1.0000000000,1.       1P     82
0000000000,1.0000000000,1.0,1.0,1.0,1.0,1.0,1.0,1.0,1.0,1.0,1.0,       1P     83
1.0,1.0,1.0,1.0,1.0,1.0,1.0,1.0,1.0,1.0,1.0,1.0,1.0,1.0,1.0,1.0,       1P     84
1.0,1.0,1.0,1.0,1.0,1.0,1.0,1.0,1.0,1.0,1.0,1.0,1.0,1.0,1.0,1.0,       1P     85
1.0,1.0,1.0,1.0,1.0,1.0,1.0,1.0,1.0,1.0,1.0,1.0,1.0,1.0,1.0,1.0,       1P     86
1.0,1.0,1.0,1.0,1.0,1.0,1.0,1.0,1.0,1.0,1.0,1.0,1.0,1.0,1.0,1.0,       1P     87
1.0,1.0,1.0,1.0,1.0,1.0,1.0,1.0,1.0,1.0,1.0,1.0,1.0,1.0,1.0,1.0,       1P     88
1.0,1.0,1.0,1.0,1.0,1.0,1.0,1.0,1.0,1.0,1.0,1.0,1.0,1.0,1.0,1.0,       1P     89
1.0,1.0,1.0,1.0,1.0,1.0,1.0,1.0,1.0,1.0,1.0,1.0,1.0,1.0,1.0,1.0,       1P     90
1.0,1.0,1.0,1.0,1.0,1.0,1.0,1.0,1.0,1.0,1.0,1.0,1.0,1.0,1.0,1.0,       1P     91
1.0,1.0,1.0,1.0,1.0,1.0,1.0,1.0,1.0,1.0,1.0,1.0,1.0,1.0,1.0,1.0,       1P     92
1.0,1.0,1.0,1.0,1.0,1.0,1.0,1.0,1.0,1.0,1.0,1.0,1.0,1.0,1.0,1.0,       1P     93
1.0,1.0,1.0,1.0,1.0,1.0,1.0,1.0,1.0,1.0,1.0,1.0,1.0,1.0,1.0,1.0,       1P     94
1.0,1.0,1.0,1.0,1.0,1.0,1.0,1.0,1.0,1.0,1.0,1.0,1.0,1.0,1.0,1.0,       1P     95
1.0,1.0,1.0,1.0,1.0,1.0,1.0,1.0,1.0,1.0,1.0,1.0,1.0,1.0,1.0,1.0,       1P     96
1.0,1.0,1.0,1.0,1.0,1.0,1.0,1.0,1.0,1.0,1.0,1.0,1.0,1.0,1.0,1.0,       1P     97
1.0,1.0,1.0,1.0,1.0,1.0,1.0,1.0,1.0,1.0,1.0,1.0,1.0,1.0,1.0,1.0,       1P     98
1.0,1.0,1.0,1.0,1.0,1.0,1.0,1.0,1.0,1.0,1.0,1.0,1.0,1.0,1.0,1.0,       1P     99
1.0,1.0,1.0,1.0,1.0,1.0,1.0,1.0,1.0,1.0,1.0,1.0,1.0,1.0,1.0,1.0,       1P    100
1.0,1.0,1.0,1.0,1.0,1.0,1.0,1.0,1.0,1.0,1.0,1.0,1.0,1.0,1.0,1.0,       1P    101
1.0,1.0,1.0,1.0,1.0,1.0,1.0,1.0,1.0,1.0,1.0,1.0,1.0,1.0,1.0,1.0,       1P    102
1.0,1.0,1.0,1.0,1.0,1.0,1.0,1.0,1.0,1.0,1.0,1.0,1.0,1.0,1.0,1.0,       1P    103
1.0,1.0,1.0,1.0,1.0,1.0,1.0,1.0,1.0,1.0,1.0,1.0,1.0,1.0,1.0,1.0,       1P    104
1.0,1.0,1.0,1.0,1.0,1.0,1.0,1.0,1.0,1.0,1.0,1.0,1.0,1.0,1.0,1.0,       1P    105
1.0,1.0,1.0,1.0,1.0,1.0,1.0,1.0,1.0,1.0,1.0,1.0,1.0,1.0,1.0,1.0,       1P    106
1.0,1.0,1.0,1.0,1.0,1.0,1.0,1.0,1.0,1.0,1.0,1.0,1.0,1.0,1.0,1.0,       1P    107
1.0,1.0,1.0,1.0,1.0,1.0,6306.2331326218,-48.5842459468,315.47426       1P    108
72151,6306.2750081015,-48.6973329056,315.4924352264,6306.3399978       1P    109
754,-48.8662561949,315.5206424537,6306.4366886564,-49.0866553366       1P    110
,315.5626228088,6306.5115338247,-49.2511677336,315.5951214122,63       1P    111
06.5911405839,-49.4133870732,315.6296857636,6306.6750528599,-49.       1P    112
5733893004,315.6661116126,6306.7630758664,-49.7311601286,315.704       1P    113
3060219,6306.8547719067,-49.8868594470,315.7440695369,6306.95047       1P    114
12359,-50.0401470285,315.7855311681,6307.0504624430,-50.19067283       1P    115
11,315.8288084272,6307.1550202434,-50.3380664909,315.8739733014,       1P    116
6307.2641876070,-50.4820496871,315.9211432498,6307.3778713709,-5       1P    117
0.6224370577,315.9702954276,6307.4954109899,-50.7596113736,316.0       1P    118
211174130,6307.6163886129,-50.8937968414,316.0734080808,6307.740       1P    119
8969835,-51.0246923570,316.1271800884,6307.8686225341,-51.152456       1P    120
1751,316.1822670524,6307.9994190020,-51.2771109902,316.238571096       1P    121
1,6308.1333715691,-51.3984298264,316.2960888042,6308.2712474576,       1P    122
-51.5152085073,316.3551075592,6308.4129984969,-51.6271866336,316       1P    123
.4155390821,6308.5580010051,-51.7349615391,316.4771111477,6308.7       1P    124
058685900,-51.8387423234,316.5398698919,6308.8563543072,-51.9387       1P    125
800705,316.6036021500,6309.0100542136,-52.0337404652,316.6685204       1P    126
255,6309.1668145104,-52.1234820295,316.7344921462,6309.326173621       1P    127
8,-52.2085402074,316.8012581665,6309.4880258543,-52.2887317082,3       1P    128
16.8686971697,6309.6521569734,-52.3640565244,316.9366629895,6309       1P    129
.8176002896,-52.4368091740,317.0046050220,6309.9848014770,-52.50       1P    130
54129928,317.0730256986,6310.1542938463,-52.5679442887,317.14209       1P    131
03699,6310.3257690893,-52.6247958520,317.2115889765,6310.4992061       1P    132
469,-52.6753424756,317.2814320049,6310.6744478204,-52.7191525444       1P    133
,317.3514684159,6310.8511454807,-52.7565766435,317.4214706573,63       1P    134
11.0288414297,-52.7890882877,317.4911650691,6311.2073728623,-52.       1P    135
8169985961,317.5604147245,6311.3865141005,-52.8402990457,317.629       1P    136
4323280,6311.5661032549,-52.8598636498,317.6980530415,6311.74610       1P    137
27904,-52.8752497937,317.7662410885,6311.9264423958,-52.88591038       1P    138
12,317.8339274450,6312.1069952193,-52.8919408037,317.9010257277,       1P    139
6312.2876463395,-52.8934474452,317.9674647377,6312.4682988272,-5       1P    140
2.8902596487,318.0331421000,6312.6488117358,-52.8826376906,318.0       1P    141
981119406,6312.8290895879,-52.8707613836,318.1623733168,6313.009       1P    142
0264401,-52.8544854482,318.2258889884,6313.1885913619,-52.834567       1P    143
7936,318.2886583763,6313.3677863868,-52.8116039434,318.350689937       1P    144
9,6313.5464814595,-52.7849940992,318.4119478422,6313.7245497033,       1P    145
-52.7544499930,318.4723981184,6313.9019737215,-52.7203771068,318       1P    146
.5320484225,6314.0785791597,-52.6822498746,318.5908735341,6314.2       1P    147
542680794,-52.6400589751,318.6488495890,6314.4292425090,-52.5950       1P    148
417264,318.7060570640,6314.6036652751,-52.5480023895,318.7625591       1P    149
620,6314.7773181078,-52.4981930596,318.8182955939,6314.949975349       1P    150
0,-52.4450118014,318.8732070041,6315.1214793343,-52.3881932525,3       1P    151
18.9272555058,6315.2917150085,-52.3276482334,318.9804264858,6315       1P    152
.4607571879,-52.2638372378,319.0327675997,6315.6288744567,-52.19       1P    153
76572847,319.0843722485,6315.7963453938,-52.1299278545,319.13533       1P    154
65783,6315.9628222793,-52.0597764647,319.1855645430,6316.1279039       1P    155
806,-51.9863467606,319.2349487149,6316.2918174943,-51.9103550060       1P    156
,319.2835709108,6316.4546226676,-51.8320205478,319.3314605233,63       1P    157
16.6163695440,-51.7515266394,319.3786455691,6316.7771027014,-51.       1P    158
6690408608,319.4251611042,6316.9368600036,-51.5847086531,319.471       1P    159
0248642,6317.0953611341,-51.4980453961,319.5161669568,6317.25208       1P    160
50895,-51.4081705753,319.5604514562,6317.4067350007,-51.31473023       1P    161
15,319.6038102012,6317.5596509971,-51.2184771791,319.6463531960,       1P    162
6317.7112198544,-51.1201319440,319.6882012611,6317.8619189533,-5       1P    163
1.0204992977,319.7294910684,6318.0114499712,-50.9191204734,319.7       1P    164
701637405,6318.1595043645,-50.8155880864,319.8101635845,6318.306       1P    165
3125576,-50.7103075176,319.8495486166,6318.4512985696,-50.602481       1P    166
6471,319.8881699650,6318.5950292180,-50.4929823784,319.926183071       1P    167
3,6318.7384940440,-50.3831854044,319.9638492243,6318.8817283980,       1P    168
-50.2731414908,320.0011741521,6319.0239034241,-50.1617349446,320       1P    169
.0379397217,6319.1636349869,-50.0472124101,320.0737974917,6319.3       1P    170
007380861,-49.9295195998,320.1086998406,6319.4356070930,-49.8092       1P    171
738502,320.1428200521,6319.5686925397,-49.6870558037,320.1762775       1P    172
926,6319.7009807675,-49.5640010990,320.2093189451,6319.833007680       1P    173
5,-49.4406985067,320.2420733197,6319.9643439675,-49.3166617566,3       1P    174
20.2744295878,6320.0948339345,-49.1917345075,320.3063466901,6320       1P    175
.2240452259,-49.0654706369,320.3377180255,6320.3520907786,-48.93       1P    176
80283694,320.3685714172,6320.4789564654,-48.8094176637,320.39890       1P    177
37218,6320.6042306596,-48.6792447543,320.4286171030,6320.7278426       1P    178
836,-48.5474820818,320.4577027758,6320.8497719145,-48.4141587813       1P    179
,320.4862238367,6320.9703171115,-48.2795842550,320.5142392663,63       1P    180
21.0899375578,-48.1441991376,320.5418593221,6321.2086144656,-48.       1P    181
0079919035,320.5690779908,6321.3263351782,-47.8709783724,320.595       1P    182
8924990,6321.4426795668,-47.7327884617,320.6222068041,6321.55536       1P    183
75312,-47.5915263604,320.6475138184,6321.6665656423,-47.44910725       1P    184
97,320.6723097980,6321.7776199793,-47.3065913892,320.6968939773,       1P    185
6321.8893031978,-47.1645869905,320.7214324714,6322.0017887563,-4       1P    186
7.0232342293,320.7459542412,6322.1145117787,-46.8820854026,320.7       1P    187
703333293,6322.2269513172,-46.7407269425,320.7945097454,6322.336       1P    188
1436858,-46.5967791440,320.8178377044,6322.4427238085,-46.450881       1P    189
7872,320.8404648601,6322.5478586136,-46.3039533193,320.862641887       1P    190
6,6322.6517328539,-46.1561325720,320.8844095713,6322.7548432601,       1P    191
-46.0077816387,320.9058725279,6322.8575002976,-45.8591190330,320       1P    192
.9270943574,6322.9601893925,-45.7104911843,320.9481726238,6323.0       1P    193
626051748,-45.5616798627,320.9690410937,6323.1640313605,-45.4121       1P    194
834729,320.9895534520,6323.2643967941,-45.2619691231,321.0096960       1P    195
947,6323.3636684543,-45.1110269332,321.0294666107,6323.461970073       1P    196
9,-44.9594483324,321.0488817710,6323.5594810021,-44.8073623606,3       1P    197
21.0680212666,6323.6563707233,-44.6548828396,321.0869254193,6323       1P    198
.7527087245,-44.5020558102,321.1056052486,6323.8484980907,-44.34       1P    199
88857786,321.1240612471,6323.9436548484,-44.1953228765,321.14227       1P    200
66849,6324.0380162321,-44.0412698437,321.1602205894,6324.1313895       1P    201
708,-43.8866150825,321.1778572700,6324.2236179196,-43.7312735211       1P    202
,321.1951588088,6324.3145036295,-43.5751386587,321.2120906667,63       1P    203
24.4040538142,-43.4182303507,321.2286573859,6324.4927304701,-43.       1P    204
2608281154,321.2449467346,6324.5809475675,-43.1031706543,321.261       1P    205
0353723,6324.6689189359,-42.9453779139,321.2769611930,6324.75675       1P    206
32358,-42.7875099927,321.2927442469,6324.8444769629,-42.62957916       1P    207
76,321.3083817136,6324.9320536310,-42.4715640368,321.3238883521,       1P    208
6325.0198377945,-42.3136660554,321.3393446062,6325.1082179584,-4       1P    209
2.1561093560,321.3548100743,6325.1966907479,-41.9986093003,321.3       1P    210
701945542,6325.2843691605,-41.8406613842,321.3853424891,6325.370       1P    211
6294981,-41.6819277216,321.4001480339,6325.4552040423,-41.522283       1P    212
0405,321.4145686392,6325.5382832198,-41.3618515568,321.428640568       1P    213
6,6325.6207688635,-41.2011164227,321.4425185688,6325.7035805353,       1P    214
-41.0405555360,321.4563558581,6325.7867439379,-40.8801799325,321       1P    215
.4701535314,6325.8700623990,-40.7198848226,321.4838763366,6325.9       1P    216
534715952,-40.5596376526,321.4975114575,6326.0368234596,-40.3993       1P    217
621028,321.5110328791,6326.1197559182,-40.2388688503,321.5243805       1P    218
243,6326.2018826191,-40.0779597487,321.5374943783,6326.282893156       1P    219
1,-39.9164818276,321.5503211594,6326.3626872986,-39.7543978888,3       1P    220
21.5628823316,6326.4414963072,-39.5918326997,321.5752158071,6326       1P    221
.5197272182,-39.4289901453,321.5873858819,6326.5976578094,-39.26       1P    222
60057207,321.5994353858,6326.6753016630,-39.1028856308,321.61136       1P    223
56656,6326.7525505930,-38.9395782406,321.6231595608,6326.8292664       1P    224
495,-38.7760189622,321.6347958677,6326.9053784437,-38.6121767186       1P    225
,321.6462641422,6326.9809870831,-38.4481012318,321.6575798295,63       1P    226
27.0562612362,-38.2838722082,321.6687680959,6327.1313516826,-38.       1P    227
1195592875,321.6798507656,6327.2063819093,-37.9552187244,321.690       1P    228
8450896,6327.2815367690,-37.7909353360,321.7017767088,6327.35698       1P    229
84761,-37.6267890475,321.7126685728,6327.4327757108,-37.46279913       1P    230
38,321.7235238073,6327.5086791990,-37.2988642691,321.7343085057,       1P    231
6327.5842915105,-37.1347946758,321.7449644870,6327.6591736705,-3       1P    232
6.9703884534,321.7554270918,6327.7329718214,-36.8054903607,321.7       1P    233
656607282,6327.8055695486,-36.6400594407,321.7756739866,6327.877       1P    234
1269525,-36.4741756476,321.7854843401,6327.9479544257,-36.307979       1P    235
3833,321.7951368413,6328.0183826844,-36.1416142088,321.804676245       1P    236
8,6328.0886672157,-35.9751887045,321.8141366929,6328.1590257376,       1P    237
-35.8087948650,321.8235462941,6328.2296155771,-35.6424994642,321       1P    238
.8329244315,6328.3005137375,-35.4763357415,321.8422793265,6328.3       1P    239
717141387,-35.3103016826,321.8516080405,6328.4431486277,-35.1443       1P    240
684073,321.8608995875,6328.5147292423,-34.9784982578,321.8701406       1P    241
712,6328.5863443846,-34.8126430927,321.8793153000,6328.657860090       1P    242
5,-34.6467449651,321.8884050905,6328.7291394020,-34.4807449295,3       1P    243
21.8973918480,6328.8000639998,-34.3145927652,321.9062602654,6328       1P    244
.8705400725,-34.1482495769,321.9149986704,6328.9405077130,-33.98       1P    245
16916465,321.9235996680,6329.0099403935,-33.8149098238,321.93206       1P    246
13570,6329.0788400257,-33.6479066578,321.9403811225,6329.1472187       1P    247
778,-33.4806894708,321.9485735897,6329.2150751935,-33.3132601607       1P    248
,321.9566599888,6329.2824156890,-33.1456226500,321.9646352037,63       1P    249
29.3492653501,-32.9777887678,321.9725035237,6329.4156713023,-32.       1P    250
8097788025,321.9802698594,6329.4817025678,-32.6416212375,321.987       1P    251
9420755,6329.5474449511,-32.4733505639,321.9955296530,6329.61298       1P    252
95878,-32.3050028138,322.0030424800,6329.6784321502,-32.13661542       1P    253
86,322.0104906801,6329.7438625537,-31.9682234290,322.0178834277,       1P    254
6329.8093458980,-31.7998521448,322.0252268233,6329.8749127831,-3       1P    255
1.6315135140,322.0325229156,6329.9405574997,-31.4632053344,322.0       1P    256
397696452,6330.0062435102,-31.2949133302,322.0469616047,6330.071       1P    257
9146424,-31.1266155116,322.0540913965,6330.1375156728,-30.958290       1P    258
3073,322.0611519364,6330.2030012754,-30.7899201093,322.068137416       1P    259
8,6330.2683336660,-30.6214903407,322.0750429700,6330.3334869314,       1P    260
-30.4529911493,322.0818652775,6330.3984472402,-30.2844174140,322       1P    261
.0886018354,6330.4632107888,-30.1157679052,322.0952533003,6330.5       1P    262
277796594,-29.9470432442,322.1018132613,6330.5921531709,-29.7782       1P    263
443883,322.1083143937,6330.6563292255,-29.6093705462,322.1147564       1P    264
222,6330.7203061485,-29.4404211861,322.1211377259,6330.784082069       1P    265
6,-29.2713958459,322.1274570765,6330.8476551404,-29.1022941032,3       1P    266
22.1337131777,6330.9110234920,-28.9331155356,322.1399047910,6330       1P    267
.9741852480,-28.7638597255,322.1460307020,6331.0371385211,-28.59       1P    268
45262586,322.1520897300,6331.0998814141,-28.4251147242,322.15808       1P    269
07254,6331.1624120191,-28.2556247157,322.1640025706,6331.2247284       1P    270
175,-28.0860558301,322.1698541804,6331.2868286801,-27.9164076681       1P    271
,322.1756345015,6331.3487108667,-27.7466798349,322.1813425133,63       1P    272
31.4103730252,-27.5768719390,322.1869772275,6331.4718131961,-27.       1P    273
4069835943,322.1925376890,6331.5330293939,-27.2370144138,322.198       1P    274
0229747,6331.5940196769,-27.0669640345,322.2034321969,6331.65478       1P    275
18831,-26.8968320234,322.2087644926,6331.7153145906,-26.72661821       1P    276
86,322.2140190608,6331.7756137621,-26.5563215544,322.2191950444,       1P    277
6331.8356848701,-26.3859443196,322.2242919368,6331.8954801321,-2       1P    278
6.2154698872,322.2293065888,6331.9549897299,-26.0448949528,322.2       1P    279
342325533,6332.0143469930,-25.8742673385,322.2391185347,6332.073       1P    280
7258385,-25.7036473893,322.2439754133,6332.1332795699,-25.533088       1P    281
5274,322.2488144991,6332.1930852464,-25.3626180552,322.253639940       1P    282
0,6332.2531021217,-25.1922221477,322.2584464268,6332.3131065249,       1P    283
-25.0218219023,322.2632141822,6332.3728078491,-24.8513149072,322       1P    284
.2679187993,6332.4320602158,-24.6806511004,322.2725479495,6332.4       1P    285
908044024,-24.5098115350,322.2770964338,6332.5490722442,-24.3388       1P    286
088752,322.2815662458,6332.6069728261,-24.1676815725,322.2859651       1P    287
922,6332.6646650136,-23.9964840088,322.2903045186,6332.722272776       1P    288
7,-23.8252580980,322.2945924202,6332.7798813290,-23.6540325127,3       1P    289
22.2988338814,6332.8375418963,-23.4828244884,322.3030311494,6332       1P    290
.8952676110,-23.3116384583,322.3071835685,6332.9530429409,-23.14       1P    291
04691846,322.3112884074,6333.0108383350,-22.9693066772,322.31534       1P    292
20083,6333.0686340874,-22.7981442831,322.3193415112,6333.1264134       1P    293
300,-22.6269763437,322.3232842755,6333.1841587604,-22.4557969246       1P    294
,322.3271678598,6333.2418526146,-22.2846001347,322.3309892057,63       1P    295
33.2994779128,-22.1133802355,322.3347479731,6333.3570157057,-21.       1P    296
9421305777,322.3384340230,6333.4144453750,-21.7708446764,322.342       1P    297
0737535,6333.4717517620,-21.5995177747,322.3456876336,6333.52892       1P    298
87874,-21.4281476634,322.3492672358,6333.5859809741,-21.25673594       1P    299
97,322.3528127338,6333.6429226225,-21.0852874784,322.3563227996,       1P    300
6333.6997760609,-20.9138097385,322.3597971551,6333.7565671838,-2       1P    301
0.7423113572,322.3632355535,6333.8133162052,-20.5707990467,322.3       1P    302
666374026,6333.8700381304,-20.3992777796,322.3700017522,6333.926       1P    303
7414609,-20.2277503696,322.3733272427,6333.9834282681,-20.056217       1P    304
5015,322.3766121245,6334.0400955276,-19.8846781748,322.379854356       1P    305
1,6334.0967379684,-19.7131306490,322.3830517840,6334.1533521643,       1P    306
-19.5415737975,322.3862023780,6334.2099350526,-19.3700066156,322       1P    307
.3893041439,6334.2664834734,-19.1984280683,322.3923550987,6334.3       1P    308
229942903,-19.0268371302,322.3953532784,6334.3794643596,-18.8552       1P    309
327757,322.3982967379,6334.4358905374,-18.6836139819,322.4011835       1P    310
496,6334.4922696777,-18.5119797278,322.4040118148,6334.548598630       1P    311
3,-18.3403289933,322.4067796261,6334.6048742509,-18.1686607654,3       1P    312
22.4094852127,6334.6610933588,-17.9969740157,322.4121264009,6334       1P    313
.7172529051,-17.8252677548,322.4147026353,6334.7733491854,-17.65       1P    314
35406080,322.4172074316,6334.8293782169,-17.4817913542,322.41965       1P    315
64356,6334.8853376516,-17.3100197887,322.4221019926,6334.9412280       1P    316
887,-17.1382257825,322.4245278240,6334.9970531632,-16.9664105361       1P    317
,322.4269348448,6335.0528193795,-16.7945761732,322.4293195415,63       1P    318
35.1085352657,-16.6227254851,322.4316797189,6335.1642096884,-16.       1P    319
4508613593,322.4340128693,6335.2198505947,-16.2789863793,322.436       1P    320
3165317,6335.2754660400,-16.1071031582,322.4385882205,6335.33106       1P    321
40525,-15.9352142967,322.4408254450,6335.3866526697,-15.76332239       1P    322
55,322.4430256993,6335.4422399205,-15.5914300512,322.4451864592,       1P    323
6335.4978338505,-15.4195398655,322.4473051785,6335.5534424406,-1       1P    324
5.2476544204,322.4493792824,6335.6090738623,-15.0757763614,322.4       1P    325
514061725,6335.6647378663,-14.9039088500,322.4533832706,6335.720       1P    326
4425038,-14.7320545031,322.4553078935,6335.7761918332,-14.560214       1P    327
6482,322.4571771812,6335.8319846594,-14.3883889100,322.458988077       1P    328
2,6335.8878145125,-14.2165751976,322.4607373454,6335.9436706236,       1P    329
-14.0447700177,322.4624216730,6335.9995399545,-13.8729691321,322       1P    330
.4640376058,6336.0554106728,-13.7011686960,322.4655822334,6336.1       1P    331
112716248,-13.5293650710,322.4670510415,6336.1671112899,-13.3575       1P    332
545044,322.4684458426,6336.2229173261,-13.1857327477,322.4697450       1P    333
880,6336.2786783287,-13.0138965280,322.4710237576,6336.334385631       1P    334
9,-12.8420430339,322.4722995207,6336.3900338840,-12.6701704211,3       1P    335
22.4735639207,6336.4456210580,-12.4982780459,322.4748156230,6336       1P    336
.5011477947,-12.3263661367,322.4760514896,6336.5566161083,-12.15       1P    337
44353677,322.4772689341,6336.6120270871,-11.9824861110,322.47846       1P    338
52304,6336.6673818876,-11.8105187600,322.4796377053,6336.7226818       1P    339
418,-11.6385337633,322.4807836948,6336.7779273248,-11.4665312603       1P    340
,322.4819005315,6336.8331173094,-11.2945109403,322.4829855360,63       1P    341
36.8882491590,-11.1224719776,322.4840360173,6336.9433187508,-10.       1P    342
9504130742,322.4850492809,6336.9983209173,-10.7783326026,322.486       1P    343
0226436,6337.0532503421,-10.6062288949,322.4869534543,6337.10810       1P    344
21692,-10.4341004375,322.4878391062,6337.1628714808,-10.26194570       1P    345
42,322.4886770299,6337.2175533684,-10.0897631794,322.4894646960,       1P    346
6337.2721429108,-9.9175513519,322.4901996197,6337.3266351818,-9.       1P    347
7453087174,322.4908793543,6337.3810252409,-9.5730337766,322.4915       1P    348
015262,6337.4353081600,-9.4007250433,322.4920637134,6337.4894789       1P    349
267,-9.2283810155,322.4925639110,6337.5435327924,-9.0560002825,3       1P    350
22.4929988032,6337.5974638079,-8.8835810688,322.4933702218,6337.       1P    351
6512643203,-8.7111210443,322.4936610156,6337.7049307161,-8.53861       1P    352
92730,322.4939310868,6337.7584665751,-8.3660769744,322.494199319       1P    353
9,6337.8118840859,-8.1934980060,322.4944602379,6337.8652037876,-       1P    354
8.0208887984,322.4947149436,6337.9184525358,-7.8482576928,322.49       1P    355
49628115,6337.9716593452,-7.6756136589,322.4952036855,6338.02485       1P    356
06217,-7.5029648393,322.4954372594,6338.0780526043,-7.3303193182       1P    357
,322.4956632461,6338.1312916747,-7.1576852278,322.4958813355,633       1P    358
8.1846105873,-6.9850757733,322.4960912651,6338.2380412995,-6.812       1P    359
5008899,322.4962926990,6338.2915702388,-6.6399564595,322.4964851       1P    360
128,6338.3451165515,-6.4674174251,322.4966677635,6338.3985708861       1P    361
,-6.2948498524,322.4968398802,6338.4518280101,-6.1222212774,322.       1P    362
4970007935,6338.5048181934,-5.9495105554,322.4971500254,6338.557       1P    363
5420213,-5.7767183548,322.4972873439,6338.6100570606,-5.60386261       1P    364
54,322.4974126555,6338.6624390522,-5.4309665286,322.4975258594,6       1P    365
338.7147472378,-5.2580481051,322.4976267619,6338.7670361172,-5.0       1P    366
851238447,322.4977151109,6338.8193689828,-4.9122128854,322.49779       1P    367
06166,6338.8718079467,-4.7393340614,322.4978529160,6338.92439745       1P    368
51,-4.5665009635,322.4979015846,6338.9771560878,-4.3937194154,32       1P    369
2.4979360478,6339.0300740189,-4.2209865965,322.4979560027,6339.0       1P    370
831163889,-4.0482919609,322.4979600067,6339.1362306236,-3.875619       1P    371
4221,322.4979514344,6339.1893660202,-3.7029533973,322.4979316369       1P    372
,6339.2424725255,-3.5302784775,322.4979008076,6339.2954648373,-3       1P    373
.3575684664,322.4978595355,6339.3483469872,-3.1848247101,322.497       1P    374
8082982,6339.4012491182,-3.0120870650,322.4977474261,6339.454261       1P    375
8813,-2.8393833553,322.4976771911,6339.5072015961,-2.6666572359,       1P    376
322.4975982334,6339.5596010114,-2.4937657815,322.4975118120,6339       1P    377
.6111443888,-2.3206177459,322.4974192102,6339.6619278447,-2.1472       1P    378
431920,322.4973209530,6339.7106892400,-1.9732876578,322.49722040       1P    379
80,6339.7581819606,-1.7989858122,322.4971170444,6339.8062594438,       1P    380
-1.6248416198,322.4970072593,6339.8564319007,-1.4512868597,322.4       1P    381
968874539,6339.9082673489,-1.2782257365,322.4967583500,6339.9596       1P    382
868492,-1.1050411620,322.4966253537,6340.0106060611,-0.931707540       1P    383
8,322.4964892274,6340.0602529292,-0.7580053888,322.4963526254,63       1P    384
40.1094730520,-0.5841827187,322.4962138077,6340.1595233878,-0.41       1P    385
05968207,322.4960694959,6340.2095432046,-0.2370030774,322.495922       1P    386
4438,6340.2595060443,-0.0633913386,322.4957730890,6340.308196618       1P    387
9,0.1105803865,322.4956255327,6340.3571453562,0.2844822884,322.4       1P    388
954754821,6340.4037350952,0.4590289926,322.4953315220,6340.45287       1P    389
39274,0.6328912986,322.4951783008,6340.5040618097,0.8060979338,3       1P    390
22.4950194217,6340.5506523440,0.9807250470,322.4948690108,6340.5       1P    391
749376505,1.1603571798,322.4947847512,6340.5514941583,1.40328442       1P    392
53,322.4948691527,6340.4368959334,1.5606319868,322.4952310480,63       1P    393
40.3287152564,1.6177564046,322.4955625719,0.0000000000,1.0000000       1P    394
000,0.0,0.0,0.0;                                                       1P    395
126,399,403,1,0,1,0,0.0000000000,0.0000000000,0.0000000000,0.000       3P    396
0000000,0.0049492972,0.0074233163,0.0098978863,0.0123744274,0.01       3P    397
48519107,0.0173295956,0.0198073368,0.0222851540,0.0247629187,0.0       3P    398
272407535,0.0297185716,0.0321964057,0.0346742419,0.0371520670,0.       3P    399
0396298977,0.0421077243,0.0445855584,0.0470633902,0.0495412223,0       3P    400
.0520190546,0.0544968875,0.0569747210,0.0594525548,0.0619303889,       3P    401
0.0644082234,0.0668860584,0.0693638938,0.0718417291,0.0743195648       3P    402
,0.0767974013,0.0792752386,0.0817530764,0.0842309151,0.086708754       3P    403
8,0.0891865985,0.0916644476,0.0941423042,0.0966201682,0.09909804       3P    404
02,0.1015759209,0.1040538108,0.1065317105,0.1090096201,0.1114875       3P    405
396,0.1139654686,0.1164434065,0.1189213523,0.1213993051,0.123877       3P    406
2636,0.1263552267,0.1288331934,0.1313111628,0.1337891352,0.13626       3P    407
71170,0.1387451161,0.1412231405,0.1437011929,0.1461792745,0.1486       3P    408
573858,0.1511355261,0.1536136937,0.1560918863,0.1585701016,0.161       3P    409
0483378,0.1635265936,0.1660048681,0.1684831604,0.1709614691,0.17       3P    410
34397933,0.1759181316,0.1783964829,0.1808748457,0.1833532251,0.1       3P    411
858316316,0.1883100760,0.1907885632,0.1932670932,0.1957456660,0.       3P    412
1982242815,0.2007029394,0.2031816393,0.2056603805,0.2081391623,0       3P    413
.2106179840,0.2130968444,0.2155757426,0.2180546773,0.2205336469,       3P    414
0.2230126500,0.2254916843,0.2279707483,0.2304498496,0.2329289990       3P    415
,0.2354082071,0.2378874753,0.2403668026,0.2428461879,0.245325630       3P    416
2,0.2478051285,0.2502846822,0.2527642904,0.2552439522,0.25772366       3P    417
65,0.2602034322,0.2626832480,0.2651631128,0.2676430252,0.2701229       3P    418
836,0.2726029871,0.2750830433,0.2775631646,0.2800433637,0.282523       3P    419
6445,0.2850040072,0.2874844518,0.2899649781,0.2924455859,0.29492       3P    420
62752,0.2974070455,0.2998878966,0.3023688279,0.3048498390,0.3073       3P    421
309293,0.3098120980,0.3122933440,0.3147746659,0.3172560649,0.319       3P    422
7375524,0.3222191408,0.3247008400,0.3271826497,0.3296645688,0.33       3P    423
21465962,0.3346287311,0.3371109731,0.3395933220,0.3420757782,0.3       3P    424
445583419,0.3470410141,0.3495237952,0.3520066849,0.3544896814,0.       3P    425
3569727808,0.3594559818,0.3619392910,0.3644227135,0.3669062474,0       3P    426
.3693898804,0.3718736036,0.3743574191,0.3768413448,0.3793254125,       3P    427
0.3818096583,0.3842941097,0.3867787735,0.3892636298,0.3917486382       3P    428
,0.3942337523,0.3967189360,0.3992041739,0.4016894824,0.404174897       3P    429
6,0.4066604650,0.4091462220,0.4116321993,0.4141184179,0.41660488       3P    430
50,0.4190915905,0.4215785063,0.4240655926,0.4265528108,0.4290401       3P    431
346,0.4315275546,0.4340150765,0.4365027149,0.4389904886,0.441478       3P    432
4250,0.4439665479,0.4464548756,0.4489434133,0.4514321635,0.45392       3P    433
11296,0.4564103148,0.4588997227,0.4613893568,0.4638792209,0.4663       3P    434
693194,0.4688596558,0.4713502321,0.4738410469,0.4763320951,0.478       3P    435
8233728,0.4813148873,0.4838066445,0.4862986444,0.4887908715,0.49       3P    436
12833088,0.4937759400,0.4962687522,0.4987617382,0.5012548978,0.5       3P    437
037482378,0.5062417706,0.5087355125,0.5112294807,0.5137236932,0.       3P    438
5162181707,0.5187129495,0.5212080665,0.5237035509,0.5261994077,0       3P    439
.5286956312,0.5311922095,0.5336891277,0.5361863691,0.5386839171,       3P    440
0.5411817545,0.5436798645,0.5461782326,0.5486768470,0.5511757000       3P    441
,0.5536747907,0.5561741405,0.5586737755,0.5611737190,0.563673975       3P    442
0,0.5661745445,0.5686754285,0.5711766283,0.5736781448,0.57617997       3P    443
93,0.5786821329,0.5811846065,0.5836874016,0.5861905200,0.5886939       3P    444
645,0.5911977497,0.5937019078,0.5962064722,0.5987114669,0.601216       3P    445
8999,0.6037227796,0.6062291142,0.6087359104,0.6112431721,0.61375       3P    446
08996,0.6162590897,0.6187677354,0.6212768278,0.6237863602,0.6262       3P    447
963379,0.6288067778,0.6313176657,0.6338289375,0.6363404842,0.638       3P    448
8522083,0.6413640667,0.6438761029,0.6463884615,0.6489013566,0.65       3P    449
14149991,0.6539295257,0.6564449614,0.6589612155,0.6614781191,0.6       3P    450
639955024,0.6665132640,0.6690314102,0.6715500282,0.6740691833,0.       3P    451
6765887682,0.6791084920,0.6816280835,0.6841475188,0.6866670601,0       3P    452
.6891871215,0.6917081279,0.6942303655,0.6967538232,0.6992781751,       3P    453
0.7018030013,0.7043280364,0.7068532216,0.7093785910,0.7119042061       3P    454
,0.7144301650,0.7169565991,0.7194836361,0.7220113722,0.724539869       3P    455
3,0.7270691667,0.7295992935,0.7321302746,0.7346621267,0.73719485       3P    456
43,0.7397284582,0.7422629474,0.7447982988,0.7473343352,0.7498707       3P    457
025,0.7524070487,0.7549432750,0.7574796336,0.7600166055,0.762554       3P    458
6586,0.7650939799,0.7676343926,0.7701755155,0.7727171210,0.77525       3P    459
93411,0.7778025749,0.7803471129,0.7828928471,0.7854392701,0.7879       3P    460
858066,0.7905322327,0.7930788506,0.7956263670,0.7981755295,0.800       3P    461
7267602,0.8032800298,0.8058350512,0.8083915857,0.8109495833,0.81       3P    462
35090878,0.8160701330,0.8186326814,0.8211966195,0.8237617968,0.8       3P    463
263280523,0.8288952835,0.8314634694,0.8340327572,0.8366034495,0.       3P    464
8391759513,0.8417505805,0.8443273103,0.8469058630,0.8494858824,0       3P    465
.8520671564,0.8546496541,0.8572334921,0.8598190259,0.8624065626,       3P    466
0.8649960768,0.8675870893,0.8701790198,0.8727714441,0.8753641445       3P    467
,0.8779570078,0.8805501320,0.8831439234,0.8857389441,0.888335595       3P    468
7,0.8909339517,0.8935336095,0.8961339382,0.8987343022,0.90133453       3P    469
35,0.9039350120,0.9065363546,0.9091388664,0.9117422176,0.9143457       3P    470
631,0.9169488921,0.9195513258,0.9221519905,0.9247491532,0.927340       3P    471
5539,0.9299230559,0.9324963683,0.9350600979,0.9376149914,0.94015       3P    472
99342,0.9426938019,0.9452169989,0.9477307008,0.9502379563,0.9527       3P    473
394893,0.9552358735,0.9577264606,0.9602124911,0.9626945716,0.965       3P    474
1740602,0.9676522771,0.9701307307,0.9726103851,0.9750916964,0.97       3P    475
75744021,0.9800584325,0.9825436077,0.9850304267,0.9875186120,0.9       3P    476
900087115,0.9925013529,0.9949975592,1.0000000000,1.0000000000,1.       3P    477
0000000000,1.0000000000,1.0,1.0,1.0,1.0,1.0,1.0,1.0,1.0,1.0,1.0,       3P    478
1.0,1.0,1.0,1.0,1.0,1.0,1.0,1.0,1.0,1.0,1.0,1.0,1.0,1.0,1.0,1.0,       3P    479
1.0,1.0,1.0,1.0,1.0,1.0,1.0,1.0,1.0,1.0,1.0,1.0,1.0,1.0,1.0,1.0,       3P    480
1.0,1.0,1.0,1.0,1.0,1.0,1.0,1.0,1.0,1.0,1.0,1.0,1.0,1.0,1.0,1.0,       3P    481
1.0,1.0,1.0,1.0,1.0,1.0,1.0,1.0,1.0,1.0,1.0,1.0,1.0,1.0,1.0,1.0,       3P    482
1.0,1.0,1.0,1.0,1.0,1.0,1.0,1.0,1.0,1.0,1.0,1.0,1.0,1.0,1.0,1.0,       3P    483
1.0,1.0,1.0,1.0,1.0,1.0,1.0,1.0,1.0,1.0,1.0,1.0,1.0,1.0,1.0,1.0,       3P    484
1.0,1.0,1.0,1.0,1.0,1.0,1.0,1.0,1.0,1.0,1.0,1.0,1.0,1.0,1.0,1.0,       3P    485
1.0,1.0,1.0,1.0,1.0,1.0,1.0,1.0,1.0,1.0,1.0,1.0,1.0,1.0,1.0,1.0,       3P    486
1.0,1.0,1.0,1.0,1.0,1.0,1.0,1.0,1.0,1.0,1.0,1.0,1.0,1.0,1.0,1.0,       3P    487
1.0,1.0,1.0,1.0,1.0,1.0,1.0,1.0,1.0,1.0,1.0,1.0,1.0,1.0,1.0,1.0,       3P    488
1.0,1.0,1.0,1.0,1.0,1.0,1.0,1.0,1.0,1.0,1.0,1.0,1.0,1.0,1.0,1.0,       3P    489
1.0,1.0,1.0,1.0,1.0,1.0,1.0,1.0,1.0,1.0,1.0,1.0,1.0,1.0,1.0,1.0,       3P    490
1.0,1.0,1.0,1.0,1.0,1.0,1.0,1.0,1.0,1.0,1.0,1.0,1.0,1.0,1.0,1.0,       3P    491
1.0,1.0,1.0,1.0,1.0,1.0,1.0,1.0,1.0,1.0,1.0,1.0,1.0,1.0,1.0,1.0,       3P    492
1.0,1.0,1.0,1.0,1.0,1.0,1.0,1.0,1.0,1.0,1.0,1.0,1.0,1.0,1.0,1.0,       3P    493
1.0,1.0,1.0,1.0,1.0,1.0,1.0,1.0,1.0,1.0,1.0,1.0,1.0,1.0,1.0,1.0,       3P    494
1.0,1.0,1.0,1.0,1.0,1.0,1.0,1.0,1.0,1.0,1.0,1.0,1.0,1.0,1.0,1.0,       3P    495
1.0,1.0,1.0,1.0,1.0,1.0,1.0,1.0,1.0,1.0,1.0,1.0,1.0,1.0,1.0,1.0,       3P    496
1.0,1.0,1.0,1.0,1.0,1.0,1.0,1.0,1.0,1.0,1.0,1.0,1.0,1.0,1.0,1.0,       3P    497
1.0,1.0,1.0,1.0,1.0,1.0,1.0,1.0,1.0,1.0,1.0,1.0,1.0,1.0,1.0,1.0,       3P    498
1.0,1.0,1.0,1.0,1.0,1.0,1.0,1.0,1.0,1.0,1.0,1.0,1.0,1.0,1.0,1.0,       3P    499
1.0,1.0,1.0,1.0,1.0,1.0,1.0,1.0,1.0,1.0,1.0,1.0,1.0,1.0,1.0,1.0,       3P    500
1.0,1.0,1.0,1.0,1.0,1.0,1.0,1.0,1.0,1.0,1.0,1.0,1.0,1.0,1.0,1.0,       3P    501
1.0,1.0,1.0,1.0,1.0,1.0,1.0,1.0,1.0,1.0,1.0,1.0,1.0,1.0,1.0,1.0,       3P    502
1.0,1.0,1.0,1.0,1.0,1.0,6340.3287152564,1.6177564046,322.4955625       3P    503
719,6340.2377222512,1.6670473983,322.4958418074,6340.0760236587,       3P    504
1.6984132269,322.4963224365,6339.8756739197,1.6289535532,322.496       3P    505
8453369,6339.7556363590,1.5268192749,322.4971261248,6339.6616557       3P    506
315,1.4022021259,322.4973232427,6339.5906230969,1.2635422997,322       3P    507
.4974576074,6339.5299866403,1.1205096360,322.4975619263,6339.472       3P    508
5319985,0.9761312499,322.4976512763,6339.4087638395,0.8343507024       3P    509
,322.4977390442,6339.3375121021,0.6962488650,322.4978209447,6339       3P    510
.2686420285,0.5569495642,322.4978825958,6339.2043877430,0.415453       3P    511
9983,322.4979250646,6339.1354932813,0.2761685842,322.4979527943,       3P    512
6339.0681498196,0.1361418472,322.4979619064,6339.0003207472,-0.0       3P    513
036529936,322.4979483743,6338.9314059711,-0.1429172920,322.49790       3P    514
87601,6338.8610946627,-0.2814802741,322.4978431427,6338.79075178       3P    515
23,-0.4200256799,322.4977527014,6338.7206598273,-0.5586990571,32       3P    516
2.4976390273,6338.6512004007,-0.6976906173,322.4975040754,6338.5       3P    517
824525077,-0.8370354770,322.4973495863,6338.5143337670,-0.976688       3P    518
6759,322.4971768652,6338.4466124723,-1.1165347122,322.4969866335       3P    519
,6338.3789693109,-1.2564184599,322.4967790326,6338.3110978242,-1       3P    520
.3961918457,322.4965539102,6338.2427145711,-1.5357156865,322.496       3P    521
3108928,6338.1739729820,-1.6750629356,322.4960510512,6338.105217       3P    522
3848,-1.8144034782,322.4957764932,6338.0357867392,-1.9534096381,       3P    523
322.4954852848,6337.9655326994,-2.0920015529,322.4951772155,6337       3P    524
.8944808320,-2.2301858882,322.4948529612,6337.8228274391,-2.3680       3P    525
588024,322.4945137527,6337.7508521123,-2.5057636792,322.49416269       3P    526
38,6337.6789173012,-2.6434896219,322.4937987555,6337.6072929455,       3P    527
-2.7813782155,322.4934383910,6337.5365370574,-2.9197145872,322.4       3P    528
929538065,6337.4662986127,-3.0583135185,322.4923645878,6337.3962       3P    529
509422,-3.1970089040,322.4916717585,6337.3262736254,-3.335739781       3P    530
4,322.4908811763,6337.2561627631,-3.4744032792,322.4899957782,63       3P    531
37.1857521685,-3.6129149477,322.4890182757,6337.1149149280,-3.75       3P    532
12090236,322.4879512322,6337.0435860168,-3.8892501836,322.486797       3P    533
8604,6336.9717660033,-4.0270364104,322.4855624810,6336.899515546       3P    534
9,-4.1645972819,322.4842507796,6336.8269483347,-4.3019911821,322       3P    535
.4828699255,6336.7541930946,-4.4392855338,322.4814279667,6336.68       3P    536
13461432,-4.5765312105,322.4799327715,6336.6085232683,-4.7137896       3P    537
641,322.4783929461,6336.5358261364,-4.8511147913,322.4768170456,       3P    538
6336.4633232114,-4.9885425860,322.4752131227,6336.3910367077,-5.       3P    539
1260843446,322.4735878660,6336.3189365322,-5.2637238821,322.4719       3P    540
479346,6336.2469432576,-5.4014195128,322.4702940456,6336.1749357       3P    541
364,-5.5391084551,322.4686432738,6336.1027801562,-5.6767192579,3       3P    542
22.4668412526,6336.0303313041,-5.8141759540,322.4649064586,6335.       3P    543
9573674355,-5.9513601093,322.4628325804,6335.8838597365,-6.08825       3P    544
35175,322.4606237173,6335.8098816972,-6.2248930954,322.458285890       3P    545
2,6335.7355870423,-6.3613605478,322.4558289529,6335.6611659657,-       3P    546
6.4977589863,322.4532650270,6335.5868093272,-6.6341925883,322.45       3P    547
06074244,6335.5126655649,-6.7707421088,322.4478688141,6335.43880       3P    548
37188,-6.9074443744,322.4450594206,6335.3651260901,-7.0442459507       3P    549
,322.4421829978,6335.2915366929,-7.1810949726,322.4392428053,633       3P    550
5.2180195304,-7.3179828145,322.4362450339,6335.1445166932,-7.454       3P    551
8783441,322.4331940035,6335.0709750665,-7.5917530459,322.4300941       3P    552
903,6334.9973411274,-7.7285781064,322.4269494036,6334.9235694957       3P    553
,-7.8653290124,322.4237657425,6334.8496255185,-8.0019868611,322.       3P    554
4205422747,6334.7754877274,-8.1385406985,322.4173066487,6334.701       3P    555
1480959,-8.2749845223,322.4139796935,6334.6266148677,-8.41132198       3P    556
76,322.4105214850,6334.5518891204,-8.5475539774,322.4069472416,6       3P    557
334.4769682751,-8.6836787473,322.4032572290,6334.4018509242,-8.8       3P    558
196951756,322.3994558000,6334.3265353058,-8.9556019101,322.39554       3P    559
62839,6334.2510197861,-9.0913976655,322.3915323609,6334.17530270       3P    560
82,-9.2270811318,322.3874176950,6334.0993824281,-9.3626509957,32       3P    561
2.3832060336,6334.0232573426,-9.4981059563,322.3789011851,6333.9       3P    562
469257476,-9.6334446451,322.3745070192,6333.8703863166,-9.768665       3P    563
8976,322.3700274926,6333.7936363172,-9.9037677408,322.3654665550       3P    564
,6333.7166717838,-10.0387474737,322.3608281189,6333.6394914258,-       3P    565
10.1736039014,322.3561164292,6333.5620988811,-10.3083386369,322.       3P    566
3513357221,6333.4845039540,-10.4429569425,322.3464921646,6333.40       3P    567
67230492,-10.5774680048,322.3415870129,6333.3287775293,-10.71188       3P    568
50661,322.3366422165,6333.2506969128,-10.8462227513,322.33157857       3P    569
83,6333.1725116664,-10.9804991034,322.3263972101,6333.0942456990       3P    570
,-11.1147283589,322.3211039978,6333.0159161822,-11.2489205401,32       3P    571
2.3157031648,6332.9375328305,-11.3830812907,322.3101988749,6332.       3P    572
8590977209,-11.5172117966,322.3045947086,6332.7806064833,-11.651       3P    573
3094710,322.2988938236,6332.7020505146,-11.7853692347,322.293099       3P    574
0501,6332.6234206080,-11.9193856379,322.2872131511,6332.54471084       3P    575
31,-12.0533551503,322.2812391216,6332.4659150102,-12.1872740560,       3P    576
322.2751799309,6332.3870268011,-12.3211385635,322.2690385459,633       3P    577
2.3080399506,-12.4549448878,322.2628179150,6332.2289481896,-12.5       3P    578
886892275,322.2565210802,6332.1497452725,-12.7223677584,322.2501       3P    579
507604,6332.0704249371,-12.8559766946,322.2437109272,6331.990980       3P    580
9391,-12.9895122376,322.2372009275,6331.9114065256,-13.122971459       3P    581
4,322.2306374015,6331.8316964132,-13.2563489925,322.2239637061,6       3P    582
331.7518444245,-13.3896410043,322.2171690745,6331.6718441816,-13       3P    583
.5228440272,322.2102587070,6331.5916895630,-13.6559542012,322.20       3P    584
32335410,6331.5113744953,-13.7889676276,322.1960956685,6331.4308       3P    585
929454,-13.9218803860,322.1888468821,6331.3502389151,-14.0546885       3P    586
499,322.1814890672,6331.2694064420,-14.1873881807,322.1740241004       3P    587
,6331.1883896135,-14.3199753367,322.1664538807,6331.1071825279,-       3P    588
14.4524460486,322.1587803211,6331.0257794649,-14.5847964246,322.       3P    589
1510053702,6330.9441739283,-14.7170220549,322.1431309201,6330.86       3P    590
23588112,-14.8491181014,322.1351588269,6330.7803288165,-14.98108       3P    591
08017,322.1270911274,6330.6980815916,-15.1129081984,322.11893024       3P    592
65,6330.6156184591,-15.2446006836,322.1106787735,6330.5329443668       3P    593
,-15.3761613308,322.1023406371,6330.4500675398,-15.5075954890,32       3P    594
2.0939167365,6330.3669999208,-15.6389077076,322.0853555859,6330.       3P    595
2837525356,-15.7701058509,322.0766702830,6330.2003371381,-15.901       3P    596
1971686,322.0678611009,6330.1167646539,-16.0321884076,322.058931       3P    597
7936,6330.0330431997,-16.1630844940,322.0498849588,6329.94917676       3P    598
15,-16.2938877567,322.0407230560,6329.8651646091,-16.4245975028,       3P    599
322.0314479980,6329.7810015631,-16.5552101658,322.0220612389,632       3P    600
9.6966784520,-16.6857195681,322.0125637779,6329.6121848586,-16.8       3P    601
161186884,322.0029564620,6329.5275063688,-16.9463978246,321.9932       3P    602
396579,6329.4426276510,-17.0765465548,321.9834136143,6329.357541       3P    603
1413,-17.2065594315,321.9734793910,6329.2722526621,-17.336439776       3P    604
4,321.9634398988,6329.1867846340,-17.4662019474,321.9532991018,6       3P    605
329.1011760773,-17.5958720782,321.9430667394,6329.0154821324,-17       3P    606
.7254864900,321.9327409796,6328.9297673932,-17.8550854947,321.92       3P    607
22902948,6328.8441088647,-17.9847214256,321.9117361507,6328.7586       3P    608
133930,-18.1144651771,321.9010917668,6328.6733503952,-18.2443625       3P    609
137,321.8903694932,6328.5883248146,-18.3744164924,321.8795728998       3P    610
,6328.5033795725,-18.5045238979,321.8686849325,6328.4182362904,-       3P    611
18.6345022564,321.8576719032,6328.3326103603,-18.7641630928,321.       3P    612
8464980081,6328.2462908135,-18.8933622232,321.8351359035,6328.15       3P    613
92236526,-19.0220565744,321.8235782720,6328.0715940097,-19.15036       3P    614
66100,321.8118497868,6327.9837147920,-19.2785051806,321.79999342       3P    615
48,6327.8959115586,-19.4066966345,321.7880551251,6327.8084215432       3P    616
,-19.5351037713,321.7760707558,6327.7213033303,-19.6637649451,32       3P    617
1.7640498044,6327.6344986644,-19.7926404432,321.7519951407,6327.       3P    618
5478581594,-19.9216256593,321.7398454761,6327.4611670366,-20.050       3P    619
5765715,321.7275725371,6327.3742073386,-20.1793463247,321.715147       3P    620
0552,6327.2868111744,-20.3078198861,321.7025457202,6327.19886856       3P    621
37,-20.4359192503,321.6897529052,6327.1103559843,-20.5636243288,       3P    622
321.6767652129,6327.0213330469,-20.6909726738,321.6635915530,632       3P    623
6.9319669666,-20.8180792876,321.6502573209,6326.8424931281,-20.9       3P    624
451100398,321.6367991056,6326.7531285857,-21.0722187839,321.6232       3P    625
519003,6326.6639857467,-21.1994843426,321.6096356621,6326.575077       3P    626
2236,-21.3269146010,321.5959554498,6326.4863522033,-21.454473267       3P    627
9,321.5822062871,6326.3977123126,-21.5820913597,321.5683761595,6       3P    628
326.3090452408,-21.7096905030,321.5544479128,6326.2202669083,-21       3P    629
.8372135017,321.5404177059,6326.1313656959,-21.9646491398,321.52       3P    630
62437327,6326.0423435450,-22.0919997677,321.5119271451,6325.9531       3P    631
917436,-22.2192596825,321.4974684030,6325.8638940145,-22.3464172       3P    632
611,321.4828664188,6325.7744365224,-22.4734625109,321.4681205132       3P    633
,6325.6848048196,-22.6003849270,321.4532298360,6325.5949847500,-       3P    634
22.7271741256,321.4381935404,6325.5049623778,-22.8538197935,321.       3P    635
4230107691,6325.4147238301,-22.9803115783,321.4076806367,6325.32       3P    636
42510761,-23.1066359501,321.3922015036,6325.2335271816,-23.23277       3P    637
99630,321.3765718708,6325.1425436408,-23.3587366209,321.36079162       3P    638
79,6325.0513039209,-23.4845075760,321.3448628748,6324.9598252033       3P    639
,-23.6101046201,321.3287897447,6324.8681376553,-23.7355499471,32       3P    640
1.3125804160,6324.7762822945,-23.8608737584,321.2962390824,6324.       3P    641
6843091748,-23.9861089119,321.2797370217,6324.5922648061,-24.111       3P    642
2914483,321.2630927021,6324.5001934847,-24.2364539582,321.246313       3P    643
9852,6324.4081476455,-24.3616352748,321.2294132925,6324.31617428       3P    644
76,-24.4868700960,321.2124015758,6324.2243062302,-24.6121825733,       3P    645
321.1952875828,6324.1325560156,-24.7375818190,321.1780763502,632       3P    646
4.0409132182,-24.8630600497,321.1607686231,6323.9493450688,-24.9       3P    647
885931510,321.1433608129,6323.8578009955,-25.1141440444,321.1258       3P    648
457266,6323.7662201850,-25.2396681814,321.1082139776,6323.674546       3P    649
4260,-25.3651244690,321.0904566324,6323.5827270817,-25.490474482       3P    650
2,321.0725657735,6323.4907023130,-25.6156741521,321.0545297414,6       3P    651
323.3984170778,-25.7406841991,321.0363454365,6323.3058338931,-25       3P    652
.8654712568,321.0179636804,6323.2129317698,-25.9900199052,320.99       3P    653
93833490,6323.1197110445,-26.1143296602,320.9806052957,6323.0261       3P    654
916416,-26.2384144420,320.9616350215,6322.9324081050,-26.3622994       3P    655
261,320.9424810240,6322.8384030476,-26.4860163402,320.9231537487       3P    656
,6322.7442146264,-26.6095936841,320.9036629771,6322.6498776234,-       3P    657
26.7330575478,320.8840180191,6322.5554301969,-26.8564369799,320.       3P    658
8642291028,6322.4609065297,-26.9797581393,320.8443058275,6322.36       3P    659
63340314,-27.1030420650,320.8242565596,6322.2717309579,-27.22630       3P    660
27671,320.8040877695,6322.1771056709,-27.3495467838,320.78380419       3P    661
99,6322.0824571704,-27.4727738376,320.7634074691,6321.9877768284       3P    662
,-27.5959791496,320.7429018066,6321.8930562115,-27.7191508248,32       3P    663
0.7222443085,6321.7982857602,-27.8422835888,320.7014401977,6321.       3P    664
7034582078,-27.9653722654,320.6804886984,6321.6085659939,-28.088       3P    665
4111159,320.6593906688,6321.5136017682,-28.2113943964,320.638146       3P    666
5174,6321.4185581303,-28.3343163214,320.6167567366,6321.32342771       3P    667
98,-28.4571711087,320.5952217660,6321.2282031321,-28.5799529129,       3P    668
320.5735420203,6321.1328771072,-28.7026559727,320.5517179134,632       3P    669
1.0374430150,-28.8252750200,320.5297500093,6320.9418938533,-28.9       3P    670
478044573,320.5076386744,6320.8462213244,-29.0702376980,320.4853       3P    671
843098,6320.7504153561,-29.1925667606,320.4629855597,6320.654463       3P    672
1451,-29.3147830611,320.4404453267,6320.5583512929,-29.436874874       3P    673
4,320.4177479336,6320.4620663469,-29.5588276131,320.3948622569,6       3P    674
320.3655910801,-29.6806297319,320.3717937365,6320.2689101651,-29       3P    675
.8022686478,320.3485384777,6320.1720072033,-29.9237307905,320.32       3P    676
50948790,6320.0748653382,-30.0450018566,320.3014604706,6319.9774       3P    677
711723,-30.1660702139,320.2776337626,6319.8798165312,-30.2869283       3P    678
284,320.2536144710,6319.7818996157,-30.4075737904,320.2294039030       3P    679
,6319.6837248567,-30.5280092783,320.2050049504,6319.5853025298,-       3P    680
30.6482423668,320.1804220243,6319.4866449476,-30.7682824711,320.       3P    681
1556601803,6319.3877697239,-30.8881441272,320.1307257605,6319.28       3P    682
86733499,-31.0078243583,320.1056204599,6319.1893232768,-31.12729       3P    683
37305,320.0803363930,6319.0897639569,-31.2465817069,320.05485182       3P    684
42,6318.9901558464,-31.3658267999,320.0292151013,6318.8906888316       3P    685
,-31.4851905603,320.0034751109,6318.7915242397,-31.6048093977,31       3P    686
9.9776765148,6318.6927480064,-31.7247554075,319.9518445195,6318.       3P    687
5942950155,-31.8449738350,319.9259651229,6318.4959404062,-31.965       3P    688
2785621,319.8999815937,6318.3973043702,-32.0853531593,319.873794       3P    689
7378,6318.2980179351,-32.2048847452,319.8473061967,6318.19790950       3P    690
78,-32.3237212716,319.8204687192,6318.0969760522,-32.4418501487,       3P    691
319.7932798521,6317.9953498855,-32.5593756223,319.7657735470,631       3P    692
7.8933371850,-32.6765646329,319.7380331561,6317.7912692681,-32.7       3P    693
937130332,319.7101458734,6317.6892943533,-32.9109486748,319.6821       3P    694
379791,6317.5874182293,-33.0282771208,319.6540141534,6317.485499       3P    695
9015,-33.1455706991,319.6257341500,6317.3832964729,-33.262602242       3P    696
7,319.5972294313,6317.2808647567,-33.3794131680,319.5685137775,6       3P    697
317.1787896822,-33.4965377913,319.5397506346,6317.0776420182,-33       3P    698
.6144896416,319.5111031472,6316.9773961617,-33.7332293701,319.48       3P    699
25676624,6316.8775892986,-33.8523459652,319.4540148285,6316.7776       3P    700
413537,-33.9713441186,319.4252787036,6316.6770298287,-34.0897768       3P    701
958,319.3962067685,6316.5753081661,-34.2072379150,319.3666651308       3P    702
,6316.4724290191,-34.3236546341,319.3366351128,6316.3690194238,-       3P    703
34.4395898331,319.3062902385,6316.2658347649,-34.5557457715,319.       3P    704
2758499251,6316.1631033962,-34.6723195188,319.2453826784,6316.06       3P    705
07476785,-34.7892256448,319.2148664947,6315.9587256598,-34.90642       3P    706
36416,319.1842896068,6315.8570066082,-35.0238883354,319.15364342       3P    707
98,6315.7554770205,-35.1415197383,319.1228940898,6315.6539657486       3P    708
,-35.2591662617,319.0919893692,6315.5523261047,-35.3766989909,31       3P    709
9.0608834347,6315.4504772538,-35.4940482153,319.0295498092,6315.       3P    710
3483746231,-35.6111753374,318.9979727898,6315.2459942596,-35.728       3P    711
0589367,318.9661426279,6315.1433275980,-35.8446911879,318.934054       3P    712
8634,6315.0403676325,-35.9610643356,318.9017030839,6314.93711452       3P    713
27,-36.0771761099,318.8690808292,6314.8335793625,-36.1930356568,       3P    714
318.8361901375,6314.7297968571,-36.3086751151,318.8030393807,631       3P    715
4.6257666903,-36.4240917128,318.7696262475,6314.5214640178,-36.5       3P    716
392528806,318.7359403523,6314.4169542423,-36.6542053125,318.7020       3P    717
003523,6314.3126936919,-36.7693817414,318.6679533265,6314.209206       3P    718
4829,-36.8852797280,318.6339723234,6314.1065644019,-37.001953009       3P    719
3,318.6000845774,6314.0044550522,-37.1191072860,318.5661898697,6       3P    720
313.9023758628,-37.2362894803,318.5321219321,6313.7997776531,-37       3P    721
.3529982468,318.4976954407,6313.6964103932,-37.4689909182,318.46       3P    722
28205897,6313.5926421642,-37.5846102306,318.4276098549,6313.4889       3P    723
313886,-37.7002919396,318.3922185026,6313.3856142819,-37.8163574       3P    724
113,318.3567614737,6313.2825405100,-37.9326636372,318.3211886008       3P    725
,6313.1791819681,-38.0487101645,318.2853167242,6313.0751186548,-       3P    726
38.1640868269,318.2489960112,6312.9705492458,-38.2789740531,318.       3P    727
2122909602,6312.8659962398,-38.3938690053,318.1753824896,6312.76       3P    728
20736750,-38.5093611649,318.1384883891,6312.6591206128,-38.62576       3P    729
78083,318.1017334433,6312.5567277026,-38.7426923851,318.06497521       3P    730
58,6312.4542177503,-38.8595160194,318.0279725547,6312.3509692234       3P    731
,-38.9756692957,317.9904921483,6312.2466584566,-39.0908266044,31       3P    732
7.9523699129,6312.1414362258,-39.2051268486,317.9136698902,6312.       3P    733
0357620884,-39.3190244449,317.8745607262,6311.9297497348,-39.432       3P    734
6216940,317.8350897532,6311.8233769591,-39.5458862959,317.795253       3P    735
2827,6311.7165957642,-39.6587658288,317.7550380656,6311.60935526       3P    736
12,-39.7712036074,317.7144293677,6311.5016604163,-39.8831980323,       3P    737
317.6734336661,6311.3936205582,-39.9948580038,317.6320970674,631       3P    738
1.2853345388,-40.1062810146,317.5904651025,6311.1768683991,-40.2       3P    739
175264846,317.5485623977,6311.0682976048,-40.3286821205,317.5064       3P    740
514655,6310.9598528156,-40.4399683397,317.4641187529,6310.851530       3P    741
7734,-40.5513881815,317.4215488230,6310.7430650419,-40.662677894       3P    742
7,317.3786631062,6310.6341319290,-40.7735060425,317.3353464607,6       3P    743
310.5244504027,-40.8835708101,317.2915013286,6310.4139128571,-40       3P    744
.9927359793,317.2470972745,6310.3029332320,-41.1014626937,317.20       3P    745
23151616,6310.1916221387,-41.2098606725,317.1572165902,6310.0800       3P    746
231107,-41.3179672331,317.1118357337,6309.9682112092,-41.4258760       3P    747
171,317.0662237011,6309.8559907629,-41.5333656554,317.0203086082       3P    748
,6309.7431660847,-41.6402398656,316.9740653668,6309.6296603433,-       3P    749
41.7463550373,316.9273260533,6309.5155174255,-41.8517318865,316.       3P    750
8800757285,6309.4011167867,-41.9568239093,316.8325021541,6309.28       3P    751
68712231,-42.0621176313,316.7847940239,6309.1727676873,-42.16756       3P    752
63401,316.7369682374,6309.0589266349,-42.2733076523,316.68909632       3P    753
79,6308.9453732584,-42.3793738831,316.6412104301,6308.8320180546       3P    754
,-42.4856726876,316.5932938035,6308.7186567284,-42.5919904175,31       3P    755
6.5452804982,6308.6048014891,-42.6977652997,316.4969835479,6308.       3P    756
4900961936,-42.8025743388,316.4482708114,6308.3746574314,-42.906       3P    757
5626549,316.3992123976,6308.2588742969,-43.0101213983,316.349805       3P    758
3530,6308.1431536801,-43.1137571626,316.3002746975,6308.02785386       3P    759
58,-43.2179012229,316.2507876046,6307.9130420313,-43.3226331895,       3P    760
316.2013976213,6307.7983973205,-43.4275698714,316.1519877458,630       3P    761
7.6834285828,-43.5321271727,316.1023667947,6307.5678261246,-43.6       3P    762
359225361,316.0524211209,6307.4517413219,-43.7391332787,316.0022       3P    763
359055,6307.3357583875,-43.8424963778,315.9520872743,6307.219937       3P    764
4140,-43.9460475073,315.9020136350,6307.1044827786,-44.050016493       3P    765
8,315.8521574355,6306.9892859222,-44.1540954468,315.8023401662,6       3P    766
306.8761266949,-44.2604412382,315.7533273309,6306.7661530400,-44       3P    767
.3700730987,315.7056429191,6306.6593751759,-44.4827919869,315.65       3P    768
93079463,6306.5606862194,-44.6031642906,315.6164637652,6306.4651       3P    769
269181,-44.7256301842,315.5749707916,6306.3743060886,-44.8516581       3P    770
064,315.5355372262,6306.2906577346,-44.9826761210,315.4992268126       3P    771
,6306.2129130093,-45.1172115493,315.4654926809,6306.1447452032,-       3P    772
45.2570757846,315.4359290527,6306.0843376367,-45.4004646782,315.       3P    773
4097455317,6306.0311509152,-45.5466398419,315.3867046471,6305.97       3P    774
80642023,-45.6925348242,315.3637214369,6305.9357044018,-45.84224       3P    775
15932,315.3453939918,6305.8992885546,-45.9933440862,315.32964651       3P    776
02,6305.8693367916,-46.1459039202,315.3167009951,6305.8494654580       3P    777
,-46.3001913798,315.3081157829,6305.8384796117,-46.4553441233,31       3P    778
5.3033705965,6305.8365368225,-46.6108511680,315.3025315382,6305.       3P    779
8419919075,-46.7662532975,315.3048875962,6305.8555705216,-46.921       3P    780
1238704,315.3107531985,6305.8753591815,-47.0752555364,315.319303       3P    781
6819,6305.8996461240,-47.2286750832,315.3298017427,6305.92286111       3P    782
34,-47.3823990333,315.3398398387,6305.9523390962,-47.5349275549,       3P    783
315.3525908535,6305.9813769131,-47.6876345118,315.3651564739,630       3P    784
6.0157007814,-47.8391467030,315.3800154998,6306.0498622048,-47.9       3P    785
908092703,315.3948103427,6306.0884903466,-48.1414045455,315.4115       3P    786
460827,6306.1470102441,-48.3403221670,315.4369105521,6306.197791       3P    787
7299,-48.4870486990,315.4589341272,6306.2331326218,-48.584245946       3P    788
8,315.4742672151,0.0000000000,1.0000000000,0.0,0.0,0.0;                3P    789
126,399,403,1,0,1,0,0.0000000000,0.0000000000,0.0000000000,0.000       5P    790
0000000,0.0050271516,0.0075433774,0.0100621034,0.0125836291,0.01       5P    791
51075860,0.0176338607,0.0201625644,0.0226940392,0.0252284171,0.0       5P    792
277656811,0.0303057542,0.0328485774,0.0353942211,0.0379427207,0.       5P    793
0404938725,0.0430472616,0.0456025981,0.0481598807,0.0507194110,0       5P    794
.0532814834,0.0558462171,0.0584133837,0.0609825305,0.0635532022,       5P    795
0.0661250408,0.0686977065,0.0712708270,0.0738442237,0.0764178930       5P    796
,0.0789918096,0.0815657808,0.0841395211,0.0867127222,0.089284905       5P    797
9,0.0918556792,0.0944248743,0.0969924908,0.0995584810,0.10212270       5P    798
85,0.1046850609,0.1072454007,0.1098035440,0.1123594239,0.1149130       5P    799
735,0.1174646437,0.1200142405,0.1225619655,0.1251079134,0.127652       5P    800
0919,0.1301944521,0.1327349587,0.1352736742,0.1378107328,0.14034       5P    801
62646,0.1428803861,0.1454131928,0.1479446973,0.1504748939,0.1530       5P    802
037922,0.1555314623,0.1580579567,0.1605833086,0.1631076056,0.165       5P    803
6309438,0.1681533570,0.1706748034,0.1731952524,0.1757147142,0.17       5P    804
82332388,0.1807509569,0.1832680503,0.1857846787,0.1883008804,0.1       5P    805
908165785,0.1933316697,0.1958460985,0.1983598256,0.2008728496,0.       5P    806
2033852055,0.2058969536,0.2084081217,0.2109187343,0.2134289268,0       5P    807
.2159387908,0.2184483322,0.2209574627,0.2234661459,0.2259743749,       5P    808
0.2284821853,0.2309896123,0.2334966666,0.2360033248,0.2385095581       5P    809
,0.2410154038,0.2435209221,0.2460261948,0.2485312439,0.251036012       5P    810
2,0.2535404459,0.2560445217,0.2585482790,0.2610517564,0.26355499       5P    811
53,0.2660580343,0.2685608924,0.2710635639,0.2735660222,0.2760682       5P    812
211,0.2785701094,0.2810716704,0.2835729403,0.2860740043,0.288574       5P    813
9547,0.2910758608,0.2935767398,0.2960775378,0.2985781755,0.30107       5P    814
85922,0.3035787834,0.3060787774,0.3085786171,0.3110783478,0.3135       5P    815
779933,0.3160775453,0.3185769771,0.3210762727,0.3235754407,0.326       5P    816
0745035,0.3285734828,0.3310723891,0.3335712213,0.3360699760,0.33       5P    817
85686566,0.3410672715,0.3435658256,0.3460643147,0.3485627261,0.3       5P    818
510610477,0.3535592746,0.3560574123,0.3585554687,0.3610534508,0.       5P    819
3635513621,0.3660492034,0.3685469740,0.3710446746,0.3735423104,0       5P    820
.3760398911,0.3785374275,0.3810349286,0.3835323999,0.3860298427,       5P    821
0.3885272531,0.3910246224,0.3935219408,0.3960192023,0.3985164063       5P    822
,0.4010135576,0.4035106643,0.4060077368,0.4085047834,0.411001808       5P    823
5,0.4134988127,0.4159957948,0.4184927536,0.4209896884,0.42348659       5P    824
87,0.4259834840,0.4284803448,0.4309771809,0.4334739906,0.4359707       5P    825
665,0.4384674949,0.4409641618,0.4434607643,0.4459573147,0.448453       5P    826
8366,0.4509503549,0.4534468882,0.4559434422,0.4584400081,0.46093       5P    827
65688,0.4634331105,0.4659296264,0.4684261161,0.4709225807,0.4734       5P    828
190214,0.4759154390,0.4784118337,0.4809082058,0.4834045555,0.485       5P    829
9008827,0.4883971872,0.4908934686,0.4933897270,0.4958859643,0.49       5P    830
83821839,0.5008783892,0.5033745826,0.5058707661,0.5083669411,0.5       5P    831
108631090,0.5133592706,0.5158554259,0.5183515746,0.5208477157,0.       5P    832
5233438481,0.5258399707,0.5283360827,0.5308321836,0.5333282731,0       5P    833
.5358243509,0.5383204174,0.5408164725,0.5433125164,0.5458085490,       5P    834
0.5483045700,0.5508005791,0.5532965770,0.5557925656,0.5582885466       5P    835
,0.5607845207,0.5632804881,0.5657764486,0.5682724022,0.570768349       5P    836
0,0.5732642889,0.5757602219,0.5782561481,0.5807520673,0.58324797       5P    837
97,0.5857438852,0.5882397839,0.5907356757,0.5932315608,0.5957274       5P    838
392,0.5982233106,0.6007191745,0.6032150301,0.6057108767,0.608206       5P    839
7140,0.6107025417,0.6131983605,0.6156941720,0.6181899779,0.62068       5P    840
57801,0.6231815792,0.6256773756,0.6281731693,0.6306689605,0.6331       5P    841
647493,0.6356605355,0.6381563189,0.6406520992,0.6431478763,0.645       5P    842
6436497,0.6481394193,0.6506351847,0.6531309459,0.6556267025,0.65       5P    843
81224544,0.6606182014,0.6631139436,0.6656096807,0.6681054131,0.6       5P    844
706011408,0.6730968639,0.6755925823,0.6780882958,0.6805840048,0.       5P    845
6830797106,0.6855754142,0.6880711165,0.6905668174,0.6930625168,0       5P    846
.6955582145,0.6980539104,0.7005496045,0.7030452966,0.7055409866,       5P    847
0.7080366744,0.7105323599,0.7130280431,0.7155237238,0.7180194020       5P    848
,0.7205150776,0.7230107505,0.7255064207,0.7280020882,0.730497752       5P    849
8,0.7329934146,0.7354890736,0.7379847297,0.7404803827,0.74297603       5P    850
26,0.7454716789,0.7479673218,0.7504629622,0.7529586011,0.7554542       5P    851
396,0.7579498777,0.7604455152,0.7629411521,0.7654367882,0.767932       5P    852
4234,0.7704280577,0.7729236908,0.7754193228,0.7779149535,0.78041       5P    853
05828,0.7829062107,0.7854018370,0.7878974618,0.7903930849,0.7928       5P    854
887063,0.7953843260,0.7978799439,0.8003755601,0.8028711745,0.805       5P    855
3667871,0.8078623980,0.8103580069,0.8128536139,0.8153492187,0.81       5P    856
78448216,0.8203404233,0.8228360244,0.8253316255,0.8278272265,0.8       5P    857
303228275,0.8328184282,0.8353140288,0.8378096290,0.8403052290,0.       5P    858
8428008286,0.8452964278,0.8477920266,0.8502876250,0.8527832228,0       5P    859
.8552788202,0.8577744171,0.8602700134,0.8627656092,0.8652612045,       5P    860
0.8677567993,0.8702523936,0.8727479874,0.8752435808,0.8777391739       5P    861
,0.8802347667,0.8827303594,0.8852259516,0.8877215436,0.890217135       5P    862
4,0.8927127273,0.8952083193,0.8977039114,0.9001995036,0.90269509       5P    863
59,0.9051906882,0.9076862805,0.9101818728,0.9126774650,0.9151730       5P    864
572,0.9176686493,0.9201642414,0.9226598335,0.9251554255,0.927651       5P    865
0174,0.9301466089,0.9326421999,0.9351377910,0.9376333826,0.94012       5P    866
89742,0.9426245657,0.9451201573,0.9476157490,0.9501113381,0.9526       5P    867
069291,0.9551025174,0.9575981082,0.9600936972,0.9625892891,0.965       5P    868
0848811,0.9675804717,0.9700760622,0.9725716474,0.9750672346,0.97       5P    869
75628210,0.9800584118,0.9825539988,0.9850495987,0.9875450042,0.9       5P    870
900401696,0.9925335419,0.9950251326,1.0000000000,1.0000000000,1.       5P    871
0000000000,1.0000000000,1.0,1.0,1.0,1.0,1.0,1.0,1.0,1.0,1.0,1.0,       5P    872
1.0,1.0,1.0,1.0,1.0,1.0,1.0,1.0,1.0,1.0,1.0,1.0,1.0,1.0,1.0,1.0,       5P    873
1.0,1.0,1.0,1.0,1.0,1.0,1.0,1.0,1.0,1.0,1.0,1.0,1.0,1.0,1.0,1.0,       5P    874
1.0,1.0,1.0,1.0,1.0,1.0,1.0,1.0,1.0,1.0,1.0,1.0,1.0,1.0,1.0,1.0,       5P    875
1.0,1.0,1.0,1.0,1.0,1.0,1.0,1.0,1.0,1.0,1.0,1.0,1.0,1.0,1.0,1.0,       5P    876
1.0,1.0,1.0,1.0,1.0,1.0,1.0,1.0,1.0,1.0,1.0,1.0,1.0,1.0,1.0,1.0,       5P    877
1.0,1.0,1.0,1.0,1.0,1.0,1.0,1.0,1.0,1.0,1.0,1.0,1.0,1.0,1.0,1.0,       5P    878
1.0,1.0,1.0,1.0,1.0,1.0,1.0,1.0,1.0,1.0,1.0,1.0,1.0,1.0,1.0,1.0,       5P    879
1.0,1.0,1.0,1.0,1.0,1.0,1.0,1.0,1.0,1.0,1.0,1.0,1.0,1.0,1.0,1.0,       5P    880
1.0,1.0,1.0,1.0,1.0,1.0,1.0,1.0,1.0,1.0,1.0,1.0,1.0,1.0,1.0,1.0,       5P    881
1.0,1.0,1.0,1.0,1.0,1.0,1.0,1.0,1.0,1.0,1.0,1.0,1.0,1.0,1.0,1.0,       5P    882
1.0,1.0,1.0,1.0,1.0,1.0,1.0,1.0,1.0,1.0,1.0,1.0,1.0,1.0,1.0,1.0,       5P    883
1.0,1.0,1.0,1.0,1.0,1.0,1.0,1.0,1.0,1.0,1.0,1.0,1.0,1.0,1.0,1.0,       5P    884
1.0,1.0,1.0,1.0,1.0,1.0,1.0,1.0,1.0,1.0,1.0,1.0,1.0,1.0,1.0,1.0,       5P    885
1.0,1.0,1.0,1.0,1.0,1.0,1.0,1.0,1.0,1.0,1.0,1.0,1.0,1.0,1.0,1.0,       5P    886
1.0,1.0,1.0,1.0,1.0,1.0,1.0,1.0,1.0,1.0,1.0,1.0,1.0,1.0,1.0,1.0,       5P    887
1.0,1.0,1.0,1.0,1.0,1.0,1.0,1.0,1.0,1.0,1.0,1.0,1.0,1.0,1.0,1.0,       5P    888
1.0,1.0,1.0,1.0,1.0,1.0,1.0,1.0,1.0,1.0,1.0,1.0,1.0,1.0,1.0,1.0,       5P    889
1.0,1.0,1.0,1.0,1.0,1.0,1.0,1.0,1.0,1.0,1.0,1.0,1.0,1.0,1.0,1.0,       5P    890
1.0,1.0,1.0,1.0,1.0,1.0,1.0,1.0,1.0,1.0,1.0,1.0,1.0,1.0,1.0,1.0,       5P    891
1.0,1.0,1.0,1.0,1.0,1.0,1.0,1.0,1.0,1.0,1.0,1.0,1.0,1.0,1.0,1.0,       5P    892
1.0,1.0,1.0,1.0,1.0,1.0,1.0,1.0,1.0,1.0,1.0,1.0,1.0,1.0,1.0,1.0,       5P    893
1.0,1.0,1.0,1.0,1.0,1.0,1.0,1.0,1.0,1.0,1.0,1.0,1.0,1.0,1.0,1.0,       5P    894
1.0,1.0,1.0,1.0,1.0,1.0,1.0,1.0,1.0,1.0,1.0,1.0,1.0,1.0,1.0,1.0,       5P    895
1.0,1.0,1.0,1.0,1.0,1.0,1.0,1.0,1.0,1.0,1.0,1.0,1.0,1.0,1.0,1.0,       5P    896
1.0,1.0,1.0,1.0,1.0,1.0,6306.3289060438,-50.6041579430,328.26797       5P    897
63060,6306.3741238731,-50.7156548909,328.2816426251,6306.4458874       5P    898
527,-50.8811589741,328.3033282855,6306.5466287856,-51.0994990768       5P    899
,328.3337462773,6306.6286036761,-51.2601438994,328.3584790330,63       5P    900
06.7154319277,-51.4181778539,328.3846506038,6306.8066537001,-51.       5P    901
5736930339,328.4121186426,6306.9003819590,-51.7277856086,328.440       5P    902
3019347,6306.9984890913,-51.8791243655,328.4697512302,6307.10099       5P    903
54075,-52.0275018355,328.5004528445,6307.2078477527,-52.17277700       5P    904
52,328.5323778625,6307.3187470643,-52.3149690435,328.5655250787,       5P    905
6307.4333569947,-52.4541912241,328.5997555746,6307.5515438923,-5       5P    906
2.5903980250,328.6350132656,6307.6732787046,-52.7234666257,328.6       5P    907
712629864,6307.7991739897,-52.8525722367,328.7086574511,6307.928       5P    908
8126343,-52.9778813652,328.7470383396,6308.0614683451,-53.099996       5P    909
2370,328.7861498515,6308.1966274430,-53.2193826173,328.825811679       5P    910
1,6308.3347520496,-53.3353428593,328.8661398115,6308.4762020917,       5P    911
-53.4472565271,328.9071431011,6308.6212442547,-53.5544462382,328       5P    912
.9490447339,6308.7698875990,-53.6565476595,328.9918457351,6308.9       5P    913
219731664,-53.7534150202,329.0354361226,6309.0770260411,-53.8454       5P    914
440844,329.0796261456,6309.2346213454,-53.9330710545,329.1242344       5P    915
218,6309.3947400715,-54.0160075669,329.1691915428,6309.557362886       5P    916
7,-54.0939024835,329.2144272300,6309.7222259074,-54.1669253162,3       5P    917
29.2597988012,6309.8887072636,-54.2362588807,329.3051125669,6310       5P    918
.0567493849,-54.3017081088,329.3505770669,6310.2268121204,-54.36       5P    919
16486264,329.3961860427,6310.3984202907,-54.4170357512,329.44175       5P    920
83383,6310.5718274654,-54.4665513050,329.4872854333,6310.7470680       5P    921
523,-54.5090879124,329.5326938867,6310.9237989881,-54.5448424326       5P    922
,329.5778322257,6311.1015797728,-54.5750807307,329.6224209717,63       5P    923
11.2800870061,-54.6007197204,329.6665207996,6311.4591883312,-54.       5P    924
6216604041,329.7101945546,6311.6387106139,-54.6386170158,329.753       5P    925
3474434,6311.8185915403,-54.6512517001,329.7959532545,6311.99872       5P    926
49260,-54.6595215960,329.8379639009,6312.1790017851,-54.66345939       5P    927
49,329.8793409551,6312.3593198455,-54.6629127503,329.9200260410,       5P    928
6312.5395910926,-54.6577898514,329.9598614249,6312.7196666370,-5       5P    929
4.6480653541,329.9989828500,6312.8994453135,-54.6339010107,330.0       5P    930
373809100,6313.0788652938,-54.6157834606,330.0750868209,6313.257       5P    931
8805154,-54.5940417669,330.1121298865,6313.4364133054,-54.568641       5P    932
8774,330.1485239752,6313.6143614905,-54.5395024645,330.184320448       5P    933
8,6313.7916673777,-54.5066506602,330.2194184317,6313.9681825792,       5P    934
-54.4697274778,330.2537688311,6314.1438158034,-54.4288176904,330       5P    935
.2874199871,6314.3185946909,-54.3844111410,330.3204097512,6314.4       5P    936
925480793,-54.3368830687,330.3527828958,6314.6656839676,-54.2864       5P    937
658993,330.3845796862,6314.8379646764,-54.2332046896,330.4158211       5P    938
063,6315.0093385608,-54.1771274468,330.4465648673,6315.179773036       5P    939
1,-54.1182299856,330.4766925339,6315.3492432884,-54.0566051540,3       5P    940
30.5062280418,6315.5178343643,-53.9926256569,330.5352270847,6315       5P    941
.6854305692,-53.9260850852,330.5637018855,6315.8517250816,-53.85       5P    942
63308162,330.5916342204,6316.0164371668,-53.7829134579,330.61901       5P    943
36844,6316.1802445518,-53.7075317899,330.6459779362,6316.3428066       5P    944
849,-53.6295072526,330.6725271523,6316.5039672038,-53.5486172556       5P    945
,330.6985628808,6316.6636897133,-53.4649163579,330.7240682129,63       5P    946
16.8219278289,-53.3784430136,330.7490819593,6316.9783447410,-53.       5P    947
2886970966,330.7735743421,6317.1328375715,-53.1956737727,330.797       5P    948
5589449,6317.2865726395,-53.1014286691,330.8212406537,6317.43989       5P    949
28716,-53.0065222169,330.8446941607,6317.5927922006,-52.91094985       5P    950
66,330.8679338808,6317.7448555052,-52.8140614107,330.8909340030,       5P    951
6317.8955538515,-52.7150373687,330.9135421448,6318.0442965616,-5       5P    952
2.6130942241,330.9357022447,6318.1919509635,-52.5095984945,330.9       5P    953
575583317,6318.3370542874,-52.4025179715,330.9788979778,6318.479       5P    954
8993091,-52.2924553400,330.9997738740,6318.6216291714,-52.180982       5P    955
1864,331.0203585893,6318.7615790446,-52.0672700884,331.040560576       5P    956
5,6318.8993659342,-51.9509324154,331.0603310626,6319.0355373164,       5P    957
-51.8327116304,331.0797558384,6319.1722567403,-51.7151596829,331       5P    958
.0991435847,6319.3080383570,-51.5965163178,331.1182523276,6319.4       5P    959
425329481,-51.4764110905,331.1370877658,6319.5752475031,-51.3543       5P    960
366189,331.1555763037,6319.7065463656,-51.2307418183,331.1737668       5P    961
146,6319.8359154262,-51.1051202346,331.1915862778,6319.964332946       5P    962
6,-50.9785404818,331.2091677563,6320.0918674760,-50.8510725128,3       5P    963
31.2265170912,6320.2175913125,-50.7218111314,331.2435067546,6320       5P    964
.3420352524,-50.5913180592,331.2602074565,6320.4643683163,-50.45       5P    965
88328749,331.2765083264,6320.5859291456,-50.3256501076,331.29258       5P    966
54090,6320.7069375312,-50.1919653308,331.3084592949,6320.8275151       5P    967
835,-50.0579022244,331.3241958710,6320.9474204866,-49.9232362236       5P    968
,331.3397544914,6321.0649995309,-49.7865181621,331.3549218734,63       5P    969
21.1810243147,-49.6484850796,331.3697983097,6321.2955355056,-49.       5P    970
5091923931,331.3843890180,6321.4086837037,-49.3687908310,331.398       5P    971
7133890,6321.5208566799,-49.2276107290,331.4128201890,6321.63241       5P    972
10564,-49.0859437621,331.4267530687,6321.7434678730,-48.94388823       5P    973
61,331.4405254181,6321.8540050958,-48.8014296354,331.4541327569,       5P    974
6321.9637675399,-48.6583737118,331.4675421697,6322.0724192133,-4       5P    975
8.5144715478,331.4807028208,6322.1792235823,-48.3691855895,331.4       5P    976
935684354,6322.2832238296,-48.2218704778,331.5060278856,6322.385       5P    977
0443292,-48.0730443840,331.5181573416,6322.4854395227,-47.923255       5P    978
4619,331.5300476501,6322.5854826848,-47.7732343167,331.541824973       5P    979
0,6322.6860092482,-47.6235394676,331.5535846219,6322.7873182012,       5P    980
-47.4743788596,331.5653571895,6322.8890064598,-47.3254814875,331       5P    981
.5770912030,6322.9894333510,-47.1757223887,331.5885955311,6323.0       5P    982
881482123,-47.0248246311,331.5998198026,6323.1850927459,-46.8727       5P    983
818447,331.6107592616,6323.2805522010,-46.7198030544,331.6214478       5P    984
274,6323.3750630415,-46.5662379769,331.6319456098,6323.469160966       5P    985
8,-46.4124205810,331.6423055500,6323.5631893660,-46.2585644381,3       5P    986
31.6525978817,6323.6569055084,-46.1045191936,331.6627960804,6323       5P    987
.7495317271,-45.9498126627,331.6728146595,6323.8409000547,-45.79       5P    988
43582521,331.6826362963,6323.9311575407,-45.6382561196,331.69227       5P    989
75188,6324.0206222219,-45.4816989767,331.7017726703,6324.1096643       5P    990
593,-45.3249023379,331.7111607322,6324.1985005326,-45.1679902413       5P    991
,331.7204635812,6324.2869664860,-45.0108689639,331.7296630376,63       5P    992
24.3748684863,-44.8534304760,331.7387385190,6324.4623387964,-44.       5P    993
6957516725,331.7477034025,6324.5495691239,-44.5379404233,331.756       5P    994
5765052,6324.6366504980,-44.3800475603,331.7653664852,6324.72356       5P    995
15449,-44.2220615958,331.7740684792,6324.8101205456,-44.06388245       5P    996
99,331.7826601050,6324.8958793131,-43.9052660440,331.7910982038,       5P    997
6324.9805556613,-43.7460684458,331.7993846187,6325.0642491421,-4       5P    998
3.5863521412,331.8075249086,6325.1471191611,-43.4262074724,331.8       5P    999
155363447,6325.2292647976,-43.2656903763,331.8234284352,6325.310       5P   1000
7213283,-43.1048226933,331.8312048698,6325.3914817217,-42.943604       5P   1001
5015,331.8388651787,6325.4714921199,-42.7820125989,331.846404580       5P   1002
6,6325.5506729753,-42.6200121541,331.8538160886,6325.6290842366,       5P   1003
-42.4576376957,331.8611059155,6325.7069464990,-42.2949995343,331       5P   1004
.8682949267,6325.7845073878,-42.1322177718,331.8754058947,6325.8       5P   1005
619416021,-41.9693759593,331.8824543392,6325.9393791149,-41.8065       5P   1006
359955,331.8894513439,6326.0168655835,-41.6437196681,331.8963999       5P   1007
490,6326.0943367765,-41.4808964723,331.9032938884,6326.171632069       5P   1008
5,-41.3179897565,331.9101129178,6326.2484561199,-41.1548595754,3       5P   1009
31.9168284902,6326.3245102105,-40.9913681122,331.9234261994,6326       5P   1010
.3996279800,-40.8274440166,331.9299081374,6326.4738617039,-40.66       5P   1011
31176185,331.9362752289,6326.5474246648,-40.4984901185,331.94254       5P   1012
73754,6326.6205997819,-40.3336902079,331.9487485019,6326.6936518       5P   1013
786,-40.1688361148,331.9549008105,6326.7666934248,-40.0039776546       5P   1014
,331.9610131241,6326.8396893838,-39.8390990867,331.9670818446,63       5P   1015
26.9125823992,-39.6741749249,331.9731016297,6326.9853555387,-39.       5P   1016
5091978088,331.9790705753,6327.0579926072,-39.3441607279,331.984       5P   1017
9868764,6327.1304772266,-39.1790566193,331.9908487561,6327.20278       5P   1018
98151,-39.0138770417,331.9966542355,6327.2749296261,-38.84862190       5P   1019
72,332.0024028665,6327.3469435026,-38.6833119998,332.0080980624,       5P   1020
6327.4188057206,-38.5179363956,332.0137370164,6327.4903898411,-3       5P   1021
8.3524406827,332.0193107558,6327.5612647104,-38.1866392701,332.0       5P   1022
247800616,6327.6307760477,-38.0202589952,332.0300958319,6327.698       5P   1023
4258927,-37.8531108776,332.0352207068,6327.7643650240,-37.685281       5P   1024
9543,332.0401901614,6327.8295261393,-37.5171512574,332.045073712       5P   1025
1,6327.8950791819,-37.3491723723,332.0499592121,6327.9619312566,       5P   1026
-37.1817056104,332.0549124047,6328.0302529340,-37.0148348754,332       5P   1027
.0599433904,6328.0995042667,-36.8483498192,332.0650100155,6328.1       5P   1028
689226391,-36.6819342560,332.0700550327,6328.2379319067,-36.5153       5P   1029
476615,332.0750361396,6328.3063869660,-36.3485321702,332.0799429       5P   1030
766,6328.3743071522,-36.1814981643,332.0847771246,6328.441782074       5P   1031
6,-36.0142839108,332.0895450780,6328.5088258224,-35.8468963397,3       5P   1032
32.0942478822,6328.5754447861,-35.6793392731,332.0988860487,6328       5P   1033
.6416411049,-35.5116147921,332.1034598061,6328.7074104280,-35.34       5P   1034
37224157,332.1079689247,6328.7727422216,-35.1756592982,332.11241       5P   1035
28928,6328.8376228387,-35.0074214813,332.1167906217,6328.9020299       5P   1036
946,-34.8390018644,332.1211020173,6328.9659449223,-34.6703947596       5P   1037
,332.1253410751,6329.0293655658,-34.5016010505,332.1295078680,63       5P   1038
29.0923149021,-34.3326308309,332.1336007271,6329.1548437139,-34.       5P   1039
1635046527,332.1376388661,6329.2170277932,-33.9942515874,332.141       5P   1040
6337779,6329.2789590181,-33.8249058931,332.1455892828,6329.34073       5P   1041
25143,-33.6555026382,332.1495115895,6329.4024462224,-33.48607762       5P   1042
53,332.1534063306,6329.4641836834,-33.3166612996,332.1572782537,       5P   1043
6329.5259974447,-33.1472728359,332.1611300022,6329.5879025358,-3       5P   1044
2.9779177705,332.1649618266,6329.6498762886,-32.8085878543,332.1       5P   1045
687716350,6329.7118681346,-32.6392645756,332.1725556752,6329.773       5P   1046
8123637,-32.4699238575,332.1763093697,6329.8356514649,-32.300544       5P   1047
6960,332.1800287538,6329.8973370606,-32.1311095398,332.183710515       5P   1048
0,6329.9588325705,-31.9616052717,332.1873521350,6330.0201167962,       5P   1049
-31.7920244780,332.1909520723,6330.0811829123,-31.6223650101,332       5P   1050
.1945096777,6330.1420351694,-31.4526287187,332.1980249326,6330.2       5P   1051
026816313,-31.2828187943,332.2014981490,6330.2631259255,-31.1129       5P   1052
368074,332.2049289618,6330.3233712953,-30.9429842208,332.2083185       5P   1053
564,6330.3834211838,-30.7729624384,332.2116617157,6330.443278973       5P   1054
2,-30.6028729001,332.2149579342,6330.5029480916,-30.4327169598,3       5P   1055
32.2182047329,6330.5624319077,-30.2624961407,332.2214129286,6330       5P   1056
.6217337831,-30.0922119991,332.2245965480,6330.6808571784,-29.92       5P   1057
18658149,332.2277514056,6330.7398055177,-29.7514589784,332.23087       5P   1058
81776,6330.7985822320,-29.5809928687,332.2339762470,6330.8571907       5P   1059
555,-29.4104688609,332.2370453527,6330.9156345286,-29.2398883186       5P   1060
,332.2400851470,6330.9739169968,-29.0692525966,332.2430953135,63       5P   1061
31.0320416104,-28.8985630401,332.2460755352,6331.0900118249,-28.       5P   1062
7278209850,332.2490255023,6331.1478310999,-28.5570277584,332.251       5P   1063
9449095,6331.2055029004,-28.3861846783,332.2548334562,6331.26303       5P   1064
06874,-28.2152930517,332.2576908455,6331.3204179857,-28.04435419       5P   1065
69,332.2605167874,6331.3776681259,-27.8733693533,332.2633109840,       5P   1066
6331.4347842163,-27.7023396853,332.2660731349,6331.4918009212,-2       5P   1067
7.5312768879,332.2688044428,6331.5487022335,-27.3601756885,332.2       5P   1068
715036497,6331.6054121419,-27.1890109303,332.2741667392,6331.661       5P   1069
8365971,-27.0177517993,332.2767890111,6331.7178892399,-26.846370       5P   1070
5507,332.2793663645,6331.7735178402,-26.6748511617,332.281896270       5P   1071
0,6331.8287241831,-26.5031953614,332.2843724420,6331.8835947865,       5P   1072
-26.3314320019,332.2868014079,6331.9382273516,-26.1595927002,332       5P   1073
.2891822254,6331.9926809031,-25.9876966799,332.2915377401,6332.0       5P   1074
470113256,-25.8157617970,332.2938763858,6332.1012642336,-25.6438       5P   1075
024540,332.2961976874,6332.1554829428,-25.4718323311,332.2985032       5P   1076
910,6332.2097111522,-25.2998652065,332.3007942109,6332.263985459       5P   1077
2,-25.1279126295,332.3030712759,6332.3183268346,-24.9559812426,3       5P   1078
32.3053345760,6332.3727374120,-24.7840717515,332.3075834056,6332       5P   1079
.4272020622,-24.6121793914,332.3098163431,6332.4816927523,-24.44       5P   1080
02952866,332.3120314616,6332.5361782144,-24.2684095223,332.31422       5P   1081
67421,6332.5906326252,-24.0965139153,332.3164004278,6332.6450301       5P   1082
612,-23.9246002975,332.3185508023,6332.6993449883,-23.7526605255       5P   1083
,332.3206761934,6332.7535510924,-23.5806864402,332.3227749701,63       5P   1084
32.8076230353,-23.4086701176,332.3248455737,6332.8615305090,-23.       5P   1085
2366021698,332.3268863167,6332.9152436894,-23.0644734573,332.328       5P   1086
8955935,6332.9687440386,-22.8922784640,332.3308722920,6333.02202       5P   1087
93249,-22.7200167952,332.3328159063,6333.0751156028,-22.54769369       5P   1088
95,332.3347267341,6333.1280348554,-22.3753192513,332.3366051339,       5P   1089
6333.1808323661,-22.2029075181,332.3384536794,6333.2335550523,-2       5P   1090
2.0304728751,332.3402665766,6333.2862389296,-21.8580263582,332.3       5P   1091
420440410,6333.3389106557,-21.6855760845,332.3437859602,6333.391       5P   1092
5848281,-21.5131264755,332.3454946257,6333.4442647812,-21.340678       5P   1093
7639,332.3471993710,6333.4969458049,-21.1682313934,332.348893128       5P   1094
6,6333.5496210109,-20.9957822498,332.3505763577,6333.6022872007,       5P   1095
-20.8233303511,332.3522476062,6333.6549409578,-20.6508746560,332       5P   1096
.3539059635,6333.7075789326,-20.4784141426,332.3555503799,6333.7       5P   1097
601977562,-20.3059477848,332.3571798493,6333.8127940656,-20.1334       5P   1098
745591,332.3587933610,6333.8653644962,-19.9609934432,332.3603899       5P   1099
131,6333.9179056840,-19.7885034167,332.3619685100,6333.970414262       5P   1100
9,-19.6160034602,332.3635281637,6334.0228868695,-19.4434925573,3       5P   1101
32.3650678941,6334.0753201253,-19.2709696894,332.3665867293,6334       5P   1102
.1277107016,-19.0984338555,332.3680837079,6334.1800548088,-18.92       5P   1103
58839173,332.3695578653,6334.2323488143,-18.7533187875,332.37100       5P   1104
82524,6334.2845900873,-18.5807376856,332.3724339590,6334.3367774       5P   1105
169,-18.4081402633,332.3738341205,6334.3889111569,-18.2355266460       5P   1106
,332.3752079303,6334.4409930059,-18.0628973645,332.3765545861,63       5P   1107
34.4930255598,-17.8902532190,332.3778734396,6334.5450113326,-17.       5P   1108
7175949823,332.3791633564,6334.5969524718,-17.5449233338,332.380       5P   1109
4249976,6334.6488512056,-17.3722389323,332.3816522847,6334.70070       5P   1110
97450,-17.1995424300,332.3828391444,6334.7525302993,-17.02683450       5P   1111
62,332.3839880526,6334.8043151020,-16.8541157477,332.3850911474,       5P   1112
6334.8560663114,-16.6813870269,332.3861932719,6334.9077861358,-1       5P   1113
6.5086489398,332.3872915385,6334.9594768942,-16.3359021582,332.3       5P   1114
883849194,6335.0111411629,-16.1631474521,332.3894719001,6335.062       5P   1115
7810322,-15.9903854510,332.3905510922,6335.1143976838,-15.817616       5P   1116
5116,332.3916210560,6335.1659911813,-15.6448406562,332.392680341       5P   1117
6,6335.2175605001,-15.4720575823,332.3937274782,6335.2691037587,       5P   1118
-15.2992667320,332.3947609839,6335.3206187425,-15.1264674495,332       5P   1119
.3957793765,6335.3721035116,-14.9536591618,332.3967811861,6335.4       5P   1120
235563498,-14.7808413636,332.3977649550,6335.4749748371,-14.6080       5P   1121
133412,332.3987292197,6335.5263555318,-14.4351740786,332.3996725       5P   1122
076,6335.5776972828,-14.2623232432,332.4005933991,6335.629003041       5P   1123
1,-14.0894617206,332.4014905543,6335.6802807635,-13.9165918791,3       5P   1124
32.4023627177,6335.7315433120,-13.7437175373,332.4032087043,6335       5P   1125
.7828072124,-13.5708435959,332.4040273584,6335.8340904633,-13.39       5P   1126
79753930,332.4048175274,6335.8854093207,-13.2251177555,332.40557       5P   1127
79271,6335.9367823180,-13.0522761989,332.4063074949,6335.9882273       5P   1128
815,-12.8794560773,332.4070042300,6336.0397566424,-12.7066610581       5P   1129
,332.4076692619,6336.0913742711,-12.5338924017,332.4082898819,63       5P   1130
36.1430755819,-12.3611487565,332.4088621727,6336.1948481873,-12.       5P   1131
1884264408,332.4093842533,6336.2466746617,-12.0157202368,332.409       5P   1132
8573728,6336.2985378224,-11.8430251217,332.4103408453,6336.35042       5P   1133
27390,-11.6703365508,332.4108217239,6336.4023140498,-11.49764990       5P   1134
42,332.4113016170,6336.4541965285,-11.3249606029,332.4117782333,       5P   1135
6336.5060549143,-11.1522640644,332.4122503316,6336.5578739537,-1       5P   1136
0.9795557143,332.4127163994,6336.6096383863,-10.8068309878,332.4       5P   1137
131750118,6336.6613329311,-10.6340853295,332.4136247404,6336.712       5P   1138
9423239,-10.4613142095,332.4140641824,6336.7644511519,-10.288513       5P   1139
0779,332.4144919568,6336.8158446181,-10.1156775976,332.414906715       5P   1140
7,6336.8671083031,-9.9428035754,332.4153071451,6336.9182259482,-       5P   1141
9.7698863090,332.4156919514,6336.9691783943,-9.5969202855,332.41       5P   1142
60598602,6337.0199430769,-9.4238990526,332.4164096217,6337.07049       5P   1143
41858,-9.2508152887,332.4167400223,6337.1208034953,-9.0776610743       5P   1144
,332.4170499004,6337.1708421567,-8.9044284387,332.4173381688,633       5P   1145
7.2205818982,-8.7311097226,332.4176038215,6337.2699953093,-8.557       5P   1146
6976739,332.4178459624,6337.3190511588,-8.3841841015,332.4180636       5P   1147
998,6337.3676821916,-8.2105509281,332.4182563578,6337.4158522379       5P   1148
,-8.0367893079,332.4184226425,6337.4636375273,-7.8629216077,332.       5P   1149
4185651152,6337.5112645636,-7.6890105788,332.4186737936,6337.559       5P   1150
0171815,-7.5151339154,332.4187390546,6337.6071626836,-7.34136544       5P   1151
20,332.4187647861,6337.6558776807,-7.1677556580,332.4187386830,6       5P   1152
337.7051753356,-6.9943104961,332.4187050606,6337.7549518851,-6.8       5P   1153
210022889,332.4186695496,6337.8050741996,-6.6477938390,332.41863       5P   1154
12630,6337.8554494788,-6.4746588281,332.4185910901,6337.90598960       5P   1155
02,-6.3015718931,332.4185494700,6337.9566017002,-6.1285060039,33       5P   1156
2.4185069912,6338.0071945763,-5.9554344904,332.4184642172,6338.0       5P   1157
576854560,-5.7823331783,332.4184217144,6338.1080034283,-5.609181       5P   1158
5045,332.4183800296,6338.1580905059,-5.4359628768,332.4183396864       5P   1159
,6338.2078997862,-5.2626641425,332.4183011808,6338.2573926845,-5       5P   1160
.0892747649,332.4182649813,6338.3065271827,-4.9157834505,332.418       5P   1161
2315351,6338.3552692599,-4.7421814872,332.4182012547,6338.403636       5P   1162
3728,-4.5684746793,332.4181744989,6338.4514909209,-4.3946257271,       5P   1163
332.4181516850,6338.4985098323,-4.2205483217,332.4181332254,6338       5P   1164
.5444590315,-4.0461854609,332.4181193496,6338.5895636051,-3.8716       5P   1165
029258,332.4181100765,6338.6344004839,-3.6969519706,332.41810546       5P   1166
52,6338.6798246594,-3.5224512997,332.4181058016,6338.7265700394,       5P   1167
-3.3483003034,332.4181118620,6338.7734402222,-3.1741843100,332.4       5P   1168
181241148,6338.8207214256,-3.0001776670,332.4181432514,6338.8694       5P   1169
692415,-2.8265761165,332.4181697974,6338.9194617509,-2.653326451       5P   1170
9,332.4182075623,6338.9665220360,-2.4792562335,332.4182332235,63       5P   1171
39.0132353785,-2.3050987228,332.4182502943,6339.0607642212,-2.13       5P   1172
11601132,332.4182581964,6339.1079837807,-1.9571384600,332.418256       5P   1173
8297,6339.1550932593,-1.7830853962,332.4182489399,6339.203639856       5P   1174
3,-1.6094282259,332.4182336978,6339.2531078428,-1.4360278019,332       5P   1175
.4182109213,6339.2991153908,-1.2616703528,332.4181834345,6339.34       5P   1176
31281108,-1.0868120372,332.4181519056,6339.3874202478,-0.9120155       5P   1177
436,332.4181150036,6339.4287258209,-0.7364983215,332.4180760711,       5P   1178
6339.4708737186,-0.5611574862,332.4180324006,6339.5199202298,-0.       5P   1179
3876285461,332.4179761128,6339.5600903900,-0.2117939164,332.4179       5P   1180
255677,6339.5810235212,-0.0321060233,332.4178976509,6339.5510217       5P   1181
845,0.2097887913,332.4179379866,6339.4324682191,0.3635654874,332       5P   1182
.4180847207,6339.3231531102,0.4178645263,332.4181659815,0.000000       5P   1183
0000,1.0000000000,0.0,0.0,0.0;                                         5P   1184
126,399,403,1,0,1,0,0.0000000000,0.0000000000,0.0000000000,0.000       7P   1185
0000000,0.0049835020,0.0074747899,0.0099666001,0.0124608895,0.01       7P   1186
49555620,0.0174507166,0.0199459276,0.0224412178,0.0249364947,0.0       7P   1187
274317619,0.0299270444,0.0324223374,0.0349176348,0.0374129140,0.       7P   1188
0399081984,0.0424034817,0.0448987748,0.0473940649,0.0498893553,0       7P   1189
.0523846459,0.0548799368,0.0573752282,0.0598705206,0.0623658141,       7P   1190
0.0648611087,0.0673564047,0.0698517022,0.0723470016,0.0748423026       7P   1191
,0.0773376049,0.0798329085,0.0823282134,0.0848235197,0.087318827       7P   1192
0,0.0898141354,0.0923094446,0.0948047545,0.0973000648,0.09979537       7P   1193
55,0.1022906863,0.1047859983,0.1072813136,0.1097766346,0.1122719       7P   1194
628,0.1147672981,0.1172626401,0.1197579886,0.1222533437,0.124748       7P   1195
7050,0.1272440723,0.1297394452,0.1322348233,0.1347302061,0.13722       7P   1196
55929,0.1397209831,0.1422163758,0.1447117705,0.1472071670,0.1497       7P   1197
025650,0.1521979648,0.1546933669,0.1571887746,0.1596841922,0.162       7P   1198
1796230,0.1646750666,0.1671705213,0.1696659857,0.1721614593,0.17       7P   1199
46569416,0.1771524325,0.1796479320,0.1821434402,0.1846389572,0.1       7P   1200
871344831,0.1896300175,0.1921255601,0.1946211106,0.1971166685,0.       7P   1201
1996122334,0.2021078050,0.2046033835,0.2070989724,0.2095945762,0       7P   1202
.2120901979,0.2145858371,0.2170814930,0.2195771648,0.2220728527,       7P   1203
0.2245685562,0.2270642749,0.2295600080,0.2320557543,0.2345515126       7P   1204
,0.2370472816,0.2395430606,0.2420388498,0.2445346496,0.247030460       7P   1205
8,0.2495262840,0.2520221202,0.2545179734,0.2570138481,0.25950974       7P   1206
78,0.2620056719,0.2645016193,0.2669975892,0.2694935813,0.2719895       7P   1207
954,0.2744856314,0.2769816888,0.2794777674,0.2819738667,0.284469       7P   1208
9863,0.2869661259,0.2894622847,0.2919584624,0.2944546584,0.29695       7P   1209
08720,0.2994471061,0.3019433654,0.3044396545,0.3069359738,0.3094       7P   1210
323216,0.3119286969,0.3144250992,0.3169215285,0.3194179848,0.321       7P   1211
9144680,0.3244109783,0.3269075156,0.3294040802,0.3319006721,0.33       7P   1212
43972913,0.3368939376,0.3393906110,0.3418873116,0.3443840438,0.3       7P   1213
468808131,0.3493776235,0.3518744744,0.3543713645,0.3568682929,0.       7P   1214
3593652596,0.3618622645,0.3643593074,0.3668563880,0.3693535061,0       7P   1215
.3718506612,0.3743478533,0.3768450828,0.3793423504,0.3818396575,       7P   1216
0.3843370051,0.3868343983,0.3893318422,0.3918293394,0.3943268868       7P   1217
,0.3968244796,0.3993221152,0.4018197931,0.4043175140,0.406815279       7P   1218
8,0.4093130927,0.4118109551,0.4143088687,0.4168068340,0.41930484       7P   1219
99,0.4218029132,0.4243010186,0.4267991630,0.4292973502,0.4317955       7P   1220
875,0.4342938824,0.4367922394,0.4392906629,0.4417891574,0.444287       7P   1221
7246,0.4467863638,0.4492850732,0.4517838511,0.4542826958,0.45678       7P   1222
16058,0.4592805794,0.4617796150,0.4642787106,0.4667778657,0.4692       7P   1223
770857,0.4717763767,0.4742757425,0.4767751808,0.4792746885,0.481       7P   1224
7742636,0.4842739042,0.4867736084,0.4892733741,0.4917731992,0.49       7P   1225
42730814,0.4967730187,0.4992730099,0.5017730546,0.5042731533,0.5       7P   1226
067733104,0.5092735369,0.5117738443,0.5142742413,0.5167747304,0.       7P   1227
5192753138,0.5217759942,0.5242767729,0.5267776504,0.5292786260,0       7P   1228
.5317796974,0.5342808619,0.5367821162,0.5392834569,0.5417848805,       7P   1229
0.5442863838,0.5467879711,0.5492896503,0.5517914292,0.5542933095       7P   1230
,0.5567952902,0.5592973713,0.5617995531,0.5643018358,0.566804219       7P   1231
5,0.5693067045,0.5718092908,0.5743119785,0.5768147677,0.57931765       7P   1232
86,0.5818206515,0.5843237543,0.5868269780,0.5893303322,0.5918338       7P   1233
173,0.5943374289,0.5968411623,0.5993450119,0.6018489720,0.604353       7P   1234
0365,0.6068571992,0.6093614540,0.6118657953,0.6143702180,0.61687       7P   1235
47181,0.6193792946,0.6218839548,0.6243887068,0.6268935542,0.6293       7P   1236
984933,0.6319035207,0.6344086362,0.6369138410,0.6394191414,0.641       7P   1237
9245531,0.6444301059,0.6469358367,0.6494417714,0.6519479079,0.65       7P   1238
44542161,0.6569606573,0.6594671998,0.6619738272,0.6644805614,0.6       7P   1239
669874645,0.6694946060,0.6720019855,0.6745095183,0.6770171070,0.       7P   1240
6795247203,0.6820323833,0.6845401212,0.6870479598,0.6895559608,0       7P   1241
.6920642098,0.6945727576,0.6970816106,0.6995907768,0.7021002482,       7P   1242
0.7046099461,0.7071197200,0.7096294475,0.7121391170,0.7146488223       7P   1243
,0.7171587054,0.7196688986,0.7221794910,0.7246905163,0.727201965       7P   1244
6,0.7297137886,0.7322259184,0.7347382957,0.7372508902,0.73976368       7P   1245
99,0.7422766825,0.7447898616,0.7473032789,0.7498170745,0.7523313       7P   1246
874,0.7548462287,0.7573614987,0.7598771174,0.7623930823,0.764909       7P   1247
3574,0.7674259016,0.7699427875,0.7724601943,0.7749781823,0.77749       7P   1248
66135,0.7800153510,0.7825344434,0.7850540232,0.7875741356,0.7900       7P   1249
947615,0.7926159143,0.7951376407,0.7976599531,0.8001828617,0.802       7P   1250
7064702,0.8052309434,0.8077563978,0.8102828252,0.8128101221,0.81       7P   1251
53381636,0.8178668635,0.8203961995,0.8229261904,0.8254569072,0.8       7P   1252
279884346,0.8305208438,0.8330541363,0.8355882711,0.8381232018,0.       7P   1253
8406588898,0.8431952846,0.8457323887,0.8482703163,0.8508092574,0       7P   1254
.8533493574,0.8558906579,0.8584331547,0.8609767524,0.8635212468,       7P   1255
0.8660663535,0.8686119023,0.8711578479,0.8737042279,0.8762510884       7P   1256
,0.8787985603,0.8813468081,0.8838958496,0.8864456041,0.888995974       7P   1257
1,0.8915469582,0.8940985280,0.8966505181,0.8992027542,0.90175527       7P   1258
16,0.9043082022,0.9068616366,0.9094154732,0.9119693299,0.9145231       7P   1259
615,0.9170766991,0.9196296491,0.9221812335,0.9247303836,0.927275       7P   1260
6312,0.9298162908,0.9323524947,0.9348847617,0.9374128808,0.93993       7P   1261
63047,0.9424547130,0.9449681085,0.9474775766,0.9499833423,0.9524       7P   1262
863909,0.9549866217,0.9574851214,0.9599819607,0.9624778623,0.964       7P   1263
9732847,0.9674690493,0.9699654782,0.9724629263,0.9749611952,0.97       7P   1264
74601199,0.9799599739,0.9824609110,0.9849630006,0.9874661001,0.9       7P   1265
899702111,0.9924758457,0.9949827511,1.0000000000,1.0000000000,1.       7P   1266
0000000000,1.0000000000,1.0,1.0,1.0,1.0,1.0,1.0,1.0,1.0,1.0,1.0,       7P   1267
1.0,1.0,1.0,1.0,1.0,1.0,1.0,1.0,1.0,1.0,1.0,1.0,1.0,1.0,1.0,1.0,       7P   1268
1.0,1.0,1.0,1.0,1.0,1.0,1.0,1.0,1.0,1.0,1.0,1.0,1.0,1.0,1.0,1.0,       7P   1269
1.0,1.0,1.0,1.0,1.0,1.0,1.0,1.0,1.0,1.0,1.0,1.0,1.0,1.0,1.0,1.0,       7P   1270
1.0,1.0,1.0,1.0,1.0,1.0,1.0,1.0,1.0,1.0,1.0,1.0,1.0,1.0,1.0,1.0,       7P   1271
1.0,1.0,1.0,1.0,1.0,1.0,1.0,1.0,1.0,1.0,1.0,1.0,1.0,1.0,1.0,1.0,       7P   1272
1.0,1.0,1.0,1.0,1.0,1.0,1.0,1.0,1.0,1.0,1.0,1.0,1.0,1.0,1.0,1.0,       7P   1273
1.0,1.0,1.0,1.0,1.0,1.0,1.0,1.0,1.0,1.0,1.0,1.0,1.0,1.0,1.0,1.0,       7P   1274
1.0,1.0,1.0,1.0,1.0,1.0,1.0,1.0,1.0,1.0,1.0,1.0,1.0,1.0,1.0,1.0,       7P   1275
1.0,1.0,1.0,1.0,1.0,1.0,1.0,1.0,1.0,1.0,1.0,1.0,1.0,1.0,1.0,1.0,       7P   1276
1.0,1.0,1.0,1.0,1.0,1.0,1.0,1.0,1.0,1.0,1.0,1.0,1.0,1.0,1.0,1.0,       7P   1277
1.0,1.0,1.0,1.0,1.0,1.0,1.0,1.0,1.0,1.0,1.0,1.0,1.0,1.0,1.0,1.0,       7P   1278
1.0,1.0,1.0,1.0,1.0,1.0,1.0,1.0,1.0,1.0,1.0,1.0,1.0,1.0,1.0,1.0,       7P   1279
1.0,1.0,1.0,1.0,1.0,1.0,1.0,1.0,1.0,1.0,1.0,1.0,1.0,1.0,1.0,1.0,       7P   1280
1.0,1.0,1.0,1.0,1.0,1.0,1.0,1.0,1.0,1.0,1.0,1.0,1.0,1.0,1.0,1.0,       7P   1281
1.0,1.0,1.0,1.0,1.0,1.0,1.0,1.0,1.0,1.0,1.0,1.0,1.0,1.0,1.0,1.0,       7P   1282
1.0,1.0,1.0,1.0,1.0,1.0,1.0,1.0,1.0,1.0,1.0,1.0,1.0,1.0,1.0,1.0,       7P   1283
1.0,1.0,1.0,1.0,1.0,1.0,1.0,1.0,1.0,1.0,1.0,1.0,1.0,1.0,1.0,1.0,       7P   1284
1.0,1.0,1.0,1.0,1.0,1.0,1.0,1.0,1.0,1.0,1.0,1.0,1.0,1.0,1.0,1.0,       7P   1285
1.0,1.0,1.0,1.0,1.0,1.0,1.0,1.0,1.0,1.0,1.0,1.0,1.0,1.0,1.0,1.0,       7P   1286
1.0,1.0,1.0,1.0,1.0,1.0,1.0,1.0,1.0,1.0,1.0,1.0,1.0,1.0,1.0,1.0,       7P   1287
1.0,1.0,1.0,1.0,1.0,1.0,1.0,1.0,1.0,1.0,1.0,1.0,1.0,1.0,1.0,1.0,       7P   1288
1.0,1.0,1.0,1.0,1.0,1.0,1.0,1.0,1.0,1.0,1.0,1.0,1.0,1.0,1.0,1.0,       7P   1289
1.0,1.0,1.0,1.0,1.0,1.0,1.0,1.0,1.0,1.0,1.0,1.0,1.0,1.0,1.0,1.0,       7P   1290
1.0,1.0,1.0,1.0,1.0,1.0,1.0,1.0,1.0,1.0,1.0,1.0,1.0,1.0,1.0,1.0,       7P   1291
1.0,1.0,1.0,1.0,1.0,1.0,6339.3231531102,0.4178645263,332.4181659       7P   1292
815,6339.2313505061,0.4647779979,332.4182278882,6339.0675260038,       7P   1293
0.4946990824,332.4183049239,6338.8702396392,0.4159927001,332.418       7P   1294
1671232,6338.7521503020,0.3110887604,332.4181126322,6338.6650087       7P   1295
845,0.1811012551,332.4181039357,6338.5953904723,0.0416931050,332       7P   1296
.4181082952,6338.5350143357,-0.1018926866,332.4181215189,6338.48       7P   1297
03705529,-0.2477246531,332.4181395045,6338.4177648822,-0.3903764       7P   1298
419,332.4181667930,6338.3504418897,-0.5307783369,332.4182036198,       7P   1299
6338.2854600872,-0.6723028072,332.4182452772,6338.2246868679,-0.       7P   1300
8156871409,332.4182884209,6338.1588522574,-0.9568147906,332.4183       7P   1301
388853,6338.0948567434,-1.0987707542,332.4183907177,6338.0283875       7P   1302
834,-1.2395887289,332.4184462794,6337.9631345476,-1.3809706432,3       7P   1303
32.4185014903,6337.8990496304,-1.5228855435,332.4185553769,6337.       7P   1304
8340875603,-1.6644010628,332.4186083221,6337.7685484268,-1.80565       7P   1305
01312,332.4186601897,6337.7023153576,-1.9465752251,332.418705335       7P   1306
6,6337.6355198614,-2.0872342943,332.4187594973,6337.5683171651,-       7P   1307
2.2276991337,332.4187554205,6337.5008892164,-2.3680558794,332.41       7P   1308
86607716,6337.4333644859,-2.5083660328,332.4184815080,6337.36575       7P   1309
37185,-2.6486348037,332.4182529567,6337.2978138626,-2.7887446592       7P   1310
,332.4179758721,6337.2293981481,-2.9286229505,332.4176520420,633       7P   1311
7.1604692001,-3.0682488116,332.4172832567,6337.0913841378,-3.207       7P   1312
7972602,332.4168739130,6337.0223980467,-3.3473947571,332.4164286       7P   1313
322,6336.9536840064,-3.4871264619,332.4159519384,6336.8853388666       7P   1314
,-3.6270390440,332.4154480347,6336.8173854713,-3.7671422681,332.       7P   1315
4149206047,6336.7497359004,-3.9073923517,332.4143723291,6336.682       7P   1316
2872310,-4.0477391148,332.4138055787,6336.6146074695,-4.18797459       7P   1317
27,332.4132196269,6336.5468519992,-4.3281734498,332.4126185826,6       7P   1318
336.4792693713,-4.4684557733,332.4120077328,6336.4118756440,-4.6       7P   1319
088289257,332.4113899049,6336.3446060084,-4.7492615567,332.41076       7P   1320
87147,6336.2773176903,-4.8896852507,332.4101410619,6336.20983642       7P   1321
22,-5.0300165867,332.4095256850,6336.1419907215,-5.1701722660,33       7P   1322
2.4088584174,6336.0736525739,-5.3100885035,332.4080885558,6336.0       7P   1323
047615875,-5.4497332830,332.4072262849,6335.9353894522,-5.589139       7P   1324
5007,332.4062926000,6335.8656819491,-5.7283782354,332.4052937606       7P   1325
,6335.7956963152,-5.8674773449,332.4042329403,6335.7255016377,-6       7P   1326
.0064710287,332.4031143786,6335.6551634906,-6.1453921343,332.401       7P   1327
9423768,6335.5847458730,-6.2842729544,332.4007214854,6335.514310       7P   1328
1370,-6.4231445790,332.3994563933,6335.4439156667,-6.5620371281,       7P   1329
332.3981519141,6335.3736183060,-6.7009788653,332.3968129130,6335       7P   1330
.3034770315,-6.8399994821,332.3954444041,6335.2335356246,-6.9791       7P   1331
207693,332.3940511516,6335.1638934637,-7.1183922617,332.39263905       7P   1332
82,6335.0947173521,-7.2578959220,332.3912154799,6335.0259169434,       7P   1333
-7.3975850826,332.3897825092,6334.9572980471,-7.5373633889,332.3       7P   1334
883395751,6334.8885937380,-7.6770998120,332.3868852462,6334.8195       7P   1335
356246,-7.8166620431,332.3854145752,6334.7499100933,-7.955942693       7P   1336
1,332.3839362797,6334.6796099187,-8.0948838106,332.3823663852,63       7P   1337
34.6086815867,-8.2335048447,332.3807110811,6334.5373722903,-8.37       7P   1338
19299112,332.3789794124,6334.4658795544,-8.5102603320,332.377192       7P   1339
8696,6334.3943593674,-8.6485765632,332.3753537940,6334.322906039       7P   1340
9,-8.7869273757,332.3734679611,6334.2515463072,-8.9253264994,332       7P   1341
.3715382968,6334.1802530835,-9.0637598977,332.3695666003,6334.10       7P   1342
89590873,-9.2021929059,332.3675533509,6334.0375765339,-9.3405802       7P   1343
922,332.3654982936,6333.9660238166,-9.4788798005,332.3634011698,       7P   1344
6333.8942523760,-9.6170659071,332.3612625687,6333.8222970299,-9.       7P   1345
7551563211,332.3590855760,6333.7501624926,-9.8931532224,332.3568       7P   1346
724588,6333.6778421171,-10.0310528222,332.3546251598,6333.605333       7P   1347
9185,-10.1688537565,332.3523458134,6333.5326342693,-10.306553783       7P   1348
0,332.3500364689,6333.4597400795,-10.4441509444,332.3476994758,6       7P   1349
333.3866481005,-10.5816432604,332.3453362802,6333.3133550423,-10       7P   1350
.7190288890,332.3429518463,6333.2398581681,-10.8563051872,332.34       7P   1351
04864078,6333.1661540214,-10.9934701575,332.3379474816,6333.0922       7P   1352
401970,-11.1305222260,332.3353413761,6333.0181091166,-11.2674569       7P   1353
923,332.3326779250,6332.9437524572,-11.4042693997,332.3299558963       7P   1354
,6332.8691703957,-11.5409590493,332.3271773451,6332.7943767742,-       7P   1355
11.6775330248,332.3243440887,6332.7194015762,-11.8140073665,332.       7P   1356
3214588480,6332.6442923957,-11.9504079763,332.3185250820,6332.56       7P   1357
91078185,-12.0867669977,332.3155468278,6332.4939579144,-12.22314       7P   1358
51533,332.3125303432,6332.4189222437,-12.3595862522,332.30948088       7P   1359
18,6332.3439996333,-12.4960894955,332.3064005001,6332.2691397858       7P   1360
,-12.6326271840,332.3032891662,6332.1942561618,-12.7691518565,33       7P   1361
2.3001452526,6332.1192464061,-12.9056073048,332.2969661782,6332.       7P   1362
0440149528,-13.0419407094,332.2937500059,6331.9684946349,-13.178       7P   1363
1144018,332.2904940562,6331.8926828424,-13.3141264490,332.287205       7P   1364
3500,6331.8166229498,-13.4499994720,332.2838378059,6331.74032378       7P   1365
34,-13.5857380834,332.2803951722,6331.6637913786,-13.7213452754,       7P   1366
332.2768830643,6331.5870332587,-13.8568249260,332.2733105651,633       7P   1367
1.5100564484,-13.9921804384,332.2696770446,6331.4328680313,-14.1       7P   1368
274153866,332.2659845144,6331.3554750035,-14.2625333357,332.2622       7P   1369
343289,6331.2778843188,-14.3975378721,332.2584280680,6331.200102       7P   1370
8832,-14.5324325931,332.2545672988,6331.1221375589,-14.667221108       7P   1371
8,332.2506536389,6331.0439951662,-14.8019070420,332.2466887362,6       7P   1372
330.9656824860,-14.9364940276,332.2426742773,6330.8872062623,-15       7P   1373
.0709857124,332.2386119677,6330.8085732036,-15.2053857565,332.23       7P   1374
45035969,6330.7297899886,-15.3396978273,332.2303507886,6330.6508       7P   1375
632556,-15.4739256228,332.2261559281,6330.5717996154,-15.6080728       7P   1376
484,332.2219186940,6330.4926054577,-15.7421435642,332.2176489882       7P   1377
,6330.4132876605,-15.8761409622,332.2133159057,6330.3338527753,-       7P   1378
16.0100686363,332.2089091388,6330.2543083599,-16.1439311596,332.       7P   1379
2044340979,6330.1746619084,-16.2777331261,332.1999009840,6330.09       7P   1380
49189077,-16.4114775899,332.1953093549,6330.0150815467,-16.54516       7P   1381
57570,332.1906608782,6329.9351481465,-16.6787965291,332.18595639       7P   1382
60,6329.8551131807,-16.8123665032,332.1811966887,6329.7749678609       7P   1383
,-16.9458702982,332.1763822913,6329.6947013792,-17.0793012875,33       7P   1384
2.1715136164,6329.6143025462,-17.2126525743,332.1665910350,6329.       7P   1385
5337607168,-17.3459175454,332.1616149412,6329.4530659929,-17.479       7P   1386
0899919,332.1565857576,6329.3722104119,-17.6121648342,332.151504       7P   1387
0502,6329.2911885182,-17.7451384767,332.1463704357,6329.20999756       7P   1388
69,-17.8780089822,332.1411861090,6329.1286373013,-18.0107759800,       7P   1389
332.1359509420,6329.0471092087,-18.1434405379,332.1306705135,632       7P   1390
8.9654163494,-18.2760032018,332.1253107639,6328.8835604969,-18.4       7P   1391
084650087,332.1198731366,6328.8015429621,-18.5408267647,332.1143       7P   1392
640072,6328.7193654022,-18.6730893251,332.1087882081,6328.637029       7P   1393
7053,-18.8052535033,332.1031455955,6328.5545379703,-18.937320344       7P   1394
0,332.0974373999,6328.4718924788,-19.0692910163,332.0916645227,6       7P   1395
328.3890958306,-19.2011669038,332.0858280023,6328.3061502077,-19       7P   1396
.3329491335,332.0799288398,6328.2230607400,-19.4646407100,332.07       7P   1397
39682721,6328.1398336476,-19.5962453629,332.0679476410,6328.0564       7P   1398
699952,-19.7277635846,332.0618679282,6327.9729612437,-19.8591897       7P   1399
764,332.0557294596,6327.8892782617,-19.9905051336,332.0495308815       7P   1400
,6327.8053865615,-20.1216872771,332.0432709062,6327.7212603263,-       7P   1401
20.2527191840,332.0369468891,6327.6368903796,-20.3835948652,332.       7P   1402
0305646889,6327.5523004949,-20.5143278799,332.0240949948,6327.46       7P   1403
75486634,-20.6449555112,332.0175403151,6327.3827025176,-20.77552       7P   1404
18779,332.0109123996,6327.2978227989,-20.9060666101,332.00422096       7P   1405
82,6327.2129413194,-21.0366102992,331.9974685244,6327.1280576145       7P   1406
,-21.1671526246,331.9906564227,6327.0431486285,-21.2976785718,33       7P   1407
1.9837838122,6326.9581751761,-21.4281626114,331.9768485552,6326.       7P   1408
8730866388,-21.5585716532,331.9698474401,6326.7878355816,-21.688       7P   1409
8744920,331.9627773987,6326.7023889830,-21.8190491302,331.955636       7P   1410
4549,6326.6167343406,-21.9490868675,331.9484243050,6326.53088596       7P   1411
25,-22.0789966367,331.9411428775,6326.4448863572,-22.2088061571,       7P   1412
331.9337966928,6326.3588269302,-22.3385760081,331.9263941314,632       7P   1413
6.2728055840,-22.4683716139,331.9189461489,6326.1868694692,-22.5       7P   1414
982243586,331.9114528617,6326.1009903666,-22.7281142629,331.9038       7P   1415
853967,6326.0150941129,-22.8579927264,331.8962437705,6325.929082       7P   1416
4560,-22.9877949876,331.8885260481,6325.8428570735,-23.117455396       7P   1417
0,331.8807240427,6325.7563436388,-23.2469236330,331.8728317378,6       7P   1418
325.6695256111,-23.3761876082,331.8648481798,6325.5824358807,-23       7P   1419
.5052685931,331.8567770172,6325.4951098215,-23.6341898282,331.84       7P   1420
86222532,6325.4075650487,-23.7629626414,331.8403863333,6325.3198       7P   1421
189144,-23.8915983134,331.8320717418,6325.2318886839,-24.0201081       7P   1422
974,331.8236810182,6325.1437914661,-24.1485036482,331.8152167534       7P   1423
,6325.0555442509,-24.2767960349,331.8066815679,6324.9671638408,-       7P   1424
24.4049967239,331.7980781866,6324.8786670659,-24.5331173488,331.       7P   1425
7894091427,6324.7900710056,-24.6611700630,331.7806779722,6324.70       7P   1426
13931408,-24.7891652819,331.7718564136,6324.6126487929,-24.91711       7P   1427
41355,331.7629510238,6324.5238518803,-25.0450265829,331.75396803       7P   1428
98,6324.4350148660,-25.1729112288,331.7449104883,6324.3461487221       7P   1429
,-25.3007756390,331.7357808526,6324.2572632409,-25.4286266048,33       7P   1430
1.7265816461,6324.1683677519,-25.5564706043,331.7173153348,6324.       7P   1431
0794716357,-25.6843141520,331.7079844265,6323.9905867518,-25.812       7P   1432
1655021,331.6985917171,6323.9017264466,-25.9400339577,331.689140       7P   1433
1927,6323.8128996898,-26.0679257659,331.6796324145,6323.72410801       7P   1434
35,-26.1958419896,331.6700701248,6323.6353434434,-26.3237770954,       7P   1435
331.6604541701,6323.5465880959,-26.4517187040,331.6507837805,632       7P   1436
3.4578151157,-26.5796485739,331.6410590594,6323.3689916628,-26.7       7P   1437
075439773,331.6312722756,6323.2800837113,-26.8353797096,331.6213       7P   1438
938465,6323.1910601756,-26.9631348664,331.6114279399,6323.101887       7P   1439
7706,-27.0907862162,331.6013730060,6323.0125321478,-27.218309393       7P   1440
6,331.5912268834,6322.9229644744,-27.3456836862,331.5809877784,6       7P   1441
322.8331646846,-27.4728943769,331.5706548952,6322.7431234623,-27       7P   1442
.5999342122,331.5602286436,6322.6528423587,-27.7268036041,331.54       7P   1443
97107105,6322.5623322318,-27.8535096402,331.5391039148,6322.4716       7P   1444
103317,-27.9800640945,331.5284118811,6322.3806950397,-28.1064796       7P   1445
827,331.5176384845,6322.2896012063,-28.2327666483,331.5067870991       7P   1446
,6322.1983448467,-28.3589362455,331.4958618679,6322.1069418051,-       7P   1447
28.4849997198,331.4848648511,6322.0154042875,-28.6109667215,331.       7P   1448
4738056511,6321.9237413089,-28.7368418524,331.4626589579,6321.83       7P   1449
19557249,-28.8626270882,331.4514214041,6321.7400449583,-28.98832       7P   1450
08988,331.4400971917,6321.6480023447,-29.1139182636,331.42868738       7P   1451
96,6321.5558185226,-29.2394120367,331.4171921737,6321.4634841702       7P   1452
,-29.3647950918,331.4056118593,6321.3709917172,-29.4900615669,33       7P   1453
1.3939469344,6321.2783333871,-29.6152053977,331.3821978673,6321.       7P   1454
1855015461,-29.7402205762,331.3703651416,6321.0924885906,-29.865       7P   1455
1010648,331.3584492344,6320.9992870053,-29.9898408441,331.346450       7P   1456
6748,6320.9058892957,-30.1144338417,331.3343698471,6320.81228824       7P   1457
78,-30.2388742100,331.3222077368,6320.7184748708,-30.3631546780,       7P   1458
331.3099630114,6320.6244391016,-30.4872681367,331.2976420090,632       7P   1459
0.5301759563,-30.6112083030,331.2852191227,6320.4356852140,-30.7       7P   1460
349742495,331.2726888782,6320.3409730971,-30.8585707561,331.2600       7P   1461
574224,6320.2460529980,-30.9820075675,331.2473285569,6320.150944       7P   1462
1761,-31.1052989584,331.2345064939,6320.0556699401,-31.228462528       7P   1463
1,331.2215961972,6319.9602540556,-31.3515163740,331.2086027480,6       7P   1464
319.8647184830,-31.4744772929,331.1955310710,6319.7690865415,-31       7P   1465
.5973632703,331.1823863486,6319.6733802488,-31.7201913745,331.16       7P   1466
91736570,6319.5776179107,-31.8429758342,331.1558976167,6319.4818       7P   1467
128363,-31.9657270095,331.1425622137,6319.3859727476,-32.0884509       7P   1468
612,331.1291706426,6319.2900999238,-32.2111497764,331.1157255217       7P   1469
,6319.1941924074,-32.3338224293,331.1022282566,6319.0982471836,-       7P   1470
32.4564643177,331.0886543310,6319.0022610624,-32.5790737206,331.       7P   1471
0750094709,6318.9062310795,-32.7016492639,331.0613035291,6318.81       7P   1472
01556344,-32.8241891477,331.0475338844,6318.7140475949,-32.94670       7P   1473
35529,331.0337023947,6318.6179165778,-33.0692002647,331.01980984       7P   1474
03,6318.5217439367,-33.1916648760,331.0058530887,6318.4254765235       7P   1475
,-33.3140559828,330.9918238782,6318.3289958255,-33.4362802719,33       7P   1476
0.9777042559,6318.2320554142,-33.5581399007,330.9634571269,6318.       7P   1477
1344905291,-33.6794978634,330.9490567473,6318.0363587326,-33.800       7P   1478
3955183,330.9345101422,6317.9378560546,-33.9209900089,330.919844       7P   1479
4540,6317.8392290429,-34.0414837355,330.9050974851,6317.74069355       7P   1480
28,-34.1620534994,330.8902893581,6317.6423257760,-34.2827611935,       7P   1481
330.8754255813,6317.5440261221,-34.4035294302,330.8605249521,631       7P   1482
7.4454104961,-34.5240416128,330.8455205881,6317.3459871522,-34.6       7P   1483
438841136,330.8303326185,6317.2456939837,-34.7629897491,330.8149       7P   1484
444175,6317.1451988777,-34.8819229208,330.7994520377,6317.045258       7P   1485
3594,-35.0013310630,330.7839673029,6316.9459579617,-35.121277141       7P   1486
8,330.7684999214,6316.8468764136,-35.2414008466,330.7529802756,6       7P   1487
316.7479849991,-35.3616796294,330.7373991829,6316.6495025459,-35       7P   1488
.4822984987,330.7217870592,6316.5511385618,-35.6030171233,330.70       7P   1489
60936416,6316.4522941616,-35.7233388823,330.6902186521,6316.3528       7P   1490
735840,-35.8431799067,330.6741343683,6316.2530938331,-35.9627229       7P   1491
982,330.6578745080,6316.1527787421,-36.0818212846,330.6414524249       7P   1492
,6316.0516424736,-36.2002146178,330.6248035838,6315.9500447440,-       7P   1493
36.3182028523,330.6079819024,6315.8489076092,-36.4365912268,330.       7P   1494
5911332244,6315.7488615729,-36.5559145245,330.5743594468,6315.64       7P   1495
98773509,-36.6761261479,330.5576535636,6315.5515139519,-36.79684       7P   1496
76321,330.5409385102,6315.4532275130,-36.9176311205,330.52411763       7P   1497
06,6315.3545128158,-37.0380617425,330.5070982108,6315.2551435269       7P   1498
,-37.1579491621,330.4898335777,6315.1551137265,-37.2772829129,33       7P   1499
0.4723137299,6315.0545489247,-37.3961638702,330.4545542516,6314.       7P   1500
9536674565,-37.5147726684,330.4365721638,6314.8526632331,-37.633       7P   1501
2786491,330.4184344514,6314.7516524075,-37.7517818130,330.400176       7P   1502
7868,6314.6507309812,-37.8703619473,330.3818050318,6314.54994818       7P   1503
67,-37.9890599277,330.3633241170,6314.4493575279,-38.1079204623,       7P   1504
330.3447381390,6314.3490512156,-38.2270237283,330.3260592767,631       7P   1505
4.2491142611,-38.3464457936,330.3072990096,6314.1490991767,-38.4       7P   1506
658074375,330.2883685453,6314.0481780353,-38.5843909394,330.2691       7P   1507
027877,6313.9464653391,-38.7022814527,330.2495127924,6313.844776       7P   1508
2295,-38.8201987120,330.2297471598,6313.7433568185,-38.938357125       7P   1509
8,330.2098498178,6313.6420083477,-39.0565734071,330.1897716179,6       7P   1510
313.5406170038,-39.1747424160,330.1694813353,6313.4396325096,-39       7P   1511
.2932734473,330.1491229491,6313.3390787195,-39.4121877459,330.12       7P   1512
86888205,6313.2378023977,-39.5304750508,330.1079403318,6313.1355       7P   1513
389684,-39.6478833081,330.0868111746,6313.0332846840,-39.7653026       7P   1514
713,330.0654980397,6312.9317061832,-39.8833294842,330.0441359152       7P   1515
,6312.8304080102,-40.0016033480,330.0226386474,6312.7287309700,-       7P   1516
40.1195386314,330.0008594888,6312.6267593678,-40.2372107532,329.       7P   1517
9788079734,6312.5249601628,-40.3550420123,329.9565772229,6312.42       7P   1518
31511275,-40.4728680518,329.9341269957,6312.3211544430,-40.59052       7P   1519
39737,329.9113921954,6312.2192335535,-40.7082448048,329.88840235       7P   1520
16,6312.1173632936,-40.8260182229,329.8651910354,6312.0153008720       7P   1521
,-40.9436347050,329.8417212816,6311.9124962338,-41.0605972746,32       7P   1522
9.8178623666,6311.8087480848,-41.1767126241,329.7935660172,6311.       7P   1523
7042113035,-41.2921119304,329.7688656908,6311.5991242343,-41.407       7P   1524
0079068,329.7438166966,6311.4937567124,-41.5216490193,329.718484       7P   1525
0576,6311.3883096131,-41.6362234255,329.6929179394,6311.28276316       7P   1526
56,-41.7507097963,329.6671177913,6311.1770227875,-41.8650160502,       7P   1527
329.6410575443,6311.0710810486,-41.9791437095,329.6147572140,631       7P   1528
0.9649357965,-42.0930778775,329.5881379957,6310.8585667213,-42.2       7P   1529
067963820,329.5611741360,6310.7519619570,-42.3202915639,329.5338       7P   1530
843529,6310.6451425162,-42.4335852906,329.5062948792,6310.538129       7P   1531
2640,-42.5466960440,329.4784217571,6310.4309481735,-42.659648401       7P   1532
2,329.4502854988,6310.3235589777,-42.7724009623,329.4218885130,6       7P   1533
310.2161062456,-42.8851054324,329.3932827880,6310.1083867227,-42       7P   1534
.9975668214,329.3644278819,6309.9998780700,-43.1092593314,329.33       7P   1535
51966590,6309.8904009979,-43.2199928973,329.3055487974,6309.7799       7P   1536
503118,-43.3297540375,329.2755048887,6309.6686820167,-43.4386853       7P   1537
716,329.2450798538,6309.5568584182,-43.5470263774,329.2142428380       7P   1538
,6309.4447725306,-43.6550925316,329.1831180554,6309.3327894577,-       7P   1539
43.7632722870,329.1518102235,6309.2211858212,-43.8718622313,329.       7P   1540
1204144361,6309.1097328063,-43.9806064150,329.0888848513,6308.99       7P   1541
83524714,-44.0894246373,329.0572165137,6308.8869667951,-44.19824       7P   1542
17102,329.0254042731,6308.7754962026,-44.3069847217,328.99344157       7P   1543
75,6308.6634727422,-44.4151474544,328.9612119473,6308.5506524639       7P   1544
,-44.5224490710,328.9286533850,6308.4375256243,-44.6294471560,32       7P   1545
8.8959488230,6308.3242468138,-44.7362891968,328.8630632979,6308.       7P   1546
2108633219,-44.8430114787,328.8299679403,6308.0974030408,-44.949       7P   1547
6500224,328.7967039824,6307.9838146894,-45.0561374835,328.763269       7P   1548
1813,6307.8705129069,-45.1629458682,328.7297896114,6307.75769968       7P   1549
33,-45.2703104113,328.6963467409,6307.6444009820,-45.3771262769,       7P   1550
328.6626690546,6307.5307719561,-45.4835764775,328.6288196636,630       7P   1551
7.4171399543,-45.5900343595,328.5949138136,6307.3029722947,-45.6       7P   1552
958694272,328.5608112245,6307.1899966318,-45.8030732367,328.5270       7P   1553
431831,6307.0763372355,-45.9094576341,328.4930793112,6306.963532       7P   1554
0039,-46.0167335929,328.4592668474,6306.8525904555,-46.125956000       7P   1555
1,328.4259398185,6306.7436431209,-46.2371053505,328.3931508844,6       7P   1556
306.6386513648,-46.3520741962,328.3615105141,6306.5401774996,-46       7P   1557
.4728391328,328.3318004420,6306.4473596079,-46.5979657535,328.30       7P   1558
37710831,6306.3572704454,-46.7249463068,328.2765500068,6306.2734       7P   1559
512808,-46.8562209217,328.2512153172,6306.1946190029,-46.9905150       7P   1560
756,328.2273861164,6306.1242153693,-47.1294896999,328.2061070003       7P   1561
,6306.0612816408,-47.2720800170,328.1870904638,6306.0096350502,-       7P   1562
47.4191453513,328.1714893531,6305.9586139368,-47.5662687511,328.       7P   1563
1560830298,6305.9209653007,-47.7176005072,328.1447193017,6305.88       7P   1564
84016693,-47.8698741518,328.1348935699,6305.8608919671,-48.02321       7P   1565
30755,328.1265957402,6305.8439269841,-48.1781448070,328.12147994       7P   1566
12,6305.8348264546,-48.3336634390,328.1187360879,6305.8341704858       7P   1567
,-48.4895576089,328.1185382975,6305.8456271674,-48.6449250297,32       7P   1568
8.1219925934,6305.8597563157,-48.8000330283,328.1262533590,6305.       7P   1569
8817312900,-48.9542584158,328.1328814118,6305.9096565804,-49.107       7P   1570
4049433,328.1413068139,6305.9352249906,-49.2610555632,328.149023       7P   1571
2632,6305.9661055134,-49.4137322416,328.1583451932,6306.00240518       7P   1572
75,-49.5651390743,328.1693062977,6306.0402610474,-49.7161797049,       7P   1573
328.1807405257,6306.0803525547,-49.8666829349,328.1928529016,630       7P   1574
6.1247714350,-50.0159115234,328.2062755366,6306.1698055050,-50.1       7P   1575
650517412,328.2198862663,6306.2390535604,-50.3607809696,328.2408       7P   1576
174374,6306.2912293604,-50.5074727753,328.2565891067,6306.328906       7P   1577
0438,-50.6041579430,328.2679763060,0.0000000000,1.0000000000,0.0       7P   1578
,0.0,0.0;                                                              7P   1579
126,399,403,1,0,1,0,0.0000000000,0.0000000000,0.0000000000,0.000       9P   1580
0000000,0.0050132676,0.0075200148,0.0100268896,0.0125338708,0.01       9P   1581
50409399,0.0175480709,0.0200552823,0.0225625904,0.0250700036,0.0       9P   1582
275775326,0.0300851879,0.0325929739,0.0351008813,0.0376088890,0.       9P   1583
0401169690,0.0426250894,0.0451332204,0.0476413390,0.0501494233,0       9P   1584
.0526574630,0.0551654490,0.0576733716,0.0601812058,0.0626889184,       9P   1585
0.0651964761,0.0677038512,0.0702110232,0.0727179921,0.0752247648       9P   1586
,0.0777313486,0.0802377417,0.0827439460,0.0852499751,0.087755850       9P   1587
4,0.0902616058,0.0927672828,0.0952729278,0.0977785822,0.10028428       9P   1588
47,0.1027900726,0.1052959923,0.1078021095,0.1103084831,0.1128151       9P   1589
512,0.1153221157,0.1178293642,0.1203368705,0.1228446118,0.125352       9P   1590
6277,0.1278609648,0.1303696542,0.1328786545,0.1353879088,0.13789       9P   1591
73538,0.1404069250,0.1429166225,0.1454264837,0.1479365451,0.1504       9P   1592
467775,0.1529571142,0.1554674891,0.1579778375,0.1604881049,0.162       9P   1593
9983098,0.1655084899,0.1680186777,0.1705288380,0.1730389219,0.17       9P   1594
55488843,0.1780586843,0.1805682857,0.1830776875,0.1855869184,0.1       9P   1595
880960126,0.1906049811,0.1931138161,0.1956225133,0.1981310692,0.       9P   1596
2006394811,0.2031477472,0.2056558728,0.2081638709,0.2106717537,0       9P   1597
.2131795294,0.2156872019,0.2181947780,0.2207022645,0.2232096671,       9P   1598
0.2257169912,0.2282242417,0.2307314241,0.2332385442,0.2357456050       9P   1599
,0.2382526077,0.2407595527,0.2432664429,0.2457732818,0.248280072       9P   1600
5,0.2507868178,0.2532935202,0.2558001821,0.2583068057,0.26081339       9P   1601
34,0.2633199469,0.2658264659,0.2683329492,0.2708393963,0.2733458       9P   1602
093,0.2758521914,0.2783585465,0.2808648787,0.2833711927,0.285877       9P   1603
4922,0.2883837801,0.2908900581,0.2933963267,0.2959025850,0.29840       9P   1604
88304,0.3009150587,0.3034212664,0.3059274522,0.3084336171,0.3109       9P   1605
397629,0.3134458926,0.3159520094,0.3184581162,0.3209642155,0.323       9P   1606
4703093,0.3259763982,0.3284824818,0.3309885592,0.3334946290,0.33       9P   1607
60006891,0.3385067365,0.3410127685,0.3435187843,0.3460247849,0.3       9P   1608
485307725,0.3510367497,0.3535427191,0.3560486831,0.3585546441,0.       9P   1609
3610606040,0.3635665643,0.3660725257,0.3685784880,0.3710844500,0       9P   1610
.3735904105,0.3760963690,0.3786023246,0.3811082762,0.3836142218,       9P   1611
0.3861201601,0.3886260910,0.3911320148,0.3936379320,0.3961438432       9P   1612
,0.3986497488,0.4011556494,0.4036615453,0.4061674370,0.408673324       9P   1613
5,0.4111792081,0.4136850878,0.4161909635,0.4186968354,0.42120270       9P   1614
37,0.4237085692,0.4262144328,0.4287202944,0.4312261535,0.4337320       9P   1615
094,0.4362378621,0.4387437115,0.4412495576,0.4437554006,0.446261       9P   1616
2403,0.4487670769,0.4512729105,0.4537787409,0.4562845682,0.45879       9P   1617
03926,0.4612962139,0.4638020323,0.4663078477,0.4688136601,0.4713       9P   1618
194697,0.4738252768,0.4763310821,0.4788368863,0.4813426892,0.483       9P   1619
8484904,0.4863542893,0.4888600859,0.4913658801,0.4938716721,0.49       9P   1620
63774617,0.4988832490,0.5013890341,0.5038948169,0.5064005975,0.5       9P   1621
089063759,0.5114121521,0.5139179262,0.5164236982,0.5189294681,0.       9P   1622
5214352358,0.5239410016,0.5264467652,0.5289525270,0.5314582873,0       9P   1623
.5339640467,0.5364698056,0.5389755638,0.5414813209,0.5439870764,       9P   1624
0.5464928304,0.5489985827,0.5515043334,0.5540100826,0.5565158301       9P   1625
,0.5590215762,0.5615273207,0.5640330637,0.5665388052,0.569044545       9P   1626
3,0.5715502838,0.5740560210,0.5765617567,0.5790674909,0.58157322       9P   1627
38,0.5840789553,0.5865846854,0.5890904142,0.5915961417,0.5941018       9P   1628
686,0.5966075951,0.5991133216,0.6016190476,0.6041247728,0.606630       9P   1629
4968,0.6091362196,0.6116419410,0.6141476611,0.6166533798,0.61915       9P   1630
90973,0.6216648135,0.6241705285,0.6266762424,0.6291819552,0.6316       9P   1631
876669,0.6341933778,0.6366990877,0.6392047967,0.6417105050,0.644       9P   1632
2162125,0.6467219193,0.6492276254,0.6517333309,0.6542390357,0.65       9P   1633
67447398,0.6592504435,0.6617561471,0.6642618512,0.6667675556,0.6       9P   1634
692732603,0.6717789646,0.6742846682,0.6767903712,0.6792960733,0.       9P   1635
6818017748,0.6843074754,0.6868131753,0.6893188745,0.6918245729,0       9P   1636
.6943302705,0.6968359674,0.6993416635,0.7018473589,0.7043530535,       9P   1637
0.7068587474,0.7093644406,0.7118701331,0.7143758248,0.7168815158       9P   1638
,0.7193872061,0.7218928957,0.7243985846,0.7269042728,0.729409960       9P   1639
7,0.7319156488,0.7344213373,0.7369270263,0.7394327154,0.74193840       9P   1640
41,0.7444440921,0.7469497795,0.7494554662,0.7519611523,0.7544668       9P   1641
377,0.7569725226,0.7594782068,0.7619838904,0.7644895735,0.766995       9P   1642
2560,0.7695009380,0.7720066194,0.7745123002,0.7770179806,0.77952       9P   1643
36604,0.7820293398,0.7845350186,0.7870406970,0.7895463749,0.7920       9P   1644
520524,0.7945577294,0.7970634060,0.7995690822,0.8020747585,0.804       9P   1645
5804353,0.8070861129,0.8095917911,0.8120974696,0.8146031478,0.81       9P   1646
71088257,0.8196145030,0.8221201799,0.8246258564,0.8271315323,0.8       9P   1647
296372078,0.8321428828,0.8346485574,0.8371542315,0.8396599051,0.       9P   1648
8421655782,0.8446712508,0.8471769230,0.8496825947,0.8521882659,0       9P   1649
.8546939366,0.8571996069,0.8597052768,0.8622109461,0.8647166150,       9P   1650
0.8672222835,0.8697279516,0.8722336192,0.8747392865,0.8772449539       9P   1651
,0.8797506217,0.8822562904,0.8847619596,0.8872676292,0.889773299       9P   1652
0,0.8922789687,0.8947846382,0.8972903076,0.8997959769,0.90230164       9P   1653
58,0.9048073145,0.9073129829,0.9098186509,0.9123243185,0.9148299       9P   1654
857,0.9173356524,0.9198413185,0.9223469839,0.9248526483,0.927358       9P   1655
3117,0.9298639744,0.9323696369,0.9348752994,0.9373809618,0.93988       9P   1656
66236,0.9423922849,0.9448979460,0.9474036070,0.9499092681,0.9524       9P   1657
149293,0.9549205904,0.9574262515,0.9599319126,0.9624375737,0.964       9P   1658
9432348,0.9674488959,0.9699545569,0.9724602180,0.9749658791,0.97       9P   1659
74715403,0.9799771995,0.9824828560,0.9849885082,0.9874941152,0.9       9P   1660
899994438,0.9925036430,0.9950040921,1.0000000000,1.0000000000,1.       9P   1661
0000000000,1.0000000000,1.0,1.0,1.0,1.0,1.0,1.0,1.0,1.0,1.0,1.0,       9P   1662
1.0,1.0,1.0,1.0,1.0,1.0,1.0,1.0,1.0,1.0,1.0,1.0,1.0,1.0,1.0,1.0,       9P   1663
1.0,1.0,1.0,1.0,1.0,1.0,1.0,1.0,1.0,1.0,1.0,1.0,1.0,1.0,1.0,1.0,       9P   1664
1.0,1.0,1.0,1.0,1.0,1.0,1.0,1.0,1.0,1.0,1.0,1.0,1.0,1.0,1.0,1.0,       9P   1665
1.0,1.0,1.0,1.0,1.0,1.0,1.0,1.0,1.0,1.0,1.0,1.0,1.0,1.0,1.0,1.0,       9P   1666
1.0,1.0,1.0,1.0,1.0,1.0,1.0,1.0,1.0,1.0,1.0,1.0,1.0,1.0,1.0,1.0,       9P   1667
1.0,1.0,1.0,1.0,1.0,1.0,1.0,1.0,1.0,1.0,1.0,1.0,1.0,1.0,1.0,1.0,       9P   1668
1.0,1.0,1.0,1.0,1.0,1.0,1.0,1.0,1.0,1.0,1.0,1.0,1.0,1.0,1.0,1.0,       9P   1669
1.0,1.0,1.0,1.0,1.0,1.0,1.0,1.0,1.0,1.0,1.0,1.0,1.0,1.0,1.0,1.0,       9P   1670
1.0,1.0,1.0,1.0,1.0,1.0,1.0,1.0,1.0,1.0,1.0,1.0,1.0,1.0,1.0,1.0,       9P   1671
1.0,1.0,1.0,1.0,1.0,1.0,1.0,1.0,1.0,1.0,1.0,1.0,1.0,1.0,1.0,1.0,       9P   1672
1.0,1.0,1.0,1.0,1.0,1.0,1.0,1.0,1.0,1.0,1.0,1.0,1.0,1.0,1.0,1.0,       9P   1673
1.0,1.0,1.0,1.0,1.0,1.0,1.0,1.0,1.0,1.0,1.0,1.0,1.0,1.0,1.0,1.0,       9P   1674
1.0,1.0,1.0,1.0,1.0,1.0,1.0,1.0,1.0,1.0,1.0,1.0,1.0,1.0,1.0,1.0,       9P   1675
1.0,1.0,1.0,1.0,1.0,1.0,1.0,1.0,1.0,1.0,1.0,1.0,1.0,1.0,1.0,1.0,       9P   1676
1.0,1.0,1.0,1.0,1.0,1.0,1.0,1.0,1.0,1.0,1.0,1.0,1.0,1.0,1.0,1.0,       9P   1677
1.0,1.0,1.0,1.0,1.0,1.0,1.0,1.0,1.0,1.0,1.0,1.0,1.0,1.0,1.0,1.0,       9P   1678
1.0,1.0,1.0,1.0,1.0,1.0,1.0,1.0,1.0,1.0,1.0,1.0,1.0,1.0,1.0,1.0,       9P   1679
1.0,1.0,1.0,1.0,1.0,1.0,1.0,1.0,1.0,1.0,1.0,1.0,1.0,1.0,1.0,1.0,       9P   1680
1.0,1.0,1.0,1.0,1.0,1.0,1.0,1.0,1.0,1.0,1.0,1.0,1.0,1.0,1.0,1.0,       9P   1681
1.0,1.0,1.0,1.0,1.0,1.0,1.0,1.0,1.0,1.0,1.0,1.0,1.0,1.0,1.0,1.0,       9P   1682
1.0,1.0,1.0,1.0,1.0,1.0,1.0,1.0,1.0,1.0,1.0,1.0,1.0,1.0,1.0,1.0,       9P   1683
1.0,1.0,1.0,1.0,1.0,1.0,1.0,1.0,1.0,1.0,1.0,1.0,1.0,1.0,1.0,1.0,       9P   1684
1.0,1.0,1.0,1.0,1.0,1.0,1.0,1.0,1.0,1.0,1.0,1.0,1.0,1.0,1.0,1.0,       9P   1685
1.0,1.0,1.0,1.0,1.0,1.0,1.0,1.0,1.0,1.0,1.0,1.0,1.0,1.0,1.0,1.0,       9P   1686
1.0,1.0,1.0,1.0,1.0,1.0,6306.1799984604,-53.6801611528,350.36741       9P   1687
81116,6306.2262543289,-53.7975295240,350.3708564789,6306.2947228       9P   1688
022,-53.9741220024,350.3759298884,6306.3989281949,-54.2040091415       9P   1689
,350.3835882938,6306.4805189761,-54.3748190665,350.3895471484,63       9P   1690
06.5674654945,-54.5429576338,350.3958519278,6306.6553931396,-54.       9P   1691
7105736137,350.4021712256,6306.7464128263,-54.8765475203,350.408       9P   1692
6667169,6306.8410155109,-55.0405052928,350.4153702769,6306.93957       9P   1693
81912,-55.2021185712,350.4222913252,6307.0425252819,-55.36098009       9P   1694
48,350.4294463540,6307.1502061768,-55.5166776198,350.4368259409,       9P   1695
6307.2628275845,-55.6688423067,350.4444697586,6307.3804286677,-5       9P   1696
5.8171920181,350.4523753868,6307.5028957723,-55.9615493478,350.4       9P   1697
605022954,6307.6300096628,-56.1018295368,350.4688051160,6307.761       9P   1698
5050252,-56.2380085697,350.4772293653,6307.8971463608,-56.370056       9P   1699
9115,350.4857210032,6308.0367450422,-56.4979145206,350.494218197       9P   1700
2,6308.1801458783,-56.6214934242,350.5026825853,6308.3272346102,       9P   1701
-56.7406584812,350.5111165976,6308.4779288706,-56.8552356360,350       9P   1702
.5194253373,6308.6321723380,-56.9649891873,350.5276752608,6308.7       9P   1703
899235658,-57.0696392476,350.5358396333,6308.9510780481,-57.1689       9P   1704
693211,350.5438500691,6309.1154527555,-57.2628730775,350.5516383       9P   1705
824,6309.2827978993,-57.3513708627,350.5591307880,6309.452803230       9P   1706
9,-57.4346374093,350.5662373929,6309.6251069779,-57.5130290009,3       9P   1707
50.5729100124,6309.7994277351,-57.5868270992,350.5790635240,6309       9P   1708
.9756100257,-57.6560623016,350.5847868047,6310.1536525885,-57.72       9P   1709
03741364,350.5900596453,6310.3336412359,-57.7790439152,350.59480       9P   1710
92295,6310.5155955134,-57.8313265530,350.5989729500,6310.6993827       9P   1711
686,-57.8767551745,350.6024687578,6310.8846918897,-57.9154864697       9P   1712
,350.6052470465,6311.0711706149,-57.9480919717,350.6071177734,63       9P   1713
11.2585094935,-57.9752815616,350.6081012390,6311.4464903568,-57.       9P   1714
9975776075,350.6083287242,6311.6349730342,-58.0151288117,350.607       9P   1715
7780759,6311.8238391549,-58.0279169608,350.6064737439,6312.01297       9P   1716
27556,-58.0358345940,350.6044186517,6312.2022495706,-58.03884485       9P   1717
69,350.6016678962,6312.3915422606,-58.0369807262,350.5981019038,       9P   1718
6312.5807216957,-58.0303152233,350.5934701155,6312.7696761630,-5       9P   1719
8.0189664758,350.5880197793,6312.9583006301,-58.0030734292,350.5       9P   1720
818223683,6313.1465021621,-57.9827945774,350.5749950365,6313.334       9P   1721
2005533,-57.9583032511,350.5676438589,6313.5213322638,-57.929797       9P   1722
8511,350.5598698450,6313.7078526211,-57.8974907220,350.551797110       9P   1723
3,6313.8937024391,-57.8615799862,350.5429791795,6314.0788413785,       9P   1724
-57.8221786723,350.5336085822,6314.2632000621,-57.7792766473,350       9P   1725
.5237639798,6314.4466851571,-57.7327783382,350.5135513223,6314.6       9P   1726
291865021,-57.6825540594,350.5030763873,6314.8106068321,-57.6285       9P   1727
528339,350.4924123510,6314.9908918011,-57.5708427778,350.4817456       9P   1728
526,6315.1699987625,-57.5095915577,350.4707849077,6315.347922332       9P   1729
6,-57.4450040334,350.4594935605,6315.5246548416,-57.3772283552,3       9P   1730
50.4479964833,6315.7001768108,-57.3063780350,350.4363694542,6315       9P   1731
.8744589086,-57.2325307782,350.4246967172,6316.0474677760,-57.15       9P   1732
57470049,350.4130624435,6316.2191705224,-57.0760817324,350.40152       9P   1733
51633,6316.3895385921,-56.9935778724,350.3902262871,6316.5585221       9P   1734
444,-56.9082929357,350.3788234126,6316.7261012386,-56.8202869976       9P   1735
,350.3673930688,6316.8922632290,-56.7296349402,350.3559999887,63       9P   1736
17.0569984431,-56.6364153370,350.3447063052,6317.2202975425,-56.       9P   1737
5407023328,350.3335698093,6317.3821466313,-56.4425567891,350.322       9P   1738
6497652,6317.5425261218,-56.3420268568,350.3119871424,6317.70141       9P   1739
86361,-56.2391534027,350.3016780076,6317.8588006330,-56.13398510       9P   1740
94,350.2915949549,6318.0146586142,-56.0265775215,350.2816544123,       9P   1741
6318.1689925156,-55.9169912922,350.2719101594,6318.3218041478,-5       9P   1742
5.8052925284,350.2623628160,6318.4730960291,-55.6915439622,350.2       9P   1743
530260711,6318.6228663624,-55.5757995213,350.2439091218,6318.771       9P   1744
1081620,-55.4581037662,350.2350226040,6318.9178096059,-55.338493       9P   1745
4557,350.2263729411,6319.0629607132,-55.2170049526,350.217978555       9P   1746
9,6319.2065574651,-55.0936831452,350.2098088615,6319.3486047668,       9P   1747
-54.9685819489,350.2018166001,6319.4891197238,-54.8417616199,350       9P   1748
.1940337446,6319.6281247653,-54.7132884249,350.1864419685,6319.7       9P   1749
656413391,-54.5832235151,350.1790343248,6319.9016824647,-54.4516       9P   1750
163948,350.1718017880,6320.0362541662,-54.3185072953,350.1647368       9P   1751
184,6320.1693543599,-54.1839268876,350.1578324790,6320.300976587       9P   1752
0,-54.0479007197,350.1510821556,6320.4311199058,-53.9104589385,3       9P   1753
50.1444801654,6320.5597939062,-53.7716407932,350.1380170696,6320       9P   1754
.6870167422,-53.6314924950,350.1316709418,6320.8128166907,-53.49       9P   1755
00654215,350.1254678214,6320.9372282888,-53.3474155903,350.11940       9P   1756
16768,6321.0602837888,-53.2035944963,350.1134661943,6321.1820079       9P   1757
012,-53.0586450155,350.1076558405,6321.3024194967,-52.9126035156       9P   1758
,350.1019655264,6321.4215310942,-52.7654999220,350.0963906814,63       9P   1759
21.5393554593,-52.6173634114,350.0909268594,6321.6559036646,-52.       9P   1760
4682208752,350.0855700204,6321.7711792516,-52.3180925678,350.080       9P   1761
3160654,6321.8851713655,-52.1669872788,350.0751638084,6321.99785       9P   1762
15317,-52.0149012942,350.0701016043,6322.1091761969,-51.86182040       9P   1763
56,350.0651285239,6322.2190686233,-51.7077074592,350.0602686585,       9P   1764
6322.3274571996,-51.5525328927,350.0555165278,6322.4343234183,-5       9P   1765
1.3963060298,350.0508700667,6322.5397192928,-51.2390838476,350.0       9P   1766
463228685,6322.6437827038,-51.0809771815,350.0418655413,6322.746       9P   1767
7207553,-50.9221362789,350.0374859993,6322.8488193286,-50.762755       9P   1768
2038,350.0331692585,6322.9503708405,-50.6030254559,350.028900441       9P   1769
2,6323.0515787389,-50.4430779945,350.0246688431,6323.1525362086,       9P   1770
-50.2829724761,350.0204681561,6323.2532032619,-50.1226841614,350       9P   1771
.0162991761,6323.3534207209,-49.9621142598,350.0121617658,6323.4       9P   1772
529475623,-49.8011151512,350.0080578165,6323.5514865720,-49.6395       9P   1773
087056,350.0040154587,6323.6487857116,-49.4771518693,350.0000490       9P   1774
326,6323.7446659478,-49.3139525438,349.9961624760,6323.839065090       9P   1775
7,-49.1498920082,349.9923569008,6323.9320533884,-48.9850281442,3       9P   1776
49.9886276351,6324.0238251149,-48.8194846809,349.9849653547,6324       9P   1777
.1146547342,-48.6534231046,349.9813577477,6324.2048447423,-48.48       9P   1778
70137547,349.9777916620,6324.2946740318,-48.3204096658,349.97425       9P   1779
51361,6324.3843430358,-48.1537193818,349.9707394341,6324.4739283       9P   1780
438,-47.9869841889,349.9672409891,6324.5633682350,-47.8201709863       9P   1781
,349.9637608932,6324.6524783661,-47.6531811797,349.9603077955,63       9P   1782
24.7409916371,-47.4858739185,349.9568827064,6324.8286305749,-47.       9P   1783
3181065914,349.9534894010,6324.9151072070,-47.1497364686,349.950       9P   1784
1450553,6325.0001650737,-46.9806443089,349.9468715833,6325.08365       9P   1785
73522,-46.8107733110,349.9436708835,6325.1655826019,-46.64014125       9P   1786
32,349.9405431303,6325.2460937573,-46.4688380926,349.9374816043,       9P   1787
6325.3254755558,-46.2970094825,349.9344749867,6325.4040867237,-4       9P   1788
6.1248275337,349.9315092795,6325.4822589832,-45.9524461790,349.9       9P   1789
285717341,6325.5603488630,-45.7800275736,349.9256488665,6325.638       9P   1790
6769274,-45.6077169396,349.9227287468,6325.7174602153,-45.435613       9P   1791
8748,349.9198034808,6325.7967799204,-45.2637574328,349.916870302       9P   1792
4,6325.8765796861,-45.0921235583,349.9139316209,6325.9566912585,       9P   1793
-44.9206351675,349.9109936505,6326.0368868440,-44.7491860326,349       9P   1794
.9080656251,6326.1169747222,-44.5776864444,349.9051517550,6326.1       9P   1795
967609651,-44.4060463151,349.9022443429,6326.2760460241,-44.2341       9P   1796
739851,349.8993518635,6326.3546717232,-44.0619987403,349.8964928       9P   1797
841,6326.4325406037,-43.8894797199,349.8936724799,6326.509624401       9P   1798
4,-43.7166084659,349.8908912674,6326.5859563764,-43.5434040100,3       9P   1799
49.8881481335,6326.6616134027,-43.3699037901,349.8854402768,6326       9P   1800
.7366755229,-43.1961454551,349.8827648533,6326.8112036182,-43.02       9P   1801
21574659,349.8801197234,6326.8852656053,-42.8479706255,349.87750       9P   1802
25277,6326.9589271306,-42.6736141117,349.8749110191,6327.0322422       9P   1803
978,-42.4991117145,349.8723433886,6327.1052485011,-42.3244798561       9P   1804
,349.8697984330,6327.1779650857,-42.1497272147,349.8672756044,63       9P   1805
27.2503956476,-41.9748558322,349.8647748576,6327.3225333041,-41.       9P   1806
7998634113,349.8622966772,6327.3943724186,-41.6247482126,349.859       9P   1807
8408442,6327.4659115327,-41.4495101794,349.8574094159,6327.53714       9P   1808
81884,-41.2741489582,349.8549954172,6327.6080800656,-41.09866432       9P   1809
05,349.8525883284,6327.6787058027,-40.9230563163,349.8501891210,       9P   1810
6327.7490254989,-40.7473255085,349.8478073178,6327.8190407928,-4       9P   1811
0.5714731622,349.8454463369,6327.8887547335,-40.3955011305,349.8       9P   1812
431052920,6327.9581713675,-40.2194116085,349.8407843992,6328.027       9P   1813
2948483,-40.0432068063,349.8384835622,6328.0961288798,-39.866888       9P   1814
7320,349.8362027787,6328.1646772162,-39.6904593921,349.833942019       9P   1815
6,6328.2329437614,-39.5139208286,349.8317012538,6328.3009322624,       9P   1816
-39.3372750004,349.8294804514,6328.3686460154,-39.1605236727,349       9P   1817
.8272795948,6328.4360877426,-38.9836683727,349.8250986818,6328.5       9P   1818
032595644,-38.8067103843,349.8229377281,6328.5701631200,-38.6296       9P   1819
507977,349.8207967558,6328.6367997816,-38.4524905930,349.8186758       9P   1820
131,6328.7031710460,-38.2752307906,349.8165748621,6328.769278505       9P   1821
6,-38.0978724342,349.8144941515,6328.8351237351,-37.9204165531,3       9P   1822
49.8124328340,6328.9007083060,-37.7428641031,349.8103941397,6328       9P   1823
.9660337782,-37.5652161990,349.8083649056,6329.0311018451,-37.38       9P   1824
74738966,349.8063417718,6329.0959143283,-37.2096382930,349.80432       9P   1825
37568,6329.1604732064,-37.0317104423,349.8023204733,6329.2247805       9P   1826
373,-36.8536914943,349.8003349181,6329.2888384253,-36.6755826339       9P   1827
,349.7983662965,6329.3526489554,-36.4973850042,349.7964148269,63       9P   1828
29.4162141991,-36.3190997317,349.7944804537,6329.4795362337,-36.       9P   1829
1407279341,349.7925631915,6329.5426171287,-35.9622707163,349.790       9P   1830
6630336,6329.6054589547,-35.7837291735,349.7887799759,6329.66806       9P   1831
38021,-35.6051043984,349.7869140106,6329.7304337907,-35.42639748       9P   1832
35,349.7850651271,6329.7925710756,-35.2476095243,349.7832333118,       9P   1833
6329.8544778446,-35.0687416173,349.7814185485,6329.9161563110,-3       9P   1834
4.8897948581,349.7796208181,6329.9776086946,-34.7107703345,349.7       9P   1835
778401007,6330.0388372127,-34.5316691237,349.7760763718,6330.099       9P   1836
8440902,-34.3524922955,349.7743296163,6330.1606315573,-34.173240       9P   1837
9126,349.7725997764,6330.2212017966,-33.9939160087,349.770886947       9P   1838
4,6330.2815570307,-33.8145186145,349.7691906514,6330.3416996281,       9P   1839
-33.6350497672,349.7675125355,6330.4016320869,-33.4555106976,349       9P   1840
.7658359921,6330.4613571420,-33.2759025454,349.7641635266,6330.5       9P   1841
208776655,-33.0962265582,349.7624925291,6330.5801966574,-32.9164       9P   1842
839064,349.7608344990,6330.6393170662,-32.7366758205,349.7591910       9P   1843
357,6330.6982418066,-32.5568035162,349.7575616900,6330.756973808       9P   1844
1,-32.3768681872,349.7559465603,6330.8155159984,-32.1968710146,3       9P   1845
49.7543455970,6330.8738713145,-32.0168131713,349.7527587888,6330       9P   1846
.9320426938,-31.8366958204,349.7511861133,6330.9900330596,-31.65       9P   1847
65201100,349.7496275504,6331.0478453142,-31.4762871718,349.74808       9P   1848
30795,6331.1054823373,-31.2959981205,349.7465526801,6331.1629469       9P   1849
885,-31.1156540550,349.7450363317,6331.2202421151,-30.9352560609       9P   1850
,349.7435340141,6331.2773705676,-30.7548052160,349.7420457062,63       9P   1851
31.3343352029,-30.5743025914,349.7405713868,6331.3911388883,-30.       9P   1852
3937492525,349.7391110346,6331.4477844580,-30.2131462458,349.737       9P   1853
6646270,6331.5042748698,-30.0324946484,349.7362321465,6331.56061       9P   1854
41557,-29.8517958642,349.7348135167,6331.6168052889,-29.67105095       9P   1855
51,349.7334088094,6331.6728484711,-29.4902601142,349.7320177149,       9P   1856
6331.7287403552,-29.3094224119,349.7306416889,6331.7844739029,-2       9P   1857
9.1285358258,349.7292760034,6331.8400390508,-28.9475974880,349.7       9P   1858
279072251,6331.8954241384,-28.7666039579,349.7265399441,6331.950       9P   1859
6182994,-28.5855521521,349.7251715810,6332.0056110821,-28.404439       9P   1860
0378,349.7238165736,6332.0603918279,-28.2232616597,349.722475004       9P   1861
0,6332.1149500208,-28.0420171337,349.7211471979,6332.1692746485,       9P   1862
-27.8607024588,349.7198334160,6332.2233517126,-27.6793137875,349       9P   1863
.7185339994,6332.2771702340,-27.4978482332,349.7172492013,6332.3       9P   1864
307270644,-27.3163052720,349.7159790812,6332.3840291137,-27.1346       9P   1865
873468,349.7147234577,6332.4370938139,-26.9529999403,349.7134819       9P   1866
061,6332.4899470371,-26.7712509129,349.7122538154,6332.542619188       9P   1867
0,-26.5894493368,349.7110384851,6332.5951382929,-26.4076034971,3       9P   1868
49.7098352875,6332.6475313139,-26.2257212965,349.7086436353,6332       9P   1869
.6998255478,-26.0438106732,349.7074629506,6332.7520483100,-25.86       9P   1870
18795226,349.7062926721,6332.8042266194,-25.6799356200,349.70513       9P   1871
22622,6332.8563906483,-25.4979876238,349.7039811338,6332.9085693       9P   1872
771,-25.3160438427,349.7028387402,6332.9607847297,-25.1341105686       9P   1873
,349.7017047313,6333.0130487256,-24.9521912632,349.7005788982,63       9P   1874
33.0653625692,-24.7702862861,349.6994615977,6333.1177182776,-24.       9P   1875
5883933534,349.6983521620,6333.1701018967,-24.4065084156,349.697       9P   1876
2545949,6333.2225003410,-24.2246277606,349.6961554855,6333.27490       9P   1877
28630,-24.0427483132,349.6950474925,6333.3272982754,-23.86086682       9P   1878
75,349.6939337497,6333.3796754897,-23.6789801403,349.6928122289,       9P   1879
6333.4320234937,-23.4970850048,349.6917005501,6333.4843309486,-2       9P   1880
3.3151781937,349.6905977181,6333.5365857167,-23.1332562375,349.6       9P   1881
895044423,6333.5887770070,-22.9513160588,349.6884209416,6333.640       9P   1882
8966371,-22.7693553377,349.6873474949,6333.6929396407,-22.587372       9P   1883
6849,349.6862842769,6333.7449042111,-22.4053676199,349.685231403       9P   1884
0,6333.7967910186,-22.2233403708,349.6841889346,6333.8486017589,       9P   1885
-22.0412914562,349.6831569130,6333.9003371818,-21.8592211233,349       9P   1886
.6821353981,6333.9519979094,-21.6771295823,349.6811244518,6334.0       9P   1887
035845977,-21.4950170522,349.6801241352,6334.0550978958,-21.3128       9P   1888
837489,349.6791345086,6334.1065384522,-21.1307298877,349.6781556       9P   1889
322,6334.1579069262,-20.9485556858,349.6771875656,6334.209203985       9P   1890
1,-20.7663613619,349.6762303677,6334.2604302665,-20.5841471253,3       9P   1891
49.6752840972,6334.3115863597,-20.4019131712,349.6743488153,6334       9P   1892
.3626727967,-20.2196596779,349.6734245770,6334.4136900553,-20.03       9P   1893
73868078,349.6725114623,6334.4646385742,-19.8550947120,349.67160       9P   1894
94601,6334.5155187825,-19.6727835361,349.6707189002,6334.5663311       9P   1895
279,-19.4904534270,349.6698388387,6334.6170760660,-19.3081044996       9P   1896
,349.6689730802,6334.6677540199,-19.1257369861,349.6680968509,63       9P   1897
34.7183654423,-18.9433510131,349.6672114367,6334.7689107771,-18.       9P   1898
7609467349,349.6663162509,6334.8193904729,-18.5785243099,349.665       9P   1899
4143086,6334.8698050055,-18.3960838191,349.6645270691,6334.92015       9P   1900
48032,-18.2136254478,349.6636499163,6334.9704402756,-18.03114933       9P   1901
65,349.6627839740,6335.0206617987,-17.8486556149,349.6619288293,       9P   1902
6335.0708197174,-17.6661444015,349.6610844826,6335.1209143526,-1       9P   1903
7.4836158083,349.6602508251,6335.1709460191,-17.3010699453,349.6       9P   1904
594277780,6335.2209150422,-17.1185069247,349.6586152554,6335.270       9P   1905
8217471,-16.9359268586,349.6578131739,6335.3206664589,-16.753329       9P   1906
8585,349.6570214500,6335.3704495035,-16.5707160360,349.656240001       9P   1907
4,6335.4201712052,-16.3880855017,349.6554687459,6335.4698318943,       9P   1908
-16.2054383675,349.6547076021,6335.5194319191,-16.0227747499,349       9P   1909
.6539564889,6335.5689716018,-15.8400947579,349.6532153262,6335.6       9P   1910
184512103,-15.6573984855,349.6524840351,6335.6678709430,-15.4746       9P   1911
860075,349.6517625384,6335.7172309293,-15.2919573799,349.6510507       9P   1912
604,6335.7665312448,-15.1092126440,349.6503486263,6335.815771939       9P   1913
9,-14.9264518344,349.6496560639,6335.8649530837,-14.7436749905,3       9P   1914
49.6489729927,6335.9140747501,-14.5608821529,349.6482993650,6335       9P   1915
.9631370121,-14.3780733599,349.6476350122,6336.0121399456,-14.19       9P   1916
52486390,349.6469802185,6336.0610836283,-14.0124080130,349.64633       9P   1917
35796,6336.1099681109,-13.8295515962,349.6456644487,6336.1587934       9P   1918
923,-13.6466793971,349.6449796834,6336.2075598525,-13.4637914815       9P   1919
,349.6442750192,6336.2562672377,-13.2808878629,349.6435625513,63       9P   1920
36.3049156398,-13.0979685063,349.6428634204,6336.3535049581,-12.       9P   1921
9150334441,349.6421724368,6336.4020350397,-12.7320826570,349.641       9P   1922
4912879,6336.4505056915,-12.5491161160,349.6408198166,6336.49891       9P   1923
67223,-12.3661337907,349.6401583576,6336.5472679582,-12.18313565       9P   1924
61,349.6395071111,6336.5955592223,-12.0001216863,349.6388663106,       9P   1925
6336.6437903382,-11.8170918560,349.6382361783,6336.6919611303,-1       9P   1926
1.6340461400,349.6376169367,6336.7400714199,-11.4509845127,349.6       9P   1927
370088057,6336.7881210400,-11.2679069515,349.6364120032,6336.836       9P   1928
1099404,-11.0848134649,349.6358267437,6336.8840379551,-10.901704       9P   1929
0309,349.6352532411,6336.9319046216,-10.7185785501,349.634691710       9P   1930
7,6336.9797090942,-10.5354368238,349.6341423699,6337.0274501352,       9P   1931
-10.3522785519,349.6336054378,6337.0751261857,-10.1691033519,349       9P   1932
.6330811338,6337.1227355149,-9.9859107988,349.6325696753,6337.17       9P   1933
02764832,-9.8027004929,349.6320712763,6337.2177474932,-9.6194720       9P   1934
477,349.6315861414,6337.2651469340,-9.4362250749,349.6311144913,       9P   1935
6337.3124732030,-9.2529591906,349.6306564695,6337.3597246738,-9.       9P   1936
0696740062,349.6302124887,6337.4068997954,-8.8863691536,349.6297       9P   1937
819381,6337.4539967384,-8.7030441769,349.6293680086,6337.5010122       9P   1938
739,-8.5196982851,349.6289597037,6337.5479449255,-8.3363311998,3       9P   1939
49.6285190790,6337.5947970605,-8.1529435298,349.6280574581,6337.       9P   1940
6415759273,-7.9695371796,349.6275699240,6337.6882936455,-7.78611       9P   1941
52479,349.6270709168,6337.7349662576,-7.6026818153,349.626575104       9P   1942
6,6337.7816116701,-7.4192414639,349.6260802766,6337.8282464896,-       9P   1943
7.2357984189,349.6255887470,6337.8748869394,-7.0523568053,349.62       9P   1944
51016261,6337.9215493311,-6.8689207711,349.6246203551,6337.96824       9P   1945
99419,-6.6854944622,349.6241463016,6338.0150050139,-6.5020820259       9P   1946
,349.6236808747,6338.0618308390,-6.3186876391,349.6232255010,633       9P   1947
8.1087434316,-6.1353154233,349.6227816386,6338.1557840742,-5.951       9P   1948
9760048,349.6223505517,6338.2029753963,-5.7686753146,349.6219337       9P   1949
473,6338.2502816481,-5.5854042691,349.6215332818,6338.2975929179       9P   1950
,-5.4021345324,349.6211517690,6338.3447086388,-5.2188143378,349.       9P   1951
6207923294,6338.3913053449,-5.0353612111,349.6204585440,6338.437       9P   1952
0785311,-4.8517005150,349.6201531479,6338.4818840876,-4.66780127       9P   1953
92,349.6198771760,6338.5257784097,-4.4836826883,349.6196301377,6       9P   1954
338.5690316800,-4.2994129059,349.6194104928,6338.6121225862,-4.1       9P   1955
151052392,349.6192163357,6338.6555403529,-3.9308740466,349.61904       9P   1956
68444,6338.6995788456,-3.7467900207,349.6189030438,6338.74433336       9P   1957
52,-3.5628787593,349.6187872700,6338.7897216667,-3.3791230794,34       9P   1958
9.6187025846,6338.8355145682,-3.1954680051,349.6186518831,6338.8       9P   1959
814497134,-3.0118485101,349.6186380108,6338.9273604731,-2.828222       9P   1960
9077,349.6186608347,6338.9731412502,-2.6445648361,349.6186727807       9P   1961
,6339.0187353315,-2.4608603157,349.6186825078,6339.0641264320,-2       9P   1962
.2771055360,349.6186875291,6339.1093133913,-2.0933004460,349.618       9P   1963
6887363,6339.1542804647,-1.9094414362,349.6186871681,6339.199010       9P   1964
2418,-1.7255245261,349.6186827636,6339.2434894587,-1.5415469275,       9P   1965
349.6186757299,6339.2877307902,-1.3575117249,349.6186661946,6339       9P   1966
.3316881097,-1.1734094131,349.6186543163,6339.3754059074,-0.9892       9P   1967
468984,349.6186402233,6339.4183044128,-0.8049028195,349.61862425       9P   1968
06,6339.4614581110,-0.6205802381,349.6186062963,6339.5126643878,       9P   1969
-0.4383290767,349.6185823787,6339.5549604802,-0.2538029150,349.6       9P   1970
185604748,6339.5804505256,-0.0658094121,349.6185463965,6339.5586       9P   1971
128045,0.1885510797,349.6185585827,6339.4438203719,0.3566843261,       9P   1972
349.6186192334,6339.3292263669,0.4164256857,349.6186546611,0.000       9P   1973
0000000,1.0000000000,0.0,0.0,0.0;                                      9P   1974
126,399,403,1,0,1,0,0.0000000000,0.0000000000,0.0000000000,0.000      11P   1975
0000000,0.0050033379,0.0075047102,0.0100069800,0.0125109449,0.01      11P   1976
50161018,0.0175214769,0.0200272733,0.0225327115,0.0250382948,0.0      11P   1977
275436833,0.0300493443,0.0325549745,0.0350606103,0.0375662463,0.      11P   1978
0400718860,0.0425775257,0.0450831663,0.0475888075,0.0500944490,0      11P   1979
.0526000902,0.0551057301,0.0576113677,0.0601170037,0.0626226394,      11P   1980
0.0651282763,0.0676339146,0.0701395546,0.0726451961,0.0751508393      11P   1981
,0.0776564840,0.0801621304,0.0826677784,0.0851734281,0.087679079      11P   1982
4,0.0901847323,0.0926903868,0.0951960430,0.0977017008,0.10020736      11P   1983
01,0.1027130211,0.1052186836,0.1077243466,0.1102300086,0.1127356      11P   1984
684,0.1152413267,0.1177469849,0.1202526444,0.1227583055,0.125263      11P   1985
9681,0.1277696324,0.1302752983,0.1327809660,0.1352866354,0.13779      11P   1986
23066,0.1402979797,0.1428036548,0.1453093318,0.1478150109,0.1503      11P   1987
206920,0.1528263754,0.1553320609,0.1578377487,0.1603434381,0.162      11P   1988
8491275,0.1653548156,0.1678605030,0.1703661911,0.1728718812,0.17      11P   1989
53775738,0.1778832689,0.1803889663,0.1828946663,0.1854003687,0.1      11P   1990
879060737,0.1904117812,0.1929174912,0.1954232038,0.1979289189,0.      11P   1991
2004346367,0.2029403570,0.2054460799,0.2079518054,0.2104575333,0      11P   1992
.2129632622,0.2154689908,0.2179747188,0.2204804477,0.2229861790,      11P   1993
0.2254919133,0.2279976507,0.2305033913,0.2330091350,0.2355148819      11P   1994
,0.2380206320,0.2405263853,0.2430321418,0.2455379015,0.248043664      11P   1995
5,0.2505494307,0.2530552002,0.2555609730,0.2580667491,0.26057252      11P   1996
77,0.2630783076,0.2655840876,0.2680898685,0.2705956518,0.2731014      11P   1997
387,0.2756072295,0.2781130239,0.2806188218,0.2831246231,0.285630      11P   1998
4275,0.2881362349,0.2906420450,0.2931478578,0.2956536734,0.29815      11P   1999
94918,0.3006653133,0.3031711382,0.3056769669,0.3081827989,0.3106      11P   2000
886335,0.3131944699,0.3157003092,0.3182061530,0.3207120025,0.323      11P   2001
2178577,0.3257237186,0.3282295848,0.3307354562,0.3332413326,0.33      11P   2002
57472139,0.3382530999,0.3407589905,0.3432648857,0.3457707854,0.3      11P   2003
482766898,0.3507825986,0.3532885114,0.3557944267,0.3583003436,0.      11P   2004
3608062628,0.3633121860,0.3658181144,0.3683240482,0.3708299874,0      11P   2005
.3733359320,0.3758418819,0.3783478371,0.3808537977,0.3833597634,      11P   2006
0.3858657343,0.3883717104,0.3908776916,0.3933836778,0.3958896688      11P   2007
,0.3983956634,0.4009016600,0.4034076589,0.4059136616,0.408419669      11P   2008
8,0.4109256838,0.4134317038,0.4159377296,0.4184437613,0.42094979      11P   2009
86,0.4234558417,0.4259618904,0.4284679447,0.4309740045,0.4334800      11P   2010
697,0.4359861404,0.4384922159,0.4409982950,0.4435043761,0.446010      11P   2011
4597,0.4485165474,0.4510226406,0.4535287397,0.4560348447,0.45854      11P   2012
09557,0.4610470726,0.4635531956,0.4660593246,0.4685654597,0.4710      11P   2013
716010,0.4735777484,0.4760839021,0.4785900618,0.4810962265,0.483      11P   2014
6023945,0.4861085654,0.4886147402,0.4911209204,0.4936271065,0.49      11P   2015
61332989,0.4986394977,0.5011457033,0.5036519160,0.5061581361,0.5      11P   2016
086643638,0.5111705995,0.5136768434,0.5161830960,0.5186893572,0.      11P   2017
5211956258,0.5237019004,0.5262081804,0.5287144668,0.5312207606,0      11P   2018
.5337270625,0.5362333731,0.5387396931,0.5412460229,0.5437523632,      11P   2019
0.5462587147,0.5487650780,0.5512714538,0.5537778428,0.5562842458      11P   2020
,0.5587906621,0.5612970907,0.5638035306,0.5663099825,0.568816447      11P   2021
7,0.5713229271,0.5738294213,0.5763359309,0.5788424565,0.58134899      11P   2022
88,0.5838555583,0.5863621358,0.5888687320,0.5913753475,0.5938819      11P   2023
831,0.5963886380,0.5988953109,0.6014020011,0.6039087093,0.606415      11P   2024
4376,0.6089221872,0.6114289593,0.6139357547,0.6164425747,0.61894      11P   2025
94203,0.6214562927,0.6239631930,0.6264701224,0.6289770820,0.6314      11P   2026
840728,0.6339910940,0.6364981455,0.6390052305,0.6415123535,0.644      11P   2027
0195179,0.6465267228,0.6490339669,0.6515412490,0.6540485674,0.65      11P   2028
65559206,0.6590633068,0.6615707243,0.6640781710,0.6665856448,0.6      11P   2029
690931428,0.6716006633,0.6741082172,0.6766158169,0.6791234715,0.      11P   2030
6816311766,0.6841389247,0.6866467083,0.6891545194,0.6916623498,0      11P   2031
.6941701909,0.6966780342,0.6991858708,0.7016936919,0.7042014884,      11P   2032
0.7067092591,0.7092170206,0.7117247905,0.7142325785,0.7167403763      11P   2033
,0.7192481745,0.7217559636,0.7242637340,0.7267714763,0.729279181      11P   2034
2,0.7317868394,0.7342944421,0.7368019805,0.7393094473,0.74181685      11P   2035
31,0.7443242152,0.7468315498,0.7493388548,0.7518461220,0.7543533      11P   2036
432,0.7568605106,0.7593676168,0.7618746548,0.7643816182,0.766888      11P   2037
5010,0.7693952982,0.7719020050,0.7744086269,0.7769151801,0.77942      11P   2038
16801,0.7819281323,0.7844345315,0.7869408729,0.7894471522,0.7919      11P   2039
533660,0.7944595118,0.7969655882,0.7994715956,0.8019775355,0.804      11P   2040
4834101,0.8069892251,0.8094949914,0.8120007203,0.8145064206,0.81      11P   2041
70120964,0.8195177517,0.8220233910,0.8245290191,0.8270346411,0.8      11P   2042
295402627,0.8320458899,0.8345515298,0.8370571911,0.8395628831,0.      11P   2043
8420686138,0.8445743889,0.8470802133,0.8495860920,0.8520920291,0      11P   2044
.8545980285,0.8571040932,0.8596102253,0.8621164264,0.8646227001,      11P   2045
0.8671290550,0.8696354998,0.8721420418,0.8746486832,0.8771554253      11P   2046
,0.8796622669,0.8821692056,0.8846762386,0.8871833629,0.889690575      11P   2047
9,0.8921978746,0.8947052630,0.8972127509,0.8997203476,0.90222805      11P   2048
63,0.9047358794,0.9072438185,0.9097518735,0.9122600370,0.9147682      11P   2049
994,0.9172766480,0.9197850666,0.9222935549,0.9248020609,0.927310      11P   2050
6269,0.9298191434,0.9323276867,0.9348360427,0.9373442283,0.93985      11P   2051
21247,0.9423597025,0.9448667791,0.9473736000,0.9498802453,0.9523      11P   2052
869732,0.9548933984,0.9573997246,0.9599057682,0.9624117098,0.964      11P   2053
9174363,0.9674230902,0.9699286915,0.9724342875,0.9749398466,0.97      11P   2054
74454640,0.9799511179,0.9824568841,0.9849627393,0.9874686676,0.9      11P   2055
899747129,0.9924808744,0.9949871660,1.0000000000,1.0000000000,1.      11P   2056
0000000000,1.0000000000,1.0,1.0,1.0,1.0,1.0,1.0,1.0,1.0,1.0,1.0,      11P   2057
1.0,1.0,1.0,1.0,1.0,1.0,1.0,1.0,1.0,1.0,1.0,1.0,1.0,1.0,1.0,1.0,      11P   2058
1.0,1.0,1.0,1.0,1.0,1.0,1.0,1.0,1.0,1.0,1.0,1.0,1.0,1.0,1.0,1.0,      11P   2059
1.0,1.0,1.0,1.0,1.0,1.0,1.0,1.0,1.0,1.0,1.0,1.0,1.0,1.0,1.0,1.0,      11P   2060
1.0,1.0,1.0,1.0,1.0,1.0,1.0,1.0,1.0,1.0,1.0,1.0,1.0,1.0,1.0,1.0,      11P   2061
1.0,1.0,1.0,1.0,1.0,1.0,1.0,1.0,1.0,1.0,1.0,1.0,1.0,1.0,1.0,1.0,      11P   2062
1.0,1.0,1.0,1.0,1.0,1.0,1.0,1.0,1.0,1.0,1.0,1.0,1.0,1.0,1.0,1.0,      11P   2063
1.0,1.0,1.0,1.0,1.0,1.0,1.0,1.0,1.0,1.0,1.0,1.0,1.0,1.0,1.0,1.0,      11P   2064
1.0,1.0,1.0,1.0,1.0,1.0,1.0,1.0,1.0,1.0,1.0,1.0,1.0,1.0,1.0,1.0,      11P   2065
1.0,1.0,1.0,1.0,1.0,1.0,1.0,1.0,1.0,1.0,1.0,1.0,1.0,1.0,1.0,1.0,      11P   2066
1.0,1.0,1.0,1.0,1.0,1.0,1.0,1.0,1.0,1.0,1.0,1.0,1.0,1.0,1.0,1.0,      11P   2067
1.0,1.0,1.0,1.0,1.0,1.0,1.0,1.0,1.0,1.0,1.0,1.0,1.0,1.0,1.0,1.0,      11P   2068
1.0,1.0,1.0,1.0,1.0,1.0,1.0,1.0,1.0,1.0,1.0,1.0,1.0,1.0,1.0,1.0,      11P   2069
1.0,1.0,1.0,1.0,1.0,1.0,1.0,1.0,1.0,1.0,1.0,1.0,1.0,1.0,1.0,1.0,      11P   2070
1.0,1.0,1.0,1.0,1.0,1.0,1.0,1.0,1.0,1.0,1.0,1.0,1.0,1.0,1.0,1.0,      11P   2071
1.0,1.0,1.0,1.0,1.0,1.0,1.0,1.0,1.0,1.0,1.0,1.0,1.0,1.0,1.0,1.0,      11P   2072
1.0,1.0,1.0,1.0,1.0,1.0,1.0,1.0,1.0,1.0,1.0,1.0,1.0,1.0,1.0,1.0,      11P   2073
1.0,1.0,1.0,1.0,1.0,1.0,1.0,1.0,1.0,1.0,1.0,1.0,1.0,1.0,1.0,1.0,      11P   2074
1.0,1.0,1.0,1.0,1.0,1.0,1.0,1.0,1.0,1.0,1.0,1.0,1.0,1.0,1.0,1.0,      11P   2075
1.0,1.0,1.0,1.0,1.0,1.0,1.0,1.0,1.0,1.0,1.0,1.0,1.0,1.0,1.0,1.0,      11P   2076
1.0,1.0,1.0,1.0,1.0,1.0,1.0,1.0,1.0,1.0,1.0,1.0,1.0,1.0,1.0,1.0,      11P   2077
1.0,1.0,1.0,1.0,1.0,1.0,1.0,1.0,1.0,1.0,1.0,1.0,1.0,1.0,1.0,1.0,      11P   2078
1.0,1.0,1.0,1.0,1.0,1.0,1.0,1.0,1.0,1.0,1.0,1.0,1.0,1.0,1.0,1.0,      11P   2079
1.0,1.0,1.0,1.0,1.0,1.0,1.0,1.0,1.0,1.0,1.0,1.0,1.0,1.0,1.0,1.0,      11P   2080
1.0,1.0,1.0,1.0,1.0,1.0,1.0,1.0,1.0,1.0,1.0,1.0,1.0,1.0,1.0,1.0,      11P   2081
1.0,1.0,1.0,1.0,1.0,1.0,6339.3292263669,0.4164256857,349.6186546      11P   2082
611,6339.2345199995,0.4682368743,349.6186690555,6339.0642760515,      11P   2083
0.4985871343,349.6187335699,6338.8580156559,0.4186114681,349.618      11P   2084
5974555,6338.7359798789,0.3082131549,349.6187814281,6338.6452765      11P   2085
287,0.1728542995,349.6190752300,6338.5774268926,0.0252151319,349      11P   2086
.6193672513,6338.5235136460,-0.1276863605,349.6196398661,6338.46      11P   2087
67773542,-0.2795253534,349.6199662155,6338.4172377219,-0.4340389      11P   2088
284,349.6202806641,6338.3517722143,-0.5824960360,349.6207362633,      11P   2089
6338.2871503374,-0.7311215978,349.6212319078,6338.2257300053,-0.      11P   2090
8811642820,349.6217364629,6338.1599645062,-1.0293431136,349.6223      11P   2091
103054,6338.0936906785,-1.1772825845,349.6229204979,6338.0288118      11P   2092
660,-1.3258431993,349.6235437284,6337.9641986125,-1.4745166303,3      11P   2093
49.6241857093,6337.8997078164,-1.6232439758,349.6248437520,6337.      11P   2094
8353213094,-1.7720162787,349.6255137379,6337.7709766643,-1.92080      11P   2095
67363,349.6261927338,6337.7066227024,-2.0695931491,349.626875374      11P   2096
9,6337.6422078216,-2.2183531458,349.6275651128,6337.5776908268,-      11P   2097
2.3670689056,349.6282324313,6337.5130432471,-2.5157280317,349.62      11P   2098
88542121,6337.4482508711,-2.6643242448,349.6294167304,6337.38331      11P   2099
29279,-2.8128568262,349.6299930489,6337.3182388597,-2.9613297506      11P   2100
,349.6305997870,6337.2530433565,-3.1097493816,349.6312317279,633      11P   2101
7.1877380117,-3.2581207107,349.6318894872,6337.1223320471,-3.406      11P   2102
4477088,349.6325721205,6337.0568364502,-3.5547351476,349.6332790      11P   2103
633,6336.9912611300,-3.7029873466,349.6340096302,6336.9256138356      11P   2104
,-3.8512076876,349.6347631723,6336.8598992485,-3.9993982056,349.      11P   2105
6355390551,6336.7941186939,-4.1475594528,349.6363366768,6336.728      11P   2106
2703069,-4.2956905658,349.6371554706,6336.6623497609,-4.44378958      11P   2107
20,349.6379948983,6336.5963513001,-4.5918538937,349.6388544471,6      11P   2108
336.5302698500,-4.7398811866,349.6397335772,6336.4641008876,-4.8      11P   2109
878693824,349.6406318159,6336.3978392422,-5.0358161048,349.64154      11P   2110
84242,6336.3314801118,-5.1837191235,349.6424836842,6336.26501955      11P   2111
51,-5.3315765847,349.6434340336,6336.1984549324,-5.4793870824,34      11P   2112
9.6444101874,6336.1317848773,-5.6271501396,349.6453634565,6336.0      11P   2113
650094721,-5.7748657179,349.6462834039,6335.9981298803,-5.922534      11P   2114
2978,349.6471647469,6335.9311480304,-6.0701563947,349.6480661187      11P   2115
,6335.8640654622,-6.2177327147,349.6489839718,6335.7968835502,-6      11P   2116
.3652638298,349.6499194550,6335.7296039603,-6.5127504259,349.650      11P   2117
8724547,6335.6622281295,-6.6601930811,349.6518431973,6335.594757      11P   2118
0049,-6.8075921533,349.6528318252,6335.5271908642,-6.9549476955,      11P   2119
349.6538385156,6335.4595292540,-7.1022594255,349.6548634510,6335      11P   2120
.3917710331,-7.2495267434,349.6559068274,6335.3239145397,-7.3967      11P   2121
488066,349.6569688515,6335.2559578359,-7.5439246408,349.65804973      11P   2122
59,6335.1878991806,-7.6910533578,349.6591496968,6335.1197369010,      11P   2123
-7.8381340966,349.6602689386,6335.0514692758,-7.9851659692,349.6      11P   2124
614077206,6334.9830946295,-8.1321481054,349.6625661118,6334.9146      11P   2125
113572,-8.2790796578,349.6637449019,6334.8460179490,-8.425959820      11P   2126
8,349.6649421982,6334.7773130433,-8.5727877349,349.6661661239,63      11P   2127
34.7084952638,-8.7195628146,349.6673866670,6334.6395633384,-8.86      11P   2128
62844341,349.6685879762,6334.5705160313,-9.0129519474,349.669766      11P   2129
0114,6334.5013522035,-9.1595644349,349.6709643005,6334.432070602      11P   2130
2,-9.3061212578,349.6721834971,6334.3626699847,-9.4526217529,349      11P   2131
.6734232287,6334.2931490932,-9.5990652113,349.6746833965,6334.22      11P   2132
35066289,-9.7454508941,349.6759638272,6334.1537412421,-9.8917780      11P   2133
341,349.6772643671,6334.0838515315,-10.0380458350,349.6785848566      11P   2134
,6334.0138360542,-10.1842534759,349.6799251370,6333.9436933399,-      11P   2135
10.3304001184,349.6812850483,6333.8734219264,-10.4764849227,349.      11P   2136
6826644290,6333.8030203575,-10.6225070471,349.6840631160,6333.73      11P   2137
24871709,-10.7684656421,349.6854809437,6333.6618209234,-10.91435      11P   2138
98623,349.6869177489,6333.5910202011,-11.0601888713,349.68837334      11P   2139
97,6333.5200836271,-11.2059518454,349.6898476215,6333.4490098648      11P   2140
,-11.3516479706,349.6913402140,6333.3777976272,-11.4972764133,34      11P   2141
9.6928516054,6333.3064456517,-11.6428363466,349.6943791678,6333.      11P   2142
2349525775,-11.7883271663,349.6958942279,6333.1633171114,-11.933      11P   2143
7480695,349.6973957651,6333.0915380014,-12.0790981207,349.698903      11P   2144
8433,6333.0196140097,-12.2243764242,349.7004369455,6332.94754386      11P   2145
73,-12.3695822745,349.7019899678,6332.8753264148,-12.5147149145,      11P   2146
349.7035641218,6332.8029605659,-12.6597736194,349.7051589228,633      11P   2147
2.7304453048,-12.8047576907,349.7067743360,6332.6577796639,-12.9      11P   2148
496664508,349.7084102019,6332.5849627066,-13.0944992336,349.7100      11P   2149
663908,6332.5119934571,-13.2392553491,349.7117427630,6332.438870      11P   2150
8935,-13.3839340798,349.7134391796,6332.3655940447,-13.528534729      11P   2151
8,349.7151554996,6332.2921620402,-13.6730566497,349.7168915695,6      11P   2152
332.2185741470,-13.8174992564,349.7186472602,6332.1448297725,-13      11P   2153
.9618620360,349.7204223240,6332.0709284810,-14.1061445474,349.72      11P   2154
22169263,6331.9968698758,-14.2503463687,349.7240296625,6331.9226      11P   2155
538995,-14.3944671454,349.7258649613,6331.8482791883,-14.5385061      11P   2156
057,349.7277049668,6331.7737425213,-14.6824614425,349.7295401427      11P   2157
,6331.6990436148,-14.8263328150,349.7313695396,6331.6241876505,-      11P   2158
14.9701223814,349.7332237379,6331.5491866230,-15.1138362937,349.      11P   2159
7350991145,6331.4740600035,-15.2574845753,349.7369958087,6331.39      11P   2160
88340093,-15.4010808316,349.7389127026,6331.3235400937,-15.54464      11P   2161
14775,349.7408488002,6331.2482110418,-15.6881836849,349.74280296      11P   2162
39,6331.1728837928,-15.8317268382,349.7447739365,6331.0975963053      11P   2163
,-15.9752908565,349.7467603949,6331.0223757899,-16.1188899849,34      11P   2164
9.7487612709,6330.9472315168,-16.2625290312,349.7507759588,6330.      11P   2165
8721506144,-16.4062012146,349.7528044404,6330.7970974181,-16.549      11P   2166
8878758,349.7548473582,6330.7220161769,-16.6935598950,349.756905      11P   2167
8433,6330.6468378793,-16.8371811705,349.7589817885,6330.57148946      11P   2168
43,-16.9807132995,349.7610759443,6330.4958985196,-17.1241177854,      11P   2169
349.7631939728,6330.4199984306,-17.2673589805,349.7653223937,633      11P   2170
0.3437383814,-17.4104090105,349.7674556889,6330.2670889232,-17.5      11P   2171
532509250,349.7695948169,6330.1900440730,-17.6958798015,349.7717      11P   2172
656763,6330.1126193815,-17.8383027834,349.7739640272,6330.034847      11P   2173
1530,-17.9805362371,349.7761898922,6329.9567683098,-18.122601570      11P   2174
0,349.7784417301,6329.8784215998,-18.2645193277,349.7807183617,6      11P   2175
329.7998406746,-18.4063075121,349.7830186263,6329.7210562520,-18      11P   2176
.5479827098,349.7853414402,6329.6420924204,-18.6895579826,349.78      11P   2177
76858796,6329.5629659365,-18.8310424098,349.7900512193,6329.4836      11P   2178
860272,-18.9724409230,349.7924369390,6329.4042555790,-19.1137549      11P   2179
274,349.7948427172,6329.3246731034,-19.2549833739,349.7972682970      11P   2180
,6329.2449365712,-19.3961248957,349.7997136724,6329.1650462994,-      11P   2181
19.5371794471,349.8021778793,6329.0850026971,-19.6781469470,349.      11P   2182
8046632432,6329.0048059857,-19.8190274004,349.8071597877,6328.92      11P   2183
44563399,-19.9598208310,349.8096571523,6328.8439539325,-20.10052      11P   2184
71327,349.8121563712,6328.7632990370,-20.2411459164,349.81468090      11P   2185
22,6328.6824916949,-20.3816771210,349.8172272417,6328.6015319773      11P   2186
,-20.5221205904,349.8197959777,6328.5204199721,-20.6624761631,34      11P   2187
9.8223865958,6328.4391557816,-20.8027436768,349.8249988711,6328.      11P   2188
3577395225,-20.9429229790,349.8276324954,6328.2761713332,-21.083      11P   2189
0139296,349.8302871765,6328.1944513751,-21.2230164022,349.832962      11P   2190
6116,6328.1125798307,-21.3629302830,349.8356584945,6328.03055690      11P   2191
03,-21.5027554690,349.8383745135,6327.9483827859,-21.6424918587,      11P   2192
349.8411103539,6327.8660576618,-21.7821393348,349.8438656918,632      11P   2193
7.7835817217,-21.9216977858,349.8466402209,6327.7009552184,-22.0      11P   2194
611671070,349.8494335431,6327.6181784854,-22.2005472031,349.8522      11P   2195
455728,6327.5352517778,-22.3398382694,349.8550600489,6327.452175      11P   2196
5060,-22.4790403923,349.8578743663,6327.3689502908,-22.618153418      11P   2197
7,349.8607077253,6327.2855766552,-22.7571774562,349.8635640274,6      11P   2198
327.2020551100,-22.8961126756,349.8664418234,6327.1183861481,-23      11P   2199
.0349591665,349.8693410929,6327.0345701922,-23.1737169728,349.87      11P   2200
22614298,6326.9506075622,-23.3123860751,349.8752025300,6326.8664      11P   2201
984655,-23.4509663876,349.8781640615,6326.7822430022,-23.5894577      11P   2202
591,349.8811456996,6326.6978411980,-23.7278599937,349.8841471150      11P   2203
,6326.6132930048,-23.8661728495,349.8871679819,6326.5285983748,-      11P   2204
24.0043960845,349.8902079532,6326.4437573361,-24.1425295014,349.      11P   2205
8932667394,6326.3587700232,-24.2805729635,349.8963438021,6326.27      11P   2206
36367360,-24.4185263811,349.8994394921,6326.1883579021,-24.55638      11P   2207
97876,349.9025507938,6326.1029339549,-24.6941635068,349.90566305      11P   2208
68,6326.0173655365,-24.8318477366,349.9087765216,6325.9316535037      11P   2209
,-24.9694424539,349.9119103405,6325.8457984587,-25.1069479363,34      11P   2210
9.9150633604,6325.7598010022,-25.2443643900,349.9182358998,6325.      11P   2211
6736617104,-25.3816919792,349.9214278834,6325.5873811148,-25.518      11P   2212
9308333,349.9246393420,6325.5009596988,-25.6560810541,349.927870      11P   2213
2799,6325.4143979051,-25.7931427193,349.9311207091,6325.32769614      11P   2214
83,-25.9301158901,349.9343906413,6325.2408548350,-26.0670006241,      11P   2215
349.9376800848,6325.1538743921,-26.2037969931,349.9409890602,632      11P   2216
5.0667552530,-26.3405050755,349.9443175358,6324.9794978680,-26.4      11P   2217
771249536,349.9476656701,6324.8921027057,-26.6136567079,349.9510      11P   2218
329070,6324.8045702993,-26.7501003566,349.9544213486,6324.716900      11P   2219
9808,-26.8864562261,349.9578151885,6324.6290952828,-27.022724491      11P   2220
0,349.9612124473,6324.5411538718,-27.1589051608,349.9646242259,6      11P   2221
324.4530771955,-27.2949983213,349.9680540992,6324.3648654798,-27      11P   2222
.4310039869,349.9715019778,6324.2765187398,-27.5669219814,349.97      11P   2223
49687721,6324.1880367486,-27.7027519679,349.9784551437,6324.0994      11P   2224
190733,-27.8384934716,349.9819618396,6324.0106651099,-27.9741459      11P   2225
040,349.9854896008,6323.9217741275,-28.1097085901,349.9890391854      11P   2226
,6323.8327455506,-28.2451809537,349.9926113495,6323.7435789982,-      11P   2227
28.3805625433,349.9962068521,6323.6542743405,-28.5158530719,349.      11P   2228
9998264352,6323.5648317378,-28.6510524344,350.0034708841,6323.47      11P   2229
52516354,-28.7861606792,350.0071407981,6323.3855347158,-28.92117      11P   2230
79509,350.0108374448,6323.2956816500,-29.0561048522,350.01454471      11P   2231
41,6323.2056932493,-29.1909416369,350.0182648975,6323.1155701419      11P   2232
,-29.3256883787,350.0220047117,6323.0253126573,-29.4603451276,35      11P   2233
0.0257656705,6322.9349208483,-29.5949117432,350.0295491710,6322.      11P   2234
8443945010,-29.7293878895,350.0333566715,6322.7537331705,-29.863      11P   2235
7730711,350.0371896425,6322.6629362775,-29.9980666990,350.041049      11P   2236
5753,6322.5720032565,-30.1322681904,350.0449379747,6322.48093358      11P   2237
79,-30.2663769915,350.0488563507,6322.3897266870,-30.4003925003,      11P   2238
350.0528062510,6322.2983818880,-30.5343140594,350.0567891606,632      11P   2239
2.2068984463,-30.6681409438,350.0608068792,6322.1152755454,-30.8      11P   2240
018723771,350.0648601121,6322.0235123882,-30.9355074130,350.0689      11P   2241
537274,6321.9316079262,-31.0690453945,350.0730760332,6321.839561      11P   2242
2492,-31.2024855658,350.0772227126,6321.7473716227,-31.335827018      11P   2243
2,350.0814001961,6321.6550383168,-31.4690689654,350.0856123255,6      11P   2244
321.5625606183,-31.6022107335,350.0898595163,6321.4699379068,-31      11P   2245
.7352516613,350.0941431106,6321.3771695903,-31.8681911027,350.09      11P   2246
84642126,6321.2842550609,-32.0010283950,350.1028240037,6321.1911      11P   2247
937384,-32.1337628917,350.1072236578,6321.0979851467,-32.2663940      11P   2248
161,350.1116643540,6321.0046289574,-32.3989212920,350.1161472937      11P   2249
,6320.9111250070,-32.5313443601,350.1206736044,6320.8174732724,-      11P   2250
32.6636629481,350.1252447028,6320.7236738929,-32.7958769003,350.      11P   2251
1298609404,6320.6297272893,-32.9279860631,350.1345266472,6320.53      11P   2252
56334907,-33.0599905249,350.1392303276,6320.4413923007,-33.19189      11P   2253
00306,350.1439671128,6320.3470033205,-33.3236838119,350.14874472      11P   2254
32,6320.2524656275,-33.4553708987,350.1535673980,6320.1577778658      11P   2255
,-33.5869501205,350.1584361566,6320.0629383036,-33.7184199720,35      11P   2256
0.1633529274,6319.9679448351,-33.8497786652,350.1683194419,6319.      11P   2257
8727956424,-33.9810246064,350.1733374974,6319.7774894630,-34.112      11P   2258
1565957,350.1784088634,6319.6820256465,-34.2431738716,350.183535      11P   2259
2972,6319.5864042587,-34.3740761912,350.1887185372,6319.49062600      11P   2260
34,-34.5048637794,350.1939602834,6319.3946921776,-34.6355372885,      11P   2261
350.1992622882,6319.2986044743,-34.7660976285,350.2046260254,631      11P   2262
9.2023643258,-34.8965454409,350.2100539992,6319.1059723961,-35.0      11P   2263
268814985,350.2155337011,6319.0094292060,-35.1571060123,350.2210      11P   2264
673041,6318.9127353564,-35.2872181054,350.2266856152,6318.815890      11P   2265
3641,-35.4172176360,350.2323804251,6318.7188933833,-35.547103773      11P   2266
7,350.2381498350,6318.6217433103,-35.6768754409,350.2439902372,6      11P   2267
318.5244395957,-35.8065319385,350.2498984130,6318.4269824833,-35      11P   2268
.9360731653,350.2558709404,6318.3293731243,-36.0654997042,350.26      11P   2269
19043386,6318.2316136667,-36.1948128979,350.2679950219,6318.1337      11P   2270
070845,-36.3240147262,350.2741393052,6318.0356573707,-36.4531079      11P   2271
564,350.2803334445,6317.9374686884,-36.5820954877,350.2865734778      11P   2272
,6317.8391442923,-36.7109795330,350.2928560908,6317.7406861763,-      11P   2273
36.8397619245,350.2991734685,6317.6420948500,-36.9684441643,350.      11P   2274
3055106164,6317.5433721722,-37.0970237145,350.3119604649,6317.44      11P   2275
45164512,-37.2255005249,350.3185011010,6317.3455253608,-37.35387      11P   2276
29500,350.3251228802,6317.2463970349,-37.4821394160,350.33181272      11P   2277
78,6317.1471309948,-37.6102993099,350.3385582575,6317.0477280962      11P   2278
,-37.7383530630,350.3453466492,6316.9481907605,-37.8663023266,35      11P   2279
0.3521649279,6316.8485228130,-37.9941498589,350.3589999102,6316.      11P   2280
7487295812,-38.1218996142,350.3658381653,6316.6488172811,-38.249      11P   2281
5562593,350.3726662728,6316.5487912580,-38.3771238286,350.379470      11P   2282
1486,6316.4486554117,-38.5046053138,350.3862380903,6316.34841179      11P   2283
80,-38.6320034949,350.3929482384,6316.2480614921,-38.7593194488,      11P   2284
350.3996101726,6316.1476068583,-38.8865500782,350.4063386952,631      11P   2285
6.0470453064,-39.0136959647,350.4130907747,6315.9463753518,-39.1      11P   2286
407559220,350.4198597074,6315.8455964966,-39.2677295369,350.4266      11P   2287
288512,6315.7447092453,-39.3946170330,350.4333840211,6315.643715      11P   2288
0199,-39.5214194040,350.4401101779,6315.5426161464,-39.648138360      11P   2289
6,350.4467923069,6315.4414159925,-39.7747764573,350.4534152332,6      11P   2290
315.3401187163,-39.9013369036,350.4599634946,6315.2387278757,-40      11P   2291
.0278224083,350.4664222238,6315.1372456779,-40.1542347358,350.47      11P   2292
27742084,6315.0356730152,-40.2805746896,350.4790110554,6314.9340      11P   2293
081629,-40.4068434481,350.4850863936,6314.8322518892,-40.5330365      11P   2294
195,350.4911271607,6314.7304009504,-40.6591520014,350.4971346075      11P   2295
,6314.6284516935,-40.7851878919,350.5030892086,6314.5264016877,-      11P   2296
40.9111422254,350.5089768206,6314.4242492492,-41.0370135214,350.      11P   2297
5147816726,6314.3219933131,-41.1628007770,350.5204882623,6314.21      11P   2298
96333696,-41.2885034417,350.5260808422,6314.1171698434,-41.41412      11P   2299
17235,350.5315435844,6314.0146038206,-41.5396563789,350.53686038      11P   2300
86,6313.9119355686,-41.6651074769,350.5420156304,6313.8091637879      11P   2301
,-41.7904738606,350.5469917280,6313.7062853969,-41.9157528952,35      11P   2302
0.5517783168,6313.6032948417,-42.0409415210,350.5563344083,6313.      11P   2303
5001859808,-42.1660328132,350.5607252529,6313.3969462369,-42.291      11P   2304
0141690,350.5650355188,6313.2935642896,-42.4158778441,350.569221      11P   2305
8120,6313.1900401327,-42.5406236113,350.5732742329,6313.08638745      11P   2306
53,-42.6652626529,350.5771730917,6312.9826360093,-42.7898195240,      11P   2307
350.5809005446,6312.8788281543,-42.9143294382,350.5844377686,631      11P   2308
2.7750330092,-43.0388500399,350.5877655459,6312.6713272746,-43.1      11P   2309
634452517,350.5908649616,6312.5677620261,-43.2881573861,350.5937      11P   2310
186447,6312.4643474018,-43.4129945062,350.5963105237,6312.361047      11P   2311
3579,-43.5379264748,350.5986268605,6312.2577801733,-43.662886149      11P   2312
7,350.6006314096,6312.1544127299,-43.7877633433,350.6023318052,6      11P   2313
312.0507774081,-43.9124176922,350.6038437929,6311.9467273298,-44      11P   2314
.0367261986,350.6051395089,6311.8421696085,-44.1606081646,350.60      11P   2315
62207575,6311.7370585948,-44.2840211111,350.6070796826,6311.6313      11P   2316
952789,-44.4069614965,350.6077099359,6311.5252234668,-44.5294629      11P   2317
034,350.6081043845,6311.4186181918,-44.6515871560,350.6082562026      11P   2318
,6311.3116543794,-44.7733974342,350.6081596895,6311.2043799750,-      11P   2319
44.8949342623,350.6078076289,6311.0968235005,-45.0162216511,350.      11P   2320
6072006529,6310.9889978033,-45.1372699157,350.6063110893,6310.88      11P   2321
08995300,-45.2580746640,350.6050971547,6310.7725127338,-45.37862      11P   2322
03491,350.6035697298,6310.6638178015,-45.4988883722,350.60177117      11P   2323
98,6310.5548028906,-45.6188664131,350.5997029374,6310.4454623434      11P   2324
,-45.7385477284,350.5973750716,6310.3357944262,-45.8579290858,35      11P   2325
0.5947956156,6310.2258002439,-45.9770098521,350.5919734910,6310.      11P   2326
1154804789,-46.0957889962,350.5889175212,6310.0048405987,-46.214      11P   2327
2699594,350.5856373645,6309.8938925689,-46.3324623820,350.582141      11P   2328
4199,6309.7826572597,-46.4503849168,350.5784449683,6309.67116680      11P   2329
58,-46.5680667538,350.5745404791,6309.5594639482,-46.6855459612,      11P   2330
350.5703745927,6309.4475982941,-46.8028702356,350.5659784968,630      11P   2331
9.3356328392,-46.9200990833,350.5613479428,6309.2236237089,-47.0      11P   2332
372859297,350.5564902957,6309.1116098595,-47.1544682115,350.5514      11P   2333
220873,6308.9996095148,-47.2716633792,350.5461565910,6308.887615      11P   2334
9792,-47.3888650561,350.5407067316,6308.7755982480,-47.506043607      11P   2335
2,350.5350836373,6308.6635057400,-47.6231506957,350.5292984834,6      11P   2336
308.5512702389,-47.7401208417,350.5233567695,6308.4388289968,-47      11P   2337
.8568946145,350.5172807336,6308.3261387587,-47.9734279222,350.51      11P   2338
10304344,6308.2131704742,-48.0896906314,350.5045832851,6308.0999      11P   2339
122000,-48.2056709898,350.4979590941,6307.9863685610,-48.3213727      11P   2340
075,350.4911688061,6307.8725588678,-48.4368116925,350.4841854914      11P   2341
,6307.7584919596,-48.5519962732,350.4770299086,6307.6441814452,-      11P   2342
48.6669389010,350.4697153067,6307.5296566200,-48.7816677192,350.      11P   2343
4622583841,6307.4150116423,-48.8962761663,350.4546798397,6307.30      11P   2344
02892923,-49.0108073402,350.4469977869,6307.1859448273,-49.12571      11P   2345
68909,350.4392573773,6307.0711222328,-49.2401466895,350.43142023      11P   2346
82,6306.9571141083,-49.3553869938,350.4235188360,6306.8449474469      11P   2347
,-49.4724411077,350.4156510309,6306.7345395737,-49.5911010863,35      11P   2348
0.4078246937,6306.6246722335,-49.7104099607,350.3999736459,6306.      11P   2349
5248172453,-49.8382468682,350.3927679389,6306.4274303154,-49.967      11P   2350
8352913,350.3856767227,6306.3361512297,-50.1018748692,350.378978      11P   2351
9145,6306.2527244835,-50.2410069494,350.3728184411,6306.18037535      11P   2352
41,-50.3862122606,350.3674493463,6306.1154613752,-50.5347759114,      11P   2353
350.3626137498,6306.0528966195,-50.6843194208,350.3579382314,630      11P   2354
5.9928019390,-50.8348940532,350.3534346491,6305.9399200000,-50.9      11P   2355
882371135,350.3494624952,6305.8968574755,-51.1445885365,350.3462      11P   2356
226050,6305.8600833704,-51.3025446810,350.3434524551,6305.833900      11P   2357
2981,-51.4626262490,350.3414783624,6305.8153082743,-51.623708058      11P   2358
6,350.3400758853,6305.8044126232,-51.7855222776,350.3392531809,6      11P   2359
305.8019322578,-51.9476647864,350.3390658380,6305.8059318057,-52      11P   2360
.1097684175,350.3393679154,6305.8179869648,-52.2715079325,350.34      11P   2361
02780444,6305.8384895855,-52.4323527318,350.3418244474,6305.8629      11P   2362
027545,-52.5926186395,350.3436648151,6305.8923827749,-52.7520762      11P   2363
199,350.3458855426,6305.9290381800,-52.9100101445,350.3486439441      11P   2364
,6305.9691432643,-53.0671172268,350.3516580951,6306.0169745151,-      11P   2365
53.2220539539,350.3552470398,6306.0853800145,-53.4270847815,350.      11P   2366
3603687970,6306.1399757546,-53.5797576880,350.3644421471,6306.17      11P   2367
99984604,-53.6801611528,350.3674181116,0.0000000000,1.0000000000      11P   2368
,0.0,0.0,0.0;                                                         11P   2369
126,399,403,1,0,1,0,0.0000000000,0.0000000000,0.0000000000,0.000      13P   2370
0000000,0.0049925070,0.0074895813,0.0099873452,0.0124857993,0.01      13P   2371
49849057,0.0174846578,0.0199851244,0.0224864141,0.0249886668,0.0      13P   2372
274920619,0.0299967758,0.0325029513,0.0350106982,0.0375201126,0.      13P   2373
0400311920,0.0425439139,0.0450582244,0.0475742048,0.0500920143,0      13P   2374
.0526118658,0.0551338815,0.0576580951,0.0601845414,0.0627133561,      13P   2375
0.0652446922,0.0677786472,0.0703152392,0.0728544873,0.0753964664      13P   2376
,0.0779413391,0.0804893371,0.0830406838,0.0855955515,0.088153949      13P   2377
6,0.0907157703,0.0932808007,0.0958488325,0.0984196417,0.10099324      13P   2378
36,0.1035699878,0.1061500871,0.1087333525,0.1113190976,0.1139066      13P   2379
119,0.1164951834,0.1190845045,0.1216748478,0.1242664960,0.126859      13P   2380
3578,0.1294527825,0.1320460875,0.1346385978,0.1372299132,0.13982      13P   2381
02188,0.1424097379,0.1449985088,0.1475861297,0.1501722695,0.1527      13P   2382
566075,0.1553387590,0.1579186527,0.1604962835,0.1630717112,0.165      13P   2383
6447925,0.1682155470,0.1707840516,0.1733502288,0.1759137653,0.17      13P   2384
84745501,0.1810325957,0.1835880173,0.1861408389,0.1886910246,0.1      13P   2385
912385476,0.1937834356,0.1963259116,0.1988663820,0.2014053411,0.      13P   2386
2039428865,0.2064787743,0.2090125114,0.2115440788,0.2140738144,0      13P   2387
.2166021829,0.2191295045,0.2216556017,0.2241802307,0.2267031498,      13P   2388
0.2292244307,0.2317442593,0.2342628065,0.2367802180,0.2392964670      13P   2389
,0.2418116566,0.2443260570,0.2468398423,0.2493530055,0.251865395      13P   2390
9,0.2543769804,0.2568876570,0.2593974304,0.2619063957,0.26441476      13P   2391
74,0.2669227325,0.2694303680,0.2719376062,0.2744442769,0.2769502      13P   2392
762,0.2794556565,0.2819606035,0.2844653635,0.2869700023,0.289474      13P   2393
3063,0.2919779378,0.2944807097,0.2969826815,0.2994840578,0.30198      13P   2394
50832,0.3044858626,0.3069863968,0.3094866586,0.3119867260,0.3144      13P   2395
867036,0.3169866578,0.3194865659,0.3219863079,0.3244857491,0.326      13P   2396
9848315,0.3294836108,0.3319821950,0.3344806686,0.3369790286,0.33      13P   2397
94771817,0.3419750262,0.3444725465,0.3469698370,0.3494670424,0.3      13P   2398
519642760,0.3544615447,0.3569587447,0.3594557477,0.3619525057,0.      13P   2399
3644490809,0.3669455806,0.3694420910,0.3719386311,0.3744351445,0      13P   2400
.3769315440,0.3794277667,0.3819237976,0.3844196482,0.3869153434,      13P   2401
0.3894109259,0.3919064520,0.3944019719,0.3968975082,0.3993930445      13P   2402
,0.4018885334,0.4043839210,0.4068791714,0.4093742769,0.411869251      13P   2403
0,0.4143641135,0.4168588805,0.4193535610,0.4218481624,0.42434269      13P   2404
14,0.4268371542,0.4293315575,0.4318259112,0.4343202313,0.4368145      13P   2405
390,0.4393088537,0.4418031852,0.4442975279,0.4467918603,0.449286      13P   2406
1503,0.4517803649,0.4542744777,0.4567684758,0.4592623601,0.46175      13P   2407
61461,0.4642498555,0.4667435092,0.4692371194,0.4717306911,0.4742      13P   2408
242245,0.4767177183,0.4792111717,0.4817045848,0.4841979583,0.486      13P   2409
6912937,0.4891845930,0.4916778587,0.4941710930,0.4966642980,0.49      13P   2410
91574750,0.5016506242,0.5041437450,0.5066368360,0.5091298955,0.5      13P   2411
116229217,0.5141159131,0.5166088690,0.5191017919,0.5215946852,0.      13P   2412
5240875522,0.5265803942,0.5290732121,0.5315660070,0.5340587796,0      13P   2413
.5365515304,0.5390442598,0.5415369676,0.5440296537,0.5465223178,      13P   2414
0.5490149596,0.5515075791,0.5540001761,0.5564927504,0.5589853020      13P   2415
,0.5614778307,0.5639703365,0.5664628193,0.5689552791,0.571447715      13P   2416
9,0.5739401297,0.5764325206,0.5789248892,0.5814172382,0.58390957      13P   2417
00,0.5864018865,0.5888941874,0.5913864725,0.5938787413,0.5963709      13P   2418
936,0.5988632287,0.6013554470,0.6038476505,0.6063398435,0.608832      13P   2419
0302,0.6113242136,0.6138163932,0.6163085648,0.6188007221,0.62129      13P   2420
28594,0.6237849739,0.6262770658,0.6287691371,0.6312611911,0.6337      13P   2421
532312,0.6362452598,0.6387372783,0.6412292875,0.6437212871,0.646      13P   2422
2132773,0.6487052597,0.6511972358,0.6536892067,0.6561811717,0.65      13P   2423
86731303,0.6611650815,0.6636570248,0.6661489597,0.6686408858,0.6      13P   2424
711328032,0.6736247118,0.6761166119,0.6786085038,0.6811003879,0.      13P   2425
6835922642,0.6860841328,0.6885759935,0.6910678461,0.6935596902,0      13P   2426
.6960515255,0.6985433517,0.7010351686,0.7035269760,0.7060187735,      13P   2427
0.7085105611,0.7110023386,0.7134941059,0.7159858633,0.7184776124      13P   2428
,0.7209693551,0.7234610930,0.7259528258,0.7284445531,0.730936274      13P   2429
7,0.7334279904,0.7359197001,0.7384114040,0.7409031021,0.74339479      13P   2430
46,0.7458864816,0.7483781631,0.7508698392,0.7533615100,0.7558531      13P   2431
756,0.7583448360,0.7608364914,0.7633281417,0.7658197870,0.768311      13P   2432
4274,0.7708030628,0.7732946932,0.7757863185,0.7782779386,0.78076      13P   2433
95535,0.7832611631,0.7857527673,0.7882443661,0.7907359597,0.7932      13P   2434
275494,0.7957191367,0.7982107227,0.8007023076,0.8031938908,0.805      13P   2435
6854720,0.8081770509,0.8106686274,0.8131602011,0.8156517720,0.81      13P   2436
81433399,0.8206349050,0.8231264670,0.8256180260,0.8281095821,0.8      13P   2437
306011352,0.8330926853,0.8355842325,0.8380757767,0.8405673180,0.      13P   2438
8430588563,0.8455503917,0.8480419242,0.8505334538,0.8530249805,0      13P   2439
.8555165044,0.8580080254,0.8604995435,0.8629910587,0.8654825710,      13P   2440
0.8679740805,0.8704655876,0.8729570935,0.8754485992,0.8779401052      13P   2441
,0.8804316112,0.8829231171,0.8854146228,0.8879061281,0.890397633      13P   2442
0,0.8928891375,0.8953806414,0.8978721446,0.9003636469,0.90285514      13P   2443
83,0.9053466485,0.9078381476,0.9103296453,0.9128211417,0.9153126      13P   2444
367,0.9178041303,0.9202956227,0.9227871137,0.9252786033,0.927770      13P   2445
0916,0.9302615785,0.9327530643,0.9352445491,0.9377360323,0.94022      13P   2446
75127,0.9427189905,0.9452104680,0.9477019463,0.9501934245,0.9526      13P   2447
849015,0.9551763788,0.9576678537,0.9601593271,0.9626508004,0.965      13P   2448
1422771,0.9676337560,0.9701252320,0.9726167061,0.9751081811,0.97      13P   2449
75996592,0.9800911359,0.9825826179,0.9850740935,0.9875655745,0.9      13P   2450
900566982,0.9925466454,0.9950337159,1.0000000000,1.0000000000,1.      13P   2451
0000000000,1.0000000000,1.0,1.0,1.0,1.0,1.0,1.0,1.0,1.0,1.0,1.0,      13P   2452
1.0,1.0,1.0,1.0,1.0,1.0,1.0,1.0,1.0,1.0,1.0,1.0,1.0,1.0,1.0,1.0,      13P   2453
1.0,1.0,1.0,1.0,1.0,1.0,1.0,1.0,1.0,1.0,1.0,1.0,1.0,1.0,1.0,1.0,      13P   2454
1.0,1.0,1.0,1.0,1.0,1.0,1.0,1.0,1.0,1.0,1.0,1.0,1.0,1.0,1.0,1.0,      13P   2455
1.0,1.0,1.0,1.0,1.0,1.0,1.0,1.0,1.0,1.0,1.0,1.0,1.0,1.0,1.0,1.0,      13P   2456
1.0,1.0,1.0,1.0,1.0,1.0,1.0,1.0,1.0,1.0,1.0,1.0,1.0,1.0,1.0,1.0,      13P   2457
1.0,1.0,1.0,1.0,1.0,1.0,1.0,1.0,1.0,1.0,1.0,1.0,1.0,1.0,1.0,1.0,      13P   2458
1.0,1.0,1.0,1.0,1.0,1.0,1.0,1.0,1.0,1.0,1.0,1.0,1.0,1.0,1.0,1.0,      13P   2459
1.0,1.0,1.0,1.0,1.0,1.0,1.0,1.0,1.0,1.0,1.0,1.0,1.0,1.0,1.0,1.0,      13P   2460
1.0,1.0,1.0,1.0,1.0,1.0,1.0,1.0,1.0,1.0,1.0,1.0,1.0,1.0,1.0,1.0,      13P   2461
1.0,1.0,1.0,1.0,1.0,1.0,1.0,1.0,1.0,1.0,1.0,1.0,1.0,1.0,1.0,1.0,      13P   2462
1.0,1.0,1.0,1.0,1.0,1.0,1.0,1.0,1.0,1.0,1.0,1.0,1.0,1.0,1.0,1.0,      13P   2463
1.0,1.0,1.0,1.0,1.0,1.0,1.0,1.0,1.0,1.0,1.0,1.0,1.0,1.0,1.0,1.0,      13P   2464
1.0,1.0,1.0,1.0,1.0,1.0,1.0,1.0,1.0,1.0,1.0,1.0,1.0,1.0,1.0,1.0,      13P   2465
1.0,1.0,1.0,1.0,1.0,1.0,1.0,1.0,1.0,1.0,1.0,1.0,1.0,1.0,1.0,1.0,      13P   2466
1.0,1.0,1.0,1.0,1.0,1.0,1.0,1.0,1.0,1.0,1.0,1.0,1.0,1.0,1.0,1.0,      13P   2467
1.0,1.0,1.0,1.0,1.0,1.0,1.0,1.0,1.0,1.0,1.0,1.0,1.0,1.0,1.0,1.0,      13P   2468
1.0,1.0,1.0,1.0,1.0,1.0,1.0,1.0,1.0,1.0,1.0,1.0,1.0,1.0,1.0,1.0,      13P   2469
1.0,1.0,1.0,1.0,1.0,1.0,1.0,1.0,1.0,1.0,1.0,1.0,1.0,1.0,1.0,1.0,      13P   2470
1.0,1.0,1.0,1.0,1.0,1.0,1.0,1.0,1.0,1.0,1.0,1.0,1.0,1.0,1.0,1.0,      13P   2471
1.0,1.0,1.0,1.0,1.0,1.0,1.0,1.0,1.0,1.0,1.0,1.0,1.0,1.0,1.0,1.0,      13P   2472
1.0,1.0,1.0,1.0,1.0,1.0,1.0,1.0,1.0,1.0,1.0,1.0,1.0,1.0,1.0,1.0,      13P   2473
1.0,1.0,1.0,1.0,1.0,1.0,1.0,1.0,1.0,1.0,1.0,1.0,1.0,1.0,1.0,1.0,      13P   2474
1.0,1.0,1.0,1.0,1.0,1.0,1.0,1.0,1.0,1.0,1.0,1.0,1.0,1.0,1.0,1.0,      13P   2475
1.0,1.0,1.0,1.0,1.0,1.0,1.0,1.0,1.0,1.0,1.0,1.0,1.0,1.0,1.0,1.0,      13P   2476
1.0,1.0,1.0,1.0,1.0,1.0,6306.1221300669,-57.1997408953,372.54889      13P   2477
42582,6306.1718761993,-57.3215507628,372.5412667457,6306.2504193      13P   2478
476,-57.5026595894,372.5291757830,6306.3638642615,-57.7400422737      13P   2479
,372.5115756048,6306.4539908669,-57.9156055510,372.4975155343,63      13P   2480
06.5490765785,-58.0885042276,372.4825932688,6306.6466772344,-58.      13P   2481
2600027448,372.4671708434,6306.7478024339,-58.4294629556,372.451      13P   2482
1039227,6306.8529977269,-58.5964225190,372.4343151654,6306.96191      13P   2483
32254,-58.7609896801,372.4168347892,6307.0753947012,-58.92245702      13P   2484
88,372.3985074827,6307.1940749533,-59.0801499465,372.3792020128,      13P   2485
6307.3183331081,-59.2334904653,372.3588339087,6307.4482611664,-5      13P   2486
9.3820567871,372.3373489456,6307.5836713237,-59.5256374702,372.3      13P   2487
147350634,6307.7242311178,-59.6641846875,372.2909999535,6307.869      13P   2488
8538802,-59.7973647444,372.2661065766,6308.0189503491,-59.926635      13P   2489
4531,372.2402684557,6308.1714449745,-60.0518905512,372.213468395      13P   2490
1,6308.3273702064,-60.1728686923,372.1857632439,6308.4869638975,      13P   2491
-60.2889867223,372.1570363049,6308.6507164154,-60.3991662591,372      13P   2492
.1271705585,6308.8184719059,-60.5031204630,372.0961365649,6308.9      13P   2493
895095568,-60.6015528008,372.0640076035,6309.1631275719,-60.6953      13P   2494
812812,372.0308573769,6309.3394959881,-60.7839564820,371.9965993      13P   2495
988,6309.5187083233,-60.8666078482,371.9611357014,6309.700585647      13P   2496
2,-60.9432053053,371.9245218076,6309.8847691306,-61.0140653913,3      13P   2497
71.8867790311,6310.0709468671,-61.0795009462,371.8479432920,6310      13P   2498
.2587787686,-61.1400403552,371.8080284138,6310.4482335073,-61.19      13P   2499
53435055,371.7669927005,6310.6395154182,-61.2440119444,371.72473      13P   2500
01684,6310.8326051610,-61.2848822657,371.6812110497,6311.0268920      13P   2501
032,-61.3195068522,371.6364236453,6311.2220808997,-61.3484658870      13P   2502
,371.5903199893,6311.4179672661,-61.3722402309,371.5430604084,63      13P   2503
11.6144012576,-61.3909445460,371.4947166586,6311.8112515829,-61.      13P   2504
4045910372,371.4453856518,6312.0083952593,-61.4130555833,371.395      13P   2505
1358675,6312.2057328728,-61.4163369452,371.3441242894,6312.40310      13P   2506
23313,-61.4148241725,371.2921866123,6312.6002999233,-61.40854359      13P   2507
08,371.2389639128,6312.7972775867,-61.3973992038,371.1848165794,      13P   2508
6312.9939097264,-61.3813230166,371.1299217761,6313.1900974288,-6      13P   2509
1.3605046150,371.0745124899,6313.3857245270,-61.3349053639,371.0      13P   2510
187780510,6313.5807795763,-61.3048470759,370.9630021919,6313.775      13P   2511
1846547,-61.2706836588,370.9070257276,6313.9687413122,-61.232463      13P   2512
7572,370.8503904527,6314.1614402023,-61.1901430729,370.793455786      13P   2513
0,6314.3532652447,-61.1440545376,370.7363483756,6314.5441878363,      13P   2514
-61.0943636957,370.6792598840,6314.7339560866,-61.0403813956,370      13P   2515
.6224127333,6314.9225926463,-60.9824303413,370.5660036034,6315.1      13P   2516
100207255,-60.9205325148,370.5100387959,6315.2959004128,-60.8543      13P   2517
617956,370.4540417177,6315.4803076069,-60.7841942055,370.3983149      13P   2518
408,6315.6633583481,-60.7105635506,370.3429247787,6315.845190289      13P   2519
5,-60.6339726471,370.2879794742,6316.0259868249,-60.5549812424,3      13P   2520
70.2335649517,6316.2058460940,-60.4738960616,370.1797470280,6316      13P   2521
.3845957807,-60.3902316756,370.1268385541,6316.5614934725,-60.30      13P   2522
28038609,370.0744540599,6316.7363188214,-60.2113186346,370.02274      13P   2523
40414,6316.9090622921,-60.1159268077,369.9718284141,6317.0800375      13P   2524
177,-60.0173864782,369.9217137313,6317.2501202326,-59.9173734395      13P   2525
,369.8722405940,6317.4193541125,-59.8159552280,369.8234998233,63      13P   2526
17.5875498689,-59.7128199167,369.7756180293,6317.7544143537,-59.      13P   2527
6074534298,369.7288465789,6317.9195115753,-59.4993802121,369.682      13P   2528
9052302,6318.0825765494,-59.3882628040,369.6378886147,6318.24341      13P   2529
95165,-59.2739379881,369.5938674325,6318.4024981405,-59.15720386      13P   2530
03,369.5507326319,6318.5593946998,-59.0375340254,369.5086126700,      13P   2531
6318.7137953953,-58.9146251797,369.4676004580,6318.8663401160,-5      13P   2532
8.7894240877,369.4275336426,6319.0175255257,-58.6625780436,369.3      13P   2533
882955566,6319.1679197359,-58.5347943276,369.3497473420,6319.318      13P   2534
8763587,-58.4077964841,369.3114237117,6319.4681931350,-58.278843      13P   2535
0080,369.2739043940,6319.6151530547,-58.1471651850,369.237344187      13P   2536
3,6319.7588618568,-58.0118835872,369.2019428162,6319.9006403912,      13P   2537
-57.8746002840,369.1673517126,6320.0415184186,-57.7364192736,369      13P   2538
.1333083409,6320.1815382797,-57.5973827211,369.0997931806,6320.3      13P   2539
218973952,-57.4587655374,369.0665159557,6320.4593936885,-57.3172      13P   2540
260134,369.0342299036,6320.5942543253,-57.1731647737,369.0028416      13P   2541
464,6320.7270719109,-57.0272294575,368.9721894411,6320.857037029      13P   2542
0,-56.8787201218,368.9424515982,6320.9854700518,-56.7289109982,3      13P   2543
68.9133107608,6321.1124113495,-56.5778496237,368.8847496633,6321      13P   2544
.2377790272,-56.4254782832,368.8567780346,6321.3603511983,-56.27      13P   2545
08023143,368.8296553985,6321.4819087950,-56.1153452765,368.80297      13P   2546
49732,6321.6042456745,-55.9605571355,368.7763444126,6321.7250256      13P   2547
661,-55.8045237255,368.7502693603,6321.8447294088,-55.6476643208      13P   2548
,368.7246401256,6321.9630558402,-55.4897673112,368.6995049685,63      13P   2549
22.0799376645,-55.3307993045,368.6748610574,6322.1938619369,-55.      13P   2550
1696626981,368.6510208345,6322.3063247848,-55.0075172368,368.627      13P   2551
6581216,6322.4177546725,-54.8446629228,368.6046779446,6322.52833      13P   2552
63503,-54.6812284252,368.5820361276,6322.6393073771,-54.51808366      13P   2553
14,368.5594772328,6322.7500270297,-54.3547785052,368.5371315518,      13P   2554
6322.8590777829,-54.1903358196,368.5152795258,6322.9661962458,-5      13P   2555
4.0246171895,368.4939645680,6323.0715409066,-53.8577579877,368.4      13P   2556
731464366,6323.1755705134,-53.6900694779,368.4527262849,6323.279      13P   2557
6212314,-53.5223989904,368.4324400449,6323.3852424283,-53.355756      13P   2558
9100,368.4119752178,6323.4905056901,-53.1888959066,368.391708815      13P   2559
4,6323.5927873230,-53.0201539857,368.3721427092,6323.6916847982,      13P   2560
-52.8493922356,368.3533417558,6323.7872031181,-52.6767089954,368      13P   2561
.3352933701,6323.8802024722,-52.5026582522,368.3178249022,6323.9      13P   2562
722129973,-52.3280939919,368.3006430080,6324.0647752644,-52.1538      13P   2563
457909,368.2834604932,6324.1559939346,-51.9788776299,368.2666284      13P   2564
540,6324.2461023571,-51.8033292669,368.2500992528,6324.335698547      13P   2565
5,-51.6275184128,368.2337608696,6324.4254618694,-51.4517956275,3      13P   2566
68.2174890598,6324.5158595390,-51.2764039458,368.2012008550,6324      13P   2567
.6069678726,-51.1013909017,368.1848849072,6324.6979618803,-50.92      13P   2568
63211248,368.1686916254,6324.7872714447,-50.7503724239,368.15287      13P   2569
54483,6324.8746105223,-50.5734290656,368.1374861907,6324.9604576      13P   2570
705,-50.3957557238,368.1224373131,6325.0456180911,-50.2177548502      13P   2571
,368.1075861972,6325.1308602394,-50.0397999351,368.0927992869,63      13P   2572
25.2163401434,-49.8619688226,368.0780515517,6325.3011280075,-49.      13P   2573
6838063250,368.0635043275,6325.3839577169,-49.5047123700,368.049      13P   2574
3721691,6325.4645845859,-49.3246081282,368.0356916636,6325.54389      13P   2575
37898,-49.1439197575,368.0223084913,6325.6231643534,-48.96321688      13P   2576
69,368.0090059312,6325.7034720805,-48.7829782304,367.9956060100,      13P   2577
6325.7851669637,-48.6033769964,367.9820553487,6325.8670472327,-4      13P   2578
8.4238635106,367.9685571769,6325.9474907958,-48.2436891369,367.9      13P   2579
553779591,6326.0260814284,-48.0626904519,367.9425813685,6326.103      13P   2580
5619262,-47.8812129157,367.9300431077,6326.1809693120,-47.699707      13P   2581
1053,367.9175682889,6326.2590567278,-47.5184963986,367.905041767      13P   2582
3,6326.3381434363,-47.3377263525,367.8924159855,6326.4177071679,      13P   2583
-47.1571705683,367.8797789446,6326.4964990000,-46.9762711710,367      13P   2584
.8673299562,6326.5739792151,-46.7948011217,367.8551530372,6326.6      13P   2585
502861640,-46.6128344061,367.8432246964,6326.7254623011,-46.4303      13P   2586
970102,367.8315368437,6326.7995304011,-46.2475053618,367.8200843      13P   2587
542,6326.8729108410,-46.0643363537,367.8088010987,6326.946231292      13P   2588
0,-45.8811439328,367.7975908266,6327.0200572760,-45.6981561377,3      13P   2589
67.7863689505,6327.0947073777,-45.5155060299,367.7750902271,6327      13P   2590
.1700195233,-45.3331311765,367.7637827069,6327.2454049438,-45.15      13P   2591
07871178,367.7525372164,6327.3201987678,-44.9681971344,367.74145      13P   2592
37198,6327.3940193656,-44.7852089966,367.7305867798,6327.4667919      13P   2593
378,-44.6017999344,367.7199488878,6327.5385972102,-44.4180097037      13P   2594
,367.7095141358,6327.6096222719,-44.2339176383,367.6992360809,63      13P   2595
27.6799940821,-44.0495753791,367.6891008284,6327.7497727328,-43.      13P   2596
8650079126,367.6790996557,6327.8190228205,-43.6802415280,367.669      13P   2597
2239872,6327.8878197474,-43.4953060581,367.6594629534,6327.95622      13P   2598
87747,-43.3102268345,367.6498075434,6328.0242964052,-43.12502160      13P   2599
23,367.6402514629,6328.0921008259,-42.9397193805,367.6307841165,      13P   2600
6328.1598302728,-42.7543892634,367.6213798593,6328.2278136494,-4      13P   2601
2.5691521220,367.6119942821,6328.2963550602,-42.3841211921,367.6      13P   2602
025874828,6328.3656311988,-42.1993651626,367.5931379687,6328.435      13P   2603
5967686,-42.0148705860,367.5836549519,6328.5059605623,-41.830528      13P   2604
5754,367.5741805654,6328.5762958798,-41.6461758017,367.564773982      13P   2605
8,6328.6461134647,-41.4616252768,367.5555010934,6328.7150332193,      13P   2606
-41.2767361156,367.5464114576,6328.7828192864,-41.0914269424,367      13P   2607
.5375347225,6328.8494346550,-40.9056929422,367.5288723835,6328.9      13P   2608
150384960,-40.7195988065,367.5204059006,6328.9798902126,-40.5332      13P   2609
420545,367.5120744087,6329.0442794243,-40.3467257974,367.5038409      13P   2610
881,6329.1083961118,-40.1601163436,367.4956814203,6329.172284807      13P   2611
8,-39.9734290104,367.4875921179,6329.2359259389,-39.7866572067,3      13P   2612
67.4795760990,6329.2992769185,-39.5997866956,367.4716391717,6329      13P   2613
.3623281683,-39.4128147872,367.4637829012,6329.4250758370,-39.22      13P   2614
57407283,367.4560080992,6329.4875281780,-39.0385678297,367.44831      13P   2615
40524,6329.5497061636,-38.8513035854,367.4406984943,6329.6116422      13P   2616
304,-38.6639591805,367.4331578064,6329.6733761549,-38.4765480770      13P   2617
,367.4256875600,6329.7349537104,-38.2890855794,367.4182827117,63      13P   2618
29.7964136950,-38.1015845645,367.4109391769,6329.8577819776,-37.      13P   2619
9140535887,367.4036545118,6329.9190656386,-37.7264950107,367.396      13P   2620
4285548,6329.9802523821,-37.5389048435,367.3892634217,6330.04131      13P   2621
31980,-37.3512736674,367.3821631129,6330.1022095838,-37.16358904      13P   2622
64,367.3751326261,6330.1629031559,-36.9758387131,367.3681767529,      13P   2623
6330.2233563495,-36.7880107786,367.3613002339,6330.2835387506,-3      13P   2624
6.6000957558,367.3545061578,6330.3434333541,-36.4120884148,367.3      13P   2625
477986003,6330.4030387667,-36.2239895216,367.3411512556,6330.462      13P   2626
3692300,-36.0358037770,367.3345663884,6330.5214498449,-35.847539      13P   2627
4823,367.3280406714,6330.5803110382,-35.6592064742,367.321573057      13P   2628
3,6330.6389789672,-35.4708131884,367.3151614311,6330.6974754527,      13P   2629
-35.2823666246,367.3088040298,6330.7558155568,-35.0938716150,367      13P   2630
.3024998992,6330.8140064640,-34.9053305139,367.2962489400,6330.8      13P   2631
720481825,-34.7167434440,367.2900518240,6330.9299354557,-34.5281      13P   2632
089096,367.2839097644,6330.9876622120,-34.3394251853,367.2778240      13P   2633
311,6331.0452245719,-34.1506912399,367.2717956335,6331.102618505      13P   2634
1,-33.9619060051,367.2658255716,6331.1598399966,-33.7730684284,3      13P   2635
67.2599148169,6331.2168850114,-33.5841774633,367.2540643161,6331      13P   2636
.2737495058,-33.3952320725,367.2482749891,6331.3304294230,-33.20      13P   2637
62312274,367.2425477292,6331.3869206937,-33.0171739086,367.23688      13P   2638
34030,6331.4432192351,-32.8280591056,367.2312828480,6331.4993209      13P   2639
507,-32.6388858172,367.2257468793,6331.5552217294,-32.4496530521      13P   2640
,367.2202762640,6331.6109174458,-32.2603598268,367.2148718141,63      13P   2641
31.6664039624,-32.0710051575,367.2095340378,6331.7216771510,-31.      13P   2642
8815879810,367.2042644361,6331.7767328577,-31.6921072817,367.199      13P   2643
0606588,6331.8315667501,-31.5025625849,367.1938978468,6331.88617      13P   2644
47202,-31.3129527042,367.1887825866,6331.9405524529,-31.12327669      13P   2645
24,367.1837141475,6331.9946960653,-30.9335337020,367.1786954081,      13P   2646
6332.0486000018,-30.7437224744,367.1737276987,6332.1022641650,-3      13P   2647
0.5538433508,367.1688115012,6332.1556699953,-30.3638913733,367.1      13P   2648
639490493,6332.2087443412,-30.1738462979,367.1591473867,6332.261      13P   2649
5821154,-29.9837352275,367.1543982839,6332.3143837837,-29.793614      13P   2650
1302,367.1496843444,6332.3673588112,-29.6035413247,367.144987874      13P   2651
8,6332.4206528849,-29.4135578864,367.1402973276,6332.4742974118,      13P   2652
-29.2236734456,367.1356115247,6332.5281337566,-29.0338436112,367      13P   2653
.1309458405,6332.5818083944,-28.8439677927,367.1263318822,6332.6      13P   2654
350646330,-28.6539738267,367.1217919778,6332.6877899551,-28.4638      13P   2655
315997,367.1173355628,6332.7399687187,-28.2735385435,367.1129636      13P   2656
275,6332.7916848034,-28.0831192414,367.1086688452,6332.843102891      13P   2657
8,-27.8926193560,367.1044374962,6332.8943902292,-27.7020843288,3      13P   2658
67.1002561450,6332.9456591929,-27.5115444240,367.0961162754,6332      13P   2659
.9969868097,-27.3210203690,367.0920125052,6333.0484066013,-27.13      13P   2660
05212183,367.0879432240,6333.0999145018,-26.9400458937,367.08390      13P   2661
95179,6333.1514807155,-26.7495862430,367.0799157421,6333.2030763      13P   2662
222,-26.5591343800,367.0759612419,6333.2546826316,-26.3686856807      13P   2663
,367.0720195470,6333.3062795959,-26.1782344722,367.0680995698,63      13P   2664
33.3578475056,-25.9877754163,367.0642018928,6333.4093666474,-25.      13P   2665
7973031555,367.0603308673,6333.4608170784,-25.6068123091,367.056      13P   2666
4898372,6333.5121751722,-25.4162965367,367.0526813109,6333.56342      13P   2667
02536,-25.2257503196,367.0489078046,6333.6145407828,-25.03517063      13P   2668
36,367.0451710350,6333.6655371225,-24.8445576658,367.0414718389,      13P   2669
6333.7164224037,-24.6539150127,367.0378101181,6333.7672197843,-2      13P   2670
4.4632489172,367.0341850804,6333.8179615392,-24.2725680172,367.0      13P   2671
305953368,6333.8686768744,-24.0818800993,367.0270397882,6333.919      13P   2672
3859848,-23.8911905369,367.0235180300,6333.9700996240,-23.700502      13P   2673
1898,367.0200303565,6334.0208172715,-23.5098149174,367.016577855      13P   2674
5,6334.0715288721,-23.3191260411,367.0131622523,6334.1222179733,      13P   2675
-23.1284311809,367.0097856653,6334.1728684774,-22.9377260613,367      13P   2676
.0064501365,6334.2234669901,-22.7470071375,367.0031574801,6334.2      13P   2677
739995986,-22.5562707378,366.9999094955,6334.3244525293,-22.3655      13P   2678
132430,366.9967079216,6334.3748119598,-22.1747310391,366.9935544      13P   2679
431,6334.4250640646,-21.9839205331,366.9904506979,6334.475194999      13P   2680
5,-21.7930781524,366.9873982273,6334.5251909024,-21.6022003369,3      13P   2681
66.9843986528,6334.5750379040,-21.4112835132,366.9814530050,6334      13P   2682
.6247221058,-21.2203240560,366.9785642134,6334.6742295211,-21.02      13P   2683
93189257,366.9756947602,6334.7235459822,-20.8382644381,366.97285      13P   2684
22936,6334.7726546888,-20.6471564531,366.9700371564,6334.8215415      13P   2685
163,-20.4559915864,366.9672521480,6334.8701987978,-20.2647681405      13P   2686
,366.9645009477,6334.9186272762,-20.0734866154,366.9617838260,63      13P   2687
34.9668362388,-19.8821496475,366.9591012375,6335.0148419990,-19.      13P   2688
6907616005,366.9564530546,6335.0626645778,-19.4993277058,366.953      13P   2689
8390029,6335.1103219708,-19.3078526266,366.9512589202,6335.15783      13P   2690
13239,-19.1163407661,366.9487127088,6335.2052100332,-18.92479654      13P   2691
75,366.9462002750,6335.2524754608,-18.7332243475,366.9437215493,      13P   2692
6335.2996450100,-18.5416285206,366.9412764861,6335.3467360793,-1      13P   2693
8.3500133920,366.9388650698,6335.3937661373,-18.1583832818,366.9      13P   2694
364873150,6335.4407524258,-17.9667424361,366.9341432846,6335.487      13P   2695
7136673,-17.7750954527,366.9318330096,6335.5346687882,-17.583446      13P   2696
9717,366.9295565604,6335.5816329729,-17.3918007139,366.927314238      13P   2697
9,6335.6286159292,-17.2001590595,366.9251066485,6335.6756211077,      13P   2698
-17.0085228565,366.9229347115,6335.7226462878,-16.8168915616,366      13P   2699
.9207996184,6335.7696853630,-16.6252636767,366.9187027285,6335.8      13P   2700
167318213,-16.4336376032,366.9166453907,6335.8637809929,-16.2420      13P   2701
121948,366.9146288871,6335.9108277389,-16.0503861905,366.9126543      13P   2702
831,6335.9578682471,-15.8587586462,366.9107234204,6336.004898553      13P   2703
1,-15.6671285594,366.9088358573,6336.0519119603,-15.4754941585,3      13P   2704
66.9069978948,6336.0988975903,-15.2838531232,366.9051626603,6336      13P   2705
.1458401179,-15.0922015666,366.9033367706,6336.1927201924,-14.90      13P   2706
05347338,366.9015212112,6336.2395155902,-14.7088472167,366.89971      13P   2707
84709,6336.2862042439,-14.5171336544,366.8979342854,6336.3327645      13P   2708
985,-14.3253888846,366.8961702820,6336.3791720848,-14.1336070506      13P   2709
,366.8944288074,6336.4254056424,-13.9417832045,366.8927118386,63      13P   2710
36.4714518556,-13.7499142951,366.8910210563,6336.5173073099,-13.      13P   2711
5579997038,366.8893577127,6336.5629785889,-13.3660412007,366.887      13P   2712
7226685,6336.6084803405,-13.1740424462,366.8861164819,6336.65383      13P   2713
12582,-12.9820080127,366.8845395734,6336.6990475666,-12.78994184      13P   2714
31,366.8829924614,6336.7441445354,-12.5978476205,366.8814757095,      13P   2715
6336.7891377368,-12.4057290690,366.8799898866,6336.8340426815,-1      13P   2716
2.2135898718,366.8785355844,6336.8788749144,-12.0214336974,366.8      13P   2717
771134182,6336.9236499845,-11.8292641965,366.8757240325,6336.968      13P   2718
3834491,-11.6370850074,366.8743681049,6337.0130908663,-11.444899      13P   2719
7576,366.8730463508,6337.0577878071,-11.2527120712,366.871759527      13P   2720
4,6337.1024897275,-11.0605255424,366.8705084412,6337.1472157591,      13P   2721
-10.8683446229,366.8692938495,6337.1919826727,-10.6761732223,366      13P   2722
.8681166453,6337.2367989386,-10.4840133256,366.8669779787,6337.2      13P   2723
816616848,-10.2918642762,366.8658793712,6337.3265560347,-10.0997      13P   2724
226098,366.8648223989,6337.3714571028,-9.9075825104,366.86380962      13P   2725
69,6337.4163338149,-9.7154367127,366.8628405944,6337.4611569134,      13P   2726
-9.5232783068,366.8619260871,6337.5058988776,-9.3311009870,366.8      13P   2727
610341323,6337.5505331663,-9.1388987331,366.8601257042,6337.5950      13P   2728
256592,-8.9466636025,366.8592151274,6337.6393379382,-8.754386845      13P   2729
0,366.8583022010,6337.6834519574,-8.5620645018,366.8573916281,63      13P   2730
37.7273941902,-8.3697028430,366.8564867425,6337.7712266010,-8.17      13P   2731
73161421,366.8555880649,6337.8150212710,-7.9849208511,366.854696      13P   2732
4390,6337.8588397156,-7.7925309734,366.8538128075,6337.902709160      13P   2733
1,-7.6001527209,366.8529388890,6337.9466096978,-7.4077815645,366      13P   2734
.8520773533,6337.9905000237,-7.2154080768,366.8512312663,6338.03      13P   2735
43406775,-7.0230232590,366.8504035957,6338.0781027197,-6.8306205      13P   2736
398,366.8495970404,6338.1217508727,-6.6381919427,366.8488143387,      13P   2737
6338.1652397132,-6.4457272650,366.8480582956,6338.2085411658,-6.      13P   2738
2532203345,366.8473312777,6338.2516619635,-6.0606728638,366.8466      13P   2739
349756,6338.2946526150,-5.8680963083,366.8459703796,6338.3376072      13P   2740
283,-5.6755117199,366.8453379561,6338.3806532477,-5.4829475191,3      13P   2741
66.8447379854,6338.4239336662,-5.2904358273,366.8441709943,6338.      13P   2742
4675722770,-5.0980049156,366.8436382660,6338.5118012055,-4.90570      13P   2743
85473,366.8431404559,6338.5568096928,-4.7135930996,366.842679837      13P   2744
7,6338.6024353348,-4.5216236698,366.8422628238,6338.6482357901,-      13P   2745
4.3296960801,366.8418974207,6338.6934665287,-4.1376327792,366.84      13P   2746
15915087,6338.7370677211,-3.9451888992,366.8413508965,6338.77820      13P   2747
42950,-3.7522046920,366.8411739116,6338.8184296422,-3.5590322392      13P   2748
,366.8410498221,6338.8594223702,-3.3660195058,366.8409717019,633      13P   2749
8.9017553324,-3.1732953865,366.8409581906,6338.9458539154,-2.980      13P   2750
9660223,366.8409648488,6338.9916719095,-2.7890433457,366.8409667      13P   2751
486,6339.0361829145,-2.5968061704,366.8409703755,6339.0772421576      13P   2752
,-2.4038006229,366.8409736644,6339.1164769273,-2.2104243295,366.      13P   2753
8409772528,6339.1556723923,-2.0170399934,366.8409812022,6339.195      13P   2754
3878064,-1.8237602458,366.8409856032,6339.2373420341,-1.63094820      13P   2755
17,366.8409906863,6339.2820990531,-1.4387710452,366.8409966191,6      13P   2756
339.3277222302,-1.2468020009,366.8410032240,6339.3724185424,-1.0      13P   2757
546124960,366.8410102372,6339.4168608029,-0.8623697905,366.84101      13P   2758
77586,6339.4602380470,-0.6698630194,366.8410256023,6339.51024681      13P   2759
87,-0.4789649896,366.8410353083,6339.5553725916,-0.2869525991,36      13P   2760
6.8410447361,6339.5837694791,-0.0910412507,366.8410510209,6339.5      13P   2761
603981052,0.1737949821,366.8410457878,6339.4459879958,0.35122471      13P   2762
50,366.8410214809,6339.3261952784,0.4146187039,366.8410030853,0.      13P   2763
0000000000,1.0000000000,0.0,0.0,0.0;                                  13P   2764
126,399,403,1,0,1,0,0.0000000000,0.0000000000,0.0000000000,0.000      15P   2765
0000000,0.0049759714,0.0074642936,0.0099541007,0.0124460143,0.01      15P   2766
49387130,0.0174316495,0.0199247142,0.0224177498,0.0249107928,0.0      15P   2767
274038605,0.0298969160,0.0323899932,0.0348830793,0.0373761729,0.      15P   2768
0398692716,0.0423623732,0.0448554762,0.0473485848,0.0498416938,0      15P   2769
.0523348034,0.0548279126,0.0573210213,0.0598141317,0.0623072482,      15P   2770
0.0648003750,0.0672935140,0.0697866631,0.0722798266,0.0747730040      15P   2771
,0.0772661971,0.0797594004,0.0822526121,0.0847458309,0.087239056      15P   2772
8,0.0897322914,0.0922255381,0.0947187981,0.0972120703,0.09970535      15P   2773
05,0.1021986362,0.1046919259,0.1071852198,0.1096785184,0.1121718      15P   2774
223,0.1146651349,0.1171584624,0.1196518105,0.1221451819,0.124638      15P   2775
5758,0.1271319916,0.1296254286,0.1321188860,0.1346123631,0.13710      15P   2776
58595,0.1395993749,0.1420929091,0.1445864621,0.1470800340,0.1495      15P   2777
736243,0.1520672324,0.1545608568,0.1570544956,0.1595481472,0.162      15P   2778
0418098,0.1645354820,0.1670291639,0.1695228615,0.1720165832,0.17      15P   2779
45103364,0.1770041237,0.1794979454,0.1819918014,0.1844856908,0.1      15P   2780
869796123,0.1894735647,0.1919675471,0.1944615591,0.1969556000,0.      15P   2781
1994496694,0.2019437665,0.2044378904,0.2069320404,0.2094262155,0      15P   2782
.2119204147,0.2144146366,0.2169088796,0.2194031433,0.2218974333,      15P   2783
0.2243917564,0.2268861188,0.2293805215,0.2318749654,0.2343694518      15P   2784
,0.2368639831,0.2393585619,0.2418531906,0.2443478702,0.246842600      15P   2785
5,0.2493373798,0.2518322059,0.2543270760,0.2568219881,0.25931694      15P   2786
11,0.2618119341,0.2643069662,0.2668020361,0.2692971437,0.2717922      15P   2787
960,0.2742875009,0.2767827652,0.2792780892,0.2817734727,0.284268      15P   2788
9153,0.2867644166,0.2892599760,0.2917555931,0.2942512673,0.29674      15P   2789
69977,0.2992427839,0.3017386248,0.3042345198,0.3067304679,0.3092      15P   2790
264680,0.3117225188,0.3142186187,0.3167147676,0.3192109728,0.321      15P   2791
7072432,0.3242035866,0.3267000042,0.3291964970,0.3316930657,0.33      15P   2792
41897112,0.3366864343,0.3391832355,0.3416801148,0.3441770719,0.3      15P   2793
466741059,0.3491712155,0.3516683991,0.3541656548,0.3566629810,0.      15P   2794
3591603760,0.3616578401,0.3641553821,0.3666530159,0.3691507565,0      15P   2795
.3716486146,0.3741465994,0.3766447197,0.3791429798,0.3816413741,      15P   2796
0.3841398852,0.3866384866,0.3891371485,0.3916358457,0.3941345639      15P   2797
,0.3966333033,0.3991320757,0.4016308985,0.4041297892,0.406628765      15P   2798
9,0.4091278521,0.4116270726,0.4141264499,0.4166260001,0.41912573      15P   2799
65,0.4216256659,0.4241257861,0.4266260841,0.4291265370,0.4316271      15P   2800
170,0.4341277998,0.4366285699,0.4391294217,0.4416303578,0.444131      15P   2801
3847,0.4466325088,0.4491337382,0.4516350838,0.4541365553,0.45663      15P   2802
81581,0.4591398916,0.4616417556,0.4641437497,0.4666458733,0.4691      15P   2803
481259,0.4716505069,0.4741530155,0.4766556510,0.4791584137,0.481      15P   2804
6613047,0.4841643262,0.4866674810,0.4891707741,0.4916742179,0.49      15P   2805
41778270,0.4966816159,0.4991855935,0.5016897671,0.5041941426,0.5      15P   2806
066987234,0.5092035108,0.5117085036,0.5142136988,0.5167190927,0.      15P   2807
5192246811,0.5217304598,0.5242364242,0.5267425693,0.5292488924,0      15P   2808
.5317553958,0.5342620848,0.5367689650,0.5392760404,0.5417833151,      15P   2809
0.5442907935,0.5467984797,0.5493063781,0.5518144930,0.5543228293      15P   2810
,0.5568313924,0.5593401879,0.5618492220,0.5643585002,0.566868028      15P   2811
9,0.5693778181,0.5718878796,0.5743982246,0.5769088608,0.57941979      15P   2812
51,0.5819310347,0.5844425872,0.5869544604,0.5894666625,0.5919792      15P   2813
006,0.5944920803,0.5970053039,0.5995188706,0.6020327758,0.604547      15P   2814
0135,0.6070615822,0.6095764809,0.6120917071,0.6146072548,0.61712      15P   2815
31217,0.6196393136,0.6221558455,0.6246727428,0.6271900396,0.6297      15P   2816
077763,0.6322260036,0.6347447792,0.6372641421,0.6397840790,0.642      15P   2817
3045340,0.6448254181,0.6473466438,0.6498681584,0.6523899921,0.65      15P   2818
49122459,0.6574350163,0.6599583248,0.6624821074,0.6650062692,0.6      15P   2819
675307721,0.6700556459,0.6725808956,0.6751064170,0.6776321341,0.      15P   2820
6801581017,0.6826845595,0.6852118042,0.6877400815,0.6902694216,0      15P   2821
.6927995362,0.6953299530,0.6978603052,0.7003905479,0.7029209074,      15P   2822
0.7054516580,0.7079828728,0.7105143291,0.7130457122,0.7155768008      15P   2823
,0.7181077043,0.7206387881,0.7231705916,0.7257035850,0.728237997      15P   2824
8,0.7307737498,0.7333104719,0.7358476193,0.7383846223,0.74092102      15P   2825
12,0.7434565463,0.7459912510,0.7485254064,0.7510594103,0.7535934      15P   2826
984,0.7561276293,0.7586616000,0.7611953916,0.7637292604,0.766263      15P   2827
4030,0.7687976607,0.7713317173,0.7738653926,0.7763985495,0.77893      15P   2828
11313,0.7814632655,0.7839953719,0.7865277388,0.7890602381,0.7915      15P   2829
924498,0.7941240631,0.7966549921,0.7991852463,0.8017148262,0.804      15P   2830
2437611,0.8067721310,0.8092999960,0.8118274560,0.8143545827,0.81      15P   2831
68814216,0.8194079054,0.8219339458,0.8244594719,0.8269844377,0.8      15P   2832
295088147,0.8320325799,0.8345557119,0.8370781894,0.8395999742,0.      15P   2833
8421210191,0.8446412989,0.8471608228,0.8496796897,0.8521980849,0      15P   2834
.8547161522,0.8572339092,0.8597512441,0.8622680567,0.8647842912,      15P   2835
0.8672999373,0.8698150600,0.8723298182,0.8748443288,0.8773585719      15P   2836
,0.8798724193,0.8823857645,0.8848986120,0.8874110477,0.889923157      15P   2837
8,0.8924349791,0.8949464874,0.8974576678,0.8999685426,0.90247916      15P   2838
05,0.9049895896,0.9074998653,0.9100099449,0.9125196893,0.9150289      15P   2839
507,0.9175376590,0.9200458072,0.9225536020,0.9250613134,0.927569      15P   2840
1964,0.9300771923,0.9325851179,0.9350923705,0.9375987732,0.94010      15P   2841
38628,0.9426074696,0.9451090536,0.9476086984,0.9501068173,0.9526      15P   2842
040712,0.9551006338,0.9575966693,0.9600920277,0.9625868066,0.965      15P   2843
0810220,0.9675747493,0.9700681240,0.9725612010,0.9750542507,0.97      15P   2844
75473062,0.9800406019,0.9825341199,0.9850279863,0.9875220908,0.9      15P   2845
900166288,0.9925117087,0.9950073714,1.0000000000,1.0000000000,1.      15P   2846
0000000000,1.0000000000,1.0,1.0,1.0,1.0,1.0,1.0,1.0,1.0,1.0,1.0,      15P   2847
1.0,1.0,1.0,1.0,1.0,1.0,1.0,1.0,1.0,1.0,1.0,1.0,1.0,1.0,1.0,1.0,      15P   2848
1.0,1.0,1.0,1.0,1.0,1.0,1.0,1.0,1.0,1.0,1.0,1.0,1.0,1.0,1.0,1.0,      15P   2849
1.0,1.0,1.0,1.0,1.0,1.0,1.0,1.0,1.0,1.0,1.0,1.0,1.0,1.0,1.0,1.0,      15P   2850
1.0,1.0,1.0,1.0,1.0,1.0,1.0,1.0,1.0,1.0,1.0,1.0,1.0,1.0,1.0,1.0,      15P   2851
1.0,1.0,1.0,1.0,1.0,1.0,1.0,1.0,1.0,1.0,1.0,1.0,1.0,1.0,1.0,1.0,      15P   2852
1.0,1.0,1.0,1.0,1.0,1.0,1.0,1.0,1.0,1.0,1.0,1.0,1.0,1.0,1.0,1.0,      15P   2853
1.0,1.0,1.0,1.0,1.0,1.0,1.0,1.0,1.0,1.0,1.0,1.0,1.0,1.0,1.0,1.0,      15P   2854
1.0,1.0,1.0,1.0,1.0,1.0,1.0,1.0,1.0,1.0,1.0,1.0,1.0,1.0,1.0,1.0,      15P   2855
1.0,1.0,1.0,1.0,1.0,1.0,1.0,1.0,1.0,1.0,1.0,1.0,1.0,1.0,1.0,1.0,      15P   2856
1.0,1.0,1.0,1.0,1.0,1.0,1.0,1.0,1.0,1.0,1.0,1.0,1.0,1.0,1.0,1.0,      15P   2857
1.0,1.0,1.0,1.0,1.0,1.0,1.0,1.0,1.0,1.0,1.0,1.0,1.0,1.0,1.0,1.0,      15P   2858
1.0,1.0,1.0,1.0,1.0,1.0,1.0,1.0,1.0,1.0,1.0,1.0,1.0,1.0,1.0,1.0,      15P   2859
1.0,1.0,1.0,1.0,1.0,1.0,1.0,1.0,1.0,1.0,1.0,1.0,1.0,1.0,1.0,1.0,      15P   2860
1.0,1.0,1.0,1.0,1.0,1.0,1.0,1.0,1.0,1.0,1.0,1.0,1.0,1.0,1.0,1.0,      15P   2861
1.0,1.0,1.0,1.0,1.0,1.0,1.0,1.0,1.0,1.0,1.0,1.0,1.0,1.0,1.0,1.0,      15P   2862
1.0,1.0,1.0,1.0,1.0,1.0,1.0,1.0,1.0,1.0,1.0,1.0,1.0,1.0,1.0,1.0,      15P   2863
1.0,1.0,1.0,1.0,1.0,1.0,1.0,1.0,1.0,1.0,1.0,1.0,1.0,1.0,1.0,1.0,      15P   2864
1.0,1.0,1.0,1.0,1.0,1.0,1.0,1.0,1.0,1.0,1.0,1.0,1.0,1.0,1.0,1.0,      15P   2865
1.0,1.0,1.0,1.0,1.0,1.0,1.0,1.0,1.0,1.0,1.0,1.0,1.0,1.0,1.0,1.0,      15P   2866
1.0,1.0,1.0,1.0,1.0,1.0,1.0,1.0,1.0,1.0,1.0,1.0,1.0,1.0,1.0,1.0,      15P   2867
1.0,1.0,1.0,1.0,1.0,1.0,1.0,1.0,1.0,1.0,1.0,1.0,1.0,1.0,1.0,1.0,      15P   2868
1.0,1.0,1.0,1.0,1.0,1.0,1.0,1.0,1.0,1.0,1.0,1.0,1.0,1.0,1.0,1.0,      15P   2869
1.0,1.0,1.0,1.0,1.0,1.0,1.0,1.0,1.0,1.0,1.0,1.0,1.0,1.0,1.0,1.0,      15P   2870
1.0,1.0,1.0,1.0,1.0,1.0,1.0,1.0,1.0,1.0,1.0,1.0,1.0,1.0,1.0,1.0,      15P   2871
1.0,1.0,1.0,1.0,1.0,1.0,6339.3261952784,0.4146187039,366.8410030      15P   2872
853,6339.2274688030,0.4698062778,366.8409718698,6339.0451234656,      15P   2873
0.4946272676,366.8410002233,6338.8377537379,0.3909855233,366.840      15P   2874
9111301,6338.7193832900,0.2664222906,366.8414064745,6338.6330561      15P   2875
165,0.1195843259,366.8419967925,6338.5655069469,-0.0363280731,36      15P   2876
6.8425906671,6338.5109556238,-0.1970633201,366.8431463679,6338.4      15P   2877
556755627,-0.3574948221,366.8437745620,6338.3953200513,-0.516145      15P   2878
0669,366.8445342092,6338.3292782629,-0.6724776085,366.8454509033      15P   2879
,6338.2677262007,-0.8306349752,366.8463786174,6338.2085489294,-0      15P   2880
.9896824769,366.8473264932,6338.1459646987,-1.1474257962,366.848      15P   2881
3861725,6338.0861221645,-1.3062267967,366.8494481155,6338.023779      15P   2882
9912,-1.4640588494,366.8505979984,6337.9617542930,-1.6220213082,      15P   2883
366.8517806186,6337.8961952638,-1.7785505307,366.8530652678,6337      15P   2884
.8317544761,-1.9355349836,366.8543561222,6337.7678597031,-2.0927      15P   2885
443025,366.8556558295,6337.7047107910,-2.2502541864,366.85695282      15P   2886
30,6337.6416166691,-2.4077857024,366.8582557049,6337.5783880717,      15P   2887
-2.5652634453,366.8595565589,6337.5148340720,-2.7226102495,366.8      15P   2888
608572008,6337.4508974779,-2.8798024556,366.8621243825,6337.3865      15P   2889
857566,-3.0368413330,366.8634687841,6337.3220340898,-3.193781281      15P   2890
0,366.8649194409,6337.2573875214,-3.3506824625,366.8664611932,63      15P   2891
37.1934319964,-3.5078666862,366.8680722390,6337.1286231532,-3.66      15P   2892
47024979,366.8697868926,6337.0625658465,-3.8210153285,366.871616      15P   2893
8832,6336.9964411269,-3.9772986046,366.8735279054,6336.930704483      15P   2894
7,-4.1337462594,366.8755019012,6336.8656989730,-4.2904994945,366      15P   2895
.8775227252,6336.8015218844,-4.4475937913,366.8795810105,6336.73      15P   2896
80902365,-4.6049903618,366.8816733564,6336.6750097351,-4.7625271      15P   2897
550,366.8838077231,6336.6118088343,-4.9200178580,366.8859959669,      15P   2898
6336.5470345808,-5.0768676736,366.8882870532,6336.4819529887,-5.      15P   2899
2335879200,366.8906348213,6336.4170894526,-5.3903993426,366.8930      15P   2900
162310,6336.3526355740,-5.5473796581,366.8954198755,6336.2886205      15P   2901
208,-5.7045394846,366.8978400027,6336.2248999947,-5.8618188235,3      15P   2902
66.9002783949,6336.1612308212,-6.0191189423,366.9027383201,6336.      15P   2903
0973273312,-6.1763242075,366.9052243884,6336.0329497232,-6.33333      15P   2904
65351,366.9077334313,6335.9679484314,-6.4900917623,366.910306222      15P   2905
2,6335.9024583675,-6.6466426441,366.9129963412,6335.8366512075,-      15P   2906
6.8030604076,366.9157797959,6335.7705843797,-6.9593686168,366.91      15P   2907
86565691,6335.7043413842,-7.1156022067,366.9216198265,6335.63799      15P   2908
00256,-7.2717897920,366.9246644242,6335.5715829353,-7.4279536906      15P   2909
,366.9277852229,6335.5051514047,-7.5841072039,366.9309779723,633      15P   2910
5.4387049826,-7.7402543930,366.9342393353,6335.3722341772,-7.896      15P   2911
3912154,366.9375669029,6335.3057141868,-8.0525070971,366.9409590      15P   2912
880,6335.2391212093,-8.2085918743,366.9444143307,6335.1724112248      15P   2913
,-8.3646266816,366.9479322087,6335.1055466516,-8.5205952570,366.      15P   2914
9515120881,6335.0385607782,-8.6765117218,366.9551495478,6334.971      15P   2915
5091510,-8.8323998916,366.9588387566,6334.9044594343,-8.98828888      15P   2916
15,366.9625731420,6334.8374713658,-9.1442043985,366.9663459588,6      15P   2917
334.7705811550,-9.3001619127,366.9701532953,6334.7037891598,-9.4      15P   2918
561616175,366.9739867237,6334.6370418032,-9.6121805986,366.97784      15P   2919
79564,6334.5702320806,-9.7681736314,366.9817289565,6334.50326568      15P   2920
82,-9.9240989481,366.9857025178,6334.4360579577,-10.0799201818,3      15P   2921
66.9897716075,6334.3685685019,-10.2356195403,366.9939373111,6334      15P   2922
.3007909093,-10.3911936350,366.9981985481,6334.2327482650,-10.54      15P   2923
66519278,367.0025523388,6334.1644834801,-10.7020127518,367.00699      15P   2924
42299,6334.0960480688,-10.8572984680,367.0115189601,6334.0274886      15P   2925
836,-11.0125295028,367.0161213389,6333.9588289316,-11.1677162102      15P   2926
,367.0207975309,6333.8900508705,-11.3228505125,367.0255464861,63      15P   2927
33.8211565097,-11.4779331881,367.0303658009,6333.7521513455,-11.      15P   2928
6329665876,367.0352527826,6333.6830390237,-11.7879522421,367.040      15P   2929
2048277,6333.6138238702,-11.9428919954,367.0452192527,6333.54450      15P   2930
99862,-12.0977876017,367.0502933332,6333.4751015209,-12.25264084      15P   2931
29,367.0554243816,6333.4056026225,-12.4074535098,367.0606093972,      15P   2932
6333.3360173820,-12.5622273271,367.0658463953,6333.2663500523,-1      15P   2933
2.7169642759,367.0711286958,6333.1966041276,-12.8716660353,367.0      15P   2934
764538883,6333.1267877812,-13.0263367692,367.0818153510,6333.056      15P   2935
9099516,-13.1809789907,367.0872685637,6332.9869710023,-13.335593      15P   2936
4651,367.0928040448,6332.9169593480,-13.4901750356,367.098422945      15P   2937
6,6332.8468489149,-13.6447118835,367.1041250477,6332.7765988507,      15P   2938
-13.7991853673,367.1099121511,6332.7061563869,-13.9535712992,367      15P   2939
.1157870115,6332.6354369595,-14.1078305846,367.1217553224,6332.5      15P   2940
643782475,-14.2619338110,367.1278211639,6332.4929648238,-14.4158      15P   2941
728871,367.1339847328,6332.4212111029,-14.5696535396,367.1402436      15P   2942
020,6332.3491552199,-14.7232927547,367.1465931313,6332.276848441      15P   2943
3,-14.8768140009,367.1530273123,6332.2043428228,-15.0302414412,3      15P   2944
67.1595398452,6332.1316789338,-15.1835940525,367.1661252448,6332      15P   2945
.0588633419,-15.3368747423,367.1727810437,6331.9858806132,-15.49      15P   2946
00758998,367.1795065529,6331.9127328201,-15.6431982412,367.18630      15P   2947
02888,6331.8394225401,-15.7962429220,367.1931572063,6331.7659517      15P   2948
860,-15.9492109310,367.2000746090,6331.6923226514,-16.1021035519      15P   2949
,367.2070498162,6331.6185380135,-16.2549203046,367.2141302477,63      15P   2950
31.5445998084,-16.4076626805,367.2213063411,6331.4705102176,-16.      15P   2951
5603316409,367.2285785522,6331.3962714351,-16.7129281099,367.235      15P   2952
9446033,6331.3218856669,-16.8654529759,367.2434029062,6331.24735      15P   2953
51077,-17.0179071386,367.2509516484,6331.1726819464,-17.17029149      15P   2954
97,367.2585890381,6331.0978683645,-17.3226069653,367.2663132395,      15P   2955
6331.0229165368,-17.4748544456,367.2741223905,6330.9478286318,-1      15P   2956
7.6270348544,367.2820145988,6330.8726068117,-17.7791491099,367.2      15P   2957
899879424,6330.7972532312,-17.9311981332,367.2980404744,6330.721      15P   2958
7700438,-18.0831828520,367.3061702067,6330.6461593917,-18.235104      15P   2959
1920,367.3143751718,6330.5704233735,-18.3869630633,367.322653200      15P   2960
5,6330.4945650100,-18.5387607970,367.3310026645,6330.4185871979,      15P   2961
-18.6904988472,367.3394192795,6330.3424911241,-18.8421779512,367      15P   2962
.3479004547,6330.2662753868,-18.9937978224,367.3564436595,6330.1      15P   2963
899365714,-19.1453548477,367.3650903325,6330.1134673344,-19.2968      15P   2964
459812,367.3738334376,6330.0368581159,-19.4482663477,367.3826745      15P   2965
619,6329.9600979655,-19.5996102727,367.3916132405,6329.883175397      15P   2966
7,-19.7508717163,367.4006496979,6329.8060786179,-19.9020444378,3      15P   2967
67.4097840612,6329.7287972673,-20.0531228737,367.4190163540,6329      15P   2968
.6513242534,-20.2041030905,367.4283462106,6329.5736567582,-20.35      15P   2969
49833238,367.4377727501,6329.4957965688,-20.5057641772,367.44729      15P   2970
45105,6329.4177496992,-20.6564484563,367.4569094765,6329.3395253      15P   2971
355,-20.8070406448,367.4666151849,6329.2611340086,-20.9575459598      15P   2972
,367.4764089694,6329.1825899531,-21.1079716273,367.4862875578,63      15P   2973
29.1039057497,-21.2583240456,367.4962481148,6329.0250853526,-21.      15P   2974
4086051966,367.5062877348,6328.9461196732,-21.5588103342,367.516      15P   2975
4059516,6328.8669840147,-21.7089271874,367.5265973749,6328.78764      15P   2976
00217,-21.8589334886,367.5369013584,6328.7080352356,-22.00880126      15P   2977
31,367.5473277586,6328.6281139289,-22.1585006313,367.5578820204,      15P   2978
6328.5477980534,-22.3079887848,367.5685741239,6328.4670049303,-2      15P   2979
2.4572193277,367.5794146140,6328.3856961781,-22.6061689421,367.5      15P   2980
904084245,6328.3039074572,-22.7548545132,367.6015504543,6328.221      15P   2981
7986001,-22.9033627053,367.6128183020,6328.1395944008,-23.051817      15P   2982
8853,367.6241798485,6328.0575289184,-23.2003501574,367.635600770      15P   2983
9,6327.9757968897,-23.3490670851,367.6470513858,6327.8945007162,      15P   2984
-23.4980238140,367.6585143707,6327.8136013003,-23.6471970889,367      15P   2985
.6699922703,6327.7329738824,-23.7965178378,367.6815000014,6327.6      15P   2986
524477099,-23.9458930399,367.6930599750,6327.5718768481,-24.0952      15P   2987
440017,367.7046899683,6327.4911574442,-24.2445152223,367.7164013      15P   2988
974,6327.4101928577,-24.3936543394,367.7282125407,6327.328900661      15P   2989
9,-24.5426142042,367.7401666280,6327.2471892351,-24.6913446457,3      15P   2990
67.7522695860,6327.1649521957,-24.8397850313,367.7645388758,6327      15P   2991
.0821107813,-24.9878886531,367.7769858049,6326.9986339446,-25.13      15P   2992
56344631,367.7896153540,6326.9145489869,-25.2830342307,367.80242      15P   2993
34742,6326.8299418559,-25.4301339389,367.8153969652,6326.7449741      15P   2994
720,-25.5770251193,367.8285104837,6326.6598341871,-25.7238166701      15P   2995
,367.8417338291,6326.5746749120,-25.8705977415,367.8550415474,63      15P   2996
26.4895678832,-26.0174098016,367.8684204374,6326.4045242044,-26.      15P   2997
1642590781,367.8818666477,6326.3195122337,-26.3111270189,367.895      15P   2998
3830537,6326.2344730568,-26.4579791969,367.9089772558,6326.14934      15P   2999
36163,-26.6047788890,367.9226566189,6326.0640921134,-26.75150820      15P   3000
31,367.9364206969,6325.9787272769,-26.8981718505,367.9502793677,      15P   3001
6325.8932607458,-27.0447752653,367.9642521649,6325.8076940184,-2      15P   3002
7.1913201971,367.9783320572,6325.7220274287,-27.3378067413,367.9      15P   3003
925195901,6325.6362618516,-27.4842353575,368.0068132264,6325.550      15P   3004
3980050,-27.6306063657,368.0212119742,6325.4644367008,-27.776920      15P   3005
1571,368.0357146717,6325.3783785747,-27.9231770107,368.050320213      15P   3006
6,6325.2922247053,-28.0693774711,368.0650273975,6325.2059778759,      15P   3007
-28.2155231252,368.0798347187,6325.1196395603,-28.3616147985,368      15P   3008
.0947408743,6325.0332075713,-28.5076511430,368.1097451983,6324.9      15P   3009
466746894,-28.6536278094,368.1248478544,6324.8600281271,-28.7995      15P   3010
370695,368.1400501927,6324.7732497568,-28.9453680478,368.1553538      15P   3011
408,6324.6863172557,-29.0911075691,368.1707603909,6324.599205901      15P   3012
6,-29.2367411584,368.1862722440,6324.5118934754,-29.3822535044,3      15P   3013
68.2019146620,6324.4243562873,-29.5276306351,368.2176897124,6324      15P   3014
.3365683899,-29.6728564456,368.2336033185,6324.2485084642,-29.81      15P   3015
79173798,368.2496597712,6324.1601629608,-29.9628044226,368.26586      15P   3016
22630,6324.0715282913,-30.1075145779,368.2822121357,6323.9826112      15P   3017
362,-30.2520512224,368.2987088333,6323.8934277996,-30.3964235145      15P   3018
,368.3153500373,6323.8040005473,-30.5406448313,368.3321321265,63      15P   3019
23.7143546746,-30.6847303528,368.3490508761,6323.6245117785,-30.      15P   3020
8286930800,368.3661026563,6323.5344935172,-30.9725461783,368.383      15P   3021
2836591,6323.4443229393,-31.1163037919,368.4005899915,6323.35402      15P   3022
06883,-31.2599787868,368.4180170894,6323.2636031228,-31.40358166      15P   3023
04,368.4355600064,6323.1730813307,-31.5471193242,368.4532187152,      15P   3024
6323.0824610691,-31.6905944667,368.4710021794,6322.9917423010,-3      15P   3025
1.8340073841,368.4889094081,6322.9009213086,-31.9773556067,368.5      15P   3026
069427030,6322.8099927628,-32.1206356267,368.5251040280,6322.718      15P   3027
9529235,-32.2638449463,368.5433952407,6322.6277989761,-32.406981      15P   3028
6683,368.5618179850,6322.5365280334,-32.5500438336,368.580373951      15P   3029
2,6322.4451367550,-32.6930291824,368.5990649391,6322.3536209111,      15P   3030
-32.8359348697,368.6178929547,6322.2619751959,-32.9787573408,368      15P   3031
.6368602537,6322.1701931950,-33.1214922987,368.6559693580,6322.0      15P   3032
782675440,-33.2641347784,368.6752230207,6321.9861902284,-33.4066      15P   3033
793382,368.6946242035,6321.8939529266,-33.5491206508,368.7141740      15P   3034
509,6321.8015477139,-33.6914536635,368.7338745031,6321.708967376      15P   3035
7,-33.8336723301,368.7537385675,6321.6162040927,-33.9757716014,3      15P   3036
68.7737682356,6321.5232501908,-34.1177462436,368.7939662726,6321      15P   3037
.4300981386,-34.2595909727,368.8143352550,6321.3367403599,-34.40      15P   3038
13004021,368.8348778697,6321.2431696871,-34.5428693921,368.85559      15P   3039
67435,6321.1493776844,-34.6842918828,368.8764948343,6321.0553542      15P   3040
021,-34.8255605304,368.8975755372,6320.9610921849,-34.9666699910      15P   3041
,368.9188416106,6320.8665902197,-35.1076186724,368.9402945760,63      15P   3042
20.7718541766,-35.2484098963,368.9619342921,6320.6768975908,-35.      15P   3043
3890521982,368.9837588523,6320.5817408426,-35.5295588967,369.005      15P   3044
7645793,6320.4864092198,-35.6699472833,369.0279445005,6320.39092      15P   3045
98019,-35.8102358557,369.0502934721,6320.2953286161,-35.95044061      15P   3046
52,369.0728188600,6320.1996361241,-36.0905829932,369.0955128377,      15P   3047
6320.1038817189,-36.2306833692,369.1183701279,6320.0080823358,-3      15P   3048
6.3707535443,369.1413876068,6319.9122369789,-36.5107929440,369.1      15P   3049
645665748,6319.8163236515,-36.6507865181,369.1879134194,6319.720      15P   3050
2993249,-36.7907046152,369.2114398568,6319.6241050663,-36.930506      15P   3051
4522,369.2351618102,6319.5276682068,-37.0701414096,369.259099034      15P   3052
9,6319.4309273757,-37.2095671533,369.2832688931,6319.3337719089,      15P   3053
-37.3487040623,369.3077017015,6319.2360783725,-37.4874591727,369      15P   3054
.3324313888,6319.1378901876,-37.6258593941,369.3574516967,6319.0      15P   3055
394178209,-37.7640584717,369.3827009611,6318.9409225037,-37.9022      15P   3056
385398,369.4081623639,6318.8426379138,-38.0405707298,369.4337744      15P   3057
776,6318.7447108155,-38.1791640945,369.4594883244,6318.647031188      15P   3058
7,-38.3179379538,369.4853243292,6318.5493057912,-38.4566790353,3      15P   3059
69.5113523579,6318.4512788680,-38.5952009336,369.5376346310,6318      15P   3060
.3528974111,-38.7334639514,369.5641801847,6318.2543133233,-38.87      15P   3061
15798145,369.5909424074,6318.1557381200,-39.0097060705,369.61785      15P   3062
72456,6318.0572906968,-39.1479322443,369.6448845131,6317.9587685      15P   3063
224,-39.2861043458,369.6720730014,6317.8599684243,-39.4240652729      15P   3064
,369.6994704887,6317.7611173412,-39.5619841368,369.7270151990,63      15P   3065
17.6626691818,-39.7002151930,369.7545418441,6317.5647011670,-39.      15P   3066
8387937066,369.7821657382,6317.4668526852,-39.9774606959,369.809      15P   3067
9831865,6317.3685859416,-40.1158325213,369.8381236307,6317.26932      15P   3068
27735,-40.2534772369,369.8667381003,6317.1688555134,-40.39021728      15P   3069
83,369.8958717678,6317.0676489441,-40.5263907919,369.9253735839,      15P   3070
6316.9666090917,-40.6626994012,369.9549587751,6316.8663185433,-4      15P   3071
0.7995887418,369.9844330972,6316.7667164926,-40.9370021109,370.0      15P   3072
137907857,6316.6671803847,-41.0744647146,370.0431934837,6316.567      15P   3073
1114054,-41.2115253132,370.0727977207,6316.4662504094,-41.347979      15P   3074
4705,370.1026594266,6316.3648697560,-41.4840304764,370.132677459      15P   3075
8,6316.2638136966,-41.6203467764,370.1625753598,6316.1638366085,      15P   3076
-41.7574702169,370.1923446211,6316.0648704224,-41.8953521431,370      15P   3077
.2219396918,6315.9661239663,-42.0334005288,370.2515826391,6315.8      15P   3078
666830069,-42.1709469238,370.2815238865,6315.7657503175,-42.3073      15P   3079
867437,370.3119843889,6315.6629596005,-42.4424088946,370.3430539      15P   3080
975,6315.5584297853,-42.5760672872,370.3746739148,6315.452584804      15P   3081
3,-42.7086689496,370.4066903438,6315.3461210338,-42.8407709252,3      15P   3082
70.4388648889,6315.2397450849,-42.9729544022,370.4709569601,6315      15P   3083
.1339348230,-43.1056060331,370.5027923988,6315.0289550474,-43.23      15P   3084
89320570,370.5342782042,6314.9248602918,-43.3729857293,370.56532      15P   3085
98627,6314.8215287947,-43.5076212758,370.5962166624,6314.7185301      15P   3086
617,-43.6425064911,370.6270448061,6314.6152881721,-43.7771852030      15P   3087
,370.6579605806,6314.5116239114,-43.9115110258,370.6889925469,63      15P   3088
14.4082245199,-44.0460593510,370.7199092736,6314.3053796409,-44.      15P   3089
1810754408,370.7505995887,6314.2019893584,-44.3156638119,370.781      15P   3090
3667969,6314.0973851438,-44.4492677782,370.8123815902,6313.99207      15P   3091
06861,-44.5822998171,370.8434642275,6313.8867081380,-44.71531603      15P   3092
59,370.8743919862,6313.7813065327,-44.8483128480,370.9051316917,      15P   3093
6313.6754680298,-44.9809384214,370.9357852385,6313.5697626597,-4      15P   3094
5.1137025980,370.9661035052,6313.4647949924,-45.2470797653,370.9      15P   3095
961542296,6313.3596229185,-45.3802897749,371.0262095023,6313.253      15P   3096
2046799,-45.5124585779,371.0565293217,6313.1459526170,-45.643924      15P   3097
5274,371.0869659909,6313.0387446472,-45.7754422019,371.117238717      15P   3098
4,6312.9320528731,-45.9074067430,371.1471865276,6312.8255360060,      15P   3099
-46.0395118847,371.1768780908,6312.7190320622,-46.1716210983,371      15P   3100
.2063298888,6312.6126491160,-46.3038349202,371.2354834185,6312.5      15P   3101
062105824,-46.4360092920,371.2643592385,6312.3993847370,-46.5678      15P   3102
686890,371.2930144705,6312.2919038992,-46.6991896117,371.3214936      15P   3103
925,6312.1837476028,-46.8299702303,371.3497293529,6312.075045016      15P   3104
4,-46.9602806370,371.3778978697,6311.9658786489,-47.0901970533,3      15P   3105
71.4059565083,6311.8563564301,-47.2198128854,371.4338662885,6311      15P   3106
.7465876285,-47.3492211357,371.4615860221,6311.6366606396,-47.47      15P   3107
84971364,371.4890812958,6311.5266117873,-47.6076712112,371.51633      15P   3108
11292,6311.4164206424,-47.7367237681,371.5433286557,6311.3060884      15P   3109
751,-47.8656554902,371.5700614942,6311.1956366491,-47.9944854976      15P   3110
,371.5965121667,6311.0850509810,-48.1231999950,371.6226728251,63      15P   3111
10.9742896182,-48.2517599228,371.6485377484,6310.8634714312,-48.      15P   3112
3802732559,371.6740577836,6310.7527877098,-48.5089082254,371.699      15P   3113
2009336,6310.6423452208,-48.6377506807,371.7240046504,6310.53223      15P   3114
60363,-48.7668902005,371.7484437971,6310.4220322135,-48.89595507      15P   3115
37,371.7726251810,6310.3107293699,-49.0240475383,371.7967696255,      15P   3116
6310.1988624847,-49.1516420920,371.8207610564,6310.0867699391,-4      15P   3117
9.2790417064,371.8445311272,6309.9746622337,-49.4064297227,371.8      15P   3118
680412824,6309.8627725448,-49.5340132786,371.8912497230,6309.751      15P   3119
2084134,-49.6618868658,371.9141447017,6309.6398789543,-49.789971      15P   3120
5206,371.9367466779,6309.5284920064,-49.9180134751,371.959117476      15P   3121
8,6309.4160649082,-50.0451222780,371.9814644399,6309.3027888070,      15P   3122
-50.1714612782,372.0037168601,6309.1895808259,-50.2978721953,372      15P   3123
.0257003817,6309.0765235996,-50.4244227717,372.0474095377,6308.9      15P   3124
637628365,-50.5512439794,372.0688266997,6308.8512118967,-50.6782      15P   3125
580629,372.0899794947,6308.7381088382,-50.8047685471,372.1110189      15P   3126
936,6308.6246748806,-50.9309778990,372.1319102578,6308.511220266      15P   3127
6,-51.0571726115,372.1526042866,6308.3977482520,-51.1833531435,3      15P   3128
72.1731110155,6308.2842338196,-51.3094978357,372.1934345840,6308      15P   3129
.1705673202,-51.4355075267,372.2136013092,6308.0565901364,-51.56      15P   3130
12364062,372.2336568812,6307.9417845001,-51.6862014956,372.25366      15P   3131
45055,6307.8261803432,-51.8104194526,372.2735849590,6307.7103990      15P   3132
981,-51.9344677432,372.2933314073,6307.5954156148,-52.0592690526      15P   3133
,372.3127485735,6307.4816997435,-52.1852342473,372.3317757697,63      15P   3134
07.3686737340,-52.3118201308,372.3505250288,6307.2575898279,-52.      15P   3135
4401488297,372.3688061097,6307.1451131873,-52.5672400195,372.387      15P   3136
1815444,6307.0306639512,-52.6925392435,372.4057470401,6306.91429      15P   3137
74630,-52.8160375805,372.4244917870,6306.7981075451,-52.93967499      15P   3138
27,372.4430901079,6306.6812608020,-53.0627419424,372.4616857863,      15P   3139
6306.5722295484,-53.1928830519,372.4789497087,6306.4636208528,-5      15P   3140
3.3232156249,372.4960128445,6306.3609651730,-53.4584205124,372.5      15P   3141
120297792,6306.2683214854,-53.6007883969,372.5263948110,6306.187      15P   3142
6652689,-53.7503162444,372.5388352939,6306.1182568839,-53.905304      15P   3143
2943,372.5494943041,6306.0552671954,-54.0629180969,372.559131822      15P   3144
1,6305.9952782398,-54.2216474766,372.5682791814,6305.9381804736,      15P   3145
-54.3815016408,372.5769570901,6305.8910710474,-54.5446049351,372      15P   3146
.5840970939,6305.8480051010,-54.7087838647,372.5906092222,6305.8      15P   3147
138614096,-54.8750769522,372.5957618837,6305.7849757574,-55.0423      15P   3148
364398,372.6001140280,6305.7659162461,-55.2110958894,372.6029818      15P   3149
483,6305.7581993204,-55.3807231320,372.6041422377,6305.758563915      15P   3150
6,-55.5504641071,372.6040874208,6305.7658799381,-55.7200766916,3      15P   3151
72.6029872801,6305.7827738368,-55.8890254736,372.6004453687,6305      15P   3152
.8079413516,-56.0568713167,372.5966541846,6305.8366530668,-56.22      15P   3153
41343791,372.5923228644,6305.8695145647,-56.3906296030,372.58735      15P   3154
77441,6305.9066851291,-56.5562945644,372.5817319546,6305.9543056      15P   3155
738,-56.7192433917,372.5745085198,6306.0237389214,-56.9345947585      15P   3156
,372.5639471556,6306.0802776259,-57.0946444631,372.5553107775,63      15P   3157
06.1221300669,-57.1997408953,372.5488942582,0.0000000000,1.00000      15P   3158
00000,0.0,0.0,0.0;                                                    15P   3159
126,399,403,1,0,1,0,0.0000000000,0.0000000000,0.0000000000,0.000      17P   3160
0000000,0.0049904537,0.0074870212,0.0099846326,0.0124832400,0.01      17P   3161
49828783,0.0174837173,0.0199860183,0.0224899269,0.0249954820,0.0      17P   3162
275026296,0.0300113431,0.0325216808,0.0350338643,0.0375483014,0.      17P   3163
0400653495,0.0425851431,0.0451075681,0.0476324951,0.0501599350,0      17P   3164
.0526900443,0.0552230649,0.0577591922,0.0602985178,0.0628410253,      17P   3165
0.0653867117,0.0679356550,0.0704880148,0.0730439513,0.0756035711      17P   3166
,0.0781669406,0.0807341945,0.0833055337,0.0858810519,0.088460662      17P   3167
0,0.0910441011,0.0936310930,0.0962213279,0.0988147097,0.10141162      17P   3168
02,0.1040123232,0.1066166861,0.1092239111,0.1118331495,0.1144435      17P   3169
266,0.1170545005,0.1196663158,0.1222793226,0.1248935818,0.127508      17P   3170
3473,0.1301228686,0.1327363929,0.1353484038,0.1379591145,0.14056      17P   3171
88899,0.1431779817,0.1457858696,0.1483918371,0.1509950888,0.1535      17P   3172
948921,0.1561912549,0.1587847457,0.1613761144,0.1639655538,0.166      17P   3173
5526237,0.1691366182,0.1717168392,0.1742929144,0.1768651410,0.17      17P   3174
94341400,0.1820005076,0.1845642753,0.1871252457,0.1896834858,0.1      17P   3175
922389344,0.1947914683,0.1973408005,0.1998873059,0.2024313232,0.      17P   3176
2049730853,0.2075126734,0.2100501297,0.2125857087,0.2151193572,0      17P   3177
.2176512784,0.2201814339,0.2227096848,0.2252357509,0.2277596897,      17P   3178
0.2302821045,0.2328035475,0.2353242478,0.2378439521,0.2403625123      17P   3179
,0.2428797749,0.2453957613,0.2479105329,0.2504242262,0.252936898      17P   3180
1,0.2554484214,0.2579586588,0.2604676077,0.2629754608,0.26548249      17P   3181
92,0.2679890212,0.2704953076,0.2730014959,0.2755074956,0.2780130      17P   3182
588,0.2805179402,0.2830221030,0.2855256173,0.2880285584,0.290530      17P   3183
8537,0.2930324030,0.2955331600,0.2980331831,0.3005326735,0.30303      17P   3184
18137,0.3055306536,0.3080291259,0.3105271929,0.3130249194,0.3155      17P   3185
223978,0.3180197170,0.3205169392,0.3230140859,0.3255111269,0.328      17P   3186
0079882,0.3305045788,0.3330008375,0.3354967805,0.3379924965,0.34      17P   3187
04880765,0.3429835335,0.3454787941,0.3479737585,0.3504683693,0.3      17P   3188
529626591,0.3554567547,0.3579508000,0.3604448574,0.3629388792,0.      17P   3189
3654327680,0.3679264451,0.3704198832,0.3729131154,0.3754062153,0      17P   3190
.3778992420,0.3803922031,0.3828850641,0.3853777848,0.3878703383,      17P   3191
0.3903627129,0.3928549139,0.3953469678,0.3978389200,0.4003308231      17P   3192
,0.4028227164,0.4053146087,0.4078064780,0.4102982856,0.412789999      17P   3193
3,0.4152816058,0.4177731131,0.4202645391,0.4227559045,0.42524722      17P   3194
95,0.4277385334,0.4302298288,0.4327211068,0.4352123304,0.4377034      17P   3195
445,0.4401944038,0.4426852004,0.4451758711,0.4476664781,0.450157      17P   3196
0715,0.4526476620,0.4551382207,0.4576287027,0.4601190762,0.46260      17P   3197
93379,0.4650995079,0.4675896113,0.4700796635,0.4725696689,0.4750      17P   3198
596270,0.4775495363,0.4800393961,0.4825292055,0.4850189634,0.487      17P   3199
5086686,0.4899983193,0.4924879137,0.4949774503,0.4974669284,0.49      17P   3200
99563491,0.5024457154,0.5049350320,0.5074243048,0.5099135399,0.5      17P   3201
124027437,0.5148919211,0.5173810759,0.5198702103,0.5223593268,0.      17P   3202
5248484264,0.5273375079,0.5298265679,0.5323156026,0.5348046094,0      17P   3203
.5372935867,0.5397825335,0.5422714497,0.5447603358,0.5472491920,      17P   3204
0.5497380188,0.5522268164,0.5547155852,0.5572043255,0.5596930377      17P   3205
,0.5621817219,0.5646703787,0.5671590083,0.5696476110,0.572136187      17P   3206
1,0.5746247371,0.5771132612,0.5796017597,0.5820902331,0.58457868      17P   3207
38,0.5870671149,0.5895555292,0.5920439276,0.5945323101,0.5970206      17P   3208
764,0.5995090260,0.6019973600,0.6044856815,0.6069739951,0.609462      17P   3209
3050,0.6119506129,0.6144389161,0.6169272080,0.6194154805,0.62190      17P   3210
37268,0.6243919439,0.6268801316,0.6293682918,0.6318564274,0.6343      17P   3211
445413,0.6368326357,0.6393207124,0.6418087726,0.6442968172,0.646      17P   3212
7848469,0.6492728625,0.6517608652,0.6542488578,0.6567368433,0.65      17P   3213
92248237,0.6617127995,0.6642007709,0.6666887383,0.6691767014,0.6      17P   3214
716646596,0.6741526122,0.6766405578,0.6791284953,0.6816164236,0.      17P   3215
6841043416,0.6865922489,0.6890801450,0.6915680297,0.6940559030,0      17P   3216
.6965437648,0.6990316151,0.7015194538,0.7040072810,0.7064950966,      17P   3217
0.7089829005,0.7114706929,0.7139584737,0.7164462429,0.7189340006      17P   3218
,0.7214217468,0.7239094824,0.7263972095,0.7288849301,0.731372645      17P   3219
6,0.7338603560,0.7363480611,0.7388357610,0.7413234555,0.74381114      17P   3220
48,0.7462988286,0.7487865071,0.7512741802,0.7537618479,0.7562495      17P   3221
101,0.7587371668,0.7612248180,0.7637124637,0.7662001038,0.768687      17P   3222
7383,0.7711753669,0.7736629895,0.7761506058,0.7786382155,0.78112      17P   3223
58183,0.7836134140,0.7861010024,0.7885885834,0.7910761569,0.7935      17P   3224
637228,0.7960512813,0.7985388326,0.8010263779,0.8035139192,0.806      17P   3225
0014580,0.8084889950,0.8109765300,0.8134640631,0.8159515941,0.81      17P   3226
84391231,0.8209266497,0.8234141740,0.8259016957,0.8283892147,0.8      17P   3227
308767310,0.8333642444,0.8358517547,0.8383392620,0.8408267661,0.      17P   3228
8433142669,0.8458017644,0.8482892585,0.8507767492,0.8532642365,0      17P   3229
.8557517203,0.8582392006,0.8607266776,0.8632141511,0.8657016214,      17P   3230
0.8681890884,0.8706765523,0.8731640131,0.8756514709,0.8781389257      17P   3231
,0.8806263777,0.8831138280,0.8856012778,0.8880887280,0.890576178      17P   3232
6,0.8930636293,0.8955510801,0.8980385307,0.9005259810,0.90301343      17P   3233
07,0.9055008797,0.9079883278,0.9104757748,0.9129632207,0.9154506      17P   3234
652,0.9179381084,0.9204255502,0.9229129905,0.9254004292,0.927887      17P   3235
8665,0.9303753021,0.9328627364,0.9353501692,0.9378376007,0.94032      17P   3236
50306,0.9428124589,0.9452998856,0.9477873109,0.9502747343,0.9527      17P   3237
621563,0.9552495778,0.9577369959,0.9602244116,0.9627118266,0.965      17P   3238
1992449,0.9676866650,0.9701740820,0.9726614964,0.9751489121,0.97      17P   3239
76363295,0.9801237411,0.9826111625,0.9850985784,0.9875859898,0.9      17P   3240
900731543,0.9925593448,0.9950425185,1.0000000000,1.0000000000,1.      17P   3241
0000000000,1.0000000000,1.0,1.0,1.0,1.0,1.0,1.0,1.0,1.0,1.0,1.0,      17P   3242
1.0,1.0,1.0,1.0,1.0,1.0,1.0,1.0,1.0,1.0,1.0,1.0,1.0,1.0,1.0,1.0,      17P   3243
1.0,1.0,1.0,1.0,1.0,1.0,1.0,1.0,1.0,1.0,1.0,1.0,1.0,1.0,1.0,1.0,      17P   3244
1.0,1.0,1.0,1.0,1.0,1.0,1.0,1.0,1.0,1.0,1.0,1.0,1.0,1.0,1.0,1.0,      17P   3245
1.0,1.0,1.0,1.0,1.0,1.0,1.0,1.0,1.0,1.0,1.0,1.0,1.0,1.0,1.0,1.0,      17P   3246
1.0,1.0,1.0,1.0,1.0,1.0,1.0,1.0,1.0,1.0,1.0,1.0,1.0,1.0,1.0,1.0,      17P   3247
1.0,1.0,1.0,1.0,1.0,1.0,1.0,1.0,1.0,1.0,1.0,1.0,1.0,1.0,1.0,1.0,      17P   3248
1.0,1.0,1.0,1.0,1.0,1.0,1.0,1.0,1.0,1.0,1.0,1.0,1.0,1.0,1.0,1.0,      17P   3249
1.0,1.0,1.0,1.0,1.0,1.0,1.0,1.0,1.0,1.0,1.0,1.0,1.0,1.0,1.0,1.0,      17P   3250
1.0,1.0,1.0,1.0,1.0,1.0,1.0,1.0,1.0,1.0,1.0,1.0,1.0,1.0,1.0,1.0,      17P   3251
1.0,1.0,1.0,1.0,1.0,1.0,1.0,1.0,1.0,1.0,1.0,1.0,1.0,1.0,1.0,1.0,      17P   3252
1.0,1.0,1.0,1.0,1.0,1.0,1.0,1.0,1.0,1.0,1.0,1.0,1.0,1.0,1.0,1.0,      17P   3253
1.0,1.0,1.0,1.0,1.0,1.0,1.0,1.0,1.0,1.0,1.0,1.0,1.0,1.0,1.0,1.0,      17P   3254
1.0,1.0,1.0,1.0,1.0,1.0,1.0,1.0,1.0,1.0,1.0,1.0,1.0,1.0,1.0,1.0,      17P   3255
1.0,1.0,1.0,1.0,1.0,1.0,1.0,1.0,1.0,1.0,1.0,1.0,1.0,1.0,1.0,1.0,      17P   3256
1.0,1.0,1.0,1.0,1.0,1.0,1.0,1.0,1.0,1.0,1.0,1.0,1.0,1.0,1.0,1.0,      17P   3257
1.0,1.0,1.0,1.0,1.0,1.0,1.0,1.0,1.0,1.0,1.0,1.0,1.0,1.0,1.0,1.0,      17P   3258
1.0,1.0,1.0,1.0,1.0,1.0,1.0,1.0,1.0,1.0,1.0,1.0,1.0,1.0,1.0,1.0,      17P   3259
1.0,1.0,1.0,1.0,1.0,1.0,1.0,1.0,1.0,1.0,1.0,1.0,1.0,1.0,1.0,1.0,      17P   3260
1.0,1.0,1.0,1.0,1.0,1.0,1.0,1.0,1.0,1.0,1.0,1.0,1.0,1.0,1.0,1.0,      17P   3261
1.0,1.0,1.0,1.0,1.0,1.0,1.0,1.0,1.0,1.0,1.0,1.0,1.0,1.0,1.0,1.0,      17P   3262
1.0,1.0,1.0,1.0,1.0,1.0,1.0,1.0,1.0,1.0,1.0,1.0,1.0,1.0,1.0,1.0,      17P   3263
1.0,1.0,1.0,1.0,1.0,1.0,1.0,1.0,1.0,1.0,1.0,1.0,1.0,1.0,1.0,1.0,      17P   3264
1.0,1.0,1.0,1.0,1.0,1.0,1.0,1.0,1.0,1.0,1.0,1.0,1.0,1.0,1.0,1.0,      17P   3265
1.0,1.0,1.0,1.0,1.0,1.0,1.0,1.0,1.0,1.0,1.0,1.0,1.0,1.0,1.0,1.0,      17P   3266
1.0,1.0,1.0,1.0,1.0,1.0,6306.2044979216,-57.8461650711,375.86409      17P   3267
74403,6306.2560909186,-57.9669501576,375.8543800157,6306.3376165      17P   3268
927,-58.1463555946,375.8389677309,6306.4559490729,-58.3807578152      17P   3269
,375.8164319936,6306.5498599756,-58.5538681626,375.7984559547,63      17P   3270
06.6470447266,-58.7251630059,375.7797431613,6306.7475994075,-58.      17P   3271
8945289138,375.7602908963,6306.8527510907,-59.0610936378,375.739      17P   3272
8721784,6306.9632024890,-59.2241955089,375.7183216476,6307.07930      17P   3273
31493,-59.3833077367,375.6955462048,6307.2002803236,-59.53872953      17P   3274
62,375.6716668311,6307.3255251820,-59.6907290034,375.6467726518,      17P   3275
6307.4544961056,-59.8395830245,375.6209388440,6307.5869785067,-5      17P   3276
9.9853347152,375.5941745969,6307.7231349411,-60.1276864144,375.5      17P   3277
664098762,6307.8638356819,-60.2655919473,375.5374249066,6308.010      17P   3278
4031307,-60.3972149968,375.5068872553,6308.1620579725,-60.522892      17P   3279
8283,375.4749056700,6308.3181240012,-60.6430429238,375.441688081      17P   3280
6,6308.4777971857,-60.7583559170,375.4073334175,6308.6406828857,      17P   3281
-60.8691070560,375.3718851013,6308.8068496171,-60.9748912564,375      17P   3282
.3352760237,6308.9764636699,-61.0750656211,375.2974151423,6309.1      17P   3283
495934487,-61.1690080927,375.2582250212,6309.3257557573,-61.2571      17P   3284
049772,375.2177569920,6309.5044688837,-61.3398872701,375.1760422      17P   3285
324,6309.6854814396,-61.4175359210,375.1331651819,6309.868696039      17P   3286
9,-61.4898648981,375.0891112266,6310.0541348112,-61.5562905541,3      17P   3287
75.0438207963,6310.2416772144,-61.6165085733,374.9972707078,6310      17P   3288
.4310964952,-61.6705214798,374.9494652083,6310.6221347402,-61.71      17P   3289
84798601,374.9004127176,6310.8145346786,-61.7607088945,374.85014      17P   3290
69157,6311.0081740202,-61.7968159839,374.7985841561,6311.2027601      17P   3291
779,-61.8271869775,374.7456452383,6311.3980859166,-61.8523505700      17P   3292
,374.6914894492,6311.5940262164,-61.8721645227,374.6361941962,63      17P   3293
11.7904430538,-61.8864832527,374.5798649193,6311.9871815394,-61.      17P   3294
8953619298,374.5225972234,6312.1841236047,-61.8990134673,374.464      17P   3295
5319911,6312.3811309436,-61.8976403263,374.4056245999,6312.57795      17P   3296
03806,-61.8916133114,374.3453910322,6312.7745697129,-61.88109440      17P   3297
40,374.2842036603,6312.9708960059,-61.8661218455,374.2222403792,      17P   3298
6313.1667887041,-61.8462382953,374.1597576876,6313.3621628137,-6      17P   3299
1.8217665161,374.0969604336,6313.5569481410,-61.7925774087,374.0      17P   3300
341153863,6313.7509871278,-61.7583555750,373.9712715504,6313.944      17P   3301
0462444,-61.7195633232,373.9077994243,6314.1362818027,-61.676957      17P   3302
6018,373.8440374484,6314.3277029689,-61.6308662315,373.780106164      17P   3303
3,6314.5180318789,-61.5803886143,373.7162888531,6314.7074092238,      17P   3304
-61.5264763216,373.6527030928,6314.8957802938,-61.4690258358,373      17P   3305
.5895390579,6315.0829432245,-61.4074454325,373.5270015753,6315.2      17P   3306
688005660,-61.3423442460,373.4644062263,6315.4535498741,-61.2742      17P   3307
161654,373.4020044526,6315.6372445431,-61.2033340887,373.3398916      17P   3308
070,6315.8197784992,-61.1295319063,373.2782613449,6316.000829169      17P   3309
8,-61.0521309847,373.2173741673,6316.1801499423,-60.9707538435,3      17P   3310
73.1574073029,6316.3576484542,-60.8852392089,373.0986728160,6316      17P   3311
.5332756631,-60.7960040539,373.0406555747,6316.7075643778,-60.70      17P   3312
43004845,372.9831200817,6316.8808884491,-60.6108431639,372.92610      17P   3313
64659,6317.0533946704,-60.5159570507,372.8696669509,6317.2243714      17P   3314
261,-60.4183090710,372.8141433279,6317.3932961496,-60.3170897989      17P   3315
,372.7598078048,6317.5601635545,-60.2124783578,372.7067227211,63      17P   3316
17.7250115509,-60.1045930045,372.6550534538,6317.8883595807,-59.      17P   3317
9945125965,372.6042912087,6318.0505318145,-59.8827844139,372.554      17P   3318
2615110,6318.2115374099,-59.7694160050,372.5050137380,6318.37080      17P   3319
08163,-59.6535649208,372.4567391529,6318.5279304604,-59.53478112      17P   3320
26,372.4095717116,6318.6846841227,-59.4156423953,372.3630042786,      17P   3321
6318.8391476482,-59.2934759412,372.3176256589,6318.9914075648,-5      17P   3322
9.1685369039,372.2734118611,6319.1411609363,-59.0405375214,372.2      17P   3323
304685743,6319.2902398337,-58.9118759425,372.1881281575,6319.437      17P   3324
5757944,-58.7811942155,372.1466955414,6319.5825541656,-58.647852      17P   3325
7718,372.1063179015,6319.7270191409,-58.5140373393,372.066470083      17P   3326
9,6319.8689709931,-58.3774816157,372.0276887310,6320.0102951494,      17P   3327
-58.2403451365,371.9894435336,6320.1495424082,-58.1010524234,371      17P   3328
.9521152007,6320.2877323371,-57.9607569974,371.9154144425,6320.4      17P   3329
244893940,-57.8190875581,371.8794332423,6320.5583081497,-57.6745      17P   3330
822751,371.8445432137,6320.6886266378,-57.5268511881,371.8108458      17P   3331
437,6320.8167494077,-57.3772070667,371.7779885107,6320.945655188      17P   3332
7,-57.2283357579,371.7452029254,6321.0738782104,-57.0788751844,3      17P   3333
71.7128635792,6321.2015901700,-56.9289896647,371.6809227389,6321      17P   3334
.3274914727,-56.7775489840,371.6496979711,6321.4521512708,-56.62      17P   3335
50981022,371.6190381054,6321.5747093955,-56.4709281147,371.58914      17P   3336
47446,6321.6955529004,-56.3154106075,371.5599107056,6321.8151301      17P   3337
563,-56.1589285454,371.5312197310,6321.9333969594,-56.0014645469      17P   3338
,371.5030717266,6322.0502263010,-55.8429445420,371.4754729673,63      17P   3339
22.1643571631,-55.6824408204,371.4487129232,6322.2754267516,-55.      17P   3340
5197816089,371.4228585659,6322.3846359386,-55.3558805266,371.397      17P   3341
6171193,6322.4922419958,-55.1909180810,371.3729199280,6322.59895      17P   3342
88698,-55.0253764543,371.3485956940,6322.7060672602,-54.86010218      17P   3343
64,371.3243504276,6322.8141114059,-54.6954608054,371.3000637128,      17P   3344
6322.9225939615,-54.5311212024,371.2758500348,6323.0305531463,-5      17P   3345
4.3664360597,371.2519230375,6323.1370583885,-54.2007888554,371.2      17P   3346
284830335,6323.2411841161,-54.0336080847,371.2057251491,6323.344      17P   3347
5371834,-53.8659712485,371.1832822244,6323.4468442596,-53.697701      17P   3348
4933,371.1612031370,6323.5476488297,-53.5285268782,371.139583873      17P   3349
6,6323.6464181057,-53.3581491358,371.1185316289,6323.7427837934,      17P   3350
-53.1863917541,371.0981166599,6323.8367607176,-53.0133061491,371      17P   3351
.0783269862,6323.9287452038,-52.8391476963,371.0590706906,6324.0      17P   3352
207803776,-52.6650425126,371.0399169516,6324.1125860303,-52.4908      17P   3353
268350,371.0209252340,6324.2029030037,-52.3158203462,371.0023528      17P   3354
851,6324.2919981058,-52.1401854640,370.9841400695,6324.380084587      17P   3355
4,-51.9640406247,370.9662395156,6324.4676209549,-51.7876227998,3      17P   3356
70.9485556909,6324.5550522348,-51.6111553408,370.9309971610,6324      17P   3357
.6426734593,-51.4347849609,370.9135080577,6324.7305489524,-51.25      17P   3358
85446932,370.8960663084,6324.8185407953,-51.0823670895,370.87868      17P   3359
69949,6324.9062057067,-50.9060273431,370.8614628848,6324.9929979      17P   3360
849,-50.7292532885,370.8444998718,6325.0785098941,-50.5518500336      17P   3361
,370.8278760660,6325.1625760886,-50.3737496795,370.8116205487,63      17P   3362
25.2458847752,-50.1952942130,370.7955979572,6325.3293390928,-50.      17P   3363
0169155986,370.7796351497,6325.4129319231,-49.8386095673,370.763      17P   3364
7356553,6325.4959973442,-49.6600574534,370.7480269756,6325.57785      17P   3365
89143,-49.4809455608,370.7326354992,6325.6580217229,-49.30105930      17P   3366
52,370.7176507211,6325.7364102467,-49.1203854402,370.7030821043,      17P   3367
6325.8138666818,-48.9393084095,370.6887694164,6325.8919718884,-4      17P   3368
8.7585185722,370.6744215023,6325.9711107199,-48.5781894706,370.6      17P   3369
599712378,6326.0506145478,-48.3980242305,370.6455476535,6326.129      17P   3370
6425198,-48.2176464945,370.6312922988,6326.2076003029,-48.036799      17P   3371
4984,370.6172916385,6326.2842114505,-47.8553729227,370.603599177      17P   3372
9,6326.3595997099,-47.6734315485,370.5901894943,6326.4345177920,      17P   3373
-47.4912978787,370.5769282790,6326.5096765531,-47.3092692831,370      17P   3374
.5636909635,6326.5849290625,-47.1272825571,370.5505056112,6326.6      17P   3375
598449633,-46.9451562242,370.5374487769,6326.7341410324,-46.7627      17P   3376
748419,370.5245699156,6326.8076294316,-46.5800653964,370.5119009      17P   3377
956,6326.8801627816,-46.3969732574,370.4994662701,6326.951736629      17P   3378
2,-46.2135025594,370.4872650370,6327.0225014943,-46.0297171497,3      17P   3379
70.4752703065,6327.0928225066,-45.8457610194,370.4634195324,6327      17P   3380
.1632335640,-45.6618402756,370.4516234302,6327.2341575336,-45.47      17P   3381
81190071,370.4398133722,6327.3056720288,-45.2946294146,370.42797      17P   3382
95691,6327.3775349745,-45.1112774792,370.4161647671,6327.4493567      17P   3383
512,-44.9279089473,370.4044354874,6327.5207446704,-44.7443688068      17P   3384
,370.3928539922,6327.5914681241,-44.5605701906,370.3814295547,63      17P   3385
27.6616177046,-44.3765510422,370.3701530352,6327.7314173444,-44.      17P   3386
1923991157,370.3589871708,6327.8010530090,-44.0081853704,370.347      17P   3387
9033329,6327.8706584836,-43.8239599759,370.3368811706,6327.94045      17P   3388
88129,-43.6398085629,370.3258865573,6328.0106618898,-43.45581168      17P   3389
61,370.3148888288,6328.0812928580,-43.2719813580,370.3038865602,      17P   3390
6328.1519523004,-43.0881635690,370.2929440556,6328.2219772028,-4      17P   3391
2.9041016109,370.2821645402,6328.2907678349,-42.7195708349,370.2      17P   3392
716390046,6328.3580488737,-42.5344805750,370.2614068299,6328.424      17P   3393
2607970,-42.3490045606,370.2513984018,6328.4902910066,-42.163465      17P   3394
0325,370.2414788980,6328.5569046808,-41.9781371692,370.231535182      17P   3395
3,6328.6241980935,-41.7930586257,370.2215561093,6328.6916847665,      17P   3396
-41.6080517754,370.2116163308,6328.7587364093,-41.4228851993,370      17P   3397
.2018094862,6328.8248490742,-41.2373783749,370.1922071382,6328.8      17P   3398
899864207,-41.0515250826,370.1828165796,6328.9544184282,-40.8654      17P   3399
263226,370.1735823042,6329.0184675106,-40.6791967718,370.1644434      17P   3400
128,6329.0822781232,-40.4928861256,370.1553837746,6329.145859114      17P   3401
5,-40.3064972845,370.1464017142,6329.2091776420,-40.1200191019,3      17P   3402
70.1375027292,6329.2722090753,-39.9334436112,370.1286906843,6329      17P   3403
.3349493255,-39.7467700103,370.1199665966,6329.3973846021,-39.55      17P   3404
99941993,370.1113327606,6329.4594966108,-39.3731106488,370.10279      17P   3405
20240,6329.5212603321,-39.1861117027,370.0943480645,6329.5826466      17P   3406
707,-38.9989885297,370.0860050034,6329.6436202574,-38.8117304238      17P   3407
,370.0777676835,6329.7041392833,-38.6243248138,370.0696416587,63      17P   3408
29.7641761109,-38.4367640357,370.0616304193,6329.8237291622,-38.      17P   3409
2490489636,370.0537338816,6329.8828293682,-38.0611907376,370.045      17P   3410
9476512,6329.9415400888,-37.8732103919,370.0382631768,6329.99995      17P   3411
02831,-37.6851364738,370.0306687830,6330.0581581620,-37.49699989      17P   3412
08,370.0231518949,6330.1162642878,-37.3088319276,370.0156999648,      17P   3413
6330.1743644502,-37.1206622395,370.0083014186,6330.2325284235,-3      17P   3414
6.9325123968,370.0009482631,6330.2907881107,-36.7443921925,369.9      17P   3415
936376882,6330.3491345883,-36.5562987073,369.9863713926,6330.407      17P   3416
5232688,-36.3682188183,369.9791301267,6330.4658862935,-36.180131      17P   3417
0243,369.9719280012,6330.5241528579,-35.9920132875,369.964773502      17P   3418
5,6330.5822643212,-35.8038475081,369.9576750068,6330.6401724766,      17P   3419
-35.6156189807,369.9506390426,6330.6978454858,-35.4273181955,369      17P   3420
.9436701299,6330.7552685834,-35.2389409918,369.9367706046,6330.8      17P   3421
124417548,-35.0504877571,369.9299409884,6330.8693740861,-34.8619      17P   3422
616279,369.9231807013,6330.9260725888,-34.6733650527,369.9164894      17P   3423
118,6330.9825409299,-34.4846994383,369.9098671762,6331.038783520      17P   3424
2,-34.2959664047,369.9033139526,6331.0948045591,-34.1071674915,3      17P   3425
69.8968297157,6331.1506083165,-33.9183042433,369.8904144238,6331      17P   3426
.2061990521,-33.7293781850,369.8840680296,6331.2615810366,-33.54      17P   3427
03908294,369.8777904783,6331.3167585463,-33.3513436747,369.87158      17P   3428
17091,6331.3717358640,-33.1622382060,369.8654416556,6331.4265172      17P   3429
782,-32.9730758951,369.8593702491,6331.4811070837,-32.7838582010      17P   3430
,369.8533674082,6331.5355095806,-32.5945865691,369.8474330839,63      17P   3431
31.5897290741,-32.4052624359,369.8415670922,6331.6437698779,-32.      17P   3432
2158872094,369.8357697448,6331.6976363154,-32.0264622851,369.830      17P   3433
0394959,6331.7513327732,-31.8369887822,369.8243817227,6331.80486      17P   3434
34780,-31.6474686082,369.8187710103,6331.8582326082,-31.45790301      17P   3435
67,369.8132040507,6331.9114451675,-31.2682934326,369.8076820724,      17P   3436
6331.9645032840,-31.0786405827,369.8022053503,6332.0174189536,-3      17P   3437
0.8889479852,369.7967734739,6332.0701606021,-30.6992068489,369.7      17P   3438
913903972,6332.1227027556,-30.5094101489,369.7860593576,6332.175      17P   3439
1771837,-30.3195946260,369.7807676885,6332.2277685021,-30.129811      17P   3440
4674,369.7754977901,6332.2806411604,-29.9401066140,369.770234561      17P   3441
1,6332.3338793697,-29.7505042855,369.7649712860,6332.3874443906,      17P   3442
-29.5609944531,369.7597135677,6332.4411096920,-29.3715132022,369      17P   3443
.7544851817,6332.4945286526,-29.1819620293,369.7493207682,6332.5      17P   3444
474913824,-28.9922825035,369.7442408110,6332.5998868358,-28.8024      17P   3445
452291,369.7392557614,6332.6516920890,-28.6124459133,369.7343673      17P   3446
947,6332.7029650231,-28.4223022667,369.7295698396,6332.753816687      17P   3447
4,-28.2320456257,369.7248524672,6332.8043428976,-28.0417023880,3      17P   3448
69.7202063770,6332.8546120309,-27.8512911564,369.7156254377,6332      17P   3449
.9046825779,-27.6608276569,369.7111046056,6332.9545972102,-27.47      17P   3450
03232710,369.7066404331,6333.0043866094,-27.2797861362,369.70223      17P   3451
06281,6333.0540741309,-27.0892224132,369.6978737449,6333.1036856      17P   3452
907,-26.8986388914,369.6935677608,6333.1532496386,-26.7080428661      17P   3453
,369.6893121240,6333.2027936888,-26.5174415133,369.6851004950,63      17P   3454
33.2523457816,-26.3268425267,369.6809039424,6333.3019333426,-26.      17P   3455
1362527843,369.6767273805,6333.3515857645,-25.9456799345,369.672      17P   3456
5678681,6333.4013372629,-25.7551329307,369.6684242020,6333.45121      17P   3457
38380,-25.5646186478,369.6642953829,6333.5012255727,-25.37413982      17P   3458
86,369.6601819369,6333.5513624960,-25.1836939533,369.6560860241,      17P   3459
6333.6015950911,-24.9932733158,369.6520113902,6333.6518785390,-2      17P   3460
4.8028661125,369.6479629507,6333.7021574885,-24.6124577097,369.6      17P   3461
439463559,6333.7523850977,-24.4220357363,369.6399664428,6333.802      17P   3462
5245736,-24.2315905143,369.6360271337,6333.8525504632,-24.041115      17P   3463
4023,369.6321313610,6333.9024496332,-23.8506070383,369.628281024      17P   3464
8,6333.9522190689,-23.6600647332,369.6244772026,6334.0018617674,      17P   3465
-23.4694893700,369.6207204950,6334.0513785892,-23.2788812625,369      17P   3466
.6170116558,6334.1007684312,-23.0882402120,369.6133515696,6334.1      17P   3467
500306575,-22.8975661444,369.6097410669,6334.1991645029,-22.7068      17P   3468
589537,369.6061809699,6334.2481692351,-22.5161185438,369.6026720      17P   3469
792,6334.2970441119,-22.3253448178,369.5992151788,6334.345788392      17P   3470
9,-22.1345376809,369.5958110298,6334.3944013344,-21.9436970385,3      17P   3471
69.5924603913,6334.4428821979,-21.7528228001,369.5891639417,6334      17P   3472
.4912302220,-21.5619148674,369.5859225718,6334.5394447302,-21.37      17P   3473
09731593,369.5827362925,6334.5875247230,-21.1799974057,369.57960      17P   3474
83103,6334.6354684536,-20.9889872915,369.5765299424,6334.6832754      17P   3475
450,-20.7979431483,369.5734706026,6334.7309478778,-20.6068653971      17P   3476
,369.5704389111,6334.7784909542,-20.4157554256,369.5674335886,63      17P   3477
34.8259129174,-20.2246153632,369.5644557504,6334.8732243493,-20.      17P   3478
0334479136,369.5615056662,6334.9204368072,-19.8422559983,369.558      17P   3479
5837338,6334.9675609306,-19.6510422932,369.5556903640,6335.01460      17P   3480
72661,-19.4598094355,369.5528259939,6335.0615863931,-19.26856005      17P   3481
72,369.5499910651,6335.1085088876,-19.0772967774,369.5471860329,      17P   3482
6335.1553853343,-18.8860222073,369.5444113674,6335.2022263032,-1      17P   3483
8.6947389467,369.5416675575,6335.2490424212,-18.5034496027,369.5      17P   3484
389551096,6335.2958440390,-18.3121567099,369.5362745687,6335.342      17P   3485
6444435,-18.1208635214,369.5336263399,6335.3894560009,-17.929573      17P   3486
0655,369.5310109173,6335.4362843132,-17.7382867156,369.528429203      17P   3487
5,6335.4831255926,-17.5470035457,369.5258826279,6335.5299655990,      17P   3488
-17.3557200675,369.5233731665,6335.5767811084,-17.1644305922,369      17P   3489
.5209032197,6335.6235429490,-16.9731279854,369.5184754138,6335.6      17P   3490
702223808,-16.7818052465,369.5160922458,6335.7167930454,-16.5904      17P   3491
559962,369.5137559817,6335.7632284718,-16.3990738742,369.5114687      17P   3492
898,6335.8094981778,-16.2076516069,369.5092328982,6335.855573279      17P   3493
3,-16.0161823907,369.5070503815,6335.9014338003,-15.8246616546,3      17P   3494
69.5049225411,6335.9470724263,-15.6330879084,369.5028508450,6335      17P   3495
.9924954951,-15.4414629263,369.5008329599,6336.0377212514,-15.24      17P   3496
97911078,369.4988777744,6336.0827757433,-15.0580790751,369.49694      17P   3497
53780,6336.1276838095,-14.8663327921,369.4950260200,6336.1724681      17P   3498
557,-14.6745575890,369.4931227728,6336.2171537643,-14.4827593613      17P   3499
,369.4912351963,6336.2617624864,-14.2909432404,369.4893639040,63      17P   3500
36.3063104801,-14.0991130101,369.4875095117,6336.3508066829,-13.      17P   3501
9072707623,369.4856730073,6336.3952530460,-13.7154169625,369.483      17P   3502
8556486,6336.4396459944,-13.5235507957,369.4820589140,6336.48397      17P   3503
96350,-13.3316709150,369.4802843566,6336.5282500814,-13.13977644      17P   3504
33,369.4785334291,6336.5724538425,-12.9478665982,369.4768075501,      17P   3505
6336.6165873035,-12.7559405730,369.4751081233,6336.6606468793,-1      17P   3506
2.5639975718,369.4734365311,6336.7046289746,-12.3720368007,369.4      17P   3507
717941341,6336.7485299926,-12.1800574700,369.4701822709,6336.792      17P   3508
3463355,-11.9880587945,369.4686022561,6336.8360743921,-11.796039      17P   3509
9913,369.4670553803,6336.8797105788,-11.6040002886,369.465542907      17P   3510
5,6336.9232512244,-11.4119389003,369.4640660784,6336.9666903188,      17P   3511
-11.2198545162,369.4626261829,6337.0100238169,-11.0277462804,369      17P   3512
.4612244100,6337.0532531104,-10.8356145682,369.4598617480,6337.0      17P   3513
963869281,-10.6434613995,369.4585389490,6337.1394415587,-10.4512      17P   3514
904740,369.4572565572,6337.1824395548,-10.2591068707,369.4560149      17P   3515
818,6337.2254071001,-10.0669164587,369.4548146097,6337.268368915      17P   3516
9,-9.8747247662,369.4536559473,6337.3113487153,-9.6825370940,369      17P   3517
.4525396682,6337.3543699757,-9.4903586973,369.4514663748,6337.39      17P   3518
74589386,-9.2981954603,369.4504373560,6337.4406425830,-9.1060534      17P   3519
472,369.4494515918,6337.4839405077,-8.9139370302,369.4485173811,      17P   3520
6337.5273620479,-8.7218486455,369.4475667773,6337.5709036072,-8.      17P   3521
5297874645,369.4466086531,6337.6145481621,-8.3377496735,369.4456      17P   3522
439190,6337.6582681490,-8.1457290456,369.4446759834,6337.7020320      17P   3523
294,-7.9537184194,369.4437077754,6337.7458097328,-7.7617109448,3      17P   3524
69.4427423634,6337.7895693258,-7.5696993407,369.4417828100,6337.      17P   3525
8332791838,-7.3776764057,369.4408321606,6337.8769084855,-7.18563      17P   3526
51470,369.4398934015,6337.9204252455,-6.9935683479,369.438969490      17P   3527
5,6337.9637955688,-6.8014684200,369.4380633518,6338.0069891038,-      17P   3528
6.6093286546,369.4371777448,6338.0499822170,-6.4171439355,369.43      17P   3529
63151924,6338.0927597101,-6.2249111023,369.4354779508,6338.13531      17P   3530
46341,-6.0326288737,369.4346680254,6338.1776464686,-5.8402974070      17P   3531
,369.4338872240,6338.2197572289,-5.6479174180,369.4331372416,633      17P   3532
8.2616485646,-5.4554895237,369.4324197270,6338.3032779232,-5.263      17P   3533
0047481,369.4317369865,6338.3446242601,-5.0704590204,369.4310907      17P   3534
508,6338.3859026678,-4.8778987561,369.4304791769,6338.4274047437      17P   3535
,-4.6853864936,369.4299001615,6338.4690976365,-4.4929157097,369.      17P   3536
4293568824,6338.5103387701,-4.3003465827,369.4288596097,6338.550      17P   3537
4153406,-4.1075321284,369.4284161112,6338.5905345819,-3.91472698      17P   3538
15,369.4280127799,6338.6316237751,-3.7221251654,369.4276440380,6      17P   3539
338.6739590495,-3.5297928973,369.4273131855,6338.7179679065,-3.3      17P   3540
378349638,369.4270241245,6338.7636603541,-3.1462748909,369.42678      17P   3541
67608,6338.8080044059,-2.9543909995,369.4266212024,6338.84891971      17P   3542
49,-2.7617454127,369.4265252325,6338.8880393792,-2.5687354761,36      17P   3543
9.4264878062,6338.9271169803,-2.3757167598,369.4264955554,6338.9      17P   3544
667394654,-2.1828083181,369.4264945502,6339.0085027227,-1.990344      17P   3545
6843,369.4264970238,6339.0534408444,-1.7986007578,369.4264999590      17P   3546
,6339.0994797202,-1.6071231676,369.4265042469,6339.1436166567,-1      17P   3547
.4151949219,369.4265093219,6339.1856764529,-1.2227960078,369.426      17P   3548
5151037,6339.2235123192,-1.0295082343,369.4265210088,6339.267919      17P   3549
4736,-0.8376360678,369.4265288534,6339.3058708984,-0.6443675599,      17P   3550
369.4265364103,6339.3295543277,-0.4486677200,369.4265415279,6339      17P   3551
.3134502525,-0.1843098224,369.4265379838,6339.2006852297,-0.0047      17P   3552
884888,369.4265147191,6339.0808429026,0.0581656365,369.426502564      17P   3553
5,0.0000000000,1.0000000000,0.0,0.0,0.0;                              17P   3554
126,399,403,1,0,1,0,0.0000000000,0.0000000000,0.0000000000,0.000      19P   3555
0000000,0.0049691497,0.0074540868,0.0099406981,0.0124287772,0.01      19P   3556
49179681,0.0174074753,0.0198968749,0.0223863845,0.0248758500,0.0      19P   3557
273654147,0.0298549499,0.0323444855,0.0348340016,0.0373235292,0.      19P   3558
0398130613,0.0423026153,0.0447921593,0.0472817068,0.0497712548,0      19P   3559
.0522608083,0.0547503731,0.0572399536,0.0597295506,0.0622191636,      19P   3560
0.0647087902,0.0671984282,0.0696880757,0.0721777333,0.0746674023      19P   3561
,0.0771570854,0.0796467843,0.0821364999,0.0846262315,0.087115976      19P   3562
6,0.0896057319,0.0920954939,0.0945852615,0.0970750361,0.09956482      19P   3563
00,0.1020546144,0.1045444189,0.1070342369,0.1095240726,0.1120139      19P   3564
292,0.1145038058,0.1169937012,0.1194836156,0.1219735506,0.124463      19P   3565
5071,0.1269534867,0.1294434903,0.1319335191,0.1344235736,0.13691      19P   3566
36541,0.1394037601,0.1418938909,0.1443840457,0.1468742234,0.1493      19P   3567
644229,0.1518546419,0.1543448778,0.1568351271,0.1593253881,0.161      19P   3568
8156651,0.1643059644,0.1667962921,0.1692866487,0.1717770344,0.17      19P   3569
42674492,0.1767578943,0.1792483718,0.1817388841,0.1842294337,0.1      19P   3570
867200226,0.1892106517,0.1917013208,0.1941920288,0.1966827744,0.      19P   3571
1991735565,0.2016643739,0.2041552252,0.2066461090,0.2091370238,0      19P   3572
.2116279682,0.2141189472,0.2166099685,0.2191010392,0.2215921605,      19P   3573
0.2240833314,0.2265745512,0.2290658199,0.2315571383,0.2340485082      19P   3574
,0.2365399327,0.2390314152,0.2415229579,0.2440145609,0.246506221      19P   3575
9,0.2489979369,0.2514897010,0.2539815098,0.2564733601,0.25896525      19P   3576
07,0.2614571811,0.2639491576,0.2664411893,0.2689332856,0.2714254      19P   3577
496,0.2739176814,0.2764099809,0.2789023482,0.2813947834,0.283887      19P   3578
2862,0.2863798567,0.2888724947,0.2913652001,0.2938579727,0.29635      19P   3579
08123,0.2988437187,0.3013366915,0.3038297305,0.3063228353,0.3088      19P   3580
160054,0.3113092448,0.3138025635,0.3162959720,0.3187894768,0.321      19P   3581
2830785,0.3237767772,0.3262705730,0.3287644660,0.3312584561,0.33      19P   3582
37525432,0.3362467269,0.3387410068,0.3412353820,0.3437298513,0.3      19P   3583
462244132,0.3487190658,0.3512138072,0.3537086355,0.3562035498,0.      19P   3584
3586985577,0.3611936680,0.3636888880,0.3661842163,0.3686796493,0      19P   3585
.3711751829,0.3736708124,0.3761665335,0.3786623439,0.3811582445,      19P   3586
0.3836542403,0.3861503401,0.3886465558,0.3911429012,0.3936393908      19P   3587
,0.3961360374,0.3986328499,0.4011298351,0.4036270020,0.406124353      19P   3588
8,0.4086218840,0.4111195721,0.4136173945,0.4161153273,0.41861335      19P   3589
03,0.4211114488,0.4236096154,0.4261078503,0.4286061608,0.4311045      19P   3590
605,0.4336030674,0.4361017013,0.4386004812,0.4410994231,0.443598      19P   3591
5404,0.4460978496,0.4485973627,0.4510970860,0.4535970158,0.45609      19P   3592
71481,0.4585974791,0.4610980049,0.4635987211,0.4660996232,0.4686      19P   3593
007063,0.4711019649,0.4736033935,0.4761049872,0.4786067430,0.481      19P   3594
1086603,0.4836107411,0.4861129963,0.4886154423,0.4911180973,0.49      19P   3595
36209743,0.4961240836,0.4986274350,0.5011310364,0.5036348923,0.5      19P   3596
061390030,0.5086433646,0.5111479692,0.5136528064,0.5161578648,0.      19P   3597
5186631324,0.5211685966,0.5236742452,0.5261800723,0.5286860778,0      19P   3598
.5311922675,0.5336986492,0.5362052344,0.5387120377,0.5412190753,      19P   3599
0.5437263637,0.5462339194,0.5487417591,0.5512498982,0.5537583503      19P   3600
,0.5562671265,0.5587762352,0.5612856832,0.5637954779,0.566305630      19P   3601
5,0.5688161523,0.5713270529,0.5738383380,0.5763500136,0.57886208      19P   3602
52,0.5813745591,0.5838874413,0.5864007384,0.5889144565,0.5914286      19P   3603
002,0.5939431718,0.5964581702,0.5989735915,0.6014894326,0.604005      19P   3604
6933,0.6065223732,0.6090394685,0.6115569705,0.6140748711,0.61659      19P   3605
31641,0.6191118459,0.6216309157,0.6241503759,0.6266702308,0.6291      19P   3606
904856,0.6317111454,0.6342322139,0.6367536965,0.6392756250,0.641      19P   3607
7980399,0.6443209938,0.6468445501,0.6493688177,0.6518939163,0.65      19P   3608
44199041,0.6569467271,0.6594742357,0.6620022483,0.6645306263,0.6      19P   3609
670593430,0.6695885398,0.6721184834,0.6746494494,0.6771814091,0.      19P   3610
6797140237,0.6822468670,0.6847798099,0.6873130968,0.6898471581,0      19P   3611
.6923823022,0.6949184388,0.6974550533,0.6999915111,0.7025274304,      19P   3612
0.7050628005,0.7075978911,0.7101331213,0.7126687583,0.7152048161      19P   3613
,0.7177411522,0.7202778888,0.7228154548,0.7253543103,0.727894641      19P   3614
5,0.7304362959,0.7329788886,0.7355219387,0.7380649850,0.74060766      19P   3615
59,0.7431498816,0.7456916228,0.7482328795,0.7507735161,0.7533135      19P   3616
526,0.7558532831,0.7583931292,0.7609334049,0.7634742202,0.766015      19P   3617
5018,0.7685569346,0.7710978983,0.7736377421,0.7761763235,0.77871      19P   3618
40045,0.7812513527,0.7837887577,0.7863264620,0.7888645268,0.7914      19P   3619
027061,0.7939405446,0.7964776514,0.7990138762,0.8015492905,0.804      19P   3620
0840327,0.8066182099,0.8091519723,0.8116854223,0.8142186124,0.81      19P   3621
67514522,0.8192838111,0.8218155696,0.8243466354,0.8268769415,0.8      19P   3622
294064343,0.8319350533,0.8344627144,0.8369893586,0.8395150283,0.      19P   3623
8420399259,0.8445643192,0.8470884137,0.8496122265,0.8521356735,0      19P   3624
.8546586406,0.8571810600,0.8597029088,0.8622242068,0.8647450165,      19P   3625
0.8672653827,0.8697852806,0.8723046395,0.8748234442,0.8773417513      19P   3626
,0.8798596486,0.8823771475,0.8848941381,0.8874105113,0.889926271      19P   3627
9,0.8924415642,0.8949565425,0.8974712709,0.8999857679,0.90250005      19P   3628
29,0.9050140702,0.9075276731,0.9100407393,0.9125532412,0.9150652      19P   3629
251,0.9175767568,0.9200877870,0.9225985825,0.9251094358,0.927620      19P   3630
6012,0.9301320423,0.9326426231,0.9351519028,0.9376590263,0.94016      19P   3631
36653,0.9426655174,0.9451648574,0.9476627137,0.9501595168,0.9526      19P   3632
554091,0.9551501389,0.9576435562,0.9601356392,0.9626267446,0.965      19P   3633
1170452,0.9676068954,0.9700964171,0.9725858853,0.9750754726,0.97      19P   3634
75652558,0.9800554035,0.9825459724,0.9850371048,0.9875289490,0.9      19P   3635
900215846,0.9925150921,0.9950094001,1.0000000000,1.0000000000,1.      19P   3636
0000000000,1.0000000000,1.0,1.0,1.0,1.0,1.0,1.0,1.0,1.0,1.0,1.0,      19P   3637
1.0,1.0,1.0,1.0,1.0,1.0,1.0,1.0,1.0,1.0,1.0,1.0,1.0,1.0,1.0,1.0,      19P   3638
1.0,1.0,1.0,1.0,1.0,1.0,1.0,1.0,1.0,1.0,1.0,1.0,1.0,1.0,1.0,1.0,      19P   3639
1.0,1.0,1.0,1.0,1.0,1.0,1.0,1.0,1.0,1.0,1.0,1.0,1.0,1.0,1.0,1.0,      19P   3640
1.0,1.0,1.0,1.0,1.0,1.0,1.0,1.0,1.0,1.0,1.0,1.0,1.0,1.0,1.0,1.0,      19P   3641
1.0,1.0,1.0,1.0,1.0,1.0,1.0,1.0,1.0,1.0,1.0,1.0,1.0,1.0,1.0,1.0,      19P   3642
1.0,1.0,1.0,1.0,1.0,1.0,1.0,1.0,1.0,1.0,1.0,1.0,1.0,1.0,1.0,1.0,      19P   3643
1.0,1.0,1.0,1.0,1.0,1.0,1.0,1.0,1.0,1.0,1.0,1.0,1.0,1.0,1.0,1.0,      19P   3644
1.0,1.0,1.0,1.0,1.0,1.0,1.0,1.0,1.0,1.0,1.0,1.0,1.0,1.0,1.0,1.0,      19P   3645
1.0,1.0,1.0,1.0,1.0,1.0,1.0,1.0,1.0,1.0,1.0,1.0,1.0,1.0,1.0,1.0,      19P   3646
1.0,1.0,1.0,1.0,1.0,1.0,1.0,1.0,1.0,1.0,1.0,1.0,1.0,1.0,1.0,1.0,      19P   3647
1.0,1.0,1.0,1.0,1.0,1.0,1.0,1.0,1.0,1.0,1.0,1.0,1.0,1.0,1.0,1.0,      19P   3648
1.0,1.0,1.0,1.0,1.0,1.0,1.0,1.0,1.0,1.0,1.0,1.0,1.0,1.0,1.0,1.0,      19P   3649
1.0,1.0,1.0,1.0,1.0,1.0,1.0,1.0,1.0,1.0,1.0,1.0,1.0,1.0,1.0,1.0,      19P   3650
1.0,1.0,1.0,1.0,1.0,1.0,1.0,1.0,1.0,1.0,1.0,1.0,1.0,1.0,1.0,1.0,      19P   3651
1.0,1.0,1.0,1.0,1.0,1.0,1.0,1.0,1.0,1.0,1.0,1.0,1.0,1.0,1.0,1.0,      19P   3652
1.0,1.0,1.0,1.0,1.0,1.0,1.0,1.0,1.0,1.0,1.0,1.0,1.0,1.0,1.0,1.0,      19P   3653
1.0,1.0,1.0,1.0,1.0,1.0,1.0,1.0,1.0,1.0,1.0,1.0,1.0,1.0,1.0,1.0,      19P   3654
1.0,1.0,1.0,1.0,1.0,1.0,1.0,1.0,1.0,1.0,1.0,1.0,1.0,1.0,1.0,1.0,      19P   3655
1.0,1.0,1.0,1.0,1.0,1.0,1.0,1.0,1.0,1.0,1.0,1.0,1.0,1.0,1.0,1.0,      19P   3656
1.0,1.0,1.0,1.0,1.0,1.0,1.0,1.0,1.0,1.0,1.0,1.0,1.0,1.0,1.0,1.0,      19P   3657
1.0,1.0,1.0,1.0,1.0,1.0,1.0,1.0,1.0,1.0,1.0,1.0,1.0,1.0,1.0,1.0,      19P   3658
1.0,1.0,1.0,1.0,1.0,1.0,1.0,1.0,1.0,1.0,1.0,1.0,1.0,1.0,1.0,1.0,      19P   3659
1.0,1.0,1.0,1.0,1.0,1.0,1.0,1.0,1.0,1.0,1.0,1.0,1.0,1.0,1.0,1.0,      19P   3660
1.0,1.0,1.0,1.0,1.0,1.0,1.0,1.0,1.0,1.0,1.0,1.0,1.0,1.0,1.0,1.0,      19P   3661
1.0,1.0,1.0,1.0,1.0,1.0,6339.0808429026,0.0581656365,369.4265025      19P   3662
645,6338.9811402693,0.1136648169,369.4265039444,6338.7991662180,      19P   3663
0.1343664984,369.4262855675,6338.5905575719,0.0328037802,369.427      19P   3664
9434408,6338.4713770887,-0.0915974225,369.4292939659,6338.383732      19P   3665
5584,-0.2383783106,369.4304990708,6338.3219052652,-0.3971018430,      19P   3666
369.4314368060,6338.2645016763,-0.5571195798,369.4323679106,6338      19P   3667
.2098091356,-0.7181778610,369.4333084285,6338.1512830993,-0.8778      19P   3668
872572,369.4343655627,6338.0875446848,-1.0355765982,369.43557427      19P   3669
04,6338.0255735411,-1.1939549708,369.4367988602,6337.9626761435,      19P   3670
-1.3519710771,369.4380834303,6337.9002912031,-1.5101877024,369.4      19P   3671
393928447,6337.8375388538,-1.6682589981,369.4407382497,6337.7757      19P   3672
031159,-1.8266916100,369.4420848568,6337.7112925479,-1.984109779      19P   3673
9,369.4435025554,6337.6517410709,-2.1434295844,369.4448205912,63      19P   3674
37.5907800901,-2.3021992714,369.4461696460,6337.5303029480,-2.46      19P   3675
11568874,369.4475049641,6337.4699956610,-2.6201785882,369.448815      19P   3676
3301,6337.4089557379,-2.7789217804,369.4501588578,6337.346934039      19P   3677
2,-2.9372837931,369.4516412204,6337.2838769899,-3.0952361880,369      19P   3678
.4532393638,6337.2199814939,-3.2528505979,369.4549554690,6337.15      19P   3679
56054098,-3.4102687826,369.4567769081,6337.0911770162,-3.5676654      19P   3680
639,369.4586890178,6337.0272983409,-3.7252868300,369.4606685806,      19P   3681
6336.9643438373,-3.8832799376,369.4626968811,6336.9021119467,-4.      19P   3682
0415584466,369.4647733235,6336.8401086202,-4.1999264667,369.4669      19P   3683
088778,6336.7776427354,-4.3581130240,369.4691239744,6336.7144508      19P   3684
913,-4.5160111364,369.4714260007,6336.6504975429,-4.6736021348,3      19P   3685
69.4738144044,6336.5859404014,-4.8309463350,369.4762810164,6336.      19P   3686
5210478607,-4.9881522137,369.4788125177,6336.4561704553,-5.14536      19P   3687
42194,369.4813912628,6336.3916276219,-5.3027145840,369.483999903      19P   3688
3,6336.3278755378,-5.4603871277,369.4866145586,6336.2641032218,-      19P   3689
5.6180510607,369.4892635051,6336.1999450880,-5.7755586384,369.49      19P   3690
19585543,6336.1352475148,-5.9328453561,369.4947013744,6336.07004      19P   3691
78380,-6.0899244813,369.4974911913,6336.0045126172,-6.2468644096      19P   3692
,369.5003000981,6335.9388817616,-6.4037637497,369.5032107610,633      19P   3693
5.8734108654,-6.5607297678,369.5062097263,6335.8082969737,-6.717      19P   3694
8444166,369.5092832547,6335.7436454947,-6.8751500096,369.5124215      19P   3695
011,6335.6792801199,-7.0325727690,369.5156283249,6335.6150145534      19P   3696
,-7.1900362507,369.5189092540,6335.5507578183,-7.3475033461,369.      19P   3697
5222656866,6335.4863939874,-7.5049267201,369.5257007804,6335.421      19P   3698
8273828,-7.6622670636,369.5292170950,6335.3569844873,-7.81949375      19P   3699
79,369.5328163052,6335.2918216523,-7.9765881136,369.5364986161,6      19P   3700
335.2263247900,-8.1335434657,369.5402626039,6335.1605057829,-8.2      19P   3701
903639582,369.5441052731,6335.0943931255,-8.4470608411,369.54802      19P   3702
24997,6335.0280236875,-8.6036491402,369.5520094587,6334.96139524      19P   3703
07,-8.7601273853,369.5560635205,6334.8945231152,-8.9165015570,36      19P   3704
9.5601809251,6334.8274810938,-9.0728028840,369.5643541013,6334.7      19P   3705
603608941,-9.2290706130,369.5685741990,6334.6932624070,-9.385347      19P   3706
7103,369.5728311637,6334.6262763101,-9.5416732722,369.5771169054      19P   3707
,6334.5594708939,-9.6980769572,369.5814186631,6334.4928804265,-9      19P   3708
.8545715671,369.5858060252,6334.4264933218,-10.0111524311,369.59      19P   3709
02664697,6334.3602382663,-10.1677891219,369.5948040947,6334.2941      19P   3710
255650,-10.3244859884,369.5994143605,6334.2281314087,-10.4812328      19P   3711
739,369.6040959907,6334.1621826382,-10.6379989052,369.6088512175      19P   3712
,6334.0961842794,-10.7947441075,369.6136843071,6334.0300338040,-      19P   3713
10.9514252102,369.6186004958,6333.9636373797,-11.1080022641,369.      19P   3714
6236047819,6333.8969245342,-11.2644447443,369.6287007075,6333.82      19P   3715
98569737,-11.4207354037,369.6338895290,6333.7624493584,-11.57687      19P   3716
96006,369.6391684033,6333.6947520429,-11.7328984083,369.64453148      19P   3717
74,6333.6267800835,-11.8887977559,369.6499755259,6333.5585498746      19P   3718
,-12.0445842338,369.6554970413,6333.4900781366,-12.2002646884,36      19P   3719
9.6610924292,6333.4213812333,-12.3558459017,369.6667579277,6333.      19P   3720
3524755047,-12.5113347189,369.6724899536,6333.2833771625,-12.666      19P   3721
7380565,369.6782837827,6333.2141023432,-12.8220628881,369.684138      19P   3722
5343,6333.1446667938,-12.9773168735,369.6900386105,6333.07508714      19P   3723
82,-13.1325057167,369.6960370705,6333.0053791593,-13.2876365747,      19P   3724
369.7021361463,6332.9355646682,-13.4427194827,369.7083306645,633      19P   3725
2.8656633845,-13.5977633047,369.7146173224,6332.7956845491,-13.7      19P   3726
527721809,369.7209931784,6332.7256222823,-13.9077434219,369.7274      19P   3727
567648,6332.6554526755,-14.0626661603,369.7340082834,6332.585136      19P   3728
2079,-14.2175223903,369.7406495163,6332.5146132748,-14.372284817      19P   3729
0,369.7473843059,6332.4437889625,-14.5269095177,369.7542201468,6      19P   3730
332.3726146386,-14.6813732626,369.7611603492,6332.3010988205,-14      19P   3731
.8356790250,369.7682026865,6332.2292842998,-14.9898458486,369.77      19P   3732
53414050,6332.1572376059,-15.1439042112,369.7825681328,6332.0850      19P   3733
336257,-15.2978889041,369.7898733747,6332.0127385193,-15.4518309      19P   3734
129,369.7972481669,6331.9403944023,-15.6057500409,369.8046860292      19P   3735
,6331.8679884059,-15.7596401681,369.8121851232,6331.7954934569,-      19P   3736
15.9134884396,369.8197486133,6331.7229061809,-16.0672941606,369.      19P   3737
8273642618,6331.6502214868,-16.2210533919,369.8350735445,6331.57      19P   3738
74343314,-16.3747636404,369.8428865198,6331.5045392959,-16.52842      19P   3739
27119,369.8507990258,6331.4315311983,-16.6820280876,369.85881070      19P   3740
62,6331.3584048499,-16.8355772054,369.8669201861,6331.2851550824      19P   3741
,-16.9890674843,369.8751263672,6331.2117767323,-17.1424963340,36      19P   3742
9.8834280790,6331.1382646470,-17.2958611522,369.8918241705,6331.      19P   3743
0646136842,-17.4491593249,369.9003134837,6330.9908187133,-17.602      19P   3744
3882267,369.9088948580,6330.9168746166,-17.7555452199,369.917567      19P   3745
1271,6330.8427762901,-17.9086276551,369.9263291179,6330.76851864      19P   3746
49,-18.0616328710,369.9351796467,6330.6940966075,-18.2145581932,      19P   3747
369.9441175264,6330.6195051234,-18.3674009377,369.9531415288,633      19P   3748
0.5447391507,-18.5201583995,369.9622505186,6330.4697936782,-18.6      19P   3749
728278909,369.9714429450,6330.3946636573,-18.8254067004,369.9807      19P   3750
187323,6330.3193434100,-18.9778923860,369.9900723185,6330.243827      19P   3751
9211,-19.1302818240,369.9995187482,6330.1681133648,-19.282571493      19P   3752
6,370.0090889226,6330.0921961552,-19.4347601829,370.0187740114,6      19P   3753
330.0160743059,-19.5868465786,370.0285753031,6329.9397470291,-19      19P   3754
.7388299789,370.0384911405,6329.8632144872,-19.8907101101,370.04      19P   3755
85204585,6329.7864774707,-20.0424870325,370.0586618797,6329.7095      19P   3756
361273,-20.1941604743,370.0689141329,6329.6323899638,-20.3457298      19P   3757
299,370.0792759897,6329.5550395877,-20.4971950538,370.0897460490      19P   3758
,6329.4774872404,-20.6485569423,370.1003226528,6329.3997372356,-      19P   3759
20.7998173696,370.1110038193,6329.3217960040,-20.9509793256,370.      19P   3760
1217872245,6329.2436717777,-21.1020467644,370.1326702462,6329.16      19P   3761
53741326,-21.2530243818,370.1436499867,6329.0869127413,-21.40391      19P   3762
69567,370.1547235748,6329.0082957692,-21.5547285710,370.16588791      19P   3763
15,6328.9295316736,-21.7054636361,370.1771412321,6328.8506302268      19P   3764
,-21.8561279962,370.1884762004,6328.7716047107,-22.0067261673,37      19P   3765
0.1999305228,6328.6924696405,-22.1572664969,370.2114967592,6328.      19P   3766
6132421770,-22.3077581312,370.2231719062,6328.5339416360,-22.458      19P   3767
2112359,370.2349512254,6328.4545878054,-22.6086361765,370.246830      19P   3768
1610,6328.3752090680,-22.7590479899,370.2588026624,6328.29583104      19P   3769
31,-22.9094603077,370.2708629879,6328.2164646932,-23.0598790093,      19P   3770
370.2830075232,6328.1370976809,-23.2102976348,370.2952362101,632      19P   3771
8.0576901177,-23.3606951194,370.3075533310,6327.9781788728,-23.5      19P   3772
110380384,370.3199669698,6327.8984840326,-23.6612838795,370.3324      19P   3773
881026,6327.8185197196,-23.8113865994,370.3451289357,6327.738194      19P   3774
9414,-23.9612967108,370.3579028177,6327.6574334346,-24.110971822      19P   3775
1,370.3708209334,6327.5761849461,-24.2603828721,370.3838908800,6      19P   3776
327.4944352484,-24.4095204002,370.3971131055,6327.4122080168,-24      19P   3777
.5583956272,370.4104871747,6327.3295668794,-24.7070395872,370.42      19P   3778
40385123,6327.2466063147,-24.8555049325,370.4377434940,6327.1634      19P   3779
423257,-25.0038560923,370.4515839321,6327.0802031150,-25.1521650      19P   3780
730,370.4655364270,6326.9970054096,-25.3004975681,370.4795795773      19P   3781
,6326.9139442496,-25.4489069786,370.4936949515,6326.8310819868,-      19P   3782
25.5974280516,370.5078693587,6326.7484401013,-25.7460723736,370.      19P   3783
5220964039,6326.6660006484,-25.8948294978,370.5363764897,6326.58      19P   3784
37149634,-26.0436721291,370.5507154968,6326.5015048467,-26.19255      19P   3785
68163,370.5651247237,6326.4192677814,-26.3414267109,370.57962010      19P   3786
27,6326.3369035295,-26.4902262673,370.5942175696,6326.2543171078      19P   3787
,-26.6389024858,370.6089324899,6326.1714314450,-26.7874118705,37      19P   3788
0.6237773566,6326.0881955164,-26.9357252662,370.6387601684,6326.      19P   3789
0045889576,-27.0838307583,370.6538836502,6325.9206259160,-27.231      19P   3790
7328440,370.6691774234,6325.8363379120,-27.3794497382,370.684630      19P   3791
1235,6325.7517536189,-27.5269971769,370.7002376595,6325.66689128      19P   3792
94,-27.6743848670,370.7159958642,6325.5817710538,-27.8216237292,      19P   3793
370.7319006086,6325.4964122120,-27.9687243626,370.7479476685,632      19P   3794
5.4108340905,-28.1156975046,370.7641327410,6325.3250559278,-28.2      19P   3795
625539539,370.7804514215,6325.2390964743,-28.4093043075,370.7968      19P   3796
992977,6325.1529767150,-28.5559606108,370.8134714239,6325.066718      19P   3797
9389,-28.7025358284,370.8301625009,6324.9803406837,-28.849040197      19P   3798
4,370.8469680163,6324.8938518215,-28.9954794514,370.8638849824,6      19P   3799
324.8072525780,-29.1418536696,370.8809118573,6324.7205332347,-29      19P   3800
.2881569995,370.8980505629,6324.6336749634,-29.4343790484,370.91      19P   3801
52992440,6324.5466538163,-29.5805039486,370.9326794773,6324.4594      19P   3802
438914,-29.7265157100,370.9502031835,6324.3720224053,-29.8724009      19P   3803
274,370.9678735893,6324.2843626962,-30.0181431246,370.9856970098      19P   3804
,6324.1964390688,-30.1637261415,371.0036791015,6324.1082342711,-      19P   3805
30.3091387537,371.0218240584,6324.0197432159,-30.4543770513,371.      19P   3806
0401335876,6323.9309748765,-30.5994457278,371.0586064945,6323.84      19P   3807
19519385,-30.7443580203,371.0772386563,6323.7527083146,-30.88913      19P   3808
43043,371.0960234670,6323.6632849773,-31.0337995786,371.11495265      19P   3809
80,6323.5737226100,-31.1783788088,371.1340178066,6323.4840571442      19P   3810
,-31.3228940170,371.1532113683,6323.3943300475,-31.4673709786,37      19P   3811
1.1725242379,6323.3045820091,-31.6118351552,371.1919480039,6323.      19P   3812
2148445126,-31.7563067961,371.2114733563,6323.1251363173,-31.900      19P   3813
7966502,371.2311063415,6323.0354596370,-32.0453062325,371.250847      19P   3814
9323,6322.9458005305,-32.1898270337,371.2707013772,6322.85613168      19P   3815
70,-32.3343420259,371.2906733323,6322.7664167744,-32.4788284903,      19P   3816
371.3107725325,6322.6766198559,-32.6232639962,371.3310078436,632      19P   3817
2.5867094345,-32.7676289386,371.3513873058,6322.4966512669,-32.9      19P   3818
119017739,371.3719197587,6322.4064128406,-33.0560618674,371.3926      19P   3819
138342,6322.3159664666,-33.2000914606,371.4134772322,6322.225291      19P   3820
2007,-33.3439769039,371.4345162382,6322.1343735873,-33.487709170      19P   3821
9,371.4557355257,6322.0432072715,-33.6312836887,371.4771381210,6      19P   3822
321.9517914586,-33.7746994323,371.4987260044,6321.8601283140,-33      19P   3823
.9179575590,371.5204996291,6321.7682190062,-34.0610582193,371.54      19P   3824
24628097,6321.6760634565,-34.2039997956,371.5646258425,6321.5836      19P   3825
613144,-34.3467820528,371.5869878288,6321.4910123633,-34.4894042      19P   3826
665,371.6095505852,6321.3981164437,-34.6318657520,371.6323151846      19P   3827
,6321.3049733833,-34.7741657806,371.6552829048,6321.2115830899,-      19P   3828
34.9163036917,371.6784549563,6321.1179453866,-35.0582787752,371.      19P   3829
7018325888,6321.0240582662,-35.2000890285,371.7254175138,6320.92      19P   3830
99202459,-35.3417327426,371.7492113318,6320.8355334046,-35.48321      19P   3831
05950,371.7732147391,6320.7409049135,-35.6245267075,371.79742715      19P   3832
38,6320.6460477822,-35.7656892319,371.8218463083,6320.5509807050      19P   3833
,-35.9067102865,371.8464688929,6320.4557266638,-36.0476056058,37      19P   3834
1.8712884479,6320.3603120596,-36.1883924240,371.8963046192,6320.      19P   3835
2647628987,-36.3290871627,371.9215206689,6320.1691036955,-36.469      19P   3836
7070109,371.9469291891,6320.0733606727,-36.6102698152,371.972525      19P   3837
0357,6319.9775575973,-36.7507918256,371.9983027756,6319.88171400      19P   3838
87,-36.8912863906,372.0242581689,6319.7858438945,-37.0317630702,      19P   3839
372.0503883035,6319.6899553796,-37.1722273947,372.0766917998,631      19P   3840
9.5940512211,-37.3126811940,372.1031687024,6319.4981303005,-37.4      19P   3841
531236110,372.1298201289,6319.4021896984,-37.5935525400,372.1566      19P   3842
476784,6319.3062291013,-37.7339677406,372.1836523649,6319.210247      19P   3843
9281,-37.8743688757,372.2108348008,6319.1142490417,-38.014758532      19P   3844
2,372.2381964163,6319.0182453114,-38.1551490781,372.2657290496,6      19P   3845
318.9222398942,-38.2955355656,372.2934853418,6318.8261931363,-38      19P   3846
.4358951495,372.3214639877,6318.7300314870,-38.5761801179,372.34      19P   3847
96813739,6318.6335810545,-38.7162697512,372.3781821843,6318.5365      19P   3848
674895,-38.8559649581,372.4070430451,6318.4388741704,-38.9951760      19P   3849
932,372.4362951577,6318.3406142003,-39.1339806534,372.4659009061      19P   3850
,6318.2420216156,-39.2725465370,372.4957847173,6318.1433628139,-      19P   3851
39.4110680498,372.5258592927,6318.0448459720,-39.5496989774,372.      19P   3852
5560531119,6317.9465018681,-39.6884638251,372.5863487668,6317.84      19P   3853
81672424,-39.8272486965,372.6167865038,6317.7493484811,-39.96568      19P   3854
91347,372.6475195183,6317.6495746828,-40.1034305402,372.67866325      19P   3855
68,6317.5490131874,-40.2405521412,372.7103341718,6317.4485005148      19P   3856
,-40.3777078899,372.7422441788,6317.3487359375,-40.5154397587,37      19P   3857
2.7741466782,6317.2497283175,-40.6537439004,372.8060108708,6317.      19P   3858
1509996851,-40.7922603885,372.8379657582,6317.0518505817,-40.930      19P   3859
4717325,372.8702164923,6316.9516405917,-41.0678844276,372.902953      19P   3860
1298,6316.8503717617,-41.2044776817,372.9361570372,6316.74881286      19P   3861
42,-41.3408446576,372.9695553254,6316.6478762026,-41.4776999032,      19P   3862
373.0028242702,6316.5479439946,-41.6153224077,373.0358126380,631      19P   3863
6.4487990270,-41.7535275565,373.0685710275,6316.3500167259,-41.8      19P   3864
920003393,373.1012089955,6316.2512251656,-42.0304711266,373.1338      19P   3865
601915,6316.1521809821,-42.1687195061,373.1668043255,6316.053035      19P   3866
6607,-42.3068856064,373.1999207918,6315.9541757395,-42.445279884      19P   3867
9,373.2330693422,6315.8555115085,-42.5838482599,373.2662521437,6      19P   3868
315.7561630904,-42.7219269366,373.2997433313,6315.6554028131,-42      19P   3869
.8589539625,373.3337664901,6315.5530669151,-42.9947844313,373.36      19P   3870
83542822,6315.4493116045,-43.1295159181,373.4034289481,6315.3445      19P   3871
100417,-43.2634257104,373.4388368888,6315.2391456750,-43.3968954      19P   3872
360,373.4743870790,6315.1336119767,-43.5302397870,373.5099145119      19P   3873
,6315.0281730756,-43.6636684740,373.5453143608,6314.9230368882,-      19P   3874
43.7973691055,373.5804423395,6314.8183573444,-43.9314043736,373.      19P   3875
6154990409,6314.7142744871,-44.0658956210,373.6504092959,6314.61      19P   3876
09692261,-44.2009965135,373.6850841240,6314.5085087581,-44.33676      19P   3877
65478,373.7194739701,6314.4063975701,-44.4728119390,373.75371929      19P   3878
22,6314.3038505117,-44.6085136181,373.7880574761,6314.2004899608      19P   3879
,-44.7435802177,373.8225874525,6314.0962256278,-44.8779431691,37      19P   3880
3.8573102829,6313.9909705550,-45.0115162463,373.8922237362,6313.      19P   3881
8848300596,-45.1443571769,373.9272613749,6313.7783976064,-45.276      19P   3882
9492681,373.9621907844,6313.6727474175,-45.4102073499,373.996646      19P   3883
6863,6313.5682537292,-45.5444476850,374.0304301186,6313.46437409      19P   3884
98,-45.6791482440,374.0639737831,6313.3605755230,-45.8138946850,      19P   3885
374.0974455253,6313.2565045578,-45.9484302848,374.1309244249,631      19P   3886
3.1516612911,-46.0823524563,374.1645429958,6313.0457822280,-46.2      19P   3887
154321443,374.1983526908,6312.9390344912,-46.3477919435,374.2322      19P   3888
656867,6312.8320690855,-46.4799819084,374.2660412341,6312.725431      19P   3889
3044,-46.6124646940,374.2994769253,6312.6190287386,-46.745149183      19P   3890
3,374.3325730707,6312.5126372452,-46.8778463237,374.3653707078,6      19P   3891
312.4059655464,-47.0103177970,374.3979247801,6312.2986997309,-47      19P   3892
.1423019337,374.4303079606,6312.1907348150,-47.2737305491,374.46      19P   3893
24687976,6312.0821910296,-47.4046624893,374.4945846452,6311.9731      19P   3894
585327,-47.5351792473,374.5266209580,6311.8637483282,-47.6653778      19P   3895
645,374.5585288055,6311.7540923353,-47.7953701782,374.5902562996      19P   3896
,6311.6443152930,-47.9252623665,374.6217540455,6311.5345100468,-      19P   3897
48.0551333886,374.6529830071,6311.4247056985,-48.1850056881,374.      19P   3898
6839228887,6311.3149370118,-48.3149076632,374.7145520689,6311.20      19P   3899
52534257,-48.4448801490,374.7448453969,6311.0957107474,-48.57496      19P   3900
93903,374.7747762645,6310.9865317439,-48.7053738648,374.80427476      19P   3901
17,6310.8776843503,-48.8360689991,374.8333394890,6310.7688293580      19P   3902
,-48.9667664410,374.8620584074,6310.6595684692,-49.0971159128,37      19P   3903
4.8906042984,6310.5495501442,-49.2268155753,374.9190565922,6310.      19P   3904
4386390693,-49.3557353870,374.9474526858,6310.3273499630,-49.484      19P   3905
3350407,374.9756607502,6310.2157684312,-49.6126835915,375.003663      19P   3906
1426,6310.1039810779,-49.7408524591,375.0314420511,6309.99220523      19P   3907
01,-49.8690389205,375.0589489539,6309.8803400324,-49.9971497029,      19P   3908
375.0862146862,6309.7682682429,-50.1250785279,375.1132726882,630      19P   3909
9.6559015944,-50.2527438980,375.1401491937,6309.5432181899,-50.3      19P   3910
801215521,375.1668514804,6309.4305801821,-50.5075430759,375.1933      19P   3911
058865,6309.3181609079,-50.6351729639,375.2194487520,6309.205481      19P   3912
5108,-50.7625689711,375.2453931993,6309.0924654828,-50.889661442      19P   3913
6,375.2711646802,6308.9791201447,-51.0164537301,375.2967675106,6      19P   3914
308.8654900650,-51.1429785394,375.3221979224,6308.7524664231,-51      19P   3915
.2700650380,375.3472659440,6308.6400880126,-51.3977390155,375.37      19P   3916
19760013,6308.5275906329,-51.5252998372,375.3965059975,6308.4147      19P   3917
900317,-51.6525867117,375.4209029425,6308.3016114068,-51.7795342      19P   3918
070,375.4451900829,6308.1880710736,-51.9061572125,375.4693691779      19P   3919
,6308.0743229126,-52.0325966343,375.4934197340,6307.9599471894,-      19P   3920
52.1584504315,375.5174193156,6307.8453323741,-52.2840840978,375.      19P   3921
5412339729,6307.7315812116,-52.4105262485,375.5646628207,6307.61      19P   3922
81237254,-52.5372273640,375.5878344103,6307.5048446179,-52.66408      19P   3923
27676,375.6107848033,6307.3923658848,-52.7916611010,375.63340198      19P   3924
01,6307.2793857834,-52.9187747537,375.6559584138,6307.1683524426      19P   3925
,-53.0476648802,375.6779798208,6307.0552768308,-53.1747335074,37      19P   3926
5.7002692773,6306.9398444814,-53.2996210478,375.7228893973,6306.      19P   3927
8237651090,-53.4238775849,375.7455137727,6306.7056783882,-53.546      19P   3928
1959592,375.7684112392,6306.5953481219,-53.6757425370,375.789716      19P   3929
6284,6306.4885855094,-53.8080837786,375.8101998222,6306.38706574      19P   3930
88,-53.9446128781,375.8295605101,6306.2974533771,-54.0894174596,      19P   3931
375.8465588572,6306.2183863802,-54.2401432865,375.8614900247,630      19P   3932
6.1457820586,-54.3939990228,375.8751472634,6306.0759059087,-54.5      19P   3933
490690986,375.8882435817,6306.0095535699,-54.7056466442,375.9006      19P   3934
369124,6305.9478665675,-54.8642143856,375.9121217377,6305.897829      19P   3935
6731,-55.0268821943,375.9214124874,6305.8542801280,-55.191358708      19P   3936
6,375.9294811739,6305.8218122955,-55.3584298353,375.9354858035,6      19P   3937
305.7976178243,-55.5268484586,375.9399547884,6305.7826171092,-55      19P   3938
.6963494359,375.9427230588,6305.7756756093,-55.8663367421,375.94      19P   3939
40034684,6305.7761033966,-56.0364865214,375.9439245902,6305.7854      19P   3940
065826,-56.2063632928,375.9422084114,6305.8003583089,-56.3758090      19P   3941
737,375.9394486863,6305.8213723646,-56.5446211489,375.9355668475      19P   3942
,6305.8486752116,-56.7125436069,375.9305178444,6305.8828980065,-      19P   3943
56.8791654732,375.9241799349,6305.9218036284,-57.0447938386,375.      19P   3944
9169626925,6305.9691860363,-57.2081808420,375.9081548742,6306.02      19P   3945
11223577,-57.3701479705,375.8984769815,6306.0973333501,-57.58378      19P   3946
77446,375.8842377103,6306.1608655726,-57.7415572689,375.87231546      19P   3947
19,6306.2044979216,-57.8461650711,375.8640974403,0.0000000000,1.      19P   3948
0000000000,0.0,0.0,0.0;                                               19P   3949
S      1G      3D     20P   3949                                        T      1
