  
START OF JOB WITH CODE Wand ON 05/29/2025  14:32:11
  
 **************************************************************
 *                                                            *
 *        ----------      CODE Wand      ---------------      *
 *        ---------- COPY RIGHT MATERIAL ---------------      *
 *        -------- AERODYNAMIC SOLUTIONS INC -----------      *
 *                                                            *
 *                        CODE HISTORY                        *
 *     ***** Release:  Code Wand version  11.24.08    ******  *
 *                                                            *
 **************************************************************
  
 IN AIRIN: READ AIRIN.LIST
 INTYPE OUTYPE  IGRID  IPOSS ICLS  IWAL   IFAN    ILEO
    -3     6     1     1     2     0     3     0
 ***BETTER TIP CLEARANCE MESH IS ON***
     0     0     0
 IBLADE  KSPAN  ADVD
           3
 NART =           0
    65    41     1     0
  ADVD =           1
 IWIND,NART           0           0
 IUP    IDW     JGAP
    17    13    65     0    65
 IPOSS,IHCDT           1           0
 NFILES    IPLOT    NITER
 IGAMMA =           0
     4     1  8000     1
 2          65          65
 FILENAME                                                                       
  
blade0.agf                                                                      
 IUP    IDW     JGP 
          17          13          65
 ADVD,OJLOC           1          65
blade1.agf                                                                      
 IUP    IDW     JGP 
          13          13          41
 ADVD,OJLOC           1          41
blade2.agf                                                                      
 IUP    IDW     JGP 
          13          25          41
 ADVD,OJLOC           1          41
blade3.agf                                                                      
 IUP    IDW     JGP 
          13          25          41
 ADVD,OJLOC           1          41
 IPOSS =            1 IF IPOSS = 1, LAPLACE MESH USED
 3          65          41
 before grd-control
 GRID-CONTROL : F
 OMESH-MULT   :   1.000000    
 LETE-OPT     :           0
 UPSTR_ENDWALL: F
 DWALL_OMESH  :  9.9999997E-05
 DUCT_EXT_JM  :          33
 HMESHDW-TEA  : F
 NO_FAN_DUCT  : F
 K_MESH_NEW   : F
 END OF RDAIRIN
  
 IFORM =           0
 IN ADMESHGEN
 INPUT FILE NAME = 
 blade0.agf                                                                     
  
 blade0.agf                                                                     
  
 intype =           3
 INTYPE =           3
 TITLE OF THE CASE
 radial-turbine                                                                 
  
 NBLADE  Nbnode Nspan Ity  Iym  Tcls Hcls  Lete   Isplit
    46   198     5     5     0     1     0     0     0
 UNITS  NPROF  IFANG   HBL   TBL  TFREE   LFREE
     1     1    10   1.00000   1.00000   0.01000   0.00039
           5
      Rpm          Gamma      GAS-CONT      Psout      Twall   MOLECULAR-WEIGHT
      0.0000      1.3000   1716.4199    100.0000      0.0000     28.9600
       %SPAN       Machin     Ptin        Ttin        Alphin       Phi
     50.0000      0.0500    493.3000   1588.0000      0.0000      0.0000
    XHUP        ZHUP        XTUP        ZTUP
   6273.8008    306.1649   6273.8018    374.4167
    XHDW        ZHDW        XTDW        ZTDW
   6553.2002    318.0870   6553.2002    399.1846
    XSHIFT       ROTA       XSCALE      YSCALE     ZSCALE
 YSCALE =   1.000000     BLDGAP =  0.0000000E+00
  0.0000000E+00  0.0000000E+00   1.000000       1.000000       1.000000    
  0.0000000E+00           0
     Tclle      Tclmc       Tclte
      0.0000      0.0000      0.0000
     Hclle      Hclmc       Hclte
      0.0000      0.0000      0.0000
 *NHT                                                                           
  
   100
 *ENDWALL                                                                       
  
    16273.80078 306.164896273.80176 374.41669
    26279.93604 308.281716276.94971 374.50781
    36286.20312 310.557506280.32227 374.53448
    46292.21289 312.851906283.62500 374.48840
    56298.07275 315.199716286.86475 374.37219
    66303.70508 317.564006290.05615 374.18771
    76308.72363 319.745006293.19824 373.93689
    86310.20605 320.366796296.30029 373.62070
    96311.23877 320.780406299.37012 373.23959
   106312.16602 321.134096302.40088 372.79599
   116313.10449 321.474006305.47363 372.27661
   126314.11768 321.821996307.64648 371.86340
   136315.19971 322.173406309.09961 371.55429
   146316.35693 322.528026310.19287 371.29700
   156317.61670 322.890996311.10986 371.06009
   166318.94629 323.250216312.11377 370.77631
   176320.25244 323.580296313.46338 370.36060
   186321.52441 323.879306316.73340 369.28171
   196322.77539 324.151616318.28369 368.79630
   206323.99902 324.396796319.49316 368.44641
   216325.22656 324.621616320.76270 368.11011
   226326.45898 324.826296322.25684 367.74979
   236327.70459 325.011816323.93164 367.38470
   246328.96436 325.178196325.72412 367.03510
   256330.24365 325.325596327.48975 366.73059
   266331.52246 325.451396329.21045 366.47250
   276332.78369 325.554506330.89111 366.25800
   286334.02441 325.635196332.53564 366.08469
   296335.24707 325.694406334.13525 365.95151
   306336.45264 325.732796335.63525 365.85941
   316337.79541 325.752206337.13330 365.80099
   326341.95508 325.742806339.28955 365.76730
   336342.56299 325.734716341.56201 365.77820
   346342.93408 325.724306344.17139 365.85489
   356343.28076 325.708896348.18750 366.00351
   366343.64111 325.686896362.46240 366.18680
   376344.01709 325.657506369.02930 366.16711
   386344.41309 325.619696373.22949 366.06531
   396344.99121 325.553506376.13037 365.94501
   406346.38232 325.372996377.09229 365.92200
   416346.86719 325.315406377.78516 365.92010
   426347.22168 325.278596378.35059 365.93060
   436347.59082 325.246706378.83838 365.95001
   446348.03320 325.216316379.27637 365.97672
   456348.59668 325.187716379.70361 366.01230
   466350.21729 325.142096380.27246 366.07370
   476351.65527 325.117806381.92139 366.29510
   486354.91895 325.099006382.72119 366.39529
   496357.55078 325.046816383.83789 366.50699
   506360.37646 324.942816386.83643 366.76431
   516363.61084 324.769816388.18945 366.90741
   526367.58252 324.490696389.45508 367.07040
   536373.21533 323.998416390.97705 367.30130
   546393.24463 321.923316393.03418 367.66180
   556396.86230 321.511906395.93701 368.23520
   566398.53613 321.292696398.32861 368.76080
   576399.81299 321.104006400.25391 369.22861
   586400.96533 320.914226402.32373 369.78101
   596402.14209 320.699896405.28467 370.64560
   606403.43213 320.442606417.65137 374.50800
   616404.84619 320.135806420.67822 375.40140
   626406.45605 319.758096423.39014 376.13651
   636408.99512 319.113016426.19678 376.83139
   646413.75342 317.877296429.00781 377.46249
   656416.91162 317.118906431.82422 378.03021
   666420.32080 316.359316434.63232 378.53250
   676423.69824 315.664496437.38232 378.96249
   686426.93359 315.054606440.13428 379.33090
   696430.12500 314.507606443.07617 379.65891
   706433.32275 314.013796446.53809 379.96552
   716436.76221 313.541116457.88672 380.76901
   726440.33887 313.108496461.87988 381.02579
   736443.32129 312.797096465.11426 381.15671
   746446.04492 312.559606469.18213 381.23071
   756452.58984 312.069096475.57422 381.20059
   766461.13428 311.350716490.41357 380.94061
   776464.06396 311.149516495.50439 380.95691
   786466.66016 311.015906499.00293 381.04361
   796469.62402 310.912996501.24023 381.14709
   806473.20850 310.848516502.94727 381.26389
   816478.02637 310.843416504.56396 381.41031
   826492.24854 311.082616506.14600 381.58871
   836499.88574 311.158696507.73242 381.80310
   846508.25391 311.141206509.36768 382.06110
   856510.82471 311.174806511.09229 382.37219
   866513.17383 311.244386512.94336 382.74881
   876515.36572 311.345616514.93604 383.20010
   886517.54395 311.482706517.06396 383.73169
   896519.78662 311.661196519.36084 384.35971
   906522.08203 311.882206521.83887 385.09641
   916524.45898 312.151006524.53369 385.96249
   926526.92334 312.471106527.28955 386.91501
   936529.52393 312.852916530.00391 387.92020
   946532.24658 313.299196532.67383 388.97610
   956535.09717 313.815006535.39648 390.12320
   966538.15479 314.420596538.26807 391.40781
   976541.46680 315.134196541.31055 392.85001
   986544.98828 315.954416544.65674 394.52789
   996548.85645 316.922796548.51025 396.56812
  1006553.20020 318.087016553.20020 399.18460
 IFANG,IAERO           0           1
 INTYPE,NBLADE,IBLD,KSPAN,IHT,LEBOA,TEBOA
   -3   46  198    5  100   1.00000   1.00000
 TITLE =
 radial-turbine                                                                 
  
 complete getdims
 NBK =           7
 IN GRIDDIM WITH OUTYPE =           4
 1 OJIN,OJSV          25          13
      BCK#      NS       ES       IM       JM       KM          NE       EE
        1        0        0       49       17        9     7497     6144
        2     7497     6144       49       17        9    14994    12288
        3    14994    12288       65        9        9    20259    16384
        4    20259    16384       15        9        9    21474    17280
        5    21474    17280       11        9        9    22365    17920
        6    22365    17920       65        5       13    26590    20992
        7    26590    20992       65        5        5    28215    22016
 
      BCK#     IM        JM        KM
 
  BEFORE READMESHIX           0
        1       49       17        9
        2       49       17        9
        3       65        9        9
        4       15        9        9
        5       11        9        9
        6       65        5       13
        7       65        5        5
 MESHIN,DWAL,DWAL_OMESH           0  9.9999997E-05  9.9999997E-05
 a.im,jm,km          49          33           9           7
 
 TOTAL NUMBER OF NODES =       28410       28410           7
 after x,y,z
 after xo,yo,zo
 NHT =         400  OSPAN =           9  IHT =         100
  IGRID =           1  OSPAN =           9  NSPAN =           5
  IGRID =           1  OSPAN =           9  NSPAN =           5
  ********NSPSV =           5  KM =           9  NSPAN =           5
 TCLS =            0  NBK =           7
 HCLS =            0  NB  =           6
 INEW =            2  NB  =           7
  A NB =           7
        1        0        0       49       17        9        1
        2     7497     6144       49       17        9        1
        3    14994    12288       65        9        9        1
        4    20259    16384       15        9        9        1
        5    21474    17280       11        9        9        1
  
 IN AIRFOILIN
 INPUT geometry file NAME = blade0.agf
 NFIN.GT.1.AND.NLOOP.EQ.1.AND.IFACE.EQ.0           1           2           0
 iht =         100
           1   6273.801       306.1649       6273.802       374.4167    
           2   6279.936       308.2817       6276.950       374.5078    
           3   6286.203       310.5575       6280.322       374.5345    
           4   6292.213       312.8519       6283.625       374.4884    
           5   6298.073       315.1997       6286.865       374.3722    
           6   6303.705       317.5640       6290.056       374.1877    
           7   6308.724       319.7450       6293.198       373.9369    
           8   6310.206       320.3668       6296.300       373.6207    
           9   6311.239       320.7804       6299.370       373.2396    
          10   6312.166       321.1341       6302.401       372.7960    
          11   6313.104       321.4740       6305.474       372.2766    
          12   6314.118       321.8220       6307.646       371.8634    
          13   6315.200       322.1734       6309.100       371.5543    
          14   6316.357       322.5280       6310.193       371.2970    
          15   6317.617       322.8910       6311.110       371.0601    
          16   6318.946       323.2502       6312.114       370.7763    
          17   6320.252       323.5803       6313.463       370.3606    
          18   6321.524       323.8793       6316.733       369.2817    
          19   6322.775       324.1516       6318.284       368.7963    
          20   6323.999       324.3968       6319.493       368.4464    
          21   6325.227       324.6216       6320.763       368.1101    
          22   6326.459       324.8263       6322.257       367.7498    
          23   6327.705       325.0118       6323.932       367.3847    
          24   6328.964       325.1782       6325.724       367.0351    
          25   6330.244       325.3256       6327.490       366.7306    
          26   6331.522       325.4514       6329.210       366.4725    
          27   6332.784       325.5545       6330.891       366.2580    
          28   6334.024       325.6352       6332.536       366.0847    
          29   6335.247       325.6944       6334.135       365.9515    
          30   6336.453       325.7328       6335.635       365.8594    
          31   6337.795       325.7522       6337.133       365.8010    
          32   6341.955       325.7428       6339.290       365.7673    
          33   6342.563       325.7347       6341.562       365.7782    
          34   6342.934       325.7243       6344.171       365.8549    
          35   6343.281       325.7089       6348.188       366.0035    
          36   6343.641       325.6869       6362.462       366.1868    
          37   6344.017       325.6575       6369.029       366.1671    
          38   6344.413       325.6197       6373.229       366.0653    
          39   6344.991       325.5535       6376.130       365.9450    
          40   6346.382       325.3730       6377.092       365.9220    
          41   6346.867       325.3154       6377.785       365.9201    
          42   6347.222       325.2786       6378.351       365.9306    
          43   6347.591       325.2467       6378.838       365.9500    
          44   6348.033       325.2163       6379.276       365.9767    
          45   6348.597       325.1877       6379.704       366.0123    
          46   6350.217       325.1421       6380.272       366.0737    
          47   6351.655       325.1178       6381.921       366.2951    
          48   6354.919       325.0990       6382.721       366.3953    
          49   6357.551       325.0468       6383.838       366.5070    
          50   6360.376       324.9428       6386.836       366.7643    
          51   6363.611       324.7698       6388.189       366.9074    
          52   6367.583       324.4907       6389.455       367.0704    
          53   6373.215       323.9984       6390.977       367.3013    
          54   6393.245       321.9233       6393.034       367.6618    
          55   6396.862       321.5119       6395.937       368.2352    
          56   6398.536       321.2927       6398.329       368.7608    
          57   6399.813       321.1040       6400.254       369.2286    
          58   6400.965       320.9142       6402.324       369.7810    
          59   6402.142       320.6999       6405.285       370.6456    
          60   6403.432       320.4426       6417.651       374.5080    
          61   6404.846       320.1358       6420.678       375.4014    
          62   6406.456       319.7581       6423.390       376.1365    
          63   6408.995       319.1130       6426.197       376.8314    
          64   6413.753       317.8773       6429.008       377.4625    
          65   6416.912       317.1189       6431.824       378.0302    
          66   6420.321       316.3593       6434.632       378.5325    
          67   6423.698       315.6645       6437.382       378.9625    
          68   6426.934       315.0546       6440.134       379.3309    
          69   6430.125       314.5076       6443.076       379.6589    
          70   6433.323       314.0138       6446.538       379.9655    
          71   6436.762       313.5411       6457.887       380.7690    
          72   6440.339       313.1085       6461.880       381.0258    
          73   6443.321       312.7971       6465.114       381.1567    
          74   6446.045       312.5596       6469.182       381.2307    
          75   6452.590       312.0691       6475.574       381.2006    
          76   6461.134       311.3507       6490.414       380.9406    
          77   6464.064       311.1495       6495.504       380.9569    
          78   6466.660       311.0159       6499.003       381.0436    
          79   6469.624       310.9130       6501.240       381.1471    
          80   6473.208       310.8485       6502.947       381.2639    
          81   6478.026       310.8434       6504.564       381.4103    
          82   6492.249       311.0826       6506.146       381.5887    
          83   6499.886       311.1587       6507.732       381.8031    
          84   6508.254       311.1412       6509.368       382.0611    
          85   6510.825       311.1748       6511.092       382.3722    
          86   6513.174       311.2444       6512.943       382.7488    
          87   6515.366       311.3456       6514.936       383.2001    
          88   6517.544       311.4827       6517.064       383.7317    
          89   6519.787       311.6612       6519.361       384.3597    
          90   6522.082       311.8822       6521.839       385.0964    
          91   6524.459       312.1510       6524.534       385.9625    
          92   6526.923       312.4711       6527.290       386.9150    
          93   6529.524       312.8529       6530.004       387.9202    
          94   6532.247       313.2992       6532.674       388.9761    
          95   6535.097       313.8150       6535.396       390.1232    
          96   6538.155       314.4206       6538.268       391.4078    
          97   6541.467       315.1342       6541.311       392.8500    
          98   6544.988       315.9544       6544.657       394.5279    
          99   6548.856       316.9228       6548.510       396.5681    
         100   6553.200       318.0870       6553.200       399.1846    
   247.0000       247.0001       258.0000       258.0000    
 SECTION =            1  OUT OF            5
 SECTION =            2  OUT OF            5
 SECTION =            3  OUT OF            5
 SECTION =            4  OUT OF            5
 SECTION =            5  OUT OF            5
 ENDWALL FINISH NHT         400
 ENDWALL FINISH NHT         400
 ENTERING WH_ENDWALL_ORDER
 INTYPE           3
 STARTING TO SCALE THE AIRFOIL
 STARTING TO ROTATING THE AIRFOIL
 LININ =           0  LETE =           0
 COMPLETE THE AIRFOILIN
 radial-turbine                                                                 
  
 before XRgrid ospan           9           2           5
 NB1 =            1  NB2 =            0
 IFAN =            3
 before bladexyrgd           9           2           5
 
  IN BLADEXYRGD: GETTING INITIAL LEDIA AND TEDIA         198
 
        K      NBNEW      IXMN      LETE      ITYY     LED-in      TED-in     XatIXMN     Tatixmn    RatIXMN    LEMA(DEG)     TEMA(DEG)  CHORD
         1        70        24         0         3    Infinity    0.624998  248.260162 -710.353882   -2.054563  -19.626534    0.108501  710.455383
WARNING: POSSIBLE MISORDERED POINTS IN INPUT
           I       X             Y              Z
           1   249.5901      0.3167638      8.6614175E-04
           2   249.5899       1.007098      2.7519683E-03
           3   249.5897       1.446717      3.9566932E-03
           4   249.5894       1.879157      5.1377956E-03
           5   249.5890       2.304390      6.2992126E-03
           6   249.5884       2.825693      7.7244095E-03
           7   249.5875       3.464354      9.4724409E-03
           8   249.5865       4.073945      1.1137796E-02
           9   249.5856       4.523292      1.2366141E-02
          10   249.5847       4.884224      1.3354330E-02
          11   249.5837       5.210598      1.4244094E-02
          12   249.5826       5.504988      1.5051180E-02
          13   249.5813       5.800268      1.5858267E-02
          14   249.5800       6.076394      1.6614173E-02
          15   249.5785       6.323591      1.7287401E-02
          16   249.5770       6.549122      1.7905513E-02
          17   249.5752       6.750382      1.8456694E-02
          18   249.5734       6.882851      1.8818896E-02
          19   249.5717       6.939422      1.8972442E-02
          20   249.5702       6.941752      1.8980315E-02
          21   249.5688       6.902386      1.8870078E-02
          22   249.5674       6.821768      1.8649606E-02
          23   249.5659       6.698615      1.8314961E-02
          24   249.5645       6.531705      1.7858267E-02
          25   249.5632       6.319901      1.7279528E-02
          26   249.5619       6.064488      1.6578740E-02
          27   249.5607       5.773760      1.5787402E-02
          28   249.5596       5.452622      1.4909448E-02
          29   249.5585       5.107673      1.3964566E-02
          30   249.5572       4.670433      1.2767716E-02
          31   249.5558       4.086028      1.1173229E-02
          32   249.5546       3.453673      9.4409455E-03
          33   249.5537       2.916894      7.9763783E-03
          34   249.5530       2.371441      6.4842519E-03
          35   249.5524       1.806583      4.9409447E-03
          36   249.5520       1.238528      3.3858269E-03
          37   249.5516      0.6682953      1.8267717E-03
          38   249.5513      9.6870080E-02  2.6377951E-04
          39   249.5508     -0.5154213     -1.4094488E-03
          40   249.5502      -1.207299     -3.2992128E-03
          41   249.5494      -1.882528     -5.1456694E-03
          42   249.5482      -2.754059     -7.5314962E-03
          43   249.5469      -3.726315     -1.0188976E-02
          44   249.5461      -4.442472     -1.2145669E-02
          45   249.5455      -5.142524     -1.4059056E-02
          46   249.5447      -6.000551     -1.6405512E-02
          47   249.5432      -7.335358     -2.0055119E-02
          48   249.5374      -12.54950     -3.4311023E-02
          49   249.5345      -15.42974     -4.2185038E-02
          50   249.5324      -17.52377     -4.7909450E-02
          51   249.5063      -41.12880     -0.1124488    
          52   249.4814      -63.03472     -0.1723386    
          53   249.3820      -149.5456     -0.4088622    
          54   249.1565      -320.4960     -0.8762481    
          55   248.9866      -429.1212      -1.173232    
          56   248.7727      -548.0902      -1.498496    
          57   248.7120      -579.3768      -1.584036    
          58   248.6855      -592.6178      -1.620236    
          59   248.6486      -610.9539      -1.670370    
          60   248.5891      -638.8691      -1.746689    
          61   248.5726      -646.3782      -1.767220    
          62   248.5340      -664.0867      -1.815634    
          63   248.4263      -710.5393      -1.942638    
          64   248.4022      -720.6315      -1.970232    
          65   248.3470      -743.1935      -2.031917    
          66   248.3079      -758.9598      -2.075020    
          67   248.2955      -763.7068      -2.088000    
          68   248.2880      -766.8825      -2.096681    
          69   248.2814      -770.1339      -2.105571    
          70   248.2770      -772.7740      -2.112791    
          71   248.2580      -799.0247      -2.184559    
          72   248.2730      -775.7057      -2.120807    
          73   248.2788      -771.6451      -2.109705    
          74   248.2790      -771.5681      -2.109492    
          75   248.2790      -771.5452      -2.109429    
          76   248.2791      -771.5334      -2.109398    
          77   248.2791      -771.5273      -2.109382    
          78   248.2791      -771.5219      -2.109366    
          79   248.2791      -771.5183      -2.109358    
          80   248.2791      -771.5167      -2.109354    
          81   248.2791      -771.5153      -2.109350    
          82   248.2791      -771.5139      -2.109346    
          83   248.2791      -771.5127      -2.109343    
          84   248.2792      -771.5115      -2.109339    
          85   248.2792      -771.5104      -2.109335    
          86   248.2792      -771.5095      -2.109331    
          87   248.2792      -771.5085      -2.109331    
          88   248.2792      -771.5081      -2.109327    
          89   248.2792      -771.5078      -2.109327    
          90   248.2792      -771.5075      -2.109327    
          91   248.2792      -771.5073      -2.109327    
          92   248.2792      -771.5071      -2.109327    
          93   248.2792      -771.5068      -2.109327    
          94   248.2792      -771.5066      -2.109323    
          95   248.2792      -771.5065      -2.109323    
          96   248.2792      -771.5062      -2.109323    
          97   248.2792      -771.5060      -2.109323    
          98   248.2792      -771.5059      -2.109323    
          99   248.2792      -771.5057      -2.109323    
         100   248.2792      -771.5056      -2.109323    
         101   248.2792      -771.5054      -2.109323    
         102   248.2792      -771.5053      -2.109323    
         103   248.2792      -771.5052      -2.109319    
         104   248.2792      -771.5051      -2.109319    
         105   248.2792      -771.5050      -2.109319    
         106   248.2792      -771.5049      -2.109319    
         107   248.2792      -771.5048      -2.109319    
         108   248.2792      -771.5048      -2.109319    
         109   248.2792      -771.5047      -2.109319    
         110   248.2792      -771.5047      -2.109319    
         111   248.2792      -771.5046      -2.109319    
         112   248.2792      -771.5046      -2.109319    
         113   248.2792      -771.5046      -2.109319    
         114   248.2792      -771.5046      -2.109319    
         115   248.2792      -771.5046      -2.109319    
         116   248.2792      -771.5046      -2.109319    
         117   248.2792      -771.5046      -2.109319    
         118   248.2792      -771.5046      -2.109319    
         119   248.2792      -771.5047      -2.109319    
         120   248.2792      -771.5047      -2.109319    
         121   248.2792      -771.5048      -2.109319    
         122   248.2792      -771.5048      -2.109319    
         123   248.2792      -771.5048      -2.109319    
         124   248.2792      -771.5049      -2.109319    
         125   248.2792      -771.5050      -2.109319    
         126   248.2792      -771.5051      -2.109319    
         127   248.2792      -771.5051      -2.109319    
         128   248.2792      -771.5052      -2.109323    
         129   248.2792      -771.5053      -2.109323    
         130   248.2792      -771.5054      -2.109323    
         131   248.2792      -771.5055      -2.109323    
         132   248.2792      -771.5057      -2.109323    
         133   248.2792      -771.5058      -2.109323    
         134   248.2792      -771.5059      -2.109323    
         135   248.2792      -771.5060      -2.109323    
         136   248.2792      -771.5062      -2.109323    
         137   248.2792      -771.5063      -2.109323    
         138   248.2792      -771.5065      -2.109323    
         139   248.2792      -771.5067      -2.109327    
         140   248.2792      -771.5069      -2.109327    
         141   248.2792      -771.5071      -2.109327    
         142   248.2792      -771.5073      -2.109327    
         143   248.2792      -771.5074      -2.109327    
         144   248.2792      -771.5077      -2.109327    
         145   248.2792      -771.5079      -2.109327    
         146   248.2792      -771.5084      -2.109331    
         147   248.2792      -771.5092      -2.109331    
         148   248.2792      -771.5098      -2.109335    
         149   248.2792      -771.5106      -2.109335    
         150   248.2792      -771.5114      -2.109339    
         151   248.2792      -771.5123      -2.109339    
         152   248.2792      -771.5132      -2.109343    
         153   248.2792      -771.5142      -2.109346    
         154   248.2792      -771.5152      -2.109346    
         155   248.2792      -771.5163      -2.109350    
         156   248.2792      -771.5173      -2.109354    
         157   248.2792      -771.5194      -2.109358    
         158   248.2793      -771.5232      -2.109370    
         159   248.2793      -771.5274      -2.109382    
         160   248.2793      -771.5320      -2.109394    
         161   248.2793      -771.5400      -2.109417    
         162   248.2793      -771.5542      -2.109457    
         163   248.2792      -771.5839      -2.109535    
         164   248.2792      -771.6948      -2.109839    
         165   248.2586      -796.6525      -2.178075    
         166   248.2602      -807.4147      -2.207500    
         167   248.2679      -819.0795      -2.239390    
         168   248.3248      -855.0905      -2.337847    
         169   248.4039      -876.1101      -2.395315    
         170   248.5078      -884.3663      -2.417886    
         171   248.5279      -884.2656      -2.417610    
         172   248.5530      -883.4769      -2.415457    
         173   248.5811      -881.7593      -2.410760    
         174   248.6119      -878.9365      -2.403043    
         175   248.6410      -875.2974      -2.393090    
         176   248.6784      -869.2969      -2.376685    
         177   248.7046      -864.0956      -2.362464    
         178   248.7449      -854.7932      -2.337031    
         179   248.7736      -846.7728      -2.315106    
         180   248.8078      -836.0251      -2.285721    
         181   248.8108      -834.8580      -2.282531    
         182   248.8358      -825.8575      -2.257921    
         183   248.8590      -816.3960      -2.232055    
         184   248.8621      -814.9922      -2.228216    
         185   248.8882      -802.9223      -2.195216    
         186   248.9258      -783.4227      -2.141906    
         187   248.9426      -773.8476      -2.115724    
         188   248.9648      -760.6760      -2.079713    
         189   249.0107      -728.3464      -1.991323    
         190   249.0401      -705.1969      -1.928031    
         191   249.0691      -681.1088      -1.862173    
         192   249.1199      -635.6299      -1.737835    
         193   249.2158      -536.1238      -1.465780    
         194   249.4032      -293.4611     -0.8023307    
         195   249.5591      -52.59914     -0.1438071    
         196   249.5708      -33.38131     -9.1263779E-02
         197   249.5744      -26.48081     -7.2397634E-02
         198   249.5897      -1.206968     -3.2992128E-03
         199   249.5901      0.3167638      8.6614175E-04
         2        59        27         0         3   -0.000660   -0.022215  248.273026 -775.705750   -2.120807   -0.142821    0.393787  776.026550
WARNING: POSSIBLE MISORDERED POINTS IN INPUT
WARNING: POSSIBLE MISORDERED POINTS IN INPUT
           I       X             Y              Z
           1   249.5901      0.1283504      3.9370079E-04
           2   249.5901      0.4658031      1.4291338E-03
           3   249.5900      0.7833543      2.4055117E-03
           4   249.5899       1.061106      3.2559056E-03
           5   249.5897       1.335350      4.0984252E-03
           6   249.5895       1.604764      4.9251970E-03
           7   249.5891       2.020303      6.2007871E-03
           8   249.5885       2.436051      7.4763778E-03
           9   249.5875       2.994941      9.1929138E-03
          10   249.5865       3.506504      1.0763780E-02
          11   249.5855       3.921768      1.2039370E-02
          12   249.5846       4.273059      1.3118111E-02
          13   249.5837       4.576642      1.4051181E-02
          14   249.5828       4.842350      1.4866143E-02
          15   249.5820       5.050594      1.5503936E-02
          16   249.5811       5.242591      1.6094489E-02
          17   249.5802       5.423630      1.6649606E-02
          18   249.5793       5.590894      1.7161418E-02
          19   249.5782       5.733114      1.7598424E-02
          20   249.5769       5.876996      1.8039370E-02
          21   249.5755       5.991807      1.8393701E-02
          22   249.5737       6.088449      1.8688977E-02
          23   249.5717       6.144642      1.8862205E-02
          24   249.5694       6.152637      1.8885827E-02
          25   249.5739       6.100811      1.8728346E-02
          26   249.5732       6.137689      1.8842520E-02
          27   249.5726       6.164154      1.8921260E-02
          28   249.5720       6.180874      1.8972442E-02
          29   249.5713       6.188012      1.8996062E-02
          30   249.5706       6.184996      1.8988190E-02
          31   249.5700       6.172429      1.8948819E-02
          32   249.5692       6.147153      1.8870078E-02
          33   249.5684       6.108551      1.8751968E-02
          34   249.5676       6.058886      1.8598426E-02
          35   249.5666       5.982516      1.8366143E-02
          36   249.5656       5.886000      1.8066930E-02
          37   249.5643       5.744492      1.7633857E-02
          38   249.5628       5.561150      1.7070867E-02
          39   249.5617       5.405547      1.6594488E-02
          40   249.5607       5.232878      1.6062992E-02
          41   249.5601       5.102039      1.5661417E-02
          42   249.5594       4.959701      1.5224409E-02
          43   249.5589       4.805370      1.4751969E-02
          44   249.5583       4.660823      1.4307087E-02
          45   249.5578       4.508311      1.3838583E-02
          46   249.5574       4.348575      1.3350394E-02
          47   249.5569       4.157693      1.2763780E-02
          48   249.5563       3.935905      1.2082677E-02
          49   249.5558       3.706421      1.1377953E-02
          50   249.5552       3.422807      1.0507874E-02
          51   249.5546       3.118145      9.5708659E-03
          52   249.5542       2.833240      8.6968504E-03
          53   249.5538       2.559464      7.8582680E-03
          54   249.5535       2.282555      7.0078741E-03
          55   249.5532       2.038594      6.2598423E-03
          56   249.5530       1.791437      5.5000000E-03
          57   249.5528       1.493469      4.5826775E-03
          58   249.5522      0.7239488      2.2204726E-03
          59   249.5515      7.0937008E-02  2.1653544E-04
          60   249.5511     -0.2916457     -8.9370081E-04
          61   249.5506     -0.6427087     -1.9724409E-03
          62   249.5502     -0.9213189     -2.8267717E-03
          63   249.5497      -1.192177     -3.6614174E-03
          64   249.5490      -1.568842     -4.8149605E-03
          65   249.5480      -2.053768     -6.3031497E-03
          66   249.5469      -2.652086     -8.1417318E-03
          67   249.5466      -2.913500     -8.9448821E-03
          68   249.5462      -3.179583     -9.7598424E-03
          69   249.5455      -3.773338     -1.1582677E-02
          70   249.5445      -4.531677     -1.3909449E-02
          71   249.5431      -5.479775     -1.6822835E-02
          72   249.5409      -6.971091     -2.1401575E-02
          73   249.5403      -7.542981     -2.3153543E-02
          74   249.5394      -8.344906     -2.5618110E-02
          75   249.5383      -9.206491     -2.8263779E-02
          76   249.5375      -9.772941     -3.0000001E-02
          77   249.5313      -14.02915     -4.3066926E-02
          78   249.4986      -36.64730     -0.1125000    
          79   249.4503      -69.01689     -0.2118661    
          80   249.3912      -107.4104     -0.3297284    
          81   249.2818      -173.8613     -0.5337166    
          82   249.1471      -247.3385     -0.7592795    
          83   249.0055      -317.1904     -0.9737087    
          84   248.8354      -394.4590      -1.210906    
          85   248.7185      -442.7095      -1.359028    
          86   248.6963      -451.3274      -1.385480    
          87   248.6815      -457.1930      -1.403488    
          88   248.6686      -462.3300      -1.419256    
          89   248.6369      -474.6834      -1.457181    
          90   248.5783      -497.2579      -1.526476    
          91   248.5677      -501.1991      -1.538579    
          92   248.5536      -506.5808      -1.555098    
          93   248.5363      -513.1129      -1.575150    
          94   248.5124      -522.1484      -1.602886    
          95   248.4498      -544.4755      -1.671425    
          96   248.4116      -557.2576      -1.710665    
          97   248.3544      -575.1739      -1.765665    
          98   248.3294      -582.8975      -1.789374    
          99   248.3155      -587.1216      -1.802343    
         100   248.3023      -591.2846      -1.815122    
         101   248.2985      -592.5798      -1.819098    
         102   248.2970      -593.0218      -1.820453    
         103   248.2944      -593.8486      -1.822992    
         104   248.2933      -594.2197      -1.824130    
         105   248.2926      -594.5439      -1.825126    
         106   248.2903      -595.4868      -1.828020    
         107   248.2874      -596.5833      -1.831386    
         108   248.2860      -597.1896      -1.833248    
         109   248.2847      -597.7790      -1.835059    
         110   248.2834      -598.4694      -1.837177    
         111   248.2793      -600.7086      -1.844051    
         112   248.2742      -603.3506      -1.852161    
         113   248.2728      -604.2060      -1.854787    
         114   248.2717      -605.0177      -1.857280    
         115   248.2702      -606.2498      -1.861059    
         116   248.2678      -608.3571      -1.867531    
         117   248.2657      -610.6178      -1.874468    
         118   248.2642      -612.5697      -1.880461    
         119   248.2630      -614.5148      -1.886433    
         120   248.2621      -616.6066      -1.892854    
         121   248.2614      -618.8628      -1.899779    
         122   248.2611      -621.1184      -1.906705    
         123   248.2618      -623.9890      -1.915516    
         124   248.2618      -623.9890      -1.915516    
         125   248.2618      -623.9890      -1.915516    
         126   248.2618      -624.3784      -1.916713    
         127   248.2619      -625.0089      -1.918646    
         128   248.2630      -627.4000      -1.925988    
         129   248.2643      -629.7534      -1.933213    
         130   248.2646      -630.2814      -1.934831    
         131   248.2650      -631.5862      -1.938838    
         132   248.2651      -631.8701      -1.939709    
         133   248.2652      -632.1524      -1.940575    
         134   248.2653      -632.4320      -1.941433    
         135   248.2663      -633.5361      -1.944823    
         136   248.2668      -634.1188      -1.946614    
         137   248.2677      -635.1840      -1.949882    
         138   248.2689      -637.4153      -1.956732    
         139   248.2696      -638.3318      -1.959547    
         140   248.2713      -639.9078      -1.964382    
         141   248.2721      -640.5599      -1.966386    
         142   248.2730      -641.4406      -1.969091    
         143   248.2743      -643.3011      -1.974799    
         144   248.2749      -644.1118      -1.977287    
         145   248.2776      -646.3829      -1.984260    
         146   248.2858      -652.9128      -2.004307    
         147   248.2921      -657.1627      -2.017354    
         148   248.3017      -662.6013      -2.034047    
         149   248.3120      -667.7238      -2.049772    
         150   248.3218      -671.7708      -2.062197    
         151   248.3336      -676.2051      -2.075811    
         152   248.3422      -678.9922      -2.084366    
         153   248.3604      -684.2371      -2.100465    
         154   248.3697      -686.5401      -2.107535    
         155   248.3845      -689.7215      -2.117303    
         156   248.3973      -692.0559      -2.124468    
         157   248.4131      -694.5300      -2.132063    
         158   248.4333      -697.0792      -2.139890    
         159   248.4424      -698.0525      -2.142874    
         160   248.4573      -699.2592      -2.146579    
         161   248.4734      -700.1401      -2.149283    
         162   248.4938      -700.8328      -2.151409    
         163   248.5139      -701.0538      -2.152091    
         164   248.5333      -700.8286      -2.151398    
         165   248.5560      -700.0435      -2.148988    
         166   248.5778      -698.8243      -2.145244    
         167   248.6038      -696.7036      -2.138736    
         168   248.6317      -693.7601      -2.129701    
         169   248.6587      -690.2642      -2.118968    
         170   248.6839      -686.3405      -2.106921    
         171   248.7041      -682.6023      -2.095445    
         172   248.7382      -675.6262      -2.074032    
         173   248.7597      -670.5229      -2.058366    
         174   248.7660      -668.8601      -2.053260    
         175   248.7925      -661.4556      -2.030531    
         176   248.8081      -656.7968      -2.016228    
         177   248.8252      -651.2953      -1.999342    
         178   248.8374      -647.0145      -1.986201    
         179   248.8600      -638.8396      -1.961106    
         180   248.9011      -621.9128      -1.909142    
         181   248.9170      -614.4698      -1.886295    
         182   248.9483      -599.0351      -1.838913    
         183   249.0096      -564.3331      -1.732386    
         184   249.0700      -524.2370      -1.609299    
         185   249.1287      -479.8033      -1.472898    
         186   249.1845      -433.5219      -1.330823    
         187   249.4314      -183.8371     -0.5643425    
         188   249.5466      -54.82541     -0.1683031    
         189   249.5623      -35.52301     -0.1090472    
         190   249.5676      -29.67201     -9.1086619E-02
         191   249.5694      -27.02233     -8.2952760E-02
         192   249.5707      -25.34882     -7.7814959E-02
         193   249.5781      -16.85776     -5.1748030E-02
         194   249.5869      -5.099508     -1.5653543E-02
         195   249.5891      -1.828819     -5.6141731E-03
         196   249.5896      -1.053071     -3.2322833E-03
         197   249.5898     -0.6232204     -1.9133858E-03
         198   249.5900     -0.2077677     -6.3779531E-04
         199   249.5901      0.1283504      3.9370079E-04
         3        90        35         0         3   -0.001568   -0.008224  248.274246 -603.350586   -1.852161    0.964842   -0.085420  603.483215
WARNING: POSSIBLE MISORDERED POINTS IN INPUT
           I       X             Y              Z
           1   249.6290       14.78269      4.7043309E-02
           2   249.6290       15.16208      4.8251968E-02
           3   249.6289       15.56365      4.9531497E-02
           4   249.6287       16.03913      5.1043306E-02
           5   249.6284       16.47223      5.2421261E-02
           6   249.6282       16.81180      5.3503934E-02
           7   249.6279       17.14566      5.4562993E-02
           8   249.6275       17.44222      5.5507872E-02
           9   249.6271       17.71710      5.6381892E-02
          10   249.6267       17.98495      5.7236217E-02
          11   249.6262       18.22994      5.8015749E-02
          12   249.6257       18.45679      5.8736220E-02
          13   249.6252       18.67411      5.9429135E-02
          14   249.6246       18.88966      6.0114175E-02
          15   249.6239       19.12167      6.0854327E-02
          16   249.6231       19.33508      6.1531495E-02
          17   249.6219       19.59408      6.2358268E-02
          18   249.6203       19.90691      6.3350394E-02
          19   249.6187       20.17232      6.4196847E-02
          20   249.6172       20.39170      6.4893700E-02
          21   249.6162       20.52348      6.5314963E-02
          22   249.6152       20.63920      6.5681100E-02
          23   249.6143       20.72354      6.5952756E-02
          24   249.6135       20.78363      6.6141732E-02
          25   249.6127       20.83080      6.6291340E-02
          26   249.6119       20.86388      6.6397637E-02
          27   249.6112       20.88087      6.6452757E-02
          28   249.6104       20.88398      6.6460632E-02
          29   249.6097       20.87246      6.6425197E-02
          30   249.6089       20.84539      6.6338584E-02
          31   249.6136       20.76674      6.6086613E-02
          32   249.6128       20.80740      6.6216536E-02
          33   249.6119       20.83663      6.6311024E-02
          34   249.6111       20.85461      6.6370077E-02
          35   249.6102       20.86035      6.6385828E-02
          36   249.6094       20.85380      6.6366144E-02
          37   249.6085       20.83466      6.6303149E-02
          38   249.6076       20.80298      6.6204727E-02
          39   249.6067       20.75881      6.6062994E-02
          40   249.6059       20.70221      6.5881893E-02
          41   249.6050       20.63326      6.5665349E-02
          42   249.6042       20.55359      6.5409444E-02
          43   249.6034       20.46217      6.5118112E-02
          44   249.6026       20.35817      6.4787403E-02
          45   249.6018       20.23902      6.4409450E-02
          46   249.6010       20.10878      6.3996062E-02
          47   249.6001       19.95656      6.3511811E-02
          48   249.5993       19.78547      6.2964566E-02
          49   249.5984       19.60053      6.2377956E-02
          50   249.5976       19.39754      6.1732281E-02
          51   249.5968       19.18376      6.1051179E-02
          52   249.5962       18.99720      6.0456689E-02
          53   249.5956       18.80120      5.9834644E-02
          54   249.5950       18.60642      5.9212595E-02
          55   249.5946       18.42648      5.8641735E-02
          56   249.5941       18.23993      5.8047246E-02
          57   249.5938       18.04752      5.7433069E-02
          58   249.5934       17.85248      5.6814961E-02
          59   249.5931       17.65261      5.6177165E-02
          60   249.5928       17.44843      5.5527560E-02
          61   249.5925       17.24716      5.4885823E-02
          62   249.5923       17.04494      5.4244094E-02
          63   249.5921       16.84025      5.3594489E-02
          64   249.5918       16.57062      5.2736219E-02
          65   249.5915       16.15800      5.1421259E-02
          66   249.5909       15.40669      4.9031492E-02
          67   249.5904       14.98237      4.7681101E-02
          68   249.5900       14.66085      4.6657480E-02
          69   249.5896       14.38771      4.5787401E-02
          70   249.5892       14.13737      4.4992127E-02
          71   249.5887       13.88857      4.4200785E-02
          72   249.5881       13.59697      4.3271653E-02
          73   249.5875       13.30828      4.2354327E-02
          74   249.5861       12.59298      4.0074803E-02
          75   249.5858       12.39503      3.9444879E-02
          76   249.5855       12.19353      3.8803149E-02
          77   249.5852       11.97474      3.8110238E-02
          78   249.5845       11.40570      3.6299214E-02
          79   249.5835       10.68689      3.4011811E-02
          80   249.5802       8.512783      2.7090549E-02
          81   249.5782       7.315559      2.3279527E-02
          82   249.5762       6.091704      1.9385826E-02
          83   249.5715       2.862382      9.1102365E-03
          84   249.5488      -11.41944     -3.6342520E-02
          85   249.5220      -28.46068     -9.0574808E-02
          86   249.4813      -53.25182     -0.1694685    
          87   249.3930      -105.0612     -0.3343504    
          88   249.2639      -174.8103     -0.5563189    
          89   249.1505      -230.4415     -0.7333622    
          90   249.1020      -252.9794     -0.8050866    
          91   248.9965      -299.6558     -0.9536299    
          92   248.8314      -367.9294      -1.170905    
          93   248.7539      -397.6709      -1.265559    
          94   248.7056      -415.1998      -1.321342    
          95   248.6929      -419.9641      -1.336504    
          96   248.6648      -430.0148      -1.368488    
          97   248.5873      -457.5596      -1.456150    
          98   248.5737      -462.5127      -1.471910    
          99   248.5526      -469.9213      -1.495488    
         100   248.5345      -476.1658      -1.515362    
         101   248.5213      -480.9329      -1.530532    
         102   248.4774      -495.6528      -1.577378    
         103   248.4279      -511.2698      -1.627079    
         104   248.3853      -523.7891      -1.666917    
         105   248.3513      -533.5738      -1.698059    
         106   248.3268      -540.5568      -1.720279    
         107   248.3009      -547.9706      -1.743874    
         108   248.2958      -549.5615      -1.748937    
         109   248.2926      -550.6371      -1.752362    
         110   248.2912      -551.1798      -1.754087    
         111   248.2894      -551.9164      -1.756433    
         112   248.2829      -554.7449      -1.765433    
         113   248.2796      -556.3154      -1.770433    
         114   248.2778      -557.2048      -1.773260    
         115   248.2769      -557.6940      -1.774819    
         116   248.2764      -557.9858      -1.775748    
         117   248.2758      -558.3799      -1.777000    
         118   248.2748      -559.1528      -1.779461    
         119   248.2718      -561.1165      -1.785709    
         120   248.2699      -562.5436      -1.790252    
         121   248.2683      -563.8851      -1.794520    
         122   248.2668      -565.3750      -1.799264    
         123   248.2651      -567.3666      -1.805602    
         124   248.2635      -569.5343      -1.812500    
         125   248.2624      -571.4913      -1.818728    
         126   248.2616      -573.2775      -1.824413    
         127   248.2612      -574.8983      -1.829571    
         128   248.2610      -576.2529      -1.833882    
         129   248.2618      -578.3657      -1.840606    
         130   248.2618      -578.3657      -1.840606    
         131   248.2618      -578.3657      -1.840606    
         132   248.2618      -579.0643      -1.842827    
         133   248.2623      -580.7831      -1.848299    
         134   248.2630      -583.0750      -1.855591    
         135   248.2638      -584.6621      -1.860642    
         136   248.2679      -591.2612      -1.881642    
         137   248.2708      -595.1457      -1.894004    
         138   248.2719      -596.2954      -1.897665    
         139   248.2736      -597.9133      -1.902815    
         140   248.2747      -599.1841      -1.906858    
         141   248.2790      -602.7273      -1.918134    
         142   248.2865      -608.3434      -1.936008    
         143   248.2938      -612.9948      -1.950807    
         144   248.3026      -617.7526      -1.965949    
         145   248.3107      -621.6647      -1.978402    
         146   248.3189      -625.0688      -1.989232    
         147   248.3297      -629.0167      -2.001799    
         148   248.3410      -632.7225      -2.013591    
         149   248.3540      -636.4581      -2.025480    
         150   248.3629      -638.7439      -2.032752    
         151   248.3779      -642.0275      -2.043205    
         152   248.3887      -644.1820      -2.050059    
         153   248.3968      -645.5775      -2.054500    
         154   248.4162      -648.4620      -2.063681    
         155   248.4323      -650.4236      -2.069925    
         156   248.4385      -651.0759      -2.072000    
         157   248.4528      -652.2643      -2.075779    
         158   248.4673      -653.1255      -2.078524    
         159   248.4859      -653.8977      -2.080980    
         160   248.5036      -654.2809      -2.082201    
         161   248.5207      -654.3191      -2.082319    
         162   248.5402      -653.9601      -2.081177    
         163   248.5621      -653.1248      -2.078520    
         164   248.5793      -652.1754      -2.075500    
         165   248.6071      -650.0071      -2.068599    
         166   248.6247      -648.3321      -2.063268    
         167   248.6533      -644.9160      -2.052398    
         168   248.6735      -642.0966      -2.043421    
         169   248.6987      -638.0956      -2.030689    
         170   248.7189      -634.4067      -2.018953    
         171   248.7351      -631.0693      -2.008331    
         172   248.7515      -627.5115      -1.997008    
         173   248.7719      -622.6544      -1.981551    
         174   248.7889      -618.3753      -1.967933    
         175   248.8113      -611.9393      -1.947449    
         176   248.8425      -602.2592      -1.916646    
         177   248.8746      -590.9235      -1.880567    
         178   248.8860      -586.4254      -1.866256    
         179   248.8915      -584.1075      -1.858878    
         180   248.9007      -580.5781      -1.847646    
         181   248.9190      -572.9200      -1.823276    
         182   248.9706      -548.5374      -1.745677    
         183   249.0161      -523.7291      -1.666728    
         184   249.0609      -497.1177      -1.582039    
         185   249.1199      -457.7192      -1.456657    
         186   249.1853      -409.3185      -1.302626    
         187   249.3084      -305.2367     -0.9713937    
         188   249.5883      -31.48538     -0.1002008    
         189   249.5999      -18.63651     -5.9311025E-02
         190   249.6064      -12.03135     -3.8287401E-02
         191   249.6111      -6.630232     -2.1098426E-02
         192   249.6183       1.270669      4.0433072E-03
         193   249.6245       8.260036      2.6287401E-02
         194   249.6266       11.08702      3.5283465E-02
         195   249.6283       13.31353      4.2370077E-02
         196   249.6286       13.81261      4.3956693E-02
         197   249.6288       14.12004      4.4937007E-02
         198   249.6289       14.42885      4.5917325E-02
         199   249.6290       14.78269      4.7043309E-02
         4        96        40         0         3    0.000568    0.012810  248.261047 -576.252869   -1.833882   -0.998970   -0.248168  591.040161
WARNING: POSSIBLE MISORDERED POINTS IN INPUT
WARNING: POSSIBLE MISORDERED POINTS IN INPUT
           I       X             Y              Z
           1   249.5801      -5.081028     -1.3779528E-02
           2   249.5801      -4.300606     -1.1661418E-02
           3   249.5799      -3.892169     -1.0555117E-02
           4   249.5797      -3.491402     -9.4685042E-03
           5   249.5793      -3.097311     -8.3976379E-03
           6   249.5788      -2.650909     -7.1889767E-03
           7   249.5779      -1.962484     -5.3228345E-03
           8   249.5770      -1.287890     -3.4921258E-03
           9   249.5760     -0.7275512     -1.9724409E-03
          10   249.5751     -0.2651063     -7.2047248E-04
          11   249.5740      0.1516693      4.0944881E-04
          12   249.5728      0.5017716      1.3622048E-03
          13   249.5718      0.7485905      2.0314960E-03
          14   249.5707      0.9682953      2.6259841E-03
          15   249.5697       1.160803      3.1496063E-03
          16   249.5686       1.326575      3.5984251E-03
          17   249.5672       1.492138      4.0472439E-03
          18   249.5657       1.627705      4.4133859E-03
          19   249.5642       1.723185      4.6732281E-03
          20   249.5626       1.779925      4.8267716E-03
          21   249.5609       1.793575      4.8622047E-03
          22   249.5593       1.756913      4.7637797E-03
          23   249.5576       1.669701      4.5275590E-03
          24   249.5561       1.542961      4.1850391E-03
          25   249.5546       1.368724      3.7125985E-03
          26   249.5532       1.144386      3.1023622E-03
          27   249.5520      0.9008898      2.4448819E-03
          28   249.5509      0.6432520      1.7440945E-03
          29   249.5499      0.3597638      9.7637798E-04
          30   249.5489      5.4814961E-02  1.4960631E-04
          31   249.5477     -0.3463465     -9.4094488E-04
          32   249.5464     -0.8790945     -2.3858268E-03
          33   249.5453      -1.458110     -3.9527561E-03
          34   249.5446      -1.891492     -5.1299213E-03
          35   249.5442      -2.261236     -6.1338581E-03
          36   249.5438      -2.641138     -7.1614170E-03
          37   249.5434      -3.027870     -8.2125980E-03
          38   249.5430      -3.418118     -9.2677167E-03
          39   249.5404      -6.201540     -1.6818898E-02
          40   249.5380      -8.554133     -2.3196852E-02
          41   249.5359      -10.38293     -2.8157480E-02
          42   249.5344      -11.80492     -3.2011811E-02
          43   249.5331      -13.26457     -3.5968505E-02
          44   249.5300      -15.63116     -4.2389762E-02
          45   249.5287      -17.03713     -4.6200786E-02
          46   249.5281      -17.92236     -4.8602365E-02
          47   249.5267      -19.33859     -5.2440945E-02
          48   249.5249      -20.84399     -5.6523625E-02
          49   249.5230      -22.39314     -6.0724411E-02
          50   249.5006      -43.87655     -0.1189843    
          51   249.4733      -68.91789     -0.1868898    
          52   249.3668      -162.8392     -0.4415787    
          53   249.1708      -314.8792     -0.8538740    
          54   248.9795      -440.7423      -1.195185    
          55   248.7482      -570.9498      -1.548275    
          56   248.7024      -594.5218      -1.612197    
          57   248.6805      -605.4791      -1.641909    
          58   248.6471      -622.6221      -1.688398    
          59   248.5882      -650.7634      -1.764713    
          60   248.5509      -668.2939      -1.812248    
          61   248.4454      -715.3290      -1.939795    
          62   248.3686      -747.4370      -2.026866    
          63   248.3463      -756.6477      -2.051842    
          64   248.3071      -772.9119      -2.095949    
          65   248.2979      -776.6271      -2.106024    
          66   248.2914      -779.0787      -2.112669    
          67   248.2860      -781.5040      -2.119248    
          68   248.2823      -783.4941      -2.124646    
          69   248.2800      -784.9521      -2.128598    
          70   248.2780      -786.5311      -2.132882    
          71   248.2590      -813.0306      -2.204740    
          72   248.2653      -797.0043      -2.161279    
          73   248.2795      -785.6067      -2.130374    
          74   248.2799      -785.3885      -2.129780    
          75   248.2801      -785.3416      -2.129653    
          76   248.2801      -785.3195      -2.129595    
          77   248.2802      -785.3082      -2.129563    
          78   248.2802      -785.2992      -2.129539    
          79   248.2802      -785.2951      -2.129528    
          80   248.2802      -785.2914      -2.129520    
          81   248.2802      -785.2881      -2.129508    
          82   248.2802      -785.2851      -2.129500    
          83   248.2802      -785.2833      -2.129496    
          84   248.2802      -785.2822      -2.129492    
          85   248.2802      -785.2812      -2.129492    
          86   248.2802      -785.2803      -2.129488    
          87   248.2802      -785.2794      -2.129484    
          88   248.2802      -785.2786      -2.129484    
          89   248.2802      -785.2778      -2.129480    
          90   248.2803      -785.2771      -2.129480    
          91   248.2803      -785.2764      -2.129476    
          92   248.2803      -785.2758      -2.129476    
          93   248.2803      -785.2753      -2.129476    
          94   248.2803      -785.2750      -2.129472    
          95   248.2803      -785.2747      -2.129472    
          96   248.2803      -785.2745      -2.129472    
          97   248.2803      -785.2744      -2.129472    
          98   248.2803      -785.2742      -2.129472    
          99   248.2803      -785.2740      -2.129472    
         100   248.2803      -785.2739      -2.129472    
         101   248.2803      -785.2737      -2.129468    
         102   248.2803      -785.2736      -2.129468    
         103   248.2803      -785.2735      -2.129468    
         104   248.2803      -785.2734      -2.129468    
         105   248.2803      -785.2733      -2.129468    
         106   248.2803      -785.2732      -2.129468    
         107   248.2803      -785.2732      -2.129468    
         108   248.2803      -785.2731      -2.129468    
         109   248.2803      -785.2731      -2.129468    
         110   248.2803      -785.2731      -2.129468    
         111   248.2803      -785.2731      -2.129468    
         112   248.2803      -785.2731      -2.129468    
         113   248.2803      -785.2731      -2.129468    
         114   248.2803      -785.2731      -2.129468    
         115   248.2803      -785.2731      -2.129468    
         116   248.2803      -785.2731      -2.129468    
         117   248.2803      -785.2732      -2.129468    
         118   248.2803      -785.2733      -2.129468    
         119   248.2803      -785.2734      -2.129468    
         120   248.2803      -785.2734      -2.129468    
         121   248.2803      -785.2736      -2.129468    
         122   248.2803      -785.2737      -2.129468    
         123   248.2803      -785.2738      -2.129472    
         124   248.2803      -785.2740      -2.129472    
         125   248.2803      -785.2741      -2.129472    
         126   248.2803      -785.2743      -2.129472    
         127   248.2803      -785.2744      -2.129472    
         128   248.2803      -785.2746      -2.129472    
         129   248.2803      -785.2748      -2.129472    
         130   248.2803      -785.2750      -2.129472    
         131   248.2803      -785.2753      -2.129476    
         132   248.2803      -785.2755      -2.129476    
         133   248.2803      -785.2758      -2.129476    
         134   248.2803      -785.2760      -2.129476    
         135   248.2803      -785.2763      -2.129476    
         136   248.2803      -785.2765      -2.129476    
         137   248.2803      -785.2768      -2.129480    
         138   248.2803      -785.2771      -2.129480    
         139   248.2803      -785.2774      -2.129480    
         140   248.2803      -785.2778      -2.129480    
         141   248.2803      -785.2781      -2.129480    
         142   248.2803      -785.2786      -2.129484    
         143   248.2803      -785.2794      -2.129484    
         144   248.2803      -785.2802      -2.129488    
         145   248.2804      -785.2811      -2.129492    
         146   248.2804      -785.2820      -2.129492    
         147   248.2804      -785.2830      -2.129496    
         148   248.2804      -785.2840      -2.129500    
         149   248.2804      -785.2850      -2.129500    
         150   248.2804      -785.2862      -2.129504    
         151   248.2804      -785.2874      -2.129508    
         152   248.2804      -785.2886      -2.129512    
         153   248.2804      -785.2899      -2.129516    
         154   248.2804      -785.2926      -2.129520    
         155   248.2804      -785.2961      -2.129531    
         156   248.2804      -785.2999      -2.129539    
         157   248.2804      -785.3040      -2.129551    
         158   248.2804      -785.3083      -2.129563    
         159   248.2804      -785.3176      -2.129591    
         160   248.2804      -785.3291      -2.129622    
         161   248.2804      -785.3488      -2.129673    
         162   248.2804      -785.3860      -2.129776    
         163   248.2803      -785.4899      -2.130055    
         164   248.2706      -795.8375      -2.158118    
         165   248.2591      -815.7395      -2.212087    
         166   248.2659      -829.7591      -2.250102    
         167   248.2998      -856.5963      -2.322878    
         168   248.3525      -878.5777      -2.382488    
         169   248.4234      -893.1774      -2.422079    
         170   248.5088      -898.6486      -2.436913    
         171   248.5278      -898.5302      -2.436594    
         172   248.5542      -897.7072      -2.434362    
         173   248.5804      -896.0707      -2.429925    
         174   248.6097      -893.3506      -2.422547    
         175   248.6401      -889.5561      -2.412260    
         176   248.6701      -884.9129      -2.399665    
         177   248.7089      -877.3382      -2.379126    
         178   248.7282      -872.8583      -2.366980    
         179   248.7626      -863.8746      -2.342618    
         180   248.7849      -857.2721      -2.324713    
         181   248.8081      -849.6464      -2.304031    
         182   248.8110      -848.5385      -2.301028    
         183   248.8324      -840.7401      -2.279882    
         184   248.8490      -833.8971      -2.261327    
         185   248.8618      -828.3735      -2.246346    
         186   248.8862      -817.2872      -2.216283    
         187   248.9028      -809.1083      -2.194103    
         188   248.9402      -788.1916      -2.137382    
         189   248.9633      -774.1860      -2.099401    
         190   249.0165      -735.7437      -1.995157    
         191   249.0549      -704.5106      -1.910461    
         192   249.1081      -656.0781      -1.779122    
         193   249.1681      -596.7928      -1.618354    
         194   249.3101      -424.5842      -1.151370    
         195   249.5385      -78.06642     -0.2116968    
         196   249.5579      -45.25422     -0.1227165    
         197   249.5647      -33.21155     -9.0062991E-02
         198   249.5753      -15.76663     -4.2755906E-02
         199   249.5801      -5.081028     -1.3779528E-02
         5        62        27         0         3    0.001104   -0.022222  248.279526 -785.606689   -2.130374   -0.222671    0.446037  780.529602
  
    3    1     248.27425    -603.35059     248.27425    -603.35059      -1.85216      -1.85216
    3    2     248.27428    -603.32825     248.27420    -603.37909      -1.85209      -1.85225
    3    3     248.27438    -603.26367     248.27408    -603.46173      -1.85189      -1.85250
    3    4     248.27454    -603.16315     248.27388    -603.59076      -1.85159      -1.85290
    3    5     248.27473    -603.03662     248.27364    -603.75360      -1.85120      -1.85340
    3    6     248.27496    -602.89661     248.27336    -603.93457      -1.85077      -1.85395
    3    7     248.27519    -602.75702     248.27310    -604.11609      -1.85034      -1.85451
    3    8     248.29219    -594.64899     248.26230    -616.07104      -1.82545      -1.89121
    3    9     248.33307    -581.76343     248.27049    -639.34991      -1.78589      -1.96267
    3   10     248.39154    -563.65729     248.31546    -669.20264      -1.73031      -2.05431
    3   11     248.46259    -540.06079     248.41582    -694.91125      -1.65787      -2.13323
    3   12     248.54189    -511.01740     248.56491    -699.60291      -1.56872      -2.14763
    3   13     248.62898    -477.75623     248.72235    -679.00354      -1.46661      -2.08440
    3   14     248.72246    -441.15125     248.86029    -638.71039      -1.35424      -1.96071
    3   15     248.81885    -401.56018     248.97270    -585.95312      -1.23271      -1.79875
    3   16     248.91481    -359.38913     249.06665    -526.60205      -1.10325      -1.61656
    3   17     249.00899    -315.55991     249.14838    -463.97586      -0.96870      -1.42431
    3   18     249.10039    -271.08044     249.22197    -400.25177      -0.83216      -1.22869
    3   19     249.18655    -226.60771     249.28827    -336.93628      -0.69564      -1.03432
    3   20     249.26584    -182.98488     249.34790    -275.41290      -0.56172      -0.84546
    3   21     249.33690    -141.12157     249.40155    -217.07173      -0.43321      -0.66637
    3   22     249.39946    -102.11630     249.45068    -163.29596      -0.31348      -0.50129
    3   23     249.45332     -67.03902     249.49448    -115.37002      -0.20579      -0.35417
    3   24     249.49817     -36.92432     249.53014     -74.47691      -0.11335      -0.22863
    3   25     249.53334     -12.59017     249.55713     -41.65897      -0.03865      -0.12788
    3   26     249.55870       4.48271     249.57689     -18.26219       0.01376      -0.05606
    3   27     249.61307      -1.87767     249.58669      -5.35776      -0.00576      -0.01645
    3   28     249.63213      -6.19540     249.58774      -3.87439      -0.01902      -0.01189
    3   29     249.63152      -6.66694     249.58861      -2.61881      -0.02046      -0.00804
    3   30     249.61914      -4.77796     249.58911      -1.85226      -0.01466      -0.00569
    3   31     249.60440      -2.31649     249.58940      -1.39627      -0.00711      -0.00429
    3   32     249.59380      -0.50949     249.58955      -1.13925      -0.00156      -0.00350
    3   33     249.59006       0.12835     249.58960      -1.05307       0.00039      -0.00323
 
    K    I     XS1       YS1       XS2       YS2       ZS1       ZS2
    3    1     248.27425    -603.35059     248.27425    -603.35059      -1.85216      -1.85216
    3    2     248.27428    -603.32825     248.27420    -603.37909      -1.85209      -1.85225
    3    3     248.27438    -603.26367     248.27408    -603.46173      -1.85189      -1.85250
    3    4     248.27454    -603.16315     248.27388    -603.59076      -1.85159      -1.85290
    3    5     248.27473    -603.03662     248.27364    -603.75360      -1.85120      -1.85340
    3    6     248.27496    -602.89661     248.27336    -603.93457      -1.85077      -1.85395
    3    7     248.27519    -602.75702     248.27310    -604.11609      -1.85034      -1.85451
    3    8     248.29219    -594.64899     248.26230    -616.07104      -1.82545      -1.89121
    3    9     248.33307    -581.76343     248.27049    -639.34991      -1.78589      -1.96267
    3   10     248.39154    -563.65729     248.31546    -669.20264      -1.73031      -2.05431
    3   11     248.46259    -540.06079     248.41582    -694.91125      -1.65787      -2.13323
    3   12     248.54189    -511.01740     248.56491    -699.60291      -1.56872      -2.14763
    3   13     248.62898    -477.75623     248.72235    -679.00354      -1.46661      -2.08440
    3   14     248.72246    -441.15125     248.86029    -638.71039      -1.35424      -1.96071
    3   15     248.81885    -401.56018     248.97270    -585.95312      -1.23271      -1.79875
    3   16     248.91481    -359.38913     249.06665    -526.60205      -1.10325      -1.61656
    3   17     249.00899    -315.55991     249.14838    -463.97586      -0.96870      -1.42431
    3   18     249.10039    -271.08044     249.22197    -400.25177      -0.83216      -1.22869
    3   19     249.18655    -226.60771     249.28827    -336.93628      -0.69564      -1.03432
    3   20     249.26584    -182.98488     249.34790    -275.41290      -0.56172      -0.84546
    3   21     249.33690    -141.12157     249.40155    -217.07173      -0.43321      -0.66637
    3   22     249.39946    -102.11630     249.45068    -163.29596      -0.31348      -0.50129
    3   23     249.45332     -67.03902     249.49448    -115.37002      -0.20579      -0.35417
    3   24     249.49817     -36.92432     249.53014     -74.47691      -0.11335      -0.22863
    3   25     249.53334     -12.59017     249.55713     -41.65897      -0.03865      -0.12788
    3   26     249.55870       4.48271     249.57689     -18.26219       0.01376      -0.05606
    3   27     249.61307      -1.87767     249.58669      -5.35776      -0.00576      -0.01645
    3   28     249.63213      -6.19540     249.58774      -3.87439      -0.01902      -0.01189
    3   29     249.63152      -6.66694     249.58861      -2.61881      -0.02046      -0.00804
    3   30     249.61914      -4.77796     249.58911      -1.85226      -0.01466      -0.00569
    3   31     249.60440      -2.31649     249.58940      -1.39627      -0.00711      -0.00429
    3   32     249.59380      -0.50949     249.58955      -1.13925      -0.00156      -0.00350
    3   33     249.59006       0.12835     249.58960      -1.05307       0.00039      -0.00323
 COMPLETE BLADEXYRGD 
 
 IN AIRFOILOT: GENERATE A IMPROVE AIRFOIL DEFINITION
               CREATING A SECTION FILE
 before INTERCIPT           9           2           5
 IN INTERCIPT          33          33           5           9          49
 IN INTERCIPT WITH OSPAN =           9
 OUT OF INTERCIPT
 INPUT FILE NAME = 
 blade1.agf                                                                     
  
 blade1.agf                                                                     
  
 intype =           3
 INTYPE =           3
 TITLE OF THE CASE
 radial-turbine                                                                 
  
 NBLADE  Nbnode Nspan Ity  Iym  Tcls Hcls  Lete   Isplit
    76   198     5     5     0     1     0     0     0
 UNITS  NPROF  IFANG   HBL   TBL  TFREE   LFREE
     1     1    10   1.00000   1.00000   0.01000   0.00039
           5
      Rpm          Gamma      GAS-CONT      Psout      Twall   MOLECULAR-WEIGHT
  12630.0156      1.3000   1716.4199    100.0000      0.0000     28.9600
       %SPAN       Machin     Ptin        Ttin        Alphin       Phi
     50.0000      0.0500    493.3000   1588.0000      0.0000      0.0000
    XHUP        ZHUP        XTUP        ZTUP
   6273.8008    306.1649   6273.8018    374.4167
    XHDW        ZHDW        XTDW        ZTDW
   6553.2002    318.0870   6553.2002    399.1846
    XSHIFT       ROTA       XSCALE      YSCALE     ZSCALE
 YSCALE =   1.000000     BLDGAP =  0.1365910    
  0.0000000E+00  0.0000000E+00   1.000000       1.000000       1.000000    
  0.0000000E+00           0
     Tclle      Tclmc       Tclte
      0.0000      0.0000      0.0000
     Hclle      Hclmc       Hclte
      0.0000      0.0000      0.0000
 *NHT                                                                           
  
   100
 *ENDWALL                                                                       
  
    16273.80078 306.164896273.80176 374.41669
    26279.93604 308.281716276.94971 374.50781
    36286.20312 310.557506280.32227 374.53448
    46292.21289 312.851906283.62500 374.48840
    56298.07275 315.199716286.86475 374.37219
    66303.70508 317.564006290.05615 374.18771
    76308.72363 319.745006293.19824 373.93689
    86310.20605 320.366796296.30029 373.62070
    96311.23877 320.780406299.37012 373.23959
   106312.16602 321.134096302.40088 372.79599
   116313.10449 321.474006305.47363 372.27661
   126314.11768 321.821996307.64648 371.86340
   136315.19971 322.173406309.09961 371.55429
   146316.35693 322.528026310.19287 371.29700
   156317.61670 322.890996311.10986 371.06009
   166318.94629 323.250216312.11377 370.77631
   176320.25244 323.580296313.46338 370.36060
   186321.52441 323.879306316.73340 369.28171
   196322.77539 324.151616318.28369 368.79630
   206323.99902 324.396796319.49316 368.44641
   216325.22656 324.621616320.76270 368.11011
   226326.45898 324.826296322.25684 367.74979
   236327.70459 325.011816323.93164 367.38470
   246328.96436 325.178196325.72412 367.03510
   256330.24365 325.325596327.48975 366.73059
   266331.52246 325.451396329.21045 366.47250
   276332.78369 325.554506330.89111 366.25800
   286334.02441 325.635196332.53564 366.08469
   296335.24707 325.694406334.13525 365.95151
   306336.45264 325.732796335.63525 365.85941
   316337.79541 325.752206337.13330 365.80099
   326341.95508 325.742806339.28955 365.76730
   336342.56299 325.734716341.56201 365.77820
   346342.93408 325.724306344.17139 365.85489
   356343.28076 325.708896348.18750 366.00351
   366343.64111 325.686896362.46240 366.18680
   376344.01709 325.657506369.02930 366.16711
   386344.41309 325.619696373.22949 366.06531
   396344.99121 325.553506376.13037 365.94501
   406346.38232 325.372996377.09229 365.92200
   416346.86719 325.315406377.78516 365.92010
   426347.22168 325.278596378.35059 365.93060
   436347.59082 325.246706378.83838 365.95001
   446348.03320 325.216316379.27637 365.97672
   456348.59668 325.187716379.70361 366.01230
   466350.21729 325.142096380.27246 366.07370
   476351.65527 325.117806381.92139 366.29510
   486354.91895 325.099006382.72119 366.39529
   496357.55078 325.046816383.83789 366.50699
   506360.37646 324.942816386.83643 366.76431
   516363.61084 324.769816388.18945 366.90741
   526367.58252 324.490696389.45508 367.07040
   536373.21533 323.998416390.97705 367.30130
   546393.24463 321.923316393.03418 367.66180
   556396.86230 321.511906395.93701 368.23520
   566398.53613 321.292696398.32861 368.76080
   576399.81299 321.104006400.25391 369.22861
   586400.96533 320.914226402.32373 369.78101
   596402.14209 320.699896405.28467 370.64560
   606403.43213 320.442606417.65137 374.50800
   616404.84619 320.135806420.67822 375.40140
   626406.45605 319.758096423.39014 376.13651
   636408.99512 319.113016426.19678 376.83139
   646413.75342 317.877296429.00781 377.46249
   656416.91162 317.118906431.82422 378.03021
   666420.32080 316.359316434.63232 378.53250
   676423.69824 315.664496437.38232 378.96249
   686426.93359 315.054606440.13428 379.33090
   696430.12500 314.507606443.07617 379.65891
   706433.32275 314.013796446.53809 379.96552
   716436.76221 313.541116457.88672 380.76901
   726440.33887 313.108496461.87988 381.02579
   736443.32129 312.797096465.11426 381.15671
   746446.04492 312.559606469.18213 381.23071
   756452.58984 312.069096475.57422 381.20059
   766461.13428 311.350716490.41357 380.94061
   776464.06396 311.149516495.50439 380.95691
   786466.66016 311.015906499.00293 381.04361
   796469.62402 310.912996501.24023 381.14709
   806473.20850 310.848516502.94727 381.26389
   816478.02637 310.843416504.56396 381.41031
   826492.24854 311.082616506.14600 381.58871
   836499.88574 311.158696507.73242 381.80310
   846508.25391 311.141206509.36768 382.06110
   856510.82471 311.174806511.09229 382.37219
   866513.17383 311.244386512.94336 382.74881
   876515.36572 311.345616514.93604 383.20010
   886517.54395 311.482706517.06396 383.73169
   896519.78662 311.661196519.36084 384.35971
   906522.08203 311.882206521.83887 385.09641
   916524.45898 312.151006524.53369 385.96249
   926526.92334 312.471106527.28955 386.91501
   936529.52393 312.852916530.00391 387.92020
   946532.24658 313.299196532.67383 388.97610
   956535.09717 313.815006535.39648 390.12320
   966538.15479 314.420596538.26807 391.40781
   976541.46680 315.134196541.31055 392.85001
   986544.98828 315.954416544.65674 394.52789
   996548.85645 316.922796548.51025 396.56812
  1006553.20020 318.087016553.20020 399.18460
 IFANG,IAERO           0           1
 INTYPE,NBLADE,IBLD,KSPAN,IHT,LEBOA,TEBOA
   -3   76  198    5  100   1.00000   1.00000
 TITLE =
 radial-turbine                                                                 
  
 complete getdims
 NBK =           7
 IN GRIDDIM WITH OUTYPE =           4
 1 OJIN,OJSV          25          13
      BCK#      NS       ES       IM       JM       KM          NE       EE
        1        0        0       45        9        9     3645     2816
        2     3645     2816       45       13        9     8910     7040
        3     8910     7040       65        9        9    14175    11136
        4    14175    11136       11        9        9    15066    11776
        5    15066    11776       11        9        9    15957    12416
        6    15957    12416       65        5       13    20182    15488
        7    20182    15488       65        5        5    21807    16512
 
      BCK#     IM        JM        KM
 
  BEFORE READMESHIX           0
        1       45        9        9
        2       45       13        9
        3       65        9        9
        4       11        9        9
        5       11        9        9
        6       65        5       13
        7       65        5        5
 MESHIN,DWAL,DWAL_OMESH           0  9.9999997E-05  9.9999997E-05
 a.im,jm,km          45          21           9           7
 
 TOTAL NUMBER OF NODES =       22002       22002           7
 after x,y,z
 after xo,yo,zo
 NHT =         400  OSPAN =           9  IHT =         100
  IGRID =           1  OSPAN =           9  NSPAN =           5
  IGRID =           1  OSPAN =           9  NSPAN =           5
  ********NSPSV =           5  KM =           9  NSPAN =           5
 TCLS =            0  NBK =           7
 HCLS =            0  NB  =           6
 INEW =            2  NB  =           7
  A NB =           7
        1        0        0       45        9        9        1
        2     3645     2816       45       13        9        1
        3     8910     7040       65        9        9        1
        4    14175    11136       11        9        9        1
        5    15066    11776       11        9        9        1
  
 IN AIRFOILIN
 INPUT geometry file NAME = blade1.agf
 NFIN.GT.1.AND.NLOOP.EQ.1.AND.IFACE.EQ.0           2           2           0
 iht =         100
           1   6273.801       306.1649       6273.802       374.4167    
           2   6279.936       308.2817       6276.950       374.5078    
           3   6286.203       310.5575       6280.322       374.5345    
           4   6292.213       312.8519       6283.625       374.4884    
           5   6298.073       315.1997       6286.865       374.3722    
           6   6303.705       317.5640       6290.056       374.1877    
           7   6308.724       319.7450       6293.198       373.9369    
           8   6310.206       320.3668       6296.300       373.6207    
           9   6311.239       320.7804       6299.370       373.2396    
          10   6312.166       321.1341       6302.401       372.7960    
          11   6313.104       321.4740       6305.474       372.2766    
          12   6314.118       321.8220       6307.646       371.8634    
          13   6315.200       322.1734       6309.100       371.5543    
          14   6316.357       322.5280       6310.193       371.2970    
          15   6317.617       322.8910       6311.110       371.0601    
          16   6318.946       323.2502       6312.114       370.7763    
          17   6320.252       323.5803       6313.463       370.3606    
          18   6321.524       323.8793       6316.733       369.2817    
          19   6322.775       324.1516       6318.284       368.7963    
          20   6323.999       324.3968       6319.493       368.4464    
          21   6325.227       324.6216       6320.763       368.1101    
          22   6326.459       324.8263       6322.257       367.7498    
          23   6327.705       325.0118       6323.932       367.3847    
          24   6328.964       325.1782       6325.724       367.0351    
          25   6330.244       325.3256       6327.490       366.7306    
          26   6331.522       325.4514       6329.210       366.4725    
          27   6332.784       325.5545       6330.891       366.2580    
          28   6334.024       325.6352       6332.536       366.0847    
          29   6335.247       325.6944       6334.135       365.9515    
          30   6336.453       325.7328       6335.635       365.8594    
          31   6337.795       325.7522       6337.133       365.8010    
          32   6341.955       325.7428       6339.290       365.7673    
          33   6342.563       325.7347       6341.562       365.7782    
          34   6342.934       325.7243       6344.171       365.8549    
          35   6343.281       325.7089       6348.188       366.0035    
          36   6343.641       325.6869       6362.462       366.1868    
          37   6344.017       325.6575       6369.029       366.1671    
          38   6344.413       325.6197       6373.229       366.0653    
          39   6344.991       325.5535       6376.130       365.9450    
          40   6346.382       325.3730       6377.092       365.9220    
          41   6346.867       325.3154       6377.785       365.9201    
          42   6347.222       325.2786       6378.351       365.9306    
          43   6347.591       325.2467       6378.838       365.9500    
          44   6348.033       325.2163       6379.276       365.9767    
          45   6348.597       325.1877       6379.704       366.0123    
          46   6350.217       325.1421       6380.272       366.0737    
          47   6351.655       325.1178       6381.921       366.2951    
          48   6354.919       325.0990       6382.721       366.3953    
          49   6357.551       325.0468       6383.838       366.5070    
          50   6360.376       324.9428       6386.836       366.7643    
          51   6363.611       324.7698       6388.189       366.9074    
          52   6367.583       324.4907       6389.455       367.0704    
          53   6373.215       323.9984       6390.977       367.3013    
          54   6393.245       321.9233       6393.034       367.6618    
          55   6396.862       321.5119       6395.937       368.2352    
          56   6398.536       321.2927       6398.329       368.7608    
          57   6399.813       321.1040       6400.254       369.2286    
          58   6400.965       320.9142       6402.324       369.7810    
          59   6402.142       320.6999       6405.285       370.6456    
          60   6403.432       320.4426       6417.651       374.5080    
          61   6404.846       320.1358       6420.678       375.4014    
          62   6406.456       319.7581       6423.390       376.1365    
          63   6408.995       319.1130       6426.197       376.8314    
          64   6413.753       317.8773       6429.008       377.4625    
          65   6416.912       317.1189       6431.824       378.0302    
          66   6420.321       316.3593       6434.632       378.5325    
          67   6423.698       315.6645       6437.382       378.9625    
          68   6426.934       315.0546       6440.134       379.3309    
          69   6430.125       314.5076       6443.076       379.6589    
          70   6433.323       314.0138       6446.538       379.9655    
          71   6436.762       313.5411       6457.887       380.7690    
          72   6440.339       313.1085       6461.880       381.0258    
          73   6443.321       312.7971       6465.114       381.1567    
          74   6446.045       312.5596       6469.182       381.2307    
          75   6452.590       312.0691       6475.574       381.2006    
          76   6461.134       311.3507       6490.414       380.9406    
          77   6464.064       311.1495       6495.504       380.9569    
          78   6466.660       311.0159       6499.003       381.0436    
          79   6469.624       310.9130       6501.240       381.1471    
          80   6473.208       310.8485       6502.947       381.2639    
          81   6478.026       310.8434       6504.564       381.4103    
          82   6492.249       311.0826       6506.146       381.5887    
          83   6499.886       311.1587       6507.732       381.8031    
          84   6508.254       311.1412       6509.368       382.0611    
          85   6510.825       311.1748       6511.092       382.3722    
          86   6513.174       311.2444       6512.943       382.7488    
          87   6515.366       311.3456       6514.936       383.2001    
          88   6517.544       311.4827       6517.064       383.7317    
          89   6519.787       311.6612       6519.361       384.3597    
          90   6522.082       311.8822       6521.839       385.0964    
          91   6524.459       312.1510       6524.534       385.9625    
          92   6526.923       312.4711       6527.290       386.9150    
          93   6529.524       312.8529       6530.004       387.9202    
          94   6532.247       313.2992       6532.674       388.9761    
          95   6535.097       313.8150       6535.396       390.1232    
          96   6538.155       314.4206       6538.268       391.4078    
          97   6541.467       315.1342       6541.311       392.8500    
          98   6544.988       315.9544       6544.657       394.5279    
          99   6548.856       316.9228       6548.510       396.5681    
         100   6553.200       318.0870       6553.200       399.1846    
   247.0000       247.0001       258.0000       258.0000    
 SECTION =            1  OUT OF            5
 SECTION =            2  OUT OF            5
 SECTION =            3  OUT OF            5
 SECTION =            4  OUT OF            5
 SECTION =            5  OUT OF            5
 ENDWALL FINISH NHT         400
 ENDWALL FINISH NHT         400
 ENTERING WH_ENDWALL_ORDER
 INTYPE           3
 STARTING TO SCALE THE AIRFOIL
 STARTING TO ROTATING THE AIRFOIL
 LININ =           0  LETE =           0
 COMPLETE THE AIRFOILIN
 radial-turbine                                                                 
  
 before XRgrid ospan           9           2           5
 NB1 =            1  NB2 =            0
 IFAN =            3
 before bladexyrgd           9           2           5
 
  IN BLADEXYRGD: GETTING INITIAL LEDIA AND TEDIA         198
 
        K      NBNEW      IXMN      LETE      ITYY     LED-in      TED-in     XatIXMN     Tatixmn    RatIXMN    LEMA(DEG)     TEMA(DEG)  CHORD
         1       113        39         0         3   -0.682554    0.001336  250.038025   14.846941    0.045913    0.207488   -0.084872  237.708160
WARNING: POSSIBLE MISORDERED POINTS IN INPUT
           I       X             Y              Z
           1   251.1550      -264.4048     -0.7670512    
           2   251.1550      -264.7080     -0.7679291    
           3   251.1550      -265.0104     -0.7688071    
           4   251.1549      -265.3422     -0.7697677    
           5   251.1546      -265.7067     -0.7708268    
           6   251.1544      -266.0660     -0.7718701    
           7   251.1539      -266.5361     -0.7732323    
           8   251.1532      -267.0567     -0.7747440    
           9   251.1526      -267.4830     -0.7759803    
          10   251.1519      -267.8738     -0.7771142    
          11   251.1497      -268.9317     -0.7801811    
          12   251.1490      -269.2137     -0.7810000    
          13   251.1481      -269.4654     -0.7817323    
          14   251.1473      -269.6852     -0.7823701    
          15   251.1464      -269.8732     -0.7829134    
          16   251.1455      -270.0440     -0.7834094    
          17   251.1443      -270.2468     -0.7839960    
          18   251.1423      -270.5312     -0.7848228    
          19   251.1400      -270.7959     -0.7855906    
          20   251.1384      -270.8969     -0.7858858    
          21   251.1374      -270.9327     -0.7859882    
          22   251.1363      -270.9474     -0.7860315    
          23   251.1346      -270.9350     -0.7859961    
          24   251.1328      -270.8678     -0.7857991    
          25   251.1315      -270.7752     -0.7855315    
          26   251.1301      -270.6494     -0.7851653    
          27   251.1283      -270.4232     -0.7845118    
          28   251.1266      -270.1725     -0.7837835    
          29   251.1252      -269.9130     -0.7830315    
          30   251.1241      -269.6361     -0.7822284    
          31   251.1231      -269.3627     -0.7814330    
          32   251.1222      -269.0662     -0.7805747    
          33   251.1212      -268.7107     -0.7795433    
          34   251.1204      -268.3260     -0.7784252    
          35   251.1198      -267.9703     -0.7773937    
          36   251.1192      -267.6170     -0.7763701    
          37   251.1185      -267.2451     -0.7752913    
          38   251.1176      -266.8206     -0.7740591    
          39   251.1145      -265.3395     -0.7697599    
          40   251.1071      -261.5829     -0.7588623    
          41   251.0967      -256.3334     -0.7436339    
          42   251.0849      -250.1687     -0.7257519    
          43   250.9826      -196.9464     -0.5713504    
          44   250.8533      -132.8199     -0.3853149    
          45   250.7622      -93.32634     -0.2707441    
          46   250.6928      -67.52829     -0.1959016    
          47   250.6153      -42.85182     -0.1243150    
          48   250.5613      -28.33065     -8.2188979E-02
          49   250.5029      -15.10143     -4.3811023E-02
          50   250.4532      -5.629394     -1.6330708E-02
          51   250.4062       1.778303      5.1574800E-03
          52   250.3556       8.016315      2.3255905E-02
          53   250.3138       11.93002      3.4610238E-02
          54   250.2770       14.28988      4.1456692E-02
          55   250.2410       15.57181      4.5173228E-02
          56   250.2066       15.97486      4.6342518E-02
          57   250.1782       15.45635      4.4838585E-02
          58   250.1269       14.40191      4.1779529E-02
          59   250.1005       14.19930      4.1192915E-02
          60   250.0893       14.24746      4.1330710E-02
          61   250.0821       14.51882      4.2118110E-02
          62   250.0775       14.81930      4.2992126E-02
          63   250.0700       15.42402      4.4744093E-02
          64   250.0684       15.61400      4.5295279E-02
          65   250.0629       16.36632      4.7480315E-02
          66   250.0581       17.19936      4.9897637E-02
          67   250.0528       18.31177      5.3122047E-02
          68   250.0471       19.71287      5.7188977E-02
          69   250.0435       20.71371      6.0090549E-02
          70   250.0423       21.12049      6.1271656E-02
          71   250.0405       21.88419      6.3488185E-02
          72   250.0380       23.05003      6.6870078E-02
          73   250.0351       24.58988      7.1334645E-02
          74   250.0312       27.07925      7.8559056E-02
          75   250.0286       29.16170      8.4598422E-02
          76   250.0269       30.86920      8.9551181E-02
          77   250.0257       32.56600      9.4476372E-02
          78   250.0248       34.43002      9.9881887E-02
          79   250.0242       36.51535      0.1059331    
          80   250.0240       42.90814      0.1244803    
          81   250.0240       42.92477      0.1245276    
          82   250.0241       43.13755      0.1251457    
          83   250.0242       43.44894      0.1260473    
          84   250.0246       44.26337      0.1284094    
          85   250.0248       44.56165      0.1292756    
          86   250.0249       44.77066      0.1298819    
          87   250.0249       44.93908      0.1303701    
          88   250.0249       45.08644      0.1307992    
          89   250.0250       45.21925      0.1311850    
          90   250.0250       45.36946      0.1316181    
          91   250.0250       45.80248      0.1328740    
          92   250.0250       46.02178      0.1335118    
          93   250.0250       46.14798      0.1338779    
          94   250.0251       46.24248      0.1341496    
          95   250.0251       46.32941      0.1344055    
          96   250.0251       46.40028      0.1346102    
          97   250.0251       46.47104      0.1348150    
          98   250.0251       46.54756      0.1350354    
          99   250.0252       46.62400      0.1352598    
         100   250.0252       46.71572      0.1355236    
         101   250.0253       46.81547      0.1358150    
         102   250.0254       46.93158      0.1361496    
         103   250.0255       47.08948      0.1366102    
         104   250.0259       47.56002      0.1379724    
         105   250.0262       47.90382      0.1389724    
         106   250.0264       48.12963      0.1396260    
         107   250.0266       48.30732      0.1401417    
         108   250.0267       48.46193      0.1405905    
         109   250.0268       48.60086      0.1409921    
         110   250.0268       48.72844      0.1413622    
         111   250.0269       48.84880      0.1417126    
         112   250.0270       49.01003      0.1421811    
         113   250.0271       49.49439      0.1435866    
         114   250.0272       49.68771      0.1441457    
         115   250.0272       49.81755      0.1445236    
         116   250.0273       49.91378      0.1448032    
         117   250.0273       50.00707      0.1450709    
         118   250.0274       50.09663      0.1453307    
         119   250.0275       50.19859      0.1456299    
         120   250.0275       50.31285      0.1459606    
         121   250.0277       50.45184      0.1463622    
         122   250.0278       50.65079      0.1469409    
         123   250.0284       51.23180      0.1486260    
         124   250.0291       51.90345      0.1505748    
         125   250.0321       55.24244      0.1602598    
         126   250.0343       57.47145      0.1667283    
         127   250.0366       59.68834      0.1731575    
         128   250.0392       61.91769      0.1796260    
         129   250.0419       64.15990      0.1861299    
         130   250.0448       66.41360      0.1926693    
         131   250.0479       68.67715      0.1992362    
         132   250.0513       70.94852      0.2058268    
         133   250.0548       73.22548      0.2124291    
         134   250.0585       75.50540      0.2190433    
         135   250.0625       77.78562      0.2256614    
         136   250.0666       80.03342      0.2321811    
         137   250.0707       82.21607      0.2385118    
         138   250.0750       84.33353      0.2446535    
         139   250.0794       86.38638      0.2506102    
         140   250.0838       88.37531      0.2563819    
         141   250.0883       90.30116      0.2619685    
         142   250.0929       92.16487      0.2673740    
         143   250.0976       93.97780      0.2726339    
         144   250.1024       95.78898      0.2778898    
         145   250.1076       97.60243      0.2831496    
         146   250.1130       99.41521      0.2884094    
         147   250.1186       101.2238      0.2936535    
         148   250.1245       103.0241      0.2988780    
         149   250.1307       104.8484      0.3041693    
         150   250.1385       107.0157      0.3104567    
         151   250.1505       110.2038      0.3197047    
         152   250.1669       114.3773      0.3318149    
         153   250.1716       115.5124      0.3351063    
         154   250.1751       116.3091      0.3374173    
         155   250.1780       116.9470      0.3392677    
         156   250.1807       117.4924      0.3408504    
         157   250.1833       118.0175      0.3423740    
         158   250.1868       118.6478      0.3442008    
         159   250.1918       119.5243      0.3467441    
         160   250.2128       122.9941      0.3568110    
         161   250.2211       124.3423      0.3607244    
         162   250.2262       125.1043      0.3629331    
         163   250.2315       125.8616      0.3651299    
         164   250.2379       126.7045      0.3675748    
         165   250.2459       127.6895      0.3704331    
         166   250.2535       128.5542      0.3729410    
         167   250.2594       129.1720      0.3747323    
         168   250.2645       129.6605      0.3761496    
         169   250.2692       130.0762      0.3773583    
         170   250.2750       130.5254      0.3786614    
         171   250.2833       131.1096      0.3803543    
         172   250.2979       132.0076      0.3829606    
         173   250.3071       132.5028      0.3843976    
         174   250.3140       132.8146      0.3852992    
         175   250.3206       133.0570      0.3860039    
         176   250.3272       133.2486      0.3865590    
         177   250.3343       133.3929      0.3869803    
         178   250.3415       133.4828      0.3872402    
         179   250.3486       133.5136      0.3873307    
         180   250.3687       133.2796      0.3866496    
         181   250.3979       132.2188      0.3835708    
         182   250.4219       130.6819      0.3791142    
         183   250.4509       127.9537      0.3712008    
         184   250.4748       125.0043      0.3626417    
         185   250.5078       119.9110      0.3478661    
         186   250.5339       114.9939      0.3336024    
         187   250.5749       105.7307      0.3067284    
         188   250.5985       99.48630      0.2886142    
         189   250.6369       87.48137      0.2537874    
         190   250.6802       71.63596      0.2078189    
         191   250.7257       52.14139      0.1512638    
         192   250.7933       17.62295      5.1125981E-02
         193   250.8701      -29.00032     -8.4129922E-02
         194   250.9905      -118.2502     -0.3430472    
         195   251.1391      -248.8903     -0.7220433    
         196   251.1513      -259.7849     -0.7536496    
         197   251.1535      -262.2914     -0.7609173    
         198   251.1549      -264.0198     -0.7659331    
         199   251.1550      -264.4048     -0.7670512    
         2       108        35         0         3   -0.000968   -0.009768  250.040482   21.884193    0.063488   -0.655256    0.279609  286.292328
WARNING: POSSIBLE MISORDERED POINTS IN INPUT
WARNING: POSSIBLE MISORDERED POINTS IN INPUT
WARNING: POSSIBLE MISORDERED POINTS IN INPUT
           I       X             Y              Z
           1   251.1544      -286.2798     -0.7821535    
           2   251.1543      -286.8185     -0.7836260    
           3   251.1541      -287.2713     -0.7848662    
           4   251.1540      -287.7421     -0.7861496    
           5   251.1532      -288.7045     -0.7887795    
           6   251.1526      -289.1527     -0.7900039    
           7   251.1522      -289.4789     -0.7908977    
           8   251.1518      -289.8036     -0.7917835    
           9   251.1513      -290.1542     -0.7927401    
          10   251.1505      -290.5752     -0.7938898    
          11   251.1495      -290.9478     -0.7949095    
          12   251.1480      -291.4084     -0.7961693    
          13   251.1465      -291.8443     -0.7973582    
          14   251.1454      -292.1150     -0.7980984    
          15   251.1443      -292.3561     -0.7987559    
          16   251.1431      -292.5674     -0.7993346    
          17   251.1418      -292.7450     -0.7998189    
          18   251.1405      -292.8848     -0.8002008    
          19   251.1379      -293.0515     -0.8006575    
          20   251.1018      -293.3701     -0.8015276    
          21   251.0515      -292.5608     -0.7993150    
          22   251.0004      -290.2809     -0.7930866    
          23   250.9477      -286.4019     -0.7824882    
          24   250.8925      -280.6924     -0.7668898    
          25   250.8341      -272.7927     -0.7453071    
          26   250.7712      -262.1742     -0.7162952    
          27   250.7026      -248.0757     -0.6777756    
          28   250.6270      -229.4241     -0.6268189    
          29   250.5430      -204.7495     -0.5594016    
          30   250.4495      -172.1961     -0.4704646    
          31   250.3472      -129.8730     -0.3548307    
          32   250.2404      -77.10091     -0.2106496    
          33   250.1391      -16.78796     -4.5866139E-02
          34   250.0561       43.35514      0.1184528    
          35   250.0307       64.62691      0.1765709    
          36   250.0283       66.49762      0.1816811    
          37   250.0268       67.79388      0.1852205    
          38   250.0258       68.94922      0.1883780    
          39   250.0250       70.13863      0.1916299    
          40   250.0244       71.63842      0.1957244    
          41   250.0240       74.48378      0.2035000    
          42   251.1383      -293.0428     -0.8006338    
          43   251.1377      -293.0720     -0.8007126    
          44   251.1371      -293.0938     -0.8007717    
          45   251.1365      -293.1083     -0.8008110    
          46   251.1359      -293.1146     -0.8008307    
          47   251.1352      -293.1125     -0.8008229    
          48   251.1345      -293.1016     -0.8007953    
          49   251.1338      -293.0803     -0.8007362    
          50   251.1331      -293.0484     -0.8006496    
          51   251.1322      -293.0033     -0.8005236    
          52   251.1314      -292.9450     -0.8003662    
          53   251.1307      -292.8819     -0.8001929    
          54   251.1299      -292.8084     -0.7999921    
          55   251.1294      -292.7431     -0.7998149    
          56   251.1289      -292.6750     -0.7996299    
          57   251.1284      -292.5990     -0.7994213    
          58   251.1280      -292.5277     -0.7992244    
          59   251.1276      -292.4525     -0.7990196    
          60   251.1272      -292.3728     -0.7988032    
          61   251.1267      -292.2640     -0.7985039    
          62   251.1261      -292.1235     -0.7981220    
          63   251.1253      -291.9248     -0.7975787    
          64   251.1242      -291.6473     -0.7968189    
          65   251.1236      -291.4411     -0.7962559    
          66   251.1230      -291.2592     -0.7957598    
          67   251.1225      -291.0947     -0.7953110    
          68   251.1220      -290.9170     -0.7948228    
          69   251.1215      -290.7106     -0.7942598    
          70   251.1210      -290.4793     -0.7936299    
          71   251.1203      -290.1764     -0.7928031    
          72   251.1194      -289.7317     -0.7915866    
          73   251.1140      -287.0283     -0.7842007    
          74   251.1058      -283.1696     -0.7736575    
          75   251.1026      -281.5349     -0.7691929    
          76   251.0976      -278.9325     -0.7620826    
          77   251.0915      -275.9399     -0.7539055    
          78   251.0528      -255.8535     -0.6990276    
          79   250.9773      -216.5847     -0.5917401    
          80   250.8979      -175.3438     -0.4790630    
          81   250.8487      -150.4785     -0.4111260    
          82   250.8006      -127.2083     -0.3475512    
          83   250.7368      -97.66497     -0.2668346    
          84   250.6705      -68.73270     -0.1877874    
          85   250.6258      -50.67316     -0.1384449    
          86   250.5995      -40.68450     -0.1111575    
          87   250.5650      -28.40791     -7.7614173E-02
          88   250.5294      -16.75765     -4.5783464E-02
          89   250.5111      -11.23769     -3.0704726E-02
          90   250.4693      0.4332834      1.1850393E-03
          91   250.4499       5.420618      1.4811023E-02
          92   250.4173       13.28831      3.6307089E-02
          93   250.3841       20.51042      5.6035433E-02
          94   250.3650       24.36285      6.6562995E-02
          95   250.3308       30.58382      8.3559059E-02
          96   250.3083       34.37974      9.3929127E-02
          97   250.2807       38.48273      0.1051417    
          98   250.2634       40.81538      0.1115118    
          99   250.2428       43.25366      0.1181732    
         100   250.2248       45.12901      0.1232992    
         101   250.2094       46.50618      0.1270630    
         102   250.1922       47.78387      0.1305512    
         103   250.1701       49.11974      0.1342008    
         104   250.1506       50.02238      0.1366693    
         105   250.1047       51.66785      0.1411653    
         106   250.0930       52.23873      0.1427244    
         107   250.0826       52.89801      0.1445236    
         108   250.0748       53.49208      0.1461496    
         109   250.0721       53.75104      0.1468543    
         110   250.0693       54.05464      0.1476850    
         111   250.0657       54.50077      0.1489016    
         112   250.0622       54.99228      0.1502480    
         113   250.0581       55.63555      0.1520039    
         114   250.0564       55.93116      0.1528110    
         115   250.0556       56.08186      0.1532244    
         116   250.0550       56.22879      0.1536260    
         117   250.0537       56.52063      0.1544213    
         118   250.0525       56.77816      0.1551260    
         119   250.0511       57.04436      0.1558543    
         120   250.0496       57.37307      0.1567520    
         121   250.0490       57.51278      0.1571339    
         122   250.0484       57.65868      0.1575315    
         123   250.0473       57.94487      0.1583150    
         124   250.0433       59.06005      0.1613583    
         125   250.0423       59.39289      0.1622677    
         126   250.0417       59.60190      0.1628386    
         127   250.0411       59.82609      0.1634528    
         128   250.0404       60.08259      0.1641535    
         129   250.0392       60.53897      0.1654016    
         130   250.0386       60.74699      0.1659685    
         131   250.0381       60.91068      0.1664173    
         132   250.0365       61.44612      0.1678780    
         133   250.0360       61.63518      0.1683976    
         134   250.0355       61.82826      0.1689212    
         135   250.0351       62.02169      0.1694528    
         136   250.0346       62.25048      0.1700748    
         137   250.0339       62.63346      0.1711220    
         138   250.0320       63.51057      0.1735197    
         139   250.0320       63.53161      0.1735787    
         140   250.0240       75.76359      0.2069961    
         141   250.0240       75.76359      0.2069961    
         142   250.0240       75.76359      0.2069961    
         143   250.0240       75.76359      0.2069961    
         144   250.0240       75.76359      0.2069961    
         145   250.0239       76.01566      0.2076850    
         146   250.0239       76.61807      0.2093307    
         147   250.0242       77.51308      0.2117756    
         148   250.0247       78.65545      0.2148976    
         149   250.0251       79.43269      0.2170197    
         150   250.0259       80.83451      0.2208504    
         151   250.0266       82.06998      0.2242244    
         152   250.0268       82.59052      0.2256496    
         153   250.0270       83.10867      0.2270630    
         154   250.0275       83.83745      0.2290551    
         155   250.0281       84.48801      0.2308346    
         156   250.0285       84.80009      0.2316850    
         157   250.0289       85.11124      0.2325354    
         158   250.0292       85.42455      0.2333898    
         159   250.0295       85.87228      0.2346142    
         160   250.0298       86.46236      0.2362283    
         161   250.0302       87.23727      0.2383425    
         162   250.0331       89.95554      0.2457716    
         163   250.0425       97.38881      0.2660787    
         164   250.0528       104.0816      0.2843661    
         165   250.0638       110.0485      0.3006693    
         166   250.0760       115.6995      0.3161063    
         167   250.0902       121.2770      0.3313465    
         168   250.1063       126.6893      0.3461338    
         169   250.1237       131.6918      0.3597992    
         170   250.1415       136.0325      0.3716575    
         171   250.1592       139.6543      0.3815551    
         172   250.1791       142.9910      0.3906693    
         173   250.1987       145.6608      0.3979646    
         174   250.2176       147.5994      0.4032598    
         175   250.2410       149.3156      0.4079488    
         176   250.2610       150.1817      0.4103189    
         177   250.2841       150.5266      0.4112598    
         178   250.3073       150.1999      0.4103661    
         179   250.3315       149.1537      0.4075079    
         180   250.3581       147.2276      0.4022441    
         181   250.3819       144.7954      0.3956023    
         182   250.4115       140.8072      0.3847047    
         183   250.4389       136.1605      0.3720079    
         184   250.4676       130.3601      0.3561614    
         185   250.5073       120.6392      0.3296023    
         186   250.5363       112.3181      0.3068701    
         187   250.5778       98.43443      0.2689370    
         188   250.6294       78.11878      0.2134331    
         189   250.6919       49.52702      0.1353150    
         190   250.7760       3.837512      1.0484251E-02
         191   250.8915      -71.09599     -0.1942441    
         192   251.0401      -186.4863     -0.5095078    
         193   251.1514      -281.8698     -0.7701063    
         194   251.1529      -283.2862     -0.7739764    
         195   251.1536      -284.0186     -0.7759764    
         196   251.1539      -284.4287     -0.7770984    
         197   251.1542      -284.8453     -0.7782362    
         198   251.1544      -285.3528     -0.7796221    
         199   251.1544      -286.2798     -0.7821535    
         3        91        57         0         3   -0.000359   -0.000808  250.033859   62.633461    0.171122    0.827464   -0.046482  348.916321
         4       114        40         0         3   -0.001486   -0.000220  250.038025   14.823614    0.045913    0.608688   -0.087082  237.334747
WARNING: POSSIBLE MISORDERED POINTS IN INPUT
WARNING: POSSIBLE MISORDERED POINTS IN INPUT
WARNING: POSSIBLE MISORDERED POINTS IN INPUT
           I       X             Y              Z
           1   251.1544      -286.4785     -0.7821535    
           2   251.1543      -287.0175     -0.7836260    
           3   251.1541      -287.4707     -0.7848662    
           4   251.1540      -287.9418     -0.7861496    
           5   251.1532      -288.9048     -0.7887795    
           6   251.1526      -289.3534     -0.7900039    
           7   251.1522      -289.6798     -0.7908977    
           8   251.1518      -290.0047     -0.7917835    
           9   251.1513      -290.3555     -0.7927401    
          10   251.1505      -290.7768     -0.7938898    
          11   251.1495      -291.1497     -0.7949095    
          12   251.1480      -291.6106     -0.7961693    
          13   251.1465      -292.0468     -0.7973582    
          14   251.1454      -292.3177     -0.7980984    
          15   251.1443      -292.5590     -0.7987559    
          16   251.1431      -292.7704     -0.7993346    
          17   251.1418      -292.9482     -0.7998189    
          18   251.1405      -293.0880     -0.8002008    
          19   251.1379      -293.2549     -0.8006575    
          20   251.1018      -293.5737     -0.8015276    
          21   251.0515      -292.7638     -0.7993150    
          22   251.0004      -290.4824     -0.7930866    
          23   250.9477      -286.6006     -0.7824882    
          24   250.8925      -280.8871     -0.7668898    
          25   250.8341      -272.9820     -0.7453071    
          26   250.7712      -262.3561     -0.7162952    
          27   250.7026      -248.2479     -0.6777756    
          28   250.6270      -229.5833     -0.6268189    
          29   250.5430      -204.8916     -0.5594016    
          30   250.4495      -172.3156     -0.4704646    
          31   250.3472      -129.9632     -0.3548307    
          32   250.2404      -77.15442     -0.2106496    
          33   250.1391      -16.79961     -4.5866139E-02
          34   250.0561       43.38523      0.1184528    
          35   250.0307       64.67177      0.1765709    
          36   250.0283       66.54377      0.1816811    
          37   250.0268       67.84093      0.1852205    
          38   250.0258       68.99707      0.1883780    
          39   250.0250       70.18730      0.1916299    
          40   250.0244       71.68814      0.1957244    
          41   250.0240       74.53548      0.2035000    
          42   251.1383      -293.2461     -0.8006338    
          43   251.1377      -293.2753     -0.8007126    
          44   251.1371      -293.2972     -0.8007717    
          45   251.1365      -293.3117     -0.8008110    
          46   251.1359      -293.3180     -0.8008307    
          47   251.1352      -293.3160     -0.8008229    
          48   251.1345      -293.3050     -0.8007953    
          49   251.1338      -293.2837     -0.8007362    
          50   251.1331      -293.2518     -0.8006496    
          51   251.1322      -293.2066     -0.8005236    
          52   251.1314      -293.1483     -0.8003662    
          53   251.1307      -293.0852     -0.8001929    
          54   251.1299      -293.0116     -0.7999921    
          55   251.1294      -292.9463     -0.7998149    
          56   251.1289      -292.8781     -0.7996299    
          57   251.1284      -292.8020     -0.7994213    
          58   251.1280      -292.7307     -0.7992244    
          59   251.1276      -292.6554     -0.7990196    
          60   251.1272      -292.5757     -0.7988032    
          61   251.1267      -292.4668     -0.7985039    
          62   251.1261      -292.3263     -0.7981220    
          63   251.1253      -292.1274     -0.7975787    
          64   251.1242      -291.8497     -0.7968189    
          65   251.1236      -291.6433     -0.7962559    
          66   251.1230      -291.4613     -0.7957598    
          67   251.1225      -291.2967     -0.7953110    
          68   251.1220      -291.1189     -0.7948228    
          69   251.1215      -290.9124     -0.7942598    
          70   251.1210      -290.6809     -0.7936299    
          71   251.1203      -290.3778     -0.7928031    
          72   251.1194      -289.9328     -0.7915866    
          73   251.1140      -287.2275     -0.7842007    
          74   251.1058      -283.3661     -0.7736575    
          75   251.1026      -281.7302     -0.7691929    
          76   251.0976      -279.1260     -0.7620826    
          77   251.0915      -276.1314     -0.7539055    
          78   251.0528      -256.0311     -0.6990276    
          79   250.9773      -216.7350     -0.5917401    
          80   250.8979      -175.4655     -0.4790630    
          81   250.8487      -150.5829     -0.4111260    
          82   250.8006      -127.2966     -0.3475512    
          83   250.7368      -97.73274     -0.2668346    
          84   250.6705      -68.78039     -0.1877874    
          85   250.6258      -50.70833     -0.1384449    
          86   250.5995      -40.71273     -0.1111575    
          87   250.5650      -28.42763     -7.7614173E-02
          88   250.5294      -16.76928     -4.5783464E-02
          89   250.5111      -11.24549     -3.0704726E-02
          90   250.4693      0.4335827      1.1850393E-03
          91   250.4499       5.424378      1.4811023E-02
          92   250.4173       13.29753      3.6307089E-02
          93   250.3841       20.52465      5.6035433E-02
          94   250.3650       24.37976      6.6562995E-02
          95   250.3308       30.60504      8.3559059E-02
          96   250.3083       34.40359      9.3929127E-02
          97   250.2807       38.50944      0.1051417    
          98   250.2634       40.84370      0.1115118    
          99   250.2428       43.28367      0.1181732    
         100   250.2248       45.16032      0.1232992    
         101   250.2094       46.53845      0.1270630    
         102   250.1922       47.81702      0.1305512    
         103   250.1701       49.15383      0.1342008    
         104   250.1506       50.05709      0.1366693    
         105   250.1047       51.70371      0.1411653    
         106   250.0930       52.27498      0.1427244    
         107   250.0826       52.93472      0.1445236    
         108   250.0748       53.52921      0.1461496    
         109   250.0721       53.78834      0.1468543    
         110   250.0693       54.09215      0.1476850    
         111   250.0657       54.53859      0.1489016    
         112   250.0622       55.03044      0.1502480    
         113   250.0581       55.67416      0.1520039    
         114   250.0564       55.96998      0.1528110    
         115   250.0556       56.12078      0.1532244    
         116   250.0550       56.26781      0.1536260    
         117   250.0537       56.55985      0.1544213    
         118   250.0525       56.81757      0.1551260    
         119   250.0511       57.08394      0.1558543    
         120   250.0496       57.41289      0.1567520    
         121   250.0490       57.55269      0.1571339    
         122   250.0484       57.69869      0.1575315    
         123   250.0473       57.98508      0.1583150    
         124   250.0433       59.10104      0.1613583    
         125   250.0423       59.43411      0.1622677    
         126   250.0417       59.64326      0.1628386    
         127   250.0411       59.86760      0.1634528    
         128   250.0404       60.12429      0.1641535    
         129   250.0392       60.58099      0.1654016    
         130   250.0386       60.78914      0.1659685    
         131   250.0381       60.95295      0.1664173    
         132   250.0365       61.48876      0.1678780    
         133   250.0360       61.67796      0.1683976    
         134   250.0355       61.87117      0.1689212    
         135   250.0351       62.06473      0.1694528    
         136   250.0346       62.29368      0.1700748    
         137   250.0339       62.67693      0.1711220    
         138   250.0320       63.55465      0.1735197    
         139   250.0320       63.57570      0.1735787    
         140   250.0240       75.81616      0.2069961    
         141   250.0240       75.81616      0.2069961    
         142   250.0240       75.81616      0.2069961    
         143   250.0240       75.81616      0.2069961    
         144   250.0240       75.81616      0.2069961    
         145   250.0239       76.06841      0.2076850    
         146   250.0239       76.67124      0.2093307    
         147   250.0242       77.56687      0.2117756    
         148   250.0247       78.71003      0.2148976    
         149   250.0251       79.48782      0.2170197    
         150   250.0259       80.89060      0.2208504    
         151   250.0266       82.12692      0.2242244    
         152   250.0268       82.64784      0.2256496    
         153   250.0270       83.16635      0.2270630    
         154   250.0275       83.89563      0.2290551    
         155   250.0281       84.54665      0.2308346    
         156   250.0285       84.85895      0.2316850    
         157   250.0289       85.17030      0.2325354    
         158   250.0292       85.48384      0.2333898    
         159   250.0295       85.93188      0.2346142    
         160   250.0298       86.52235      0.2362283    
         161   250.0302       87.29781      0.2383425    
         162   250.0331       90.01797      0.2457716    
         163   250.0425       97.45640      0.2660787    
         164   250.0528       104.1538      0.2843661    
         165   250.0638       110.1249      0.3006693    
         166   250.0760       115.7798      0.3161063    
         167   250.0902       121.3612      0.3313465    
         168   250.1063       126.7773      0.3461338    
         169   250.1237       131.7832      0.3597992    
         170   250.1415       136.1270      0.3716575    
         171   250.1592       139.7512      0.3815551    
         172   250.1791       143.0902      0.3906693    
         173   250.1987       145.7618      0.3979646    
         174   250.2176       147.7019      0.4032598    
         175   250.2410       149.4192      0.4079488    
         176   250.2610       150.2860      0.4103189    
         177   250.2841       150.6311      0.4112598    
         178   250.3073       150.3041      0.4103661    
         179   250.3315       149.2573      0.4075079    
         180   250.3581       147.3298      0.4022441    
         181   250.3819       144.8959      0.3956023    
         182   250.4115       140.9049      0.3847047    
         183   250.4389       136.2549      0.3720079    
         184   250.4676       130.4505      0.3561614    
         185   250.5073       120.7229      0.3296023    
         186   250.5363       112.3961      0.3068701    
         187   250.5778       98.50274      0.2689370    
         188   250.6294       78.17299      0.2134331    
         189   250.6919       49.56139      0.1353150    
         190   250.7760       3.840173      1.0484251E-02
         191   250.8915      -71.14534     -0.1942441    
         192   251.0401      -186.6157     -0.5095078    
         193   251.1514      -282.0654     -0.7701063    
         194   251.1529      -283.4828     -0.7739764    
         195   251.1536      -284.2157     -0.7759764    
         196   251.1539      -284.6261     -0.7770984    
         197   251.1542      -285.0430     -0.7782362    
         198   251.1544      -285.5508     -0.7796221    
         199   251.1544      -286.4785     -0.7821535    
         5        91        57         0         3    0.000337   -0.000835  250.033859   62.676929    0.171122    0.306438   -0.046956  349.158508
  
    3    1     250.03386      62.63346     250.03386      62.63346       0.17112       0.17112
    3    2     250.03387      62.62836     250.03386      62.63560       0.17111       0.17113
    3    3     250.03391      62.61360     250.03384      62.64202       0.17107       0.17115
    3    4     250.03395      62.59059     250.03383      62.65187       0.17100       0.17117
    3    5     250.03401      62.56168     250.03380      62.66445       0.17093       0.17121
    3    6     250.03407      62.52980     250.03377      62.67817       0.17084       0.17124
    3    7     250.03415      62.49796     250.03375      62.69204       0.17075       0.17128
    3    8     250.08630      52.63817     250.02472      71.27729       0.14381       0.19474
    3    9     250.19934      47.27971     250.03183      88.38885       0.12918       0.24149
    3   10     250.35106      26.97887     250.06380     110.05134       0.07371       0.30068
    3   11     250.52066     -14.09114     250.12405     131.78188      -0.03850       0.36005
    3   12     250.68909     -76.60774     250.21394     147.26262      -0.20930       0.40234
    3   13     250.85616    -154.19653     250.32545     149.47821      -0.42128       0.40839
    3   14     251.02608    -241.97427     250.44130     135.71640      -0.66111       0.37079
    3   15     251.21100    -290.94922     250.54778     108.70289      -0.79493       0.29699
    3   16     251.06439    -199.65364     250.64107      73.11752      -0.54551       0.19977
    3   17     250.64091     -48.54010     250.72403      33.07006      -0.13263       0.09035
    3   18     250.20334      74.83807     250.79796      -9.30304       0.20448      -0.02542
    3   19     250.01541      84.91512     250.86447     -52.24638       0.23200      -0.14274
    3   20     250.13646     -15.05104     250.92393     -94.51194      -0.04112      -0.25822
    3   21     250.29546    -105.50453     250.97678    -134.91141      -0.28825      -0.36860
    3   22     250.47150    -180.35947     251.02319    -172.40196      -0.49277      -0.47103
    3   23     250.65520    -236.76157     251.06325    -205.91426      -0.64687      -0.56259
    3   24     250.83366    -272.73111     251.09671    -234.49261      -0.74514      -0.64067
    3   25     250.98883    -289.56073     251.12303    -257.23767      -0.79112      -0.70281
    3   26     251.10251    -293.41019     251.14149    -273.26672      -0.80164      -0.74660
    3   27     251.15407    -286.65332     251.15121    -281.72128      -0.78317      -0.76970
    3   28     251.15414    -286.56516     251.15125    -281.75635      -0.78293      -0.76980
    3   29     251.15424    -286.47699     251.15129    -281.79144      -0.78269      -0.76989
    3   30     251.15431    -286.39743     251.15132    -281.82297      -0.78247      -0.76998
    3   31     251.15437    -286.33432     251.15135    -281.84808      -0.78230      -0.77005
    3   32     251.15440    -286.29376     251.15138    -281.86417      -0.78219      -0.77009
    3   33     251.15442    -286.27979     251.15138    -281.86978      -0.78215      -0.77011
 
    K    I     XS1       YS1       XS2       YS2       ZS1       ZS2
    3    1     250.03386      62.63346     250.03386      62.63346       0.17112       0.17112
    3    2     250.03387      62.62836     250.03386      62.63560       0.17111       0.17113
    3    3     250.03391      62.61360     250.03384      62.64202       0.17107       0.17115
    3    4     250.03395      62.59059     250.03383      62.65187       0.17100       0.17117
    3    5     250.03401      62.56168     250.03380      62.66445       0.17093       0.17121
    3    6     250.03407      62.52980     250.03377      62.67817       0.17084       0.17124
    3    7     250.03415      62.49796     250.03375      62.69204       0.17075       0.17128
    3    8     250.08630      52.63817     250.02472      71.27729       0.14381       0.19474
    3    9     250.19934      47.27971     250.03183      88.38885       0.12918       0.24149
    3   10     250.35106      26.97887     250.06380     110.05134       0.07371       0.30068
    3   11     250.52066     -14.09114     250.12405     131.78188      -0.03850       0.36005
    3   12     250.68909     -76.60774     250.21394     147.26262      -0.20930       0.40234
    3   13     250.85616    -154.19653     250.32545     149.47821      -0.42128       0.40839
    3   14     251.02608    -241.97427     250.44130     135.71640      -0.66111       0.37079
    3   15     251.21100    -290.94922     250.54778     108.70289      -0.79493       0.29699
    3   16     251.06439    -199.65364     250.64107      73.11752      -0.54551       0.19977
    3   17     250.64091     -48.54010     250.72403      33.07006      -0.13263       0.09035
    3   18     250.20334      74.83807     250.79796      -9.30304       0.20448      -0.02542
    3   19     250.01541      84.91512     250.86447     -52.24638       0.23200      -0.14274
    3   20     250.13646     -15.05104     250.92393     -94.51194      -0.04112      -0.25822
    3   21     250.29546    -105.50453     250.97678    -134.91141      -0.28825      -0.36860
    3   22     250.47150    -180.35947     251.02319    -172.40196      -0.49277      -0.47103
    3   23     250.65520    -236.76157     251.06325    -205.91426      -0.64687      -0.56259
    3   24     250.83366    -272.73111     251.09671    -234.49261      -0.74514      -0.64067
    3   25     250.98883    -289.56073     251.12303    -257.23767      -0.79112      -0.70281
    3   26     251.10251    -293.41019     251.14149    -273.26672      -0.80164      -0.74660
    3   27     251.15407    -286.65332     251.15121    -281.72128      -0.78317      -0.76970
    3   28     251.15414    -286.56516     251.15125    -281.75635      -0.78293      -0.76980
    3   29     251.15424    -286.47699     251.15129    -281.79144      -0.78269      -0.76989
    3   30     251.15431    -286.39743     251.15132    -281.82297      -0.78247      -0.76998
    3   31     251.15437    -286.33432     251.15135    -281.84808      -0.78230      -0.77005
    3   32     251.15440    -286.29376     251.15138    -281.86417      -0.78219      -0.77009
    3   33     251.15442    -286.27979     251.15138    -281.86978      -0.78215      -0.77011
 COMPLETE BLADEXYRGD 
 
 IN AIRFOILOT: GENERATE A IMPROVE AIRFOIL DEFINITION
               CREATING A SECTION FILE
 before INTERCIPT           9           2           5
 IN INTERCIPT          33          33           5           9          45
 IN INTERCIPT WITH OSPAN =           9
 OUT OF INTERCIPT
 INPUT FILE NAME = 
 blade2.agf                                                                     
  
 blade2.agf                                                                     
  
 intype =           3
 INTYPE =           3
 TITLE OF THE CASE
 radial-turbine                                                                 
  
 NBLADE  Nbnode Nspan Ity  Iym  Tcls Hcls  Lete   Isplit
    48   198     4     5     0     1     0     0     0
 UNITS  NPROF  IFANG   HBL   TBL  TFREE   LFREE
     1     1    10   1.00000   1.00000   0.01000   0.00039
           5
      Rpm          Gamma      GAS-CONT      Psout      Twall   MOLECULAR-WEIGHT
      0.0000      1.3000   1716.4199    100.0000      0.0000     28.9600
       %SPAN       Machin     Ptin        Ttin        Alphin       Phi
     50.0000      0.0500    493.3000   1588.0000      0.0000      0.0000
    XHUP        ZHUP        XTUP        ZTUP
   6273.8008    306.1649   6273.8018    374.4167
    XHDW        ZHDW        XTDW        ZTDW
   6553.2002    318.0870   6553.2002    399.1846
    XSHIFT       ROTA       XSCALE      YSCALE     ZSCALE
 YSCALE =   1.000000     BLDGAP =  8.2673490E-02
  0.0000000E+00  0.0000000E+00   1.000000       1.000000       1.000000    
  0.0000000E+00           0
     Tclle      Tclmc       Tclte
      0.0000      0.0000      0.0000
     Hclle      Hclmc       Hclte
      0.0000      0.0000      0.0000
 *NHT                                                                           
  
   100
 *ENDWALL                                                                       
  
    16273.80078 306.164896273.80176 374.41669
    26279.93604 308.281716276.94971 374.50781
    36286.20312 310.557506280.32227 374.53448
    46292.21289 312.851906283.62500 374.48840
    56298.07275 315.199716286.86475 374.37219
    66303.70508 317.564006290.05615 374.18771
    76308.72363 319.745006293.19824 373.93689
    86310.20605 320.366796296.30029 373.62070
    96311.23877 320.780406299.37012 373.23959
   106312.16602 321.134096302.40088 372.79599
   116313.10449 321.474006305.47363 372.27661
   126314.11768 321.821996307.64648 371.86340
   136315.19971 322.173406309.09961 371.55429
   146316.35693 322.528026310.19287 371.29700
   156317.61670 322.890996311.10986 371.06009
   166318.94629 323.250216312.11377 370.77631
   176320.25244 323.580296313.46338 370.36060
   186321.52441 323.879306316.73340 369.28171
   196322.77539 324.151616318.28369 368.79630
   206323.99902 324.396796319.49316 368.44641
   216325.22656 324.621616320.76270 368.11011
   226326.45898 324.826296322.25684 367.74979
   236327.70459 325.011816323.93164 367.38470
   246328.96436 325.178196325.72412 367.03510
   256330.24365 325.325596327.48975 366.73059
   266331.52246 325.451396329.21045 366.47250
   276332.78369 325.554506330.89111 366.25800
   286334.02441 325.635196332.53564 366.08469
   296335.24707 325.694406334.13525 365.95151
   306336.45264 325.732796335.63525 365.85941
   316337.79541 325.752206337.13330 365.80099
   326341.95508 325.742806339.28955 365.76730
   336342.56299 325.734716341.56201 365.77820
   346342.93408 325.724306344.17139 365.85489
   356343.28076 325.708896348.18750 366.00351
   366343.64111 325.686896362.46240 366.18680
   376344.01709 325.657506369.02930 366.16711
   386344.41309 325.619696373.22949 366.06531
   396344.99121 325.553506376.13037 365.94501
   406346.38232 325.372996377.09229 365.92200
   416346.86719 325.315406377.78516 365.92010
   426347.22168 325.278596378.35059 365.93060
   436347.59082 325.246706378.83838 365.95001
   446348.03320 325.216316379.27637 365.97672
   456348.59668 325.187716379.70361 366.01230
   466350.21729 325.142096380.27246 366.07370
   476351.65527 325.117806381.92139 366.29510
   486354.91895 325.099006382.72119 366.39529
   496357.55078 325.046816383.83789 366.50699
   506360.37646 324.942816386.83643 366.76431
   516363.61084 324.769816388.18945 366.90741
   526367.58252 324.490696389.45508 367.07040
   536373.21533 323.998416390.97705 367.30130
   546393.24463 321.923316393.03418 367.66180
   556396.86230 321.511906395.93701 368.23520
   566398.53613 321.292696398.32861 368.76080
   576399.81299 321.104006400.25391 369.22861
   586400.96533 320.914226402.32373 369.78101
   596402.14209 320.699896405.28467 370.64560
   606403.43213 320.442606417.65137 374.50800
   616404.84619 320.135806420.67822 375.40140
   626406.45605 319.758096423.39014 376.13651
   636408.99512 319.113016426.19678 376.83139
   646413.75342 317.877296429.00781 377.46249
   656416.91162 317.118906431.82422 378.03021
   666420.32080 316.359316434.63232 378.53250
   676423.69824 315.664496437.38232 378.96249
   686426.93359 315.054606440.13428 379.33090
   696430.12500 314.507606443.07617 379.65891
   706433.32275 314.013796446.53809 379.96552
   716436.76221 313.541116457.88672 380.76901
   726440.33887 313.108496461.87988 381.02579
   736443.32129 312.797096465.11426 381.15671
   746446.04492 312.559606469.18213 381.23071
   756452.58984 312.069096475.57422 381.20059
   766461.13428 311.350716490.41357 380.94061
   776464.06396 311.149516495.50439 380.95691
   786466.66016 311.015906499.00293 381.04361
   796469.62402 310.912996501.24023 381.14709
   806473.20850 310.848516502.94727 381.26389
   816478.02637 310.843416504.56396 381.41031
   826492.24854 311.082616506.14600 381.58871
   836499.88574 311.158696507.73242 381.80310
   846508.25391 311.141206509.36768 382.06110
   856510.82471 311.174806511.09229 382.37219
   866513.17383 311.244386512.94336 382.74881
   876515.36572 311.345616514.93604 383.20010
   886517.54395 311.482706517.06396 383.73169
   896519.78662 311.661196519.36084 384.35971
   906522.08203 311.882206521.83887 385.09641
   916524.45898 312.151006524.53369 385.96249
   926526.92334 312.471106527.28955 386.91501
   936529.52393 312.852916530.00391 387.92020
   946532.24658 313.299196532.67383 388.97610
   956535.09717 313.815006535.39648 390.12320
   966538.15479 314.420596538.26807 391.40781
   976541.46680 315.134196541.31055 392.85001
   986544.98828 315.954416544.65674 394.52789
   996548.85645 316.922796548.51025 396.56812
  1006553.20020 318.087016553.20020 399.18460
 IFANG,IAERO           0           1
 INTYPE,NBLADE,IBLD,KSPAN,IHT,LEBOA,TEBOA
   -3   48  198    4  100   1.00000   1.00000
 TITLE =
 radial-turbine                                                                 
  
 complete getdims
 NBK =           7
 IN GRIDDIM WITH OUTYPE =           4
 1 OJIN,OJSV          25          13
      BCK#      NS       ES       IM       JM       KM          NE       EE
        1        0        0       57        9        9     4617     3584
        2     4617     3584       57       13        9    11286     8960
        3    11286     8960       65        9        9    16551    13056
        4    16551    13056       11        9        9    17442    13696
        5    17442    13696       23        9        9    19305    15104
        6    19305    15104       65        5       13    23530    18176
        7    23530    18176       65        5        5    25155    19200
 
      BCK#     IM        JM        KM
 
  BEFORE READMESHIX           0
        1       57        9        9
        2       57       13        9
        3       65        9        9
        4       11        9        9
        5       23        9        9
        6       65        5       13
        7       65        5        5
 MESHIN,DWAL,DWAL_OMESH           0  9.9999997E-05  9.9999997E-05
 a.im,jm,km          57          21           9           7
 
 TOTAL NUMBER OF NODES =       25350       25350           7
 after x,y,z
 after xo,yo,zo
 NHT =         400  OSPAN =           9  IHT =         100
  IGRID =           1  OSPAN =           9  NSPAN =           4
  IGRID =           1  OSPAN =           9  NSPAN =           4
  ********NSPSV =           4  KM =           9  NSPAN =           4
 TCLS =            0  NBK =           7
 HCLS =            0  NB  =           6
 INEW =            2  NB  =           7
  A NB =           7
        1        0        0       57        9        9        1
        2     4617     3584       57       13        9        1
        3    11286     8960       65        9        9        1
        4    16551    13056       11        9        9        1
        5    17442    13696       23        9        9        1
  
 IN AIRFOILIN
 INPUT geometry file NAME = blade2.agf
 NFIN.GT.1.AND.NLOOP.EQ.1.AND.IFACE.EQ.0           3           2           0
 iht =         100
           1   6273.801       306.1649       6273.802       374.4167    
           2   6279.936       308.2817       6276.950       374.5078    
           3   6286.203       310.5575       6280.322       374.5345    
           4   6292.213       312.8519       6283.625       374.4884    
           5   6298.073       315.1997       6286.865       374.3722    
           6   6303.705       317.5640       6290.056       374.1877    
           7   6308.724       319.7450       6293.198       373.9369    
           8   6310.206       320.3668       6296.300       373.6207    
           9   6311.239       320.7804       6299.370       373.2396    
          10   6312.166       321.1341       6302.401       372.7960    
          11   6313.104       321.4740       6305.474       372.2766    
          12   6314.118       321.8220       6307.646       371.8634    
          13   6315.200       322.1734       6309.100       371.5543    
          14   6316.357       322.5280       6310.193       371.2970    
          15   6317.617       322.8910       6311.110       371.0601    
          16   6318.946       323.2502       6312.114       370.7763    
          17   6320.252       323.5803       6313.463       370.3606    
          18   6321.524       323.8793       6316.733       369.2817    
          19   6322.775       324.1516       6318.284       368.7963    
          20   6323.999       324.3968       6319.493       368.4464    
          21   6325.227       324.6216       6320.763       368.1101    
          22   6326.459       324.8263       6322.257       367.7498    
          23   6327.705       325.0118       6323.932       367.3847    
          24   6328.964       325.1782       6325.724       367.0351    
          25   6330.244       325.3256       6327.490       366.7306    
          26   6331.522       325.4514       6329.210       366.4725    
          27   6332.784       325.5545       6330.891       366.2580    
          28   6334.024       325.6352       6332.536       366.0847    
          29   6335.247       325.6944       6334.135       365.9515    
          30   6336.453       325.7328       6335.635       365.8594    
          31   6337.795       325.7522       6337.133       365.8010    
          32   6341.955       325.7428       6339.290       365.7673    
          33   6342.563       325.7347       6341.562       365.7782    
          34   6342.934       325.7243       6344.171       365.8549    
          35   6343.281       325.7089       6348.188       366.0035    
          36   6343.641       325.6869       6362.462       366.1868    
          37   6344.017       325.6575       6369.029       366.1671    
          38   6344.413       325.6197       6373.229       366.0653    
          39   6344.991       325.5535       6376.130       365.9450    
          40   6346.382       325.3730       6377.092       365.9220    
          41   6346.867       325.3154       6377.785       365.9201    
          42   6347.222       325.2786       6378.351       365.9306    
          43   6347.591       325.2467       6378.838       365.9500    
          44   6348.033       325.2163       6379.276       365.9767    
          45   6348.597       325.1877       6379.704       366.0123    
          46   6350.217       325.1421       6380.272       366.0737    
          47   6351.655       325.1178       6381.921       366.2951    
          48   6354.919       325.0990       6382.721       366.3953    
          49   6357.551       325.0468       6383.838       366.5070    
          50   6360.376       324.9428       6386.836       366.7643    
          51   6363.611       324.7698       6388.189       366.9074    
          52   6367.583       324.4907       6389.455       367.0704    
          53   6373.215       323.9984       6390.977       367.3013    
          54   6393.245       321.9233       6393.034       367.6618    
          55   6396.862       321.5119       6395.937       368.2352    
          56   6398.536       321.2927       6398.329       368.7608    
          57   6399.813       321.1040       6400.254       369.2286    
          58   6400.965       320.9142       6402.324       369.7810    
          59   6402.142       320.6999       6405.285       370.6456    
          60   6403.432       320.4426       6417.651       374.5080    
          61   6404.846       320.1358       6420.678       375.4014    
          62   6406.456       319.7581       6423.390       376.1365    
          63   6408.995       319.1130       6426.197       376.8314    
          64   6413.753       317.8773       6429.008       377.4625    
          65   6416.912       317.1189       6431.824       378.0302    
          66   6420.321       316.3593       6434.632       378.5325    
          67   6423.698       315.6645       6437.382       378.9625    
          68   6426.934       315.0546       6440.134       379.3309    
          69   6430.125       314.5076       6443.076       379.6589    
          70   6433.323       314.0138       6446.538       379.9655    
          71   6436.762       313.5411       6457.887       380.7690    
          72   6440.339       313.1085       6461.880       381.0258    
          73   6443.321       312.7971       6465.114       381.1567    
          74   6446.045       312.5596       6469.182       381.2307    
          75   6452.590       312.0691       6475.574       381.2006    
          76   6461.134       311.3507       6490.414       380.9406    
          77   6464.064       311.1495       6495.504       380.9569    
          78   6466.660       311.0159       6499.003       381.0436    
          79   6469.624       310.9130       6501.240       381.1471    
          80   6473.208       310.8485       6502.947       381.2639    
          81   6478.026       310.8434       6504.564       381.4103    
          82   6492.249       311.0826       6506.146       381.5887    
          83   6499.886       311.1587       6507.732       381.8031    
          84   6508.254       311.1412       6509.368       382.0611    
          85   6510.825       311.1748       6511.092       382.3722    
          86   6513.174       311.2444       6512.943       382.7488    
          87   6515.366       311.3456       6514.936       383.2001    
          88   6517.544       311.4827       6517.064       383.7317    
          89   6519.787       311.6612       6519.361       384.3597    
          90   6522.082       311.8822       6521.839       385.0964    
          91   6524.459       312.1510       6524.534       385.9625    
          92   6526.923       312.4711       6527.290       386.9150    
          93   6529.524       312.8529       6530.004       387.9202    
          94   6532.247       313.2992       6532.674       388.9761    
          95   6535.097       313.8150       6535.396       390.1232    
          96   6538.155       314.4206       6538.268       391.4078    
          97   6541.467       315.1342       6541.311       392.8500    
          98   6544.988       315.9544       6544.657       394.5279    
          99   6548.856       316.9228       6548.510       396.5681    
         100   6553.200       318.0870       6553.200       399.1846    
   247.0000       247.0001       258.0000       258.0000    
 SECTION =            1  OUT OF            4
 SECTION =            2  OUT OF            4
 SECTION =            3  OUT OF            4
 SECTION =            4  OUT OF            4
 ENDWALL FINISH NHT         400
 ENDWALL FINISH NHT         400
 ENTERING WH_ENDWALL_ORDER
 INTYPE           3
 STARTING TO SCALE THE AIRFOIL
 STARTING TO ROTATING THE AIRFOIL
 LININ =           0  LETE =           0
 COMPLETE THE AIRFOILIN
 radial-turbine                                                                 
  
 before XRgrid ospan           9           2           4
 NB1 =            1  NB2 =            0
 IFAN =            3
 before bladexyrgd           9           2           4
 
  IN BLADEXYRGD: GETTING INITIAL LEDIA AND TEDIA         198
WARNING: POSSIBLE MISORDERED POINTS IN INPUT
           I       X             Y              Z
           1   253.9890     -0.7723661     -2.4724409E-03
           2   253.9889     -3.9696850E-02 -1.2598425E-04
           3   253.9883       1.064535      3.4094488E-03
           4   253.9882       1.262126      4.0433072E-03
           5   253.9881       1.459744      4.6771653E-03
           6   253.9879       1.656740      5.3070867E-03
           7   253.9878       1.852461      5.9330710E-03
           8   253.9877       2.046264      6.5551181E-03
           9   253.9875       2.237496      7.1692914E-03
          10   253.9874       2.425504      7.7716536E-03
          11   253.9872       2.609642      8.3582681E-03
          12   253.9867       2.962531      9.4921263E-03
          13   253.9857       3.442937      1.1027559E-02
          14   253.9845       3.886598      1.2448818E-02
          15   253.9834       4.216047      1.3503937E-02
          16   253.9826       4.459972      1.4287401E-02
          17   253.9817       4.689823      1.5023622E-02
          18   253.9808       4.903827      1.5708661E-02
          19   253.9798       5.100220      1.6338583E-02
          20   253.9789       5.271646      1.6885826E-02
          21   253.9779       5.422174      1.7370079E-02
          22   253.9768       5.552838      1.7787401E-02
          23   253.9758       5.662764      1.8141732E-02
          24   253.9747       5.751082      1.8421261E-02
          25   253.9522       5.901381      1.8905511E-02
          26   253.8767       4.900775      1.5700787E-02
          27   253.7995       2.259091      7.2362204E-03
          28   253.7199      -2.158323     -6.9133863E-03
          29   253.6370      -8.560937     -2.7425198E-02
          30   253.5502      -17.24404     -5.5240158E-02
          31   253.4585      -28.60693     -9.1641732E-02
          32   253.3609      -43.16842     -0.1382874    
          33   253.2568      -61.58535     -0.1972835    
          34   253.1454      -84.64959     -0.2711693    
          35   253.0265      -113.2451     -0.3627717    
          36   252.9010      -148.2140     -0.4747913    
          37   252.7712      -190.0749     -0.6088898    
          38   252.6415      -238.5699     -0.7642401    
          39   252.5183      -292.2026     -0.9360473    
          40   252.4085      -348.1667      -1.115327    
          41   252.3175      -403.0121      -1.291020    
          42   252.2472      -453.7711      -1.453622    
          43   252.2193      -477.1733      -1.528587    
          44   252.2181      -478.3470      -1.532346    
          45   252.2173      -479.3271      -1.535488    
          46   252.2162      -481.4071      -1.542150    
          47   252.2154      -483.3960      -1.548524    
          48   253.9734       5.843673      1.8720472E-02
          49   253.9728       5.876756      1.8826772E-02
          50   253.9722       5.902532      1.8909449E-02
          51   253.9716       5.921248      1.8968504E-02
          52   253.9711       5.933402      1.9007875E-02
          53   253.9705       5.938614      1.9023623E-02
          54   253.9699       5.936988      1.9019686E-02
          55   253.9693       5.928795      1.8992126E-02
          56   253.9686       5.912701      1.8940944E-02
          57   253.9680       5.888043      1.8862205E-02
          58   253.9673       5.855898      1.8759843E-02
          59   253.9666       5.816390      1.8633859E-02
          60   253.9658       5.758398      1.8444881E-02
          61   253.9650       5.690965      1.8232282E-02
          62   253.9641       5.610960      1.7972441E-02
          63   253.9630       5.497866      1.7610235E-02
          64   253.9619       5.371847      1.7208662E-02
          65   253.9611       5.256874      1.6838582E-02
          66   253.9603       5.130118      1.6433071E-02
          67   253.9595       5.008338      1.6043307E-02
          68   253.9591       4.918784      1.5755907E-02
          69   253.9586       4.823327      1.5452757E-02
          70   253.9582       4.721582      1.5125984E-02
          71   253.9578       4.613169      1.4779528E-02
          72   253.9575       4.523622      1.4492125E-02
          73   253.9572       4.435977      1.4208662E-02
          74   253.9569       4.345209      1.3921260E-02
          75   253.9567       4.251602      1.3618110E-02
          76   253.9564       4.155421      1.3311023E-02
          77   253.9562       4.056945      1.2996063E-02
          78   253.9558       3.901630      1.2500000E-02
          79   253.9554       3.719134      1.1913385E-02
          80   253.9550       3.533158      1.1318897E-02
          81   253.9544       3.257043      1.0433070E-02
          82   253.9534       2.668228      8.5472437E-03
          83   253.9513       1.521697      4.8740157E-03
          84   253.9430      -3.288335     -1.0535433E-02
          85   253.8860      -34.96636     -0.1120118    
          86   253.7522      -105.3240     -0.3373976    
          87   253.6134      -172.3524     -0.5521181    
          88   253.5158      -215.0920     -0.6890315    
          89   253.4573      -238.8737     -0.7652126    
          90   253.3835      -266.9282     -0.8550827    
          91   253.3061      -293.7705     -0.9410709    
          92   253.2476      -312.4260      -1.000835    
          93   253.2075      -324.4020      -1.039197    
          94   253.1429      -342.0854      -1.095846    
          95   253.1039      -352.0068      -1.127626    
          96   253.0615      -361.9424      -1.159457    
          97   253.0032      -374.4704      -1.199587    
          98   252.9629      -382.4738      -1.225224    
          99   252.9152      -391.2217      -1.253248    
         100   252.8858      -396.0786      -1.268807    
         101   252.8364      -403.4962      -1.292571    
         102   252.7738      -412.0640      -1.320016    
         103   252.7247      -418.0205      -1.339098    
         104   252.6942      -421.3182      -1.349661    
         105   252.6196      -428.3127      -1.372067    
         106   252.5500      -434.0842      -1.390555    
         107   252.4195      -442.9010      -1.418799    
         108   252.3828      -445.2310      -1.426264    
         109   252.3763      -445.6107      -1.427480    
         110   252.3719      -445.8064      -1.428106    
         111   252.3630      -446.1195      -1.429110    
         112   252.3595      -446.2858      -1.429642    
         113   252.3571      -446.4379      -1.430130    
         114   252.3550      -446.5952      -1.430634    
         115   252.3531      -446.7642      -1.431177    
         116   252.3504      -447.0424      -1.432067    
         117   252.3436      -447.7336      -1.434279    
         118   252.3398      -448.0587      -1.435323    
         119   252.3332      -448.6534      -1.437228    
         120   252.3287      -449.1278      -1.438748    
         121   252.3137      -450.8178      -1.444162    
         122   252.3041      -452.0641      -1.448153    
         123   252.2925      -453.7267      -1.453480    
         124   252.2812      -455.4859      -1.459114    
         125   252.2772      -456.1904      -1.461370    
         126   252.2655      -458.4356      -1.468563    
         127   252.2603      -459.5054      -1.471992    
         128   252.2572      -460.2074      -1.474240    
         129   252.2547      -460.8308      -1.476236    
         130   252.2525      -461.4429      -1.478197    
         131   252.2491      -462.4129      -1.481303    
         132   252.2440      -463.9889      -1.486354    
         133   252.2414      -464.8653      -1.489161    
         134   252.2395      -465.5762      -1.491437    
         135   252.2374      -466.4133      -1.494118    
         136   252.2341      -467.7932      -1.498539    
         137   252.2310      -469.2362      -1.503161    
         138   252.2290      -470.2708      -1.506476    
         139   252.2273      -471.1891      -1.509417    
         140   252.2255      -472.3142      -1.513024    
         141   252.2233      -473.7735      -1.517697    
         142   252.2218      -474.8696      -1.521209    
         143   252.2209      -475.6347      -1.523661    
         144   252.2203      -476.2571      -1.525653    
         145   252.2200      -476.5714      -1.526661    
         146   252.2151      -485.1344      -1.554090    
         147   252.2151      -485.1344      -1.554090    
         148   252.2151      -487.0356      -1.560181    
         149   252.2158      -489.5274      -1.568165    
         150   252.2171      -492.1252      -1.576484    
         151   252.2187      -494.4632      -1.583976    
         152   252.2208      -496.7353      -1.591252    
         153   252.2269      -501.7504      -1.607319    
         154   252.2302      -504.0302      -1.614622    
         155   252.2345      -506.5891      -1.622819    
         156   252.2496      -513.9871      -1.646520    
         157   252.2672      -521.2507      -1.669787    
         158   252.2877      -528.7275      -1.693740    
         159   252.3152      -537.6738      -1.722398    
         160   252.3508      -547.5648      -1.754083    
         161   252.3860      -556.3743      -1.782303    
         162   252.4182      -563.1778      -1.804098    
         163   252.4607      -571.2611      -1.829992    
         164   252.4846      -575.0320      -1.842071    
         165   252.5322      -581.2635      -1.862035    
         166   252.5701      -585.4260      -1.875366    
         167   252.6019      -588.1674      -1.884150    
         168   252.6428      -590.7471      -1.892413    
         169   252.6855      -592.5692      -1.898252    
         170   252.7217      -593.3456      -1.900736    
         171   252.7594      -593.3658      -1.900803    
         172   252.7960      -592.6237      -1.898425    
         173   252.8354      -590.9887      -1.893189    
         174   252.8757      -588.4490      -1.885051    
         175   252.9108      -585.4955      -1.875591    
         176   252.9452      -581.7684      -1.863650    
         177   252.9877      -576.1715      -1.845721    
         178   253.0297      -569.5824      -1.824614    
         179   253.0593      -564.1633      -1.807256    
         180   253.1058      -554.1489      -1.775173    
         181   253.1491      -543.5314      -1.741161    
         182   253.1913      -531.5770      -1.702866    
         183   253.2435      -514.7636      -1.649008    
         184   253.2925      -496.5822      -1.590764    
         185   253.3575      -469.2138      -1.503091    
         186   253.4326      -432.2616      -1.384717    
         187   253.5345      -374.2039      -1.198732    
         188   253.6469      -298.8238     -0.9572598    
         189   253.8134      -162.5218     -0.5206259    
         190   253.9515      -34.96896     -0.1120197    
         191   253.9841      -5.827662     -1.8669292E-02
         192   253.9879      -2.286177     -7.3228348E-03
         193   253.9881      -2.072260     -6.6377949E-03
         194   253.9883      -1.857307     -5.9488188E-03
         195   253.9885      -1.641472     -5.2598421E-03
         196   253.9887      -1.424906     -4.5629921E-03
         197   253.9888      -1.207764     -3.8700788E-03
         198   253.9889     -0.9902008     -3.1732284E-03
         199   253.9890     -0.7723661     -2.4724409E-03
 
        K      NBNEW      IXMN      LETE      ITYY     LED-in      TED-in     XatIXMN     Tatixmn    RatIXMN    LEMA(DEG)     TEMA(DEG)  CHORD
         1        96        24         0         3   -0.010025   -0.000139  253.955811    3.901630    0.012500   -0.292366    0.017508    4.674138
WARNING: POSSIBLE MISORDERED POINTS IN INPUT
           I       X             Y              Z
           1   254.0440       44.74758      0.1292047    
           2   254.0440       45.29143      0.1307756    
           3   254.0439       45.83900      0.1323583    
           4   254.0436       46.43324      0.1340709    
           5   254.0432       47.01829      0.1357638    
           6   254.0427       47.59092      0.1374173    
           7   254.0421       48.05915      0.1387677    
           8   254.0414       48.50649      0.1400591    
           9   254.0406       48.93034      0.1412835    
          10   254.0398       49.30611      0.1423661    
          11   254.0390       49.59274      0.1431969    
          12   254.0382       49.86071      0.1439685    
          13   254.0373       50.11021      0.1446890    
          14   254.0364       50.34143      0.1453583    
          15   254.0353       50.58965      0.1460748    
          16   254.0339       50.85743      0.1468465    
          17   254.0324       51.08718      0.1475118    
          18   254.0309       51.27730      0.1480591    
          19   254.0294       51.42397      0.1484843    
          20   254.0278       51.52969      0.1487874    
          21   254.0263       51.59323      0.1489724    
          22   254.0247       51.61338      0.1490315    
          23   254.0232       51.59267      0.1489685    
          24   254.0217       51.53109      0.1487913    
          25   254.0203       51.42774      0.1484921    
          26   254.0190       51.29889      0.1481220    
          27   254.0178       51.13686      0.1476535    
          28   254.0166       50.94065      0.1470866    
          29   254.0154       50.71352      0.1464331    
          30   254.0142       50.42388      0.1455945    
          31   254.0129       50.09689      0.1446496    
          32   254.0118       49.74593      0.1436378    
          33   254.0106       49.35057      0.1424961    
          34   254.0094       48.86975      0.1411063    
          35   254.0083       48.35490      0.1396220    
          36   254.0073       47.78956      0.1379882    
          37   254.0064       47.16725      0.1361929    
          38   254.0054       46.54103      0.1343858    
          39   254.0036       45.40326      0.1310984    
          40   253.9876       35.79086      0.1033425    
          41   253.9732       26.63526      7.6905511E-02
          42   253.8489      -50.16284     -0.1448425    
          43   253.5753      -199.2877     -0.5754291    
          44   253.4154      -273.3269     -0.7892126    
          45   253.2713      -330.6902     -0.9548425    
          46   253.1524      -371.3732      -1.072315    
          47   253.0419      -403.8227      -1.166008    
          48   252.9328      -430.8476      -1.244039    
          49   252.8503      -448.2750      -1.294362    
          50   252.7488      -466.3354      -1.346512    
          51   252.6474      -480.9252      -1.388638    
          52   252.5394      -493.3524      -1.424520    
          53   252.3831      -506.7324      -1.463154    
          54   252.2470      -515.5320      -1.488563    
          55   252.2183      -517.8133      -1.495150    
          56   252.1930      -520.6312      -1.503283    
          57   252.1826      -522.1168      -1.507575    
          58   252.1700      -524.3483      -1.514020    
          59   252.1601      -526.3939      -1.519925    
          60   252.1540      -527.9386      -1.524386    
          61   252.1458      -530.3066      -1.531221    
          62   252.1399      -532.3071      -1.537000    
          63   252.1355      -534.0782      -1.542114    
          64   252.1292      -536.9994      -1.550547    
          65   252.1246      -539.5166      -1.557815    
          66   252.1236      -540.2576      -1.559957    
          67   252.1231      -540.7556      -1.561394    
          68   252.1226      -541.2547      -1.562835    
          69   252.1219      -541.7902      -1.564382    
          70   252.1211      -542.3950      -1.566126    
          71   252.1202      -542.9921      -1.567850    
          72   252.1192      -543.6789      -1.569835    
          73   252.1184      -544.4658      -1.572106    
          74   252.1177      -545.4355      -1.574906    
          75   252.1168      -546.7845      -1.578799    
          76   252.1155      -549.5176      -1.586693    
          77   252.1141      -554.3840      -1.600744    
          78   252.1140      -556.2067      -1.606008    
          79   252.1143      -558.3208      -1.612110    
          80   252.1143      -558.4750      -1.612555    
          81   252.1145      -558.8847      -1.613740    
          82   252.1146      -559.3198      -1.614996    
          83   252.1147      -559.7866      -1.616343    
          84   252.1149      -560.2939      -1.617807    
          85   252.1151      -560.8538      -1.619425    
          86   252.1154      -561.4902      -1.621264    
          87   252.1158      -562.2436      -1.623437    
          88   252.1164      -563.3138      -1.626528    
          89   252.1178      -565.6535      -1.633283    
          90   252.1183      -566.4222      -1.635504    
          91   252.1187      -567.0063      -1.637189    
          92   252.1192      -567.6028      -1.638913    
          93   252.1197      -568.2134      -1.640673    
          94   252.1202      -568.8550      -1.642528    
          95   252.1211      -569.8383      -1.645366    
          96   252.1231      -572.0807      -1.651842    
          97   252.1239      -572.9100      -1.654236    
          98   252.1246      -573.5588      -1.656110    
          99   252.1252      -574.1163      -1.657720    
         100   252.1258      -574.6123      -1.659150    
         101   252.1263      -575.0898      -1.660532    
         102   252.1269      -575.5705      -1.661917    
         103   252.1275      -576.0543      -1.663315    
         104   252.1282      -576.5420      -1.664724    
         105   252.1289      -577.0604      -1.666220    
         106   252.1297      -577.6513      -1.667925    
         107   252.1308      -578.3571      -1.669965    
         108   252.1325      -579.4320      -1.673067    
         109   252.1495      -589.9142      -1.703335    
         110   252.1516      -591.1938      -1.707028    
         111   252.1529      -591.9237      -1.709138    
         112   252.1541      -592.5621      -1.710980    
         113   252.1551      -593.1394      -1.712646    
         114   252.1563      -593.7764      -1.714488    
         115   252.1582      -594.7154      -1.717197    
         116   252.1617      -596.4274      -1.722142    
         117   252.1663      -598.5935      -1.728394    
         118   252.1710      -600.7571      -1.734642    
         119   252.1760      -602.9866      -1.741079    
         120   252.1814      -605.2874      -1.747724    
         121   252.1871      -607.6682      -1.754598    
         122   252.1932      -610.1411      -1.761740    
         123   252.1998      -612.7214      -1.769189    
         124   252.2069      -615.4277      -1.777004    
         125   252.2142      -618.1240      -1.784787    
         126   252.2214      -620.6940      -1.792209    
         127   252.2284      -623.1490      -1.799299    
         128   252.2354      -625.4982      -1.806083    
         129   252.2423      -627.7495      -1.812583    
         130   252.2491      -629.9099      -1.818819    
         131   252.2559      -631.9879      -1.824819    
         132   252.2626      -634.0048      -1.830642    
         133   252.2694      -635.9626      -1.836295    
         134   252.2762      -637.8593      -1.841772    
         135   252.2829      -639.6932      -1.847067    
         136   252.2896      -641.4632      -1.852177    
         137   252.2963      -643.1674      -1.857098    
         138   252.3031      -644.8315      -1.861906    
         139   252.3104      -646.5800      -1.866953    
         140   252.3185      -648.4713      -1.872413    
         141   252.3280      -650.5844      -1.878516    
         142   252.3395      -653.0818      -1.885728    
         143   252.3527      -655.8496      -1.893716    
         144   252.3617      -657.6776      -1.898996    
         145   252.3688      -659.0599      -1.902988    
         146   252.3748      -660.1933      -1.906260    
         147   252.3801      -661.1588      -1.909047    
         148   252.3850      -662.0066      -1.911496    
         149   252.3900      -662.8483      -1.913925    
         150   252.3954      -663.7303      -1.916472    
         151   252.4014      -664.6709      -1.919189    
         152   252.4083      -665.7028      -1.922169    
         153   252.4167      -666.8923      -1.925602    
         154   252.4271      -668.3245      -1.929740    
         155   252.4380      -669.7523      -1.933862    
         156   252.4489      -671.1148      -1.937795    
         157   252.4597      -672.3958      -1.941496    
         158   252.4692      -673.4767      -1.944614    
         159   252.4774      -674.3571      -1.947158    
         160   252.4847      -675.1047      -1.949315    
         161   252.4915      -675.7540      -1.951189    
         162   252.4979      -676.3325      -1.952862    
         163   252.5045      -676.8945      -1.954484    
         164   252.5117      -677.4684      -1.956142    
         165   252.5197      -678.0560      -1.957839    
         166   252.5286      -678.6639      -1.959594    
         167   252.5386      -679.2913      -1.961405    
         168   252.5486      -679.8665      -1.963067    
         169   252.5584      -680.3765      -1.964539    
         170   252.5680      -680.8245      -1.965831    
         171   252.5774      -681.2115      -1.966949    
         172   252.5864      -681.5367      -1.967890    
         173   252.5951      -681.8040      -1.968661    
         174   252.6035      -682.0181      -1.969280    
         175   252.6116      -682.1827      -1.969752    
         176   252.6200      -682.3064      -1.970110    
         177   252.6287      -682.3897      -1.970351    
         178   252.6377      -682.4289      -1.970465    
         179   252.6776      -682.0476      -1.969362    
         180   252.7239      -680.4650      -1.964795    
         181   252.7699      -677.6655      -1.956709    
         182   252.8131      -673.8555      -1.945709    
         183   252.8646      -667.8162      -1.928272    
         184   252.9139      -660.6069      -1.907457    
         185   252.9576      -652.7941      -1.884898    
         186   253.0164      -640.2205      -1.848591    
         187   253.0708      -626.5566      -1.809138    
         188   253.1238      -610.9775      -1.764154    
         189   253.1967      -586.1977      -1.692602    
         190   253.2740      -555.2061      -1.603118    
         191   253.3596      -515.6642      -1.488945    
         192   253.4621      -459.6877      -1.327315    
         193   253.5750      -386.0900      -1.114807    
         194   253.7102      -279.6700     -0.8075275    
         195   254.0161       16.13561      4.6590552E-02
         196   254.0420       41.71122      0.1204370    
         197   254.0435       43.30015      0.1250276    
         198   254.0439       44.20480      0.1276378    
         199   254.0440       44.74758      0.1292047    
         2        86        28         0         3   -1.241840    0.001055  252.117691 -545.435486   -1.574906   89.707977   -0.020382  590.188660
WARNING: POSSIBLE MISORDERED POINTS IN INPUT
WARNING: POSSIBLE MISORDERED POINTS IN INPUT
WARNING: POSSIBLE MISORDERED POINTS IN INPUT
           I       X             Y              Z
           1   254.0990       98.53005      0.2589528    
           2   254.0990       98.93063      0.2600079    
           3   254.0989       99.40985      0.2612677    
           4   254.0987       99.88658      0.2625197    
           5   254.0984       100.3663      0.2637795    
           6   254.0981       100.8460      0.2650394    
           7   254.0977       101.3168      0.2662795    
           8   254.0973       101.7635      0.2674527    
           9   254.0968       102.1947      0.2685866    
          10   254.0962       102.6174      0.2696968    
          11   254.0957       102.9310      0.2705197    
          12   254.0953       103.1977      0.2712205    
          13   254.0948       103.4571      0.2719016    
          14   254.0943       103.7078      0.2725630    
          15   254.0939       103.9457      0.2731890    
          16   254.0933       104.1627      0.2737598    
          17   254.0928       104.3680      0.2742992    
          18   254.0922       104.5605      0.2748032    
          19   254.0916       104.7400      0.2752756    
          20   254.0908       104.9404      0.2758031    
          21   254.0899       105.1608      0.2763819    
          22   254.0888       105.3569      0.2768976    
          23   254.0878       105.5330      0.2773583    
          24   254.0866       105.6959      0.2777874    
          25   254.0854       105.8363      0.2781575    
          26   254.0843       105.9496      0.2784528    
          27   254.0833       106.0286      0.2786614    
          28   254.0823       106.0896      0.2788228    
          29   254.0813       106.1318      0.2789331    
          30   254.0804       106.1533      0.2789882    
          31   254.0795       106.1575      0.2790000    
          32   254.0786       106.1458      0.2789685    
          33   254.0777       106.1174      0.2788937    
          34   254.0769       106.0727      0.2787795    
          35   254.0760       106.0126      0.2786181    
          36   254.0752       105.9357      0.2784173    
          37   254.0744       105.8414      0.2781693    
          38   254.0736       105.7293      0.2778740    
          39   254.0792       106.1632      0.2790157    
          40   254.0782       106.1463      0.2789724    
          41   254.0773       106.1064      0.2788661    
          42   254.0763       106.0434      0.2787008    
          43   254.0754       105.9588      0.2784764    
          44   254.0745       105.8539      0.2782008    
          45   254.0735       105.7152      0.2778386    
          46   254.0725       105.5487      0.2774016    
          47   254.0715       105.3591      0.2769016    
          48   254.0703       105.0973      0.2762126    
          49   254.0692       104.8088      0.2754567    
          50   254.0678       104.4106      0.2744094    
          51   254.0664       103.9783      0.2732717    
          52   254.0653       103.5576      0.2721693    
          53   254.0644       103.1570      0.2711142    
          54   254.0637       102.8358      0.2702717    
          55   254.0632       102.4985      0.2693858    
          56   254.0627       102.1512      0.2684724    
          57   254.0622       101.7965      0.2675394    
          58   254.0618       101.4341      0.2665866    
          59   254.0605       100.2427      0.2634567    
          60   254.0596       99.50629      0.2615197    
          61   254.0578       98.29199      0.2583268    
          62   253.9995       55.84665      0.1467756    
          63   253.8145      -66.65051     -0.1751693    
          64   253.5888      -196.9673     -0.5176653    
          65   253.4147      -285.0783     -0.7492362    
          66   253.2590      -353.3437     -0.9286496    
          67   253.1641      -389.9284      -1.024799    
          68   253.0610      -425.3855      -1.117988    
          69   252.9685      -453.1185      -1.190874    
          70   252.8749      -477.5620      -1.255118    
          71   252.7950      -495.9418      -1.303421    
          72   252.7028      -513.9328      -1.350705    
          73   252.6136      -528.8309      -1.389862    
          74   252.5078      -543.5653      -1.428587    
          75   252.3591      -560.3309      -1.472650    
          76   252.2182      -573.1640      -1.506374    
          77   252.1985      -574.7968      -1.510665    
          78   252.1858      -575.7460      -1.513161    
          79   252.1778      -576.5358      -1.515236    
          80   252.1752      -576.7112      -1.515697    
          81   252.1732      -576.7850      -1.515894    
          82   252.1712      -576.8143      -1.515968    
          83   252.1685      -576.7963      -1.515921    
          84   252.1631      -576.6513      -1.515539    
          85   252.1580      -576.5637      -1.515311    
          86   252.1563      -576.6158      -1.515449    
          87   252.1553      -576.6807      -1.515618    
          88   252.1546      -576.7542      -1.515811    
          89   252.1539      -576.8492      -1.516063    
          90   252.1532      -576.9652      -1.516366    
          91   252.1526      -577.0871      -1.516685    
          92   252.1520      -577.2226      -1.517043    
          93   252.1514      -577.3712      -1.517433    
          94   252.1508      -577.5314      -1.517854    
          95   252.1501      -577.7741      -1.518492    
          96   252.1492      -578.0667      -1.519260    
          97   252.1484      -578.3900      -1.520110    
          98   252.1460      -579.2664      -1.522413    
          99   252.1453      -579.4472      -1.522890    
         100   252.1446      -579.6006      -1.523291    
         101   252.1439      -579.7214      -1.523610    
         102   252.1435      -579.7783      -1.523760    
         103   252.1430      -579.8223      -1.523874    
         104   252.1426      -579.8586      -1.523973    
         105   252.1421      -579.8883      -1.524047    
         106   252.1417      -579.9122      -1.524110    
         107   252.1412      -579.9312      -1.524161    
         108   252.1404      -579.9567      -1.524228    
         109   252.1388      -579.9833      -1.524299    
         110   252.1370      -580.0244      -1.524405    
         111   252.1347      -580.1325      -1.524689    
         112   252.1327      -580.2787      -1.525075    
         113   252.1306      -580.4799      -1.525602    
         114   252.1280      -580.7902      -1.526417    
         115   252.1162      -582.2839      -1.530346    
         116   252.0948      -585.2158      -1.538051    
         117   252.0868      -586.5101      -1.541453    
         118   252.0715      -589.5208      -1.549366    
         119   252.0634      -591.3240      -1.554102    
         120   252.0580      -592.7125      -1.557752    
         121   252.0526      -594.3303      -1.562004    
         122   252.0424      -597.7271      -1.570933    
         123   252.0359      -600.2017      -1.577437    
         124   252.0320      -601.9363      -1.581996    
         125   252.0290      -603.4241      -1.585906    
         126   252.0263      -604.9626      -1.589949    
         127   252.0235      -606.8673      -1.594953    
         128   252.0197      -609.7704      -1.602583    
         129   252.0153      -613.5980      -1.612646    
         130   252.0142      -614.8821      -1.616020    
         131   252.0131      -616.4263      -1.620079    
         132   252.0117      -618.9030      -1.626587    
         133   252.0113      -620.1053      -1.629744    
         134   252.0102      -624.4259      -1.641102    
         135   252.0100      -625.8923      -1.644957    
         136   252.0101      -626.5309      -1.646634    
         137   252.0104      -629.0484      -1.653252    
         138   252.0106      -629.7993      -1.655224    
         139   252.0113      -631.8936      -1.660728    
         140   252.0123      -633.9277      -1.666075    
         141   252.0135      -635.9385      -1.671358    
         142   252.0150      -637.8997      -1.676512    
         143   252.0174      -640.4067      -1.683102    
         144   252.0260      -648.1633      -1.703488    
         145   252.0288      -650.4228      -1.709425    
         146   252.0316      -652.3731      -1.714551    
         147   252.0366      -655.3712      -1.722429    
         148   252.0569      -666.5213      -1.751736    
         149   252.0749      -675.0908      -1.774256    
         150   252.1041      -687.7528      -1.807535    
         151   252.1340      -699.3966      -1.838138    
         152   252.1608      -708.8080      -1.862874    
         153   252.1875      -717.2225      -1.884988    
         154   252.2152      -725.0509      -1.905563    
         155   252.2473      -733.1375      -1.926815    
         156   252.2826      -741.1099      -1.947768    
         157   252.3087      -746.3096      -1.961433    
         158   252.3403      -751.7782      -1.975807    
         159   252.3734      -756.7800      -1.988953    
         160   252.4013      -760.3436      -1.998319    
         161   252.4356      -763.9500      -2.007795    
         162   252.4717      -766.9943      -2.015795    
         163   252.5034      -769.0201      -2.021122    
         164   252.5356      -770.3981      -2.024740    
         165   252.5731      -771.2559      -2.026996    
         166   252.6067      -771.3557      -2.027260    
         167   252.6404      -770.7718      -2.025724    
         168   252.6752      -769.4697      -2.022303    
         169   252.7104      -767.4372      -2.016961    
         170   252.7469      -764.5699      -2.009425    
         171   252.7824      -761.0352      -2.000134    
         172   252.8162      -756.9305      -1.989346    
         173   252.8533      -751.5770      -1.975276    
         174   252.8913      -745.2294      -1.958594    
         175   252.9219      -739.3760      -1.943209    
         176   252.9626      -730.4700      -1.919803    
         177   253.0077      -719.4103      -1.890736    
         178   253.0484      -708.2312      -1.861354    
         179   253.0937      -694.3245      -1.824807    
         180   253.1409      -678.2333      -1.782516    
         181   253.1850      -661.4536      -1.738417    
         182   253.2517      -633.3528      -1.664563    
         183   253.3147      -603.7381      -1.586728    
         184   253.3709      -574.4135      -1.509661    
         185   253.4504      -527.7452      -1.387008    
         186   253.5224      -480.2330      -1.262138    
         187   253.5956      -425.4774      -1.118228    
         188   253.6906      -343.1683     -0.9019055    
         189   253.8527      -179.2830     -0.4711890    
         190   254.0717       65.22309      0.1714173    
         191   254.0962       94.35284      0.2479764    
         192   254.0977       96.10016      0.2525669    
         193   254.0981       96.45423      0.2535000    
         194   254.0983       96.80991      0.2544331    
         195   254.0986       97.16779      0.2553740    
         196   254.0988       97.51421      0.2562835    
         197   254.0989       97.84992      0.2571653    
         198   254.0990       98.18877      0.2580591    
         199   254.0990       98.53005      0.2589528    
         3        83        23         0         3   -0.001381   -0.006333  252.157959 -576.563660   -1.515311   -0.255015    0.133283  675.098816
WARNING: POSSIBLE MISORDERED POINTS IN INPUT
           I       X             Y              Z
           1   253.9890     -0.7682795     -2.4724409E-03
           2   253.9889     -3.9484251E-02 -1.2598425E-04
           3   253.9883       1.058905      3.4094488E-03
           4   253.9882       1.255449      4.0433072E-03
           5   253.9881       1.452024      4.6771653E-03
           6   253.9879       1.647976      5.3070867E-03
           7   253.9878       1.842665      5.9330710E-03
           8   253.9877       2.035441      6.5551181E-03
           9   253.9875       2.225661      7.1692914E-03
          10   253.9874       2.412677      7.7716536E-03
          11   253.9872       2.595839      8.3582681E-03
          12   253.9867       2.946862      9.4921263E-03
          13   253.9857       3.424728      1.1027559E-02
          14   253.9845       3.866043      1.2448818E-02
          15   253.9834       4.193748      1.3503937E-02
          16   253.9826       4.436382      1.4287401E-02
          17   253.9817       4.665020      1.5023622E-02
          18   253.9808       4.877893      1.5708661E-02
          19   253.9798       5.073248      1.6338583E-02
          20   253.9789       5.243764      1.6885826E-02
          21   253.9779       5.393496      1.7370079E-02
          22   253.9768       5.523468      1.7787401E-02
          23   253.9758       5.632815      1.8141732E-02
          24   253.9747       5.720665      1.8421261E-02
          25   253.9522       5.870169      1.8905511E-02
          26   253.8767       4.874854      1.5700787E-02
          27   253.7995       2.247146      7.2362204E-03
          28   253.7199      -2.146905     -6.9133863E-03
          29   253.6370      -8.515657     -2.7425198E-02
          30   253.5502      -17.15284     -5.5240158E-02
          31   253.4585      -28.45564     -9.1641732E-02
          32   253.3609      -42.94011     -0.1382874    
          33   253.2568      -61.25963     -0.1972835    
          34   253.1454      -84.20189     -0.2711693    
          35   253.0265      -112.6462     -0.3627717    
          36   252.9010      -147.4301     -0.4747913    
          37   252.7712      -189.0696     -0.6088898    
          38   252.6415      -237.3082     -0.7642401    
          39   252.5183      -290.6572     -0.9360473    
          40   252.4085      -346.3253      -1.115327    
          41   252.3175      -400.8806      -1.291020    
          42   252.2472      -451.3712      -1.453622    
          43   252.2193      -474.6496      -1.528587    
          44   252.2181      -475.8171      -1.532346    
          45   252.2173      -476.7920      -1.535488    
          46   252.2162      -478.8610      -1.542150    
          47   252.2154      -480.8394      -1.548524    
          48   253.9734       5.812768      1.8720472E-02
          49   253.9728       5.845673      1.8826772E-02
          50   253.9722       5.871315      1.8909449E-02
          51   253.9716       5.889929      1.8968504E-02
          52   253.9711       5.902020      1.9007875E-02
          53   253.9705       5.907205      1.9023623E-02
          54   253.9699       5.905587      1.9019686E-02
          55   253.9693       5.897437      1.8992126E-02
          56   253.9686       5.881433      1.8940944E-02
          57   253.9680       5.856902      1.8862205E-02
          58   253.9673       5.824925      1.8759843E-02
          59   253.9666       5.785626      1.8633859E-02
          60   253.9658       5.727945      1.8444881E-02
          61   253.9650       5.660866      1.8232282E-02
          62   253.9641       5.581287      1.7972441E-02
          63   253.9630       5.468787      1.7610235E-02
          64   253.9619       5.343433      1.7208662E-02
          65   253.9611       5.229071      1.6838582E-02
          66   253.9603       5.102988      1.6433071E-02
          67   253.9595       4.981851      1.6043307E-02
          68   253.9591       4.892772      1.5755907E-02
          69   253.9586       4.797815      1.5452757E-02
          70   253.9582       4.696610      1.5125984E-02
          71   253.9578       4.588772      1.4779528E-02
          72   253.9575       4.499697      1.4492125E-02
          73   253.9572       4.412512      1.4208662E-02
          74   253.9569       4.322228      1.3921260E-02
          75   253.9567       4.229114      1.3618110E-02
          76   253.9564       4.133445      1.3311023E-02
          77   253.9562       4.035488      1.2996063E-02
          78   253.9558       3.880996      1.2500000E-02
          79   253.9554       3.699465      1.1913385E-02
          80   253.9550       3.514472      1.1318897E-02
          81   253.9544       3.239819      1.0433070E-02
          82   253.9534       2.654118      8.5472437E-03
          83   253.9513       1.513646      4.8740157E-03
          84   253.9430      -3.270945     -1.0535433E-02
          85   253.8860      -34.78143     -0.1120118    
          86   253.7522      -104.7669     -0.3373976    
          87   253.6134      -171.4408     -0.5521181    
          88   253.5158      -213.9544     -0.6890315    
          89   253.4573      -237.6104     -0.7652126    
          90   253.3835      -265.5164     -0.8550827    
          91   253.3061      -292.2168     -0.9410709    
          92   253.2476      -310.7737      -1.000835    
          93   253.2075      -322.6863      -1.039197    
          94   253.1429      -340.2762      -1.095846    
          95   253.1039      -350.1451      -1.127626    
          96   253.0615      -360.0281      -1.159457    
          97   253.0032      -372.4899      -1.199587    
          98   252.9629      -380.4510      -1.225224    
          99   252.9152      -389.1526      -1.253248    
         100   252.8858      -393.9838      -1.268807    
         101   252.8364      -401.3622      -1.292571    
         102   252.7738      -409.8846      -1.320016    
         103   252.7247      -415.8096      -1.339098    
         104   252.6942      -419.0899      -1.349661    
         105   252.6196      -426.0473      -1.372067    
         106   252.5500      -431.7884      -1.390555    
         107   252.4195      -440.5586      -1.418799    
         108   252.3828      -442.8763      -1.426264    
         109   252.3763      -443.2539      -1.427480    
         110   252.3719      -443.4486      -1.428106    
         111   252.3630      -443.7601      -1.429110    
         112   252.3595      -443.9254      -1.429642    
         113   252.3571      -444.0767      -1.430130    
         114   252.3550      -444.2333      -1.430634    
         115   252.3531      -444.4014      -1.431177    
         116   252.3504      -444.6781      -1.432067    
         117   252.3436      -445.3656      -1.434279    
         118   252.3398      -445.6890      -1.435323    
         119   252.3332      -446.2805      -1.437228    
         120   252.3287      -446.7524      -1.438748    
         121   252.3137      -448.4335      -1.444162    
         122   252.3041      -449.6731      -1.448153    
         123   252.2925      -451.3270      -1.453480    
         124   252.2812      -453.0769      -1.459114    
         125   252.2772      -453.7777      -1.461370    
         126   252.2655      -456.0110      -1.468563    
         127   252.2603      -457.0752      -1.471992    
         128   252.2572      -457.7734      -1.474240    
         129   252.2547      -458.3936      -1.476236    
         130   252.2525      -459.0024      -1.478197    
         131   252.2491      -459.9673      -1.481303    
         132   252.2440      -461.5349      -1.486354    
         133   252.2414      -462.4067      -1.489161    
         134   252.2395      -463.1138      -1.491437    
         135   252.2374      -463.9465      -1.494118    
         136   252.2341      -465.3192      -1.498539    
         137   252.2310      -466.7545      -1.503161    
         138   252.2290      -467.7835      -1.506476    
         139   252.2273      -468.6970      -1.509417    
         140   252.2255      -469.8162      -1.513024    
         141   252.2233      -471.2678      -1.517697    
         142   252.2218      -472.3581      -1.521209    
         143   252.2209      -473.1191      -1.523661    
         144   252.2203      -473.7383      -1.525653    
         145   252.2200      -474.0508      -1.526661    
         146   252.2151      -482.5686      -1.554090    
         147   252.2151      -482.5686      -1.554090    
         148   252.2151      -484.4597      -1.560181    
         149   252.2158      -486.9384      -1.568165    
         150   252.2171      -489.5225      -1.576484    
         151   252.2187      -491.8481      -1.583976    
         152   252.2208      -494.1081      -1.591252    
         153   252.2269      -499.0967      -1.607319    
         154   252.2302      -501.3644      -1.614622    
         155   252.2345      -503.9098      -1.622819    
         156   252.2496      -511.2686      -1.646520    
         157   252.2672      -518.4938      -1.669787    
         158   252.2877      -525.9312      -1.693740    
         159   252.3152      -534.8301      -1.722398    
         160   252.3508      -544.6688      -1.754083    
         161   252.3860      -553.4317      -1.782303    
         162   252.4182      -560.1993      -1.804098    
         163   252.4607      -568.2398      -1.829992    
         164   252.4846      -571.9907      -1.842071    
         165   252.5322      -578.1893      -1.862035    
         166   252.5701      -582.3298      -1.875366    
         167   252.6019      -585.0566      -1.884150    
         168   252.6428      -587.6227      -1.892413    
         169   252.6855      -589.4352      -1.898252    
         170   252.7217      -590.2075      -1.900736    
         171   252.7594      -590.2275      -1.900803    
         172   252.7960      -589.4894      -1.898425    
         173   252.8354      -587.8630      -1.893189    
         174   252.8757      -585.3367      -1.885051    
         175   252.9108      -582.3989      -1.875591    
         176   252.9452      -578.6916      -1.863650    
         177   252.9877      -573.1242      -1.845721    
         178   253.0297      -566.5700      -1.824614    
         179   253.0593      -561.1795      -1.807256    
         180   253.1058      -551.2181      -1.775173    
         181   253.1491      -540.6567      -1.741161    
         182   253.1913      -528.7656      -1.702866    
         183   253.2435      -512.0411      -1.649008    
         184   253.2925      -493.9559      -1.590764    
         185   253.3575      -466.7322      -1.503091    
         186   253.4326      -429.9754      -1.384717    
         187   253.5345      -372.2248      -1.198732    
         188   253.6469      -297.2433     -0.9572598    
         189   253.8134      -161.6623     -0.5206259    
         190   253.9515      -34.78401     -0.1120197    
         191   253.9841      -5.796839     -1.8669292E-02
         192   253.9879      -2.274086     -7.3228348E-03
         193   253.9881      -2.061299     -6.6377949E-03
         194   253.9883      -1.847484     -5.9488188E-03
         195   253.9885      -1.632787     -5.2598421E-03
         196   253.9887      -1.417370     -4.5629921E-03
         197   253.9888      -1.201374     -3.8700788E-03
         198   253.9889     -0.9849606     -3.1732284E-03
         199   253.9890     -0.7682795     -2.4724409E-03
         4        96        24         0         3   -0.010353   -0.000138  253.955811    3.880996    0.012500   -0.302111    0.018161    4.649418
  
    3    1     252.15796    -576.56366     252.15796    -576.56366      -1.51531      -1.51531
    3    2     252.15802    -576.55878     252.15788    -576.57971      -1.51530      -1.51535
    3    3     252.15820    -576.54486     252.15764    -576.62677      -1.51526      -1.51548
    3    4     252.15849    -576.52411     252.15727    -576.70129      -1.51521      -1.51567
    3    5     252.15886    -576.49957     252.15681    -576.79730      -1.51514      -1.51593
    3    6     252.15927    -576.47449     252.15631    -576.90625      -1.51508      -1.51621
    3    7     252.15968    -576.45148     252.15581    -577.01764      -1.51502      -1.51650
    3    8     252.19539    -575.09863     252.10905    -583.20605      -1.51146      -1.53277
    3    9     252.26186    -569.43243     252.03094    -602.44348      -1.49657      -1.58333
    3   10     252.35568    -560.67584     252.02896    -650.35150      -1.47356      -1.70924
    3   11     252.47252    -547.90936     252.13512    -699.80225      -1.44000      -1.83920
    3   12     252.60728    -529.79462     252.29518    -743.69635      -1.39240      -1.95457
    3   13     252.75354    -504.41092     252.50641    -769.17535      -1.32568      -2.02153
    3   14     252.90392    -470.34882     252.74722    -764.53894      -1.23616      -2.00934
    3   15     253.05270    -428.03687     252.98219    -725.82343      -1.12496      -1.90759
    3   16     253.19499    -378.45175     253.18675    -660.75220      -0.99464      -1.73657
    3   17     253.32927    -323.81226     253.35931    -580.72028      -0.85104      -1.52624
    3   18     253.45438    -266.05746     253.50395    -492.94257      -0.69925      -1.29554
    3   19     253.56987    -207.11172     253.62424    -402.03955      -0.54433      -1.05663
    3   20     253.67601    -148.90077     253.72414    -311.60687      -0.39134      -0.81896
    3   21     253.77173     -92.87559     253.81003    -225.05074      -0.24409      -0.59147
    3   22     253.85616     -40.48383     253.88509    -144.88805      -0.10640      -0.38079
    3   23     253.92847       6.81091     253.95064     -73.35800       0.01790      -0.19280
    3   24     253.98778      47.57100     254.00497     -12.20954       0.12503      -0.03209
    3   25     254.03426      81.32119     254.04736      36.66827       0.21372       0.09637
    3   26     254.06583     103.74026     254.07692      71.41518       0.27265       0.18769
    3   27     254.09682     101.69835     254.09274      90.19289       0.26728       0.23704
    3   28     254.09743     100.97831     254.09357      91.17499       0.26539       0.23962
    3   29     254.09798     100.23586     254.09439      92.15691       0.26344       0.24220
    3   30     254.09842      99.55264     254.09514      93.04282       0.26164       0.24453
    3   31     254.09875      99.00481     254.09573      93.74601       0.26020       0.24638
    3   32     254.09897      98.65179     254.09610      94.19742       0.25927       0.24757
    3   33     254.09904      98.53005     254.09624      94.35284       0.25895       0.24798
 
    K    I     XS1       YS1       XS2       YS2       ZS1       ZS2
    3    1     252.15796    -576.56366     252.15796    -576.56366      -1.51531      -1.51531
    3    2     252.15802    -576.55878     252.15788    -576.57971      -1.51530      -1.51535
    3    3     252.15820    -576.54486     252.15764    -576.62677      -1.51526      -1.51548
    3    4     252.15849    -576.52411     252.15727    -576.70129      -1.51521      -1.51567
    3    5     252.15886    -576.49957     252.15681    -576.79730      -1.51514      -1.51593
    3    6     252.15927    -576.47449     252.15631    -576.90625      -1.51508      -1.51621
    3    7     252.15968    -576.45148     252.15581    -577.01764      -1.51502      -1.51650
    3    8     252.19539    -575.09863     252.10905    -583.20605      -1.51146      -1.53277
    3    9     252.26186    -569.43243     252.03094    -602.44348      -1.49657      -1.58333
    3   10     252.35568    -560.67584     252.02896    -650.35150      -1.47356      -1.70924
    3   11     252.47252    -547.90936     252.13512    -699.80225      -1.44000      -1.83920
    3   12     252.60728    -529.79462     252.29518    -743.69635      -1.39240      -1.95457
    3   13     252.75354    -504.41092     252.50641    -769.17535      -1.32568      -2.02153
    3   14     252.90392    -470.34882     252.74722    -764.53894      -1.23616      -2.00934
    3   15     253.05270    -428.03687     252.98219    -725.82343      -1.12496      -1.90759
    3   16     253.19499    -378.45175     253.18675    -660.75220      -0.99464      -1.73657
    3   17     253.32927    -323.81226     253.35931    -580.72028      -0.85104      -1.52624
    3   18     253.45438    -266.05746     253.50395    -492.94257      -0.69925      -1.29554
    3   19     253.56987    -207.11172     253.62424    -402.03955      -0.54433      -1.05663
    3   20     253.67601    -148.90077     253.72414    -311.60687      -0.39134      -0.81896
    3   21     253.77173     -92.87559     253.81003    -225.05074      -0.24409      -0.59147
    3   22     253.85616     -40.48383     253.88509    -144.88805      -0.10640      -0.38079
    3   23     253.92847       6.81091     253.95064     -73.35800       0.01790      -0.19280
    3   24     253.98778      47.57100     254.00497     -12.20954       0.12503      -0.03209
    3   25     254.03426      81.32119     254.04736      36.66827       0.21372       0.09637
    3   26     254.06583     103.74026     254.07692      71.41518       0.27265       0.18769
    3   27     254.09682     101.69835     254.09274      90.19289       0.26728       0.23704
    3   28     254.09743     100.97831     254.09357      91.17499       0.26539       0.23962
    3   29     254.09798     100.23586     254.09439      92.15691       0.26344       0.24220
    3   30     254.09842      99.55264     254.09514      93.04282       0.26164       0.24453
    3   31     254.09875      99.00481     254.09573      93.74601       0.26020       0.24638
    3   32     254.09897      98.65179     254.09610      94.19742       0.25927       0.24757
    3   33     254.09904      98.53005     254.09624      94.35284       0.25895       0.24798
 COMPLETE BLADEXYRGD 
 
 IN AIRFOILOT: GENERATE A IMPROVE AIRFOIL DEFINITION
               CREATING A SECTION FILE
 before INTERCIPT           9           2           4
 IN INTERCIPT          33          33           4           9          57
 IN INTERCIPT WITH OSPAN =           9
 OUT OF INTERCIPT
 INPUT FILE NAME = 
 blade3.agf                                                                     
  
 blade3.agf                                                                     
  
 intype =           3
 INTYPE =           3
 TITLE OF THE CASE
 radial-turbine                                                                 
  
 NBLADE  Nbnode Nspan Ity  Iym  Tcls Hcls  Lete   Isplit
    70   198     5     5     0     1     0     0     0
 UNITS  NPROF  IFANG   HBL   TBL  TFREE   LFREE
     1     1    10   1.00000   1.00000   0.01000   0.00039
           5
      Rpm          Gamma      GAS-CONT      Psout      Twall   MOLECULAR-WEIGHT
  12630.0156      1.3000   1716.4199    100.0000      0.0000     28.9600
       %SPAN       Machin     Ptin        Ttin        Alphin       Phi
     50.0000      0.0500    493.3000   1588.0000      0.0000      0.0000
    XHUP        ZHUP        XTUP        ZTUP
   6273.8008    306.1649   6273.8018    374.4167
    XHDW        ZHDW        XTDW        ZTDW
   6553.2002    318.0870   6553.2002    399.1846
    XSHIFT       ROTA       XSCALE      YSCALE     ZSCALE
 YSCALE =   1.000000     BLDGAP =  0.1308997    
  0.0000000E+00  0.0000000E+00   1.000000       1.000000       1.000000    
  0.0000000E+00           0
     Tclle      Tclmc       Tclte
      0.0000      0.0000      0.0000
     Hclle      Hclmc       Hclte
      0.0000      0.0000      0.0000
 *NHT                                                                           
  
   100
 *ENDWALL                                                                       
  
    16273.80078 306.164896273.80176 374.41669
    26279.93604 308.281716276.94971 374.50781
    36286.20312 310.557506280.32227 374.53448
    46292.21289 312.851906283.62500 374.48840
    56298.07275 315.199716286.86475 374.37219
    66303.70508 317.564006290.05615 374.18771
    76308.72363 319.745006293.19824 373.93689
    86310.20605 320.366796296.30029 373.62070
    96311.23877 320.780406299.37012 373.23959
   106312.16602 321.134096302.40088 372.79599
   116313.10449 321.474006305.47363 372.27661
   126314.11768 321.821996307.64648 371.86340
   136315.19971 322.173406309.09961 371.55429
   146316.35693 322.528026310.19287 371.29700
   156317.61670 322.890996311.10986 371.06009
   166318.94629 323.250216312.11377 370.77631
   176320.25244 323.580296313.46338 370.36060
   186321.52441 323.879306316.73340 369.28171
   196322.77539 324.151616318.28369 368.79630
   206323.99902 324.396796319.49316 368.44641
   216325.22656 324.621616320.76270 368.11011
   226326.45898 324.826296322.25684 367.74979
   236327.70459 325.011816323.93164 367.38470
   246328.96436 325.178196325.72412 367.03510
   256330.24365 325.325596327.48975 366.73059
   266331.52246 325.451396329.21045 366.47250
   276332.78369 325.554506330.89111 366.25800
   286334.02441 325.635196332.53564 366.08469
   296335.24707 325.694406334.13525 365.95151
   306336.45264 325.732796335.63525 365.85941
   316337.79541 325.752206337.13330 365.80099
   326341.95508 325.742806339.28955 365.76730
   336342.56299 325.734716341.56201 365.77820
   346342.93408 325.724306344.17139 365.85489
   356343.28076 325.708896348.18750 366.00351
   366343.64111 325.686896362.46240 366.18680
   376344.01709 325.657506369.02930 366.16711
   386344.41309 325.619696373.22949 366.06531
   396344.99121 325.553506376.13037 365.94501
   406346.38232 325.372996377.09229 365.92200
   416346.86719 325.315406377.78516 365.92010
   426347.22168 325.278596378.35059 365.93060
   436347.59082 325.246706378.83838 365.95001
   446348.03320 325.216316379.27637 365.97672
   456348.59668 325.187716379.70361 366.01230
   466350.21729 325.142096380.27246 366.07370
   476351.65527 325.117806381.92139 366.29510
   486354.91895 325.099006382.72119 366.39529
   496357.55078 325.046816383.83789 366.50699
   506360.37646 324.942816386.83643 366.76431
   516363.61084 324.769816388.18945 366.90741
   526367.58252 324.490696389.45508 367.07040
   536373.21533 323.998416390.97705 367.30130
   546393.24463 321.923316393.03418 367.66180
   556396.86230 321.511906395.93701 368.23520
   566398.53613 321.292696398.32861 368.76080
   576399.81299 321.104006400.25391 369.22861
   586400.96533 320.914226402.32373 369.78101
   596402.14209 320.699896405.28467 370.64560
   606403.43213 320.442606417.65137 374.50800
   616404.84619 320.135806420.67822 375.40140
   626406.45605 319.758096423.39014 376.13651
   636408.99512 319.113016426.19678 376.83139
   646413.75342 317.877296429.00781 377.46249
   656416.91162 317.118906431.82422 378.03021
   666420.32080 316.359316434.63232 378.53250
   676423.69824 315.664496437.38232 378.96249
   686426.93359 315.054606440.13428 379.33090
   696430.12500 314.507606443.07617 379.65891
   706433.32275 314.013796446.53809 379.96552
   716436.76221 313.541116457.88672 380.76901
   726440.33887 313.108496461.87988 381.02579
   736443.32129 312.797096465.11426 381.15671
   746446.04492 312.559606469.18213 381.23071
   756452.58984 312.069096475.57422 381.20059
   766461.13428 311.350716490.41357 380.94061
   776464.06396 311.149516495.50439 380.95691
   786466.66016 311.015906499.00293 381.04361
   796469.62402 310.912996501.24023 381.14709
   806473.20850 310.848516502.94727 381.26389
   816478.02637 310.843416504.56396 381.41031
   826492.24854 311.082616506.14600 381.58871
   836499.88574 311.158696507.73242 381.80310
   846508.25391 311.141206509.36768 382.06110
   856510.82471 311.174806511.09229 382.37219
   866513.17383 311.244386512.94336 382.74881
   876515.36572 311.345616514.93604 383.20010
   886517.54395 311.482706517.06396 383.73169
   896519.78662 311.661196519.36084 384.35971
   906522.08203 311.882206521.83887 385.09641
   916524.45898 312.151006524.53369 385.96249
   926526.92334 312.471106527.28955 386.91501
   936529.52393 312.852916530.00391 387.92020
   946532.24658 313.299196532.67383 388.97610
   956535.09717 313.815006535.39648 390.12320
   966538.15479 314.420596538.26807 391.40781
   976541.46680 315.134196541.31055 392.85001
   986544.98828 315.954416544.65674 394.52789
   996548.85645 316.922796548.51025 396.56812
  1006553.20020 318.087016553.20020 399.18460
 IFANG,IAERO           0           1
 INTYPE,NBLADE,IBLD,KSPAN,IHT,LEBOA,TEBOA
   -3   70  198    5  100   1.00000   1.00000
 TITLE =
 radial-turbine                                                                 
  
 complete getdims
 NBK =           7
 IN GRIDDIM WITH OUTYPE =           4
 1 OJIN,OJSV          25          13
      BCK#      NS       ES       IM       JM       KM          NE       EE
        1        0        0       57        9        9     4617     3584
        2     4617     3584       57       13        9    11286     8960
        3    11286     8960       65        9        9    16551    13056
        4    16551    13056       11        9        9    17442    13696
        5    17442    13696       23        9        9    19305    15104
        6    19305    15104       65        5       13    23530    18176
        7    23530    18176       65        5        5    25155    19200
 
      BCK#     IM        JM        KM
 
  BEFORE READMESHIX           0
        1       57        9        9
        2       57       13        9
        3       65        9        9
        4       11        9        9
        5       23        9        9
        6       65        5       13
        7       65        5        5
 MESHIN,DWAL,DWAL_OMESH           0  9.9999997E-05  9.9999997E-05
 a.im,jm,km          57          21           9           7
 
 TOTAL NUMBER OF NODES =       25350       25350           7
 after x,y,z
 after xo,yo,zo
 NHT =         400  OSPAN =           9  IHT =         100
  IGRID =           1  OSPAN =           9  NSPAN =           5
  IGRID =           1  OSPAN =           9  NSPAN =           5
  ********NSPSV =           5  KM =           9  NSPAN =           5
 TCLS =            0  NBK =           7
 HCLS =            0  NB  =           6
 INEW =            2  NB  =           7
  A NB =           7
        1        0        0       57        9        9        1
        2     4617     3584       57       13        9        1
        3    11286     8960       65        9        9        1
        4    16551    13056       11        9        9        1
        5    17442    13696       23        9        9        1
  
 IN AIRFOILIN
 INPUT geometry file NAME = blade3.agf
 NFIN.GT.1.AND.NLOOP.EQ.1.AND.IFACE.EQ.0           4           2           0
 iht =         100
           1   6273.801       306.1649       6273.802       374.4167    
           2   6279.936       308.2817       6276.950       374.5078    
           3   6286.203       310.5575       6280.322       374.5345    
           4   6292.213       312.8519       6283.625       374.4884    
           5   6298.073       315.1997       6286.865       374.3722    
           6   6303.705       317.5640       6290.056       374.1877    
           7   6308.724       319.7450       6293.198       373.9369    
           8   6310.206       320.3668       6296.300       373.6207    
           9   6311.239       320.7804       6299.370       373.2396    
          10   6312.166       321.1341       6302.401       372.7960    
          11   6313.104       321.4740       6305.474       372.2766    
          12   6314.118       321.8220       6307.646       371.8634    
          13   6315.200       322.1734       6309.100       371.5543    
          14   6316.357       322.5280       6310.193       371.2970    
          15   6317.617       322.8910       6311.110       371.0601    
          16   6318.946       323.2502       6312.114       370.7763    
          17   6320.252       323.5803       6313.463       370.3606    
          18   6321.524       323.8793       6316.733       369.2817    
          19   6322.775       324.1516       6318.284       368.7963    
          20   6323.999       324.3968       6319.493       368.4464    
          21   6325.227       324.6216       6320.763       368.1101    
          22   6326.459       324.8263       6322.257       367.7498    
          23   6327.705       325.0118       6323.932       367.3847    
          24   6328.964       325.1782       6325.724       367.0351    
          25   6330.244       325.3256       6327.490       366.7306    
          26   6331.522       325.4514       6329.210       366.4725    
          27   6332.784       325.5545       6330.891       366.2580    
          28   6334.024       325.6352       6332.536       366.0847    
          29   6335.247       325.6944       6334.135       365.9515    
          30   6336.453       325.7328       6335.635       365.8594    
          31   6337.795       325.7522       6337.133       365.8010    
          32   6341.955       325.7428       6339.290       365.7673    
          33   6342.563       325.7347       6341.562       365.7782    
          34   6342.934       325.7243       6344.171       365.8549    
          35   6343.281       325.7089       6348.188       366.0035    
          36   6343.641       325.6869       6362.462       366.1868    
          37   6344.017       325.6575       6369.029       366.1671    
          38   6344.413       325.6197       6373.229       366.0653    
          39   6344.991       325.5535       6376.130       365.9450    
          40   6346.382       325.3730       6377.092       365.9220    
          41   6346.867       325.3154       6377.785       365.9201    
          42   6347.222       325.2786       6378.351       365.9306    
          43   6347.591       325.2467       6378.838       365.9500    
          44   6348.033       325.2163       6379.276       365.9767    
          45   6348.597       325.1877       6379.704       366.0123    
          46   6350.217       325.1421       6380.272       366.0737    
          47   6351.655       325.1178       6381.921       366.2951    
          48   6354.919       325.0990       6382.721       366.3953    
          49   6357.551       325.0468       6383.838       366.5070    
          50   6360.376       324.9428       6386.836       366.7643    
          51   6363.611       324.7698       6388.189       366.9074    
          52   6367.583       324.4907       6389.455       367.0704    
          53   6373.215       323.9984       6390.977       367.3013    
          54   6393.245       321.9233       6393.034       367.6618    
          55   6396.862       321.5119       6395.937       368.2352    
          56   6398.536       321.2927       6398.329       368.7608    
          57   6399.813       321.1040       6400.254       369.2286    
          58   6400.965       320.9142       6402.324       369.7810    
          59   6402.142       320.6999       6405.285       370.6456    
          60   6403.432       320.4426       6417.651       374.5080    
          61   6404.846       320.1358       6420.678       375.4014    
          62   6406.456       319.7581       6423.390       376.1365    
          63   6408.995       319.1130       6426.197       376.8314    
          64   6413.753       317.8773       6429.008       377.4625    
          65   6416.912       317.1189       6431.824       378.0302    
          66   6420.321       316.3593       6434.632       378.5325    
          67   6423.698       315.6645       6437.382       378.9625    
          68   6426.934       315.0546       6440.134       379.3309    
          69   6430.125       314.5076       6443.076       379.6589    
          70   6433.323       314.0138       6446.538       379.9655    
          71   6436.762       313.5411       6457.887       380.7690    
          72   6440.339       313.1085       6461.880       381.0258    
          73   6443.321       312.7971       6465.114       381.1567    
          74   6446.045       312.5596       6469.182       381.2307    
          75   6452.590       312.0691       6475.574       381.2006    
          76   6461.134       311.3507       6490.414       380.9406    
          77   6464.064       311.1495       6495.504       380.9569    
          78   6466.660       311.0159       6499.003       381.0436    
          79   6469.624       310.9130       6501.240       381.1471    
          80   6473.208       310.8485       6502.947       381.2639    
          81   6478.026       310.8434       6504.564       381.4103    
          82   6492.249       311.0826       6506.146       381.5887    
          83   6499.886       311.1587       6507.732       381.8031    
          84   6508.254       311.1412       6509.368       382.0611    
          85   6510.825       311.1748       6511.092       382.3722    
          86   6513.174       311.2444       6512.943       382.7488    
          87   6515.366       311.3456       6514.936       383.2001    
          88   6517.544       311.4827       6517.064       383.7317    
          89   6519.787       311.6612       6519.361       384.3597    
          90   6522.082       311.8822       6521.839       385.0964    
          91   6524.459       312.1510       6524.534       385.9625    
          92   6526.923       312.4711       6527.290       386.9150    
          93   6529.524       312.8529       6530.004       387.9202    
          94   6532.247       313.2992       6532.674       388.9761    
          95   6535.097       313.8150       6535.396       390.1232    
          96   6538.155       314.4206       6538.268       391.4078    
          97   6541.467       315.1342       6541.311       392.8500    
          98   6544.988       315.9544       6544.657       394.5279    
          99   6548.856       316.9228       6548.510       396.5681    
         100   6553.200       318.0870       6553.200       399.1846    
   247.0000       247.0001       258.0000       258.0000    
 SECTION =            1  OUT OF            5
 SECTION =            2  OUT OF            5
 SECTION =            3  OUT OF            5
 SECTION =            4  OUT OF            5
 SECTION =            5  OUT OF            5
 ENDWALL FINISH NHT         400
 ENDWALL FINISH NHT         400
 ENTERING WH_ENDWALL_ORDER
 INTYPE           3
 STARTING TO SCALE THE AIRFOIL
 STARTING TO ROTATING THE AIRFOIL
 LININ =           0  LETE =           0
 COMPLETE THE AIRFOILIN
 radial-turbine                                                                 
  
 before XRgrid ospan           9           2           5
 NB1 =            1  NB2 =            0
 IFAN =            3
 before bladexyrgd           9           2           5
 
  IN BLADEXYRGD: GETTING INITIAL LEDIA AND TEDIA         198
WARNING: POSSIBLE MISORDERED POINTS IN INPUT
WARNING: POSSIBLE MISORDERED POINTS IN INPUT
           I       X             Y              Z
           1   255.8100      -200.1028     -0.6431063    
           2   255.8100      -201.2557     -0.6468111    
           3   255.8099      -201.6688     -0.6481417    
           4   255.8098      -201.9908     -0.6491733    
           5   255.8097      -202.3004     -0.6501693    
           6   255.8095      -202.6009     -0.6511338    
           7   255.8092      -202.9356     -0.6522126    
           8   255.8088      -203.2855     -0.6533346    
           9   255.8076      -204.0762     -0.6558779    
          10   255.8066      -204.6394     -0.6576890    
          11   255.8058      -205.0616     -0.6590433    
          12   255.8041      -205.7924     -0.6613937    
          13   255.8012      -206.8938     -0.6649330    
          14   255.8005      -207.1257     -0.6656771    
          15   255.7999      -207.3377     -0.6663583    
          16   255.7992      -207.5481     -0.6670354    
          17   255.7984      -207.7409     -0.6676536    
          18   255.7945      -208.5123     -0.6701339    
          19   255.7936      -208.6878     -0.6706969    
          20   255.7924      -208.8761     -0.6713032    
          21   255.7910      -209.0752     -0.6719449    
          22   255.7889      -209.3056     -0.6726851    
          23   255.7869      -209.4840     -0.6732559    
          24   255.7850      -209.6177     -0.6736851    
          25   255.7831      -209.7110     -0.6739882    
          26   255.7813      -209.7675     -0.6741692    
          27   255.7794      -209.7885     -0.6742362    
          28   255.7776      -209.7744     -0.6741890    
          29   255.7758      -209.7264     -0.6740354    
          30   255.7782      -209.7832     -0.6742205    
          31   255.7771      -209.7649     -0.6741614    
          32   255.7760      -209.7334     -0.6740590    
          33   255.7749      -209.6877     -0.6739134    
          34   255.7737      -209.6273     -0.6737165    
          35   255.7725      -209.5520     -0.6734764    
          36   255.7713      -209.4609     -0.6731851    
          37   255.7701      -209.3527     -0.6728346    
          38   255.7688      -209.2251     -0.6724252    
          39   255.7675      -209.0762     -0.6719449    
          40   255.7661      -208.8988     -0.6713780    
          41   255.7646      -208.6835     -0.6706851    
          42   255.7633      -208.4803     -0.6700315    
          43   255.7623      -208.3026     -0.6694606    
          44   255.7614      -208.1348     -0.6689213    
          45   255.7607      -207.9904     -0.6684567    
          46   255.7600      -207.8421     -0.6679803    
          47   255.7596      -207.7137     -0.6675669    
          48   255.7590      -207.5789     -0.6671339    
          49   255.7586      -207.4516     -0.6667244    
          50   255.7582      -207.3237     -0.6663150    
          51   255.7578      -207.1896     -0.6658819    
          52   255.7573      -206.9953     -0.6652598    
          53   255.7567      -206.7764     -0.6645551    
          54   255.7554      -206.2352     -0.6628150    
          55   255.7539      -205.6750     -0.6610157    
          56   255.7520      -204.9892     -0.6588110    
          57   255.7209      -193.8901     -0.6231417    
          58   255.6449      -167.3350     -0.5377952    
          59   255.5644      -140.5795     -0.4518071    
          60   255.4819      -114.9051     -0.3692913    
          61   255.4143      -95.15319     -0.3058110    
          62   255.3566      -79.36382     -0.2550669    
          63   255.3011      -65.18053     -0.2094842    
          64   255.2491      -52.87892     -0.1699449    
          65   255.1998      -42.11274     -0.1353465    
          66   255.1540      -32.89688     -0.1057283    
          67   255.1084      -24.52670     -7.8826770E-02
          68   255.0660      -17.45728     -5.6106299E-02
          69   255.0336      -12.52944     -4.0267713E-02
          70   254.9969      -7.400181     -2.3783464E-02
          71   254.9574      -2.451847     -7.8818901E-03
          72   254.9233       1.300024      4.1771652E-03
          73   254.8932       4.272366      1.3732283E-02
          74   254.8568       7.384630      2.3732284E-02
          75   254.8275       9.501287      3.0535433E-02
          76   254.7967       11.37898      3.6570866E-02
          77   254.7682       12.75502      4.0992126E-02
          78   254.7376       13.85979      4.4543307E-02
          79   254.7045       14.70901      4.7271654E-02
          80   254.6780       14.99200      4.8181102E-02
          81   254.6439       15.23412      4.8960630E-02
          82   254.5879       14.95981      4.8078738E-02
          83   254.5412       14.69378      4.7224406E-02
          84   254.5346       14.73280      4.7350395E-02
          85   254.5332       14.76655      4.7456693E-02
          86   254.5294       14.89915      4.7885828E-02
          87   254.5277       14.98259      4.8153542E-02
          88   254.5265       15.05718      4.8393700E-02
          89   254.5253       15.15159      4.8696849E-02
          90   254.5223       15.40186      4.9500000E-02
          91   254.5188       15.73681      5.0574806E-02
          92   254.5173       15.89523      5.1086616E-02
          93   254.5164       16.02198      5.1492125E-02
          94   254.5131       16.45879      5.2897640E-02
          95   254.5116       16.68326      5.3618111E-02
          96   254.5110       16.80020      5.3992126E-02
          97   254.5103       16.91868      5.4374017E-02
          98   254.5098       17.02772      5.4724410E-02
          99   254.5093       17.14133      5.5090550E-02
         100   254.5084       17.35804      5.5787403E-02
         101   254.5063       17.86923      5.7429131E-02
         102   254.5048       18.28677      5.8771655E-02
         103   254.5026       18.92086      6.0811024E-02
         104   254.5003       19.62334      6.3066930E-02
         105   254.4991       20.04239      6.4413391E-02
         106   254.4979       20.46696      6.5779530E-02
         107   254.4969       20.85760      6.7035437E-02
         108   254.4964       21.09078      6.7783460E-02
         109   254.4960       21.30959      6.8488188E-02
         110   254.4957       21.46489      6.8984255E-02
         111   254.4954       21.62329      6.9496065E-02
         112   254.4951       21.81223      7.0102356E-02
         113   254.4947       22.06164      7.0905514E-02
         114   254.4940       22.56271      7.2515748E-02
         115   254.4919       24.21602      7.7826768E-02
         116   254.4910       25.04219      8.0484256E-02
         117   254.4904       25.65792      8.2460634E-02
         118   254.4900       26.17543      8.4125988E-02
         119   254.4896       26.62501      8.5570872E-02
         120   254.4894       27.02365      8.6850397E-02
         121   254.4893       27.38394      8.8007875E-02
         122   254.4892       27.70820      8.9051180E-02
         123   254.4891       28.00033      8.9988194E-02
         124   254.4891       28.28215      9.0893701E-02
         125   254.4891       28.53488      9.1708660E-02
         126   254.4892       28.75278      9.2409447E-02
         127   254.4892       28.75278      9.2409447E-02
         128   254.4898       29.86143      9.5972441E-02
         129   254.4898       29.86143      9.5972441E-02
         130   254.4898       29.86143      9.5972441E-02
         131   254.4898       29.86143      9.5972441E-02
         132   254.4898       29.86143      9.5972441E-02
         133   254.4898       29.86143      9.5972441E-02
         134   254.4899       30.03039      9.6515745E-02
         135   254.4900       30.26849      9.7279526E-02
         136   254.4900       31.04320      9.9767715E-02
         137   254.4899       31.30852      0.1006220    
         138   254.4899       31.51903      0.1012992    
         139   254.4899       31.72876      0.1019724    
         140   254.4900       31.95744      0.1027087    
         141   254.4901       32.18311      0.1034331    
         142   254.4903       32.46765      0.1043465    
         143   254.4907       32.86620      0.1056299    
         144   254.4911       33.43370      0.1074528    
         145   254.4913       33.74149      0.1084409    
         146   254.4914       33.99335      0.1092520    
         147   254.4917       34.34329      0.1103740    
         148   254.4922       34.87044      0.1120709    
         149   254.4932       35.75269      0.1149055    
         150   254.4968       39.32578      0.1263898    
         151   254.5019       43.64840      0.1402795    
         152   254.5082       48.16303      0.1547913    
         153   254.5160       52.83976      0.1698189    
         154   254.5252       57.63363      0.1852283    
         155   254.5358       62.46666      0.2007598    
         156   254.5477       67.24188      0.2161063    
         157   254.5611       71.96601      0.2312913    
         158   254.5761       76.63661      0.2463032    
         159   254.5922       81.07220      0.2605551    
         160   254.6092       85.21273      0.2738622    
         161   254.6301       89.66286      0.2881654    
         162   254.6582       94.90082      0.3050000    
         163   254.6754       97.68710      0.3139567    
         164   254.7033       101.4652      0.3260984    
         165   254.7265       104.1648      0.3347716    
         166   254.7506       106.4092      0.3419882    
         167   254.7790       108.4964      0.3486969    
         168   254.8066       109.9746      0.3534449    
         169   254.8310       110.8007      0.3561024    
         170   254.8607       111.2234      0.3574606    
         171   254.8876       111.0976      0.3570551    
         172   254.9154       110.4337      0.3549213    
         173   254.9448       109.1567      0.3508189    
         174   254.9723       107.4131      0.3452126    
         175   255.0066       104.5547      0.3360276    
         176   255.0347       101.6406      0.3266614    
         177   255.0704       97.10286      0.3120787    
         178   255.1013       92.47008      0.2971890    
         179   255.1378       86.20198      0.2770433    
         180   255.1801       77.76790      0.2499370    
         181   255.2230       67.86579      0.2181142    
         182   255.2691       55.79133      0.1793071    
         183   255.3181       41.28836      0.1326969    
         184   255.3748       22.29276      7.1645670E-02
         185   255.4360     -0.8738543     -2.8070866E-03
         186   255.5114      -33.50397     -0.1076772    
         187   255.6103      -82.12321     -0.2639331    
         188   255.7268      -147.2909     -0.4733740    
         189   255.7748      -176.2704     -0.5665118    
         190   255.8020      -192.8832     -0.6199055    
         191   255.8060      -195.5560     -0.6284961    
         192   255.8080      -196.9447     -0.6329567    
         193   255.8087      -197.4262     -0.6345039    
         194   255.8092      -197.7531     -0.6355551    
         195   255.8094      -197.9865     -0.6363071    
         196   255.8096      -198.2061     -0.6370118    
         197   255.8098      -198.4404     -0.6377637    
         198   255.8100      -198.7549     -0.6387756    
         199   255.8100      -200.1028     -0.6431063    
 
        K      NBNEW      IXMN      LETE      ITYY     LED-in      TED-in     XatIXMN     Tatixmn    RatIXMN    LEMA(DEG)     TEMA(DEG)  CHORD
         1       100        49         0         3    0.000626   -0.002414  254.496399   21.090780    0.067783   -1.159656    0.099604  221.198578
WARNING: POSSIBLE MISORDERED POINTS IN INPUT
WARNING: POSSIBLE MISORDERED POINTS IN INPUT
           I       X             Y              Z
           1   255.7490      -236.1982     -0.6825039    
           2   255.7490      -236.5265     -0.6834527    
           3   255.7489      -236.8122     -0.6842795    
           4   255.7488      -237.1455     -0.6852441    
           5   255.7485      -237.5294     -0.6863504    
           6   255.7480      -238.1549     -0.6881614    
           7   255.7469      -239.1589     -0.6910591    
           8   255.7465      -239.4684     -0.6919567    
           9   255.7462      -239.6470     -0.6924725    
          10   255.7460      -239.8215     -0.6929764    
          11   255.7457      -240.0094     -0.6935197    
          12   255.7452      -240.2571     -0.6942362    
          13   255.7446      -240.5073     -0.6949567    
          14   255.7436      -240.8659     -0.6959921    
          15   255.7425      -241.2064     -0.6969764    
          16   255.7413      -241.5364     -0.6979291    
          17   255.7400      -241.8717     -0.6989016    
          18   255.7384      -242.1990     -0.6998464    
          19   255.7371      -242.4500     -0.7005709    
          20   255.7362      -242.6121     -0.7010394    
          21   255.7352      -242.7583     -0.7014607    
          22   255.7341      -242.8831     -0.7018228    
          23   255.7326      -243.0189     -0.7022126    
          24   255.7310      -243.1271     -0.7025276    
          25   255.7296      -243.1985     -0.7027323    
          26   255.7283      -243.2371     -0.7028465    
          27   255.7271      -243.2482     -0.7028779    
          28   255.7259      -243.2368     -0.7028425    
          29   255.7249      -243.2040     -0.7027481    
          30   255.7276      -243.2553     -0.7028976    
          31   255.7272      -243.2630     -0.7029213    
          32   255.7267      -243.2633     -0.7029213    
          33   255.7262      -243.2557     -0.7028976    
          34   255.7256      -243.2392     -0.7028504    
          35   255.7251      -243.2150     -0.7027795    
          36   255.7243      -243.1718     -0.7026575    
          37   255.7236      -243.1167     -0.7024961    
          38   255.7223      -243.0106     -0.7021890    
          39   255.7202      -242.7947     -0.7015669    
          40   255.7190      -242.6510     -0.7011496    
          41   255.7184      -242.5496     -0.7008582    
          42   255.7177      -242.4376     -0.7005354    
          43   255.7169      -242.2855     -0.7000945    
          44   255.7159      -242.0767     -0.6994921    
          45   255.7141      -241.6647     -0.6983032    
          46   255.7127      -241.3210     -0.6973071    
          47   255.7118      -241.0639     -0.6965669    
          48   255.7111      -240.8383     -0.6959134    
          49   255.7106      -240.6563     -0.6953858    
          50   255.7102      -240.4749     -0.6948622    
          51   255.7098      -240.3264     -0.6944330    
          52   255.7095      -240.1738     -0.6939921    
          53   255.7090      -239.8867     -0.6931654    
          54   255.7081      -239.4492     -0.6919016    
          55   255.7073      -239.0945     -0.6908740    
          56   255.7062      -238.6639     -0.6896299    
          57   255.7044      -237.9058     -0.6874409    
          58   255.7037      -237.6108     -0.6865866    
          59   255.7029      -237.1881     -0.6853662    
          60   255.7019      -236.7232     -0.6840237    
          61   255.7012      -236.4076     -0.6831102    
          62   255.6993      -235.6566     -0.6809410    
          63   255.6524      -216.5596     -0.6257598    
          64   255.5414      -173.7343     -0.5020118    
          65   255.4545      -142.4333     -0.4115669    
          66   255.3480      -106.1498     -0.3067244    
          67   255.2616      -78.41728     -0.2265906    
          68   255.1595      -47.66159     -0.1377205    
          69   255.0827      -26.47444     -7.6499999E-02
          70   255.0215      -10.87285     -3.1417321E-02
          71   254.9976      -5.364221     -1.5500000E-02
          72   254.9806      -1.262090     -3.6456694E-03
          73   254.9614       3.410157      9.8543307E-03
          74   254.8909       18.60676      5.3763781E-02
          75   254.8127       33.85950      9.7838581E-02
          76   254.7427       46.09434      0.1331929    
          77   254.6616       58.56560      0.1692283    
          78   254.5962       67.47196      0.1949646    
          79   254.5749       70.68867      0.2042598    
          80   254.5642       72.51321      0.2095315    
          81   254.5629       72.77260      0.2102795    
          82   254.5620       72.97561      0.2108661    
          83   254.5603       73.39460      0.2120787    
          84   254.5575       74.03878      0.2139370    
          85   254.5556       74.50654      0.2152913    
          86   254.5542       74.90346      0.2164370    
          87   254.5515       75.70863      0.2187638    
          88   254.5504       76.02322      0.2196732    
          89   254.5498       76.24847      0.2203228    
          90   254.5495       76.35432      0.2206299    
          91   254.5493       76.46489      0.2209488    
          92   254.5491       76.57923      0.2212795    
          93   254.5487       76.74796      0.2217677    
          94   254.5483       77.01128      0.2225276    
          95   254.5478       77.24989      0.2232165    
          96   254.5474       77.46535      0.2238386    
          97   254.5468       77.68089      0.2244646    
          98   254.5463       77.89671      0.2250866    
          99   254.5447       78.51867      0.2268819    
         100   254.5442       78.76797      0.2276023    
         101   254.5440       78.88558      0.2279449    
         102   254.5438       78.99555      0.2282598    
         103   254.5437       79.10835      0.2285866    
         104   254.5436       79.22415      0.2289213    
         105   254.5435       79.32034      0.2292008    
         106   254.5435       79.40412      0.2294409    
         107   254.5434       79.48892      0.2296850    
         108   254.5434       79.57446      0.2299331    
         109   254.5433       79.66052      0.2301811    
         110   254.5433       79.74685      0.2304331    
         111   254.5430       80.26116      0.2319173    
         112   254.5429       80.39450      0.2323031    
         113   254.5428       80.47139      0.2325276    
         114   254.5427       80.54727      0.2327441    
         115   254.5426       80.62228      0.2329606    
         116   254.5425       80.69660      0.2331772    
         117   254.5424       80.77037      0.2333898    
         118   254.5420       80.96772      0.2339606    
         119   254.5415       81.26742      0.2348268    
         120   254.5413       81.43351      0.2353071    
         121   254.5411       81.60111      0.2357913    
         122   254.5410       81.77231      0.2362835    
         123   254.5408       81.94257      0.2367756    
         124   254.5407       82.11504      0.2372756    
         125   254.5406       82.28908      0.2377795    
         126   254.5404       82.62548      0.2387520    
         127   254.5402       83.11856      0.2401732    
         128   254.5399       87.18736      0.2519331    
         129   254.5399       87.18736      0.2519331    
         130   254.5399       87.18736      0.2519331    
         131   254.5399       87.18736      0.2519331    
         132   254.5398       87.30602      0.2522756    
         133   254.5399       87.59455      0.2531102    
         134   254.5400       88.01071      0.2543110    
         135   254.5405       88.82059      0.2566496    
         136   254.5407       89.37077      0.2582402    
         137   254.5409       89.90234      0.2597756    
         138   254.5410       90.44230      0.2613386    
         139   254.5412       90.73061      0.2621693    
         140   254.5413       91.01196      0.2629842    
         141   254.5415       91.25548      0.2636850    
         142   254.5417       91.49513      0.2643780    
         143   254.5421       91.92415      0.2656181    
         144   254.5428       92.40152      0.2670000    
         145   254.5436       92.94688      0.2685748    
         146   254.5444       93.59985      0.2704606    
         147   254.5453       94.27290      0.2724055    
         148   254.5462       94.94197      0.2743386    
         149   254.5478       96.14461      0.2778150    
         150   254.5485       96.68314      0.2793701    
         151   254.5495       97.28505      0.2811102    
         152   254.5534       99.41273      0.2872559    
         153   254.5553       100.3090      0.2898465    
         154   254.5616       102.9221      0.2973976    
         155   254.5687       105.5469      0.3049843    
         156   254.5765       108.0988      0.3123583    
         157   254.5852       110.5993      0.3195827    
         158   254.5952       113.1422      0.3269291    
         159   254.6084       116.0667      0.3353819    
         160   254.6274       119.7514      0.3460276    
         161   254.6447       122.6715      0.3544646    
         162   254.6604       124.9177      0.3609567    
         163   254.6811       127.3552      0.3680000    
         164   254.7032       129.4979      0.3741890    
         165   254.7222       130.9009      0.3782441    
         166   254.7438       132.0254      0.3814921    
         167   254.7690       132.8130      0.3837677    
         168   254.7917       133.0406      0.3844291    
         169   254.8183       132.7564      0.3836063    
         170   254.8430       131.9721      0.3813386    
         171   254.8729       130.3906      0.3767716    
         172   254.8991       128.4462      0.3711496    
         173   254.9305       125.3812      0.3622953    
         174   254.9610       121.7522      0.3518071    
         175   254.9898       117.5938      0.3397913    
         176   255.0271       111.3439      0.3217323    
         177   255.0556       105.7642      0.3056102    
         178   255.0993       96.04001      0.2775118    
         179   255.1350       86.84376      0.2509409    
         180   255.1785       74.42089      0.2150433    
         181   255.2246       59.34141      0.1714685    
         182   255.2805       38.57426      0.1114606    
         183   255.3347       15.69682      4.5358267E-02
         184   255.3869      -8.737709     -2.5248032E-02
         185   255.4802      -58.61927     -0.1693819    
         186   255.5958      -129.9899     -0.3756102    
         187   255.7051      -203.2529     -0.5873071    
         188   255.7211      -214.5167     -0.6198543    
         189   255.7389      -226.6911     -0.6550354    
         190   255.7461      -231.5649     -0.6691181    
         191   255.7475      -232.6705     -0.6723110    
         192   255.7481      -233.1916     -0.6738189    
         193   255.7484      -233.4790     -0.6746497    
         194   255.7486      -233.7704     -0.6754921    
         195   255.7488      -233.9968     -0.6761457    
         196   255.7489      -234.2213     -0.6767952    
         197   255.7490      -234.5925     -0.6778662    
         198   255.7490      -235.7737     -0.6812795    
         199   255.7490      -236.1982     -0.6825039    
         2        78        32         0         3    0.000564   -0.015349  254.543594   79.224152    0.228921   -0.086318    0.482918  315.425964
         3        62        27         0         3    0.000885   -0.205148  254.612091  159.141556    0.417693    1.670795    6.919324  435.936462
WARNING: POSSIBLE MISORDERED POINTS IN INPUT
WARNING: POSSIBLE MISORDERED POINTS IN INPUT
           I       X             Y              Z
           1   255.8100      -199.7761     -0.6431063    
           2   255.8100      -200.9272     -0.6468111    
           3   255.8099      -201.3395     -0.6481417    
           4   255.8098      -201.6610     -0.6491733    
           5   255.8097      -201.9701     -0.6501693    
           6   255.8095      -202.2701     -0.6511338    
           7   255.8092      -202.6043     -0.6522126    
           8   255.8088      -202.9536     -0.6533346    
           9   255.8076      -203.7430     -0.6558779    
          10   255.8066      -204.3053     -0.6576890    
          11   255.8058      -204.7269     -0.6590433    
          12   255.8041      -205.4565     -0.6613937    
          13   255.8012      -206.5560     -0.6649330    
          14   255.8005      -206.7875     -0.6656771    
          15   255.7999      -206.9991     -0.6663583    
          16   255.7992      -207.2093     -0.6670354    
          17   255.7984      -207.4018     -0.6676536    
          18   255.7945      -208.1719     -0.6701339    
          19   255.7936      -208.3471     -0.6706969    
          20   255.7924      -208.5350     -0.6713032    
          21   255.7910      -208.7338     -0.6719449    
          22   255.7889      -208.9639     -0.6726851    
          23   255.7869      -209.1420     -0.6732559    
          24   255.7850      -209.2754     -0.6736851    
          25   255.7831      -209.3687     -0.6739882    
          26   255.7813      -209.4250     -0.6741692    
          27   255.7794      -209.4460     -0.6742362    
          28   255.7776      -209.4320     -0.6741890    
          29   255.7758      -209.3840     -0.6740354    
          30   255.7782      -209.4407     -0.6742205    
          31   255.7771      -209.4224     -0.6741614    
          32   255.7760      -209.3910     -0.6740590    
          33   255.7749      -209.3454     -0.6739134    
          34   255.7737      -209.2851     -0.6737165    
          35   255.7725      -209.2099     -0.6734764    
          36   255.7713      -209.1190     -0.6731851    
          37   255.7701      -209.0109     -0.6728346    
          38   255.7688      -208.8835     -0.6724252    
          39   255.7675      -208.7348     -0.6719449    
          40   255.7661      -208.5578     -0.6713780    
          41   255.7646      -208.3427     -0.6706851    
          42   255.7633      -208.1400     -0.6700315    
          43   255.7623      -207.9626     -0.6694606    
          44   255.7614      -207.7950     -0.6689213    
          45   255.7607      -207.6508     -0.6684567    
          46   255.7600      -207.5028     -0.6679803    
          47   255.7596      -207.3746     -0.6675669    
          48   255.7590      -207.2400     -0.6671339    
          49   255.7586      -207.1129     -0.6667244    
          50   255.7582      -206.9852     -0.6663150    
          51   255.7578      -206.8513     -0.6658819    
          52   255.7573      -206.6573     -0.6652598    
          53   255.7567      -206.4388     -0.6645551    
          54   255.7554      -205.8985     -0.6628150    
          55   255.7539      -205.3392     -0.6610157    
          56   255.7520      -204.6546     -0.6588110    
          57   255.7209      -193.5735     -0.6231417    
          58   255.6449      -167.0619     -0.5377952    
          59   255.5644      -140.3500     -0.4518071    
          60   255.4819      -114.7175     -0.3692913    
          61   255.4143      -94.99783     -0.3058110    
          62   255.3566      -79.23425     -0.2550669    
          63   255.3011      -65.07411     -0.2094842    
          64   255.2491      -52.79258     -0.1699449    
          65   255.1998      -42.04399     -0.1353465    
          66   255.1540      -32.84317     -0.1057283    
          67   255.1084      -24.48665     -7.8826770E-02
          68   255.0660      -17.42878     -5.6106299E-02
          69   255.0336      -12.50898     -4.0267713E-02
          70   254.9969      -7.388098     -2.3783464E-02
          71   254.9574      -2.447843     -7.8818901E-03
          72   254.9233       1.297898      4.1771652E-03
          73   254.8932       4.265389      1.3732283E-02
          74   254.8568       7.372571      2.3732284E-02
          75   254.8275       9.485776      3.0535433E-02
          76   254.7967       11.36040      3.6570866E-02
          77   254.7682       12.73419      4.0992126E-02
          78   254.7376       13.83716      4.4543307E-02
          79   254.7045       14.68500      4.7271654E-02
          80   254.6780       14.96752      4.8181102E-02
          81   254.6439       15.20925      4.8960630E-02
          82   254.5879       14.93539      4.8078738E-02
          83   254.5412       14.66979      4.7224406E-02
          84   254.5346       14.70875      4.7350395E-02
          85   254.5332       14.74244      4.7456693E-02
          86   254.5294       14.87483      4.7885828E-02
          87   254.5277       14.95813      4.8153542E-02
          88   254.5265       15.03260      4.8393700E-02
          89   254.5253       15.12685      4.8696849E-02
          90   254.5223       15.37671      4.9500000E-02
          91   254.5188       15.71111      5.0574806E-02
          92   254.5173       15.86928      5.1086616E-02
          93   254.5164       15.99582      5.1492125E-02
          94   254.5131       16.43192      5.2897640E-02
          95   254.5116       16.65602      5.3618111E-02
          96   254.5110       16.77277      5.3992126E-02
          97   254.5103       16.89106      5.4374017E-02
          98   254.5098       16.99992      5.4724410E-02
          99   254.5093       17.11335      5.5090550E-02
         100   254.5084       17.32970      5.5787403E-02
         101   254.5063       17.84006      5.7429131E-02
         102   254.5048       18.25691      5.8771655E-02
         103   254.5026       18.88997      6.0811024E-02
         104   254.5003       19.59130      6.3066930E-02
         105   254.4991       20.00966      6.4413391E-02
         106   254.4979       20.43355      6.5779530E-02
         107   254.4969       20.82355      6.7035437E-02
         108   254.4964       21.05634      6.7783460E-02
         109   254.4960       21.27480      6.8488188E-02
         110   254.4957       21.42985      6.8984255E-02
         111   254.4954       21.58798      6.9496065E-02
         112   254.4951       21.77661      7.0102356E-02
         113   254.4947       22.02562      7.0905514E-02
         114   254.4940       22.52587      7.2515748E-02
         115   254.4919       24.17649      7.7826768E-02
         116   254.4910       25.00131      8.0484256E-02
         117   254.4904       25.61603      8.2460634E-02
         118   254.4900       26.13270      8.4125988E-02
         119   254.4896       26.58154      8.5570872E-02
         120   254.4894       26.97953      8.6850397E-02
         121   254.4893       27.33923      8.8007875E-02
         122   254.4892       27.66296      8.9051180E-02
         123   254.4891       27.95461      8.9988194E-02
         124   254.4891       28.23598      9.0893701E-02
         125   254.4891       28.48829      9.1708660E-02
         126   254.4892       28.70584      9.2409447E-02
         127   254.4892       28.70584      9.2409447E-02
         128   254.4898       29.81267      9.5972441E-02
         129   254.4898       29.81267      9.5972441E-02
         130   254.4898       29.81267      9.5972441E-02
         131   254.4898       29.81267      9.5972441E-02
         132   254.4898       29.81267      9.5972441E-02
         133   254.4898       29.81267      9.5972441E-02
         134   254.4899       29.98136      9.6515745E-02
         135   254.4900       30.21908      9.7279526E-02
         136   254.4900       30.99252      9.9767715E-02
         137   254.4899       31.25740      0.1006220    
         138   254.4899       31.46757      0.1012992    
         139   254.4899       31.67695      0.1019724    
         140   254.4900       31.90526      0.1027087    
         141   254.4901       32.13056      0.1034331    
         142   254.4903       32.41464      0.1043465    
         143   254.4907       32.81254      0.1056299    
         144   254.4911       33.37911      0.1074528    
         145   254.4913       33.68640      0.1084409    
         146   254.4914       33.93785      0.1092520    
         147   254.4917       34.28722      0.1103740    
         148   254.4922       34.81351      0.1120709    
         149   254.4932       35.69432      0.1149055    
         150   254.4968       39.26157      0.1263898    
         151   254.5019       43.57714      0.1402795    
         152   254.5082       48.08440      0.1547913    
         153   254.5160       52.75349      0.1698189    
         154   254.5252       57.53953      0.1852283    
         155   254.5358       62.36467      0.2007598    
         156   254.5477       67.13210      0.2161063    
         157   254.5611       71.84851      0.2312913    
         158   254.5761       76.51150      0.2463032    
         159   254.5922       80.93983      0.2605551    
         160   254.6092       85.07361      0.2738622    
         161   254.6301       89.51648      0.2881654    
         162   254.6582       94.74587      0.3050000    
         163   254.6754       97.52760      0.3139567    
         164   254.7033       101.2995      0.3260984    
         165   254.7265       103.9947      0.3347716    
         166   254.7506       106.2355      0.3419882    
         167   254.7790       108.3193      0.3486969    
         168   254.8066       109.7950      0.3534449    
         169   254.8310       110.6198      0.3561024    
         170   254.8607       111.0418      0.3574606    
         171   254.8876       110.9162      0.3570551    
         172   254.9154       110.2534      0.3549213    
         173   254.9448       108.9785      0.3508189    
         174   254.9723       107.2377      0.3452126    
         175   255.0066       104.3840      0.3360276    
         176   255.0347       101.4747      0.3266614    
         177   255.0704       96.94433      0.3120787    
         178   255.1013       92.31911      0.2971890    
         179   255.1378       86.06124      0.2770433    
         180   255.1801       77.64093      0.2499370    
         181   255.2230       67.75499      0.2181142    
         182   255.2691       55.70024      0.1793071    
         183   255.3181       41.22096      0.1326969    
         184   255.3748       22.25636      7.1645670E-02
         185   255.4360     -0.8724291     -2.8070866E-03
         186   255.5114      -33.44928     -0.1076772    
         187   255.6103      -81.98913     -0.2639331    
         188   255.7268      -147.0504     -0.4733740    
         189   255.7748      -175.9826     -0.5665118    
         190   255.8020      -192.5683     -0.6199055    
         191   255.8060      -195.2368     -0.6284961    
         192   255.8080      -196.6231     -0.6329567    
         193   255.8087      -197.1039     -0.6345039    
         194   255.8092      -197.4303     -0.6355551    
         195   255.8094      -197.6633     -0.6363071    
         196   255.8096      -197.8825     -0.6370118    
         197   255.8098      -198.1164     -0.6377637    
         198   255.8100      -198.4304     -0.6387756    
         199   255.8100      -199.7761     -0.6431063    
         4       100        49         0         3    0.000619   -0.003706  254.496399   21.056345    0.067783   -1.147518    0.145939  220.837463
         5        62        27         0         3    0.000885   -0.205758  254.612091  159.300705    0.417693    1.671166    6.939575  436.372375
  
    3    1     254.61209     159.14156     254.61209     159.14156       0.41769       0.41769
    3    2     254.61209     159.15907     254.61209     159.12523       0.41774       0.41765
    3    3     254.61208     159.21011     254.61211     159.07784       0.41787       0.41753
    3    4     254.61206     159.28964     254.61214     159.00403       0.41808       0.41733
    3    5     254.61203     159.38986     254.61218     158.91113       0.41834       0.41709
    3    6     254.61201     159.50110     254.61221     158.80826       0.41864       0.41682
    3    7     254.61200     159.61246     254.61226     158.70549       0.41893       0.41655
    3    8     254.61275     164.80838     254.61632     154.13466       0.43257       0.40455
    3    9     254.62463     173.43669     254.62982     146.48953       0.45522       0.38449
    3   10     254.65623     180.86932     254.65321     136.71605       0.47472       0.35884
    3   11     254.70280     184.34804     254.68456     124.76179       0.48385       0.32746
    3   12     254.75948     182.49582     254.72238     110.61907       0.47899       0.29034
    3   13     254.82182     175.25414     254.76585      94.46778       0.45998       0.24795
    3   14     254.88710     163.23286     254.81282      76.00124       0.42843       0.19948
    3   15     254.95341     147.00035     254.86534      56.60665       0.38583       0.14857
    3   16     255.01884     126.90163     254.91998      35.27507       0.33308       0.09258
    3   17     255.08252     103.57519     254.97739      12.88908       0.27185       0.03383
    3   18     255.14354      77.56989     255.03674     -10.38223       0.20360      -0.02725
    3   19     255.20184      49.58187     255.09727     -34.32156       0.13014      -0.09008
    3   20     255.25761      20.27996     255.15816     -58.71399       0.05323      -0.15411
    3   21     255.31100      -9.73352     255.21872     -83.31290      -0.02555      -0.21867
    3   22     255.36188     -40.03283     255.27832    -107.86393      -0.10507      -0.28311
    3   23     255.41049     -70.01916     255.33623    -132.12282      -0.18378      -0.34678
    3   24     255.45641     -99.37130     255.39169    -155.85484      -0.26082      -0.40907
    3   25     255.49933    -127.68854     255.44406    -178.81128      -0.33514      -0.46932
    3   26     255.53903    -154.57068     255.49271    -200.70631      -0.40570      -0.52679
    3   27     255.57520    -179.62672     255.53717    -221.21141      -0.47146      -0.58061
    3   28     255.60771    -202.44855     255.57698    -240.00885      -0.53136      -0.62994
    3   29     255.64003    -225.31145     255.61604    -259.04663      -0.59137      -0.67992
    3   30     255.66904    -245.96503     255.65114    -276.23956      -0.64558      -0.72504
    3   31     255.69250    -262.26953     255.68513    -286.59375      -0.68837      -0.75221
    3   32     255.70705    -272.83798     255.70764    -280.52454      -0.71611      -0.73629
    3   33     255.70995    -276.79202     255.70995    -276.79202      -0.72649      -0.72649
 
    K    I     XS1       YS1       XS2       YS2       ZS1       ZS2
    3    1     254.61209     159.14156     254.61209     159.14156       0.41769       0.41769
    3    2     254.61209     159.15907     254.61209     159.12523       0.41774       0.41765
    3    3     254.61208     159.21011     254.61211     159.07784       0.41787       0.41753
    3    4     254.61206     159.28964     254.61214     159.00403       0.41808       0.41733
    3    5     254.61203     159.38986     254.61218     158.91113       0.41834       0.41709
    3    6     254.61201     159.50110     254.61221     158.80826       0.41864       0.41682
    3    7     254.61200     159.61246     254.61226     158.70549       0.41893       0.41655
    3    8     254.61275     164.80838     254.61632     154.13466       0.43257       0.40455
    3    9     254.62463     173.43669     254.62982     146.48953       0.45522       0.38449
    3   10     254.65623     180.86932     254.65321     136.71605       0.47472       0.35884
    3   11     254.70280     184.34804     254.68456     124.76179       0.48385       0.32746
    3   12     254.75948     182.49582     254.72238     110.61907       0.47899       0.29034
    3   13     254.82182     175.25414     254.76585      94.46778       0.45998       0.24795
    3   14     254.88710     163.23286     254.81282      76.00124       0.42843       0.19948
    3   15     254.95341     147.00035     254.86534      56.60665       0.38583       0.14857
    3   16     255.01884     126.90163     254.91998      35.27507       0.33308       0.09258
    3   17     255.08252     103.57519     254.97739      12.88908       0.27185       0.03383
    3   18     255.14354      77.56989     255.03674     -10.38223       0.20360      -0.02725
    3   19     255.20184      49.58187     255.09727     -34.32156       0.13014      -0.09008
    3   20     255.25761      20.27996     255.15816     -58.71399       0.05323      -0.15411
    3   21     255.31100      -9.73352     255.21872     -83.31290      -0.02555      -0.21867
    3   22     255.36188     -40.03283     255.27832    -107.86393      -0.10507      -0.28311
    3   23     255.41049     -70.01916     255.33623    -132.12282      -0.18378      -0.34678
    3   24     255.45641     -99.37130     255.39169    -155.85484      -0.26082      -0.40907
    3   25     255.49933    -127.68854     255.44406    -178.81128      -0.33514      -0.46932
    3   26     255.53903    -154.57068     255.49271    -200.70631      -0.40570      -0.52679
    3   27     255.57520    -179.62672     255.53717    -221.21141      -0.47146      -0.58061
    3   28     255.60771    -202.44855     255.57698    -240.00885      -0.53136      -0.62994
    3   29     255.64003    -225.31145     255.61604    -259.04663      -0.59137      -0.67992
    3   30     255.66904    -245.96503     255.65114    -276.23956      -0.64558      -0.72504
    3   31     255.69250    -262.26953     255.68513    -286.59375      -0.68837      -0.75221
    3   32     255.70705    -272.83798     255.70764    -280.52454      -0.71611      -0.73629
    3   33     255.70995    -276.79202     255.70995    -276.79202      -0.72649      -0.72649
 COMPLETE BLADEXYRGD 
 
 IN AIRFOILOT: GENERATE A IMPROVE AIRFOIL DEFINITION
               CREATING A SECTION FILE
 before INTERCIPT           9           2           5
 IN INTERCIPT          33          33           5           9          57
 IN INTERCIPT WITH OSPAN =           9
 OUT OF INTERCIPT
 INPUT FILE NAME = 
 blade0.agf                                                                     
  
 blade0.agf                                                                     
  
 intype =           3
 INTYPE =           3
 TITLE OF THE CASE
 radial-turbine                                                                 
  
 NBLADE  Nbnode Nspan Ity  Iym  Tcls Hcls  Lete   Isplit
    46   198     5     5     0     1     0     0     0
 UNITS  NPROF  IFANG   HBL   TBL  TFREE   LFREE
     1     1    10   1.00000   1.00000   0.01000   0.00039
           5
      Rpm          Gamma      GAS-CONT      Psout      Twall   MOLECULAR-WEIGHT
      0.0000      1.3000   1716.4199    100.0000      0.0000     28.9600
       %SPAN       Machin     Ptin        Ttin        Alphin       Phi
    XHUP        ZHUP        XTUP        ZTUP
   6273.8008    306.1649   6273.8018    374.4167
    XHDW        ZHDW        XTDW        ZTDW
   6553.2002    318.0870   6553.2002    399.1846
    XSHIFT       ROTA       XSCALE      YSCALE     ZSCALE
 YSCALE =   1.000000     BLDGAP =  8.9759789E-02
  0.0000000E+00  0.0000000E+00   1.000000       1.000000       1.000000    
  0.0000000E+00           0
     Tclle      Tclmc       Tclte
      0.0000      0.0000      0.0000
     Hclle      Hclmc       Hclte
      0.0000      0.0000      0.0000
 *NHT                                                                           
  
   100
 *ENDWALL                                                                       
  
 IFANG,IAERO           0           1
 INTYPE,NBLADE,IBLD,KSPAN,IHT,LEBOA,TEBOA
   -3   46  198    5  100   1.00000   1.00000
 TITLE =
 radial-turbine                                                                 
  
 complete getdims
 NBK =           7
 IN GRIDDIM WITH OUTYPE =           4
 1 OJIN,OJSV          65          33
      BCK#      NS       ES       IM       JM       KM          NE       EE
        1        0        0       81       17       41    56457    51200
        2    56457    51200       81       17       41   112914   102400
        3   112914   102400      129       25       41   245139   225280
        4   245139   225280       17       13       41   254200   232960
        5   254200   232960       13       13       41   261129   238720
        6   261129   238720      129       17       13   289638   263296
        7   289638   263296      129       17       17   326919   296064
 
      BCK#     IM        JM        KM
 
  BEFORE READMESHIX           0
        1       81       17       41
        2       81       17       41
        3      129       25       41
        4       17       13       41
        5       13       13       41
        6      129       17       13
        7      129       17       17
 MESHIN,DWAL,DWAL_OMESH           0  9.9999997E-05  9.9999997E-05
 a.im,jm,km          81          33          41           7
 
 TOTAL NUMBER OF NODES =      375552      375552           7
 after x,y,z
 after xo,yo,zo
 NHT =         400  OSPAN =          41  IHT =         100
  IGRID =           1  OSPAN =          41  NSPAN =           5
  IGRID =           1  OSPAN =          41  NSPAN =           5
  ********NSPSV =           5  KM =          41  NSPAN =           5
 TCLS =            0  NBK =           7
 HCLS =            0  NB  =           6
 INEW =            2  NB  =           7
  A NB =           7
        1        0        0       81       17       41        1
        2    56457    51200       81       17       41        1
        3   112914   102400      129       25       41        1
        4   245139   225280       17       13       41        1
        5   254200   232960       13       13       41        1
  
 IN AIRFOILIN
 INPUT geometry file NAME = blade0.agf
 NFIN.GT.1.AND.NLOOP.EQ.1.AND.IFACE.EQ.0           1           1           0
 OLD DW   6553.200       318.0870       6553.200       399.1846    
 NEW DW   6233.378       40.12823       6221.401       45.55170    
   241.2185       249.5987      -9.810102       12.96980    
   240.3255       249.5486      -10.85630       14.44305    
 iht =         100
           1   6273.801       306.1649       6273.802       374.4167    
           2   6279.936       308.2817       6276.950       374.5078    
           3   6286.203       310.5575       6280.322       374.5345    
           4   6292.213       312.8519       6283.625       374.4884    
           5   6298.073       315.1997       6286.865       374.3722    
           6   6303.705       317.5640       6290.056       374.1877    
           7   6308.724       319.7450       6293.198       373.9369    
           8   6310.206       320.3668       6296.300       373.6207    
           9   6311.239       320.7804       6299.370       373.2396    
          10   6312.166       321.1341       6302.401       372.7960    
          11   6313.104       321.4740       6305.474       372.2766    
          12   6314.118       321.8220       6307.646       371.8634    
          13   6315.200       322.1734       6309.100       371.5543    
          14   6316.357       322.5280       6310.193       371.2970    
          15   6317.617       322.8910       6311.110       371.0601    
          16   6318.946       323.2502       6312.114       370.7763    
          17   6320.252       323.5803       6313.463       370.3606    
          18   6321.524       323.8793       6316.733       369.2817    
          19   6322.775       324.1516       6318.284       368.7963    
          20   6323.999       324.3968       6319.493       368.4464    
          21   6325.227       324.6216       6320.763       368.1101    
          22   6326.459       324.8263       6322.257       367.7498    
          23   6327.705       325.0118       6323.932       367.3847    
          24   6328.964       325.1782       6325.724       367.0351    
          25   6330.244       325.3256       6327.490       366.7306    
          26   6331.522       325.4514       6329.210       366.4725    
          27   6332.784       325.5545       6330.891       366.2580    
          28   6334.024       325.6352       6332.536       366.0847    
          29   6335.247       325.6944       6334.135       365.9515    
          30   6336.453       325.7328       6335.635       365.8594    
          31   6337.795       325.7522       6337.133       365.8010    
          32   6341.955       325.7428       6339.290       365.7673    
          33   6342.563       325.7347       6341.562       365.7782    
          34   6342.934       325.7243       6344.171       365.8549    
          35   6343.281       325.7089       6348.188       366.0035    
          36   6343.641       325.6869       6362.462       366.1868    
          37   6344.017       325.6575       6369.029       366.1671    
          38   6344.413       325.6197       6373.229       366.0653    
          39   6344.991       325.5535       6376.130       365.9450    
          40   6346.382       325.3730       6377.092       365.9220    
          41   6346.867       325.3154       6377.785       365.9201    
          42   6347.222       325.2786       6378.351       365.9306    
          43   6347.591       325.2467       6378.838       365.9500    
          44   6348.033       325.2163       6379.276       365.9767    
          45   6348.597       325.1877       6379.704       366.0123    
          46   6350.217       325.1421       6380.272       366.0737    
          47   6351.655       325.1178       6381.921       366.2951    
          48   6354.919       325.0990       6382.721       366.3953    
          49   6357.551       325.0468       6383.838       366.5070    
          50   6360.376       324.9428       6386.836       366.7643    
          51   6363.611       324.7698       6388.189       366.9074    
          52   6367.583       324.4907       6389.455       367.0704    
          53   6373.215       323.9984       6390.977       367.3013    
          54   6393.245       321.9233       6393.034       367.6618    
          55   6396.862       321.5119       6395.937       368.2352    
          56   6398.536       321.2927       6398.329       368.7608    
          57   6399.813       321.1040       6400.254       369.2286    
          58   6400.965       320.9142       6402.324       369.7810    
          59   6402.142       320.6999       6405.285       370.6456    
          60   6403.432       320.4426       6417.651       374.5080    
          61   6404.846       320.1358       6420.678       375.4014    
          62   6406.456       319.7581       6423.390       376.1365    
          63   6408.995       319.1130       6426.197       376.8314    
          64   6413.753       317.8773       6429.008       377.4625    
          65   6416.912       317.1189       6431.824       378.0302    
          66   6420.321       316.3593       6434.632       378.5325    
          67   6423.698       315.6645       6437.382       378.9625    
          68   6426.934       315.0546       6440.134       379.3309    
          69   6430.125       314.5076       6443.076       379.6589    
          70   6433.323       314.0138       6446.538       379.9655    
          71   6436.762       313.5411       6457.887       380.7690    
          72   6440.339       313.1085       6461.880       381.0258    
          73   6443.321       312.7971       6465.114       381.1567    
          74   6446.045       312.5596       6469.182       381.2307    
          75   6452.590       312.0691       6475.574       381.2006    
          76   6461.134       311.3507       6490.414       380.9406    
          77   6464.064       311.1495       6495.504       380.9569    
          78   6466.660       311.0159       6499.003       381.0436    
          79   6469.624       310.9130       6501.240       381.1471    
          80   6473.208       310.8485       6502.947       381.2639    
          81   6478.026       310.8434       6504.564       381.4103    
          82   6492.249       311.0826       6506.146       381.5887    
          83   6499.886       311.1587       6507.732       381.8031    
          84   6508.254       311.1412       6509.368       382.0611    
          85   6510.825       311.1748       6511.092       382.3722    
          86   6513.174       311.2444       6512.943       382.7488    
          87   6515.366       311.3456       6514.936       383.2001    
          88   6517.544       311.4827       6517.064       383.7317    
          89   6519.787       311.6612       6519.361       384.3597    
          90   6522.082       311.8822       6521.839       385.0964    
          91   6524.459       312.1510       6524.534       385.9625    
          92   6526.923       312.4711       6527.290       386.9150    
          93   6529.524       312.8529       6530.004       387.9202    
          94   6532.247       313.2992       6532.674       388.9761    
          95   6535.097       313.8150       6535.396       390.1232    
          96   6538.155       314.4206       6538.268       391.4078    
          97   6541.467       315.1342       6541.311       392.8500    
          98   6544.988       315.9544       6544.657       394.5279    
          99   6548.856       316.9228       6548.510       396.5681    
         100   6553.200       318.0870       6553.200       399.1846    
   247.0000       247.0001       245.4086       244.9371    
 SECTION =            1  OUT OF            5
 SECTION =            2  OUT OF            5
 SECTION =            3  OUT OF            5
 SECTION =            4  OUT OF            5
 SECTION =            5  OUT OF            5
 ENDWALL FINISH NHT         400
 ENDWALL FINISH NHT         400
 ENTERING WH_ENDWALL_ORDER
 INTYPE           3
 STARTING TO SCALE THE AIRFOIL
 STARTING TO ROTATING THE AIRFOIL
 LININ =           0  LETE =           0
 COMPLETE THE AIRFOILIN
 radial-turbine                                                                 
  
 before XRgrid ospan          41           1           5
 ********** in dwstream *************
           1   247.0000       12.05374    
           2   247.0000       12.72551    
           3   247.0000       13.39727    
           4   247.0001       14.06904    
           5   247.0001       14.74081    
 ********** IN UPstream *************
 
 *** LINEAR INTER-ROW BOUNDARY LOCATION APPLIED ***
           1   280.7492       18.62017    
           2   279.8763       20.58019    
           3   279.0034       22.54021    
           4   278.1304       24.50023    
           5   277.2575       26.46025    
 complete poisson grid
 NB1 =            1  NB2 =            0
 IFAN =            3
 before bladexyrgd          41           1           5
 
  IN BLADEXYRGD: GETTING INITIAL LEDIA AND TEDIA         198
 
        K      NBNEW      IXMN      LETE      ITYY     LED-in      TED-in     XatIXMN     Tatixmn    RatIXMN    LEMA(DEG)     TEMA(DEG)  CHORD
         1        70        24         0         3    Infinity    0.624998  248.260162 -710.353882   -2.054563  -19.626534    0.108501  710.455383
WARNING: POSSIBLE MISORDERED POINTS IN INPUT
           I       X             Y              Z
           1   249.5901      0.3167638      8.6614175E-04
           2   249.5899       1.007098      2.7519683E-03
           3   249.5897       1.446717      3.9566932E-03
           4   249.5894       1.879157      5.1377956E-03
           5   249.5890       2.304390      6.2992126E-03
           6   249.5884       2.825693      7.7244095E-03
           7   249.5875       3.464354      9.4724409E-03
           8   249.5865       4.073945      1.1137796E-02
           9   249.5856       4.523292      1.2366141E-02
          10   249.5847       4.884224      1.3354330E-02
          11   249.5837       5.210598      1.4244094E-02
          12   249.5826       5.504988      1.5051180E-02
          13   249.5813       5.800268      1.5858267E-02
          14   249.5800       6.076394      1.6614173E-02
          15   249.5785       6.323591      1.7287401E-02
          16   249.5770       6.549122      1.7905513E-02
          17   249.5752       6.750382      1.8456694E-02
          18   249.5734       6.882851      1.8818896E-02
          19   249.5717       6.939422      1.8972442E-02
          20   249.5702       6.941752      1.8980315E-02
          21   249.5688       6.902386      1.8870078E-02
          22   249.5674       6.821768      1.8649606E-02
          23   249.5659       6.698615      1.8314961E-02
          24   249.5645       6.531705      1.7858267E-02
          25   249.5632       6.319901      1.7279528E-02
          26   249.5619       6.064488      1.6578740E-02
          27   249.5607       5.773760      1.5787402E-02
          28   249.5596       5.452622      1.4909448E-02
          29   249.5585       5.107673      1.3964566E-02
          30   249.5572       4.670433      1.2767716E-02
          31   249.5558       4.086028      1.1173229E-02
          32   249.5546       3.453673      9.4409455E-03
          33   249.5537       2.916894      7.9763783E-03
          34   249.5530       2.371441      6.4842519E-03
          35   249.5524       1.806583      4.9409447E-03
          36   249.5520       1.238528      3.3858269E-03
          37   249.5516      0.6682953      1.8267717E-03
          38   249.5513      9.6870080E-02  2.6377951E-04
          39   249.5508     -0.5154213     -1.4094488E-03
          40   249.5502      -1.207299     -3.2992128E-03
          41   249.5494      -1.882528     -5.1456694E-03
          42   249.5482      -2.754059     -7.5314962E-03
          43   249.5469      -3.726315     -1.0188976E-02
          44   249.5461      -4.442472     -1.2145669E-02
          45   249.5455      -5.142524     -1.4059056E-02
          46   249.5447      -6.000551     -1.6405512E-02
          47   249.5432      -7.335358     -2.0055119E-02
          48   249.5374      -12.54950     -3.4311023E-02
          49   249.5345      -15.42974     -4.2185038E-02
          50   249.5324      -17.52377     -4.7909450E-02
          51   249.5063      -41.12880     -0.1124488    
          52   249.4814      -63.03472     -0.1723386    
          53   249.3820      -149.5456     -0.4088622    
          54   249.1565      -320.4960     -0.8762481    
          55   248.9866      -429.1212      -1.173232    
          56   248.7727      -548.0902      -1.498496    
          57   248.7120      -579.3768      -1.584036    
          58   248.6855      -592.6178      -1.620236    
          59   248.6486      -610.9539      -1.670370    
          60   248.5891      -638.8691      -1.746689    
          61   248.5726      -646.3782      -1.767220    
          62   248.5340      -664.0867      -1.815634    
          63   248.4263      -710.5393      -1.942638    
          64   248.4022      -720.6315      -1.970232    
          65   248.3470      -743.1935      -2.031917    
          66   248.3079      -758.9598      -2.075020    
          67   248.2955      -763.7068      -2.088000    
          68   248.2880      -766.8825      -2.096681    
          69   248.2814      -770.1339      -2.105571    
          70   248.2770      -772.7740      -2.112791    
          71   248.2580      -799.0247      -2.184559    
          72   248.2730      -775.7057      -2.120807    
          73   248.2788      -771.6451      -2.109705    
          74   248.2790      -771.5681      -2.109492    
          75   248.2790      -771.5452      -2.109429    
          76   248.2791      -771.5334      -2.109398    
          77   248.2791      -771.5273      -2.109382    
          78   248.2791      -771.5219      -2.109366    
          79   248.2791      -771.5183      -2.109358    
          80   248.2791      -771.5167      -2.109354    
          81   248.2791      -771.5153      -2.109350    
          82   248.2791      -771.5139      -2.109346    
          83   248.2791      -771.5127      -2.109343    
          84   248.2792      -771.5115      -2.109339    
          85   248.2792      -771.5104      -2.109335    
          86   248.2792      -771.5095      -2.109331    
          87   248.2792      -771.5085      -2.109331    
          88   248.2792      -771.5081      -2.109327    
          89   248.2792      -771.5078      -2.109327    
          90   248.2792      -771.5075      -2.109327    
          91   248.2792      -771.5073      -2.109327    
          92   248.2792      -771.5071      -2.109327    
          93   248.2792      -771.5068      -2.109327    
          94   248.2792      -771.5066      -2.109323    
          95   248.2792      -771.5065      -2.109323    
          96   248.2792      -771.5062      -2.109323    
          97   248.2792      -771.5060      -2.109323    
          98   248.2792      -771.5059      -2.109323    
          99   248.2792      -771.5057      -2.109323    
         100   248.2792      -771.5056      -2.109323    
         101   248.2792      -771.5054      -2.109323    
         102   248.2792      -771.5053      -2.109323    
         103   248.2792      -771.5052      -2.109319    
         104   248.2792      -771.5051      -2.109319    
         105   248.2792      -771.5050      -2.109319    
         106   248.2792      -771.5049      -2.109319    
         107   248.2792      -771.5048      -2.109319    
         108   248.2792      -771.5048      -2.109319    
         109   248.2792      -771.5047      -2.109319    
         110   248.2792      -771.5047      -2.109319    
         111   248.2792      -771.5046      -2.109319    
         112   248.2792      -771.5046      -2.109319    
         113   248.2792      -771.5046      -2.109319    
         114   248.2792      -771.5046      -2.109319    
         115   248.2792      -771.5046      -2.109319    
         116   248.2792      -771.5046      -2.109319    
         117   248.2792      -771.5046      -2.109319    
         118   248.2792      -771.5046      -2.109319    
         119   248.2792      -771.5047      -2.109319    
         120   248.2792      -771.5047      -2.109319    
         121   248.2792      -771.5048      -2.109319    
         122   248.2792      -771.5048      -2.109319    
         123   248.2792      -771.5048      -2.109319    
         124   248.2792      -771.5049      -2.109319    
         125   248.2792      -771.5050      -2.109319    
         126   248.2792      -771.5051      -2.109319    
         127   248.2792      -771.5051      -2.109319    
         128   248.2792      -771.5052      -2.109323    
         129   248.2792      -771.5053      -2.109323    
         130   248.2792      -771.5054      -2.109323    
         131   248.2792      -771.5055      -2.109323    
         132   248.2792      -771.5057      -2.109323    
         133   248.2792      -771.5058      -2.109323    
         134   248.2792      -771.5059      -2.109323    
         135   248.2792      -771.5060      -2.109323    
         136   248.2792      -771.5062      -2.109323    
         137   248.2792      -771.5063      -2.109323    
         138   248.2792      -771.5065      -2.109323    
         139   248.2792      -771.5067      -2.109327    
         140   248.2792      -771.5069      -2.109327    
         141   248.2792      -771.5071      -2.109327    
         142   248.2792      -771.5073      -2.109327    
         143   248.2792      -771.5074      -2.109327    
         144   248.2792      -771.5077      -2.109327    
         145   248.2792      -771.5079      -2.109327    
         146   248.2792      -771.5084      -2.109331    
         147   248.2792      -771.5092      -2.109331    
         148   248.2792      -771.5098      -2.109335    
         149   248.2792      -771.5106      -2.109335    
         150   248.2792      -771.5114      -2.109339    
         151   248.2792      -771.5123      -2.109339    
         152   248.2792      -771.5132      -2.109343    
         153   248.2792      -771.5142      -2.109346    
         154   248.2792      -771.5152      -2.109346    
         155   248.2792      -771.5163      -2.109350    
         156   248.2792      -771.5173      -2.109354    
         157   248.2792      -771.5194      -2.109358    
         158   248.2793      -771.5232      -2.109370    
         159   248.2793      -771.5274      -2.109382    
         160   248.2793      -771.5320      -2.109394    
         161   248.2793      -771.5400      -2.109417    
         162   248.2793      -771.5542      -2.109457    
         163   248.2792      -771.5839      -2.109535    
         164   248.2792      -771.6948      -2.109839    
         165   248.2586      -796.6525      -2.178075    
         166   248.2602      -807.4147      -2.207500    
         167   248.2679      -819.0795      -2.239390    
         168   248.3248      -855.0905      -2.337847    
         169   248.4039      -876.1101      -2.395315    
         170   248.5078      -884.3663      -2.417886    
         171   248.5279      -884.2656      -2.417610    
         172   248.5530      -883.4769      -2.415457    
         173   248.5811      -881.7593      -2.410760    
         174   248.6119      -878.9365      -2.403043    
         175   248.6410      -875.2974      -2.393090    
         176   248.6784      -869.2969      -2.376685    
         177   248.7046      -864.0956      -2.362464    
         178   248.7449      -854.7932      -2.337031    
         179   248.7736      -846.7728      -2.315106    
         180   248.8078      -836.0251      -2.285721    
         181   248.8108      -834.8580      -2.282531    
         182   248.8358      -825.8575      -2.257921    
         183   248.8590      -816.3960      -2.232055    
         184   248.8621      -814.9922      -2.228216    
         185   248.8882      -802.9223      -2.195216    
         186   248.9258      -783.4227      -2.141906    
         187   248.9426      -773.8476      -2.115724    
         188   248.9648      -760.6760      -2.079713    
         189   249.0107      -728.3464      -1.991323    
         190   249.0401      -705.1969      -1.928031    
         191   249.0691      -681.1088      -1.862173    
         192   249.1199      -635.6299      -1.737835    
         193   249.2158      -536.1238      -1.465780    
         194   249.4032      -293.4611     -0.8023307    
         195   249.5591      -52.59914     -0.1438071    
         196   249.5708      -33.38131     -9.1263779E-02
         197   249.5744      -26.48081     -7.2397634E-02
         198   249.5897      -1.206968     -3.2992128E-03
         199   249.5901      0.3167638      8.6614175E-04
         2        59        27         0         3   -0.000660   -0.022215  248.273026 -775.705750   -2.120807   -0.142821    0.393787  776.026550
WARNING: POSSIBLE MISORDERED POINTS IN INPUT
WARNING: POSSIBLE MISORDERED POINTS IN INPUT
           I       X             Y              Z
           1   249.5901      0.1283504      3.9370079E-04
           2   249.5901      0.4658031      1.4291338E-03
           3   249.5900      0.7833543      2.4055117E-03
           4   249.5899       1.061106      3.2559056E-03
           5   249.5897       1.335350      4.0984252E-03
           6   249.5895       1.604764      4.9251970E-03
           7   249.5891       2.020303      6.2007871E-03
           8   249.5885       2.436051      7.4763778E-03
           9   249.5875       2.994941      9.1929138E-03
          10   249.5865       3.506504      1.0763780E-02
          11   249.5855       3.921768      1.2039370E-02
          12   249.5846       4.273059      1.3118111E-02
          13   249.5837       4.576642      1.4051181E-02
          14   249.5828       4.842350      1.4866143E-02
          15   249.5820       5.050594      1.5503936E-02
          16   249.5811       5.242591      1.6094489E-02
          17   249.5802       5.423630      1.6649606E-02
          18   249.5793       5.590894      1.7161418E-02
          19   249.5782       5.733114      1.7598424E-02
          20   249.5769       5.876996      1.8039370E-02
          21   249.5755       5.991807      1.8393701E-02
          22   249.5737       6.088449      1.8688977E-02
          23   249.5717       6.144642      1.8862205E-02
          24   249.5694       6.152637      1.8885827E-02
          25   249.5739       6.100811      1.8728346E-02
          26   249.5732       6.137689      1.8842520E-02
          27   249.5726       6.164154      1.8921260E-02
          28   249.5720       6.180874      1.8972442E-02
          29   249.5713       6.188012      1.8996062E-02
          30   249.5706       6.184996      1.8988190E-02
          31   249.5700       6.172429      1.8948819E-02
          32   249.5692       6.147153      1.8870078E-02
          33   249.5684       6.108551      1.8751968E-02
          34   249.5676       6.058886      1.8598426E-02
          35   249.5666       5.982516      1.8366143E-02
          36   249.5656       5.886000      1.8066930E-02
          37   249.5643       5.744492      1.7633857E-02
          38   249.5628       5.561150      1.7070867E-02
          39   249.5617       5.405547      1.6594488E-02
          40   249.5607       5.232878      1.6062992E-02
          41   249.5601       5.102039      1.5661417E-02
          42   249.5594       4.959701      1.5224409E-02
          43   249.5589       4.805370      1.4751969E-02
          44   249.5583       4.660823      1.4307087E-02
          45   249.5578       4.508311      1.3838583E-02
          46   249.5574       4.348575      1.3350394E-02
          47   249.5569       4.157693      1.2763780E-02
          48   249.5563       3.935905      1.2082677E-02
          49   249.5558       3.706421      1.1377953E-02
          50   249.5552       3.422807      1.0507874E-02
          51   249.5546       3.118145      9.5708659E-03
          52   249.5542       2.833240      8.6968504E-03
          53   249.5538       2.559464      7.8582680E-03
          54   249.5535       2.282555      7.0078741E-03
          55   249.5532       2.038594      6.2598423E-03
          56   249.5530       1.791437      5.5000000E-03
          57   249.5528       1.493469      4.5826775E-03
          58   249.5522      0.7239488      2.2204726E-03
          59   249.5515      7.0937008E-02  2.1653544E-04
          60   249.5511     -0.2916457     -8.9370081E-04
          61   249.5506     -0.6427087     -1.9724409E-03
          62   249.5502     -0.9213189     -2.8267717E-03
          63   249.5497      -1.192177     -3.6614174E-03
          64   249.5490      -1.568842     -4.8149605E-03
          65   249.5480      -2.053768     -6.3031497E-03
          66   249.5469      -2.652086     -8.1417318E-03
          67   249.5466      -2.913500     -8.9448821E-03
          68   249.5462      -3.179583     -9.7598424E-03
          69   249.5455      -3.773338     -1.1582677E-02
          70   249.5445      -4.531677     -1.3909449E-02
          71   249.5431      -5.479775     -1.6822835E-02
          72   249.5409      -6.971091     -2.1401575E-02
          73   249.5403      -7.542981     -2.3153543E-02
          74   249.5394      -8.344906     -2.5618110E-02
          75   249.5383      -9.206491     -2.8263779E-02
          76   249.5375      -9.772941     -3.0000001E-02
          77   249.5313      -14.02915     -4.3066926E-02
          78   249.4986      -36.64730     -0.1125000    
          79   249.4503      -69.01689     -0.2118661    
          80   249.3912      -107.4104     -0.3297284    
          81   249.2818      -173.8613     -0.5337166    
          82   249.1471      -247.3385     -0.7592795    
          83   249.0055      -317.1904     -0.9737087    
          84   248.8354      -394.4590      -1.210906    
          85   248.7185      -442.7095      -1.359028    
          86   248.6963      -451.3274      -1.385480    
          87   248.6815      -457.1930      -1.403488    
          88   248.6686      -462.3300      -1.419256    
          89   248.6369      -474.6834      -1.457181    
          90   248.5783      -497.2579      -1.526476    
          91   248.5677      -501.1991      -1.538579    
          92   248.5536      -506.5808      -1.555098    
          93   248.5363      -513.1129      -1.575150    
          94   248.5124      -522.1484      -1.602886    
          95   248.4498      -544.4755      -1.671425    
          96   248.4116      -557.2576      -1.710665    
          97   248.3544      -575.1739      -1.765665    
          98   248.3294      -582.8975      -1.789374    
          99   248.3155      -587.1216      -1.802343    
         100   248.3023      -591.2846      -1.815122    
         101   248.2985      -592.5798      -1.819098    
         102   248.2970      -593.0218      -1.820453    
         103   248.2944      -593.8486      -1.822992    
         104   248.2933      -594.2197      -1.824130    
         105   248.2926      -594.5439      -1.825126    
         106   248.2903      -595.4868      -1.828020    
         107   248.2874      -596.5833      -1.831386    
         108   248.2860      -597.1896      -1.833248    
         109   248.2847      -597.7790      -1.835059    
         110   248.2834      -598.4694      -1.837177    
         111   248.2793      -600.7086      -1.844051    
         112   248.2742      -603.3506      -1.852161    
         113   248.2728      -604.2060      -1.854787    
         114   248.2717      -605.0177      -1.857280    
         115   248.2702      -606.2498      -1.861059    
         116   248.2678      -608.3571      -1.867531    
         117   248.2657      -610.6178      -1.874468    
         118   248.2642      -612.5697      -1.880461    
         119   248.2630      -614.5148      -1.886433    
         120   248.2621      -616.6066      -1.892854    
         121   248.2614      -618.8628      -1.899779    
         122   248.2611      -621.1184      -1.906705    
         123   248.2618      -623.9890      -1.915516    
         124   248.2618      -623.9890      -1.915516    
         125   248.2618      -623.9890      -1.915516    
         126   248.2618      -624.3784      -1.916713    
         127   248.2619      -625.0089      -1.918646    
         128   248.2630      -627.4000      -1.925988    
         129   248.2643      -629.7534      -1.933213    
         130   248.2646      -630.2814      -1.934831    
         131   248.2650      -631.5862      -1.938838    
         132   248.2651      -631.8701      -1.939709    
         133   248.2652      -632.1524      -1.940575    
         134   248.2653      -632.4320      -1.941433    
         135   248.2663      -633.5361      -1.944823    
         136   248.2668      -634.1188      -1.946614    
         137   248.2677      -635.1840      -1.949882    
         138   248.2689      -637.4153      -1.956732    
         139   248.2696      -638.3318      -1.959547    
         140   248.2713      -639.9078      -1.964382    
         141   248.2721      -640.5599      -1.966386    
         142   248.2730      -641.4406      -1.969091    
         143   248.2743      -643.3011      -1.974799    
         144   248.2749      -644.1118      -1.977287    
         145   248.2776      -646.3829      -1.984260    
         146   248.2858      -652.9128      -2.004307    
         147   248.2921      -657.1627      -2.017354    
         148   248.3017      -662.6013      -2.034047    
         149   248.3120      -667.7238      -2.049772    
         150   248.3218      -671.7708      -2.062197    
         151   248.3336      -676.2051      -2.075811    
         152   248.3422      -678.9922      -2.084366    
         153   248.3604      -684.2371      -2.100465    
         154   248.3697      -686.5401      -2.107535    
         155   248.3845      -689.7215      -2.117303    
         156   248.3973      -692.0559      -2.124468    
         157   248.4131      -694.5300      -2.132063    
         158   248.4333      -697.0792      -2.139890    
         159   248.4424      -698.0525      -2.142874    
         160   248.4573      -699.2592      -2.146579    
         161   248.4734      -700.1401      -2.149283    
         162   248.4938      -700.8328      -2.151409    
         163   248.5139      -701.0538      -2.152091    
         164   248.5333      -700.8286      -2.151398    
         165   248.5560      -700.0435      -2.148988    
         166   248.5778      -698.8243      -2.145244    
         167   248.6038      -696.7036      -2.138736    
         168   248.6317      -693.7601      -2.129701    
         169   248.6587      -690.2642      -2.118968    
         170   248.6839      -686.3405      -2.106921    
         171   248.7041      -682.6023      -2.095445    
         172   248.7382      -675.6262      -2.074032    
         173   248.7597      -670.5229      -2.058366    
         174   248.7660      -668.8601      -2.053260    
         175   248.7925      -661.4556      -2.030531    
         176   248.8081      -656.7968      -2.016228    
         177   248.8252      -651.2953      -1.999342    
         178   248.8374      -647.0145      -1.986201    
         179   248.8600      -638.8396      -1.961106    
         180   248.9011      -621.9128      -1.909142    
         181   248.9170      -614.4698      -1.886295    
         182   248.9483      -599.0351      -1.838913    
         183   249.0096      -564.3331      -1.732386    
         184   249.0700      -524.2370      -1.609299    
         185   249.1287      -479.8033      -1.472898    
         186   249.1845      -433.5219      -1.330823    
         187   249.4314      -183.8371     -0.5643425    
         188   249.5466      -54.82541     -0.1683031    
         189   249.5623      -35.52301     -0.1090472    
         190   249.5676      -29.67201     -9.1086619E-02
         191   249.5694      -27.02233     -8.2952760E-02
         192   249.5707      -25.34882     -7.7814959E-02
         193   249.5781      -16.85776     -5.1748030E-02
         194   249.5869      -5.099508     -1.5653543E-02
         195   249.5891      -1.828819     -5.6141731E-03
         196   249.5896      -1.053071     -3.2322833E-03
         197   249.5898     -0.6232204     -1.9133858E-03
         198   249.5900     -0.2077677     -6.3779531E-04
         199   249.5901      0.1283504      3.9370079E-04
         3        90        35         0         3   -0.001568   -0.008224  248.274246 -603.350586   -1.852161    0.964842   -0.085420  603.483215
WARNING: POSSIBLE MISORDERED POINTS IN INPUT
           I       X             Y              Z
           1   249.6290       14.78269      4.7043309E-02
           2   249.6290       15.16208      4.8251968E-02
           3   249.6289       15.56365      4.9531497E-02
           4   249.6287       16.03913      5.1043306E-02
           5   249.6284       16.47223      5.2421261E-02
           6   249.6282       16.81180      5.3503934E-02
           7   249.6279       17.14566      5.4562993E-02
           8   249.6275       17.44222      5.5507872E-02
           9   249.6271       17.71710      5.6381892E-02
          10   249.6267       17.98495      5.7236217E-02
          11   249.6262       18.22994      5.8015749E-02
          12   249.6257       18.45679      5.8736220E-02
          13   249.6252       18.67411      5.9429135E-02
          14   249.6246       18.88966      6.0114175E-02
          15   249.6239       19.12167      6.0854327E-02
          16   249.6231       19.33508      6.1531495E-02
          17   249.6219       19.59408      6.2358268E-02
          18   249.6203       19.90691      6.3350394E-02
          19   249.6187       20.17232      6.4196847E-02
          20   249.6172       20.39170      6.4893700E-02
          21   249.6162       20.52348      6.5314963E-02
          22   249.6152       20.63920      6.5681100E-02
          23   249.6143       20.72354      6.5952756E-02
          24   249.6135       20.78363      6.6141732E-02
          25   249.6127       20.83080      6.6291340E-02
          26   249.6119       20.86388      6.6397637E-02
          27   249.6112       20.88087      6.6452757E-02
          28   249.6104       20.88398      6.6460632E-02
          29   249.6097       20.87246      6.6425197E-02
          30   249.6089       20.84539      6.6338584E-02
          31   249.6136       20.76674      6.6086613E-02
          32   249.6128       20.80740      6.6216536E-02
          33   249.6119       20.83663      6.6311024E-02
          34   249.6111       20.85461      6.6370077E-02
          35   249.6102       20.86035      6.6385828E-02
          36   249.6094       20.85380      6.6366144E-02
          37   249.6085       20.83466      6.6303149E-02
          38   249.6076       20.80298      6.6204727E-02
          39   249.6067       20.75881      6.6062994E-02
          40   249.6059       20.70221      6.5881893E-02
          41   249.6050       20.63326      6.5665349E-02
          42   249.6042       20.55359      6.5409444E-02
          43   249.6034       20.46217      6.5118112E-02
          44   249.6026       20.35817      6.4787403E-02
          45   249.6018       20.23902      6.4409450E-02
          46   249.6010       20.10878      6.3996062E-02
          47   249.6001       19.95656      6.3511811E-02
          48   249.5993       19.78547      6.2964566E-02
          49   249.5984       19.60053      6.2377956E-02
          50   249.5976       19.39754      6.1732281E-02
          51   249.5968       19.18376      6.1051179E-02
          52   249.5962       18.99720      6.0456689E-02
          53   249.5956       18.80120      5.9834644E-02
          54   249.5950       18.60642      5.9212595E-02
          55   249.5946       18.42648      5.8641735E-02
          56   249.5941       18.23993      5.8047246E-02
          57   249.5938       18.04752      5.7433069E-02
          58   249.5934       17.85248      5.6814961E-02
          59   249.5931       17.65261      5.6177165E-02
          60   249.5928       17.44843      5.5527560E-02
          61   249.5925       17.24716      5.4885823E-02
          62   249.5923       17.04494      5.4244094E-02
          63   249.5921       16.84025      5.3594489E-02
          64   249.5918       16.57062      5.2736219E-02
          65   249.5915       16.15800      5.1421259E-02
          66   249.5909       15.40669      4.9031492E-02
          67   249.5904       14.98237      4.7681101E-02
          68   249.5900       14.66085      4.6657480E-02
          69   249.5896       14.38771      4.5787401E-02
          70   249.5892       14.13737      4.4992127E-02
          71   249.5887       13.88857      4.4200785E-02
          72   249.5881       13.59697      4.3271653E-02
          73   249.5875       13.30828      4.2354327E-02
          74   249.5861       12.59298      4.0074803E-02
          75   249.5858       12.39503      3.9444879E-02
          76   249.5855       12.19353      3.8803149E-02
          77   249.5852       11.97474      3.8110238E-02
          78   249.5845       11.40570      3.6299214E-02
          79   249.5835       10.68689      3.4011811E-02
          80   249.5802       8.512783      2.7090549E-02
          81   249.5782       7.315559      2.3279527E-02
          82   249.5762       6.091704      1.9385826E-02
          83   249.5715       2.862382      9.1102365E-03
          84   249.5488      -11.41944     -3.6342520E-02
          85   249.5220      -28.46068     -9.0574808E-02
          86   249.4813      -53.25182     -0.1694685    
          87   249.3930      -105.0612     -0.3343504    
          88   249.2639      -174.8103     -0.5563189    
          89   249.1505      -230.4415     -0.7333622    
          90   249.1020      -252.9794     -0.8050866    
          91   248.9965      -299.6558     -0.9536299    
          92   248.8314      -367.9294      -1.170905    
          93   248.7539      -397.6709      -1.265559    
          94   248.7056      -415.1998      -1.321342    
          95   248.6929      -419.9641      -1.336504    
          96   248.6648      -430.0148      -1.368488    
          97   248.5873      -457.5596      -1.456150    
          98   248.5737      -462.5127      -1.471910    
          99   248.5526      -469.9213      -1.495488    
         100   248.5345      -476.1658      -1.515362    
         101   248.5213      -480.9329      -1.530532    
         102   248.4774      -495.6528      -1.577378    
         103   248.4279      -511.2698      -1.627079    
         104   248.3853      -523.7891      -1.666917    
         105   248.3513      -533.5738      -1.698059    
         106   248.3268      -540.5568      -1.720279    
         107   248.3009      -547.9706      -1.743874    
         108   248.2958      -549.5615      -1.748937    
         109   248.2926      -550.6371      -1.752362    
         110   248.2912      -551.1798      -1.754087    
         111   248.2894      -551.9164      -1.756433    
         112   248.2829      -554.7449      -1.765433    
         113   248.2796      -556.3154      -1.770433    
         114   248.2778      -557.2048      -1.773260    
         115   248.2769      -557.6940      -1.774819    
         116   248.2764      -557.9858      -1.775748    
         117   248.2758      -558.3799      -1.777000    
         118   248.2748      -559.1528      -1.779461    
         119   248.2718      -561.1165      -1.785709    
         120   248.2699      -562.5436      -1.790252    
         121   248.2683      -563.8851      -1.794520    
         122   248.2668      -565.3750      -1.799264    
         123   248.2651      -567.3666      -1.805602    
         124   248.2635      -569.5343      -1.812500    
         125   248.2624      -571.4913      -1.818728    
         126   248.2616      -573.2775      -1.824413    
         127   248.2612      -574.8983      -1.829571    
         128   248.2610      -576.2529      -1.833882    
         129   248.2618      -578.3657      -1.840606    
         130   248.2618      -578.3657      -1.840606    
         131   248.2618      -578.3657      -1.840606    
         132   248.2618      -579.0643      -1.842827    
         133   248.2623      -580.7831      -1.848299    
         134   248.2630      -583.0750      -1.855591    
         135   248.2638      -584.6621      -1.860642    
         136   248.2679      -591.2612      -1.881642    
         137   248.2708      -595.1457      -1.894004    
         138   248.2719      -596.2954      -1.897665    
         139   248.2736      -597.9133      -1.902815    
         140   248.2747      -599.1841      -1.906858    
         141   248.2790      -602.7273      -1.918134    
         142   248.2865      -608.3434      -1.936008    
         143   248.2938      -612.9948      -1.950807    
         144   248.3026      -617.7526      -1.965949    
         145   248.3107      -621.6647      -1.978402    
         146   248.3189      -625.0688      -1.989232    
         147   248.3297      -629.0167      -2.001799    
         148   248.3410      -632.7225      -2.013591    
         149   248.3540      -636.4581      -2.025480    
         150   248.3629      -638.7439      -2.032752    
         151   248.3779      -642.0275      -2.043205    
         152   248.3887      -644.1820      -2.050059    
         153   248.3968      -645.5775      -2.054500    
         154   248.4162      -648.4620      -2.063681    
         155   248.4323      -650.4236      -2.069925    
         156   248.4385      -651.0759      -2.072000    
         157   248.4528      -652.2643      -2.075779    
         158   248.4673      -653.1255      -2.078524    
         159   248.4859      -653.8977      -2.080980    
         160   248.5036      -654.2809      -2.082201    
         161   248.5207      -654.3191      -2.082319    
         162   248.5402      -653.9601      -2.081177    
         163   248.5621      -653.1248      -2.078520    
         164   248.5793      -652.1754      -2.075500    
         165   248.6071      -650.0071      -2.068599    
         166   248.6247      -648.3321      -2.063268    
         167   248.6533      -644.9160      -2.052398    
         168   248.6735      -642.0966      -2.043421    
         169   248.6987      -638.0956      -2.030689    
         170   248.7189      -634.4067      -2.018953    
         171   248.7351      -631.0693      -2.008331    
         172   248.7515      -627.5115      -1.997008    
         173   248.7719      -622.6544      -1.981551    
         174   248.7889      -618.3753      -1.967933    
         175   248.8113      -611.9393      -1.947449    
         176   248.8425      -602.2592      -1.916646    
         177   248.8746      -590.9235      -1.880567    
         178   248.8860      -586.4254      -1.866256    
         179   248.8915      -584.1075      -1.858878    
         180   248.9007      -580.5781      -1.847646    
         181   248.9190      -572.9200      -1.823276    
         182   248.9706      -548.5374      -1.745677    
         183   249.0161      -523.7291      -1.666728    
         184   249.0609      -497.1177      -1.582039    
         185   249.1199      -457.7192      -1.456657    
         186   249.1853      -409.3185      -1.302626    
         187   249.3084      -305.2367     -0.9713937    
         188   249.5883      -31.48538     -0.1002008    
         189   249.5999      -18.63651     -5.9311025E-02
         190   249.6064      -12.03135     -3.8287401E-02
         191   249.6111      -6.630232     -2.1098426E-02
         192   249.6183       1.270669      4.0433072E-03
         193   249.6245       8.260036      2.6287401E-02
         194   249.6266       11.08702      3.5283465E-02
         195   249.6283       13.31353      4.2370077E-02
         196   249.6286       13.81261      4.3956693E-02
         197   249.6288       14.12004      4.4937007E-02
         198   249.6289       14.42885      4.5917325E-02
         199   249.6290       14.78269      4.7043309E-02
         4        96        40         0         3    0.000568    0.012810  248.261047 -576.252869   -1.833882   -0.998970   -0.248168  591.040161
WARNING: POSSIBLE MISORDERED POINTS IN INPUT
WARNING: POSSIBLE MISORDERED POINTS IN INPUT
           I       X             Y              Z
           1   249.5801      -5.081028     -1.3779528E-02
           2   249.5801      -4.300606     -1.1661418E-02
           3   249.5799      -3.892169     -1.0555117E-02
           4   249.5797      -3.491402     -9.4685042E-03
           5   249.5793      -3.097311     -8.3976379E-03
           6   249.5788      -2.650909     -7.1889767E-03
           7   249.5779      -1.962484     -5.3228345E-03
           8   249.5770      -1.287890     -3.4921258E-03
           9   249.5760     -0.7275512     -1.9724409E-03
          10   249.5751     -0.2651063     -7.2047248E-04
          11   249.5740      0.1516693      4.0944881E-04
          12   249.5728      0.5017716      1.3622048E-03
          13   249.5718      0.7485905      2.0314960E-03
          14   249.5707      0.9682953      2.6259841E-03
          15   249.5697       1.160803      3.1496063E-03
          16   249.5686       1.326575      3.5984251E-03
          17   249.5672       1.492138      4.0472439E-03
          18   249.5657       1.627705      4.4133859E-03
          19   249.5642       1.723185      4.6732281E-03
          20   249.5626       1.779925      4.8267716E-03
          21   249.5609       1.793575      4.8622047E-03
          22   249.5593       1.756913      4.7637797E-03
          23   249.5576       1.669701      4.5275590E-03
          24   249.5561       1.542961      4.1850391E-03
          25   249.5546       1.368724      3.7125985E-03
          26   249.5532       1.144386      3.1023622E-03
          27   249.5520      0.9008898      2.4448819E-03
          28   249.5509      0.6432520      1.7440945E-03
          29   249.5499      0.3597638      9.7637798E-04
          30   249.5489      5.4814961E-02  1.4960631E-04
          31   249.5477     -0.3463465     -9.4094488E-04
          32   249.5464     -0.8790945     -2.3858268E-03
          33   249.5453      -1.458110     -3.9527561E-03
          34   249.5446      -1.891492     -5.1299213E-03
          35   249.5442      -2.261236     -6.1338581E-03
          36   249.5438      -2.641138     -7.1614170E-03
          37   249.5434      -3.027870     -8.2125980E-03
          38   249.5430      -3.418118     -9.2677167E-03
          39   249.5404      -6.201540     -1.6818898E-02
          40   249.5380      -8.554133     -2.3196852E-02
          41   249.5359      -10.38293     -2.8157480E-02
          42   249.5344      -11.80492     -3.2011811E-02
          43   249.5331      -13.26457     -3.5968505E-02
          44   249.5300      -15.63116     -4.2389762E-02
          45   249.5287      -17.03713     -4.6200786E-02
          46   249.5281      -17.92236     -4.8602365E-02
          47   249.5267      -19.33859     -5.2440945E-02
          48   249.5249      -20.84399     -5.6523625E-02
          49   249.5230      -22.39314     -6.0724411E-02
          50   249.5006      -43.87655     -0.1189843    
          51   249.4733      -68.91789     -0.1868898    
          52   249.3668      -162.8392     -0.4415787    
          53   249.1708      -314.8792     -0.8538740    
          54   248.9795      -440.7423      -1.195185    
          55   248.7482      -570.9498      -1.548275    
          56   248.7024      -594.5218      -1.612197    
          57   248.6805      -605.4791      -1.641909    
          58   248.6471      -622.6221      -1.688398    
          59   248.5882      -650.7634      -1.764713    
          60   248.5509      -668.2939      -1.812248    
          61   248.4454      -715.3290      -1.939795    
          62   248.3686      -747.4370      -2.026866    
          63   248.3463      -756.6477      -2.051842    
          64   248.3071      -772.9119      -2.095949    
          65   248.2979      -776.6271      -2.106024    
          66   248.2914      -779.0787      -2.112669    
          67   248.2860      -781.5040      -2.119248    
          68   248.2823      -783.4941      -2.124646    
          69   248.2800      -784.9521      -2.128598    
          70   248.2780      -786.5311      -2.132882    
          71   248.2590      -813.0306      -2.204740    
          72   248.2653      -797.0043      -2.161279    
          73   248.2795      -785.6067      -2.130374    
          74   248.2799      -785.3885      -2.129780    
          75   248.2801      -785.3416      -2.129653    
          76   248.2801      -785.3195      -2.129595    
          77   248.2802      -785.3082      -2.129563    
          78   248.2802      -785.2992      -2.129539    
          79   248.2802      -785.2951      -2.129528    
          80   248.2802      -785.2914      -2.129520    
          81   248.2802      -785.2881      -2.129508    
          82   248.2802      -785.2851      -2.129500    
          83   248.2802      -785.2833      -2.129496    
          84   248.2802      -785.2822      -2.129492    
          85   248.2802      -785.2812      -2.129492    
          86   248.2802      -785.2803      -2.129488    
          87   248.2802      -785.2794      -2.129484    
          88   248.2802      -785.2786      -2.129484    
          89   248.2802      -785.2778      -2.129480    
          90   248.2803      -785.2771      -2.129480    
          91   248.2803      -785.2764      -2.129476    
          92   248.2803      -785.2758      -2.129476    
          93   248.2803      -785.2753      -2.129476    
          94   248.2803      -785.2750      -2.129472    
          95   248.2803      -785.2747      -2.129472    
          96   248.2803      -785.2745      -2.129472    
          97   248.2803      -785.2744      -2.129472    
          98   248.2803      -785.2742      -2.129472    
          99   248.2803      -785.2740      -2.129472    
         100   248.2803      -785.2739      -2.129472    
         101   248.2803      -785.2737      -2.129468    
         102   248.2803      -785.2736      -2.129468    
         103   248.2803      -785.2735      -2.129468    
         104   248.2803      -785.2734      -2.129468    
         105   248.2803      -785.2733      -2.129468    
         106   248.2803      -785.2732      -2.129468    
         107   248.2803      -785.2732      -2.129468    
         108   248.2803      -785.2731      -2.129468    
         109   248.2803      -785.2731      -2.129468    
         110   248.2803      -785.2731      -2.129468    
         111   248.2803      -785.2731      -2.129468    
         112   248.2803      -785.2731      -2.129468    
         113   248.2803      -785.2731      -2.129468    
         114   248.2803      -785.2731      -2.129468    
         115   248.2803      -785.2731      -2.129468    
         116   248.2803      -785.2731      -2.129468    
         117   248.2803      -785.2732      -2.129468    
         118   248.2803      -785.2733      -2.129468    
         119   248.2803      -785.2734      -2.129468    
         120   248.2803      -785.2734      -2.129468    
         121   248.2803      -785.2736      -2.129468    
         122   248.2803      -785.2737      -2.129468    
         123   248.2803      -785.2738      -2.129472    
         124   248.2803      -785.2740      -2.129472    
         125   248.2803      -785.2741      -2.129472    
         126   248.2803      -785.2743      -2.129472    
         127   248.2803      -785.2744      -2.129472    
         128   248.2803      -785.2746      -2.129472    
         129   248.2803      -785.2748      -2.129472    
         130   248.2803      -785.2750      -2.129472    
         131   248.2803      -785.2753      -2.129476    
         132   248.2803      -785.2755      -2.129476    
         133   248.2803      -785.2758      -2.129476    
         134   248.2803      -785.2760      -2.129476    
         135   248.2803      -785.2763      -2.129476    
         136   248.2803      -785.2765      -2.129476    
         137   248.2803      -785.2768      -2.129480    
         138   248.2803      -785.2771      -2.129480    
         139   248.2803      -785.2774      -2.129480    
         140   248.2803      -785.2778      -2.129480    
         141   248.2803      -785.2781      -2.129480    
         142   248.2803      -785.2786      -2.129484    
         143   248.2803      -785.2794      -2.129484    
         144   248.2803      -785.2802      -2.129488    
         145   248.2804      -785.2811      -2.129492    
         146   248.2804      -785.2820      -2.129492    
         147   248.2804      -785.2830      -2.129496    
         148   248.2804      -785.2840      -2.129500    
         149   248.2804      -785.2850      -2.129500    
         150   248.2804      -785.2862      -2.129504    
         151   248.2804      -785.2874      -2.129508    
         152   248.2804      -785.2886      -2.129512    
         153   248.2804      -785.2899      -2.129516    
         154   248.2804      -785.2926      -2.129520    
         155   248.2804      -785.2961      -2.129531    
         156   248.2804      -785.2999      -2.129539    
         157   248.2804      -785.3040      -2.129551    
         158   248.2804      -785.3083      -2.129563    
         159   248.2804      -785.3176      -2.129591    
         160   248.2804      -785.3291      -2.129622    
         161   248.2804      -785.3488      -2.129673    
         162   248.2804      -785.3860      -2.129776    
         163   248.2803      -785.4899      -2.130055    
         164   248.2706      -795.8375      -2.158118    
         165   248.2591      -815.7395      -2.212087    
         166   248.2659      -829.7591      -2.250102    
         167   248.2998      -856.5963      -2.322878    
         168   248.3525      -878.5777      -2.382488    
         169   248.4234      -893.1774      -2.422079    
         170   248.5088      -898.6486      -2.436913    
         171   248.5278      -898.5302      -2.436594    
         172   248.5542      -897.7072      -2.434362    
         173   248.5804      -896.0707      -2.429925    
         174   248.6097      -893.3506      -2.422547    
         175   248.6401      -889.5561      -2.412260    
         176   248.6701      -884.9129      -2.399665    
         177   248.7089      -877.3382      -2.379126    
         178   248.7282      -872.8583      -2.366980    
         179   248.7626      -863.8746      -2.342618    
         180   248.7849      -857.2721      -2.324713    
         181   248.8081      -849.6464      -2.304031    
         182   248.8110      -848.5385      -2.301028    
         183   248.8324      -840.7401      -2.279882    
         184   248.8490      -833.8971      -2.261327    
         185   248.8618      -828.3735      -2.246346    
         186   248.8862      -817.2872      -2.216283    
         187   248.9028      -809.1083      -2.194103    
         188   248.9402      -788.1916      -2.137382    
         189   248.9633      -774.1860      -2.099401    
         190   249.0165      -735.7437      -1.995157    
         191   249.0549      -704.5106      -1.910461    
         192   249.1081      -656.0781      -1.779122    
         193   249.1681      -596.7928      -1.618354    
         194   249.3101      -424.5842      -1.151370    
         195   249.5385      -78.06642     -0.2116968    
         196   249.5579      -45.25422     -0.1227165    
         197   249.5647      -33.21155     -9.0062991E-02
         198   249.5753      -15.76663     -4.2755906E-02
         199   249.5801      -5.081028     -1.3779528E-02
         5        62        27         0         3    0.001104   -0.022222  248.279526 -785.606689   -2.130374   -0.222671    0.446037  780.529602
  
    3    1     248.27425    -603.35059     248.27425    -603.35059      -1.85216      -1.85216
    3    2     248.27425    -603.34668     248.27425    -603.35547      -1.85215      -1.85218
    3    3     248.27428    -603.33508     248.27422    -603.37036      -1.85211      -1.85222
    3    4     248.27431    -603.31598     248.27419    -603.39478      -1.85206      -1.85230
    3    5     248.27434    -603.28961     248.27412    -603.42853      -1.85197      -1.85240
    3    6     248.27440    -603.25653     248.27406    -603.47089      -1.85187      -1.85253
    3    7     248.27446    -603.21735     248.27399    -603.52118      -1.85175      -1.85269
    3    8     248.27452    -603.17261     248.27390    -603.57849      -1.85162      -1.85286
    3    9     248.27460    -603.12329     248.27380    -603.64203      -1.85146      -1.85306
    3   10     248.27469    -603.07001     248.27370    -603.71051      -1.85130      -1.85327
    3   11     248.27478    -603.01385     248.27359    -603.78296      -1.85113      -1.85349
    3   12     248.27487    -602.95575     248.27348    -603.85809      -1.85095      -1.85372
    3   13     248.27496    -602.89661     248.27336    -603.93457      -1.85077      -1.85395
    3   14     248.27505    -602.83765     248.27325    -604.01123      -1.85059      -1.85419
    3   15     248.27956    -600.28876     248.26881    -607.45905      -1.84276      -1.86477
    3   16     248.28960    -595.66718     248.26309    -614.40771      -1.82857      -1.88610
    3   17     248.30710    -589.74176     248.26181    -624.83386      -1.81039      -1.91811
    3   18     248.33087    -582.43494     248.26950    -638.14429      -1.78795      -1.95897
    3   19     248.35968    -573.56024     248.28670    -653.57996      -1.76071      -2.00636
    3   20     248.39307    -563.17639     248.31712    -669.89502      -1.72884      -2.05644
    3   21     248.43002    -551.17798     248.36400    -685.14624      -1.69200      -2.10326
    3   22     248.46980    -537.53223     248.42838    -696.51501      -1.65011      -2.13816
    3   23     248.51190    -522.31726     248.50682    -701.02832      -1.60340      -2.15201
    3   24     248.55603    -505.66306     248.59190    -697.75385      -1.55228      -2.14196
    3   25     248.60271    -487.95129     248.67731    -687.43097      -1.49791      -2.11027
    3   26     248.65125    -469.11707     248.75850    -670.81793      -1.44009      -2.05927
    3   27     248.70137    -449.35272     248.83232    -648.81952      -1.37942      -1.99174
    3   28     248.75319    -428.86926     248.89885    -622.93042      -1.31654      -1.91227
    3   29     248.80507    -407.41141     248.95790    -594.00122      -1.25067      -1.82346
    3   30     248.85686    -385.15930     249.01161    -563.08148      -1.18236      -1.72854
    3   31     248.90842    -362.28278     249.06079    -530.72131      -1.11213      -1.62920
    3   32     248.95946    -338.90015     249.10631    -497.36713      -1.04035      -1.52681
    3   33     249.00981    -315.16531     249.14908    -463.40991      -0.96749      -1.42257
    3   34     249.05951    -291.27502     249.18956    -429.14920      -0.89415      -1.31740
    3   35     249.10794    -267.28812     249.22789    -394.83304      -0.82052      -1.21206
    3   36     249.15482    -243.32314     249.26410    -360.66678      -0.74695      -1.10717
    3   37     249.19981    -219.49860     249.29831    -326.86810      -0.67382      -1.00342
    3   38     249.24277    -195.96736     249.33061    -293.65625      -0.60158      -0.90146
    3   39     249.28348    -172.87325     249.36115    -261.24857      -0.53068      -0.80198
    3   40     249.32164    -150.33980     249.38997    -229.86099      -0.46151      -0.70563
    3   41     249.35738    -128.57176     249.41718    -199.70619      -0.39469      -0.61306
    3   42     249.39064    -107.73928     249.44345    -171.00864      -0.33074      -0.52496
    3   43     249.42139     -87.99557     249.46858    -143.96588      -0.27013      -0.44195
    3   44     249.44957     -69.52003     249.49146    -118.75043      -0.21341      -0.36455
    3   45     249.47520     -52.47128     249.51198     -95.55350      -0.16108      -0.29333
    3   46     249.49808     -36.98833     249.53006     -74.56371      -0.11355      -0.22890
    3   47     249.51923     -22.41306     249.54567     -55.96643      -0.06880      -0.17181
    3   48     249.53540     -11.14917     249.55870     -39.78876      -0.03423      -0.12214
    3   49     249.54964      -1.24251     249.56993     -26.46701      -0.00381      -0.08125
    3   50     249.56267       5.53572     249.57877     -16.05623       0.01699      -0.04929
    3   51     249.57971       5.28047     249.58447      -8.44355       0.01621      -0.02592
    3   52     249.62683      -4.90955     249.58725      -4.57692      -0.01507      -0.01405
    3   53     249.63213      -6.19540     249.58774      -3.87439      -0.01902      -0.01189
    3   54     249.63393      -6.79506     249.58817      -3.28059      -0.02086      -0.01007
    3   55     249.63271      -6.80250     249.58850      -2.78894      -0.02088      -0.00856
    3   56     249.62914      -6.34241     249.58876      -2.38854      -0.01947      -0.00733
    3   57     249.62396      -5.55341     249.58897      -2.06497      -0.01704      -0.00634
    3   58     249.61789      -4.57267     249.58914      -1.80461      -0.01403      -0.00554
    3   59     249.61157      -3.52369     249.58928      -1.59474      -0.01081      -0.00489
    3   60     249.60555      -2.50832     249.58937      -1.42582      -0.00770      -0.00438
    3   61     249.60020      -1.60348     249.58946      -1.29119      -0.00492      -0.00396
    3   62     249.59586      -0.86190     249.58952      -1.18743      -0.00264      -0.00364
    3   63     249.59267      -0.31600     249.58957      -1.11296      -0.00097      -0.00342
    3   64     249.59071       0.01672     249.58958      -1.06813       0.00005      -0.00328
    3   65     249.59006       0.12835     249.58960      -1.05307       0.00039      -0.00323
 
    K    I     XS1       YS1       XS2       YS2       ZS1       ZS2
    3    1     248.27425    -603.35059     248.27425    -603.35059      -1.85216      -1.85216
    3    2     248.27425    -603.34668     248.27425    -603.35547      -1.85215      -1.85218
    3    3     248.27428    -603.33508     248.27422    -603.37036      -1.85211      -1.85222
    3    4     248.27431    -603.31598     248.27419    -603.39478      -1.85206      -1.85230
    3    5     248.27434    -603.28961     248.27412    -603.42853      -1.85197      -1.85240
    3    6     248.27440    -603.25653     248.27406    -603.47089      -1.85187      -1.85253
    3    7     248.27446    -603.21735     248.27399    -603.52118      -1.85175      -1.85269
    3    8     248.27452    -603.17261     248.27390    -603.57849      -1.85162      -1.85286
    3    9     248.27460    -603.12329     248.27380    -603.64203      -1.85146      -1.85306
    3   10     248.27469    -603.07001     248.27370    -603.71051      -1.85130      -1.85327
    3   11     248.27478    -603.01385     248.27359    -603.78296      -1.85113      -1.85349
    3   12     248.27487    -602.95575     248.27348    -603.85809      -1.85095      -1.85372
    3   13     248.27496    -602.89661     248.27336    -603.93457      -1.85077      -1.85395
    3   14     248.27505    -602.83765     248.27325    -604.01123      -1.85059      -1.85419
    3   15     248.27956    -600.28876     248.26881    -607.45905      -1.84276      -1.86477
    3   16     248.28960    -595.66718     248.26309    -614.40771      -1.82857      -1.88610
    3   17     248.30710    -589.74176     248.26181    -624.83386      -1.81039      -1.91811
    3   18     248.33087    -582.43494     248.26950    -638.14429      -1.78795      -1.95897
    3   19     248.35968    -573.56024     248.28670    -653.57996      -1.76071      -2.00636
    3   20     248.39307    -563.17639     248.31712    -669.89502      -1.72884      -2.05644
    3   21     248.43002    -551.17798     248.36400    -685.14624      -1.69200      -2.10326
    3   22     248.46980    -537.53223     248.42838    -696.51501      -1.65011      -2.13816
    3   23     248.51190    -522.31726     248.50682    -701.02832      -1.60340      -2.15201
    3   24     248.55603    -505.66306     248.59190    -697.75385      -1.55228      -2.14196
    3   25     248.60271    -487.95129     248.67731    -687.43097      -1.49791      -2.11027
    3   26     248.65125    -469.11707     248.75850    -670.81793      -1.44009      -2.05927
    3   27     248.70137    -449.35272     248.83232    -648.81952      -1.37942      -1.99174
    3   28     248.75319    -428.86926     248.89885    -622.93042      -1.31654      -1.91227
    3   29     248.80507    -407.41141     248.95790    -594.00122      -1.25067      -1.82346
    3   30     248.85686    -385.15930     249.01161    -563.08148      -1.18236      -1.72854
    3   31     248.90842    -362.28278     249.06079    -530.72131      -1.11213      -1.62920
    3   32     248.95946    -338.90015     249.10631    -497.36713      -1.04035      -1.52681
    3   33     249.00981    -315.16531     249.14908    -463.40991      -0.96749      -1.42257
    3   34     249.05951    -291.27502     249.18956    -429.14920      -0.89415      -1.31740
    3   35     249.10794    -267.28812     249.22789    -394.83304      -0.82052      -1.21206
    3   36     249.15482    -243.32314     249.26410    -360.66678      -0.74695      -1.10717
    3   37     249.19981    -219.49860     249.29831    -326.86810      -0.67382      -1.00342
    3   38     249.24277    -195.96736     249.33061    -293.65625      -0.60158      -0.90146
    3   39     249.28348    -172.87325     249.36115    -261.24857      -0.53068      -0.80198
    3   40     249.32164    -150.33980     249.38997    -229.86099      -0.46151      -0.70563
    3   41     249.35738    -128.57176     249.41718    -199.70619      -0.39469      -0.61306
    3   42     249.39064    -107.73928     249.44345    -171.00864      -0.33074      -0.52496
    3   43     249.42139     -87.99557     249.46858    -143.96588      -0.27013      -0.44195
    3   44     249.44957     -69.52003     249.49146    -118.75043      -0.21341      -0.36455
    3   45     249.47520     -52.47128     249.51198     -95.55350      -0.16108      -0.29333
    3   46     249.49808     -36.98833     249.53006     -74.56371      -0.11355      -0.22890
    3   47     249.51923     -22.41306     249.54567     -55.96643      -0.06880      -0.17181
    3   48     249.53540     -11.14917     249.55870     -39.78876      -0.03423      -0.12214
    3   49     249.54964      -1.24251     249.56993     -26.46701      -0.00381      -0.08125
    3   50     249.56267       5.53572     249.57877     -16.05623       0.01699      -0.04929
    3   51     249.57971       5.28047     249.58447      -8.44355       0.01621      -0.02592
    3   52     249.62683      -4.90955     249.58725      -4.57692      -0.01507      -0.01405
    3   53     249.63213      -6.19540     249.58774      -3.87439      -0.01902      -0.01189
    3   54     249.63393      -6.79506     249.58817      -3.28059      -0.02086      -0.01007
    3   55     249.63271      -6.80250     249.58850      -2.78894      -0.02088      -0.00856
    3   56     249.62914      -6.34241     249.58876      -2.38854      -0.01947      -0.00733
    3   57     249.62396      -5.55341     249.58897      -2.06497      -0.01704      -0.00634
    3   58     249.61789      -4.57267     249.58914      -1.80461      -0.01403      -0.00554
    3   59     249.61157      -3.52369     249.58928      -1.59474      -0.01081      -0.00489
    3   60     249.60555      -2.50832     249.58937      -1.42582      -0.00770      -0.00438
    3   61     249.60020      -1.60348     249.58946      -1.29119      -0.00492      -0.00396
    3   62     249.59586      -0.86190     249.58952      -1.18743      -0.00264      -0.00364
    3   63     249.59267      -0.31600     249.58957      -1.11296      -0.00097      -0.00342
    3   64     249.59071       0.01672     249.58958      -1.06813       0.00005      -0.00328
    3   65     249.59006       0.12835     249.58960      -1.05307       0.00039      -0.00323
 COMPLETE BLADEXYRGD 
 
 IN AIRFOILOT: GENERATE A IMPROVE AIRFOIL DEFINITION
               CREATING A SECTION FILE
 before INTERCIPT          41           1           5
 IN INTERCIPT          65          65           5          41          81
 IN INTERCIPT WITH OSPAN =          41
 OUT OF INTERCIPT
 IN TRANSFORM          81          41          65
 OUT TRANSFORM          81          41
  
 IN BLADENEW: GENERATE THE NODE DISTRIBUTION
                ALONE EACH AIRFOIL SECTION
 **** ity =           1
 J    IGRID    RMN       LED      LEMA       LEWA       TED      TEMA      TEWA
    1    1 -13.95104********** -82.07735**********       NaN       NaN       NaN
    2    1 -14.02277********** -82.95287**********       NaN       NaN**********
    3    1 -14.09450********** -83.65485**********       NaN       NaN**********
    4    1 -14.25008********** -84.23009**********       NaN       NaN**********
    5    1 -14.32220********** -84.70995**********       NaN       NaN**********
    6    1 -14.47985-460.39526 -85.116327614.06445       NaN       NaN**********
    7    1 -14.63924 515.87335 -85.464837612.17285       NaN       NaN**********
    8    1 -14.800361319.35242 -85.766997114.72314       NaN       NaN**********
    9    1 -14.963311901.91028 -86.031467146.50537       NaN       NaN**********
   10    1 -15.220102244.39966 -86.26488 260.39990       NaN       NaN**********
   11    1 -15.388142355.30103 -86.472401807.68115       NaN       NaN**********
   12    1 -15.558092267.25146 -86.658097593.33057       NaN       NaN**********
   13    1 -15.827582030.74219 -86.825237633.99658       NaN       NaN**********
   14    1 -16.003051705.05957 -86.976467625.90771       NaN       NaN**********
   15    1 -16.180501348.01501 -87.113957620.88281       NaN       NaN**********
   16    1 -16.463631006.98792 -87.239497844.40479       NaN       NaN**********
   17    1 -16.64696 713.54590 -87.354587268.20508       NaN       NaN**********
   18    1 -16.94076 482.55969 -87.460455562.13965       NaN       NaN**********
   19    1 -17.13026 315.09808 -87.558185513.76172       NaN       NaN**********
   20    1 -17.32206 203.31203 -87.648675454.02637       NaN       NaN**********
   21    1 -17.63133 135.37572 -87.732717676.74854       NaN       NaN**********
   22    1 -17.82976  99.16313 -87.810947534.93359       NaN       NaN**********
   23    1 -18.15112  84.22225 -87.883967576.66309       NaN       NaN**********
   24    1 -18.35653  82.32686 -87.952268702.60449       NaN       NaN**********
   25    1 -18.69074  87.22248 -88.016309227.27051       NaN       NaN**********
   26    1 -18.90355  94.16212 -88.076459349.48828       NaN       NaN**********
   27    1 -19.25132  99.59663 -88.133069706.56836       NaN       NaN**********
   28    1 -19.47195 101.10944 -88.186449712.30176       NaN       NaN**********
   29    1 -17.47368  97.48400 -88.236859129.31836       NaN       NaN**********
   30    1 -17.51601  88.72034 -88.284537060.70703       NaN       NaN**********
   31    1 -17.55829  75.86527 -88.32971**********       NaN       NaN**********
   32    1 -17.60050  60.63783 -88.37257**********       NaN       NaN**********
   33    1 -17.64263  44.94381 -88.41328**********       NaN       NaN**********
   34    1 -17.68460  30.42707 -88.45201**********       NaN       NaN**********
   35    1 -17.72645  18.18146 -88.48888**********       NaN       NaN**********
   36    1 -17.76823   8.67223 -88.52406**********       NaN       NaN**********
   37    1 -17.80969   1.83482 -88.55762**********       NaN       NaN**********
   38    1 -17.85090  -2.73018 -88.58969**********       NaN       NaN**********
   39    1 -17.89180  -5.55093 -88.62038**********       NaN       NaN**********
   40    1 -17.93237  -7.12361 -88.64974**********       NaN       NaN**********
   41    1 -17.97255  -7.81457 -88.67789**********       NaN       NaN**********
 WARNING: HAVE PROBLEM IN DEFINING LEADING AND TRAILING EDGE
 MESH GENERATION STOP WITH NANN =          41
